% Tiempo en UTC
% *Espacios sin datos estan marcados con NaN (not a number)
%año  mes dia hora min sec BV(volts) Temp DO Q
%
2025  1 15 18  5  0 2.82 17.459 9.078 1.004
2025  1 15 18 10  0 2.82 17.340 9.164 1.004
2025  1 15 18 15  0 2.82 17.594 9.114 1.004
2025  1 15 18 20  0 2.82 17.636 9.097 1.005
2025  1 15 18 25  0 2.82 17.814 9.079 1.005
2025  1 15 18 30  0 2.83 18.050 9.040 1.005
2025  1 15 18 35  0 2.83 18.059 9.026 1.004
2025  1 15 18 40  0 2.83 18.084 9.045 1.005
2025  1 15 18 45  0 2.83 18.152 9.033 1.005
2025  1 15 18 50  0 2.83 18.084 9.050 1.005
2025  1 15 18 55  0 2.83 18.067 9.042 1.004
2025  1 15 19  0  0 2.83 18.025 9.052 1.006
2025  1 15 19  5  0 2.83 18.480 -3.596 0.000
2025  1 15 19 10  0 2.83 19.363 9.606 0.241
2025  1 15 19 15  0 2.83 18.951 8.641 1.003
2025  1 15 19 20  0 2.83 17.560 8.978 1.004
2025  1 15 19 25  0 2.83 16.500 -3.828 0.000
2025  1 15 19 30  0 2.83 16.031 9.165 1.003
2025  1 15 19 35  0 2.83 14.111 9.510 1.003
2025  1 15 19 40  0 2.84 12.622 9.945 1.006
2025  1 15 19 45  0 2.84 11.939 10.144 1.005
2025  1 15 19 50  0 2.84 11.196 10.289 1.005
2025  1 15 19 55  0 2.84 10.180 10.500 1.006
2025  1 15 20  0  0 2.84 9.436 10.677 1.006
2025  1 15 20  5  0 2.84 8.926 10.726 1.006
2025  1 15 20 10  0 2.85 7.864 11.044 1.006
2025  1 15 20 15  0 2.84 8.805 10.813 1.005
2025  1 15 20 20  0 2.84 9.205 10.733 1.006
2025  1 15 20 25  0 2.84 9.316 10.937 1.009
2025  1 15 20 30  0 2.84 9.584 10.686 1.005
2025  1 15 20 35  0 2.85 9.066 10.780 1.006
2025  1 15 20 40  0 2.84 8.646 10.939 1.006
2025  1 15 20 45  0 2.84 8.749 10.928 1.006
2025  1 15 20 50  0 2.84 8.926 10.881 1.006
2025  1 15 20 55  0 2.84 9.066 10.839 1.006
2025  1 15 21  0  0 2.84 9.205 10.770 1.006
2025  1 15 21  5  0 2.84 9.233 10.768 1.005
2025  1 15 21 10  0 2.84 9.251 10.764 1.006
2025  1 15 21 15  0 2.84 9.205 10.776 1.006
2025  1 15 21 20  0 2.84 9.205 10.774 1.006
2025  1 15 21 25  0 2.84 9.260 10.768 1.006
2025  1 15 21 30  0 2.84 9.214 10.764 1.004
2025  1 15 21 35  0 2.85 9.103 10.797 1.005
2025  1 15 21 40  0 2.84 8.991 10.818 1.004
2025  1 15 21 45  0 2.84 8.907 10.843 1.004
2025  1 15 21 50  0 2.84 8.823 10.887 1.005
2025  1 15 21 55  0 2.84 8.758 10.879 1.005
2025  1 15 22  0  0 2.84 8.674 10.915 1.005
2025  1 15 22  5  0 2.84 8.580 10.937 1.005
2025  1 15 22 10  0 2.84 8.496 10.967 1.005
2025  1 15 22 15  0 2.84 8.411 10.978 1.004
2025  1 15 22 20  0 2.84 8.402 10.984 1.004
2025  1 15 22 25  0 2.84 8.383 10.987 1.004
2025  1 15 22 30  0 2.84 8.393 10.999 1.005
2025  1 15 22 35  0 2.84 8.393 10.977 1.004
2025  1 15 22 40  0 2.84 8.402 10.989 1.005
2025  1 15 22 45  0 2.84 8.364 11.001 1.005
2025  1 15 22 50  0 2.84 8.374 10.982 1.004
2025  1 15 22 55  0 2.84 8.336 11.002 1.004
2025  1 15 23  0  0 2.84 8.298 11.017 1.005
2025  1 15 23  5  0 2.84 8.308 11.011 1.004
2025  1 15 23 10  0 2.84 8.280 11.033 1.005
2025  1 15 23 15  0 2.84 8.233 11.041 1.005
2025  1 15 23 20  0 2.84 8.261 11.035 1.005
2025  1 15 23 25  0 2.84 8.242 11.034 1.005
2025  1 15 23 30  0 2.84 8.251 11.026 1.004
2025  1 15 23 35  0 2.84 8.204 11.039 1.004
2025  1 15 23 40  0 2.84 8.195 11.067 1.005
2025  1 15 23 45  0 2.85 8.157 11.064 1.005
2025  1 15 23 50  0 2.85 8.148 11.083 1.005
2025  1 15 23 55  0 2.85 8.148 11.059 1.004
2025  1 16  0  0  0 2.85 8.100 11.100 1.005
2025  1 16  0  5  0 2.85 8.063 11.085 1.004
2025  1 16  0 10  0 2.85 8.015 11.092 1.004
2025  1 16  0 15  0 2.85 8.006 11.094 1.005
2025  1 16  0 20  0 2.85 8.015 11.096 1.004
2025  1 16  0 25  0 2.85 7.968 11.119 1.005
2025  1 16  0 30  0 2.85 7.940 11.137 1.005
2025  1 16  0 35  0 2.85 7.921 11.132 1.004
2025  1 16  0 40  0 2.85 7.902 11.133 1.005
2025  1 16  0 45  0 2.85 7.845 11.158 1.006
2025  1 16  0 50  0 2.85 7.778 11.169 1.006
2025  1 16  0 55  0 2.84 7.702 11.208 1.006
2025  1 16  1  0  0 2.84 7.645 11.217 1.006
2025  1 16  1  5  0 2.84 7.617 11.230 1.006
2025  1 16  1 10  0 2.84 7.559 11.233 1.006
2025  1 16  1 15  0 2.84 7.502 11.242 1.006
2025  1 16  1 20  0 2.84 7.464 11.254 1.006
2025  1 16  1 25  0 2.84 7.435 11.263 1.006
2025  1 16  1 30  0 2.84 7.397 11.278 1.006
2025  1 16  1 35  0 2.84 7.368 11.286 1.006
2025  1 16  1 40  0 2.84 7.321 11.303 1.006
2025  1 16  1 45  0 2.84 7.282 11.314 1.006
2025  1 16  1 50  0 2.84 7.253 11.321 1.006
2025  1 16  1 55  0 2.84 7.205 11.349 1.006
2025  1 16  2  0  0 2.85 7.186 11.336 1.006
2025  1 16  2  5  0 2.85 7.129 11.352 1.006
2025  1 16  2 10  0 2.85 7.100 11.363 1.006
2025  1 16  2 15  0 2.85 7.061 11.367 1.006
2025  1 16  2 20  0 2.85 7.032 11.375 1.006
2025  1 16  2 25  0 2.85 6.994 11.386 1.005
2025  1 16  2 30  0 2.85 6.955 11.410 1.006
2025  1 16  2 35  0 2.85 6.898 11.438 1.006
2025  1 16  2 40  0 2.85 6.878 11.433 1.006
2025  1 16  2 45  0 2.85 6.811 11.444 1.006
2025  1 16  2 50  0 2.85 6.753 11.470 1.006
2025  1 16  2 55  0 2.85 6.724 11.484 1.006
2025  1 16  3  0  0 2.85 6.704 11.482 1.006
2025  1 16  3  5  0 2.85 6.617 11.516 1.006
2025  1 16  3 10  0 2.85 6.568 11.523 1.006
2025  1 16  3 15  0 2.85 6.559 11.528 1.006
2025  1 16  3 20  0 2.85 6.500 11.559 1.006
2025  1 16  3 25  0 2.85 6.471 11.553 1.006
2025  1 16  3 30  0 2.84 6.403 11.568 1.006
2025  1 16  3 35  0 2.84 6.374 11.577 1.006
2025  1 16  3 40  0 2.84 6.354 11.566 1.006
2025  1 16  3 45  0 2.84 6.325 11.580 1.005
2025  1 16  3 50  0 2.84 6.296 11.590 1.006
2025  1 16  3 55  0 2.84 6.247 11.606 1.006
2025  1 16  4  0  0 2.84 6.218 11.613 1.006
2025  1 16  4  5  0 2.84 6.198 11.632 1.006
2025  1 16  4 10  0 2.84 6.149 11.623 1.005
2025  1 16  4 15  0 2.85 6.100 11.651 1.006
2025  1 16  4 20  0 2.85 6.090 11.650 1.005
2025  1 16  4 25  0 2.85 6.061 11.658 1.006
2025  1 16  4 30  0 2.85 6.041 11.665 1.005
2025  1 16  4 35  0 2.85 6.012 11.665 1.005
2025  1 16  4 40  0 2.85 5.992 11.681 1.005
2025  1 16  4 45  0 2.85 5.963 11.684 1.005
2025  1 16  4 50  0 2.85 5.943 11.705 1.006
2025  1 16  4 55  0 2.85 5.943 11.687 1.005
2025  1 16  5  0  0 2.85 5.924 11.708 1.006
2025  1 16  5  5  0 2.85 5.933 11.697 1.006
2025  1 16  5 10  0 2.85 5.924 11.690 1.005
2025  1 16  5 15  0 2.85 5.914 11.700 1.005
2025  1 16  5 20  0 2.85 5.904 11.708 1.006
2025  1 16  5 25  0 2.85 5.884 11.711 1.005
2025  1 16  5 30  0 2.85 5.865 11.712 1.005
2025  1 16  5 35  0 2.85 5.874 11.695 1.005
2025  1 16  5 40  0 2.85 5.855 11.711 1.005
2025  1 16  5 45  0 2.85 5.855 11.717 1.006
2025  1 16  5 50  0 2.85 5.835 11.724 1.005
2025  1 16  5 55  0 2.85 5.835 11.722 1.005
2025  1 16  6  0  0 2.85 5.806 11.740 1.006
2025  1 16  6  5  0 2.85 5.825 11.739 1.006
2025  1 16  6 10  0 2.85 5.806 11.727 1.005
2025  1 16  6 15  0 2.85 5.796 11.735 1.005
2025  1 16  6 20  0 2.85 5.786 11.744 1.005
2025  1 16  6 25  0 2.85 5.786 11.732 1.005
2025  1 16  6 30  0 2.85 5.776 11.740 1.005
2025  1 16  6 35  0 2.85 5.766 11.745 1.005
2025  1 16  6 40  0 2.85 5.746 11.756 1.006
2025  1 16  6 45  0 2.85 5.697 11.766 1.006
2025  1 16  6 50  0 2.85 5.697 11.775 1.006
2025  1 16  6 55  0 2.85 5.667 11.769 1.005
2025  1 16  7  0  0 2.85 5.648 11.778 1.005
2025  1 16  7  5  0 2.85 5.618 11.782 1.005
2025  1 16  7 10  0 2.85 5.559 11.807 1.005
2025  1 16  7 15  0 2.85 5.539 11.829 1.006
2025  1 16  7 20  0 2.85 5.499 11.841 1.006
2025  1 16  7 25  0 2.85 5.499 11.814 1.005
2025  1 16  7 30  0 2.85 5.470 11.846 1.006
2025  1 16  7 35  0 2.85 5.470 11.827 1.005
2025  1 16  7 40  0 2.85 5.440 11.835 1.005
2025  1 16  7 45  0 2.85 5.400 11.837 1.005
2025  1 16  7 50  0 2.85 5.400 11.849 1.005
2025  1 16  7 55  0 2.85 5.400 11.843 1.005
2025  1 16  8  0  0 2.85 5.360 11.859 1.005
2025  1 16  8  5  0 2.85 5.400 11.850 1.005
2025  1 16  8 10  0 2.85 5.380 11.856 1.005
2025  1 16  8 15  0 2.85 5.390 11.844 1.005
2025  1 16  8 20  0 2.85 5.380 11.841 1.005
2025  1 16  8 25  0 2.85 5.380 11.855 1.005
2025  1 16  8 30  0 2.85 5.380 11.846 1.005
2025  1 16  8 35  0 2.85 5.380 11.853 1.005
2025  1 16  8 40  0 2.85 5.360 11.856 1.005
2025  1 16  8 45  0 2.85 5.370 11.856 1.005
2025  1 16  8 50  0 2.85 5.390 11.840 1.005
2025  1 16  8 55  0 2.85 5.400 11.830 1.004
2025  1 16  9  0  0 2.85 5.390 11.839 1.004
2025  1 16  9  5  0 2.85 5.400 11.847 1.005
2025  1 16  9 10  0 2.85 5.400 11.846 1.005
2025  1 16  9 15  0 2.85 5.410 11.849 1.005
2025  1 16  9 20  0 2.85 5.400 11.852 1.005
2025  1 16  9 25  0 2.85 5.410 11.854 1.005
2025  1 16  9 30  0 2.85 5.450 11.839 1.005
2025  1 16  9 35  0 2.85 5.450 11.851 1.005
2025  1 16  9 40  0 2.85 5.440 11.825 1.004
2025  1 16  9 45  0 2.85 5.450 11.842 1.005
2025  1 16  9 50  0 2.85 5.460 11.837 1.005
2025  1 16  9 55  0 2.85 5.460 11.831 1.004
2025  1 16 10  0  0 2.85 5.489 11.833 1.005
2025  1 16 10  5  0 2.85 5.489 11.845 1.005
2025  1 16 10 10  0 2.85 5.489 11.839 1.005
2025  1 16 10 15  0 2.85 5.499 11.843 1.005
2025  1 16 10 20  0 2.85 5.509 11.837 1.005
2025  1 16 10 25  0 2.85 5.529 11.834 1.005
2025  1 16 10 30  0 2.85 5.549 11.821 1.005
2025  1 16 10 35  0 2.85 5.569 11.813 1.005
2025  1 16 10 40  0 2.85 5.579 11.811 1.005
2025  1 16 10 45  0 2.85 5.588 11.809 1.005
2025  1 16 10 50  0 2.85 5.588 11.813 1.005
2025  1 16 10 55  0 2.85 5.648 11.783 1.005
2025  1 16 11  0  0 2.85 5.667 11.782 1.005
2025  1 16 11  5  0 2.85 5.697 11.781 1.005
2025  1 16 11 10  0 2.85 5.707 11.775 1.005
2025  1 16 11 15  0 2.85 5.746 11.748 1.004
2025  1 16 11 20  0 2.85 5.806 11.734 1.004
2025  1 16 11 25  0 2.85 5.825 11.740 1.005
2025  1 16 11 30  0 2.85 5.845 11.737 1.005
2025  1 16 11 35  0 2.85 5.904 11.723 1.005
2025  1 16 11 40  0 2.85 5.953 11.700 1.005
2025  1 16 11 45  0 2.85 6.002 11.710 1.006
2025  1 16 11 50  0 2.85 6.061 11.661 1.004
2025  1 16 11 55  0 2.85 6.100 11.653 1.005
2025  1 16 12  0  0 2.84 6.169 11.644 1.005
2025  1 16 12  5  0 2.84 6.208 11.624 1.005
2025  1 16 12 10  0 2.84 6.267 11.605 1.004
2025  1 16 12 15  0 2.84 6.325 11.595 1.005
2025  1 16 12 20  0 2.84 6.403 11.565 1.005
2025  1 16 12 25  0 2.85 6.461 11.551 1.005
2025  1 16 12 30  0 2.85 6.510 11.542 1.005
2025  1 16 12 35  0 2.85 6.588 11.522 1.005
2025  1 16 12 40  0 2.85 6.656 11.513 1.005
2025  1 16 12 45  0 2.85 6.753 11.486 1.006
2025  1 16 12 50  0 2.85 6.830 11.459 1.005
2025  1 16 12 55  0 2.85 6.907 11.434 1.005
2025  1 16 13  0  0 2.85 6.994 11.416 1.005
2025  1 16 13  5  0 2.85 7.023 11.422 1.006
2025  1 16 13 10  0 2.85 7.061 11.410 1.005
2025  1 16 13 15  0 2.85 7.148 11.384 1.005
2025  1 16 13 20  0 2.84 7.186 11.369 1.005
2025  1 16 13 25  0 2.84 7.234 11.361 1.005
2025  1 16 13 30  0 2.84 7.273 11.352 1.005
2025  1 16 13 35  0 2.84 7.282 11.339 1.005
2025  1 16 13 40  0 2.84 7.330 11.332 1.005
2025  1 16 13 45  0 2.84 7.368 11.312 1.005
2025  1 16 13 50  0 2.84 7.407 11.312 1.005
2025  1 16 13 55  0 2.84 7.445 11.307 1.005
2025  1 16 14  0  0 2.84 7.483 11.284 1.005
2025  1 16 14  5  0 2.84 7.550 11.258 1.005
2025  1 16 14 10  0 2.84 7.607 11.253 1.005
2025  1 16 14 15  0 2.84 7.664 11.225 1.005
2025  1 16 14 20  0 2.85 7.731 11.214 1.005
2025  1 16 14 25  0 2.85 7.788 11.211 1.005
2025  1 16 14 30  0 2.85 7.864 11.184 1.005
2025  1 16 14 35  0 2.85 7.959 11.155 1.005
2025  1 16 14 40  0 2.85 8.025 11.123 1.005
2025  1 16 14 45  0 2.85 8.082 11.115 1.005
2025  1 16 14 50  0 2.85 8.138 11.103 1.005
2025  1 16 14 55  0 2.85 8.185 11.071 1.004
2025  1 16 15  0  0 2.85 8.233 11.072 1.005
2025  1 16 15  5  0 2.84 8.289 11.053 1.005
2025  1 16 15 10  0 2.84 8.327 11.061 1.006
2025  1 16 15 15  0 2.84 8.383 11.031 1.005
2025  1 16 15 20  0 2.84 8.449 11.012 1.005
2025  1 16 15 25  0 2.84 8.515 11.007 1.005
2025  1 16 15 30  0 2.84 8.562 10.992 1.005
2025  1 16 15 35  0 2.84 8.608 10.975 1.005
2025  1 16 15 40  0 2.84 8.665 10.961 1.005
2025  1 16 15 45  0 2.84 8.739 10.926 1.005
2025  1 16 15 50  0 2.84 8.805 10.916 1.005
2025  1 16 15 55  0 2.84 8.879 10.890 1.005
2025  1 16 16  0  0 2.85 8.973 10.876 1.005
2025  1 16 16  5  0 2.85 9.084 10.838 1.005
2025  1 16 16 10  0 2.85 9.158 10.817 1.005
2025  1 16 16 15  0 2.84 9.242 10.797 1.005
2025  1 16 16 20  0 2.84 9.362 10.772 1.005
2025  1 16 16 25  0 2.84 9.455 10.747 1.005
2025  1 16 16 30  0 2.84 9.565 10.699 1.004
2025  1 16 16 35  0 2.84 9.676 10.686 1.005
2025  1 16 16 40  0 2.84 9.796 10.641 1.005
2025  1 16 16 45  0 2.84 9.887 10.618 1.004
2025  1 16 16 50  0 2.84 9.988 10.598 1.005
2025  1 16 16 55  0 2.84 10.080 10.577 1.005
2025  1 16 17  0  0 2.84 10.217 10.537 1.005
2025  1 16 17  5  0 2.84 10.317 10.518 1.005
2025  1 16 17 10  0 2.84 10.408 10.497 1.005
2025  1 16 17 15  0 2.84 10.508 10.472 1.005
2025  1 16 17 20  0 2.84 10.626 10.446 1.005
2025  1 16 17 25  0 2.84 10.708 10.433 1.005
2025  1 16 17 30  0 2.84 10.789 10.410 1.005
2025  1 16 17 35  0 2.84 10.889 10.377 1.004
2025  1 16 17 40  0 2.84 10.961 10.365 1.005
2025  1 16 17 45  0 2.84 11.060 10.338 1.004
2025  1 16 17 50  0 2.84 11.142 10.312 1.004
2025  1 16 17 55  0 2.84 11.196 10.301 1.004
2025  1 16 18  0  0 2.84 11.294 10.292 1.005
2025  1 16 18  5  0 2.84 11.348 10.268 1.004
2025  1 16 18 10  0 2.84 11.429 10.245 1.004
2025  1 16 18 15  0 2.84 11.510 10.226 1.004
2025  1 16 18 20  0 2.84 11.617 10.203 1.004
2025  1 16 18 25  0 2.84 11.671 10.197 1.005
2025  1 16 18 30  0 2.84 11.778 10.158 1.004
2025  1 16 18 35  0 2.84 11.832 10.159 1.004
2025  1 16 18 40  0 2.84 11.939 10.121 1.004
2025  1 16 18 45  0 2.84 12.028 10.120 1.005
2025  1 16 18 50  0 2.84 12.099 10.091 1.004
2025  1 16 18 55  0 2.84 12.161 10.087 1.004
2025  1 16 19  0  0 2.84 12.214 10.077 1.005
2025  1 16 19  5  0 2.84 12.268 10.056 1.004
2025  1 16 19 10  0 2.84 12.330 10.059 1.005
2025  1 16 19 15  0 2.84 12.348 10.052 1.004
2025  1 16 19 20  0 2.84 12.410 10.036 1.004
2025  1 16 19 25  0 2.84 12.463 10.024 1.004
2025  1 16 19 30  0 2.84 12.480 10.029 1.004
2025  1 16 19 35  0 2.84 12.525 9.999 1.004
2025  1 16 19 40  0 2.84 12.489 10.030 1.004
2025  1 16 19 45  0 2.84 12.533 10.009 1.004
2025  1 16 19 50  0 2.84 12.507 10.023 1.004
2025  1 16 19 55  0 2.84 12.507 10.029 1.004
2025  1 16 20  0  0 2.84 12.516 10.021 1.004
2025  1 16 20  5  0 2.84 12.498 10.041 1.004
2025  1 16 20 10  0 2.84 12.454 10.063 1.005
2025  1 16 20 15  0 2.84 12.445 10.052 1.004
2025  1 16 20 20  0 2.84 12.410 10.076 1.004
2025  1 16 20 25  0 2.84 12.374 10.083 1.004
2025  1 16 20 30  0 2.84 12.365 10.090 1.005
2025  1 16 20 35  0 2.84 12.321 10.090 1.004
2025  1 16 20 40  0 2.84 12.294 10.085 1.004
2025  1 16 20 45  0 2.84 12.285 10.091 1.004
2025  1 16 20 50  0 2.84 12.250 10.096 1.004
2025  1 16 20 55  0 2.84 12.214 10.112 1.004
2025  1 16 21  0  0 2.84 12.197 10.118 1.004
2025  1 16 21  5  0 2.84 12.126 10.126 1.004
2025  1 16 21 10  0 2.84 12.108 10.144 1.004
2025  1 16 21 15  0 2.84 12.090 10.144 1.004
2025  1 16 21 20  0 2.84 12.001 10.168 1.004
2025  1 16 21 25  0 2.84 11.983 10.179 1.004
2025  1 16 21 30  0 2.84 11.939 10.194 1.005
2025  1 16 21 35  0 2.84 11.894 10.202 1.005
2025  1 16 21 40  0 2.84 11.850 10.190 1.004
2025  1 16 21 45  0 2.84 11.823 10.194 1.004
2025  1 16 21 50  0 2.84 11.778 10.211 1.004
2025  1 16 21 55  0 2.84 11.716 10.237 1.005
2025  1 16 22  0  0 2.84 11.680 10.233 1.004
2025  1 16 22  5  0 2.84 11.644 10.224 1.004
2025  1 16 22 10  0 2.84 11.573 10.270 1.005
2025  1 16 22 15  0 2.84 11.519 10.276 1.005
2025  1 16 22 20  0 2.84 11.465 10.297 1.005
2025  1 16 22 25  0 2.84 11.402 10.285 1.004
2025  1 16 22 30  0 2.84 11.366 10.319 1.005
2025  1 16 22 35  0 2.84 11.330 10.319 1.004
2025  1 16 22 40  0 2.84 11.277 10.322 1.004
2025  1 16 22 45  0 2.84 11.232 10.328 1.004
2025  1 16 22 50  0 2.84 11.205 10.350 1.005
2025  1 16 22 55  0 2.84 11.160 10.352 1.005
2025  1 16 23  0  0 2.84 11.087 10.368 1.004
2025  1 16 23  5  0 2.84 11.078 10.365 1.004
2025  1 16 23 10  0 2.84 11.006 10.392 1.005
2025  1 16 23 15  0 2.84 10.979 10.408 1.005
2025  1 16 23 20  0 2.84 10.907 10.408 1.004
2025  1 16 23 25  0 2.84 10.880 10.408 1.004
2025  1 16 23 30  0 2.84 10.826 10.445 1.005
2025  1 16 23 35  0 2.84 10.808 10.437 1.005
2025  1 16 23 40  0 2.84 10.753 10.450 1.005
2025  1 16 23 45  0 2.84 10.699 10.462 1.005
2025  1 16 23 50  0 2.84 10.690 10.445 1.004
2025  1 16 23 55  0 2.84 10.644 10.466 1.005
2025  1 17  0  0  0 2.84 10.599 10.480 1.004
2025  1 17  0  5  0 2.84 10.554 10.502 1.005
2025  1 17  0 10  0 2.84 10.526 10.500 1.005
2025  1 17  0 15  0 2.84 10.490 10.507 1.005
2025  1 17  0 20  0 2.84 10.472 10.512 1.005
2025  1 17  0 25  0 2.84 10.445 10.513 1.005
2025  1 17  0 30  0 2.84 10.399 10.522 1.004
2025  1 17  0 35  0 2.84 10.363 10.542 1.005
2025  1 17  0 40  0 2.84 10.335 10.544 1.005
2025  1 17  0 45  0 2.84 10.299 10.551 1.004
2025  1 17  0 50  0 2.84 10.244 10.574 1.005
2025  1 17  0 55  0 2.84 10.189 10.577 1.005
2025  1 17  1  0  0 2.84 10.153 10.587 1.005
2025  1 17  1  5  0 2.84 10.107 10.602 1.005
2025  1 17  1 10  0 2.84 10.061 10.616 1.005
2025  1 17  1 15  0 2.84 10.025 10.618 1.005
2025  1 17  1 20  0 2.84 9.979 10.628 1.005
2025  1 17  1 25  0 2.84 9.952 10.632 1.004
2025  1 17  1 30  0 2.84 9.933 10.634 1.004
2025  1 17  1 35  0 2.84 9.887 10.652 1.005
2025  1 17  1 40  0 2.84 9.851 10.663 1.005
2025  1 17  1 45  0 2.84 9.786 10.687 1.005
2025  1 17  1 50  0 2.84 9.768 10.686 1.005
2025  1 17  1 55  0 2.84 9.750 10.684 1.005
2025  1 17  2  0  0 2.84 9.704 10.688 1.004
2025  1 17  2  5  0 2.84 9.667 10.708 1.005
2025  1 17  2 10  0 2.84 9.639 10.700 1.004
2025  1 17  2 15  0 2.84 9.612 10.717 1.005
2025  1 17  2 20  0 2.84 9.575 10.735 1.005
2025  1 17  2 25  0 2.84 9.547 10.743 1.005
2025  1 17  2 30  0 2.84 9.501 10.751 1.005
2025  1 17  2 35  0 2.84 9.455 10.762 1.005
2025  1 17  2 40  0 2.84 9.464 10.758 1.005
2025  1 17  2 45  0 2.84 9.436 10.759 1.005
2025  1 17  2 50  0 2.84 9.408 10.767 1.005
2025  1 17  2 55  0 2.84 9.362 10.777 1.005
2025  1 17  3  0  0 2.84 9.344 10.782 1.005
2025  1 17  3  5  0 2.84 9.325 10.780 1.005
2025  1 17  3 10  0 2.84 9.307 10.784 1.005
2025  1 17  3 15  0 2.84 9.307 10.790 1.005
2025  1 17  3 20  0 2.84 9.288 10.793 1.005
2025  1 17  3 25  0 2.84 9.223 10.799 1.004
2025  1 17  3 30  0 2.85 9.214 10.806 1.005
2025  1 17  3 35  0 2.85 9.205 10.819 1.005
2025  1 17  3 40  0 2.85 9.177 10.808 1.004
2025  1 17  3 45  0 2.85 9.158 10.833 1.005
2025  1 17  3 50  0 2.85 9.131 10.838 1.005
2025  1 17  3 55  0 2.85 9.103 10.842 1.005
2025  1 17  4  0  0 2.85 9.121 10.834 1.005
2025  1 17  4  5  0 2.85 9.093 10.840 1.005
2025  1 17  4 10  0 2.85 9.084 10.848 1.005
2025  1 17  4 15  0 2.85 9.084 10.832 1.005
2025  1 17  4 20  0 2.85 9.066 10.844 1.005
2025  1 17  4 25  0 2.85 9.056 10.828 1.004
2025  1 17  4 30  0 2.85 9.038 10.858 1.005
2025  1 17  4 35  0 2.85 9.038 10.854 1.005
2025  1 17  4 40  0 2.85 9.010 10.861 1.005
2025  1 17  4 45  0 2.85 9.028 10.852 1.005
2025  1 17  4 50  0 2.85 8.991 10.871 1.005
2025  1 17  4 55  0 2.85 8.991 10.849 1.004
2025  1 17  5  0  0 2.85 8.991 10.850 1.005
2025  1 17  5  5  0 2.85 8.973 10.864 1.005
2025  1 17  5 10  0 2.85 8.963 10.850 1.004
2025  1 17  5 15  0 2.85 8.973 10.858 1.005
2025  1 17  5 20  0 2.85 8.954 10.868 1.005
2025  1 17  5 25  0 2.85 8.963 10.876 1.005
2025  1 17  5 30  0 2.85 8.945 10.850 1.004
2025  1 17  5 35  0 2.85 8.954 10.877 1.005
2025  1 17  5 40  0 2.85 8.935 10.869 1.005
2025  1 17  5 45  0 2.85 8.945 10.866 1.005
2025  1 17  5 50  0 2.84 8.917 10.870 1.004
2025  1 17  5 55  0 2.84 8.926 10.867 1.004
2025  1 17  6  0  0 2.84 8.917 10.879 1.005
2025  1 17  6  5  0 2.84 8.935 10.866 1.005
2025  1 17  6 10  0 2.84 8.898 10.880 1.005
2025  1 17  6 15  0 2.84 8.917 10.877 1.005
2025  1 17  6 20  0 2.84 8.898 10.878 1.005
2025  1 17  6 25  0 2.84 8.889 10.884 1.005
2025  1 17  6 30  0 2.84 8.870 10.877 1.004
2025  1 17  6 35  0 2.84 8.870 10.894 1.005
2025  1 17  6 40  0 2.84 8.851 10.897 1.005
2025  1 17  6 45  0 2.84 8.851 10.882 1.005
2025  1 17  6 50  0 2.84 8.833 10.896 1.005
2025  1 17  6 55  0 2.84 8.833 10.893 1.005
2025  1 17  7  0  0 2.84 8.814 10.896 1.005
2025  1 17  7  5  0 2.84 8.823 10.887 1.005
2025  1 17  7 10  0 2.84 8.823 10.889 1.005
2025  1 17  7 15  0 2.84 8.795 10.918 1.006
2025  1 17  7 20  0 2.84 8.795 10.899 1.005
2025  1 17  7 25  0 2.84 8.786 10.910 1.005
2025  1 17  7 30  0 2.84 8.777 10.915 1.005
2025  1 17  7 35  0 2.84 8.758 10.917 1.005
2025  1 17  7 40  0 2.84 8.777 10.900 1.005
2025  1 17  7 45  0 2.84 8.767 10.912 1.005
2025  1 17  7 50  0 2.84 8.758 10.905 1.005
2025  1 17  7 55  0 2.84 8.758 10.904 1.005
2025  1 17  8  0  0 2.84 8.767 10.914 1.006
2025  1 17  8  5  0 2.84 8.739 10.914 1.005
2025  1 17  8 10  0 2.84 8.758 10.895 1.004
2025  1 17  8 15  0 2.84 8.721 10.925 1.005
2025  1 17  8 20  0 2.84 8.730 10.911 1.005
2025  1 17  8 25  0 2.84 8.730 10.913 1.005
2025  1 17  8 30  0 2.84 8.730 10.911 1.005
2025  1 17  8 35  0 2.84 8.702 10.928 1.005
2025  1 17  8 40  0 2.84 8.721 10.909 1.004
2025  1 17  8 45  0 2.84 8.702 10.919 1.005
2025  1 17  8 50  0 2.84 8.693 10.924 1.005
2025  1 17  8 55  0 2.84 8.702 10.920 1.005
2025  1 17  9  0  0 2.84 8.693 10.913 1.004
2025  1 17  9  5  0 2.84 8.693 10.921 1.005
2025  1 17  9 10  0 2.84 8.693 10.921 1.005
2025  1 17  9 15  0 2.84 8.702 10.917 1.005
2025  1 17  9 20  0 2.84 8.683 10.931 1.005
2025  1 17  9 25  0 2.84 8.702 10.934 1.005
2025  1 17  9 30  0 2.84 8.702 10.913 1.004
2025  1 17  9 35  0 2.84 8.702 10.921 1.005
2025  1 17  9 40  0 2.84 8.721 10.923 1.005
2025  1 17  9 45  0 2.84 8.711 10.932 1.006
2025  1 17  9 50  0 2.84 8.730 10.927 1.006
2025  1 17  9 55  0 2.84 8.739 10.902 1.005
2025  1 17 10  0  0 2.84 8.721 10.919 1.005
2025  1 17 10  5  0 2.84 8.730 10.909 1.004
2025  1 17 10 10  0 2.84 8.749 10.901 1.004
2025  1 17 10 15  0 2.84 8.739 10.901 1.004
2025  1 17 10 20  0 2.84 8.758 10.907 1.005
2025  1 17 10 25  0 2.84 8.767 10.891 1.004
2025  1 17 10 30  0 2.84 8.767 10.908 1.005
2025  1 17 10 35  0 2.84 8.786 10.896 1.005
2025  1 17 10 40  0 2.84 8.795 10.894 1.005
2025  1 17 10 45  0 2.84 8.805 10.896 1.005
2025  1 17 10 50  0 2.84 8.823 10.884 1.005
2025  1 17 10 55  0 2.84 8.842 10.884 1.005
2025  1 17 11  0  0 2.84 8.823 10.886 1.004
2025  1 17 11  5  0 2.84 8.842 10.878 1.004
2025  1 17 11 10  0 2.84 8.879 10.869 1.004
2025  1 17 11 15  0 2.84 8.898 10.872 1.005
2025  1 17 11 20  0 2.84 8.907 10.862 1.004
2025  1 17 11 25  0 2.84 8.926 10.860 1.005
2025  1 17 11 30  0 2.84 8.926 10.876 1.005
2025  1 17 11 35  0 2.85 8.973 10.865 1.005
2025  1 17 11 40  0 2.85 8.982 10.849 1.004
2025  1 17 11 45  0 2.85 8.991 10.849 1.005
2025  1 17 11 50  0 2.85 9.019 10.850 1.005
2025  1 17 11 55  0 2.85 9.056 10.828 1.004
2025  1 17 12  0  0 2.85 9.047 10.840 1.005
2025  1 17 12  5  0 2.85 9.093 10.834 1.005
2025  1 17 12 10  0 2.85 9.140 10.812 1.005
2025  1 17 12 15  0 2.85 9.168 10.809 1.005
2025  1 17 12 20  0 2.85 9.158 10.807 1.004
2025  1 17 12 25  0 2.84 9.205 10.793 1.004
2025  1 17 12 30  0 2.84 9.242 10.776 1.004
2025  1 17 12 35  0 2.84 9.270 10.776 1.005
2025  1 17 12 40  0 2.84 9.307 10.769 1.005
2025  1 17 12 45  0 2.84 9.325 10.778 1.005
2025  1 17 12 50  0 2.84 9.362 10.755 1.004
2025  1 17 12 55  0 2.84 9.399 10.749 1.005
2025  1 17 13  0  0 2.84 9.418 10.745 1.005
2025  1 17 13  5  0 2.84 9.427 10.740 1.004
2025  1 17 13 10  0 2.84 9.445 10.750 1.005
2025  1 17 13 15  0 2.84 9.501 10.727 1.005
2025  1 17 13 20  0 2.84 9.538 10.713 1.004
2025  1 17 13 25  0 2.84 9.556 10.711 1.005
2025  1 17 13 30  0 2.84 9.593 10.701 1.005
2025  1 17 13 35  0 2.84 9.630 10.684 1.004
2025  1 17 13 40  0 2.84 9.648 10.689 1.005
2025  1 17 13 45  0 2.84 9.685 10.662 1.004
2025  1 17 13 50  0 2.84 9.704 10.667 1.004
2025  1 17 13 55  0 2.84 9.750 10.657 1.005
2025  1 17 14  0  0 2.84 9.759 10.659 1.005
2025  1 17 14  5  0 2.84 9.796 10.640 1.004
2025  1 17 14 10  0 2.84 9.869 10.630 1.005
2025  1 17 14 15  0 2.84 9.906 10.614 1.004
2025  1 17 14 20  0 2.84 9.942 10.616 1.005
2025  1 17 14 25  0 2.84 10.016 10.593 1.004
2025  1 17 14 30  0 2.84 10.061 10.568 1.004
2025  1 17 14 35  0 2.84 10.116 10.569 1.005
2025  1 17 14 40  0 2.84 10.199 10.545 1.004
2025  1 17 14 45  0 2.84 10.253 10.531 1.004
2025  1 17 14 50  0 2.84 10.326 10.516 1.005
2025  1 17 14 55  0 2.84 10.390 10.499 1.005
2025  1 17 15  0  0 2.84 10.490 10.468 1.005
2025  1 17 15  5  0 2.84 10.581 10.448 1.004
2025  1 17 15 10  0 2.84 10.681 10.413 1.004
2025  1 17 15 15  0 2.84 10.789 10.395 1.004
2025  1 17 15 20  0 2.84 10.898 10.375 1.005
2025  1 17 15 25  0 2.84 10.997 10.347 1.004
2025  1 17 15 30  0 2.84 11.096 10.330 1.005
2025  1 17 15 35  0 2.84 11.187 10.308 1.004
2025  1 17 15 40  0 2.84 11.321 10.263 1.004
2025  1 17 15 45  0 2.84 11.420 10.249 1.004
2025  1 17 15 50  0 2.84 11.537 10.223 1.004
2025  1 17 15 55  0 2.84 11.644 10.197 1.004
2025  1 17 16  0  0 2.84 11.742 10.182 1.004
2025  1 17 16  5  0 2.84 11.859 10.157 1.004
2025  1 17 16 10  0 2.84 11.983 10.123 1.004
2025  1 17 16 15  0 2.84 12.072 10.093 1.004
2025  1 17 16 20  0 2.84 12.206 10.068 1.004
2025  1 17 16 25  0 2.84 12.312 10.044 1.004
2025  1 17 16 30  0 2.84 12.383 10.039 1.004
2025  1 17 16 35  0 2.84 12.498 10.022 1.004
2025  1 17 16 40  0 2.84 12.604 9.988 1.004
2025  1 17 16 45  0 2.84 12.675 9.977 1.004
2025  1 17 16 50  0 2.84 12.763 9.948 1.004
2025  1 17 16 55  0 2.84 12.860 9.930 1.004
2025  1 17 17  0  0 2.84 12.948 9.926 1.004
2025  1 17 17  5  0 2.84 13.027 9.904 1.004
2025  1 17 17 10  0 2.84 13.115 9.886 1.004
2025  1 17 17 15  0 2.84 13.203 9.859 1.003
2025  1 17 17 20  0 2.84 13.290 9.844 1.004
2025  1 17 17 25  0 2.84 13.387 9.822 1.004
2025  1 17 17 30  0 2.83 13.466 9.817 1.004
2025  1 17 17 35  0 2.84 13.544 9.793 1.004
2025  1 17 17 40  0 2.84 13.649 9.767 1.004
2025  1 17 17 45  0 2.84 13.728 9.747 1.004
2025  1 17 17 50  0 2.84 13.789 9.747 1.004
2025  1 17 17 55  0 2.84 13.832 9.751 1.004
2025  1 17 18  0  0 2.84 13.867 9.737 1.003
2025  1 17 18  5  0 2.84 13.885 9.751 1.004
2025  1 17 18 10  0 2.84 13.885 9.755 1.003
2025  1 17 18 15  0 2.84 13.893 9.753 1.003
2025  1 17 18 20  0 2.84 13.902 9.748 1.004
2025  1 17 18 25  0 2.84 13.885 9.762 1.004
2025  1 17 18 30  0 2.84 13.885 9.748 1.003
2025  1 17 18 35  0 2.84 13.902 9.753 1.003
2025  1 17 18 40  0 2.84 13.858 9.783 1.004
2025  1 17 18 45  0 2.84 13.858 9.780 1.004
2025  1 17 18 50  0 2.84 13.824 9.785 1.003
2025  1 17 18 55  0 2.84 13.763 9.821 1.003
2025  1 17 19  0  0 2.84 13.719 9.824 1.003
2025  1 17 19  5  0 2.84 13.675 9.847 1.004
2025  1 17 19 10  0 2.84 13.640 9.861 1.004
2025  1 17 19 15  0 2.84 13.562 9.876 1.005
2025  1 17 19 20  0 2.84 13.536 9.861 1.004
2025  1 17 19 25  0 2.84 13.474 9.878 1.004
2025  1 17 19 30  0 2.83 13.466 9.878 1.004
2025  1 17 19 35  0 2.83 13.404 9.904 1.004
2025  1 17 19 40  0 2.83 13.352 9.903 1.004
2025  1 17 19 45  0 2.83 13.334 9.901 1.004
2025  1 17 19 50  0 2.83 13.326 9.891 1.004
2025  1 17 19 55  0 2.83 13.317 9.899 1.004
2025  1 17 20  0  0 2.83 13.308 9.888 1.003
2025  1 17 20  5  0 2.83 13.317 9.898 1.004
2025  1 17 20 10  0 2.83 13.334 9.896 1.004
2025  1 17 20 15  0 2.83 13.334 9.887 1.004
2025  1 17 20 20  0 2.83 13.343 9.887 1.004
2025  1 17 20 25  0 2.83 13.352 9.886 1.004
2025  1 17 20 30  0 2.83 13.369 9.888 1.004
2025  1 17 20 35  0 2.83 13.387 9.874 1.004
2025  1 17 20 40  0 2.83 13.396 9.875 1.004
2025  1 17 20 45  0 2.83 13.387 9.872 1.004
2025  1 17 20 50  0 2.83 13.404 9.881 1.004
2025  1 17 20 55  0 2.83 13.404 9.876 1.004
2025  1 17 21  0  0 2.83 13.378 9.877 1.004
2025  1 17 21  5  0 2.83 13.378 9.887 1.004
2025  1 17 21 10  0 2.83 13.361 9.895 1.004
2025  1 17 21 15  0 2.84 13.369 9.898 1.005
2025  1 17 21 20  0 2.84 13.334 9.907 1.004
2025  1 17 21 25  0 2.83 13.299 9.907 1.003
2025  1 17 21 30  0 2.83 13.273 9.931 1.004
2025  1 17 21 35  0 2.84 13.247 9.938 1.004
2025  1 17 21 40  0 2.84 13.203 9.939 1.004
2025  1 17 21 45  0 2.84 13.176 9.943 1.004
2025  1 17 21 50  0 2.84 13.124 9.960 1.004
2025  1 17 21 55  0 2.84 13.097 9.971 1.004
2025  1 17 22  0  0 2.84 13.062 9.975 1.004
2025  1 17 22  5  0 2.84 13.018 9.980 1.004
2025  1 17 22 10  0 2.84 12.966 10.004 1.004
2025  1 17 22 15  0 2.84 12.922 10.008 1.004
2025  1 17 22 20  0 2.84 12.878 10.024 1.004
2025  1 17 22 25  0 2.84 12.842 10.034 1.004
2025  1 17 22 30  0 2.84 12.789 10.037 1.004
2025  1 17 22 35  0 2.84 12.754 10.037 1.004
2025  1 17 22 40  0 2.84 12.701 10.066 1.004
2025  1 17 22 45  0 2.84 12.657 10.061 1.004
2025  1 17 22 50  0 2.84 12.595 10.069 1.004
2025  1 17 22 55  0 2.84 12.542 10.103 1.004
2025  1 17 23  0  0 2.84 12.516 10.098 1.004
2025  1 17 23  5  0 2.84 12.454 10.115 1.005
2025  1 17 23 10  0 2.84 12.392 10.126 1.004
2025  1 17 23 15  0 2.84 12.339 10.133 1.004
2025  1 17 23 20  0 2.84 12.277 10.160 1.005
2025  1 17 23 25  0 2.84 12.241 10.163 1.005
2025  1 17 23 30  0 2.84 12.170 10.183 1.005
2025  1 17 23 35  0 2.84 12.117 10.190 1.004
2025  1 17 23 40  0 2.84 12.063 10.200 1.004
2025  1 17 23 45  0 2.84 12.019 10.220 1.005
2025  1 17 23 50  0 2.84 11.957 10.223 1.004
2025  1 17 23 55  0 2.84 11.903 10.226 1.004
2025  1 18  0  0  0 2.84 11.841 10.265 1.005
2025  1 18  0  5  0 2.84 11.805 10.253 1.004
2025  1 18  0 10  0 2.84 11.742 10.278 1.005
2025  1 18  0 15  0 2.84 11.689 10.297 1.005
2025  1 18  0 20  0 2.84 11.635 10.313 1.005
2025  1 18  0 25  0 2.84 11.590 10.301 1.004
2025  1 18  0 30  0 2.84 11.537 10.318 1.004
2025  1 18  0 35  0 2.84 11.483 10.343 1.005
2025  1 18  0 40  0 2.84 11.420 10.348 1.005
2025  1 18  0 45  0 2.84 11.375 10.362 1.005
2025  1 18  0 50  0 2.84 11.303 10.366 1.004
2025  1 18  0 55  0 2.84 11.250 10.387 1.004
2025  1 18  1  0  0 2.84 11.232 10.394 1.005
2025  1 18  1  5  0 2.84 11.169 10.407 1.005
2025  1 18  1 10  0 2.84 11.105 10.431 1.005
2025  1 18  1 15  0 2.84 11.060 10.426 1.004
2025  1 18  1 20  0 2.84 11.060 10.428 1.005
2025  1 18  1 25  0 2.84 10.988 10.449 1.004
2025  1 18  1 30  0 2.84 10.934 10.455 1.004
2025  1 18  1 35  0 2.84 10.898 10.471 1.005
2025  1 18  1 40  0 2.84 10.853 10.482 1.005
2025  1 18  1 45  0 2.84 10.808 10.491 1.005
2025  1 18  1 50  0 2.84 10.762 10.493 1.004
2025  1 18  1 55  0 2.84 10.717 10.514 1.005
2025  1 18  2  0  0 2.84 10.690 10.511 1.005
2025  1 18  2  5  0 2.84 10.644 10.521 1.004
2025  1 18  2 10  0 2.84 10.608 10.544 1.005
2025  1 18  2 15  0 2.84 10.554 10.558 1.005
2025  1 18  2 20  0 2.84 10.526 10.563 1.005
2025  1 18  2 25  0 2.84 10.490 10.563 1.005
2025  1 18  2 30  0 2.84 10.445 10.574 1.005
2025  1 18  2 35  0 2.84 10.390 10.589 1.005
2025  1 18  2 40  0 2.84 10.381 10.585 1.004
2025  1 18  2 45  0 2.84 10.335 10.619 1.005
2025  1 18  2 50  0 2.84 10.317 10.632 1.006
2025  1 18  2 55  0 2.84 10.299 10.613 1.005
2025  1 18  3  0  0 2.84 10.253 10.633 1.005
2025  1 18  3  5  0 2.84 10.226 10.643 1.005
2025  1 18  3 10  0 2.84 10.199 10.645 1.005
2025  1 18  3 15  0 2.84 10.162 10.660 1.005
2025  1 18  3 20  0 2.84 10.153 10.645 1.004
2025  1 18  3 25  0 2.84 10.098 10.681 1.005
2025  1 18  3 30  0 2.84 10.098 10.671 1.005
2025  1 18  3 35  0 2.84 10.061 10.683 1.005
2025  1 18  3 40  0 2.84 9.997 10.716 1.005
2025  1 18  3 45  0 2.84 9.979 10.698 1.004
2025  1 18  3 50  0 2.84 9.952 10.701 1.004
2025  1 18  3 55  0 2.84 9.878 10.726 1.004
2025  1 18  4  0  0 2.84 9.878 10.731 1.005
2025  1 18  4  5  0 2.84 9.860 10.746 1.005
2025  1 18  4 10  0 2.84 9.823 10.749 1.005
2025  1 18  4 15  0 2.84 9.796 10.750 1.005
2025  1 18  4 20  0 2.84 9.786 10.749 1.004
2025  1 18  4 25  0 2.84 9.722 10.765 1.004
2025  1 18  4 30  0 2.84 9.694 10.781 1.005
2025  1 18  4 35  0 2.84 9.676 10.773 1.004
2025  1 18  4 40  0 2.84 9.648 10.797 1.005
2025  1 18  4 45  0 2.84 9.602 10.808 1.005
2025  1 18  4 50  0 2.84 9.602 10.790 1.005
2025  1 18  4 55  0 2.84 9.556 10.813 1.005
2025  1 18  5  0  0 2.84 9.547 10.810 1.005
2025  1 18  5  5  0 2.84 9.501 10.824 1.005
2025  1 18  5 10  0 2.84 9.482 10.836 1.005
2025  1 18  5 15  0 2.84 9.436 10.835 1.005
2025  1 18  5 20  0 2.84 9.418 10.847 1.005
2025  1 18  5 25  0 2.84 9.390 10.835 1.004
2025  1 18  5 30  0 2.84 9.371 10.856 1.005
2025  1 18  5 35  0 2.84 9.344 10.847 1.004
2025  1 18  5 40  0 2.84 9.316 10.879 1.005
2025  1 18  5 45  0 2.84 9.297 10.872 1.005
2025  1 18  5 50  0 2.84 9.288 10.877 1.005
2025  1 18  5 55  0 2.84 9.270 10.878 1.005
2025  1 18  6  0  0 2.84 9.270 10.869 1.005
2025  1 18  6  5  0 2.84 9.260 10.870 1.005
2025  1 18  6 10  0 2.84 9.242 10.886 1.005
2025  1 18  6 15  0 2.84 9.223 10.880 1.005
2025  1 18  6 20  0 2.84 9.223 10.891 1.005
2025  1 18  6 25  0 2.84 9.205 10.891 1.005
2025  1 18  6 30  0 2.84 9.205 10.900 1.006
2025  1 18  6 35  0 2.85 9.168 10.900 1.005
2025  1 18  6 40  0 2.85 9.158 10.906 1.005
2025  1 18  6 45  0 2.85 9.140 10.896 1.004
2025  1 18  6 50  0 2.85 9.131 10.906 1.005
2025  1 18  6 55  0 2.84 9.121 10.905 1.005
2025  1 18  7  0  0 2.85 9.131 10.910 1.005
2025  1 18  7  5  0 2.85 9.112 10.926 1.006
2025  1 18  7 10  0 2.85 9.112 10.924 1.006
2025  1 18  7 15  0 2.85 9.131 10.915 1.005
2025  1 18  7 20  0 2.85 9.103 10.920 1.005
2025  1 18  7 25  0 2.85 9.093 10.916 1.005
2025  1 18  7 30  0 2.85 9.121 10.911 1.005
2025  1 18  7 35  0 2.85 9.112 10.909 1.005
2025  1 18  7 40  0 2.85 9.112 10.912 1.005
2025  1 18  7 45  0 2.85 9.103 10.911 1.005
2025  1 18  7 50  0 2.85 9.093 10.922 1.005
2025  1 18  7 55  0 2.85 9.112 10.927 1.006
2025  1 18  8  0  0 2.85 9.112 10.909 1.005
2025  1 18  8  5  0 2.85 9.131 10.903 1.005
2025  1 18  8 10  0 2.85 9.093 10.921 1.005
2025  1 18  8 15  0 2.85 9.121 10.916 1.006
2025  1 18  8 20  0 2.85 9.103 10.914 1.005
2025  1 18  8 25  0 2.85 9.084 10.937 1.005
2025  1 18  8 30  0 2.85 9.103 10.911 1.005
2025  1 18  8 35  0 2.85 9.112 10.918 1.005
2025  1 18  8 40  0 2.85 9.149 10.895 1.004
2025  1 18  8 45  0 2.85 9.131 10.900 1.005
2025  1 18  8 50  0 2.85 9.140 10.908 1.005
2025  1 18  8 55  0 2.85 9.140 10.909 1.005
2025  1 18  9  0  0 2.85 9.121 10.918 1.005
2025  1 18  9  5  0 2.85 9.140 10.896 1.004
2025  1 18  9 10  0 2.85 9.131 10.924 1.005
2025  1 18  9 15  0 2.85 9.168 10.898 1.005
2025  1 18  9 20  0 2.85 9.158 10.906 1.005
2025  1 18  9 25  0 2.85 9.158 10.910 1.005
2025  1 18  9 30  0 2.84 9.205 10.891 1.005
2025  1 18  9 35  0 2.84 9.186 10.887 1.005
2025  1 18  9 40  0 2.85 9.177 10.891 1.004
2025  1 18  9 45  0 2.84 9.186 10.898 1.005
2025  1 18  9 50  0 2.85 9.196 10.902 1.005
2025  1 18  9 55  0 2.84 9.233 10.877 1.005
2025  1 18 10  0  0 2.85 9.223 10.879 1.004
2025  1 18 10  5  0 2.84 9.242 10.879 1.005
2025  1 18 10 10  0 2.84 9.242 10.887 1.005
2025  1 18 10 15  0 2.84 9.223 10.892 1.005
2025  1 18 10 20  0 2.84 9.242 10.879 1.005
2025  1 18 10 25  0 2.84 9.270 10.869 1.005
2025  1 18 10 30  0 2.84 9.279 10.879 1.006
2025  1 18 10 35  0 2.84 9.260 10.873 1.005
2025  1 18 10 40  0 2.84 9.251 10.888 1.005
2025  1 18 10 45  0 2.84 9.297 10.855 1.004
2025  1 18 10 50  0 2.84 9.334 10.843 1.004
2025  1 18 10 55  0 2.84 9.307 10.862 1.005
2025  1 18 11  0  0 2.84 9.344 10.849 1.005
2025  1 18 11  5  0 2.84 9.344 10.846 1.005
2025  1 18 11 10  0 2.84 9.381 10.852 1.005
2025  1 18 11 15  0 2.84 9.381 10.841 1.005
2025  1 18 11 20  0 2.84 9.381 10.837 1.004
2025  1 18 11 25  0 2.84 9.390 10.839 1.005
2025  1 18 11 30  0 2.84 9.418 10.824 1.004
2025  1 18 11 35  0 2.84 9.436 10.822 1.005
2025  1 18 11 40  0 2.84 9.445 10.826 1.005
2025  1 18 11 45  0 2.84 9.473 10.814 1.005
2025  1 18 11 50  0 2.84 9.482 10.821 1.005
2025  1 18 11 55  0 2.84 9.538 10.801 1.005
2025  1 18 12  0  0 2.84 9.538 10.812 1.005
2025  1 18 12  5  0 2.84 9.593 10.773 1.004
2025  1 18 12 10  0 2.84 9.621 10.779 1.005
2025  1 18 12 15  0 2.84 9.658 10.776 1.005
2025  1 18 12 20  0 2.84 9.713 10.761 1.005
2025  1 18 12 25  0 2.84 9.750 10.737 1.004
2025  1 18 12 30  0 2.84 9.823 10.730 1.005
2025  1 18 12 35  0 2.84 9.869 10.719 1.005
2025  1 18 12 40  0 2.84 9.961 10.686 1.004
2025  1 18 12 45  0 2.84 10.052 10.675 1.005
2025  1 18 12 50  0 2.84 10.144 10.637 1.005
2025  1 18 12 55  0 2.84 10.226 10.609 1.004
2025  1 18 13  0  0 2.84 10.308 10.595 1.004
2025  1 18 13  5  0 2.84 10.390 10.580 1.005
2025  1 18 13 10  0 2.84 10.481 10.554 1.005
2025  1 18 13 15  0 2.84 10.581 10.538 1.005
2025  1 18 13 20  0 2.84 10.681 10.496 1.004
2025  1 18 13 25  0 2.84 10.762 10.482 1.004
2025  1 18 13 30  0 2.84 10.844 10.457 1.004
2025  1 18 13 35  0 2.84 10.952 10.440 1.004
2025  1 18 13 40  0 2.84 11.033 10.424 1.005
2025  1 18 13 45  0 2.84 11.142 10.386 1.004
2025  1 18 13 50  0 2.84 11.241 10.365 1.004
2025  1 18 13 55  0 2.84 11.339 10.334 1.004
2025  1 18 14  0  0 2.84 11.429 10.327 1.004
2025  1 18 14  5  0 2.84 11.546 10.283 1.004
2025  1 18 14 10  0 2.84 11.644 10.268 1.004
2025  1 18 14 15  0 2.84 11.734 10.259 1.004
2025  1 18 14 20  0 2.84 11.841 10.226 1.004
2025  1 18 14 25  0 2.84 11.974 10.189 1.004
2025  1 18 14 30  0 2.84 12.072 10.178 1.004
2025  1 18 14 35  0 2.84 12.214 10.132 1.004
2025  1 18 14 40  0 2.84 12.356 10.100 1.004
2025  1 18 14 45  0 2.84 12.480 10.083 1.004
2025  1 18 14 50  0 2.84 12.613 10.042 1.004
2025  1 18 14 55  0 2.84 12.754 10.021 1.004
2025  1 18 15  0  0 2.84 12.904 9.971 1.004
2025  1 18 15  5  0 2.84 13.036 9.949 1.004
2025  1 18 15 10  0 2.84 13.194 9.921 1.004
2025  1 18 15 15  0 2.83 13.334 9.890 1.004
2025  1 18 15 20  0 2.84 13.466 9.859 1.004
2025  1 18 15 25  0 2.84 13.632 9.814 1.003
2025  1 18 15 30  0 2.84 13.763 9.791 1.003
2025  1 18 15 35  0 2.84 13.911 9.771 1.004
2025  1 18 15 40  0 2.84 14.032 9.751 1.004
2025  1 18 15 45  0 2.84 14.154 9.718 1.004
2025  1 18 15 50  0 2.83 14.284 9.692 1.003
2025  1 18 15 55  0 2.83 14.414 9.660 1.003
2025  1 18 16  0  0 2.83 14.544 9.642 1.004
2025  1 18 16  5  0 2.84 14.639 9.644 1.005
2025  1 18 16 10  0 2.84 14.726 9.621 1.004
2025  1 18 16 15  0 2.84 14.855 9.581 1.003
2025  1 18 16 20  0 2.84 14.915 9.563 1.003
2025  1 18 16 25  0 2.84 14.976 9.562 1.003
2025  1 18 16 30  0 2.84 15.062 9.540 1.003
2025  1 18 16 35  0 2.84 15.139 9.539 1.004
2025  1 18 16 40  0 2.83 15.217 9.502 1.003
2025  1 18 16 45  0 2.83 15.294 9.499 1.003
2025  1 18 16 50  0 2.83 15.380 9.478 1.003
2025  1 18 16 55  0 2.83 15.449 9.474 1.004
2025  1 18 17  0  0 2.83 15.500 9.474 1.004
2025  1 18 17  5  0 2.83 15.603 9.451 1.004
2025  1 18 17 10  0 2.83 15.689 9.436 1.004
2025  1 18 17 15  0 2.84 15.749 9.405 1.003
2025  1 18 17 20  0 2.84 15.826 9.407 1.004
2025  1 18 17 25  0 2.84 15.877 9.396 1.004
2025  1 18 17 30  0 2.84 15.962 9.381 1.004
2025  1 18 17 35  0 2.83 16.005 9.368 1.003
2025  1 18 17 40  0 2.84 16.082 9.358 1.004
2025  1 18 17 45  0 2.83 16.133 9.353 1.004
2025  1 18 17 50  0 2.83 16.202 9.316 1.003
2025  1 18 17 55  0 2.83 16.236 9.331 1.004
2025  1 18 18  0  0 2.83 16.287 9.318 1.003
2025  1 18 18  5  0 2.83 16.338 9.311 1.003
2025  1 18 18 10  0 2.83 16.389 9.301 1.003
2025  1 18 18 15  0 2.83 16.423 9.306 1.004
2025  1 18 18 20  0 2.83 16.508 9.273 1.003
2025  1 18 18 25  0 2.83 16.525 9.289 1.004
2025  1 18 18 30  0 2.83 16.559 9.285 1.004
2025  1 18 18 35  0 2.83 16.602 9.262 1.004
2025  1 18 18 40  0 2.83 16.619 9.279 1.004
2025  1 18 18 45  0 2.83 16.653 9.264 1.004
2025  1 18 18 50  0 2.83 16.661 9.260 1.003
2025  1 18 18 55  0 2.83 16.704 9.261 1.004
2025  1 18 19  0  0 2.83 16.721 9.258 1.004
2025  1 18 19  5  0 2.83 16.755 9.237 1.003
2025  1 18 19 10  0 2.83 16.772 9.250 1.004
2025  1 18 19 15  0 2.83 16.823 9.236 1.004
2025  1 18 19 20  0 2.83 16.831 9.222 1.003
2025  1 18 19 25  0 2.83 16.831 9.242 1.004
2025  1 18 19 30  0 2.83 16.874 9.234 1.004
2025  1 18 19 35  0 2.83 16.891 9.229 1.004
2025  1 18 19 40  0 2.83 16.925 9.220 1.004
2025  1 18 19 45  0 2.83 16.959 9.214 1.004
2025  1 18 19 50  0 2.83 16.976 9.211 1.004
2025  1 18 19 55  0 2.83 16.993 9.214 1.004
2025  1 18 20  0  0 2.83 17.010 9.207 1.003
2025  1 18 20  5  0 2.83 17.010 9.208 1.003
2025  1 18 20 10  0 2.83 17.035 9.204 1.003
2025  1 18 20 15  0 2.83 17.035 9.206 1.004
2025  1 18 20 20  0 2.83 17.052 9.210 1.004
2025  1 18 20 25  0 2.83 17.052 9.205 1.004
2025  1 18 20 30  0 2.83 17.061 9.206 1.004
2025  1 18 20 35  0 2.83 17.069 9.201 1.003
2025  1 18 20 40  0 2.83 17.052 9.209 1.003
2025  1 18 20 45  0 2.83 17.044 9.209 1.004
2025  1 18 20 50  0 2.83 17.027 9.222 1.004
2025  1 18 20 55  0 2.83 17.001 9.221 1.003
2025  1 18 21  0  0 2.83 16.976 9.245 1.004
2025  1 18 21  5  0 2.83 16.916 9.259 1.004
2025  1 18 21 10  0 2.83 16.891 9.254 1.004
2025  1 18 21 15  0 2.83 16.814 9.279 1.004
2025  1 18 21 20  0 2.83 16.780 9.284 1.004
2025  1 18 21 25  0 2.83 16.729 9.303 1.003
2025  1 18 21 30  0 2.83 16.627 9.329 1.003
2025  1 18 21 35  0 2.83 16.559 9.342 1.004
2025  1 18 21 40  0 2.83 16.457 9.382 1.004
2025  1 18 21 45  0 2.83 16.389 9.370 1.003
2025  1 18 21 50  0 2.83 16.278 9.401 1.004
2025  1 18 21 55  0 2.83 16.193 9.423 1.004
2025  1 18 22  0  0 2.83 16.091 9.428 1.003
2025  1 18 22  5  0 2.84 15.980 9.476 1.005
2025  1 18 22 10  0 2.84 15.903 9.480 1.004
2025  1 18 22 15  0 2.84 15.826 9.486 1.004
2025  1 18 22 20  0 2.83 15.697 9.524 1.004
2025  1 18 22 25  0 2.83 15.603 9.525 1.003
2025  1 18 22 30  0 2.83 15.517 9.560 1.004
2025  1 18 22 35  0 2.83 15.406 9.577 1.004
2025  1 18 22 40  0 2.83 15.303 9.592 1.004
2025  1 18 22 45  0 2.83 15.208 9.610 1.004
2025  1 18 22 50  0 2.84 15.131 9.628 1.004
2025  1 18 22 55  0 2.84 15.002 9.654 1.004
2025  1 18 23  0  0 2.84 14.915 9.664 1.004
2025  1 18 23  5  0 2.84 14.803 9.684 1.004
2025  1 18 23 10  0 2.84 14.700 9.704 1.004
2025  1 18 23 15  0 2.84 14.622 9.732 1.005
2025  1 18 23 20  0 2.83 14.484 9.764 1.005
2025  1 18 23 25  0 2.83 14.406 9.781 1.005
2025  1 18 23 30  0 2.83 14.336 9.787 1.004
2025  1 18 23 35  0 2.84 14.206 9.797 1.003
2025  1 18 23 40  0 2.84 14.128 9.823 1.004
2025  1 18 23 45  0 2.84 14.059 9.836 1.004
2025  1 18 23 50  0 2.84 13.937 9.870 1.004
2025  1 18 23 55  0 2.84 13.850 9.885 1.004
2025  1 19  0  0  0 2.84 13.763 9.904 1.005
2025  1 19  0  5  0 2.84 13.693 9.906 1.004
2025  1 19  0 10  0 2.84 13.579 9.938 1.004
2025  1 19  0 15  0 2.84 13.501 9.961 1.005
2025  1 19  0 20  0 2.83 13.431 9.975 1.005
2025  1 19  0 25  0 2.83 13.352 9.993 1.005
2025  1 19  0 30  0 2.83 13.255 10.014 1.005
2025  1 19  0 35  0 2.84 13.159 10.039 1.005
2025  1 19  0 40  0 2.84 13.097 10.044 1.004
2025  1 19  0 45  0 2.84 13.027 10.052 1.004
2025  1 19  0 50  0 2.84 12.930 10.083 1.005
2025  1 19  0 55  0 2.84 12.869 10.079 1.004
2025  1 19  1  0  0 2.84 12.781 10.109 1.005
2025  1 19  1  5  0 2.84 12.692 10.136 1.005
2025  1 19  1 10  0 2.84 12.631 10.144 1.005
2025  1 19  1 15  0 2.84 12.560 10.161 1.005
2025  1 19  1 20  0 2.84 12.489 10.183 1.005
2025  1 19  1 25  0 2.84 12.418 10.184 1.004
2025  1 19  1 30  0 2.84 12.356 10.199 1.005
2025  1 19  1 35  0 2.84 12.277 10.222 1.005
2025  1 19  1 40  0 2.84 12.232 10.226 1.004
2025  1 19  1 45  0 2.84 12.143 10.259 1.005
2025  1 19  1 50  0 2.84 12.099 10.259 1.005
2025  1 19  1 55  0 2.84 12.010 10.265 1.004
2025  1 19  2  0  0 2.84 11.983 10.287 1.004
2025  1 19  2  5  0 2.84 11.930 10.294 1.005
2025  1 19  2 10  0 2.84 11.859 10.313 1.005
2025  1 19  2 15  0 2.84 11.805 10.337 1.005
2025  1 19  2 20  0 2.84 11.751 10.348 1.005
2025  1 19  2 25  0 2.84 11.689 10.354 1.005
2025  1 19  2 30  0 2.84 11.644 10.370 1.005
2025  1 19  2 35  0 2.84 11.608 10.365 1.005
2025  1 19  2 40  0 2.84 11.537 10.384 1.005
2025  1 19  2 45  0 2.84 11.501 10.408 1.005
2025  1 19  2 50  0 2.84 11.456 10.401 1.005
2025  1 19  2 55  0 2.84 11.402 10.409 1.004
2025  1 19  3  0  0 2.84 11.366 10.428 1.005
2025  1 19  3  5  0 2.84 11.330 10.416 1.004
2025  1 19  3 10  0 2.84 11.277 10.437 1.004
2025  1 19  3 15  0 2.84 11.241 10.462 1.005
2025  1 19  3 20  0 2.84 11.178 10.482 1.005
2025  1 19  3 25  0 2.84 11.169 10.476 1.005
2025  1 19  3 30  0 2.84 11.151 10.481 1.005
2025  1 19  3 35  0 2.84 11.124 10.479 1.005
2025  1 19  3 40  0 2.84 11.087 10.492 1.005
2025  1 19  3 45  0 2.84 11.060 10.496 1.005
2025  1 19  3 50  0 2.84 11.006 10.515 1.005
2025  1 19  3 55  0 2.84 10.988 10.513 1.005
2025  1 19  4  0  0 2.84 10.952 10.516 1.005
2025  1 19  4  5  0 2.84 10.934 10.527 1.005
2025  1 19  4 10  0 2.84 10.925 10.511 1.004
2025  1 19  4 15  0 2.84 10.889 10.538 1.005
2025  1 19  4 20  0 2.84 10.871 10.525 1.004
2025  1 19  4 25  0 2.84 10.817 10.548 1.005
2025  1 19  4 30  0 2.84 10.798 10.551 1.005
2025  1 19  4 35  0 2.84 10.808 10.552 1.005
2025  1 19  4 40  0 2.84 10.780 10.565 1.005
2025  1 19  4 45  0 2.84 10.753 10.581 1.005
2025  1 19  4 50  0 2.84 10.744 10.572 1.005
2025  1 19  4 55  0 2.84 10.735 10.576 1.005
2025  1 19  5  0  0 2.84 10.726 10.575 1.005
2025  1 19  5  5  0 2.84 10.726 10.565 1.005
2025  1 19  5 10  0 2.84 10.681 10.584 1.005
2025  1 19  5 15  0 2.84 10.690 10.581 1.005
2025  1 19  5 20  0 2.84 10.681 10.579 1.005
2025  1 19  5 25  0 2.84 10.663 10.587 1.005
2025  1 19  5 30  0 2.84 10.654 10.587 1.005
2025  1 19  5 35  0 2.84 10.654 10.590 1.005
2025  1 19  5 40  0 2.84 10.617 10.604 1.005
2025  1 19  5 45  0 2.84 10.644 10.579 1.005
2025  1 19  5 50  0 2.84 10.608 10.590 1.005
2025  1 19  5 55  0 2.84 10.617 10.605 1.006
2025  1 19  6  0  0 2.84 10.608 10.600 1.005
2025  1 19  6  5  0 2.84 10.599 10.587 1.004
2025  1 19  6 10  0 2.84 10.581 10.592 1.005
2025  1 19  6 15  0 2.84 10.599 10.602 1.005
2025  1 19  6 20  0 2.84 10.572 10.600 1.005
2025  1 19  6 25  0 2.84 10.581 10.599 1.005
2025  1 19  6 30  0 2.84 10.581 10.608 1.005
2025  1 19  6 35  0 2.84 10.581 10.604 1.005
2025  1 19  6 40  0 2.84 10.581 10.609 1.005
2025  1 19  6 45  0 2.84 10.563 10.596 1.004
2025  1 19  6 50  0 2.84 10.554 10.615 1.005
2025  1 19  6 55  0 2.84 10.554 10.622 1.006
2025  1 19  7  0  0 2.84 10.563 10.609 1.005
2025  1 19  7  5  0 2.84 10.545 10.606 1.004
2025  1 19  7 10  0 2.84 10.554 10.622 1.006
2025  1 19  7 15  0 2.84 10.545 10.621 1.005
2025  1 19  7 20  0 2.84 10.526 10.635 1.005
2025  1 19  7 25  0 2.84 10.536 10.622 1.005
2025  1 19  7 30  0 2.84 10.517 10.622 1.005
2025  1 19  7 35  0 2.84 10.526 10.616 1.004
2025  1 19  7 40  0 2.84 10.508 10.629 1.005
2025  1 19  7 45  0 2.84 10.499 10.625 1.005
2025  1 19  7 50  0 2.84 10.499 10.632 1.005
2025  1 19  7 55  0 2.84 10.472 10.638 1.005
2025  1 19  8  0  0 2.84 10.463 10.628 1.004
2025  1 19  8  5  0 2.84 10.463 10.646 1.005
2025  1 19  8 10  0 2.84 10.463 10.630 1.004
2025  1 19  8 15  0 2.84 10.435 10.647 1.005
2025  1 19  8 20  0 2.84 10.426 10.656 1.005
2025  1 19  8 25  0 2.84 10.435 10.653 1.005
2025  1 19  8 30  0 2.84 10.408 10.658 1.005
2025  1 19  8 35  0 2.84 10.399 10.668 1.005
2025  1 19  8 40  0 2.84 10.390 10.661 1.005
2025  1 19  8 45  0 2.84 10.381 10.665 1.005
2025  1 19  8 50  0 2.84 10.372 10.669 1.005
2025  1 19  8 55  0 2.84 10.335 10.675 1.005
2025  1 19  9  0  0 2.84 10.354 10.666 1.004
2025  1 19  9  5  0 2.84 10.317 10.685 1.005
2025  1 19  9 10  0 2.84 10.308 10.681 1.005
2025  1 19  9 15  0 2.84 10.281 10.683 1.004
2025  1 19  9 20  0 2.84 10.290 10.691 1.005
2025  1 19  9 25  0 2.84 10.262 10.701 1.005
2025  1 19  9 30  0 2.84 10.262 10.703 1.005
2025  1 19  9 35  0 2.84 10.253 10.687 1.004
2025  1 19  9 40  0 2.84 10.235 10.696 1.004
2025  1 19  9 45  0 2.84 10.253 10.693 1.005
2025  1 19  9 50  0 2.84 10.226 10.709 1.005
2025  1 19  9 55  0 2.84 10.226 10.713 1.005
2025  1 19 10  0  0 2.84 10.226 10.714 1.005
2025  1 19 10  5  0 2.84 10.208 10.709 1.004
2025  1 19 10 10  0 2.84 10.189 10.716 1.005
2025  1 19 10 15  0 2.84 10.189 10.723 1.005
2025  1 19 10 20  0 2.84 10.199 10.717 1.005
2025  1 19 10 25  0 2.84 10.180 10.727 1.005
2025  1 19 10 30  0 2.84 10.171 10.721 1.004
2025  1 19 10 35  0 2.84 10.162 10.735 1.005
2025  1 19 10 40  0 2.84 10.171 10.719 1.005
2025  1 19 10 45  0 2.84 10.171 10.716 1.004
2025  1 19 10 50  0 2.84 10.171 10.722 1.005
2025  1 19 10 55  0 2.84 10.171 10.720 1.005
2025  1 19 11  0  0 2.84 10.180 10.725 1.005
2025  1 19 11  5  0 2.84 10.189 10.708 1.004
2025  1 19 11 10  0 2.84 10.180 10.717 1.004
2025  1 19 11 15  0 2.84 10.180 10.716 1.004
2025  1 19 11 20  0 2.84 10.189 10.721 1.005
2025  1 19 11 25  0 2.84 10.171 10.721 1.004
2025  1 19 11 30  0 2.84 10.217 10.712 1.005
2025  1 19 11 35  0 2.84 10.226 10.718 1.005
2025  1 19 11 40  0 2.84 10.226 10.708 1.005
2025  1 19 11 45  0 2.84 10.244 10.706 1.005
2025  1 19 11 50  0 2.84 10.244 10.705 1.005
2025  1 19 11 55  0 2.84 10.262 10.703 1.005
2025  1 19 12  0  0 2.84 10.272 10.715 1.005
2025  1 19 12  5  0 2.84 10.290 10.701 1.005
2025  1 19 12 10  0 2.84 10.317 10.692 1.005
2025  1 19 12 15  0 2.84 10.326 10.677 1.004
2025  1 19 12 20  0 2.84 10.354 10.688 1.005
2025  1 19 12 25  0 2.84 10.372 10.667 1.004
2025  1 19 12 30  0 2.84 10.390 10.683 1.005
2025  1 19 12 35  0 2.84 10.408 10.669 1.005
2025  1 19 12 40  0 2.84 10.445 10.661 1.005
2025  1 19 12 45  0 2.84 10.445 10.661 1.005
2025  1 19 12 50  0 2.84 10.481 10.661 1.005
2025  1 19 12 55  0 2.84 10.499 10.637 1.004
2025  1 19 13  0  0 2.84 10.526 10.638 1.004
2025  1 19 13  5  0 2.84 10.545 10.636 1.005
2025  1 19 13 10  0 2.84 10.590 10.630 1.005
2025  1 19 13 15  0 2.84 10.608 10.630 1.005
2025  1 19 13 20  0 2.84 10.626 10.607 1.004
2025  1 19 13 25  0 2.84 10.663 10.625 1.005
2025  1 19 13 30  0 2.84 10.681 10.617 1.005
2025  1 19 13 35  0 2.84 10.708 10.592 1.004
2025  1 19 13 40  0 2.84 10.744 10.593 1.005
2025  1 19 13 45  0 2.84 10.762 10.579 1.004
2025  1 19 13 50  0 2.84 10.780 10.586 1.005
2025  1 19 13 55  0 2.84 10.817 10.576 1.005
2025  1 19 14  0  0 2.84 10.853 10.559 1.005
2025  1 19 14  5  0 2.84 10.880 10.559 1.005
2025  1 19 14 10  0 2.84 10.916 10.562 1.005
2025  1 19 14 15  0 2.84 10.952 10.537 1.005
2025  1 19 14 20  0 2.84 10.970 10.542 1.005
2025  1 19 14 25  0 2.84 11.060 10.507 1.004
2025  1 19 14 30  0 2.84 11.087 10.504 1.005
2025  1 19 14 35  0 2.84 11.115 10.488 1.004
2025  1 19 14 40  0 2.84 11.169 10.485 1.004
2025  1 19 14 45  0 2.84 11.205 10.478 1.005
2025  1 19 14 50  0 2.84 11.250 10.461 1.004
2025  1 19 14 55  0 2.84 11.303 10.452 1.005
2025  1 19 15  0  0 2.84 11.330 10.450 1.004
2025  1 19 15  5  0 2.84 11.375 10.449 1.005
2025  1 19 15 10  0 2.84 11.447 10.416 1.005
2025  1 19 15 15  0 2.84 11.483 10.411 1.005
2025  1 19 15 20  0 2.84 11.519 10.397 1.004
2025  1 19 15 25  0 2.84 11.555 10.377 1.004
2025  1 19 15 30  0 2.84 11.590 10.387 1.004
2025  1 19 15 35  0 2.84 11.608 10.385 1.004
2025  1 19 15 40  0 2.84 11.662 10.360 1.004
2025  1 19 15 45  0 2.84 11.707 10.363 1.005
2025  1 19 15 50  0 2.84 11.742 10.347 1.004
2025  1 19 15 55  0 2.84 11.769 10.337 1.004
2025  1 19 16  0  0 2.84 11.823 10.342 1.005
2025  1 19 16  5  0 2.84 11.841 10.328 1.004
2025  1 19 16 10  0 2.84 11.894 10.311 1.004
2025  1 19 16 15  0 2.84 11.930 10.307 1.004
2025  1 19 16 20  0 2.84 11.974 10.298 1.005
2025  1 19 16 25  0 2.84 12.001 10.286 1.004
2025  1 19 16 30  0 2.84 12.054 10.273 1.004
2025  1 19 16 35  0 2.84 12.054 10.274 1.004
2025  1 19 16 40  0 2.84 12.099 10.262 1.004
2025  1 19 16 45  0 2.84 12.126 10.257 1.004
2025  1 19 16 50  0 2.84 12.152 10.260 1.005
2025  1 19 16 55  0 2.84 12.188 10.243 1.004
2025  1 19 17  0  0 2.84 12.214 10.243 1.005
2025  1 19 17  5  0 2.83 12.232 10.236 1.004
2025  1 19 17 10  0 2.84 12.259 10.218 1.004
2025  1 19 17 15  0 2.84 12.285 10.226 1.004
2025  1 19 17 20  0 2.83 12.312 10.212 1.004
2025  1 19 17 25  0 2.83 12.312 10.228 1.004
2025  1 19 17 30  0 2.84 12.339 10.217 1.005
2025  1 19 17 35  0 2.84 12.392 10.211 1.005
2025  1 19 17 40  0 2.84 12.392 10.219 1.005
2025  1 19 17 45  0 2.84 12.418 10.189 1.004
2025  1 19 17 50  0 2.84 12.445 10.194 1.004
2025  1 19 17 55  0 2.84 12.471 10.192 1.005
2025  1 19 18  0  0 2.84 12.498 10.175 1.004
2025  1 19 18  5  0 2.84 12.489 10.194 1.005
2025  1 19 18 10  0 2.84 12.542 10.175 1.005
2025  1 19 18 15  0 2.84 12.551 10.175 1.004
2025  1 19 18 20  0 2.84 12.595 10.151 1.004
2025  1 19 18 25  0 2.84 12.613 10.152 1.004
2025  1 19 18 30  0 2.84 12.613 10.153 1.004
2025  1 19 18 35  0 2.84 12.666 10.141 1.004
2025  1 19 18 40  0 2.84 12.684 10.136 1.004
2025  1 19 18 45  0 2.84 12.684 10.137 1.004
2025  1 19 18 50  0 2.84 12.701 10.129 1.004
2025  1 19 18 55  0 2.84 12.737 10.126 1.004
2025  1 19 19  0  0 2.84 12.754 10.134 1.004
2025  1 19 19  5  0 2.84 12.754 10.133 1.004
2025  1 19 19 10  0 2.84 12.789 10.120 1.005
2025  1 19 19 15  0 2.84 12.798 10.119 1.004
2025  1 19 19 20  0 2.84 12.798 10.119 1.004
2025  1 19 19 25  0 2.84 12.825 10.102 1.004
2025  1 19 19 30  0 2.84 12.825 10.114 1.004
2025  1 19 19 35  0 2.84 12.851 10.100 1.004
2025  1 19 19 40  0 2.84 12.869 10.102 1.005
2025  1 19 19 45  0 2.84 12.825 10.120 1.004
2025  1 19 19 50  0 2.84 12.851 10.099 1.004
2025  1 19 19 55  0 2.84 12.851 10.099 1.004
2025  1 19 20  0  0 2.84 12.878 10.090 1.004
2025  1 19 20  5  0 2.84 12.878 10.092 1.004
2025  1 19 20 10  0 2.84 12.886 10.097 1.004
2025  1 19 20 15  0 2.84 12.878 10.103 1.004
2025  1 19 20 20  0 2.84 12.869 10.105 1.004
2025  1 19 20 25  0 2.84 12.869 10.096 1.004
2025  1 19 20 30  0 2.84 12.860 10.109 1.005
2025  1 19 20 35  0 2.84 12.869 10.105 1.004
2025  1 19 20 40  0 2.84 12.860 10.109 1.004
2025  1 19 20 45  0 2.84 12.851 10.115 1.005
2025  1 19 20 50  0 2.84 12.851 10.120 1.005
2025  1 19 20 55  0 2.84 12.834 10.106 1.004
2025  1 19 21  0  0 2.84 12.825 10.110 1.004
2025  1 19 21  5  0 2.84 12.798 10.125 1.004
2025  1 19 21 10  0 2.84 12.825 10.110 1.004
2025  1 19 21 15  0 2.84 12.807 10.116 1.004
2025  1 19 21 20  0 2.84 12.789 10.118 1.004
2025  1 19 21 25  0 2.84 12.789 10.113 1.004
2025  1 19 21 30  0 2.84 12.772 10.121 1.004
2025  1 19 21 35  0 2.84 12.781 10.116 1.004
2025  1 19 21 40  0 2.84 12.772 10.108 1.003
2025  1 19 21 45  0 2.84 12.763 10.127 1.004
2025  1 19 21 50  0 2.84 12.745 10.122 1.004
2025  1 19 21 55  0 2.84 12.737 10.138 1.005
2025  1 19 22  0  0 2.84 12.737 10.139 1.004
2025  1 19 22  5  0 2.84 12.719 10.142 1.004
2025  1 19 22 10  0 2.84 12.692 10.150 1.004
2025  1 19 22 15  0 2.84 12.692 10.145 1.004
2025  1 19 22 20  0 2.84 12.692 10.143 1.004
2025  1 19 22 25  0 2.84 12.666 10.141 1.004
2025  1 19 22 30  0 2.84 12.648 10.150 1.004
2025  1 19 22 35  0 2.84 12.613 10.173 1.005
2025  1 19 22 40  0 2.84 12.622 10.138 1.003
2025  1 19 22 45  0 2.84 12.586 10.155 1.004
2025  1 19 22 50  0 2.84 12.525 10.186 1.004
2025  1 19 22 55  0 2.84 12.507 10.189 1.004
2025  1 19 23  0  0 2.84 12.463 10.210 1.005
2025  1 19 23  5  0 2.84 12.418 10.217 1.004
2025  1 19 23 10  0 2.84 12.321 10.219 1.004
2025  1 19 23 15  0 2.84 12.188 10.264 1.005
2025  1 19 23 20  0 2.84 12.037 10.277 1.005
2025  1 19 23 25  0 2.84 11.930 10.305 1.005
2025  1 19 23 30  0 2.84 11.760 10.346 1.005
2025  1 19 23 35  0 2.84 11.626 10.376 1.005
2025  1 19 23 40  0 2.84 11.501 10.398 1.005
2025  1 19 23 45  0 2.84 11.402 10.416 1.005
2025  1 19 23 50  0 2.84 11.285 10.441 1.005
2025  1 19 23 55  0 2.84 11.160 10.480 1.005
2025  1 20  0  0  0 2.84 11.078 10.502 1.005
2025  1 20  0  5  0 2.84 10.979 10.520 1.005
2025  1 20  0 10  0 2.84 10.916 10.534 1.005
2025  1 20  0 15  0 2.84 10.835 10.567 1.005
2025  1 20  0 20  0 2.84 10.762 10.578 1.005
2025  1 20  0 25  0 2.84 10.690 10.605 1.006
2025  1 20  0 30  0 2.84 10.617 10.608 1.005
2025  1 20  0 35  0 2.84 10.581 10.612 1.005
2025  1 20  0 40  0 2.84 10.526 10.630 1.006
2025  1 20  0 45  0 2.84 10.445 10.652 1.004
2025  1 20  0 50  0 2.84 10.417 10.652 1.005
2025  1 20  0 55  0 2.84 10.363 10.665 1.004
2025  1 20  1  0  0 2.84 10.308 10.680 1.004
2025  1 20  1  5  0 2.84 10.253 10.708 1.005
2025  1 20  1 10  0 2.84 10.217 10.700 1.004
2025  1 20  1 15  0 2.84 10.162 10.715 1.005
2025  1 20  1 20  0 2.84 10.107 10.728 1.004
2025  1 20  1 25  0 2.84 10.052 10.747 1.005
2025  1 20  1 30  0 2.84 10.016 10.746 1.004
2025  1 20  1 35  0 2.84 9.997 10.761 1.005
2025  1 20  1 40  0 2.84 9.970 10.752 1.005
2025  1 20  1 45  0 2.84 9.897 10.768 1.004
2025  1 20  1 50  0 2.84 9.841 10.789 1.005
2025  1 20  1 55  0 2.84 9.805 10.802 1.005
2025  1 20  2  0  0 2.84 9.768 10.802 1.004
2025  1 20  2  5  0 2.84 9.713 10.823 1.005
2025  1 20  2 10  0 2.84 9.713 10.818 1.004
2025  1 20  2 15  0 2.84 9.648 10.845 1.005
2025  1 20  2 20  0 2.84 9.612 10.836 1.004
2025  1 20  2 25  0 2.84 9.547 10.857 1.004
2025  1 20  2 30  0 2.84 9.556 10.857 1.004
2025  1 20  2 35  0 2.84 9.501 10.873 1.004
2025  1 20  2 40  0 2.84 9.492 10.891 1.005
2025  1 20  2 45  0 2.84 9.482 10.876 1.004
2025  1 20  2 50  0 2.84 9.473 10.902 1.005
2025  1 20  2 55  0 2.84 9.464 10.893 1.005
2025  1 20  3  0  0 2.84 9.464 10.889 1.005
2025  1 20  3  5  0 2.84 9.482 10.872 1.004
2025  1 20  3 10  0 2.84 9.455 10.887 1.005
2025  1 20  3 15  0 2.84 9.464 10.861 1.004
2025  1 20  3 20  0 2.84 9.455 10.882 1.005
2025  1 20  3 25  0 2.84 9.464 10.883 1.005
2025  1 20  3 30  0 2.84 9.427 10.881 1.004
2025  1 20  3 35  0 2.84 9.418 10.873 1.004
2025  1 20  3 40  0 2.84 9.399 10.897 1.005
2025  1 20  3 45  0 2.84 9.371 10.890 1.004
2025  1 20  3 50  0 2.84 9.381 10.892 1.004
2025  1 20  3 55  0 2.84 9.362 10.885 1.004
2025  1 20  4  0  0 2.84 9.344 10.890 1.004
2025  1 20  4  5  0 2.84 9.334 10.909 1.004
2025  1 20  4 10  0 2.84 9.307 10.919 1.004
2025  1 20  4 15  0 2.84 9.334 10.912 1.005
2025  1 20  4 20  0 2.84 9.316 10.909 1.004
2025  1 20  4 25  0 2.84 9.297 10.924 1.005
2025  1 20  4 30  0 2.84 9.297 10.915 1.004
2025  1 20  4 35  0 2.84 9.260 10.934 1.005
2025  1 20  4 40  0 2.84 9.242 10.944 1.005
2025  1 20  4 45  0 2.84 9.242 10.932 1.004
2025  1 20  4 50  0 2.84 9.223 10.929 1.004
2025  1 20  4 55  0 2.84 9.196 10.955 1.004
2025  1 20  5  0  0 2.84 9.158 10.983 1.005
2025  1 20  5  5  0 2.84 9.131 10.968 1.004
2025  1 20  5 10  0 2.84 9.158 10.968 1.004
2025  1 20  5 15  0 2.84 9.131 10.979 1.005
2025  1 20  5 20  0 2.84 9.121 10.974 1.004
2025  1 20  5 25  0 2.84 9.103 10.978 1.004
2025  1 20  5 30  0 2.84 9.084 10.995 1.005
2025  1 20  5 35  0 2.84 9.047 11.001 1.005
2025  1 20  5 40  0 2.84 9.038 10.992 1.004
2025  1 20  5 45  0 2.84 9.028 10.990 1.004
2025  1 20  5 50  0 2.84 8.991 10.997 1.004
2025  1 20  5 55  0 2.84 8.982 11.000 1.004
2025  1 20  6  0  0 2.84 8.954 11.019 1.004
2025  1 20  6  5  0 2.84 8.935 11.026 1.005
2025  1 20  6 10  0 2.84 8.907 11.024 1.004
2025  1 20  6 15  0 2.84 8.889 11.027 1.004
2025  1 20  6 20  0 2.84 8.861 11.038 1.004
2025  1 20  6 25  0 2.84 8.879 11.034 1.005
2025  1 20  6 30  0 2.84 8.851 11.034 1.004
2025  1 20  6 35  0 2.84 8.842 11.040 1.005
2025  1 20  6 40  0 2.84 8.823 11.036 1.004
2025  1 20  6 45  0 2.84 8.786 11.050 1.005
2025  1 20  6 50  0 2.84 8.777 11.030 1.004
2025  1 20  6 55  0 2.84 8.711 11.071 1.004
2025  1 20  7  0  0 2.84 8.590 11.114 1.005
2025  1 20  7  5  0 2.84 8.440 11.145 1.005
2025  1 20  7 10  0 2.84 8.355 11.164 1.004
2025  1 20  7 15  0 2.84 8.289 11.177 1.004
2025  1 20  7 20  0 2.84 8.251 11.195 1.005
2025  1 20  7 25  0 2.84 8.223 11.199 1.005
2025  1 20  7 30  0 2.84 8.280 11.181 1.005
2025  1 20  7 35  0 2.84 8.261 11.179 1.005
2025  1 20  7 40  0 2.84 8.138 11.215 1.004
2025  1 20  7 45  0 2.85 8.044 11.238 1.005
2025  1 20  7 50  0 2.85 7.835 11.280 1.004
2025  1 20  7 55  0 2.84 7.607 11.370 1.005
2025  1 20  8  0  0 2.84 7.407 11.406 1.005
2025  1 20  8  5  0 2.84 7.186 11.470 1.006
2025  1 20  8 10  0 2.84 7.071 11.484 1.005
2025  1 20  8 15  0 2.85 6.888 11.547 1.005
2025  1 20  8 20  0 2.85 6.762 11.579 1.005
2025  1 20  8 25  0 2.85 6.675 11.588 1.004
2025  1 20  8 30  0 2.85 6.578 11.651 1.006
2025  1 20  8 35  0 2.85 6.520 11.673 1.006
2025  1 20  8 40  0 2.84 6.403 11.698 1.005
2025  1 20  8 45  0 2.84 6.315 11.729 1.005
2025  1 20  8 50  0 2.84 6.179 11.764 1.005
2025  1 20  8 55  0 2.84 6.110 11.771 1.005
2025  1 20  9  0  0 2.84 5.983 11.809 1.005
2025  1 20  9  5  0 2.85 5.904 11.826 1.004
2025  1 20  9 10  0 2.85 5.825 11.852 1.005
2025  1 20  9 15  0 2.85 5.727 11.879 1.005
2025  1 20  9 20  0 2.85 5.667 11.884 1.004
2025  1 20  9 25  0 2.85 5.588 11.895 1.004
2025  1 20  9 30  0 2.85 5.529 11.928 1.005
2025  1 20  9 35  0 2.85 5.489 11.929 1.004
2025  1 20  9 40  0 2.85 5.450 11.954 1.005
2025  1 20  9 45  0 2.85 5.440 11.952 1.004
2025  1 20  9 50  0 2.85 5.440 11.946 1.004
2025  1 20  9 55  0 2.85 5.430 11.970 1.005
2025  1 20 10  0  0 2.85 5.420 11.967 1.005
2025  1 20 10  5  0 2.85 5.479 11.936 1.005
2025  1 20 10 10  0 2.85 5.549 11.930 1.005
2025  1 20 10 15  0 2.85 5.687 11.886 1.005
2025  1 20 10 20  0 2.85 5.835 11.833 1.004
2025  1 20 10 25  0 2.84 6.032 11.773 1.005
2025  1 20 10 30  0 2.84 8.814 10.965 0.997
2025  1 20 10 35  0 2.84 9.777 10.564 0.997
2025  1 20 10 40  0 2.84 10.071 10.400 0.996
2025  1 20 10 45  0 2.84 10.199 10.390 0.997
2025  1 20 10 50  0 2.84 10.272 10.362 0.996
2025  1 20 10 55  0 2.84 10.326 10.341 0.995
2025  1 20 11  0  0 2.84 10.354 10.336 0.996
2025  1 20 11  5  0 2.84 10.326 10.227 0.996
2025  1 20 11 10  0 2.84 10.372 10.304 0.996
2025  1 20 11 15  0 2.84 10.381 10.314 0.996
2025  1 20 11 20  0 2.84 10.390 10.301 0.996
2025  1 20 11 25  0 2.84 10.426 10.216 0.995
2025  1 20 11 30  0 2.84 10.399 10.230 0.996
2025  1 20 11 35  0 2.84 10.344 10.242 0.996
2025  1 20 11 40  0 2.84 10.335 10.252 0.996
2025  1 20 11 45  0 2.84 10.317 10.315 0.996
2025  1 20 11 50  0 2.84 10.335 10.278 0.996
2025  1 20 11 55  0 2.84 10.326 10.260 0.995
2025  1 20 12  0  0 2.84 10.326 10.264 0.995
2025  1 20 12  5  0 2.84 10.317 10.234 0.996
2025  1 20 12 10  0 2.84 10.290 10.247 0.995
2025  1 20 12 15  0 2.84 10.299 10.245 0.995
2025  1 20 12 20  0 2.84 10.272 10.256 0.995
2025  1 20 12 25  0 2.84 10.290 10.292 0.995
2025  1 20 12 30  0 2.84 10.281 10.366 0.994
2025  1 20 12 35  0 2.84 10.281 10.380 0.995
2025  1 20 12 40  0 2.84 10.272 10.290 0.995
2025  1 20 12 45  0 2.84 10.272 10.233 0.996
2025  1 20 12 50  0 2.84 10.290 10.227 0.996
2025  1 20 12 55  0 2.84 10.290 10.243 0.996
2025  1 20 13  0  0 2.84 10.290 10.242 0.996
2025  1 20 13  5  0 2.84 10.281 10.250 0.995
2025  1 20 13 10  0 2.84 10.290 10.243 0.996
2025  1 20 13 15  0 2.84 10.272 10.262 0.996
2025  1 20 13 20  0 2.84 10.253 10.261 0.996
2025  1 20 13 25  0 2.84 10.290 10.250 0.996
2025  1 20 13 30  0 2.84 10.281 10.258 0.995
2025  1 20 13 35  0 2.84 10.290 10.249 0.995
2025  1 20 13 40  0 2.84 10.253 10.275 0.995
2025  1 20 13 45  0 2.84 10.290 10.264 0.995
2025  1 20 13 50  0 2.84 10.281 10.273 0.996
2025  1 20 13 55  0 2.84 10.290 10.267 0.995
2025  1 20 14  0  0 2.84 10.262 10.282 0.996
2025  1 20 14  5  0 2.84 10.272 10.271 0.994
2025  1 20 14 10  0 2.84 10.299 10.277 0.996
2025  1 20 14 15  0 2.84 10.281 10.279 0.996
2025  1 20 14 20  0 2.84 10.253 10.279 0.995
2025  1 20 14 25  0 2.84 10.272 10.280 0.996
2025  1 20 14 30  0 2.84 10.272 10.278 0.995
2025  1 20 14 35  0 2.84 10.281 10.270 0.996
2025  1 20 14 40  0 2.84 10.281 10.275 0.996
2025  1 20 14 45  0 2.84 10.262 10.283 0.996
2025  1 20 14 50  0 2.84 10.262 10.283 0.996
2025  1 20 14 55  0 2.84 10.244 10.290 0.996
2025  1 20 15  0  0 2.84 10.272 10.302 0.996
2025  1 20 15  5  0 2.84 10.253 10.293 0.995
2025  1 20 15 10  0 2.84 10.281 10.276 0.995
2025  1 20 15 15  0 2.84 10.262 10.289 0.996
2025  1 20 15 20  0 2.84 10.272 10.276 0.996
2025  1 20 15 25  0 2.84 10.281 10.282 0.996
2025  1 20 15 30  0 2.84 10.253 10.283 0.996
2025  1 20 15 35  0 2.84 10.262 10.271 0.995
2025  1 20 15 40  0 2.84 10.244 10.289 0.997
2025  1 20 15 45  0 2.84 10.226 10.301 0.997
2025  1 20 15 50  0 2.84 10.253 10.296 0.996
2025  1 20 15 55  0 2.84 10.244 10.284 0.995
2025  1 20 16  0  0 2.84 10.262 10.302 0.996
2025  1 20 16  5  0 2.84 10.235 10.295 0.996
2025  1 20 16 10  0 2.84 10.244 10.286 0.996
2025  1 20 16 15  0 2.84 10.272 10.278 0.996
2025  1 20 16 20  0 2.84 10.253 10.288 0.996
2025  1 20 16 25  0 2.84 10.272 10.281 0.996
2025  1 20 16 30  0 2.84 10.253 10.281 0.996
2025  1 20 16 35  0 2.84 10.262 10.299 0.996
2025  1 20 16 40  0 2.84 10.272 10.282 0.996
2025  1 20 16 45  0 2.84 10.262 10.276 0.996
2025  1 20 16 50  0 2.84 10.253 10.263 0.996
2025  1 20 16 55  0 2.84 10.226 10.290 0.996
2025  1 20 17  0  0 2.84 10.235 10.301 0.996
2025  1 20 17  5  0 2.84 10.217 10.300 0.996
2025  1 20 17 10  0 2.84 10.199 10.304 0.997
2025  1 20 17 15  0 2.84 10.217 10.282 0.996
2025  1 20 17 20  0 2.84 10.208 10.306 0.997
2025  1 20 17 25  0 2.84 10.189 10.300 0.996
2025  1 20 17 30  0 2.84 10.217 10.297 0.996
2025  1 20 17 35  0 2.84 10.226 10.302 0.996
2025  1 20 17 40  0 2.84 10.189 10.324 0.996
2025  1 20 17 45  0 2.84 10.217 10.305 0.997
2025  1 20 17 50  0 2.84 10.171 10.276 0.996
2025  1 20 17 55  0 2.84 10.071 10.255 0.996
2025  1 20 18  0  0 2.84 9.942 10.251 0.997
2025  1 20 18  5  0 2.84 9.851 10.216 0.996
2025  1 20 18 10  0 2.84 9.768 10.246 0.996
2025  1 20 18 15  0 2.84 9.731 10.265 0.996
2025  1 20 18 20  0 2.84 9.731 10.283 0.996
2025  1 20 18 25  0 2.84 9.713 10.282 0.996
2025  1 20 18 30  0 2.84 9.685 10.292 0.996
2025  1 20 18 35  0 2.84 9.648 10.332 0.996
2025  1 20 18 40  0 2.84 9.648 10.338 0.996
2025  1 20 18 45  0 2.84 9.630 10.344 0.996
2025  1 20 18 50  0 2.84 9.630 10.350 0.997
2025  1 20 18 55  0 2.84 9.630 10.343 0.996
2025  1 20 19  0  0 2.84 9.612 10.348 0.996
2025  1 20 19  5  0 2.84 9.602 10.354 0.996
2025  1 20 19 10  0 2.84 9.621 10.351 0.996
2025  1 20 19 15  0 2.84 9.584 10.368 0.996
2025  1 20 19 20  0 2.84 9.584 10.352 0.996
2025  1 20 19 25  0 2.84 9.565 10.364 0.996
2025  1 20 19 30  0 2.84 9.584 10.354 0.996
2025  1 20 19 35  0 2.84 9.584 10.340 0.995
2025  1 20 19 40  0 2.84 9.547 10.392 0.996
2025  1 20 19 45  0 2.84 9.547 10.385 0.996
2025  1 20 19 50  0 2.84 9.547 10.374 0.996
2025  1 20 19 55  0 2.84 9.547 10.361 0.996
2025  1 20 20  0  0 2.84 9.519 10.365 0.996
2025  1 20 20  5  0 2.84 9.510 10.365 0.996
2025  1 20 20 10  0 2.84 9.519 10.343 0.996
2025  1 20 20 15  0 2.84 9.510 10.355 0.996
2025  1 20 20 20  0 2.84 9.510 10.359 0.996
2025  1 20 20 25  0 2.84 9.510 10.346 0.995
2025  1 20 20 30  0 2.84 9.519 10.357 0.996
2025  1 20 20 35  0 2.84 9.538 10.360 0.995
2025  1 20 20 40  0 2.84 9.519 10.374 0.996
2025  1 20 20 45  0 2.84 9.547 10.385 0.995
2025  1 20 20 50  0 2.84 9.584 10.388 0.996
2025  1 20 20 55  0 2.84 9.584 10.410 0.995
2025  1 20 21  0  0 2.84 9.612 10.434 0.996
2025  1 20 21  5  0 2.84 9.639 10.423 0.996
2025  1 20 21 10  0 2.84 9.639 10.430 0.995
2025  1 20 21 15  0 2.84 9.639 10.415 0.995
2025  1 20 21 20  0 2.84 9.676 10.423 0.996
2025  1 20 21 25  0 2.84 9.667 10.435 0.995
2025  1 20 21 30  0 2.84 9.667 10.437 0.996
2025  1 20 21 35  0 2.84 9.658 10.440 0.995
2025  1 20 21 40  0 2.84 9.676 10.434 0.995
2025  1 20 21 45  0 2.84 9.685 10.442 0.996
2025  1 20 21 50  0 2.84 9.658 10.452 0.996
2025  1 20 21 55  0 2.84 9.676 10.446 0.995
2025  1 20 22  0  0 2.84 9.694 10.447 0.996
2025  1 20 22  5  0 2.84 9.694 10.450 0.995
2025  1 20 22 10  0 2.84 9.694 10.440 0.995
2025  1 20 22 15  0 2.84 9.685 10.452 0.995
2025  1 20 22 20  0 2.84 9.722 10.444 0.995
2025  1 20 22 25  0 2.84 9.694 10.451 0.994
2025  1 20 22 30  0 2.84 9.694 10.461 0.994
2025  1 20 22 35  0 2.84 9.713 10.458 0.994
2025  1 20 22 40  0 2.84 9.713 10.449 0.994
2025  1 20 22 45  0 2.84 9.713 10.442 0.994
2025  1 20 22 50  0 2.84 9.704 10.438 0.995
2025  1 20 22 55  0 2.84 9.685 10.439 0.995
2025  1 20 23  0  0 2.84 9.667 10.444 0.994
2025  1 20 23  5  0 2.84 9.676 10.445 0.994
2025  1 20 23 10  0 2.84 9.658 10.449 0.995
2025  1 20 23 15  0 2.84 9.658 10.430 0.994
2025  1 20 23 20  0 2.84 9.630 10.439 0.994
2025  1 20 23 25  0 2.84 9.630 10.417 0.994
2025  1 20 23 30  0 2.84 9.621 10.421 0.995
2025  1 20 23 35  0 2.84 9.621 10.413 0.995
2025  1 20 23 40  0 2.84 9.602 10.412 0.994
2025  1 20 23 45  0 2.84 9.593 10.410 0.994
2025  1 20 23 50  0 2.84 9.630 10.390 0.995
2025  1 20 23 55  0 2.84 9.575 10.418 0.994
2025  1 21  0  0  0 2.84 9.593 10.408 0.995
2025  1 21  0  5  0 2.84 9.593 10.403 0.995
2025  1 21  0 10  0 2.84 9.575 10.389 0.995
2025  1 21  0 15  0 2.84 9.575 10.384 0.995
2025  1 21  0 20  0 2.84 9.565 10.394 0.995
2025  1 21  0 25  0 2.84 9.575 10.401 0.995
2025  1 21  0 30  0 2.84 9.565 10.409 0.995
2025  1 21  0 35  0 2.84 9.556 10.400 0.995
2025  1 21  0 40  0 2.84 9.556 10.391 0.996
2025  1 21  0 45  0 2.84 9.565 10.365 0.994
2025  1 21  0 50  0 2.84 9.547 10.409 0.996
2025  1 21  0 55  0 2.84 9.556 10.408 0.995
2025  1 21  1  0  0 2.84 9.556 10.418 0.995
2025  1 21  1  5  0 2.84 9.547 10.432 0.996
2025  1 21  1 10  0 2.84 9.575 10.368 0.995
2025  1 21  1 15  0 2.84 9.565 10.372 0.995
2025  1 21  1 20  0 2.84 9.556 10.337 0.995
2025  1 21  1 25  0 2.84 9.565 10.369 0.995
2025  1 21  1 30  0 2.84 9.556 10.350 0.995
2025  1 21  1 35  0 2.84 9.538 10.360 0.996
2025  1 21  1 40  0 2.84 9.556 10.353 0.996
2025  1 21  1 45  0 2.84 9.547 10.383 0.995
2025  1 21  1 50  0 2.84 9.556 10.381 0.995
2025  1 21  1 55  0 2.84 9.538 10.392 0.995
2025  1 21  2  0  0 2.84 9.565 10.383 0.995
2025  1 21  2  5  0 2.84 9.529 10.409 0.996
2025  1 21  2 10  0 2.84 9.547 10.361 0.995
2025  1 21  2 15  0 2.84 9.538 10.377 0.996
2025  1 21  2 20  0 2.84 9.565 10.356 0.996
2025  1 21  2 25  0 2.84 9.556 10.363 0.995
2025  1 21  2 30  0 2.84 9.556 10.363 0.995
2025  1 21  2 35  0 2.84 9.565 10.371 0.996
2025  1 21  2 40  0 2.84 9.547 10.381 0.995
2025  1 21  2 45  0 2.84 9.565 10.377 0.996
2025  1 21  2 50  0 2.84 9.547 10.394 0.996
2025  1 21  2 55  0 2.84 9.565 10.343 0.994
2025  1 21  3  0  0 2.84 9.556 10.353 0.996
2025  1 21  3  5  0 2.84 9.547 10.353 0.996
2025  1 21  3 10  0 2.84 9.547 10.365 0.996
2025  1 21  3 15  0 2.84 9.556 10.359 0.995
2025  1 21  3 20  0 2.84 9.556 10.338 0.995
2025  1 21  3 25  0 2.84 9.529 10.354 0.995
2025  1 21  3 30  0 2.84 9.529 10.359 0.996
2025  1 21  3 35  0 2.84 9.547 10.350 0.995
2025  1 21  3 40  0 2.84 9.538 10.363 0.996
2025  1 21  3 45  0 2.84 9.547 10.350 0.995
2025  1 21  3 50  0 2.84 9.565 10.335 0.995
2025  1 21  3 55  0 2.84 9.538 10.363 0.996
2025  1 21  4  0  0 2.84 9.529 10.355 0.995
2025  1 21  4  5  0 2.84 9.519 10.354 0.995
2025  1 21  4 10  0 2.84 9.519 10.352 0.995
2025  1 21  4 15  0 2.84 9.547 10.361 0.997
2025  1 21  4 20  0 2.84 9.547 10.359 0.996
2025  1 21  4 25  0 2.84 9.556 10.354 0.996
2025  1 21  4 30  0 2.84 9.538 10.386 0.996
2025  1 21  4 35  0 2.84 9.538 10.379 0.996
2025  1 21  4 40  0 2.84 9.529 10.358 0.996
2025  1 21  4 45  0 2.84 9.538 10.359 0.996
2025  1 21  4 50  0 2.84 9.538 10.362 0.997
2025  1 21  4 55  0 2.84 9.547 10.347 0.996
2025  1 21  5  0  0 2.84 9.538 10.357 0.996
2025  1 21  5  5  0 2.84 9.538 10.351 0.996
2025  1 21  5 10  0 2.84 9.547 10.376 0.996
2025  1 21  5 15  0 2.84 9.547 10.399 0.996
2025  1 21  5 20  0 2.84 9.547 10.352 0.996
2025  1 21  5 25  0 2.84 9.547 10.330 0.995
2025  1 21  5 30  0 2.84 9.529 10.348 0.996
2025  1 21  5 35  0 2.84 9.519 10.350 0.996
2025  1 21  5 40  0 2.84 9.538 10.370 0.995
2025  1 21  5 45  0 2.84 9.538 10.375 0.997
2025  1 21  5 50  0 2.84 9.519 10.380 0.996
2025  1 21  5 55  0 2.84 9.538 10.378 0.996
2025  1 21  6  0  0 2.84 9.519 10.354 0.996
2025  1 21  6  5  0 2.84 9.510 10.347 0.996
2025  1 21  6 10  0 2.84 9.538 10.364 0.996
2025  1 21  6 15  0 2.84 9.547 10.347 0.996
2025  1 21  6 20  0 2.84 9.519 10.368 0.997
2025  1 21  6 25  0 2.84 9.538 10.355 0.995
2025  1 21  6 30  0 2.84 9.529 10.343 0.996
2025  1 21  6 35  0 2.84 9.519 10.334 0.996
2025  1 21  6 40  0 2.84 9.529 10.325 0.996
2025  1 21  6 45  0 2.84 9.519 10.358 0.996
2025  1 21  6 50  0 2.84 9.519 10.353 0.996
2025  1 21  6 55  0 2.84 9.547 10.364 0.997
2025  1 21  7  0  0 2.84 9.538 10.328 0.996
2025  1 21  7  5  0 2.84 9.529 10.325 0.997
2025  1 21  7 10  0 2.84 9.519 10.339 0.996
2025  1 21  7 15  0 2.84 9.538 10.336 0.997
2025  1 21  7 20  0 2.84 9.538 10.318 0.997
2025  1 21  7 25  0 2.84 9.538 10.327 0.997
2025  1 21  7 30  0 2.84 9.529 10.324 0.997
2025  1 21  7 35  0 2.84 9.547 10.325 0.997
2025  1 21  7 40  0 2.84 9.529 10.300 0.996
2025  1 21  7 45  0 2.84 9.538 10.270 0.996
2025  1 21  7 50  0 2.84 9.547 10.251 0.996
2025  1 21  7 55  0 2.84 9.556 10.232 0.996
2025  1 21  8  0  0 2.84 9.519 10.280 0.997
2025  1 21  8  5  0 2.84 9.529 10.273 0.997
2025  1 21  8 10  0 2.84 9.501 10.290 0.997
2025  1 21  8 15  0 2.84 9.547 10.241 0.997
2025  1 21  8 20  0 2.84 9.547 10.242 0.996
2025  1 21  8 25  0 2.84 9.529 10.253 0.997
2025  1 21  8 30  0 2.84 9.529 10.248 0.996
2025  1 21  8 35  0 2.84 9.519 10.254 0.996
2025  1 21  8 40  0 2.84 9.538 10.263 0.997
2025  1 21  8 45  0 2.84 9.529 10.268 0.997
2025  1 21  8 50  0 2.84 9.538 10.264 0.996
2025  1 21  8 55  0 2.84 9.529 10.279 0.997
2025  1 21  9  0  0 2.84 9.538 10.235 0.997
2025  1 21  9  5  0 2.84 9.529 10.253 0.997
2025  1 21  9 10  0 2.84 9.547 10.229 0.997
2025  1 21  9 15  0 2.84 9.529 10.239 0.997
2025  1 21  9 20  0 2.84 9.529 10.233 0.996
2025  1 21  9 25  0 2.84 9.510 10.257 0.997
2025  1 21  9 30  0 2.84 9.501 10.265 0.996
2025  1 21  9 35  0 2.84 9.510 10.264 0.996
2025  1 21  9 40  0 2.84 9.510 10.274 0.997
2025  1 21  9 45  0 2.84 9.510 10.274 0.997
2025  1 21  9 50  0 2.84 9.501 10.269 0.996
2025  1 21  9 55  0 2.84 9.519 10.253 0.996
2025  1 21 10  0  0 2.84 9.501 10.266 0.997
2025  1 21 10  5  0 2.84 9.492 10.252 0.997
2025  1 21 10 10  0 2.84 9.519 10.236 0.996
2025  1 21 10 15  0 2.84 9.501 10.260 0.997
2025  1 21 10 20  0 2.84 9.482 10.254 0.997
2025  1 21 10 25  0 2.84 9.492 10.240 0.997
2025  1 21 10 30  0 2.84 9.501 10.242 0.997
2025  1 21 10 35  0 2.84 9.501 10.240 0.997
2025  1 21 10 40  0 2.84 9.492 10.221 0.996
2025  1 21 10 45  0 2.84 9.492 10.226 0.997
2025  1 21 10 50  0 2.84 9.492 10.212 0.997
2025  1 21 10 55  0 2.84 9.529 10.162 0.996
2025  1 21 11  0  0 2.84 9.501 10.173 0.997
2025  1 21 11  5  0 2.84 9.510 10.156 0.997
2025  1 21 11 10  0 2.84 9.519 10.111 0.996
2025  1 21 11 15  0 2.84 9.501 10.183 0.997
2025  1 21 11 20  0 2.84 9.510 10.154 0.996
2025  1 21 11 25  0 2.84 9.501 10.128 0.996
2025  1 21 11 30  0 2.84 9.510 10.124 0.997
2025  1 21 11 35  0 2.84 9.501 10.223 0.996
2025  1 21 11 40  0 2.84 9.464 10.225 0.996
2025  1 21 11 45  0 2.84 9.473 10.229 0.996
2025  1 21 11 50  0 2.84 9.418 10.237 0.997
2025  1 21 11 55  0 2.84 9.436 10.242 0.997
2025  1 21 12  0  0 2.84 9.473 10.211 0.996
2025  1 21 12  5  0 2.84 9.455 10.221 0.996
2025  1 21 12 10  0 2.84 9.445 10.155 0.996
2025  1 21 12 15  0 2.84 9.455 10.129 0.996
2025  1 21 12 20  0 2.84 9.492 10.127 0.997
2025  1 21 12 25  0 2.84 9.455 10.168 0.997
2025  1 21 12 30  0 2.84 9.455 10.167 0.996
2025  1 21 12 35  0 2.84 9.427 10.178 0.996
2025  1 21 12 40  0 2.84 9.445 10.147 0.996
2025  1 21 12 45  0 2.84 9.427 10.153 0.996
2025  1 21 12 50  0 2.84 9.473 10.149 0.996
2025  1 21 12 55  0 2.84 9.510 10.220 0.996
2025  1 21 13  0  0 2.84 9.556 10.275 0.997
2025  1 21 13  5  0 2.84 9.602 10.279 0.996
2025  1 21 13 10  0 2.84 9.612 10.317 0.997
2025  1 21 13 15  0 2.84 9.639 10.258 0.996
2025  1 21 13 20  0 2.84 9.648 10.304 0.997
2025  1 21 13 25  0 2.84 9.630 10.329 0.996
2025  1 21 13 30  0 2.84 9.658 10.341 0.996
2025  1 21 13 35  0 2.84 9.658 10.344 0.996
2025  1 21 13 40  0 2.84 9.667 10.340 0.996
2025  1 21 13 45  0 2.84 9.658 10.360 0.996
2025  1 21 13 50  0 2.84 9.658 10.361 0.997
2025  1 21 13 55  0 2.84 9.667 10.354 0.996
2025  1 21 14  0  0 2.84 9.658 10.373 0.997
2025  1 21 14  5  0 2.84 9.667 10.356 0.997
2025  1 21 14 10  0 2.84 9.648 10.367 0.997
2025  1 21 14 15  0 2.84 9.658 10.342 0.996
2025  1 21 14 20  0 2.84 9.648 10.326 0.996
2025  1 21 14 25  0 2.84 9.648 10.326 0.996
2025  1 21 14 30  0 2.84 9.621 10.334 0.996
2025  1 21 14 35  0 2.84 9.630 10.361 0.996
2025  1 21 14 40  0 2.84 9.621 10.395 0.996
2025  1 21 14 45  0 2.84 9.621 10.351 0.996
2025  1 21 14 50  0 2.84 9.602 10.351 0.996
2025  1 21 14 55  0 2.84 9.612 10.281 0.996
2025  1 21 15  0  0 2.84 9.612 10.282 0.996
2025  1 21 15  5  0 2.84 9.602 10.295 0.996
2025  1 21 15 10  0 2.84 9.612 10.328 0.997
2025  1 21 15 15  0 2.84 9.602 10.367 0.997
2025  1 21 15 20  0 2.84 9.612 10.361 0.996
2025  1 21 15 25  0 2.84 9.612 10.329 0.996
2025  1 21 15 30  0 2.84 9.612 10.335 0.997
2025  1 21 15 35  0 2.84 9.612 10.348 0.996
2025  1 21 15 40  0 2.84 9.612 10.346 0.996
2025  1 21 15 45  0 2.84 9.612 10.326 0.996
2025  1 21 15 50  0 2.84 9.612 10.315 0.997
2025  1 21 15 55  0 2.84 9.630 10.304 0.997
2025  1 21 16  0  0 2.84 9.639 10.321 0.996
2025  1 21 16  5  0 2.84 9.639 10.302 0.996
2025  1 21 16 10  0 2.84 9.630 10.310 0.996
2025  1 21 16 15  0 2.84 9.621 10.318 0.997
2025  1 21 16 20  0 2.84 9.630 10.320 0.997
2025  1 21 16 25  0 2.84 9.612 10.338 0.996
2025  1 21 16 30  0 2.84 9.593 10.359 0.997
2025  1 21 16 35  0 2.84 9.602 10.329 0.996
2025  1 21 16 40  0 2.84 9.612 10.345 0.997
2025  1 21 16 45  0 2.84 9.602 10.328 0.997
2025  1 21 16 50  0 2.84 9.602 10.341 0.996
2025  1 21 16 55  0 2.84 9.593 10.331 0.996
2025  1 21 17  0  0 2.84 9.593 10.335 0.997
2025  1 21 17  5  0 2.84 9.584 10.328 0.997
2025  1 21 17 10  0 2.84 9.584 10.309 0.996
2025  1 21 17 15  0 2.84 9.565 10.281 0.996
2025  1 21 17 20  0 2.84 9.547 10.262 0.996
2025  1 21 17 25  0 2.84 9.529 10.253 0.995
2025  1 21 17 30  0 2.84 9.501 10.276 0.997
2025  1 21 17 35  0 2.84 9.519 10.245 0.996
2025  1 21 17 40  0 2.84 9.529 10.254 0.996
2025  1 21 17 45  0 2.84 9.529 10.259 0.996
2025  1 21 17 50  0 2.84 9.501 10.284 0.996
2025  1 21 17 55  0 2.84 9.510 10.276 0.997
2025  1 21 18  0  0 2.84 9.519 10.289 0.997
2025  1 21 18  5  0 2.84 9.501 10.288 0.997
2025  1 21 18 10  0 2.84 9.519 10.297 0.996
2025  1 21 18 15  0 2.84 9.482 10.325 0.997
2025  1 21 18 20  0 2.84 9.510 10.312 0.997
2025  1 21 18 25  0 2.84 9.510 10.288 0.996
2025  1 21 18 30  0 2.84 9.501 10.310 0.997
2025  1 21 18 35  0 2.84 9.519 10.285 0.996
2025  1 21 18 40  0 2.84 9.464 10.106 0.996
2025  1 21 18 45  0 2.84 9.325 10.145 0.997
2025  1 21 18 50  0 2.84 9.205 10.104 0.997
2025  1 21 18 55  0 2.84 9.149 10.132 0.997
2025  1 21 19  0  0 2.84 9.103 10.131 0.996
2025  1 21 19  5  0 2.84 9.084 10.133 0.996
2025  1 21 19 10  0 2.84 9.038 10.122 0.996
2025  1 21 19 15  0 2.84 8.917 10.007 0.996
2025  1 21 19 20  0 2.84 8.851 10.041 0.996
2025  1 21 19 25  0 2.84 8.842 10.033 0.996
2025  1 21 19 30  0 2.84 8.814 10.051 0.996
2025  1 21 19 35  0 2.84 8.814 10.038 0.997
2025  1 21 19 40  0 2.84 8.786 10.038 0.996
2025  1 21 19 45  0 2.84 8.805 10.141 0.996
2025  1 21 19 50  0 2.84 8.814 10.159 0.996
2025  1 21 19 55  0 2.84 8.805 10.173 0.997
2025  1 21 20  0  0 2.84 8.777 10.021 0.996
2025  1 21 20  5  0 2.84 8.758 10.033 0.996
2025  1 21 20 10  0 2.84 8.739 10.044 0.996
2025  1 21 20 15  0 2.84 8.749 10.003 0.996
2025  1 21 20 20  0 2.84 8.571 9.953 0.996
2025  1 21 20 25  0 2.84 8.505 9.956 0.996
2025  1 21 20 30  0 2.84 8.430 9.970 0.996
2025  1 21 20 35  0 2.84 8.374 9.981 0.996
2025  1 21 20 40  0 2.84 8.336 9.990 0.997
2025  1 21 20 45  0 2.84 8.317 9.975 0.995
2025  1 21 20 50  0 2.84 8.298 9.976 0.995
2025  1 21 20 55  0 2.84 8.317 9.973 0.995
2025  1 21 21  0  0 2.84 8.298 9.978 0.996
2025  1 21 21  5  0 2.84 8.298 9.968 0.996
2025  1 21 21 10  0 2.84 8.336 9.941 0.996
2025  1 21 21 15  0 2.84 8.327 9.952 0.996
2025  1 21 21 20  0 2.84 8.336 9.948 0.995
2025  1 21 21 25  0 2.84 8.346 9.928 0.995
2025  1 21 21 30  0 2.84 8.355 9.930 0.996
2025  1 21 21 35  0 2.84 8.364 9.946 0.995
2025  1 21 21 40  0 2.84 8.355 9.991 0.996
2025  1 21 21 45  0 2.84 8.421 9.953 0.995
2025  1 21 21 50  0 2.84 8.421 9.972 0.996
2025  1 21 21 55  0 2.84 8.430 9.954 0.995
2025  1 21 22  0  0 2.84 8.402 9.979 0.996
2025  1 21 22  5  0 2.84 8.411 9.987 0.996
2025  1 21 22 10  0 2.84 8.393 9.983 0.995
2025  1 21 22 15  0 2.84 8.374 9.997 0.996
2025  1 21 22 20  0 2.84 8.383 9.999 0.995
2025  1 21 22 25  0 2.84 8.364 10.037 0.996
2025  1 21 22 30  0 2.84 8.355 10.029 0.996
2025  1 21 22 35  0 2.84 8.364 10.042 0.996
2025  1 21 22 40  0 2.84 8.364 10.020 0.995
2025  1 21 22 45  0 2.84 8.346 10.025 0.996
2025  1 21 22 50  0 2.84 8.355 10.039 0.996
2025  1 21 22 55  0 2.84 8.355 10.033 0.996
2025  1 21 23  0  0 2.84 8.364 10.013 0.995
2025  1 21 23  5  0 2.84 8.364 10.022 0.995
2025  1 21 23 10  0 2.84 8.374 10.014 0.996
2025  1 21 23 15  0 2.84 8.374 10.028 0.996
2025  1 21 23 20  0 2.84 8.374 10.012 0.996
2025  1 21 23 25  0 2.84 8.355 10.013 0.996
2025  1 21 23 30  0 2.84 8.364 10.004 0.996
2025  1 21 23 35  0 2.84 8.364 10.008 0.996
2025  1 21 23 40  0 2.84 8.383 9.998 0.995
2025  1 21 23 45  0 2.84 8.364 10.006 0.996
2025  1 21 23 50  0 2.84 8.393 10.015 0.996
2025  1 21 23 55  0 2.84 8.374 9.995 0.995
2025  1 22  0  0  0 2.84 8.374 9.985 0.996
2025  1 22  0  5  0 2.84 8.383 9.997 0.995
2025  1 22  0 10  0 2.84 8.411 9.995 0.996
2025  1 22  0 15  0 2.84 8.421 9.920 0.995
2025  1 22  0 20  0 2.84 8.430 9.929 0.995
2025  1 22  0 25  0 2.84 8.440 9.935 0.996
2025  1 22  0 30  0 2.84 8.468 9.919 0.996
2025  1 22  0 35  0 2.84 8.458 9.783 0.995
2025  1 22  0 40  0 2.84 8.458 9.889 0.996
2025  1 22  0 45  0 2.84 8.468 9.895 0.996
2025  1 22  0 50  0 2.84 8.449 9.898 0.996
2025  1 22  0 55  0 2.84 8.458 9.874 0.995
2025  1 22  1  0  0 2.84 8.458 9.885 0.996
2025  1 22  1  5  0 2.84 8.477 9.898 0.996
2025  1 22  1 10  0 2.84 8.430 9.847 0.996
2025  1 22  1 15  0 2.84 8.402 9.826 0.996
2025  1 22  1 20  0 2.84 8.355 9.812 0.995
2025  1 22  1 25  0 2.84 8.336 9.807 0.995
2025  1 22  1 30  0 2.84 8.317 9.800 0.995
2025  1 22  1 35  0 2.84 8.317 9.799 0.996
2025  1 22  1 40  0 2.84 8.308 9.788 0.996
2025  1 22  1 45  0 2.84 8.317 9.783 0.995
2025  1 22  1 50  0 2.84 8.308 9.782 0.995
2025  1 22  1 55  0 2.84 8.308 9.782 0.995
2025  1 22  2  0  0 2.84 8.251 9.822 0.995
2025  1 22  2  5  0 2.84 8.289 9.818 0.996
2025  1 22  2 10  0 2.84 8.289 9.797 0.996
2025  1 22  2 15  0 2.84 8.327 9.764 0.995
2025  1 22  2 20  0 2.84 8.364 9.789 0.995
2025  1 22  2 25  0 2.84 8.374 9.858 0.996
2025  1 22  2 30  0 2.84 8.336 9.909 0.996
2025  1 22  2 35  0 2.84 8.317 9.921 0.995
2025  1 22  2 40  0 2.84 8.336 9.935 0.996
2025  1 22  2 45  0 2.84 8.308 9.936 0.995
2025  1 22  2 50  0 2.84 8.336 9.935 0.995
2025  1 22  2 55  0 2.84 8.317 9.937 0.996
2025  1 22  3  0  0 2.84 8.308 9.939 0.995
2025  1 22  3  5  0 2.84 8.308 9.931 0.995
2025  1 22  3 10  0 2.84 8.317 9.934 0.995
2025  1 22  3 15  0 2.84 8.317 9.941 0.996
2025  1 22  3 20  0 2.84 8.327 9.916 0.996
2025  1 22  3 25  0 2.84 8.336 9.916 0.995
2025  1 22  3 30  0 2.84 8.327 9.927 0.996
2025  1 22  3 35  0 2.84 8.308 9.916 0.995
2025  1 22  3 40  0 2.84 8.317 9.913 0.996
2025  1 22  3 45  0 2.84 8.327 9.945 0.996
2025  1 22  3 50  0 2.84 8.336 9.908 0.995
2025  1 22  3 55  0 2.84 8.327 9.915 0.995
2025  1 22  4  0  0 2.84 8.346 9.913 0.996
2025  1 22  4  5  0 2.84 8.327 9.895 0.996
2025  1 22  4 10  0 2.84 8.317 9.920 0.996
2025  1 22  4 15  0 2.84 8.336 9.911 0.996
2025  1 22  4 20  0 2.84 8.336 9.926 0.995
2025  1 22  4 25  0 2.84 8.336 9.984 0.996
2025  1 22  4 30  0 2.84 8.383 10.017 0.995
2025  1 22  4 35  0 2.84 8.393 10.017 0.995
2025  1 22  4 40  0 2.84 8.411 10.004 0.996
2025  1 22  4 45  0 2.84 8.402 9.991 0.995
2025  1 22  4 50  0 2.84 8.393 10.001 0.996
2025  1 22  4 55  0 2.84 8.383 9.970 0.995
2025  1 22  5  0  0 2.84 8.393 9.978 0.996
2025  1 22  5  5  0 2.84 8.393 9.987 0.996
2025  1 22  5 10  0 2.84 8.383 9.987 0.995
2025  1 22  5 15  0 2.84 8.393 9.982 0.995
2025  1 22  5 20  0 2.84 8.336 9.879 0.996
2025  1 22  5 25  0 2.84 8.308 9.831 0.995
2025  1 22  5 30  0 2.84 8.270 9.816 0.995
2025  1 22  5 35  0 2.84 8.270 9.765 0.995
2025  1 22  5 40  0 2.84 8.242 9.830 0.995
2025  1 22  5 45  0 2.84 8.223 9.859 0.995
2025  1 22  5 50  0 2.84 8.223 9.852 0.995
2025  1 22  5 55  0 2.84 8.214 9.851 0.995
2025  1 22  6  0  0 2.84 8.176 9.872 0.995
2025  1 22  6  5  0 2.84 8.148 9.921 0.995
2025  1 22  6 10  0 2.84 8.138 9.932 0.995
2025  1 22  6 15  0 2.84 8.129 9.928 0.995
2025  1 22  6 20  0 2.84 8.129 9.925 0.995
2025  1 22  6 25  0 2.84 8.091 9.925 0.995
2025  1 22  6 30  0 2.84 8.082 9.911 0.995
2025  1 22  6 35  0 2.84 8.091 9.923 0.996
2025  1 22  6 40  0 2.84 8.044 9.938 0.996
2025  1 22  6 45  0 2.84 7.987 9.940 0.995
2025  1 22  6 50  0 2.84 7.987 9.936 0.995
2025  1 22  6 55  0 2.84 7.949 9.933 0.995
2025  1 22  7  0  0 2.84 7.911 9.947 0.995
2025  1 22  7  5  0 2.84 7.892 9.957 0.996
2025  1 22  7 10  0 2.84 7.864 9.957 0.995
2025  1 22  7 15  0 2.84 7.835 9.958 0.996
2025  1 22  7 20  0 2.84 7.826 9.967 0.995
2025  1 22  7 25  0 2.84 7.797 9.967 0.995
2025  1 22  7 30  0 2.84 7.797 9.971 0.996
2025  1 22  7 35  0 2.84 7.797 9.976 0.996
2025  1 22  7 40  0 2.84 7.769 9.979 0.995
2025  1 22  7 45  0 2.84 7.759 9.983 0.996
2025  1 22  7 50  0 2.84 7.759 9.979 0.996
2025  1 22  7 55  0 2.84 7.740 9.971 0.995
2025  1 22  8  0  0 2.84 7.721 9.961 0.995
2025  1 22  8  5  0 2.84 7.712 9.992 0.996
2025  1 22  8 10  0 2.84 7.702 9.988 0.996
2025  1 22  8 15  0 2.84 7.702 9.980 0.995
2025  1 22  8 20  0 2.84 7.683 9.980 0.995
2025  1 22  8 25  0 2.84 7.702 9.962 0.995
2025  1 22  8 30  0 2.84 7.645 9.987 0.996
2025  1 22  8 35  0 2.84 7.617 9.978 0.995
2025  1 22  8 40  0 2.84 7.626 9.970 0.995
2025  1 22  8 45  0 2.84 7.598 9.978 0.995
2025  1 22  8 50  0 2.84 7.598 9.965 0.995
2025  1 22  8 55  0 2.84 7.579 9.951 0.995
2025  1 22  9  0  0 2.84 7.521 9.972 0.996
2025  1 22  9  5  0 2.84 7.493 9.973 0.995
2025  1 22  9 10  0 2.84 7.493 9.976 0.996
2025  1 22  9 15  0 2.84 7.512 9.966 0.996
2025  1 22  9 20  0 2.84 7.483 9.968 0.996
2025  1 22  9 25  0 2.84 7.445 9.969 0.995
2025  1 22  9 30  0 2.84 7.474 9.974 0.995
2025  1 22  9 35  0 2.84 7.454 9.976 0.996
2025  1 22  9 40  0 2.84 7.445 9.978 0.995
2025  1 22  9 45  0 2.84 7.445 9.977 0.995
2025  1 22  9 50  0 2.84 7.445 9.990 0.995
2025  1 22  9 55  0 2.84 7.426 9.987 0.995
2025  1 22 10  0  0 2.84 7.454 9.988 0.995
2025  1 22 10  5  0 2.84 7.445 10.004 0.995
2025  1 22 10 10  0 2.84 7.435 10.007 0.995
2025  1 22 10 15  0 2.84 7.416 10.021 0.996
2025  1 22 10 20  0 2.84 7.445 9.985 0.995
2025  1 22 10 25  0 2.84 7.435 9.999 0.995
2025  1 22 10 30  0 2.84 7.426 10.015 0.995
2025  1 22 10 35  0 2.84 7.435 10.018 0.995
2025  1 22 10 40  0 2.84 7.407 10.020 0.995
2025  1 22 10 45  0 2.84 7.416 10.020 0.995
2025  1 22 10 50  0 2.84 7.435 10.030 0.995
2025  1 22 10 55  0 2.84 7.416 10.018 0.996
2025  1 22 11  0  0 2.84 7.426 10.032 0.996
2025  1 22 11  5  0 2.84 7.426 10.009 0.995
2025  1 22 11 10  0 2.84 7.426 9.982 0.995
2025  1 22 11 15  0 2.84 7.426 10.006 0.995
2025  1 22 11 20  0 2.84 7.407 10.037 0.996
2025  1 22 11 25  0 2.84 7.426 9.996 0.995
2025  1 22 11 30  0 2.84 7.416 10.000 0.995
2025  1 22 11 35  0 2.84 7.445 9.990 0.995
2025  1 22 11 40  0 2.84 7.445 9.965 0.995
2025  1 22 11 45  0 2.84 7.388 9.990 0.995
2025  1 22 11 50  0 2.84 7.397 9.972 0.995
2025  1 22 11 55  0 2.84 7.368 9.976 0.995
2025  1 22 12  0  0 2.84 7.397 9.962 0.995
2025  1 22 12  5  0 2.84 7.388 9.977 0.995
2025  1 22 12 10  0 2.84 7.378 9.962 0.995
2025  1 22 12 15  0 2.84 7.368 9.968 0.995
2025  1 22 12 20  0 2.84 7.368 9.946 0.995
2025  1 22 12 25  0 2.84 7.359 9.943 0.994
2025  1 22 12 30  0 2.84 7.378 9.955 0.995
2025  1 22 12 35  0 2.84 7.368 9.955 0.995
2025  1 22 12 40  0 2.84 7.349 9.961 0.995
2025  1 22 12 45  0 2.84 7.378 9.960 0.995
2025  1 22 12 50  0 2.84 7.368 9.962 0.994
2025  1 22 12 55  0 2.84 7.388 9.972 0.995
2025  1 22 13  0  0 2.84 7.368 9.971 0.994
2025  1 22 13  5  0 2.84 7.378 9.973 0.995
2025  1 22 13 10  0 2.84 7.388 9.962 0.995
2025  1 22 13 15  0 2.84 7.388 9.962 0.994
2025  1 22 13 20  0 2.84 7.407 9.955 0.994
2025  1 22 13 25  0 2.84 7.416 9.948 0.994
2025  1 22 13 30  0 2.84 7.397 9.962 0.995
2025  1 22 13 35  0 2.84 7.407 9.962 0.994
2025  1 22 13 40  0 2.84 7.407 9.958 0.994
2025  1 22 13 45  0 2.84 7.397 9.955 0.995
2025  1 22 13 50  0 2.84 7.368 9.982 0.994
2025  1 22 13 55  0 2.84 7.388 9.980 0.996
2025  1 22 14  0  0 2.84 7.388 9.974 0.995
2025  1 22 14  5  0 2.84 7.388 9.969 0.994
2025  1 22 14 10  0 2.84 7.368 9.975 0.994
2025  1 22 14 15  0 2.84 7.397 9.975 0.995
2025  1 22 14 20  0 2.84 7.397 9.971 0.994
2025  1 22 14 25  0 2.84 7.397 9.967 0.994
2025  1 22 14 30  0 2.84 7.407 9.958 0.994
2025  1 22 14 35  0 2.84 7.388 9.964 0.994
2025  1 22 14 40  0 2.84 7.397 9.967 0.994
2025  1 22 14 45  0 2.84 7.388 9.965 0.994
2025  1 22 14 50  0 2.84 7.397 9.962 0.994
2025  1 22 14 55  0 2.84 7.397 9.961 0.995
2025  1 22 15  0  0 2.84 7.407 9.951 0.994
2025  1 22 15  5  0 2.84 7.388 9.958 0.994
2025  1 22 15 10  0 2.84 7.397 9.959 0.994
2025  1 22 15 15  0 2.84 7.388 9.947 0.995
2025  1 22 15 20  0 2.84 7.416 9.935 0.995
2025  1 22 15 25  0 2.84 7.416 9.950 0.994
2025  1 22 15 30  0 2.84 7.407 9.950 0.995
2025  1 22 15 35  0 2.84 7.407 9.956 0.995
2025  1 22 15 40  0 2.84 7.407 9.951 0.994
2025  1 22 15 45  0 2.84 7.407 9.964 0.995
2025  1 22 15 50  0 2.84 7.416 9.954 0.994
2025  1 22 15 55  0 2.84 7.435 9.952 0.994
2025  1 22 16  0  0 2.84 7.426 9.946 0.994
2025  1 22 16  5  0 2.84 7.426 9.939 0.994
2025  1 22 16 10  0 2.84 7.435 9.950 0.995
2025  1 22 16 15  0 2.84 7.416 9.944 0.994
2025  1 22 16 20  0 2.84 7.416 9.929 0.994
2025  1 22 16 25  0 2.84 7.445 9.899 0.994
2025  1 22 16 30  0 2.84 7.445 9.922 0.994
2025  1 22 16 35  0 2.84 7.435 9.876 0.995
2025  1 22 16 40  0 2.84 7.435 9.871 0.993
2025  1 22 16 45  0 2.84 7.416 9.882 0.994
2025  1 22 16 50  0 2.84 7.445 9.906 0.995
2025  1 22 16 55  0 2.84 7.416 9.888 0.994
2025  1 22 17  0  0 2.84 7.454 9.879 0.994
2025  1 22 17  5  0 2.84 7.454 9.890 0.994
2025  1 22 17 10  0 2.84 7.454 9.904 0.994
2025  1 22 17 15  0 2.84 7.445 9.883 0.994
2025  1 22 17 20  0 2.84 7.445 9.914 0.994
2025  1 22 17 25  0 2.84 7.474 9.895 0.994
2025  1 22 17 30  0 2.84 7.454 9.888 0.995
2025  1 22 17 35  0 2.84 7.435 9.891 0.994
2025  1 22 17 40  0 2.84 7.493 9.832 0.994
2025  1 22 17 45  0 2.84 7.464 9.883 0.994
2025  1 22 17 50  0 2.84 7.474 9.839 0.994
2025  1 22 17 55  0 2.84 7.474 9.852 0.994
2025  1 22 18  0  0 2.84 7.474 9.836 0.993
2025  1 22 18  5  0 2.84 7.464 9.864 0.994
2025  1 22 18 10  0 2.84 7.474 9.874 0.994
2025  1 22 18 15  0 2.84 7.483 9.869 0.994
2025  1 22 18 20  0 2.84 7.493 9.863 0.994
2025  1 22 18 25  0 2.84 7.493 9.866 0.994
2025  1 22 18 30  0 2.84 7.474 9.873 0.994
2025  1 22 18 35  0 2.84 7.474 9.851 0.993
2025  1 22 18 40  0 2.84 7.464 9.836 0.994
2025  1 22 18 45  0 2.84 7.445 9.831 0.994
2025  1 22 18 50  0 2.84 7.464 9.825 0.994
2025  1 22 18 55  0 2.84 7.445 9.810 0.994
2025  1 22 19  0  0 2.84 7.445 9.801 0.994
2025  1 22 19  5  0 2.84 7.445 9.845 0.994
2025  1 22 19 10  0 2.84 7.435 9.826 0.994
2025  1 22 19 15  0 2.84 7.445 9.790 0.994
2025  1 22 19 20  0 2.84 7.454 9.822 0.994
2025  1 22 19 25  0 2.84 7.445 9.837 0.995
2025  1 22 19 30  0 2.84 7.445 9.830 0.994
2025  1 22 19 35  0 2.84 7.416 9.853 0.994
2025  1 22 19 40  0 2.84 7.426 9.856 0.994
2025  1 22 19 45  0 2.84 7.416 9.869 0.994
2025  1 22 19 50  0 2.84 7.397 9.871 0.994
2025  1 22 19 55  0 2.84 7.407 9.864 0.994
2025  1 22 20  0  0 2.84 7.407 9.879 0.994
2025  1 22 20  5  0 2.84 7.435 9.879 0.995
2025  1 22 20 10  0 2.84 7.416 9.887 0.994
2025  1 22 20 15  0 2.84 7.407 9.885 0.994
2025  1 22 20 20  0 2.84 7.407 9.873 0.994
2025  1 22 20 25  0 2.84 7.407 9.902 0.994
2025  1 22 20 30  0 2.84 7.416 9.894 0.995
2025  1 22 20 35  0 2.84 7.426 9.875 0.994
2025  1 22 20 40  0 2.84 7.435 9.880 0.994
2025  1 22 20 45  0 2.84 7.426 9.879 0.994
2025  1 22 20 50  0 2.84 7.435 9.871 0.994
2025  1 22 20 55  0 2.84 7.435 9.877 0.994
2025  1 22 21  0  0 2.84 7.445 9.887 0.994
2025  1 22 21  5  0 2.84 7.435 9.896 0.994
2025  1 22 21 10  0 2.84 7.435 9.918 0.994
2025  1 22 21 15  0 2.84 7.435 9.908 0.994
2025  1 22 21 20  0 2.84 7.416 9.911 0.994
2025  1 22 21 25  0 2.84 7.388 9.934 0.995
2025  1 22 21 30  0 2.84 7.368 9.945 0.995
2025  1 22 21 35  0 2.84 7.368 9.949 0.995
2025  1 22 21 40  0 2.84 7.330 9.974 0.995
2025  1 22 21 45  0 2.84 7.349 9.955 0.994
2025  1 22 21 50  0 2.84 7.330 9.962 0.994
2025  1 22 21 55  0 2.84 7.321 9.971 0.995
2025  1 22 22  0  0 2.84 7.340 9.979 0.995
2025  1 22 22  5  0 2.84 7.321 9.970 0.994
2025  1 22 22 10  0 2.84 7.311 9.983 0.995
2025  1 22 22 15  0 2.84 7.301 9.969 0.994
2025  1 22 22 20  0 2.84 7.311 10.017 0.995
2025  1 22 22 25  0 2.84 7.388 9.987 0.995
2025  1 22 22 30  0 2.84 7.388 10.009 0.994
2025  1 22 22 35  0 2.84 7.359 9.997 0.995
2025  1 22 22 40  0 2.84 7.330 9.970 0.995
2025  1 22 22 45  0 2.84 7.301 9.985 0.995
2025  1 22 22 50  0 2.84 7.330 9.982 0.996
2025  1 22 22 55  0 2.84 7.301 9.983 0.996
2025  1 22 23  0  0 2.84 7.273 9.987 0.995
2025  1 22 23  5  0 2.84 7.263 9.994 0.995
2025  1 22 23 10  0 2.84 7.253 9.982 0.994
2025  1 22 23 15  0 2.84 7.253 9.979 0.994
2025  1 22 23 20  0 2.84 7.225 10.002 0.995
2025  1 22 23 25  0 2.84 7.205 9.997 0.995
2025  1 22 23 30  0 2.84 7.215 9.995 0.995
2025  1 22 23 35  0 2.84 7.234 9.982 0.995
2025  1 22 23 40  0 2.84 7.225 9.980 0.995
2025  1 22 23 45  0 2.84 7.196 9.978 0.995
2025  1 22 23 50  0 2.84 7.186 9.992 0.996
2025  1 22 23 55  0 2.84 7.215 9.991 0.995
2025  1 23  0  0  0 2.84 7.263 9.958 0.994
2025  1 23  0  5  0 2.84 7.225 9.953 0.995
2025  1 23  0 10  0 2.84 7.215 9.962 0.994
2025  1 23  0 15  0 2.84 7.244 9.981 0.995
2025  1 23  0 20  0 2.84 7.253 9.969 0.994
2025  1 23  0 25  0 2.84 7.292 9.966 0.994
2025  1 23  0 30  0 2.84 7.292 9.970 0.995
2025  1 23  0 35  0 2.84 7.301 9.964 0.995
2025  1 23  0 40  0 2.84 7.273 9.968 0.993
2025  1 23  0 45  0 2.84 7.282 9.961 0.995
2025  1 23  0 50  0 2.84 7.263 9.982 0.995
2025  1 23  0 55  0 2.84 7.234 9.974 0.995
2025  1 23  1  0  0 2.84 7.253 9.941 0.995
2025  1 23  1  5  0 2.84 7.234 9.958 0.995
2025  1 23  1 10  0 2.84 7.244 9.957 0.994
2025  1 23  1 15  0 2.84 7.244 9.973 0.995
2025  1 23  1 20  0 2.84 7.253 9.941 0.994
2025  1 23  1 25  0 2.84 7.253 9.931 0.994
2025  1 23  1 30  0 2.84 7.244 9.961 0.995
2025  1 23  1 35  0 2.84 7.244 9.955 0.995
2025  1 23  1 40  0 2.84 7.234 9.962 0.995
2025  1 23  1 45  0 2.84 7.234 9.970 0.995
2025  1 23  1 50  0 2.84 7.234 9.957 0.995
2025  1 23  1 55  0 2.84 7.234 9.935 0.994
2025  1 23  2  0  0 2.84 7.234 9.955 0.994
2025  1 23  2  5  0 2.84 7.225 9.967 0.995
2025  1 23  2 10  0 2.84 7.215 9.953 0.994
2025  1 23  2 15  0 2.84 7.215 9.950 0.995
2025  1 23  2 20  0 2.84 7.225 9.944 0.994
2025  1 23  2 25  0 2.84 7.167 9.926 0.995
2025  1 23  2 30  0 2.84 7.157 9.916 0.995
2025  1 23  2 35  0 2.84 7.167 9.889 0.994
2025  1 23  2 40  0 2.84 7.148 9.948 0.994
2025  1 23  2 45  0 2.84 7.167 9.903 0.995
2025  1 23  2 50  0 2.84 7.148 9.923 0.994
2025  1 23  2 55  0 2.84 7.167 9.932 0.994
2025  1 23  3  0  0 2.84 7.148 9.935 0.995
2025  1 23  3  5  0 2.84 7.138 9.892 0.995
2025  1 23  3 10  0 2.84 7.148 9.877 0.994
2025  1 23  3 15  0 2.84 7.138 9.881 0.995
2025  1 23  3 20  0 2.84 7.109 9.889 0.994
2025  1 23  3 25  0 2.84 7.081 9.901 0.994
2025  1 23  3 30  0 2.84 7.081 9.919 0.995
2025  1 23  3 35  0 2.84 7.071 9.942 0.995
2025  1 23  3 40  0 2.84 7.081 9.900 0.994
2025  1 23  3 45  0 2.84 7.052 9.931 0.995
2025  1 23  3 50  0 2.84 7.081 9.945 0.994
2025  1 23  3 55  0 2.84 7.109 9.916 0.994
2025  1 23  4  0  0 2.84 7.061 9.886 0.994
2025  1 23  4  5  0 2.84 7.042 9.903 0.994
2025  1 23  4 10  0 2.84 7.061 9.892 0.994
2025  1 23  4 15  0 2.84 7.071 9.907 0.994
2025  1 23  4 20  0 2.84 7.042 9.912 0.994
2025  1 23  4 25  0 2.84 7.061 9.909 0.995
2025  1 23  4 30  0 2.84 7.071 9.923 0.994
2025  1 23  4 35  0 2.84 7.071 9.926 0.994
2025  1 23  4 40  0 2.84 7.042 9.935 0.994
2025  1 23  4 45  0 2.84 7.071 9.869 0.994
2025  1 23  4 50  0 2.84 7.042 9.931 0.994
2025  1 23  4 55  0 2.84 7.100 9.932 0.994
2025  1 23  5  0  0 2.84 7.081 9.928 0.994
2025  1 23  5  5  0 2.84 7.090 9.938 0.994
2025  1 23  5 10  0 2.84 7.061 9.935 0.994
2025  1 23  5 15  0 2.84 7.090 9.933 0.995
2025  1 23  5 20  0 2.84 7.071 9.882 0.994
2025  1 23  5 25  0 2.84 7.042 9.889 0.994
2025  1 23  5 30  0 2.84 7.032 9.908 0.994
2025  1 23  5 35  0 2.84 7.052 9.907 0.995
2025  1 23  5 40  0 2.84 7.061 9.885 0.995
2025  1 23  5 45  0 2.84 7.061 9.881 0.994
2025  1 23  5 50  0 2.84 7.061 9.872 0.995
2025  1 23  5 55  0 2.84 7.061 9.874 0.994
2025  1 23  6  0  0 2.84 7.052 9.897 0.995
2025  1 23  6  5  0 2.84 7.052 9.883 0.995
2025  1 23  6 10  0 2.84 7.023 9.892 0.994
2025  1 23  6 15  0 2.84 7.052 9.883 0.994
2025  1 23  6 20  0 2.84 7.061 9.894 0.995
2025  1 23  6 25  0 2.84 7.032 9.892 0.994
2025  1 23  6 30  0 2.84 7.052 9.924 0.994
2025  1 23  6 35  0 2.84 7.061 9.931 0.995
2025  1 23  6 40  0 2.84 7.071 9.925 0.994
2025  1 23  6 45  0 2.84 7.081 9.952 0.994
2025  1 23  6 50  0 2.84 7.071 9.956 0.995
2025  1 23  6 55  0 2.84 7.100 9.947 0.994
2025  1 23  7  0  0 2.84 7.090 9.959 0.994
2025  1 23  7  5  0 2.84 7.071 9.889 0.994
2025  1 23  7 10  0 2.84 7.081 9.838 0.994
2025  1 23  7 15  0 2.84 7.061 9.898 0.994
2025  1 23  7 20  0 2.84 7.061 9.914 0.993
2025  1 23  7 25  0 2.84 7.071 9.911 0.994
2025  1 23  7 30  0 2.84 7.061 9.921 0.994
2025  1 23  7 35  0 2.84 7.061 9.876 0.994
2025  1 23  7 40  0 2.84 7.090 9.890 0.994
2025  1 23  7 45  0 2.84 7.100 9.946 0.994
2025  1 23  7 50  0 2.84 7.090 9.881 0.994
2025  1 23  7 55  0 2.84 7.109 9.915 0.994
2025  1 23  8  0  0 2.84 7.119 9.892 0.995
2025  1 23  8  5  0 2.84 7.109 9.879 0.995
2025  1 23  8 10  0 2.84 7.109 9.865 0.994
2025  1 23  8 15  0 2.84 7.109 9.888 0.995
2025  1 23  8 20  0 2.84 7.090 9.892 0.994
2025  1 23  8 25  0 2.84 7.061 9.897 0.994
2025  1 23  8 30  0 2.84 7.061 9.904 0.994
2025  1 23  8 35  0 2.84 7.061 9.925 0.994
2025  1 23  8 40  0 2.84 7.061 9.902 0.994
2025  1 23  8 45  0 2.84 7.042 9.905 0.994
2025  1 23  8 50  0 2.84 7.032 9.898 0.994
2025  1 23  8 55  0 2.84 7.023 9.906 0.994
2025  1 23  9  0  0 2.84 7.042 9.898 0.994
2025  1 23  9  5  0 2.84 7.042 9.895 0.994
2025  1 23  9 10  0 2.84 7.042 9.904 0.994
2025  1 23  9 15  0 2.84 7.032 9.908 0.994
2025  1 23  9 20  0 2.84 7.052 9.902 0.994
2025  1 23  9 25  0 2.84 7.032 9.916 0.994
2025  1 23  9 30  0 2.84 7.061 9.905 0.994
2025  1 23  9 35  0 2.84 7.081 9.903 0.994
2025  1 23  9 40  0 2.84 7.061 9.913 0.994
2025  1 23  9 45  0 2.84 7.090 9.902 0.994
2025  1 23  9 50  0 2.84 7.081 9.902 0.994
2025  1 23  9 55  0 2.84 7.109 9.897 0.994
2025  1 23 10  0  0 2.84 7.109 9.894 0.994
2025  1 23 10  5  0 2.84 7.119 9.892 0.994
2025  1 23 10 10  0 2.84 7.129 9.885 0.994
2025  1 23 10 15  0 2.84 7.129 9.901 0.995
2025  1 23 10 20  0 2.84 7.148 9.877 0.994
2025  1 23 10 25  0 2.84 7.129 9.885 0.994
2025  1 23 10 30  0 2.84 7.138 9.893 0.995
2025  1 23 10 35  0 2.84 7.157 9.880 0.994
2025  1 23 10 40  0 2.84 7.148 9.888 0.994
2025  1 23 10 45  0 2.84 7.138 9.886 0.994
2025  1 23 10 50  0 2.84 7.129 9.885 0.994
2025  1 23 10 55  0 2.84 7.138 9.886 0.994
2025  1 23 11  0  0 2.84 7.157 9.888 0.995
2025  1 23 11  5  0 2.84 7.157 9.876 0.994
2025  1 23 11 10  0 2.84 7.157 9.862 0.994
2025  1 23 11 15  0 2.84 7.157 9.854 0.994
2025  1 23 11 20  0 2.84 7.157 9.863 0.994
2025  1 23 11 25  0 2.84 7.157 9.851 0.994
2025  1 23 11 30  0 2.84 7.167 9.848 0.995
2025  1 23 11 35  0 2.84 7.167 9.835 0.994
2025  1 23 11 40  0 2.84 7.157 9.843 0.995
2025  1 23 11 45  0 2.84 7.186 9.835 0.995
2025  1 23 11 50  0 2.84 7.157 9.839 0.995
2025  1 23 11 55  0 2.84 7.157 9.839 0.995
2025  1 23 12  0  0 2.84 7.177 9.808 0.994
2025  1 23 12  5  0 2.84 7.186 9.807 0.995
2025  1 23 12 10  0 2.84 7.186 9.801 0.994
2025  1 23 12 15  0 2.84 7.177 9.826 0.995
2025  1 23 12 20  0 2.84 7.177 9.813 0.995
2025  1 23 12 25  0 2.84 7.205 9.819 0.995
2025  1 23 12 30  0 2.84 7.196 9.820 0.994
2025  1 23 12 35  0 2.84 7.215 9.821 0.995
2025  1 23 12 40  0 2.84 7.196 9.841 0.994
2025  1 23 12 45  0 2.84 7.205 9.817 0.994
2025  1 23 12 50  0 2.84 7.186 9.809 0.994
2025  1 23 12 55  0 2.84 7.177 9.820 0.994
2025  1 23 13  0  0 2.84 7.167 9.844 0.994
2025  1 23 13  5  0 2.84 7.148 9.850 0.995
2025  1 23 13 10  0 2.84 7.129 9.855 0.994
2025  1 23 13 15  0 2.84 7.148 9.850 0.995
2025  1 23 13 20  0 2.84 7.157 9.838 0.994
2025  1 23 13 25  0 2.84 7.167 9.848 0.994
2025  1 23 13 30  0 2.84 7.167 9.852 0.994
2025  1 23 13 35  0 2.84 7.157 9.840 0.994
2025  1 23 13 40  0 2.84 7.177 9.842 0.994
2025  1 23 13 45  0 2.84 7.177 9.842 0.994
2025  1 23 13 50  0 2.84 7.167 9.843 0.995
2025  1 23 13 55  0 2.84 7.177 9.832 0.994
2025  1 23 14  0  0 2.84 7.177 9.830 0.994
2025  1 23 14  5  0 2.84 7.186 9.836 0.994
2025  1 23 14 10  0 2.84 7.205 9.829 0.995
2025  1 23 14 15  0 2.84 7.186 9.822 0.994
2025  1 23 14 20  0 2.84 7.186 9.819 0.994
2025  1 23 14 25  0 2.84 7.196 9.824 0.994
2025  1 23 14 30  0 2.84 7.215 9.825 0.995
2025  1 23 14 35  0 2.84 7.196 9.816 0.994
2025  1 23 14 40  0 2.84 7.205 9.817 0.995
2025  1 23 14 45  0 2.84 7.205 9.812 0.994
2025  1 23 14 50  0 2.84 7.205 9.820 0.994
2025  1 23 14 55  0 2.84 7.215 9.812 0.995
2025  1 23 15  0  0 2.84 7.234 9.798 0.995
2025  1 23 15  5  0 2.84 7.196 9.805 0.994
2025  1 23 15 10  0 2.84 7.215 9.798 0.995
2025  1 23 15 15  0 2.84 7.196 9.792 0.994
2025  1 23 15 20  0 2.84 7.196 9.800 0.994
2025  1 23 15 25  0 2.84 7.196 9.805 0.994
2025  1 23 15 30  0 2.84 7.196 9.796 0.994
2025  1 23 15 35  0 2.84 7.215 9.800 0.994
2025  1 23 15 40  0 2.84 7.196 9.796 0.994
2025  1 23 15 45  0 2.84 7.205 9.829 0.994
2025  1 23 15 50  0 2.84 7.196 9.795 0.994
2025  1 23 15 55  0 2.84 7.225 9.786 0.994
2025  1 23 16  0  0 2.84 7.225 9.796 0.994
2025  1 23 16  5  0 2.84 7.215 9.784 0.994
2025  1 23 16 10  0 2.84 7.215 9.781 0.994
2025  1 23 16 15  0 2.84 7.234 9.776 0.994
2025  1 23 16 20  0 2.84 7.215 9.802 0.995
2025  1 23 16 25  0 2.84 7.225 9.773 0.994
2025  1 23 16 30  0 2.84 7.234 9.771 0.993
2025  1 23 16 35  0 2.84 7.205 9.785 0.994
2025  1 23 16 40  0 2.84 7.205 9.801 0.994
2025  1 23 16 45  0 2.84 7.215 9.771 0.993
2025  1 23 16 50  0 2.84 7.205 9.780 0.993
2025  1 23 16 55  0 2.84 7.225 9.782 0.993
2025  1 23 17  0  0 2.84 7.244 9.786 0.994
2025  1 23 17  5  0 2.84 7.263 9.823 0.994
2025  1 23 17 10  0 2.84 7.311 9.781 0.994
2025  1 23 17 15  0 2.84 7.349 9.724 0.994
2025  1 23 17 20  0 2.84 7.349 9.716 0.994
2025  1 23 17 25  0 2.84 7.388 9.832 0.994
2025  1 23 17 30  0 2.84 7.426 9.854 0.994
2025  1 23 17 35  0 2.84 7.435 9.853 0.994
2025  1 23 17 40  0 2.84 7.445 9.832 0.993
2025  1 23 17 45  0 2.84 7.435 9.817 0.993
2025  1 23 17 50  0 2.84 7.416 9.837 0.994
2025  1 23 17 55  0 2.84 7.445 9.859 0.994
2025  1 23 18  0  0 2.84 7.435 9.833 0.994
2025  1 23 18  5  0 2.84 7.397 9.824 0.994
2025  1 23 18 10  0 2.84 7.397 9.809 0.994
2025  1 23 18 15  0 2.84 7.388 9.843 0.994
2025  1 23 18 20  0 2.84 7.445 9.824 0.994
2025  1 23 18 25  0 2.84 7.435 9.826 0.994
2025  1 23 18 30  0 2.84 7.531 9.829 0.995
2025  1 23 18 35  0 2.84 7.502 9.847 0.995
2025  1 23 18 40  0 2.84 7.493 9.838 0.995
2025  1 23 18 45  0 2.84 7.483 9.848 0.995
2025  1 23 18 50  0 2.84 7.502 9.836 0.995
2025  1 23 18 55  0 2.84 7.483 9.819 0.995
2025  1 23 19  0  0 2.84 7.521 9.837 0.995
2025  1 23 19  5  0 2.84 7.540 9.828 0.995
2025  1 23 19 10  0 2.84 7.550 9.827 0.995
2025  1 23 19 15  0 2.84 7.531 9.828 0.995
2025  1 23 19 20  0 2.84 7.493 9.787 0.995
2025  1 23 19 25  0 2.84 7.454 9.820 0.994
2025  1 23 19 30  0 2.84 7.464 9.827 0.994
2025  1 23 19 35  0 2.84 7.483 9.835 0.995
2025  1 23 19 40  0 2.84 7.512 9.835 0.995
2025  1 23 19 45  0 2.84 7.493 9.824 0.995
2025  1 23 19 50  0 2.84 7.512 9.821 0.996
2025  1 23 19 55  0 2.84 7.521 9.816 0.995
2025  1 23 20  0  0 2.84 7.521 9.824 0.995
2025  1 23 20  5  0 2.84 7.559 9.809 0.995
2025  1 23 20 10  0 2.84 7.579 9.812 0.996
2025  1 23 20 15  0 2.84 7.559 9.801 0.995
2025  1 23 20 20  0 2.84 7.559 9.825 0.996
2025  1 23 20 25  0 2.84 7.559 9.813 0.996
2025  1 23 20 30  0 2.84 7.550 9.773 0.995
2025  1 23 20 35  0 2.84 7.521 9.752 0.995
2025  1 23 20 40  0 2.84 7.493 9.729 0.995
2025  1 23 20 45  0 2.84 7.359 9.695 0.995
2025  1 23 20 50  0 2.84 7.340 9.692 0.995
2025  1 23 20 55  0 2.84 7.378 9.833 0.995
2025  1 23 21  0  0 2.84 7.445 9.809 0.995
2025  1 23 21  5  0 2.84 7.483 9.798 0.995
2025  1 23 21 10  0 2.84 7.493 9.817 0.995
2025  1 23 21 15  0 2.84 7.512 9.818 0.995
2025  1 23 21 20  0 2.84 7.540 9.817 0.995
2025  1 23 21 25  0 2.84 7.598 9.959 0.996
2025  1 23 21 30  0 2.84 7.617 9.792 0.995
2025  1 23 21 35  0 2.84 7.559 9.816 0.995
2025  1 23 21 40  0 2.84 7.579 9.816 0.995
2025  1 23 21 45  0 2.84 7.540 9.835 0.995
2025  1 23 21 50  0 2.84 7.559 9.823 0.995
2025  1 23 21 55  0 2.84 7.512 9.729 0.995
2025  1 23 22  0  0 2.84 7.445 9.759 0.995
2025  1 23 22  5  0 2.84 7.464 9.847 0.995
2025  1 23 22 10  0 2.84 7.502 9.889 0.996
2025  1 23 22 15  0 2.84 7.626 9.860 0.995
2025  1 23 22 20  0 2.84 7.750 9.820 0.995
2025  1 23 22 25  0 2.84 7.559 9.755 0.995
2025  1 23 22 30  0 2.84 7.474 9.828 0.995
2025  1 23 22 35  0 2.84 7.607 9.861 0.996
2025  1 23 22 40  0 2.84 7.445 9.791 0.995
2025  1 23 22 45  0 2.84 7.464 9.912 0.996
2025  1 23 22 50  0 2.84 7.464 9.775 0.995
2025  1 23 22 55  0 2.84 7.521 9.885 0.995
2025  1 23 23  0  0 2.84 7.683 9.852 0.995
2025  1 23 23  5  0 2.84 7.731 9.856 0.996
2025  1 23 23 10  0 2.84 7.721 9.813 0.995
2025  1 23 23 15  0 2.84 7.550 9.776 0.995
2025  1 23 23 20  0 2.84 7.454 9.833 0.995
2025  1 23 23 25  0 2.84 7.435 9.846 0.996
2025  1 23 23 30  0 2.84 7.445 9.848 0.995
2025  1 23 23 35  0 2.84 7.454 9.858 0.995
2025  1 23 23 40  0 2.84 7.521 9.855 0.995
2025  1 23 23 45  0 2.84 7.579 9.830 0.995
2025  1 23 23 50  0 2.84 7.579 9.823 0.995
2025  1 23 23 55  0 2.84 7.540 9.853 0.995
2025  1 24  0  0  0 2.84 7.521 9.828 0.995
2025  1 24  0  5  0 2.84 7.502 9.821 0.995
2025  1 24  0 10  0 2.84 7.483 9.820 0.995
2025  1 24  0 15  0 2.84 7.531 9.804 0.995
2025  1 24  0 20  0 2.84 7.531 9.860 0.995
2025  1 24  0 25  0 2.84 7.569 9.840 0.995
2025  1 24  0 30  0 2.84 7.569 9.857 0.995
2025  1 24  0 35  0 2.84 7.540 9.825 0.995
2025  1 24  0 40  0 2.84 7.559 9.827 0.995
2025  1 24  0 45  0 2.84 7.588 9.847 0.995
2025  1 24  0 50  0 2.84 7.588 9.819 0.995
2025  1 24  0 55  0 2.84 7.540 9.849 0.995
2025  1 24  1  0  0 2.84 7.540 9.821 0.995
2025  1 24  1  5  0 2.84 7.540 9.829 0.995
2025  1 24  1 10  0 2.84 7.512 9.801 0.996
2025  1 24  1 15  0 2.84 7.502 9.787 0.995
2025  1 24  1 20  0 2.84 7.502 9.756 0.995
2025  1 24  1 25  0 2.84 7.483 9.769 0.995
2025  1 24  1 30  0 2.84 7.483 9.750 0.996
2025  1 24  1 35  0 2.84 7.502 9.766 0.995
2025  1 24  1 40  0 2.84 7.502 9.761 0.995
2025  1 24  1 45  0 2.84 7.493 9.768 0.995
2025  1 24  1 50  0 2.84 7.493 9.765 0.995
2025  1 24  1 55  0 2.84 7.540 9.829 0.995
2025  1 24  2  0  0 2.84 7.502 9.782 0.995
2025  1 24  2  5  0 2.84 7.493 9.726 0.996
2025  1 24  2 10  0 2.84 7.493 9.749 0.995
2025  1 24  2 15  0 2.84 7.483 9.756 0.995
2025  1 24  2 20  0 2.84 7.474 9.783 0.996
2025  1 24  2 25  0 2.84 7.493 9.767 0.995
2025  1 24  2 30  0 2.84 7.474 9.781 0.995
2025  1 24  2 35  0 2.84 7.454 9.799 0.995
2025  1 24  2 40  0 2.84 7.474 9.791 0.995
2025  1 24  2 45  0 2.84 7.474 9.818 0.996
2025  1 24  2 50  0 2.84 7.493 9.776 0.995
2025  1 24  2 55  0 2.84 7.435 9.800 0.995
2025  1 24  3  0  0 2.84 7.464 9.802 0.995
2025  1 24  3  5  0 2.84 7.435 9.805 0.995
2025  1 24  3 10  0 2.84 7.445 9.795 0.995
2025  1 24  3 15  0 2.84 7.483 9.881 0.996
2025  1 24  3 20  0 2.84 7.512 9.768 0.995
2025  1 24  3 25  0 2.84 7.454 9.767 0.995
2025  1 24  3 30  0 2.84 7.435 9.781 0.995
2025  1 24  3 35  0 2.84 7.426 9.777 0.995
2025  1 24  3 40  0 2.84 7.426 9.755 0.995
2025  1 24  3 45  0 2.84 7.445 9.729 0.995
2025  1 24  3 50  0 2.84 7.445 9.731 0.995
2025  1 24  3 55  0 2.84 7.426 9.773 0.995
2025  1 24  4  0  0 2.84 7.445 9.785 0.995
2025  1 24  4  5  0 2.84 7.474 9.780 0.995
2025  1 24  4 10  0 2.84 7.474 9.743 0.996
2025  1 24  4 15  0 2.84 7.464 9.766 0.995
2025  1 24  4 20  0 2.84 7.464 9.778 0.995
2025  1 24  4 25  0 2.84 7.464 9.793 0.995
2025  1 24  4 30  0 2.84 7.474 9.784 0.995
2025  1 24  4 35  0 2.84 7.464 9.789 0.995
2025  1 24  4 40  0 2.84 7.454 9.791 0.995
2025  1 24  4 45  0 2.84 7.474 9.769 0.995
2025  1 24  4 50  0 2.84 7.464 9.787 0.995
2025  1 24  4 55  0 2.84 7.512 9.753 0.995
2025  1 24  5  0  0 2.84 7.512 9.755 0.995
2025  1 24  5  5  0 2.84 7.569 9.825 0.995
2025  1 24  5 10  0 2.84 7.607 9.810 0.995
2025  1 24  5 15  0 2.84 7.617 9.824 0.995
2025  1 24  5 20  0 2.84 7.664 9.789 0.995
2025  1 24  5 25  0 2.84 7.607 9.828 0.995
2025  1 24  5 30  0 2.84 7.636 9.822 0.995
2025  1 24  5 35  0 2.84 7.816 9.878 0.995
2025  1 24  5 40  0 2.84 7.693 9.780 0.995
2025  1 24  5 45  0 2.84 7.645 9.758 0.995
2025  1 24  5 50  0 2.84 7.607 9.721 0.995
2025  1 24  5 55  0 2.84 7.512 9.737 0.995
2025  1 24  6  0  0 2.84 7.512 9.765 0.995
2025  1 24  6  5  0 2.84 7.502 9.736 0.995
2025  1 24  6 10  0 2.84 7.502 9.760 0.995
2025  1 24  6 15  0 2.84 7.493 9.721 0.995
2025  1 24  6 20  0 2.84 7.435 9.727 0.995
2025  1 24  6 25  0 2.84 7.445 9.719 0.995
2025  1 24  6 30  0 2.84 7.435 9.714 0.995
2025  1 24  6 35  0 2.84 7.445 9.698 0.995
2025  1 24  6 40  0 2.84 7.435 9.722 0.995
2025  1 24  6 45  0 2.84 7.416 9.704 0.995
2025  1 24  6 50  0 2.84 7.426 9.712 0.995
2025  1 24  6 55  0 2.84 7.416 9.701 0.995
2025  1 24  7  0  0 2.84 7.416 9.719 0.996
2025  1 24  7  5  0 2.84 7.416 9.696 0.995
2025  1 24  7 10  0 2.84 7.407 9.707 0.995
2025  1 24  7 15  0 2.84 7.397 9.721 0.995
2025  1 24  7 20  0 2.84 7.435 9.707 0.995
2025  1 24  7 25  0 2.84 7.416 9.739 0.994
2025  1 24  7 30  0 2.84 7.416 9.728 0.994
2025  1 24  7 35  0 2.84 7.435 9.695 0.994
2025  1 24  7 40  0 2.84 7.445 9.698 0.994
2025  1 24  7 45  0 2.84 7.426 9.700 0.993
2025  1 24  7 50  0 2.84 7.426 9.708 0.994
2025  1 24  7 55  0 2.84 7.426 9.712 0.994
2025  1 24  8  0  0 2.84 7.426 9.722 0.994
2025  1 24  8  5  0 2.84 7.435 9.711 0.993
2025  1 24  8 10  0 2.84 7.474 9.697 0.994
2025  1 24  8 15  0 2.84 7.493 9.727 0.994
2025  1 24  8 20  0 2.84 7.512 9.705 0.994
2025  1 24  8 25  0 2.84 7.502 9.714 0.994
2025  1 24  8 30  0 2.84 7.464 9.710 0.994
2025  1 24  8 35  0 2.84 7.502 9.697 0.994
2025  1 24  8 40  0 2.84 7.483 9.704 0.994
2025  1 24  8 45  0 2.84 7.483 9.685 0.994
2025  1 24  8 50  0 2.84 7.493 9.671 0.994
2025  1 24  8 55  0 2.84 7.521 9.656 0.993
2025  1 24  9  0  0 2.84 7.521 9.661 0.993
2025  1 24  9  5  0 2.84 7.512 9.662 0.994
2025  1 24  9 10  0 2.84 7.540 9.681 0.994
2025  1 24  9 15  0 2.84 7.540 9.665 0.994
2025  1 24  9 20  0 2.84 7.579 9.696 0.994
2025  1 24  9 25  0 2.84 7.617 9.656 0.994
2025  1 24  9 30  0 2.84 7.607 9.653 0.994
2025  1 24  9 35  0 2.84 7.607 9.643 0.994
2025  1 24  9 40  0 2.84 7.645 9.647 0.994
2025  1 24  9 45  0 2.84 7.721 9.703 0.994
2025  1 24  9 50  0 2.84 7.816 9.718 0.994
2025  1 24  9 55  0 2.84 7.902 9.696 0.994
2025  1 24 10  0  0 2.84 7.911 9.713 0.994
2025  1 24 10  5  0 2.84 7.940 9.682 0.994
2025  1 24 10 10  0 2.84 7.959 9.709 0.994
2025  1 24 10 15  0 2.84 7.996 9.752 0.994
2025  1 24 10 20  0 2.84 8.063 9.747 0.993
2025  1 24 10 25  0 2.84 8.100 9.725 0.994
2025  1 24 10 30  0 2.84 8.044 9.695 0.994
2025  1 24 10 35  0 2.84 8.072 9.735 0.993
2025  1 24 10 40  0 2.84 8.110 9.696 0.994
2025  1 24 10 45  0 2.84 8.119 9.688 0.994
2025  1 24 10 50  0 2.84 8.138 9.690 0.993
2025  1 24 10 55  0 2.84 8.176 9.745 0.993
2025  1 24 11  0  0 2.84 8.242 9.803 0.994
2025  1 24 11  5  0 2.84 8.336 9.777 0.994
2025  1 24 11 10  0 2.84 8.393 9.729 0.993
2025  1 24 11 15  0 2.84 8.383 9.720 0.994
2025  1 24 11 20  0 2.84 8.355 9.720 0.994
2025  1 24 11 25  0 2.84 8.383 9.694 0.994
2025  1 24 11 30  0 2.84 8.327 9.710 0.993
2025  1 24 11 35  0 2.84 8.346 9.679 0.994
2025  1 24 11 40  0 2.84 8.327 9.691 0.994
2025  1 24 11 45  0 2.84 8.280 9.699 0.993
2025  1 24 11 50  0 2.84 8.280 9.725 0.994
2025  1 24 11 55  0 2.84 8.336 9.701 0.995
2025  1 24 12  0  0 2.84 8.298 9.717 0.994
2025  1 24 12  5  0 2.84 8.317 9.674 0.995
2025  1 24 12 10  0 2.84 8.270 9.669 0.994
2025  1 24 12 15  0 2.84 8.167 9.688 0.994
2025  1 24 12 20  0 2.84 8.119 9.634 0.993
2025  1 24 12 25  0 2.84 8.044 9.656 0.994
2025  1 24 12 30  0 2.84 8.082 9.663 0.993
2025  1 24 12 35  0 2.84 8.091 9.712 0.994
2025  1 24 12 40  0 2.84 8.119 9.657 0.994
2025  1 24 12 45  0 2.84 8.138 9.695 0.994
2025  1 24 12 50  0 2.84 8.185 9.678 0.994
2025  1 24 12 55  0 2.84 8.157 9.677 0.994
2025  1 24 13  0  0 2.84 8.204 9.653 0.993
2025  1 24 13  5  0 2.84 8.242 9.705 0.994
2025  1 24 13 10  0 2.84 8.364 9.765 0.994
2025  1 24 13 15  0 2.84 8.449 9.692 0.994
2025  1 24 13 20  0 2.84 8.411 9.674 0.994
2025  1 24 13 25  0 2.84 8.374 9.680 0.994
2025  1 24 13 30  0 2.84 8.383 9.743 0.995
2025  1 24 13 35  0 2.84 8.364 9.710 0.994
2025  1 24 13 40  0 2.84 8.393 9.716 0.994
2025  1 24 13 45  0 2.84 8.402 9.739 0.994
2025  1 24 13 50  0 2.84 8.393 9.690 0.994
2025  1 24 13 55  0 2.84 8.440 9.793 0.995
2025  1 24 14  0  0 2.84 8.449 9.780 0.994
2025  1 24 14  5  0 2.84 8.458 9.769 0.994
2025  1 24 14 10  0 2.84 8.421 9.701 0.995
2025  1 24 14 15  0 2.84 8.393 9.649 0.995
2025  1 24 14 20  0 2.84 8.355 9.648 0.995
2025  1 24 14 25  0 2.84 8.270 9.628 0.995
2025  1 24 14 30  0 2.84 8.242 9.626 0.995
2025  1 24 14 35  0 2.84 8.233 9.672 0.993
2025  1 24 14 40  0 2.84 8.280 9.647 0.993
2025  1 24 14 45  0 2.84 8.298 9.747 0.994
2025  1 24 14 50  0 2.84 8.468 9.958 0.995
2025  1 24 14 55  0 2.84 8.543 9.725 0.994
2025  1 24 15  0  0 2.84 8.440 9.734 0.994
2025  1 24 15  5  0 2.84 8.411 9.796 0.994
2025  1 24 15 10  0 2.84 8.571 9.829 0.994
2025  1 24 15 15  0 2.84 8.486 9.779 0.994
2025  1 24 15 20  0 2.84 8.533 9.781 0.994
2025  1 24 15 25  0 2.84 8.505 9.760 0.993
2025  1 24 15 30  0 2.84 8.505 9.761 0.994
2025  1 24 15 35  0 2.84 8.552 9.828 0.994
2025  1 24 15 40  0 2.84 8.580 9.816 0.994
2025  1 24 15 45  0 2.84 8.618 9.825 0.994
2025  1 24 15 50  0 2.84 8.590 9.786 0.994
2025  1 24 15 55  0 2.84 8.590 9.777 0.994
2025  1 24 16  0  0 2.84 8.627 9.788 0.995
2025  1 24 16  5  0 2.84 8.636 9.765 0.993
2025  1 24 16 10  0 2.84 8.665 9.787 0.994
2025  1 24 16 15  0 2.84 8.646 9.784 0.995
2025  1 24 16 20  0 2.84 8.627 9.739 0.995
2025  1 24 16 25  0 2.84 8.580 9.751 0.994
2025  1 24 16 30  0 2.84 8.571 9.733 0.994
2025  1 24 16 35  0 2.84 8.571 9.739 0.994
2025  1 24 16 40  0 2.84 8.646 9.809 0.994
2025  1 24 16 45  0 2.84 8.655 9.715 0.994
2025  1 24 16 50  0 2.84 8.674 9.922 0.994
2025  1 24 16 55  0 2.84 8.982 10.008 0.994
2025  1 24 17  0  0 2.84 9.158 10.032 0.994
2025  1 24 17  5  0 2.84 9.353 10.086 0.994
2025  1 24 17 10  0 2.84 9.547 10.213 0.994
2025  1 24 17 15  0 2.84 9.786 10.171 0.994
2025  1 24 17 20  0 2.83 9.942 10.153 0.993
2025  1 24 17 25  0 2.83 9.887 10.185 0.993
2025  1 24 17 30  0 2.83 9.915 10.231 0.994
2025  1 24 17 35  0 2.83 9.942 10.217 0.994
2025  1 24 17 40  0 2.83 9.952 10.178 0.993
2025  1 24 17 45  0 2.84 10.098 10.300 0.994
2025  1 24 17 50  0 2.84 10.144 10.338 0.994
2025  1 24 17 55  0 2.84 10.253 10.202 0.993
2025  1 24 18  0  0 2.84 10.217 10.365 0.994
2025  1 24 18  5  0 2.84 10.199 10.359 0.994
2025  1 24 18 10  0 2.84 10.189 10.124 0.993
2025  1 24 18 15  0 2.84 10.098 10.192 0.993
2025  1 24 18 20  0 2.84 10.071 10.203 0.993
2025  1 24 18 25  0 2.84 10.061 10.288 0.994
2025  1 24 18 30  0 2.84 10.098 10.249 0.993
2025  1 24 18 35  0 2.84 10.171 10.356 0.994
2025  1 24 18 40  0 2.84 10.235 10.310 0.993
2025  1 24 18 45  0 2.84 10.308 10.370 0.994
2025  1 24 18 50  0 2.84 10.354 10.369 0.993
2025  1 24 18 55  0 2.84 10.408 10.370 0.993
2025  1 24 19  0  0 2.84 10.390 10.384 0.994
2025  1 24 19  5  0 2.84 10.399 10.374 0.994
2025  1 24 19 10  0 2.84 10.435 10.364 0.993
2025  1 24 19 15  0 2.84 10.454 10.378 0.993
2025  1 24 19 20  0 2.84 10.490 10.413 0.994
2025  1 24 19 25  0 2.84 10.499 10.409 0.994
2025  1 24 19 30  0 2.84 10.499 10.409 0.994
2025  1 24 19 35  0 2.84 10.490 10.412 0.994
2025  1 24 19 40  0 2.84 10.481 10.403 0.993
2025  1 24 19 45  0 2.84 10.481 10.409 0.993
2025  1 24 19 50  0 2.84 10.499 10.397 0.993
2025  1 24 19 55  0 2.84 10.499 10.404 0.993
2025  1 24 20  0  0 2.84 10.508 10.396 0.993
2025  1 24 20  5  0 2.84 10.499 10.419 0.994
2025  1 24 20 10  0 2.84 10.508 10.418 0.993
2025  1 24 20 15  0 2.84 10.499 10.426 0.994
2025  1 24 20 20  0 2.84 10.517 10.411 0.994
2025  1 24 20 25  0 2.84 10.499 10.430 0.994
2025  1 24 20 30  0 2.84 10.472 10.378 0.994
2025  1 24 20 35  0 2.84 10.472 10.405 0.994
2025  1 24 20 40  0 2.84 10.472 10.412 0.994
2025  1 24 20 45  0 2.84 10.499 10.418 0.994
2025  1 24 20 50  0 2.84 10.490 10.409 0.994
2025  1 24 20 55  0 2.84 10.472 10.400 0.994
2025  1 24 21  0  0 2.84 10.454 10.399 0.994
2025  1 24 21  5  0 2.84 10.508 10.437 0.993
2025  1 24 21 10  0 2.84 10.508 10.433 0.994
2025  1 24 21 15  0 2.84 10.545 10.446 0.994
2025  1 24 21 20  0 2.84 10.536 10.427 0.993
2025  1 24 21 25  0 2.84 10.545 10.401 0.993
2025  1 24 21 30  0 2.84 10.526 10.414 0.993
2025  1 24 21 35  0 2.84 10.545 10.416 0.994
2025  1 24 21 40  0 2.84 10.526 10.417 0.994
2025  1 24 21 45  0 2.84 10.536 10.392 0.993
2025  1 24 21 50  0 2.84 10.545 10.368 0.993
2025  1 24 21 55  0 2.84 10.499 10.383 0.993
2025  1 24 22  0  0 2.84 10.490 10.401 0.994
2025  1 24 22  5  0 2.84 10.536 10.407 0.994
2025  1 24 22 10  0 2.84 10.517 10.391 0.993
2025  1 24 22 15  0 2.84 10.508 10.401 0.994
2025  1 24 22 20  0 2.84 10.536 10.394 0.993
2025  1 24 22 25  0 2.84 10.517 10.403 0.994
2025  1 24 22 30  0 2.84 10.517 10.401 0.994
2025  1 24 22 35  0 2.84 10.508 10.409 0.994
2025  1 24 22 40  0 2.84 10.472 10.418 0.994
2025  1 24 22 45  0 2.84 10.435 10.383 0.993
2025  1 24 22 50  0 2.84 10.399 10.438 0.994
2025  1 24 22 55  0 2.84 10.435 10.369 0.994
2025  1 24 23  0  0 2.84 10.426 10.383 0.993
2025  1 24 23  5  0 2.84 10.399 10.337 0.994
2025  1 24 23 10  0 2.84 10.326 10.396 0.994
2025  1 24 23 15  0 2.84 10.381 10.383 0.993
2025  1 24 23 20  0 2.84 10.381 10.320 0.994
2025  1 24 23 25  0 2.84 10.390 10.426 0.994
2025  1 24 23 30  0 2.84 10.408 10.393 0.993
2025  1 24 23 35  0 2.84 10.472 10.410 0.994
2025  1 24 23 40  0 2.84 10.472 10.420 0.994
2025  1 24 23 45  0 2.84 10.435 10.426 0.995
2025  1 24 23 50  0 2.84 10.472 10.412 0.995
2025  1 24 23 55  0 2.84 10.417 10.388 0.995
2025  1 25  0  0  0 2.84 10.417 10.121 0.995
2025  1 25  0  5  0 2.84 10.372 10.307 0.994
2025  1 25  0 10  0 2.84 10.208 10.229 0.995
2025  1 25  0 15  0 2.84 10.135 10.276 0.995
2025  1 25  0 20  0 2.84 10.180 10.306 0.994
2025  1 25  0 25  0 2.84 10.199 10.347 0.995
2025  1 25  0 30  0 2.84 10.226 10.356 0.995
2025  1 25  0 35  0 2.84 10.253 10.338 0.995
2025  1 25  0 40  0 2.84 10.272 10.346 0.995
2025  1 25  0 45  0 2.84 10.272 10.342 0.995
2025  1 25  0 50  0 2.84 10.308 10.357 0.995
2025  1 25  0 55  0 2.84 10.299 10.301 0.995
2025  1 25  1  0  0 2.84 10.262 10.342 0.995
2025  1 25  1  5  0 2.84 10.226 10.216 0.994
2025  1 25  1 10  0 2.84 10.290 10.237 0.994
2025  1 25  1 15  0 2.84 10.180 10.135 0.995
2025  1 25  1 20  0 2.84 10.144 10.152 0.995
2025  1 25  1 25  0 2.83 10.006 10.131 0.995
2025  1 25  1 30  0 2.83 9.915 10.176 0.995
2025  1 25  1 35  0 2.83 9.933 10.151 0.995
2025  1 25  1 40  0 2.83 10.006 10.358 0.995
2025  1 25  1 45  0 2.84 10.189 10.337 0.995
2025  1 25  1 50  0 2.84 10.372 10.444 0.995
2025  1 25  1 55  0 2.84 10.435 10.414 0.995
2025  1 25  2  0  0 2.84 10.481 10.405 0.995
2025  1 25  2  5  0 2.84 10.499 10.392 0.995
2025  1 25  2 10  0 2.84 10.499 10.413 0.995
2025  1 25  2 15  0 2.84 10.508 10.399 0.995
2025  1 25  2 20  0 2.84 10.526 10.403 0.995
2025  1 25  2 25  0 2.84 10.526 10.432 0.996
2025  1 25  2 30  0 2.84 10.517 10.420 0.995
2025  1 25  2 35  0 2.84 10.536 10.400 0.995
2025  1 25  2 40  0 2.84 10.517 10.417 0.995
2025  1 25  2 45  0 2.84 10.517 10.405 0.995
2025  1 25  2 50  0 2.84 10.526 10.376 0.994
2025  1 25  2 55  0 2.84 10.554 10.410 0.995
2025  1 25  3  0  0 2.84 10.563 10.409 0.995
2025  1 25  3  5  0 2.84 10.554 10.400 0.995
2025  1 25  3 10  0 2.84 10.572 10.386 0.995
2025  1 25  3 15  0 2.84 10.572 10.393 0.994
2025  1 25  3 20  0 2.84 10.554 10.398 0.995
2025  1 25  3 25  0 2.84 10.499 10.307 0.995
2025  1 25  3 30  0 2.84 10.463 10.345 0.995
2025  1 25  3 35  0 2.84 10.435 10.329 0.994
2025  1 25  3 40  0 2.84 10.435 10.332 0.995
2025  1 25  3 45  0 2.84 10.399 10.330 0.995
2025  1 25  3 50  0 2.84 10.399 10.340 0.994
2025  1 25  3 55  0 2.84 10.399 10.388 0.995
2025  1 25  4  0  0 2.84 10.454 10.350 0.995
2025  1 25  4  5  0 2.84 10.454 10.357 0.995
2025  1 25  4 10  0 2.84 10.445 10.377 0.995
2025  1 25  4 15  0 2.84 10.454 10.358 0.995
2025  1 25  4 20  0 2.84 10.508 10.395 0.995
2025  1 25  4 25  0 2.84 10.545 10.353 0.995
2025  1 25  4 30  0 2.84 10.526 10.317 0.995
2025  1 25  4 35  0 2.84 10.508 10.329 0.995
2025  1 25  4 40  0 2.84 10.463 10.342 0.995
2025  1 25  4 45  0 2.84 10.472 10.337 0.995
2025  1 25  4 50  0 2.84 10.526 10.347 0.995
2025  1 25  4 55  0 2.84 10.445 10.387 0.995
2025  1 25  5  0  0 2.84 10.344 10.313 0.995
2025  1 25  5  5  0 2.84 10.335 10.298 0.995
2025  1 25  5 10  0 2.84 10.299 10.307 0.995
2025  1 25  5 15  0 2.84 10.335 10.328 0.995
2025  1 25  5 20  0 2.84 10.354 10.329 0.995
2025  1 25  5 25  0 2.84 10.344 10.353 0.995
2025  1 25  5 30  0 2.84 10.381 10.362 0.995
2025  1 25  5 35  0 2.84 10.408 10.347 0.995
2025  1 25  5 40  0 2.84 10.408 10.378 0.995
2025  1 25  5 45  0 2.84 10.426 10.380 0.995
2025  1 25  5 50  0 2.84 10.454 10.402 0.995
2025  1 25  5 55  0 2.84 10.472 10.386 0.994
2025  1 25  6  0  0 2.84 10.481 10.410 0.995
2025  1 25  6  5  0 2.84 10.499 10.403 0.995
2025  1 25  6 10  0 2.84 10.517 10.406 0.995
2025  1 25  6 15  0 2.84 10.536 10.410 0.995
2025  1 25  6 20  0 2.84 10.517 10.419 0.995
2025  1 25  6 25  0 2.84 10.545 10.402 0.995
2025  1 25  6 30  0 2.84 10.526 10.387 0.995
2025  1 25  6 35  0 2.84 10.499 10.380 0.994
2025  1 25  6 40  0 2.84 10.499 10.314 0.995
2025  1 25  6 45  0 2.84 10.354 10.275 0.994
2025  1 25  6 50  0 2.84 10.308 10.306 0.995
2025  1 25  6 55  0 2.84 10.208 10.303 0.995
2025  1 25  7  0  0 2.84 10.125 10.182 0.995
2025  1 25  7  5  0 2.84 10.180 10.197 0.995
2025  1 25  7 10  0 2.84 10.162 10.229 0.995
2025  1 25  7 15  0 2.84 10.189 10.273 0.995
2025  1 25  7 20  0 2.84 10.317 10.470 0.996
2025  1 25  7 25  0 2.84 10.344 10.266 0.995
2025  1 25  7 30  0 2.84 10.308 10.403 0.995
2025  1 25  7 35  0 2.84 10.390 10.461 0.995
2025  1 25  7 40  0 2.84 10.463 10.328 0.995
2025  1 25  7 45  0 2.84 10.335 10.302 0.995
2025  1 25  7 50  0 2.84 10.372 10.352 0.995
2025  1 25  7 55  0 2.84 10.399 10.388 0.995
2025  1 25  8  0  0 2.84 10.435 10.384 0.995
2025  1 25  8  5  0 2.84 10.481 10.383 0.995
2025  1 25  8 10  0 2.84 10.499 10.381 0.995
2025  1 25  8 15  0 2.84 10.508 10.397 0.995
2025  1 25  8 20  0 2.84 10.526 10.378 0.994
2025  1 25  8 25  0 2.84 10.490 10.383 0.994
2025  1 25  8 30  0 2.84 10.508 10.413 0.995
2025  1 25  8 35  0 2.84 10.536 10.389 0.995
2025  1 25  8 40  0 2.84 10.454 10.283 0.994
2025  1 25  8 45  0 2.84 10.372 10.221 0.995
2025  1 25  8 50  0 2.84 10.308 10.094 0.995
2025  1 25  8 55  0 2.84 10.244 10.087 0.995
2025  1 25  9  0  0 2.84 10.226 10.083 0.995
2025  1 25  9  5  0 2.84 10.226 10.081 0.994
2025  1 25  9 10  0 2.84 10.262 10.297 0.995
2025  1 25  9 15  0 2.84 10.426 10.448 0.995
2025  1 25  9 20  0 2.84 10.499 10.186 0.994
2025  1 25  9 25  0 2.84 10.472 10.367 0.995
2025  1 25  9 30  0 2.84 10.426 10.368 0.995
2025  1 25  9 35  0 2.84 10.454 10.118 0.995
2025  1 25  9 40  0 2.84 10.408 10.167 0.995
2025  1 25  9 45  0 2.84 10.363 10.202 0.994
2025  1 25  9 50  0 2.84 10.363 10.189 0.995
2025  1 25  9 55  0 2.84 10.381 10.308 0.996
2025  1 25 10  0  0 2.84 10.426 10.200 0.995
2025  1 25 10  5  0 2.84 10.426 10.230 0.995
2025  1 25 10 10  0 2.84 10.408 10.273 0.994
2025  1 25 10 15  0 2.84 10.445 10.347 0.995
2025  1 25 10 20  0 2.84 10.463 10.372 0.996
2025  1 25 10 25  0 2.84 10.481 10.360 0.995
2025  1 25 10 30  0 2.84 10.508 10.389 0.995
2025  1 25 10 35  0 2.84 10.545 10.396 0.995
2025  1 25 10 40  0 2.84 10.517 10.393 0.994
2025  1 25 10 45  0 2.84 10.545 10.387 0.995
2025  1 25 10 50  0 2.84 10.526 10.379 0.995
2025  1 25 10 55  0 2.84 10.517 10.380 0.995
2025  1 25 11  0  0 2.84 10.526 10.381 0.994
2025  1 25 11  5  0 2.84 10.508 10.379 0.995
2025  1 25 11 10  0 2.84 10.563 10.390 0.995
2025  1 25 11 15  0 2.84 10.581 10.406 0.995
2025  1 25 11 20  0 2.84 10.608 10.368 0.995
2025  1 25 11 25  0 2.84 10.554 10.351 0.995
2025  1 25 11 30  0 2.84 10.499 10.316 0.995
2025  1 25 11 35  0 2.84 10.481 10.315 0.994
2025  1 25 11 40  0 2.84 10.472 10.305 0.994
2025  1 25 11 45  0 2.84 10.481 10.333 0.994
2025  1 25 11 50  0 2.84 10.508 10.367 0.995
2025  1 25 11 55  0 2.84 10.508 10.329 0.995
2025  1 25 12  0  0 2.84 10.481 10.295 0.995
2025  1 25 12  5  0 2.84 10.472 10.333 0.996
2025  1 25 12 10  0 2.84 10.517 10.292 0.995
2025  1 25 12 15  0 2.84 10.472 10.300 0.995
2025  1 25 12 20  0 2.84 10.445 10.247 0.995
2025  1 25 12 25  0 2.84 10.463 10.313 0.995
2025  1 25 12 30  0 2.84 10.490 10.325 0.995
2025  1 25 12 35  0 2.84 10.508 10.298 0.994
2025  1 25 12 40  0 2.84 10.508 10.368 0.995
2025  1 25 12 45  0 2.84 10.545 10.278 0.994
2025  1 25 12 50  0 2.84 10.499 10.250 0.994
2025  1 25 12 55  0 2.84 10.454 10.256 0.995
2025  1 25 13  0  0 2.84 10.435 10.264 0.994
2025  1 25 13  5  0 2.84 10.463 10.277 0.995
2025  1 25 13 10  0 2.84 10.454 10.284 0.995
2025  1 25 13 15  0 2.84 10.390 10.078 0.995
2025  1 25 13 20  0 2.84 10.226 10.032 0.995
2025  1 25 13 25  0 2.84 10.281 10.260 0.995
2025  1 25 13 30  0 2.84 10.326 10.248 0.994
2025  1 25 13 35  0 2.84 10.335 10.189 0.995
2025  1 25 13 40  0 2.84 10.363 10.258 0.995
2025  1 25 13 45  0 2.84 10.281 10.042 0.995
2025  1 25 13 50  0 2.84 10.308 10.138 0.995
2025  1 25 13 55  0 2.84 10.253 10.266 0.995
2025  1 25 14  0  0 2.84 10.335 10.270 0.996
2025  1 25 14  5  0 2.84 10.308 10.243 0.995
2025  1 25 14 10  0 2.84 10.335 10.234 0.995
2025  1 25 14 15  0 2.84 10.399 10.250 0.995
2025  1 25 14 20  0 2.84 10.435 10.333 0.995
2025  1 25 14 25  0 2.84 10.463 10.325 0.995
2025  1 25 14 30  0 2.84 10.526 10.400 0.995
2025  1 25 14 35  0 2.84 10.545 10.379 0.995
2025  1 25 14 40  0 2.84 10.572 10.276 0.995
2025  1 25 14 45  0 2.84 10.517 10.246 0.995
2025  1 25 14 50  0 2.84 10.435 10.336 0.995
2025  1 25 14 55  0 2.84 10.435 10.219 0.995
2025  1 25 15  0  0 2.84 10.463 10.092 0.995
2025  1 25 15  5  0 2.84 10.426 9.981 0.994
2025  1 25 15 10  0 2.84 10.290 10.077 0.994
2025  1 25 15 15  0 2.84 10.281 10.057 0.995
2025  1 25 15 20  0 2.84 10.317 10.142 0.995
2025  1 25 15 25  0 2.84 10.363 10.168 0.995
2025  1 25 15 30  0 2.84 10.426 10.120 0.995
2025  1 25 15 35  0 2.84 10.426 10.269 0.995
2025  1 25 15 40  0 2.84 10.354 10.163 0.995
2025  1 25 15 45  0 2.84 10.308 9.963 0.995
2025  1 25 15 50  0 2.84 10.317 10.231 0.995
2025  1 25 15 55  0 2.84 10.381 10.221 0.995
2025  1 25 16  0  0 2.84 10.408 10.150 0.995
2025  1 25 16  5  0 2.84 10.381 10.126 0.994
2025  1 25 16 10  0 2.84 10.317 10.155 0.995
2025  1 25 16 15  0 2.84 10.290 10.131 0.995
2025  1 25 16 20  0 2.84 10.299 10.210 0.996
2025  1 25 16 25  0 2.84 10.326 10.188 0.995
2025  1 25 16 30  0 2.84 10.244 10.154 0.995
2025  1 25 16 35  0 2.84 10.299 10.124 0.995
2025  1 25 16 40  0 2.84 10.308 10.134 0.995
2025  1 25 16 45  0 2.84 10.326 10.146 0.995
2025  1 25 16 50  0 2.84 10.326 10.200 0.995
2025  1 25 16 55  0 2.84 10.335 10.141 0.995
2025  1 25 17  0  0 2.84 10.354 10.128 0.995
2025  1 25 17  5  0 2.84 10.317 10.256 0.995
2025  1 25 17 10  0 2.84 10.354 10.179 0.995
2025  1 25 17 15  0 2.84 10.344 10.147 0.994
2025  1 25 17 20  0 2.84 10.290 10.094 0.995
2025  1 25 17 25  0 2.84 10.326 10.081 0.995
2025  1 25 17 30  0 2.84 10.344 10.181 0.995
2025  1 25 17 35  0 2.84 10.344 10.117 0.994
2025  1 25 17 40  0 2.84 10.317 10.115 0.995
2025  1 25 17 45  0 2.84 10.354 10.139 0.995
2025  1 25 17 50  0 2.84 10.344 10.066 0.995
2025  1 25 17 55  0 2.84 10.363 10.042 0.994
2025  1 25 18  0  0 2.84 10.354 10.090 0.995
2025  1 25 18  5  0 2.84 10.290 10.060 0.995
2025  1 25 18 10  0 2.84 10.208 9.785 0.995
2025  1 25 18 15  0 2.84 10.171 9.895 0.995
2025  1 25 18 20  0 2.84 10.089 9.586 0.995
2025  1 25 18 25  0 2.84 10.043 9.737 0.994
2025  1 25 18 30  0 2.84 10.080 9.868 0.994
2025  1 25 18 35  0 2.84 10.144 10.035 0.995
2025  1 25 18 40  0 2.84 10.171 9.926 0.994
2025  1 25 18 45  0 2.84 10.217 10.127 0.994
2025  1 25 18 50  0 2.84 10.272 10.081 0.993
2025  1 25 18 55  0 2.84 10.308 10.077 0.994
2025  1 25 19  0  0 2.84 10.317 10.139 0.994
2025  1 25 19  5  0 2.84 10.363 10.121 0.993
2025  1 25 19 10  0 2.84 10.335 10.031 0.994
2025  1 25 19 15  0 2.84 10.244 9.942 0.993
2025  1 25 19 20  0 2.84 10.125 9.562 0.993
2025  1 25 19 25  0 2.84 10.052 9.456 0.995
2025  1 25 19 30  0 2.83 10.016 9.385 0.995
2025  1 25 19 35  0 2.83 9.997 9.401 0.994
2025  1 25 19 40  0 2.83 9.970 9.346 0.995
2025  1 25 19 45  0 2.83 9.952 9.383 0.995
2025  1 25 19 50  0 2.83 9.979 9.394 0.995
2025  1 25 19 55  0 2.83 9.970 9.492 0.995
2025  1 25 20  0  0 2.83 10.034 9.712 0.995
2025  1 25 20  5  0 2.84 10.080 9.636 0.995
2025  1 25 20 10  0 2.83 10.034 9.432 0.995
2025  1 25 20 15  0 2.83 10.025 9.349 0.995
2025  1 25 20 20  0 2.83 9.988 9.382 0.994
2025  1 25 20 25  0 2.83 9.997 9.440 0.993
2025  1 25 20 30  0 2.84 10.089 9.697 0.994
2025  1 25 20 35  0 2.84 10.116 9.688 0.994
2025  1 25 20 40  0 2.84 10.107 9.774 0.994
2025  1 25 20 45  0 2.84 10.153 9.880 0.994
2025  1 25 20 50  0 2.84 10.208 9.914 0.994
2025  1 25 20 55  0 2.84 10.235 9.911 0.994
2025  1 25 21  0  0 2.84 10.235 9.938 0.994
2025  1 25 21  5  0 2.84 10.262 9.928 0.994
2025  1 25 21 10  0 2.84 10.272 9.916 0.993
2025  1 25 21 15  0 2.84 10.262 9.923 0.993
2025  1 25 21 20  0 2.84 10.299 9.918 0.994
2025  1 25 21 25  0 2.84 10.262 9.907 0.994
2025  1 25 21 30  0 2.84 10.262 9.889 0.993
2025  1 25 21 35  0 2.84 10.272 9.894 0.994
2025  1 25 21 40  0 2.84 10.262 9.902 0.994
2025  1 25 21 45  0 2.84 10.272 9.885 0.994
2025  1 25 21 50  0 2.84 10.253 9.865 0.994
2025  1 25 21 55  0 2.84 10.253 9.852 0.993
2025  1 25 22  0  0 2.84 10.244 9.819 0.994
2025  1 25 22  5  0 2.84 10.226 9.831 0.994
2025  1 25 22 10  0 2.84 10.235 9.799 0.993
2025  1 25 22 15  0 2.84 10.180 9.571 0.994
2025  1 25 22 20  0 2.84 10.116 9.412 0.994
2025  1 25 22 25  0 2.84 10.125 9.757 0.994
2025  1 25 22 30  0 2.84 10.153 9.597 0.994
2025  1 25 22 35  0 2.84 10.171 9.665 0.993
2025  1 25 22 40  0 2.84 10.144 9.654 0.995
2025  1 25 22 45  0 2.84 10.171 9.723 0.994
2025  1 25 22 50  0 2.84 10.189 9.751 0.994
2025  1 25 22 55  0 2.84 10.189 9.695 0.994
2025  1 25 23  0  0 2.84 10.171 9.676 0.994
2025  1 25 23  5  0 2.84 10.162 9.681 0.994
2025  1 25 23 10  0 2.84 10.162 9.658 0.994
2025  1 25 23 15  0 2.84 10.162 9.746 0.994
2025  1 25 23 20  0 2.84 10.199 9.789 0.994
2025  1 25 23 25  0 2.84 10.226 9.802 0.993
2025  1 25 23 30  0 2.84 10.235 9.789 0.994
2025  1 25 23 35  0 2.84 10.244 9.692 0.994
2025  1 25 23 40  0 2.83 10.052 9.011 0.993
2025  1 25 23 45  0 2.83 9.897 9.185 0.994
2025  1 25 23 50  0 2.83 9.897 9.354 0.994
2025  1 25 23 55  0 2.83 9.878 9.263 0.994
2025  1 26  0  0  0 2.83 9.933 9.223 0.994
2025  1 26  0  5  0 2.83 9.970 9.257 0.994
2025  1 26  0 10  0 2.83 9.979 9.300 0.994
2025  1 26  0 15  0 2.83 10.016 9.317 0.995
2025  1 26  0 20  0 2.83 10.025 9.394 0.994
2025  1 26  0 25  0 2.84 10.052 9.354 0.995
2025  1 26  0 30  0 2.83 9.897 9.437 0.993
2025  1 26  0 35  0 2.83 9.841 9.504 0.993
2025  1 26  0 40  0 2.83 9.841 9.563 0.994
2025  1 26  0 45  0 2.83 9.860 9.674 0.993
2025  1 26  0 50  0 2.83 9.887 9.752 0.994
2025  1 26  0 55  0 2.83 9.906 9.960 0.994
2025  1 26  1  0  0 2.83 9.915 10.126 0.994
2025  1 26  1  5  0 2.83 9.897 10.102 0.993
2025  1 26  1 10  0 2.83 9.878 10.130 0.994
2025  1 26  1 15  0 2.83 9.851 10.119 0.993
2025  1 26  1 20  0 2.83 9.823 10.141 0.994
2025  1 26  1 25  0 2.83 9.814 10.171 0.994
2025  1 26  1 30  0 2.83 9.777 10.177 0.994
2025  1 26  1 35  0 2.83 9.786 10.184 0.994
2025  1 26  1 40  0 2.83 9.777 10.176 0.994
2025  1 26  1 45  0 2.83 9.777 10.169 0.993
2025  1 26  1 50  0 2.83 9.768 10.198 0.995
2025  1 26  1 55  0 2.83 9.759 10.193 0.995
2025  1 26  2  0  0 2.83 9.750 10.192 0.995
2025  1 26  2  5  0 2.83 9.750 10.187 0.995
2025  1 26  2 10  0 2.83 9.750 10.184 0.995
2025  1 26  2 15  0 2.83 9.750 10.181 0.994
2025  1 26  2 20  0 2.83 9.768 10.172 0.994
2025  1 26  2 25  0 2.83 9.750 10.207 0.994
2025  1 26  2 30  0 2.83 9.777 10.229 0.994
2025  1 26  2 35  0 2.83 9.777 10.225 0.994
2025  1 26  2 40  0 2.83 9.777 10.213 0.994
2025  1 26  2 45  0 2.83 9.768 10.222 0.994
2025  1 26  2 50  0 2.83 9.768 10.208 0.993
2025  1 26  2 55  0 2.83 9.796 10.201 0.994
2025  1 26  3  0  0 2.83 9.777 10.196 0.994
2025  1 26  3  5  0 2.83 9.777 10.164 0.993
2025  1 26  3 10  0 2.83 9.768 10.180 0.994
2025  1 26  3 15  0 2.83 9.786 10.132 0.994
2025  1 26  3 20  0 2.83 9.777 10.213 0.994
2025  1 26  3 25  0 2.83 9.805 10.226 0.995
2025  1 26  3 30  0 2.83 9.805 10.221 0.995
2025  1 26  3 35  0 2.83 9.832 10.263 0.995
2025  1 26  3 40  0 2.83 9.832 10.270 0.996
2025  1 26  3 45  0 2.83 9.851 10.252 0.994
2025  1 26  3 50  0 2.83 9.841 10.255 0.994
2025  1 26  3 55  0 2.83 9.832 10.244 0.994
2025  1 26  4  0  0 2.83 9.832 10.281 0.994
2025  1 26  4  5  0 2.83 9.851 10.293 0.995
2025  1 26  4 10  0 2.83 9.823 10.304 0.995
2025  1 26  4 15  0 2.83 9.823 10.304 0.995
2025  1 26  4 20  0 2.83 9.805 10.289 0.994
2025  1 26  4 25  0 2.83 9.805 10.293 0.995
2025  1 26  4 30  0 2.83 9.814 10.300 0.995
2025  1 26  4 35  0 2.83 9.796 10.307 0.995
2025  1 26  4 40  0 2.83 9.786 10.299 0.995
2025  1 26  4 45  0 2.83 9.777 10.299 0.995
2025  1 26  4 50  0 2.83 9.805 10.290 0.995
2025  1 26  4 55  0 2.83 9.805 10.293 0.994
2025  1 26  5  0  0 2.83 9.777 10.302 0.994
2025  1 26  5  5  0 2.83 9.786 10.320 0.994
2025  1 26  5 10  0 2.83 9.768 10.318 0.994
2025  1 26  5 15  0 2.83 9.786 10.312 0.994
2025  1 26  5 20  0 2.83 9.777 10.317 0.994
2025  1 26  5 25  0 2.83 9.796 10.323 0.993
2025  1 26  5 30  0 2.83 9.786 10.347 0.994
2025  1 26  5 35  0 2.83 9.805 10.340 0.994
2025  1 26  5 40  0 2.83 9.823 10.329 0.993
2025  1 26  5 45  0 2.83 9.814 10.330 0.994
2025  1 26  5 50  0 2.83 9.814 10.324 0.993
2025  1 26  5 55  0 2.83 9.786 10.333 0.994
2025  1 26  6  0  0 2.83 9.823 10.317 0.994
2025  1 26  6  5  0 2.83 9.805 10.310 0.994
2025  1 26  6 10  0 2.83 9.823 10.306 0.994
2025  1 26  6 15  0 2.83 9.814 10.321 0.994
2025  1 26  6 20  0 2.83 9.805 10.323 0.994
2025  1 26  6 25  0 2.83 9.814 10.324 0.994
2025  1 26  6 30  0 2.83 9.823 10.312 0.994
2025  1 26  6 35  0 2.83 9.814 10.327 0.995
2025  1 26  6 40  0 2.83 9.805 10.304 0.994
2025  1 26  6 45  0 2.83 9.832 10.306 0.994
2025  1 26  6 50  0 2.83 9.814 10.304 0.994
2025  1 26  6 55  0 2.83 9.805 10.303 0.994
2025  1 26  7  0  0 2.83 9.786 10.295 0.994
2025  1 26  7  5  0 2.83 9.805 10.263 0.994
2025  1 26  7 10  0 2.83 9.768 10.279 0.995
2025  1 26  7 15  0 2.83 9.786 10.239 0.994
2025  1 26  7 20  0 2.83 9.796 10.225 0.994
2025  1 26  7 25  0 2.84 9.731 10.223 0.995
2025  1 26  7 30  0 2.83 9.722 10.193 0.994
2025  1 26  7 35  0 2.84 9.704 10.173 0.994
2025  1 26  7 40  0 2.84 9.694 10.185 0.994
2025  1 26  7 45  0 2.84 9.658 10.100 0.994
2025  1 26  7 50  0 2.84 9.575 9.955 0.994
2025  1 26  7 55  0 2.84 9.538 9.930 0.994
2025  1 26  8  0  0 2.84 9.492 9.936 0.994
2025  1 26  8  5  0 2.84 9.501 9.942 0.994
2025  1 26  8 10  0 2.84 9.519 10.158 0.995
2025  1 26  8 15  0 2.84 9.492 9.915 0.994
2025  1 26  8 20  0 2.84 9.455 9.931 0.994
2025  1 26  8 25  0 2.84 9.455 9.959 0.994
2025  1 26  8 30  0 2.84 9.464 9.955 0.994
2025  1 26  8 35  0 2.84 9.482 9.962 0.995
2025  1 26  8 40  0 2.84 9.464 9.995 0.995
2025  1 26  8 45  0 2.84 9.501 10.004 0.994
2025  1 26  8 50  0 2.84 9.492 10.023 0.994
2025  1 26  8 55  0 2.84 9.519 9.982 0.994
2025  1 26  9  0  0 2.84 9.482 9.971 0.993
2025  1 26  9  5  0 2.84 9.492 10.043 0.995
2025  1 26  9 10  0 2.84 9.519 10.048 0.995
2025  1 26  9 15  0 2.84 9.510 10.038 0.994
2025  1 26  9 20  0 2.84 9.538 10.031 0.994
2025  1 26  9 25  0 2.84 9.538 10.002 0.994
2025  1 26  9 30  0 2.84 9.556 10.135 0.995
2025  1 26  9 35  0 2.84 9.639 10.150 0.994
2025  1 26  9 40  0 2.84 9.648 10.188 0.995
2025  1 26  9 45  0 2.84 9.621 10.006 0.994
2025  1 26  9 50  0 2.84 9.621 10.059 0.994
2025  1 26  9 55  0 2.84 9.658 10.238 0.994
2025  1 26 10  0  0 2.84 9.694 10.235 0.994
2025  1 26 10  5  0 2.83 9.704 10.231 0.994
2025  1 26 10 10  0 2.84 9.676 10.186 0.994
2025  1 26 10 15  0 2.84 9.694 10.186 0.993
2025  1 26 10 20  0 2.84 9.658 10.166 0.994
2025  1 26 10 25  0 2.84 9.630 10.022 0.994
2025  1 26 10 30  0 2.84 9.584 10.054 0.994
2025  1 26 10 35  0 2.84 9.547 10.041 0.994
2025  1 26 10 40  0 2.84 9.501 10.054 0.993
2025  1 26 10 45  0 2.84 9.464 10.051 0.994
2025  1 26 10 50  0 2.84 9.408 10.005 0.994
2025  1 26 10 55  0 2.84 9.316 10.002 0.994
2025  1 26 11  0  0 2.84 9.233 10.026 0.994
2025  1 26 11  5  0 2.84 9.158 10.055 0.994
2025  1 26 11 10  0 2.84 9.205 10.081 0.994
2025  1 26 11 15  0 2.84 9.140 10.072 0.995
2025  1 26 11 20  0 2.84 9.084 10.033 0.994
2025  1 26 11 25  0 2.84 9.056 10.053 0.994
2025  1 26 11 30  0 2.84 9.066 10.059 0.994
2025  1 26 11 35  0 2.84 9.010 10.071 0.994
2025  1 26 11 40  0 2.84 8.991 10.052 0.994
2025  1 26 11 45  0 2.84 8.982 10.019 0.994
2025  1 26 11 50  0 2.84 8.945 10.019 0.994
2025  1 26 11 55  0 2.84 8.907 10.070 0.995
2025  1 26 12  0  0 2.84 8.926 10.033 0.994
2025  1 26 12  5  0 2.84 8.889 10.046 0.994
2025  1 26 12 10  0 2.84 8.907 10.042 0.994
2025  1 26 12 15  0 2.84 8.879 10.047 0.994
2025  1 26 12 20  0 2.84 8.889 10.025 0.994
2025  1 26 12 25  0 2.84 8.870 10.016 0.994
2025  1 26 12 30  0 2.83 8.823 10.010 0.994
2025  1 26 12 35  0 2.84 8.814 9.994 0.994
2025  1 26 12 40  0 2.84 8.879 10.073 0.994
2025  1 26 12 45  0 2.84 8.842 10.017 0.994
2025  1 26 12 50  0 2.83 8.805 10.016 0.994
2025  1 26 12 55  0 2.83 8.777 10.036 0.994
2025  1 26 13  0  0 2.84 8.786 10.004 0.993
2025  1 26 13  5  0 2.83 8.805 10.031 0.993
2025  1 26 13 10  0 2.83 8.833 10.082 0.994
2025  1 26 13 15  0 2.83 8.833 10.057 0.994
2025  1 26 13 20  0 2.83 8.739 9.991 0.994
2025  1 26 13 25  0 2.84 8.693 10.021 0.993
2025  1 26 13 30  0 2.83 8.665 10.022 0.993
2025  1 26 13 35  0 2.84 8.655 10.024 0.994
2025  1 26 13 40  0 2.84 8.627 10.000 0.994
2025  1 26 13 45  0 2.84 8.608 9.994 0.993
2025  1 26 13 50  0 2.84 8.608 10.012 0.994
2025  1 26 13 55  0 2.84 8.608 10.005 0.994
2025  1 26 14  0  0 2.84 8.618 9.995 0.994
2025  1 26 14  5  0 2.84 8.655 10.108 0.995
2025  1 26 14 10  0 2.83 8.805 10.036 0.996
2025  1 26 14 15  0 2.84 8.898 10.041 0.995
2025  1 26 14 20  0 2.83 8.786 9.885 0.995
2025  1 26 14 25  0 2.84 8.599 9.923 0.994
2025  1 26 14 30  0 2.84 8.524 9.952 0.995
2025  1 26 14 35  0 2.84 8.496 9.953 0.995
2025  1 26 14 40  0 2.84 8.458 9.957 0.995
2025  1 26 14 45  0 2.84 8.440 9.956 0.995
2025  1 26 14 50  0 2.84 8.440 9.943 0.994
2025  1 26 14 55  0 2.84 8.421 9.955 0.995
2025  1 26 15  0  0 2.84 8.421 9.958 0.995
2025  1 26 15  5  0 2.84 8.421 9.942 0.995
2025  1 26 15 10  0 2.84 8.383 9.932 0.995
2025  1 26 15 15  0 2.84 8.317 9.927 0.994
2025  1 26 15 20  0 2.84 8.289 9.928 0.994
2025  1 26 15 25  0 2.84 8.261 9.941 0.995
2025  1 26 15 30  0 2.84 8.270 9.907 0.994
2025  1 26 15 35  0 2.84 8.242 9.901 0.994
2025  1 26 15 40  0 2.84 8.223 9.890 0.994
2025  1 26 15 45  0 2.84 8.185 9.896 0.994
2025  1 26 15 50  0 2.84 8.157 9.900 0.995
2025  1 26 15 55  0 2.84 8.185 9.884 0.995
2025  1 26 16  0  0 2.84 8.157 9.889 0.995
2025  1 26 16  5  0 2.84 8.157 9.885 0.995
2025  1 26 16 10  0 2.84 8.148 9.895 0.995
2025  1 26 16 15  0 2.84 8.148 9.892 0.994
2025  1 26 16 20  0 2.84 8.138 9.901 0.995
2025  1 26 16 25  0 2.84 8.138 9.894 0.994
2025  1 26 16 30  0 2.84 8.138 9.907 0.995
2025  1 26 16 35  0 2.84 8.157 9.897 0.995
2025  1 26 16 40  0 2.84 8.167 9.885 0.994
2025  1 26 16 45  0 2.84 8.167 9.883 0.994
2025  1 26 16 50  0 2.84 8.157 9.892 0.994
2025  1 26 16 55  0 2.84 8.167 9.911 0.995
2025  1 26 17  0  0 2.84 8.214 9.922 0.995
2025  1 26 17  5  0 2.84 8.251 9.976 0.995
2025  1 26 17 10  0 2.84 8.280 9.987 0.995
2025  1 26 17 15  0 2.84 8.289 9.980 0.995
2025  1 26 17 20  0 2.84 8.298 9.970 0.994
2025  1 26 17 25  0 2.84 8.280 9.982 0.995
2025  1 26 17 30  0 2.84 8.298 9.964 0.995
2025  1 26 17 35  0 2.84 8.280 9.975 0.994
2025  1 26 17 40  0 2.84 8.289 9.957 0.994
2025  1 26 17 45  0 2.84 8.270 9.961 0.994
2025  1 26 17 50  0 2.84 8.270 9.973 0.995
2025  1 26 17 55  0 2.84 8.270 9.966 0.995
2025  1 26 18  0  0 2.84 8.289 9.952 0.994
2025  1 26 18  5  0 2.84 8.270 9.985 0.995
2025  1 26 18 10  0 2.84 8.280 9.972 0.994
2025  1 26 18 15  0 2.84 8.251 9.973 0.995
2025  1 26 18 20  0 2.84 8.270 9.970 0.995
2025  1 26 18 25  0 2.84 8.280 9.961 0.995
2025  1 26 18 30  0 2.84 8.280 9.954 0.994
2025  1 26 18 35  0 2.84 8.298 9.963 0.995
2025  1 26 18 40  0 2.84 8.261 9.967 0.995
2025  1 26 18 45  0 2.84 8.251 9.987 0.994
2025  1 26 18 50  0 2.84 8.242 9.912 0.994
2025  1 26 18 55  0 2.84 8.195 9.906 0.995
2025  1 26 19  0  0 2.84 8.176 9.931 0.995
2025  1 26 19  5  0 2.84 8.176 9.914 0.995
2025  1 26 19 10  0 2.84 8.157 9.899 0.994
2025  1 26 19 15  0 2.84 8.167 9.901 0.994
2025  1 26 19 20  0 2.84 8.157 9.906 0.995
2025  1 26 19 25  0 2.84 8.167 9.884 0.994
2025  1 26 19 30  0 2.84 8.157 9.894 0.994
2025  1 26 19 35  0 2.84 8.157 9.904 0.994
2025  1 26 19 40  0 2.84 8.167 9.893 0.994
2025  1 26 19 45  0 2.84 8.148 9.899 0.994
2025  1 26 19 50  0 2.84 8.157 9.906 0.994
2025  1 26 19 55  0 2.84 8.157 9.919 0.994
2025  1 26 20  0  0 2.84 8.167 9.900 0.993
2025  1 26 20  5  0 2.84 8.167 9.910 0.994
2025  1 26 20 10  0 2.84 8.167 9.901 0.993
2025  1 26 20 15  0 2.84 8.176 9.892 0.993
2025  1 26 20 20  0 2.84 8.898 11.073 0.993
2025  1 26 20 25  0 2.84 10.390 10.454 0.991
2025  1 26 20 30  0 2.83 10.771 10.328 0.991
2025  1 26 20 35  0 2.84 11.465 10.169 0.990
2025  1 26 20 40  0 2.83 12.321 9.939 0.990
2025  1 26 20 45  0 2.83 13.229 9.807 0.990
2025  1 26 20 50  0 2.83 13.492 9.733 0.990
2025  1 26 20 55  0 2.83 13.597 9.702 0.990
2025  1 26 21  0  0 2.83 13.693 9.669 0.990
2025  1 26 21  5  0 2.83 13.597 9.709 0.991
2025  1 26 21 10  0 2.83 13.754 9.682 0.991
2025  1 26 21 15  0 2.83 13.972 9.600 0.989
2025  1 26 21 20  0 2.83 13.980 9.600 0.990
2025  1 26 21 25  0 2.83 13.824 9.632 0.990
2025  1 26 21 30  0 2.83 13.623 9.676 0.990
2025  1 26 21 35  0 2.83 13.448 9.730 0.991
2025  1 26 21 40  0 2.83 13.334 9.740 0.990
2025  1 26 21 45  0 2.83 13.255 9.756 0.990
2025  1 26 21 50  0 2.83 13.159 9.764 0.990
2025  1 26 21 55  0 2.83 13.054 9.793 0.990
2025  1 26 22  0  0 2.83 13.001 9.795 0.990
2025  1 26 22  5  0 2.83 12.922 9.823 0.991
2025  1 26 22 10  0 2.83 12.869 9.832 0.990
2025  1 26 22 15  0 2.83 12.860 9.832 0.990
2025  1 26 22 20  0 2.83 12.886 9.843 0.991
2025  1 26 22 25  0 2.83 12.992 9.807 0.990
2025  1 26 22 30  0 2.83 12.939 9.808 0.990
2025  1 26 22 35  0 2.83 12.825 9.842 0.991
2025  1 26 22 40  0 2.83 12.622 9.884 0.991
2025  1 26 22 45  0 2.84 12.525 9.900 0.991
2025  1 26 22 50  0 2.84 12.498 9.963 0.991
2025  1 26 22 55  0 2.83 13.343 9.796 0.991
