% Tiempo en UTC
% *Espacios sin datos estan marcados con NaN (not a number)
%año  mes dia hora min sec BV(volts) Temp DO Q
%
2025  1 15 18  8  0 2.84 17.107 8.931 0.916
2025  1 15 18 13  0 2.84 17.242 8.910 0.914
2025  1 15 18 18  0 2.84 17.327 8.902 0.914
2025  1 15 18 23  0 2.84 17.420 8.895 0.914
2025  1 15 18 28  0 2.84 17.513 8.878 0.914
2025  1 15 18 33  0 2.84 17.615 8.867 0.914
2025  1 15 18 38  0 2.84 17.666 8.859 0.914
2025  1 15 18 43  0 2.84 17.742 8.852 0.915
2025  1 15 18 48  0 2.84 17.860 8.819 0.915
2025  1 15 18 53  0 2.84 17.885 8.819 0.914
2025  1 15 18 58  0 2.84 17.826 8.843 0.914
2025  1 15 19  3  0 2.84 17.767 8.852 0.914
2025  1 15 19  8  0 2.84 17.911 8.829 0.914
2025  1 15 19 13  0 2.84 18.770 8.619 0.914
2025  1 15 19 18  0 2.84 18.896 8.587 0.913
2025  1 15 19 23  0 2.84 17.860 8.788 0.914
2025  1 15 19 28  0 2.84 17.022 8.951 0.914
2025  1 15 19 33  0 2.84 16.793 8.965 0.914
2025  1 15 19 38  0 2.84 15.666 9.211 0.915
2025  1 15 19 43  0 2.85 14.244 9.497 0.916
2025  1 15 19 48  0 2.85 13.179 9.733 0.917
2025  1 15 19 53  0 2.85 12.288 9.924 0.917
2025  1 15 19 58  0 2.85 11.270 10.170 0.918
2025  1 15 20  3  0 2.85 10.392 10.391 0.919
2025  1 15 20  8  0 2.85 9.605 10.586 0.918
2025  1 15 20 13  0 2.85 9.328 10.632 0.918
2025  1 15 20 18  0 2.85 9.780 10.491 0.918
2025  1 15 20 23  0 2.85 10.338 10.357 0.918
2025  1 15 20 28  0 2.86 10.283 10.369 0.918
2025  1 15 20 33  0 2.85 10.683 10.260 0.918
2025  1 15 20 38  0 2.85 10.347 10.353 0.917
2025  1 15 20 43  0 2.85 9.743 10.520 0.918
2025  1 15 20 48  0 2.85 9.826 10.447 0.918
2025  1 15 20 53  0 2.85 10.347 10.295 0.917
2025  1 15 20 58  0 2.85 11.180 10.048 0.916
2025  1 15 21  3  0 2.85 11.512 9.998 0.917
2025  1 15 21  8  0 2.85 11.414 10.025 0.916
2025  1 15 21 13  0 2.85 11.036 10.202 0.918
2025  1 15 21 18  0 2.85 10.864 10.253 0.919
2025  1 15 21 23  0 2.85 10.937 10.232 0.916
2025  1 15 21 28  0 2.85 10.747 10.234 0.916
2025  1 15 21 33  0 2.85 10.155 10.376 0.915
2025  1 15 21 38  0 2.85 9.789 10.466 0.916
2025  1 15 21 43  0 2.85 9.540 10.513 0.915
2025  1 15 21 48  0 2.85 9.374 10.562 0.916
2025  1 15 21 53  0 2.86 9.208 10.601 0.916
2025  1 15 21 58  0 2.86 9.078 10.629 0.916
2025  1 15 22  3  0 2.85 8.919 10.676 0.916
2025  1 15 22  8  0 2.85 8.761 10.721 0.916
2025  1 15 22 13  0 2.85 8.602 10.755 0.916
2025  1 15 22 18  0 2.85 8.536 10.772 0.916
2025  1 15 22 23  0 2.85 8.471 10.796 0.916
2025  1 15 22 28  0 2.85 8.480 10.779 0.916
2025  1 15 22 33  0 2.85 8.452 10.801 0.917
2025  1 15 22 38  0 2.85 8.461 10.789 0.917
2025  1 15 22 43  0 2.85 8.405 10.807 0.917
2025  1 15 22 48  0 2.85 8.368 10.823 0.916
2025  1 15 22 53  0 2.85 8.311 10.847 0.917
2025  1 15 22 58  0 2.85 8.273 10.848 0.916
2025  1 15 23  3  0 2.85 8.245 10.849 0.916
2025  1 15 23  8  0 2.86 8.189 10.868 0.916
2025  1 15 23 13  0 2.86 8.170 10.869 0.916
2025  1 15 23 18  0 2.86 8.132 10.887 0.917
2025  1 15 23 23  0 2.86 8.132 10.878 0.916
2025  1 15 23 28  0 2.86 8.113 10.888 0.917
2025  1 15 23 33  0 2.86 8.104 10.891 0.917
2025  1 15 23 38  0 2.86 8.066 10.899 0.916
2025  1 15 23 43  0 2.86 8.009 10.908 0.916
2025  1 15 23 48  0 2.86 7.971 10.915 0.916
2025  1 15 23 53  0 2.86 7.981 10.930 0.917
2025  1 15 23 58  0 2.86 7.971 10.922 0.916
2025  1 16  0  3  0 2.86 7.877 10.971 0.916
2025  1 16  0  8  0 2.86 7.820 10.961 0.916
2025  1 16  0 13  0 2.86 7.772 10.975 0.916
2025  1 16  0 18  0 2.86 7.753 10.982 0.916
2025  1 16  0 23  0 2.86 7.753 10.981 0.917
2025  1 16  0 28  0 2.85 7.696 11.012 0.917
2025  1 16  0 33  0 2.85 7.687 11.011 0.916
2025  1 16  0 38  0 2.85 7.630 11.027 0.917
2025  1 16  0 43  0 2.85 7.601 11.032 0.917
2025  1 16  0 48  0 2.85 7.525 11.060 0.916
2025  1 16  0 53  0 2.85 7.506 11.063 0.916
2025  1 16  0 58  0 2.85 7.477 11.078 0.916
2025  1 16  1  3  0 2.85 7.468 11.081 0.917
2025  1 16  1  8  0 2.85 7.439 11.089 0.916
2025  1 16  1 13  0 2.85 7.420 11.104 0.917
2025  1 16  1 18  0 2.85 7.391 11.097 0.917
2025  1 16  1 23  0 2.85 7.372 11.108 0.917
2025  1 16  1 28  0 2.85 7.344 11.115 0.917
2025  1 16  1 33  0 2.85 7.315 11.130 0.917
2025  1 16  1 38  0 2.85 7.315 11.123 0.917
2025  1 16  1 43  0 2.85 7.286 11.133 0.917
2025  1 16  1 48  0 2.85 7.248 11.135 0.916
2025  1 16  1 53  0 2.85 7.200 11.149 0.916
2025  1 16  1 58  0 2.85 7.181 11.161 0.917
2025  1 16  2  3  0 2.86 7.123 11.180 0.917
2025  1 16  2  8  0 2.86 7.094 11.173 0.916
2025  1 16  2 13  0 2.86 7.037 11.204 0.917
2025  1 16  2 18  0 2.86 7.008 11.200 0.916
2025  1 16  2 23  0 2.86 6.950 11.213 0.916
2025  1 16  2 28  0 2.86 6.931 11.236 0.917
2025  1 16  2 33  0 2.86 6.883 11.249 0.917
2025  1 16  2 38  0 2.86 6.825 11.264 0.916
2025  1 16  2 43  0 2.86 6.786 11.266 0.916
2025  1 16  2 48  0 2.86 6.718 11.303 0.917
2025  1 16  2 53  0 2.86 6.670 11.312 0.917
2025  1 16  2 58  0 2.86 6.622 11.328 0.917
2025  1 16  3  3  0 2.86 6.573 11.326 0.916
2025  1 16  3  8  0 2.86 6.515 11.361 0.917
2025  1 16  3 13  0 2.86 6.457 11.369 0.916
2025  1 16  3 18  0 2.85 6.389 11.397 0.916
2025  1 16  3 23  0 2.85 6.350 11.400 0.916
2025  1 16  3 28  0 2.85 6.320 11.411 0.916
2025  1 16  3 33  0 2.85 6.272 11.421 0.916
2025  1 16  3 38  0 2.85 6.223 11.436 0.916
2025  1 16  3 43  0 2.85 6.194 11.428 0.916
2025  1 16  3 48  0 2.85 6.203 11.416 0.916
2025  1 16  3 53  0 2.86 6.155 11.437 0.916
2025  1 16  3 58  0 2.86 6.115 11.453 0.916
2025  1 16  4  3  0 2.86 6.115 11.455 0.916
2025  1 16  4  8  0 2.86 6.076 11.473 0.917
2025  1 16  4 13  0 2.86 6.027 11.473 0.916
2025  1 16  4 18  0 2.86 5.988 11.495 0.916
2025  1 16  4 23  0 2.86 5.959 11.508 0.917
2025  1 16  4 28  0 2.86 5.939 11.507 0.916
2025  1 16  4 33  0 2.86 5.900 11.518 0.916
2025  1 16  4 38  0 2.86 5.880 11.514 0.916
2025  1 16  4 43  0 2.86 5.890 11.518 0.916
2025  1 16  4 48  0 2.86 5.880 11.516 0.916
2025  1 16  4 53  0 2.86 5.870 11.522 0.916
2025  1 16  4 58  0 2.86 5.851 11.533 0.916
2025  1 16  5  3  0 2.86 5.841 11.529 0.916
2025  1 16  5  8  0 2.86 5.831 11.523 0.916
2025  1 16  5 13  0 2.86 5.831 11.528 0.916
2025  1 16  5 18  0 2.86 5.841 11.538 0.917
2025  1 16  5 23  0 2.86 5.811 11.534 0.916
2025  1 16  5 28  0 2.86 5.802 11.543 0.916
2025  1 16  5 33  0 2.86 5.772 11.555 0.916
2025  1 16  5 38  0 2.86 5.782 11.540 0.916
2025  1 16  5 43  0 2.86 5.782 11.542 0.916
2025  1 16  5 48  0 2.86 5.743 11.569 0.916
2025  1 16  5 53  0 2.86 5.743 11.565 0.916
2025  1 16  5 58  0 2.86 5.723 11.574 0.916
2025  1 16  6  3  0 2.86 5.733 11.571 0.916
2025  1 16  6  8  0 2.86 5.723 11.570 0.916
2025  1 16  6 13  0 2.86 5.703 11.573 0.916
2025  1 16  6 18  0 2.86 5.723 11.578 0.916
2025  1 16  6 23  0 2.86 5.723 11.569 0.916
2025  1 16  6 28  0 2.86 5.693 11.575 0.916
2025  1 16  6 33  0 2.86 5.683 11.573 0.916
2025  1 16  6 38  0 2.86 5.674 11.582 0.916
2025  1 16  6 43  0 2.86 5.644 11.575 0.916
2025  1 16  6 48  0 2.86 5.634 11.577 0.916
2025  1 16  6 53  0 2.86 5.595 11.594 0.916
2025  1 16  6 58  0 2.86 5.595 11.594 0.916
2025  1 16  7  3  0 2.86 5.545 11.605 0.916
2025  1 16  7  8  0 2.86 5.535 11.614 0.916
2025  1 16  7 13  0 2.86 5.476 11.634 0.916
2025  1 16  7 18  0 2.86 5.476 11.626 0.916
2025  1 16  7 23  0 2.86 5.466 11.622 0.916
2025  1 16  7 28  0 2.86 5.436 11.645 0.916
2025  1 16  7 33  0 2.86 5.426 11.631 0.916
2025  1 16  7 38  0 2.86 5.387 11.658 0.916
2025  1 16  7 43  0 2.86 5.417 11.638 0.916
2025  1 16  7 48  0 2.86 5.397 11.643 0.916
2025  1 16  7 53  0 2.86 5.377 11.646 0.916
2025  1 16  7 58  0 2.86 5.367 11.654 0.916
2025  1 16  8  3  0 2.86 5.367 11.654 0.916
2025  1 16  8  8  0 2.86 5.387 11.641 0.916
2025  1 16  8 13  0 2.86 5.367 11.654 0.916
2025  1 16  8 18  0 2.86 5.387 11.642 0.916
2025  1 16  8 23  0 2.86 5.377 11.642 0.916
2025  1 16  8 28  0 2.86 5.357 11.654 0.916
2025  1 16  8 33  0 2.86 5.367 11.652 0.916
2025  1 16  8 38  0 2.86 5.387 11.637 0.916
2025  1 16  8 43  0 2.86 5.377 11.651 0.916
2025  1 16  8 48  0 2.86 5.387 11.643 0.916
2025  1 16  8 53  0 2.86 5.357 11.661 0.916
2025  1 16  8 58  0 2.86 5.357 11.653 0.916
2025  1 16  9  3  0 2.86 5.387 11.645 0.916
2025  1 16  9  8  0 2.86 5.407 11.633 0.916
2025  1 16  9 13  0 2.86 5.397 11.649 0.916
2025  1 16  9 18  0 2.86 5.426 11.639 0.916
2025  1 16  9 23  0 2.86 5.426 11.630 0.915
2025  1 16  9 28  0 2.86 5.436 11.631 0.916
2025  1 16  9 33  0 2.86 5.446 11.628 0.916
2025  1 16  9 38  0 2.86 5.456 11.629 0.916
2025  1 16  9 43  0 2.86 5.466 11.631 0.916
2025  1 16  9 48  0 2.86 5.456 11.638 0.916
2025  1 16  9 53  0 2.86 5.506 11.618 0.916
2025  1 16  9 58  0 2.86 5.496 11.621 0.916
2025  1 16 10  3  0 2.86 5.486 11.632 0.916
2025  1 16 10  8  0 2.86 5.506 11.624 0.916
2025  1 16 10 13  0 2.86 5.545 11.605 0.916
2025  1 16 10 18  0 2.86 5.535 11.627 0.916
2025  1 16 10 23  0 2.86 5.535 11.621 0.916
2025  1 16 10 28  0 2.86 5.555 11.626 0.916
2025  1 16 10 33  0 2.86 5.565 11.609 0.916
2025  1 16 10 38  0 2.86 5.614 11.587 0.916
2025  1 16 10 43  0 2.86 5.614 11.602 0.916
2025  1 16 10 48  0 2.86 5.644 11.589 0.916
2025  1 16 10 53  0 2.86 5.634 11.595 0.916
2025  1 16 10 58  0 2.86 5.674 11.567 0.915
2025  1 16 11  3  0 2.86 5.703 11.566 0.916
2025  1 16 11  8  0 2.86 5.703 11.578 0.916
2025  1 16 11 13  0 2.86 5.752 11.558 0.916
2025  1 16 11 18  0 2.86 5.772 11.553 0.916
2025  1 16 11 23  0 2.86 5.811 11.544 0.916
2025  1 16 11 28  0 2.86 5.851 11.520 0.916
2025  1 16 11 33  0 2.86 5.900 11.519 0.916
2025  1 16 11 38  0 2.86 5.949 11.498 0.915
2025  1 16 11 43  0 2.86 6.018 11.486 0.916
2025  1 16 11 48  0 2.86 6.037 11.497 0.916
2025  1 16 11 53  0 2.85 6.125 11.457 0.916
2025  1 16 11 58  0 2.85 6.174 11.442 0.916
2025  1 16 12  3  0 2.85 6.242 11.417 0.916
2025  1 16 12  8  0 2.85 6.281 11.410 0.916
2025  1 16 12 13  0 2.85 6.369 11.377 0.916
2025  1 16 12 18  0 2.85 6.428 11.367 0.916
2025  1 16 12 23  0 2.86 6.496 11.341 0.916
2025  1 16 12 28  0 2.86 6.583 11.318 0.916
2025  1 16 12 33  0 2.86 6.670 11.294 0.916
2025  1 16 12 38  0 2.86 6.776 11.270 0.916
2025  1 16 12 43  0 2.86 6.883 11.226 0.915
2025  1 16 12 48  0 2.86 6.960 11.218 0.916
2025  1 16 12 53  0 2.86 7.056 11.196 0.916
2025  1 16 12 58  0 2.86 7.133 11.182 0.916
2025  1 16 13  3  0 2.85 7.229 11.150 0.916
2025  1 16 13  8  0 2.85 7.267 11.153 0.916
2025  1 16 13 13  0 2.85 7.344 11.140 0.916
2025  1 16 13 18  0 2.85 7.382 11.122 0.916
2025  1 16 13 23  0 2.85 7.439 11.112 0.916
2025  1 16 13 28  0 2.85 7.477 11.103 0.916
2025  1 16 13 33  0 2.85 7.525 11.082 0.915
2025  1 16 13 38  0 2.85 7.554 11.069 0.915
2025  1 16 13 43  0 2.85 7.592 11.063 0.916
2025  1 16 13 48  0 2.85 7.649 11.048 0.916
2025  1 16 13 53  0 2.85 7.677 11.044 0.916
2025  1 16 13 58  0 2.86 7.734 11.030 0.916
2025  1 16 14  3  0 2.86 7.801 11.000 0.916
2025  1 16 14  8  0 2.86 7.858 10.976 0.915
2025  1 16 14 13  0 2.86 7.934 10.957 0.915
2025  1 16 14 18  0 2.86 8.028 10.931 0.915
2025  1 16 14 23  0 2.86 8.094 10.916 0.916
2025  1 16 14 28  0 2.86 8.170 10.889 0.915
2025  1 16 14 33  0 2.85 8.283 10.870 0.916
2025  1 16 14 38  0 2.85 8.358 10.849 0.916
2025  1 16 14 43  0 2.85 8.443 10.821 0.915
2025  1 16 14 48  0 2.85 8.499 10.808 0.915
2025  1 16 14 53  0 2.85 8.565 10.786 0.915
2025  1 16 14 58  0 2.85 8.630 10.772 0.915
2025  1 16 15  3  0 2.85 8.705 10.756 0.915
2025  1 16 15  8  0 2.85 8.752 10.754 0.916
2025  1 16 15 13  0 2.85 8.836 10.717 0.915
2025  1 16 15 18  0 2.85 8.901 10.700 0.915
2025  1 16 15 23  0 2.86 8.957 10.685 0.915
2025  1 16 15 28  0 2.86 9.040 10.661 0.915
2025  1 16 15 33  0 2.86 9.105 10.649 0.915
2025  1 16 15 38  0 2.85 9.180 10.637 0.915
2025  1 16 15 43  0 2.85 9.291 10.593 0.915
2025  1 16 15 48  0 2.85 9.356 10.580 0.915
2025  1 16 15 53  0 2.85 9.439 10.559 0.915
2025  1 16 15 58  0 2.85 9.550 10.530 0.915
2025  1 16 16  3  0 2.85 9.660 10.501 0.915
2025  1 16 16  8  0 2.85 9.789 10.454 0.915
2025  1 16 16 13  0 2.85 9.890 10.431 0.915
2025  1 16 16 18  0 2.85 10.036 10.396 0.915
2025  1 16 16 23  0 2.85 10.183 10.357 0.915
2025  1 16 16 28  0 2.85 10.329 10.314 0.915
2025  1 16 16 33  0 2.85 10.447 10.283 0.914
2025  1 16 16 38  0 2.85 10.583 10.248 0.914
2025  1 16 16 43  0 2.85 10.692 10.229 0.914
2025  1 16 16 48  0 2.85 10.810 10.202 0.914
2025  1 16 16 53  0 2.85 10.946 10.161 0.914
2025  1 16 16 58  0 2.85 11.063 10.132 0.914
2025  1 16 17  3  0 2.85 11.198 10.100 0.914
2025  1 16 17  8  0 2.85 11.324 10.086 0.915
2025  1 16 17 13  0 2.85 11.432 10.046 0.914
2025  1 16 17 18  0 2.85 11.548 10.029 0.914
2025  1 16 17 23  0 2.85 11.638 10.015 0.914
2025  1 16 17 28  0 2.85 11.736 9.989 0.914
2025  1 16 17 33  0 2.85 11.825 9.967 0.914
2025  1 16 17 38  0 2.85 11.923 9.943 0.914
2025  1 16 17 43  0 2.85 12.030 9.914 0.914
2025  1 16 17 48  0 2.85 12.084 9.905 0.914
2025  1 16 17 53  0 2.85 12.164 9.887 0.913
2025  1 16 17 58  0 2.85 12.226 9.873 0.913
2025  1 16 18  3  0 2.85 12.279 9.873 0.914
2025  1 16 18  8  0 2.85 12.377 9.850 0.914
2025  1 16 18 13  0 2.85 12.448 9.839 0.914
2025  1 16 18 18  0 2.85 12.554 9.797 0.913
2025  1 16 18 23  0 2.85 12.651 9.769 0.913
2025  1 16 18 28  0 2.85 12.730 9.761 0.914
2025  1 16 18 33  0 2.85 12.819 9.742 0.913
2025  1 16 18 38  0 2.85 12.907 9.724 0.913
2025  1 16 18 43  0 2.85 12.986 9.711 0.913
2025  1 16 18 48  0 2.85 13.065 9.691 0.913
2025  1 16 18 53  0 2.85 13.127 9.678 0.913
2025  1 16 18 58  0 2.85 13.197 9.677 0.913
2025  1 16 19  3  0 2.85 13.232 9.675 0.913
2025  1 16 19  8  0 2.85 13.249 9.672 0.913
2025  1 16 19 13  0 2.84 13.311 9.658 0.913
2025  1 16 19 18  0 2.84 13.337 9.648 0.913
2025  1 16 19 23  0 2.84 13.372 9.670 0.913
2025  1 16 19 28  0 2.84 13.381 9.672 0.913
2025  1 16 19 33  0 2.84 13.407 9.655 0.912
2025  1 16 19 38  0 2.84 13.390 9.671 0.913
2025  1 16 19 43  0 2.84 13.363 9.682 0.913
2025  1 16 19 48  0 2.84 13.320 9.702 0.914
2025  1 16 19 53  0 2.84 13.320 9.687 0.913
2025  1 16 19 58  0 2.84 13.276 9.692 0.913
2025  1 16 20  3  0 2.84 13.241 9.715 0.913
2025  1 16 20  8  0 2.85 13.188 9.722 0.913
2025  1 16 20 13  0 2.85 13.127 9.742 0.913
2025  1 16 20 18  0 2.85 13.083 9.754 0.913
2025  1 16 20 23  0 2.85 13.030 9.760 0.913
2025  1 16 20 28  0 2.85 12.995 9.775 0.913
2025  1 16 20 33  0 2.85 12.907 9.783 0.913
2025  1 16 20 38  0 2.85 12.854 9.804 0.913
2025  1 16 20 43  0 2.85 12.836 9.811 0.914
2025  1 16 20 48  0 2.85 12.792 9.825 0.914
2025  1 16 20 53  0 2.85 12.757 9.829 0.913
2025  1 16 20 58  0 2.85 12.704 9.843 0.913
2025  1 16 21  3  0 2.85 12.642 9.857 0.914
2025  1 16 21  8  0 2.85 12.589 9.862 0.913
2025  1 16 21 13  0 2.85 12.536 9.881 0.913
2025  1 16 21 18  0 2.85 12.465 9.898 0.914
2025  1 16 21 23  0 2.85 12.394 9.907 0.913
2025  1 16 21 28  0 2.85 12.359 9.925 0.914
2025  1 16 21 33  0 2.84 12.297 9.933 0.914
2025  1 16 21 38  0 2.85 12.235 9.950 0.914
2025  1 16 21 43  0 2.85 12.173 9.964 0.914
2025  1 16 21 48  0 2.85 12.128 9.961 0.913
2025  1 16 21 53  0 2.85 12.057 9.980 0.914
2025  1 16 21 58  0 2.85 12.004 10.003 0.914
2025  1 16 22  3  0 2.85 11.932 10.014 0.914
2025  1 16 22  8  0 2.85 11.861 10.018 0.914
2025  1 16 22 13  0 2.85 11.781 10.045 0.914
2025  1 16 22 18  0 2.85 11.682 10.068 0.914
2025  1 16 22 23  0 2.85 11.638 10.079 0.914
2025  1 16 22 28  0 2.85 11.584 10.096 0.914
2025  1 16 22 33  0 2.85 11.521 10.108 0.914
2025  1 16 22 38  0 2.85 11.467 10.116 0.914
2025  1 16 22 43  0 2.85 11.432 10.134 0.915
2025  1 16 22 48  0 2.85 11.378 10.135 0.914
2025  1 16 22 53  0 2.85 11.306 10.159 0.915
2025  1 16 22 58  0 2.85 11.261 10.156 0.914
2025  1 16 23  3  0 2.85 11.207 10.182 0.915
2025  1 16 23  8  0 2.85 11.126 10.195 0.914
2025  1 16 23 13  0 2.85 11.108 10.193 0.915
2025  1 16 23 18  0 2.85 11.036 10.210 0.915
2025  1 16 23 23  0 2.85 10.973 10.228 0.915
2025  1 16 23 28  0 2.85 10.937 10.232 0.914
2025  1 16 23 33  0 2.85 10.873 10.246 0.915
2025  1 16 23 38  0 2.85 10.846 10.245 0.914
2025  1 16 23 43  0 2.85 10.774 10.268 0.915
2025  1 16 23 48  0 2.85 10.747 10.276 0.915
2025  1 16 23 53  0 2.85 10.701 10.283 0.915
2025  1 16 23 58  0 2.85 10.656 10.313 0.915
2025  1 17  0  3  0 2.85 10.638 10.301 0.915
2025  1 17  0  8  0 2.85 10.583 10.307 0.915
2025  1 17  0 13  0 2.85 10.556 10.316 0.915
2025  1 17  0 18  0 2.85 10.502 10.333 0.915
2025  1 17  0 23  0 2.85 10.483 10.331 0.915
2025  1 17  0 28  0 2.85 10.429 10.350 0.915
2025  1 17  0 33  0 2.85 10.392 10.367 0.915
2025  1 17  0 38  0 2.85 10.365 10.355 0.915
2025  1 17  0 43  0 2.85 10.310 10.368 0.915
2025  1 17  0 48  0 2.85 10.265 10.388 0.915
2025  1 17  0 53  0 2.85 10.219 10.394 0.915
2025  1 17  0 58  0 2.85 10.155 10.418 0.915
2025  1 17  1  3  0 2.85 10.128 10.420 0.915
2025  1 17  1  8  0 2.85 10.082 10.414 0.915
2025  1 17  1 13  0 2.85 10.036 10.433 0.915
2025  1 17  1 18  0 2.85 10.009 10.435 0.915
2025  1 17  1 23  0 2.85 9.954 10.445 0.915
2025  1 17  1 28  0 2.85 9.890 10.467 0.915
2025  1 17  1 33  0 2.85 9.872 10.473 0.915
2025  1 17  1 38  0 2.85 9.844 10.473 0.915
2025  1 17  1 43  0 2.85 9.816 10.486 0.915
2025  1 17  1 48  0 2.85 9.780 10.489 0.915
2025  1 17  1 53  0 2.85 9.743 10.511 0.915
2025  1 17  1 58  0 2.85 9.706 10.517 0.916
2025  1 17  2  3  0 2.85 9.679 10.509 0.915
2025  1 17  2  8  0 2.85 9.623 10.530 0.915
2025  1 17  2 13  0 2.85 9.596 10.535 0.915
2025  1 17  2 18  0 2.85 9.531 10.543 0.915
2025  1 17  2 23  0 2.85 9.522 10.551 0.916
2025  1 17  2 28  0 2.85 9.494 10.557 0.915
2025  1 17  2 33  0 2.85 9.467 10.574 0.916
2025  1 17  2 38  0 2.85 9.420 10.581 0.916
2025  1 17  2 43  0 2.85 9.402 10.573 0.915
2025  1 17  2 48  0 2.85 9.383 10.580 0.915
2025  1 17  2 53  0 2.85 9.356 10.588 0.915
2025  1 17  2 58  0 2.85 9.328 10.594 0.915
2025  1 17  3  3  0 2.85 9.319 10.594 0.916
2025  1 17  3  8  0 2.85 9.291 10.593 0.915
2025  1 17  3 13  0 2.85 9.263 10.602 0.915
2025  1 17  3 18  0 2.85 9.254 10.615 0.916
2025  1 17  3 23  0 2.85 9.235 10.612 0.915
2025  1 17  3 28  0 2.85 9.198 10.629 0.916
2025  1 17  3 33  0 2.85 9.180 10.631 0.916
2025  1 17  3 38  0 2.85 9.161 10.623 0.915
2025  1 17  3 43  0 2.85 9.152 10.625 0.915
2025  1 17  3 48  0 2.85 9.143 10.633 0.916
2025  1 17  3 53  0 2.85 9.133 10.630 0.916
2025  1 17  3 58  0 2.86 9.143 10.625 0.916
2025  1 17  4  3  0 2.85 9.096 10.644 0.916
2025  1 17  4  8  0 2.86 9.096 10.628 0.915
2025  1 17  4 13  0 2.85 9.087 10.637 0.915
2025  1 17  4 18  0 2.85 9.068 10.640 0.915
2025  1 17  4 23  0 2.86 9.050 10.652 0.916
2025  1 17  4 28  0 2.86 9.059 10.636 0.915
2025  1 17  4 33  0 2.86 9.050 10.647 0.916
2025  1 17  4 38  0 2.86 9.040 10.648 0.916
2025  1 17  4 43  0 2.86 9.022 10.655 0.916
2025  1 17  4 48  0 2.86 9.003 10.659 0.916
2025  1 17  4 53  0 2.86 9.013 10.660 0.916
2025  1 17  4 58  0 2.86 9.003 10.650 0.916
2025  1 17  5  3  0 2.86 8.994 10.651 0.916
2025  1 17  5  8  0 2.85 8.975 10.660 0.916
2025  1 17  5 13  0 2.85 8.985 10.657 0.916
2025  1 17  5 18  0 2.86 8.957 10.663 0.916
2025  1 17  5 23  0 2.86 8.957 10.661 0.916
2025  1 17  5 28  0 2.85 8.957 10.671 0.916
2025  1 17  5 33  0 2.85 8.938 10.658 0.915
2025  1 17  5 38  0 2.85 8.947 10.659 0.916
2025  1 17  5 43  0 2.85 8.938 10.663 0.916
2025  1 17  5 48  0 2.85 8.919 10.670 0.916
2025  1 17  5 53  0 2.85 8.901 10.674 0.916
2025  1 17  5 58  0 2.85 8.892 10.672 0.916
2025  1 17  6  3  0 2.85 8.901 10.675 0.916
2025  1 17  6  8  0 2.85 8.892 10.670 0.916
2025  1 17  6 13  0 2.85 8.873 10.678 0.916
2025  1 17  6 18  0 2.85 8.864 10.672 0.915
2025  1 17  6 23  0 2.85 8.854 10.676 0.915
2025  1 17  6 28  0 2.85 8.845 10.688 0.916
2025  1 17  6 33  0 2.85 8.817 10.693 0.916
2025  1 17  6 38  0 2.85 8.808 10.700 0.916
2025  1 17  6 43  0 2.85 8.770 10.710 0.916
2025  1 17  6 48  0 2.85 8.770 10.694 0.915
2025  1 17  6 53  0 2.85 8.733 10.712 0.915
2025  1 17  6 58  0 2.85 8.724 10.710 0.915
2025  1 17  7  3  0 2.85 8.705 10.721 0.916
2025  1 17  7  8  0 2.85 8.677 10.752 0.916
2025  1 17  7 13  0 2.85 8.658 10.741 0.916
2025  1 17  7 18  0 2.85 8.639 10.759 0.916
2025  1 17  7 23  0 2.85 8.649 10.741 0.916
2025  1 17  7 28  0 2.85 8.639 10.735 0.915
2025  1 17  7 33  0 2.85 8.621 10.743 0.916
2025  1 17  7 38  0 2.85 8.611 10.757 0.916
2025  1 17  7 43  0 2.85 8.630 10.750 0.916
2025  1 17  7 48  0 2.85 8.611 10.740 0.915
2025  1 17  7 53  0 2.85 8.621 10.739 0.916
2025  1 17  7 58  0 2.85 8.593 10.749 0.916
2025  1 17  8  3  0 2.85 8.602 10.741 0.916
2025  1 17  8  8  0 2.85 8.593 10.741 0.915
2025  1 17  8 13  0 2.85 8.593 10.740 0.916
2025  1 17  8 18  0 2.85 8.583 10.747 0.916
2025  1 17  8 23  0 2.85 8.574 10.755 0.916
2025  1 17  8 28  0 2.85 8.574 10.748 0.916
2025  1 17  8 33  0 2.85 8.574 10.751 0.916
2025  1 17  8 38  0 2.85 8.565 10.753 0.916
2025  1 17  8 43  0 2.85 8.565 10.758 0.916
2025  1 17  8 48  0 2.85 8.574 10.753 0.916
2025  1 17  8 53  0 2.85 8.574 10.748 0.916
2025  1 17  8 58  0 2.85 8.565 10.757 0.916
2025  1 17  9  3  0 2.85 8.574 10.742 0.916
2025  1 17  9  8  0 2.85 8.593 10.741 0.916
2025  1 17  9 13  0 2.85 8.602 10.741 0.916
2025  1 17  9 18  0 2.85 8.602 10.744 0.916
2025  1 17  9 23  0 2.85 8.621 10.741 0.916
2025  1 17  9 28  0 2.85 8.611 10.744 0.916
2025  1 17  9 33  0 2.85 8.602 10.747 0.916
2025  1 17  9 38  0 2.85 8.611 10.742 0.916
2025  1 17  9 43  0 2.85 8.630 10.738 0.916
2025  1 17  9 48  0 2.85 8.611 10.739 0.916
2025  1 17  9 53  0 2.85 8.658 10.726 0.916
2025  1 17  9 58  0 2.85 8.639 10.741 0.916
2025  1 17 10  3  0 2.85 8.649 10.724 0.915
2025  1 17 10  8  0 2.85 8.668 10.731 0.916
2025  1 17 10 13  0 2.85 8.668 10.736 0.916
2025  1 17 10 18  0 2.85 8.668 10.723 0.915
2025  1 17 10 23  0 2.85 8.677 10.729 0.916
2025  1 17 10 28  0 2.85 8.677 10.739 0.916
2025  1 17 10 33  0 2.85 8.686 10.741 0.916
2025  1 17 10 38  0 2.85 8.696 10.727 0.916
2025  1 17 10 43  0 2.85 8.714 10.721 0.915
2025  1 17 10 48  0 2.85 8.742 10.726 0.916
2025  1 17 10 53  0 2.85 8.770 10.707 0.916
2025  1 17 10 58  0 2.85 8.789 10.715 0.916
2025  1 17 11  3  0 2.85 8.808 10.701 0.916
2025  1 17 11  8  0 2.85 8.808 10.701 0.916
2025  1 17 11 13  0 2.85 8.808 10.711 0.916
2025  1 17 11 18  0 2.85 8.845 10.695 0.916
2025  1 17 11 23  0 2.85 8.873 10.684 0.915
2025  1 17 11 28  0 2.85 8.919 10.670 0.915
2025  1 17 11 33  0 2.85 8.929 10.675 0.916
2025  1 17 11 38  0 2.86 8.957 10.656 0.915
2025  1 17 11 43  0 2.86 9.031 10.641 0.915
2025  1 17 11 48  0 2.86 9.040 10.650 0.916
2025  1 17 11 53  0 2.85 9.078 10.635 0.915
2025  1 17 11 58  0 2.85 9.105 10.631 0.916
2025  1 17 12  3  0 2.85 9.152 10.609 0.915
2025  1 17 12  8  0 2.85 9.189 10.598 0.915
2025  1 17 12 13  0 2.85 9.226 10.597 0.916
2025  1 17 12 18  0 2.85 9.272 10.589 0.916
2025  1 17 12 23  0 2.85 9.319 10.562 0.915
2025  1 17 12 28  0 2.85 9.346 10.564 0.915
2025  1 17 12 33  0 2.85 9.383 10.560 0.916
2025  1 17 12 38  0 2.85 9.420 10.539 0.915
2025  1 17 12 43  0 2.85 9.467 10.535 0.915
2025  1 17 12 48  0 2.85 9.494 10.520 0.915
2025  1 17 12 53  0 2.85 9.503 10.521 0.915
2025  1 17 12 58  0 2.85 9.550 10.512 0.915
2025  1 17 13  3  0 2.85 9.596 10.500 0.915
2025  1 17 13  8  0 2.85 9.623 10.500 0.916
2025  1 17 13 13  0 2.85 9.651 10.483 0.915
2025  1 17 13 18  0 2.85 9.688 10.474 0.915
2025  1 17 13 23  0 2.85 9.715 10.474 0.915
2025  1 17 13 28  0 2.85 9.771 10.451 0.915
2025  1 17 13 33  0 2.85 9.780 10.451 0.915
2025  1 17 13 38  0 2.85 9.826 10.446 0.915
2025  1 17 13 43  0 2.85 9.826 10.448 0.915
2025  1 17 13 48  0 2.85 9.872 10.435 0.915
2025  1 17 13 53  0 2.85 9.908 10.417 0.915
2025  1 17 13 58  0 2.85 9.936 10.421 0.915
2025  1 17 14  3  0 2.85 9.982 10.403 0.915
2025  1 17 14  8  0 2.85 9.991 10.417 0.916
2025  1 17 14 13  0 2.85 10.055 10.387 0.915
2025  1 17 14 18  0 2.85 10.119 10.372 0.915
2025  1 17 14 23  0 2.85 10.174 10.345 0.915
2025  1 17 14 28  0 2.85 10.247 10.344 0.915
2025  1 17 14 33  0 2.85 10.301 10.321 0.915
2025  1 17 14 38  0 2.85 10.402 10.295 0.915
2025  1 17 14 43  0 2.85 10.483 10.277 0.915
2025  1 17 14 48  0 2.85 10.556 10.252 0.915
2025  1 17 14 53  0 2.85 10.647 10.238 0.915
2025  1 17 14 58  0 2.85 10.719 10.221 0.915
2025  1 17 15  3  0 2.85 10.855 10.178 0.914
2025  1 17 15  8  0 2.85 10.982 10.147 0.915
2025  1 17 15 13  0 2.85 11.099 10.120 0.915
2025  1 17 15 18  0 2.85 11.225 10.093 0.915
2025  1 17 15 23  0 2.85 11.360 10.060 0.915
2025  1 17 15 28  0 2.85 11.494 10.023 0.914
2025  1 17 15 33  0 2.85 11.620 10.000 0.914
2025  1 17 15 38  0 2.85 11.736 9.974 0.914
2025  1 17 15 43  0 2.85 11.888 9.940 0.915
2025  1 17 15 48  0 2.85 11.977 9.929 0.915
2025  1 17 15 53  0 2.85 12.137 9.887 0.914
2025  1 17 15 58  0 2.85 12.244 9.854 0.914
2025  1 17 16  3  0 2.85 12.386 9.839 0.915
2025  1 17 16  8  0 2.85 12.501 9.804 0.914
2025  1 17 16 13  0 2.85 12.660 9.769 0.914
2025  1 17 16 18  0 2.85 12.757 9.751 0.914
2025  1 17 16 23  0 2.85 12.889 9.719 0.913
2025  1 17 16 28  0 2.85 12.986 9.707 0.913
2025  1 17 16 33  0 2.85 13.100 9.681 0.913
2025  1 17 16 38  0 2.84 13.206 9.675 0.913
2025  1 17 16 43  0 2.84 13.276 9.660 0.914
2025  1 17 16 48  0 2.84 13.398 9.633 0.914
2025  1 17 16 53  0 2.84 13.468 9.622 0.914
2025  1 17 16 58  0 2.85 13.573 9.601 0.914
2025  1 17 17  3  0 2.85 13.661 9.585 0.913
2025  1 17 17  8  0 2.85 13.774 9.552 0.913
2025  1 17 17 13  0 2.85 13.861 9.531 0.913
2025  1 17 17 18  0 2.85 13.948 9.523 0.913
2025  1 17 17 23  0 2.85 14.070 9.495 0.913
2025  1 17 17 28  0 2.84 14.140 9.481 0.913
2025  1 17 17 33  0 2.84 14.261 9.448 0.913
2025  1 17 17 38  0 2.84 14.331 9.457 0.914
2025  1 17 17 43  0 2.84 14.435 9.422 0.913
2025  1 17 17 48  0 2.84 14.513 9.431 0.913
2025  1 17 17 53  0 2.84 14.582 9.435 0.913
2025  1 17 17 58  0 2.85 14.616 9.450 0.913
2025  1 17 18  3  0 2.84 14.625 9.445 0.913
2025  1 17 18  8  0 2.84 14.608 9.443 0.912
2025  1 17 18 13  0 2.84 14.573 9.473 0.912
2025  1 17 18 18  0 2.84 14.556 9.473 0.913
2025  1 17 18 23  0 2.84 14.530 9.458 0.912
2025  1 17 18 28  0 2.84 14.539 9.449 0.912
2025  1 17 18 33  0 2.84 14.539 9.470 0.913
2025  1 17 18 38  0 2.84 14.504 9.490 0.913
2025  1 17 18 43  0 2.84 14.495 9.496 0.913
2025  1 17 18 48  0 2.84 14.461 9.493 0.912
2025  1 17 18 53  0 2.84 14.383 9.525 0.913
2025  1 17 18 58  0 2.84 14.322 9.538 0.913
2025  1 17 19  3  0 2.84 14.261 9.549 0.912
2025  1 17 19  8  0 2.84 14.183 9.562 0.912
2025  1 17 19 13  0 2.84 14.131 9.579 0.913
2025  1 17 19 18  0 2.85 14.079 9.579 0.912
2025  1 17 19 23  0 2.85 14.018 9.597 0.913
2025  1 17 19 28  0 2.85 13.966 9.605 0.912
2025  1 17 19 33  0 2.85 13.905 9.632 0.913
2025  1 17 19 38  0 2.85 13.844 9.628 0.913
2025  1 17 19 43  0 2.85 13.800 9.636 0.913
2025  1 17 19 48  0 2.85 13.809 9.622 0.913
2025  1 17 19 53  0 2.85 13.800 9.626 0.913
2025  1 17 19 58  0 2.85 13.783 9.634 0.913
2025  1 17 20  3  0 2.85 13.792 9.616 0.913
2025  1 17 20  8  0 2.85 13.792 9.616 0.913
2025  1 17 20 13  0 2.85 13.800 9.616 0.913
2025  1 17 20 18  0 2.85 13.792 9.623 0.913
2025  1 17 20 23  0 2.85 13.844 9.610 0.913
2025  1 17 20 28  0 2.85 13.835 9.614 0.913
2025  1 17 20 33  0 2.85 13.870 9.602 0.913
2025  1 17 20 38  0 2.85 13.870 9.609 0.913
2025  1 17 20 43  0 2.85 13.887 9.594 0.913
2025  1 17 20 48  0 2.85 13.887 9.604 0.913
2025  1 17 20 53  0 2.85 13.861 9.611 0.913
2025  1 17 20 58  0 2.85 13.826 9.618 0.913
2025  1 17 21  3  0 2.85 13.826 9.617 0.913
2025  1 17 21  8  0 2.85 13.826 9.616 0.913
2025  1 17 21 13  0 2.85 13.792 9.639 0.913
2025  1 17 21 18  0 2.85 13.774 9.649 0.913
2025  1 17 21 23  0 2.85 13.731 9.658 0.913
2025  1 17 21 28  0 2.85 13.687 9.666 0.913
2025  1 17 21 33  0 2.85 13.634 9.678 0.913
2025  1 17 21 38  0 2.85 13.608 9.689 0.913
2025  1 17 21 43  0 2.85 13.547 9.703 0.913
2025  1 17 21 48  0 2.85 13.486 9.713 0.913
2025  1 17 21 53  0 2.84 13.433 9.729 0.913
2025  1 17 21 58  0 2.84 13.390 9.738 0.913
2025  1 17 22  3  0 2.84 13.363 9.746 0.914
2025  1 17 22  8  0 2.84 13.267 9.757 0.913
2025  1 17 22 13  0 2.84 13.197 9.787 0.913
2025  1 17 22 18  0 2.84 13.170 9.795 0.914
2025  1 17 22 23  0 2.85 13.118 9.808 0.914
2025  1 17 22 28  0 2.85 13.056 9.812 0.914
2025  1 17 22 33  0 2.85 12.977 9.817 0.913
2025  1 17 22 38  0 2.85 12.915 9.843 0.913
2025  1 17 22 43  0 2.85 12.836 9.861 0.914
2025  1 17 22 48  0 2.85 12.792 9.870 0.914
2025  1 17 22 53  0 2.85 12.713 9.884 0.913
2025  1 17 22 58  0 2.85 12.642 9.905 0.914
2025  1 17 23  3  0 2.85 12.571 9.925 0.914
2025  1 17 23  8  0 2.85 12.509 9.919 0.913
2025  1 17 23 13  0 2.85 12.430 9.944 0.914
2025  1 17 23 18  0 2.85 12.386 9.958 0.914
2025  1 17 23 23  0 2.84 12.297 9.984 0.914
2025  1 17 23 28  0 2.84 12.244 9.993 0.914
2025  1 17 23 33  0 2.85 12.155 10.016 0.914
2025  1 17 23 38  0 2.85 12.093 10.016 0.914
2025  1 17 23 43  0 2.85 12.030 10.027 0.914
2025  1 17 23 48  0 2.85 11.950 10.061 0.915
2025  1 17 23 53  0 2.85 11.897 10.071 0.914
2025  1 17 23 58  0 2.85 11.825 10.089 0.914
2025  1 18  0  3  0 2.85 11.763 10.090 0.914
2025  1 18  0  8  0 2.85 11.700 10.113 0.914
2025  1 18  0 13  0 2.85 11.647 10.129 0.915
2025  1 18  0 18  0 2.85 11.557 10.138 0.914
2025  1 18  0 23  0 2.85 11.512 10.146 0.914
2025  1 18  0 28  0 2.85 11.432 10.178 0.915
2025  1 18  0 33  0 2.85 11.378 10.189 0.915
2025  1 18  0 38  0 2.85 11.324 10.202 0.915
2025  1 18  0 43  0 2.85 11.261 10.219 0.915
2025  1 18  0 48  0 2.85 11.207 10.228 0.915
2025  1 18  0 53  0 2.85 11.108 10.248 0.915
2025  1 18  0 58  0 2.85 11.081 10.239 0.914
2025  1 18  1  3  0 2.85 11.009 10.273 0.915
2025  1 18  1  8  0 2.85 10.927 10.305 0.915
2025  1 18  1 13  0 2.85 10.891 10.306 0.915
2025  1 18  1 18  0 2.85 10.828 10.318 0.915
2025  1 18  1 23  0 2.85 10.783 10.327 0.915
2025  1 18  1 28  0 2.85 10.719 10.339 0.915
2025  1 18  1 33  0 2.85 10.665 10.341 0.915
2025  1 18  1 38  0 2.85 10.629 10.362 0.915
2025  1 18  1 43  0 2.85 10.602 10.365 0.915
2025  1 18  1 48  0 2.85 10.538 10.370 0.914
2025  1 18  1 53  0 2.85 10.493 10.397 0.916
2025  1 18  1 58  0 2.85 10.456 10.406 0.915
2025  1 18  2  3  0 2.85 10.411 10.407 0.915
2025  1 18  2  8  0 2.85 10.356 10.423 0.915
2025  1 18  2 13  0 2.85 10.320 10.434 0.915
2025  1 18  2 18  0 2.85 10.283 10.433 0.915
2025  1 18  2 23  0 2.85 10.247 10.433 0.915
2025  1 18  2 28  0 2.85 10.201 10.463 0.915
2025  1 18  2 33  0 2.85 10.174 10.474 0.916
2025  1 18  2 38  0 2.85 10.128 10.485 0.916
2025  1 18  2 43  0 2.85 10.128 10.484 0.915
2025  1 18  2 48  0 2.85 10.073 10.506 0.916
2025  1 18  2 53  0 2.85 10.027 10.505 0.915
2025  1 18  2 58  0 2.85 10.027 10.497 0.915
2025  1 18  3  3  0 2.85 9.982 10.513 0.915
2025  1 18  3  8  0 2.85 9.963 10.528 0.916
2025  1 18  3 13  0 2.85 9.927 10.537 0.915
2025  1 18  3 18  0 2.85 9.890 10.541 0.915
2025  1 18  3 23  0 2.85 9.872 10.544 0.915
2025  1 18  3 28  0 2.85 9.835 10.565 0.916
2025  1 18  3 33  0 2.85 9.798 10.575 0.915
2025  1 18  3 38  0 2.85 9.789 10.563 0.915
2025  1 18  3 43  0 2.85 9.734 10.592 0.915
2025  1 18  3 48  0 2.85 9.706 10.599 0.915
2025  1 18  3 53  0 2.85 9.688 10.606 0.916
2025  1 18  3 58  0 2.85 9.651 10.616 0.915
2025  1 18  4  3  0 2.85 9.623 10.632 0.916
2025  1 18  4  8  0 2.85 9.605 10.613 0.915
2025  1 18  4 13  0 2.85 9.550 10.647 0.915
2025  1 18  4 18  0 2.85 9.522 10.651 0.915
2025  1 18  4 23  0 2.85 9.503 10.662 0.916
2025  1 18  4 28  0 2.85 9.485 10.662 0.916
2025  1 18  4 33  0 2.85 9.439 10.666 0.915
2025  1 18  4 38  0 2.85 9.430 10.666 0.915
2025  1 18  4 43  0 2.85 9.393 10.678 0.916
2025  1 18  4 48  0 2.85 9.374 10.676 0.916
2025  1 18  4 53  0 2.85 9.346 10.685 0.916
2025  1 18  4 58  0 2.85 9.337 10.683 0.916
2025  1 18  5  3  0 2.85 9.272 10.699 0.915
2025  1 18  5  8  0 2.85 9.245 10.713 0.915
2025  1 18  5 13  0 2.85 9.245 10.719 0.916
2025  1 18  5 18  0 2.85 9.208 10.717 0.915
2025  1 18  5 23  0 2.85 9.180 10.728 0.916
2025  1 18  5 28  0 2.85 9.170 10.728 0.916
2025  1 18  5 33  0 2.85 9.143 10.734 0.916
2025  1 18  5 38  0 2.85 9.124 10.737 0.916
2025  1 18  5 43  0 2.85 9.087 10.753 0.916
2025  1 18  5 48  0 2.85 9.059 10.758 0.916
2025  1 18  5 53  0 2.85 9.059 10.745 0.915
2025  1 18  5 58  0 2.85 9.040 10.763 0.916
2025  1 18  6  3  0 2.85 9.031 10.756 0.916
2025  1 18  6  8  0 2.85 8.985 10.769 0.916
2025  1 18  6 13  0 2.85 8.975 10.771 0.916
2025  1 18  6 18  0 2.85 8.966 10.775 0.916
2025  1 18  6 23  0 2.85 8.966 10.774 0.916
2025  1 18  6 28  0 2.85 8.947 10.778 0.916
2025  1 18  6 33  0 2.85 8.947 10.765 0.915
2025  1 18  6 38  0 2.85 8.929 10.774 0.916
2025  1 18  6 43  0 2.85 8.938 10.777 0.916
2025  1 18  6 48  0 2.85 8.929 10.774 0.916
2025  1 18  6 53  0 2.85 8.929 10.776 0.916
2025  1 18  6 58  0 2.85 8.919 10.781 0.916
2025  1 18  7  3  0 2.85 8.901 10.782 0.916
2025  1 18  7  8  0 2.85 8.901 10.784 0.916
2025  1 18  7 13  0 2.85 8.892 10.795 0.916
2025  1 18  7 18  0 2.85 8.892 10.783 0.916
2025  1 18  7 23  0 2.85 8.901 10.774 0.915
2025  1 18  7 28  0 2.85 8.882 10.784 0.915
2025  1 18  7 33  0 2.85 8.892 10.770 0.915
2025  1 18  7 38  0 2.85 8.892 10.780 0.916
2025  1 18  7 43  0 2.85 8.892 10.803 0.917
2025  1 18  7 48  0 2.85 8.901 10.789 0.916
2025  1 18  7 53  0 2.85 8.892 10.786 0.916
2025  1 18  7 58  0 2.85 8.929 10.764 0.916
2025  1 18  8  3  0 2.85 8.910 10.782 0.916
2025  1 18  8  8  0 2.85 8.929 10.775 0.916
2025  1 18  8 13  0 2.85 8.929 10.770 0.916
2025  1 18  8 18  0 2.85 8.910 10.782 0.916
2025  1 18  8 23  0 2.85 8.910 10.777 0.915
2025  1 18  8 28  0 2.85 8.929 10.776 0.916
2025  1 18  8 33  0 2.85 8.938 10.786 0.916
2025  1 18  8 38  0 2.85 8.938 10.784 0.916
2025  1 18  8 43  0 2.85 8.957 10.766 0.915
2025  1 18  8 48  0 2.85 8.966 10.767 0.916
2025  1 18  8 53  0 2.85 8.975 10.767 0.916
2025  1 18  8 58  0 2.85 8.957 10.781 0.916
2025  1 18  9  3  0 2.85 8.975 10.775 0.916
2025  1 18  9  8  0 2.85 8.994 10.766 0.916
2025  1 18  9 13  0 2.85 8.985 10.781 0.916
2025  1 18  9 18  0 2.85 9.003 10.766 0.916
2025  1 18  9 23  0 2.85 9.003 10.762 0.915
2025  1 18  9 28  0 2.85 9.031 10.765 0.916
2025  1 18  9 33  0 2.85 9.031 10.769 0.916
2025  1 18  9 38  0 2.85 9.050 10.749 0.916
2025  1 18  9 43  0 2.85 9.068 10.748 0.916
2025  1 18  9 48  0 2.85 9.087 10.740 0.916
2025  1 18  9 53  0 2.85 9.115 10.723 0.915
2025  1 18  9 58  0 2.85 9.105 10.735 0.915
2025  1 18 10  3  0 2.85 9.115 10.744 0.916
2025  1 18 10  8  0 2.85 9.152 10.730 0.916
2025  1 18 10 13  0 2.85 9.170 10.721 0.916
2025  1 18 10 18  0 2.85 9.180 10.724 0.916
2025  1 18 10 23  0 2.85 9.161 10.735 0.916
2025  1 18 10 28  0 2.85 9.198 10.706 0.915
2025  1 18 10 33  0 2.85 9.226 10.702 0.916
2025  1 18 10 38  0 2.85 9.245 10.697 0.916
2025  1 18 10 43  0 2.85 9.254 10.694 0.916
2025  1 18 10 48  0 2.85 9.282 10.683 0.915
2025  1 18 10 53  0 2.85 9.291 10.673 0.915
2025  1 18 10 58  0 2.85 9.309 10.686 0.916
2025  1 18 11  3  0 2.85 9.309 10.679 0.915
2025  1 18 11  8  0 2.85 9.319 10.684 0.916
2025  1 18 11 13  0 2.85 9.346 10.683 0.916
2025  1 18 11 18  0 2.85 9.374 10.660 0.915
2025  1 18 11 23  0 2.85 9.411 10.657 0.916
2025  1 18 11 28  0 2.85 9.411 10.651 0.915
2025  1 18 11 33  0 2.85 9.439 10.637 0.915
2025  1 18 11 38  0 2.85 9.467 10.641 0.916
2025  1 18 11 43  0 2.85 9.476 10.640 0.916
2025  1 18 11 48  0 2.85 9.513 10.626 0.915
2025  1 18 11 53  0 2.85 9.531 10.611 0.915
2025  1 18 11 58  0 2.85 9.568 10.607 0.915
2025  1 18 12  3  0 2.85 9.614 10.594 0.915
2025  1 18 12  8  0 2.85 9.651 10.581 0.915
2025  1 18 12 13  0 2.85 9.715 10.570 0.915
2025  1 18 12 18  0 2.85 9.752 10.550 0.915
2025  1 18 12 23  0 2.85 9.816 10.541 0.915
2025  1 18 12 28  0 2.85 9.899 10.521 0.915
2025  1 18 12 33  0 2.85 10.000 10.484 0.915
2025  1 18 12 38  0 2.85 10.119 10.450 0.915
2025  1 18 12 43  0 2.85 10.201 10.435 0.915
2025  1 18 12 48  0 2.85 10.329 10.401 0.915
2025  1 18 12 53  0 2.85 10.465 10.369 0.915
2025  1 18 12 58  0 2.85 10.602 10.324 0.915
2025  1 18 13  3  0 2.85 10.710 10.299 0.915
2025  1 18 13  8  0 2.85 10.846 10.261 0.915
2025  1 18 13 13  0 2.85 10.955 10.252 0.915
2025  1 18 13 18  0 2.85 11.063 10.221 0.915
2025  1 18 13 23  0 2.85 11.171 10.188 0.914
2025  1 18 13 28  0 2.85 11.306 10.152 0.914
2025  1 18 13 33  0 2.85 11.414 10.138 0.915
2025  1 18 13 38  0 2.85 11.539 10.099 0.914
2025  1 18 13 43  0 2.85 11.673 10.065 0.914
2025  1 18 13 48  0 2.85 11.781 10.042 0.914
2025  1 18 13 53  0 2.85 11.906 10.018 0.914
2025  1 18 13 58  0 2.85 12.012 9.997 0.914
2025  1 18 14  3  0 2.85 12.137 9.961 0.914
2025  1 18 14  8  0 2.84 12.244 9.928 0.913
2025  1 18 14 13  0 2.85 12.377 9.912 0.914
2025  1 18 14 18  0 2.85 12.518 9.885 0.914
2025  1 18 14 23  0 2.85 12.651 9.849 0.914
2025  1 18 14 28  0 2.85 12.801 9.814 0.914
2025  1 18 14 33  0 2.85 12.959 9.776 0.914
2025  1 18 14 38  0 2.84 13.118 9.738 0.914
2025  1 18 14 43  0 2.84 13.276 9.698 0.913
2025  1 18 14 48  0 2.84 13.477 9.647 0.913
2025  1 18 14 53  0 2.85 13.626 9.621 0.913
2025  1 18 14 58  0 2.85 13.818 9.573 0.913
2025  1 18 15  3  0 2.85 13.992 9.544 0.913
2025  1 18 15  8  0 2.84 14.148 9.510 0.913
2025  1 18 15 13  0 2.84 14.348 9.473 0.913
2025  1 18 15 18  0 2.84 14.513 9.436 0.913
2025  1 18 15 23  0 2.85 14.703 9.404 0.913
2025  1 18 15 28  0 2.85 14.850 9.372 0.913
2025  1 18 15 33  0 2.85 15.013 9.341 0.912
2025  1 18 15 38  0 2.84 15.194 9.313 0.913
2025  1 18 15 43  0 2.84 15.306 9.302 0.912
2025  1 18 15 48  0 2.84 15.435 9.272 0.912
2025  1 18 15 53  0 2.84 15.555 9.251 0.913
2025  1 18 15 58  0 2.84 15.692 9.220 0.912
2025  1 18 16  3  0 2.84 15.821 9.202 0.912
2025  1 18 16  8  0 2.84 15.949 9.183 0.912
2025  1 18 16 13  0 2.84 16.043 9.176 0.912
2025  1 18 16 18  0 2.84 16.103 9.203 0.912
2025  1 18 16 23  0 2.84 16.145 9.172 0.912
2025  1 18 16 28  0 2.84 16.222 9.147 0.911
2025  1 18 16 33  0 2.84 16.307 9.136 0.912
2025  1 18 16 38  0 2.84 16.376 9.122 0.912
2025  1 18 16 43  0 2.84 16.452 9.096 0.911
2025  1 18 16 48  0 2.84 16.537 9.092 0.912
2025  1 18 16 53  0 2.84 16.623 9.070 0.911
2025  1 18 16 58  0 2.84 16.708 9.059 0.912
2025  1 18 17  3  0 2.84 16.767 9.055 0.912
2025  1 18 17  8  0 2.84 16.878 9.022 0.911
2025  1 18 17 13  0 2.84 16.954 9.014 0.911
2025  1 18 17 18  0 2.84 17.056 8.993 0.911
2025  1 18 17 23  0 2.84 17.124 8.993 0.912
2025  1 18 17 28  0 2.84 17.208 8.970 0.911
2025  1 18 17 33  0 2.84 17.276 8.966 0.911
2025  1 18 17 38  0 2.84 17.344 8.952 0.911
2025  1 18 17 43  0 2.84 17.403 8.945 0.911
2025  1 18 17 48  0 2.84 17.454 8.940 0.911
2025  1 18 17 53  0 2.84 17.547 8.914 0.911
2025  1 18 17 58  0 2.84 17.598 8.913 0.911
2025  1 18 18  3  0 2.84 17.657 8.911 0.912
2025  1 18 18  8  0 2.84 17.691 8.898 0.911
2025  1 18 18 13  0 2.84 17.733 8.900 0.911
2025  1 18 18 18  0 2.84 17.801 8.887 0.911
2025  1 18 18 23  0 2.84 17.851 8.876 0.911
2025  1 18 18 28  0 2.84 17.851 8.884 0.911
2025  1 18 18 33  0 2.84 17.894 8.874 0.911
2025  1 18 18 38  0 2.84 17.919 8.874 0.911
2025  1 18 18 43  0 2.84 17.953 8.867 0.911
2025  1 18 18 48  0 2.84 17.987 8.861 0.911
2025  1 18 18 53  0 2.84 18.003 8.854 0.911
2025  1 18 18 58  0 2.84 18.020 8.860 0.911
2025  1 18 19  3  0 2.84 18.054 8.849 0.911
2025  1 18 19  8  0 2.84 18.096 8.839 0.911
2025  1 18 19 13  0 2.84 18.096 8.842 0.911
2025  1 18 19 18  0 2.84 18.130 8.842 0.911
2025  1 18 19 23  0 2.84 18.155 8.849 0.912
2025  1 18 19 28  0 2.84 18.172 8.830 0.911
2025  1 18 19 33  0 2.84 18.172 8.832 0.911
2025  1 18 19 38  0 2.84 18.197 8.823 0.911
2025  1 18 19 43  0 2.84 18.231 8.820 0.911
2025  1 18 19 48  0 2.84 18.231 8.827 0.911
2025  1 18 19 53  0 2.84 18.240 8.828 0.910
2025  1 18 19 58  0 2.84 18.273 8.820 0.911
2025  1 18 20  3  0 2.84 18.248 8.833 0.911
2025  1 18 20  8  0 2.84 18.256 8.831 0.911
2025  1 18 20 13  0 2.84 18.248 8.822 0.911
2025  1 18 20 18  0 2.84 18.256 8.818 0.910
2025  1 18 20 23  0 2.84 18.265 8.824 0.911
2025  1 18 20 28  0 2.84 18.248 8.842 0.911
2025  1 18 20 33  0 2.84 18.256 8.832 0.911
2025  1 18 20 38  0 2.84 18.248 8.827 0.911
2025  1 18 20 43  0 2.84 18.223 8.849 0.911
2025  1 18 20 48  0 2.84 18.240 8.831 0.911
2025  1 18 20 53  0 2.84 18.197 8.862 0.911
2025  1 18 20 58  0 2.84 18.130 8.864 0.911
2025  1 18 21  3  0 2.84 18.096 8.901 0.912
2025  1 18 21  8  0 2.84 18.020 8.893 0.911
2025  1 18 21 13  0 2.84 17.944 8.902 0.911
2025  1 18 21 18  0 2.84 17.885 8.926 0.911
2025  1 18 21 23  0 2.84 17.843 8.932 0.910
2025  1 18 21 28  0 2.84 17.733 8.965 0.911
2025  1 18 21 33  0 2.84 17.649 8.977 0.911
2025  1 18 21 38  0 2.84 17.556 8.989 0.911
2025  1 18 21 43  0 2.84 17.429 9.030 0.911
2025  1 18 21 48  0 2.84 17.327 9.038 0.910
2025  1 18 21 53  0 2.84 17.191 9.068 0.911
2025  1 18 21 58  0 2.84 17.090 9.091 0.912
2025  1 18 22  3  0 2.84 16.988 9.113 0.911
2025  1 18 22  8  0 2.84 16.852 9.145 0.912
2025  1 18 22 13  0 2.84 16.750 9.155 0.912
2025  1 18 22 18  0 2.84 16.614 9.178 0.911
2025  1 18 22 23  0 2.84 16.503 9.207 0.912
2025  1 18 22 28  0 2.84 16.367 9.234 0.912
2025  1 18 22 33  0 2.84 16.231 9.256 0.912
2025  1 18 22 38  0 2.84 16.128 9.270 0.912
2025  1 18 22 43  0 2.84 15.974 9.303 0.912
2025  1 18 22 48  0 2.84 15.863 9.318 0.912
2025  1 18 22 53  0 2.84 15.726 9.347 0.912
2025  1 18 22 58  0 2.84 15.598 9.371 0.912
2025  1 18 23  3  0 2.84 15.461 9.402 0.913
2025  1 18 23  8  0 2.84 15.349 9.427 0.913
2025  1 18 23 13  0 2.84 15.211 9.452 0.913
2025  1 18 23 18  0 2.84 15.082 9.478 0.913
2025  1 18 23 23  0 2.85 14.962 9.500 0.913
2025  1 18 23 28  0 2.85 14.824 9.531 0.913
2025  1 18 23 33  0 2.85 14.711 9.534 0.912
2025  1 18 23 38  0 2.84 14.599 9.564 0.912
2025  1 18 23 43  0 2.84 14.478 9.587 0.913
2025  1 18 23 48  0 2.84 14.357 9.611 0.913
2025  1 18 23 53  0 2.84 14.227 9.642 0.913
2025  1 18 23 58  0 2.84 14.131 9.656 0.913
2025  1 19  0  3  0 2.85 14.035 9.687 0.914
2025  1 19  0  8  0 2.85 13.887 9.716 0.914
2025  1 19  0 13  0 2.85 13.809 9.727 0.913
2025  1 19  0 18  0 2.85 13.713 9.756 0.914
2025  1 19  0 23  0 2.85 13.591 9.778 0.914
2025  1 19  0 28  0 2.85 13.521 9.786 0.914
2025  1 19  0 33  0 2.84 13.407 9.816 0.914
2025  1 19  0 38  0 2.84 13.311 9.828 0.914
2025  1 19  0 43  0 2.84 13.232 9.848 0.914
2025  1 19  0 48  0 2.84 13.118 9.878 0.914
2025  1 19  0 53  0 2.85 13.039 9.892 0.914
2025  1 19  0 58  0 2.85 12.951 9.909 0.914
2025  1 19  1  3  0 2.85 12.827 9.939 0.914
2025  1 19  1  8  0 2.85 12.766 9.943 0.914
2025  1 19  1 13  0 2.85 12.686 9.963 0.914
2025  1 19  1 18  0 2.85 12.589 9.984 0.914
2025  1 19  1 23  0 2.85 12.501 10.009 0.914
2025  1 19  1 28  0 2.85 12.448 10.009 0.914
2025  1 19  1 33  0 2.85 12.359 10.036 0.914
2025  1 19  1 38  0 2.84 12.288 10.048 0.914
2025  1 19  1 43  0 2.84 12.235 10.060 0.914
2025  1 19  1 48  0 2.85 12.173 10.070 0.914
2025  1 19  1 53  0 2.85 12.101 10.090 0.915
2025  1 19  1 58  0 2.85 12.021 10.094 0.914
2025  1 19  2  3  0 2.85 11.941 10.131 0.915
2025  1 19  2  8  0 2.85 11.897 10.132 0.915
2025  1 19  2 13  0 2.85 11.816 10.150 0.915
2025  1 19  2 18  0 2.85 11.754 10.164 0.914
2025  1 19  2 23  0 2.85 11.691 10.181 0.915
2025  1 19  2 28  0 2.85 11.638 10.189 0.915
2025  1 19  2 33  0 2.85 11.602 10.194 0.915
2025  1 19  2 38  0 2.85 11.548 10.202 0.915
2025  1 19  2 43  0 2.85 11.494 10.215 0.915
2025  1 19  2 48  0 2.85 11.432 10.229 0.915
2025  1 19  2 53  0 2.85 11.396 10.241 0.915
2025  1 19  2 58  0 2.85 11.369 10.242 0.915
2025  1 19  3  3  0 2.85 11.324 10.259 0.915
2025  1 19  3  8  0 2.85 11.270 10.270 0.915
2025  1 19  3 13  0 2.85 11.243 10.265 0.914
2025  1 19  3 18  0 2.85 11.198 10.285 0.915
2025  1 19  3 23  0 2.85 11.162 10.281 0.915
2025  1 19  3 28  0 2.85 11.126 10.302 0.915
2025  1 19  3 33  0 2.85 11.072 10.311 0.915
2025  1 19  3 38  0 2.85 11.045 10.322 0.915
2025  1 19  3 43  0 2.85 11.036 10.310 0.915
2025  1 19  3 48  0 2.85 10.973 10.338 0.916
2025  1 19  3 53  0 2.85 10.937 10.343 0.915
2025  1 19  3 58  0 2.85 10.955 10.339 0.915
2025  1 19  4  3  0 2.85 10.918 10.338 0.915
2025  1 19  4  8  0 2.85 10.882 10.348 0.915
2025  1 19  4 13  0 2.85 10.846 10.359 0.915
2025  1 19  4 18  0 2.85 10.810 10.375 0.915
2025  1 19  4 23  0 2.85 10.801 10.374 0.915
2025  1 19  4 28  0 2.85 10.783 10.377 0.915
2025  1 19  4 33  0 2.85 10.756 10.372 0.915
2025  1 19  4 38  0 2.85 10.747 10.372 0.915
2025  1 19  4 43  0 2.85 10.738 10.382 0.915
2025  1 19  4 48  0 2.85 10.692 10.405 0.916
2025  1 19  4 53  0 2.85 10.701 10.388 0.915
2025  1 19  4 58  0 2.85 10.683 10.398 0.915
2025  1 19  5  3  0 2.85 10.656 10.401 0.915
2025  1 19  5  8  0 2.85 10.665 10.398 0.915
2025  1 19  5 13  0 2.85 10.638 10.412 0.916
2025  1 19  5 18  0 2.85 10.647 10.407 0.915
2025  1 19  5 23  0 2.85 10.620 10.413 0.915
2025  1 19  5 28  0 2.85 10.592 10.424 0.915
2025  1 19  5 33  0 2.85 10.602 10.413 0.915
2025  1 19  5 38  0 2.85 10.602 10.422 0.916
2025  1 19  5 43  0 2.85 10.592 10.421 0.916
2025  1 19  5 48  0 2.85 10.592 10.411 0.915
2025  1 19  5 53  0 2.85 10.583 10.419 0.915
2025  1 19  5 58  0 2.85 10.574 10.424 0.915
2025  1 19  6  3  0 2.85 10.583 10.415 0.915
2025  1 19  6  8  0 2.85 10.547 10.430 0.915
2025  1 19  6 13  0 2.85 10.574 10.405 0.915
2025  1 19  6 18  0 2.85 10.574 10.418 0.915
2025  1 19  6 23  0 2.85 10.556 10.431 0.915
2025  1 19  6 28  0 2.85 10.547 10.437 0.915
2025  1 19  6 33  0 2.85 10.556 10.428 0.915
2025  1 19  6 38  0 2.85 10.556 10.416 0.915
2025  1 19  6 43  0 2.85 10.565 10.423 0.915
2025  1 19  6 48  0 2.85 10.538 10.427 0.915
2025  1 19  6 53  0 2.85 10.547 10.439 0.915
2025  1 19  6 58  0 2.85 10.547 10.421 0.915
2025  1 19  7  3  0 2.85 10.556 10.426 0.915
2025  1 19  7  8  0 2.85 10.547 10.426 0.915
2025  1 19  7 13  0 2.85 10.556 10.426 0.915
2025  1 19  7 18  0 2.85 10.538 10.429 0.915
2025  1 19  7 23  0 2.85 10.511 10.448 0.915
2025  1 19  7 28  0 2.85 10.520 10.439 0.915
2025  1 19  7 33  0 2.85 10.520 10.444 0.915
2025  1 19  7 38  0 2.85 10.511 10.444 0.915
2025  1 19  7 43  0 2.85 10.502 10.448 0.915
2025  1 19  7 48  0 2.85 10.474 10.451 0.915
2025  1 19  7 53  0 2.85 10.465 10.457 0.916
2025  1 19  7 58  0 2.85 10.456 10.449 0.915
2025  1 19  8  3  0 2.85 10.438 10.467 0.915
2025  1 19  8  8  0 2.85 10.429 10.458 0.915
2025  1 19  8 13  0 2.85 10.411 10.476 0.915
2025  1 19  8 18  0 2.85 10.402 10.468 0.915
2025  1 19  8 23  0 2.85 10.411 10.461 0.915
2025  1 19  8 28  0 2.85 10.402 10.470 0.915
2025  1 19  8 33  0 2.85 10.374 10.481 0.916
2025  1 19  8 38  0 2.85 10.365 10.471 0.915
2025  1 19  8 43  0 2.85 10.347 10.482 0.915
2025  1 19  8 48  0 2.85 10.338 10.483 0.915
2025  1 19  8 53  0 2.85 10.338 10.486 0.915
2025  1 19  8 58  0 2.85 10.310 10.509 0.916
2025  1 19  9  3  0 2.85 10.274 10.513 0.916
2025  1 19  9  8  0 2.85 10.265 10.504 0.915
2025  1 19  9 13  0 2.85 10.265 10.507 0.915
2025  1 19  9 18  0 2.85 10.238 10.514 0.915
2025  1 19  9 23  0 2.85 10.228 10.513 0.915
2025  1 19  9 28  0 2.85 10.238 10.512 0.915
2025  1 19  9 33  0 2.85 10.210 10.529 0.916
2025  1 19  9 38  0 2.85 10.201 10.537 0.916
2025  1 19  9 43  0 2.85 10.201 10.523 0.915
2025  1 19  9 48  0 2.85 10.183 10.535 0.915
2025  1 19  9 53  0 2.85 10.174 10.536 0.915
2025  1 19  9 58  0 2.85 10.192 10.530 0.915
2025  1 19 10  3  0 2.85 10.192 10.527 0.915
2025  1 19 10  8  0 2.85 10.183 10.537 0.915
2025  1 19 10 13  0 2.85 10.192 10.526 0.915
2025  1 19 10 18  0 2.85 10.183 10.530 0.915
2025  1 19 10 23  0 2.85 10.174 10.540 0.916
2025  1 19 10 28  0 2.85 10.192 10.542 0.916
2025  1 19 10 33  0 2.85 10.183 10.538 0.916
2025  1 19 10 38  0 2.85 10.183 10.546 0.916
2025  1 19 10 43  0 2.85 10.219 10.519 0.915
2025  1 19 10 48  0 2.85 10.219 10.540 0.916
2025  1 19 10 53  0 2.85 10.192 10.531 0.915
2025  1 19 10 58  0 2.85 10.210 10.534 0.915
2025  1 19 11  3  0 2.85 10.219 10.537 0.916
2025  1 19 11  8  0 2.85 10.247 10.524 0.915
2025  1 19 11 13  0 2.85 10.228 10.527 0.915
2025  1 19 11 18  0 2.85 10.247 10.533 0.916
2025  1 19 11 23  0 2.85 10.247 10.535 0.916
2025  1 19 11 28  0 2.85 10.283 10.516 0.915
2025  1 19 11 33  0 2.85 10.283 10.524 0.915
2025  1 19 11 38  0 2.85 10.310 10.499 0.915
2025  1 19 11 43  0 2.85 10.347 10.496 0.915
2025  1 19 11 48  0 2.85 10.338 10.504 0.916
2025  1 19 11 53  0 2.85 10.365 10.499 0.915
2025  1 19 11 58  0 2.85 10.411 10.479 0.915
2025  1 19 12  3  0 2.85 10.429 10.477 0.915
2025  1 19 12  8  0 2.85 10.438 10.470 0.915
2025  1 19 12 13  0 2.85 10.474 10.468 0.915
2025  1 19 12 18  0 2.85 10.483 10.463 0.915
2025  1 19 12 23  0 2.85 10.502 10.463 0.915
2025  1 19 12 28  0 2.85 10.547 10.455 0.915
2025  1 19 12 33  0 2.85 10.583 10.437 0.915
2025  1 19 12 38  0 2.85 10.602 10.430 0.915
2025  1 19 12 43  0 2.85 10.620 10.428 0.915
2025  1 19 12 48  0 2.85 10.647 10.426 0.915
2025  1 19 12 53  0 2.85 10.701 10.410 0.915
2025  1 19 12 58  0 2.85 10.719 10.403 0.915
2025  1 19 13  3  0 2.85 10.747 10.406 0.915
2025  1 19 13  8  0 2.85 10.783 10.392 0.915
2025  1 19 13 13  0 2.85 10.819 10.386 0.915
2025  1 19 13 18  0 2.85 10.873 10.363 0.915
2025  1 19 13 23  0 2.85 10.918 10.362 0.915
2025  1 19 13 28  0 2.85 10.946 10.354 0.915
2025  1 19 13 33  0 2.85 10.955 10.349 0.915
2025  1 19 13 38  0 2.85 11.009 10.333 0.915
2025  1 19 13 43  0 2.85 11.036 10.327 0.915
2025  1 19 13 48  0 2.85 11.081 10.330 0.915
2025  1 19 13 53  0 2.85 11.108 10.313 0.915
2025  1 19 13 58  0 2.85 11.126 10.312 0.915
2025  1 19 14  3  0 2.85 11.153 10.297 0.914
2025  1 19 14  8  0 2.85 11.216 10.289 0.915
2025  1 19 14 13  0 2.85 11.279 10.269 0.915
2025  1 19 14 18  0 2.85 11.297 10.266 0.914
2025  1 19 14 23  0 2.85 11.369 10.246 0.914
2025  1 19 14 28  0 2.85 11.423 10.231 0.915
2025  1 19 14 33  0 2.85 11.459 10.227 0.914
2025  1 19 14 38  0 2.85 11.512 10.217 0.915
2025  1 19 14 43  0 2.85 11.575 10.198 0.914
2025  1 19 14 48  0 2.85 11.629 10.185 0.914
2025  1 19 14 53  0 2.85 11.673 10.176 0.914
2025  1 19 14 58  0 2.85 11.745 10.165 0.915
2025  1 19 15  3  0 2.85 11.807 10.151 0.915
2025  1 19 15  8  0 2.85 11.843 10.140 0.914
2025  1 19 15 13  0 2.85 11.888 10.130 0.915
2025  1 19 15 18  0 2.85 11.950 10.108 0.914
2025  1 19 15 23  0 2.85 11.977 10.110 0.914
2025  1 19 15 28  0 2.85 12.004 10.105 0.914
2025  1 19 15 33  0 2.85 12.057 10.093 0.914
2025  1 19 15 38  0 2.84 12.101 10.073 0.914
2025  1 19 15 43  0 2.84 12.137 10.081 0.914
2025  1 19 15 48  0 2.84 12.181 10.056 0.914
2025  1 19 15 53  0 2.84 12.235 10.035 0.914
2025  1 19 15 58  0 2.84 12.252 10.052 0.914
2025  1 19 16  3  0 2.84 12.288 10.041 0.914
2025  1 19 16  8  0 2.84 12.332 10.031 0.914
2025  1 19 16 13  0 2.85 12.368 10.030 0.914
2025  1 19 16 18  0 2.85 12.430 9.997 0.913
2025  1 19 16 23  0 2.85 12.465 9.994 0.914
2025  1 19 16 28  0 2.85 12.509 9.982 0.914
2025  1 19 16 33  0 2.85 12.545 9.984 0.914
2025  1 19 16 38  0 2.85 12.589 9.972 0.914
2025  1 19 16 43  0 2.85 12.598 9.963 0.913
2025  1 19 16 48  0 2.85 12.642 9.965 0.914
2025  1 19 16 53  0 2.85 12.660 9.952 0.914
2025  1 19 16 58  0 2.85 12.677 9.956 0.914
2025  1 19 17  3  0 2.85 12.713 9.952 0.914
2025  1 19 17  8  0 2.85 12.730 9.949 0.914
2025  1 19 17 13  0 2.85 12.757 9.939 0.914
2025  1 19 17 18  0 2.85 12.792 9.937 0.914
2025  1 19 17 23  0 2.85 12.801 9.925 0.913
2025  1 19 17 28  0 2.85 12.827 9.924 0.914
2025  1 19 17 33  0 2.85 12.863 9.909 0.914
2025  1 19 17 38  0 2.85 12.871 9.917 0.914
2025  1 19 17 43  0 2.85 12.880 9.919 0.914
2025  1 19 17 48  0 2.85 12.924 9.907 0.914
2025  1 19 17 53  0 2.85 12.933 9.914 0.914
2025  1 19 17 58  0 2.85 12.959 9.902 0.914
2025  1 19 18  3  0 2.85 12.968 9.903 0.914
2025  1 19 18  8  0 2.85 13.003 9.888 0.914
2025  1 19 18 13  0 2.85 13.030 9.888 0.914
2025  1 19 18 18  0 2.84 13.047 9.876 0.913
2025  1 19 18 23  0 2.84 13.100 9.862 0.913
2025  1 19 18 28  0 2.84 13.118 9.871 0.914
2025  1 19 18 33  0 2.84 13.127 9.866 0.913
2025  1 19 18 38  0 2.84 13.179 9.850 0.913
2025  1 19 18 43  0 2.84 13.179 9.848 0.913
2025  1 19 18 48  0 2.84 13.223 9.834 0.913
2025  1 19 18 53  0 2.84 13.214 9.850 0.914
2025  1 19 18 58  0 2.84 13.232 9.843 0.913
2025  1 19 19  3  0 2.84 13.267 9.835 0.914
2025  1 19 19  8  0 2.84 13.284 9.831 0.913
2025  1 19 19 13  0 2.84 13.311 9.830 0.914
2025  1 19 19 18  0 2.84 13.311 9.821 0.913
2025  1 19 19 23  0 2.84 13.302 9.832 0.913
2025  1 19 19 28  0 2.84 13.337 9.814 0.913
2025  1 19 19 33  0 2.84 13.328 9.838 0.913
2025  1 19 19 38  0 2.84 13.346 9.836 0.914
2025  1 19 19 43  0 2.84 13.346 9.831 0.914
2025  1 19 19 48  0 2.84 13.355 9.824 0.913
2025  1 19 19 53  0 2.84 13.328 9.826 0.913
2025  1 19 19 58  0 2.84 13.355 9.821 0.913
2025  1 19 20  3  0 2.84 13.346 9.824 0.913
2025  1 19 20  8  0 2.84 13.337 9.828 0.913
2025  1 19 20 13  0 2.84 13.320 9.834 0.914
2025  1 19 20 18  0 2.84 13.337 9.837 0.914
2025  1 19 20 23  0 2.84 13.346 9.825 0.913
2025  1 19 20 28  0 2.84 13.346 9.828 0.914
2025  1 19 20 33  0 2.84 13.320 9.838 0.914
2025  1 19 20 38  0 2.84 13.320 9.840 0.914
2025  1 19 20 43  0 2.84 13.320 9.829 0.913
2025  1 19 20 48  0 2.84 13.320 9.834 0.913
2025  1 19 20 53  0 2.84 13.311 9.843 0.914
2025  1 19 20 58  0 2.84 13.302 9.836 0.913
2025  1 19 21  3  0 2.84 13.293 9.836 0.913
2025  1 19 21  8  0 2.84 13.267 9.848 0.914
2025  1 19 21 13  0 2.84 13.276 9.838 0.913
2025  1 19 21 18  0 2.84 13.249 9.841 0.913
2025  1 19 21 23  0 2.84 13.249 9.849 0.914
2025  1 19 21 28  0 2.84 13.223 9.852 0.914
2025  1 19 21 33  0 2.84 13.223 9.849 0.913
2025  1 19 21 38  0 2.84 13.206 9.855 0.913
2025  1 19 21 43  0 2.84 13.170 9.871 0.914
2025  1 19 21 48  0 2.84 13.188 9.860 0.914
2025  1 19 21 53  0 2.84 13.170 9.867 0.914
2025  1 19 21 58  0 2.84 13.170 9.850 0.913
2025  1 19 22  3  0 2.84 13.127 9.882 0.914
2025  1 19 22  8  0 2.84 13.118 9.879 0.914
2025  1 19 22 13  0 2.84 13.091 9.872 0.913
2025  1 19 22 18  0 2.84 13.109 9.873 0.913
2025  1 19 22 23  0 2.84 13.074 9.890 0.914
2025  1 19 22 28  0 2.84 13.039 9.898 0.914
2025  1 19 22 33  0 2.84 13.021 9.908 0.914
2025  1 19 22 38  0 2.84 12.986 9.909 0.913
2025  1 19 22 43  0 2.85 12.951 9.920 0.914
2025  1 19 22 48  0 2.85 12.933 9.914 0.913
2025  1 19 22 53  0 2.85 12.889 9.928 0.913
2025  1 19 22 58  0 2.85 12.845 9.941 0.914
2025  1 19 23  3  0 2.85 12.792 9.949 0.913
2025  1 19 23  8  0 2.85 12.651 9.982 0.914
2025  1 19 23 13  0 2.85 12.421 10.028 0.914
2025  1 19 23 18  0 2.84 12.164 10.082 0.913
2025  1 19 23 23  0 2.85 11.977 10.113 0.913
2025  1 19 23 28  0 2.85 11.790 10.156 0.913
2025  1 19 23 33  0 2.85 11.638 10.195 0.914
2025  1 19 23 38  0 2.85 11.476 10.230 0.914
2025  1 19 23 43  0 2.85 11.360 10.257 0.914
2025  1 19 23 48  0 2.85 11.243 10.280 0.914
2025  1 19 23 53  0 2.85 11.126 10.310 0.914
2025  1 19 23 58  0 2.85 11.027 10.336 0.914
2025  1 20  0  3  0 2.85 10.927 10.359 0.914
2025  1 20  0  8  0 2.85 10.837 10.379 0.914
2025  1 20  0 13  0 2.85 10.747 10.393 0.914
2025  1 20  0 18  0 2.85 10.692 10.417 0.914
2025  1 20  0 23  0 2.85 10.620 10.433 0.915
2025  1 20  0 28  0 2.85 10.574 10.440 0.915
2025  1 20  0 33  0 2.85 10.520 10.452 0.914
2025  1 20  0 38  0 2.85 10.447 10.459 0.914
2025  1 20  0 43  0 2.85 10.420 10.481 0.915
2025  1 20  0 48  0 2.85 10.356 10.492 0.915
2025  1 20  0 53  0 2.85 10.274 10.503 0.914
2025  1 20  0 58  0 2.85 10.247 10.509 0.914
2025  1 20  1  3  0 2.85 10.183 10.534 0.915
2025  1 20  1  8  0 2.85 10.146 10.531 0.914
2025  1 20  1 13  0 2.85 10.101 10.546 0.914
2025  1 20  1 18  0 2.85 10.046 10.566 0.915
2025  1 20  1 23  0 2.85 10.000 10.566 0.915
2025  1 20  1 28  0 2.85 9.936 10.587 0.915
2025  1 20  1 33  0 2.85 9.927 10.593 0.915
2025  1 20  1 38  0 2.85 9.899 10.588 0.914
2025  1 20  1 43  0 2.85 9.816 10.620 0.915
2025  1 20  1 48  0 2.85 9.789 10.609 0.914
2025  1 20  1 53  0 2.85 9.706 10.648 0.915
2025  1 20  1 58  0 2.85 9.679 10.650 0.915
2025  1 20  2  3  0 2.85 9.623 10.664 0.915
2025  1 20  2  8  0 2.85 9.577 10.669 0.914
2025  1 20  2 13  0 2.85 9.540 10.677 0.914
2025  1 20  2 18  0 2.85 9.503 10.692 0.915
2025  1 20  2 23  0 2.85 9.467 10.704 0.915
2025  1 20  2 28  0 2.85 9.430 10.714 0.915
2025  1 20  2 33  0 2.85 9.411 10.713 0.915
2025  1 20  2 38  0 2.85 9.383 10.719 0.914
2025  1 20  2 43  0 2.85 9.393 10.730 0.915
2025  1 20  2 48  0 2.85 9.374 10.725 0.915
2025  1 20  2 53  0 2.85 9.337 10.739 0.915
2025  1 20  2 58  0 2.85 9.346 10.744 0.915
2025  1 20  3  3  0 2.85 9.365 10.722 0.914
2025  1 20  3  8  0 2.85 9.365 10.718 0.914
2025  1 20  3 13  0 2.85 9.365 10.728 0.915
2025  1 20  3 18  0 2.85 9.374 10.723 0.915
2025  1 20  3 23  0 2.85 9.374 10.715 0.915
2025  1 20  3 28  0 2.85 9.356 10.727 0.915
2025  1 20  3 33  0 2.85 9.328 10.750 0.915
2025  1 20  3 38  0 2.85 9.309 10.721 0.914
2025  1 20  3 43  0 2.85 9.328 10.712 0.914
2025  1 20  3 48  0 2.85 9.263 10.743 0.915
2025  1 20  3 53  0 2.85 9.272 10.726 0.915
2025  1 20  3 58  0 2.85 9.235 10.760 0.915
2025  1 20  4  3  0 2.85 9.235 10.748 0.915
2025  1 20  4  8  0 2.85 9.235 10.761 0.915
2025  1 20  4 13  0 2.85 9.226 10.761 0.915
2025  1 20  4 18  0 2.85 9.226 10.757 0.915
2025  1 20  4 23  0 2.85 9.189 10.764 0.915
2025  1 20  4 28  0 2.85 9.198 10.749 0.914
2025  1 20  4 33  0 2.85 9.180 10.777 0.915
2025  1 20  4 38  0 2.85 9.180 10.758 0.914
2025  1 20  4 43  0 2.85 9.143 10.783 0.914
2025  1 20  4 48  0 2.85 9.133 10.788 0.915
2025  1 20  4 53  0 2.85 9.087 10.804 0.915
2025  1 20  4 58  0 2.85 9.068 10.819 0.915
2025  1 20  5  3  0 2.85 9.059 10.807 0.914
2025  1 20  5  8  0 2.85 9.050 10.818 0.915
2025  1 20  5 13  0 2.85 9.040 10.830 0.915
2025  1 20  5 18  0 2.85 9.031 10.828 0.915
2025  1 20  5 23  0 2.85 9.031 10.825 0.915
2025  1 20  5 28  0 2.85 9.003 10.842 0.915
2025  1 20  5 33  0 2.85 8.985 10.841 0.915
2025  1 20  5 38  0 2.85 8.957 10.849 0.915
2025  1 20  5 43  0 2.85 8.938 10.846 0.915
2025  1 20  5 48  0 2.85 8.929 10.832 0.914
2025  1 20  5 53  0 2.85 8.882 10.860 0.915
2025  1 20  5 58  0 2.85 8.882 10.850 0.915
2025  1 20  6  3  0 2.85 8.836 10.869 0.915
2025  1 20  6  8  0 2.85 8.798 10.887 0.915
2025  1 20  6 13  0 2.85 8.808 10.871 0.915
2025  1 20  6 18  0 2.85 8.761 10.880 0.915
2025  1 20  6 23  0 2.85 8.770 10.867 0.914
2025  1 20  6 28  0 2.85 8.770 10.875 0.915
2025  1 20  6 33  0 2.85 8.733 10.887 0.915
2025  1 20  6 38  0 2.85 8.742 10.869 0.914
2025  1 20  6 43  0 2.85 8.714 10.881 0.915
2025  1 20  6 48  0 2.85 8.649 10.898 0.915
2025  1 20  6 53  0 2.85 8.611 10.911 0.915
2025  1 20  6 58  0 2.85 8.527 10.938 0.915
2025  1 20  7  3  0 2.85 8.377 10.972 0.915
2025  1 20  7  8  0 2.85 8.160 11.034 0.915
2025  1 20  7 13  0 2.85 8.085 11.045 0.915
2025  1 20  7 18  0 2.85 8.047 11.050 0.915
2025  1 20  7 23  0 2.85 8.009 11.051 0.915
2025  1 20  7 28  0 2.85 8.057 11.033 0.915
2025  1 20  7 33  0 2.85 8.085 11.037 0.915
2025  1 20  7 38  0 2.85 8.075 11.041 0.915
2025  1 20  7 43  0 2.85 7.915 11.085 0.915
2025  1 20  7 48  0 2.85 7.734 11.142 0.915
2025  1 20  7 53  0 2.85 7.468 11.211 0.915
2025  1 20  7 58  0 2.85 7.200 11.279 0.915
2025  1 20  8  3  0 2.85 6.912 11.331 0.915
2025  1 20  8  8  0 2.86 6.680 11.427 0.916
2025  1 20  8 13  0 2.86 6.641 11.419 0.916
2025  1 20  8 18  0 2.85 6.447 11.488 0.916
2025  1 20  8 23  0 2.85 6.340 11.508 0.915
2025  1 20  8 28  0 2.85 6.233 11.547 0.916
2025  1 20  8 33  0 2.85 6.125 11.573 0.915
2025  1 20  8 38  0 2.85 6.067 11.597 0.916
2025  1 20  8 43  0 2.85 5.929 11.634 0.915
2025  1 20  8 48  0 2.85 5.802 11.687 0.916
2025  1 20  8 53  0 2.86 5.674 11.700 0.916
2025  1 20  8 58  0 2.86 5.516 11.752 0.916
2025  1 20  9  3  0 2.86 5.476 11.751 0.915
2025  1 20  9  8  0 2.86 5.426 11.766 0.915
2025  1 20  9 13  0 2.86 5.347 11.790 0.916
2025  1 20  9 18  0 2.86 5.278 11.816 0.916
2025  1 20  9 23  0 2.86 5.248 11.802 0.915
2025  1 20  9 28  0 2.85 5.198 11.831 0.916
2025  1 20  9 33  0 2.85 5.158 11.834 0.915
2025  1 20  9 38  0 2.85 5.138 11.851 0.916
2025  1 20  9 43  0 2.85 5.168 11.832 0.916
2025  1 20  9 48  0 2.85 5.158 11.841 0.916
2025  1 20  9 53  0 2.85 5.198 11.825 0.916
2025  1 20  9 58  0 2.86 5.248 11.809 0.916
2025  1 20 10  3  0 2.86 5.278 11.808 0.916
2025  1 20 10  8  0 2.86 5.367 11.776 0.916
2025  1 20 10 13  0 2.86 5.545 11.702 0.916
2025  1 20 10 18  0 2.86 5.723 11.657 0.916
2025  1 20 10 23  0 2.85 5.920 11.600 0.916
2025  1 20 10 28  0 2.85 6.815 11.804 0.919
2025  1 20 10 33  0 2.85 9.105 10.785 0.918
2025  1 20 10 38  0 2.85 9.550 10.620 0.917
2025  1 20 10 43  0 2.85 9.706 10.567 0.916
2025  1 20 10 48  0 2.85 9.789 10.523 0.916
2025  1 20 10 53  0 2.85 9.862 10.507 0.916
2025  1 20 10 58  0 2.85 9.844 10.509 0.915
2025  1 20 11  3  0 2.85 9.872 10.473 0.915
2025  1 20 11  8  0 2.85 9.982 10.489 0.915
2025  1 20 11 13  0 2.85 9.963 10.509 0.915
2025  1 20 11 18  0 2.85 10.000 10.478 0.915
2025  1 20 11 23  0 2.85 9.991 10.510 0.915
2025  1 20 11 28  0 2.85 9.991 10.504 0.915
2025  1 20 11 33  0 2.85 10.046 10.494 0.915
2025  1 20 11 38  0 2.85 10.091 10.476 0.915
2025  1 20 11 43  0 2.85 10.091 10.481 0.915
2025  1 20 11 48  0 2.85 10.101 10.479 0.915
2025  1 20 11 53  0 2.85 10.119 10.471 0.915
2025  1 20 11 58  0 2.85 10.082 10.473 0.915
2025  1 20 12  3  0 2.85 10.000 10.485 0.915
2025  1 20 12  8  0 2.85 9.991 10.493 0.915
2025  1 20 12 13  0 2.85 9.982 10.501 0.915
2025  1 20 12 18  0 2.84 9.982 10.492 0.915
2025  1 20 12 23  0 2.85 9.963 10.506 0.915
2025  1 20 12 28  0 2.85 10.000 10.503 0.915
2025  1 20 12 33  0 2.84 9.991 10.524 0.915
2025  1 20 12 38  0 2.85 10.009 10.505 0.915
2025  1 20 12 43  0 2.85 10.018 10.510 0.915
2025  1 20 12 48  0 2.85 10.046 10.507 0.916
2025  1 20 12 53  0 2.85 10.046 10.496 0.915
2025  1 20 12 58  0 2.85 10.027 10.505 0.916
2025  1 20 13  3  0 2.84 10.009 10.531 0.916
2025  1 20 13  8  0 2.85 9.991 10.520 0.915
2025  1 20 13 13  0 2.85 10.027 10.524 0.915
2025  1 20 13 18  0 2.85 10.046 10.534 0.915
2025  1 20 13 23  0 2.85 10.064 10.543 0.915
2025  1 20 13 28  0 2.85 10.064 10.555 0.915
2025  1 20 13 33  0 2.85 10.064 10.544 0.915
2025  1 20 13 38  0 2.85 10.064 10.535 0.915
2025  1 20 13 43  0 2.85 10.055 10.545 0.914
2025  1 20 13 48  0 2.85 10.055 10.556 0.915
2025  1 20 13 53  0 2.85 10.055 10.554 0.915
2025  1 20 13 58  0 2.85 10.119 10.527 0.915
2025  1 20 14  3  0 2.85 10.128 10.538 0.915
2025  1 20 14  8  0 2.85 10.128 10.537 0.915
2025  1 20 14 13  0 2.85 10.164 10.539 0.915
2025  1 20 14 18  0 2.85 10.192 10.542 0.915
2025  1 20 14 23  0 2.85 10.228 10.521 0.915
2025  1 20 14 28  0 2.85 10.210 10.555 0.915
2025  1 20 14 33  0 2.85 10.274 10.531 0.915
2025  1 20 14 38  0 2.85 10.310 10.517 0.915
2025  1 20 14 43  0 2.85 10.329 10.519 0.915
2025  1 20 14 48  0 2.85 10.347 10.531 0.915
2025  1 20 14 53  0 2.85 10.365 10.532 0.914
2025  1 20 14 58  0 2.85 10.383 10.543 0.915
2025  1 20 15  3  0 2.85 10.420 10.541 0.914
2025  1 20 15  8  0 2.85 10.429 10.559 0.915
2025  1 20 15 13  0 2.85 10.465 10.546 0.915
2025  1 20 15 18  0 2.85 10.511 10.544 0.915
2025  1 20 15 23  0 2.85 10.556 10.535 0.914
2025  1 20 15 28  0 2.85 10.574 10.537 0.914
2025  1 20 15 33  0 2.85 10.620 10.547 0.915
2025  1 20 15 38  0 2.85 10.638 10.524 0.914
2025  1 20 15 43  0 2.85 10.656 10.528 0.914
2025  1 20 15 48  0 2.85 10.683 10.538 0.915
2025  1 20 15 53  0 2.85 10.710 10.530 0.914
2025  1 20 15 58  0 2.85 10.765 10.541 0.915
2025  1 20 16  3  0 2.85 10.801 10.520 0.914
2025  1 20 16  8  0 2.85 10.819 10.526 0.915
2025  1 20 16 13  0 2.85 10.855 10.540 0.915
2025  1 20 16 18  0 2.85 10.891 10.527 0.914
2025  1 20 16 23  0 2.85 10.946 10.502 0.914
2025  1 20 16 28  0 2.85 10.955 10.519 0.914
2025  1 20 16 33  0 2.84 11.054 10.487 0.914
2025  1 20 16 38  0 2.84 11.000 10.503 0.914
2025  1 20 16 43  0 2.84 11.090 10.515 0.915
2025  1 20 16 48  0 2.84 11.090 10.510 0.914
2025  1 20 16 53  0 2.84 11.189 10.514 0.915
2025  1 20 16 58  0 2.84 11.198 10.495 0.914
2025  1 20 17  3  0 2.85 11.225 10.518 0.914
2025  1 20 17  8  0 2.85 11.234 10.475 0.914
2025  1 20 17 13  0 2.85 11.270 10.509 0.914
2025  1 20 17 18  0 2.85 11.333 10.493 0.914
2025  1 20 17 23  0 2.85 11.315 10.517 0.914
2025  1 20 17 28  0 2.85 11.333 10.512 0.914
2025  1 20 17 33  0 2.85 11.405 10.496 0.914
2025  1 20 17 38  0 2.85 11.423 10.500 0.914
2025  1 20 17 43  0 2.85 11.485 10.489 0.914
2025  1 20 17 48  0 2.85 11.459 10.498 0.914
2025  1 20 17 53  0 2.85 11.530 10.498 0.914
2025  1 20 17 58  0 2.85 11.566 10.471 0.914
2025  1 20 18  3  0 2.85 11.557 10.490 0.915
2025  1 20 18  8  0 2.85 11.548 10.481 0.914
2025  1 20 18 13  0 2.85 11.530 10.471 0.914
2025  1 20 18 18  0 2.85 11.539 10.501 0.914
2025  1 20 18 23  0 2.85 11.664 10.483 0.914
2025  1 20 18 28  0 2.85 11.727 10.466 0.914
2025  1 20 18 33  0 2.85 11.700 10.482 0.914
2025  1 20 18 38  0 2.85 11.736 10.460 0.913
2025  1 20 18 43  0 2.85 11.709 10.502 0.914
2025  1 20 18 48  0 2.85 11.772 10.461 0.914
2025  1 20 18 53  0 2.85 11.861 10.494 0.914
2025  1 20 18 58  0 2.84 12.004 10.476 0.914
2025  1 20 19  3  0 2.84 12.075 10.453 0.914
2025  1 20 19  8  0 2.84 12.039 10.465 0.914
2025  1 20 19 13  0 2.84 12.048 10.450 0.914
2025  1 20 19 18  0 2.84 12.057 10.441 0.914
2025  1 20 19 23  0 2.84 12.012 10.457 0.914
2025  1 20 19 28  0 2.84 12.021 10.450 0.914
2025  1 20 19 33  0 2.84 12.030 10.452 0.914
2025  1 20 19 38  0 2.84 12.066 10.465 0.914
2025  1 20 19 43  0 2.84 12.137 10.456 0.914
2025  1 20 19 48  0 2.84 12.146 10.446 0.914
2025  1 20 19 53  0 2.84 12.137 10.472 0.914
2025  1 20 19 58  0 2.84 12.244 10.429 0.913
2025  1 20 20  3  0 2.84 12.261 10.431 0.913
2025  1 20 20  8  0 2.84 12.226 10.448 0.914
2025  1 20 20 13  0 2.84 12.279 10.428 0.914
2025  1 20 20 18  0 2.84 12.217 10.467 0.914
2025  1 20 20 23  0 2.84 12.208 10.470 0.914
2025  1 20 20 28  0 2.84 12.306 10.456 0.914
2025  1 20 20 33  0 2.84 12.332 10.441 0.914
2025  1 20 20 38  0 2.84 12.368 10.439 0.914
2025  1 20 20 43  0 2.85 12.456 10.426 0.913
2025  1 20 20 48  0 2.85 12.518 10.419 0.914
2025  1 20 20 53  0 2.85 12.518 10.412 0.913
2025  1 20 20 58  0 2.85 12.386 10.406 0.913
2025  1 20 21  3  0 2.85 11.888 10.452 0.913
2025  1 20 21  8  0 2.85 11.852 10.488 0.914
2025  1 20 21 13  0 2.84 12.208 10.466 0.914
2025  1 20 21 18  0 2.84 12.368 10.471 0.914
2025  1 20 21 23  0 2.85 12.527 10.433 0.914
2025  1 20 21 28  0 2.85 12.598 10.422 0.914
2025  1 20 21 33  0 2.85 12.571 10.395 0.914
2025  1 20 21 38  0 2.85 12.456 10.416 0.913
2025  1 20 21 43  0 2.85 12.483 10.420 0.914
2025  1 20 21 48  0 2.85 12.518 10.428 0.914
2025  1 20 21 53  0 2.85 12.598 10.390 0.913
2025  1 20 21 58  0 2.85 12.518 10.455 0.914
2025  1 20 22  3  0 2.85 12.501 10.465 0.914
2025  1 20 22  8  0 2.85 12.677 10.395 0.913
2025  1 20 22 13  0 2.85 12.713 10.390 0.913
2025  1 20 22 18  0 2.85 12.589 10.388 0.913
2025  1 20 22 23  0 2.84 12.350 10.443 0.914
2025  1 20 22 28  0 2.84 12.350 10.453 0.913
2025  1 20 22 33  0 2.84 12.359 10.450 0.913
2025  1 20 22 38  0 2.84 12.306 10.471 0.914
2025  1 20 22 43  0 2.84 11.986 10.530 0.914
2025  1 20 22 48  0 2.84 11.977 10.505 0.914
2025  1 20 22 53  0 2.84 12.048 10.505 0.914
2025  1 20 22 58  0 2.84 12.030 10.500 0.914
2025  1 20 23  3  0 2.84 11.986 10.517 0.914
2025  1 20 23  8  0 2.84 12.004 10.514 0.914
2025  1 20 23 13  0 2.84 12.021 10.505 0.914
2025  1 20 23 18  0 2.84 11.950 10.515 0.914
2025  1 20 23 23  0 2.84 11.995 10.511 0.914
2025  1 20 23 28  0 2.84 12.030 10.490 0.914
2025  1 20 23 33  0 2.84 12.173 10.519 0.914
2025  1 20 23 38  0 2.84 12.368 10.478 0.914
2025  1 20 23 43  0 2.85 12.386 10.477 0.913
2025  1 20 23 48  0 2.85 12.421 10.474 0.913
2025  1 20 23 53  0 2.85 12.465 10.462 0.914
2025  1 20 23 58  0 2.85 12.492 10.443 0.913
2025  1 21  0  3  0 2.85 12.518 10.454 0.914
2025  1 21  0  8  0 2.85 12.509 10.430 0.914
2025  1 21  0 13  0 2.84 12.279 10.507 0.914
2025  1 21  0 18  0 2.85 12.465 10.457 0.913
2025  1 21  0 23  0 2.85 12.509 10.443 0.913
2025  1 21  0 28  0 2.85 12.518 10.450 0.914
2025  1 21  0 33  0 2.85 12.545 10.441 0.914
2025  1 21  0 38  0 2.85 12.518 10.435 0.913
2025  1 21  0 43  0 2.85 12.465 10.416 0.913
2025  1 21  0 48  0 2.85 12.492 10.462 0.914
2025  1 21  0 53  0 2.85 12.518 10.458 0.914
2025  1 21  0 58  0 2.85 12.448 10.434 0.913
2025  1 21  1  3  0 2.85 12.518 10.458 0.914
2025  1 21  1  8  0 2.85 12.474 10.448 0.914
2025  1 21  1 13  0 2.85 12.501 10.462 0.914
2025  1 21  1 18  0 2.85 12.483 10.421 0.913
2025  1 21  1 23  0 2.85 12.394 10.433 0.914
2025  1 21  1 28  0 2.84 12.323 10.436 0.913
2025  1 21  1 33  0 2.84 12.394 10.452 0.914
2025  1 21  1 38  0 2.85 12.448 10.442 0.914
2025  1 21  1 43  0 2.85 12.536 10.469 0.914
2025  1 21  1 48  0 2.85 12.571 10.442 0.914
2025  1 21  1 53  0 2.85 12.571 10.440 0.914
2025  1 21  1 58  0 2.85 12.589 10.451 0.914
2025  1 21  2  3  0 2.85 12.607 10.432 0.914
2025  1 21  2  8  0 2.85 12.580 10.433 0.914
2025  1 21  2 13  0 2.85 12.563 10.463 0.914
2025  1 21  2 18  0 2.85 12.616 10.403 0.913
2025  1 21  2 23  0 2.85 12.545 10.351 0.913
2025  1 21  2 28  0 2.84 12.279 10.497 0.914
2025  1 21  2 33  0 2.84 12.137 10.434 0.913
2025  1 21  2 38  0 2.84 12.093 10.471 0.914
2025  1 21  2 43  0 2.84 12.164 10.460 0.913
2025  1 21  2 48  0 2.84 12.084 10.420 0.914
2025  1 21  2 53  0 2.84 12.004 10.478 0.914
2025  1 21  2 58  0 2.84 12.146 10.430 0.913
2025  1 21  3  3  0 2.84 12.004 10.428 0.914
2025  1 21  3  8  0 2.84 12.030 10.443 0.914
2025  1 21  3 13  0 2.84 11.959 10.404 0.913
2025  1 21  3 18  0 2.85 11.852 10.412 0.913
2025  1 21  3 23  0 2.85 11.879 10.433 0.914
2025  1 21  3 28  0 2.85 11.932 10.418 0.914
2025  1 21  3 33  0 2.85 11.897 10.412 0.914
2025  1 21  3 38  0 2.85 11.870 10.421 0.914
2025  1 21  3 43  0 2.85 11.861 10.375 0.914
2025  1 21  3 48  0 2.85 11.906 10.372 0.914
2025  1 21  3 53  0 2.85 11.897 10.361 0.914
2025  1 21  3 58  0 2.84 11.923 10.360 0.914
2025  1 21  4  3  0 2.85 11.879 10.384 0.914
2025  1 21  4  8  0 2.85 11.754 10.424 0.914
2025  1 21  4 13  0 2.85 11.799 10.395 0.913
2025  1 21  4 18  0 2.85 11.799 10.396 0.914
2025  1 21  4 23  0 2.85 11.691 10.436 0.914
2025  1 21  4 28  0 2.85 11.656 10.446 0.914
2025  1 21  4 33  0 2.85 11.593 10.464 0.914
2025  1 21  4 38  0 2.85 11.620 10.467 0.914
2025  1 21  4 43  0 2.85 11.736 10.419 0.914
2025  1 21  4 48  0 2.85 11.781 10.399 0.914
2025  1 21  4 53  0 2.85 11.736 10.407 0.913
2025  1 21  4 58  0 2.85 11.799 10.397 0.914
2025  1 21  5  3  0 2.85 11.772 10.380 0.914
2025  1 21  5  8  0 2.85 11.736 10.391 0.914
2025  1 21  5 13  0 2.85 11.745 10.375 0.913
2025  1 21  5 18  0 2.85 11.709 10.385 0.914
2025  1 21  5 23  0 2.85 11.709 10.391 0.914
2025  1 21  5 28  0 2.85 11.709 10.380 0.913
2025  1 21  5 33  0 2.85 11.736 10.368 0.914
2025  1 21  5 38  0 2.85 11.718 10.385 0.914
2025  1 21  5 43  0 2.85 11.700 10.387 0.914
2025  1 21  5 48  0 2.85 11.664 10.399 0.914
2025  1 21  5 53  0 2.85 11.691 10.393 0.913
2025  1 21  5 58  0 2.85 11.673 10.395 0.913
2025  1 21  6  3  0 2.85 11.656 10.422 0.913
2025  1 21  6  8  0 2.85 11.673 10.406 0.914
2025  1 21  6 13  0 2.85 11.656 10.448 0.914
2025  1 21  6 18  0 2.85 11.682 10.423 0.914
2025  1 21  6 23  0 2.85 11.718 10.406 0.914
2025  1 21  6 28  0 2.85 11.700 10.425 0.913
2025  1 21  6 33  0 2.85 11.700 10.447 0.914
2025  1 21  6 38  0 2.85 11.700 10.452 0.914
2025  1 21  6 43  0 2.85 11.745 10.442 0.914
2025  1 21  6 48  0 2.85 11.745 10.443 0.914
2025  1 21  6 53  0 2.85 11.754 10.459 0.914
2025  1 21  6 58  0 2.85 11.781 10.428 0.914
2025  1 21  7  3  0 2.85 11.781 10.406 0.913
2025  1 21  7  8  0 2.85 11.781 10.415 0.913
2025  1 21  7 13  0 2.85 11.807 10.410 0.913
2025  1 21  7 18  0 2.85 11.781 10.414 0.914
2025  1 21  7 23  0 2.85 11.754 10.424 0.914
2025  1 21  7 28  0 2.85 11.709 10.414 0.914
2025  1 21  7 33  0 2.85 11.736 10.415 0.914
2025  1 21  7 38  0 2.85 11.727 10.417 0.913
2025  1 21  7 43  0 2.85 11.745 10.415 0.913
2025  1 21  7 48  0 2.85 11.700 10.443 0.914
2025  1 21  7 53  0 2.85 11.700 10.427 0.913
2025  1 21  7 58  0 2.85 11.745 10.439 0.914
2025  1 21  8  3  0 2.85 11.727 10.418 0.913
2025  1 21  8  8  0 2.85 11.754 10.403 0.914
2025  1 21  8 13  0 2.85 11.736 10.407 0.914
2025  1 21  8 18  0 2.85 11.718 10.390 0.914
2025  1 21  8 23  0 2.85 11.700 10.383 0.913
2025  1 21  8 28  0 2.85 11.700 10.390 0.914
2025  1 21  8 33  0 2.85 11.691 10.369 0.913
2025  1 21  8 38  0 2.85 11.691 10.387 0.914
2025  1 21  8 43  0 2.85 11.709 10.363 0.914
2025  1 21  8 48  0 2.85 11.691 10.375 0.914
2025  1 21  8 53  0 2.85 11.700 10.366 0.913
2025  1 21  8 58  0 2.85 11.691 10.368 0.914
2025  1 21  9  3  0 2.85 11.682 10.369 0.914
2025  1 21  9  8  0 2.85 11.664 10.358 0.913
2025  1 21  9 13  0 2.85 11.656 10.373 0.914
2025  1 21  9 18  0 2.85 11.548 10.386 0.914
2025  1 21  9 23  0 2.85 11.521 10.363 0.914
2025  1 21  9 28  0 2.85 11.494 10.384 0.913
2025  1 21  9 33  0 2.85 11.423 10.438 0.914
2025  1 21  9 38  0 2.85 11.450 10.410 0.914
2025  1 21  9 43  0 2.85 11.414 10.413 0.913
2025  1 21  9 48  0 2.85 11.324 10.449 0.914
2025  1 21  9 53  0 2.85 11.351 10.421 0.913
2025  1 21  9 58  0 2.85 11.342 10.430 0.914
2025  1 21 10  3  0 2.85 11.324 10.423 0.914
2025  1 21 10  8  0 2.85 11.324 10.413 0.914
2025  1 21 10 13  0 2.85 11.297 10.437 0.914
2025  1 21 10 18  0 2.85 11.306 10.389 0.913
2025  1 21 10 23  0 2.85 11.315 10.416 0.914
2025  1 21 10 28  0 2.85 11.288 10.402 0.914
2025  1 21 10 33  0 2.85 11.261 10.422 0.914
2025  1 21 10 38  0 2.85 11.288 10.417 0.914
2025  1 21 10 43  0 2.85 11.288 10.415 0.914
2025  1 21 10 48  0 2.85 11.333 10.405 0.914
2025  1 21 10 53  0 2.85 11.333 10.420 0.914
2025  1 21 10 58  0 2.85 11.342 10.407 0.914
2025  1 21 11  3  0 2.85 11.324 10.394 0.914
2025  1 21 11  8  0 2.85 11.324 10.391 0.914
2025  1 21 11 13  0 2.85 11.315 10.401 0.914
2025  1 21 11 18  0 2.85 11.324 10.406 0.914
2025  1 21 11 23  0 2.85 11.333 10.401 0.914
2025  1 21 11 28  0 2.85 11.369 10.388 0.914
2025  1 21 11 33  0 2.85 11.333 10.383 0.913
2025  1 21 11 38  0 2.85 11.315 10.397 0.914
2025  1 21 11 43  0 2.85 11.306 10.391 0.913
2025  1 21 11 48  0 2.85 11.288 10.408 0.914
2025  1 21 11 53  0 2.85 11.261 10.407 0.914
2025  1 21 11 58  0 2.84 11.198 10.410 0.914
2025  1 21 12  3  0 2.84 11.171 10.421 0.914
2025  1 21 12  8  0 2.84 11.081 10.427 0.914
2025  1 21 12 13  0 2.84 11.045 10.456 0.914
2025  1 21 12 18  0 2.84 11.063 10.444 0.914
2025  1 21 12 23  0 2.84 11.018 10.444 0.913
2025  1 21 12 28  0 2.84 10.982 10.468 0.914
2025  1 21 12 33  0 2.84 11.000 10.456 0.914
2025  1 21 12 38  0 2.84 10.991 10.458 0.914
2025  1 21 12 43  0 2.84 11.036 10.448 0.913
2025  1 21 12 48  0 2.84 11.009 10.469 0.914
2025  1 21 12 53  0 2.84 11.000 10.472 0.914
2025  1 21 12 58  0 2.84 10.982 10.478 0.914
2025  1 21 13  3  0 2.84 11.009 10.479 0.914
2025  1 21 13  8  0 2.84 11.000 10.492 0.914
2025  1 21 13 13  0 2.84 11.000 10.484 0.914
2025  1 21 13 18  0 2.84 11.036 10.488 0.914
2025  1 21 13 23  0 2.84 11.045 10.474 0.914
2025  1 21 13 28  0 2.84 11.045 10.473 0.913
2025  1 21 13 33  0 2.84 11.081 10.461 0.913
2025  1 21 13 38  0 2.84 11.108 10.470 0.914
2025  1 21 13 43  0 2.84 11.117 10.474 0.914
2025  1 21 13 48  0 2.84 11.108 10.462 0.914
2025  1 21 13 53  0 2.84 11.108 10.481 0.914
2025  1 21 13 58  0 2.84 11.171 10.469 0.914
2025  1 21 14  3  0 2.84 11.180 10.453 0.913
2025  1 21 14  8  0 2.84 11.153 10.474 0.914
2025  1 21 14 13  0 2.84 11.189 10.476 0.914
2025  1 21 14 18  0 2.84 11.189 10.487 0.914
2025  1 21 14 23  0 2.84 11.171 10.483 0.914
2025  1 21 14 28  0 2.84 11.225 10.466 0.914
2025  1 21 14 33  0 2.84 11.189 10.482 0.914
2025  1 21 14 38  0 2.85 11.225 10.467 0.914
2025  1 21 14 43  0 2.85 11.234 10.465 0.913
2025  1 21 14 48  0 2.85 11.261 10.470 0.913
2025  1 21 14 53  0 2.85 11.261 10.456 0.913
2025  1 21 14 58  0 2.85 11.279 10.469 0.914
2025  1 21 15  3  0 2.85 11.315 10.467 0.914
2025  1 21 15  8  0 2.85 11.333 10.462 0.914
2025  1 21 15 13  0 2.85 11.342 10.468 0.914
2025  1 21 15 18  0 2.85 11.351 10.458 0.913
2025  1 21 15 23  0 2.85 11.369 10.462 0.914
2025  1 21 15 28  0 2.85 11.369 10.450 0.913
2025  1 21 15 33  0 2.85 11.378 10.462 0.914
2025  1 21 15 38  0 2.85 11.423 10.436 0.913
2025  1 21 15 43  0 2.85 11.432 10.458 0.914
2025  1 21 15 48  0 2.85 11.423 10.456 0.914
2025  1 21 15 53  0 2.85 11.423 10.455 0.914
2025  1 21 15 58  0 2.85 11.432 10.459 0.914
2025  1 21 16  3  0 2.85 11.459 10.448 0.914
2025  1 21 16  8  0 2.85 11.459 10.438 0.913
2025  1 21 16 13  0 2.85 11.441 10.465 0.914
2025  1 21 16 18  0 2.85 11.423 10.469 0.914
2025  1 21 16 23  0 2.85 11.387 10.469 0.914
2025  1 21 16 28  0 2.85 11.423 10.476 0.914
2025  1 21 16 33  0 2.85 11.441 10.474 0.914
2025  1 21 16 38  0 2.85 11.476 10.458 0.914
2025  1 21 16 43  0 2.85 11.441 10.466 0.914
2025  1 21 16 48  0 2.85 11.423 10.472 0.914
2025  1 21 16 53  0 2.85 11.414 10.463 0.913
2025  1 21 16 58  0 2.85 11.476 10.497 0.914
2025  1 21 17  3  0 2.85 11.611 10.470 0.913
2025  1 21 17  8  0 2.85 11.611 10.483 0.914
2025  1 21 17 13  0 2.85 11.602 10.507 0.913
2025  1 21 17 18  0 2.85 11.629 10.467 0.913
2025  1 21 17 23  0 2.85 11.620 10.475 0.914
2025  1 21 17 28  0 2.85 11.602 10.468 0.914
2025  1 21 17 33  0 2.85 11.602 10.453 0.913
2025  1 21 17 38  0 2.85 11.566 10.466 0.913
2025  1 21 17 43  0 2.85 11.539 10.473 0.914
2025  1 21 17 48  0 2.85 11.521 10.476 0.914
2025  1 21 17 53  0 2.85 11.494 10.486 0.914
2025  1 21 17 58  0 2.85 11.503 10.479 0.914
2025  1 21 18  3  0 2.85 11.503 10.468 0.913
2025  1 21 18  8  0 2.85 11.503 10.473 0.913
2025  1 21 18 13  0 2.85 11.512 10.471 0.913
2025  1 21 18 18  0 2.85 11.485 10.474 0.913
2025  1 21 18 23  0 2.85 11.476 10.502 0.914
2025  1 21 18 28  0 2.85 11.476 10.484 0.913
2025  1 21 18 33  0 2.85 11.476 10.496 0.914
2025  1 21 18 38  0 2.85 11.476 10.493 0.914
2025  1 21 18 43  0 2.85 11.512 10.484 0.914
2025  1 21 18 48  0 2.85 11.485 10.479 0.913
2025  1 21 18 53  0 2.85 11.494 10.491 0.914
2025  1 21 18 58  0 2.85 11.476 10.489 0.914
2025  1 21 19  3  0 2.85 11.521 10.478 0.913
2025  1 21 19  8  0 2.85 11.530 10.486 0.913
2025  1 21 19 13  0 2.85 11.485 10.500 0.913
2025  1 21 19 18  0 2.85 11.494 10.501 0.914
2025  1 21 19 23  0 2.85 11.521 10.486 0.913
2025  1 21 19 28  0 2.85 11.548 10.478 0.914
2025  1 21 19 33  0 2.85 11.584 10.445 0.913
2025  1 21 19 38  0 2.85 11.548 10.481 0.914
2025  1 21 19 43  0 2.85 11.700 10.433 0.914
2025  1 21 19 48  0 2.85 11.709 10.415 0.913
2025  1 21 19 53  0 2.85 11.709 10.423 0.914
2025  1 21 19 58  0 2.85 11.709 10.436 0.914
2025  1 21 20  3  0 2.85 11.700 10.421 0.913
2025  1 21 20  8  0 2.85 11.673 10.429 0.913
2025  1 21 20 13  0 2.85 11.673 10.428 0.913
2025  1 21 20 18  0 2.85 11.673 10.437 0.914
2025  1 21 20 23  0 2.85 11.656 10.434 0.913
2025  1 21 20 28  0 2.85 11.647 10.442 0.913
2025  1 21 20 33  0 2.85 11.709 10.430 0.913
2025  1 21 20 38  0 2.85 11.745 10.439 0.914
2025  1 21 20 43  0 2.85 11.745 10.420 0.913
2025  1 21 20 48  0 2.85 11.790 10.411 0.913
2025  1 21 20 53  0 2.85 11.754 10.417 0.913
2025  1 21 20 58  0 2.85 11.727 10.437 0.914
2025  1 21 21  3  0 2.85 11.682 10.438 0.913
2025  1 21 21  8  0 2.85 11.718 10.460 0.914
2025  1 21 21 13  0 2.85 11.727 10.452 0.914
2025  1 21 21 18  0 2.85 11.754 10.438 0.913
2025  1 21 21 23  0 2.85 11.745 10.443 0.913
2025  1 21 21 28  0 2.85 11.745 10.450 0.913
2025  1 21 21 33  0 2.85 11.763 10.426 0.913
2025  1 21 21 38  0 2.85 11.763 10.421 0.913
2025  1 21 21 43  0 2.85 11.727 10.455 0.914
2025  1 21 21 48  0 2.85 11.754 10.446 0.913
2025  1 21 21 53  0 2.85 11.772 10.439 0.914
2025  1 21 21 58  0 2.85 11.772 10.436 0.914
2025  1 21 22  3  0 2.85 11.772 10.433 0.913
2025  1 21 22  8  0 2.85 11.772 10.442 0.914
2025  1 21 22 13  0 2.85 11.772 10.438 0.914
2025  1 21 22 18  0 2.85 11.763 10.444 0.913
2025  1 21 22 23  0 2.85 11.763 10.430 0.913
2025  1 21 22 28  0 2.85 11.763 10.435 0.913
2025  1 21 22 33  0 2.85 11.754 10.436 0.913
2025  1 21 22 38  0 2.85 11.727 10.452 0.914
2025  1 21 22 43  0 2.85 11.745 10.446 0.914
2025  1 21 22 48  0 2.85 11.736 10.441 0.913
2025  1 21 22 53  0 2.85 11.745 10.438 0.913
2025  1 21 22 58  0 2.85 11.736 10.435 0.914
2025  1 21 23  3  0 2.85 11.745 10.407 0.913
2025  1 21 23  8  0 2.85 11.727 10.403 0.913
2025  1 21 23 13  0 2.85 11.727 10.399 0.913
2025  1 21 23 18  0 2.85 11.691 10.393 0.913
2025  1 21 23 23  0 2.85 11.736 10.407 0.914
2025  1 21 23 28  0 2.85 11.736 10.405 0.914
2025  1 21 23 33  0 2.85 11.763 10.416 0.913
2025  1 21 23 38  0 2.85 11.745 10.383 0.913
2025  1 21 23 43  0 2.85 11.718 10.400 0.913
2025  1 21 23 48  0 2.85 11.656 10.413 0.913
2025  1 21 23 53  0 2.85 11.521 10.422 0.913
2025  1 21 23 58  0 2.85 11.432 10.493 0.914
2025  1 22  0  3  0 2.85 11.351 10.478 0.913
2025  1 22  0  8  0 2.85 11.342 10.467 0.914
2025  1 22  0 13  0 2.85 11.414 10.482 0.913
2025  1 22  0 18  0 2.85 11.378 10.509 0.914
2025  1 22  0 23  0 2.85 11.512 10.457 0.914
2025  1 22  0 28  0 2.85 11.611 10.449 0.914
2025  1 22  0 33  0 2.85 11.691 10.403 0.913
2025  1 22  0 38  0 2.85 11.736 10.409 0.914
2025  1 22  0 43  0 2.85 11.647 10.389 0.913
2025  1 22  0 48  0 2.85 11.503 10.435 0.913
2025  1 22  0 53  0 2.85 11.476 10.445 0.914
2025  1 22  0 58  0 2.85 11.512 10.446 0.913
2025  1 22  1  3  0 2.85 11.485 10.488 0.914
2025  1 22  1  8  0 2.85 11.548 10.434 0.913
2025  1 22  1 13  0 2.85 11.530 10.423 0.914
2025  1 22  1 18  0 2.85 11.530 10.398 0.913
2025  1 22  1 23  0 2.85 11.467 10.404 0.913
2025  1 22  1 28  0 2.85 11.503 10.410 0.914
2025  1 22  1 33  0 2.85 11.539 10.422 0.914
2025  1 22  1 38  0 2.85 11.593 10.418 0.913
2025  1 22  1 43  0 2.85 11.593 10.437 0.914
2025  1 22  1 48  0 2.85 11.611 10.430 0.913
2025  1 22  1 53  0 2.85 11.664 10.441 0.914
2025  1 22  1 58  0 2.85 11.656 10.439 0.913
2025  1 22  2  3  0 2.85 11.656 10.428 0.913
2025  1 22  2  8  0 2.85 11.638 10.424 0.913
2025  1 22  2 13  0 2.85 11.629 10.445 0.914
2025  1 22  2 18  0 2.85 11.629 10.442 0.914
2025  1 22  2 23  0 2.85 11.656 10.431 0.913
2025  1 22  2 28  0 2.85 11.664 10.420 0.913
2025  1 22  2 33  0 2.85 11.656 10.432 0.914
2025  1 22  2 38  0 2.85 11.656 10.442 0.914
2025  1 22  2 43  0 2.85 11.647 10.428 0.913
2025  1 22  2 48  0 2.85 11.700 10.423 0.914
2025  1 22  2 53  0 2.85 11.700 10.422 0.914
2025  1 22  2 58  0 2.85 11.647 10.423 0.914
2025  1 22  3  3  0 2.85 11.691 10.426 0.914
2025  1 22  3  8  0 2.85 11.691 10.423 0.913
2025  1 22  3 13  0 2.85 11.709 10.415 0.913
2025  1 22  3 18  0 2.85 11.718 10.419 0.914
2025  1 22  3 23  0 2.85 11.727 10.419 0.913
2025  1 22  3 28  0 2.85 11.736 10.419 0.913
2025  1 22  3 33  0 2.85 11.736 10.431 0.913
2025  1 22  3 38  0 2.85 11.754 10.423 0.913
2025  1 22  3 43  0 2.85 11.754 10.432 0.914
2025  1 22  3 48  0 2.85 11.763 10.434 0.913
2025  1 22  3 53  0 2.85 11.772 10.412 0.913
2025  1 22  3 58  0 2.85 11.781 10.437 0.914
2025  1 22  4  3  0 2.85 11.799 10.413 0.913
2025  1 22  4  8  0 2.85 11.745 10.399 0.913
2025  1 22  4 13  0 2.85 11.691 10.418 0.913
2025  1 22  4 18  0 2.85 11.638 10.458 0.914
2025  1 22  4 23  0 2.85 11.638 10.473 0.913
2025  1 22  4 28  0 2.85 11.673 10.461 0.913
2025  1 22  4 33  0 2.85 11.664 10.485 0.913
2025  1 22  4 38  0 2.85 11.709 10.448 0.913
2025  1 22  4 43  0 2.85 11.745 10.430 0.913
2025  1 22  4 48  0 2.85 11.745 10.451 0.914
2025  1 22  4 53  0 2.85 11.754 10.421 0.913
2025  1 22  4 58  0 2.85 11.736 10.440 0.913
2025  1 22  5  3  0 2.85 11.709 10.462 0.914
2025  1 22  5  8  0 2.85 11.709 10.465 0.914
2025  1 22  5 13  0 2.85 11.700 10.467 0.914
2025  1 22  5 18  0 2.85 11.682 10.464 0.913
2025  1 22  5 23  0 2.85 11.691 10.455 0.914
2025  1 22  5 28  0 2.85 11.700 10.430 0.914
2025  1 22  5 33  0 2.85 11.700 10.412 0.913
2025  1 22  5 38  0 2.85 11.682 10.436 0.914
2025  1 22  5 43  0 2.85 11.682 10.437 0.914
2025  1 22  5 48  0 2.85 11.709 10.424 0.914
2025  1 22  5 53  0 2.85 11.691 10.434 0.913
2025  1 22  5 58  0 2.85 11.682 10.437 0.914
2025  1 22  6  3  0 2.85 11.656 10.462 0.914
2025  1 22  6  8  0 2.85 11.709 10.424 0.913
2025  1 22  6 13  0 2.85 11.700 10.435 0.914
2025  1 22  6 18  0 2.85 11.664 10.451 0.914
2025  1 22  6 23  0 2.85 11.664 10.442 0.914
2025  1 22  6 28  0 2.85 11.638 10.448 0.914
2025  1 22  6 33  0 2.85 11.557 10.480 0.913
2025  1 22  6 38  0 2.85 11.485 10.536 0.914
2025  1 22  6 43  0 2.85 11.467 10.534 0.913
2025  1 22  6 48  0 2.85 11.450 10.541 0.913
2025  1 22  6 53  0 2.85 11.441 10.531 0.914
2025  1 22  6 58  0 2.85 11.476 10.539 0.914
2025  1 22  7  3  0 2.85 11.485 10.543 0.913
2025  1 22  7  8  0 2.85 11.494 10.550 0.914
2025  1 22  7 13  0 2.85 11.459 10.570 0.913
2025  1 22  7 18  0 2.85 11.467 10.568 0.914
2025  1 22  7 23  0 2.85 11.414 10.587 0.914
2025  1 22  7 28  0 2.85 11.459 10.557 0.914
2025  1 22  7 33  0 2.85 11.467 10.502 0.913
2025  1 22  7 38  0 2.85 11.441 10.523 0.913
2025  1 22  7 43  0 2.85 11.459 10.523 0.913
2025  1 22  7 48  0 2.85 11.467 10.496 0.913
2025  1 22  7 53  0 2.85 11.485 10.484 0.914
2025  1 22  7 58  0 2.85 11.476 10.486 0.913
2025  1 22  8  3  0 2.85 11.423 10.457 0.913
2025  1 22  8  8  0 2.85 11.432 10.423 0.913
2025  1 22  8 13  0 2.85 11.369 10.456 0.913
2025  1 22  8 18  0 2.85 11.369 10.466 0.914
2025  1 22  8 23  0 2.85 11.342 10.455 0.914
2025  1 22  8 28  0 2.85 11.279 10.479 0.914
2025  1 22  8 33  0 2.85 11.252 10.469 0.913
2025  1 22  8 38  0 2.85 11.234 10.475 0.914
2025  1 22  8 43  0 2.85 11.234 10.477 0.913
2025  1 22  8 48  0 2.84 11.198 10.463 0.914
2025  1 22  8 53  0 2.84 11.144 10.451 0.913
2025  1 22  8 58  0 2.84 11.144 10.444 0.913
2025  1 22  9  3  0 2.84 11.090 10.430 0.914
2025  1 22  9  8  0 2.84 11.063 10.427 0.913
2025  1 22  9 13  0 2.84 11.018 10.440 0.914
2025  1 22  9 18  0 2.84 10.991 10.428 0.914
2025  1 22  9 23  0 2.84 10.973 10.454 0.914
2025  1 22  9 28  0 2.84 11.000 10.444 0.914
2025  1 22  9 33  0 2.84 11.009 10.451 0.914
2025  1 22  9 38  0 2.84 11.000 10.441 0.913
2025  1 22  9 43  0 2.84 11.000 10.469 0.914
2025  1 22  9 48  0 2.84 11.009 10.462 0.914
2025  1 22  9 53  0 2.84 11.000 10.471 0.914
2025  1 22  9 58  0 2.84 11.000 10.462 0.914
2025  1 22 10  3  0 2.84 11.018 10.442 0.914
2025  1 22 10  8  0 2.84 11.018 10.446 0.914
2025  1 22 10 13  0 2.84 11.009 10.443 0.914
2025  1 22 10 18  0 2.84 11.000 10.437 0.914
2025  1 22 10 23  0 2.84 10.991 10.411 0.914
2025  1 22 10 28  0 2.84 10.991 10.394 0.914
2025  1 22 10 33  0 2.84 10.964 10.321 0.913
2025  1 22 10 38  0 2.84 10.982 10.318 0.914
2025  1 22 10 43  0 2.84 10.964 10.290 0.914
2025  1 22 10 48  0 2.84 10.973 10.265 0.914
2025  1 22 10 53  0 2.84 10.955 10.249 0.913
2025  1 22 10 58  0 2.84 10.927 10.260 0.914
2025  1 22 11  3  0 2.84 10.918 10.220 0.913
2025  1 22 11  8  0 2.84 10.900 10.238 0.914
2025  1 22 11 13  0 2.84 10.900 10.224 0.914
2025  1 22 11 18  0 2.85 10.882 10.225 0.913
2025  1 22 11 23  0 2.85 10.873 10.221 0.913
2025  1 22 11 28  0 2.85 10.837 10.240 0.914
2025  1 22 11 33  0 2.85 10.855 10.240 0.914
2025  1 22 11 38  0 2.85 10.846 10.243 0.914
2025  1 22 11 43  0 2.85 10.837 10.250 0.914
2025  1 22 11 48  0 2.85 10.810 10.253 0.913
2025  1 22 11 53  0 2.85 10.774 10.259 0.914
2025  1 22 11 58  0 2.85 10.783 10.259 0.914
2025  1 22 12  3  0 2.85 10.765 10.256 0.913
2025  1 22 12  8  0 2.85 10.756 10.257 0.914
2025  1 22 12 13  0 2.85 10.710 10.269 0.914
2025  1 22 12 18  0 2.85 10.692 10.276 0.914
2025  1 22 12 23  0 2.85 10.710 10.245 0.914
2025  1 22 12 28  0 2.85 10.629 10.269 0.914
2025  1 22 12 33  0 2.85 10.602 10.254 0.914
2025  1 22 12 38  0 2.85 10.629 10.260 0.914
2025  1 22 12 43  0 2.85 10.620 10.276 0.914
2025  1 22 12 48  0 2.85 10.647 10.267 0.914
2025  1 22 12 53  0 2.85 10.647 10.285 0.914
2025  1 22 12 58  0 2.85 10.656 10.247 0.914
2025  1 22 13  3  0 2.85 10.629 10.240 0.913
2025  1 22 13  8  0 2.85 10.647 10.214 0.913
2025  1 22 13 13  0 2.85 10.638 10.225 0.914
2025  1 22 13 18  0 2.85 10.647 10.217 0.914
2025  1 22 13 23  0 2.85 10.656 10.227 0.914
2025  1 22 13 28  0 2.85 10.656 10.214 0.914
2025  1 22 13 33  0 2.85 10.674 10.213 0.914
2025  1 22 13 38  0 2.85 10.674 10.212 0.914
2025  1 22 13 43  0 2.85 10.683 10.208 0.914
2025  1 22 13 48  0 2.85 10.683 10.207 0.914
2025  1 22 13 53  0 2.85 10.665 10.213 0.914
2025  1 22 13 58  0 2.85 10.674 10.223 0.914
2025  1 22 14  3  0 2.85 10.674 10.230 0.914
2025  1 22 14  8  0 2.85 10.665 10.215 0.914
2025  1 22 14 13  0 2.85 10.665 10.209 0.914
2025  1 22 14 18  0 2.85 10.674 10.199 0.914
2025  1 22 14 23  0 2.85 10.674 10.198 0.914
2025  1 22 14 28  0 2.85 10.692 10.174 0.914
2025  1 22 14 33  0 2.85 10.774 10.161 0.914
2025  1 22 14 38  0 2.85 10.810 10.154 0.914
2025  1 22 14 43  0 2.85 10.774 10.138 0.913
2025  1 22 14 48  0 2.85 10.774 10.147 0.914
2025  1 22 14 53  0 2.85 10.783 10.154 0.914
2025  1 22 14 58  0 2.85 10.783 10.150 0.913
2025  1 22 15  3  0 2.85 10.792 10.147 0.914
2025  1 22 15  8  0 2.85 10.765 10.169 0.914
2025  1 22 15 13  0 2.85 10.765 10.174 0.914
2025  1 22 15 18  0 2.85 10.765 10.185 0.914
2025  1 22 15 23  0 2.85 10.774 10.175 0.914
2025  1 22 15 28  0 2.85 10.783 10.183 0.913
2025  1 22 15 33  0 2.85 10.792 10.198 0.914
2025  1 22 15 38  0 2.85 10.801 10.189 0.913
2025  1 22 15 43  0 2.85 10.765 10.195 0.913
2025  1 22 15 48  0 2.85 10.774 10.222 0.913
2025  1 22 15 53  0 2.85 10.810 10.227 0.914
2025  1 22 15 58  0 2.85 10.819 10.232 0.914
2025  1 22 16  3  0 2.85 10.828 10.235 0.914
2025  1 22 16  8  0 2.85 10.819 10.236 0.913
2025  1 22 16 13  0 2.85 10.801 10.245 0.914
2025  1 22 16 18  0 2.85 10.783 10.237 0.913
2025  1 22 16 23  0 2.85 10.810 10.246 0.914
2025  1 22 16 28  0 2.85 10.819 10.238 0.914
2025  1 22 16 33  0 2.85 10.792 10.240 0.913
2025  1 22 16 38  0 2.85 10.801 10.265 0.914
2025  1 22 16 43  0 2.85 10.828 10.282 0.914
2025  1 22 16 48  0 2.85 10.810 10.276 0.913
2025  1 22 16 53  0 2.85 10.819 10.269 0.914
2025  1 22 16 58  0 2.85 10.801 10.273 0.913
2025  1 22 17  3  0 2.85 10.792 10.263 0.914
2025  1 22 17  8  0 2.85 10.792 10.235 0.913
2025  1 22 17 13  0 2.85 10.774 10.238 0.913
2025  1 22 17 18  0 2.85 10.756 10.243 0.914
2025  1 22 17 23  0 2.85 10.747 10.230 0.913
2025  1 22 17 28  0 2.85 10.738 10.247 0.914
2025  1 22 17 33  0 2.85 10.747 10.219 0.914
2025  1 22 17 38  0 2.85 10.738 10.218 0.913
2025  1 22 17 43  0 2.85 10.747 10.221 0.913
2025  1 22 17 48  0 2.85 10.747 10.231 0.913
2025  1 22 17 53  0 2.85 10.747 10.225 0.914
2025  1 22 17 58  0 2.85 10.738 10.224 0.914
2025  1 22 18  3  0 2.85 10.756 10.217 0.914
2025  1 22 18  8  0 2.85 10.765 10.228 0.914
2025  1 22 18 13  0 2.85 10.738 10.225 0.914
2025  1 22 18 18  0 2.85 10.710 10.236 0.914
2025  1 22 18 23  0 2.85 10.738 10.219 0.914
2025  1 22 18 28  0 2.85 10.747 10.202 0.913
2025  1 22 18 33  0 2.85 10.728 10.215 0.914
2025  1 22 18 38  0 2.85 10.747 10.213 0.914
2025  1 22 18 43  0 2.85 10.774 10.205 0.914
2025  1 22 18 48  0 2.85 10.792 10.207 0.913
2025  1 22 18 53  0 2.85 10.783 10.204 0.913
2025  1 22 18 58  0 2.85 10.765 10.214 0.914
2025  1 22 19  3  0 2.85 10.747 10.205 0.914
2025  1 22 19  8  0 2.85 10.756 10.191 0.914
2025  1 22 19 13  0 2.85 10.728 10.202 0.914
2025  1 22 19 18  0 2.85 10.738 10.198 0.914
2025  1 22 19 23  0 2.85 10.719 10.203 0.914
2025  1 22 19 28  0 2.85 10.719 10.194 0.914
2025  1 22 19 33  0 2.85 10.710 10.205 0.914
2025  1 22 19 38  0 2.85 10.710 10.194 0.914
2025  1 22 19 43  0 2.85 10.683 10.203 0.914
2025  1 22 19 48  0 2.85 10.692 10.183 0.914
2025  1 22 19 53  0 2.85 10.683 10.186 0.914
2025  1 22 19 58  0 2.85 10.665 10.177 0.913
2025  1 22 20  3  0 2.85 10.574 10.212 0.914
2025  1 22 20  8  0 2.85 10.556 10.205 0.914
2025  1 22 20 13  0 2.85 10.583 10.196 0.914
2025  1 22 20 18  0 2.85 10.556 10.215 0.913
2025  1 22 20 23  0 2.85 10.547 10.231 0.914
2025  1 22 20 28  0 2.85 10.565 10.208 0.913
2025  1 22 20 33  0 2.85 10.529 10.231 0.914
2025  1 22 20 38  0 2.85 10.547 10.221 0.914
2025  1 22 20 43  0 2.85 10.520 10.236 0.914
2025  1 22 20 48  0 2.85 10.511 10.235 0.914
2025  1 22 20 53  0 2.85 10.511 10.227 0.913
2025  1 22 20 58  0 2.85 10.511 10.241 0.914
2025  1 22 21  3  0 2.85 10.511 10.244 0.914
2025  1 22 21  8  0 2.85 10.493 10.257 0.914
2025  1 22 21 13  0 2.85 10.493 10.258 0.914
2025  1 22 21 18  0 2.85 10.502 10.250 0.914
2025  1 22 21 23  0 2.85 10.511 10.244 0.914
2025  1 22 21 28  0 2.85 10.483 10.248 0.914
2025  1 22 21 33  0 2.85 10.465 10.241 0.914
2025  1 22 21 38  0 2.85 10.474 10.247 0.913
2025  1 22 21 43  0 2.85 10.483 10.245 0.914
2025  1 22 21 48  0 2.85 10.474 10.253 0.914
2025  1 22 21 53  0 2.85 10.474 10.239 0.913
2025  1 22 21 58  0 2.85 10.483 10.257 0.914
2025  1 22 22  3  0 2.85 10.493 10.243 0.913
2025  1 22 22  8  0 2.85 10.474 10.256 0.913
2025  1 22 22 13  0 2.85 10.483 10.258 0.914
2025  1 22 22 18  0 2.85 10.474 10.249 0.914
2025  1 22 22 23  0 2.85 10.465 10.244 0.914
2025  1 22 22 28  0 2.85 10.447 10.243 0.914
2025  1 22 22 33  0 2.85 10.429 10.238 0.914
2025  1 22 22 38  0 2.85 10.429 10.233 0.914
2025  1 22 22 43  0 2.85 10.429 10.229 0.914
2025  1 22 22 48  0 2.85 10.383 10.226 0.913
2025  1 22 22 53  0 2.85 10.392 10.219 0.913
2025  1 22 22 58  0 2.85 10.383 10.225 0.914
2025  1 22 23  3  0 2.85 10.374 10.232 0.914
2025  1 22 23  8  0 2.85 10.365 10.227 0.914
2025  1 22 23 13  0 2.85 10.365 10.226 0.914
2025  1 22 23 18  0 2.85 10.365 10.209 0.914
2025  1 22 23 23  0 2.85 10.347 10.211 0.914
2025  1 22 23 28  0 2.85 10.356 10.207 0.914
2025  1 22 23 33  0 2.85 10.329 10.197 0.914
2025  1 22 23 38  0 2.85 10.310 10.177 0.913
2025  1 22 23 43  0 2.85 10.274 10.196 0.914
2025  1 22 23 48  0 2.85 10.274 10.201 0.914
2025  1 22 23 53  0 2.85 10.256 10.177 0.914
2025  1 22 23 58  0 2.85 10.238 10.181 0.914
2025  1 23  0  3  0 2.85 10.228 10.180 0.914
2025  1 23  0  8  0 2.85 10.174 10.189 0.914
2025  1 23  0 13  0 2.85 10.164 10.204 0.914
2025  1 23  0 18  0 2.85 10.155 10.203 0.914
2025  1 23  0 23  0 2.85 10.155 10.182 0.914
2025  1 23  0 28  0 2.85 10.137 10.197 0.914
2025  1 23  0 33  0 2.85 10.146 10.182 0.914
2025  1 23  0 38  0 2.85 10.137 10.195 0.914
2025  1 23  0 43  0 2.85 10.128 10.199 0.914
2025  1 23  0 48  0 2.85 10.146 10.187 0.914
2025  1 23  0 53  0 2.85 10.110 10.192 0.914
2025  1 23  0 58  0 2.85 10.073 10.192 0.914
2025  1 23  1  3  0 2.85 10.064 10.191 0.914
2025  1 23  1  8  0 2.84 10.036 10.205 0.914
2025  1 23  1 13  0 2.84 10.000 10.205 0.914
2025  1 23  1 18  0 2.84 9.972 10.220 0.914
2025  1 23  1 23  0 2.84 10.000 10.204 0.914
2025  1 23  1 28  0 2.84 9.982 10.197 0.914
2025  1 23  1 33  0 2.84 9.963 10.220 0.914
2025  1 23  1 38  0 2.84 9.954 10.219 0.914
2025  1 23  1 43  0 2.84 9.954 10.220 0.914
2025  1 23  1 48  0 2.84 9.982 10.198 0.914
2025  1 23  1 53  0 2.84 9.945 10.221 0.914
2025  1 23  1 58  0 2.84 9.936 10.209 0.914
2025  1 23  2  3  0 2.84 9.963 10.202 0.914
2025  1 23  2  8  0 2.84 9.936 10.205 0.914
2025  1 23  2 13  0 2.84 9.927 10.221 0.914
2025  1 23  2 18  0 2.84 9.945 10.217 0.914
2025  1 23  2 23  0 2.84 9.936 10.225 0.914
2025  1 23  2 28  0 2.84 9.899 10.247 0.914
2025  1 23  2 33  0 2.84 9.899 10.244 0.914
2025  1 23  2 38  0 2.84 9.917 10.238 0.914
2025  1 23  2 43  0 2.84 9.908 10.224 0.913
2025  1 23  2 48  0 2.84 9.917 10.241 0.914
2025  1 23  2 53  0 2.84 9.899 10.257 0.915
2025  1 23  2 58  0 2.84 9.917 10.234 0.914
2025  1 23  3  3  0 2.84 9.908 10.232 0.914
2025  1 23  3  8  0 2.84 9.890 10.234 0.914
2025  1 23  3 13  0 2.84 9.927 10.225 0.914
2025  1 23  3 18  0 2.85 9.908 10.240 0.914
2025  1 23  3 23  0 2.84 9.908 10.232 0.914
2025  1 23  3 28  0 2.84 9.927 10.222 0.914
2025  1 23  3 33  0 2.84 9.963 10.221 0.914
2025  1 23  3 38  0 2.84 9.936 10.226 0.914
2025  1 23  3 43  0 2.84 9.936 10.219 0.914
2025  1 23  3 48  0 2.84 9.954 10.200 0.914
2025  1 23  3 53  0 2.84 9.954 10.205 0.914
2025  1 23  3 58  0 2.84 9.954 10.192 0.914
2025  1 23  4  3  0 2.84 9.927 10.186 0.914
2025  1 23  4  8  0 2.84 9.908 10.178 0.914
2025  1 23  4 13  0 2.84 9.908 10.182 0.914
2025  1 23  4 18  0 2.84 9.899 10.175 0.914
2025  1 23  4 23  0 2.84 9.899 10.188 0.914
2025  1 23  4 28  0 2.84 9.908 10.169 0.914
2025  1 23  4 33  0 2.84 9.908 10.179 0.914
2025  1 23  4 38  0 2.84 9.899 10.160 0.914
2025  1 23  4 43  0 2.84 9.872 10.170 0.914
2025  1 23  4 48  0 2.84 9.862 10.173 0.913
2025  1 23  4 53  0 2.84 9.862 10.199 0.914
2025  1 23  4 58  0 2.84 9.853 10.213 0.914
2025  1 23  5  3  0 2.84 9.853 10.217 0.914
2025  1 23  5  8  0 2.84 9.872 10.218 0.914
2025  1 23  5 13  0 2.84 9.862 10.224 0.914
2025  1 23  5 18  0 2.84 9.872 10.202 0.914
2025  1 23  5 23  0 2.84 9.844 10.227 0.914
2025  1 23  5 28  0 2.84 9.881 10.242 0.914
2025  1 23  5 33  0 2.84 9.899 10.232 0.914
2025  1 23  5 38  0 2.84 9.890 10.245 0.914
2025  1 23  5 43  0 2.84 9.872 10.259 0.914
2025  1 23  5 48  0 2.84 9.917 10.258 0.914
2025  1 23  5 53  0 2.84 9.927 10.250 0.914
2025  1 23  5 58  0 2.84 9.917 10.245 0.914
2025  1 23  6  3  0 2.84 9.899 10.238 0.914
2025  1 23  6  8  0 2.84 9.917 10.219 0.914
2025  1 23  6 13  0 2.84 9.908 10.234 0.914
2025  1 23  6 18  0 2.84 9.908 10.221 0.914
2025  1 23  6 23  0 2.84 9.899 10.224 0.913
2025  1 23  6 28  0 2.84 9.899 10.256 0.914
2025  1 23  6 33  0 2.84 9.927 10.252 0.914
2025  1 23  6 38  0 2.84 9.899 10.254 0.914
2025  1 23  6 43  0 2.84 9.917 10.242 0.914
2025  1 23  6 48  0 2.85 9.899 10.228 0.914
2025  1 23  6 53  0 2.85 9.881 10.221 0.914
2025  1 23  6 58  0 2.84 9.853 10.223 0.914
2025  1 23  7  3  0 2.84 9.862 10.221 0.914
2025  1 23  7  8  0 2.84 9.872 10.235 0.914
2025  1 23  7 13  0 2.84 9.881 10.250 0.914
2025  1 23  7 18  0 2.84 9.862 10.227 0.914
2025  1 23  7 23  0 2.84 9.872 10.205 0.914
2025  1 23  7 28  0 2.84 9.881 10.198 0.914
2025  1 23  7 33  0 2.85 9.853 10.209 0.914
2025  1 23  7 38  0 2.84 9.853 10.217 0.914
2025  1 23  7 43  0 2.84 9.862 10.215 0.914
2025  1 23  7 48  0 2.85 9.872 10.220 0.914
2025  1 23  7 53  0 2.84 9.899 10.219 0.914
2025  1 23  7 58  0 2.84 9.936 10.227 0.914
2025  1 23  8  3  0 2.84 9.972 10.220 0.914
2025  1 23  8  8  0 2.84 9.982 10.229 0.914
2025  1 23  8 13  0 2.84 9.991 10.226 0.914
2025  1 23  8 18  0 2.84 9.991 10.214 0.914
2025  1 23  8 23  0 2.84 9.972 10.212 0.914
2025  1 23  8 28  0 2.84 9.936 10.208 0.914
2025  1 23  8 33  0 2.84 9.908 10.206 0.914
2025  1 23  8 38  0 2.84 9.872 10.258 0.914
2025  1 23  8 43  0 2.84 9.862 10.260 0.913
2025  1 23  8 48  0 2.84 9.881 10.266 0.914
2025  1 23  8 53  0 2.84 9.899 10.269 0.914
2025  1 23  8 58  0 2.84 9.890 10.267 0.914
2025  1 23  9  3  0 2.84 9.899 10.258 0.914
2025  1 23  9  8  0 2.84 9.936 10.252 0.914
2025  1 23  9 13  0 2.84 9.936 10.249 0.914
2025  1 23  9 18  0 2.84 9.954 10.245 0.914
2025  1 23  9 23  0 2.84 9.991 10.222 0.913
2025  1 23  9 28  0 2.84 10.009 10.229 0.914
2025  1 23  9 33  0 2.84 10.000 10.228 0.914
2025  1 23  9 38  0 2.84 10.027 10.248 0.915
2025  1 23  9 43  0 2.85 10.073 10.231 0.914
2025  1 23  9 48  0 2.85 10.101 10.213 0.914
2025  1 23  9 53  0 2.85 10.101 10.232 0.914
2025  1 23  9 58  0 2.85 10.119 10.216 0.914
2025  1 23 10  3  0 2.85 10.091 10.215 0.914
2025  1 23 10  8  0 2.85 10.146 10.239 0.914
2025  1 23 10 13  0 2.85 10.155 10.231 0.914
2025  1 23 10 18  0 2.85 10.183 10.223 0.914
2025  1 23 10 23  0 2.85 10.192 10.216 0.914
2025  1 23 10 28  0 2.85 10.228 10.225 0.914
2025  1 23 10 33  0 2.85 10.228 10.217 0.914
2025  1 23 10 38  0 2.85 10.228 10.213 0.914
2025  1 23 10 43  0 2.85 10.247 10.210 0.914
2025  1 23 10 48  0 2.85 10.228 10.229 0.914
2025  1 23 10 53  0 2.85 10.265 10.216 0.914
2025  1 23 10 58  0 2.85 10.265 10.231 0.914
2025  1 23 11  3  0 2.85 10.310 10.205 0.914
2025  1 23 11  8  0 2.85 10.247 10.209 0.913
2025  1 23 11 13  0 2.85 10.256 10.229 0.914
2025  1 23 11 18  0 2.85 10.238 10.226 0.914
2025  1 23 11 23  0 2.85 10.320 10.210 0.913
2025  1 23 11 28  0 2.85 10.356 10.225 0.914
2025  1 23 11 33  0 2.85 10.483 10.222 0.914
2025  1 23 11 38  0 2.85 10.511 10.193 0.914
2025  1 23 11 43  0 2.85 10.465 10.208 0.914
2025  1 23 11 48  0 2.85 10.483 10.212 0.914
2025  1 23 11 53  0 2.85 10.493 10.253 0.914
2025  1 23 11 58  0 2.85 10.483 10.220 0.913
2025  1 23 12  3  0 2.85 10.520 10.233 0.913
2025  1 23 12  8  0 2.85 10.456 10.238 0.914
2025  1 23 12 13  0 2.85 10.374 10.224 0.914
2025  1 23 12 18  0 2.85 10.402 10.228 0.914
2025  1 23 12 23  0 2.85 10.420 10.242 0.914
2025  1 23 12 28  0 2.85 10.438 10.247 0.914
2025  1 23 12 33  0 2.85 10.511 10.219 0.913
2025  1 23 12 38  0 2.85 10.511 10.224 0.913
2025  1 23 12 43  0 2.85 10.511 10.235 0.914
2025  1 23 12 48  0 2.85 10.493 10.223 0.914
2025  1 23 12 53  0 2.85 10.474 10.205 0.913
2025  1 23 12 58  0 2.85 10.493 10.222 0.914
2025  1 23 13  3  0 2.85 10.493 10.233 0.914
2025  1 23 13  8  0 2.85 10.547 10.208 0.913
2025  1 23 13 13  0 2.85 10.556 10.220 0.913
2025  1 23 13 18  0 2.85 10.556 10.217 0.913
2025  1 23 13 23  0 2.85 10.547 10.227 0.914
2025  1 23 13 28  0 2.85 10.629 10.238 0.913
2025  1 23 13 33  0 2.85 10.719 10.247 0.914
2025  1 23 13 38  0 2.85 10.728 10.245 0.914
2025  1 23 13 43  0 2.85 10.765 10.210 0.913
2025  1 23 13 48  0 2.85 10.756 10.225 0.914
2025  1 23 13 53  0 2.85 10.765 10.239 0.913
2025  1 23 13 58  0 2.84 10.891 10.244 0.913
2025  1 23 14  3  0 2.84 10.927 10.235 0.913
2025  1 23 14  8  0 2.84 10.946 10.253 0.913
2025  1 23 14 13  0 2.84 11.036 10.232 0.913
2025  1 23 14 18  0 2.84 11.054 10.230 0.913
2025  1 23 14 23  0 2.84 11.045 10.228 0.913
2025  1 23 14 28  0 2.84 11.027 10.218 0.913
2025  1 23 14 33  0 2.84 11.027 10.214 0.913
2025  1 23 14 38  0 2.84 11.018 10.224 0.913
2025  1 23 14 43  0 2.84 11.027 10.219 0.913
2025  1 23 14 48  0 2.84 11.027 10.219 0.914
2025  1 23 14 53  0 2.84 11.036 10.209 0.913
2025  1 23 14 58  0 2.84 11.054 10.213 0.913
2025  1 23 15  3  0 2.84 11.045 10.217 0.914
2025  1 23 15  8  0 2.84 11.027 10.217 0.913
2025  1 23 15 13  0 2.84 11.054 10.238 0.914
2025  1 23 15 18  0 2.84 11.090 10.211 0.913
2025  1 23 15 23  0 2.84 11.099 10.217 0.913
2025  1 23 15 28  0 2.84 11.108 10.225 0.913
2025  1 23 15 33  0 2.84 11.036 10.212 0.913
2025  1 23 15 38  0 2.84 10.982 10.216 0.914
2025  1 23 15 43  0 2.84 10.964 10.222 0.914
2025  1 23 15 48  0 2.84 10.964 10.205 0.913
2025  1 23 15 53  0 2.84 10.964 10.231 0.913
2025  1 23 15 58  0 2.84 10.973 10.236 0.913
2025  1 23 16  3  0 2.84 11.000 10.228 0.913
2025  1 23 16  8  0 2.84 11.000 10.230 0.913
2025  1 23 16 13  0 2.84 11.009 10.245 0.913
2025  1 23 16 18  0 2.84 11.027 10.238 0.913
2025  1 23 16 23  0 2.84 11.063 10.226 0.913
2025  1 23 16 28  0 2.84 11.072 10.241 0.913
2025  1 23 16 33  0 2.84 11.090 10.250 0.913
2025  1 23 16 38  0 2.84 11.099 10.245 0.914
2025  1 23 16 43  0 2.84 11.117 10.234 0.914
2025  1 23 16 48  0 2.84 11.126 10.233 0.913
2025  1 23 16 53  0 2.84 11.126 10.237 0.913
2025  1 23 16 58  0 2.84 11.153 10.224 0.913
2025  1 23 17  3  0 2.84 11.198 10.208 0.913
2025  1 23 17  8  0 2.84 11.162 10.234 0.914
2025  1 23 17 13  0 2.84 11.162 10.215 0.913
2025  1 23 17 18  0 2.84 11.162 10.225 0.913
2025  1 23 17 23  0 2.84 11.162 10.236 0.913
2025  1 23 17 28  0 2.84 11.207 10.212 0.913
2025  1 23 17 33  0 2.84 11.198 10.234 0.913
2025  1 23 17 38  0 2.84 11.180 10.228 0.913
2025  1 23 17 43  0 2.84 11.189 10.229 0.913
2025  1 23 17 48  0 2.84 11.144 10.238 0.913
2025  1 23 17 53  0 2.84 11.171 10.222 0.914
2025  1 23 17 58  0 2.84 11.144 10.231 0.914
2025  1 23 18  3  0 2.84 11.090 10.231 0.913
2025  1 23 18  8  0 2.84 11.180 10.229 0.914
2025  1 23 18 13  0 2.84 11.198 10.220 0.913
2025  1 23 18 18  0 2.84 11.198 10.198 0.913
2025  1 23 18 23  0 2.84 11.207 10.202 0.913
2025  1 23 18 28  0 2.84 11.207 10.183 0.913
2025  1 23 18 33  0 2.84 11.117 10.190 0.913
2025  1 23 18 38  0 2.84 11.063 10.202 0.913
2025  1 23 18 43  0 2.84 11.063 10.231 0.914
2025  1 23 18 48  0 2.84 11.081 10.202 0.913
2025  1 23 18 53  0 2.84 11.054 10.217 0.913
2025  1 23 18 58  0 2.84 11.000 10.236 0.913
2025  1 23 19  3  0 2.84 10.973 10.252 0.913
2025  1 23 19  8  0 2.84 10.964 10.257 0.913
2025  1 23 19 13  0 2.84 10.937 10.243 0.913
2025  1 23 19 18  0 2.84 10.873 10.260 0.913
2025  1 23 19 23  0 2.84 10.855 10.269 0.913
2025  1 23 19 28  0 2.84 10.864 10.276 0.913
2025  1 23 19 33  0 2.84 10.873 10.266 0.913
2025  1 23 19 38  0 2.84 10.846 10.285 0.914
2025  1 23 19 43  0 2.84 10.828 10.293 0.913
2025  1 23 19 48  0 2.84 10.810 10.292 0.914
2025  1 23 19 53  0 2.84 10.765 10.300 0.914
2025  1 23 19 58  0 2.85 10.738 10.286 0.913
2025  1 23 20  3  0 2.85 10.710 10.286 0.913
2025  1 23 20  8  0 2.85 10.647 10.302 0.913
2025  1 23 20 13  0 2.85 10.629 10.308 0.914
2025  1 23 20 18  0 2.85 10.665 10.295 0.913
2025  1 23 20 23  0 2.85 10.647 10.310 0.914
2025  1 23 20 28  0 2.85 10.719 10.315 0.914
2025  1 23 20 33  0 2.85 10.728 10.320 0.914
2025  1 23 20 38  0 2.85 10.719 10.308 0.913
2025  1 23 20 43  0 2.85 10.719 10.314 0.914
2025  1 23 20 48  0 2.85 10.719 10.307 0.913
2025  1 23 20 53  0 2.85 10.719 10.318 0.914
2025  1 23 20 58  0 2.85 10.792 10.373 0.914
2025  1 23 21  3  0 2.84 10.819 10.385 0.913
2025  1 23 21  8  0 2.84 10.828 10.395 0.914
2025  1 23 21 13  0 2.84 10.828 10.404 0.914
2025  1 23 21 18  0 2.85 10.819 10.407 0.913
2025  1 23 21 23  0 2.84 10.828 10.392 0.913
2025  1 23 21 28  0 2.84 10.828 10.399 0.914
2025  1 23 21 33  0 2.84 10.837 10.398 0.914
2025  1 23 21 38  0 2.84 10.837 10.396 0.913
2025  1 23 21 43  0 2.84 10.828 10.405 0.913
2025  1 23 21 48  0 2.84 10.837 10.412 0.913
2025  1 23 21 53  0 2.84 10.837 10.411 0.913
2025  1 23 21 58  0 2.84 10.837 10.417 0.914
2025  1 23 22  3  0 2.84 10.837 10.417 0.913
2025  1 23 22  8  0 2.84 10.837 10.416 0.913
2025  1 23 22 13  0 2.84 10.810 10.441 0.914
2025  1 23 22 18  0 2.84 10.819 10.423 0.913
2025  1 23 22 23  0 2.84 10.810 10.444 0.913
2025  1 23 22 28  0 2.84 10.819 10.428 0.913
2025  1 23 22 33  0 2.84 10.792 10.449 0.914
2025  1 23 22 38  0 2.85 10.801 10.445 0.913
2025  1 23 22 43  0 2.84 10.792 10.456 0.913
2025  1 23 22 48  0 2.85 10.774 10.482 0.914
2025  1 23 22 53  0 2.85 10.783 10.474 0.913
2025  1 23 22 58  0 2.84 10.783 10.477 0.914
2025  1 23 23  3  0 2.85 10.756 10.499 0.914
2025  1 23 23  8  0 2.85 10.783 10.493 0.914
2025  1 23 23 13  0 2.85 10.774 10.498 0.914
2025  1 23 23 18  0 2.85 10.756 10.509 0.913
2025  1 23 23 23  0 2.85 10.756 10.495 0.913
2025  1 23 23 28  0 2.85 10.774 10.494 0.913
2025  1 23 23 33  0 2.85 10.738 10.507 0.913
2025  1 23 23 38  0 2.85 10.738 10.512 0.914
2025  1 23 23 43  0 2.85 10.738 10.512 0.913
2025  1 23 23 48  0 2.85 10.738 10.497 0.913
2025  1 23 23 53  0 2.85 10.710 10.428 0.914
2025  1 23 23 58  0 2.85 10.710 10.374 0.913
2025  1 24  0  3  0 2.85 10.719 10.329 0.914
2025  1 24  0  8  0 2.85 10.719 10.322 0.914
2025  1 24  0 13  0 2.85 10.728 10.306 0.913
2025  1 24  0 18  0 2.85 10.683 10.314 0.913
2025  1 24  0 23  0 2.85 10.683 10.302 0.913
2025  1 24  0 28  0 2.85 10.674 10.304 0.914
2025  1 24  0 33  0 2.85 10.656 10.299 0.914
2025  1 24  0 38  0 2.85 10.638 10.316 0.914
2025  1 24  0 43  0 2.85 10.647 10.302 0.913
2025  1 24  0 48  0 2.85 10.602 10.321 0.914
2025  1 24  0 53  0 2.85 10.629 10.387 0.913
2025  1 24  0 58  0 2.85 10.728 10.478 0.913
2025  1 24  1  3  0 2.85 10.701 10.487 0.913
2025  1 24  1  8  0 2.85 10.710 10.498 0.913
2025  1 24  1 13  0 2.85 10.719 10.504 0.914
2025  1 24  1 18  0 2.85 10.719 10.491 0.913
2025  1 24  1 23  0 2.84 10.728 10.493 0.914
2025  1 24  1 28  0 2.85 10.710 10.492 0.913
2025  1 24  1 33  0 2.85 10.710 10.505 0.913
2025  1 24  1 38  0 2.85 10.728 10.506 0.914
2025  1 24  1 43  0 2.85 10.710 10.507 0.914
2025  1 24  1 48  0 2.85 10.710 10.498 0.913
2025  1 24  1 53  0 2.84 10.710 10.479 0.913
2025  1 24  1 58  0 2.85 10.701 10.485 0.914
2025  1 24  2  3  0 2.85 10.683 10.488 0.914
2025  1 24  2  8  0 2.85 10.656 10.505 0.914
2025  1 24  2 13  0 2.85 10.602 10.525 0.914
2025  1 24  2 18  0 2.85 10.538 10.544 0.914
2025  1 24  2 23  0 2.85 10.493 10.544 0.913
2025  1 24  2 28  0 2.85 10.465 10.562 0.914
2025  1 24  2 33  0 2.85 10.310 10.574 0.913
2025  1 24  2 38  0 2.85 10.210 10.620 0.913
2025  1 24  2 43  0 2.85 10.192 10.649 0.914
2025  1 24  2 48  0 2.85 10.164 10.654 0.913
2025  1 24  2 53  0 2.85 10.192 10.649 0.913
2025  1 24  2 58  0 2.85 10.110 10.646 0.914
2025  1 24  3  3  0 2.85 10.064 10.659 0.913
2025  1 24  3  8  0 2.84 10.046 10.656 0.914
2025  1 24  3 13  0 2.85 10.137 10.641 0.914
2025  1 24  3 18  0 2.85 10.128 10.637 0.914
2025  1 24  3 23  0 2.85 10.310 10.645 0.914
2025  1 24  3 28  0 2.85 10.338 10.561 0.913
2025  1 24  3 33  0 2.85 10.292 10.615 0.914
2025  1 24  3 38  0 2.85 10.238 10.592 0.913
2025  1 24  3 43  0 2.85 10.174 10.591 0.914
2025  1 24  3 48  0 2.84 9.954 10.613 0.913
2025  1 24  3 53  0 2.84 9.908 10.644 0.914
2025  1 24  3 58  0 2.84 9.908 10.633 0.914
2025  1 24  4  3  0 2.84 9.991 10.641 0.914
2025  1 24  4  8  0 2.85 10.073 10.629 0.914
2025  1 24  4 13  0 2.85 10.137 10.609 0.914
2025  1 24  4 18  0 2.85 10.247 10.617 0.914
2025  1 24  4 23  0 2.85 10.411 10.585 0.914
2025  1 24  4 28  0 2.85 10.402 10.602 0.914
2025  1 24  4 33  0 2.85 10.429 10.590 0.914
2025  1 24  4 38  0 2.85 10.420 10.582 0.914
2025  1 24  4 43  0 2.85 10.411 10.588 0.914
2025  1 24  4 48  0 2.85 10.411 10.573 0.914
2025  1 24  4 53  0 2.85 10.420 10.564 0.914
2025  1 24  4 58  0 2.85 10.420 10.576 0.914
2025  1 24  5  3  0 2.85 10.402 10.569 0.914
2025  1 24  5  8  0 2.85 10.411 10.567 0.914
2025  1 24  5 13  0 2.85 10.383 10.575 0.914
2025  1 24  5 18  0 2.85 10.365 10.581 0.913
2025  1 24  5 23  0 2.85 10.374 10.578 0.914
2025  1 24  5 28  0 2.85 10.374 10.576 0.914
2025  1 24  5 33  0 2.85 10.338 10.584 0.914
2025  1 24  5 38  0 2.85 10.356 10.513 0.914
2025  1 24  5 43  0 2.85 10.511 10.433 0.914
2025  1 24  5 48  0 2.85 10.592 10.347 0.914
2025  1 24  5 53  0 2.85 10.592 10.290 0.914
2025  1 24  5 58  0 2.85 10.565 10.241 0.914
2025  1 24  6  3  0 2.85 10.447 10.264 0.914
2025  1 24  6  8  0 2.85 10.420 10.261 0.914
2025  1 24  6 13  0 2.85 10.420 10.254 0.914
2025  1 24  6 18  0 2.85 10.438 10.240 0.913
2025  1 24  6 23  0 2.85 10.438 10.250 0.914
2025  1 24  6 28  0 2.85 10.420 10.252 0.914
2025  1 24  6 33  0 2.85 10.429 10.263 0.914
2025  1 24  6 38  0 2.85 10.474 10.283 0.914
2025  1 24  6 43  0 2.85 10.565 10.337 0.914
2025  1 24  6 48  0 2.85 10.483 10.265 0.913
2025  1 24  6 53  0 2.85 10.611 10.381 0.914
2025  1 24  6 58  0 2.85 10.738 10.323 0.914
2025  1 24  7  3  0 2.85 10.747 10.318 0.914
2025  1 24  7  8  0 2.85 10.692 10.281 0.914
2025  1 24  7 13  0 2.85 10.656 10.299 0.913
2025  1 24  7 18  0 2.85 10.592 10.319 0.914
2025  1 24  7 23  0 2.85 10.574 10.355 0.913
2025  1 24  7 28  0 2.85 10.583 10.368 0.913
2025  1 24  7 33  0 2.85 10.611 10.356 0.914
2025  1 24  7 38  0 2.85 10.583 10.342 0.914
2025  1 24  7 43  0 2.85 10.611 10.336 0.913
2025  1 24  7 48  0 2.85 10.583 10.352 0.913
2025  1 24  7 53  0 2.85 10.574 10.344 0.913
2025  1 24  7 58  0 2.85 10.547 10.359 0.913
2025  1 24  8  3  0 2.85 10.583 10.369 0.913
2025  1 24  8  8  0 2.85 10.602 10.373 0.913
2025  1 24  8 13  0 2.85 10.583 10.389 0.913
2025  1 24  8 18  0 2.85 10.611 10.388 0.913
2025  1 24  8 23  0 2.85 10.592 10.399 0.914
2025  1 24  8 28  0 2.85 10.583 10.390 0.913
2025  1 24  8 33  0 2.85 10.629 10.378 0.913
2025  1 24  8 38  0 2.85 10.620 10.386 0.914
2025  1 24  8 43  0 2.85 10.611 10.396 0.914
2025  1 24  8 48  0 2.85 10.620 10.382 0.913
2025  1 24  8 53  0 2.85 10.602 10.391 0.914
2025  1 24  8 58  0 2.85 10.611 10.386 0.914
2025  1 24  9  3  0 2.85 10.602 10.387 0.913
2025  1 24  9  8  0 2.85 10.602 10.376 0.913
2025  1 24  9 13  0 2.85 10.602 10.381 0.914
2025  1 24  9 18  0 2.85 10.602 10.382 0.913
2025  1 24  9 23  0 2.85 10.629 10.380 0.914
2025  1 24  9 28  0 2.85 10.602 10.388 0.914
2025  1 24  9 33  0 2.85 10.592 10.384 0.913
2025  1 24  9 38  0 2.85 10.556 10.375 0.913
2025  1 24  9 43  0 2.85 10.556 10.386 0.913
2025  1 24  9 48  0 2.85 10.565 10.394 0.914
2025  1 24  9 53  0 2.85 10.556 10.383 0.913
2025  1 24  9 58  0 2.85 10.520 10.382 0.913
2025  1 24 10  3  0 2.85 10.511 10.399 0.914
2025  1 24 10  8  0 2.85 10.520 10.399 0.914
2025  1 24 10 13  0 2.85 10.529 10.389 0.913
2025  1 24 10 18  0 2.85 10.538 10.384 0.913
2025  1 24 10 23  0 2.85 10.529 10.391 0.914
2025  1 24 10 28  0 2.85 10.538 10.390 0.914
2025  1 24 10 33  0 2.85 10.520 10.396 0.914
2025  1 24 10 38  0 2.85 10.511 10.385 0.913
2025  1 24 10 43  0 2.85 10.520 10.380 0.913
2025  1 24 10 48  0 2.85 10.502 10.398 0.914
2025  1 24 10 53  0 2.85 10.511 10.382 0.913
2025  1 24 10 58  0 2.85 10.502 10.404 0.914
2025  1 24 11  3  0 2.85 10.502 10.397 0.914
2025  1 24 11  8  0 2.85 10.511 10.392 0.914
2025  1 24 11 13  0 2.85 10.502 10.388 0.913
2025  1 24 11 18  0 2.85 10.493 10.398 0.914
2025  1 24 11 23  0 2.85 10.493 10.396 0.913
2025  1 24 11 28  0 2.85 10.465 10.424 0.914
2025  1 24 11 33  0 2.85 10.447 10.435 0.913
2025  1 24 11 38  0 2.85 10.447 10.453 0.914
2025  1 24 11 43  0 2.85 10.429 10.466 0.914
2025  1 24 11 48  0 2.85 10.465 10.450 0.914
2025  1 24 11 53  0 2.85 10.474 10.457 0.914
2025  1 24 11 58  0 2.85 10.474 10.457 0.914
2025  1 24 12  3  0 2.85 10.474 10.465 0.914
2025  1 24 12  8  0 2.85 10.474 10.475 0.914
2025  1 24 12 13  0 2.85 10.511 10.455 0.913
2025  1 24 12 18  0 2.85 10.474 10.472 0.914
2025  1 24 12 23  0 2.85 10.493 10.460 0.913
2025  1 24 12 28  0 2.85 10.474 10.472 0.913
2025  1 24 12 33  0 2.85 10.474 10.478 0.914
2025  1 24 12 38  0 2.85 10.465 10.474 0.913
2025  1 24 12 43  0 2.85 10.502 10.477 0.914
2025  1 24 12 48  0 2.85 10.474 10.478 0.913
2025  1 24 12 53  0 2.85 10.474 10.483 0.914
2025  1 24 12 58  0 2.85 10.465 10.473 0.913
2025  1 24 13  3  0 2.85 10.438 10.488 0.913
2025  1 24 13  8  0 2.85 10.447 10.491 0.914
2025  1 24 13 13  0 2.85 10.429 10.491 0.913
2025  1 24 13 18  0 2.85 10.429 10.487 0.913
2025  1 24 13 23  0 2.85 10.456 10.477 0.913
2025  1 24 13 28  0 2.85 10.456 10.472 0.913
2025  1 24 13 33  0 2.85 10.447 10.481 0.913
2025  1 24 13 38  0 2.85 10.420 10.506 0.914
2025  1 24 13 43  0 2.85 10.411 10.496 0.914
2025  1 24 13 48  0 2.85 10.420 10.493 0.913
2025  1 24 13 53  0 2.85 10.429 10.492 0.914
2025  1 24 13 58  0 2.85 10.411 10.505 0.914
2025  1 24 14  3  0 2.85 10.429 10.497 0.913
2025  1 24 14  8  0 2.85 10.411 10.493 0.913
2025  1 24 14 13  0 2.85 10.420 10.501 0.914
2025  1 24 14 18  0 2.85 10.411 10.510 0.914
2025  1 24 14 23  0 2.85 10.429 10.500 0.914
2025  1 24 14 28  0 2.85 10.411 10.510 0.913
2025  1 24 14 33  0 2.85 10.429 10.511 0.914
2025  1 24 14 38  0 2.85 10.429 10.507 0.913
2025  1 24 14 43  0 2.85 10.438 10.499 0.914
2025  1 24 14 48  0 2.85 10.429 10.505 0.913
2025  1 24 14 53  0 2.85 10.411 10.511 0.913
2025  1 24 14 58  0 2.85 10.447 10.491 0.913
2025  1 24 15  3  0 2.85 10.438 10.516 0.914
2025  1 24 15  8  0 2.85 10.411 10.512 0.914
2025  1 24 15 13  0 2.85 10.429 10.494 0.914
2025  1 24 15 18  0 2.85 10.411 10.520 0.914
2025  1 24 15 23  0 2.85 10.411 10.501 0.913
2025  1 24 15 28  0 2.85 10.411 10.521 0.914
2025  1 24 15 33  0 2.85 10.392 10.530 0.914
2025  1 24 15 38  0 2.85 10.429 10.523 0.914
2025  1 24 15 43  0 2.85 10.420 10.524 0.913
2025  1 24 15 48  0 2.85 10.402 10.524 0.913
2025  1 24 15 53  0 2.85 10.465 10.490 0.913
2025  1 24 15 58  0 2.85 10.438 10.515 0.914
2025  1 24 16  3  0 2.85 10.474 10.487 0.913
2025  1 24 16  8  0 2.85 10.474 10.474 0.913
2025  1 24 16 13  0 2.85 10.447 10.495 0.914
2025  1 24 16 18  0 2.85 10.483 10.465 0.913
2025  1 24 16 23  0 2.85 10.493 10.448 0.913
2025  1 24 16 28  0 2.85 10.520 10.437 0.913
2025  1 24 16 33  0 2.85 10.511 10.442 0.913
2025  1 24 16 38  0 2.85 10.529 10.434 0.913
2025  1 24 16 43  0 2.85 10.538 10.447 0.914
2025  1 24 16 48  0 2.85 10.538 10.439 0.913
2025  1 24 16 53  0 2.85 10.547 10.444 0.913
2025  1 24 16 58  0 2.85 10.583 10.441 0.914
2025  1 24 17  3  0 2.85 10.592 10.441 0.913
2025  1 24 17  8  0 2.85 10.602 10.437 0.913
2025  1 24 17 13  0 2.85 10.620 10.433 0.913
2025  1 24 17 18  0 2.85 10.647 10.434 0.913
2025  1 24 17 23  0 2.85 10.620 10.447 0.913
2025  1 24 17 28  0 2.85 10.665 10.426 0.913
2025  1 24 17 33  0 2.85 10.674 10.429 0.913
2025  1 24 17 38  0 2.84 10.738 10.423 0.913
2025  1 24 17 43  0 2.85 10.710 10.445 0.914
2025  1 24 17 48  0 2.85 10.665 10.454 0.913
2025  1 24 17 53  0 2.85 10.683 10.455 0.914
2025  1 24 17 58  0 2.85 10.683 10.447 0.913
2025  1 24 18  3  0 2.85 10.701 10.456 0.914
2025  1 24 18  8  0 2.84 10.738 10.444 0.913
2025  1 24 18 13  0 2.84 10.774 10.432 0.913
2025  1 24 18 18  0 2.84 10.747 10.454 0.914
2025  1 24 18 23  0 2.84 10.765 10.444 0.913
2025  1 24 18 28  0 2.84 10.783 10.437 0.913
2025  1 24 18 33  0 2.84 10.792 10.428 0.913
2025  1 24 18 38  0 2.84 10.810 10.426 0.913
2025  1 24 18 43  0 2.84 10.783 10.447 0.914
2025  1 24 18 48  0 2.84 10.728 10.445 0.913
2025  1 24 18 53  0 2.84 10.756 10.430 0.913
2025  1 24 18 58  0 2.84 10.792 10.421 0.913
2025  1 24 19  3  0 2.84 10.846 10.420 0.913
2025  1 24 19  8  0 2.84 10.900 10.395 0.913
2025  1 24 19 13  0 2.84 10.882 10.410 0.913
2025  1 24 19 18  0 2.84 10.882 10.421 0.913
2025  1 24 19 23  0 2.84 10.846 10.434 0.913
2025  1 24 19 28  0 2.84 10.846 10.434 0.913
2025  1 24 19 33  0 2.84 10.828 10.434 0.913
2025  1 24 19 38  0 2.84 10.810 10.460 0.914
2025  1 24 19 43  0 2.84 10.774 10.466 0.913
2025  1 24 19 48  0 2.84 10.747 10.475 0.914
2025  1 24 19 53  0 2.84 10.774 10.438 0.913
2025  1 24 19 58  0 2.84 10.710 10.471 0.913
2025  1 24 20  3  0 2.85 10.674 10.484 0.913
2025  1 24 20  8  0 2.85 10.620 10.515 0.913
2025  1 24 20 13  0 2.85 10.602 10.530 0.913
2025  1 24 20 18  0 2.85 10.547 10.584 0.914
2025  1 24 20 23  0 2.85 10.547 10.578 0.914
2025  1 24 20 28  0 2.85 10.520 10.565 0.914
2025  1 24 20 33  0 2.85 10.520 10.527 0.913
2025  1 24 20 38  0 2.85 10.438 10.519 0.913
2025  1 24 20 43  0 2.85 10.447 10.518 0.914
2025  1 24 20 48  0 2.85 10.402 10.532 0.914
2025  1 24 20 53  0 2.85 10.383 10.514 0.913
2025  1 24 20 58  0 2.85 10.374 10.497 0.913
2025  1 24 21  3  0 2.85 10.429 10.473 0.914
2025  1 24 21  8  0 2.85 10.493 10.577 0.914
2025  1 24 21 13  0 2.85 10.456 10.483 0.914
2025  1 24 21 18  0 2.85 10.602 10.549 0.914
2025  1 24 21 23  0 2.85 10.620 10.521 0.913
2025  1 24 21 28  0 2.84 10.674 10.518 0.914
2025  1 24 21 33  0 2.84 10.747 10.489 0.913
2025  1 24 21 38  0 2.84 10.756 10.492 0.914
2025  1 24 21 43  0 2.84 10.738 10.450 0.915
2025  1 24 21 48  0 2.84 10.728 10.455 0.915
2025  1 24 21 53  0 2.85 10.620 10.429 0.915
2025  1 24 21 58  0 2.85 10.483 10.435 0.915
2025  1 24 22  3  0 2.85 10.374 10.459 0.915
2025  1 24 22  8  0 2.85 10.347 10.463 0.916
2025  1 24 22 13  0 2.85 10.347 10.460 0.916
2025  1 24 22 18  0 2.85 10.374 10.454 0.916
2025  1 24 22 23  0 2.85 10.374 10.460 0.916
2025  1 24 22 28  0 2.85 10.356 10.464 0.915
2025  1 24 22 33  0 2.85 10.365 10.466 0.916
2025  1 24 22 38  0 2.85 10.356 10.479 0.916
2025  1 24 22 43  0 2.85 10.347 10.488 0.915
2025  1 24 22 48  0 2.85 10.383 10.478 0.914
2025  1 24 22 53  0 2.85 10.392 10.482 0.914
2025  1 24 22 58  0 2.85 10.502 10.505 0.915
2025  1 24 23  3  0 2.85 10.502 10.499 0.915
2025  1 24 23  8  0 2.85 10.556 10.532 0.914
2025  1 24 23 13  0 2.85 10.592 10.513 0.914
2025  1 24 23 18  0 2.85 10.620 10.476 0.913
2025  1 24 23 23  0 2.85 10.592 10.549 0.914
2025  1 24 23 28  0 2.85 10.574 10.530 0.914
2025  1 24 23 33  0 2.85 10.638 10.533 0.914
2025  1 24 23 38  0 2.85 10.665 10.535 0.914
2025  1 24 23 43  0 2.84 10.674 10.519 0.914
2025  1 24 23 48  0 2.85 10.638 10.509 0.914
2025  1 24 23 53  0 2.85 10.647 10.521 0.914
2025  1 24 23 58  0 2.85 10.647 10.526 0.914
2025  1 25  0  3  0 2.85 10.674 10.510 0.914
2025  1 25  0  8  0 2.85 10.665 10.499 0.913
2025  1 25  0 13  0 2.85 10.674 10.507 0.913
2025  1 25  0 18  0 2.84 10.683 10.513 0.914
2025  1 25  0 23  0 2.84 10.719 10.493 0.913
2025  1 25  0 28  0 2.84 10.719 10.487 0.913
2025  1 25  0 33  0 2.84 10.710 10.489 0.913
2025  1 25  0 38  0 2.84 10.738 10.487 0.913
2025  1 25  0 43  0 2.84 10.756 10.471 0.913
2025  1 25  0 48  0 2.84 10.728 10.473 0.913
2025  1 25  0 53  0 2.84 10.719 10.468 0.913
2025  1 25  0 58  0 2.84 10.710 10.488 0.913
2025  1 25  1  3  0 2.84 10.701 10.471 0.913
2025  1 25  1  8  0 2.85 10.683 10.469 0.913
2025  1 25  1 13  0 2.85 10.638 10.474 0.913
2025  1 25  1 18  0 2.85 10.592 10.482 0.913
2025  1 25  1 23  0 2.85 10.547 10.510 0.913
2025  1 25  1 28  0 2.85 10.556 10.510 0.914
2025  1 25  1 33  0 2.85 10.565 10.503 0.914
2025  1 25  1 38  0 2.85 10.574 10.488 0.913
2025  1 25  1 43  0 2.85 10.574 10.495 0.913
2025  1 25  1 48  0 2.85 10.538 10.525 0.914
2025  1 25  1 53  0 2.85 10.447 10.417 0.913
2025  1 25  1 58  0 2.85 10.347 10.455 0.913
2025  1 25  2  3  0 2.85 10.356 10.457 0.914
2025  1 25  2  8  0 2.85 10.338 10.458 0.914
2025  1 25  2 13  0 2.85 10.338 10.459 0.913
2025  1 25  2 18  0 2.85 10.329 10.470 0.914
2025  1 25  2 23  0 2.85 10.347 10.461 0.913
2025  1 25  2 28  0 2.85 10.356 10.464 0.913
2025  1 25  2 33  0 2.85 10.329 10.476 0.914
2025  1 25  2 38  0 2.85 10.383 10.464 0.913
2025  1 25  2 43  0 2.85 10.383 10.461 0.913
2025  1 25  2 48  0 2.85 10.402 10.473 0.914
2025  1 25  2 53  0 2.85 10.429 10.457 0.913
2025  1 25  2 58  0 2.85 10.429 10.467 0.914
2025  1 25  3  3  0 2.85 10.429 10.463 0.914
2025  1 25  3  8  0 2.85 10.429 10.464 0.913
2025  1 25  3 13  0 2.85 10.429 10.464 0.913
2025  1 25  3 18  0 2.85 10.420 10.454 0.913
2025  1 25  3 23  0 2.85 10.392 10.453 0.913
2025  1 25  3 28  0 2.85 10.374 10.462 0.913
2025  1 25  3 33  0 2.85 10.374 10.432 0.913
2025  1 25  3 38  0 2.85 10.402 10.452 0.913
2025  1 25  3 43  0 2.85 10.374 10.446 0.913
2025  1 25  3 48  0 2.85 10.402 10.454 0.913
2025  1 25  3 53  0 2.85 10.420 10.458 0.913
2025  1 25  3 58  0 2.85 10.447 10.451 0.913
2025  1 25  4  3  0 2.85 10.456 10.454 0.914
2025  1 25  4  8  0 2.85 10.529 10.445 0.914
2025  1 25  4 13  0 2.85 10.520 10.429 0.913
2025  1 25  4 18  0 2.85 10.556 10.438 0.913
2025  1 25  4 23  0 2.85 10.602 10.407 0.915
2025  1 25  4 28  0 2.85 10.583 10.434 0.915
2025  1 25  4 33  0 2.85 10.647 10.433 0.915
2025  1 25  4 38  0 2.85 10.638 10.417 0.915
2025  1 25  4 43  0 2.85 10.656 10.427 0.915
2025  1 25  4 48  0 2.85 10.692 10.429 0.914
2025  1 25  4 53  0 2.84 10.728 10.410 0.914
2025  1 25  4 58  0 2.84 10.728 10.420 0.915
2025  1 25  5  3  0 2.84 10.683 10.388 0.914
2025  1 25  5  8  0 2.85 10.574 10.404 0.915
2025  1 25  5 13  0 2.85 10.456 10.432 0.915
2025  1 25  5 18  0 2.85 10.438 10.454 0.915
2025  1 25  5 23  0 2.85 10.447 10.472 0.915
2025  1 25  5 28  0 2.85 10.511 10.360 0.914
2025  1 25  5 33  0 2.85 10.447 10.376 0.914
2025  1 25  5 38  0 2.85 10.329 10.443 0.914
2025  1 25  5 43  0 2.85 10.274 10.426 0.914
2025  1 25  5 48  0 2.85 10.228 10.446 0.915
2025  1 25  5 53  0 2.85 10.219 10.443 0.914
2025  1 25  5 58  0 2.85 10.210 10.417 0.914
2025  1 25  6  3  0 2.85 10.238 10.445 0.914
2025  1 25  6  8  0 2.85 10.238 10.432 0.914
2025  1 25  6 13  0 2.85 10.210 10.440 0.914
2025  1 25  6 18  0 2.85 10.164 10.412 0.914
2025  1 25  6 23  0 2.84 10.027 10.409 0.914
2025  1 25  6 28  0 2.84 9.908 10.437 0.914
2025  1 25  6 33  0 2.84 9.826 10.453 0.914
2025  1 25  6 38  0 2.84 9.743 10.446 0.914
2025  1 25  6 43  0 2.85 9.651 10.476 0.914
2025  1 25  6 48  0 2.85 9.633 10.474 0.914
2025  1 25  6 53  0 2.85 9.633 10.476 0.914
2025  1 25  6 58  0 2.85 9.586 10.496 0.914
2025  1 25  7  3  0 2.85 9.614 10.475 0.914
2025  1 25  7  8  0 2.85 9.586 10.488 0.914
2025  1 25  7 13  0 2.85 9.577 10.496 0.914
2025  1 25  7 18  0 2.85 9.577 10.480 0.914
2025  1 25  7 23  0 2.85 9.577 10.489 0.914
2025  1 25  7 28  0 2.85 9.577 10.480 0.914
2025  1 25  7 33  0 2.85 9.559 10.491 0.914
2025  1 25  7 38  0 2.85 9.540 10.491 0.916
2025  1 25  7 43  0 2.85 9.513 10.506 0.916
2025  1 25  7 48  0 2.85 9.531 10.496 0.916
2025  1 25  7 53  0 2.85 9.503 10.503 0.915
2025  1 25  7 58  0 2.85 9.522 10.498 0.916
2025  1 25  8  3  0 2.85 9.494 10.508 0.916
2025  1 25  8  8  0 2.85 9.494 10.499 0.916
2025  1 25  8 13  0 2.85 9.485 10.502 0.915
2025  1 25  8 18  0 2.85 9.503 10.502 0.916
2025  1 25  8 23  0 2.85 9.457 10.505 0.915
2025  1 25  8 28  0 2.85 9.457 10.507 0.915
2025  1 25  8 33  0 2.85 9.457 10.498 0.915
2025  1 25  8 38  0 2.85 9.503 10.524 0.916
2025  1 25  8 43  0 2.85 9.494 10.487 0.915
2025  1 25  8 48  0 2.85 9.669 10.565 0.916
2025  1 25  8 53  0 2.84 9.862 10.503 0.916
2025  1 25  8 58  0 2.84 9.798 10.405 0.915
2025  1 25  9  3  0 2.84 9.752 10.421 0.914
2025  1 25  9  8  0 2.85 9.651 10.457 0.914
2025  1 25  9 13  0 2.85 9.623 10.483 0.914
2025  1 25  9 18  0 2.84 9.706 10.460 0.914
2025  1 25  9 23  0 2.85 9.697 10.454 0.913
2025  1 25  9 28  0 2.85 9.697 10.453 0.914
2025  1 25  9 33  0 2.85 9.688 10.452 0.913
2025  1 25  9 38  0 2.84 9.660 10.464 0.914
2025  1 25  9 43  0 2.84 9.688 10.454 0.913
2025  1 25  9 48  0 2.84 9.660 10.471 0.914
2025  1 25  9 53  0 2.85 9.642 10.477 0.914
2025  1 25  9 58  0 2.85 9.623 10.468 0.913
2025  1 25 10  3  0 2.85 9.633 10.484 0.913
2025  1 25 10  8  0 2.85 9.614 10.497 0.913
2025  1 25 10 13  0 2.84 9.660 10.487 0.913
2025  1 25 10 18  0 2.84 9.697 10.506 0.914
2025  1 25 10 23  0 2.84 9.725 10.487 0.914
2025  1 25 10 28  0 2.84 9.789 10.483 0.914
2025  1 25 10 33  0 2.84 9.807 10.486 0.913
2025  1 25 10 38  0 2.84 9.881 10.471 0.914
2025  1 25 10 43  0 2.84 9.945 10.477 0.913
2025  1 25 10 48  0 2.84 9.982 10.445 0.913
2025  1 25 10 53  0 2.84 9.972 10.466 0.914
2025  1 25 10 58  0 2.84 9.991 10.458 0.914
2025  1 25 11  3  0 2.84 9.982 10.451 0.913
2025  1 25 11  8  0 2.84 9.991 10.457 0.914
2025  1 25 11 13  0 2.84 10.000 10.456 0.914
2025  1 25 11 18  0 2.84 10.018 10.457 0.913
2025  1 25 11 23  0 2.84 10.082 10.467 0.914
2025  1 25 11 28  0 2.85 10.192 10.449 0.914
2025  1 25 11 33  0 2.85 10.247 10.459 0.914
2025  1 25 11 38  0 2.85 10.329 10.445 0.914
2025  1 25 11 43  0 2.85 10.383 10.448 0.914
2025  1 25 11 48  0 2.85 10.483 10.420 0.913
2025  1 25 11 53  0 2.85 10.529 10.418 0.913
2025  1 25 11 58  0 2.85 10.538 10.425 0.914
2025  1 25 12  3  0 2.85 10.583 10.412 0.914
2025  1 25 12  8  0 2.85 10.592 10.406 0.913
2025  1 25 12 13  0 2.85 10.547 10.421 0.913
2025  1 25 12 18  0 2.85 10.547 10.427 0.913
2025  1 25 12 23  0 2.85 10.547 10.431 0.913
2025  1 25 12 28  0 2.85 10.611 10.414 0.913
2025  1 25 12 33  0 2.85 10.583 10.424 0.913
2025  1 25 12 38  0 2.85 10.583 10.419 0.913
2025  1 25 12 43  0 2.85 10.538 10.448 0.913
2025  1 25 12 48  0 2.85 10.529 10.443 0.913
2025  1 25 12 53  0 2.85 10.502 10.449 0.913
2025  1 25 12 58  0 2.85 10.456 10.466 0.913
2025  1 25 13  3  0 2.85 10.320 10.425 0.913
2025  1 25 13  8  0 2.85 10.155 10.445 0.913
2025  1 25 13 13  0 2.84 9.881 10.471 0.913
2025  1 25 13 18  0 2.84 9.761 10.507 0.913
2025  1 25 13 23  0 2.84 9.743 10.516 0.913
2025  1 25 13 28  0 2.84 9.761 10.531 0.916
2025  1 25 13 33  0 2.84 9.780 10.537 0.916
2025  1 25 13 38  0 2.84 9.780 10.541 0.916
2025  1 25 13 43  0 2.84 9.798 10.541 0.915
2025  1 25 13 48  0 2.84 9.835 10.526 0.915
2025  1 25 13 53  0 2.84 9.872 10.533 0.915
2025  1 25 13 58  0 2.84 9.908 10.521 0.915
2025  1 25 14  3  0 2.84 9.945 10.522 0.915
2025  1 25 14  8  0 2.84 9.972 10.526 0.914
2025  1 25 14 13  0 2.84 10.009 10.517 0.915
2025  1 25 14 18  0 2.84 10.036 10.519 0.914
2025  1 25 14 23  0 2.85 10.064 10.518 0.914
2025  1 25 14 28  0 2.85 10.137 10.507 0.914
2025  1 25 14 33  0 2.85 10.137 10.524 0.914
2025  1 25 14 38  0 2.85 10.183 10.510 0.913
2025  1 25 14 43  0 2.85 10.219 10.510 0.913
2025  1 25 14 48  0 2.85 10.265 10.497 0.914
2025  1 25 14 53  0 2.85 10.301 10.499 0.914
2025  1 25 14 58  0 2.85 10.301 10.496 0.913
2025  1 25 15  3  0 2.85 10.338 10.502 0.913
2025  1 25 15  8  0 2.85 10.383 10.497 0.914
2025  1 25 15 13  0 2.85 10.402 10.499 0.914
2025  1 25 15 18  0 2.85 10.429 10.482 0.913
2025  1 25 15 23  0 2.85 10.483 10.492 0.915
2025  1 25 15 28  0 2.85 10.493 10.500 0.914
2025  1 25 15 33  0 2.85 10.520 10.498 0.914
2025  1 25 15 38  0 2.85 10.583 10.474 0.913
2025  1 25 15 43  0 2.85 10.611 10.477 0.913
2025  1 25 15 48  0 2.84 10.638 10.478 0.915
2025  1 25 15 53  0 2.85 10.656 10.464 0.914
2025  1 25 15 58  0 2.84 10.647 10.474 0.914
2025  1 25 16  3  0 2.84 10.665 10.465 0.913
2025  1 25 16  8  0 2.84 10.683 10.482 0.913
2025  1 25 16 13  0 2.84 10.719 10.491 0.916
2025  1 25 16 18  0 2.84 10.756 10.466 0.915
2025  1 25 16 23  0 2.84 10.765 10.488 0.915
2025  1 25 16 28  0 2.84 10.783 10.483 0.915
2025  1 25 16 33  0 2.84 10.792 10.501 0.915
2025  1 25 16 38  0 2.84 10.810 10.485 0.914
2025  1 25 16 43  0 2.84 10.783 10.473 0.914
2025  1 25 16 48  0 2.84 10.792 10.508 0.914
2025  1 25 16 53  0 2.84 10.819 10.483 0.913
2025  1 25 16 58  0 2.84 10.819 10.490 0.913
2025  1 25 17  3  0 2.84 10.792 10.493 0.913
2025  1 25 17  8  0 2.84 10.828 10.490 0.914
2025  1 25 17 13  0 2.84 10.801 10.491 0.913
2025  1 25 17 18  0 2.84 10.810 10.492 0.914
2025  1 25 17 23  0 2.84 10.801 10.498 0.915
2025  1 25 17 28  0 2.84 10.810 10.493 0.915
2025  1 25 17 33  0 2.84 10.638 10.498 0.915
2025  1 25 17 38  0 2.85 10.583 10.516 0.915
2025  1 25 17 43  0 2.85 10.556 10.510 0.915
2025  1 25 17 48  0 2.85 10.520 10.525 0.915
2025  1 25 17 53  0 2.85 10.502 10.522 0.913
2025  1 25 17 58  0 2.85 10.465 10.513 0.913
2025  1 25 18  3  0 2.85 10.411 10.516 0.914
2025  1 25 18  8  0 2.85 10.374 10.524 0.915
2025  1 25 18 13  0 2.85 10.356 10.537 0.915
2025  1 25 18 18  0 2.85 10.347 10.537 0.915
2025  1 25 18 23  0 2.85 10.374 10.534 0.915
2025  1 25 18 28  0 2.85 10.392 10.532 0.915
2025  1 25 18 33  0 2.85 10.392 10.558 0.916
2025  1 25 18 38  0 2.85 10.420 10.550 0.915
2025  1 25 18 43  0 2.85 10.447 10.557 0.916
2025  1 25 18 48  0 2.85 10.474 10.546 0.916
2025  1 25 18 53  0 2.85 10.483 10.545 0.916
2025  1 25 18 58  0 2.85 10.520 10.544 0.916
2025  1 25 19  3  0 2.85 10.529 10.551 0.915
2025  1 25 19  8  0 2.85 10.574 10.540 0.915
2025  1 25 19 13  0 2.85 10.592 10.521 0.915
2025  1 25 19 18  0 2.85 10.565 10.536 0.915
2025  1 25 19 23  0 2.85 10.574 10.535 0.916
2025  1 25 19 28  0 2.85 10.592 10.528 0.915
2025  1 25 19 33  0 2.85 10.583 10.531 0.915
2025  1 25 19 38  0 2.85 10.602 10.531 0.915
2025  1 25 19 43  0 2.84 10.656 10.519 0.915
2025  1 25 19 48  0 2.84 10.665 10.518 0.915
2025  1 25 19 53  0 2.84 10.710 10.516 0.915
2025  1 25 19 58  0 2.84 10.719 10.538 0.916
2025  1 25 20  3  0 2.84 10.756 10.521 0.916
2025  1 25 20  8  0 2.84 10.738 10.521 0.915
2025  1 25 20 13  0 2.84 10.756 10.518 0.915
2025  1 25 20 18  0 2.84 10.792 10.520 0.915
2025  1 25 20 23  0 2.84 10.837 10.516 0.915
2025  1 25 20 28  0 2.84 10.873 10.517 0.915
2025  1 25 20 33  0 2.84 10.900 10.524 0.915
2025  1 25 20 38  0 2.84 10.955 10.520 0.915
2025  1 25 20 43  0 2.84 10.946 10.522 0.915
2025  1 25 20 48  0 2.84 11.000 10.502 0.915
2025  1 25 20 53  0 2.84 10.973 10.528 0.915
2025  1 25 20 58  0 2.84 11.000 10.520 0.915
2025  1 25 21  3  0 2.84 10.991 10.514 0.915
2025  1 25 21  8  0 2.84 11.009 10.510 0.915
2025  1 25 21 13  0 2.84 10.991 10.513 0.915
2025  1 25 21 18  0 2.84 10.973 10.512 0.915
2025  1 25 21 23  0 2.84 10.982 10.507 0.915
2025  1 25 21 28  0 2.84 11.009 10.525 0.915
2025  1 25 21 33  0 2.84 11.009 10.520 0.915
2025  1 25 21 38  0 2.84 11.009 10.497 0.915
2025  1 25 21 43  0 2.84 11.036 10.487 0.914
2025  1 25 21 48  0 2.84 11.027 10.516 0.915
2025  1 25 21 53  0 2.84 11.036 10.487 0.915
2025  1 25 21 58  0 2.84 11.018 10.524 0.915
2025  1 25 22  3  0 2.84 11.009 10.512 0.915
2025  1 25 22  8  0 2.84 11.009 10.500 0.915
2025  1 25 22 13  0 2.84 11.009 10.516 0.915
2025  1 25 22 18  0 2.84 11.009 10.502 0.915
2025  1 25 22 23  0 2.84 11.009 10.516 0.915
2025  1 25 22 28  0 2.84 11.009 10.495 0.915
2025  1 25 22 33  0 2.84 10.991 10.504 0.915
2025  1 25 22 38  0 2.84 10.982 10.492 0.915
2025  1 25 22 43  0 2.84 11.009 10.514 0.915
2025  1 25 22 48  0 2.84 10.982 10.484 0.915
2025  1 25 22 53  0 2.84 10.982 10.485 0.915
2025  1 25 22 58  0 2.84 10.991 10.462 0.915
2025  1 25 23  3  0 2.84 10.955 10.488 0.915
2025  1 25 23  8  0 2.84 10.964 10.491 0.915
2025  1 25 23 13  0 2.84 10.955 10.506 0.915
2025  1 25 23 18  0 2.84 10.946 10.536 0.915
2025  1 25 23 23  0 2.84 10.946 10.545 0.915
2025  1 25 23 28  0 2.84 10.982 10.563 0.915
2025  1 25 23 33  0 2.84 10.973 10.659 0.915
2025  1 25 23 38  0 2.84 10.973 10.618 0.915
2025  1 25 23 43  0 2.84 10.946 10.616 0.916
2025  1 25 23 48  0 2.84 10.918 10.572 0.915
2025  1 25 23 53  0 2.84 10.900 10.572 0.915
2025  1 25 23 58  0 2.84 10.891 10.564 0.915
2025  1 26  0  3  0 2.84 10.882 10.577 0.915
2025  1 26  0  8  0 2.84 10.900 10.551 0.915
2025  1 26  0 13  0 2.84 10.918 10.550 0.915
2025  1 26  0 18  0 2.84 10.937 10.552 0.915
2025  1 26  0 23  0 2.84 10.918 10.547 0.915
2025  1 26  0 28  0 2.84 10.873 10.538 0.915
2025  1 26  0 33  0 2.84 10.882 10.549 0.916
2025  1 26  0 38  0 2.84 10.882 10.525 0.915
2025  1 26  0 43  0 2.84 10.873 10.527 0.915
2025  1 26  0 48  0 2.84 10.891 10.517 0.915
2025  1 26  0 53  0 2.84 10.900 10.501 0.915
2025  1 26  0 58  0 2.84 10.891 10.512 0.915
2025  1 26  1  3  0 2.84 10.900 10.487 0.915
2025  1 26  1  8  0 2.84 10.909 10.488 0.915
2025  1 26  1 13  0 2.84 10.909 10.503 0.915
2025  1 26  1 18  0 2.84 10.900 10.502 0.915
2025  1 26  1 23  0 2.84 10.900 10.510 0.915
2025  1 26  1 28  0 2.84 10.900 10.499 0.915
2025  1 26  1 33  0 2.84 10.927 10.489 0.915
2025  1 26  1 38  0 2.84 10.918 10.499 0.916
2025  1 26  1 43  0 2.84 10.909 10.509 0.915
2025  1 26  1 48  0 2.84 10.891 10.491 0.915
2025  1 26  1 53  0 2.84 10.882 10.499 0.915
2025  1 26  1 58  0 2.84 10.900 10.494 0.915
2025  1 26  2  3  0 2.84 10.900 10.481 0.915
2025  1 26  2  8  0 2.84 10.891 10.501 0.915
2025  1 26  2 13  0 2.84 10.855 10.509 0.915
2025  1 26  2 18  0 2.84 10.855 10.521 0.915
2025  1 26  2 23  0 2.84 10.855 10.533 0.915
2025  1 26  2 28  0 2.84 10.873 10.493 0.915
2025  1 26  2 33  0 2.84 10.837 10.484 0.915
2025  1 26  2 38  0 2.84 10.828 10.478 0.915
2025  1 26  2 43  0 2.84 10.864 10.468 0.914
2025  1 26  2 48  0 2.84 10.846 10.482 0.915
2025  1 26  2 53  0 2.84 10.855 10.484 0.915
2025  1 26  2 58  0 2.84 10.864 10.492 0.915
2025  1 26  3  3  0 2.84 10.918 10.517 0.916
2025  1 26  3  8  0 2.84 10.918 10.486 0.915
2025  1 26  3 13  0 2.84 10.909 10.529 0.915
2025  1 26  3 18  0 2.84 10.891 10.440 0.915
2025  1 26  3 23  0 2.84 10.837 10.436 0.915
2025  1 26  3 28  0 2.84 10.819 10.436 0.915
2025  1 26  3 33  0 2.84 10.810 10.446 0.915
2025  1 26  3 38  0 2.84 10.810 10.448 0.915
2025  1 26  3 43  0 2.84 10.810 10.431 0.915
2025  1 26  3 48  0 2.84 10.783 10.429 0.915
2025  1 26  3 53  0 2.84 10.747 10.430 0.915
2025  1 26  3 58  0 2.84 10.747 10.431 0.915
2025  1 26  4  3  0 2.84 10.756 10.430 0.915
2025  1 26  4  8  0 2.84 10.774 10.448 0.915
2025  1 26  4 13  0 2.84 10.792 10.476 0.916
2025  1 26  4 18  0 2.84 10.828 10.454 0.915
2025  1 26  4 23  0 2.84 10.837 10.472 0.915
2025  1 26  4 28  0 2.84 10.855 10.473 0.915
2025  1 26  4 33  0 2.84 10.837 10.497 0.916
2025  1 26  4 38  0 2.84 10.864 10.477 0.915
2025  1 26  4 43  0 2.84 10.882 10.430 0.915
2025  1 26  4 48  0 2.84 10.873 10.462 0.915
2025  1 26  4 53  0 2.84 10.855 10.428 0.915
2025  1 26  4 58  0 2.84 10.837 10.440 0.915
2025  1 26  5  3  0 2.84 10.828 10.441 0.915
2025  1 26  5  8  0 2.84 10.819 10.447 0.915
2025  1 26  5 13  0 2.84 10.801 10.457 0.915
2025  1 26  5 18  0 2.84 10.774 10.451 0.915
2025  1 26  5 23  0 2.84 10.765 10.443 0.915
2025  1 26  5 28  0 2.84 10.719 10.423 0.915
2025  1 26  5 33  0 2.84 10.728 10.431 0.915
2025  1 26  5 38  0 2.84 10.738 10.448 0.915
2025  1 26  5 43  0 2.84 10.783 10.465 0.915
2025  1 26  5 48  0 2.84 10.774 10.439 0.915
2025  1 26  5 53  0 2.84 10.774 10.470 0.916
2025  1 26  5 58  0 2.84 10.792 10.441 0.915
2025  1 26  6  3  0 2.84 10.783 10.460 0.915
2025  1 26  6  8  0 2.84 10.819 10.437 0.915
2025  1 26  6 13  0 2.84 10.810 10.446 0.915
2025  1 26  6 18  0 2.84 10.819 10.459 0.916
2025  1 26  6 23  0 2.84 10.837 10.493 0.915
2025  1 26  6 28  0 2.84 10.828 10.510 0.915
2025  1 26  6 33  0 2.84 10.837 10.433 0.915
2025  1 26  6 38  0 2.84 10.801 10.451 0.915
2025  1 26  6 43  0 2.84 10.828 10.486 0.915
2025  1 26  6 48  0 2.84 10.846 10.478 0.915
2025  1 26  6 53  0 2.84 10.837 10.486 0.915
2025  1 26  6 58  0 2.84 10.801 10.488 0.915
2025  1 26  7  3  0 2.84 10.810 10.467 0.915
2025  1 26  7  8  0 2.84 10.792 10.482 0.915
2025  1 26  7 13  0 2.84 10.774 10.558 0.915
2025  1 26  7 18  0 2.84 10.774 10.543 0.915
2025  1 26  7 23  0 2.84 10.747 10.478 0.915
2025  1 26  7 28  0 2.84 10.747 10.611 0.915
2025  1 26  7 33  0 2.84 10.719 10.570 0.915
2025  1 26  7 38  0 2.85 10.602 10.502 0.915
2025  1 26  7 43  0 2.84 10.665 10.618 0.915
2025  1 26  7 48  0 2.85 10.292 10.500 0.914
2025  1 26  7 53  0 2.85 10.574 10.507 0.915
2025  1 26  7 58  0 2.85 10.583 10.655 0.916
2025  1 26  8  3  0 2.85 10.611 10.505 0.915
2025  1 26  8  8  0 2.84 10.620 10.476 0.915
2025  1 26  8 13  0 2.85 10.520 10.490 0.915
2025  1 26  8 18  0 2.85 10.483 10.475 0.915
2025  1 26  8 23  0 2.85 10.493 10.507 0.915
2025  1 26  8 28  0 2.85 10.392 10.502 0.915
2025  1 26  8 33  0 2.85 10.574 10.542 0.915
2025  1 26  8 38  0 2.85 10.565 10.619 0.915
2025  1 26  8 43  0 2.85 10.583 10.590 0.915
2025  1 26  8 48  0 2.85 10.574 10.707 0.916
2025  1 26  8 53  0 2.84 10.620 10.569 0.915
2025  1 26  8 58  0 2.85 10.438 10.656 0.915
2025  1 26  9  3  0 2.85 10.565 10.606 0.915
2025  1 26  9  8  0 2.84 10.629 10.678 0.916
2025  1 26  9 13  0 2.85 10.592 10.667 0.915
2025  1 26  9 18  0 2.84 10.674 10.632 0.916
2025  1 26  9 23  0 2.84 10.701 10.648 0.915
2025  1 26  9 28  0 2.84 10.801 10.575 0.915
2025  1 26  9 33  0 2.84 10.810 10.515 0.914
2025  1 26  9 38  0 2.84 10.765 10.617 0.916
2025  1 26  9 43  0 2.84 10.783 10.583 0.915
2025  1 26  9 48  0 2.84 10.783 10.553 0.915
2025  1 26  9 53  0 2.84 10.683 10.574 0.915
2025  1 26  9 58  0 2.85 10.465 10.596 0.915
2025  1 26 10  3  0 2.85 10.392 10.565 0.915
2025  1 26 10  8  0 2.85 10.338 10.555 0.915
2025  1 26 10 13  0 2.85 10.383 10.562 0.915
2025  1 26 10 18  0 2.85 10.456 10.475 0.914
2025  1 26 10 23  0 2.85 10.483 10.519 0.915
2025  1 26 10 28  0 2.85 10.511 10.522 0.916
2025  1 26 10 33  0 2.85 10.556 10.499 0.915
2025  1 26 10 38  0 2.85 10.620 10.466 0.915
2025  1 26 10 43  0 2.84 10.602 10.496 0.915
2025  1 26 10 48  0 2.84 10.611 10.460 0.915
2025  1 26 10 53  0 2.85 10.620 10.461 0.915
2025  1 26 10 58  0 2.85 10.602 10.471 0.915
2025  1 26 11  3  0 2.84 10.656 10.453 0.915
2025  1 26 11  8  0 2.84 10.674 10.445 0.915
2025  1 26 11 13  0 2.84 10.710 10.412 0.914
2025  1 26 11 18  0 2.84 10.701 10.422 0.914
2025  1 26 11 23  0 2.84 10.719 10.436 0.915
2025  1 26 11 28  0 2.84 10.747 10.417 0.915
2025  1 26 11 33  0 2.84 10.683 10.439 0.915
2025  1 26 11 38  0 2.84 10.710 10.419 0.915
2025  1 26 11 43  0 2.84 10.728 10.416 0.915
2025  1 26 11 48  0 2.84 10.747 10.403 0.915
2025  1 26 11 53  0 2.84 10.747 10.390 0.915
2025  1 26 11 58  0 2.84 10.747 10.389 0.915
2025  1 26 12  3  0 2.84 10.747 10.379 0.914
2025  1 26 12  8  0 2.84 10.728 10.369 0.914
2025  1 26 12 13  0 2.84 10.728 10.377 0.915
2025  1 26 12 18  0 2.84 10.728 10.363 0.914
2025  1 26 12 23  0 2.84 10.692 10.380 0.915
2025  1 26 12 28  0 2.84 10.738 10.377 0.915
2025  1 26 12 33  0 2.84 10.683 10.383 0.915
2025  1 26 12 38  0 2.84 10.738 10.363 0.914
2025  1 26 12 43  0 2.84 10.756 10.355 0.915
2025  1 26 12 48  0 2.84 10.774 10.352 0.915
2025  1 26 12 53  0 2.84 10.756 10.355 0.915
2025  1 26 12 58  0 2.84 10.819 10.333 0.915
2025  1 26 13  3  0 2.84 10.783 10.340 0.915
2025  1 26 13  8  0 2.84 10.783 10.342 0.915
2025  1 26 13 13  0 2.84 10.774 10.328 0.914
2025  1 26 13 18  0 2.84 10.747 10.363 0.915
2025  1 26 13 23  0 2.84 10.765 10.351 0.915
2025  1 26 13 28  0 2.84 10.756 10.347 0.915
2025  1 26 13 33  0 2.84 10.756 10.358 0.915
2025  1 26 13 38  0 2.84 10.810 10.323 0.914
2025  1 26 13 43  0 2.84 10.801 10.344 0.915
2025  1 26 13 48  0 2.84 10.810 10.333 0.914
2025  1 26 13 53  0 2.84 10.801 10.352 0.915
2025  1 26 13 58  0 2.84 10.801 10.349 0.915
2025  1 26 14  3  0 2.84 10.819 10.326 0.914
2025  1 26 14  8  0 2.84 11.063 10.119 0.913
2025  1 26 14 13  0 2.84 12.021 9.892 0.915
2025  1 26 14 18  0 2.84 12.509 9.774 0.915
2025  1 26 14 23  0 2.84 12.695 9.692 0.914
2025  1 26 14 28  0 2.84 12.252 9.813 0.914
2025  1 26 14 33  0 2.84 12.677 9.735 0.915
2025  1 26 14 38  0 2.84 13.398 9.553 0.912
2025  1 26 14 43  0 2.84 13.661 9.487 0.912
2025  1 26 14 48  0 2.84 13.696 9.495 0.912
2025  1 26 14 53  0 2.84 13.722 9.487 0.912
2025  1 26 14 58  0 2.84 13.914 9.454 0.912
2025  1 26 15  3  0 2.84 14.400 9.345 0.912
2025  1 26 15  8  0 2.84 14.876 9.244 0.911
2025  1 26 15 13  0 2.84 14.979 9.228 0.910
2025  1 26 15 18  0 2.84 15.297 9.180 0.911
2025  1 26 15 23  0 2.84 15.906 9.064 0.911
2025  1 26 15 28  0 2.83 17.556 8.723 0.910
2025  1 26 15 33  0 2.84 18.147 8.644 0.910
2025  1 26 15 38  0 2.83 17.725 8.835 0.911
2025  1 26 15 43  0 2.83 17.530 8.903 0.911
2025  1 26 15 48  0 2.83 17.589 8.930 0.911
2025  1 26 15 53  0 2.84 18.071 8.841 0.912
2025  1 26 15 58  0 2.83 18.602 8.755 0.911
2025  1 26 16  3  0 2.84 19.098 8.644 0.910
2025  1 26 16  8  0 2.83 19.375 8.590 0.910
2025  1 26 16 13  0 2.83 19.560 8.569 0.910
2025  1 26 16 18  0 2.83 20.004 8.520 0.910
2025  1 26 16 23  0 2.83 20.264 8.456 0.909
2025  1 26 16 28  0 2.83 20.205 8.456 0.909
2025  1 26 16 33  0 2.83 20.163 8.443 0.910
2025  1 26 16 38  0 2.83 20.121 8.468 0.910
2025  1 26 16 43  0 2.83 20.004 8.475 0.910
2025  1 26 16 48  0 2.83 19.929 8.471 0.910
2025  1 26 16 53  0 2.83 19.845 8.484 0.909
2025  1 26 16 58  0 2.83 19.593 8.529 0.910
2025  1 26 17  3  0 2.83 19.635 8.523 0.910
2025  1 26 17  8  0 2.83 19.727 8.536 0.911
2025  1 26 17 13  0 2.83 19.778 8.519 0.910
2025  1 26 17 18  0 2.83 19.602 8.517 0.910
2025  1 26 17 23  0 2.84 19.140 8.570 0.910
2025  1 26 17 28  0 2.84 18.408 8.614 0.910
2025  1 26 17 33  0 2.83 17.691 8.729 0.910
2025  1 26 17 38  0 2.83 16.708 8.918 0.911
2025  1 26 17 43  0 2.84 15.838 9.054 0.911
2025  1 26 17 48  0 2.84 15.168 9.197 0.912
2025  1 26 17 53  0 2.84 14.703 9.295 0.912
2025  1 26 17 58  0 2.84 14.374 9.357 0.912
2025  1 26 18  3  0 2.84 14.044 9.430 0.913
2025  1 26 18  8  0 2.84 13.783 9.486 0.913
2025  1 26 18 13  0 2.84 13.477 9.563 0.914
2025  1 26 18 18  0 2.84 13.346 9.574 0.913
2025  1 26 18 23  0 2.84 13.293 9.597 0.913
2025  1 26 18 28  0 2.84 13.320 9.590 0.913
2025  1 26 18 33  0 2.84 13.293 9.599 0.913
2025  1 26 18 38  0 2.84 13.241 9.610 0.913
2025  1 26 18 43  0 2.84 13.223 9.622 0.914
2025  1 26 18 48  0 2.84 13.320 9.593 0.913
2025  1 26 18 53  0 2.84 13.346 9.590 0.913
2025  1 26 18 58  0 2.84 13.311 9.594 0.913
2025  1 26 19  3  0 2.84 13.293 9.594 0.913
2025  1 26 19  8  0 2.84 13.442 9.564 0.913
2025  1 26 19 13  0 2.84 13.565 9.545 0.913
2025  1 26 19 18  0 2.84 13.678 9.515 0.913
2025  1 26 19 23  0 2.84 13.844 9.481 0.913
2025  1 26 19 28  0 2.84 13.992 9.455 0.913
2025  1 26 19 33  0 2.84 14.070 9.440 0.913
2025  1 26 19 38  0 2.84 14.061 9.446 0.912
2025  1 26 19 43  0 2.84 14.114 9.427 0.913
2025  1 26 19 48  0 2.84 14.105 9.450 0.913
2025  1 26 19 53  0 2.84 14.096 9.443 0.913
2025  1 26 19 58  0 2.84 14.061 9.453 0.913
2025  1 26 20  3  0 2.84 14.035 9.437 0.912
2025  1 26 20  8  0 2.84 14.001 9.458 0.913
2025  1 26 20 13  0 2.84 14.053 9.448 0.913
2025  1 26 20 18  0 2.84 14.070 9.450 0.913
2025  1 26 20 23  0 2.84 14.157 9.441 0.913
2025  1 26 20 28  0 2.84 14.244 9.416 0.912
2025  1 26 20 33  0 2.84 14.287 9.414 0.913
2025  1 26 20 38  0 2.84 14.287 9.401 0.912
2025  1 26 20 43  0 2.84 14.201 9.420 0.913
2025  1 26 20 48  0 2.84 14.114 9.432 0.912
2025  1 26 20 53  0 2.84 14.088 9.447 0.912
2025  1 26 20 58  0 2.84 14.079 9.451 0.912
2025  1 26 21  3  0 2.84 14.035 9.470 0.913
2025  1 26 21  8  0 2.84 13.940 9.482 0.912
2025  1 26 21 13  0 2.84 13.896 9.488 0.913
2025  1 26 21 18  0 2.84 13.905 9.494 0.913
2025  1 26 21 23  0 2.84 13.861 9.471 0.913
2025  1 26 21 28  0 2.84 13.643 9.502 0.912
2025  1 26 21 33  0 2.84 13.451 9.555 0.913
2025  1 26 21 38  0 2.84 13.267 9.595 0.913
2025  1 26 21 43  0 2.84 13.109 9.639 0.913
2025  1 26 21 48  0 2.84 13.030 9.638 0.912
2025  1 26 21 53  0 2.84 12.933 9.674 0.913
2025  1 26 21 58  0 2.84 12.880 9.680 0.913
2025  1 26 22  3  0 2.84 12.827 9.675 0.912
2025  1 26 22  8  0 2.84 12.774 9.691 0.913
2025  1 26 22 13  0 2.84 12.686 9.715 0.913
2025  1 26 22 18  0 2.84 12.660 9.715 0.913
2025  1 26 22 23  0 2.84 12.651 9.716 0.913
2025  1 26 22 28  0 2.84 12.660 9.720 0.913
2025  1 26 22 33  0 2.84 12.642 9.718 0.913
2025  1 26 22 38  0 2.84 12.589 9.732 0.913
2025  1 26 22 43  0 2.84 12.527 9.751 0.914
2025  1 26 22 48  0 2.84 12.456 9.762 0.914
2025  1 26 22 53  0 2.84 12.403 9.751 0.913
2025  1 26 22 58  0 2.84 12.359 9.767 0.914
2025  1 26 23  3  0 2.84 12.315 9.767 0.913
