2025 01 20 19 42 09.26  30.189  11.039  0002.98  08.40  08.04  305.7  009.26  26.286  1020.007  1483.08 
2025 01 20 19 42 09.39  30.202  11.039  0002.97  08.31  08.04  311.1  009.29  26.298  1020.017  1483.09 
2025 01 20 19 42 09.51  30.132  11.039  0002.97  08.26  08.04  311.1  009.29  26.231  1019.965  1483.01 
2025 01 20 19 42 09.64  30.010  11.043  0002.97  08.06  08.04  311.1  009.29  26.111  1019.871  1482.88 
2025 01 20 19 42 09.76  29.985  11.043  0002.98  09.04  08.04  311.1  009.26  26.087  1019.853  1482.85 
2025 01 20 19 42 09.89  30.023  11.044  0002.97  09.24  08.05  311.1  009.26  26.123  1019.880  1482.90 
2025 01 20 19 42 10.01  30.078  11.045  0002.98  09.09  08.05  311.1  009.29  26.175  1019.921  1482.96 
2025 01 20 19 42 10.14  30.108  11.044  0003.00  08.69  08.05  311.1  009.26  26.205  1019.944  1482.99 
2025 01 20 19 42 10.26  30.116  11.044  0003.01  08.34  08.05  311.1  009.29  26.212  1019.949  1483.01 
2025 01 20 19 42 10.39  30.094  11.045  0002.99  08.78  08.06  311.1  009.29  26.190  1019.932  1482.98 
2025 01 20 19 42 10.51  30.063  11.045  0002.98  08.90  08.06  311.1  009.29  26.160  1019.909  1482.95 
2025 01 20 19 42 10.64  30.021  11.047  0003.00  09.24  08.06  311.1  009.26  26.119  1019.877  1482.90 
2025 01 20 19 42 10.76  29.965  11.047  0003.00  09.22  08.06  311.1  009.29  26.066  1019.835  1482.84 
2025 01 20 19 42 10.89  29.954  11.046  0002.99  09.37  08.06  311.1  009.29  26.055  1019.827  1482.82 
2025 01 20 19 42 11.01  29.960  11.048  0003.01  09.17  08.06  311.1  009.26  26.060  1019.831  1482.83 
2025 01 20 19 42 11.14  29.966  11.046  0003.00  08.90  08.06  311.1  009.29  26.067  1019.837  1482.84 
2025 01 20 19 42 11.26  29.980  11.045  0002.99  08.55  08.05  311.1  009.26  26.080  1019.847  1482.85 
2025 01 20 19 42 11.39  30.016  11.046  0003.02  08.42  08.06  311.1  009.26  26.115  1019.874  1482.89 
2025 01 20 19 42 11.51  30.066  11.045  0003.02  08.30  08.07  311.1  009.26  26.163  1019.912  1482.95 
2025 01 20 19 42 11.64  30.087  11.044  0003.02  08.69  08.07  311.1  009.26  26.184  1019.928  1482.97 
2025 01 20 19 42 11.76  30.085  11.048  0003.01  08.71  08.07  311.1  009.26  26.179  1019.923  1482.98 
2025 01 20 19 42 11.89  30.068  11.047  0002.99  08.70  08.07  311.1  009.26  26.164  1019.912  1482.96 
2025 01 20 19 42 12.01  30.045  11.052  0002.99  08.49  08.07  311.1  009.26  26.139  1019.891  1482.94 
2025 01 20 19 42 12.14  30.024  11.052  0002.99  08.33  08.07  311.1  009.26  26.119  1019.876  1482.92 
2025 01 20 19 42 12.26  30.040  11.050  0002.98  08.22  08.07  311.1  009.26  26.136  1019.889  1482.93 
2025 01 20 19 42 12.39  30.071  11.044  0002.98  08.30  08.07  311.2  009.29  26.169  1019.916  1482.95 
2025 01 20 19 42 12.51  30.118  11.042  0002.97  08.43  08.07  311.2  009.29  26.216  1019.952  1483.00 
2025 01 20 19 42 12.64  30.164  11.042  0002.96  08.78  08.07  311.2  009.29  26.259  1019.986  1483.05 
2025 01 20 19 42 12.76  30.186  11.045  0002.96  09.18  08.07  311.2  009.29  26.279  1020.001  1483.09 
2025 01 20 19 42 12.89  30.185  11.041  0002.97  09.32  08.07  311.2  009.26  26.281  1020.003  1483.08 
2025 01 20 19 42 13.01  30.179  11.039  0002.98  09.19  08.08  311.2  009.26  26.276  1020.000  1483.06 
2025 01 20 19 42 13.14  30.203  11.037  0002.99  09.15  08.08  311.2  009.29  26.302  1020.020  1483.08 
2025 01 20 19 42 13.26  30.255  11.036  0003.01  08.69  08.08  311.2  009.29  26.352  1020.059  1483.14 
2025 01 20 19 42 13.39  30.261  11.042  0003.03  08.22  08.08  311.2  009.29  26.353  1020.059  1483.17 
2025 01 20 19 42 13.51  30.258  11.038  0003.03  08.20  08.08  311.2  009.29  26.352  1020.059  1483.15 
2025 01 20 19 42 13.64  30.266  11.036  0003.04  08.53  08.08  311.2  009.29  26.362  1020.067  1483.16 
2025 01 20 19 42 13.76  30.294  11.038  0003.07  09.49  08.08  311.2  009.26  26.388  1020.087  1483.19 
2025 01 20 19 42 13.89  30.344  11.029  0003.08  09.44  08.08  311.2  009.26  26.442  1020.131  1483.23 
2025 01 20 19 42 14.01  30.390  11.017  0003.10  12.29  08.08  311.2  009.29  26.495  1020.174  1483.25 
2025 01 20 19 42 14.14  30.418  11.012  0003.11  11.96  08.08  311.2  009.26  26.525  1020.198  1483.27 
2025 01 20 19 42 14.26  30.414  11.015  0003.09  10.56  08.07  311.2  009.26  26.519  1020.193  1483.27 
2025 01 20 19 42 14.39  30.401  11.028  0003.09  09.42  08.08  311.2  009.26  26.498  1020.174  1483.29 
2025 01 20 19 42 14.51  30.393  11.034  0003.08  08.82  08.09  311.2  009.26  26.486  1020.164  1483.30 
2025 01 20 19 42 14.64  30.397  11.034  0003.07  08.26  08.09  311.2  009.26  26.489  1020.167  1483.30 
2025 01 20 19 42 14.76  30.406  11.037  0003.06  07.85  08.09  311.2  009.26  26.496  1020.171  1483.32 
2025 01 20 19 42 14.89  30.413  11.036  0003.03  08.08  08.09  311.2  009.26  26.503  1020.177  1483.32 
2025 01 20 19 42 15.01  30.414  11.034  0003.03  08.44  08.09  311.2  009.26  26.506  1020.179  1483.32 
2025 01 20 19 42 15.14  30.413  11.034  0003.04  08.87  08.09  311.2  009.26  26.505  1020.179  1483.32 
2025 01 20 19 42 15.26  30.415  11.032  0003.01  09.24  08.09  311.2  009.29  26.508  1020.181  1483.32 
2025 01 20 19 42 15.39  30.425  11.031  0003.02  09.47  08.09  309.4  009.26  26.518  1020.190  1483.32 
2025 01 20 19 42 15.51  30.438  11.026  0003.03  09.44  08.09  309.4  009.29  26.535  1020.203  1483.33 
2025 01 20 19 42 15.64  30.460  11.020  0003.02  09.83  08.10  309.4  009.29  26.560  1020.224  1483.34 
2025 01 20 19 42 15.76  30.474  11.018  0003.05  10.25  08.10  309.4  009.29  26.575  1020.236  1483.35 
2025 01 20 19 42 15.89  30.487  11.019  0003.06  10.11  08.10  309.4  009.29  26.587  1020.245  1483.36 
2025 01 20 19 42 16.01  30.502  11.008  0003.09  09.49  08.10  309.4  009.29  26.609  1020.264  1483.35 
2025 01 20 19 42 16.14  30.515  11.000  0003.10  09.28  08.10  309.4  009.29  26.628  1020.280  1483.35 
2025 01 20 19 42 16.26  30.524  10.995  0003.11  09.22  08.10  309.4  009.26  26.640  1020.290  1483.34 
2025 01 20 19 42 16.39  30.529  11.000  0003.10  08.99  08.10  309.4  009.29  26.641  1020.290  1483.36 
2025 01 20 19 42 16.51  30.527  10.999  0003.10  08.76  08.10  309.4  009.29  26.640  1020.289  1483.36 
2025 01 20 19 42 16.64  30.523  11.008  0003.10  08.39  08.10  309.4  009.29  26.629  1020.279  1483.38 
2025 01 20 19 42 16.76  30.515  11.013  0003.09  08.14  08.10  309.4  009.29  26.619  1020.271  1483.38 
2025 01 20 19 42 16.89  30.511  11.014  0003.08  07.88  08.10  309.4  009.29  26.614  1020.266  1483.38 
2025 01 20 19 42 17.01  30.509  11.008  0003.06  07.80  08.10  309.4  009.26  26.616  1020.269  1483.36 
2025 01 20 19 42 17.14  30.510  11.004  0003.05  08.19  08.10  309.4  009.26  26.620  1020.273  1483.35 
2025 01 20 19 42 17.26  30.509  11.004  0003.04  08.38  08.10  309.4  009.26  26.619  1020.272  1483.35 
2025 01 20 19 42 17.39  30.512  11.004  0003.04  08.12  08.10  309.4  009.26  26.622  1020.274  1483.35 
2025 01 20 19 42 17.51  30.523  11.003  0003.07  08.31  08.11  309.4  009.26  26.634  1020.284  1483.36 
2025 01 20 19 42 17.64  30.531  11.003  0003.05  08.86  08.11  309.4  009.26  26.641  1020.289  1483.37 
2025 01 20 19 42 17.76  30.531  11.003  0003.06  09.25  08.11  309.4  009.26  26.641  1020.289  1483.37 
2025 01 20 19 42 17.89  30.529  11.009  0003.07  08.98  08.11  309.4  009.26  26.635  1020.284  1483.39 
2025 01 20 19 42 18.01  30.523  11.012  0003.08  09.30  08.11  309.4  009.26  26.627  1020.277  1483.39 
2025 01 20 19 42 18.14  30.514  11.012  0003.06  09.50  08.11  309.4  009.26  26.618  1020.270  1483.38 
2025 01 20 19 42 18.26  30.503  11.014  0003.04  09.16  08.11  309.4  009.26  26.606  1020.260  1483.37 
2025 01 20 19 42 18.39  30.495  11.017  0003.04  08.85  08.11  307.8  009.29  26.596  1020.252  1483.37 
2025 01 20 19 42 18.51  30.502  11.014  0003.06  08.75  08.11  307.8  009.29  26.605  1020.260  1483.37 
2025 01 20 19 42 18.64  30.511  11.014  0003.07  09.10  08.11  307.8  009.29  26.613  1020.266  1483.38 
2025 01 20 19 42 18.76  30.515  11.013  0003.09  09.53  08.11  307.8  009.29  26.619  1020.270  1483.38 
2025 01 20 19 42 18.89  30.519  11.012  0003.09  09.87  08.11  307.8  009.29  26.622  1020.274  1483.38 
2025 01 20 19 42 19.01  30.519  11.013  0003.10  09.73  08.11  307.8  009.26  26.623  1020.274  1483.39 
2025 01 20 19 42 19.14  30.519  11.012  0003.10  09.33  08.11  307.8  009.29  26.623  1020.274  1483.38 
2025 01 20 19 42 19.26  30.518  11.013  0003.09  08.74  08.11  307.8  009.29  26.621  1020.272  1483.39 
2025 01 20 19 42 19.39  30.517  11.016  0003.11  08.23  08.11  307.8  009.26  26.618  1020.270  1483.39 
2025 01 20 19 42 19.51  30.515  11.015  0003.09  08.00  08.11  307.8  009.29  26.616  1020.268  1483.39 
2025 01 20 19 42 19.64  30.508  11.016  0003.08  07.64  08.11  307.8  009.29  26.610  1020.263  1483.38 
2025 01 20 19 42 19.76  30.506  11.017  0003.09  07.99  08.11  307.8  009.29  26.607  1020.261  1483.38 
2025 01 20 19 42 19.89  30.503  11.018  0003.08  08.12  08.11  307.8  009.26  26.603  1020.257  1483.38 
2025 01 20 19 42 20.01  30.503  11.019  0003.06  08.29  08.11  307.8  009.29  26.602  1020.257  1483.38 
2025 01 20 19 42 20.14  30.502  11.019  0003.06  08.64  08.11  307.8  009.26  26.601  1020.256  1483.38 
2025 01 20 19 42 20.26  30.504  11.020  0003.07  09.16  08.11  307.8  009.26  26.602  1020.257  1483.39 
2025 01 20 19 42 20.39  30.509  11.015  0003.09  09.38  08.11  307.8  009.26  26.611  1020.264  1483.38 
2025 01 20 19 42 20.51  30.515  11.012  0003.09  08.90  08.12  307.8  009.26  26.619  1020.271  1483.38 
2025 01 20 19 42 20.64  30.516  11.010  0003.10  08.74  08.12  307.8  009.26  26.621  1020.273  1483.38 
2025 01 20 19 42 20.76  30.518  11.013  0003.10  09.47  08.12  307.8  009.26  26.621  1020.273  1483.38 
2025 01 20 19 42 20.89  30.519  11.012  0003.11  10.12  08.12  307.8  009.26  26.623  1020.274  1483.38 
2025 01 20 19 42 21.01  30.522  11.016  0003.13  09.84  08.12  307.8  009.26  26.623  1020.273  1483.40 
2025 01 20 19 42 21.14  30.522  11.010  0003.12  09.18  08.12  307.8  009.26  26.627  1020.278  1483.38 
2025 01 20 19 42 21.26  30.517  11.014  0003.10  08.69  08.12  307.8  009.26  26.620  1020.271  1483.39 
2025 01 20 19 42 21.39  30.514  11.015  0003.11  08.35  08.12  305.3  009.29  26.616  1020.268  1483.39 
2025 01 20 19 42 21.51  30.515  11.014  0003.10  08.31  08.12  305.3  009.29  26.618  1020.269  1483.39 
2025 01 20 19 42 21.64  30.516  11.009  0003.08  08.86  08.12  305.3  009.29  26.623  1020.274  1483.37 
2025 01 20 19 42 21.76  30.514  11.011  0003.06  08.62  08.12  305.3  009.26  26.619  1020.271  1483.37 
2025 01 20 19 42 21.89  30.512  11.012  0003.05  08.28  08.12  305.3  009.26  26.617  1020.269  1483.37 
2025 01 20 19 42 22.01  30.510  11.013  0003.03  08.42  08.12  305.3  009.29  26.613  1020.266  1483.38 
2025 01 20 19 42 22.14  30.511  11.017  0003.04  08.27  08.12  305.3  009.29  26.611  1020.263  1483.39 
2025 01 20 19 42 22.26  30.515  11.028  0003.06  07.94  08.12  305.3  009.26  26.607  1020.259  1483.42 
2025 01 20 19 42 22.39  30.510  11.026  0003.05  07.89  08.13  305.3  009.29  26.604  1020.256  1483.41 
2025 01 20 19 42 22.51  30.511  11.018  0003.07  07.88  08.13  305.3  009.29  26.611  1020.263  1483.39 
2025 01 20 19 42 22.64  30.519  11.009  0003.09  07.80  08.13  305.3  009.29  26.625  1020.276  1483.38 
2025 01 20 19 42 22.76  30.530  11.004  0003.10  07.86  08.13  305.3  009.29  26.639  1020.288  1483.37 
2025 01 20 19 42 22.89  30.535  11.002  0003.14  07.91  08.13  305.3  009.29  26.645  1020.293  1483.38 
2025 01 20 19 42 23.01  30.537  11.005  0003.12  07.99  08.13  305.3  009.26  26.645  1020.293  1483.38 
2025 01 20 19 42 23.14  30.534  11.008  0003.12  08.26  08.13  305.3  009.29  26.640  1020.288  1483.39 
2025 01 20 19 42 23.26  30.527  11.011  0003.11  08.54  08.12  305.3  009.26  26.631  1020.280  1483.39 
2025 01 20 19 42 23.39  30.520  11.011  0003.08  08.19  08.13  305.3  009.26  26.624  1020.275  1483.38 
2025 01 20 19 42 23.51  30.517  11.011  0003.05  08.12  08.13  305.3  009.26  26.622  1020.273  1483.38 
2025 01 20 19 42 23.64  30.518  11.010  0003.03  08.06  08.13  305.3  009.26  26.623  1020.274  1483.38 
2025 01 20 19 42 23.76  30.514  11.012  0003.01  08.04  08.13  305.3  009.26  26.618  1020.269  1483.38 
2025 01 20 19 42 23.89  30.515  11.013  0003.01  08.22  08.13  305.3  009.26  26.618  1020.270  1483.38 
2025 01 20 19 42 24.01  30.519  11.012  0003.01  08.23  08.13  305.3  009.26  26.624  1020.274  1483.38 
2025 01 20 19 42 24.14  30.521  11.018  0003.03  08.12  08.14  305.3  009.26  26.620  1020.270  1483.40 
2025 01 20 19 42 24.26  30.519  11.020  0003.05  08.51  08.14  305.3  009.26  26.617  1020.268  1483.40 
2025 01 20 19 42 24.39  30.521  11.012  0003.08  08.91  08.14  303.8  009.29  26.625  1020.275  1483.39 
2025 01 20 19 42 24.51  30.528  11.008  0003.08  08.86  08.13  303.8  009.29  26.634  1020.283  1483.38 
2025 01 20 19 42 24.64  30.528  11.011  0003.10  08.56  08.13  303.8  009.29  26.632  1020.281  1483.39 
2025 01 20 19 42 24.76  30.527  11.011  0003.12  08.47  08.13  303.8  009.29  26.631  1020.281  1483.39 
2025 01 20 19 42 24.89  30.526  11.014  0003.11  08.71  08.14  303.8  009.29  26.628  1020.278  1483.40 
2025 01 20 19 42 25.01  30.519  11.015  0003.11  08.98  08.13  303.8  009.26  26.621  1020.272  1483.39 
2025 01 20 19 42 25.14  30.515  11.016  0003.09  08.71  08.13  303.8  009.29  26.616  1020.268  1483.39 
2025 01 20 19 42 25.26  30.518  11.013  0003.06  08.49  08.14  303.8  009.29  26.621  1020.272  1483.39 
2025 01 20 19 42 25.39  30.520  11.011  0003.05  08.59  08.14  303.8  009.29  26.625  1020.275  1483.38 
2025 01 20 19 42 25.51  30.521  11.011  0003.05  08.45  08.14  303.8  009.29  26.626  1020.276  1483.38 
2025 01 20 19 42 25.64  30.519  11.013  0003.05  08.23  08.14  303.8  009.29  26.622  1020.272  1483.39 
2025 01 20 19 42 25.76  30.520  11.016  0003.06  08.42  08.14  303.8  009.29  26.621  1020.272  1483.40 
2025 01 20 19 42 25.89  30.518  11.019  0003.07  08.50  08.14  303.8  009.26  26.617  1020.268  1483.40 
2025 01 20 19 42 26.01  30.516  11.022  0003.08  08.67  08.14  303.8  009.29  26.613  1020.265  1483.41 
2025 01 20 19 42 26.14  30.514  11.020  0003.09  08.87  08.14  303.8  009.26  26.612  1020.264  1483.40 
2025 01 20 19 42 26.26  30.517  11.014  0003.12  09.05  08.13  303.8  009.26  26.619  1020.271  1483.39 
2025 01 20 19 42 26.39  30.520  11.012  0003.13  08.96  08.13  303.8  009.26  26.624  1020.275  1483.38 
2025 01 20 19 42 26.51  30.523  11.010  0003.13  09.28  08.14  303.8  009.26  26.628  1020.278  1483.38 
2025 01 20 19 42 26.64  30.527  11.009  0003.13  09.11  08.14  303.8  009.26  26.632  1020.282  1483.39 
2025 01 20 19 42 26.76  30.529  11.009  0003.13  08.99  08.14  303.8  009.26  26.635  1020.284  1483.39 
2025 01 20 19 42 26.89  30.535  11.004  0003.11  09.24  08.14  303.8  009.26  26.644  1020.292  1483.38 
2025 01 20 19 42 27.01  30.546  11.002  0003.12  08.96  08.14  303.8  009.26  26.656  1020.302  1483.39 
2025 01 20 19 42 27.14  30.550  11.001  0003.10  08.73  08.14  303.8  009.26  26.660  1020.305  1483.39 
2025 01 20 19 42 27.26  30.548  11.002  0003.12  08.60  08.14  303.8  009.26  26.658  1020.303  1483.39 
2025 01 20 19 42 27.39  30.546  11.004  0003.12  08.36  08.14  302.8  009.29  26.655  1020.300  1483.39 
2025 01 20 19 42 27.51  30.547  11.004  0003.11  08.10  08.14  302.8  009.29  26.656  1020.301  1483.40 
2025 01 20 19 42 27.64  30.549  11.003  0003.12  08.10  08.14  302.8  009.29  26.658  1020.303  1483.39 
2025 01 20 19 42 27.76  30.551  11.006  0003.13  07.95  08.14  302.8  009.29  26.658  1020.302  1483.41 
2025 01 20 19 42 27.89  30.551  11.006  0003.14  08.48  08.14  302.8  009.29  26.659  1020.303  1483.40 
2025 01 20 19 42 28.01  30.552  11.005  0003.13  08.55  08.14  302.8  009.29  26.660  1020.304  1483.40 
2025 01 20 19 42 28.14  30.550  11.004  0003.13  08.81  08.14  302.8  009.26  26.659  1020.303  1483.40 
2025 01 20 19 42 28.26  30.546  11.003  0003.11  08.71  08.15  302.8  009.29  26.655  1020.300  1483.39 
2025 01 20 19 42 28.39  30.545  11.005  0003.13  08.31  08.15  302.8  009.29  26.652  1020.298  1483.40 
2025 01 20 19 42 28.51  30.543  11.014  0003.11  08.04  08.15  302.8  009.26  26.644  1020.290  1483.42 
2025 01 20 19 42 28.64  30.539  11.011  0003.09  08.07  08.15  302.8  009.29  26.643  1020.290  1483.41 
2025 01 20 19 42 28.76  30.538  11.010  0003.10  08.42  08.15  302.8  009.29  26.642  1020.289  1483.40 
2025 01 20 19 42 28.89  30.541  11.009  0003.10  08.78  08.15  302.8  009.29  26.646  1020.293  1483.40 
2025 01 20 19 42 29.01  30.546  11.004  0003.12  08.76  08.15  302.8  009.26  26.654  1020.300  1483.39 
2025 01 20 19 42 29.14  30.548  11.001  0003.12  08.85  08.15  302.8  009.29  26.658  1020.303  1483.39 
2025 01 20 19 42 29.26  30.550  11.004  0003.13  08.73  08.14  302.8  009.26  26.658  1020.303  1483.40 
2025 01 20 19 42 29.39  30.550  11.001  0003.15  08.66  08.14  302.8  009.26  26.661  1020.306  1483.39 
2025 01 20 19 42 29.51  30.553  11.004  0003.15  08.83  08.15  302.8  009.26  26.661  1020.305  1483.40 
2025 01 20 19 42 29.64  30.553  11.003  0003.16  08.67  08.15  302.8  009.26  26.662  1020.306  1483.40 
2025 01 20 19 42 29.76  30.552  11.006  0003.16  08.52  08.15  302.8  009.26  26.659  1020.303  1483.41 
2025 01 20 19 42 29.89  30.546  11.005  0003.15  08.61  08.15  302.8  009.26  26.654  1020.300  1483.40 
2025 01 20 19 42 30.01  30.543  11.006  0003.14  08.72  08.15  302.8  009.26  26.650  1020.296  1483.39 
2025 01 20 19 42 30.14  30.542  11.006  0003.14  08.64  08.15  302.8  009.26  26.649  1020.295  1483.39 
2025 01 20 19 42 30.26  30.542  11.004  0003.11  08.71  08.15  302.8  009.26  26.651  1020.297  1483.39 
2025 01 20 19 42 30.39  30.543  11.003  0003.12  08.48  08.15  301.9  009.29  26.652  1020.298  1483.39 
2025 01 20 19 42 30.51  30.546  11.001  0003.13  08.25  08.15  301.9  009.29  26.657  1020.302  1483.39 
2025 01 20 19 42 30.64  30.550  11.000  0003.12  08.88  08.15  301.9  009.29  26.662  1020.306  1483.39 
2025 01 20 19 42 30.76  30.554  11.000  0003.12  09.22  08.15  301.9  009.29  26.665  1020.308  1483.39 
2025 01 20 19 42 30.89  30.554  11.000  0003.13  09.03  08.15  301.9  009.29  26.665  1020.309  1483.39 
2025 01 20 19 42 31.01  30.556  11.000  0003.15  09.02  08.15  301.9  009.29  26.667  1020.311  1483.39 
2025 01 20 19 42 31.14  30.561  10.999  0003.12  09.08  08.15  301.9  009.29  26.672  1020.314  1483.40 
2025 01 20 19 42 31.26  30.558  11.000  0003.14  08.85  08.15  301.9  009.29  26.670  1020.312  1483.40 
2025 01 20 19 42 31.39  30.554  11.004  0003.13  08.73  08.15  301.9  009.26  26.662  1020.306  1483.40 
2025 01 20 19 42 31.51  30.550  11.004  0003.13  08.45  08.15  301.9  009.29  26.659  1020.303  1483.40 
2025 01 20 19 42 31.64  30.549  11.001  0003.10  08.36  08.15  301.9  009.29  26.660  1020.304  1483.39 
2025 01 20 19 42 31.76  30.544  11.001  0003.14  08.12  08.15  301.9  009.29  26.655  1020.301  1483.38 
2025 01 20 19 42 31.89  30.543  11.003  0003.10  07.88  08.15  301.9  009.29  26.653  1020.299  1483.39 
2025 01 20 19 42 32.01  30.545  11.003  0003.12  08.08  08.15  301.9  009.29  26.654  1020.300  1483.39 
2025 01 20 19 42 32.14  30.546  11.001  0003.11  08.38  08.15  301.9  009.26  26.657  1020.302  1483.38 
2025 01 20 19 42 32.26  30.553  11.002  0003.14  08.71  08.14  301.9  009.26  26.663  1020.307  1483.40 
2025 01 20 19 42 32.39  30.555  11.000  0003.11  08.60  08.15  301.9  009.26  26.666  1020.309  1483.39 
2025 01 20 19 42 32.51  30.554  11.001  0003.13  08.26  08.15  301.9  009.26  26.665  1020.309  1483.39 
2025 01 20 19 42 32.64  30.555  11.000  0003.14  08.10  08.15  301.9  009.26  26.666  1020.310  1483.39 
2025 01 20 19 42 32.76  30.557  11.002  0003.15  07.97  08.15  301.9  009.26  26.667  1020.310  1483.40 
2025 01 20 19 42 32.89  30.556  11.005  0003.15  08.20  08.15  301.9  009.26  26.663  1020.307  1483.41 
2025 01 20 19 42 33.01  30.554  11.006  0003.16  08.45  08.15  301.9  009.26  26.660  1020.304  1483.41 
2025 01 20 19 42 33.14  30.553  11.007  0003.15  08.40  08.15  301.9  009.26  26.659  1020.303  1483.41 
2025 01 20 19 42 33.26  30.550  11.004  0003.15  08.49  08.16  301.9  009.29  26.658  1020.303  1483.40 
2025 01 20 19 42 33.39  30.546  11.004  0003.13  08.30  08.15  301.4  009.29  26.654  1020.300  1483.39 
2025 01 20 19 42 33.51  30.544  11.008  0003.12  08.41  08.15  301.4  009.29  26.650  1020.295  1483.40 
2025 01 20 19 42 33.64  30.545  11.007  0003.14  08.53  08.15  301.4  009.29  26.651  1020.297  1483.40 
2025 01 20 19 42 33.76  30.545  11.004  0003.12  08.52  08.15  301.4  009.29  26.654  1020.299  1483.39 
2025 01 20 19 42 33.89  30.548  11.003  0003.15  08.68  08.15  301.4  009.29  26.658  1020.303  1483.39 
2025 01 20 19 42 34.01  30.556  11.004  0003.13  08.54  08.15  301.4  009.29  26.664  1020.307  1483.41 
2025 01 20 19 42 34.14  30.555  11.004  0003.14  08.28  08.15  301.4  009.29  26.663  1020.307  1483.41 
2025 01 20 19 42 34.26  30.556  11.002  0003.15  08.18  08.15  301.4  009.29  26.665  1020.309  1483.40 
2025 01 20 19 42 34.39  30.559  11.002  0003.13  08.11  08.15  301.4  009.29  26.669  1020.311  1483.40 
2025 01 20 19 42 34.51  30.559  11.003  0003.13  08.14  08.15  301.4  009.29  26.668  1020.311  1483.41 
2025 01 20 19 42 34.64  30.556  11.004  0003.11  07.99  08.15  301.4  009.26  26.664  1020.307  1483.41 
2025 01 20 19 42 34.76  30.546  11.006  0003.11  07.90  08.16  301.4  009.29  26.653  1020.298  1483.40 
2025 01 20 19 42 34.89  30.536  11.006  0003.10  07.76  08.16  301.4  009.29  26.644  1020.291  1483.39 
2025 01 20 19 42 35.01  30.532  11.006  0003.08  07.87  08.16  301.4  009.29  26.640  1020.288  1483.38 
2025 01 20 19 42 35.14  30.535  11.010  0003.08  08.35  08.16  301.4  009.29  26.639  1020.287  1483.40 
2025 01 20 19 42 35.26  30.541  11.009  0003.10  09.02  08.15  301.4  009.26  26.646  1020.292  1483.40 
2025 01 20 19 42 35.39  30.543  11.004  0003.09  08.62  08.15  301.4  009.26  26.652  1020.298  1483.39 
2025 01 20 19 42 35.51  30.549  11.001  0003.11  08.39  08.16  301.4  009.26  26.659  1020.304  1483.39 
2025 01 20 19 42 35.64  30.558  10.999  0003.15  08.39  08.16  301.4  009.26  26.670  1020.313  1483.39 
2025 01 20 19 42 35.76  30.560  10.999  0003.16  08.32  08.16  301.4  009.26  26.672  1020.314  1483.40 
2025 01 20 19 42 35.89  30.562  10.998  0003.16  08.52  08.16  301.4  009.26  26.674  1020.316  1483.40 
2025 01 20 19 42 36.01  30.565  11.001  0003.18  08.51  08.16  301.4  009.26  26.675  1020.317  1483.41 
2025 01 20 19 42 36.14  30.567  11.003  0003.16  08.59  08.16  301.4  009.26  26.675  1020.316  1483.42 
2025 01 20 19 42 36.26  30.561  11.003  0003.17  08.42  08.16  301.4  009.26  26.670  1020.312  1483.41 
2025 01 20 19 42 36.39  30.554  11.001  0003.16  08.65  08.16  302.0  009.29  26.665  1020.309  1483.39 
2025 01 20 19 42 36.51  30.550  11.002  0003.14  08.73  08.16  302.0  009.29  26.661  1020.305  1483.39 
2025 01 20 19 42 36.64  30.546  11.002  0003.11  08.39  08.16  302.0  009.29  26.656  1020.302  1483.39 
2025 01 20 19 42 36.76  30.543  11.002  0003.10  08.35  08.16  302.0  009.29  26.653  1020.299  1483.38 
2025 01 20 19 42 36.89  30.539  11.001  0003.08  08.40  08.16  302.0  009.29  26.649  1020.296  1483.38 
2025 01 20 19 42 37.01  30.539  11.001  0003.08  08.61  08.16  302.0  009.29  26.650  1020.297  1483.38 
2025 01 20 19 42 37.14  30.544  11.002  0003.08  08.83  08.16  302.0  009.29  26.654  1020.300  1483.39 
2025 01 20 19 42 37.26  30.543  11.002  0003.11  09.48  08.16  302.0  009.29  26.654  1020.300  1483.38 
2025 01 20 19 42 37.39  30.542  11.000  0003.11  09.70  08.16  302.0  009.29  26.653  1020.299  1483.38 
2025 01 20 19 42 37.51  30.545  11.000  0003.14  09.30  08.16  302.0  009.29  26.657  1020.302  1483.38 
2025 01 20 19 42 37.64  30.546  11.001  0003.14  09.20  08.16  302.0  009.29  26.657  1020.303  1483.39 
2025 01 20 19 42 37.76  30.547  11.000  0003.15  09.05  08.16  302.0  009.29  26.658  1020.304  1483.39 
2025 01 20 19 42 37.89  30.546  11.001  0003.14  09.15  08.16  302.0  009.26  26.656  1020.302  1483.39 
2025 01 20 19 42 38.01  30.543  11.001  0003.14  09.12  08.16  302.0  009.29  26.653  1020.299  1483.38 
2025 01 20 19 42 38.14  30.539  11.001  0003.14  09.19  08.16  302.0  009.26  26.649  1020.296  1483.38 
2025 01 20 19 42 38.26  30.536  11.003  0003.12  09.04  08.15  302.0  009.26  26.646  1020.293  1483.38 
2025 01 20 19 42 38.39  30.535  11.004  0003.10  09.19  08.15  302.0  009.26  26.643  1020.291  1483.38 
2025 01 20 19 42 38.51  30.534  11.004  0003.08  08.97  08.16  302.0  009.26  26.643  1020.291  1483.38 
2025 01 20 19 42 38.64  30.530  11.005  0003.07  08.87  08.16  302.0  009.26  26.639  1020.287  1483.38 
2025 01 20 19 42 38.76  30.535  11.005  0003.08  08.86  08.16  302.0  009.26  26.643  1020.290  1483.38 
2025 01 20 19 42 38.89  30.542  11.002  0003.10  08.47  08.16  302.0  009.26  26.652  1020.298  1483.38 
2025 01 20 19 42 39.01  30.543  11.002  0003.12  08.16  08.16  302.0  009.26  26.653  1020.299  1483.38 
2025 01 20 19 42 39.14  30.546  11.000  0003.14  08.13  08.16  302.0  009.29  26.657  1020.303  1483.38 
2025 01 20 19 42 39.26  30.548  10.996  0003.16  08.11  08.16  302.0  009.29  26.663  1020.308  1483.37 
2025 01 20 19 42 39.39  30.550  10.995  0003.16  08.58  08.16  302.0  009.29  26.665  1020.310  1483.37 
2025 01 20 19 42 39.51  30.554  10.995  0003.17  08.63  08.16  302.0  009.29  26.670  1020.313  1483.38 
2025 01 20 19 42 39.64  30.559  10.995  0003.19  09.24  08.16  302.0  009.29  26.674  1020.317  1483.39 
2025 01 20 19 42 39.76  30.562  10.996  0003.19  09.27  08.16  302.0  009.29  26.676  1020.318  1483.39 
2025 01 20 19 42 39.89  30.558  10.999  0003.18  09.01  08.16  302.0  009.29  26.670  1020.313  1483.39 
2025 01 20 19 42 40.01  30.550  11.002  0003.19  08.83  08.16  302.0  009.29  26.660  1020.305  1483.39 
2025 01 20 19 42 40.14  30.549  11.002  0003.16  08.68  08.16  302.0  009.26  26.659  1020.304  1483.39 
2025 01 20 19 42 40.26  30.549  11.001  0003.16  08.83  08.16  302.0  009.26  26.659  1020.304  1483.39 
2025 01 20 19 42 40.39  30.547  10.998  0003.16  08.86  08.16  302.0  009.29  26.660  1020.305  1483.38 
2025 01 20 19 42 40.51  30.549  10.998  0003.15  08.80  08.16  302.0  009.29  26.662  1020.307  1483.38 
2025 01 20 19 42 40.64  30.550  10.998  0003.14  08.92  08.16  302.0  009.26  26.663  1020.308  1483.38 
2025 01 20 19 42 40.76  30.549  10.998  0003.13  09.22  08.16  302.0  009.29  26.661  1020.306  1483.38 
2025 01 20 19 42 40.89  30.548  10.997  0003.12  09.21  08.16  302.0  009.29  26.661  1020.306  1483.38 
2025 01 20 19 42 41.01  30.550  10.998  0003.15  08.96  08.16  302.0  009.26  26.662  1020.307  1483.38 
2025 01 20 19 42 41.14  30.550  10.997  0003.16  08.99  08.17  302.0  009.29  26.663  1020.308  1483.38 
2025 01 20 19 42 41.26  30.554  10.998  0003.14  09.02  08.16  302.0  009.26  26.667  1020.311  1483.39 
2025 01 20 19 42 41.39  30.558  10.997  0003.15  09.73  08.16  302.0  009.26  26.671  1020.314  1483.39 
2025 01 20 19 42 41.51  30.561  10.998  0003.14  09.91  08.17  302.0  009.26  26.673  1020.315  1483.39 
2025 01 20 19 42 41.64  30.562  10.998  0003.15  09.43  08.17  302.0  009.26  26.674  1020.316  1483.40 
2025 01 20 19 42 41.76  30.562  10.996  0003.16  09.13  08.17  302.0  009.26  26.675  1020.318  1483.39 
2025 01 20 19 42 41.89  30.569  10.995  0003.17  09.02  08.17  302.0  009.26  26.683  1020.324  1483.40 
2025 01 20 19 42 42.01  30.576  10.994  0003.19  08.72  08.17  302.0  009.26  26.691  1020.330  1483.40 
2025 01 20 19 42 42.14  30.588  10.993  0003.20  09.63  08.17  302.0  009.26  26.703  1020.340  1483.41 
2025 01 20 19 42 42.26  30.588  10.994  0003.18  10.02  08.17  302.0  009.26  26.702  1020.339  1483.42 
2025 01 20 19 42 42.39  30.582  10.996  0003.18  09.61  08.17  302.2  009.29  26.695  1020.333  1483.41 
2025 01 20 19 42 42.51  30.574  10.999  0003.16  08.77  08.17  302.2  009.26  26.685  1020.324  1483.41 
2025 01 20 19 42 42.64  30.562  10.998  0003.15  08.18  08.17  302.2  009.29  26.674  1020.316  1483.40 
2025 01 20 19 42 42.76  30.552  10.999  0003.13  08.51  08.17  302.2  009.29  26.664  1020.308  1483.39 
2025 01 20 19 42 42.89  30.543  11.001  0003.12  08.52  08.17  302.2  009.29  26.654  1020.300  1483.38 
2025 01 20 19 42 43.01  30.545  11.002  0003.11  08.16  08.17  302.2  009.29  26.655  1020.301  1483.39 
2025 01 20 19 42 43.14  30.556  10.999  0003.12  08.34  08.17  302.2  009.29  26.668  1020.311  1483.39 
2025 01 20 19 42 43.26  30.572  10.996  0003.13  08.27  08.17  302.2  009.29  26.685  1020.325  1483.40 
2025 01 20 19 42 43.39  30.580  10.995  0003.16  08.37  08.17  302.2  009.29  26.693  1020.332  1483.41 
2025 01 20 19 42 43.51  30.586  10.994  0003.18  08.65  08.17  302.2  009.29  26.701  1020.338  1483.41 
2025 01 20 19 42 43.64  30.595  10.995  0003.19  08.47  08.17  302.2  009.29  26.708  1020.344  1483.43 
2025 01 20 19 42 43.76  30.594  10.995  0003.20  08.25  08.17  302.2  009.29  26.708  1020.343  1483.43 
2025 01 20 19 42 43.89  30.592  10.998  0003.17  08.63  08.17  302.2  009.29  26.703  1020.339  1483.43 
2025 01 20 19 42 44.01  30.583  10.998  0003.18  08.77  08.17  302.2  009.29  26.695  1020.332  1483.42 
2025 01 20 19 42 44.14  30.579  10.998  0003.16  08.70  08.17  302.2  009.26  26.691  1020.329  1483.42 
2025 01 20 19 42 44.26  30.579  10.998  0003.16  08.55  08.16  302.2  009.26  26.690  1020.329  1483.42 
2025 01 20 19 42 44.39  30.578  10.999  0003.13  08.67  08.17  302.2  009.26  26.689  1020.327  1483.42 
2025 01 20 19 42 44.51  30.577  10.998  0003.10  08.81  08.17  302.2  009.26  26.689  1020.327  1483.41 
2025 01 20 19 42 44.64  30.578  10.998  0003.11  08.69  08.17  302.2  009.26  26.690  1020.328  1483.41 
2025 01 20 19 42 44.76  30.580  10.997  0003.12  08.54  08.17  302.2  009.26  26.692  1020.330  1483.41 
2025 01 20 19 42 44.89  30.582  10.998  0003.13  08.61  08.17  302.2  009.26  26.694  1020.331  1483.42 
2025 01 20 19 42 45.01  30.580  10.997  0003.14  08.29  08.17  302.2  009.26  26.692  1020.330  1483.41 
2025 01 20 19 42 45.14  30.575  10.997  0003.13  08.04  08.17  302.2  009.26  26.688  1020.327  1483.41 
2025 01 20 19 42 45.26  30.572  10.996  0003.17  08.75  08.18  302.2  009.29  26.685  1020.325  1483.40 
2025 01 20 19 42 45.39  30.569  10.996  0003.18  09.26  08.17  302.9  009.29  26.682  1020.323  1483.40 
2025 01 20 19 42 45.51  30.570  10.996  0003.19  09.21  08.17  302.9  009.29  26.684  1020.325  1483.40 
2025 01 20 19 42 45.64  30.578  10.996  0003.19  09.26  08.17  302.9  009.29  26.691  1020.330  1483.41 
2025 01 20 19 42 45.76  30.579  10.996  0003.19  09.26  08.17  302.9  009.26  26.692  1020.331  1483.41 
2025 01 20 19 42 45.89  30.575  10.997  0003.18  09.27  08.17  302.9  009.29  26.687  1020.327  1483.41 
2025 01 20 19 42 46.01  30.572  10.997  0003.16  08.85  08.17  302.9  009.29  26.684  1020.324  1483.41 
2025 01 20 19 42 46.14  30.571  10.998  0003.16  08.64  08.17  302.9  009.29  26.683  1020.323  1483.41 
2025 01 20 19 42 46.26  30.570  10.998  0003.13  09.15  08.17  302.9  009.29  26.682  1020.322  1483.41 
2025 01 20 19 42 46.39  30.567  10.998  0003.11  08.87  08.17  302.9  009.29  26.679  1020.320  1483.40 
2025 01 20 19 42 46.51  30.562  10.998  0003.10  08.36  08.17  302.9  009.29  26.674  1020.316  1483.39 
2025 01 20 19 42 46.64  30.560  10.997  0003.09  08.28  08.17  302.9  009.29  26.673  1020.316  1483.39 
2025 01 20 19 42 46.76  30.570  10.998  0003.09  08.07  08.17  302.9  009.29  26.682  1020.322  1483.40 
2025 01 20 19 42 46.89  30.570  10.998  0003.12  08.07  08.17  302.9  009.29  26.683  1020.323  1483.40 
2025 01 20 19 42 47.01  30.568  10.998  0003.13  08.39  08.17  302.9  009.26  26.680  1020.321  1483.40 
2025 01 20 19 42 47.14  30.569  11.000  0003.16  08.50  08.17  302.9  009.29  26.679  1020.320  1483.41 
2025 01 20 19 42 47.26  30.571  10.998  0003.18  08.66  08.16  302.9  009.26  26.683  1020.324  1483.41 
2025 01 20 19 42 47.39  30.575  10.997  0003.18  08.76  08.17  302.9  009.26  26.687  1020.327  1483.41 
2025 01 20 19 42 47.51  30.579  10.997  0003.18  09.11  08.18  302.9  009.26  26.691  1020.330  1483.42 
2025 01 20 19 42 47.64  30.578  10.998  0003.15  08.98  08.18  302.9  009.26  26.689  1020.328  1483.42 
2025 01 20 19 42 47.76  30.574  10.999  0003.16  08.56  08.17  302.9  009.26  26.686  1020.325  1483.41 
2025 01 20 19 42 47.89  30.574  10.998  0003.16  08.27  08.18  302.9  009.26  26.686  1020.325  1483.41 
2025 01 20 19 42 48.01  30.575  10.998  0003.13  08.69  08.18  302.9  009.26  26.687  1020.326  1483.41 
2025 01 20 19 42 48.14  30.576  10.998  0003.12  08.77  08.18  302.9  009.26  26.687  1020.326  1483.41 
2025 01 20 19 42 48.26  30.575  10.999  0003.12  09.13  08.18  302.9  009.26  26.686  1020.325  1483.42 
2025 01 20 19 42 48.39  30.578  11.000  0003.12  09.59  08.17  303.2  009.29  26.688  1020.327  1483.42 
2025 01 20 19 42 48.51  30.580  10.999  0003.13  09.26  08.17  303.2  009.29  26.691  1020.329  1483.42 
2025 01 20 19 42 48.64  30.582  11.000  0003.15  09.02  08.17  303.2  009.29  26.692  1020.330  1483.42 
2025 01 20 19 42 48.76  30.580  11.002  0003.16  08.71  08.17  303.2  009.29  26.689  1020.327  1483.43 
2025 01 20 19 42 48.89  30.576  11.000  0003.16  08.57  08.17  303.2  009.29  26.686  1020.326  1483.42 
2025 01 20 19 42 49.01  30.576  11.000  0003.16  08.14  08.17  303.2  009.26  26.686  1020.325  1483.42 
2025 01 20 19 42 49.14  30.577  10.997  0003.16  08.40  08.18  303.2  009.29  26.689  1020.328  1483.41 
2025 01 20 19 42 49.26  30.578  10.999  0003.15  08.67  08.18  303.2  009.29  26.690  1020.328  1483.42 
2025 01 20 19 42 49.39  30.578  11.001  0003.15  08.64  08.17  303.2  009.29  26.687  1020.326  1483.42 
2025 01 20 19 42 49.51  30.574  11.000  0003.15  08.65  08.18  303.2  009.29  26.684  1020.323  1483.42 
2025 01 20 19 42 49.64  30.568  11.001  0003.15  08.32  08.18  303.2  009.29  26.678  1020.319  1483.41 
2025 01 20 19 42 49.76  30.568  11.001  0003.15  08.40  08.18  303.2  009.29  26.678  1020.319  1483.41 
2025 01 20 19 42 49.89  30.570  11.004  0003.16  09.09  08.18  303.2  009.29  26.678  1020.318  1483.42 
2025 01 20 19 42 50.01  30.572  11.001  0003.16  09.64  08.18  303.2  009.29  26.682  1020.322  1483.42 
2025 01 20 19 42 50.14  30.572  10.999  0003.14  09.38  08.18  303.2  009.29  26.683  1020.323  1483.41 
2025 01 20 19 42 50.26  30.572  11.000  0003.13  09.10  08.17  303.2  009.26  26.682  1020.322  1483.41 
2025 01 20 19 42 50.39  30.573  11.000  0003.12  08.75  08.17  303.2  009.26  26.683  1020.323  1483.41 
2025 01 20 19 42 50.51  30.572  10.999  0003.11  08.61  08.18  303.2  009.26  26.683  1020.323  1483.41 
2025 01 20 19 42 50.64  30.572  10.998  0003.12  09.25  08.18  303.2  009.26  26.684  1020.323  1483.41 
2025 01 20 19 42 50.76  30.574  11.000  0003.11  09.37  08.18  303.2  009.26  26.684  1020.324  1483.41 
2025 01 20 19 42 50.89  30.574  11.000  0003.12  09.05  08.18  303.2  009.26  26.685  1020.324  1483.41 
2025 01 20 19 42 51.01  30.575  10.997  0003.15  08.71  08.18  303.2  009.26  26.688  1020.327  1483.41 
2025 01 20 19 42 51.14  30.578  10.995  0003.16  08.74  08.18  303.2  009.29  26.692  1020.331  1483.41 
2025 01 20 19 42 51.26  30.582  10.994  0003.16  08.70  08.18  303.2  009.29  26.697  1020.335  1483.41 
2025 01 20 19 42 51.39  30.594  10.992  0003.16  08.66  08.18  303.7  009.29  26.710  1020.345  1483.42 
2025 01 20 19 42 51.51  30.598  10.993  0003.20  08.84  08.18  303.7  009.29  26.713  1020.347  1483.43 
2025 01 20 19 42 51.64  30.594  10.994  0003.17  08.97  08.18  303.7  009.29  26.708  1020.343  1483.42 
2025 01 20 19 42 51.76  30.584  10.995  0003.15  08.50  08.18  303.7  009.29  26.697  1020.335  1483.41 
2025 01 20 19 42 51.89  30.578  10.995  0003.14  08.26  08.18  303.7  009.29  26.691  1020.330  1483.41 
2025 01 20 19 42 52.01  30.574  10.996  0003.11  08.02  08.18  303.7  009.29  26.688  1020.327  1483.40 
2025 01 20 19 42 52.14  30.568  10.995  0003.08  08.07  08.18  303.7  009.29  26.682  1020.323  1483.39 
2025 01 20 19 42 52.26  30.562  10.995  0003.06  08.48  08.18  303.7  009.29  26.676  1020.318  1483.39 
2025 01 20 19 42 52.39  30.562  10.996  0003.08  08.40  08.18  303.7  009.29  26.676  1020.318  1483.39 
2025 01 20 19 42 52.51  30.570  10.997  0003.08  08.25  08.18  303.7  009.29  26.683  1020.323  1483.40 
2025 01 20 19 42 52.64  30.570  10.996  0003.10  08.35  08.18  303.7  009.29  26.684  1020.324  1483.40 
2025 01 20 19 42 52.76  30.574  10.996  0003.15  08.35  08.18  303.7  009.29  26.687  1020.327  1483.40 
2025 01 20 19 42 52.89  30.584  10.995  0003.20  08.10  08.18  303.7  009.29  26.698  1020.335  1483.41 
2025 01 20 19 42 53.01  30.594  10.994  0003.22  08.21  08.18  303.7  009.29  26.708  1020.344  1483.42 
2025 01 20 19 42 53.14  30.609  10.998  0003.24  08.16  08.18  303.7  009.29  26.719  1020.352  1483.45 
2025 01 20 19 42 53.26  30.605  10.997  0003.24  08.13  08.17  303.7  009.26  26.717  1020.350  1483.44 
2025 01 20 19 42 53.39  30.598  10.996  0003.22  08.03  08.18  303.7  009.26  26.711  1020.345  1483.43 
2025 01 20 19 42 53.51  30.610  10.997  0003.20  07.94  08.18  303.7  009.26  26.722  1020.354  1483.45 
2025 01 20 19 42 53.64  30.613  10.997  0003.16  08.03  08.18  303.7  009.26  26.724  1020.355  1483.45 
2025 01 20 19 42 53.76  30.597  10.995  0003.13  08.21  08.18  303.7  009.26  26.711  1020.345  1483.43 
2025 01 20 19 42 53.89  30.561  10.999  0003.08  08.44  08.18  303.7  009.26  26.673  1020.315  1483.40 
2025 01 20 19 42 54.01  30.535  11.006  0003.05  08.29  08.18  303.7  009.26  26.643  1020.290  1483.39 
2025 01 20 19 42 54.14  30.529  11.006  0003.07  08.12  08.18  303.7  009.26  26.637  1020.286  1483.38 
2025 01 20 19 42 54.26  30.542  11.003  0003.05  08.21  08.19  303.7  009.26  26.651  1020.297  1483.39 
2025 01 20 19 42 54.39  30.551  11.005  0003.07  08.52  08.18  304.1  009.29  26.659  1020.303  1483.40 
2025 01 20 19 42 54.51  30.556  11.006  0003.10  08.21  08.18  304.1  009.29  26.663  1020.306  1483.41 
2025 01 20 19 42 54.64  30.561  11.002  0003.12  07.97  08.18  304.1  009.29  26.671  1020.313  1483.40 
2025 01 20 19 42 54.76  30.563  11.001  0003.15  08.04  08.18  304.1  009.29  26.673  1020.315  1483.41 
2025 01 20 19 42 54.89  30.569  10.999  0003.16  08.36  08.18  304.1  009.29  26.680  1020.321  1483.41 
2025 01 20 19 42 55.01  30.572  10.998  0003.18  08.69  08.18  304.1  009.29  26.684  1020.324  1483.41 
2025 01 20 19 42 55.14  30.571  10.999  0003.16  08.67  08.18  304.1  009.29  26.682  1020.323  1483.41 
2025 01 20 19 42 55.26  30.571  10.999  0003.16  08.12  08.18  304.1  009.29  26.682  1020.322  1483.41 
2025 01 20 19 42 55.39  30.573  10.999  0003.16  08.59  08.18  304.1  009.29  26.684  1020.324  1483.41 
2025 01 20 19 42 55.51  30.573  11.000  0003.16  08.87  08.18  304.1  009.29  26.683  1020.323  1483.41 
2025 01 20 19 42 55.64  30.574  11.001  0003.16  08.99  08.18  304.1  009.29  26.683  1020.323  1483.42 
2025 01 20 19 42 55.76  30.575  11.000  0003.16  09.23  08.18  304.1  009.29  26.685  1020.325  1483.42 
2025 01 20 19 42 55.89  30.578  11.000  0003.17  08.94  08.18  304.1  009.29  26.688  1020.327  1483.42 
2025 01 20 19 42 56.01  30.583  11.001  0003.17  08.56  08.18  304.1  009.29  26.692  1020.330  1483.43 
2025 01 20 19 42 56.14  30.589  11.001  0003.18  08.31  08.18  304.1  009.26  26.698  1020.334  1483.44 
2025 01 20 19 42 56.26  30.593  11.000  0003.16  08.22  08.17  304.1  009.26  26.703  1020.339  1483.44 
2025 01 20 19 42 56.39  30.597  10.999  0003.18  08.02  08.18  304.1  009.26  26.707  1020.342  1483.44 
2025 01 20 19 42 56.51  30.603  10.996  0003.16  07.83  08.18  304.1  009.26  26.715  1020.349  1483.44 
2025 01 20 19 42 56.64  30.606  10.995  0003.14  07.98  08.19  304.1  009.26  26.719  1020.351  1483.44 
2025 01 20 19 42 56.76  30.596  10.994  0003.12  08.38  08.19  304.1  009.26  26.710  1020.345  1483.42 
2025 01 20 19 42 56.89  30.581  10.994  0003.09  08.24  08.19  304.1  009.26  26.696  1020.333  1483.41 
2025 01 20 19 42 57.01  30.570  10.992  0003.10  08.69  08.19  304.1  009.26  26.687  1020.327  1483.39 
2025 01 20 19 42 57.14  30.573  10.994  0003.08  08.67  08.19  304.1  009.29  26.688  1020.327  1483.40 
2025 01 20 19 42 57.26  30.578  10.995  0003.10  08.93  08.19  304.1  009.29  26.692  1020.330  1483.41 
2025 01 20 19 42 57.39  30.579  10.995  0003.12  09.04  08.19  304.3  009.29  26.693  1020.332  1483.41 
2025 01 20 19 42 57.51  30.586  10.995  0003.15  08.88  08.18  304.3  009.29  26.699  1020.336  1483.41 
2025 01 20 19 42 57.64  30.594  10.993  0003.15  08.86  08.18  304.3  009.29  26.709  1020.344  1483.42 
2025 01 20 19 42 57.76  30.599  10.995  0003.16  09.04  08.18  304.3  009.29  26.713  1020.347  1483.43 
2025 01 20 19 42 57.89  30.597  10.995  0003.16  08.87  08.18  304.3  009.29  26.711  1020.345  1483.43 
2025 01 20 19 42 58.01  30.593  10.994  0003.17  08.86  08.18  304.3  009.29  26.707  1020.342  1483.42 
2025 01 20 19 42 58.14  30.588  10.995  0003.18  09.83  08.18  304.3  009.29  26.702  1020.339  1483.42 
2025 01 20 19 42 58.26  30.586  10.994  0003.16  10.18  08.18  304.3  009.29  26.700  1020.337  1483.41 
2025 01 20 19 42 58.39  30.583  10.993  0003.16  09.52  08.18  304.3  009.29  26.698  1020.336  1483.41 
2025 01 20 19 42 58.51  30.582  10.994  0003.16  09.29  08.18  304.3  009.29  26.696  1020.334  1483.41 
2025 01 20 19 42 58.64  30.582  10.994  0003.15  09.54  08.18  304.3  009.29  26.696  1020.334  1483.41 
2025 01 20 19 42 58.76  30.580  10.994  0003.16  09.46  08.18  304.3  009.29  26.695  1020.333  1483.41 
2025 01 20 19 42 58.89  30.584  10.994  0003.16  08.87  08.18  304.3  009.29  26.698  1020.336  1483.41 
2025 01 20 19 42 59.01  30.588  10.995  0003.17  08.43  08.18  304.3  009.26  26.701  1020.338  1483.42 
2025 01 20 19 42 59.14  30.593  10.995  0003.18  09.18  08.18  304.3  009.29  26.706  1020.342  1483.42 
2025 01 20 19 42 59.26  30.599  10.995  0003.19  09.45  08.18  304.3  009.26  26.712  1020.346  1483.43 
2025 01 20 19 42 59.39  30.606  10.996  0003.19  09.18  08.18  304.3  009.26  26.718  1020.351  1483.44 
2025 01 20 19 42 59.51  30.608  10.996  0003.18  09.16  08.19  304.3  009.26  26.720  1020.352  1483.44 
2025 01 20 19 42 59.64  30.605  10.994  0003.21  09.24  08.19  304.3  009.26  26.719  1020.352  1483.44 
2025 01 20 19 42 59.76  30.603  10.994  0003.20  08.86  08.19  304.3  009.26  26.716  1020.350  1483.43 
2025 01 20 19 42 59.89  30.602  10.994  0003.18  08.38  08.19  304.3  009.26  26.716  1020.349  1483.43 
2025 01 20 19 43 00.01  30.599  10.994  0003.16  07.99  08.19  304.3  009.26  26.713  1020.347  1483.43 
2025 01 20 19 43 00.14  30.591  10.993  0003.14  07.87  08.19  304.3  009.26  26.706  1020.342  1483.42 
2025 01 20 19 43 00.26  30.578  10.992  0003.13  08.18  08.19  304.3  009.26  26.694  1020.333  1483.40 
2025 01 20 19 43 00.39  30.572  10.991  0003.12  08.21  08.19  304.5  009.29  26.689  1020.328  1483.39 
2025 01 20 19 43 00.51  30.570  10.991  0003.12  08.19  08.19  304.5  009.29  26.687  1020.327  1483.39 
2025 01 20 19 43 00.64  30.574  10.993  0003.12  08.11  08.19  304.5  009.29  26.690  1020.330  1483.40 
2025 01 20 19 43 00.76  30.582  10.994  0003.14  08.23  08.19  304.5  009.29  26.696  1020.334  1483.41 
2025 01 20 19 43 00.89  30.578  10.994  0003.14  08.28  08.19  304.5  009.29  26.693  1020.331  1483.40 
2025 01 20 19 43 01.01  30.576  10.994  0003.15  08.53  08.19  304.5  009.29  26.690  1020.330  1483.40 
2025 01 20 19 43 01.14  30.574  10.995  0003.15  08.68  08.19  304.5  009.29  26.688  1020.328  1483.40 
2025 01 20 19 43 01.26  30.575  10.996  0003.16  08.53  08.19  304.5  009.29  26.688  1020.328  1483.41 
2025 01 20 19 43 01.39  30.576  10.996  0003.16  08.54  08.19  304.5  009.29  26.690  1020.329  1483.41 
2025 01 20 19 43 01.51  30.577  10.994  0003.17  09.07  08.19  304.5  009.29  26.691  1020.331  1483.40 
2025 01 20 19 43 01.64  30.580  10.993  0003.17  09.30  08.19  304.5  009.29  26.695  1020.333  1483.40 
2025 01 20 19 43 01.76  30.586  10.994  0003.19  08.84  08.19  304.5  009.29  26.701  1020.338  1483.41 
2025 01 20 19 43 01.89  30.593  10.995  0003.17  08.50  08.19  304.5  009.29  26.706  1020.342  1483.42 
2025 01 20 19 43 02.01  30.600  10.994  0003.21  08.30  08.19  304.5  009.29  26.714  1020.348  1483.43 
2025 01 20 19 43 02.14  30.601  10.995  0003.21  08.33  08.19  304.5  009.29  26.715  1020.349  1483.43 
2025 01 20 19 43 02.26  30.599  10.994  0003.19  08.27  08.18  304.5  009.26  26.713  1020.347  1483.43 
2025 01 20 19 43 02.39  30.599  10.994  0003.18  08.73  08.18  304.5  009.26  26.713  1020.347  1483.43 
2025 01 20 19 43 02.51  30.597  10.993  0003.18  09.01  08.19  304.5  009.26  26.711  1020.346  1483.42 
2025 01 20 19 43 02.64  30.590  10.994  0003.16  08.88  08.19  304.5  009.26  26.705  1020.341  1483.42 
2025 01 20 19 43 02.76  30.583  10.996  0003.15  08.92  08.19  304.5  009.26  26.696  1020.334  1483.42 
2025 01 20 19 43 02.89  30.573  10.997  0003.16  08.59  08.19  304.5  009.26  26.686  1020.325  1483.40 
2025 01 20 19 43 03.01  30.567  10.997  0003.14  08.75  08.19  304.5  009.26  26.680  1020.321  1483.40 
2025 01 20 19 43 03.14  30.570  10.997  0003.13  09.36  08.19  304.5  009.29  26.683  1020.323  1483.40 
2025 01 20 19 43 03.26  30.578  10.995  0003.14  10.15  08.19  304.5  009.29  26.692  1020.331  1483.41 
2025 01 20 19 43 03.39  30.587  10.993  0003.16  10.56  08.19  304.8  009.29  26.702  1020.339  1483.41 
2025 01 20 19 43 03.51  30.589  10.993  0003.17  09.99  08.19  304.8  009.29  26.704  1020.340  1483.41 
2025 01 20 19 43 03.64  30.589  10.993  0003.16  09.62  08.19  304.8  009.29  26.704  1020.340  1483.42 
2025 01 20 19 43 03.76  30.589  10.993  0003.16  09.35  08.19  304.8  009.29  26.704  1020.341  1483.42 
2025 01 20 19 43 03.89  30.589  10.993  0003.16  08.94  08.19  304.8  009.29  26.705  1020.341  1483.41 
2025 01 20 19 43 04.01  30.589  10.994  0003.16  09.07  08.19  304.8  009.29  26.703  1020.339  1483.42 
2025 01 20 19 43 04.14  30.589  10.996  0003.17  09.09  08.19  304.8  009.26  26.702  1020.338  1483.42 
2025 01 20 19 43 04.26  30.592  10.996  0003.17  09.65  08.19  304.8  009.29  26.704  1020.340  1483.43 
2025 01 20 19 43 04.39  30.595  10.996  0003.18  10.34  08.19  304.8  009.29  26.707  1020.342  1483.43 
2025 01 20 19 43 04.51  30.594  10.994  0003.19  09.49  08.19  304.8  009.29  26.708  1020.344  1483.42 
2025 01 20 19 43 04.64  30.594  10.995  0003.19  09.70  08.19  304.8  009.26  26.708  1020.343  1483.43 
2025 01 20 19 43 04.76  30.594  10.994  0003.21  10.33  08.19  304.8  009.29  26.708  1020.344  1483.42 
2025 01 20 19 43 04.89  30.593  10.995  0003.18  10.16  08.19  304.8  009.29  26.707  1020.342  1483.42 
2025 01 20 19 43 05.01  30.590  10.994  0003.18  10.74  08.19  304.8  009.29  26.704  1020.341  1483.42 
2025 01 20 19 43 05.14  30.582  10.994  0003.16  10.74  08.19  304.8  009.29  26.696  1020.334  1483.41 
2025 01 20 19 43 05.26  30.578  10.993  0003.16  10.98  08.18  304.8  009.26  26.693  1020.332  1483.40 
2025 01 20 19 43 05.39  30.576  10.993  0003.16  10.37  08.18  304.8  009.26  26.691  1020.330  1483.40 
2025 01 20 19 43 05.51  30.577  10.993  0003.14  09.76  08.19  304.8  009.26  26.692  1020.331  1483.40 
2025 01 20 19 43 05.64  30.582  10.992  0003.16  09.44  08.19  304.8  009.26  26.698  1020.336  1483.40 
2025 01 20 19 43 05.76  30.585  10.992  0003.16  08.87  08.19  304.8  009.26  26.700  1020.338  1483.41 
2025 01 20 19 43 05.89  30.584  10.994  0003.17  09.04  08.19  304.8  009.26  26.698  1020.336  1483.41 
2025 01 20 19 43 06.01  30.587  10.993  0003.20  09.18  08.19  304.8  009.26  26.702  1020.339  1483.41 
2025 01 20 19 43 06.14  30.594  10.992  0003.20  09.08  08.19  304.8  009.26  26.710  1020.345  1483.42 
2025 01 20 19 43 06.26  30.600  10.993  0003.23  09.07  08.19  304.8  009.26  26.714  1020.348  1483.43 
2025 01 20 19 43 06.39  30.599  10.993  0003.22  08.93  08.19  304.9  009.29  26.713  1020.348  1483.43 
2025 01 20 19 43 06.51  30.592  10.994  0003.19  09.22  08.19  304.9  009.29  26.706  1020.342  1483.42 
2025 01 20 19 43 06.64  30.591  10.994  0003.19  09.28  08.19  304.9  009.29  26.705  1020.341  1483.42 
2025 01 20 19 43 06.76  30.589  10.994  0003.16  08.94  08.19  304.9  009.29  26.703  1020.339  1483.42 
2025 01 20 19 43 06.89  30.582  10.994  0003.14  08.68  08.19  304.9  009.29  26.697  1020.334  1483.41 
2025 01 20 19 43 07.01  30.578  10.993  0003.12  08.72  08.19  304.9  009.29  26.693  1020.331  1483.40 
2025 01 20 19 43 07.14  30.572  10.993  0003.10  08.80  08.19  304.9  009.29  26.687  1020.327  1483.39 
2025 01 20 19 43 07.26  30.575  10.994  0003.08  08.47  08.19  304.9  009.29  26.690  1020.329  1483.40 
2025 01 20 19 43 07.39  30.580  10.995  0003.10  08.80  08.19  304.9  009.29  26.694  1020.332  1483.41 
2025 01 20 19 43 07.51  30.582  10.995  0003.13  09.16  08.19  304.9  009.29  26.695  1020.333  1483.41 
2025 01 20 19 43 07.64  30.575  10.996  0003.13  09.45  08.19  304.9  009.29  26.688  1020.327  1483.41 
2025 01 20 19 43 07.76  30.576  10.995  0003.16  09.37  08.19  304.9  009.26  26.690  1020.329  1483.41 
2025 01 20 19 43 07.89  30.582  10.995  0003.18  08.98  08.19  304.9  009.29  26.696  1020.334  1483.41 
2025 01 20 19 43 08.01  30.589  10.994  0003.19  09.02  08.19  304.9  009.29  26.704  1020.340  1483.42 
2025 01 20 19 43 08.14  30.590  10.995  0003.17  09.02  08.19  304.9  009.29  26.704  1020.340  1483.42 
2025 01 20 19 43 08.26  30.588  10.996  0003.19  08.77  08.18  304.9  009.26  26.701  1020.338  1483.42 
2025 01 20 19 43 08.39  30.585  10.996  0003.18  08.38  08.19  304.9  009.26  26.698  1020.335  1483.42 
2025 01 20 19 43 08.51  30.581  10.996  0003.16  08.08  08.19  304.9  009.26  26.694  1020.332  1483.41 
2025 01 20 19 43 08.64  30.575  10.996  0003.17  08.83  08.19  304.9  009.26  26.689  1020.328  1483.41 
2025 01 20 19 43 08.76  30.572  10.996  0003.16  08.81  08.19  304.9  009.26  26.686  1020.326  1483.40 
2025 01 20 19 43 08.89  30.570  10.998  0003.15  08.80  08.19  304.9  009.26  26.682  1020.323  1483.41 
2025 01 20 19 43 09.01  30.572  10.996  0003.16  08.79  08.19  304.9  009.26  26.685  1020.325  1483.40 
2025 01 20 19 43 09.14  30.575  10.996  0003.16  08.33  08.19  304.9  009.26  26.688  1020.328  1483.41 
2025 01 20 19 43 09.26  30.579  10.996  0003.16  08.14  08.19  304.9  009.29  26.693  1020.331  1483.41 
2025 01 20 19 43 09.39  30.581  10.994  0003.17  08.20  08.19  304.8  009.29  26.695  1020.333  1483.41 
2025 01 20 19 43 09.51  30.583  10.995  0003.16  08.23  08.19  304.8  009.29  26.697  1020.334  1483.41 
2025 01 20 19 43 09.64  30.586  10.996  0003.19  08.49  08.19  304.8  009.29  26.699  1020.336  1483.42 
2025 01 20 19 43 09.76  30.590  10.995  0003.21  08.47  08.19  304.8  009.29  26.704  1020.340  1483.42 
2025 01 20 19 43 09.89  30.592  10.996  0003.19  08.32  08.19  304.8  009.29  26.705  1020.341  1483.42 
2025 01 20 19 43 10.01  30.591  10.996  0003.20  08.26  08.19  304.8  009.29  26.704  1020.340  1483.42 
2025 01 20 19 43 10.14  30.586  10.996  0003.16  07.91  08.19  304.8  009.29  26.699  1020.336  1483.42 
2025 01 20 19 43 10.26  30.579  10.995  0003.16  07.73  08.19  304.8  009.29  26.693  1020.332  1483.41 
2025 01 20 19 43 10.39  30.566  10.995  0003.12  08.40  08.19  304.8  009.29  26.681  1020.322  1483.39 
2025 01 20 19 43 10.51  30.555  10.995  0003.11  08.38  08.19  304.8  009.29  26.670  1020.314  1483.38 
2025 01 20 19 43 10.64  30.550  10.995  0003.10  08.74  08.19  304.8  009.29  26.666  1020.310  1483.37 
2025 01 20 19 43 10.76  30.554  10.995  0003.09  08.81  08.19  304.8  009.29  26.669  1020.313  1483.38 
2025 01 20 19 43 10.89  30.559  10.996  0003.11  08.78  08.19  304.8  009.29  26.673  1020.315  1483.39 
2025 01 20 19 43 11.01  30.562  10.996  0003.14  08.52  08.19  304.8  009.29  26.676  1020.318  1483.39 
2025 01 20 19 43 11.14  30.566  10.996  0003.16  08.43  08.19  304.8  009.29  26.679  1020.321  1483.39 
2025 01 20 19 43 11.26  30.575  10.996  0003.19  08.34  08.18  304.8  009.26  26.688  1020.328  1483.41 
2025 01 20 19 43 11.39  30.589  10.996  0003.20  08.24  08.19  304.8  009.26  26.701  1020.338  1483.42 
2025 01 20 19 43 11.51  30.595  10.996  0003.22  08.50  08.19  304.8  009.26  26.708  1020.343  1483.43 
2025 01 20 19 43 11.64  30.589  10.997  0003.21  08.61  08.19  304.8  009.26  26.702  1020.338  1483.43 
2025 01 20 19 43 11.76  30.582  10.997  0003.21  08.46  08.19  304.8  009.26  26.694  1020.332  1483.42 
2025 01 20 19 43 11.89  30.588  10.996  0003.20  08.35  08.19  304.8  009.26  26.700  1020.337  1483.42 
2025 01 20 19 43 12.01  30.592  10.995  0003.18  08.30  08.19  304.8  009.26  26.705  1020.341  1483.42 
2025 01 20 19 43 12.14  30.586  10.995  0003.16  08.23  08.19  304.8  009.26  26.699  1020.337  1483.41 
2025 01 20 19 43 12.26  30.574  10.994  0003.14  08.71  08.19  304.8  009.29  26.689  1020.328  1483.40 
2025 01 20 19 43 12.39  30.570  10.995  0003.13  08.84  08.19  304.9  009.29  26.685  1020.325  1483.40 
2025 01 20 19 43 12.51  30.578  10.996  0003.14  08.99  08.19  304.9  009.29  26.692  1020.330  1483.41 
2025 01 20 19 43 12.64  30.584  10.996  0003.15  08.75  08.19  304.9  009.29  26.697  1020.334  1483.42 
2025 01 20 19 43 12.76  30.586  10.996  0003.17  08.64  08.19  304.9  009.29  26.699  1020.336  1483.42 
2025 01 20 19 43 12.89  30.590  10.996  0003.18  08.76  08.19  304.9  009.29  26.703  1020.339  1483.42 
2025 01 20 19 43 13.01  30.592  10.996  0003.19  08.80  08.19  304.9  009.29  26.704  1020.340  1483.43 
2025 01 20 19 43 13.14  30.593  10.996  0003.20  08.45  08.19  304.9  009.29  26.706  1020.341  1483.43 
2025 01 20 19 43 13.26  30.589  10.996  0003.18  08.90  08.19  304.9  009.29  26.702  1020.338  1483.42 
2025 01 20 19 43 13.39  30.587  10.996  0003.16  08.35  08.19  304.9  009.29  26.700  1020.337  1483.42 
2025 01 20 19 43 13.51  30.584  10.996  0003.15  07.97  08.19  304.9  009.29  26.697  1020.334  1483.42 
2025 01 20 19 43 13.64  30.574  10.995  0003.12  08.10  08.19  304.9  009.29  26.688  1020.327  1483.40 
2025 01 20 19 43 13.76  30.566  10.995  0003.10  08.06  08.19  304.9  009.29  26.681  1020.321  1483.39 
2025 01 20 19 43 13.89  30.562  10.994  0003.11  08.45  08.19  304.9  009.26  26.677  1020.319  1483.39 
2025 01 20 19 43 14.01  30.569  10.994  0003.11  08.92  08.19  304.9  009.29  26.684  1020.324  1483.39 
2025 01 20 19 43 14.14  30.578  10.995  0003.14  09.05  08.19  304.9  009.26  26.691  1020.330  1483.41 
2025 01 20 19 43 14.26  30.579  10.996  0003.15  08.76  08.19  304.9  009.26  26.692  1020.331  1483.41 
2025 01 20 19 43 14.39  30.582  10.995  0003.16  09.03  08.19  304.9  009.26  26.695  1020.333  1483.41 
2025 01 20 19 43 14.51  30.586  10.995  0003.20  09.38  08.20  304.9  009.26  26.700  1020.337  1483.42 
2025 01 20 19 43 14.64  30.591  10.996  0003.20  09.07  08.20  304.9  009.26  26.704  1020.340  1483.42 
2025 01 20 19 43 14.76  30.591  10.996  0003.20  08.99  08.20  304.9  009.26  26.704  1020.340  1483.42 
2025 01 20 19 43 14.89  30.586  10.995  0003.21  08.88  08.20  304.9  009.26  26.700  1020.337  1483.42 
2025 01 20 19 43 15.01  30.584  10.996  0003.18  08.36  08.20  304.9  009.26  26.697  1020.334  1483.42 
2025 01 20 19 43 15.14  30.586  10.996  0003.16  08.30  08.20  304.9  009.29  26.698  1020.335  1483.42 
2025 01 20 19 43 15.26  30.584  10.996  0003.15  08.40  08.20  304.9  009.29  26.697  1020.334  1483.42 
2025 01 20 19 43 15.39  30.578  10.996  0003.14  08.89  08.19  304.8  009.29  26.691  1020.330  1483.41 
2025 01 20 19 43 15.51  30.578  10.995  0003.13  08.92  08.19  304.8  009.29  26.692  1020.331  1483.41 
2025 01 20 19 43 15.64  30.581  10.995  0003.14  09.28  08.19  304.8  009.29  26.694  1020.332  1483.41 
2025 01 20 19 43 15.76  30.588  10.995  0003.14  09.29  08.19  304.8  009.29  26.702  1020.338  1483.42 
2025 01 20 19 43 15.89  30.593  10.994  0003.16  09.33  08.19  304.8  009.29  26.708  1020.343  1483.42 
2025 01 20 19 43 16.01  30.597  10.994  0003.17  09.16  08.19  304.8  009.29  26.710  1020.345  1483.43 
2025 01 20 19 43 16.14  30.601  10.995  0003.19  09.40  08.19  304.8  009.29  26.715  1020.348  1483.43 
2025 01 20 19 43 16.26  30.608  10.994  0003.19  09.38  08.19  304.8  009.29  26.722  1020.354  1483.44 
2025 01 20 19 43 16.39  30.607  10.993  0003.20  08.85  08.19  304.8  009.29  26.721  1020.354  1483.44 
2025 01 20 19 43 16.51  30.601  10.995  0003.18  09.42  08.19  304.8  009.29  26.714  1020.348  1483.43 
2025 01 20 19 43 16.64  30.596  10.995  0003.18  09.51  08.19  304.8  009.29  26.709  1020.344  1483.43 
2025 01 20 19 43 16.76  30.592  10.995  0003.15  09.04  08.19  304.8  009.29  26.705  1020.341  1483.42 
2025 01 20 19 43 16.89  30.585  10.998  0003.12  08.77  08.19  304.8  009.29  26.697  1020.334  1483.42 
2025 01 20 19 43 17.01  30.580  10.997  0003.12  09.23  08.19  304.8  009.29  26.692  1020.331  1483.41 
2025 01 20 19 43 17.14  30.579  10.996  0003.08  08.83  08.19  304.8  009.29  26.692  1020.330  1483.41 
2025 01 20 19 43 17.26  30.583  10.996  0003.09  08.76  08.19  304.8  009.26  26.696  1020.334  1483.41 
2025 01 20 19 43 17.39  30.582  10.998  0003.11  08.72  08.19  304.8  009.26  26.694  1020.332  1483.42 
2025 01 20 19 43 17.51  30.583  10.996  0003.15  08.63  08.20  304.8  009.26  26.696  1020.334  1483.41 
2025 01 20 19 43 17.64  30.589  10.995  0003.16  08.81  08.20  304.8  009.26  26.702  1020.339  1483.42 
2025 01 20 19 43 17.76  30.594  10.993  0003.18  09.00  08.20  304.8  009.26  26.709  1020.345  1483.42 
2025 01 20 19 43 17.89  30.605  10.994  0003.20  08.60  08.20  304.8  009.26  26.718  1020.352  1483.43 
2025 01 20 19 43 18.01  30.607  10.994  0003.19  08.32  08.20  304.8  009.26  26.721  1020.353  1483.44 
2025 01 20 19 43 18.14  30.601  10.996  0003.18  08.09  08.20  304.8  009.26  26.714  1020.348  1483.44 
2025 01 20 19 43 18.26  30.593  10.996  0003.19  08.00  08.20  304.8  009.26  26.706  1020.341  1483.43 
2025 01 20 19 43 18.39  30.590  10.996  0003.18  07.86  08.19  305.6  009.29  26.703  1020.339  1483.42 
2025 01 20 19 43 18.51  30.588  10.995  0003.15  08.22  08.19  305.6  009.29  26.701  1020.338  1483.42 
2025 01 20 19 43 18.64  30.582  10.995  0003.13  08.80  08.19  305.6  009.29  26.696  1020.333  1483.41 
2025 01 20 19 43 18.76  30.577  10.995  0003.13  09.21  08.19  305.6  009.29  26.691  1020.330  1483.40 
2025 01 20 19 43 18.89  30.582  10.995  0003.12  09.80  08.19  305.6  009.29  26.695  1020.333  1483.41 
2025 01 20 19 43 19.01  30.589  10.995  0003.16  09.03  08.19  305.6  009.29  26.702  1020.339  1483.42 
2025 01 20 19 43 19.14  30.592  10.995  0003.17  08.41  08.20  305.6  009.29  26.705  1020.341  1483.42 
2025 01 20 19 43 19.26  30.597  10.995  0003.17  08.26  08.19  305.6  009.29  26.710  1020.345  1483.43 
2025 01 20 19 43 19.39  30.601  10.996  0003.19  08.34  08.19  305.6  009.29  26.714  1020.348  1483.44 
2025 01 20 19 43 19.51  30.601  10.996  0003.20  09.14  08.19  305.6  009.29  26.713  1020.347  1483.44 
2025 01 20 19 43 19.64  30.598  10.995  0003.19  10.05  08.19  305.6  009.29  26.711  1020.346  1483.43 
2025 01 20 19 43 19.76  30.594  10.995  0003.17  09.75  08.19  305.6  009.29  26.708  1020.343  1483.43 
2025 01 20 19 43 19.89  30.589  10.996  0003.17  09.28  08.19  305.6  009.29  26.702  1020.338  1483.42 
2025 01 20 19 43 20.01  30.586  10.996  0003.14  09.21  08.20  305.6  009.29  26.698  1020.335  1483.42 
2025 01 20 19 43 20.14  30.584  10.997  0003.14  09.13  08.19  305.6  009.26  26.696  1020.333  1483.42 
2025 01 20 19 43 20.26  30.580  10.996  0003.12  08.73  08.19  305.6  009.26  26.693  1020.331  1483.41 
2025 01 20 19 43 20.39  30.577  10.996  0003.10  08.57  08.19  305.6  009.26  26.690  1020.329  1483.41 
2025 01 20 19 43 20.51  30.580  10.997  0003.09  08.67  08.20  305.6  009.26  26.693  1020.331  1483.41 
2025 01 20 19 43 20.64  30.586  10.998  0003.11  08.31  08.20  305.6  009.26  26.697  1020.334  1483.42 
2025 01 20 19 43 20.76  30.586  10.995  0003.14  08.14  08.20  305.6  009.26  26.699  1020.336  1483.42 
2025 01 20 19 43 20.89  30.587  10.996  0003.16  08.90  08.20  305.6  009.26  26.700  1020.337  1483.42 
2025 01 20 19 43 21.01  30.590  10.997  0003.17  09.49  08.20  305.6  009.26  26.703  1020.339  1483.43 
2025 01 20 19 43 21.14  30.596  10.997  0003.19  09.05  08.20  305.6  009.29  26.707  1020.342  1483.43 
2025 01 20 19 43 21.26  30.602  10.998  0003.21  08.55  08.20  305.6  009.29  26.713  1020.347  1483.44 
2025 01 20 19 43 21.39  30.601  10.997  0003.21  08.38  08.20  305.6  009.29  26.712  1020.346  1483.44 
2025 01 20 19 43 21.51  30.595  10.996  0003.20  07.98  08.19  305.6  009.29  26.708  1020.343  1483.43 
2025 01 20 19 43 21.64  30.592  10.997  0003.19  07.55  08.20  305.6  009.29  26.704  1020.340  1483.43 
2025 01 20 19 43 21.76  30.590  10.997  0003.16  07.53  08.19  305.6  009.29  26.702  1020.338  1483.43 
2025 01 20 19 43 21.89  30.586  11.000  0003.14  07.99  08.19  305.6  009.29  26.696  1020.333  1483.43 
2025 01 20 19 43 22.01  30.582  10.998  0003.15  08.92  08.19  305.6  009.29  26.694  1020.331  1483.42 
2025 01 20 19 43 22.14  30.581  10.997  0003.14  08.84  08.20  305.6  009.29  26.693  1020.331  1483.41 
2025 01 20 19 43 22.26  30.584  10.997  0003.14  08.97  08.19  305.6  009.29  26.696  1020.333  1483.42 
2025 01 20 19 43 22.39  30.590  10.998  0003.14  08.85  08.20  305.6  009.29  26.702  1020.338  1483.43 
2025 01 20 19 43 22.51  30.596  10.998  0003.14  08.32  08.20  305.6  009.29  26.707  1020.342  1483.43 
2025 01 20 19 43 22.64  30.599  10.996  0003.16  08.28  08.20  305.6  009.29  26.711  1020.345  1483.43 
2025 01 20 19 43 22.76  30.603  10.997  0003.16  08.22  08.19  305.6  009.29  26.715  1020.348  1483.44 
2025 01 20 19 43 22.89  30.605  10.997  0003.16  08.04  08.20  305.6  009.29  26.716  1020.349  1483.44 
2025 01 20 19 43 23.01  30.604  10.997  0003.16  08.33  08.20  305.6  009.29  26.715  1020.348  1483.44 
2025 01 20 19 43 23.14  30.602  10.997  0003.15  09.42  08.20  305.6  009.29  26.714  1020.347  1483.44 
2025 01 20 19 43 23.26  30.602  10.997  0003.16  09.78  08.19  305.6  009.26  26.714  1020.347  1483.44 
2025 01 20 19 43 23.39  30.603  10.997  0003.16  09.66  08.19  305.6  009.26  26.714  1020.348  1483.44 
2025 01 20 19 43 23.51  30.604  10.997  0003.16  09.28  08.20  305.6  009.26  26.715  1020.348  1483.44 
2025 01 20 19 43 23.64  30.606  10.996  0003.16  09.61  08.20  305.6  009.26  26.719  1020.351  1483.44 
2025 01 20 19 43 23.76  30.609  10.995  0003.16  09.38  08.20  305.6  009.26  26.722  1020.354  1483.44 
2025 01 20 19 43 23.89  30.611  10.995  0003.17  08.82  08.20  305.6  009.26  26.723  1020.355  1483.45 
2025 01 20 19 43 24.01  30.613  10.995  0003.18  08.98  08.20  305.6  009.26  26.725  1020.357  1483.45 
2025 01 20 19 43 24.14  30.613  10.994  0003.18  09.20  08.20  305.6  009.26  26.727  1020.358  1483.45 
2025 01 20 19 43 24.26  30.608  10.994  0003.16  09.12  08.20  305.6  009.26  26.722  1020.354  1483.44 
2025 01 20 19 43 24.39  30.598  10.996  0003.16  08.51  08.20  305.6  009.29  26.711  1020.345  1483.43 
2025 01 20 19 43 24.51  30.590  10.996  0003.14  08.08  08.20  305.6  009.29  26.703  1020.339  1483.42 
2025 01 20 19 43 24.64  30.581  10.995  0003.14  08.12  08.20  305.6  009.29  26.694  1020.332  1483.41 
2025 01 20 19 43 24.76  30.575  10.995  0003.13  08.21  08.20  305.6  009.29  26.689  1020.328  1483.40 
2025 01 20 19 43 24.89  30.574  10.994  0003.12  08.08  08.20  305.6  009.29  26.689  1020.328  1483.40 
2025 01 20 19 43 25.01  30.577  10.997  0003.14  08.51  08.20  305.6  009.29  26.690  1020.328  1483.41 
2025 01 20 19 43 25.14  30.584  10.996  0003.13  08.70  08.20  305.6  009.29  26.697  1020.334  1483.42 
2025 01 20 19 43 25.26  30.596  10.996  0003.13  08.78  08.20  305.6  009.29  26.708  1020.343  1483.43 
2025 01 20 19 43 25.39  30.607  10.996  0003.14  09.06  08.20  305.6  009.29  26.719  1020.351  1483.44 
2025 01 20 19 43 25.51  30.618  10.996  0003.16  11.84  08.20  305.6  009.29  26.730  1020.360  1483.46 
2025 01 20 19 43 25.64  30.623  10.995  0003.17  17.82  08.20  305.6  009.29  26.735  1020.364  1483.46 
2025 01 20 19 43 25.76  30.621  10.995  0003.18  17.92  08.19  305.6  009.29  26.733  1020.363  1483.46 
2025 01 20 19 43 25.89  30.619  10.994  0003.19  14.83  08.20  305.6  009.29  26.732  1020.362  1483.45 
2025 01 20 19 43 26.01  30.617  10.995  0003.21  12.02  08.20  305.6  009.29  26.730  1020.361  1483.45 
2025 01 20 19 43 26.14  30.613  10.996  0003.18  10.45  08.19  305.6  009.29  26.725  1020.356  1483.45 
2025 01 20 19 43 26.26  30.607  10.996  0003.18  09.35  08.19  305.6  009.26  26.719  1020.352  1483.44 
2025 01 20 19 43 26.39  30.597  10.996  0003.16  08.94  08.19  305.6  009.26  26.710  1020.344  1483.43 
2025 01 20 19 43 26.51  30.593  10.996  0003.14  08.98  08.20  305.6  009.26  26.706  1020.341  1483.43 
2025 01 20 19 43 26.64  30.589  10.995  0003.12  08.52  08.20  305.6  009.26  26.702  1020.338  1483.42 
2025 01 20 19 43 26.76  30.583  10.996  0003.11  08.45  08.20  305.6  009.26  26.696  1020.333  1483.42 
2025 01 20 19 43 26.89  30.581  10.995  0003.12  08.38  08.20  305.6  009.26  26.694  1020.332  1483.41 
2025 01 20 19 43 27.01  30.589  10.997  0003.12  08.74  08.20  305.6  009.26  26.701  1020.337  1483.42 
2025 01 20 19 43 27.14  30.596  10.996  0003.11  08.96  08.20  305.6  009.29  26.709  1020.343  1483.43 
2025 01 20 19 43 27.26  30.597  10.996  0003.12  09.54  08.20  305.6  009.29  26.709  1020.344  1483.43 
2025 01 20 19 43 27.39  30.598  10.996  0003.15  09.00  08.20  305.6  009.29  26.711  1020.345  1483.43 
2025 01 20 19 43 27.51  30.600  10.995  0003.17  08.73  08.20  305.6  009.29  26.713  1020.347  1483.43 
2025 01 20 19 43 27.64  30.601  10.996  0003.17  08.37  08.20  305.6  009.29  26.714  1020.348  1483.44 
2025 01 20 19 43 27.76  30.604  10.995  0003.17  08.42  08.20  305.6  009.29  26.717  1020.350  1483.44 
2025 01 20 19 43 27.89  30.605  10.996  0003.19  08.86  08.20  305.6  009.29  26.717  1020.350  1483.44 
2025 01 20 19 43 28.01  30.605  10.996  0003.18  09.11  08.20  305.6  009.29  26.716  1020.349  1483.44 
2025 01 20 19 43 28.14  30.604  10.995  0003.17  08.89  08.20  305.6  009.29  26.716  1020.350  1483.44 
2025 01 20 19 43 28.26  30.601  10.996  0003.16  08.52  08.20  305.6  009.29  26.714  1020.347  1483.44 
2025 01 20 19 43 28.39  30.601  10.997  0003.16  08.57  08.20  305.6  009.26  26.713  1020.347  1483.44 
2025 01 20 19 43 28.51  30.596  10.997  0003.15  08.61  08.20  305.6  009.29  26.708  1020.342  1483.43 
2025 01 20 19 43 28.64  30.591  10.997  0003.14  08.58  08.20  305.6  009.29  26.703  1020.339  1483.43 
2025 01 20 19 43 28.76  30.588  10.997  0003.14  08.21  08.20  305.6  009.29  26.700  1020.336  1483.42 
2025 01 20 19 43 28.89  30.587  10.997  0003.14  08.38  08.20  305.6  009.29  26.699  1020.336  1483.42 
2025 01 20 19 43 29.01  30.589  10.998  0003.15  08.83  08.20  305.6  009.29  26.700  1020.337  1483.43 
2025 01 20 19 43 29.14  30.597  10.997  0003.16  09.11  08.20  305.6  009.29  26.709  1020.344  1483.43 
2025 01 20 19 43 29.26  30.601  10.997  0003.16  09.25  08.19  305.6  009.26  26.712  1020.346  1483.44 
2025 01 20 19 43 29.39  30.605  10.995  0003.19  09.04  08.19  305.6  009.26  26.717  1020.350  1483.44 
2025 01 20 19 43 29.51  30.613  10.995  0003.18  08.54  08.20  305.6  009.26  26.726  1020.357  1483.45 
2025 01 20 19 43 29.64  30.616  10.997  0003.18  08.41  08.20  305.6  009.26  26.727  1020.358  1483.46 
2025 01 20 19 43 29.76  30.611  10.997  0003.20  08.77  08.20  305.6  009.26  26.722  1020.354  1483.45 
2025 01 20 19 43 29.89  30.609  10.995  0003.17  08.67  08.20  305.6  009.26  26.721  1020.353  1483.44 
2025 01 20 19 43 30.01  30.607  10.996  0003.17  08.24  08.20  305.6  009.26  26.719  1020.352  1483.44 
2025 01 20 19 43 30.14  30.601  10.995  0003.15  08.26  08.20  305.6  009.26  26.714  1020.348  1483.43 
2025 01 20 19 43 30.26  30.589  10.997  0003.10  08.61  08.20  305.6  009.26  26.702  1020.338  1483.42 
2025 01 20 19 43 30.39  30.581  10.997  0003.10  08.76  08.20  306.0  009.29  26.693  1020.331  1483.42 
2025 01 20 19 43 30.51  30.576  10.997  0003.08  08.62  08.20  306.0  009.29  26.688  1020.327  1483.41 
2025 01 20 19 43 30.64  30.582  10.997  0003.08  08.59  08.20  306.0  009.29  26.695  1020.332  1483.42 
2025 01 20 19 43 30.76  30.589  10.997  0003.10  09.11  08.20  306.0  009.29  26.701  1020.337  1483.42 
2025 01 20 19 43 30.89  30.586  10.997  0003.12  09.39  08.20  306.0  009.29  26.698  1020.335  1483.42 
2025 01 20 19 43 31.01  30.586  10.996  0003.15  08.95  08.20  306.0  009.29  26.698  1020.335  1483.42 
2025 01 20 19 43 31.14  30.592  10.995  0003.17  08.58  08.20  306.0  009.29  26.705  1020.341  1483.42 
2025 01 20 19 43 31.26  30.605  10.995  0003.20  08.26  08.20  306.0  009.29  26.718  1020.351  1483.44 
2025 01 20 19 43 31.39  30.612  10.997  0003.21  08.20  08.20  306.0  009.29  26.723  1020.355  1483.45 
2025 01 20 19 43 31.51  30.613  10.996  0003.22  08.90  08.20  306.0  009.29  26.725  1020.356  1483.45 
2025 01 20 19 43 31.64  30.608  10.995  0003.21  08.60  08.20  306.0  009.29  26.721  1020.353  1483.44 
2025 01 20 19 43 31.76  30.605  10.996  0003.22  08.21  08.20  306.0  009.29  26.717  1020.350  1483.44 
2025 01 20 19 43 31.89  30.601  10.996  0003.17  08.94  08.20  306.0  009.29  26.714  1020.347  1483.44 
2025 01 20 19 43 32.01  30.600  10.996  0003.15  08.70  08.20  306.0  009.29  26.712  1020.346  1483.43 
2025 01 20 19 43 32.14  30.603  10.996  0003.14  08.48  08.20  306.0  009.26  26.715  1020.349  1483.44 
2025 01 20 19 43 32.26  30.607  10.996  0003.12  08.09  08.19  306.0  009.26  26.719  1020.352  1483.44 
2025 01 20 19 43 32.39  30.607  10.996  0003.12  08.02  08.19  306.0  009.26  26.719  1020.351  1483.44 
2025 01 20 19 43 32.51  30.605  10.997  0003.12  08.06  08.20  306.0  009.26  26.717  1020.350  1483.44 
2025 01 20 19 43 32.64  30.603  10.996  0003.15  08.07  08.20  306.0  009.26  26.715  1020.349  1483.44 
2025 01 20 19 43 32.76  30.600  10.996  0003.16  07.75  08.20  306.0  009.26  26.712  1020.346  1483.44 
2025 01 20 19 43 32.89  30.601  10.997  0003.16  08.16  08.20  306.0  009.26  26.713  1020.346  1483.44 
2025 01 20 19 43 33.01  30.601  10.996  0003.17  08.66  08.20  306.0  009.26  26.714  1020.347  1483.44 
2025 01 20 19 43 33.14  30.602  10.996  0003.16  08.67  08.20  306.0  009.29  26.715  1020.348  1483.44 
2025 01 20 19 43 33.26  30.605  10.996  0003.16  08.66  08.20  306.0  009.29  26.718  1020.350  1483.44 
2025 01 20 19 43 33.39  30.607  10.996  0003.15  08.90  08.20  306.1  009.29  26.719  1020.351  1483.44 
2025 01 20 19 43 33.51  30.606  10.996  0003.14  09.09  08.20  306.1  009.29  26.718  1020.351  1483.44 
2025 01 20 19 43 33.64  30.604  10.996  0003.12  08.81  08.20  306.1  009.29  26.716  1020.349  1483.44 
2025 01 20 19 43 33.76  30.603  10.995  0003.11  08.70  08.20  306.1  009.29  26.716  1020.349  1483.44 
2025 01 20 19 43 33.89  30.605  10.996  0003.13  08.56  08.20  306.1  009.29  26.718  1020.350  1483.44 
2025 01 20 19 43 34.01  30.607  10.997  0003.15  08.40  08.20  306.1  009.29  26.718  1020.351  1483.45 
2025 01 20 19 43 34.14  30.606  10.997  0003.16  08.26  08.20  306.1  009.29  26.718  1020.350  1483.44 
2025 01 20 19 43 34.26  30.607  10.998  0003.16  08.33  08.20  306.1  009.29  26.718  1020.350  1483.45 
2025 01 20 19 43 34.39  30.608  10.997  0003.20  08.72  08.20  306.1  009.29  26.719  1020.352  1483.45 
2025 01 20 19 43 34.51  30.609  10.996  0003.20  08.39  08.20  306.1  009.29  26.721  1020.353  1483.45 
2025 01 20 19 43 34.64  30.612  10.997  0003.19  08.12  08.20  306.1  009.29  26.723  1020.355  1483.45 
2025 01 20 19 43 34.76  30.613  10.996  0003.20  08.31  08.20  306.1  009.29  26.726  1020.357  1483.45 
2025 01 20 19 43 34.89  30.617  10.995  0003.18  08.29  08.20  306.1  009.29  26.729  1020.360  1483.45 
2025 01 20 19 43 35.01  30.620  10.995  0003.18  07.97  08.20  306.1  009.29  26.732  1020.362  1483.46 
2025 01 20 19 43 35.14  30.622  10.996  0003.19  08.10  08.20  306.1  009.29  26.734  1020.363  1483.46 
2025 01 20 19 43 35.26  30.623  10.996  0003.18  09.02  08.19  306.1  009.26  26.735  1020.364  1483.46 
2025 01 20 19 43 35.39  30.624  10.995  0003.16  09.11  08.19  306.1  009.26  26.736  1020.365  1483.46 
2025 01 20 19 43 35.51  30.625  10.994  0003.16  09.20  08.20  306.1  009.26  26.737  1020.366  1483.46 
2025 01 20 19 43 35.64  30.624  10.995  0003.18  10.83  08.20  306.1  009.26  26.736  1020.365  1483.46 
2025 01 20 19 43 35.76  30.623  10.996  0003.18  10.64  08.20  306.1  009.26  26.735  1020.364  1483.46 
2025 01 20 19 43 35.89  30.622  10.997  0003.18  10.27  08.20  306.1  009.26  26.733  1020.362  1483.46 
2025 01 20 19 43 36.01  30.621  10.998  0003.17  09.92  08.20  306.1  009.26  26.732  1020.361  1483.46 
2025 01 20 19 43 36.14  30.622  10.996  0003.18  10.16  08.20  306.1  009.26  26.733  1020.363  1483.46 
2025 01 20 19 43 36.26  30.624  10.997  0003.18  09.72  08.20  306.1  009.29  26.734  1020.363  1483.47 
2025 01 20 19 43 36.39  30.625  10.998  0003.17  09.11  08.20  306.1  009.29  26.736  1020.364  1483.47 
2025 01 20 19 43 36.51  30.627  10.997  0003.17  08.60  08.20  306.1  009.29  26.738  1020.366  1483.47 
2025 01 20 19 43 36.64  30.628  10.996  0003.17  08.01  08.20  306.1  009.29  26.740  1020.367  1483.47 
2025 01 20 19 43 36.76  30.627  10.995  0003.16  07.90  08.20  306.1  009.29  26.739  1020.367  1483.46 
2025 01 20 19 43 36.89  30.626  10.994  0003.17  08.13  08.20  306.1  009.29  26.739  1020.367  1483.46 
2025 01 20 19 43 37.01  30.625  10.991  0003.16  08.35  08.20  306.1  009.29  26.739  1020.368  1483.45 
2025 01 20 19 43 37.14  30.622  10.991  0003.15  09.14  08.20  306.1  009.29  26.737  1020.366  1483.45 
2025 01 20 19 43 37.26  30.620  10.990  0003.15  08.93  08.20  306.1  009.29  26.736  1020.366  1483.44 
2025 01 20 19 43 37.39  30.621  10.991  0003.15  08.66  08.20  306.1  009.29  26.736  1020.365  1483.45 
2025 01 20 19 43 37.51  30.623  10.993  0003.16  08.45  08.20  306.1  009.29  26.737  1020.366  1483.45 
2025 01 20 19 43 37.64  30.628  10.995  0003.17  08.52  08.20  306.1  009.29  26.740  1020.368  1483.46 
2025 01 20 19 43 37.76  30.632  10.995  0003.19  08.02  08.20  306.1  009.29  26.743  1020.371  1483.47 
2025 01 20 19 43 37.89  30.634  10.995  0003.22  08.32  08.20  306.1  009.29  26.746  1020.373  1483.47 
2025 01 20 19 43 38.01  30.637  10.996  0003.24  08.64  08.20  306.1  009.29  26.748  1020.375  1483.48 
2025 01 20 19 43 38.14  30.637  10.995  0003.26  09.17  08.20  306.1  009.29  26.749  1020.376  1483.48 
2025 01 20 19 43 38.26  30.636  10.995  0003.25  09.18  08.19  306.1  009.26  26.748  1020.374  1483.48 
2025 01 20 19 43 38.39  30.634  10.996  0003.24  09.10  08.19  306.1  009.26  26.745  1020.372  1483.48 
2025 01 20 19 43 38.51  30.631  10.996  0003.20  09.32  08.20  306.1  009.26  26.742  1020.370  1483.47 
2025 01 20 19 43 38.64  30.625  10.996  0003.18  08.96  08.20  306.1  009.26  26.737  1020.365  1483.46 
2025 01 20 19 43 38.76  30.610  10.997  0003.16  08.42  08.20  306.1  009.26  26.721  1020.353  1483.45 
2025 01 20 19 43 38.89  30.589  10.998  0003.15  08.28  08.20  306.1  009.26  26.701  1020.337  1483.43 
2025 01 20 19 43 39.01  30.567  11.002  0003.10  08.55  08.20  306.1  009.26  26.676  1020.317  1483.41 
2025 01 20 19 43 39.14  30.554  11.005  0003.07  08.47  08.20  306.1  009.26  26.662  1020.305  1483.41 
2025 01 20 19 43 39.26  30.560  11.002  0003.08  08.45  08.20  306.1  009.29  26.670  1020.312  1483.40 
2025 01 20 19 43 39.39  30.576  10.999  0003.11  08.48  08.20  306.5  009.29  26.687  1020.326  1483.42 
2025 01 20 19 43 39.51  30.580  10.998  0003.12  08.32  08.20  306.5  009.29  26.692  1020.330  1483.42 
2025 01 20 19 43 39.64  30.580  11.000  0003.16  08.28  08.20  306.5  009.29  26.690  1020.328  1483.42 
2025 01 20 19 43 39.76  30.593  10.994  0003.19  08.39  08.20  306.5  009.29  26.706  1020.342  1483.42 
2025 01 20 19 43 39.89  30.609  10.994  0003.21  08.20  08.20  306.5  009.29  26.722  1020.354  1483.44 
2025 01 20 19 43 40.01  30.621  10.995  0003.25  08.43  08.20  306.5  009.29  26.734  1020.363  1483.46 
2025 01 20 19 43 40.14  30.629  10.996  0003.27  08.35  08.20  306.5  009.29  26.741  1020.369  1483.47 
2025 01 20 19 43 40.26  30.623  10.996  0003.29  08.38  08.20  306.5  009.29  26.734  1020.364  1483.46 
2025 01 20 19 43 40.39  30.611  10.997  0003.27  08.14  08.20  306.5  009.29  26.722  1020.354  1483.45 
2025 01 20 19 43 40.51  30.603  10.996  0003.24  07.99  08.20  306.5  009.29  26.715  1020.349  1483.44 
2025 01 20 19 43 40.64  30.600  10.997  0003.20  08.22  08.20  306.5  009.29  26.711  1020.346  1483.44 
2025 01 20 19 43 40.76  30.591  10.997  0003.17  08.59  08.20  306.5  009.29  26.703  1020.339  1483.43 
2025 01 20 19 43 40.89  30.574  10.997  0003.14  08.60  08.20  306.5  009.29  26.687  1020.326  1483.41 
2025 01 20 19 43 41.01  30.562  10.999  0003.11  08.43  08.20  306.5  009.29  26.673  1020.315  1483.40 
2025 01 20 19 43 41.14  30.564  10.998  0003.11  08.17  08.20  306.5  009.29  26.676  1020.318  1483.40 
2025 01 20 19 43 41.26  30.575  10.998  0003.12  08.18  08.19  306.5  009.26  26.687  1020.326  1483.41 
2025 01 20 19 43 41.39  30.578  10.998  0003.14  08.29  08.19  306.5  009.26  26.690  1020.328  1483.41 
2025 01 20 19 43 41.51  30.578  10.997  0003.16  08.66  08.20  306.5  009.26  26.690  1020.329  1483.41 
2025 01 20 19 43 41.64  30.579  10.998  0003.16  08.84  08.20  306.5  009.26  26.691  1020.329  1483.42 
2025 01 20 19 43 41.76  30.582  10.997  0003.19  08.49  08.20  306.5  009.26  26.694  1020.332  1483.42 
2025 01 20 19 43 41.89  30.586  10.998  0003.21  08.31  08.20  306.5  009.26  26.697  1020.335  1483.42 
2025 01 20 19 43 42.01  30.584  10.999  0003.20  08.41  08.20  306.5  009.26  26.694  1020.332  1483.43 
2025 01 20 19 43 42.14  30.579  10.998  0003.18  08.05  08.20  306.5  009.26  26.691  1020.329  1483.42 
2025 01 20 19 43 42.26  30.575  10.999  0003.18  07.86  08.20  306.5  009.29  26.686  1020.326  1483.42 
2025 01 20 19 43 42.39  30.575  11.000  0003.16  07.90  08.20  305.9  009.29  26.686  1020.325  1483.42 
2025 01 20 19 43 42.51  30.578  10.999  0003.16  07.89  08.20  305.9  009.29  26.689  1020.328  1483.42 
2025 01 20 19 43 42.64  30.581  10.999  0003.16  07.99  08.20  305.9  009.29  26.692  1020.330  1483.42 
2025 01 20 19 43 42.76  30.584  10.998  0003.16  07.99  08.20  305.9  009.29  26.695  1020.333  1483.42 
2025 01 20 19 43 42.89  30.591  10.999  0003.16  07.80  08.20  305.9  009.29  26.702  1020.338  1483.43 
2025 01 20 19 43 43.01  30.605  10.998  0003.20  08.13  08.20  305.9  009.29  26.716  1020.349  1483.45 
2025 01 20 19 43 43.14  30.615  10.998  0003.21  08.30  08.20  305.9  009.29  26.725  1020.356  1483.46 
2025 01 20 19 43 43.26  30.624  10.999  0003.20  08.16  08.20  305.9  009.29  26.733  1020.362  1483.47 
2025 01 20 19 43 43.39  30.623  11.000  0003.22  08.14  08.20  305.9  009.29  26.732  1020.361  1483.47 
2025 01 20 19 43 43.51  30.616  11.000  0003.21  08.51  08.20  305.9  009.29  26.724  1020.355  1483.47 
2025 01 20 19 43 43.64  30.604  10.998  0003.18  08.64  08.20  305.9  009.29  26.714  1020.348  1483.45 
2025 01 20 19 43 43.76  30.597  10.999  0003.16  08.71  08.20  305.9  009.29  26.707  1020.342  1483.44 
2025 01 20 19 43 43.89  30.594  10.998  0003.16  08.47  08.20  305.9  009.29  26.706  1020.341  1483.43 
2025 01 20 19 43 44.01  30.593  10.998  0003.13  08.35  08.20  305.9  009.29  26.704  1020.340  1483.43 
2025 01 20 19 43 44.14  30.586  10.996  0003.10  08.46  08.20  305.9  009.29  26.699  1020.336  1483.42 
2025 01 20 19 43 44.26  30.582  10.996  0003.12  08.43  08.19  305.9  009.26  26.694  1020.332  1483.41 
2025 01 20 19 43 44.39  30.587  10.997  0003.12  08.49  08.19  305.9  009.26  26.699  1020.336  1483.42 
2025 01 20 19 43 44.51  30.593  10.996  0003.13  08.39  08.20  305.9  009.26  26.706  1020.341  1483.43 
2025 01 20 19 43 44.64  30.590  10.997  0003.16  08.23  08.20  305.9  009.26  26.702  1020.338  1483.43 
2025 01 20 19 43 44.76  30.589  10.997  0003.20  08.66  08.20  305.9  009.26  26.700  1020.337  1483.43 
2025 01 20 19 43 44.89  30.592  10.999  0003.20  08.87  08.20  305.9  009.26  26.702  1020.338  1483.43 
2025 01 20 19 43 45.01  30.593  10.998  0003.24  08.66  08.20  305.9  009.26  26.704  1020.340  1483.44 
2025 01 20 19 43 45.14  30.599  10.999  0003.23  08.42  08.20  305.9  009.29  26.709  1020.343  1483.44 
2025 01 20 19 43 45.26  30.596  11.000  0003.22  08.35  08.20  305.9  009.29  26.706  1020.341  1483.44 
2025 01 20 19 43 45.39  30.591  10.998  0003.22  08.25  08.20  305.5  009.29  26.702  1020.339  1483.43 
2025 01 20 19 43 45.51  30.593  10.998  0003.20  08.12  08.20  305.5  009.29  26.704  1020.340  1483.43 
2025 01 20 19 43 45.64  30.597  10.997  0003.17  08.07  08.20  305.5  009.29  26.709  1020.343  1483.43 
2025 01 20 19 43 45.76  30.597  10.996  0003.15  07.99  08.20  305.5  009.29  26.709  1020.344  1483.43 
2025 01 20 19 43 45.89  30.596  10.996  0003.14  07.91  08.20  305.5  009.29  26.709  1020.343  1483.43 
2025 01 20 19 43 46.01  30.593  10.996  0003.12  08.21  08.20  305.5  009.29  26.705  1020.341  1483.43 
2025 01 20 19 43 46.14  30.593  10.997  0003.13  08.13  08.20  305.5  009.29  26.706  1020.341  1483.43 
2025 01 20 19 43 46.26  30.598  10.997  0003.13  07.92  08.20  305.5  009.29  26.710  1020.344  1483.43 
2025 01 20 19 43 46.39  30.604  10.996  0003.15  07.71  08.20  305.5  009.29  26.716  1020.349  1483.44 
2025 01 20 19 43 46.51  30.604  10.997  0003.17  07.45  08.20  305.5  009.29  26.716  1020.349  1483.44 
2025 01 20 19 43 46.64  30.602  10.997  0003.18  07.59  08.20  305.5  009.29  26.714  1020.347  1483.44 
2025 01 20 19 43 46.76  30.601  10.998  0003.20  08.14  08.20  305.5  009.29  26.712  1020.346  1483.44 
2025 01 20 19 43 46.89  30.599  10.998  0003.21  09.13  08.20  305.5  009.29  26.710  1020.345  1483.44 
2025 01 20 19 43 47.01  30.598  10.997  0003.19  08.95  08.20  305.5  009.29  26.710  1020.344  1483.44 
2025 01 20 19 43 47.14  30.594  10.997  0003.17  08.50  08.20  305.5  009.29  26.706  1020.341  1483.43 
2025 01 20 19 43 47.26  30.586  10.997  0003.16  08.45  08.19  305.5  009.26  26.698  1020.335  1483.42 
2025 01 20 19 43 47.39  30.578  10.997  0003.16  08.26  08.19  305.5  009.26  26.691  1020.329  1483.41 
2025 01 20 19 43 47.51  30.574  10.997  0003.14  08.13  08.20  305.5  009.26  26.686  1020.326  1483.41 
2025 01 20 19 43 47.64  30.574  10.998  0003.13  08.29  08.20  305.5  009.26  26.686  1020.325  1483.41 
2025 01 20 19 43 47.76  30.580  10.997  0003.14  08.88  08.20  305.5  009.26  26.692  1020.330  1483.42 
2025 01 20 19 43 47.89  30.587  10.996  0003.15  08.74  08.20  305.5  009.26  26.700  1020.337  1483.42 
2025 01 20 19 43 48.01  30.592  10.995  0003.18  08.60  08.20  305.5  009.26  26.705  1020.341  1483.42 
2025 01 20 19 43 48.14  30.594  10.996  0003.19  08.75  08.20  305.5  009.29  26.707  1020.342  1483.43 
2025 01 20 19 43 48.26  30.596  10.997  0003.22  08.45  08.20  305.5  009.29  26.708  1020.343  1483.43 
2025 01 20 19 43 48.39  30.598  10.997  0003.23  08.28  08.20  305.2  009.29  26.710  1020.344  1483.44 
2025 01 20 19 43 48.51  30.597  10.997  0003.21  08.30  08.20  305.2  009.29  26.709  1020.344  1483.44 
2025 01 20 19 43 48.64  30.591  10.996  0003.20  08.26  08.20  305.2  009.29  26.704  1020.340  1483.43 
2025 01 20 19 43 48.76  30.589  10.997  0003.17  08.19  08.20  305.2  009.29  26.702  1020.338  1483.43 
2025 01 20 19 43 48.89  30.589  10.996  0003.16  08.19  08.19  305.2  009.29  26.702  1020.338  1483.42 
2025 01 20 19 43 49.01  30.578  10.994  0003.12  08.10  08.20  305.2  009.29  26.692  1020.331  1483.40 
2025 01 20 19 43 49.14  30.566  10.994  0003.13  07.94  08.20  305.2  009.29  26.681  1020.322  1483.39 
2025 01 20 19 43 49.26  30.561  10.994  0003.12  07.72  08.20  305.2  009.29  26.676  1020.318  1483.38 
2025 01 20 19 43 49.39  30.573  10.996  0003.13  07.74  08.20  305.2  009.29  26.686  1020.326  1483.40 
2025 01 20 19 43 49.51  30.583  10.994  0003.13  08.19  08.20  305.2  009.29  26.698  1020.335  1483.41 
2025 01 20 19 43 49.64  30.589  10.994  0003.18  08.55  08.20  305.2  009.29  26.703  1020.339  1483.42 
2025 01 20 19 43 49.76  30.593  10.995  0003.19  08.67  08.20  305.2  009.29  26.706  1020.342  1483.42 
2025 01 20 19 43 49.89  30.596  10.996  0003.22  08.29  08.20  305.2  009.29  26.709  1020.344  1483.43 
2025 01 20 19 43 50.01  30.597  10.995  0003.24  08.05  08.20  305.2  009.29  26.710  1020.345  1483.43 
2025 01 20 19 43 50.14  30.594  10.995  0003.24  07.95  08.20  305.2  009.29  26.708  1020.343  1483.43 
2025 01 20 19 43 50.26  30.593  10.997  0003.23  08.23  08.19  305.2  009.26  26.705  1020.341  1483.43 
2025 01 20 19 43 50.39  30.595  10.996  0003.19  08.72  08.19  305.2  009.26  26.707  1020.343  1483.43 
2025 01 20 19 43 50.51  30.598  10.995  0003.18  08.99  08.20  305.2  009.26  26.711  1020.346  1483.43 
2025 01 20 19 43 50.64  30.593  10.995  0003.13  08.75  08.20  305.2  009.26  26.706  1020.342  1483.42 
2025 01 20 19 43 50.76  30.574  10.995  0003.13  08.75  08.20  305.2  009.26  26.688  1020.328  1483.40 
2025 01 20 19 43 50.89  30.559  10.996  0003.12  08.64  08.20  305.2  009.26  26.673  1020.316  1483.39 
2025 01 20 19 43 51.01  30.556  10.996  0003.12  08.59  08.20  305.2  009.26  26.670  1020.313  1483.38 
2025 01 20 19 43 51.14  30.572  10.996  0003.15  08.63  08.20  305.2  009.29  26.686  1020.326  1483.40 
2025 01 20 19 43 51.26  30.583  10.996  0003.15  08.55  08.20  305.2  009.29  26.696  1020.333  1483.42 
2025 01 20 19 43 51.39  30.586  10.996  0003.16  09.44  08.20  304.8  009.29  26.698  1020.335  1483.42 
2025 01 20 19 43 51.51  30.589  10.995  0003.18  09.47  08.20  304.8  009.29  26.702  1020.339  1483.42 
2025 01 20 19 43 51.64  30.593  10.995  0003.21  09.45  08.20  304.8  009.29  26.707  1020.342  1483.43 
2025 01 20 19 43 51.76  30.594  10.996  0003.20  10.08  08.20  304.8  009.29  26.707  1020.342  1483.43 
2025 01 20 19 43 51.89  30.590  10.997  0003.21  10.17  08.20  304.8  009.29  26.703  1020.339  1483.43 
2025 01 20 19 43 52.01  30.584  10.997  0003.19  09.43  08.20  304.8  009.29  26.696  1020.333  1483.42 
2025 01 20 19 43 52.14  30.581  10.996  0003.19  08.93  08.20  304.8  009.29  26.694  1020.332  1483.41 
2025 01 20 19 43 52.26  30.583  10.996  0003.18  08.69  08.20  304.8  009.29  26.696  1020.334  1483.42 
2025 01 20 19 43 52.39  30.581  10.997  0003.16  08.83  08.20  304.8  009.29  26.693  1020.331  1483.42 
2025 01 20 19 43 52.51  30.578  10.998  0003.15  08.83  08.20  304.8  009.29  26.690  1020.329  1483.41 
2025 01 20 19 43 52.64  30.577  10.997  0003.15  09.03  08.20  304.8  009.29  26.689  1020.328  1483.41 
2025 01 20 19 43 52.76  30.581  10.996  0003.16  09.81  08.20  304.8  009.29  26.694  1020.332  1483.41 
2025 01 20 19 43 52.89  30.586  10.995  0003.16  09.64  08.20  304.8  009.29  26.700  1020.337  1483.42 
2025 01 20 19 43 53.01  30.589  10.995  0003.16  10.53  08.20  304.8  009.29  26.702  1020.338  1483.42 
2025 01 20 19 43 53.14  30.591  10.995  0003.19  10.11  08.20  304.8  009.29  26.704  1020.340  1483.42 
2025 01 20 19 43 53.26  30.595  10.994  0003.22  10.48  08.19  304.8  009.26  26.709  1020.344  1483.42 
2025 01 20 19 43 53.39  30.600  10.995  0003.21  09.87  08.19  304.8  009.26  26.713  1020.347  1483.43 
2025 01 20 19 43 53.51  30.601  10.995  0003.23  09.32  08.20  304.8  009.26  26.714  1020.348  1483.43 
2025 01 20 19 43 53.64  30.593  10.994  0003.21  09.14  08.20  304.8  009.26  26.707  1020.343  1483.42 
2025 01 20 19 43 53.76  30.586  10.994  0003.19  08.80  08.20  304.8  009.26  26.700  1020.338  1483.41 
2025 01 20 19 43 53.89  30.581  10.995  0003.18  08.59  08.20  304.8  009.26  26.694  1020.332  1483.41 
2025 01 20 19 43 54.01  30.578  10.996  0003.16  08.44  08.20  304.8  009.26  26.690  1020.329  1483.41 
2025 01 20 19 43 54.14  30.574  10.997  0003.13  08.45  08.20  304.8  009.26  26.687  1020.326  1483.41 
2025 01 20 19 43 54.26  30.566  10.996  0003.11  08.33  08.20  304.8  009.26  26.680  1020.321  1483.39 
2025 01 20 19 43 54.39  30.566  10.996  0003.09  08.14  08.20  304.5  009.29  26.680  1020.321  1483.40 
2025 01 20 19 43 54.51  30.574  10.995  0003.13  08.22  08.20  304.5  009.29  26.688  1020.328  1483.40 
2025 01 20 19 43 54.64  30.578  10.997  0003.14  08.47  08.20  304.5  009.29  26.691  1020.330  1483.41 
2025 01 20 19 43 54.76  30.578  10.995  0003.15  08.42  08.20  304.5  009.29  26.692  1020.331  1483.41 
2025 01 20 19 43 54.89  30.583  10.994  0003.18  08.20  08.20  304.5  009.29  26.697  1020.335  1483.41 
2025 01 20 19 43 55.01  30.593  10.993  0003.20  08.40  08.20  304.5  009.29  26.708  1020.344  1483.42 
2025 01 20 19 43 55.14  30.598  10.992  0003.21  08.52  08.20  304.5  009.29  26.714  1020.348  1483.42 
2025 01 20 19 43 55.26  30.598  10.993  0003.23  08.45  08.20  304.5  009.29  26.713  1020.348  1483.43 
2025 01 20 19 43 55.39  30.594  10.994  0003.22  08.45  08.20  304.5  009.29  26.708  1020.343  1483.43 
2025 01 20 19 43 55.51  30.589  10.995  0003.20  08.48  08.20  304.5  009.29  26.702  1020.339  1483.42 
2025 01 20 19 43 55.64  30.584  10.994  0003.19  08.44  08.20  304.5  009.29  26.698  1020.336  1483.41 
2025 01 20 19 43 55.76  30.584  10.995  0003.20  08.67  08.20  304.5  009.29  26.698  1020.335  1483.41 
2025 01 20 19 43 55.89  30.589  10.995  0003.19  08.73  08.20  304.5  009.29  26.703  1020.340  1483.42 
2025 01 20 19 43 56.01  30.594  10.995  0003.18  08.37  08.20  304.5  009.29  26.708  1020.343  1483.42 
2025 01 20 19 43 56.14  30.597  10.993  0003.17  08.18  08.20  304.5  009.29  26.712  1020.346  1483.43 
2025 01 20 19 43 56.26  30.599  10.993  0003.16  08.43  08.19  304.5  009.26  26.714  1020.348  1483.43 
2025 01 20 19 43 56.39  30.595  10.993  0003.16  08.66  08.19  304.5  009.26  26.710  1020.345  1483.42 
2025 01 20 19 43 56.51  30.593  10.993  0003.15  08.45  08.20  304.5  009.26  26.708  1020.343  1483.42 
2025 01 20 19 43 56.64  30.590  10.993  0003.15  08.22  08.20  304.5  009.26  26.705  1020.341  1483.42 
2025 01 20 19 43 56.76  30.588  10.993  0003.13  08.17  08.20  304.5  009.26  26.703  1020.339  1483.41 
2025 01 20 19 43 56.89  30.589  10.994  0003.15  08.36  08.20  304.5  009.26  26.703  1020.339  1483.42 
2025 01 20 19 43 57.01  30.589  10.995  0003.15  09.15  08.20  304.5  009.26  26.703  1020.339  1483.42 
2025 01 20 19 43 57.14  30.587  10.995  0003.16  10.48  08.20  304.5  009.29  26.700  1020.337  1483.42 
2025 01 20 19 43 57.26  30.588  10.996  0003.17  10.06  08.20  304.5  009.29  26.701  1020.338  1483.42 
2025 01 20 19 43 57.39  30.593  10.996  0003.19  09.37  08.20  304.4  009.29  26.706  1020.342  1483.43 
2025 01 20 19 43 57.51  30.600  10.995  0003.20  08.61  08.20  304.4  009.29  26.713  1020.347  1483.43 
2025 01 20 19 43 57.64  30.601  10.996  0003.20  08.30  08.20  304.4  009.29  26.714  1020.348  1483.44 
2025 01 20 19 43 57.76  30.599  10.995  0003.19  08.27  08.20  304.4  009.29  26.712  1020.346  1483.43 
2025 01 20 19 43 57.89  30.593  10.996  0003.20  08.35  08.20  304.4  009.29  26.705  1020.341  1483.43 
2025 01 20 19 43 58.01  30.586  10.995  0003.19  08.47  08.20  304.4  009.29  26.700  1020.337  1483.42 
2025 01 20 19 43 58.14  30.582  10.995  0003.17  08.59  08.20  304.4  009.29  26.696  1020.334  1483.41 
2025 01 20 19 43 58.26  30.582  10.996  0003.16  10.17  08.20  304.4  009.29  26.695  1020.333  1483.41 
2025 01 20 19 43 58.39  30.579  10.995  0003.15  10.09  08.20  304.4  009.29  26.693  1020.331  1483.41 
2025 01 20 19 43 58.51  30.571  10.997  0003.14  09.69  08.20  304.4  009.29  26.684  1020.324  1483.40 
2025 01 20 19 43 58.64  30.567  10.997  0003.13  08.98  08.20  304.4  009.29  26.680  1020.321  1483.40 
2025 01 20 19 43 58.76  30.570  10.998  0003.15  08.63  08.20  304.4  009.29  26.681  1020.322  1483.41 
2025 01 20 19 43 58.89  30.571  10.997  0003.16  08.52  08.20  304.4  009.29  26.684  1020.324  1483.41 
2025 01 20 19 43 59.01  30.567  10.997  0003.17  08.47  08.20  304.4  009.29  26.680  1020.321  1483.40 
2025 01 20 19 43 59.14  30.568  10.997  0003.19  08.38  08.20  304.4  009.29  26.681  1020.322  1483.40 
2025 01 20 19 43 59.26  30.574  10.997  0003.21  08.28  08.19  304.4  009.26  26.686  1020.326  1483.41 
2025 01 20 19 43 59.39  30.581  10.996  0003.23  08.76  08.19  304.4  009.26  26.694  1020.332  1483.41 
2025 01 20 19 43 59.51  30.593  10.995  0003.28  09.22  08.20  304.4  009.26  26.707  1020.343  1483.43 
2025 01 20 19 43 59.64  30.623  10.996  0003.35  09.29  08.20  304.4  009.26  26.734  1020.364  1483.46 
2025 01 20 19 43 59.76  30.656  11.000  0003.41  08.51  08.20  304.4  009.26  26.763  1020.386  1483.52 
2025 01 20 19 43 59.89  30.706  11.008  0003.50  08.15  08.20  304.4  009.26  26.806  1020.419  1483.60 
2025 01 20 19 44 00.01  30.755  11.012  0003.57  08.00  08.20  304.4  009.26  26.850  1020.453  1483.66 
2025 01 20 19 44 00.14  30.793  11.015  0003.63  07.89  08.20  304.4  009.26  26.884  1020.479  1483.72 
2025 01 20 19 44 00.26  30.836  11.018  0003.71  07.65  08.20  304.4  009.26  26.924  1020.510  1483.78 
2025 01 20 19 44 00.39  30.862  11.015  0003.78  07.57  08.20  304.2  009.29  26.952  1020.532  1483.80 
2025 01 20 19 44 00.51  30.879  11.004  0003.88  07.97  08.20  304.2  009.29  26.975  1020.553  1483.79 
2025 01 20 19 44 00.64  30.890  10.975  0004.00  08.29  08.20  304.2  009.29  27.008  1020.583  1483.73 
2025 01 20 19 44 00.76  30.897  10.947  0004.11  08.02  08.19  304.2  009.29  27.034  1020.609  1483.66 
2025 01 20 19 44 00.89  30.897  10.921  0004.23  07.69  08.19  304.2  009.29  27.053  1020.628  1483.59 
2025 01 20 19 44 01.01  30.911  10.883  0004.36  07.37  08.19  304.2  009.29  27.095  1020.667  1483.51 
2025 01 20 19 44 01.14  30.953  10.854  0004.51  07.38  08.19  304.2  009.29  27.158  1020.721  1483.48 
2025 01 20 19 44 01.26  30.999  10.833  0004.66  07.45  08.19  304.2  009.29  27.217  1020.772  1483.48 
2025 01 20 19 44 01.39  31.071  10.816  0004.77  07.66  08.19  304.2  009.29  27.299  1020.839  1483.52 
2025 01 20 19 44 01.51  31.109  10.808  0004.94  08.06  08.19  304.2  009.29  27.343  1020.875  1483.55 
2025 01 20 19 44 01.64  31.119  10.804  0005.10  08.35  08.19  304.2  009.29  27.355  1020.885  1483.55 
2025 01 20 19 44 01.76  31.128  10.795  0005.26  08.11  08.19  304.2  009.29  27.371  1020.901  1483.54 
2025 01 20 19 44 01.89  31.145  10.787  0005.39  07.81  08.19  304.2  009.29  27.393  1020.919  1483.54 
2025 01 20 19 44 02.01  31.173  10.770  0005.55  07.76  08.19  304.2  009.29  27.432  1020.953  1483.53 
2025 01 20 19 44 02.14  31.202  10.758  0005.71  07.70  08.19  304.2  009.29  27.470  1020.986  1483.53 
2025 01 20 19 44 02.26  31.222  10.745  0005.87  07.38  08.18  304.2  009.26  27.499  1021.011  1483.52 
2025 01 20 19 44 02.39  31.232  10.741  0006.05  07.31  08.18  304.2  009.26  27.511  1021.022  1483.53 
2025 01 20 19 44 02.51  31.238  10.741  0006.18  07.20  08.19  304.2  009.26  27.518  1021.027  1483.54 
2025 01 20 19 44 02.64  31.249  10.745  0006.32  07.17  08.19  304.2  009.26  27.526  1021.034  1483.56 
2025 01 20 19 44 02.76  31.267  10.757  0006.46  07.18  08.19  304.2  009.26  27.534  1021.038  1483.62 
2025 01 20 19 44 02.89  31.276  10.761  0006.62  07.12  08.19  304.2  009.26  27.540  1021.043  1483.64 
2025 01 20 19 44 03.01  31.287  10.765  0006.77  07.02  08.19  304.2  009.26  27.547  1021.048  1483.67 
2025 01 20 19 44 03.14  31.299  10.766  0006.97  07.15  08.19  304.2  009.29  27.557  1021.058  1483.69 
2025 01 20 19 44 03.26  31.301  10.757  0007.12  07.05  08.19  304.2  009.29  27.567  1021.067  1483.67 
2025 01 20 19 44 03.39  31.310  10.737  0007.27  06.95  08.18  303.4  009.29  27.590  1021.089  1483.63 
2025 01 20 19 44 03.51  31.350  10.690  0007.44  06.87  08.18  303.4  009.29  27.665  1021.155  1483.55 
2025 01 20 19 44 03.64  31.382  10.675  0007.62  06.67  08.18  303.4  009.29  27.707  1021.192  1483.55 
2025 01 20 19 44 03.76  31.408  10.674  0007.84  06.50  08.18  303.4  009.29  27.733  1021.213  1483.58 
2025 01 20 19 44 03.89  31.436  10.674  0008.02  06.16  08.18  303.4  009.29  27.760  1021.235  1483.62 
2025 01 20 19 44 04.01  31.457  10.671  0008.20  05.68  08.18  303.4  009.29  27.783  1021.254  1483.64 
2025 01 20 19 44 04.14  31.477  10.673  0008.38  05.32  08.17  303.4  009.29  27.801  1021.269  1483.67 
2025 01 20 19 44 04.26  31.500  10.685  0008.59  04.90  08.17  303.4  009.29  27.814  1021.278  1483.73 
2025 01 20 19 44 04.39  31.526  10.694  0008.80  04.82  08.17  303.4  009.29  27.833  1021.292  1483.79 
2025 01 20 19 44 04.51  31.561  10.717  0008.97  04.85  08.17  303.4  009.29  27.849  1021.301  1483.89 
2025 01 20 19 44 04.64  31.583  10.732  0009.17  05.18  08.17  303.4  009.29  27.859  1021.308  1483.96 
2025 01 20 19 44 04.76  31.596  10.741  0009.30  05.43  08.18  303.4  009.29  27.865  1021.311  1484.00 
2025 01 20 19 44 04.89  31.604  10.743  0009.50  05.62  08.18  303.4  009.29  27.871  1021.316  1484.02 
2025 01 20 19 44 05.01  31.607  10.747  0009.69  05.79  08.18  303.4  009.29  27.871  1021.316  1484.04 
2025 01 20 19 44 05.14  31.612  10.752  0009.81  05.96  08.18  303.4  009.29  27.872  1021.318  1484.06 
2025 01 20 19 44 05.26  31.618  10.753  0009.95  06.04  08.18  303.4  009.26  27.877  1021.322  1484.07 
2025 01 20 19 44 05.39  31.607  10.737  0010.10  06.01  08.18  303.4  009.26  27.878  1021.326  1484.02 
2025 01 20 19 44 05.51  31.590  10.720  0010.25  06.11  08.19  303.4  009.26  27.875  1021.327  1483.96 
2025 01 20 19 44 05.64  31.575  10.702  0010.43  06.40  08.19  303.4  009.26  27.874  1021.329  1483.89 
2025 01 20 19 44 05.76  31.568  10.695  0010.60  06.59  08.19  303.4  009.26  27.873  1021.331  1483.87 
2025 01 20 19 44 05.89  31.567  10.694  0010.77  06.48  08.19  303.4  009.26  27.872  1021.331  1483.87 
2025 01 20 19 44 06.01  31.563  10.685  0010.91  06.67  08.19  303.4  009.26  27.875  1021.336  1483.84 
2025 01 20 19 44 06.14  31.557  10.682  0011.11  06.41  08.19  303.4  009.26  27.871  1021.334  1483.83 
2025 01 20 19 44 06.26  31.553  10.676  0011.29  06.19  08.19  303.4  009.26  27.872  1021.336  1483.81 
2025 01 20 19 44 06.39  31.552  10.675  0011.47  05.99  08.19  301.5  009.29  27.871  1021.337  1483.81 
2025 01 20 19 44 06.51  31.552  10.675  0011.69  06.07  08.19  301.5  009.29  27.871  1021.338  1483.81 
2025 01 20 19 44 06.64  31.553  10.674  0011.86  06.04  08.19  301.5  009.29  27.873  1021.341  1483.81 
2025 01 20 19 44 06.76  31.554  10.672  0012.04  05.98  08.19  301.5  009.29  27.876  1021.344  1483.81 
2025 01 20 19 44 06.89  31.555  10.667  0012.23  06.15  08.19  301.5  009.29  27.880  1021.349  1483.80 
2025 01 20 19 44 07.01  31.558  10.660  0012.44  06.05  08.19  301.5  009.29  27.889  1021.357  1483.79 
2025 01 20 19 44 07.14  31.563  10.651  0012.62  05.88  08.19  301.5  009.29  27.900  1021.369  1483.78 
2025 01 20 19 44 07.26  31.572  10.649  0012.83  05.75  08.18  301.5  009.29  27.910  1021.378  1483.79 
2025 01 20 19 44 07.39  31.592  10.639  0013.00  05.54  08.18  301.5  009.29  27.937  1021.401  1483.78 
2025 01 20 19 44 07.51  31.605  10.624  0013.19  05.47  08.18  301.5  009.29  27.962  1021.424  1483.76 
2025 01 20 19 44 07.64  31.611  10.621  0013.39  05.32  08.18  301.5  009.29  27.969  1021.431  1483.77 
2025 01 20 19 44 07.76  31.612  10.621  0013.60  05.21  08.18  301.5  009.29  27.971  1021.433  1483.77 
2025 01 20 19 44 07.89  31.613  10.619  0013.80  05.21  08.18  301.5  009.26  27.973  1021.436  1483.77 
2025 01 20 19 44 08.01  31.620  10.617  0013.96  05.05  08.18  301.5  009.29  27.982  1021.444  1483.77 
2025 01 20 19 44 08.14  31.630  10.614  0014.17  04.99  08.18  301.5  009.29  27.993  1021.454  1483.78 
2025 01 20 19 44 08.26  31.634  10.613  0014.36  04.97  08.18  301.5  009.26  27.998  1021.459  1483.78 
2025 01 20 19 44 08.39  31.639  10.613  0014.56  05.27  08.18  301.5  009.26  28.003  1021.464  1483.79 
2025 01 20 19 44 08.51  31.647  10.613  0014.75  05.37  08.18  301.5  009.26  28.011  1021.471  1483.81 
2025 01 20 19 44 08.64  31.656  10.612  0014.96  05.18  08.18  301.5  009.26  28.021  1021.479  1483.82 
2025 01 20 19 44 08.76  31.662  10.609  0015.13  05.04  08.18  301.5  009.26  28.028  1021.486  1483.82 
2025 01 20 19 44 08.89  31.666  10.607  0015.31  05.28  08.18  301.5  009.26  28.033  1021.492  1483.82 
2025 01 20 19 44 09.01  31.668  10.596  0015.51  05.09  08.18  301.5  009.26  28.044  1021.503  1483.80 
2025 01 20 19 44 09.14  31.678  10.586  0015.70  04.97  08.18  301.5  009.29  28.061  1021.518  1483.78 
2025 01 20 19 44 09.26  31.725  10.587  0015.88  05.19  08.19  301.5  009.29  28.107  1021.555  1483.85 
2025 01 20 19 44 09.39  31.808  10.600  0016.04  04.98  08.18  301.3  009.29  28.178  1021.608  1483.98 
2025 01 20 19 44 09.51  31.878  10.610  0016.19  04.75  08.18  301.3  009.29  28.239  1021.655  1484.09 
2025 01 20 19 44 09.64  31.889  10.609  0016.39  04.74  08.18  301.3  009.29  28.251  1021.665  1484.11 
2025 01 20 19 44 09.76  31.893  10.602  0016.56  04.94  08.18  301.3  009.29  28.259  1021.674  1484.10 
2025 01 20 19 44 09.89  31.898  10.592  0016.72  05.10  08.18  301.3  009.29  28.272  1021.686  1484.08 
2025 01 20 19 44 10.01  31.916  10.584  0016.88  04.87  08.18  301.3  009.29  28.295  1021.706  1484.08 
2025 01 20 19 44 10.14  31.940  10.565  0017.06  04.76  08.18  301.3  009.29  28.334  1021.740  1484.06 
2025 01 20 19 44 10.26  31.958  10.533  0017.24  04.72  08.18  301.3  009.29  28.377  1021.780  1484.00 
2025 01 20 19 44 10.39  31.975  10.522  0017.41  04.60  08.18  301.3  009.29  28.402  1021.802  1483.99 
2025 01 20 19 44 10.51  32.029  10.512  0017.57  04.43  08.18  301.3  009.29  28.463  1021.851  1484.03 
2025 01 20 19 44 10.64  32.059  10.467  0017.76  04.18  08.18  301.3  009.26  28.527  1021.909  1483.95 
2025 01 20 19 44 10.76  32.068  10.408  0017.89  04.09  08.18  301.3  009.29  28.582  1021.962  1483.81 
2025 01 20 19 44 10.89  32.072  10.389  0018.08  03.92  08.18  301.3  009.29  28.600  1021.981  1483.76 
2025 01 20 19 44 11.01  32.072  10.375  0018.23  03.83  08.18  301.3  009.29  28.612  1021.993  1483.73 
2025 01 20 19 44 11.14  32.072  10.344  0018.40  03.67  08.18  301.3  009.29  28.636  1022.017  1483.65 
2025 01 20 19 44 11.26  32.072  10.332  0018.56  03.44  08.17  301.3  009.26  28.645  1022.027  1483.62 
2025 01 20 19 44 11.39  32.072  10.326  0018.70  03.33  08.17  301.3  009.26  28.649  1022.032  1483.60 
2025 01 20 19 44 11.51  32.072  10.327  0018.87  03.29  08.18  301.3  009.26  28.649  1022.032  1483.61 
2025 01 20 19 44 11.64  32.072  10.310  0019.04  03.20  08.18  301.3  009.26  28.663  1022.046  1483.57 
2025 01 20 19 44 11.76  32.072  10.296  0019.22  03.23  08.18  301.3  009.26  28.673  1022.058  1483.53 
2025 01 20 19 44 11.89  32.072  10.288  0019.39  03.62  08.18  301.3  009.26  28.680  1022.065  1483.51 
2025 01 20 19 44 12.01  32.072  10.287  0019.53  03.57  08.18  301.3  009.26  28.680  1022.065  1483.51 
2025 01 20 19 44 12.14  32.072  10.285  0019.71  03.39  08.18  301.3  009.26  28.682  1022.068  1483.51 
2025 01 20 19 44 12.26  32.072  10.282  0019.87  03.19  08.20  301.3  009.29  28.684  1022.071  1483.51 
2025 01 20 19 44 12.39  32.079  10.236  0020.05  03.09  08.22  301.3  009.29  28.727  1022.113  1483.39 
2025 01 20 19 44 12.51  32.092  10.145  0020.22  03.13  08.22  301.3  009.29  28.813  1022.195  1483.17 
2025 01 20 19 44 12.64  32.106  10.076  0020.38  03.04  08.23  301.3  009.29  28.881  1022.260  1483.00 
2025 01 20 19 44 12.76  32.118  09.993  0020.56  02.87  08.23  301.3  009.29  28.960  1022.335  1482.80 
2025 01 20 19 44 12.89  32.134  09.918  0020.71  02.69  08.23  301.3  009.29  29.036  1022.407  1482.62 
2025 01 20 19 44 13.01  32.140  09.896  0020.88  02.54  08.23  301.3  009.29  29.059  1022.429  1482.57 
2025 01 20 19 44 13.14  32.142  09.890  0021.06  02.50  08.22  301.3  009.29  29.066  1022.436  1482.56 
2025 01 20 19 44 13.26  32.149  09.867  0021.23  02.65  08.22  301.3  009.29  29.091  1022.461  1482.51 
2025 01 20 19 44 13.39  32.148  09.805  0021.35  02.68  08.25  301.3  009.29  29.140  1022.509  1482.34 
2025 01 20 19 44 13.51  32.142  09.783  0021.54  02.72  08.50  301.3  009.29  29.152  1022.522  1482.28 
2025 01 20 19 44 13.64  32.138  09.773  0021.73  02.57  09.98  301.3  009.29  29.155  1022.527  1482.25 
2025 01 20 19 44 13.76  32.132  09.762  0021.89  02.70  09.55  301.3  009.29  29.159  1022.533  1482.21 
2025 01 20 19 44 13.89  32.131  09.747  0022.07  02.58  09.31  301.3  009.29  29.170  1022.545  1482.18 
2025 01 20 19 44 14.01  32.132  09.733  0022.20  02.47  09.10  301.3  009.29  29.182  1022.557  1482.14 
2025 01 20 19 44 14.14  32.133  09.721  0022.37  02.68  08.95  301.3  009.29  29.193  1022.568  1482.11 
2025 01 20 19 44 14.26  32.134  09.712  0022.54  05.67  08.83  301.3  009.26  29.201  1022.576  1482.09 
2025 01 20 19 44 14.39  32.137  09.700  0022.73  05.09  08.74  301.3  009.26  29.214  1022.589  1482.07 
2025 01 20 19 44 14.51  32.142  09.692  0022.89  03.99  08.68  301.3  009.26  29.226  1022.600  1482.05 
2025 01 20 19 44 14.64  32.145  09.688  0023.05  03.22  08.62  301.3  009.26  29.231  1022.606  1482.05 
2025 01 20 19 44 14.76  32.157  09.684  0023.18  02.74  08.57  301.3  009.26  29.246  1022.619  1482.06 
2025 01 20 19 44 14.89  32.163  09.683  0023.38  02.45  08.54  301.3  009.26  29.253  1022.625  1482.06 
2025 01 20 19 44 15.01  32.163  09.682  0023.55  02.31  08.50  301.3  009.26  29.254  1022.627  1482.06 
2025 01 20 19 44 15.14  32.177  09.691  0023.73  02.34  08.47  301.3  009.29  29.260  1022.631  1482.11 
2025 01 20 19 44 15.26  32.188  09.697  0023.90  02.36  08.45  301.3  009.29  29.267  1022.636  1482.14 
2025 01 20 19 44 15.39  32.190  09.698  0024.04  02.36  08.43  301.7  009.29  29.269  1022.638  1482.15 
2025 01 20 19 44 15.51  32.188  09.696  0024.23  02.28  08.41  301.7  009.29  29.268  1022.638  1482.14 
2025 01 20 19 44 15.64  32.185  09.693  0024.39  02.28  08.40  301.7  009.29  29.267  1022.639  1482.13 
2025 01 20 19 44 15.76  32.181  09.692  0024.57  02.20  08.38  301.7  009.29  29.264  1022.638  1482.13 
2025 01 20 19 44 15.89  32.184  09.696  0024.74  02.13  08.37  301.7  009.29  29.263  1022.638  1482.14 
2025 01 20 19 44 16.01  32.189  09.698  0024.89  02.12  08.36  301.7  009.29  29.266  1022.640  1482.16 
2025 01 20 19 44 16.14  32.191  09.701  0025.07  02.11  08.35  301.7  009.29  29.266  1022.640  1482.17 
2025 01 20 19 44 16.26  32.211  09.715  0025.24  02.19  08.34  301.7  009.29  29.275  1022.646  1482.24 
2025 01 20 19 44 16.39  32.218  09.716  0025.41  02.21  08.33  301.7  009.29  29.281  1022.651  1482.25 
2025 01 20 19 44 16.51  32.223  09.723  0025.58  02.21  08.32  301.7  009.29  29.280  1022.650  1482.28 
2025 01 20 19 44 16.64  32.243  09.733  0025.72  02.25  08.31  301.7  009.29  29.293  1022.659  1482.33 
2025 01 20 19 44 16.76  32.254  09.740  0025.89  02.29  08.31  301.7  009.29  29.298  1022.663  1482.37 
2025 01 20 19 44 16.89  32.259  09.742  0026.06  02.26  08.30  301.7  009.29  29.301  1022.665  1482.38 
2025 01 20 19 44 17.01  32.267  09.747  0026.25  02.25  08.29  301.7  009.29  29.305  1022.669  1482.41 
2025 01 20 19 44 17.14  32.274  09.749  0026.41  02.30  08.29  301.7  009.29  29.310  1022.673  1482.42 
2025 01 20 19 44 17.26  32.294  09.763  0026.59  02.30  08.28  301.7  009.26  29.319  1022.679  1482.49 
2025 01 20 19 44 17.39  32.309  09.774  0026.72  02.25  08.27  301.7  009.26  29.325  1022.682  1482.54 
2025 01 20 19 44 17.51  32.317  09.776  0026.90  02.40  08.27  301.7  009.26  29.332  1022.689  1482.56 
2025 01 20 19 44 17.64  32.337  09.782  0027.06  02.42  08.27  301.7  009.26  29.346  1022.699  1482.60 
2025 01 20 19 44 17.76  32.352  09.778  0027.23  02.33  08.27  301.7  009.26  29.365  1022.715  1482.61 
2025 01 20 19 44 17.89  32.368  09.779  0027.39  02.28  08.26  301.7  009.26  29.380  1022.728  1482.63 
2025 01 20 19 44 18.01  32.384  09.784  0027.52  02.29  08.26  301.7  009.26  29.393  1022.737  1482.67 
2025 01 20 19 44 18.14  32.399  09.786  0027.71  02.30  08.26  301.7  009.26  29.406  1022.748  1482.70 
2025 01 20 19 44 18.26  32.426  09.773  0027.86  02.40  08.26  301.7  009.26  29.444  1022.780  1482.70 
2025 01 20 19 44 18.39  32.456  09.759  0028.03  02.33  08.25  301.6  009.29  29.485  1022.815  1482.70 
2025 01 20 19 44 18.51  32.460  09.758  0028.20  02.35  08.25  301.6  009.29  29.489  1022.820  1482.70 
2025 01 20 19 44 18.64  32.465  09.755  0028.33  02.36  08.24  301.6  009.29  29.497  1022.827  1482.71 
2025 01 20 19 44 18.76  32.476  09.751  0028.49  02.44  08.24  301.6  009.29  29.511  1022.839  1482.71 
2025 01 20 19 44 18.89  32.481  09.748  0028.65  02.51  08.24  301.6  009.29  29.518  1022.846  1482.71 
2025 01 20 19 44 19.01  32.488  09.746  0028.79  02.51  08.24  301.6  009.26  29.527  1022.854  1482.71 
2025 01 20 19 44 19.14  32.492  09.743  0028.95  02.40  08.24  301.6  009.29  29.533  1022.859  1482.71 
2025 01 20 19 44 19.26  32.494  09.742  0029.06  02.30  08.23  301.6  009.29  29.536  1022.863  1482.72 
2025 01 20 19 44 19.39  32.498  09.739  0029.19  02.24  08.23  301.6  009.29  29.543  1022.869  1482.71 
2025 01 20 19 44 19.51  32.501  09.736  0029.34  02.27  08.23  301.6  009.29  29.548  1022.874  1482.71 
2025 01 20 19 44 19.64  32.500  09.737  0029.45  02.23  08.23  301.6  009.29  29.546  1022.873  1482.72 
2025 01 20 19 44 19.76  32.500  09.734  0029.60  02.42  08.23  301.6  009.29  29.549  1022.876  1482.71 
2025 01 20 19 44 19.89  32.499  09.732  0029.75  02.35  08.22  301.6  009.29  29.549  1022.878  1482.70 
2025 01 20 19 44 20.01  32.499  09.731  0029.84  02.29  08.22  301.6  009.29  29.550  1022.878  1482.71 
2025 01 20 19 44 20.14  32.501  09.732  0029.99  02.14  08.22  301.6  009.29  29.551  1022.880  1482.71 
2025 01 20 19 44 20.26  32.501  09.732  0030.12  02.18  08.21  301.6  009.26  29.551  1022.880  1482.71 
2025 01 20 19 44 20.39  32.500  09.732  0030.22  02.19  08.21  301.6  009.26  29.550  1022.880  1482.71 
2025 01 20 19 44 20.51  32.500  09.732  0030.27  02.37  08.22  301.6  009.26  29.550  1022.880  1482.71 
2025 01 20 19 44 20.64  32.501  09.732  0030.24  02.26  08.22  301.6  009.26  29.551  1022.881  1482.71 
2025 01 20 19 44 20.76  32.500  09.733  0030.24  02.32  08.22  301.6  009.26  29.549  1022.880  1482.72 
2025 01 20 19 44 20.89  32.499  09.732  0030.24  02.33  08.21  301.6  009.26  29.549  1022.880  1482.71 
2025 01 20 19 44 21.01  32.499  09.733  0030.24  02.31  08.21  301.6  009.26  29.548  1022.879  1482.72 
2025 01 20 19 44 21.14  32.500  09.734  0030.25  02.25  08.21  301.6  009.29  29.548  1022.878  1482.72 
2025 01 20 19 44 21.26  32.500  09.736  0030.25  02.28  08.21  301.6  009.29  29.546  1022.877  1482.73 
2025 01 20 19 44 21.39  32.499  09.738  0030.26  02.31  08.21  301.7  009.29  29.544  1022.875  1482.73 
2025 01 20 19 44 21.51  32.498  09.736  0030.23  02.36  08.21  301.7  009.29  29.545  1022.876  1482.72 
2025 01 20 19 44 21.64  32.499  09.735  0030.24  02.54  08.21  301.7  009.29  29.547  1022.877  1482.72 
2025 01 20 19 44 21.76  32.498  09.734  0030.27  02.52  08.21  301.7  009.29  29.546  1022.877  1482.72 
2025 01 20 19 44 21.89  32.497  09.735  0030.26  02.63  08.20  301.7  009.29  29.545  1022.876  1482.72 
2025 01 20 19 44 22.01  32.497  09.737  0030.25  02.76  08.20  301.7  009.29  29.543  1022.874  1482.72 
2025 01 20 19 44 22.14  32.496  09.738  0030.25  02.54  08.20  301.7  009.29  29.541  1022.873  1482.72 
2025 01 20 19 44 22.26  32.496  09.739  0030.25  02.41  08.20  301.7  009.29  29.540  1022.871  1482.73 
2025 01 20 19 44 22.39  32.494  09.742  0030.25  02.42  08.20  301.7  009.29  29.536  1022.868  1482.73 
2025 01 20 19 44 22.51  32.493  09.741  0030.23  02.90  08.20  301.7  009.29  29.535  1022.867  1482.73 
2025 01 20 19 44 22.64  32.493  09.742  0030.24  02.98  08.20  301.7  009.29  29.534  1022.867  1482.73 
2025 01 20 19 44 22.76  32.492  09.743  0030.25  02.97  08.20  301.7  009.29  29.533  1022.865  1482.73 
2025 01 20 19 44 22.89  32.492  09.742  0030.24  03.05  08.20  301.7  009.29  29.533  1022.866  1482.73 
2025 01 20 19 44 23.01  32.492  09.742  0030.25  03.12  08.20  301.7  009.29  29.533  1022.866  1482.73 
2025 01 20 19 44 23.14  32.493  09.741  0030.24  02.90  08.20  301.7  009.29  29.535  1022.868  1482.73 
2025 01 20 19 44 23.26  32.492  09.742  0030.22  02.70  08.19  301.7  009.26  29.534  1022.866  1482.73 
2025 01 20 19 44 23.39  32.492  09.743  0030.19  02.67  08.19  301.7  009.26  29.533  1022.865  1482.73 
2025 01 20 19 44 23.51  32.495  09.742  0030.15  02.49  08.19  301.7  009.26  29.536  1022.868  1482.74 
2025 01 20 19 44 23.64  32.497  09.744  0030.09  02.37  08.19  301.7  009.26  29.538  1022.868  1482.74 
2025 01 20 19 44 23.76  32.499  09.741  0030.01  02.30  08.19  301.7  009.26  29.541  1022.871  1482.74 
2025 01 20 19 44 23.89  32.500  09.736  0029.99  02.23  08.19  301.7  009.26  29.546  1022.875  1482.72 
2025 01 20 19 44 24.01  32.501  09.738  0029.93  02.22  08.19  301.7  009.26  29.546  1022.875  1482.73 
2025 01 20 19 44 24.14  32.501  09.739  0029.90  02.32  08.19  301.7  009.26  29.546  1022.875  1482.73 
2025 01 20 19 44 24.26  32.501  09.739  0029.85  02.27  08.19  301.7  009.29  29.546  1022.874  1482.73 
2025 01 20 19 44 24.39  32.500  09.738  0029.80  02.25  08.19  302.0  009.29  29.545  1022.873  1482.72 
2025 01 20 19 44 24.51  32.500  09.737  0029.73  02.13  08.19  302.0  009.29  29.546  1022.874  1482.72 
2025 01 20 19 44 24.64  32.501  09.740  0029.71  02.11  08.19  302.0  009.29  29.544  1022.872  1482.73 
2025 01 20 19 44 24.76  32.501  09.741  0029.65  02.18  08.19  302.0  009.29  29.544  1022.871  1482.73 
2025 01 20 19 44 24.89  32.501  09.740  0029.62  02.20  08.19  302.0  009.29  29.545  1022.872  1482.73 
2025 01 20 19 44 25.01  32.502  09.737  0029.60  02.32  08.19  302.0  009.29  29.548  1022.875  1482.72 
2025 01 20 19 44 25.14  32.501  09.738  0029.58  02.39  08.19  302.0  009.29  29.546  1022.873  1482.72 
2025 01 20 19 44 25.26  32.501  09.738  0029.55  02.27  08.19  302.0  009.29  29.547  1022.874  1482.72 
2025 01 20 19 44 25.39  32.502  09.736  0029.46  02.23  08.18  302.0  009.29  29.549  1022.875  1482.72 
2025 01 20 19 44 25.51  32.502  09.739  0029.40  02.14  08.19  302.0  009.29  29.547  1022.873  1482.72 
2025 01 20 19 44 25.64  32.503  09.739  0029.34  02.12  08.18  302.0  009.29  29.547  1022.873  1482.72 
2025 01 20 19 44 25.76  32.504  09.740  0029.26  02.17  08.18  302.0  009.29  29.547  1022.873  1482.73 
2025 01 20 19 44 25.89  32.504  09.740  0029.23  02.14  08.18  302.0  009.29  29.548  1022.873  1482.72 
2025 01 20 19 44 26.01  32.504  09.738  0029.18  02.14  08.18  302.0  009.29  29.550  1022.874  1482.72 
2025 01 20 19 44 26.14  32.504  09.738  0029.13  02.11  08.18  302.0  009.29  29.550  1022.874  1482.72 
2025 01 20 19 44 26.26  32.504  09.738  0029.08  02.13  08.18  302.0  009.26  29.550  1022.874  1482.72 
2025 01 20 19 44 26.39  32.504  09.738  0029.03  02.23  08.18  302.0  009.26  29.550  1022.874  1482.72 
2025 01 20 19 44 26.51  32.504  09.740  0029.00  02.14  08.18  302.0  009.26  29.547  1022.871  1482.72 
2025 01 20 19 44 26.64  32.502  09.739  0028.98  02.14  08.18  302.0  009.26  29.547  1022.871  1482.72 
2025 01 20 19 44 26.76  32.503  09.740  0028.90  02.16  08.18  302.0  009.26  29.547  1022.870  1482.72 
2025 01 20 19 44 26.89  32.504  09.741  0028.84  02.36  08.18  302.0  009.26  29.547  1022.870  1482.72 
2025 01 20 19 44 27.01  32.503  09.740  0028.76  02.69  08.18  302.0  009.26  29.547  1022.870  1482.72 
2025 01 20 19 44 27.14  32.504  09.740  0028.70  02.58  08.18  302.0  009.29  29.548  1022.870  1482.72 
2025 01 20 19 44 27.26  32.504  09.740  0028.65  02.35  08.18  302.0  009.29  29.548  1022.870  1482.72 
2025 01 20 19 44 27.39  32.504  09.740  0028.63  02.22  08.18  302.2  009.29  29.548  1022.871  1482.72 
2025 01 20 19 44 27.51  32.503  09.741  0028.59  02.20  08.18  302.2  009.29  29.546  1022.869  1482.72 
2025 01 20 19 44 27.64  32.504  09.741  0028.56  02.66  08.18  302.2  009.29  29.548  1022.870  1482.72 
2025 01 20 19 44 27.76  32.505  09.740  0028.51  02.82  08.18  302.2  009.29  29.549  1022.871  1482.72 
2025 01 20 19 44 27.89  32.504  09.741  0028.50  02.57  08.18  302.2  009.29  29.547  1022.869  1482.72 
2025 01 20 19 44 28.01  32.503  09.740  0028.49  02.42  08.18  302.2  009.29  29.547  1022.869  1482.71 
2025 01 20 19 44 28.14  32.498  09.741  0028.49  02.37  08.18  302.2  009.29  29.541  1022.864  1482.71 
2025 01 20 19 44 28.26  32.497  09.743  0028.45  02.29  08.18  302.2  009.29  29.539  1022.862  1482.71 
2025 01 20 19 44 28.39  32.497  09.742  0028.41  02.27  08.18  302.2  009.29  29.539  1022.862  1482.71 
2025 01 20 19 44 28.51  32.497  09.742  0028.29  02.25  08.18  302.2  009.29  29.540  1022.862  1482.71 
2025 01 20 19 44 28.64  32.501  09.745  0028.18  02.11  08.18  302.2  009.29  29.541  1022.862  1482.72 
2025 01 20 19 44 28.76  32.500  09.746  0028.05  02.04  08.18  302.2  009.29  29.539  1022.860  1482.72 
2025 01 20 19 44 28.89  32.496  09.747  0027.99  02.30  08.18  302.2  009.29  29.534  1022.855  1482.71 
2025 01 20 19 44 29.01  32.495  09.745  0027.92  02.28  08.18  302.2  009.29  29.535  1022.856  1482.71 
2025 01 20 19 44 29.14  32.495  09.747  0027.93  02.13  08.18  302.2  009.29  29.534  1022.855  1482.71 
2025 01 20 19 44 29.26  32.491  09.747  0027.93  02.10  08.17  302.2  009.26  29.530  1022.852  1482.71 
2025 01 20 19 44 29.39  32.478  09.752  0027.92  02.17  08.17  302.2  009.26  29.512  1022.837  1482.71 
2025 01 20 19 44 29.51  32.471  09.753  0027.95  02.23  08.18  302.2  009.26  29.504  1022.831  1482.70 
2025 01 20 19 44 29.64  32.467  09.755  0027.95  02.35  08.18  302.2  009.26  29.499  1022.826  1482.70 
2025 01 20 19 44 29.76  32.466  09.756  0027.95  02.39  08.18  302.2  009.26  29.497  1022.825  1482.70 
2025 01 20 19 44 29.89  32.469  09.757  0027.94  03.18  08.18  302.2  009.26  29.500  1022.827  1482.71 
2025 01 20 19 44 30.01  32.471  09.754  0027.90  03.07  08.17  302.2  009.26  29.503  1022.830  1482.70 
2025 01 20 19 44 30.14  32.469  09.754  0027.80  02.71  08.17  302.2  009.26  29.501  1022.828  1482.70 
2025 01 20 19 44 30.26  32.471  09.755  0027.66  02.37  08.18  302.2  009.26  29.503  1022.828  1482.70 
2025 01 20 19 44 30.39  32.478  09.757  0027.52  02.21  08.18  301.8  009.29  29.509  1022.832  1482.71 
2025 01 20 19 44 30.51  32.479  09.757  0027.41  02.11  08.17  301.8  009.29  29.510  1022.832  1482.71 
2025 01 20 19 44 30.64  32.477  09.757  0027.29  02.15  08.17  301.8  009.29  29.508  1022.830  1482.71 
2025 01 20 19 44 30.76  32.475  09.757  0027.22  02.09  08.17  301.8  009.29  29.506  1022.828  1482.70 
2025 01 20 19 44 30.89  32.472  09.759  0027.19  02.05  08.17  301.8  009.29  29.501  1022.824  1482.70 
2025 01 20 19 44 31.01  32.468  09.760  0027.15  02.03  08.17  301.8  009.29  29.496  1022.820  1482.70 
2025 01 20 19 44 31.14  32.443  09.769  0027.15  02.10  08.17  301.8  009.29  29.464  1022.793  1482.70 
2025 01 20 19 44 31.26  32.415  09.777  0027.14  02.24  08.17  301.8  009.29  29.429  1022.765  1482.68 
2025 01 20 19 44 31.39  32.397  09.781  0027.17  02.21  08.17  301.8  009.29  29.407  1022.748  1482.67 
2025 01 20 19 44 31.51  32.389  09.783  0027.22  02.22  08.17  301.8  009.29  29.398  1022.740  1482.67 
2025 01 20 19 44 31.64  32.396  09.782  0027.21  02.40  08.17  301.8  009.29  29.406  1022.746  1482.67 
2025 01 20 19 44 31.76  32.407  09.778  0027.18  02.47  08.17  301.8  009.29  29.420  1022.758  1482.67 
2025 01 20 19 44 31.89  32.399  09.780  0027.15  02.60  08.17  301.8  009.29  29.410  1022.750  1482.67 
2025 01 20 19 44 32.01  32.396  09.779  0027.07  02.56  08.17  301.8  009.29  29.409  1022.748  1482.66 
2025 01 20 19 44 32.14  32.402  09.778  0026.97  02.37  08.17  301.8  009.29  29.415  1022.753  1482.67 
2025 01 20 19 44 32.26  32.403  09.777  0026.85  02.35  08.17  301.8  009.26  29.416  1022.754  1482.66 
2025 01 20 19 44 32.39  32.403  09.778  0026.76  02.34  08.16  301.8  009.26  29.416  1022.753  1482.66 
2025 01 20 19 44 32.51  32.401  09.778  0026.71  02.30  08.17  301.8  009.26  29.415  1022.752  1482.66 
2025 01 20 19 44 32.64  32.397  09.777  0026.65  02.28  08.17  301.8  009.26  29.411  1022.748  1482.65 
2025 01 20 19 44 32.76  32.396  09.777  0026.64  02.14  08.17  301.8  009.26  29.410  1022.748  1482.65 
2025 01 20 19 44 32.89  32.392  09.779  0026.62  02.16  08.17  301.8  009.26  29.405  1022.743  1482.65 
2025 01 20 19 44 33.01  32.382  09.781  0026.63  02.19  08.17  301.8  009.26  29.393  1022.734  1482.65 
2025 01 20 19 44 33.14  32.374  09.781  0026.63  02.43  08.17  301.8  009.29  29.385  1022.727  1482.63 
2025 01 20 19 44 33.26  32.374  09.780  0026.64  02.41  08.17  301.8  009.29  29.386  1022.728  1482.63 
2025 01 20 19 44 33.39  32.365  09.782  0026.67  02.33  08.17  301.8  009.29  29.375  1022.720  1482.63 
2025 01 20 19 44 33.51  32.353  09.784  0026.64  02.33  08.17  301.8  009.29  29.361  1022.709  1482.62 
2025 01 20 19 44 33.64  32.354  09.782  0026.59  02.33  08.17  301.8  009.29  29.363  1022.710  1482.61 
2025 01 20 19 44 33.76  32.356  09.783  0026.51  02.31  08.17  301.8  009.29  29.365  1022.711  1482.62 
2025 01 20 19 44 33.89  32.361  09.783  0026.39  02.19  08.17  301.8  009.29  29.371  1022.715  1482.62 
2025 01 20 19 44 34.01  32.369  09.782  0026.25  02.09  08.17  301.8  009.29  29.379  1022.721  1482.63 
2025 01 20 19 44 34.14  32.372  09.781  0026.14  02.03  08.17  301.8  009.29  29.384  1022.724  1482.62 
2025 01 20 19 44 34.26  32.369  09.779  0026.09  02.05  08.17  301.8  009.29  29.382  1022.723  1482.61 
2025 01 20 19 44 34.39  32.361  09.779  0026.03  02.11  08.17  301.8  009.29  29.373  1022.716  1482.61 
2025 01 20 19 44 34.51  32.356  09.778  0026.01  02.11  08.17  301.8  009.29  29.369  1022.713  1482.59 
2025 01 20 19 44 34.64  32.357  09.778  0026.00  02.16  08.17  301.8  009.29  29.370  1022.714  1482.60 
2025 01 20 19 44 34.76  32.352  09.776  0025.98  02.21  08.17  301.8  009.29  29.366  1022.711  1482.58 
2025 01 20 19 44 34.89  32.345  09.776  0025.97  02.25  08.17  301.8  009.29  29.360  1022.706  1482.58 
2025 01 20 19 44 35.01  32.332  09.769  0025.98  02.33  08.17  301.8  009.29  29.352  1022.701  1482.54 
2025 01 20 19 44 35.14  32.315  09.759  0025.98  02.36  08.17  301.8  009.29  29.344  1022.696  1482.49 
2025 01 20 19 44 35.26  32.303  09.759  0025.96  02.35  08.16  301.8  009.26  29.332  1022.686  1482.48 
2025 01 20 19 44 35.39  32.302  09.759  0025.94  02.53  08.16  301.8  009.26  29.330  1022.685  1482.48 
2025 01 20 19 44 35.51  32.301  09.759  0025.85  02.67  08.17  301.8  009.26  29.329  1022.684  1482.47 
2025 01 20 19 44 35.64  32.310  09.762  0025.74  02.54  08.17  301.8  009.26  29.336  1022.689  1482.49 
2025 01 20 19 44 35.76  32.321  09.764  0025.64  02.35  08.17  301.8  009.26  29.345  1022.695  1482.51 
2025 01 20 19 44 35.89  32.317  09.764  0025.59  02.29  08.17  301.8  009.26  29.342  1022.692  1482.50 
2025 01 20 19 44 36.01  32.317  09.763  0025.51  02.26  08.17  301.8  009.26  29.342  1022.692  1482.50 
2025 01 20 19 44 36.14  32.313  09.763  0025.48  02.42  08.17  301.8  009.26  29.339  1022.689  1482.49 
2025 01 20 19 44 36.26  32.308  09.762  0025.46  02.94  08.17  301.8  009.26  29.335  1022.686  1482.48 
2025 01 20 19 44 36.39  32.306  09.763  0025.44  03.01  08.16  301.4  009.29  29.331  1022.683  1482.49 
2025 01 20 19 44 36.51  32.306  09.761  0025.39  02.94  08.16  301.4  009.29  29.334  1022.685  1482.48 
2025 01 20 19 44 36.64  32.306  09.761  0025.37  02.63  08.16  301.4  009.29  29.334  1022.685  1482.48 
2025 01 20 19 44 36.76  32.302  09.760  0025.33  02.51  08.16  301.4  009.29  29.330  1022.682  1482.47 
2025 01 20 19 44 36.89  32.297  09.758  0025.28  02.77  08.16  301.4  009.29  29.327  1022.680  1482.46 
2025 01 20 19 44 37.01  32.295  09.758  0025.23  02.73  08.16  301.4  009.29  29.325  1022.678  1482.46 
2025 01 20 19 44 37.14  32.298  09.760  0025.13  02.50  08.16  301.4  009.29  29.326  1022.678  1482.46 
2025 01 20 19 44 37.26  32.300  09.761  0025.00  02.40  08.16  301.4  009.29  29.327  1022.678  1482.46 
2025 01 20 19 44 37.39  32.302  09.761  0024.88  02.25  08.16  301.4  009.29  29.329  1022.679  1482.47 
2025 01 20 19 44 37.51  32.298  09.759  0024.77  02.21  08.16  301.4  009.29  29.326  1022.677  1482.45 
2025 01 20 19 44 37.64  32.295  09.759  0024.74  02.34  08.16  301.4  009.29  29.324  1022.675  1482.45 
2025 01 20 19 44 37.76  32.294  09.757  0024.72  02.32  08.16  301.4  009.29  29.324  1022.675  1482.44 
2025 01 20 19 44 37.89  32.286  09.754  0024.74  02.39  08.16  301.4  009.29  29.318  1022.671  1482.43 
2025 01 20 19 44 38.01  32.282  09.752  0024.74  02.49  08.16  301.4  009.29  29.316  1022.670  1482.41 
2025 01 20 19 44 38.14  32.270  09.747  0024.77  02.39  08.16  301.4  009.29  29.309  1022.665  1482.39 
2025 01 20 19 44 38.26  32.267  09.745  0024.75  02.30  08.16  301.4  009.26  29.307  1022.664  1482.38 
2025 01 20 19 44 38.39  32.270  09.748  0024.71  02.40  08.15  301.4  009.26  29.308  1022.664  1482.39 
2025 01 20 19 44 38.51  32.274  09.749  0024.69  02.51  08.16  301.4  009.26  29.311  1022.666  1482.40 
2025 01 20 19 44 38.64  32.274  09.749  0024.62  02.46  08.16  301.4  009.26  29.311  1022.666  1482.40 
2025 01 20 19 44 38.76  32.274  09.749  0024.52  02.35  08.16  301.4  009.26  29.311  1022.665  1482.39 
2025 01 20 19 44 38.89  32.275  09.748  0024.37  02.25  08.16  301.4  009.26  29.313  1022.666  1482.39 
2025 01 20 19 44 39.01  32.268  09.742  0024.23  02.30  08.16  301.4  009.26  29.311  1022.665  1482.36 
2025 01 20 19 44 39.14  32.259  09.740  0024.10  02.32  08.16  301.4  009.29  29.304  1022.659  1482.35 
2025 01 20 19 44 39.26  32.255  09.740  0024.00  02.32  08.16  301.4  009.29  29.300  1022.656  1482.34 
2025 01 20 19 44 39.39  32.253  09.738  0023.93  02.30  08.16  301.3  009.29  29.299  1022.655  1482.33 
2025 01 20 19 44 39.51  32.245  09.734  0023.91  02.23  08.16  301.3  009.29  29.295  1022.652  1482.31 
2025 01 20 19 44 39.64  32.221  09.710  0023.92  02.24  08.16  301.3  009.29  29.290  1022.652  1482.21 
2025 01 20 19 44 39.76  32.204  09.703  0023.91  02.39  08.16  301.3  009.29  29.279  1022.644  1482.18 
2025 01 20 19 44 39.89  32.195  09.701  0023.91  02.44  08.16  301.3  009.29  29.271  1022.639  1482.16 
2025 01 20 19 44 40.01  32.191  09.702  0023.91  02.47  08.16  301.3  009.29  29.266  1022.635  1482.16 
2025 01 20 19 44 40.14  32.192  09.703  0023.91  02.33  08.16  301.3  009.29  29.266  1022.635  1482.16 
2025 01 20 19 44 40.26  32.192  09.702  0023.89  02.36  08.16  301.3  009.29  29.268  1022.636  1482.16 
2025 01 20 19 44 40.39  32.194  09.704  0023.85  02.49  08.16  301.3  009.29  29.268  1022.636  1482.16 
2025 01 20 19 44 40.51  32.197  09.703  0023.81  02.47  08.16  301.3  009.29  29.271  1022.638  1482.17 
2025 01 20 19 44 40.64  32.205  09.710  0023.65  02.36  08.16  301.3  009.29  29.274  1022.639  1482.19 
2025 01 20 19 44 40.76  32.204  09.705  0023.53  02.64  08.16  301.3  009.29  29.276  1022.640  1482.18 
2025 01 20 19 44 40.89  32.201  09.708  0023.42  02.63  08.16  301.3  009.29  29.272  1022.636  1482.18 
2025 01 20 19 44 41.01  32.204  09.707  0023.31  02.64  08.16  301.3  009.29  29.276  1022.639  1482.18 
2025 01 20 19 44 41.14  32.203  09.708  0023.26  02.56  08.16  301.3  009.29  29.274  1022.637  1482.18 
2025 01 20 19 44 41.26  32.199  09.707  0023.22  02.52  08.15  301.3  009.26  29.270  1022.634  1482.17 
2025 01 20 19 44 41.39  32.192  09.701  0023.20  02.53  08.15  301.3  009.26  29.269  1022.634  1482.14 
2025 01 20 19 44 41.51  32.185  09.698  0023.22  02.47  08.16  301.3  009.26  29.264  1022.631  1482.13 
2025 01 20 19 44 41.64  32.180  09.694  0023.18  02.44  08.16  301.3  009.26  29.262  1022.629  1482.11 
2025 01 20 19 44 41.76  32.178  09.692  0023.20  02.45  08.16  301.3  009.26  29.262  1022.630  1482.10 
2025 01 20 19 44 41.89  32.175  09.690  0023.23  02.35  08.16  301.3  009.26  29.260  1022.629  1482.09 
2025 01 20 19 44 42.01  32.171  09.682  0023.27  02.34  08.15  301.3  009.26  29.263  1022.632  1482.07 
2025 01 20 19 44 42.14  32.168  09.680  0023.27  02.30  08.15  301.3  009.26  29.261  1022.631  1482.06 
2025 01 20 19 44 42.26  32.169  09.681  0023.24  02.39  08.16  301.3  009.29  29.262  1022.632  1482.06 
2025 01 20 19 44 42.39  32.173  09.684  0023.24  02.43  08.15  300.8  009.29  29.262  1022.632  1482.08 
2025 01 20 19 44 42.51  32.177  09.692  0023.13  02.35  08.15  300.8  009.29  29.260  1022.628  1482.10 
2025 01 20 19 44 42.64  32.178  09.691  0022.98  02.23  08.15  300.8  009.29  29.263  1022.630  1482.10 
2025 01 20 19 44 42.76  32.180  09.692  0022.83  02.20  08.15  300.8  009.29  29.264  1022.630  1482.10 
2025 01 20 19 44 42.89  32.181  09.693  0022.66  02.21  08.15  300.8  009.29  29.264  1022.629  1482.10 
2025 01 20 19 44 43.01  32.181  09.693  0022.54  02.21  08.15  300.8  009.29  29.264  1022.628  1482.10 
2025 01 20 19 44 43.14  32.179  09.693  0022.47  02.25  08.15  300.8  009.29  29.262  1022.627  1482.09 
2025 01 20 19 44 43.26  32.178  09.693  0022.44  02.25  08.15  300.8  009.29  29.261  1022.626  1482.09 
2025 01 20 19 44 43.39  32.168  09.695  0022.46  02.25  08.15  300.8  009.29  29.249  1022.616  1482.09 
2025 01 20 19 44 43.51  32.146  09.699  0022.49  02.24  08.15  300.8  009.29  29.223  1022.596  1482.07 
2025 01 20 19 44 43.64  32.142  09.699  0022.53  02.27  08.15  300.8  009.29  29.219  1022.592  1482.07 
2025 01 20 19 44 43.76  32.142  09.698  0022.57  02.40  08.15  300.8  009.29  29.221  1022.594  1482.07 
2025 01 20 19 44 43.89  32.152  09.692  0022.58  02.39  08.15  300.8  009.29  29.235  1022.607  1482.06 
2025 01 20 19 44 44.01  32.153  09.689  0022.61  02.32  08.15  300.8  009.29  29.239  1022.610  1482.06 
2025 01 20 19 44 44.14  32.151  09.690  0022.60  02.35  08.15  300.8  009.29  29.236  1022.607  1482.06 
2025 01 20 19 44 44.26  32.151  09.694  0022.58  02.39  08.15  300.8  009.26  29.233  1022.605  1482.06 
2025 01 20 19 44 44.39  32.155  09.695  0022.50  02.44  08.14  300.8  009.26  29.236  1022.606  1482.07 
2025 01 20 19 44 44.51  32.161  09.697  0022.36  02.31  08.15  300.8  009.26  29.240  1022.608  1482.08 
2025 01 20 19 44 44.64  32.161  09.698  0022.21  02.19  08.15  300.8  009.26  29.241  1022.608  1482.08 
2025 01 20 19 44 44.76  32.162  09.698  0022.08  02.20  08.15  300.8  009.26  29.241  1022.607  1482.08 
2025 01 20 19 44 44.89  32.158  09.702  0021.94  02.14  08.15  300.8  009.26  29.234  1022.601  1482.09 
2025 01 20 19 44 45.01  32.157  09.703  0021.80  02.06  08.15  300.8  009.26  29.233  1022.599  1482.08 
2025 01 20 19 44 45.14  32.157  09.703  0021.72  02.03  08.15  300.8  009.29  29.232  1022.598  1482.08 
2025 01 20 19 44 45.26  32.153  09.708  0021.74  02.27  08.15  300.8  009.29  29.224  1022.591  1482.09 
2025 01 20 19 44 45.39  32.149  09.713  0021.69  02.29  08.15  300.1  009.29  29.216  1022.584  1482.10 
2025 01 20 19 44 45.51  32.145  09.717  0021.68  02.35  08.15  300.1  009.29  29.208  1022.577  1482.11 
2025 01 20 19 44 45.64  32.142  09.720  0021.70  02.41  08.15  300.1  009.29  29.204  1022.573  1482.11 
2025 01 20 19 44 45.76  32.142  09.717  0021.73  02.40  08.15  300.1  009.29  29.205  1022.575  1482.10 
2025 01 20 19 44 45.89  32.142  09.724  0021.76  02.45  08.15  300.1  009.29  29.199  1022.569  1482.12 
2025 01 20 19 44 46.01  32.143  09.714  0021.80  02.51  08.15  300.1  009.29  29.209  1022.579  1482.10 
2025 01 20 19 44 46.14  32.145  09.716  0021.81  02.51  08.15  300.1  009.29  29.209  1022.579  1482.10 
2025 01 20 19 44 46.26  32.142  09.724  0021.82  02.46  08.15  300.1  009.29  29.200  1022.571  1482.12 
2025 01 20 19 44 46.39  32.141  09.724  0021.77  02.37  08.15  300.1  009.29  29.198  1022.569  1482.12 
2025 01 20 19 44 46.51  32.142  09.726  0021.72  02.91  08.15  300.1  009.29  29.198  1022.568  1482.13 
2025 01 20 19 44 46.64  32.143  09.720  0021.60  02.83  08.15  300.1  009.29  29.204  1022.573  1482.11 
2025 01 20 19 44 46.76  32.142  09.724  0021.45  02.63  08.15  300.1  009.29  29.201  1022.569  1482.12 
2025 01 20 19 44 46.89  32.140  09.730  0021.34  02.49  08.15  300.1  009.29  29.193  1022.562  1482.13 
2025 01 20 19 44 47.01  32.138  09.738  0021.25  02.42  08.15  300.1  009.29  29.185  1022.554  1482.15 
2025 01 20 19 44 47.14  32.138  09.738  0021.20  02.41  08.15  300.1  009.29  29.185  1022.554  1482.15 
2025 01 20 19 44 47.26  32.138  09.738  0021.17  02.35  08.14  300.1  009.26  29.184  1022.553  1482.15 
2025 01 20 19 44 47.39  32.138  09.737  0021.17  02.39  08.14  300.1  009.26  29.186  1022.555  1482.14 
2025 01 20 19 44 47.51  32.138  09.743  0021.17  02.38  08.15  300.1  009.26  29.180  1022.549  1482.16 
2025 01 20 19 44 47.64  32.136  09.745  0021.18  02.43  08.15  300.1  009.26  29.177  1022.547  1482.16 
2025 01 20 19 44 47.76  32.136  09.741  0021.16  02.48  08.15  300.1  009.26  29.180  1022.549  1482.15 
2025 01 20 19 44 47.89  32.137  09.741  0021.16  02.89  08.15  300.1  009.26  29.181  1022.550  1482.15 
2025 01 20 19 44 48.01  32.137  09.742  0021.16  02.81  08.15  300.1  009.26  29.180  1022.549  1482.15 
2025 01 20 19 44 48.14  32.135  09.747  0021.13  02.65  08.15  300.1  009.26  29.175  1022.544  1482.17 
2025 01 20 19 44 48.26  32.136  09.748  0021.06  02.59  08.15  300.1  009.26  29.175  1022.543  1482.17 
2025 01 20 19 44 48.39  32.135  09.746  0020.97  02.47  08.15  299.4  009.29  29.176  1022.544  1482.16 
2025 01 20 19 44 48.51  32.136  09.744  0020.84  02.34  08.15  299.4  009.29  29.178  1022.545  1482.15 
2025 01 20 19 44 48.64  32.138  09.744  0020.73  02.38  08.15  299.4  009.29  29.179  1022.546  1482.16 
2025 01 20 19 44 48.76  32.140  09.754  0020.59  02.33  08.15  299.4  009.29  29.174  1022.540  1482.18 
2025 01 20 19 44 48.89  32.138  09.758  0020.51  02.27  08.15  299.4  009.29  29.169  1022.535  1482.19 
2025 01 20 19 44 49.01  32.139  09.758  0020.46  02.58  08.15  299.4  009.29  29.170  1022.535  1482.19 
2025 01 20 19 44 49.14  32.138  09.774  0020.45  02.61  08.15  299.4  009.29  29.156  1022.522  1482.23 
2025 01 20 19 44 49.26  32.138  09.779  0020.45  02.57  08.15  299.4  009.29  29.152  1022.518  1482.25 
2025 01 20 19 44 49.39  32.138  09.802  0020.46  02.44  08.15  299.4  009.29  29.134  1022.500  1482.31 
2025 01 20 19 44 49.51  32.138  09.820  0020.43  02.30  08.15  299.4  009.29  29.119  1022.486  1482.36 
2025 01 20 19 44 49.64  32.138  09.810  0020.43  02.43  08.15  299.4  009.29  29.126  1022.493  1482.33 
2025 01 20 19 44 49.76  32.137  09.809  0020.43  02.47  08.15  299.4  009.29  29.126  1022.493  1482.32 
2025 01 20 19 44 49.89  32.138  09.783  0020.39  02.42  08.15  299.4  009.29  29.148  1022.514  1482.25 
2025 01 20 19 44 50.01  32.138  09.780  0020.35  02.49  08.15  299.4  009.29  29.151  1022.516  1482.24 
2025 01 20 19 44 50.14  32.137  09.803  0020.25  02.67  08.15  299.4  009.29  29.131  1022.497  1482.30 
2025 01 20 19 44 50.26  32.138  09.799  0020.12  02.56  08.14  299.4  009.26  29.135  1022.500  1482.29 
2025 01 20 19 44 50.39  32.138  09.828  0020.01  02.36  08.14  299.4  009.26  29.112  1022.477  1482.37 
2025 01 20 19 44 50.51  32.134  09.866  0019.86  02.36  08.15  299.4  009.26  29.078  1022.444  1482.46 
2025 01 20 19 44 50.64  32.128  09.901  0019.76  02.40  08.15  299.4  009.26  29.043  1022.411  1482.55 
2025 01 20 19 44 50.76  32.130  09.889  0019.68  02.37  08.15  299.4  009.26  29.055  1022.422  1482.52 
2025 01 20 19 44 50.89  32.127  09.905  0019.66  02.44  08.15  299.4  009.26  29.039  1022.407  1482.56 
2025 01 20 19 44 51.01  32.117  09.992  0019.66  02.46  08.15  299.4  009.26  28.959  1022.331  1482.78 
2025 01 20 19 44 51.14  32.111  09.997  0019.65  02.57  08.15  299.4  009.29  28.949  1022.322  1482.79 
2025 01 20 19 44 51.26  32.111  09.982  0019.66  02.96  08.16  299.4  009.29  28.962  1022.334  1482.74 
2025 01 20 19 44 51.39  32.114  09.961  0019.71  02.95  08.15  299.5  009.29  28.981  1022.353  1482.69 
2025 01 20 19 44 51.51  32.114  09.981  0019.69  02.78  08.15  299.5  009.29  28.966  1022.338  1482.75 
2025 01 20 19 44 51.64  32.110  10.014  0019.71  02.67  08.16  299.5  009.29  28.935  1022.309  1482.83 
2025 01 20 19 44 51.76  32.110  10.004  0019.69  02.68  08.15  299.5  009.29  28.943  1022.316  1482.80 
2025 01 20 19 44 51.89  32.111  09.998  0019.65  02.73  08.15  299.5  009.29  28.949  1022.322  1482.79 
2025 01 20 19 44 52.01  32.115  09.991  0019.59  02.83  08.16  299.5  009.29  28.959  1022.331  1482.77 
2025 01 20 19 44 52.14  32.117  09.982  0019.42  02.73  08.15  299.5  009.29  28.968  1022.338  1482.75 
2025 01 20 19 44 52.26  32.118  09.990  0019.34  02.55  08.16  299.5  009.29  28.962  1022.332  1482.77 
2025 01 20 19 44 52.39  32.112  10.016  0019.19  02.49  08.15  299.5  009.29  28.936  1022.306  1482.83 
2025 01 20 19 44 52.51  32.104  10.066  0019.07  02.50  08.15  299.5  009.29  28.888  1022.261  1482.95 
2025 01 20 19 44 52.64  32.104  10.045  0018.98  02.61  08.15  299.5  009.29  28.905  1022.277  1482.89 
2025 01 20 19 44 52.76  32.103  10.057  0019.03  02.66  08.14  299.5  009.29  28.894  1022.266  1482.93 
2025 01 20 19 44 52.89  32.099  10.069  0019.01  02.63  08.14  299.5  009.29  28.880  1022.254  1482.95 
2025 01 20 19 44 53.01  32.095  10.100  0019.00  02.60  08.14  299.5  009.29  28.851  1022.226  1483.03 
2025 01 20 19 44 53.14  32.091  10.114  0019.04  02.84  08.14  299.5  009.29  28.837  1022.213  1483.07 
2025 01 20 19 44 53.26  32.091  10.124  0019.01  02.85  08.14  299.5  009.26  28.828  1022.205  1483.09 
2025 01 20 19 44 53.39  32.089  10.132  0019.05  02.79  08.13  299.5  009.26  28.820  1022.198  1483.11 
2025 01 20 19 44 53.51  32.087  10.132  0019.03  02.90  08.14  299.5  009.26  28.819  1022.196  1483.11 
2025 01 20 19 44 53.64  32.085  10.152  0019.03  02.90  08.14  299.5  009.26  28.801  1022.179  1483.16 
2025 01 20 19 44 53.76  32.087  10.149  0019.01  03.32  08.14  299.5  009.26  28.805  1022.182  1483.15 
2025 01 20 19 44 53.89  32.089  10.142  0018.95  03.40  08.14  299.5  009.26  28.812  1022.189  1483.14 
2025 01 20 19 44 54.01  32.090  10.135  0018.82  03.15  08.14  299.5  009.26  28.819  1022.195  1483.12 
2025 01 20 19 44 54.14  32.091  10.133  0018.67  02.87  08.14  299.5  009.26  28.821  1022.196  1483.11 
2025 01 20 19 44 54.26  32.087  10.153  0018.56  03.05  08.15  299.5  009.29  28.803  1022.178  1483.16 
2025 01 20 19 44 54.39  32.083  10.179  0018.44  03.16  08.15  298.2  009.29  28.777  1022.154  1483.22 
2025 01 20 19 44 54.51  32.081  10.182  0018.33  03.10  08.15  298.2  009.29  28.773  1022.150  1483.22 
2025 01 20 19 44 54.64  32.083  10.175  0018.30  03.13  08.15  298.2  009.29  28.780  1022.156  1483.21 
2025 01 20 19 44 54.76  32.082  10.186  0018.30  03.01  08.15  298.2  009.29  28.770  1022.146  1483.24 
2025 01 20 19 44 54.89  32.078  10.222  0018.29  03.12  08.15  298.2  009.29  28.738  1022.116  1483.33 
2025 01 20 19 44 55.01  32.073  10.279  0018.31  03.20  08.15  298.2  009.29  28.689  1022.068  1483.47 
2025 01 20 19 44 55.14  32.069  10.286  0018.34  03.31  08.15  298.2  009.29  28.679  1022.060  1483.49 
2025 01 20 19 44 55.26  32.068  10.291  0018.38  04.24  08.15  298.2  009.29  28.674  1022.055  1483.50 
2025 01 20 19 44 55.39  32.069  10.307  0018.39  04.25  08.15  298.2  009.29  28.662  1022.043  1483.55 
2025 01 20 19 44 55.51  32.072  10.281  0018.43  04.01  08.15  298.2  009.29  28.685  1022.066  1483.48 
2025 01 20 19 44 55.64  32.071  10.291  0018.43  03.63  08.15  298.2  009.29  28.677  1022.057  1483.51 
2025 01 20 19 44 55.76  32.070  10.292  0018.39  03.35  08.15  298.2  009.29  28.675  1022.056  1483.51 
2025 01 20 19 44 55.89  32.072  10.286  0018.37  03.20  08.15  298.2  009.29  28.682  1022.062  1483.49 
2025 01 20 19 44 56.01  32.073  10.270  0018.24  03.04  08.15  298.2  009.29  28.696  1022.075  1483.45 
2025 01 20 19 44 56.14  32.073  10.261  0018.10  02.89  08.15  298.2  009.29  28.703  1022.081  1483.42 
2025 01 20 19 44 56.26  32.072  10.267  0017.99  02.87  08.15  298.2  009.26  28.697  1022.075  1483.44 
2025 01 20 19 44 56.39  32.073  10.277  0017.85  03.05  08.14  298.2  009.26  28.690  1022.068  1483.46 
2025 01 20 19 44 56.51  32.073  10.273  0017.73  03.01  08.15  298.2  009.26  28.694  1022.070  1483.45 
2025 01 20 19 44 56.64  32.072  10.283  0017.65  02.99  08.15  298.2  009.26  28.684  1022.061  1483.47 
2025 01 20 19 44 56.76  32.072  10.285  0017.63  02.94  08.15  298.2  009.26  28.682  1022.059  1483.48 
2025 01 20 19 44 56.89  32.072  10.288  0017.69  03.04  08.15  298.2  009.26  28.681  1022.058  1483.49 
2025 01 20 19 44 57.01  32.074  10.310  0017.69  03.13  08.15  298.2  009.26  28.665  1022.042  1483.55 
2025 01 20 19 44 57.14  32.074  10.343  0017.70  03.30  08.15  298.2  009.29  28.639  1022.016  1483.64 
2025 01 20 19 44 57.26  32.072  10.347  0017.72  03.49  08.16  298.2  009.29  28.634  1022.012  1483.64 
2025 01 20 19 44 57.39  32.071  10.338  0017.76  03.75  08.15  297.8  009.29  28.640  1022.018  1483.62 
2025 01 20 19 44 57.51  32.071  10.341  0017.77  03.68  08.15  297.8  009.29  28.637  1022.016  1483.63 
2025 01 20 19 44 57.64  32.070  10.337  0017.77  04.30  08.15  297.8  009.29  28.640  1022.018  1483.62 
2025 01 20 19 44 57.76  32.070  10.327  0017.73  04.20  08.15  297.8  009.29  28.648  1022.026  1483.59 
2025 01 20 19 44 57.89  32.070  10.328  0017.65  03.89  08.15  297.8  009.29  28.647  1022.025  1483.59 
2025 01 20 19 44 58.01  32.071  10.324  0017.53  03.65  08.15  297.8  009.29  28.651  1022.028  1483.58 
2025 01 20 19 44 58.14  32.070  10.323  0017.38  03.68  08.15  297.8  009.29  28.651  1022.027  1483.57 
2025 01 20 19 44 58.26  32.070  10.327  0017.24  03.51  08.15  297.8  009.29  28.648  1022.024  1483.58 
2025 01 20 19 44 58.39  32.069  10.331  0017.10  03.50  08.15  297.8  009.29  28.644  1022.019  1483.59 
2025 01 20 19 44 58.51  32.070  10.337  0017.00  03.35  08.15  297.8  009.29  28.640  1022.015  1483.60 
2025 01 20 19 44 58.64  32.070  10.356  0016.94  03.80  08.16  297.8  009.29  28.625  1022.000  1483.65 
2025 01 20 19 44 58.76  32.067  10.368  0016.93  03.65  08.16  297.8  009.29  28.613  1021.989  1483.68 
2025 01 20 19 44 58.89  32.064  10.381  0016.95  03.46  08.16  297.8  009.29  28.599  1021.976  1483.71 
2025 01 20 19 44 59.01  32.060  10.404  0016.97  03.46  08.16  297.8  009.29  28.578  1021.956  1483.77 
2025 01 20 19 44 59.14  32.067  10.365  0017.02  03.54  08.16  297.8  009.29  28.615  1021.991  1483.68 
2025 01 20 19 44 59.26  32.068  10.371  0017.03  03.90  08.16  297.8  009.26  28.611  1021.987  1483.69 
2025 01 20 19 44 59.39  32.068  10.395  0017.06  03.94  08.15  297.8  009.26  28.592  1021.968  1483.76 
2025 01 20 19 44 59.51  32.068  10.386  0017.08  03.98  08.16  297.8  009.26  28.600  1021.976  1483.74 
2025 01 20 19 44 59.64  32.066  10.371  0017.08  03.96  08.17  297.8  009.26  28.609  1021.986  1483.69 
2025 01 20 19 44 59.76  32.066  10.393  0017.03  03.82  08.17  297.8  009.26  28.593  1021.969  1483.75 
2025 01 20 19 44 59.89  32.066  10.392  0016.95  03.77  08.18  297.8  009.26  28.593  1021.969  1483.75 
2025 01 20 19 45 00.01  32.065  10.387  0016.82  03.77  08.19  297.8  009.26  28.596  1021.972  1483.73 
2025 01 20 19 45 00.14  32.060  10.376  0016.68  03.64  08.19  297.8  009.26  28.600  1021.976  1483.69 
2025 01 20 19 45 00.26  32.056  10.380  0016.52  03.57  08.19  297.8  009.29  28.592  1021.969  1483.69 
2025 01 20 19 45 00.39  32.052  10.386  0016.41  03.69  08.18  298.4  009.29  28.584  1021.961  1483.70 
2025 01 20 19 45 00.51  32.045  10.405  0016.31  03.90  08.16  298.4  009.29  28.562  1021.940  1483.75 
2025 01 20 19 45 00.64  32.041  10.406  0016.30  03.92  08.16  298.4  009.29  28.558  1021.937  1483.74 
2025 01 20 19 45 00.76  32.038  10.417  0016.30  03.96  08.16  298.4  009.29  28.546  1021.925  1483.77 
2025 01 20 19 45 00.89  32.026  10.438  0016.30  04.17  08.16  298.4  009.29  28.518  1021.900  1483.81 
2025 01 20 19 45 01.01  32.017  10.457  0016.31  04.45  08.16  298.4  009.29  28.495  1021.879  1483.85 
2025 01 20 19 45 01.14  31.999  10.494  0016.33  04.37  08.16  298.4  009.29  28.448  1021.837  1483.93 
2025 01 20 19 45 01.26  31.984  10.509  0016.36  04.28  08.16  298.4  009.29  28.421  1021.814  1483.95 
2025 01 20 19 45 01.39  31.988  10.512  0016.39  04.15  08.16  298.4  009.29  28.422  1021.814  1483.97 
2025 01 20 19 45 01.51  32.000  10.479  0016.41  04.36  08.16  298.4  009.29  28.460  1021.849  1483.89 
2025 01 20 19 45 01.64  32.001  10.494  0016.39  04.33  08.16  298.4  009.29  28.449  1021.838  1483.93 
2025 01 20 19 45 01.76  31.999  10.486  0016.34  04.46  08.16  298.4  009.29  28.454  1021.843  1483.91 
2025 01 20 19 45 01.89  31.997  10.482  0016.28  04.36  08.16  298.4  009.29  28.455  1021.844  1483.89 
2025 01 20 19 45 02.01  32.001  10.472  0016.16  04.11  08.16  298.4  009.29  28.467  1021.854  1483.87 
2025 01 20 19 45 02.14  32.010  10.459  0016.01  03.90  08.16  298.4  009.29  28.486  1021.870  1483.84 
2025 01 20 19 45 02.26  32.001  10.470  0015.90  03.84  08.16  298.4  009.26  28.468  1021.855  1483.86 
2025 01 20 19 45 02.39  31.990  10.474  0015.82  03.89  08.15  298.4  009.26  28.454  1021.843  1483.86 
2025 01 20 19 45 02.51  31.987  10.483  0015.78  03.94  08.16  298.4  009.26  28.444  1021.833  1483.88 
2025 01 20 19 45 02.64  31.986  10.485  0015.80  03.97  08.16  298.4  009.26  28.442  1021.832  1483.88 
2025 01 20 19 45 02.76  31.980  10.497  0015.80  03.95  08.16  298.4  009.26  28.427  1021.818  1483.91 
2025 01 20 19 45 02.89  31.978  10.497  0015.84  04.02  08.16  298.4  009.26  28.425  1021.816  1483.90 
2025 01 20 19 45 03.01  31.975  10.504  0015.86  04.14  08.16  298.4  009.26  28.416  1021.809  1483.92 
2025 01 20 19 45 03.14  31.972  10.509  0015.90  04.21  08.16  298.4  009.29  28.409  1021.803  1483.93 
2025 01 20 19 45 03.26  31.964  10.506  0015.93  04.31  08.17  298.4  009.29  28.404  1021.799  1483.91 
2025 01 20 19 45 03.39  31.944  10.543  0015.95  04.63  08.16  299.4  009.29  28.356  1021.755  1483.99 
2025 01 20 19 45 03.51  31.938  10.549  0015.94  04.71  08.16  299.4  009.29  28.345  1021.746  1484.00 
2025 01 20 19 45 03.64  31.951  10.530  0015.89  04.54  08.16  299.4  009.29  28.372  1021.770  1483.96 
2025 01 20 19 45 03.76  31.954  10.539  0015.79  04.25  08.16  299.4  009.29  28.368  1021.765  1483.99 
2025 01 20 19 45 03.89  31.949  10.533  0015.64  04.10  08.16  299.4  009.29  28.368  1021.765  1483.96 
2025 01 20 19 45 04.01  31.933  10.545  0015.48  03.92  08.16  299.4  009.29  28.343  1021.743  1483.97 
2025 01 20 19 45 04.14  31.912  10.556  0015.33  03.98  08.16  299.4  009.29  28.314  1021.718  1483.97 
2025 01 20 19 45 04.26  31.895  10.559  0015.20  04.19  08.16  299.4  009.29  28.295  1021.702  1483.96 
2025 01 20 19 45 04.39  31.896  10.555  0015.13  04.31  08.16  299.4  009.29  28.300  1021.706  1483.95 
2025 01 20 19 45 04.51  31.895  10.554  0015.06  04.33  08.16  299.4  009.29  28.299  1021.705  1483.95 
2025 01 20 19 45 04.64  31.878  10.556  0015.08  04.51  08.16  299.4  009.29  28.281  1021.691  1483.93 
2025 01 20 19 45 04.76  31.841  10.559  0015.09  04.63  08.16  299.4  009.29  28.242  1021.660  1483.90 
2025 01 20 19 45 04.89  31.845  10.562  0015.08  04.77  08.16  299.4  009.29  28.243  1021.661  1483.91 
2025 01 20 19 45 05.01  31.857  10.560  0015.11  05.23  08.17  299.4  009.29  28.257  1021.672  1483.92 
2025 01 20 19 45 05.14  31.852  10.562  0015.14  05.07  08.16  299.4  009.29  28.250  1021.667  1483.92 
2025 01 20 19 45 05.26  31.840  10.567  0015.19  04.82  08.16  299.4  009.26  28.235  1021.654  1483.92 
2025 01 20 19 45 05.39  31.831  10.568  0015.23  04.86  08.16  299.4  009.26  28.225  1021.647  1483.91 
2025 01 20 19 45 05.51  31.816  10.570  0015.25  04.75  08.17  299.4  009.26  28.209  1021.634  1483.90 
2025 01 20 19 45 05.64  31.804  10.569  0015.23  04.76  08.17  299.4  009.26  28.198  1021.626  1483.88 
2025 01 20 19 45 05.76  31.822  10.566  0015.18  04.84  08.16  299.4  009.26  28.218  1021.641  1483.89 
2025 01 20 19 45 05.89  31.830  10.565  0015.07  04.71  08.16  299.4  009.26  28.227  1021.648  1483.90 
2025 01 20 19 45 06.01  31.810  10.566  0014.95  04.59  08.17  299.4  009.26  28.207  1021.631  1483.88 
2025 01 20 19 45 06.14  31.785  10.568  0014.81  04.42  08.17  299.4  009.26  28.180  1021.610  1483.85 
2025 01 20 19 45 06.26  31.775  10.571  0014.68  04.34  08.17  299.4  009.29  28.169  1021.600  1483.84 
2025 01 20 19 45 06.39  31.764  10.573  0014.59  04.51  08.17  299.7  009.29  28.156  1021.589  1483.84 
2025 01 20 19 45 06.51  31.761  10.575  0014.52  04.75  08.17  299.7  009.29  28.152  1021.585  1483.84 
2025 01 20 19 45 06.64  31.756  10.578  0014.51  04.68  08.17  299.7  009.29  28.144  1021.578  1483.84 
2025 01 20 19 45 06.76  31.738  10.583  0014.52  04.68  08.17  299.7  009.29  28.123  1021.562  1483.83 
2025 01 20 19 45 06.89  31.710  10.592  0014.54  04.69  08.17  299.7  009.29  28.089  1021.533  1483.82 
2025 01 20 19 45 07.01  31.699  10.595  0014.55  05.09  08.17  299.7  009.29  28.076  1021.523  1483.82 
2025 01 20 19 45 07.14  31.684  10.600  0014.60  04.97  08.17  299.7  009.29  28.057  1021.508  1483.81 
2025 01 20 19 45 07.26  31.672  10.604  0014.65  04.88  08.17  299.7  009.29  28.042  1021.496  1483.81 
2025 01 20 19 45 07.39  31.676  10.603  0014.69  04.88  08.17  299.7  009.29  28.047  1021.500  1483.81 
2025 01 20 19 45 07.51  31.685  10.596  0014.70  05.10  08.17  299.7  009.29  28.062  1021.512  1483.81 
2025 01 20 19 45 07.64  31.688  10.597  0014.66  05.02  08.17  299.7  009.29  28.063  1021.513  1483.81 
2025 01 20 19 45 07.76  31.685  10.597  0014.63  04.96  08.17  299.7  009.29  28.060  1021.511  1483.81 
2025 01 20 19 45 07.89  31.688  10.596  0014.56  04.83  08.17  299.7  009.29  28.064  1021.513  1483.81 
2025 01 20 19 45 08.01  31.695  10.594  0014.42  04.77  08.17  299.7  009.29  28.072  1021.520  1483.81 
2025 01 20 19 45 08.14  31.699  10.595  0014.28  04.73  08.17  299.7  009.29  28.076  1021.522  1483.81 
2025 01 20 19 45 08.26  31.700  10.595  0014.17  04.66  08.16  299.7  009.26  28.077  1021.522  1483.81 
2025 01 20 19 45 08.39  31.697  10.596  0014.05  04.52  08.16  299.7  009.26  28.073  1021.518  1483.81 
2025 01 20 19 45 08.51  31.695  10.595  0013.96  04.91  08.17  299.7  009.26  28.072  1021.517  1483.80 
2025 01 20 19 45 08.64  31.693  10.595  0013.90  05.34  08.17  299.7  009.26  28.070  1021.515  1483.80 
2025 01 20 19 45 08.76  31.683  10.599  0013.91  05.25  08.17  299.7  009.26  28.057  1021.505  1483.80 
2025 01 20 19 45 08.89  31.670  10.600  0013.94  05.38  08.17  299.7  009.26  28.044  1021.495  1483.79 
2025 01 20 19 45 09.01  31.656  10.605  0013.97  05.93  08.16  299.7  009.26  28.026  1021.480  1483.78 
2025 01 20 19 45 09.14  31.662  10.602  0013.99  05.77  08.17  299.7  009.29  28.034  1021.487  1483.78 
2025 01 20 19 45 09.26  31.671  10.597  0014.02  05.58  08.17  299.7  009.29  28.047  1021.497  1483.78 
2025 01 20 19 45 09.39  31.667  10.600  0014.04  05.49  08.17  299.7  009.29  28.041  1021.492  1483.78 
2025 01 20 19 45 09.51  31.662  10.602  0014.03  05.52  08.17  299.7  009.29  28.035  1021.488  1483.78 
2025 01 20 19 45 09.64  31.660  10.604  0014.03  05.40  08.16  299.7  009.29  28.031  1021.484  1483.79 
2025 01 20 19 45 09.76  31.663  10.603  0013.97  05.31  08.17  299.7  009.29  28.035  1021.487  1483.79 
2025 01 20 19 45 09.89  31.670  10.601  0013.89  05.17  08.16  299.7  009.29  28.042  1021.493  1483.79 
2025 01 20 19 45 10.01  31.667  10.601  0013.78  04.91  08.17  299.7  009.29  28.040  1021.491  1483.78 
2025 01 20 19 45 10.14  31.663  10.603  0013.62  04.80  08.16  299.7  009.29  28.035  1021.486  1483.78 
2025 01 20 19 45 10.26  31.669  10.602  0013.54  04.59  08.16  299.7  009.29  28.041  1021.490  1483.78 
2025 01 20 19 45 10.39  31.674  10.600  0013.42  04.89  08.16  299.7  009.29  28.048  1021.495  1483.78 
2025 01 20 19 45 10.51  31.670  10.601  0013.36  05.15  08.16  299.7  009.29  28.043  1021.491  1483.78 
2025 01 20 19 45 10.64  31.668  10.600  0013.28  05.21  08.16  299.7  009.29  28.042  1021.490  1483.77 
2025 01 20 19 45 10.76  31.661  10.602  0013.31  05.14  08.16  299.7  009.29  28.033  1021.483  1483.77 
2025 01 20 19 45 10.89  31.650  10.604  0013.34  05.04  08.16  299.7  009.29  28.020  1021.473  1483.76 
2025 01 20 19 45 11.01  31.639  10.611  0013.36  04.99  08.17  299.7  009.29  28.006  1021.460  1483.77 
2025 01 20 19 45 11.14  31.633  10.609  0013.37  04.87  08.16  299.7  009.29  28.000  1021.457  1483.76 
2025 01 20 19 45 11.26  31.632  10.610  0013.36  04.90  08.16  299.7  009.26  27.999  1021.455  1483.76 
2025 01 20 19 45 11.39  31.634  10.609  0013.37  05.62  08.16  299.7  009.26  28.001  1021.458  1483.76 
2025 01 20 19 45 11.51  31.639  10.609  0013.38  05.81  08.17  299.7  009.26  28.006  1021.461  1483.76 
2025 01 20 19 45 11.64  31.642  10.608  0013.35  05.65  08.16  299.7  009.26  28.010  1021.464  1483.77 
2025 01 20 19 45 11.76  31.639  10.609  0013.29  05.34  08.17  299.7  009.26  28.006  1021.461  1483.76 
2025 01 20 19 45 11.89  31.642  10.607  0013.20  05.05  08.17  299.7  009.26  28.011  1021.465  1483.76 
2025 01 20 19 45 12.01  31.648  10.606  0013.07  04.93  08.16  299.7  009.26  28.018  1021.470  1483.76 
2025 01 20 19 45 12.14  31.645  10.606  0012.95  04.80  08.16  299.7  009.26  28.015  1021.467  1483.76 
2025 01 20 19 45 12.26  31.642  10.606  0012.84  04.72  08.17  299.7  009.29  28.012  1021.464  1483.75 
2025 01 20 19 45 12.39  31.644  10.607  0012.72  04.65  08.16  299.3  009.29  28.014  1021.465  1483.75 
2025 01 20 19 45 12.51  31.642  10.607  0012.62  05.04  08.17  299.3  009.29  28.012  1021.462  1483.75 
2025 01 20 19 45 12.64  31.639  10.608  0012.58  05.24  08.16  299.3  009.29  28.008  1021.459  1483.75 
2025 01 20 19 45 12.76  31.636  10.610  0012.59  05.20  08.17  299.3  009.29  28.003  1021.455  1483.75 
2025 01 20 19 45 12.89  31.631  10.611  0012.62  05.39  08.17  299.3  009.29  27.997  1021.451  1483.75 
2025 01 20 19 45 13.01  31.629  10.612  0012.63  05.24  08.16  299.3  009.29  27.995  1021.448  1483.75 
2025 01 20 19 45 13.14  31.626  10.612  0012.67  05.21  08.16  299.3  009.29  27.991  1021.446  1483.75 
2025 01 20 19 45 13.26  31.622  10.613  0012.70  05.26  08.16  299.3  009.29  27.987  1021.443  1483.74 
2025 01 20 19 45 13.39  31.621  10.614  0012.71  05.28  08.17  299.3  009.29  27.985  1021.441  1483.75 
2025 01 20 19 45 13.51  31.622  10.612  0012.68  05.31  08.17  299.3  009.29  27.987  1021.443  1483.74 
2025 01 20 19 45 13.64  31.624  10.613  0012.69  05.15  08.16  299.3  009.29  27.990  1021.445  1483.75 
2025 01 20 19 45 13.76  31.624  10.612  0012.70  05.06  08.16  299.3  009.29  27.990  1021.445  1483.74 
2025 01 20 19 45 13.89  31.625  10.612  0012.67  04.92  08.17  299.3  009.29  27.990  1021.445  1483.75 
2025 01 20 19 45 14.01  31.625  10.612  0012.65  04.97  08.17  299.3  009.29  27.991  1021.446  1483.74 
2025 01 20 19 45 14.14  31.625  10.613  0012.62  04.98  08.16  299.3  009.29  27.990  1021.445  1483.75 
2025 01 20 19 45 14.26  31.627  10.612  0012.56  04.89  08.16  299.3  009.26  27.993  1021.447  1483.74 
2025 01 20 19 45 14.39  31.627  10.611  0012.47  04.81  08.16  299.3  009.26  27.994  1021.447  1483.74 
2025 01 20 19 45 14.51  31.626  10.613  0012.36  04.62  08.17  299.3  009.26  27.991  1021.444  1483.74 
2025 01 20 19 45 14.64  31.625  10.614  0012.28  04.69  08.17  299.3  009.26  27.990  1021.443  1483.74 
2025 01 20 19 45 14.76  31.624  10.621  0012.19  05.12  08.17  299.3  009.26  27.983  1021.436  1483.76 
2025 01 20 19 45 14.89  31.623  10.620  0012.12  05.14  08.17  299.3  009.26  27.983  1021.436  1483.76 
2025 01 20 19 45 15.01  31.619  10.615  0012.09  05.14  08.17  299.3  009.26  27.983  1021.437  1483.74 
2025 01 20 19 45 15.14  31.616  10.616  0012.12  05.22  08.17  299.3  009.29  27.979  1021.434  1483.74 
2025 01 20 19 45 15.26  31.614  10.618  0012.12  05.08  08.17  299.3  009.29  27.975  1021.430  1483.74 
2025 01 20 19 45 15.39  31.611  10.621  0012.16  05.11  08.17  299.5  009.29  27.971  1021.427  1483.74 
2025 01 20 19 45 15.51  31.605  10.621  0012.14  05.24  08.17  299.5  009.29  27.965  1021.422  1483.74 
2025 01 20 19 45 15.64  31.598  10.621  0012.14  05.32  08.17  299.5  009.29  27.957  1021.416  1483.73 
2025 01 20 19 45 15.76  31.596  10.622  0012.13  05.41  08.17  299.5  009.29  27.954  1021.413  1483.73 
2025 01 20 19 45 15.89  31.598  10.622  0012.12  05.45  08.17  299.5  009.29  27.957  1021.415  1483.73 
2025 01 20 19 45 16.01  31.600  10.623  0012.11  05.87  08.17  299.5  009.29  27.958  1021.416  1483.74 
2025 01 20 19 45 16.14  31.600  10.627  0012.05  05.90  08.17  299.5  009.29  27.954  1021.412  1483.75 
2025 01 20 19 45 16.26  31.601  10.627  0012.02  05.93  08.17  299.5  009.29  27.956  1021.414  1483.75 
2025 01 20 19 45 16.39  31.607  10.624  0011.89  05.65  08.17  299.5  009.29  27.964  1021.419  1483.74 
2025 01 20 19 45 16.51  31.609  10.620  0011.80  05.38  08.17  299.5  009.29  27.969  1021.423  1483.74 
2025 01 20 19 45 16.64  31.609  10.621  0011.66  05.36  08.17  299.5  009.29  27.968  1021.422  1483.74 
2025 01 20 19 45 16.76  31.601  10.630  0011.56  05.46  08.17  299.5  009.29  27.954  1021.409  1483.75 
2025 01 20 19 45 16.89  31.600  10.629  0011.46  05.72  08.17  299.5  009.29  27.953  1021.408  1483.74 
2025 01 20 19 45 17.01  31.600  10.630  0011.43  05.80  08.17  299.5  009.29  27.953  1021.407  1483.74 
2025 01 20 19 45 17.14  31.597  10.633  0011.43  05.77  08.17  299.5  009.29  27.948  1021.403  1483.75 
2025 01 20 19 45 17.26  31.592  10.635  0011.40  05.78  08.16  299.5  009.26  27.941  1021.397  1483.75 
2025 01 20 19 45 17.39  31.584  10.640  0011.44  05.98  08.16  299.5  009.26  27.929  1021.388  1483.75 
2025 01 20 19 45 17.51  31.580  10.643  0011.47  06.01  08.17  299.5  009.26  27.923  1021.383  1483.76 
2025 01 20 19 45 17.64  31.582  10.639  0011.47  05.94  08.17  299.5  009.26  27.929  1021.388  1483.75 
2025 01 20 19 45 17.76  31.583  10.638  0011.46  05.79  08.17  299.5  009.26  27.930  1021.388  1483.75 
2025 01 20 19 45 17.89  31.582  10.640  0011.47  05.87  08.17  299.5  009.26  27.928  1021.386  1483.75 
2025 01 20 19 45 18.01  31.583  10.641  0011.45  06.53  08.17  299.5  009.26  27.928  1021.386  1483.75 
2025 01 20 19 45 18.14  31.584  10.640  0011.45  06.95  08.17  299.5  009.26  27.930  1021.388  1483.75 
2025 01 20 19 45 18.26  31.581  10.641  0011.43  06.68  08.17  299.5  009.29  27.926  1021.385  1483.75 
2025 01 20 19 45 18.39  31.581  10.641  0011.38  06.53  08.17  299.5  009.29  27.927  1021.385  1483.75 
2025 01 20 19 45 18.51  31.582  10.641  0011.26  06.16  08.17  299.5  009.29  27.927  1021.385  1483.75 
2025 01 20 19 45 18.64  31.581  10.641  0011.18  05.83  08.17  299.5  009.29  27.927  1021.384  1483.75 
2025 01 20 19 45 18.76  31.580  10.640  0011.07  05.55  08.17  299.5  009.29  27.926  1021.383  1483.74 
2025 01 20 19 45 18.89  31.579  10.642  0010.99  05.36  08.17  299.5  009.29  27.923  1021.380  1483.75 
2025 01 20 19 45 19.01  31.576  10.644  0010.89  05.56  08.17  299.5  009.29  27.919  1021.377  1483.75 
2025 01 20 19 45 19.14  31.576  10.644  0010.88  05.69  08.17  299.5  009.29  27.919  1021.377  1483.75 
2025 01 20 19 45 19.26  31.574  10.647  0010.84  05.93  08.17  299.5  009.29  27.915  1021.373  1483.75 
2025 01 20 19 45 19.39  31.570  10.649  0010.86  06.13  08.17  299.5  009.29  27.910  1021.368  1483.75 
2025 01 20 19 45 19.51  31.569  10.650  0010.85  06.21  08.17  299.5  009.29  27.908  1021.367  1483.75 
2025 01 20 19 45 19.64  31.566  10.655  0010.81  06.35  08.17  299.5  009.29  27.901  1021.360  1483.76 
2025 01 20 19 45 19.76  31.567  10.654  0010.81  06.55  08.17  299.5  009.29  27.902  1021.362  1483.76 
2025 01 20 19 45 19.89  31.567  10.654  0010.82  06.29  08.17  299.5  009.29  27.903  1021.362  1483.76 
2025 01 20 19 45 20.01  31.565  10.654  0010.84  06.12  08.17  299.5  009.29  27.901  1021.361  1483.76 
2025 01 20 19 45 20.14  31.565  10.654  0010.83  05.88  08.17  299.5  009.29  27.901  1021.360  1483.76 
2025 01 20 19 45 20.26  31.565  10.654  0010.86  05.84  08.17  299.5  009.26  27.901  1021.360  1483.76 
2025 01 20 19 45 20.39  31.565  10.651  0010.86  06.16  08.16  299.5  009.26  27.903  1021.363  1483.75 
2025 01 20 19 45 20.51  31.564  10.655  0010.88  06.15  08.17  299.5  009.26  27.900  1021.360  1483.76 
2025 01 20 19 45 20.64  31.566  10.655  0010.85  06.34  08.17  299.5  009.26  27.901  1021.360  1483.76 
2025 01 20 19 45 20.76  31.567  10.654  0010.77  06.08  08.17  299.5  009.26  27.903  1021.361  1483.76 
2025 01 20 19 45 20.89  31.566  10.653  0010.71  05.80  08.17  299.5  009.26  27.902  1021.361  1483.76 
2025 01 20 19 45 21.01  31.567  10.652  0010.65  05.63  08.17  299.5  009.26  27.904  1021.363  1483.75 
2025 01 20 19 45 21.14  31.568  10.653  0010.57  05.69  08.17  299.5  009.26  27.904  1021.362  1483.75 
2025 01 20 19 45 21.26  31.566  10.653  0010.49  05.67  08.18  299.5  009.29  27.903  1021.360  1483.75 
2025 01 20 19 45 21.39  31.565  10.655  0010.43  05.77  08.17  299.9  009.29  27.901  1021.358  1483.75 
2025 01 20 19 45 21.51  31.564  10.656  0010.33  05.72  08.17  299.9  009.29  27.899  1021.356  1483.76 
2025 01 20 19 45 21.64  31.564  10.656  0010.25  05.94  08.17  299.9  009.29  27.899  1021.356  1483.75 
2025 01 20 19 45 21.76  31.564  10.656  0010.20  06.25  08.17  299.9  009.29  27.899  1021.356  1483.75 
2025 01 20 19 45 21.89  31.562  10.658  0010.19  06.60  08.17  299.9  009.29  27.895  1021.352  1483.76 
2025 01 20 19 45 22.01  31.561  10.657  0010.20  06.68  08.17  299.9  009.29  27.894  1021.352  1483.75 
2025 01 20 19 45 22.14  31.561  10.661  0010.24  06.45  08.17  299.9  009.29  27.891  1021.349  1483.76 
2025 01 20 19 45 22.26  31.561  10.660  0010.24  06.05  08.17  299.9  009.29  27.893  1021.350  1483.76 
2025 01 20 19 45 22.39  31.562  10.664  0010.27  06.30  08.17  299.9  009.29  27.890  1021.348  1483.77 
2025 01 20 19 45 22.51  31.562  10.664  0010.24  06.46  08.17  299.9  009.29  27.891  1021.348  1483.77 
2025 01 20 19 45 22.64  31.561  10.660  0010.26  06.14  08.17  299.9  009.29  27.892  1021.350  1483.76 
2025 01 20 19 45 22.76  31.561  10.660  0010.24  06.20  08.17  299.9  009.29  27.892  1021.350  1483.76 
2025 01 20 19 45 22.89  31.560  10.660  0010.25  06.74  08.17  299.9  009.29  27.891  1021.349  1483.76 
2025 01 20 19 45 23.01  31.561  10.660  0010.22  06.59  08.17  299.9  009.29  27.892  1021.350  1483.76 
2025 01 20 19 45 23.14  31.561  10.661  0010.19  06.43  08.17  299.9  009.29  27.892  1021.350  1483.76 
2025 01 20 19 45 23.26  31.561  10.660  0010.14  06.12  08.17  299.9  009.26  27.893  1021.350  1483.76 
2025 01 20 19 45 23.39  31.561  10.662  0010.08  05.71  08.16  299.9  009.26  27.890  1021.347  1483.76 
2025 01 20 19 45 23.51  31.560  10.665  0009.98  05.50  08.17  299.9  009.26  27.887  1021.344  1483.77 
2025 01 20 19 45 23.64  31.560  10.666  0009.88  05.52  08.17  299.9  009.26  27.886  1021.343  1483.77 
2025 01 20 19 45 23.76  31.560  10.667  0009.78  05.70  08.17  299.9  009.26  27.886  1021.342  1483.77 
2025 01 20 19 45 23.89  31.561  10.665  0009.71  05.74  08.17  299.9  009.26  27.888  1021.343  1483.77 
2025 01 20 19 45 24.01  31.561  10.665  0009.67  05.67  08.17  299.9  009.26  27.888  1021.344  1483.76 
2025 01 20 19 45 24.14  31.562  10.667  0009.66  05.81  08.17  299.9  009.26  27.888  1021.343  1483.77 
2025 01 20 19 45 24.26  31.564  10.674  0009.68  05.97  08.18  299.9  009.29  27.886  1021.340  1483.79 
2025 01 20 19 45 24.39  31.562  10.667  0009.71  06.32  08.17  300.0  009.29  27.889  1021.344  1483.77 
2025 01 20 19 45 24.51  31.560  10.668  0009.74  06.36  08.17  300.0  009.29  27.885  1021.341  1483.77 
2025 01 20 19 45 24.64  31.561  10.668  0009.74  06.12  08.17  300.0  009.29  27.886  1021.342  1483.77 
2025 01 20 19 45 24.76  31.561  10.668  0009.73  06.68  08.17  300.0  009.29  27.887  1021.343  1483.77 
2025 01 20 19 45 24.89  31.562  10.667  0009.76  06.55  08.17  300.0  009.29  27.888  1021.344  1483.77 
2025 01 20 19 45 25.01  31.562  10.669  0009.75  06.50  08.17  300.0  009.29  27.887  1021.342  1483.78 
2025 01 20 19 45 25.14  31.561  10.668  0009.75  07.29  08.17  300.0  009.29  27.886  1021.342  1483.78 
2025 01 20 19 45 25.26  31.563  10.669  0009.72  07.07  08.17  300.0  009.29  27.888  1021.343  1483.78 
2025 01 20 19 45 25.39  31.563  10.669  0009.72  06.81  08.17  300.0  009.29  27.888  1021.343  1483.78 
2025 01 20 19 45 25.51  31.563  10.670  0009.67  06.60  08.17  300.0  009.29  27.887  1021.342  1483.78 
2025 01 20 19 45 25.64  31.563  10.671  0009.65  06.37  08.17  300.0  009.29  27.886  1021.341  1483.78 
2025 01 20 19 45 25.76  31.564  10.672  0009.55  06.10  08.17  300.0  009.29  27.886  1021.340  1483.79 
2025 01 20 19 45 25.89  31.564  10.675  0009.48  06.30  08.17  300.0  009.29  27.885  1021.338  1483.79 
2025 01 20 19 45 26.01  31.567  10.679  0009.36  06.34  08.17  300.0  009.29  27.884  1021.337  1483.80 
2025 01 20 19 45 26.14  31.572  10.684  0009.25  06.39  08.17  300.0  009.29  27.886  1021.336  1483.82 
2025 01 20 19 45 26.26  31.577  10.690  0009.14  06.23  08.17  300.0  009.26  27.886  1021.335  1483.84 
2025 01 20 19 45 26.39  31.580  10.694  0009.04  06.41  08.17  300.0  009.26  27.885  1021.333  1483.86 
2025 01 20 19 45 26.51  31.583  10.700  0008.91  06.53  08.17  300.0  009.26  27.883  1021.331  1483.87 
2025 01 20 19 45 26.64  31.583  10.703  0008.85  07.53  08.17  300.0  009.26  27.881  1021.328  1483.88 
2025 01 20 19 45 26.76  31.584  10.703  0008.83  07.78  08.18  300.0  009.26  27.883  1021.330  1483.88 
2025 01 20 19 45 26.89  31.585  10.708  0008.86  07.36  08.18  300.0  009.26  27.880  1021.326  1483.90 
2025 01 20 19 45 27.01  31.586  10.705  0008.84  06.89  08.18  300.0  009.26  27.883  1021.329  1483.89 
2025 01 20 19 45 27.14  31.590  10.711  0008.89  06.74  08.18  300.0  009.26  27.882  1021.328  1483.91 
2025 01 20 19 45 27.26  31.596  10.725  0008.91  07.07  08.18  300.0  009.29  27.877  1021.321  1483.96 
2025 01 20 19 45 27.39  31.597  10.727  0008.91  07.42  08.18  300.6  009.29  27.877  1021.322  1483.96 
2025 01 20 19 45 27.51  31.596  10.717  0008.94  07.39  08.18  300.6  009.29  27.884  1021.329  1483.93 
2025 01 20 19 45 27.64  31.596  10.720  0008.94  07.05  08.18  300.6  009.29  27.882  1021.326  1483.94 
2025 01 20 19 45 27.76  31.597  10.725  0008.93  06.72  08.18  300.6  009.29  27.879  1021.323  1483.96 
2025 01 20 19 45 27.89  31.594  10.720  0008.93  07.40  08.18  300.6  009.29  27.880  1021.324  1483.94 
2025 01 20 19 45 28.01  31.590  10.711  0008.96  08.00  08.18  300.6  009.29  27.882  1021.328  1483.91 
2025 01 20 19 45 28.14  31.586  10.703  0008.94  07.98  08.18  300.6  009.29  27.884  1021.331  1483.89 
2025 01 20 19 45 28.26  31.585  10.707  0008.93  07.68  08.18  300.6  009.29  27.880  1021.327  1483.90 
2025 01 20 19 45 28.39  31.586  10.714  0008.90  07.70  08.18  300.6  009.29  27.876  1021.322  1483.91 
2025 01 20 19 45 28.51  31.592  10.716  0008.86  07.62  08.18  300.6  009.29  27.880  1021.325  1483.92 
2025 01 20 19 45 28.64  31.592  10.716  0008.75  07.39  08.18  300.6  009.29  27.881  1021.325  1483.93 
2025 01 20 19 45 28.76  31.592  10.716  0008.67  07.40  08.18  300.6  009.29  27.880  1021.324  1483.92 
2025 01 20 19 45 28.89  31.589  10.715  0008.58  07.08  08.18  300.6  009.29  27.878  1021.323  1483.92 
2025 01 20 19 45 29.01  31.585  10.713  0008.54  06.63  08.18  300.6  009.29  27.876  1021.321  1483.90 
2025 01 20 19 45 29.14  31.585  10.715  0008.49  06.43  08.18  300.6  009.29  27.875  1021.320  1483.91 
2025 01 20 19 45 29.26  31.587  10.715  0008.52  06.36  08.17  300.6  009.26  27.876  1021.321  1483.91 
2025 01 20 19 45 29.39  31.584  10.716  0008.55  06.64  08.17  300.6  009.26  27.873  1021.318  1483.91 
2025 01 20 19 45 29.51  31.568  10.708  0008.53  07.17  08.18  300.6  009.26  27.863  1021.311  1483.87 
2025 01 20 19 45 29.64  31.562  10.702  0008.55  07.28  08.18  300.6  009.26  27.862  1021.312  1483.85 
2025 01 20 19 45 29.76  31.568  10.709  0008.53  07.02  08.18  300.6  009.26  27.863  1021.312  1483.87 
2025 01 20 19 45 29.89  31.574  10.713  0008.55  07.17  08.18  300.6  009.26  27.866  1021.313  1483.89 
2025 01 20 19 45 30.01  31.579  10.713  0008.55  07.13  08.18  300.6  009.26  27.870  1021.316  1483.90 
2025 01 20 19 45 30.14  31.584  10.715  0008.57  07.00  08.18  300.6  009.26  27.874  1021.319  1483.91 
2025 01 20 19 45 30.26  31.588  10.716  0008.61  07.53  08.18  300.6  009.29  27.876  1021.321  1483.92 
2025 01 20 19 45 30.39  31.586  10.715  0008.59  07.24  08.18  301.2  009.29  27.876  1021.321  1483.91 
2025 01 20 19 45 30.51  31.582  10.711  0008.54  07.25  08.18  301.2  009.29  27.875  1021.320  1483.90 
2025 01 20 19 45 30.64  31.580  10.711  0008.50  06.92  08.18  301.2  009.29  27.873  1021.319  1483.89 
2025 01 20 19 45 30.76  31.580  10.713  0008.45  06.58  08.18  301.2  009.29  27.871  1021.317  1483.90 
2025 01 20 19 45 30.89  31.574  10.711  0008.35  06.24  08.18  301.2  009.29  27.867  1021.314  1483.88 
2025 01 20 19 45 31.01  31.567  10.707  0008.25  05.88  08.18  301.2  009.29  27.863  1021.310  1483.86 
2025 01 20 19 45 31.14  31.566  10.709  0008.17  05.67  08.18  301.2  009.29  27.861  1021.308  1483.87 
2025 01 20 19 45 31.26  31.565  10.707  0008.13  05.62  08.18  301.2  009.29  27.862  1021.309  1483.86 
2025 01 20 19 45 31.39  31.565  10.708  0008.15  05.81  08.18  301.2  009.29  27.861  1021.308  1483.86 
2025 01 20 19 45 31.51  31.565  10.709  0008.13  05.68  08.17  301.2  009.29  27.860  1021.308  1483.86 
2025 01 20 19 45 31.64  31.562  10.706  0008.15  05.94  08.17  301.2  009.29  27.859  1021.307  1483.85 
2025 01 20 19 45 31.76  31.564  10.709  0008.17  06.19  08.17  301.2  009.29  27.859  1021.306  1483.86 
2025 01 20 19 45 31.89  31.562  10.707  0008.17  06.36  08.17  301.2  009.29  27.858  1021.306  1483.86 
2025 01 20 19 45 32.01  31.557  10.704  0008.18  06.36  08.17  301.2  009.29  27.856  1021.305  1483.84 
2025 01 20 19 45 32.14  31.557  10.701  0008.19  06.34  08.17  301.2  009.29  27.858  1021.308  1483.83 
2025 01 20 19 45 32.26  31.557  10.704  0008.21  06.14  08.17  301.2  009.26  27.855  1021.305  1483.84 
2025 01 20 19 45 32.39  31.555  10.700  0008.20  06.00  08.16  301.2  009.26  27.857  1021.307  1483.83 
2025 01 20 19 45 32.51  31.558  10.699  0008.19  06.49  08.17  301.2  009.26  27.861  1021.310  1483.83 
2025 01 20 19 45 32.64  31.564  10.707  0008.20  06.91  08.17  301.2  009.26  27.860  1021.308  1483.86 
2025 01 20 19 45 32.76  31.564  10.704  0008.23  09.62  08.17  301.2  009.26  27.862  1021.311  1483.85 
2025 01 20 19 45 32.89  31.561  10.701  0008.17  09.81  08.17  301.2  009.26  27.862  1021.311  1483.84 
2025 01 20 19 45 33.01  31.561  10.702  0008.12  08.39  08.17  301.2  009.26  27.862  1021.310  1483.84 
2025 01 20 19 45 33.14  31.561  10.703  0008.07  07.35  08.17  301.2  009.26  27.861  1021.309  1483.84 
2025 01 20 19 45 33.26  31.560  10.702  0007.95  06.61  08.18  301.2  009.29  27.860  1021.307  1483.84 
2025 01 20 19 45 33.39  31.557  10.702  0007.91  06.66  08.17  301.1  009.29  27.857  1021.305  1483.83 
2025 01 20 19 45 33.51  31.548  10.700  0007.78  06.21  08.17  301.1  009.29  27.850  1021.300  1483.81 
2025 01 20 19 45 33.64  31.537  10.693  0007.69  05.88  08.17  301.1  009.29  27.845  1021.296  1483.78 
2025 01 20 19 45 33.76  31.529  10.687  0007.63  05.60  08.17  301.1  009.29  27.841  1021.294  1483.75 
2025 01 20 19 45 33.89  31.527  10.690  0007.59  05.46  08.17  301.1  009.29  27.838  1021.291  1483.76 
2025 01 20 19 45 34.01  31.526  10.690  0007.62  05.58  08.17  301.1  009.29  27.837  1021.290  1483.76 
2025 01 20 19 45 34.14  31.517  10.690  0007.62  05.76  08.17  301.1  009.29  27.827  1021.283  1483.75 
2025 01 20 19 45 34.26  31.494  10.680  0007.67  05.77  08.17  301.1  009.29  27.812  1021.273  1483.69 
2025 01 20 19 45 34.39  31.480  10.677  0007.73  05.63  08.17  301.1  009.29  27.802  1021.265  1483.67 
2025 01 20 19 45 34.51  31.469  10.675  0007.76  05.39  08.17  301.1  009.29  27.792  1021.258  1483.65 
2025 01 20 19 45 34.64  31.462  10.673  0007.78  05.36  08.17  301.1  009.29  27.787  1021.255  1483.64 
2025 01 20 19 45 34.76  31.462  10.671  0007.78  05.31  08.17  301.1  009.29  27.788  1021.256  1483.63 
2025 01 20 19 45 34.89  31.464  10.675  0007.79  06.22  08.17  301.1  009.29  27.788  1021.255  1483.65 
2025 01 20 19 45 35.01  31.472  10.676  0007.77  05.83  08.17  301.1  009.29  27.794  1021.260  1483.66 
2025 01 20 19 45 35.14  31.478  10.678  0007.76  05.87  08.17  301.1  009.29  27.799  1021.263  1483.67 
2025 01 20 19 45 35.26  31.482  10.680  0007.74  06.13  08.17  301.1  009.26  27.801  1021.264  1483.68 
2025 01 20 19 45 35.39  31.483  10.680  0007.74  06.00  08.16  301.1  009.26  27.802  1021.265  1483.68 
2025 01 20 19 45 35.51  31.480  10.679  0007.72  05.64  08.17  301.1  009.26  27.800  1021.263  1483.68 
2025 01 20 19 45 35.64  31.479  10.678  0007.73  06.07  08.17  301.1  009.26  27.799  1021.263  1483.67 
2025 01 20 19 45 35.76  31.476  10.677  0007.72  06.63  08.17  301.1  009.26  27.797  1021.262  1483.67 
2025 01 20 19 45 35.89  31.478  10.679  0007.76  06.88  08.17  301.1  009.26  27.798  1021.262  1483.67 
2025 01 20 19 45 36.01  31.482  10.679  0007.77  06.37  08.17  301.1  009.26  27.801  1021.265  1483.68 
2025 01 20 19 45 36.14  31.493  10.680  0007.76  06.65  08.17  301.1  009.26  27.812  1021.273  1483.69 
2025 01 20 19 45 36.26  31.513  10.686  0007.79  07.11  08.17  301.1  009.29  27.826  1021.283  1483.74 
2025 01 20 19 45 36.39  31.522  10.694  0007.80  06.91  08.17  299.6  009.29  27.830  1021.285  1483.77 
2025 01 20 19 45 36.51  31.528  10.693  0007.81  06.70  08.17  299.6  009.29  27.836  1021.289  1483.77 
2025 01 20 19 45 36.64  31.530  10.692  0007.83  06.79  08.17  299.6  009.29  27.839  1021.293  1483.77 
2025 01 20 19 45 36.76  31.534  10.694  0007.85  06.62  08.17  299.6  009.29  27.841  1021.294  1483.78 
2025 01 20 19 45 36.89  31.536  10.697  0007.86  06.71  08.17  299.6  009.29  27.841  1021.293  1483.79 
2025 01 20 19 45 37.01  31.528  10.692  0007.87  06.70  08.17  299.6  009.29  27.837  1021.291  1483.77 
2025 01 20 19 45 37.14  31.522  10.691  0007.85  07.07  08.17  299.6  009.29  27.832  1021.287  1483.76 
2025 01 20 19 45 37.26  31.518  10.686  0007.83  06.44  08.17  299.6  009.29  27.832  1021.288  1483.74 
2025 01 20 19 45 37.39  31.516  10.687  0007.82  06.15  08.17  299.6  009.29  27.829  1021.286  1483.74 
2025 01 20 19 45 37.51  31.515  10.687  0007.80  05.75  08.17  299.6  009.29  27.828  1021.285  1483.74 
2025 01 20 19 45 37.64  31.514  10.685  0007.79  06.45  08.17  299.6  009.29  27.829  1021.285  1483.73 
2025 01 20 19 45 37.76  31.513  10.684  0007.78  06.42  08.17  299.6  009.29  27.828  1021.285  1483.73 
2025 01 20 19 45 37.89  31.514  10.686  0007.78  06.19  08.17  299.6  009.29  27.827  1021.284  1483.74 
2025 01 20 19 45 38.01  31.516  10.687  0007.79  05.98  08.17  299.6  009.29  27.829  1021.285  1483.74 
2025 01 20 19 45 38.14  31.518  10.687  0007.78  05.73  08.17  299.6  009.29  27.831  1021.287  1483.74 
2025 01 20 19 45 38.26  31.522  10.687  0007.83  05.34  08.16  299.6  009.26  27.834  1021.289  1483.75 
2025 01 20 19 45 38.39  31.522  10.688  0007.83  05.95  08.16  299.6  009.26  27.834  1021.289  1483.75 
2025 01 20 19 45 38.51  31.522  10.687  0007.85  06.22  08.17  299.6  009.26  27.835  1021.290  1483.75 
2025 01 20 19 45 38.64  31.519  10.691  0007.87  06.10  08.17  299.6  009.26  27.829  1021.285  1483.76 
2025 01 20 19 45 38.76  31.512  10.684  0007.87  06.16  08.17  299.6  009.26  27.828  1021.285  1483.73 
2025 01 20 19 45 38.89  31.510  10.684  0007.90  06.20  08.17  299.6  009.26  27.826  1021.284  1483.73 
2025 01 20 19 45 39.01  31.510  10.682  0007.88  06.35  08.17  299.6  009.26  27.826  1021.284  1483.72 
2025 01 20 19 45 39.14  31.507  10.680  0007.90  06.11  08.17  299.6  009.29  27.825  1021.284  1483.72 
2025 01 20 19 45 39.26  31.506  10.680  0007.91  05.95  08.17  299.6  009.29  27.824  1021.283  1483.71 
2025 01 20 19 45 39.39  31.508  10.683  0007.92  05.88  08.17  298.7  009.29  27.824  1021.283  1483.72 
2025 01 20 19 45 39.51  31.512  10.684  0007.90  05.94  08.17  298.7  009.29  27.828  1021.285  1483.73 
2025 01 20 19 45 39.64  31.511  10.685  0007.88  06.06  08.17  298.7  009.29  27.826  1021.284  1483.73 
2025 01 20 19 45 39.76  31.506  10.682  0007.85  06.38  08.17  298.7  009.29  27.823  1021.282  1483.72 
2025 01 20 19 45 39.89  31.508  10.679  0007.77  06.15  08.17  298.7  009.29  27.827  1021.285  1483.71 
2025 01 20 19 45 40.01  31.522  10.688  0007.68  06.10  08.17  298.7  009.29  27.834  1021.289  1483.75 
2025 01 20 19 45 40.14  31.519  10.689  0007.59  05.87  08.17  298.7  009.29  27.831  1021.285  1483.75 
2025 01 20 19 45 40.26  31.502  10.684  0007.43  05.71  08.17  298.7  009.29  27.818  1021.276  1483.71 
2025 01 20 19 45 40.39  31.480  10.683  0007.34  05.57  08.17  298.7  009.29  27.797  1021.259  1483.68 
2025 01 20 19 45 40.51  31.467  10.682  0007.23  05.38  08.17  298.7  009.29  27.785  1021.250  1483.66 
2025 01 20 19 45 40.64  31.463  10.681  0007.17  05.13  08.17  298.7  009.29  27.781  1021.246  1483.65 
2025 01 20 19 45 40.76  31.455  10.680  0007.13  05.37  08.17  298.7  009.29  27.776  1021.242  1483.64 
2025 01 20 19 45 40.89  31.439  10.681  0007.17  05.57  08.17  298.7  009.29  27.758  1021.229  1483.62 
2025 01 20 19 45 41.01  31.407  10.692  0007.16  05.70  08.17  298.7  009.29  27.718  1021.196  1483.62 
2025 01 20 19 45 41.14  31.395  10.696  0007.19  05.96  08.17  298.7  009.29  27.705  1021.184  1483.61 
2025 01 20 19 45 41.26  31.424  10.683  0007.20  06.32  08.16  298.7  009.26  27.742  1021.216  1483.61 
2025 01 20 19 45 41.39  31.432  10.682  0007.22  06.67  08.16  298.7  009.26  27.750  1021.223  1483.62 
2025 01 20 19 45 41.51  31.428  10.682  0007.22  06.72  08.16  298.7  009.26  27.747  1021.220  1483.62 
2025 01 20 19 45 41.64  31.420  10.687  0007.21  06.33  08.16  298.7  009.26  27.735  1021.210  1483.62 
2025 01 20 19 45 41.76  31.419  10.688  0007.20  06.13  08.16  298.7  009.26  27.734  1021.209  1483.62 
2025 01 20 19 45 41.89  31.421  10.684  0007.16  05.88  08.16  298.7  009.26  27.739  1021.213  1483.61 
2025 01 20 19 45 42.01  31.419  10.684  0007.07  05.69  08.16  298.7  009.26  27.736  1021.211  1483.61 
2025 01 20 19 45 42.14  31.418  10.684  0006.98  05.58  08.16  298.7  009.26  27.736  1021.210  1483.61 
2025 01 20 19 45 42.26  31.410  10.691  0006.84  05.62  08.17  298.7  009.29  27.723  1021.198  1483.61 
2025 01 20 19 45 42.39  31.397  10.697  0006.70  05.81  08.16  297.8  009.29  27.706  1021.183  1483.61 
2025 01 20 19 45 42.51  31.388  10.704  0006.61  05.93  08.17  297.8  009.29  27.691  1021.170  1483.62 
2025 01 20 19 45 42.64  31.384  10.707  0006.51  05.94  08.16  297.8  009.29  27.685  1021.165  1483.62 
2025 01 20 19 45 42.76  31.379  10.711  0006.45  06.25  08.16  297.8  009.29  27.677  1021.157  1483.62 
2025 01 20 19 45 42.89  31.371  10.713  0006.43  06.53  08.17  297.8  009.29  27.668  1021.150  1483.62 
2025 01 20 19 45 43.01  31.358  10.724  0006.43  07.05  08.17  297.8  009.29  27.648  1021.132  1483.63 
2025 01 20 19 45 43.14  31.350  10.723  0006.44  07.81  08.17  297.8  009.29  27.640  1021.127  1483.62 
2025 01 20 19 45 43.26  31.347  10.728  0006.46  07.53  08.17  297.8  009.29  27.633  1021.121  1483.63 
2025 01 20 19 45 43.39  31.340  10.736  0006.48  07.18  08.17  297.8  009.29  27.621  1021.109  1483.65 
2025 01 20 19 45 43.51  31.340  10.731  0006.50  06.98  08.17  297.8  009.29  27.624  1021.113  1483.63 
2025 01 20 19 45 43.64  31.349  10.722  0006.53  07.02  08.17  297.8  009.29  27.640  1021.127  1483.62 
2025 01 20 19 45 43.76  31.353  10.724  0006.53  06.84  08.17  297.8  009.29  27.642  1021.128  1483.63 
2025 01 20 19 45 43.89  31.352  10.731  0006.50  06.93  08.17  297.8  009.29  27.636  1021.122  1483.65 
2025 01 20 19 45 44.01  31.346  10.732  0006.46  06.87  08.17  297.8  009.29  27.630  1021.117  1483.64 
2025 01 20 19 45 44.14  31.342  10.733  0006.42  06.85  08.17  297.8  009.29  27.625  1021.113  1483.64 
2025 01 20 19 45 44.26  31.343  10.728  0006.31  06.79  08.16  297.8  009.26  27.630  1021.117  1483.63 
2025 01 20 19 45 44.39  31.346  10.728  0006.19  06.72  08.16  297.8  009.26  27.632  1021.118  1483.63 
2025 01 20 19 45 44.51  31.342  10.733  0006.08  06.31  08.17  297.8  009.26  27.625  1021.112  1483.63 
2025 01 20 19 45 44.64  31.336  10.736  0005.97  06.22  08.17  297.8  009.26  27.617  1021.104  1483.63 
2025 01 20 19 45 44.76  31.329  10.739  0005.87  06.47  08.17  297.8  009.26  27.608  1021.096  1483.63 
2025 01 20 19 45 44.89  31.326  10.739  0005.79  06.70  08.17  297.8  009.26  27.604  1021.093  1483.63 
2025 01 20 19 45 45.01  31.323  10.740  0005.74  06.88  08.17  297.8  009.26  27.602  1021.091  1483.63 
2025 01 20 19 45 45.14  31.321  10.742  0005.74  07.29  08.17  297.8  009.26  27.598  1021.087  1483.63 
2025 01 20 19 45 45.26  31.315  10.745  0005.76  07.89  08.17  297.8  009.29  27.590  1021.081  1483.63 
2025 01 20 19 45 45.39  31.308  10.746  0005.78  07.93  08.17  297.1  009.29  27.582  1021.075  1483.63 
2025 01 20 19 45 45.51  31.312  10.744  0005.79  07.39  08.17  297.1  009.29  27.588  1021.079  1483.63 
2025 01 20 19 45 45.64  31.318  10.742  0005.82  07.10  08.17  297.1  009.29  27.594  1021.085  1483.63 
2025 01 20 19 45 45.76  31.318  10.745  0005.84  07.06  08.17  297.1  009.29  27.592  1021.083  1483.63 
2025 01 20 19 45 45.89  31.315  10.745  0005.84  06.98  08.17  297.1  009.29  27.589  1021.080  1483.63 
2025 01 20 19 45 46.01  31.313  10.745  0005.83  06.96  08.17  297.1  009.29  27.588  1021.079  1483.63 
2025 01 20 19 45 46.14  31.312  10.745  0005.80  07.14  08.17  297.1  009.29  27.587  1021.079  1483.63 
2025 01 20 19 45 46.26  31.310  10.745  0005.77  06.76  08.17  297.1  009.29  27.585  1021.077  1483.62 
2025 01 20 19 45 46.39  31.306  10.745  0005.67  06.97  08.17  297.1  009.29  27.581  1021.074  1483.62 
2025 01 20 19 45 46.51  31.303  10.744  0005.57  07.44  08.17  297.1  009.29  27.578  1021.071  1483.61 
2025 01 20 19 45 46.64  31.293  10.743  0005.48  07.50  08.17  297.1  009.29  27.570  1021.064  1483.60 
2025 01 20 19 45 46.76  31.288  10.743  0005.34  07.17  08.17  297.1  009.29  27.565  1021.060  1483.58 
2025 01 20 19 45 46.89  31.287  10.742  0005.22  07.05  08.17  297.1  009.29  27.565  1021.059  1483.58 
2025 01 20 19 45 47.01  31.281  10.743  0005.12  07.12  08.17  297.1  009.29  27.558  1021.054  1483.58 
2025 01 20 19 45 47.14  31.277  10.743  0005.04  07.30  08.17  297.1  009.29  27.555  1021.050  1483.57 
2025 01 20 19 45 47.26  31.276  10.743  0005.02  07.37  08.17  297.1  009.26  27.554  1021.049  1483.57 
2025 01 20 19 45 47.39  31.274  10.744  0005.01  07.43  08.16  297.1  009.26  27.551  1021.047  1483.57 
2025 01 20 19 45 47.51  31.270  10.744  0005.02  07.26  08.17  297.1  009.26  27.547  1021.044  1483.56 
2025 01 20 19 45 47.64  31.260  10.746  0005.04  07.48  08.17  297.1  009.26  27.536  1021.035  1483.56 
2025 01 20 19 45 47.76  31.257  10.745  0005.04  07.86  08.17  297.1  009.26  27.534  1021.034  1483.55 
2025 01 20 19 45 47.89  31.266  10.744  0005.05  07.69  08.17  297.1  009.26  27.543  1021.041  1483.56 
2025 01 20 19 45 48.01  31.272  10.742  0005.08  07.71  08.17  297.1  009.26  27.551  1021.047  1483.56 
2025 01 20 19 45 48.14  31.273  10.741  0005.10  07.82  08.17  297.1  009.26  27.552  1021.049  1483.56 
2025 01 20 19 45 48.26  31.273  10.742  0005.09  07.67  08.18  297.1  009.26  27.551  1021.048  1483.56 
2025 01 20 19 45 48.39  31.273  10.742  0005.09  07.36  08.17  297.5  009.29  27.551  1021.048  1483.56 
2025 01 20 19 45 48.51  31.271  10.742  0005.06  07.68  08.17  297.5  009.29  27.549  1021.046  1483.56 
2025 01 20 19 45 48.64  31.268  10.743  0005.02  07.47  08.17  297.5  009.29  27.545  1021.043  1483.56 
2025 01 20 19 45 48.76  31.264  10.743  0004.95  07.28  08.17  297.5  009.29  27.541  1021.040  1483.55 
2025 01 20 19 45 48.89  31.263  10.743  0004.87  07.41  08.17  297.5  009.29  27.541  1021.039  1483.55 
2025 01 20 19 45 49.01  31.259  10.745  0004.77  07.29  08.17  297.5  009.29  27.535  1021.034  1483.55 
2025 01 20 19 45 49.14  31.249  10.748  0004.68  07.83  08.17  297.5  009.29  27.523  1021.023  1483.54 
2025 01 20 19 45 49.26  31.240  10.752  0004.59  07.57  08.17  297.5  009.26  27.511  1021.013  1483.54 
2025 01 20 19 45 49.39  31.232  10.758  0004.49  07.42  08.17  297.5  009.29  27.500  1021.003  1483.55 
2025 01 20 19 45 49.51  31.229  10.758  0004.44  07.56  08.17  297.5  009.29  27.497  1021.000  1483.54 
2025 01 20 19 45 49.64  31.230  10.757  0004.44  08.03  08.17  297.5  009.29  27.498  1021.002  1483.54 
2025 01 20 19 45 49.76  31.221  10.759  0004.39  07.82  08.17  297.5  009.29  27.489  1020.993  1483.54 
2025 01 20 19 45 49.89  31.214  10.761  0004.41  07.48  08.17  297.5  009.29  27.480  1020.987  1483.53 
2025 01 20 19 45 50.01  31.211  10.762  0004.42  07.62  08.17  297.5  009.29  27.477  1020.984  1483.53 
2025 01 20 19 45 50.14  31.200  10.767  0004.46  07.66  08.18  297.5  009.29  27.462  1020.972  1483.53 
2025 01 20 19 45 50.26  31.197  10.771  0004.49  07.71  08.17  297.5  009.26  27.456  1020.967  1483.54 
2025 01 20 19 45 50.39  31.194  10.774  0004.52  07.47  08.16  297.5  009.26  27.451  1020.962  1483.55 
2025 01 20 19 45 50.51  31.187  10.775  0004.53  07.58  08.18  297.5  009.26  27.443  1020.957  1483.54 
2025 01 20 19 45 50.64  31.188  10.772  0004.52  07.99  08.18  297.5  009.26  27.446  1020.959  1483.54 
2025 01 20 19 45 50.76  31.191  10.771  0004.53  08.02  08.18  297.5  009.26  27.450  1020.962  1483.54 
2025 01 20 19 45 50.89  31.196  10.770  0004.48  08.05  08.18  297.5  009.26  27.456  1020.967  1483.54 
2025 01 20 19 45 51.01  31.197  10.768  0004.43  07.64  08.18  297.5  009.26  27.458  1020.968  1483.53 
2025 01 20 19 45 51.14  31.200  10.766  0004.33  07.90  08.18  297.5  009.26  27.463  1020.972  1483.53 
2025 01 20 19 45 51.26  31.202  10.765  0004.24  08.10  08.18  297.5  009.29  27.465  1020.973  1483.53 
2025 01 20 19 45 51.39  31.195  10.768  0004.13  08.03  08.18  298.8  009.29  27.456  1020.966  1483.53 
2025 01 20 19 45 51.51  31.178  10.774  0004.02  07.99  08.18  298.8  009.29  27.435  1020.948  1483.52 
2025 01 20 19 45 51.64  31.170  10.780  0003.91  07.92  08.18  298.8  009.29  27.423  1020.937  1483.53 
2025 01 20 19 45 51.76  31.167  10.782  0003.85  07.87  08.18  298.8  009.29  27.419  1020.933  1483.53 
2025 01 20 19 45 51.89  31.145  10.791  0003.82  07.61  08.18  298.8  009.29  27.391  1020.910  1483.52 
2025 01 20 19 45 52.01  31.114  10.803  0003.82  07.56  08.18  298.8  009.29  27.352  1020.877  1483.52 
2025 01 20 19 45 52.14  31.063  10.825  0003.82  07.48  08.18  298.8  009.29  27.286  1020.823  1483.52 
2025 01 20 19 45 52.26  30.973  10.896  0003.84  07.68  08.18  298.8  009.29  27.146  1020.702  1483.61 
2025 01 20 19 45 52.39  30.968  10.873  0003.85  07.66  08.18  298.8  009.29  27.158  1020.716  1483.54 
2025 01 20 19 45 52.51  31.052  10.814  0003.87  07.44  08.18  298.8  009.29  27.283  1020.823  1483.48 
2025 01 20 19 45 52.64  31.087  10.794  0003.87  08.06  08.18  298.8  009.29  27.332  1020.864  1483.47 
2025 01 20 19 45 52.76  31.073  10.826  0003.92  08.25  08.18  298.8  009.29  27.294  1020.829  1483.54 
2025 01 20 19 45 52.89  31.092  10.802  0003.92  08.05  08.18  298.8  009.29  27.331  1020.862  1483.49 
2025 01 20 19 45 53.01  31.095  10.824  0003.91  07.94  08.18  298.8  009.29  27.317  1020.848  1483.56 
2025 01 20 19 45 53.14  31.070  10.835  0003.91  08.28  08.18  298.8  009.29  27.285  1020.821  1483.56 
2025 01 20 19 45 53.26  31.053  10.841  0003.87  08.21  08.17  298.8  009.26  27.264  1020.803  1483.55 
2025 01 20 19 45 53.39  31.057  10.831  0003.82  08.25  08.17  298.8  009.26  27.276  1020.814  1483.53 
2025 01 20 19 45 53.51  31.073  10.824  0003.72  08.16  08.18  298.8  009.26  27.297  1020.831  1483.53 
2025 01 20 19 45 53.64  31.060  10.835  0003.61  08.03  08.18  298.8  009.26  27.276  1020.812  1483.54 
2025 01 20 19 45 53.76  31.000  10.897  0003.48  07.85  08.18  298.8  009.26  27.172  1020.721  1483.64 
2025 01 20 19 45 53.89  30.979  10.901  0003.38  07.98  08.18  298.8  009.26  27.148  1020.701  1483.62 
2025 01 20 19 45 54.01  30.987  10.907  0003.27  08.03  08.18  298.8  009.26  27.151  1020.702  1483.64 
2025 01 20 19 45 54.14  30.984  10.901  0003.14  08.23  08.18  298.8  009.26  27.153  1020.704  1483.62 
2025 01 20 19 45 54.26  30.982  10.896  0003.11  08.14  08.18  298.8  009.29  27.154  1020.706  1483.61 
2025 01 20 19 45 54.39  30.971  10.900  0003.11  08.04  08.18  299.9  009.29  27.141  1020.694  1483.61 
2025 01 20 19 45 54.51  30.917  10.908  0003.11  08.55  08.18  299.9  009.29  27.083  1020.648  1483.56 
2025 01 20 19 45 54.64  30.764  10.973  0003.09  08.83  08.18  299.9  009.29  26.887  1020.485  1483.56 
2025 01 20 19 45 54.76  30.706  10.986  0003.10  08.69  08.18  299.9  009.29  26.821  1020.432  1483.53 
2025 01 20 19 45 54.89  30.706  10.989  0003.15  08.81  08.18  299.9  009.29  26.820  1020.431  1483.54 
2025 01 20 19 45 55.01  30.710  10.992  0003.16  08.51  08.18  299.9  009.29  26.821  1020.432  1483.55 
2025 01 20 19 45 55.14  30.701  10.994  0003.16  08.05  08.18  299.9  009.29  26.811  1020.423  1483.55 
2025 01 20 19 45 55.26  30.691  10.996  0003.19  08.12  08.18  299.9  009.29  26.800  1020.415  1483.54 
2025 01 20 19 45 55.39  30.691  10.991  0003.20  08.39  08.18  299.9  009.29  26.804  1020.419  1483.53 
2025 01 20 19 45 55.51  30.699  10.980  0003.17  08.57  08.18  299.9  009.29  26.819  1020.431  1483.51 
2025 01 20 19 45 55.64  30.714  10.982  0003.11  08.48  08.18  299.9  009.29  26.832  1020.442  1483.53 
2025 01 20 19 45 55.76  30.738  10.985  0002.99  08.25  08.18  299.9  009.29  26.854  1020.458  1483.56 
2025 01 20 19 45 55.89  30.761  10.972  0002.89  08.14  08.18  299.9  009.29  26.885  1020.483  1483.55 
2025 01 20 19 45 56.01  30.756  10.968  0002.76  08.10  08.18  299.9  009.29  26.883  1020.482  1483.53 
2025 01 20 19 45 56.14  30.745  10.966  0002.60  07.95  08.18  299.9  009.29  26.875  1020.475  1483.51 
2025 01 20 19 45 56.26  30.756  10.960  0002.47  07.90  08.18  299.9  009.26  26.889  1020.486  1483.51 
2025 01 20 19 45 56.39  30.744  10.965  0002.38  07.79  08.17  299.9  009.26  26.874  1020.473  1483.51 
2025 01 20 19 45 56.51  30.702  10.969  0002.31  08.02  08.18  299.9  009.26  26.830  1020.439  1483.47 
2025 01 20 19 45 56.64  30.675  10.972  0002.34  08.10  08.18  299.9  009.26  26.802  1020.416  1483.44 
2025 01 20 19 45 56.76  30.580  10.981  0002.33  08.02  08.18  299.9  009.26  26.705  1020.339  1483.36 
2025 01 20 19 45 56.89  30.417  10.991  0002.35  07.96  08.18  299.9  009.26  26.540  1020.210  1483.20 
2025 01 20 19 45 57.01  30.273  10.998  0002.38  07.92  08.18  299.9  009.26  26.396  1020.096  1483.05 
2025 01 20 19 45 57.14  30.262  10.994  0002.40  07.68  08.18  299.9  009.29  26.388  1020.092  1483.03 
2025 01 20 19 45 57.26  30.287  10.997  0002.42  07.58  08.19  299.9  009.29  26.410  1020.108  1483.07 
2025 01 20 19 45 57.39  30.323  10.991  0002.44  07.61  08.18  299.1  009.29  26.449  1020.140  1483.09 
2025 01 20 19 45 57.51  30.418  10.991  0002.45  07.56  08.18  299.1  009.29  26.541  1020.211  1483.20 
2025 01 20 19 45 57.64  30.433  10.992  0002.44  07.51  08.18  299.1  009.29  26.554  1020.221  1483.22 
2025 01 20 19 45 57.76  30.398  10.991  0002.38  07.62  08.18  299.1  009.29  26.522  1020.195  1483.17 
2025 01 20 19 45 57.89  30.411  10.989  0002.34  07.94  08.18  299.1  009.29  26.536  1020.207  1483.18 
2025 01 20 19 45 58.01  30.448  10.986  0002.25  08.05  08.18  299.1  009.29  26.573  1020.236  1483.22 
2025 01 20 19 45 58.14  30.419  10.983  0002.14  07.85  08.18  299.1  009.29  26.548  1020.216  1483.18 
2025 01 20 19 45 58.26  30.308  10.985  0002.06  07.60  08.18  299.1  009.29  26.439  1020.131  1483.05 
2025 01 20 19 45 58.39  30.230  10.988  0001.96  07.33  08.18  299.1  009.29  26.362  1020.070  1482.97 
2025 01 20 19 45 58.51  30.172  10.991  0001.89  07.13  08.18  299.1  009.29  26.304  1020.025  1482.90 
2025 01 20 19 45 58.64  30.168  10.989  0001.82  07.02  08.18  299.1  009.29  26.301  1020.022  1482.90 
2025 01 20 19 45 58.76  30.189  10.988  0001.79  07.02  08.18  299.1  009.29  26.323  1020.039  1482.92 
2025 01 20 19 45 58.89  30.103  10.990  0001.77  07.18  08.18  299.1  009.29  26.239  1019.974  1482.82 
2025 01 20 19 45 59.01  29.868  10.996  0001.78  07.17  08.18  299.1  009.29  26.009  1019.794  1482.57 
2025 01 20 19 45 59.14  29.511  10.996  0001.81  06.93  08.18  299.1  009.29  25.666  1019.528  1482.16 
2025 01 20 19 45 59.26  29.041  10.997  0001.82  06.73  08.18  299.1  009.26  25.215  1019.178  1481.62 
2025 01 20 19 45 59.39  29.029  10.997  0001.82  06.76  08.18  299.1  009.26  25.204  1019.169  1481.61 
2025 01 20 19 45 59.51  29.238  10.997  0001.82  06.86  08.19  299.1  009.26  25.403  1019.324  1481.85 
2025 01 20 19 45 59.64  29.253  10.997  0001.81  06.76  08.19  299.1  009.26  25.418  1019.335  1481.86 
2025 01 20 19 45 59.76  29.196  10.996  0001.80  06.55  08.19  299.1  009.26  25.364  1019.293  1481.79 
2025 01 20 19 45 59.89  29.215  10.997  0001.79  06.87  08.19  299.1  009.26  25.382  1019.307  1481.82 
2025 01 20 19 46 00.01  29.248  11.000  0001.76  07.21  08.19  299.1  009.26  25.411  1019.329  1481.86 
2025 01 20 19 46 00.14  29.151  10.998  0001.71  07.20  08.19  299.1  009.26  25.320  1019.259  1481.75 
2025 01 20 19 46 00.26  29.052  10.997  0001.66  07.09  08.19  299.1  009.26  25.226  1019.185  1481.63 
2025 01 20 19 46 00.39  29.355  10.994  0001.57  06.91  08.19  300.2  009.29  25.518  1019.412  1481.97 
2025 01 20 19 46 00.51  29.628  10.993  0001.48  06.92  08.19  300.2  009.29  25.780  1019.616  1482.28 
2025 01 20 19 46 00.64  29.597  10.995  0001.38  06.83  08.19  300.2  009.29  25.749  1019.591  1482.25 
2025 01 20 19 46 00.76  29.402  10.996  0001.27  06.90  08.19  300.2  009.29  25.562  1019.445  1482.02 
2025 01 20 19 46 00.89  29.304  10.996  0001.17  07.21  08.19  300.2  009.29  25.468  1019.371  1481.91 
2025 01 20 19 46 01.01  29.257  10.996  0001.09  07.16  08.19  300.2  009.29  25.423  1019.336  1481.85 
2025 01 20 19 46 01.14  29.135  10.995  0001.05  06.77  08.19  300.2  009.29  25.306  1019.245  1481.71 
2025 01 20 19 46 01.26  28.892  10.997  0001.06  06.51  08.19  300.2  009.29  25.073  1019.064  1481.44 
2025 01 20 19 46 01.39  27.927  10.999  0001.04  06.22  08.20  300.2  009.29  24.151  1018.348  1480.34 
2025 01 20 19 46 01.51  26.635  11.008  0001.04  06.04  08.20  300.2  009.29  22.919  1017.392  1478.90 
2025 01 20 19 46 01.64  25.836  11.015  0001.04  05.77  08.20  300.2  009.29  22.161  1016.803  1478.01 
2025 01 20 19 46 01.76  25.497  11.016  0001.06  05.53  08.20  300.2  009.29  21.841  1016.555  1477.63 
2025 01 20 19 46 01.89  25.218  11.024  0001.02  05.35  08.20  300.2  009.29  21.574  1016.346  1477.34 
2025 01 20 19 46 02.01  25.027  11.025  0001.05  05.09  08.20  300.2  009.29  21.395  1016.208  1477.13 
2025 01 20 19 46 02.14  24.978  11.028  0001.05  04.69  08.20  300.2  009.29  21.347  1016.170  1477.08 
2025 01 20 19 46 02.26  24.797  11.026  0001.05  04.55  08.20  300.2  009.26  21.178  1016.039  1476.87 
2025 01 20 19 46 02.39  24.790  11.021  0001.03  04.51  08.19  300.2  009.26  21.175  1016.038  1476.85 
2025 01 20 19 46 02.51  24.961  11.027  0001.00  04.43  08.21  300.2  009.26  21.332  1016.158  1477.06 
2025 01 20 19 46 02.64  24.987  11.028  0000.92  04.41  08.21  300.2  009.26  21.355  1016.176  1477.09 
2025 01 20 19 46 02.76  25.276  11.024  0000.85  04.46  08.21  300.2  009.26  21.629  1016.388  1477.40 
2025 01 20 19 46 02.89  25.920  11.016  0000.79  04.64  08.21  300.2  009.26  22.239  1016.862  1478.11 
2025 01 20 19 46 03.01  26.390  11.014  0000.72  04.96  08.20  300.2  009.26  22.684  1017.207  1478.63 
2025 01 20 19 46 03.14  26.479  11.011  0000.68  04.96  08.20  300.2  009.29  22.770  1017.274  1478.72 
2025 01 20 19 46 03.26  25.958  11.016  0000.67  05.29  08.22  300.2  009.29  22.275  1016.889  1478.15 
2025 01 20 19 46 03.39  25.713  11.018  0000.66  05.42  08.22  302.1  009.29  22.043  1016.709  1477.87 
2025 01 20 19 46 03.51  25.952  11.012  0000.65  05.41  08.23  302.1  009.29  22.272  1016.888  1478.13 
2025 01 20 19 46 03.64  26.231  11.009  0000.64  05.35  08.24  302.1  009.29  22.537  1017.093  1478.43 
2025 01 20 19 46 03.76  26.486  11.008  0000.67  05.55  08.24  302.1  009.29  22.778  1017.280  1478.72 
2025 01 20 19 46 03.89  26.624  11.008  0000.67  05.48  08.23  302.1  009.29  22.909  1017.382  1478.88 
2025 01 20 19 46 04.01  26.564  11.008  0000.67  05.36  08.23  302.1  009.29  22.852  1017.338  1478.81 
2025 01 20 19 46 04.14  26.284  11.066  0000.68  05.65  08.23  302.1  009.29  22.552  1017.097  1478.66 
2025 01 20 19 46 04.26  25.260  11.155  0000.67  05.67  08.22  302.1  009.29  21.537  1016.296  1477.77 
2025 01 20 19 46 04.39  24.864  11.130  0000.68  05.65  08.22  302.1  009.29  21.182  1016.025  1477.25 
2025 01 20 19 46 04.51  25.102  11.077  0000.67  05.51  08.22  302.1  009.29  21.434  1016.228  1477.36 
2025 01 20 19 46 04.64  25.245  11.047  0000.67  05.47  08.22  302.1  009.29  21.586  1016.351  1477.43 
2025 01 20 19 46 04.76  24.864  11.058  0000.65  05.10  08.21  302.1  009.29  21.223  1016.067  1477.04 
2025 01 20 19 46 04.89  24.406  11.085  0000.66  04.89  08.21  302.1  009.29  20.779  1015.720  1476.60 
2025 01 20 19 46 05.01  24.242  11.087  0000.67  04.71  08.21  302.1  009.29  20.625  1015.600  1476.43 
2025 01 20 19 46 05.14  24.268  11.095  0000.68  04.71  08.21  302.1  009.29  20.645  1015.614  1476.48 
2025 01 20 19 46 05.26  24.171  11.062  0000.70  05.27  08.21  302.1  009.26  20.573  1015.563  1476.27 
2025 01 20 19 46 05.39  23.146  11.183  0000.72  06.35  08.20  302.1  009.26  19.555  1014.757  1475.50 
2025 01 20 19 46 05.51  20.932  11.570  0000.73  05.73  08.21  302.1  009.26  17.338  1012.983  1474.26 
2025 01 20 19 46 05.64  17.800  11.853  0000.75  05.17  08.21  302.1  009.26  14.420  1010.686  1471.82 
2025 01 20 19 46 05.76  16.748  11.878  0000.75  04.53  08.21  302.1  009.26  13.486  1009.962  1470.80 
2025 01 20 19 46 05.89  17.383  11.726  0000.75  03.97  08.22  302.1  009.26  14.100  1010.458  1470.97 
2025 01 20 19 46 06.01  19.284  11.536  0000.71  03.65  08.22  302.1  009.26  15.868  1011.852  1472.38 
2025 01 20 19 46 06.14  19.910  11.534  0000.69  03.79  08.22  302.1  009.26  16.432  1012.288  1473.05 
2025 01 20 19 46 06.26  19.831  11.534  0000.67  04.19  08.23  302.1  009.29  16.360  1012.232  1472.96 
2025 01 20 19 46 06.39  19.965  11.514  0000.67  04.39  08.23  303.9  009.29  16.489  1012.335  1473.04 
2025 01 20 19 46 06.51  20.076  11.559  0000.65  04.58  08.23  303.9  009.29  16.570  1012.391  1473.30 
2025 01 20 19 46 06.64  19.681  11.643  0000.65  04.62  08.24  303.9  009.29  16.178  1012.075  1473.14 
2025 01 20 19 46 06.76  18.436  11.813  0000.66  04.48  08.25  303.9  009.29  14.997  1011.138  1472.36 
2025 01 20 19 46 06.89  17.453  11.879  0000.67  04.35  08.27  303.9  009.29  14.104  1010.438  1471.53 
2025 01 20 19 46 07.01  17.058  11.973  0000.68  04.24  08.29  303.9  009.29  13.723  1010.130  1471.42 
2025 01 20 19 46 07.14  17.070  12.013  0000.67  04.08  08.29  303.9  009.29  13.718  1010.121  1471.56 
2025 01 20 19 46 07.26  17.163  11.829  0000.67  03.70  08.30  303.9  009.29  13.868  1010.263  1471.07 
2025 01 20 19 46 07.39  16.757  12.011  0000.66  03.22  08.30  303.9  009.29  13.446  1009.911  1471.23 
2025 01 20 19 46 07.51  15.791  12.250  0000.64  02.91  08.31  303.9  009.29  12.526  1009.166  1471.01 
2025 01 20 19 46 07.64  14.912  12.390  0000.58  02.80  08.32  303.9  009.29  11.727  1008.529  1470.57 
2025 01 20 19 46 07.76  14.400  12.523  0000.53  02.70  08.32  303.9  009.29  11.252  1008.143  1470.48 
2025 01 20 19 46 07.89  14.293  12.567  0000.48  02.67  08.32  303.9  009.29  11.148  1008.056  1470.52 
2025 01 20 19 46 08.01  14.266  12.571  0000.43  02.64  08.31  303.9  009.29  11.125  1008.037  1470.50 
2025 01 20 19 46 08.14  14.278  12.571  0000.40  02.75  08.30  303.9  009.29  11.134  1008.044  1470.52 
2025 01 20 19 46 08.26  14.326  12.564  0000.38  02.72  08.29  303.9  009.26  11.177  1008.078  1470.54 
2025 01 20 19 46 08.39  14.346  12.571  0000.35  02.71  08.28  303.9  009.26  11.192  1008.089  1470.58 
2025 01 20 19 46 08.51  14.371  12.563  0000.32  02.82  08.29  303.9  009.26  11.215  1008.108  1470.58 
2025 01 20 19 46 08.64  14.399  12.537  0000.33  02.76  08.28  303.9  009.26  11.247  1008.136  1470.52 
2025 01 20 19 46 08.76  14.432  12.568  0000.29  02.70  08.28  303.9  009.26  11.266  1008.146  1470.66 
2025 01 20 19 46 08.89  14.430  12.578  0000.32  02.61  08.28  303.9  009.26  11.261  1008.141  1470.69 
2025 01 20 19 46 09.01  14.339  12.628  0000.32  02.48  08.28  303.9  009.26  11.169  1008.063  1470.76 
2025 01 20 19 46 09.14  14.231  12.668  0000.31  02.38  08.29  303.9  009.29  11.067  1007.978  1470.78 
2025 01 20 19 46 09.26  14.177  12.664  0000.34  02.29  08.29  303.9  009.29  11.022  1007.944  1470.72 
2025 01 20 19 46 09.39  14.111  12.665  0000.32  02.27  08.28  300.9  009.29  10.966  1007.901  1470.65 
2025 01 20 19 46 09.51  13.908  12.684  0000.29  02.26  08.28  300.9  009.29  10.790  1007.762  1470.51 
2025 01 20 19 46 09.64  13.733  12.714  0000.24  02.23  08.27  300.9  009.29  10.635  1007.638  1470.44 
2025 01 20 19 46 09.76  13.631  12.728  0000.20  02.25  08.27  300.9  009.29  10.545  1007.567  1470.38 
2025 01 20 19 46 09.89  13.664  12.724  0000.16  02.20  08.27  300.9  009.29  10.574  1007.589  1470.40 
2025 01 20 19 46 10.01  13.732  12.714  0000.14  02.20  08.26  300.9  009.29  10.634  1007.637  1470.44 
2025 01 20 19 46 10.14  13.729  12.717  0000.12  02.24  08.25  300.9  009.29  10.630  1007.633  1470.44 
2025 01 20 19 46 10.26  13.736  12.705  0000.11  02.24  08.25  300.9  009.29  10.639  1007.642  1470.41 
2025 01 20 19 46 10.39  13.740  12.708  0000.12  02.25  08.24  300.9  009.29  10.642  1007.643  1470.42 
2025 01 20 19 46 10.51  13.708  12.711  0000.14  02.29  08.24  300.9  009.29  10.614  1007.622  1470.40 
2025 01 20 19 46 10.64  13.642  12.715  0000.15  02.30  08.24  300.9  009.29  10.558  1007.578  1470.35 
2025 01 20 19 46 10.76  13.614  12.731  0000.19  02.25  08.24  300.9  009.29  10.530  1007.554  1470.37 
2025 01 20 19 46 10.89  13.606  12.731  0000.18  02.11  08.23  300.9  009.29  10.523  1007.549  1470.37 
2025 01 20 19 46 11.01  13.618  12.725  0000.16  02.12  08.23  300.9  009.29  10.535  1007.559  1470.36 
2025 01 20 19 46 11.14  13.632  12.718  0000.18  02.18  08.23  300.9  009.29  10.549  1007.571  1470.35 
2025 01 20 19 46 11.26  13.663  12.708  0000.19  02.18  08.22  300.9  009.26  10.578  1007.594  1470.35 
2025 01 20 19 46 11.39  13.740  12.694  0000.21  02.19  08.21  300.9  009.26  10.646  1007.649  1470.38 
2025 01 20 19 46 11.51  13.773  12.700  0000.22  02.21  08.22  300.9  009.26  10.672  1007.668  1470.43 
2025 01 20 19 46 11.64  13.759  12.695  0000.21  02.28  08.22  300.9  009.26  10.661  1007.661  1470.40 
2025 01 20 19 46 11.76  13.752  12.699  0000.22  02.40  08.21  300.9  009.26  10.655  1007.655  1470.41 
2025 01 20 19 46 11.89  13.758  12.696  0000.23  02.78  08.21  300.9  009.26  10.660  1007.660  1470.40 
2025 01 20 19 46 12.01  13.765  12.692  0000.22  02.69  08.21  300.9  009.26  10.668  1007.666  1470.40 
2025 01 20 19 46 12.14  13.770  12.695  0000.21  02.56  08.20  300.9  009.29  10.671  1007.668  1470.41 
2025 01 20 19 46 12.26  13.766  12.692  0000.22  02.47  08.21  300.9  009.29  10.668  1007.667  1470.40 
2025 01 20 19 46 12.39  13.743  12.694  0000.21  02.43  08.20  299.8  009.29  10.648  1007.651  1470.38 
2025 01 20 19 46 12.51  13.729  12.696  0000.19  02.38  08.20  299.8  009.29  10.636  1007.641  1470.38 
2025 01 20 19 46 12.64  13.714  12.700  0000.18  02.35  08.20  299.8  009.29  10.622  1007.630  1470.37 
2025 01 20 19 46 12.76  13.702  12.702  0000.18  02.30  08.20  299.8  009.29  10.612  1007.622  1470.37 
2025 01 20 19 46 12.89  13.700  12.707  0000.16  02.28  08.19  299.8  009.29  10.609  1007.618  1470.38 
2025 01 20 19 46 13.01  13.700  12.704  0000.16  02.26  08.19  299.8  009.29  10.610  1007.619  1470.37 
2025 01 20 19 46 13.14  13.679  12.705  0000.16  02.35  08.19  299.8  009.29  10.592  1007.606  1470.35 
2025 01 20 19 46 13.26  13.650  12.705  0000.13  02.33  08.19  299.8  009.29  10.567  1007.586  1470.32 
2025 01 20 19 46 13.39  13.630  12.718  0000.14  02.31  08.19  299.8  009.29  10.547  1007.569  1470.35 
2025 01 20 19 46 13.51  13.629  12.716  0000.14  02.34  08.19  299.8  009.29  10.547  1007.569  1470.34 
2025 01 20 19 46 13.64  13.641  12.713  0000.15  02.27  08.19  299.8  009.29  10.557  1007.578  1470.34 
2025 01 20 19 46 13.76  13.655  12.710  0000.16  02.31  08.19  299.8  009.29  10.571  1007.588  1470.34 
2025 01 20 19 46 13.89  13.666  12.709  0000.13  02.32  08.18  299.8  009.29  10.580  1007.596  1470.35 
2025 01 20 19 46 14.01  13.644  12.717  0000.10  02.27  08.18  299.8  009.29  10.559  1007.578  1470.36 
2025 01 20 19 46 14.14  13.615  12.723  0000.04  02.21  08.18  299.8  009.29  10.534  1007.557  1470.35 
2025 01 20 19 46 14.26  13.673  12.715  0000.03  02.16  08.18  299.8  009.26  10.584  1007.598  1470.38 
2025 01 20 19 46 14.39  13.088  12.706  0000.02  02.18  08.17  299.8  009.26  10.097  1007.223  1469.77 
2025 01 20 19 46 14.51  05.263  12.684  0000.02  06.48  08.18  299.8  009.26  03.795  1002.364  1462.19 
2025 01 20 19 46 14.64  01.106  12.679  0000.03  26.76  08.18  299.8  009.26  00.731  0999.989  1458.47 
2025 01 20 19 46 14.76  00.710  12.678  0000.02  37.56  08.17  299.8  009.26  00.461  0999.779  1458.13 
2025 01 20 19 46 14.89  00.330  12.655  0000.04  32.74  08.17  299.8  009.26  00.209  0999.585  1457.74 
2025 01 20 19 46 15.01  00.341  12.649  0000.03  52.47  08.17  299.8  009.26  00.216  0999.591  1457.73 
2025 01 20 19 46 15.14  00.421  12.640  0000.03  40.68  08.17  299.8  009.29  00.269  0999.634  1457.76 
2025 01 20 19 46 15.26  00.207  12.625  0000.02  30.32  08.17  299.8  009.29  00.130  0999.527  1457.53 
