2025 01 20 08 39 21.91  19.220  10.254  0001.00  05.63  06.62  310.9  009.26  16.371  1012.421  1468.23 
2025 01 20 08 39 22.03  19.169  10.254  0000.99  05.73  06.66  304.6  009.26  16.324  1012.384  1468.18 
2025 01 20 08 39 22.16  19.153  10.261  0001.01  06.07  06.63  304.6  009.26  16.306  1012.370  1468.18 
2025 01 20 08 39 22.28  19.212  10.255  0000.98  06.02  06.59  304.6  009.26  16.364  1012.415  1468.23 
2025 01 20 08 39 22.41  19.286  10.271  0000.97  05.78  06.53  304.6  009.26  16.425  1012.461  1468.36 
2025 01 20 08 39 22.53  19.323  10.281  0000.93  05.60  06.49  304.6  009.26  16.454  1012.482  1468.44 
2025 01 20 08 39 22.66  19.264  10.277  0000.87  05.48  06.44  304.6  009.26  16.402  1012.441  1468.36 
2025 01 20 08 39 22.78  19.140  10.273  0000.80  05.55  06.41  304.6  009.26  16.288  1012.353  1468.20 
2025 01 20 08 39 22.91  18.976  10.249  0000.79  05.60  06.36  304.6  009.26  16.147  1012.247  1467.94 
2025 01 20 08 39 23.03  18.978  10.261  0000.76  05.55  06.31  304.6  009.26  16.143  1012.242  1467.98 
2025 01 20 08 39 23.16  19.024  10.248  0000.74  05.39  06.26  304.6  009.26  16.191  1012.281  1467.99 
2025 01 20 08 39 23.28  18.790  10.204  0000.75  05.29  06.22  304.6  009.26  15.994  1012.134  1467.59 
2025 01 20 08 39 23.41  18.707  10.209  0000.73  05.27  06.18  304.6  009.26  15.915  1012.072  1467.51 
2025 01 20 08 39 23.53  18.476  10.171  0000.75  05.13  06.14  304.6  009.26  15.718  1011.924  1467.13 
2025 01 20 08 39 23.66  18.087  10.142  0000.75  04.99  06.10  304.6  009.26  15.370  1011.657  1466.60 
2025 01 20 08 39 23.78  17.999  10.135  0000.77  04.68  06.07  304.6  009.26  15.291  1011.597  1466.48 
2025 01 20 08 39 23.91  17.979  10.136  0000.78  04.53  06.01  304.6  009.26  15.273  1011.583  1466.46 
2025 01 20 08 39 24.03  17.930  10.134  0000.82  04.68  05.90  304.6  009.26  15.228  1011.548  1466.40 
2025 01 20 08 39 24.16  17.904  10.136  0000.82  04.63  05.86  304.6  009.26  15.203  1011.529  1466.38 
2025 01 20 08 39 24.28  17.900  10.136  0000.83  04.47  05.83  304.6  009.26  15.199  1011.526  1466.37 
2025 01 20 08 39 24.41  17.902  10.140  0000.83  04.39  05.79  304.6  009.26  15.200  1011.526  1466.39 
2025 01 20 08 39 24.53  17.893  10.139  0000.85  04.32  05.76  304.6  009.26  15.191  1011.520  1466.37 
2025 01 20 08 39 24.66  17.869  10.135  0000.84  04.23  05.73  304.6  009.26  15.171  1011.504  1466.33 
2025 01 20 08 39 24.78  17.838  10.132  0000.82  04.12  05.71  304.6  009.26  15.144  1011.483  1466.29 
2025 01 20 08 39 24.91  17.828  10.132  0000.83  04.26  05.76  304.6  009.26  15.135  1011.477  1466.28 
2025 01 20 08 39 25.03  17.835  10.130  0000.81  04.22  05.74  304.3  009.26  15.142  1011.482  1466.28 
2025 01 20 08 39 25.16  17.847  10.128  0000.80  04.36  05.72  304.3  009.26  15.154  1011.492  1466.29 
2025 01 20 08 39 25.28  17.847  10.129  0000.79  04.53  05.69  304.3  009.26  15.154  1011.491  1466.29 
2025 01 20 08 39 25.41  17.842  10.131  0000.80  04.49  05.66  304.3  009.26  15.148  1011.487  1466.29 
2025 01 20 08 39 25.53  17.840  10.132  0000.81  04.48  05.63  304.3  009.26  15.146  1011.485  1466.29 
2025 01 20 08 39 25.66  17.840  10.131  0000.83  04.49  05.60  304.3  009.26  15.146  1011.486  1466.29 
2025 01 20 08 39 25.78  17.837  10.131  0000.82  04.45  05.58  304.3  009.26  15.143  1011.483  1466.28 
2025 01 20 08 39 25.91  17.834  10.129  0000.82  04.39  05.55  304.3  009.26  15.141  1011.482  1466.28 
2025 01 20 08 39 26.03  17.823  10.128  0000.82  04.35  05.53  304.3  009.26  15.132  1011.475  1466.26 
2025 01 20 08 39 26.16  17.808  10.127  0000.80  04.38  05.50  304.3  009.26  15.118  1011.464  1466.24 
2025 01 20 08 39 26.28  17.804  10.125  0000.78  04.48  05.48  304.3  009.26  15.116  1011.462  1466.23 
2025 01 20 08 39 26.41  17.804  10.127  0000.78  04.46  05.45  304.3  009.26  15.114  1011.461  1466.23 
2025 01 20 08 39 26.53  17.802  10.127  0000.77  04.34  05.43  304.3  009.26  15.113  1011.460  1466.23 
2025 01 20 08 39 26.66  17.805  10.125  0000.76  04.32  05.40  304.3  009.26  15.116  1011.463  1466.23 
2025 01 20 08 39 26.78  17.808  10.127  0000.76  04.37  05.39  304.3  009.26  15.118  1011.463  1466.24 
2025 01 20 08 39 26.91  17.808  10.128  0000.77  04.31  05.34  304.3  009.26  15.117  1011.463  1466.24 
2025 01 20 08 39 27.03  17.808  10.129  0000.79  04.22  05.25  304.3  009.26  15.117  1011.463  1466.24 
2025 01 20 08 39 27.16  17.808  10.130  0000.79  04.19  05.22  304.3  009.26  15.116  1011.462  1466.25 
2025 01 20 08 39 27.28  17.807  10.129  0000.82  04.22  05.20  304.3  009.26  15.116  1011.462  1466.24 
2025 01 20 08 39 27.41  17.808  10.128  0000.84  04.15  05.18  304.3  009.26  15.117  1011.463  1466.24 
2025 01 20 08 39 27.53  17.840  10.130  0000.86  04.23  05.15  304.3  009.26  15.147  1011.486  1466.28 
2025 01 20 08 39 27.66  17.933  10.144  0000.88  04.27  05.14  304.3  009.26  15.226  1011.546  1466.43 
2025 01 20 08 39 27.78  17.934  10.141  0000.88  04.24  05.13  304.3  009.26  15.229  1011.549  1466.43 
2025 01 20 08 39 27.91  17.874  10.131  0000.88  04.34  05.19  304.3  009.26  15.177  1011.510  1466.33 
2025 01 20 08 39 28.03  17.831  10.130  0000.87  04.32  05.18  303.3  009.26  15.138  1011.480  1466.28 
2025 01 20 08 39 28.16  17.805  10.132  0000.85  04.27  05.18  303.3  009.26  15.113  1011.460  1466.25 
2025 01 20 08 39 28.28  17.783  10.130  0000.84  04.11  05.16  303.3  009.26  15.094  1011.445  1466.22 
2025 01 20 08 39 28.41  17.774  10.129  0000.85  04.13  05.15  303.3  009.26  15.086  1011.439  1466.21 
2025 01 20 08 39 28.53  17.766  10.130  0000.82  04.15  05.13  303.3  009.26  15.078  1011.433  1466.20 
2025 01 20 08 39 28.66  17.769  10.127  0000.80  04.11  05.11  303.3  009.26  15.082  1011.436  1466.20 
2025 01 20 08 39 28.78  17.777  10.128  0000.82  04.15  05.10  303.3  009.26  15.090  1011.442  1466.21 
2025 01 20 08 39 28.91  17.782  10.128  0000.81  04.18  05.08  303.3  009.26  15.094  1011.445  1466.21 
2025 01 20 08 39 29.03  17.779  10.126  0000.82  04.23  05.07  303.3  009.26  15.092  1011.444  1466.20 
2025 01 20 08 39 29.16  17.779  10.126  0000.81  04.31  05.05  303.3  009.26  15.092  1011.444  1466.20 
2025 01 20 08 39 29.28  17.779  10.128  0000.81  04.36  05.03  303.3  009.26  15.091  1011.443  1466.21 
2025 01 20 08 39 29.41  17.779  10.128  0000.82  04.33  05.02  303.3  009.26  15.091  1011.443  1466.21 
2025 01 20 08 39 29.53  17.778  10.129  0000.84  04.33  05.00  303.3  009.26  15.090  1011.442  1466.21 
2025 01 20 08 39 29.66  17.778  10.129  0000.84  04.22  04.99  303.3  009.26  15.090  1011.442  1466.21 
2025 01 20 08 39 29.78  17.779  10.128  0000.84  04.19  04.98  303.3  009.26  15.091  1011.443  1466.21 
2025 01 20 08 39 29.91  17.780  10.126  0000.84  04.23  04.94  303.3  009.26  15.093  1011.445  1466.21 
2025 01 20 08 39 30.03  17.784  10.126  0000.85  04.15  04.86  303.3  009.26  15.096  1011.447  1466.21 
2025 01 20 08 39 30.16  17.785  10.127  0000.85  04.19  04.84  303.3  009.26  15.097  1011.448  1466.21 
2025 01 20 08 39 30.28  17.786  10.131  0000.86  04.21  04.83  303.3  009.26  15.096  1011.447  1466.23 
2025 01 20 08 39 30.41  17.789  10.131  0000.86  04.28  04.82  303.3  009.26  15.099  1011.449  1466.23 
2025 01 20 08 39 30.53  17.792  10.134  0000.86  04.32  04.80  303.3  009.26  15.100  1011.449  1466.24 
2025 01 20 08 39 30.66  17.793  10.133  0000.86  04.33  04.80  303.3  009.26  15.102  1011.451  1466.24 
2025 01 20 08 39 30.78  17.796  10.132  0000.85  04.29  04.78  303.3  009.26  15.105  1011.453  1466.24 
2025 01 20 08 39 30.91  17.796  10.128  0000.84  04.36  04.86  303.3  009.26  15.107  1011.455  1466.23 
2025 01 20 08 39 31.03  17.797  10.128  0000.83  04.23  04.86  303.9  009.26  15.108  1011.456  1466.23 
2025 01 20 08 39 31.16  17.800  10.128  0000.86  04.24  04.86  303.9  009.26  15.110  1011.458  1466.23 
2025 01 20 08 39 31.28  17.804  10.127  0000.84  04.14  04.85  303.9  009.26  15.115  1011.462  1466.24 
2025 01 20 08 39 31.41  17.810  10.130  0000.85  04.15  04.84  303.9  009.26  15.119  1011.464  1466.25 
2025 01 20 08 39 31.53  17.816  10.133  0000.86  04.29  04.83  303.9  009.26  15.123  1011.467  1466.27 
2025 01 20 08 39 31.66  17.821  10.134  0000.86  04.40  04.82  303.9  009.26  15.127  1011.470  1466.28 
2025 01 20 08 39 31.78  17.823  10.133  0000.86  04.39  04.81  303.9  009.26  15.129  1011.472  1466.28 
2025 01 20 08 39 31.91  17.819  10.133  0000.88  04.39  04.80  303.9  009.26  15.125  1011.469  1466.27 
2025 01 20 08 39 32.03  17.814  10.130  0000.87  04.53  04.79  303.9  009.26  15.122  1011.467  1466.26 
2025 01 20 08 39 32.16  17.812  10.131  0000.86  04.55  04.78  303.9  009.26  15.120  1011.465  1466.26 
2025 01 20 08 39 32.28  17.811  10.130  0000.88  04.49  04.77  303.9  009.26  15.119  1011.465  1466.25 
2025 01 20 08 39 32.41  17.808  10.129  0000.86  04.49  04.76  303.9  009.26  15.118  1011.464  1466.25 
2025 01 20 08 39 32.53  17.806  10.128  0000.87  04.45  04.76  303.9  009.26  15.116  1011.462  1466.24 
2025 01 20 08 39 32.66  17.806  10.131  0000.87  04.46  04.75  303.9  009.26  15.115  1011.461  1466.25 
2025 01 20 08 39 32.78  17.812  10.133  0000.87  04.52  04.74  303.9  009.26  15.119  1011.464  1466.26 
2025 01 20 08 39 32.91  17.825  10.135  0000.86  04.51  04.71  303.9  009.26  15.130  1011.473  1466.29 
2025 01 20 08 39 33.03  17.842  10.140  0000.87  04.45  04.63  303.9  009.26  15.144  1011.483  1466.32 
2025 01 20 08 39 33.16  17.859  10.142  0000.88  04.39  04.62  303.9  009.26  15.159  1011.494  1466.35 
2025 01 20 08 39 33.28  17.872  10.146  0000.88  04.34  04.61  303.9  009.26  15.169  1011.502  1466.37 
2025 01 20 08 39 33.41  17.870  10.150  0000.88  04.30  04.61  303.9  009.26  15.166  1011.498  1466.38 
2025 01 20 08 39 33.53  17.857  10.145  0000.89  04.31  04.60  303.9  009.26  15.156  1011.491  1466.35 
2025 01 20 08 39 33.66  17.839  10.134  0000.89  04.30  04.60  303.9  009.26  15.144  1011.484  1466.30 
2025 01 20 08 39 33.78  17.831  10.132  0000.87  04.33  04.59  303.9  009.26  15.137  1011.478  1466.28 
2025 01 20 08 39 33.91  17.823  10.131  0000.88  04.46  04.67  303.9  009.26  15.130  1011.473  1466.27 
2025 01 20 08 39 34.03  17.815  10.130  0000.87  04.44  04.68  303.9  009.26  15.123  1011.468  1466.26 
2025 01 20 08 39 34.16  17.810  10.128  0000.86  04.39  04.69  303.9  009.26  15.120  1011.465  1466.24 
2025 01 20 08 39 34.28  17.808  10.126  0000.85  04.44  04.68  303.9  009.26  15.119  1011.465  1466.24 
2025 01 20 08 39 34.41  17.810  10.129  0000.83  04.52  04.67  303.9  009.26  15.119  1011.465  1466.25 
2025 01 20 08 39 34.53  17.816  10.133  0000.83  04.61  04.67  303.9  009.26  15.123  1011.467  1466.27 
2025 01 20 08 39 34.66  17.827  10.135  0000.83  04.62  04.67  303.9  009.26  15.132  1011.474  1466.29 
2025 01 20 08 39 34.78  17.829  10.133  0000.83  04.60  04.66  303.9  009.26  15.135  1011.476  1466.28 
2025 01 20 08 39 34.91  17.831  10.130  0000.83  04.56  04.65  303.9  009.26  15.138  1011.479  1466.28 
2025 01 20 08 39 35.03  17.831  10.130  0000.84  04.51  04.65  303.9  009.26  15.139  1011.480  1466.28 
2025 01 20 08 39 35.16  17.829  10.131  0000.84  04.37  04.64  303.9  009.26  15.136  1011.478  1466.27 
2025 01 20 08 39 35.28  17.827  10.129  0000.86  04.35  04.64  303.9  009.26  15.135  1011.477  1466.27 
2025 01 20 08 39 35.41  17.822  10.130  0000.87  04.33  04.63  303.9  009.26  15.130  1011.473  1466.26 
2025 01 20 08 39 35.53  17.818  10.127  0000.86  04.42  04.63  303.9  009.26  15.127  1011.471  1466.25 
2025 01 20 08 39 35.66  17.814  10.127  0000.86  04.55  04.63  303.9  009.26  15.123  1011.468  1466.25 
2025 01 20 08 39 35.78  17.811  10.129  0000.86  04.63  04.62  303.9  009.26  15.120  1011.465  1466.25 
2025 01 20 08 39 35.91  17.809  10.129  0000.86  04.60  04.59  303.9  009.26  15.118  1011.464  1466.25 
2025 01 20 08 39 36.03  17.808  10.127  0000.86  04.48  04.52  303.9  009.26  15.119  1011.465  1466.24 
2025 01 20 08 39 36.16  17.808  10.127  0000.86  04.46  04.51  303.9  009.26  15.117  1011.464  1466.24 
2025 01 20 08 39 36.28  17.806  10.129  0000.85  04.51  04.51  303.9  009.26  15.115  1011.462  1466.24 
2025 01 20 08 39 36.41  17.807  10.130  0000.84  04.51  04.50  303.9  009.26  15.116  1011.462  1466.25 
2025 01 20 08 39 36.53  17.814  10.131  0000.86  04.46  04.49  303.9  009.26  15.122  1011.466  1466.26 
2025 01 20 08 39 36.66  17.835  10.134  0000.86  04.48  04.50  303.9  009.26  15.140  1011.480  1466.29 
2025 01 20 08 39 36.78  17.862  10.141  0000.87  04.49  04.49  303.9  009.26  15.162  1011.497  1466.35 
2025 01 20 08 39 36.91  17.882  10.146  0000.86  04.51  04.57  303.9  009.26  15.178  1011.508  1466.38 
2025 01 20 08 39 37.03  17.887  10.146  0000.87  04.43  04.58  303.9  009.26  15.183  1011.512  1466.39 
2025 01 20 08 39 37.16  17.884  10.140  0000.86  04.52  04.59  303.9  009.26  15.183  1011.513  1466.37 
2025 01 20 08 39 37.28  17.879  10.138  0000.86  04.53  04.59  303.9  009.26  15.179  1011.511  1466.35 
2025 01 20 08 39 37.41  17.879  10.138  0000.88  04.49  04.58  303.9  009.26  15.179  1011.511  1466.35 
2025 01 20 08 39 37.53  17.888  10.135  0000.87  04.49  04.58  303.9  009.26  15.189  1011.518  1466.36 
2025 01 20 08 39 37.66  17.892  10.149  0000.86  04.53  04.58  303.9  009.26  15.186  1011.514  1466.41 
2025 01 20 08 39 37.78  17.901  10.160  0000.88  04.54  04.57  303.9  009.26  15.190  1011.516  1466.45 
2025 01 20 08 39 37.91  17.915  10.161  0000.87  04.55  04.57  303.9  009.26  15.203  1011.526  1466.47 
2025 01 20 08 39 38.03  17.913  10.154  0000.88  04.61  04.57  303.9  009.26  15.204  1011.528  1466.44 
2025 01 20 08 39 38.16  17.897  10.153  0000.88  04.74  04.56  303.9  009.26  15.189  1011.516  1466.42 
2025 01 20 08 39 38.28  17.874  10.148  0000.87  04.84  04.56  303.9  009.26  15.170  1011.502  1466.38 
2025 01 20 08 39 38.41  17.868  10.143  0000.87  04.84  04.56  303.9  009.26  15.167  1011.500  1466.36 
2025 01 20 08 39 38.53  17.863  10.139  0000.86  04.90  04.56  303.9  009.26  15.164  1011.498  1466.34 
2025 01 20 08 39 38.66  17.861  10.143  0000.86  04.94  04.55  303.9  009.26  15.160  1011.495  1466.35 
2025 01 20 08 39 38.78  17.862  10.149  0000.87  04.81  04.55  303.9  009.26  15.159  1011.494  1466.37 
2025 01 20 08 39 38.91  17.884  10.155  0000.85  04.76  04.53  303.9  009.26  15.177  1011.506  1466.41 
2025 01 20 08 39 39.03  17.972  10.159  0000.86  04.77  04.45  303.9  009.26  15.256  1011.567  1466.53 
2025 01 20 08 39 39.16  18.054  10.173  0000.88  04.73  04.44  303.9  009.26  15.326  1011.620  1466.67 
2025 01 20 08 39 39.28  18.133  10.169  0000.88  04.76  04.44  303.9  009.26  15.401  1011.679  1466.74 
2025 01 20 08 39 39.41  18.168  10.161  0000.88  04.76  04.44  303.9  009.26  15.437  1011.707  1466.75 
2025 01 20 08 39 39.53  18.176  10.169  0000.89  04.77  04.44  303.9  009.26  15.441  1011.710  1466.79 
2025 01 20 08 39 39.66  18.137  10.175  0000.91  04.72  04.43  303.9  009.26  15.402  1011.679  1466.76 
2025 01 20 08 39 39.78  18.088  10.155  0000.89  04.72  04.44  303.9  009.26  15.365  1011.652  1466.65 
2025 01 20 08 39 39.91  18.058  10.151  0000.91  04.75  04.52  303.9  009.26  15.339  1011.633  1466.60 
2025 01 20 08 39 40.03  18.016  10.157  0000.90  04.79  04.53  304.2  009.26  15.298  1011.600  1466.57 
2025 01 20 08 39 40.16  17.983  10.162  0000.87  04.91  04.54  304.2  009.26  15.265  1011.574  1466.55 
2025 01 20 08 39 40.28  17.964  10.157  0000.87  04.90  04.54  304.2  009.26  15.249  1011.562  1466.51 
2025 01 20 08 39 40.41  17.958  10.155  0000.88  04.91  04.54  304.2  009.26  15.245  1011.559  1466.50 
2025 01 20 08 39 40.53  17.987  10.162  0000.86  04.84  04.54  304.2  009.26  15.269  1011.577  1466.55 
2025 01 20 08 39 40.66  18.037  10.170  0000.87  04.79  04.53  304.2  009.26  15.311  1011.609  1466.64 
2025 01 20 08 39 40.78  18.094  10.176  0000.88  04.68  04.53  304.2  009.26  15.362  1011.648  1466.72 
2025 01 20 08 39 40.91  18.149  10.174  0000.86  04.67  04.53  304.2  009.26  15.413  1011.688  1466.78 
2025 01 20 08 39 41.03  18.208  10.176  0000.87  04.67  04.53  304.2  009.26  15.467  1011.729  1466.85 
2025 01 20 08 39 41.16  18.236  10.186  0000.86  04.72  04.52  304.2  009.26  15.489  1011.744  1466.91 
2025 01 20 08 39 41.28  18.227  10.187  0000.87  04.82  04.52  304.2  009.26  15.480  1011.738  1466.91 
2025 01 20 08 39 41.41  18.179  10.188  0000.87  04.91  04.52  304.2  009.26  15.436  1011.703  1466.85 
2025 01 20 08 39 41.53  18.123  10.183  0000.90  04.96  04.52  304.2  009.26  15.385  1011.665  1466.78 
2025 01 20 08 39 41.66  18.092  10.165  0000.88  05.10  04.52  304.2  009.26  15.364  1011.651  1466.68 
2025 01 20 08 39 41.78  18.050  10.166  0000.87  05.16  04.51  304.2  009.26  15.325  1011.620  1466.64 
2025 01 20 08 39 41.91  18.016  10.172  0000.92  05.13  04.49  304.2  009.26  15.291  1011.593  1466.62 
2025 01 20 08 39 42.03  17.999  10.164  0000.90  05.08  04.42  304.2  009.26  15.279  1011.585  1466.57 
2025 01 20 08 39 42.16  17.983  10.170  0000.88  05.02  04.41  304.2  009.26  15.262  1011.570  1466.58 
2025 01 20 08 39 42.28  17.974  10.167  0000.89  04.94  04.41  304.2  009.26  15.255  1011.566  1466.56 
2025 01 20 08 39 42.41  17.968  10.165  0000.88  04.85  04.41  304.2  009.26  15.250  1011.562  1466.54 
2025 01 20 08 39 42.53  17.964  10.151  0000.88  04.94  04.41  304.2  009.26  15.252  1011.566  1466.49 
2025 01 20 08 39 42.66  17.957  10.147  0000.87  04.91  04.41  304.2  009.26  15.248  1011.563  1466.47 
2025 01 20 08 39 42.78  17.945  10.152  0000.86  04.78  04.41  304.2  009.26  15.235  1011.552  1466.47 
2025 01 20 08 39 42.91  17.935  10.155  0000.84  04.59  04.49  304.2  009.26  15.224  1011.543  1466.47 
2025 01 20 08 39 43.03  17.931  10.154  0000.84  04.54  04.50  304.5  009.26  15.221  1011.540  1466.46 
2025 01 20 08 39 43.16  17.946  10.152  0000.85  04.62  04.52  304.5  009.26  15.235  1011.552  1466.47 
2025 01 20 08 39 43.28  17.960  10.146  0000.84  04.68  04.52  304.5  009.26  15.250  1011.564  1466.47 
2025 01 20 08 39 43.41  17.966  10.144  0000.85  04.82  04.51  304.5  009.26  15.257  1011.570  1466.47 
2025 01 20 08 39 43.53  17.991  10.156  0000.87  04.77  04.52  304.5  009.26  15.275  1011.583  1466.54 
2025 01 20 08 39 43.66  18.011  10.160  0000.87  04.76  04.51  304.5  009.26  15.292  1011.595  1466.58 
2025 01 20 08 39 43.78  18.018  10.158  0000.87  05.02  04.51  304.5  009.26  15.299  1011.601  1466.58 
2025 01 20 08 39 43.91  18.056  10.167  0000.89  05.15  04.51  304.5  009.26  15.331  1011.624  1466.65 
2025 01 20 08 39 44.03  18.133  10.170  0000.93  05.35  04.51  304.5  009.26  15.401  1011.678  1466.74 
2025 01 20 08 39 44.16  18.222  10.181  0000.93  05.18  04.50  304.5  009.26  15.478  1011.737  1466.88 
2025 01 20 08 39 44.28  18.241  10.189  0000.93  04.96  04.50  304.5  009.26  15.492  1011.747  1466.93 
2025 01 20 08 39 44.41  18.196  10.182  0000.95  05.12  04.50  304.5  009.26  15.454  1011.718  1466.85 
2025 01 20 08 39 44.53  18.146  10.160  0000.94  05.31  04.51  304.5  009.26  15.416  1011.692  1466.73 
2025 01 20 08 39 44.66  18.118  10.161  0000.93  05.70  04.50  304.5  009.26  15.390  1011.672  1466.70 
2025 01 20 08 39 44.78  18.059  10.150  0000.90  05.70  04.50  304.5  009.26  15.340  1011.634  1466.60 
2025 01 20 08 39 44.91  17.968  10.149  0000.88  05.38  04.48  304.5  009.26  15.257  1011.569  1466.49 
2025 01 20 08 39 45.03  17.928  10.144  0000.87  05.06  04.41  304.5  009.26  15.222  1011.542  1466.43 
2025 01 20 08 39 45.16  17.957  10.148  0000.88  04.88  04.40  304.5  009.26  15.247  1011.562  1466.47 
2025 01 20 08 39 45.28  18.042  10.159  0000.89  04.96  04.40  304.5  009.26  15.320  1011.617  1466.61 
2025 01 20 08 39 45.41  18.182  10.177  0000.90  04.87  04.40  304.5  009.26  15.443  1011.710  1466.82 
2025 01 20 08 39 45.53  18.222  10.179  0000.91  04.83  04.40  304.5  009.26  15.479  1011.738  1466.87 
2025 01 20 08 39 45.66  18.235  10.179  0000.95  04.85  04.40  304.5  009.26  15.491  1011.748  1466.89 
2025 01 20 08 39 45.78  18.374  10.180  0000.94  05.01  04.40  304.5  009.26  15.620  1011.847  1467.05 
2025 01 20 08 39 45.91  18.525  10.200  0000.94  05.14  04.49  304.5  009.26  15.751  1011.946  1467.28 
2025 01 20 08 39 46.03  18.499  10.208  0000.97  05.49  04.50  304.9  009.26  15.723  1011.924  1467.28 
2025 01 20 08 39 46.16  18.385  10.178  0000.99  05.71  04.51  304.9  009.26  15.630  1011.856  1467.05 
2025 01 20 08 39 46.28  18.330  10.174  0000.96  05.79  04.51  304.9  009.26  15.581  1011.818  1466.98 
2025 01 20 08 39 46.41  18.309  10.182  0000.95  05.86  04.52  304.9  009.26  15.558  1011.799  1466.98 
2025 01 20 08 39 46.53  18.299  10.182  0000.94  05.86  04.51  304.9  009.26  15.549  1011.792  1466.97 
2025 01 20 08 39 46.66  18.284  10.182  0000.92  05.82  04.51  304.9  009.26  15.535  1011.781  1466.95 
2025 01 20 08 39 46.78  18.260  10.180  0000.93  05.57  04.51  304.9  009.26  15.514  1011.765  1466.92 
2025 01 20 08 39 46.91  18.327  10.180  0000.91  05.57  04.51  304.9  009.26  15.575  1011.813  1466.99 
2025 01 20 08 39 47.03  18.416  10.198  0000.91  05.35  04.51  304.9  009.26  15.650  1011.868  1467.15 
2025 01 20 08 39 47.16  18.519  10.207  0000.91  05.07  04.51  304.9  009.26  15.742  1011.939  1467.30 
2025 01 20 08 39 47.28  18.553  10.206  0000.89  05.15  04.51  304.9  009.26  15.773  1011.963  1467.33 
2025 01 20 08 39 47.41  18.490  10.192  0000.88  05.09  04.51  304.9  009.26  15.722  1011.925  1467.22 
2025 01 20 08 39 47.53  18.305  10.179  0000.86  04.94  04.51  304.9  009.26  15.556  1011.797  1466.97 
2025 01 20 08 39 47.66  18.116  10.164  0000.86  05.00  04.51  304.9  009.26  15.387  1011.668  1466.71 
2025 01 20 08 39 47.78  18.072  10.161  0000.86  04.94  04.51  304.9  009.26  15.348  1011.638  1466.64 
2025 01 20 08 39 47.91  18.167  10.172  0000.86  04.77  04.49  304.9  009.26  15.431  1011.702  1466.79 
2025 01 20 08 39 48.03  18.141  10.160  0000.86  04.62  04.41  304.9  009.26  15.412  1011.688  1466.72 
2025 01 20 08 39 48.16  18.076  10.153  0000.84  04.63  04.41  304.9  009.26  15.355  1011.645  1466.62 
2025 01 20 08 39 48.28  17.966  10.133  0000.81  04.64  04.41  304.9  009.26  15.262  1011.575  1466.43 
2025 01 20 08 39 48.41  17.908  10.133  0000.79  04.59  04.42  304.9  009.26  15.208  1011.533  1466.37 
2025 01 20 08 39 48.53  17.925  10.139  0000.79  04.52  04.41  304.9  009.26  15.222  1011.543  1466.41 
2025 01 20 08 39 48.66  17.940  10.136  0000.79  04.48  04.41  304.9  009.26  15.236  1011.554  1466.42 
2025 01 20 08 39 48.78  17.936  10.132  0000.82  04.44  04.41  304.9  009.26  15.234  1011.553  1466.40 
2025 01 20 08 39 48.91  17.918  10.137  0000.83  04.48  04.50  304.9  009.26  15.216  1011.539  1466.39 
2025 01 20 08 39 49.03  17.907  10.135  0000.85  04.47  04.50  305.0  009.26  15.206  1011.532  1466.38 
2025 01 20 08 39 49.16  17.891  10.132  0000.85  04.38  04.52  305.0  009.26  15.193  1011.522  1466.35 
2025 01 20 08 39 49.28  17.869  10.126  0000.85  04.46  04.52  305.0  009.26  15.175  1011.508  1466.31 
2025 01 20 08 39 49.41  17.858  10.127  0000.83  04.58  04.52  305.0  009.26  15.164  1011.500  1466.29 
2025 01 20 08 39 49.53  17.850  10.128  0000.85  04.54  04.52  305.0  009.26  15.156  1011.494  1466.29 
2025 01 20 08 39 49.66  17.850  10.129  0000.84  04.49  04.52  305.0  009.26  15.156  1011.493  1466.29 
2025 01 20 08 39 49.78  17.853  10.130  0000.84  04.53  04.52  305.0  009.26  15.158  1011.495  1466.30 
2025 01 20 08 39 49.91  17.855  10.130  0000.83  04.51  04.52  305.0  009.26  15.160  1011.496  1466.30 
2025 01 20 08 39 50.03  17.854  10.130  0000.84  04.47  04.52  305.0  009.26  15.159  1011.496  1466.30 
2025 01 20 08 39 50.16  17.850  10.129  0000.83  04.44  04.52  305.0  009.26  15.156  1011.493  1466.29 
2025 01 20 08 39 50.28  17.847  10.129  0000.83  04.45  04.51  305.0  009.26  15.153  1011.491  1466.29 
2025 01 20 08 39 50.41  17.841  10.128  0000.82  04.45  04.52  305.0  009.26  15.148  1011.487  1466.28 
2025 01 20 08 39 50.53  17.838  10.128  0000.84  04.48  04.51  305.0  009.26  15.145  1011.485  1466.28 
2025 01 20 08 39 50.66  17.831  10.125  0000.85  04.48  04.51  305.0  009.26  15.140  1011.481  1466.26 
2025 01 20 08 39 50.78  17.819  10.126  0000.85  04.50  04.51  305.0  009.26  15.129  1011.472  1466.25 
2025 01 20 08 39 50.91  17.823  10.126  0000.88  04.60  04.49  305.0  009.26  15.133  1011.476  1466.25 
2025 01 20 08 39 51.03  17.912  10.148  0000.90  04.67  04.41  305.0  009.26  15.205  1011.530  1466.42 
2025 01 20 08 39 51.16  17.972  10.166  0000.91  04.77  04.41  305.0  009.26  15.254  1011.565  1466.55 
2025 01 20 08 39 51.28  17.999  10.165  0000.93  04.68  04.41  305.0  009.26  15.278  1011.584  1466.58 
2025 01 20 08 39 51.41  18.010  10.160  0000.93  04.70  04.42  305.0  009.26  15.291  1011.594  1466.58 
2025 01 20 08 39 51.53  17.980  10.153  0000.92  04.95  04.41  305.0  009.26  15.266  1011.576  1466.52 
2025 01 20 08 39 51.66  17.949  10.152  0000.92  05.08  04.41  305.0  009.26  15.238  1011.555  1466.48 
2025 01 20 08 39 51.78  17.933  10.162  0000.91  05.20  04.41  305.0  009.26  15.219  1011.539  1466.49 
2025 01 20 08 39 51.91  17.940  10.198  0000.89  05.07  04.50  305.0  009.26  15.211  1011.527  1466.62 
2025 01 20 08 39 52.03  17.952  10.209  0000.88  04.85  04.51  305.1  009.26  15.217  1011.531  1466.67 
2025 01 20 08 39 52.16  17.964  10.210  0000.89  04.76  04.52  305.1  009.26  15.228  1011.539  1466.69 
2025 01 20 08 39 52.28  17.960  10.198  0000.88  04.68  04.52  305.1  009.26  15.229  1011.541  1466.64 
2025 01 20 08 39 52.41  17.947  10.189  0000.88  04.58  04.53  305.1  009.26  15.221  1011.536  1466.60 
2025 01 20 08 39 52.53  17.930  10.169  0000.89  04.51  04.52  305.1  009.26  15.213  1011.533  1466.51 
2025 01 20 08 39 52.66  17.923  10.164  0000.86  04.56  04.52  305.1  009.26  15.209  1011.530  1466.49 
2025 01 20 08 39 52.78  17.928  10.167  0000.86  04.51  04.52  305.1  009.26  15.212  1011.532  1466.51 
2025 01 20 08 39 52.91  17.952  10.164  0000.86  04.67  04.52  305.1  009.26  15.235  1011.551  1466.52 
2025 01 20 08 39 53.03  17.993  10.164  0000.87  04.65  04.52  305.1  009.26  15.274  1011.581  1466.57 
2025 01 20 08 39 53.16  18.036  10.171  0000.88  04.62  04.52  305.1  009.26  15.310  1011.608  1466.64 
2025 01 20 08 39 53.28  18.047  10.166  0000.89  04.65  04.52  305.1  009.26  15.323  1011.618  1466.64 
2025 01 20 08 39 53.41  18.037  10.157  0000.89  04.64  04.53  305.1  009.26  15.317  1011.615  1466.59 
2025 01 20 08 39 53.53  18.016  10.154  0000.89  04.62  04.52  305.1  009.26  15.299  1011.602  1466.56 
2025 01 20 08 39 53.66  18.006  10.154  0000.90  04.61  04.52  305.1  009.26  15.290  1011.594  1466.55 
2025 01 20 08 39 53.78  18.005  10.154  0000.90  04.59  04.52  305.1  009.26  15.289  1011.593  1466.55 
2025 01 20 08 39 53.91  17.992  10.156  0000.91  04.56  04.50  305.1  009.26  15.276  1011.584  1466.54 
2025 01 20 08 39 54.03  17.977  10.157  0000.90  04.76  04.43  305.1  009.26  15.262  1011.572  1466.53 
2025 01 20 08 39 54.16  17.974  10.151  0000.92  04.87  04.42  305.1  009.26  15.261  1011.573  1466.51 
2025 01 20 08 39 54.28  17.980  10.149  0000.91  04.83  04.43  305.1  009.26  15.268  1011.578  1466.51 
2025 01 20 08 39 54.41  17.981  10.146  0000.92  04.80  04.43  305.1  009.26  15.270  1011.580  1466.50 
2025 01 20 08 39 54.53  17.978  10.148  0000.90  04.62  04.42  305.1  009.26  15.266  1011.577  1466.50 
2025 01 20 08 39 54.66  17.969  10.146  0000.90  04.57  04.43  305.1  009.26  15.259  1011.572  1466.48 
2025 01 20 08 39 54.78  17.964  10.143  0000.89  04.63  04.43  305.1  009.26  15.255  1011.569  1466.46 
2025 01 20 08 39 54.91  17.964  10.140  0000.90  04.90  04.52  305.1  009.26  15.257  1011.570  1466.46 
2025 01 20 08 39 55.03  17.968  10.140  0000.90  04.80  04.52  305.3  009.26  15.261  1011.574  1466.46 
2025 01 20 08 39 55.16  17.983  10.139  0000.90  04.63  04.54  305.3  009.26  15.274  1011.584  1466.48 
2025 01 20 08 39 55.28  18.015  10.141  0000.89  04.62  04.54  305.3  009.26  15.303  1011.606  1466.52 
2025 01 20 08 39 55.41  18.040  10.154  0000.91  04.69  04.54  305.3  009.26  15.321  1011.619  1466.59 
2025 01 20 08 39 55.53  18.054  10.159  0000.91  04.65  04.54  305.3  009.26  15.331  1011.626  1466.62 
2025 01 20 08 39 55.66  18.050  10.163  0000.91  04.67  04.54  305.3  009.26  15.326  1011.621  1466.63 
2025 01 20 08 39 55.78  18.019  10.156  0000.91  04.70  04.54  305.3  009.26  15.301  1011.603  1466.57 
2025 01 20 08 39 55.91  17.997  10.148  0000.92  04.77  04.54  305.3  009.26  15.284  1011.591  1466.52 
2025 01 20 08 39 56.03  17.972  10.142  0000.92  04.80  04.54  305.3  009.26  15.264  1011.576  1466.47 
2025 01 20 08 39 56.16  17.963  10.148  0000.91  04.84  04.54  305.3  009.26  15.252  1011.566  1466.48 
2025 01 20 08 39 56.28  17.962  10.158  0000.90  04.79  04.54  305.3  009.26  15.247  1011.561  1466.51 
2025 01 20 08 39 56.41  17.957  10.160  0000.90  04.76  04.54  305.3  009.26  15.242  1011.556  1466.52 
2025 01 20 08 39 56.53  17.955  10.162  0000.90  04.83  04.54  305.3  009.26  15.239  1011.554  1466.52 
2025 01 20 08 39 56.66  17.962  10.161  0000.89  04.83  04.54  305.3  009.26  15.246  1011.559  1466.53 
2025 01 20 08 39 56.78  17.987  10.161  0000.88  04.82  04.54  305.3  009.26  15.269  1011.578  1466.55 
2025 01 20 08 39 56.91  18.012  10.159  0000.89  04.84  04.52  305.3  009.26  15.293  1011.596  1466.57 
2025 01 20 08 39 57.03  18.069  10.154  0000.91  04.71  04.44  305.3  009.26  15.349  1011.640  1466.62 
2025 01 20 08 39 57.16  18.204  10.172  0000.93  04.72  04.44  305.3  009.26  15.465  1011.728  1466.83 
2025 01 20 08 39 57.28  18.346  10.178  0000.94  04.70  04.45  305.3  009.26  15.594  1011.827  1467.01 
2025 01 20 08 39 57.41  18.533  10.212  0000.95  04.92  04.44  305.3  009.26  15.753  1011.947  1467.33 
2025 01 20 08 39 57.53  18.593  10.213  0000.96  05.15  04.44  305.3  009.26  15.808  1011.989  1467.40 
2025 01 20 08 39 57.66  18.546  10.212  0000.97  05.11  04.44  305.3  009.26  15.765  1011.956  1467.34 
2025 01 20 08 39 57.78  18.377  10.181  0000.95  05.08  04.44  305.3  009.26  15.621  1011.849  1467.05 
2025 01 20 08 39 57.91  18.234  10.158  0000.94  05.05  04.53  305.3  009.26  15.499  1011.757  1466.82 
2025 01 20 08 39 58.03  18.097  10.151  0000.93  05.07  04.54  305.4  009.26  15.376  1011.662  1466.64 
2025 01 20 08 39 58.16  18.007  10.149  0000.90  05.09  04.56  305.4  009.26  15.293  1011.597  1466.54 
2025 01 20 08 39 58.28  17.976  10.152  0000.89  05.12  04.56  305.4  009.26  15.263  1011.574  1466.51 
2025 01 20 08 39 58.41  17.954  10.154  0000.86  04.91  04.56  305.4  009.26  15.242  1011.557  1466.49 
2025 01 20 08 39 58.53  17.966  10.153  0000.87  04.63  04.56  305.4  009.26  15.253  1011.566  1466.50 
2025 01 20 08 39 58.66  18.013  10.157  0000.86  04.44  04.56  305.4  009.26  15.295  1011.598  1466.57 
2025 01 20 08 39 58.78  18.055  10.159  0000.87  04.44  04.56  305.4  009.26  15.333  1011.627  1466.62 
2025 01 20 08 39 58.91  18.061  10.160  0000.88  04.55  04.55  305.4  009.26  15.339  1011.631  1466.63 
2025 01 20 08 39 59.03  18.028  10.153  0000.88  04.65  04.55  305.4  009.26  15.311  1011.611  1466.57 
2025 01 20 08 39 59.16  17.985  10.149  0000.92  04.74  04.55  305.4  009.26  15.272  1011.582  1466.51 
2025 01 20 08 39 59.28  18.049  10.150  0000.94  04.75  04.56  305.4  009.26  15.331  1011.627  1466.59 
2025 01 20 08 39 59.41  18.310  10.178  0000.95  04.76  04.55  305.4  009.26  15.561  1011.802  1466.97 
2025 01 20 08 39 59.53  18.689  10.212  0000.97  05.17  04.55  305.4  009.26  15.897  1012.058  1467.50 
2025 01 20 08 39 59.66  18.779  10.226  0000.98  05.46  04.55  305.4  009.26  15.974  1012.117  1467.65 
2025 01 20 08 39 59.78  18.708  10.243  0000.97  05.47  04.55  305.4  009.26  15.901  1012.057  1467.63 
2025 01 20 08 39 59.91  18.498  10.178  0000.98  05.31  04.53  305.4  009.26  15.735  1011.938  1467.18 
2025 01 20 08 40 00.03  18.303  10.165  0000.95  05.34  04.46  305.4  009.26  15.560  1011.803  1466.92 
2025 01 20 08 40 00.16  18.110  10.163  0000.95  05.22  04.46  305.4  009.26  15.382  1011.665  1466.70 
2025 01 20 08 40 00.28  17.925  10.139  0000.94  04.86  04.46  305.4  009.26  15.221  1011.543  1466.41 
2025 01 20 08 40 00.41  17.888  10.135  0000.92  04.69  04.46  305.4  009.26  15.188  1011.518  1466.36 
2025 01 20 08 40 00.53  17.870  10.133  0000.91  04.65  04.45  305.4  009.26  15.173  1011.507  1466.33 
2025 01 20 08 40 00.66  17.866  10.130  0000.88  04.60  04.46  305.4  009.26  15.170  1011.504  1466.31 
2025 01 20 08 40 00.78  17.885  10.132  0000.89  04.54  04.46  305.4  009.26  15.187  1011.517  1466.34 
2025 01 20 08 40 00.91  17.901  10.139  0000.89  04.49  04.54  305.4  009.26  15.199  1011.525  1466.38 
2025 01 20 08 40 01.03  17.893  10.142  0000.90  04.51  04.55  305.5  009.26  15.190  1011.519  1466.38 
2025 01 20 08 40 01.16  17.890  10.141  0000.91  04.62  04.57  305.5  009.26  15.188  1011.517  1466.38 
2025 01 20 08 40 01.28  17.884  10.139  0000.92  04.60  04.57  305.5  009.26  15.183  1011.514  1466.36 
2025 01 20 08 40 01.41  17.872  10.139  0000.90  04.57  04.56  305.5  009.26  15.172  1011.505  1466.35 
2025 01 20 08 40 01.53  17.868  10.134  0000.90  04.46  04.56  305.5  009.26  15.171  1011.505  1466.33 
2025 01 20 08 40 01.66  17.865  10.135  0000.91  04.57  04.56  305.5  009.26  15.167  1011.502  1466.33 
2025 01 20 08 40 01.78  17.862  10.134  0000.92  04.60  04.56  305.5  009.26  15.165  1011.500  1466.32 
2025 01 20 08 40 01.91  17.856  10.132  0000.92  04.59  04.56  305.5  009.26  15.160  1011.497  1466.31 
2025 01 20 08 40 02.03  17.845  10.131  0000.93  04.60  04.56  305.5  009.26  15.150  1011.489  1466.30 
2025 01 20 08 40 02.16  17.837  10.132  0000.94  04.56  04.57  305.5  009.26  15.143  1011.483  1466.29 
2025 01 20 08 40 02.28  17.833  10.131  0000.95  04.44  04.56  305.5  009.26  15.140  1011.481  1466.28 
2025 01 20 08 40 02.41  17.831  10.131  0000.95  04.63  04.56  305.5  009.26  15.137  1011.479  1466.28 
2025 01 20 08 40 02.53  17.840  10.141  0000.95  04.76  04.56  305.5  009.26  15.142  1011.482  1466.32 
2025 01 20 08 40 02.66  17.862  10.152  0000.92  04.67  04.56  305.5  009.26  15.158  1011.493  1466.38 
2025 01 20 08 40 02.78  17.869  10.149  0000.95  04.61  04.56  305.5  009.26  15.165  1011.498  1466.38 
2025 01 20 08 40 02.91  17.851  10.142  0000.93  04.47  04.54  305.5  009.26  15.151  1011.489  1466.34 
2025 01 20 08 40 03.03  17.831  10.139  0000.94  04.49  04.47  305.5  009.26  15.135  1011.476  1466.31 
2025 01 20 08 40 03.16  17.818  10.132  0000.94  04.65  04.47  305.5  009.26  15.125  1011.470  1466.27 
2025 01 20 08 40 03.28  17.819  10.131  0000.94  04.57  04.46  305.5  009.26  15.127  1011.471  1466.27 
2025 01 20 08 40 03.41  17.827  10.132  0000.95  04.56  04.47  305.5  009.26  15.133  1011.476  1466.28 
2025 01 20 08 40 03.53  17.835  10.141  0000.96  04.65  04.46  305.5  009.26  15.137  1011.478  1466.32 
2025 01 20 08 40 03.66  17.846  10.144  0000.97  04.53  04.46  305.5  009.26  15.146  1011.484  1466.34 
2025 01 20 08 40 03.78  17.887  10.143  0000.97  04.57  04.47  305.5  009.26  15.185  1011.515  1466.38 
2025 01 20 08 40 03.91  17.969  10.158  0000.97  04.60  04.55  305.5  009.26  15.254  1011.566  1466.52 
2025 01 20 08 40 04.03  17.948  10.140  0000.96  04.68  04.56  305.6  009.26  15.242  1011.559  1466.44 
2025 01 20 08 40 04.16  17.880  10.129  0000.95  04.69  04.58  305.6  009.26  15.184  1011.515  1466.33 
2025 01 20 08 40 04.28  17.843  10.131  0000.94  04.58  04.58  305.6  009.26  15.149  1011.488  1466.29 
2025 01 20 08 40 04.41  17.816  10.130  0000.90  04.67  04.58  305.6  009.26  15.125  1011.469  1466.26 
2025 01 20 08 40 04.53  17.792  10.127  0000.84  04.57  04.58  305.6  009.26  15.104  1011.453  1466.22 
2025 01 20 08 40 04.66  17.783  10.126  0000.78  04.57  04.58  305.6  009.26  15.095  1011.446  1466.21 
2025 01 20 08 40 04.78  17.779  10.125  0000.76  04.47  04.58  305.6  009.26  15.092  1011.444  1466.20 
2025 01 20 08 40 04.91  17.784  10.125  0000.76  04.37  04.58  305.6  009.26  15.096  1011.447  1466.20 
2025 01 20 08 40 05.03  17.792  10.125  0000.75  04.41  04.58  305.6  009.26  15.104  1011.453  1466.21 
2025 01 20 08 40 05.16  17.795  10.125  0000.77  04.41  04.59  305.6  009.26  15.107  1011.455  1466.22 
2025 01 20 08 40 05.28  17.790  10.125  0000.79  04.46  04.58  305.6  009.26  15.102  1011.452  1466.21 
2025 01 20 08 40 05.41  17.784  10.124  0000.83  04.60  04.57  305.6  009.26  15.097  1011.448  1466.20 
2025 01 20 08 40 05.53  17.784  10.124  0000.84  04.71  04.57  305.6  009.26  15.098  1011.449  1466.20 
2025 01 20 08 40 05.66  17.807  10.131  0000.86  04.58  04.57  305.6  009.26  15.115  1011.462  1466.25 
2025 01 20 08 40 05.78  17.827  10.131  0000.86  04.42  04.57  305.6  009.26  15.133  1011.476  1466.28 
2025 01 20 08 40 05.91  17.831  10.157  0000.86  04.42  04.56  305.6  009.26  15.127  1011.467  1466.36 
2025 01 20 08 40 06.03  17.808  10.169  0000.87  04.50  04.48  305.6  009.26  15.101  1011.446  1466.38 
2025 01 20 08 40 06.16  17.795  10.157  0000.88  04.48  04.48  305.6  009.26  15.094  1011.442  1466.32 
2025 01 20 08 40 06.28  17.798  10.133  0000.88  04.46  04.48  305.6  009.26  15.106  1011.454  1466.25 
2025 01 20 08 40 06.41  17.802  10.129  0000.88  04.47  04.48  305.6  009.26  15.112  1011.459  1466.24 
2025 01 20 08 40 06.53  17.796  10.128  0000.86  04.35  04.48  305.6  009.26  15.107  1011.456  1466.23 
2025 01 20 08 40 06.66  17.793  10.127  0000.86  04.50  04.48  305.6  009.26  15.104  1011.454  1466.22 
2025 01 20 08 40 06.78  17.791  10.126  0000.83  04.59  04.48  305.6  009.26  15.103  1011.452  1466.22 
2025 01 20 08 40 06.91  17.788  10.127  0000.82  04.63  04.57  305.6  009.26  15.099  1011.449  1466.22 
2025 01 20 08 40 07.03  17.786  10.126  0000.83  04.48  04.58  305.5  009.26  15.098  1011.449  1466.21 
2025 01 20 08 40 07.16  17.785  10.124  0000.81  04.39  04.60  305.5  009.26  15.098  1011.449  1466.21 
2025 01 20 08 40 07.28  17.784  10.125  0000.82  04.33  04.59  305.5  009.26  15.096  1011.448  1466.21 
2025 01 20 08 40 07.41  17.783  10.124  0000.82  04.36  04.59  305.5  009.26  15.096  1011.447  1466.20 
2025 01 20 08 40 07.53  17.784  10.125  0000.84  04.43  04.59  305.5  009.26  15.097  1011.448  1466.20 
2025 01 20 08 40 07.66  17.784  10.125  0000.83  04.44  04.59  305.5  009.26  15.096  1011.448  1466.21 
2025 01 20 08 40 07.78  17.781  10.124  0000.84  04.37  04.59  305.5  009.26  15.095  1011.446  1466.20 
2025 01 20 08 40 07.91  17.779  10.124  0000.86  04.38  04.58  305.5  009.26  15.093  1011.445  1466.20 
2025 01 20 08 40 08.03  17.780  10.123  0000.86  04.34  04.58  305.5  009.26  15.094  1011.446  1466.19 
2025 01 20 08 40 08.16  17.778  10.123  0000.86  04.32  04.59  305.5  009.26  15.092  1011.444  1466.19 
2025 01 20 08 40 08.28  17.777  10.124  0000.86  04.31  04.58  305.5  009.26  15.090  1011.443  1466.19 
2025 01 20 08 40 08.41  17.776  10.123  0000.85  04.34  04.58  305.5  009.26  15.090  1011.443  1466.19 
2025 01 20 08 40 08.53  17.774  10.123  0000.84  04.34  04.58  305.5  009.26  15.089  1011.442  1466.19 
2025 01 20 08 40 08.66  17.773  10.124  0000.86  04.29  04.58  305.5  009.26  15.087  1011.441  1466.19 
2025 01 20 08 40 08.78  17.774  10.123  0000.85  04.34  04.58  305.5  009.26  15.088  1011.441  1466.19 
2025 01 20 08 40 08.91  17.774  10.124  0000.84  04.52  04.56  305.5  009.26  15.088  1011.441  1466.19 
2025 01 20 08 40 09.03  17.773  10.122  0000.84  04.43  04.49  305.5  009.26  15.088  1011.442  1466.18 
2025 01 20 08 40 09.16  17.771  10.124  0000.82  04.39  04.49  305.5  009.26  15.085  1011.439  1466.19 
2025 01 20 08 40 09.28  17.771  10.125  0000.83  04.25  04.48  305.5  009.26  15.085  1011.438  1466.19 
2025 01 20 08 40 09.41  17.771  10.125  0000.82  04.18  04.48  305.5  009.26  15.085  1011.438  1466.19 
2025 01 20 08 40 09.53  17.771  10.122  0000.85  04.29  04.48  305.5  009.26  15.086  1011.440  1466.18 
2025 01 20 08 40 09.66  17.770  10.121  0000.86  04.27  04.48  305.5  009.26  15.086  1011.440  1466.18 
2025 01 20 08 40 09.78  17.769  10.121  0000.86  04.36  04.48  305.5  009.26  15.085  1011.439  1466.18 
2025 01 20 08 40 09.91  17.767  10.123  0000.86  04.39  04.57  305.5  009.26  15.082  1011.436  1466.18 
2025 01 20 08 40 10.03  17.765  10.122  0000.86  04.31  04.58  305.4  009.26  15.080  1011.436  1466.17 
2025 01 20 08 40 10.16  17.765  10.122  0000.88  04.28  04.59  305.4  009.26  15.080  1011.435  1466.18 
2025 01 20 08 40 10.28  17.765  10.124  0000.86  04.24  04.59  305.4  009.26  15.079  1011.434  1466.18 
2025 01 20 08 40 10.41  17.762  10.124  0000.86  04.18  04.59  305.4  009.26  15.077  1011.433  1466.18 
2025 01 20 08 40 10.53  17.760  10.125  0000.85  04.15  04.59  305.4  009.26  15.075  1011.431  1466.18 
2025 01 20 08 40 10.66  17.758  10.124  0000.87  04.24  04.59  305.4  009.26  15.073  1011.430  1466.17 
2025 01 20 08 40 10.78  17.759  10.123  0000.86  04.32  04.59  305.4  009.26  15.074  1011.431  1466.17 
2025 01 20 08 40 10.91  17.759  10.124  0000.86  04.34  04.59  305.4  009.26  15.074  1011.430  1466.17 
2025 01 20 08 40 11.03  17.759  10.124  0000.87  04.33  04.59  305.4  009.26  15.074  1011.431  1466.18 
2025 01 20 08 40 11.16  17.760  10.125  0000.86  04.40  04.59  305.4  009.26  15.074  1011.431  1466.18 
2025 01 20 08 40 11.28  17.761  10.124  0000.86  04.44  04.59  305.4  009.26  15.076  1011.432  1466.18 
2025 01 20 08 40 11.41  17.761  10.124  0000.88  04.37  04.59  305.4  009.26  15.076  1011.432  1466.18 
2025 01 20 08 40 11.53  17.762  10.123  0000.88  04.36  04.59  305.4  009.26  15.078  1011.433  1466.17 
2025 01 20 08 40 11.66  17.763  10.125  0000.87  04.27  04.59  305.4  009.26  15.077  1011.433  1466.18 
2025 01 20 08 40 11.78  17.763  10.126  0000.89  04.15  04.58  305.4  009.26  15.077  1011.433  1466.19 
2025 01 20 08 40 11.91  17.764  10.123  0000.87  04.15  04.56  305.4  009.26  15.079  1011.434  1466.18 
2025 01 20 08 40 12.03  17.765  10.124  0000.88  04.18  04.50  305.4  009.26  15.080  1011.435  1466.18 
2025 01 20 08 40 12.16  17.767  10.123  0000.88  04.22  04.49  305.4  009.26  15.082  1011.437  1466.18 
2025 01 20 08 40 12.28  17.768  10.123  0000.90  04.33  04.49  305.4  009.26  15.083  1011.437  1466.18 
2025 01 20 08 40 12.41  17.768  10.124  0000.88  04.36  04.49  305.4  009.26  15.082  1011.437  1466.19 
2025 01 20 08 40 12.53  17.765  10.125  0000.87  04.35  04.48  305.4  009.26  15.079  1011.435  1466.19 
2025 01 20 08 40 12.66  17.765  10.124  0000.86  04.25  04.49  305.4  009.26  15.080  1011.435  1466.18 
2025 01 20 08 40 12.78  17.764  10.123  0000.88  04.34  04.49  305.4  009.26  15.079  1011.434  1466.18 
2025 01 20 08 40 12.91  17.764  10.123  0000.87  04.40  04.57  305.4  009.26  15.079  1011.435  1466.18 
2025 01 20 08 40 13.03  17.764  10.124  0000.88  04.35  04.59  305.5  009.26  15.078  1011.434  1466.18 
2025 01 20 08 40 13.16  17.765  10.123  0000.88  04.52  04.60  305.5  009.26  15.080  1011.436  1466.18 
2025 01 20 08 40 13.28  17.765  10.123  0000.88  04.42  04.60  305.5  009.26  15.080  1011.435  1466.18 
2025 01 20 08 40 13.41  17.768  10.124  0000.87  04.37  04.60  305.5  009.26  15.082  1011.437  1466.18 
2025 01 20 08 40 13.53  17.769  10.124  0000.89  04.39  04.60  305.5  009.26  15.083  1011.437  1466.19 
2025 01 20 08 40 13.66  17.768  10.125  0000.86  04.40  04.59  305.5  009.26  15.082  1011.437  1466.19 
2025 01 20 08 40 13.78  17.767  10.122  0000.88  04.50  04.59  305.5  009.26  15.082  1011.437  1466.18 
2025 01 20 08 40 13.91  17.766  10.124  0000.88  04.55  04.59  305.5  009.29  15.081  1011.436  1466.18 
2025 01 20 08 40 14.03  17.765  10.123  0000.87  04.41  04.60  305.5  009.26  15.081  1011.436  1466.18 
2025 01 20 08 40 14.16  17.766  10.123  0000.87  04.30  04.59  305.5  009.26  15.081  1011.436  1466.18 
2025 01 20 08 40 14.28  17.764  10.123  0000.85  04.38  04.59  305.5  009.26  15.079  1011.434  1466.18 
2025 01 20 08 40 14.41  17.763  10.123  0000.86  04.34  04.59  305.5  009.26  15.078  1011.434  1466.18 
2025 01 20 08 40 14.53  17.765  10.124  0000.86  04.42  04.59  305.5  009.26  15.080  1011.435  1466.18 
2025 01 20 08 40 14.66  17.765  10.124  0000.88  04.49  04.59  305.5  009.26  15.080  1011.435  1466.18 
2025 01 20 08 40 14.78  17.764  10.124  0000.88  04.43  04.59  305.5  009.26  15.078  1011.434  1466.18 
2025 01 20 08 40 14.91  17.766  10.125  0000.90  04.37  04.57  305.5  009.26  15.080  1011.435  1466.19 
2025 01 20 08 40 15.03  17.769  10.126  0000.90  04.30  04.50  305.5  009.26  15.083  1011.437  1466.19 
2025 01 20 08 40 15.16  17.775  10.135  0000.91  04.30  04.49  305.5  009.26  15.084  1011.437  1466.23 
2025 01 20 08 40 15.28  17.782  10.147  0000.90  04.25  04.49  305.5  009.26  15.086  1011.437  1466.28 
2025 01 20 08 40 15.41  17.775  10.135  0000.90  04.31  04.49  305.5  009.26  15.084  1011.437  1466.23 
2025 01 20 08 40 15.53  17.768  10.130  0000.88  04.23  04.49  305.5  009.26  15.080  1011.434  1466.20 
2025 01 20 08 40 15.66  17.765  10.127  0000.89  04.18  04.49  305.5  009.26  15.078  1011.433  1466.19 
2025 01 20 08 40 15.78  17.763  10.128  0000.89  04.22  04.49  305.5  009.26  15.076  1011.432  1466.19 
2025 01 20 08 40 15.91  17.761  10.127  0000.89  04.22  04.58  305.5  009.26  15.075  1011.431  1466.19 
2025 01 20 08 40 16.03  17.761  10.126  0000.86  04.29  04.60  305.5  009.26  15.075  1011.431  1466.19 
2025 01 20 08 40 16.16  17.764  10.128  0000.88  04.24  04.60  305.5  009.26  15.077  1011.432  1466.19 
2025 01 20 08 40 16.28  17.765  10.127  0000.87  04.24  04.60  305.5  009.26  15.079  1011.434  1466.19 
2025 01 20 08 40 16.41  17.766  10.126  0000.87  04.28  04.60  305.5  009.26  15.080  1011.435  1466.19 
2025 01 20 08 40 16.53  17.767  10.125  0000.86  04.80  04.60  305.5  009.26  15.081  1011.436  1466.19 
2025 01 20 08 40 16.66  17.768  10.125  0000.86  04.71  04.60  305.5  009.26  15.082  1011.437  1466.19 
2025 01 20 08 40 16.78  17.769  10.126  0000.86  04.65  04.60  305.5  009.26  15.083  1011.437  1466.19 
2025 01 20 08 40 16.91  17.768  10.124  0000.87  04.60  04.60  305.5  009.26  15.082  1011.437  1466.18 
2025 01 20 08 40 17.03  17.765  10.125  0000.88  04.52  04.60  305.5  009.26  15.080  1011.435  1466.19 
2025 01 20 08 40 17.16  17.766  10.125  0000.88  04.47  04.60  305.5  009.26  15.080  1011.435  1466.19 
2025 01 20 08 40 17.28  17.765  10.123  0000.87  04.45  04.60  305.5  009.26  15.080  1011.435  1466.18 
2025 01 20 08 40 17.41  17.765  10.125  0000.87  04.37  04.60  305.5  009.26  15.080  1011.435  1466.18 
2025 01 20 08 40 17.53  17.765  10.124  0000.88  04.38  04.60  305.5  009.26  15.080  1011.435  1466.18 
2025 01 20 08 40 17.66  17.766  10.125  0000.89  04.39  04.60  305.5  009.26  15.080  1011.435  1466.19 
2025 01 20 08 40 17.78  17.767  10.126  0000.91  04.46  04.60  305.5  009.26  15.081  1011.436  1466.19 
2025 01 20 08 40 17.91  17.765  10.126  0000.89  04.50  04.58  305.5  009.26  15.079  1011.434  1466.19 
2025 01 20 08 40 18.03  17.769  10.126  0000.92  04.48  04.50  305.5  009.26  15.082  1011.437  1466.19 
2025 01 20 08 40 18.16  17.773  10.127  0000.92  04.60  04.50  305.5  009.26  15.086  1011.440  1466.20 
2025 01 20 08 40 18.28  17.774  10.126  0000.92  04.56  04.50  305.5  009.26  15.087  1011.441  1466.20 
2025 01 20 08 40 18.41  17.771  10.125  0000.93  04.51  04.50  305.5  009.26  15.085  1011.439  1466.19 
2025 01 20 08 40 18.53  17.769  10.127  0000.92  04.45  04.49  305.5  009.26  15.082  1011.437  1466.20 
2025 01 20 08 40 18.66  17.768  10.126  0000.90  04.34  04.49  305.5  009.26  15.081  1011.436  1466.19 
2025 01 20 08 40 18.78  17.767  10.125  0000.88  04.28  04.50  305.5  009.26  15.081  1011.436  1466.19 
2025 01 20 08 40 18.91  17.767  10.124  0000.87  04.25  04.59  305.5  009.26  15.081  1011.436  1466.18 
2025 01 20 08 40 19.03  17.769  10.126  0000.87  04.23  04.59  305.4  009.26  15.083  1011.437  1466.19 
2025 01 20 08 40 19.16  17.773  10.126  0000.88  04.32  04.60  305.4  009.26  15.086  1011.440  1466.20 
2025 01 20 08 40 19.28  17.777  10.126  0000.88  04.39  04.60  305.4  009.26  15.090  1011.443  1466.20 
2025 01 20 08 40 19.41  17.778  10.127  0000.90  04.38  04.60  305.4  009.26  15.090  1011.443  1466.21 
2025 01 20 08 40 19.53  17.777  10.127  0000.88  04.44  04.60  305.4  009.26  15.089  1011.442  1466.21 
2025 01 20 08 40 19.66  17.777  10.128  0000.89  04.43  04.60  305.4  009.26  15.089  1011.442  1466.21 
2025 01 20 08 40 19.78  17.774  10.125  0000.89  04.33  04.60  305.4  009.26  15.087  1011.441  1466.20 
2025 01 20 08 40 19.91  17.773  10.127  0000.91  04.37  04.60  305.4  009.26  15.086  1011.440  1466.20 
2025 01 20 08 40 20.03  17.774  10.126  0000.89  04.41  04.60  305.4  009.26  15.087  1011.440  1466.20 
2025 01 20 08 40 20.16  17.771  10.126  0000.88  04.48  04.60  305.4  009.26  15.084  1011.438  1466.19 
2025 01 20 08 40 20.28  17.768  10.126  0000.89  04.54  04.60  305.4  009.26  15.081  1011.436  1466.19 
2025 01 20 08 40 20.41  17.766  10.126  0000.88  04.51  04.59  305.4  009.26  15.080  1011.435  1466.19 
2025 01 20 08 40 20.53  17.766  10.125  0000.87  04.48  04.59  305.4  009.26  15.080  1011.435  1466.19 
2025 01 20 08 40 20.66  17.765  10.125  0000.88  04.46  04.59  305.4  009.26  15.079  1011.435  1466.19 
2025 01 20 08 40 20.78  17.764  10.125  0000.87  04.32  04.59  305.4  009.26  15.078  1011.434  1466.18 
2025 01 20 08 40 20.91  17.763  10.125  0000.87  04.20  04.58  305.4  009.26  15.077  1011.433  1466.18 
2025 01 20 08 40 21.03  17.765  10.126  0000.89  04.27  04.50  305.4  009.26  15.078  1011.434  1466.19 
2025 01 20 08 40 21.16  17.765  10.125  0000.89  04.33  04.49  305.4  009.26  15.079  1011.435  1466.19 
2025 01 20 08 40 21.28  17.766  10.126  0000.90  04.35  04.49  305.4  009.26  15.080  1011.435  1466.19 
2025 01 20 08 40 21.41  17.763  10.126  0000.90  04.29  04.49  305.4  009.26  15.077  1011.433  1466.19 
2025 01 20 08 40 21.53  17.761  10.125  0000.90  04.28  04.49  305.4  009.26  15.076  1011.432  1466.18 
2025 01 20 08 40 21.66  17.759  10.123  0000.90  04.27  04.49  305.4  009.26  15.074  1011.431  1466.17 
2025 01 20 08 40 21.78  17.759  10.126  0000.89  04.24  04.49  305.4  009.26  15.073  1011.430  1466.18 
2025 01 20 08 40 21.91  17.761  10.125  0000.89  04.31  04.58  305.4  009.26  15.075  1011.431  1466.18 
2025 01 20 08 40 22.03  17.760  10.123  0000.90  04.34  04.59  305.6  009.26  15.075  1011.432  1466.17 
2025 01 20 08 40 22.16  17.758  10.124  0000.88  04.34  04.60  305.6  009.26  15.073  1011.430  1466.17 
2025 01 20 08 40 22.28  17.757  10.125  0000.90  04.34  04.60  305.6  009.26  15.072  1011.429  1466.18 
2025 01 20 08 40 22.41  17.756  10.125  0000.89  04.44  04.60  305.6  009.26  15.071  1011.428  1466.17 
2025 01 20 08 40 22.53  17.757  10.125  0000.88  04.53  04.60  305.6  009.26  15.072  1011.429  1466.18 
2025 01 20 08 40 22.66  17.757  10.124  0000.90  04.53  04.60  305.6  009.26  15.073  1011.430  1466.17 
2025 01 20 08 40 22.78  17.757  10.124  0000.90  04.54  04.60  305.6  009.26  15.073  1011.430  1466.17 
2025 01 20 08 40 22.91  17.757  10.125  0000.89  04.50  04.60  305.6  009.26  15.072  1011.429  1466.17 
2025 01 20 08 40 23.03  17.757  10.124  0000.91  04.45  04.60  305.6  009.26  15.072  1011.429  1466.17 
2025 01 20 08 40 23.16  17.756  10.125  0000.89  04.42  04.60  305.6  009.26  15.071  1011.428  1466.18 
2025 01 20 08 40 23.28  17.752  10.125  0000.90  04.47  04.60  305.6  009.26  15.067  1011.425  1466.17 
2025 01 20 08 40 23.41  17.752  10.123  0000.89  04.39  04.60  305.6  009.26  15.068  1011.426  1466.17 
2025 01 20 08 40 23.53  17.752  10.125  0000.88  04.40  04.60  305.6  009.26  15.067  1011.425  1466.17 
2025 01 20 08 40 23.66  17.753  10.124  0000.89  04.49  04.60  305.6  009.26  15.069  1011.426  1466.17 
2025 01 20 08 40 23.78  17.753  10.124  0000.89  04.44  04.60  305.6  009.26  15.069  1011.427  1466.17 
2025 01 20 08 40 23.91  17.752  10.124  0000.88  04.38  04.58  305.6  009.26  15.067  1011.425  1466.17 
2025 01 20 08 40 24.03  17.753  10.126  0000.87  04.30  04.50  305.6  009.26  15.067  1011.425  1466.17 
2025 01 20 08 40 24.16  17.754  10.126  0000.87  04.35  04.50  305.6  009.26  15.069  1011.426  1466.18 
2025 01 20 08 40 24.28  17.757  10.125  0000.89  04.53  04.50  305.6  009.26  15.072  1011.429  1466.18 
2025 01 20 08 40 24.41  17.757  10.126  0000.90  04.49  04.50  305.6  009.26  15.072  1011.428  1466.18 
2025 01 20 08 40 24.53  17.757  10.126  0000.91  04.43  04.49  305.6  009.26  15.072  1011.429  1466.18 
2025 01 20 08 40 24.66  17.757  10.125  0000.92  04.31  04.50  305.6  009.26  15.072  1011.429  1466.18 
2025 01 20 08 40 24.78  17.756  10.125  0000.92  04.23  04.50  305.6  009.26  15.071  1011.428  1466.18 
2025 01 20 08 40 24.91  17.756  10.125  0000.93  04.24  04.59  305.6  009.26  15.071  1011.428  1466.18 
2025 01 20 08 40 25.03  17.755  10.124  0000.92  04.23  04.59  305.5  009.26  15.070  1011.428  1466.17 
2025 01 20 08 40 25.16  17.755  10.125  0000.92  04.48  04.61  305.5  009.26  15.070  1011.428  1466.17 
2025 01 20 08 40 25.28  17.754  10.125  0000.92  04.48  04.61  305.5  009.26  15.069  1011.427  1466.18 
2025 01 20 08 40 25.41  17.753  10.125  0000.92  04.41  04.61  305.5  009.26  15.068  1011.426  1466.17 
2025 01 20 08 40 25.53  17.754  10.125  0000.91  04.34  04.61  305.5  009.26  15.069  1011.427  1466.17 
2025 01 20 08 40 25.66  17.753  10.125  0000.90  04.30  04.61  305.5  009.26  15.068  1011.425  1466.17 
2025 01 20 08 40 25.78  17.751  10.126  0000.87  04.24  04.61  305.5  009.26  15.066  1011.424  1466.17 
2025 01 20 08 40 25.91  17.747  10.126  0000.87  04.29  04.61  305.5  009.26  15.062  1011.421  1466.17 
2025 01 20 08 40 26.03  17.746  10.126  0000.87  04.26  04.61  305.5  009.26  15.061  1011.421  1466.17 
2025 01 20 08 40 26.16  17.746  10.127  0000.88  04.32  04.60  305.5  009.26  15.061  1011.420  1466.17 
2025 01 20 08 40 26.28  17.749  10.127  0000.86  04.34  04.60  305.5  009.26  15.063  1011.422  1466.17 
2025 01 20 08 40 26.41  17.751  10.127  0000.88  04.32  04.60  305.5  009.26  15.065  1011.424  1466.18 
2025 01 20 08 40 26.53  17.751  10.126  0000.90  04.39  04.60  305.5  009.26  15.066  1011.424  1466.17 
2025 01 20 08 40 26.66  17.753  10.128  0000.93  04.41  04.60  305.5  009.26  15.067  1011.425  1466.18 
2025 01 20 08 40 26.78  17.753  10.126  0000.92  04.27  04.61  305.5  009.26  15.067  1011.425  1466.18 
2025 01 20 08 40 26.91  17.753  10.127  0000.94  04.28  04.58  305.5  009.26  15.068  1011.426  1466.18 
2025 01 20 08 40 27.03  17.753  10.128  0000.94  04.30  04.51  305.5  009.26  15.066  1011.424  1466.18 
2025 01 20 08 40 27.16  17.753  10.127  0000.93  04.37  04.50  305.5  009.26  15.068  1011.425  1466.18 
2025 01 20 08 40 27.28  17.756  10.127  0000.93  04.41  04.51  305.5  009.26  15.070  1011.427  1466.18 
2025 01 20 08 40 27.41  17.756  10.126  0000.92  04.73  04.51  305.5  009.26  15.070  1011.427  1466.18 
2025 01 20 08 40 27.53  17.754  10.127  0000.90  04.62  04.50  305.5  009.26  15.068  1011.426  1466.18 
2025 01 20 08 40 27.66  17.753  10.126  0000.90  04.58  04.51  305.5  009.26  15.068  1011.426  1466.18 
2025 01 20 08 40 27.78  17.752  10.127  0000.89  04.47  04.51  305.5  009.26  15.066  1011.424  1466.18 
2025 01 20 08 40 27.91  17.751  10.130  0000.91  04.30  04.59  305.5  009.26  15.064  1011.422  1466.19 
2025 01 20 08 40 28.03  17.750  10.129  0000.89  04.31  04.60  305.5  009.26  15.064  1011.422  1466.18 
2025 01 20 08 40 28.16  17.749  10.130  0000.86  04.23  04.62  305.5  009.26  15.063  1011.421  1466.18 
2025 01 20 08 40 28.28  17.751  10.129  0000.88  04.24  04.62  305.5  009.26  15.065  1011.423  1466.18 
2025 01 20 08 40 28.41  17.753  10.129  0000.88  04.32  04.62  305.5  009.26  15.067  1011.424  1466.19 
2025 01 20 08 40 28.53  17.753  10.129  0000.89  04.40  04.62  305.5  009.26  15.067  1011.424  1466.19 
2025 01 20 08 40 28.66  17.754  10.129  0000.88  04.46  04.62  305.5  009.26  15.068  1011.425  1466.19 
2025 01 20 08 40 28.78  17.754  10.128  0000.90  04.43  04.62  305.5  009.26  15.068  1011.425  1466.18 
2025 01 20 08 40 28.91  17.755  10.128  0000.89  04.44  04.61  305.5  009.26  15.069  1011.426  1466.18 
2025 01 20 08 40 29.03  17.756  10.128  0000.90  04.51  04.61  305.5  009.26  15.070  1011.427  1466.18 
2025 01 20 08 40 29.16  17.755  10.127  0000.91  04.72  04.61  305.5  009.26  15.069  1011.427  1466.18 
2025 01 20 08 40 29.28  17.754  10.127  0000.90  04.76  04.61  305.5  009.26  15.069  1011.426  1466.18 
2025 01 20 08 40 29.41  17.757  10.126  0000.91  04.67  04.61  305.5  009.26  15.071  1011.428  1466.18 
2025 01 20 08 40 29.53  17.756  10.127  0000.89  04.67  04.61  305.5  009.26  15.070  1011.427  1466.18 
2025 01 20 08 40 29.66  17.757  10.125  0000.91  04.64  04.61  305.5  009.26  15.071  1011.428  1466.18 
2025 01 20 08 40 29.78  17.757  10.127  0000.91  04.53  04.62  305.5  009.26  15.071  1011.428  1466.18 
2025 01 20 08 40 29.91  17.757  10.127  0000.91  04.61  04.59  305.5  009.26  15.071  1011.428  1466.18 
2025 01 20 08 40 30.03  17.757  10.126  0000.91  04.52  04.52  305.5  009.26  15.071  1011.428  1466.18 
2025 01 20 08 40 30.16  17.756  10.125  0000.91  04.46  04.51  305.5  009.26  15.071  1011.428  1466.18 
2025 01 20 08 40 30.28  17.755  10.125  0000.92  04.38  04.52  305.5  009.26  15.070  1011.427  1466.18 
2025 01 20 08 40 30.41  17.753  10.125  0000.92  04.51  04.52  305.5  009.26  15.068  1011.426  1466.17 
2025 01 20 08 40 30.53  17.753  10.125  0000.93  04.61  04.51  305.5  009.26  15.068  1011.426  1466.17 
2025 01 20 08 40 30.66  17.752  10.125  0000.94  04.43  04.51  305.5  009.26  15.067  1011.425  1466.17 
2025 01 20 08 40 30.78  17.758  10.125  0000.95  04.26  04.52  305.5  009.26  15.073  1011.430  1466.18 
2025 01 20 08 40 30.91  17.796  10.132  0000.93  04.35  04.60  305.5  009.26  15.105  1011.453  1466.24 
2025 01 20 08 40 31.03  17.805  10.132  0000.93  04.40  04.61  305.6  009.26  15.113  1011.460  1466.25 
2025 01 20 08 40 31.16  17.791  10.131  0000.92  04.43  04.62  305.6  009.26  15.100  1011.450  1466.24 
2025 01 20 08 40 31.28  17.768  10.128  0000.91  04.37  04.63  305.6  009.26  15.080  1011.435  1466.20 
2025 01 20 08 40 31.41  17.758  10.129  0000.91  04.39  04.63  305.6  009.26  15.071  1011.428  1466.19 
2025 01 20 08 40 31.53  17.756  10.128  0000.90  04.40  04.62  305.6  009.26  15.070  1011.427  1466.18 
2025 01 20 08 40 31.66  17.756  10.128  0000.89  04.47  04.62  305.6  009.26  15.069  1011.427  1466.18 
2025 01 20 08 40 31.78  17.759  10.128  0000.87  04.45  04.63  305.6  009.26  15.073  1011.429  1466.19 
2025 01 20 08 40 31.91  17.765  10.129  0000.88  04.64  04.62  305.6  009.26  15.077  1011.432  1466.20 
2025 01 20 08 40 32.03  17.773  10.131  0000.88  04.73  04.62  305.6  009.26  15.083  1011.437  1466.22 
2025 01 20 08 40 32.16  17.784  10.136  0000.86  04.73  04.62  305.6  009.26  15.092  1011.443  1466.24 
2025 01 20 08 40 32.28  17.802  10.139  0000.89  04.59  04.62  305.6  009.26  15.108  1011.455  1466.27 
2025 01 20 08 40 32.41  17.814  10.137  0000.90  04.57  04.62  305.6  009.26  15.120  1011.464  1466.28 
2025 01 20 08 40 32.53  17.823  10.139  0000.90  04.54  04.62  305.6  009.26  15.127  1011.469  1466.30 
2025 01 20 08 40 32.66  17.823  10.141  0000.93  04.51  04.62  305.6  009.26  15.126  1011.469  1466.30 
2025 01 20 08 40 32.78  17.815  10.138  0000.91  04.39  04.63  305.6  009.26  15.120  1011.464  1466.28 
2025 01 20 08 40 32.91  17.808  10.136  0000.92  04.46  04.60  305.6  009.26  15.114  1011.460  1466.27 
2025 01 20 08 40 33.03  17.802  10.132  0000.91  04.45  04.53  305.6  009.26  15.111  1011.458  1466.25 
2025 01 20 08 40 33.16  17.796  10.130  0000.92  04.34  04.52  305.6  009.26  15.105  1011.454  1466.24 
2025 01 20 08 40 33.28  17.787  10.131  0000.91  04.29  04.53  305.6  009.26  15.097  1011.448  1466.23 
2025 01 20 08 40 33.41  17.769  10.130  0000.91  04.25  04.53  305.6  009.26  15.081  1011.435  1466.21 
2025 01 20 08 40 33.53  17.761  10.130  0000.90  04.22  04.52  305.6  009.26  15.074  1011.430  1466.20 
2025 01 20 08 40 33.66  17.759  10.130  0000.90  04.31  04.53  305.6  009.26  15.071  1011.428  1466.20 
2025 01 20 08 40 33.78  17.765  10.131  0000.90  04.38  04.53  305.6  009.26  15.076  1011.432  1466.20 
2025 01 20 08 40 33.91  17.775  10.131  0000.91  04.31  04.61  305.6  009.26  15.086  1011.439  1466.22 
2025 01 20 08 40 34.03  17.777  10.129  0000.93  04.26  04.62  305.5  009.26  15.089  1011.442  1466.21 
2025 01 20 08 40 34.16  17.778  10.129  0000.93  04.34  04.63  305.5  009.26  15.090  1011.442  1466.21 
2025 01 20 08 40 34.28  17.795  10.136  0000.95  04.37  04.64  305.5  009.26  15.102  1011.451  1466.26 
2025 01 20 08 40 34.41  17.854  10.143  0000.94  04.41  04.63  305.5  009.26  15.154  1011.491  1466.34 
2025 01 20 08 40 34.53  17.926  10.152  0000.98  04.51  04.63  305.5  009.26  15.217  1011.538  1466.46 
2025 01 20 08 40 34.66  17.968  10.158  0000.97  04.47  04.64  305.5  009.26  15.253  1011.566  1466.52 
2025 01 20 08 40 34.78  17.965  10.142  0000.96  04.44  04.63  305.5  009.26  15.257  1011.571  1466.47 
2025 01 20 08 40 34.91  17.930  10.140  0000.95  04.49  04.63  305.5  009.26  15.225  1011.546  1466.42 
2025 01 20 08 40 35.03  17.907  10.143  0000.95  04.72  04.63  305.5  009.26  15.203  1011.529  1466.40 
2025 01 20 08 40 35.16  17.920  10.148  0000.96  04.67  04.63  305.5  009.26  15.213  1011.535  1466.44 
2025 01 20 08 40 35.28  17.913  10.152  0000.94  04.60  04.63  305.5  009.26  15.204  1011.529  1466.44 
2025 01 20 08 40 35.41  17.890  10.152  0000.94  04.56  04.63  305.5  009.26  15.183  1011.512  1466.41 
2025 01 20 08 40 35.53  17.861  10.146  0000.91  04.67  04.63  305.5  009.26  15.159  1011.494  1466.36 
2025 01 20 08 40 35.66  17.847  10.142  0000.92  04.61  04.64  305.5  009.26  15.148  1011.486  1466.33 
2025 01 20 08 40 35.78  17.847  10.140  0000.92  04.46  04.63  305.5  009.26  15.149  1011.487  1466.33 
2025 01 20 08 40 35.91  17.879  10.149  0000.90  04.37  04.61  305.5  009.26  15.175  1011.506  1466.39 
2025 01 20 08 40 36.03  17.924  10.151  0000.91  04.37  04.54  305.5  009.26  15.215  1011.537  1466.45 
2025 01 20 08 40 36.16  17.949  10.158  0000.89  04.46  04.53  305.5  009.26  15.236  1011.552  1466.50 
2025 01 20 08 40 36.28  17.947  10.153  0000.90  04.50  04.53  305.5  009.26  15.236  1011.553  1466.48 
2025 01 20 08 40 36.41  17.947  10.159  0000.90  04.69  04.54  305.5  009.26  15.233  1011.550  1466.50 
2025 01 20 08 40 36.53  17.942  10.163  0000.91  04.56  04.53  305.5  009.26  15.227  1011.544  1466.51 
2025 01 20 08 40 36.66  17.939  10.154  0000.93  04.48  04.54  305.5  009.26  15.228  1011.547  1466.47 
2025 01 20 08 40 36.78  17.937  10.151  0000.94  04.35  04.53  305.5  009.26  15.227  1011.546  1466.47 
2025 01 20 08 40 36.91  17.924  10.156  0000.95  04.42  04.62  305.5  009.26  15.213  1011.535  1466.47 
2025 01 20 08 40 37.03  17.917  10.160  0000.95  04.70  04.63  305.5  009.26  15.205  1011.528  1466.47 
2025 01 20 08 40 37.16  17.918  10.157  0000.96  04.75  04.64  305.5  009.26  15.207  1011.530  1466.46 
2025 01 20 08 40 37.28  17.948  10.145  0000.95  04.86  04.64  305.5  009.26  15.240  1011.557  1466.46 
2025 01 20 08 40 37.41  17.968  10.151  0000.98  04.94  04.64  305.5  009.26  15.256  1011.569  1466.50 
2025 01 20 08 40 37.53  17.990  10.154  0000.97  04.84  04.64  305.5  009.26  15.275  1011.583  1466.53 
2025 01 20 08 40 37.66  18.018  10.156  0000.97  04.70  04.65  305.5  009.26  15.300  1011.602  1466.57 
2025 01 20 08 40 37.78  17.994  10.159  0000.97  04.69  04.64  305.5  009.26  15.276  1011.583  1466.55 
2025 01 20 08 40 37.91  17.965  10.159  0000.96  04.72  04.64  305.5  009.26  15.250  1011.563  1466.52 
2025 01 20 08 40 38.03  17.968  10.163  0000.96  05.05  04.64  305.5  009.26  15.251  1011.563  1466.54 
2025 01 20 08 40 38.16  18.035  10.168  0000.96  05.41  04.64  305.5  009.26  15.311  1011.609  1466.63 
2025 01 20 08 40 38.28  18.145  10.170  0000.95  05.77  04.64  305.5  009.26  15.412  1011.687  1466.76 
2025 01 20 08 40 38.41  18.155  10.178  0000.96  05.90  04.64  305.5  009.26  15.418  1011.691  1466.80 
2025 01 20 08 40 38.53  18.117  10.169  0000.95  05.78  04.64  305.5  009.26  15.386  1011.667  1466.73 
2025 01 20 08 40 38.66  18.086  10.163  0000.96  05.68  04.65  305.5  009.26  15.360  1011.648  1466.67 
2025 01 20 08 40 38.78  18.085  10.171  0000.95  05.55  04.64  305.5  009.26  15.355  1011.643  1466.69 
2025 01 20 08 40 38.91  18.104  10.190  0000.95  05.63  04.62  305.5  009.26  15.366  1011.649  1466.78 
2025 01 20 08 40 39.03  18.132  10.216  0000.95  05.79  04.55  305.5  009.26  15.381  1011.657  1466.89 
2025 01 20 08 40 39.16  18.117  10.232  0000.94  05.95  04.54  305.5  009.26  15.360  1011.639  1466.93 
2025 01 20 08 40 39.28  18.097  10.250  0000.94  06.29  04.54  305.5  009.26  15.334  1011.616  1466.97 
2025 01 20 08 40 39.41  18.069  10.246  0000.93  06.31  04.55  305.5  009.26  15.310  1011.598  1466.92 
2025 01 20 08 40 39.53  18.126  10.231  0000.93  06.20  04.54  305.5  009.26  15.368  1011.645  1466.94 
2025 01 20 08 40 39.66  18.245  10.243  0000.94  05.99  04.55  305.5  009.26  15.473  1011.725  1467.11 
2025 01 20 08 40 39.78  18.387  10.249  0000.93  05.88  04.54  305.5  009.26  15.601  1011.824  1467.29 
2025 01 20 08 40 39.91  18.452  10.251  0000.96  05.86  04.63  305.5  009.26  15.661  1011.870  1467.37 
2025 01 20 08 40 40.03  18.462  10.249  0000.95  05.70  04.64  305.6  009.26  15.671  1011.878  1467.37 
2025 01 20 08 40 40.16  18.382  10.242  0000.94  05.76  04.65  305.6  009.26  15.600  1011.824  1467.26 
2025 01 20 08 40 40.28  18.270  10.225  0000.95  05.39  04.65  305.6  009.26  15.504  1011.751  1467.08 
2025 01 20 08 40 40.41  18.167  10.210  0000.95  05.05  04.65  305.6  009.26  15.414  1011.684  1466.91 
2025 01 20 08 40 40.53  18.049  10.198  0000.93  04.97  04.65  305.6  009.26  15.311  1011.605  1466.74 
2025 01 20 08 40 40.66  17.995  10.189  0000.94  04.83  04.66  305.6  009.26  15.265  1011.571  1466.65 
2025 01 20 08 40 40.78  17.933  10.174  0000.94  04.93  04.65  305.6  009.26  15.214  1011.533  1466.53 
2025 01 20 08 40 40.91  17.909  10.168  0000.94  04.91  04.65  305.6  009.26  15.194  1011.518  1466.49 
2025 01 20 08 40 41.03  17.948  10.171  0000.91  04.80  04.65  305.6  009.26  15.229  1011.545  1466.54 
2025 01 20 08 40 41.16  18.105  10.180  0000.93  04.88  04.65  305.6  009.26  15.371  1011.654  1466.75 
2025 01 20 08 40 41.28  18.290  10.188  0000.94  05.18  04.65  305.6  009.26  15.538  1011.783  1466.98 
2025 01 20 08 40 41.41  18.469  10.200  0000.94  05.72  04.65  305.6  009.26  15.698  1011.906  1467.22 
2025 01 20 08 40 41.53  18.667  10.238  0000.98  06.00  04.65  305.6  009.26  15.866  1012.031  1467.56 
2025 01 20 08 40 41.66  18.749  10.256  0000.98  06.06  04.65  305.6  009.26  15.934  1012.081  1467.71 
2025 01 20 08 40 41.78  18.732  10.265  0000.99  06.03  04.65  305.6  009.26  15.913  1012.064  1467.72 
2025 01 20 08 40 41.91  18.685  10.281  0000.99  05.99  04.63  305.6  009.26  15.864  1012.024  1467.72 
2025 01 20 08 40 42.03  18.748  10.236  0000.98  05.95  04.55  305.6  009.26  15.941  1012.090  1467.65 
2025 01 20 08 40 42.16  18.883  10.239  0000.96  05.83  04.55  305.6  009.26  16.065  1012.185  1467.81 
2025 01 20 08 40 42.28  19.068  10.265  0000.98  05.77  04.55  305.6  009.26  16.225  1012.306  1468.10 
2025 01 20 08 40 42.41  19.137  10.279  0000.95  05.84  04.55  305.6  009.26  16.283  1012.349  1468.22 
2025 01 20 08 40 42.53  19.134  10.292  0000.95  05.96  04.55  305.6  009.26  16.274  1012.341  1468.26 
2025 01 20 08 40 42.66  19.126  10.294  0000.93  05.97  04.55  305.6  009.26  16.265  1012.333  1468.26 
2025 01 20 08 40 42.78  19.170  10.296  0000.93  05.84  04.55  305.6  009.26  16.306  1012.365  1468.31 
2025 01 20 08 40 42.91  19.268  10.299  0000.94  06.03  04.64  305.6  009.26  16.395  1012.434  1468.43 
2025 01 20 08 40 43.03  19.349  10.307  0000.94  06.15  04.65  305.6  009.26  16.467  1012.488  1468.55 
2025 01 20 08 40 43.16  19.401  10.309  0000.95  06.45  04.66  305.6  009.26  16.514  1012.525  1468.61 
2025 01 20 08 40 43.28  19.434  10.305  0000.96  06.44  04.66  305.6  009.26  16.547  1012.551  1468.64 
2025 01 20 08 40 43.41  19.461  10.302  0000.96  06.68  04.66  305.6  009.26  16.573  1012.571  1468.66 
2025 01 20 08 40 43.53  19.483  10.301  0000.96  07.07  04.66  305.6  009.26  16.594  1012.588  1468.68 
2025 01 20 08 40 43.66  19.512  10.299  0000.95  06.80  04.66  305.6  009.26  16.622  1012.610  1468.70 
2025 01 20 08 40 43.78  19.536  10.307  0000.97  07.88  04.66  305.6  009.26  16.641  1012.623  1468.76 
2025 01 20 08 40 43.91  19.572  10.317  0000.98  07.78  04.66  305.6  009.26  16.669  1012.644  1468.83 
2025 01 20 08 40 44.03  19.594  10.333  0000.96  07.30  04.66  305.6  009.26  16.682  1012.652  1468.91 
2025 01 20 08 40 44.16  19.547  10.330  0000.98  07.01  04.66  305.6  009.26  16.640  1012.619  1468.85 
2025 01 20 08 40 44.28  19.480  10.313  0000.97  06.62  04.66  305.6  009.26  16.585  1012.580  1468.72 
2025 01 20 08 40 44.41  19.440  10.296  0000.96  06.34  04.66  305.6  009.26  16.556  1012.559  1468.61 
2025 01 20 08 40 44.53  19.422  10.287  0000.95  06.22  04.67  305.6  009.26  16.544  1012.550  1468.56 
2025 01 20 08 40 44.66  19.391  10.290  0000.95  06.20  04.66  305.6  009.26  16.513  1012.526  1468.54 
2025 01 20 08 40 44.78  19.334  10.317  0000.94  06.21  04.66  305.6  009.26  16.449  1012.473  1468.56 
2025 01 20 08 40 44.91  19.285  10.317  0000.95  06.07  04.64  305.6  009.26  16.403  1012.437  1468.51 
2025 01 20 08 40 45.03  19.267  10.320  0000.95  05.76  04.57  305.6  009.26  16.385  1012.423  1468.50 
2025 01 20 08 40 45.16  19.309  10.326  0000.95  05.69  04.56  305.6  009.26  16.421  1012.450  1468.56 
2025 01 20 08 40 45.28  19.355  10.335  0000.96  05.50  04.56  305.6  009.26  16.459  1012.479  1468.65 
2025 01 20 08 40 45.41  19.375  10.337  0000.95  05.45  04.56  305.6  009.26  16.477  1012.492  1468.67 
2025 01 20 08 40 45.53  19.345  10.336  0000.96  05.40  04.56  305.6  009.26  16.450  1012.471  1468.64 
2025 01 20 08 40 45.66  19.285  10.337  0000.98  05.30  04.56  305.6  009.26  16.394  1012.427  1468.57 
2025 01 20 08 40 45.78  19.239  10.326  0000.98  05.54  04.56  305.6  009.26  16.356  1012.400  1468.49 
2025 01 20 08 40 45.91  19.231  10.294  0000.97  05.58  04.65  305.6  009.26  16.364  1012.410  1468.37 
2025 01 20 08 40 46.03  19.215  10.287  0000.96  05.39  04.66  305.8  009.26  16.351  1012.401  1468.33 
2025 01 20 08 40 46.16  19.204  10.280  0000.97  05.40  04.67  305.8  009.26  16.344  1012.396  1468.30 
2025 01 20 08 40 46.28  19.222  10.278  0000.97  05.27  04.67  305.8  009.26  16.362  1012.411  1468.31 
2025 01 20 08 40 46.41  19.222  10.276  0000.98  05.06  04.67  305.8  009.26  16.363  1012.411  1468.31 
2025 01 20 08 40 46.53  19.198  10.276  0000.97  04.93  04.68  305.8  009.26  16.341  1012.395  1468.28 
2025 01 20 08 40 46.66  19.191  10.276  0000.97  04.84  04.67  305.8  009.26  16.334  1012.389  1468.27 
2025 01 20 08 40 46.78  19.180  10.279  0000.97  04.74  04.67  305.8  009.26  16.322  1012.380  1468.27 
2025 01 20 08 40 46.91  19.157  10.280  0000.96  04.63  04.67  305.8  009.26  16.301  1012.363  1468.25 
2025 01 20 08 40 47.03  19.112  10.278  0000.96  04.50  04.67  305.8  009.26  16.260  1012.332  1468.19 
2025 01 20 08 40 47.16  19.052  10.241  0000.96  04.46  04.67  305.8  009.26  16.221  1012.306  1468.00 
2025 01 20 08 40 47.28  18.990  10.220  0000.97  04.59  04.67  305.8  009.26  16.173  1012.271  1467.87 
2025 01 20 08 40 47.41  18.968  10.223  0000.96  04.72  04.67  305.8  009.26  16.151  1012.254  1467.85 
2025 01 20 08 40 47.53  18.844  10.228  0000.97  04.76  04.67  305.8  009.26  16.034  1012.163  1467.73 
2025 01 20 08 40 47.66  18.662  10.207  0000.97  04.85  04.67  305.8  009.26  15.875  1012.042  1467.46 
2025 01 20 08 40 47.78  18.489  10.189  0000.95  04.90  04.67  305.8  009.26  15.722  1011.925  1467.20 
2025 01 20 08 40 47.91  18.358  10.177  0000.96  04.71  04.65  305.8  009.26  15.605  1011.836  1467.02 
2025 01 20 08 40 48.03  18.342  10.180  0000.94  04.58  04.58  305.8  009.26  15.589  1011.824  1467.01 
2025 01 20 08 40 48.16  18.344  10.189  0000.96  04.43  04.57  305.8  009.26  15.587  1011.821  1467.04 
2025 01 20 08 40 48.28  18.389  10.209  0000.95  04.42  04.57  305.8  009.26  15.620  1011.844  1467.16 
2025 01 20 08 40 48.41  18.439  10.215  0000.94  04.37  04.57  305.8  009.26  15.664  1011.877  1467.23 
2025 01 20 08 40 48.53  18.435  10.217  0000.95  04.46  04.57  305.8  009.26  15.660  1011.874  1467.23 
2025 01 20 08 40 48.66  18.397  10.207  0000.97  04.65  04.57  305.8  009.26  15.629  1011.851  1467.16 
2025 01 20 08 40 48.78  18.381  10.200  0000.96  04.78  04.57  305.8  009.26  15.617  1011.843  1467.12 
2025 01 20 08 40 48.91  18.401  10.199  0000.99  04.77  04.66  305.8  009.26  15.636  1011.857  1467.14 
2025 01 20 08 40 49.03  18.509  10.210  0000.99  04.69  04.67  305.6  009.26  15.731  1011.930  1467.30 
2025 01 20 08 40 49.16  18.580  10.224  0000.98  04.75  04.68  305.6  009.26  15.791  1011.974  1467.42 
2025 01 20 08 40 49.28  18.535  10.214  0000.99  04.80  04.68  305.6  009.26  15.753  1011.947  1467.34 
2025 01 20 08 40 49.41  18.387  10.186  0000.99  04.79  04.68  305.6  009.26  15.629  1011.854  1467.08 
2025 01 20 08 40 49.53  18.280  10.179  0000.97  04.72  04.69  305.6  009.26  15.533  1011.780  1466.94 
2025 01 20 08 40 49.66  18.158  10.177  0000.98  04.72  04.68  305.6  009.26  15.420  1011.693  1466.80 
2025 01 20 08 40 49.78  18.116  10.185  0000.96  04.94  04.68  305.6  009.26  15.378  1011.659  1466.78 
2025 01 20 08 40 49.91  18.079  10.187  0000.96  04.94  04.68  305.6  009.26  15.343  1011.632  1466.74 
2025 01 20 08 40 50.03  18.028  10.181  0000.94  04.93  04.68  305.6  009.26  15.299  1011.598  1466.66 
2025 01 20 08 40 50.16  18.010  10.201  0000.94  04.88  04.68  305.6  009.26  15.273  1011.576  1466.71 
2025 01 20 08 40 50.28  18.022  10.217  0000.92  04.76  04.68  305.6  009.26  15.279  1011.578  1466.78 
2025 01 20 08 40 50.41  18.134  10.194  0000.93  04.69  04.68  305.6  009.26  15.391  1011.668  1466.83 
2025 01 20 08 40 50.53  18.253  10.202  0000.95  04.67  04.68  305.6  009.26  15.498  1011.750  1466.98 
2025 01 20 08 40 50.66  18.412  10.222  0000.96  04.77  04.68  305.6  009.26  15.637  1011.855  1467.23 
2025 01 20 08 40 50.78  18.631  10.231  0000.97  04.81  04.68  305.6  009.26  15.835  1012.008  1467.50 
2025 01 20 08 40 50.91  18.772  10.239  0000.98  04.82  04.66  305.6  009.26  15.962  1012.106  1467.69 
2025 01 20 08 40 51.03  18.923  10.253  0001.00  05.05  04.58  305.6  009.26  16.095  1012.207  1467.90 
2025 01 20 08 40 51.16  18.958  10.301  0000.99  05.58  04.58  305.6  009.26  16.107  1012.210  1468.09 
2025 01 20 08 40 51.28  18.861  10.303  0000.99  06.02  04.58  305.6  009.26  16.017  1012.140  1467.99 
2025 01 20 08 40 51.41  18.814  10.264  0000.98  06.00  04.59  305.6  009.26  15.990  1012.124  1467.81 
2025 01 20 08 40 51.53  18.868  10.251  0000.99  05.96  04.57  305.6  009.26  16.046  1012.169  1467.83 
2025 01 20 08 40 51.66  18.878  10.253  0000.97  05.65  04.58  305.6  009.26  16.054  1012.175  1467.85 
2025 01 20 08 40 51.78  18.808  10.254  0000.98  05.33  04.58  305.6  009.26  15.989  1012.124  1467.77 
2025 01 20 08 40 51.91  18.758  10.252  0000.95  05.04  04.67  305.6  009.26  15.943  1012.089  1467.71 
2025 01 20 08 40 52.03  18.763  10.253  0000.96  04.99  04.68  305.6  009.26  15.948  1012.093  1467.72 
2025 01 20 08 40 52.16  18.857  10.262  0000.97  04.96  04.69  305.6  009.26  16.031  1012.156  1467.85 
2025 01 20 08 40 52.28  18.961  10.269  0000.96  04.84  04.69  305.6  009.26  16.124  1012.227  1467.99 
2025 01 20 08 40 52.41  19.082  10.274  0000.97  04.86  04.69  305.6  009.26  16.234  1012.312  1468.14 
2025 01 20 08 40 52.53  19.196  10.284  0000.97  04.75  04.69  305.6  009.26  16.335  1012.389  1468.30 
2025 01 20 08 40 52.66  19.205  10.287  0000.97  04.66  04.69  305.6  009.26  16.343  1012.394  1468.32 
2025 01 20 08 40 52.78  19.170  10.282  0000.97  04.66  04.69  305.6  009.26  16.312  1012.372  1468.27 
2025 01 20 08 40 52.91  19.053  10.266  0000.98  04.77  04.69  305.6  009.26  16.211  1012.295  1468.09 
2025 01 20 08 40 53.03  18.974  10.268  0000.99  05.42  04.69  305.6  009.26  16.137  1012.238  1468.00 
2025 01 20 08 40 53.16  18.930  10.242  0000.98  06.11  04.69  305.6  009.26  16.107  1012.217  1467.87 
2025 01 20 08 40 53.28  18.849  10.228  0000.98  06.32  04.69  305.6  009.26  16.039  1012.167  1467.73 
2025 01 20 08 40 53.41  18.800  10.236  0000.98  06.15  04.69  305.6  009.26  15.989  1012.127  1467.71 
2025 01 20 08 40 53.53  18.765  10.232  0000.97  06.07  04.69  305.6  009.26  15.959  1012.104  1467.65 
2025 01 20 08 40 53.66  18.665  10.226  0000.97  06.12  04.68  305.6  009.26  15.868  1012.034  1467.52 
2025 01 20 08 40 53.78  18.547  10.209  0000.95  06.28  04.69  305.6  009.26  15.767  1011.958  1467.34 
2025 01 20 08 40 53.91  18.459  10.213  0000.96  06.20  04.67  305.6  009.26  15.684  1011.893  1467.25 
2025 01 20 08 40 54.03  18.557  10.253  0000.96  05.76  04.59  305.6  009.26  15.756  1011.944  1467.49 
2025 01 20 08 40 54.16  18.719  10.259  0000.95  05.61  04.59  305.6  009.26  15.904  1012.058  1467.69 
2025 01 20 08 40 54.28  18.920  10.257  0000.93  05.84  04.59  305.6  009.26  16.092  1012.203  1467.91 
2025 01 20 08 40 54.41  19.095  10.256  0000.95  05.93  04.59  305.6  009.26  16.253  1012.329  1468.10 
2025 01 20 08 40 54.53  19.165  10.278  0000.96  06.06  04.58  305.6  009.26  16.310  1012.370  1468.25 
2025 01 20 08 40 54.66  19.187  10.292  0000.96  05.92  04.59  305.6  009.26  16.323  1012.379  1468.32 
2025 01 20 08 40 54.78  19.231  10.306  0000.97  05.79  04.59  305.6  009.26  16.358  1012.404  1468.41 
2025 01 20 08 40 54.91  19.282  10.317  0000.98  05.74  04.67  305.6  009.26  16.400  1012.435  1468.50 
2025 01 20 08 40 55.03  19.392  10.329  0001.00  05.65  04.68  305.7  009.26  16.497  1012.509  1468.67 
2025 01 20 08 40 55.16  19.514  10.336  0000.99  05.35  04.70  305.7  009.26  16.607  1012.593  1468.83 
2025 01 20 08 40 55.28  19.596  10.337  0001.00  05.10  04.70  305.7  009.26  16.682  1012.652  1468.92 
2025 01 20 08 40 55.41  19.614  10.336  0001.01  05.14  04.70  305.7  009.26  16.699  1012.665  1468.94 
2025 01 20 08 40 55.53  19.501  10.333  0000.99  05.28  04.70  305.7  009.26  16.596  1012.585  1468.80 
2025 01 20 08 40 55.66  19.313  10.288  0000.98  05.42  04.70  305.7  009.26  16.443  1012.472  1468.45 
2025 01 20 08 40 55.78  19.201  10.281  0000.99  05.62  04.70  305.7  009.26  16.342  1012.395  1468.30 
2025 01 20 08 40 55.91  19.182  10.277  0000.95  05.93  04.70  305.7  009.26  16.325  1012.382  1468.27 
2025 01 20 08 40 56.03  19.099  10.273  0000.96  06.18  04.70  305.7  009.26  16.250  1012.324  1468.16 
2025 01 20 08 40 56.16  19.088  10.289  0000.95  06.43  04.70  305.7  009.26  16.233  1012.309  1468.20 
2025 01 20 08 40 56.28  19.216  10.279  0000.94  06.24  04.70  305.7  009.26  16.356  1012.406  1468.31 
2025 01 20 08 40 56.41  19.345  10.279  0000.95  05.83  04.70  305.7  009.26  16.476  1012.499  1468.45 
2025 01 20 08 40 56.53  19.400  10.274  0000.97  05.67  04.69  305.7  009.26  16.529  1012.541  1468.50 
2025 01 20 08 40 56.66  19.402  10.283  0000.97  05.63  04.69  305.7  009.26  16.527  1012.538  1468.53 
2025 01 20 08 40 56.78  19.286  10.273  0000.97  05.67  04.69  305.7  009.26  16.424  1012.460  1468.37 
2025 01 20 08 40 56.91  19.150  10.243  0000.98  05.70  04.67  305.7  009.26  16.311  1012.376  1468.12 
2025 01 20 08 40 57.03  19.092  10.228  0000.98  05.68  04.60  305.7  009.26  16.264  1012.341  1468.01 
2025 01 20 08 40 57.16  19.118  10.239  0000.97  05.67  04.59  305.7  009.26  16.283  1012.355  1468.07 
2025 01 20 08 40 57.28  19.196  10.251  0000.99  05.64  04.59  305.7  009.26  16.350  1012.405  1468.20 
2025 01 20 08 40 57.41  19.278  10.282  0001.00  05.58  04.60  305.7  009.26  16.413  1012.450  1468.39 
2025 01 20 08 40 57.53  19.359  10.311  0000.99  05.48  04.59  305.7  009.26  16.474  1012.493  1468.57 
2025 01 20 08 40 57.66  19.414  10.297  0001.02  05.36  04.59  305.7  009.26  16.531  1012.540  1468.59 
2025 01 20 08 40 57.78  19.462  10.315  0001.02  05.39  04.59  305.7  009.26  16.568  1012.566  1468.70 
2025 01 20 08 40 57.91  19.512  10.343  0000.99  05.47  04.68  305.7  009.26  16.602  1012.589  1468.85 
2025 01 20 08 40 58.03  19.548  10.346  0001.00  05.47  04.69  305.6  009.26  16.634  1012.613  1468.90 
2025 01 20 08 40 58.16  19.578  10.346  0001.00  05.54  04.71  305.6  009.26  16.661  1012.634  1468.93 
2025 01 20 08 40 58.28  19.590  10.327  0001.00  05.45  04.71  305.6  009.26  16.682  1012.653  1468.88 
2025 01 20 08 40 58.41  19.573  10.329  0000.99  05.59  04.71  305.6  009.26  16.665  1012.639  1468.87 
2025 01 20 08 40 58.53  19.549  10.323  0000.99  05.61  04.71  305.6  009.26  16.645  1012.625  1468.82 
2025 01 20 08 40 58.66  19.566  10.323  0000.98  06.07  04.70  305.6  009.26  16.661  1012.637  1468.84 
2025 01 20 08 40 58.78  19.601  10.326  0000.98  06.31  04.70  305.6  009.26  16.692  1012.660  1468.89 
2025 01 20 08 40 58.91  19.686  10.335  0001.00  06.17  04.70  305.6  009.26  16.767  1012.717  1469.02 
2025 01 20 08 40 59.03  19.754  10.345  0001.00  05.97  04.70  305.6  009.26  16.826  1012.762  1469.12 
2025 01 20 08 40 59.16  19.789  10.356  0000.99  05.96  04.70  305.6  009.26  16.854  1012.782  1469.20 
2025 01 20 08 40 59.28  19.754  10.361  0001.00  05.88  04.71  305.6  009.26  16.818  1012.753  1469.18 
2025 01 20 08 40 59.41  19.695  10.341  0001.00  05.74  04.70  305.6  009.26  16.772  1012.721  1469.05 
2025 01 20 08 40 59.53  19.645  10.325  0001.00  05.70  04.70  305.6  009.26  16.733  1012.693  1468.94 
2025 01 20 08 40 59.66  19.595  10.339  0000.99  05.62  04.70  305.6  009.26  16.681  1012.650  1468.93 
2025 01 20 08 40 59.78  19.553  10.351  0000.99  05.69  04.70  305.6  009.26  16.636  1012.614  1468.92 
2025 01 20 08 40 59.91  19.534  10.363  0000.98  05.79  04.68  305.6  009.26  16.613  1012.594  1468.94 
2025 01 20 08 41 00.03  19.591  10.378  0000.99  05.78  04.61  305.6  009.26  16.659  1012.628  1469.05 
2025 01 20 08 41 00.16  19.663  10.382  0001.00  05.84  04.60  305.6  009.26  16.724  1012.678  1469.14 
2025 01 20 08 41 00.28  19.726  10.382  0000.99  05.85  04.61  305.6  009.26  16.782  1012.723  1469.21 
2025 01 20 08 41 00.41  19.790  10.375  0001.00  05.87  04.60  305.6  009.26  16.845  1012.773  1469.26 
2025 01 20 08 41 00.53  19.812  10.373  0000.99  05.82  04.60  305.6  009.26  16.866  1012.789  1469.28 
2025 01 20 08 41 00.66  19.810  10.371  0000.98  05.68  04.60  305.6  009.26  16.866  1012.789  1469.27 
2025 01 20 08 41 00.78  19.819  10.371  0001.00  05.65  04.60  305.6  009.26  16.874  1012.796  1469.28 
2025 01 20 08 41 00.91  19.836  10.373  0000.99  05.61  04.69  305.6  009.26  16.889  1012.807  1469.31 
2025 01 20 08 41 01.03  19.867  10.371  0000.96  05.65  04.70  305.7  009.26  16.919  1012.830  1469.33 
2025 01 20 08 41 01.16  19.923  10.360  0000.98  05.66  04.71  305.7  009.26  16.976  1012.876  1469.36 
2025 01 20 08 41 01.28  19.996  10.338  0000.99  05.65  04.72  305.7  009.26  17.053  1012.939  1469.37 
2025 01 20 08 41 01.41  20.067  10.355  0000.99  05.72  04.71  305.7  009.26  17.112  1012.983  1469.51 
2025 01 20 08 41 01.53  20.101  10.367  0001.00  05.63  04.71  305.7  009.26  17.138  1013.001  1469.58 
2025 01 20 08 41 01.66  20.119  10.379  0001.01  05.62  04.71  305.7  009.26  17.149  1013.008  1469.64 
2025 01 20 08 41 01.78  20.115  10.383  0001.01  05.67  04.71  305.7  009.26  17.143  1013.003  1469.65 
2025 01 20 08 41 01.91  20.088  10.381  0001.01  05.63  04.71  305.7  009.26  17.119  1012.985  1469.61 
2025 01 20 08 41 02.03  20.054  10.376  0001.03  05.53  04.71  305.7  009.26  17.090  1012.963  1469.56 
2025 01 20 08 41 02.16  20.046  10.360  0001.03  05.60  04.71  305.7  009.26  17.090  1012.965  1469.50 
2025 01 20 08 41 02.28  20.064  10.365  0001.01  05.74  04.71  305.7  009.26  17.104  1012.975  1469.54 
2025 01 20 08 41 02.41  20.082  10.361  0001.02  05.79  04.71  305.7  009.26  17.122  1012.990  1469.54 
2025 01 20 08 41 02.53  20.109  10.360  0001.01  05.71  04.71  305.7  009.26  17.148  1013.010  1469.57 
2025 01 20 08 41 02.66  20.109  10.361  0001.00  05.79  04.71  305.7  009.26  17.148  1013.010  1469.57 
2025 01 20 08 41 02.78  20.069  10.365  0000.98  05.72  04.71  305.7  009.26  17.109  1012.979  1469.54 
2025 01 20 08 41 02.91  20.028  10.368  0000.99  05.73  04.69  305.7  009.26  17.070  1012.948  1469.50 
2025 01 20 08 41 03.03  20.060  10.371  0000.99  05.97  04.61  305.7  009.26  17.098  1012.969  1469.55 
2025 01 20 08 41 03.16  20.158  10.379  0001.01  06.00  04.61  305.7  009.26  17.185  1013.036  1469.69 
2025 01 20 08 41 03.28  20.237  10.384  0001.00  05.86  04.61  305.7  009.26  17.256  1013.090  1469.79 
2025 01 20 08 41 03.41  20.290  10.389  0001.00  05.79  04.61  305.7  009.26  17.303  1013.126  1469.87 
2025 01 20 08 41 03.53  20.286  10.392  0001.01  05.72  04.60  305.7  009.26  17.298  1013.122  1469.87 
2025 01 20 08 41 03.66  20.240  10.386  0001.01  05.86  04.60  305.7  009.26  17.258  1013.092  1469.80 
2025 01 20 08 41 03.78  20.195  10.380  0001.01  05.80  04.61  305.7  009.26  17.219  1013.063  1469.73 
2025 01 20 08 41 03.91  20.156  10.363  0000.99  05.79  04.69  305.7  009.26  17.191  1013.043  1469.63 
2025 01 20 08 41 04.03  20.131  10.368  0000.99  05.74  04.70  305.7  009.26  17.165  1013.022  1469.62 
2025 01 20 08 41 04.16  20.130  10.370  0000.98  05.88  04.72  305.7  009.26  17.163  1013.020  1469.63 
2025 01 20 08 41 04.28  20.124  10.366  0001.00  05.96  04.72  305.7  009.26  17.159  1013.018  1469.61 
2025 01 20 08 41 04.41  20.094  10.359  0000.98  06.02  04.71  305.7  009.26  17.135  1013.000  1469.55 
2025 01 20 08 41 04.53  20.069  10.357  0000.98  06.00  04.71  305.7  009.26  17.112  1012.982  1469.52 
2025 01 20 08 41 04.66  20.084  10.365  0000.98  06.02  04.71  305.7  009.26  17.123  1012.989  1469.56 
2025 01 20 08 41 04.78  20.125  10.376  0001.00  05.98  04.71  305.7  009.26  17.156  1013.014  1469.64 
2025 01 20 08 41 04.91  20.165  10.377  0001.00  05.86  04.71  305.7  009.26  17.193  1013.042  1469.69 
2025 01 20 08 41 05.03  20.171  10.374  0001.00  05.83  04.71  305.7  009.26  17.199  1013.048  1469.68 
2025 01 20 08 41 05.16  20.122  10.372  0001.01  05.86  04.71  305.7  009.26  17.155  1013.014  1469.62 
2025 01 20 08 41 05.28  19.994  10.353  0001.01  05.86  04.71  305.7  009.26  17.045  1012.931  1469.42 
2025 01 20 08 41 05.41  19.945  10.318  0001.02  05.95  04.71  305.7  009.26  17.015  1012.912  1469.25 
2025 01 20 08 41 05.53  19.918  10.329  0001.01  06.00  04.71  305.7  009.26  16.986  1012.888  1469.26 
2025 01 20 08 41 05.66  19.893  10.363  0001.01  05.93  04.71  305.7  009.26  16.946  1012.853  1469.34 
2025 01 20 08 41 05.78  19.905  10.378  0001.02  05.95  04.71  305.7  009.26  16.951  1012.854  1469.40 
2025 01 20 08 41 05.91  19.924  10.375  0001.04  06.11  04.69  305.7  009.26  16.970  1012.870  1469.41 
2025 01 20 08 41 06.03  19.968  10.386  0001.02  06.18  04.61  305.7  009.26  17.005  1012.896  1469.49 
2025 01 20 08 41 06.16  20.031  10.389  0001.04  06.03  04.62  305.7  009.26  17.063  1012.940  1469.58 
2025 01 20 08 41 06.28  20.088  10.384  0001.05  05.98  04.61  305.7  009.26  17.118  1012.983  1469.62 
2025 01 20 08 41 06.41  20.121  10.379  0001.03  05.92  04.61  305.7  009.26  17.150  1013.009  1469.64 
2025 01 20 08 41 06.53  20.109  10.382  0001.03  06.04  04.60  305.7  009.26  17.139  1013.000  1469.64 
2025 01 20 08 41 06.66  20.080  10.371  0001.02  06.08  04.60  305.7  009.26  17.116  1012.984  1469.57 
2025 01 20 08 41 06.78  20.051  10.362  0001.01  06.27  04.61  305.7  009.26  17.093  1012.967  1469.51 
2025 01 20 08 41 06.91  19.991  10.357  0001.00  06.35  04.69  305.7  009.26  17.040  1012.927  1469.43 
2025 01 20 08 41 07.03  19.875  10.347  0000.99  06.33  04.70  305.7  009.26  16.936  1012.847  1469.27 
2025 01 20 08 41 07.16  19.687  10.347  0000.98  06.07  04.72  305.7  009.26  16.762  1012.712  1469.05 
2025 01 20 08 41 07.28  19.609  10.339  0000.97  05.74  04.71  305.7  009.26  16.693  1012.660  1468.94 
2025 01 20 08 41 07.41  19.667  10.314  0000.96  05.48  04.72  305.7  009.26  16.759  1012.714  1468.93 
2025 01 20 08 41 07.53  19.711  10.304  0000.98  05.62  04.71  305.7  009.26  16.804  1012.750  1468.95 
2025 01 20 08 41 07.66  19.699  10.305  0000.98  05.70  04.71  305.7  009.26  16.792  1012.741  1468.94 
2025 01 20 08 41 07.78  19.682  10.307  0000.97  05.74  04.71  305.7  009.26  16.776  1012.728  1468.92 
2025 01 20 08 41 07.91  19.657  10.309  0000.97  05.95  04.71  305.7  009.26  16.751  1012.709  1468.90 
2025 01 20 08 41 08.03  19.625  10.305  0000.99  06.05  04.71  305.7  009.26  16.725  1012.688  1468.85 
2025 01 20 08 41 08.16  19.604  10.318  0000.99  06.17  04.72  305.7  009.26  16.699  1012.667  1468.87 
2025 01 20 08 41 08.28  19.606  10.329  0000.99  06.21  04.71  305.7  009.26  16.695  1012.662  1468.91 
2025 01 20 08 41 08.41  19.587  10.330  0001.02  06.21  04.71  305.7  009.26  16.677  1012.649  1468.89 
2025 01 20 08 41 08.53  19.526  10.318  0001.02  06.06  04.71  305.7  009.26  16.626  1012.611  1468.78 
2025 01 20 08 41 08.66  19.508  10.324  0001.03  05.93  04.71  305.7  009.26  16.607  1012.595  1468.78 
2025 01 20 08 41 08.78  19.540  10.338  0001.05  06.00  04.71  305.7  009.26  16.630  1012.611  1468.86 
2025 01 20 08 41 08.91  19.645  10.389  0001.04  05.86  04.69  305.7  009.26  16.705  1012.662  1469.14 
2025 01 20 08 41 09.03  19.698  10.376  0001.04  05.75  04.62  305.7  009.26  16.759  1012.706  1469.16 
2025 01 20 08 41 09.16  19.658  10.336  0001.02  05.61  04.61  305.7  009.26  16.741  1012.697  1468.99 
2025 01 20 08 41 09.28  19.492  10.304  0001.01  05.53  04.61  305.7  009.26  16.600  1012.592  1468.70 
2025 01 20 08 41 09.41  19.318  10.292  0001.00  05.44  04.61  305.7  009.26  16.445  1012.473  1468.47 
2025 01 20 08 41 09.53  19.068  10.293  0001.00  05.35  04.61  305.7  009.26  16.213  1012.293  1468.19 
2025 01 20 08 41 09.66  18.918  10.281  0001.00  05.28  04.61  305.7  009.26  16.079  1012.190  1467.99 
2025 01 20 08 41 09.78  18.842  10.266  0000.98  05.04  04.61  305.7  009.26  16.015  1012.143  1467.85 
2025 01 20 08 41 09.91  18.906  10.288  0000.98  04.79  04.70  305.7  009.26  16.065  1012.179  1467.99 
2025 01 20 08 41 10.03  18.997  10.290  0000.98  04.66  04.70  305.8  009.26  16.148  1012.243  1468.10 
2025 01 20 08 41 10.16  19.006  10.296  0000.98  04.71  04.72  305.8  009.26  16.154  1012.247  1468.13 
2025 01 20 08 41 10.28  18.919  10.305  0000.98  04.67  04.72  305.8  009.26  16.070  1012.180  1468.06 
2025 01 20 08 41 10.41  18.798  10.303  0001.01  04.98  04.72  305.8  009.26  15.958  1012.094  1467.92 
2025 01 20 08 41 10.53  18.686  10.306  0000.99  05.46  04.72  305.8  009.26  15.853  1012.012  1467.81 
2025 01 20 08 41 10.66  18.596  10.308  0000.99  05.57  04.71  305.8  009.26  15.770  1011.947  1467.71 
2025 01 20 08 41 10.78  18.544  10.304  0001.02  05.72  04.71  305.8  009.26  15.723  1011.911  1467.64 
2025 01 20 08 41 10.91  18.547  10.309  0001.01  05.84  04.71  305.8  009.26  15.723  1011.911  1467.66 
2025 01 20 08 41 11.03  18.560  10.316  0001.03  05.88  04.71  305.8  009.26  15.732  1011.918  1467.70 
2025 01 20 08 41 11.16  18.534  10.300  0001.03  05.85  04.72  305.8  009.26  15.716  1011.907  1467.62 
2025 01 20 08 41 11.28  18.546  10.292  0001.04  05.99  04.71  305.8  009.26  15.730  1011.919  1467.61 
2025 01 20 08 41 11.41  18.600  10.291  0001.04  05.90  04.71  305.8  009.26  15.780  1011.958  1467.66 
2025 01 20 08 41 11.53  18.683  10.254  0001.02  05.77  04.71  305.8  009.26  15.873  1012.035  1467.64 
2025 01 20 08 41 11.66  18.845  10.235  0001.02  05.68  04.71  305.8  009.26  16.031  1012.160  1467.75 
2025 01 20 08 41 11.78  19.016  10.247  0001.03  05.55  04.71  305.8  009.26  16.185  1012.278  1467.98 
2025 01 20 08 41 11.91  19.146  10.286  0001.03  05.42  04.69  305.8  009.26  16.287  1012.352  1468.26 
2025 01 20 08 41 12.03  19.395  10.340  0001.05  05.38  04.62  305.8  009.26  16.495  1012.506  1468.71 
2025 01 20 08 41 12.16  19.645  10.357  0001.03  05.48  04.61  305.8  009.26  16.719  1012.678  1469.04 
2025 01 20 08 41 12.28  19.849  10.368  0001.05  05.54  04.61  305.8  009.26  16.903  1012.819  1469.30 
2025 01 20 08 41 12.41  20.037  10.375  0001.05  05.69  04.61  305.8  009.26  17.074  1012.951  1469.54 
2025 01 20 08 41 12.53  20.132  10.377  0001.06  05.68  04.61  305.8  009.26  17.162  1013.019  1469.65 
2025 01 20 08 41 12.66  20.157  10.391  0001.05  05.58  04.61  305.8  009.26  17.179  1013.030  1469.72 
2025 01 20 08 41 12.78  20.080  10.377  0001.06  05.51  04.61  305.8  009.26  17.114  1012.981  1469.59 
2025 01 20 08 41 12.91  20.036  10.370  0001.04  05.67  04.70  305.8  009.26  17.076  1012.953  1469.52 
2025 01 20 08 41 13.03  20.039  10.363  0001.04  05.71  04.71  305.8  009.26  17.082  1012.958  1469.50 
2025 01 20 08 41 13.16  20.049  10.373  0001.04  05.70  04.73  305.8  009.26  17.087  1012.961  1469.54 
2025 01 20 08 41 13.28  20.046  10.374  0001.03  05.61  04.72  305.8  009.26  17.083  1012.958  1469.54 
2025 01 20 08 41 13.41  20.067  10.376  0001.03  05.54  04.72  305.8  009.26  17.102  1012.972  1469.57 
2025 01 20 08 41 13.53  20.188  10.383  0001.02  05.48  04.72  305.8  009.26  17.211  1013.056  1469.73 
2025 01 20 08 41 13.66  20.295  10.389  0001.05  05.51  04.72  305.8  009.26  17.308  1013.130  1469.87 
2025 01 20 08 41 13.78  20.416  10.400  0001.05  05.76  04.72  305.8  009.26  17.415  1013.212  1470.04 
2025 01 20 08 41 13.91  20.515  10.407  0001.06  05.76  04.72  305.8  009.26  17.504  1013.280  1470.18 
2025 01 20 08 41 14.03  20.503  10.408  0001.08  05.76  04.72  305.8  009.26  17.492  1013.271  1470.16 
2025 01 20 08 41 14.16  20.427  10.388  0001.08  05.65  04.71  305.8  009.26  17.431  1013.226  1470.02 
2025 01 20 08 41 14.28  20.403  10.385  0001.09  05.64  04.71  305.8  009.26  17.411  1013.211  1469.98 
2025 01 20 08 41 14.41  20.380  10.391  0001.05  05.65  04.71  305.8  009.26  17.386  1013.191  1469.97 
2025 01 20 08 41 14.53  20.347  10.399  0001.07  05.69  04.71  305.8  009.26  17.352  1013.163  1469.96 
2025 01 20 08 41 14.66  20.356  10.410  0001.05  05.76  04.71  305.8  009.26  17.355  1013.164  1470.01 
2025 01 20 08 41 14.78  20.346  10.413  0001.05  05.78  04.71  305.8  009.26  17.344  1013.155  1470.01 
2025 01 20 08 41 14.91  20.319  10.416  0001.04  05.70  04.69  305.8  009.26  17.317  1013.134  1469.98 
2025 01 20 08 41 15.03  20.344  10.417  0001.03  05.53  04.62  305.8  009.26  17.340  1013.151  1470.02 
2025 01 20 08 41 15.16  20.386  10.416  0001.04  05.46  04.61  305.8  009.26  17.380  1013.182  1470.06 
2025 01 20 08 41 15.28  20.429  10.411  0001.02  05.51  04.61  305.8  009.26  17.423  1013.216  1470.09 
2025 01 20 08 41 15.41  20.405  10.397  0001.05  05.55  04.61  305.8  009.26  17.407  1013.206  1470.02 
2025 01 20 08 41 15.53  20.378  10.384  0001.04  05.53  04.61  305.8  009.26  17.387  1013.192  1469.95 
2025 01 20 08 41 15.66  20.351  10.390  0001.05  05.59  04.61  305.8  009.26  17.359  1013.170  1469.94 
2025 01 20 08 41 15.78  20.341  10.392  0001.05  05.74  04.61  305.8  009.26  17.349  1013.162  1469.93 
2025 01 20 08 41 15.91  20.356  10.396  0001.04  05.68  04.70  305.8  009.26  17.362  1013.171  1469.96 
2025 01 20 08 41 16.03  20.374  10.400  0001.05  05.72  04.71  305.5  009.26  17.376  1013.182  1469.99 
2025 01 20 08 41 16.16  20.379  10.395  0001.05  05.60  04.72  305.5  009.26  17.383  1013.188  1469.99 
2025 01 20 08 41 16.28  20.386  10.394  0001.05  05.92  04.72  305.5  009.26  17.391  1013.194  1469.99 
2025 01 20 08 41 16.41  20.385  10.390  0001.05  06.39  04.72  305.5  009.26  17.391  1013.195  1469.98 
2025 01 20 08 41 16.53  20.374  10.395  0001.05  06.12  04.72  305.5  009.26  17.378  1013.184  1469.98 
2025 01 20 08 41 16.66  20.371  10.402  0001.05  05.86  04.72  305.5  009.26  17.373  1013.179  1470.00 
2025 01 20 08 41 16.78  20.381  10.406  0001.05  05.72  04.72  305.5  009.26  17.380  1013.184  1470.02 
2025 01 20 08 41 16.91  20.394  10.408  0001.05  05.71  04.72  305.5  009.26  17.392  1013.193  1470.04 
2025 01 20 08 41 17.03  20.421  10.407  0001.06  05.62  04.73  305.5  009.26  17.416  1013.212  1470.07 
2025 01 20 08 41 17.16  20.454  10.408  0001.05  05.76  04.72  305.5  009.26  17.447  1013.235  1470.11 
2025 01 20 08 41 17.28  20.484  10.411  0001.06  05.88  04.72  305.5  009.26  17.474  1013.256  1470.15 
2025 01 20 08 41 17.41  20.504  10.416  0001.06  05.81  04.72  305.5  009.26  17.490  1013.268  1470.19 
2025 01 20 08 41 17.53  20.509  10.416  0001.06  05.93  04.72  305.5  009.26  17.494  1013.271  1470.20 
2025 01 20 08 41 17.66  20.499  10.417  0001.08  05.81  04.72  305.5  009.26  17.484  1013.263  1470.19 
2025 01 20 08 41 17.78  20.480  10.416  0001.08  05.70  04.72  305.5  009.26  17.467  1013.250  1470.17 
2025 01 20 08 41 17.91  20.472  10.409  0001.07  05.68  04.70  305.5  009.26  17.463  1013.248  1470.13 
2025 01 20 08 41 18.03  20.468  10.411  0001.05  05.69  04.63  305.5  009.26  17.459  1013.245  1470.13 
2025 01 20 08 41 18.16  20.480  10.407  0001.05  05.65  04.61  305.5  009.26  17.472  1013.255  1470.14 
2025 01 20 08 41 18.28  20.485  10.407  0001.05  05.66  04.61  305.5  009.26  17.476  1013.258  1470.14 
2025 01 20 08 41 18.41  20.494  10.414  0001.06  05.57  04.62  305.5  009.26  17.481  1013.261  1470.17 
2025 01 20 08 41 18.53  20.477  10.420  0001.05  05.59  04.61  305.5  009.26  17.463  1013.246  1470.17 
2025 01 20 08 41 18.66  20.444  10.419  0001.05  05.68  04.61  305.5  009.26  17.432  1013.222  1470.13 
2025 01 20 08 41 18.78  20.386  10.425  0001.05  05.74  04.61  305.5  009.26  17.376  1013.178  1470.09 
2025 01 20 08 41 18.91  20.370  10.424  0001.05  05.67  04.70  305.5  009.26  17.361  1013.167  1470.07 
2025 01 20 08 41 19.03  20.386  10.425  0001.05  05.61  04.72  305.7  009.26  17.376  1013.178  1470.09 
2025 01 20 08 41 19.16  20.439  10.423  0001.05  05.74  04.72  305.7  009.26  17.426  1013.217  1470.14 
2025 01 20 08 41 19.28  20.487  10.424  0001.05  05.93  04.72  305.7  009.26  17.469  1013.251  1470.20 
2025 01 20 08 41 19.41  20.526  10.425  0001.05  05.84  04.72  305.7  009.26  17.505  1013.279  1470.24 
2025 01 20 08 41 19.53  20.569  10.428  0001.05  05.90  04.72  305.7  009.26  17.544  1013.308  1470.30 
2025 01 20 08 41 19.66  20.628  10.425  0001.06  05.82  04.72  305.7  009.26  17.600  1013.352  1470.36 
2025 01 20 08 41 19.78  20.698  10.428  0001.06  05.70  04.72  305.7  009.26  17.664  1013.402  1470.45 
2025 01 20 08 41 19.91  20.768  10.428  0001.08  05.65  04.72  305.7  009.26  17.729  1013.452  1470.53 
2025 01 20 08 41 20.03  20.795  10.430  0001.07  05.53  04.73  305.7  009.26  17.754  1013.470  1470.56 
2025 01 20 08 41 20.16  20.794  10.432  0001.07  05.55  04.72  305.7  009.26  17.752  1013.469  1470.57 
2025 01 20 08 41 20.28  20.760  10.430  0001.09  05.51  04.72  305.7  009.26  17.721  1013.445  1470.52 
2025 01 20 08 41 20.41  20.721  10.426  0001.06  05.53  04.72  305.7  009.26  17.687  1013.419  1470.47 
2025 01 20 08 41 20.53  20.690  10.428  0001.06  05.49  04.72  305.7  009.26  17.658  1013.396  1470.44 
2025 01 20 08 41 20.66  20.693  10.431  0001.07  05.49  04.72  305.7  009.26  17.658  1013.396  1470.45 
2025 01 20 08 41 20.78  20.703  10.432  0001.05  05.63  04.72  305.7  009.26  17.667  1013.403  1470.47 
2025 01 20 08 41 20.91  20.741  10.432  0001.05  05.66  04.70  305.7  009.26  17.702  1013.430  1470.51 
2025 01 20 08 41 21.03  20.780  10.433  0001.07  05.64  04.63  305.7  009.26  17.739  1013.459  1470.56 
2025 01 20 08 41 21.16  20.799  10.431  0001.10  05.57  04.62  305.7  009.26  17.757  1013.473  1470.57 
2025 01 20 08 41 21.28  20.789  10.433  0001.09  05.56  04.62  305.7  009.26  17.747  1013.465  1470.57 
2025 01 20 08 41 21.41  20.762  10.426  0001.07  05.58  04.62  305.7  009.26  17.725  1013.449  1470.51 
2025 01 20 08 41 21.53  20.707  10.420  0001.07  05.57  04.62  305.7  009.26  17.677  1013.412  1470.43 
2025 01 20 08 41 21.66  20.609  10.419  0001.06  05.48  04.62  305.7  009.26  17.586  1013.342  1470.32 
2025 01 20 08 41 21.78  20.503  10.419  0001.07  05.51  04.62  305.7  009.26  17.487  1013.265  1470.20 
2025 01 20 08 41 21.91  20.433  10.424  0001.05  05.37  04.72  305.7  009.26  17.419  1013.212  1470.14 
2025 01 20 08 41 22.03  20.476  10.421  0001.05  05.51  04.72  305.7  009.26  17.461  1013.244  1470.18 
2025 01 20 08 41 22.16  20.547  10.413  0001.05  05.58  04.73  305.7  009.26  17.531  1013.300  1470.23 
2025 01 20 08 41 22.28  20.598  10.407  0001.05  05.55  04.73  305.7  009.26  17.582  1013.340  1470.27 
2025 01 20 08 41 22.41  20.655  10.407  0001.08  05.44  04.73  305.7  009.26  17.634  1013.381  1470.33 
2025 01 20 08 41 22.53  20.698  10.420  0001.07  05.39  04.73  305.7  009.26  17.669  1013.406  1470.42 
2025 01 20 08 41 22.66  20.717  10.425  0001.09  05.23  04.73  305.7  009.26  17.684  1013.417  1470.46 
2025 01 20 08 41 22.78  20.713  10.420  0001.11  05.18  04.73  305.7  009.26  17.682  1013.416  1470.44 
2025 01 20 08 41 22.91  20.730  10.415  0001.11  05.40  04.73  305.7  009.26  17.701  1013.432  1470.44 
2025 01 20 08 41 23.03  20.776  10.415  0001.11  05.37  04.73  305.7  009.26  17.744  1013.465  1470.49 
2025 01 20 08 41 23.16  20.802  10.418  0001.12  05.41  04.73  305.7  009.26  17.766  1013.482  1470.53 
2025 01 20 08 41 23.28  20.830  10.419  0001.11  05.70  04.73  305.7  009.26  17.792  1013.502  1470.57 
2025 01 20 08 41 23.41  20.889  10.424  0001.12  05.62  04.73  305.7  009.26  17.845  1013.543  1470.65 
2025 01 20 08 41 23.53  20.933  10.425  0001.11  05.45  04.73  305.7  009.26  17.885  1013.573  1470.70 
2025 01 20 08 41 23.66  20.956  10.428  0001.10  05.56  04.73  305.7  009.26  17.905  1013.589  1470.74 
2025 01 20 08 41 23.78  20.968  10.428  0001.09  05.66  04.73  305.7  009.26  17.917  1013.597  1470.75 
2025 01 20 08 41 23.91  20.965  10.428  0001.06  05.89  04.71  305.7  009.26  17.914  1013.595  1470.75 
2025 01 20 08 41 24.03  20.952  10.430  0001.06  06.12  04.64  305.7  009.26  17.900  1013.584  1470.74 
2025 01 20 08 41 24.16  20.930  10.435  0001.05  05.91  04.63  305.7  009.26  17.878  1013.566  1470.73 
2025 01 20 08 41 24.28  20.920  10.434  0001.06  05.76  04.63  305.7  009.26  17.869  1013.560  1470.71 
2025 01 20 08 41 24.41  20.913  10.434  0001.07  05.65  04.63  305.7  009.26  17.862  1013.554  1470.71 
2025 01 20 08 41 24.53  20.911  10.436  0001.08  05.57  04.62  305.7  009.26  17.859  1013.552  1470.71 
2025 01 20 08 41 24.66  20.889  10.434  0001.05  05.57  04.63  305.7  009.26  17.840  1013.537  1470.68 
2025 01 20 08 41 24.78  20.844  10.425  0001.05  05.58  04.63  305.7  009.26  17.802  1013.509  1470.60 
2025 01 20 08 41 24.91  20.797  10.425  0001.06  05.64  04.72  305.7  009.26  17.759  1013.475  1470.55 
2025 01 20 08 41 25.03  20.755  10.425  0001.05  05.63  04.73  304.8  009.26  17.719  1013.444  1470.50 
2025 01 20 08 41 25.16  20.710  10.425  0001.06  05.60  04.74  304.8  009.26  17.677  1013.412  1470.45 
2025 01 20 08 41 25.28  20.714  10.427  0001.05  05.61  04.74  304.8  009.26  17.680  1013.414  1470.46 
2025 01 20 08 41 25.41  20.730  10.431  0001.07  05.55  04.74  304.8  009.26  17.693  1013.424  1470.49 
2025 01 20 08 41 25.53  20.766  10.431  0001.07  05.42  04.74  304.8  009.26  17.727  1013.449  1470.53 
2025 01 20 08 41 25.66  20.803  10.433  0001.07  05.28  04.74  304.8  009.26  17.760  1013.475  1470.58 
2025 01 20 08 41 25.78  20.849  10.434  0001.09  05.22  04.74  304.8  009.26  17.802  1013.508  1470.64 
2025 01 20 08 41 25.91  20.924  10.439  0001.12  05.20  04.74  304.8  009.26  17.870  1013.559  1470.74 
2025 01 20 08 41 26.03  21.005  10.443  0001.12  05.22  04.73  304.8  009.26  17.944  1013.616  1470.84 
2025 01 20 08 41 26.16  21.090  10.445  0001.12  05.36  04.73  304.8  009.26  18.022  1013.677  1470.94 
2025 01 20 08 41 26.28  21.170  10.445  0001.14  05.74  04.73  304.8  009.26  18.096  1013.734  1471.03 
2025 01 20 08 41 26.41  21.168  10.445  0001.11  05.74  04.73  304.8  009.26  18.095  1013.733  1471.03 
2025 01 20 08 41 26.53  21.129  10.441  0001.11  05.72  04.73  304.8  009.26  18.060  1013.707  1470.97 
2025 01 20 08 41 26.66  20.994  10.433  0001.08  05.55  04.73  304.8  009.26  17.938  1013.613  1470.79 
2025 01 20 08 41 26.78  20.844  10.426  0001.08  05.40  04.73  304.8  009.26  17.802  1013.509  1470.60 
2025 01 20 08 41 26.91  20.683  10.419  0001.06  05.40  04.72  304.8  009.26  17.655  1013.396  1470.40 
2025 01 20 08 41 27.03  20.480  10.412  0001.05  05.57  04.64  304.8  009.26  17.470  1013.253  1470.15 
2025 01 20 08 41 27.16  20.390  10.406  0001.04  06.16  04.63  304.8  009.26  17.388  1013.190  1470.03 
2025 01 20 08 41 27.28  20.441  10.405  0001.04  06.26  04.63  304.8  009.26  17.437  1013.228  1470.09 
2025 01 20 08 41 27.41  20.647  10.407  0001.06  06.17  04.63  304.8  009.26  17.627  1013.376  1470.33 
2025 01 20 08 41 27.53  20.764  10.418  0001.06  06.05  04.63  304.8  009.26  17.732  1013.455  1470.49 
2025 01 20 08 41 27.66  20.813  10.421  0001.09  05.90  04.63  304.8  009.26  17.775  1013.489  1470.55 
2025 01 20 08 41 27.78  20.816  10.421  0001.08  05.84  04.63  304.8  009.26  17.778  1013.491  1470.56 
2025 01 20 08 41 27.91  20.803  10.424  0001.08  05.93  04.72  304.8  009.26  17.764  1013.479  1470.55 
2025 01 20 08 41 28.03  20.718  10.397  0001.12  05.67  04.73  304.7  009.26  17.699  1013.433  1470.37 
2025 01 20 08 41 28.16  20.655  10.374  0001.11  05.61  04.74  304.7  009.26  17.651  1013.399  1470.23 
2025 01 20 08 41 28.28  20.608  10.399  0001.11  05.89  04.74  304.7  009.26  17.595  1013.352  1470.25 
2025 01 20 08 41 28.41  20.598  10.400  0001.11  06.02  04.74  304.7  009.26  17.585  1013.344  1470.25 
2025 01 20 08 41 28.53  20.648  10.404  0001.11  05.80  04.74  304.7  009.26  17.630  1013.378  1470.32 
2025 01 20 08 41 28.66  20.658  10.407  0001.10  06.01  04.74  304.7  009.26  17.637  1013.384  1470.34 
2025 01 20 08 41 28.78  20.484  10.410  0001.10  06.06  04.74  304.7  009.26  17.474  1013.257  1470.15 
2025 01 20 08 41 28.91  20.347  10.400  0001.09  05.87  04.75  304.7  009.26  17.351  1013.162  1469.97 
2025 01 20 08 41 29.03  20.335  10.403  0001.09  05.71  04.74  304.7  009.26  17.338  1013.152  1469.96 
2025 01 20 08 41 29.16  20.403  10.406  0001.10  05.66  04.74  304.7  009.26  17.400  1013.200  1470.05 
2025 01 20 08 41 29.28  20.459  10.394  0001.08  05.63  04.74  304.7  009.26  17.458  1013.246  1470.07 
2025 01 20 08 41 29.41  20.522  10.402  0001.10  05.61  04.74  304.7  009.26  17.513  1013.288  1470.17 
2025 01 20 08 41 29.53  20.553  10.398  0001.11  05.65  04.74  304.7  009.26  17.544  1013.312  1470.19 
2025 01 20 08 41 29.66  20.551  10.400  0001.09  05.64  04.74  304.7  009.26  17.541  1013.310  1470.20 
2025 01 20 08 41 29.78  20.522  10.405  0001.10  05.57  04.74  304.7  009.26  17.512  1013.287  1470.18 
2025 01 20 08 41 29.91  20.512  10.408  0001.10  05.50  04.72  304.7  009.26  17.501  1013.278  1470.17 
2025 01 20 08 41 30.03  20.507  10.414  0001.08  05.53  04.64  304.7  009.26  17.493  1013.271  1470.19 
2025 01 20 08 41 30.16  20.503  10.408  0001.07  05.72  04.63  304.7  009.26  17.493  1013.271  1470.17 
2025 01 20 08 41 30.28  20.501  10.414  0001.08  05.77  04.64  304.7  009.26  17.488  1013.267  1470.18 
2025 01 20 08 41 30.41  20.514  10.417  0001.08  05.58  04.64  304.7  009.26  17.498  1013.274  1470.21 
2025 01 20 08 41 30.53  20.571  10.418  0001.07  05.52  04.63  304.7  009.26  17.551  1013.315  1470.27 
2025 01 20 08 41 30.66  20.616  10.421  0001.09  05.41  04.63  304.7  009.26  17.592  1013.347  1470.33 
2025 01 20 08 41 30.78  20.647  10.421  0001.10  05.52  04.64  304.7  009.26  17.621  1013.369  1470.37 
2025 01 20 08 41 30.91  20.674  10.417  0001.12  05.51  04.72  304.7  009.26  17.647  1013.390  1470.39 
2025 01 20 08 41 31.03  20.683  10.416  0001.10  05.47  04.73  305.4  009.26  17.657  1013.398  1470.39 
2025 01 20 08 41 31.16  20.671  10.415  0001.08  05.46  04.75  305.4  009.26  17.646  1013.389  1470.38 
2025 01 20 08 41 31.28  20.629  10.416  0001.08  05.51  04.75  305.4  009.26  17.606  1013.358  1470.33 
2025 01 20 08 41 31.41  20.589  10.416  0001.08  05.58  04.75  305.4  009.26  17.569  1013.329  1470.29 
2025 01 20 08 41 31.53  20.561  10.416  0001.09  05.80  04.75  305.4  009.26  17.542  1013.308  1470.26 
2025 01 20 08 41 31.66  20.577  10.418  0001.07  05.76  04.75  305.4  009.26  17.557  1013.319  1470.28 
2025 01 20 08 41 31.78  20.618  10.420  0001.07  05.77  04.75  305.4  009.26  17.594  1013.348  1470.33 
2025 01 20 08 41 31.91  20.678  10.432  0001.09  05.79  04.74  305.4  009.26  17.644  1013.385  1470.44 
2025 01 20 08 41 32.03  20.718  10.433  0001.08  05.70  04.74  305.4  009.26  17.681  1013.414  1470.49 
2025 01 20 08 41 32.16  20.746  10.434  0001.10  05.68  04.74  305.4  009.26  17.706  1013.433  1470.52 
2025 01 20 08 41 32.28  20.765  10.433  0001.10  05.62  04.74  305.4  009.26  17.725  1013.448  1470.54 
2025 01 20 08 41 32.41  20.760  10.433  0001.09  05.83  04.74  305.4  009.26  17.720  1013.444  1470.53 
2025 01 20 08 41 32.53  20.740  10.430  0001.10  05.86  04.74  305.4  009.26  17.702  1013.431  1470.50 
2025 01 20 08 41 32.66  20.719  10.419  0001.10  05.89  04.74  305.4  009.26  17.689  1013.422  1470.44 
2025 01 20 08 41 32.78  20.709  10.409  0001.09  05.84  04.75  305.4  009.26  17.684  1013.419  1470.40 
2025 01 20 08 41 32.91  20.696  10.408  0001.09  05.68  04.72  305.4  009.26  17.673  1013.411  1470.38 
2025 01 20 08 41 33.03  20.686  10.411  0001.11  05.60  04.65  305.4  009.26  17.661  1013.401  1470.38 
2025 01 20 08 41 33.16  20.690  10.413  0001.09  05.59  04.64  305.4  009.26  17.664  1013.403  1470.39 
2025 01 20 08 41 33.28  20.707  10.412  0001.09  05.58  04.64  305.4  009.26  17.681  1013.417  1470.41 
2025 01 20 08 41 33.41  20.735  10.416  0001.07  05.55  04.64  305.4  009.26  17.705  1013.435  1470.45 
2025 01 20 08 41 33.53  20.749  10.419  0001.10  05.53  04.64  305.4  009.26  17.717  1013.444  1470.48 
2025 01 20 08 41 33.66  20.760  10.423  0001.08  05.45  04.64  305.4  009.26  17.725  1013.449  1470.50 
2025 01 20 08 41 33.78  20.765  10.429  0001.08  05.39  04.65  305.4  009.26  17.727  1013.450  1470.52 
2025 01 20 08 41 33.91  20.768  10.427  0001.06  05.50  04.73  305.4  009.26  17.731  1013.453  1470.52 
2025 01 20 08 41 34.03  20.775  10.432  0001.08  05.59  04.74  305.7  009.26  17.734  1013.455  1470.55 
2025 01 20 08 41 34.16  20.795  10.434  0001.08  05.59  04.75  305.7  009.26  17.752  1013.469  1470.57 
2025 01 20 08 41 34.28  20.826  10.434  0001.08  05.80  04.75  305.7  009.26  17.781  1013.491  1470.61 
2025 01 20 08 41 34.41  20.873  10.434  0001.07  05.72  04.75  305.7  009.26  17.825  1013.525  1470.66 
2025 01 20 08 41 34.53  20.914  10.435  0001.09  05.57  04.75  305.7  009.26  17.863  1013.554  1470.71 
2025 01 20 08 41 34.66  20.936  10.434  0001.09  05.48  04.75  305.7  009.29  17.883  1013.570  1470.73 
2025 01 20 08 41 34.78  20.942  10.435  0001.09  05.57  04.76  305.7  009.26  17.889  1013.575  1470.74 
2025 01 20 08 41 34.91  20.940  10.435  0001.08  05.93  04.75  305.7  009.26  17.887  1013.574  1470.74 
2025 01 20 08 41 35.03  20.924  10.435  0001.11  05.97  04.75  305.7  009.26  17.872  1013.561  1470.72 
2025 01 20 08 41 35.16  20.892  10.432  0001.11  05.81  04.75  305.7  009.26  17.843  1013.540  1470.68 
2025 01 20 08 41 35.28  20.875  10.426  0001.11  05.70  04.75  305.7  009.26  17.831  1013.531  1470.64 
2025 01 20 08 41 35.41  20.858  10.423  0001.10  05.66  04.75  305.7  009.26  17.816  1013.520  1470.61 
2025 01 20 08 41 35.53  20.837  10.422  0001.11  05.60  04.75  305.7  009.26  17.797  1013.505  1470.59 
2025 01 20 08 41 35.66  20.819  10.421  0001.09  05.54  04.75  305.7  009.26  17.781  1013.493  1470.56 
2025 01 20 08 41 35.78  20.789  10.421  0001.08  05.45  04.75  305.7  009.26  17.753  1013.471  1470.53 
2025 01 20 08 41 35.91  20.741  10.425  0001.07  05.49  04.73  305.7  009.26  17.706  1013.434  1470.48 
2025 01 20 08 41 36.03  20.733  10.433  0001.06  05.58  04.66  305.7  009.26  17.695  1013.425  1470.50 
2025 01 20 08 41 36.16  20.772  10.434  0001.06  05.60  04.65  305.7  009.26  17.731  1013.452  1470.55 
2025 01 20 08 41 36.28  20.814  10.422  0001.07  05.67  04.65  305.7  009.26  17.776  1013.489  1470.56 
2025 01 20 08 41 36.41  20.824  10.420  0001.06  05.90  04.65  305.7  009.26  17.786  1013.497  1470.56 
2025 01 20 08 41 36.53  20.842  10.419  0001.09  05.81  04.65  305.7  009.26  17.803  1013.510  1470.58 
2025 01 20 08 41 36.66  20.839  10.423  0001.10  05.82  04.65  305.7  009.26  17.799  1013.507  1470.59 
2025 01 20 08 41 36.78  20.831  10.424  0001.11  05.69  04.66  305.7  009.26  17.791  1013.500  1470.59 
2025 01 20 08 41 36.91  20.799  10.423  0001.11  05.59  04.74  305.7  009.26  17.762  1013.478  1470.55 
2025 01 20 08 41 37.03  20.775  10.425  0001.11  05.55  04.75  305.6  009.26  17.737  1013.459  1470.53 
2025 01 20 08 41 37.16  20.777  10.418  0001.11  05.67  04.76  305.6  009.26  17.743  1013.464  1470.50 
2025 01 20 08 41 37.28  20.776  10.406  0001.11  05.81  04.76  305.6  009.26  17.748  1013.470  1470.47 
2025 01 20 08 41 37.41  20.780  10.408  0001.10  05.73  04.76  305.6  009.26  17.750  1013.471  1470.48 
2025 01 20 08 41 37.53  20.794  10.416  0001.10  05.58  04.76  305.6  009.26  17.760  1013.478  1470.52 
2025 01 20 08 41 37.66  20.810  10.421  0001.11  05.48  04.77  305.6  009.26  17.772  1013.486  1470.55 
2025 01 20 08 41 37.78  20.815  10.421  0001.10  05.40  04.76  305.6  009.26  17.777  1013.490  1470.56 
2025 01 20 08 41 37.91  20.818  10.423  0001.10  05.45  04.76  305.6  009.26  17.779  1013.491  1470.57 
2025 01 20 08 41 38.03  20.822  10.426  0001.10  05.38  04.76  305.6  009.26  17.781  1013.492  1470.58 
2025 01 20 08 41 38.16  20.832  10.430  0001.11  05.42  04.76  305.6  009.26  17.789  1013.498  1470.60 
2025 01 20 08 41 38.28  20.838  10.428  0001.07  05.42  04.76  305.6  009.26  17.796  1013.503  1470.60 
2025 01 20 08 41 38.41  20.807  10.432  0001.08  05.39  04.76  305.6  009.26  17.764  1013.478  1470.58 
2025 01 20 08 41 38.53  20.759  10.433  0001.10  05.39  04.76  305.6  009.26  17.719  1013.443  1470.53 
2025 01 20 08 41 38.66  20.693  10.429  0001.08  05.45  04.76  305.6  009.26  17.659  1013.398  1470.44 
2025 01 20 08 41 38.78  20.647  10.424  0001.09  05.39  04.76  305.6  009.26  17.619  1013.367  1470.38 
2025 01 20 08 41 38.91  20.604  10.420  0001.09  05.67  04.74  305.6  009.26  17.581  1013.338  1470.32 
2025 01 20 08 41 39.03  20.546  10.430  0001.08  05.71  04.66  305.6  009.26  17.522  1013.291  1470.28 
2025 01 20 08 41 39.16  20.537  10.433  0001.09  05.58  04.66  305.6  009.26  17.512  1013.283  1470.28 
2025 01 20 08 41 39.28  20.550  10.434  0001.08  05.47  04.66  305.6  009.26  17.523  1013.291  1470.30 
2025 01 20 08 41 39.41  20.585  10.431  0001.08  05.39  04.66  305.6  009.26  17.558  1013.319  1470.33 
2025 01 20 08 41 39.53  20.631  10.431  0001.08  05.39  04.65  305.6  009.26  17.600  1013.352  1470.38 
2025 01 20 08 41 39.66  20.680  10.432  0001.08  05.47  04.66  305.6  009.26  17.646  1013.387  1470.44 
2025 01 20 08 41 39.78  20.733  10.434  0001.09  05.47  04.66  305.6  009.26  17.694  1013.424  1470.50 
2025 01 20 08 41 39.91  20.768  10.432  0001.10  05.78  04.74  305.6  009.26  17.727  1013.450  1470.54 
2025 01 20 08 41 40.03  20.803  10.433  0001.11  05.84  04.75  305.6  009.26  17.760  1013.476  1470.58 
2025 01 20 08 41 40.16  20.834  10.435  0001.13  05.97  04.77  305.6  009.26  17.788  1013.497  1470.62 
2025 01 20 08 41 40.28  20.828  10.435  0001.11  05.79  04.77  305.6  009.26  17.783  1013.492  1470.62 
2025 01 20 08 41 40.41  20.823  10.434  0001.12  05.62  04.77  305.6  009.26  17.778  1013.489  1470.61 
2025 01 20 08 41 40.53  20.840  10.435  0001.13  05.62  04.77  305.6  009.26  17.794  1013.501  1470.63 
2025 01 20 08 41 40.66  20.867  10.437  0001.13  05.62  04.77  305.6  009.26  17.818  1013.520  1470.67 
2025 01 20 08 41 40.78  20.892  10.436  0001.14  05.70  04.76  305.6  009.26  17.841  1013.538  1470.69 
2025 01 20 08 41 40.91  20.899  10.438  0001.15  05.72  04.76  305.6  009.26  17.847  1013.542  1470.71 
2025 01 20 08 41 41.03  20.920  10.433  0001.12  05.63  04.76  305.6  009.26  17.869  1013.560  1470.71 
2025 01 20 08 41 41.16  20.975  10.431  0001.14  05.66  04.76  305.6  009.26  17.921  1013.601  1470.77 
2025 01 20 08 41 41.28  21.080  10.436  0001.16  05.62  04.76  305.6  009.26  18.017  1013.674  1470.90 
2025 01 20 08 41 41.41  21.321  10.440  0001.17  05.59  04.76  305.6  009.26  18.240  1013.847  1471.19 
2025 01 20 08 41 41.53  21.568  10.441  0001.20  05.63  04.76  305.6  009.26  18.470  1014.025  1471.47 
2025 01 20 08 41 41.66  21.642  10.441  0001.21  05.78  04.77  305.6  009.26  18.539  1014.079  1471.55 
2025 01 20 08 41 41.78  21.842  10.439  0001.26  05.77  04.76  305.6  009.26  18.729  1014.227  1471.77 
2025 01 20 08 41 41.91  22.266  10.438  0001.32  05.65  04.74  305.6  009.26  19.127  1014.536  1472.25 
2025 01 20 08 41 42.03  22.484  10.395  0001.39  05.57  04.67  305.6  009.26  19.355  1014.719  1472.37 
2025 01 20 08 41 42.16  22.601  10.355  0001.47  05.75  04.66  305.6  009.26  19.487  1014.828  1472.38 
2025 01 20 08 41 42.28  22.664  10.333  0001.58  05.80  04.66  305.6  009.26  19.557  1014.886  1472.38 
2025 01 20 08 41 42.41  22.693  10.327  0001.66  05.76  04.66  305.6  009.26  19.588  1014.911  1472.40 
2025 01 20 08 41 42.53  22.777  10.311  0001.78  05.46  04.65  305.6  009.26  19.676  1014.982  1472.45 
2025 01 20 08 41 42.66  23.206  10.340  0001.91  05.36  04.66  305.6  009.26  20.066  1015.282  1473.03 
2025 01 20 08 41 42.78  23.585  10.361  0002.01  05.22  04.65  305.6  009.26  20.413  1015.549  1473.52 
2025 01 20 08 41 42.91  23.715  10.366  0002.07  05.28  04.74  305.6  009.26  20.534  1015.642  1473.69 
2025 01 20 08 41 43.03  23.741  10.366  0002.09  05.48  04.76  305.1  009.26  20.558  1015.661  1473.72 
2025 01 20 08 41 43.16  23.729  10.362  0002.10  05.58  04.77  305.1  009.26  20.548  1015.654  1473.69 
2025 01 20 08 41 43.28  23.709  10.362  0002.12  05.60  04.77  305.1  009.26  20.530  1015.640  1473.67 
2025 01 20 08 41 43.41  23.720  10.363  0002.12  05.74  04.77  305.1  009.26  20.540  1015.647  1473.69 
2025 01 20 08 41 43.53  23.745  10.365  0002.12  06.04  04.77  305.1  009.26  20.563  1015.665  1473.72 
2025 01 20 08 41 43.66  23.697  10.362  0002.12  06.17  04.78  305.1  009.26  20.518  1015.631  1473.66 
2025 01 20 08 41 43.78  23.610  10.360  0002.15  06.11  04.77  305.1  009.26  20.437  1015.568  1473.55 
2025 01 20 08 41 43.91  23.615  10.363  0002.18  06.01  04.77  305.1  009.26  20.440  1015.570  1473.57 
2025 01 20 08 41 44.03  23.725  10.363  0002.24  06.03  04.77  305.1  009.26  20.544  1015.651  1473.69 
2025 01 20 08 41 44.16  23.888  10.367  0002.32  06.21  04.76  305.1  009.26  20.697  1015.770  1473.89 
2025 01 20 08 41 44.28  24.045  10.370  0002.42  06.21  04.76  305.1  009.26  20.845  1015.885  1474.08 
2025 01 20 08 41 44.41  24.383  10.398  0002.49  06.34  04.76  305.1  009.26  21.149  1016.117  1474.56 
2025 01 20 08 41 44.53  24.704  10.434  0002.59  06.48  04.75  305.1  009.26  21.434  1016.333  1475.03 
2025 01 20 08 41 44.66  24.898  10.456  0002.70  06.61  04.76  305.1  009.26  21.605  1016.463  1475.32 
2025 01 20 08 41 44.78  25.058  10.476  0002.81  06.59  04.75  305.1  009.26  21.746  1016.570  1475.57 
2025 01 20 08 41 44.91  25.191  10.490  0002.92  06.97  04.73  305.1  009.26  21.865  1016.661  1475.76 
2025 01 20 08 41 45.03  25.410  10.528  0003.00  07.22  04.66  305.1  009.26  22.050  1016.799  1476.13 
2025 01 20 08 41 45.16  25.661  10.565  0003.11  07.10  04.65  305.1  009.26  22.267  1016.963  1476.53 
2025 01 20 08 41 45.28  25.785  10.583  0003.19  07.10  04.65  305.1  009.26  22.374  1017.044  1476.72 
2025 01 20 08 41 45.41  25.995  10.623  0003.29  07.24  04.65  305.1  009.26  22.550  1017.174  1477.08 
2025 01 20 08 41 45.53  26.139  10.659  0003.42  07.46  04.65  305.1  009.26  22.664  1017.258  1477.35 
2025 01 20 08 41 45.66  26.229  10.673  0003.53  07.55  04.65  305.1  009.26  22.741  1017.317  1477.50 
2025 01 20 08 41 45.78  26.351  10.694  0003.66  07.74  04.64  305.1  009.26  22.845  1017.394  1477.70 
2025 01 20 08 41 45.91  26.768  10.725  0003.80  08.28  04.73  305.1  009.26  23.223  1017.684  1478.27 
2025 01 20 08 41 46.03  27.189  10.740  0003.98  09.00  04.74  305.4  009.26  23.614  1017.986  1478.80 
2025 01 20 08 41 46.16  27.431  10.751  0004.14  09.19  04.75  305.4  009.26  23.839  1018.159  1479.11 
2025 01 20 08 41 46.28  28.075  10.773  0004.29  09.08  04.75  305.4  009.26  24.441  1018.624  1479.92 
2025 01 20 08 41 46.41  28.678  10.779  0004.49  08.97  04.75  305.4  009.26  25.016  1019.070  1480.63 
2025 01 20 08 41 46.53  28.827  10.778  0004.66  08.42  04.75  305.4  009.26  25.159  1019.183  1480.81 
2025 01 20 08 41 46.66  28.943  10.774  0004.82  08.00  04.75  305.4  009.26  25.273  1019.272  1480.93 
2025 01 20 08 41 46.78  29.142  10.775  0004.98  07.39  04.75  305.4  009.26  25.464  1019.422  1481.17 
2025 01 20 08 41 46.91  29.411  10.789  0005.08  07.68  04.75  305.4  009.26  25.713  1019.613  1481.52 
2025 01 20 08 41 47.03  29.567  10.811  0005.20  07.64  04.75  305.4  009.26  25.848  1019.715  1481.76 
2025 01 20 08 41 47.16  29.702  10.821  0005.34  07.23  04.75  305.4  009.26  25.971  1019.809  1481.95 
2025 01 20 08 41 47.28  29.844  10.815  0005.46  07.08  04.75  305.4  009.26  26.113  1019.920  1482.10 
2025 01 20 08 41 47.41  29.977  10.810  0005.56  06.98  04.75  305.4  009.29  26.245  1020.025  1482.24 
2025 01 20 08 41 47.53  30.231  10.809  0005.75  06.82  04.75  305.4  009.26  26.491  1020.217  1482.54 
2025 01 20 08 41 47.66  30.320  10.806  0005.87  06.79  04.74  305.4  009.26  26.578  1020.286  1482.63 
2025 01 20 08 41 47.78  30.363  10.804  0006.05  06.40  04.74  305.4  009.26  26.621  1020.320  1482.68 
2025 01 20 08 41 47.91  30.466  10.798  0006.20  06.39  04.72  305.4  009.26  26.726  1020.403  1482.79 
2025 01 20 08 41 48.03  30.542  10.794  0006.36  06.15  04.65  305.4  009.26  26.802  1020.464  1482.87 
2025 01 20 08 41 48.16  30.577  10.792  0006.54  06.65  04.63  305.4  009.26  26.837  1020.492  1482.91 
2025 01 20 08 41 48.28  30.632  10.794  0006.65  06.69  04.64  305.4  009.26  26.890  1020.533  1482.98 
2025 01 20 08 41 48.41  30.702  10.789  0006.81  06.33  04.63  305.4  009.26  26.961  1020.590  1483.05 
2025 01 20 08 41 48.53  30.767  10.780  0006.98  06.46  04.63  305.4  009.26  27.031  1020.646  1483.10 
2025 01 20 08 41 48.66  30.918  10.753  0007.13  06.40  04.63  305.4  009.26  27.197  1020.781  1483.21 
2025 01 20 08 41 48.78  31.085  10.733  0007.24  06.03  04.63  305.4  009.26  27.374  1020.922  1483.35 
2025 01 20 08 41 48.91  31.162  10.727  0007.40  06.05  04.71  305.4  009.26  27.453  1020.985  1483.43 
2025 01 20 08 41 49.03  31.210  10.729  0007.53  06.08  04.72  298.8  009.26  27.499  1021.021  1483.49 
2025 01 20 08 41 49.16  31.234  10.735  0007.67  06.05  04.73  298.8  009.26  27.518  1021.035  1483.54 
2025 01 20 08 41 49.28  31.249  10.738  0007.81  06.38  04.73  298.8  009.26  27.530  1021.045  1483.56 
2025 01 20 08 41 49.41  31.264  10.741  0007.96  06.52  04.73  298.8  009.29  27.543  1021.055  1483.59 
2025 01 20 08 41 49.53  31.281  10.739  0008.14  06.73  04.73  298.8  009.26  27.560  1021.069  1483.61 
2025 01 20 08 41 49.66  31.301  10.731  0008.29  06.88  04.72  298.8  009.26  27.586  1021.091  1483.62 
2025 01 20 08 41 49.78  31.316  10.725  0008.44  06.97  04.72  298.8  009.26  27.605  1021.108  1483.62 
2025 01 20 08 41 49.91  31.330  10.731  0008.59  07.03  04.72  298.8  009.26  27.614  1021.115  1483.66 
2025 01 20 08 41 50.03  31.338  10.730  0008.75  06.93  04.72  298.8  009.26  27.622  1021.122  1483.66 
2025 01 20 08 41 50.16  31.344  10.733  0008.90  06.78  04.72  298.8  009.26  27.626  1021.125  1483.68 
2025 01 20 08 41 50.28  31.355  10.744  0009.03  06.78  04.76  298.8  009.26  27.629  1021.126  1483.73 
2025 01 20 08 41 50.41  31.370  10.753  0009.17  06.71  04.88  298.8  009.26  27.636  1021.131  1483.77 
2025 01 20 08 41 50.53  31.378  10.761  0009.33  06.74  05.13  298.8  009.26  27.638  1021.132  1483.80 
2025 01 20 08 41 50.66  31.387  10.763  0009.48  07.07  05.40  298.8  009.26  27.645  1021.138  1483.82 
2025 01 20 08 41 50.78  31.397  10.756  0009.63  07.18  05.66  298.8  009.26  27.660  1021.151  1483.82 
2025 01 20 08 41 50.91  31.407  10.750  0009.80  07.25  05.90  298.8  009.26  27.674  1021.164  1483.82 
2025 01 20 08 41 51.03  31.412  10.739  0009.92  07.06  06.04  298.8  009.26  27.688  1021.177  1483.79 
2025 01 20 08 41 51.16  31.403  10.719  0010.09  07.55  06.24  298.8  009.26  27.694  1021.185  1483.73 
2025 01 20 08 41 51.28  31.397  10.707  0010.23  07.36  06.42  298.8  009.26  27.696  1021.190  1483.69 
2025 01 20 08 41 51.41  31.397  10.705  0010.39  07.46  06.59  298.8  009.26  27.698  1021.192  1483.69 
2025 01 20 08 41 51.53  31.416  10.718  0010.53  06.98  06.74  298.8  009.26  27.706  1021.197  1483.75 
2025 01 20 08 41 51.66  31.428  10.720  0010.68  06.70  06.88  298.8  009.26  27.716  1021.206  1483.77 
2025 01 20 08 41 51.78  31.434  10.722  0010.85  06.46  07.01  298.8  009.26  27.721  1021.210  1483.79 
2025 01 20 08 41 51.91  31.431  10.715  0011.06  06.60  07.22  298.8  009.26  27.723  1021.214  1483.77 
2025 01 20 08 41 52.03  31.423  10.698  0011.22  06.62  07.33  299.1  009.26  27.728  1021.221  1483.72 
2025 01 20 08 41 52.16  31.424  10.693  0011.34  06.63  07.45  299.1  009.26  27.733  1021.226  1483.71 
2025 01 20 08 41 52.28  31.429  10.695  0011.50  06.51  07.55  299.1  009.26  27.737  1021.229  1483.72 
2025 01 20 08 41 52.41  31.431  10.696  0011.63  06.86  07.64  299.1  009.26  27.738  1021.231  1483.72 
2025 01 20 08 41 52.53  31.430  10.691  0011.80  07.16  07.72  299.1  009.26  27.740  1021.234  1483.71 
2025 01 20 08 41 52.66  31.432  10.691  0011.96  06.89  07.79  299.1  009.26  27.743  1021.237  1483.72 
2025 01 20 08 41 52.78  31.441  10.696  0012.13  06.75  07.85  299.1  009.26  27.747  1021.240  1483.75 
2025 01 20 08 41 52.91  31.452  10.700  0012.31  06.82  07.91  299.1  009.26  27.755  1021.246  1483.77 
2025 01 20 08 41 53.03  31.459  10.705  0012.47  06.55  07.96  299.1  009.26  27.758  1021.249  1483.80 
2025 01 20 08 41 53.16  31.459  10.695  0012.64  06.51  08.01  299.1  009.26  27.765  1021.257  1483.77 
2025 01 20 08 41 53.28  31.455  10.691  0012.80  06.47  08.05  299.1  009.26  27.764  1021.257  1483.76 
2025 01 20 08 41 53.41  31.454  10.690  0012.94  06.63  08.09  299.1  009.26  27.764  1021.258  1483.76 
2025 01 20 08 41 53.53  31.454  10.690  0013.12  06.54  08.12  299.1  009.26  27.764  1021.259  1483.76 
2025 01 20 08 41 53.66  31.456  10.689  0013.24  06.64  08.14  299.1  009.26  27.767  1021.261  1483.76 
2025 01 20 08 41 53.78  31.457  10.690  0013.41  06.70  08.16  299.1  009.26  27.767  1021.262  1483.77 
2025 01 20 08 41 53.91  31.461  10.690  0013.60  06.55  08.17  299.1  009.26  27.771  1021.266  1483.78 
2025 01 20 08 41 54.03  31.467  10.692  0013.77  06.55  08.11  299.1  009.26  27.775  1021.270  1483.79 
2025 01 20 08 41 54.16  31.475  10.694  0013.95  06.59  08.12  299.1  009.26  27.781  1021.275  1483.81 
2025 01 20 08 41 54.28  31.487  10.690  0014.14  06.51  08.13  299.1  009.26  27.796  1021.288  1483.82 
2025 01 20 08 41 54.41  31.496  10.696  0014.29  06.21  08.15  299.1  009.26  27.800  1021.291  1483.85 
2025 01 20 08 41 54.53  31.502  10.698  0014.48  06.19  08.15  299.1  009.26  27.804  1021.295  1483.86 
2025 01 20 08 41 54.66  31.505  10.692  0014.64  06.49  08.15  299.1  009.26  27.812  1021.302  1483.85 
2025 01 20 08 41 54.78  31.508  10.689  0014.83  06.48  08.16  299.1  009.26  27.817  1021.307  1483.85 
2025 01 20 08 41 54.91  31.508  10.687  0015.04  06.30  08.25  299.1  009.26  27.818  1021.310  1483.85 
2025 01 20 08 41 55.03  31.510  10.686  0015.18  06.01  08.26  300.5  009.26  27.820  1021.312  1483.85 
2025 01 20 08 41 55.16  31.512  10.685  0015.36  05.80  08.27  300.5  009.26  27.824  1021.316  1483.85 
2025 01 20 08 41 55.28  31.514  10.686  0015.58  06.16  08.26  300.5  009.26  27.824  1021.317  1483.86 
2025 01 20 08 41 55.41  31.524  10.688  0015.76  06.17  08.26  300.5  009.26  27.833  1021.325  1483.88 
2025 01 20 08 41 55.53  31.532  10.690  0015.94  06.05  08.26  300.5  009.26  27.839  1021.330  1483.90 
2025 01 20 08 41 55.66  31.534  10.689  0016.12  06.08  08.25  300.5  009.26  27.842  1021.333  1483.90 
2025 01 20 08 41 55.78  31.531  10.681  0016.31  05.99  08.24  300.5  009.26  27.845  1021.337  1483.88 
2025 01 20 08 41 55.91  31.528  10.675  0016.50  05.96  08.23  300.5  009.26  27.847  1021.341  1483.86 
2025 01 20 08 41 56.03  31.525  10.667  0016.69  05.81  08.22  300.5  009.26  27.849  1021.345  1483.84 
2025 01 20 08 41 56.16  31.522  10.666  0016.90  05.60  08.21  300.5  009.26  27.847  1021.344  1483.84 
2025 01 20 08 41 56.28  31.522  10.663  0017.09  05.48  08.20  300.5  009.26  27.849  1021.347  1483.83 
2025 01 20 08 41 56.41  31.522  10.659  0017.24  05.43  08.19  300.5  009.26  27.852  1021.351  1483.82 
2025 01 20 08 41 56.53  31.523  10.656  0017.46  05.50  08.17  300.5  009.26  27.855  1021.355  1483.82 
2025 01 20 08 41 56.66  31.524  10.654  0017.64  05.49  08.15  300.5  009.26  27.858  1021.358  1483.82 
2025 01 20 08 41 56.78  31.528  10.651  0017.84  05.74  08.14  300.5  009.26  27.864  1021.364  1483.82 
2025 01 20 08 41 56.91  31.534  10.637  0018.00  05.96  08.11  300.5  009.26  27.881  1021.380  1483.79 
2025 01 20 08 41 57.03  31.541  10.626  0018.16  05.89  08.01  300.5  009.26  27.896  1021.394  1483.77 
2025 01 20 08 41 57.16  31.550  10.610  0018.32  05.70  07.98  300.5  009.26  27.917  1021.414  1483.74 
2025 01 20 08 41 57.28  31.558  10.600  0018.51  05.60  07.96  300.5  009.26  27.933  1021.429  1483.72 
2025 01 20 08 41 57.41  31.568  10.589  0018.71  05.77  07.95  300.5  009.26  27.950  1021.445  1483.71 
2025 01 20 08 41 57.53  31.583  10.577  0018.88  05.77  07.91  300.5  009.26  27.974  1021.467  1483.70 
2025 01 20 08 41 57.66  31.595  10.575  0019.04  05.56  07.89  300.5  009.26  27.987  1021.478  1483.71 
2025 01 20 08 41 57.78  31.607  10.576  0019.23  05.40  07.87  300.5  009.26  27.998  1021.487  1483.73 
2025 01 20 08 41 57.91  31.619  10.577  0019.40  05.10  07.93  300.5  009.26  28.009  1021.496  1483.75 
2025 01 20 08 41 58.03  31.623  10.576  0019.61  04.95  07.91  300.5  009.26  28.014  1021.501  1483.75 
2025 01 20 08 41 58.16  31.623  10.571  0019.80  04.75  07.90  300.5  009.26  28.018  1021.506  1483.74 
2025 01 20 08 41 58.28  31.627  10.557  0019.98  04.49  07.88  300.5  009.29  28.032  1021.520  1483.71 
2025 01 20 08 41 58.41  31.635  10.550  0020.12  04.33  07.85  300.5  009.26  28.046  1021.532  1483.71 
2025 01 20 08 41 58.53  31.676  10.550  0020.32  04.20  07.82  300.5  009.26  28.085  1021.564  1483.76 
2025 01 20 08 41 58.66  31.699  10.548  0020.49  04.07  07.79  300.5  009.26  28.109  1021.584  1483.79 
2025 01 20 08 41 58.78  31.717  10.541  0020.71  03.96  07.76  300.5  009.26  28.132  1021.604  1483.79 
2025 01 20 08 41 58.91  31.734  10.537  0020.88  04.01  07.74  300.5  009.26  28.152  1021.621  1483.80 
2025 01 20 08 41 59.03  31.738  10.535  0021.04  04.10  07.71  300.5  009.26  28.158  1021.626  1483.80 
2025 01 20 08 41 59.16  31.739  10.535  0021.23  04.13  07.68  300.5  009.26  28.158  1021.627  1483.81 
2025 01 20 08 41 59.28  31.740  10.532  0021.41  04.05  07.65  300.5  009.26  28.161  1021.631  1483.80 
2025 01 20 08 41 59.41  31.744  10.531  0021.58  04.12  07.63  300.5  009.26  28.167  1021.636  1483.81 
2025 01 20 08 41 59.53  31.753  10.532  0021.76  04.12  07.59  300.5  009.26  28.174  1021.643  1483.82 
2025 01 20 08 41 59.66  31.779  10.529  0021.92  04.04  07.57  300.5  009.26  28.203  1021.666  1483.85 
2025 01 20 08 41 59.78  31.798  10.527  0022.08  04.18  07.54  300.5  009.26  28.222  1021.682  1483.87 
2025 01 20 08 41 59.91  31.807  10.525  0022.22  04.16  07.49  300.5  009.26  28.233  1021.691  1483.88 
2025 01 20 08 42 00.03  31.811  10.527  0022.40  04.22  07.39  300.5  009.26  28.235  1021.694  1483.89 
2025 01 20 08 42 00.16  31.813  10.524  0022.59  04.40  07.36  300.5  009.26  28.239  1021.698  1483.89 
2025 01 20 08 42 00.28  31.814  10.524  0022.79  04.34  07.34  300.5  009.26  28.241  1021.700  1483.89 
2025 01 20 08 42 00.41  31.814  10.521  0022.95  04.14  07.31  300.5  009.26  28.243  1021.703  1483.89 
2025 01 20 08 42 00.53  31.816  10.521  0023.14  03.94  07.27  300.5  009.26  28.244  1021.705  1483.89 
2025 01 20 08 42 00.66  31.821  10.518  0023.33  03.75  07.24  300.5  009.26  28.251  1021.712  1483.89 
2025 01 20 08 42 00.78  31.826  10.516  0023.53  03.80  07.22  300.5  009.26  28.257  1021.718  1483.90 
2025 01 20 08 42 00.91  31.827  10.513  0023.73  03.90  07.28  300.5  009.26  28.261  1021.722  1483.89 
2025 01 20 08 42 01.03  31.828  10.504  0023.88  03.95  07.26  299.9  009.26  28.269  1021.731  1483.87 
2025 01 20 08 42 01.16  31.828  10.492  0024.09  03.87  07.24  299.9  009.26  28.278  1021.740  1483.84 
2025 01 20 08 42 01.28  31.830  10.487  0024.29  03.96  07.22  299.9  009.26  28.284  1021.747  1483.84 
2025 01 20 08 42 01.41  31.835  10.481  0024.49  04.00  07.19  299.9  009.26  28.294  1021.756  1483.83 
2025 01 20 08 42 01.53  31.838  10.477  0024.68  04.04  07.16  299.9  009.26  28.298  1021.761  1483.82 
2025 01 20 08 42 01.66  31.841  10.475  0024.85  04.10  07.13  299.9  009.26  28.303  1021.766  1483.83 
2025 01 20 08 42 01.78  31.845  10.475  0025.03  04.00  07.11  299.9  009.26  28.307  1021.770  1483.83 
2025 01 20 08 42 01.91  31.845  10.473  0025.22  03.90  07.08  299.9  009.26  28.309  1021.773  1483.83 
2025 01 20 08 42 02.03  31.845  10.472  0025.44  03.70  07.05  299.9  009.26  28.310  1021.775  1483.83 
2025 01 20 08 42 02.16  31.847  10.472  0025.60  03.60  07.02  299.9  009.26  28.312  1021.777  1483.84 
2025 01 20 08 42 02.28  31.848  10.472  0025.82  03.58  07.00  299.9  009.26  28.312  1021.778  1483.84 
2025 01 20 08 42 02.41  31.849  10.472  0025.96  03.65  06.97  299.9  009.26  28.314  1021.780  1483.85 
2025 01 20 08 42 02.53  31.850  10.471  0026.15  03.66  06.94  299.9  009.26  28.315  1021.782  1483.85 
2025 01 20 08 42 02.66  31.852  10.467  0026.34  03.68  06.92  299.9  009.26  28.320  1021.788  1483.84 
2025 01 20 08 42 02.78  31.857  10.455  0026.54  03.68  06.90  299.9  009.26  28.334  1021.801  1483.82 
2025 01 20 08 42 02.91  31.869  10.444  0026.75  03.57  06.85  299.9  009.26  28.354  1021.819  1483.81 
2025 01 20 08 42 03.03  31.877  10.434  0026.87  03.51  06.76  299.9  009.26  28.370  1021.834  1483.79 
2025 01 20 08 42 03.16  31.884  10.430  0027.08  03.51  06.72  299.9  009.26  28.380  1021.844  1483.79 
2025 01 20 08 42 03.28  31.888  10.422  0027.28  03.46  06.71  299.9  009.26  28.390  1021.853  1483.78 
2025 01 20 08 42 03.41  31.892  10.419  0027.46  03.34  06.68  299.9  009.26  28.397  1021.860  1483.78 
2025 01 20 08 42 03.53  31.895  10.417  0027.63  03.19  06.65  299.9  009.26  28.401  1021.864  1483.78 
2025 01 20 08 42 03.66  31.898  10.414  0027.78  03.25  06.63  299.9  009.26  28.406  1021.869  1483.78 
2025 01 20 08 42 03.78  31.900  10.412  0027.91  03.29  06.61  299.9  009.26  28.410  1021.873  1483.78 
2025 01 20 08 42 03.91  31.904  10.408  0028.09  03.28  06.68  299.9  009.26  28.417  1021.881  1483.77 
2025 01 20 08 42 04.03  31.920  10.392  0028.25  03.22  06.67  299.4  009.26  28.445  1021.906  1483.75 
2025 01 20 08 42 04.16  31.948  10.361  0028.42  03.16  06.66  299.4  009.26  28.497  1021.951  1483.70 
2025 01 20 08 42 04.28  31.966  10.347  0028.60  03.12  06.64  299.4  009.26  28.525  1021.977  1483.69 
2025 01 20 08 42 04.41  31.966  10.344  0028.56  02.85  06.61  299.4  009.26  28.528  1021.979  1483.68 
2025 01 20 08 42 04.53  31.966  10.351  0028.61  02.52  06.61  299.4  009.26  28.523  1021.974  1483.70 
2025 01 20 08 42 04.66  31.966  10.349  0028.61  02.31  06.60  299.4  009.26  28.523  1021.975  1483.70 
2025 01 20 08 42 04.78  31.963  10.348  0028.61  02.23  06.58  299.4  009.26  28.522  1021.974  1483.69 
2025 01 20 08 42 04.91  31.963  10.344  0028.61  02.30  06.56  299.4  009.26  28.525  1021.977  1483.68 
2025 01 20 08 42 05.03  31.964  10.345  0028.62  02.42  06.54  299.4  009.26  28.525  1021.977  1483.68 
2025 01 20 08 42 05.16  31.962  10.346  0028.62  02.61  06.52  299.4  009.26  28.521  1021.974  1483.68 
2025 01 20 08 42 05.28  31.957  10.360  0028.61  02.77  06.50  299.4  009.26  28.506  1021.960  1483.71 
2025 01 20 08 42 05.41  31.952  10.366  0028.61  02.89  06.48  299.4  009.26  28.496  1021.951  1483.72 
2025 01 20 08 42 05.53  31.945  10.370  0028.61  03.02  06.46  299.4  009.26  28.487  1021.943  1483.73 
2025 01 20 08 42 05.66  31.939  10.372  0028.62  02.99  06.44  299.4  009.26  28.478  1021.936  1483.73 
2025 01 20 08 42 05.78  31.937  10.377  0028.61  02.93  06.42  299.4  009.26  28.473  1021.931  1483.74 
2025 01 20 08 42 05.91  31.935  10.379  0028.60  03.11  06.38  299.4  009.26  28.470  1021.929  1483.74 
2025 01 20 08 42 06.03  31.934  10.378  0028.61  03.87  06.29  299.4  009.26  28.469  1021.929  1483.73 
2025 01 20 08 42 06.16  31.935  10.381  0028.59  05.39  06.26  299.4  009.26  28.467  1021.926  1483.74 
2025 01 20 08 42 06.28  31.935  10.387  0028.60  06.52  06.25  299.4  009.26  28.464  1021.923  1483.76 
2025 01 20 08 42 06.41  31.931  10.386  0028.60  07.33  06.23  299.4  009.26  28.460  1021.920  1483.75 
2025 01 20 08 42 06.53  31.928  10.388  0028.60  08.52  06.21  299.4  009.26  28.456  1021.916  1483.75 
2025 01 20 08 42 06.66  31.927  10.388  0028.61  08.83  06.19  299.4  009.26  28.455  1021.916  1483.75 
2025 01 20 08 42 06.78  31.924  10.389  0028.61  09.56  06.17  299.4  009.26  28.451  1021.912  1483.75 
2025 01 20 08 42 06.91  31.922  10.395  0028.60  09.78  06.24  299.4  009.26  28.444  1021.906  1483.77 
2025 01 20 08 42 07.03  31.917  10.396  0028.61  12.62  06.23  298.3  009.26  28.438  1021.901  1483.76 
2025 01 20 08 42 07.16  31.912  10.395  0028.59  13.15  06.23  298.3  009.26  28.435  1021.899  1483.75 
2025 01 20 08 42 07.28  31.911  10.395  0028.61  13.84  06.22  298.3  009.26  28.433  1021.898  1483.75 
2025 01 20 08 42 07.41  31.910  10.396  0028.59  14.48  06.19  298.3  009.26  28.431  1021.896  1483.76 
2025 01 20 08 42 07.53  31.909  10.397  0028.61  13.40  06.17  298.3  009.26  28.430  1021.895  1483.76 
2025 01 20 08 42 07.66  31.908  10.395  0028.61  12.65  06.16  298.3  009.26  28.431  1021.896  1483.75 
2025 01 20 08 42 07.78  31.911  10.393  0028.60  12.43  06.14  298.3  009.26  28.434  1021.899  1483.75 
2025 01 20 08 42 07.91  31.912  10.395  0028.61  12.52  06.12  298.3  009.26  28.435  1021.899  1483.75 
2025 01 20 08 42 08.03  31.912  10.398  0028.61  11.72  06.10  298.3  009.26  28.432  1021.896  1483.76 
2025 01 20 08 42 08.16  31.911  10.398  0028.58  10.42  06.09  298.3  009.26  28.430  1021.895  1483.76 
2025 01 20 08 42 08.28  31.911  10.398  0028.53  09.49  06.08  298.3  009.26  28.431  1021.895  1483.76 
2025 01 20 08 42 08.41  31.912  10.400  0028.42  08.73  06.06  298.3  009.26  28.430  1021.894  1483.76 
2025 01 20 08 42 08.53  31.908  10.406  0028.28  08.65  06.05  298.3  009.26  28.421  1021.885  1483.77 
2025 01 20 08 42 08.66  31.904  10.409  0028.19  07.76  06.03  298.3  009.26  28.416  1021.880  1483.77 
2025 01 20 08 42 08.78  31.901  10.411  0028.10  06.41  06.01  298.3  009.26  28.411  1021.876  1483.78 
2025 01 20 08 42 08.91  31.900  10.416  0027.99  05.18  05.98  298.3  009.26  28.406  1021.870  1483.78 
2025 01 20 08 42 09.03  31.900  10.417  0027.92  04.23  05.90  298.3  009.26  28.406  1021.869  1483.79 
2025 01 20 08 42 09.16  31.899  10.419  0027.85  03.92  05.87  298.3  009.26  28.403  1021.867  1483.79 
2025 01 20 08 42 09.28  31.900  10.419  0027.81  03.70  05.86  298.3  009.26  28.404  1021.867  1483.79 
2025 01 20 08 42 09.41  31.900  10.418  0027.75  03.80  05.84  298.3  009.26  28.404  1021.867  1483.79 
2025 01 20 08 42 09.53  31.900  10.419  0027.72  03.80  05.82  298.3  009.26  28.404  1021.867  1483.79 
2025 01 20 08 42 09.66  31.899  10.416  0027.71  03.73  05.81  298.3  009.26  28.405  1021.868  1483.78 
2025 01 20 08 42 09.78  31.906  10.407  0027.67  03.89  05.79  298.3  009.26  28.420  1021.881  1483.76 
2025 01 20 08 42 09.91  31.911  10.405  0027.62  03.96  05.86  298.3  009.26  28.426  1021.886  1483.76 
2025 01 20 08 42 10.03  31.906  10.412  0027.55  03.83  05.86  297.6  009.26  28.416  1021.876  1483.78 
2025 01 20 08 42 10.16  31.904  10.411  0027.45  03.75  05.87  297.6  009.26  28.414  1021.875  1483.77 
2025 01 20 08 42 10.28  31.908  10.409  0027.39  03.57  05.85  297.6  009.26  28.420  1021.879  1483.77 
2025 01 20 08 42 10.41  31.908  10.408  0027.31  03.69  05.84  297.6  009.26  28.420  1021.880  1483.76 
2025 01 20 08 42 10.53  31.908  10.409  0027.24  03.90  05.82  297.6  009.26  28.420  1021.879  1483.77 
2025 01 20 08 42 10.66  31.907  10.411  0027.17  04.07  05.81  297.6  009.26  28.418  1021.876  1483.77 
2025 01 20 08 42 10.78  31.905  10.412  0027.11  03.83  05.80  297.6  009.26  28.415  1021.874  1483.77 
2025 01 20 08 42 10.91  31.906  10.410  0027.07  03.58  05.78  297.6  009.26  28.417  1021.875  1483.76 
2025 01 20 08 42 11.03  31.905  10.413  0027.04  03.51  05.77  297.6  009.26  28.415  1021.873  1483.77 
2025 01 20 08 42 11.16  31.901  10.414  0027.01  03.55  05.76  297.6  009.26  28.410  1021.869  1483.77 
2025 01 20 08 42 11.28  31.900  10.415  0026.97  03.73  05.74  297.6  009.26  28.408  1021.867  1483.77 
2025 01 20 08 42 11.41  31.900  10.415  0026.92  03.73  05.73  297.6  009.26  28.407  1021.867  1483.77 
2025 01 20 08 42 11.53  31.903  10.414  0026.85  03.56  05.72  297.6  009.26  28.411  1021.869  1483.77 
2025 01 20 08 42 11.66  31.903  10.414  0026.80  03.45  05.71  297.6  009.26  28.411  1021.869  1483.77 
2025 01 20 08 42 11.78  31.900  10.415  0026.74  03.62  05.70  297.6  009.26  28.408  1021.866  1483.76 
2025 01 20 08 42 11.91  31.896  10.420  0026.65  03.54  05.67  297.6  009.26  28.400  1021.859  1483.77 
2025 01 20 08 42 12.03  31.895  10.423  0026.62  03.42  05.58  297.6  009.26  28.396  1021.855  1483.78 
2025 01 20 08 42 12.16  31.893  10.421  0026.58  03.42  05.56  297.6  009.26  28.396  1021.855  1483.77 
2025 01 20 08 42 12.28  31.893  10.421  0026.56  03.42  05.55  297.6  009.26  28.397  1021.855  1483.77 
2025 01 20 08 42 12.41  31.893  10.422  0026.52  03.57  05.54  297.6  009.26  28.396  1021.855  1483.77 
2025 01 20 08 42 12.53  31.892  10.423  0026.51  03.63  05.53  297.6  009.26  28.393  1021.852  1483.77 
2025 01 20 08 42 12.66  31.890  10.423  0026.49  03.61  05.52  297.6  009.26  28.392  1021.851  1483.77 
2025 01 20 08 42 12.78  31.889  10.424  0026.46  03.40  05.51  297.6  009.26  28.390  1021.849  1483.77 
2025 01 20 08 42 12.91  31.887  10.430  0026.44  03.38  05.59  297.6  009.26  28.383  1021.843  1483.78 
2025 01 20 08 42 13.03  31.882  10.435  0026.37  03.47  05.59  298.2  009.26  28.375  1021.835  1483.79 
2025 01 20 08 42 13.16  31.881  10.434  0026.26  03.38  05.60  298.2  009.26  28.374  1021.835  1483.79 
2025 01 20 08 42 13.28  31.877  10.440  0026.17  03.24  05.59  298.2  009.26  28.366  1021.827  1483.80 
2025 01 20 08 42 13.41  31.871  10.445  0026.06  03.13  05.58  298.2  009.26  28.356  1021.818  1483.80 
2025 01 20 08 42 13.53  31.869  10.444  0025.96  03.35  05.57  298.2  009.26  28.355  1021.817  1483.79 
2025 01 20 08 42 13.66  31.869  10.445  0025.88  03.55  05.56  298.2  009.26  28.355  1021.816  1483.79 
2025 01 20 08 42 13.78  31.869  10.443  0025.83  03.58  05.55  298.2  009.26  28.356  1021.817  1483.79 
2025 01 20 08 42 13.91  31.868  10.446  0025.75  03.56  05.54  298.2  009.26  28.352  1021.813  1483.79 
2025 01 20 08 42 14.03  31.867  10.446  0025.69  03.52  05.53  298.2  009.26  28.351  1021.812  1483.79 
2025 01 20 08 42 14.16  31.866  10.448  0025.64  03.61  05.52  298.2  009.26  28.349  1021.810  1483.79 
2025 01 20 08 42 14.28  31.866  10.448  0025.58  04.62  05.51  298.2  009.26  28.349  1021.809  1483.79 
2025 01 20 08 42 14.41  31.864  10.454  0025.55  04.51  05.50  298.2  009.26  28.342  1021.803  1483.81 
2025 01 20 08 42 14.53  31.861  10.460  0025.48  04.17  05.49  298.2  009.26  28.335  1021.796  1483.82 
2025 01 20 08 42 14.66  31.860  10.459  0025.39  03.76  05.48  298.2  009.26  28.335  1021.796  1483.81 
2025 01 20 08 42 14.78  31.856  10.463  0025.30  03.51  05.48  298.2  009.26  28.328  1021.789  1483.82 
2025 01 20 08 42 14.91  31.853  10.466  0025.20  03.45  05.45  298.2  009.26  28.322  1021.784  1483.82 
2025 01 20 08 42 15.03  31.853  10.469  0025.12  03.44  05.37  298.2  009.26  28.319  1021.781  1483.83 
2025 01 20 08 42 15.16  31.853  10.469  0025.06  03.52  05.36  298.2  009.26  28.320  1021.781  1483.83 
2025 01 20 08 42 15.28  31.852  10.468  0025.02  03.86  05.35  298.2  009.26  28.320  1021.781  1483.82 
2025 01 20 08 42 15.41  31.853  10.467  0024.97  03.94  05.34  298.2  009.26  28.322  1021.783  1483.82 
2025 01 20 08 42 15.53  31.853  10.468  0024.95  04.20  05.33  298.2  009.26  28.322  1021.782  1483.82 
2025 01 20 08 42 15.66  31.852  10.467  0024.91  04.07  05.32  298.2  009.26  28.321  1021.781  1483.82 
2025 01 20 08 42 15.78  31.852  10.467  0024.89  03.82  05.31  298.2  009.26  28.321  1021.781  1483.82 
2025 01 20 08 42 15.91  31.853  10.466  0024.88  03.73  05.39  298.2  009.26  28.323  1021.783  1483.82 
2025 01 20 08 42 16.03  31.851  10.468  0024.84  03.79  05.39  298.6  009.26  28.319  1021.780  1483.82 
2025 01 20 08 42 16.16  31.850  10.469  0024.76  03.82  05.40  298.6  009.26  28.317  1021.778  1483.82 
2025 01 20 08 42 16.28  31.851  10.470  0024.67  03.80  05.40  298.6  009.26  28.317  1021.777  1483.82 
2025 01 20 08 42 16.41  31.849  10.472  0024.60  03.58  05.39  298.6  009.26  28.314  1021.774  1483.82 
2025 01 20 08 42 16.53  31.847  10.472  0024.49  03.50  05.39  298.6  009.26  28.312  1021.772  1483.82 
2025 01 20 08 42 16.66  31.847  10.474  0024.39  03.68  05.38  298.6  009.26  28.311  1021.770  1483.82 
2025 01 20 08 42 16.78  31.845  10.472  0024.32  03.73  05.37  298.6  009.26  28.310  1021.770  1483.82 
2025 01 20 08 42 16.91  31.845  10.474  0024.27  03.73  05.37  298.6  009.26  28.309  1021.768  1483.82 
2025 01 20 08 42 17.03  31.844  10.474  0024.24  03.63  05.36  298.6  009.26  28.307  1021.767  1483.82 
2025 01 20 08 42 17.16  31.845  10.474  0024.21  03.78  05.35  298.6  009.26  28.309  1021.768  1483.82 
2025 01 20 08 42 17.28  31.845  10.474  0024.21  03.80  05.34  298.6  009.26  28.309  1021.768  1483.82 
2025 01 20 08 42 17.41  31.844  10.474  0024.16  03.99  05.34  298.6  009.26  28.307  1021.766  1483.82 
2025 01 20 08 42 17.53  31.845  10.474  0024.15  04.23  05.33  298.6  009.26  28.308  1021.767  1483.82 
2025 01 20 08 42 17.66  31.845  10.474  0024.15  04.71  05.32  298.6  009.26  28.308  1021.767  1483.82 
2025 01 20 08 42 17.78  31.841  10.477  0024.15  04.56  05.32  298.6  009.26  28.302  1021.762  1483.82 
2025 01 20 08 42 17.91  31.840  10.478  0024.10  04.21  05.30  298.6  009.26  28.301  1021.760  1483.82 
2025 01 20 08 42 18.03  31.841  10.478  0024.04  03.99  05.22  298.6  009.26  28.301  1021.760  1483.82 
2025 01 20 08 42 18.16  31.840  10.476  0023.94  03.77  05.21  298.6  009.26  28.302  1021.761  1483.81 
2025 01 20 08 42 18.28  31.841  10.476  0023.84  03.65  05.20  298.6  009.26  28.303  1021.762  1483.81 
2025 01 20 08 42 18.41  31.839  10.481  0023.76  03.65  05.20  298.6  009.26  28.298  1021.756  1483.82 
2025 01 20 08 42 18.53  31.837  10.483  0023.69  03.67  05.19  298.6  009.26  28.294  1021.752  1483.82 
2025 01 20 08 42 18.66  31.836  10.483  0023.63  03.89  05.18  298.6  009.26  28.293  1021.751  1483.82 
2025 01 20 08 42 18.78  31.838  10.484  0023.56  03.96  05.18  298.6  009.26  28.294  1021.752  1483.82 
2025 01 20 08 42 18.91  31.835  10.486  0023.53  03.84  05.26  298.6  009.26  28.290  1021.748  1483.83 
2025 01 20 08 42 19.03  31.835  10.487  0023.52  03.79  05.26  299.2  009.26  28.289  1021.747  1483.83 
2025 01 20 08 42 19.16  31.835  10.488  0023.51  03.71  05.27  299.2  009.26  28.288  1021.747  1483.83 
2025 01 20 08 42 19.28  31.834  10.488  0023.47  03.63  05.27  299.2  009.26  28.287  1021.746  1483.83 
2025 01 20 08 42 19.41  31.834  10.489  0023.43  03.74  05.26  299.2  009.26  28.286  1021.744  1483.83 
2025 01 20 08 42 19.53  31.834  10.497  0023.37  04.08  05.26  299.2  009.26  28.281  1021.739  1483.85 
2025 01 20 08 42 19.66  31.834  10.496  0023.32  04.00  05.25  299.2  009.26  28.281  1021.739  1483.85 
2025 01 20 08 42 19.78  31.834  10.495  0023.22  03.89  05.25  299.2  009.26  28.282  1021.739  1483.85 
2025 01 20 08 42 19.91  31.833  10.497  0023.09  03.86  05.25  299.2  009.26  28.279  1021.736  1483.85 
2025 01 20 08 42 20.03  31.828  10.505  0022.97  03.74  05.24  299.2  009.26  28.268  1021.725  1483.86 
2025 01 20 08 42 20.16  31.826  10.509  0022.86  03.74  05.24  299.2  009.26  28.263  1021.720  1483.87 
2025 01 20 08 42 20.28  31.825  10.507  0022.75  03.88  05.23  299.2  009.26  28.263  1021.721  1483.86 
2025 01 20 08 42 20.41  31.825  10.508  0022.73  03.93  05.23  299.2  009.26  28.263  1021.720  1483.86 
2025 01 20 08 42 20.53  31.824  10.512  0022.69  04.05  05.22  299.2  009.26  28.259  1021.716  1483.87 
2025 01 20 08 42 20.66  31.822  10.517  0022.67  03.97  05.21  299.2  009.26  28.253  1021.710  1483.88 
2025 01 20 08 42 20.78  31.820  10.520  0022.65  03.88  05.21  299.2  009.26  28.249  1021.707  1483.89 
2025 01 20 08 42 20.91  31.820  10.521  0022.64  04.04  05.19  299.2  009.26  28.248  1021.706  1483.89 
2025 01 20 08 42 21.03  31.818  10.521  0022.64  04.35  05.11  299.2  009.26  28.247  1021.705  1483.89 
2025 01 20 08 42 21.16  31.818  10.519  0022.67  04.47  05.10  299.2  009.26  28.248  1021.706  1483.88 
2025 01 20 08 42 21.28  31.820  10.519  0022.66  04.26  05.09  299.2  009.26  28.250  1021.708  1483.88 
2025 01 20 08 42 21.41  31.819  10.519  0022.63  04.35  05.09  299.2  009.26  28.249  1021.707  1483.88 
2025 01 20 08 42 21.53  31.818  10.519  0022.57  04.22  05.08  299.2  009.26  28.248  1021.706  1483.88 
2025 01 20 08 42 21.66  31.818  10.520  0022.52  04.06  05.08  299.2  009.26  28.248  1021.705  1483.88 
2025 01 20 08 42 21.78  31.818  10.519  0022.43  03.90  05.08  299.2  009.26  28.247  1021.704  1483.88 
2025 01 20 08 42 21.91  31.817  10.519  0022.35  03.77  05.16  299.2  009.26  28.246  1021.704  1483.88 
2025 01 20 08 42 22.03  31.818  10.519  0022.29  03.90  05.17  299.6  009.26  28.248  1021.704  1483.87 
2025 01 20 08 42 22.16  31.819  10.519  0022.21  04.37  05.18  299.6  009.26  28.249  1021.705  1483.88 
2025 01 20 08 42 22.28  31.820  10.519  0022.16  04.60  05.18  299.6  009.26  28.250  1021.706  1483.87 
2025 01 20 08 42 22.41  31.819  10.519  0022.11  04.70  05.17  299.6  009.26  28.249  1021.705  1483.87 
2025 01 20 08 42 22.53  31.819  10.519  0022.07  04.77  05.17  299.6  009.26  28.249  1021.704  1483.87 
2025 01 20 08 42 22.66  31.818  10.520  0022.02  04.63  05.17  299.6  009.26  28.248  1021.703  1483.87 
2025 01 20 08 42 22.78  31.818  10.519  0021.98  04.41  05.16  299.6  009.26  28.248  1021.703  1483.87 
2025 01 20 08 42 22.91  31.818  10.520  0021.95  04.38  05.16  299.6  009.26  28.248  1021.703  1483.87 
2025 01 20 08 42 23.03  31.818  10.521  0021.90  04.20  05.15  299.6  009.26  28.246  1021.701  1483.87 
2025 01 20 08 42 23.16  31.817  10.522  0021.84  04.01  05.15  299.6  009.26  28.245  1021.700  1483.87 
2025 01 20 08 42 23.28  31.816  10.522  0021.72  03.99  05.15  299.6  009.26  28.244  1021.698  1483.87 
2025 01 20 08 42 23.41  31.812  10.521  0021.60  04.15  05.15  299.6  009.26  28.241  1021.696  1483.86 
2025 01 20 08 42 23.53  31.805  10.523  0021.49  04.07  05.15  299.6  009.26  28.232  1021.688  1483.86 
2025 01 20 08 42 23.66  31.796  10.526  0021.37  04.14  05.14  299.6  009.26  28.221  1021.679  1483.85 
2025 01 20 08 42 23.78  31.796  10.527  0021.31  04.21  05.14  299.6  009.26  28.221  1021.678  1483.85 
2025 01 20 08 42 23.91  31.797  10.527  0021.26  04.11  05.12  299.6  009.26  28.222  1021.678  1483.85 
2025 01 20 08 42 24.03  31.792  10.527  0021.20  03.99  05.05  299.6  009.26  28.216  1021.674  1483.85 
2025 01 20 08 42 24.16  31.788  10.529  0021.17  04.08  05.03  299.6  009.26  28.211  1021.669  1483.85 
2025 01 20 08 42 24.28  31.787  10.528  0021.18  04.32  05.03  299.6  009.26  28.211  1021.669  1483.84 
2025 01 20 08 42 24.41  31.783  10.530  0021.17  04.23  05.02  299.6  009.26  28.206  1021.665  1483.85 
2025 01 20 08 42 24.53  31.780  10.530  0021.17  04.55  05.01  299.6  009.26  28.203  1021.662  1483.84 
2025 01 20 08 42 24.66  31.781  10.530  0021.15  04.56  05.01  299.6  009.26  28.204  1021.663  1483.84 
2025 01 20 08 42 24.78  31.780  10.530  0021.12  04.87  05.01  299.6  009.26  28.203  1021.662  1483.84 
2025 01 20 08 42 24.91  31.775  10.531  0021.03  05.38  05.10  299.6  009.26  28.196  1021.657  1483.84 
2025 01 20 08 42 25.03  31.775  10.531  0020.98  05.05  05.11  299.9  009.26  28.197  1021.657  1483.84 
2025 01 20 08 42 25.16  31.779  10.530  0020.85  04.70  05.12  299.9  009.26  28.201  1021.660  1483.83 
2025 01 20 08 42 25.28  31.777  10.530  0020.78  04.69  05.12  299.9  009.26  28.200  1021.659  1483.83 
2025 01 20 08 42 25.41  31.774  10.530  0020.69  04.29  05.12  299.9  009.26  28.197  1021.656  1483.83 
2025 01 20 08 42 25.53  31.771  10.530  0020.61  03.99  05.11  299.9  009.26  28.194  1021.653  1483.82 
2025 01 20 08 42 25.66  31.769  10.532  0020.57  03.96  05.11  299.9  009.26  28.191  1021.650  1483.82 
2025 01 20 08 42 25.78  31.766  10.531  0020.52  03.93  05.10  299.9  009.26  28.188  1021.648  1483.82 
2025 01 20 08 42 25.91  31.759  10.532  0020.52  04.24  05.10  299.9  009.26  28.180  1021.642  1483.81 
2025 01 20 08 42 26.03  31.756  10.533  0020.47  04.54  05.10  299.9  009.26  28.177  1021.639  1483.81 
2025 01 20 08 42 26.16  31.754  10.533  0020.42  04.77  05.09  299.9  009.26  28.175  1021.637  1483.81 
2025 01 20 08 42 26.28  31.752  10.532  0020.40  04.65  05.09  299.9  009.26  28.174  1021.636  1483.80 
2025 01 20 08 42 26.41  31.754  10.532  0020.39  04.39  05.09  299.9  009.26  28.175  1021.637  1483.81 
2025 01 20 08 42 26.53  31.754  10.533  0020.32  04.29  05.08  299.9  009.26  28.175  1021.637  1483.80 
2025 01 20 08 42 26.66  31.751  10.532  0020.24  04.37  05.09  299.9  009.26  28.173  1021.634  1483.80 
2025 01 20 08 42 26.78  31.752  10.533  0020.15  04.22  05.09  299.9  009.26  28.173  1021.634  1483.80 
2025 01 20 08 42 26.91  31.748  10.534  0020.01  04.20  05.07  299.9  009.26  28.169  1021.630  1483.80 
2025 01 20 08 42 27.03  31.738  10.537  0019.92  04.34  05.00  299.9  009.26  28.156  1021.619  1483.79 
2025 01 20 08 42 27.16  31.734  10.537  0019.81  04.37  04.99  299.9  009.26  28.153  1021.616  1483.79 
2025 01 20 08 42 27.28  31.734  10.537  0019.75  04.18  04.98  299.9  009.26  28.152  1021.616  1483.78 
2025 01 20 08 42 27.41  31.731  10.538  0019.69  04.11  04.98  299.9  009.26  28.149  1021.613  1483.78 
2025 01 20 08 42 27.53  31.728  10.539  0019.65  04.10  04.97  299.9  009.26  28.145  1021.609  1483.78 
2025 01 20 08 42 27.66  31.725  10.540  0019.62  04.04  04.97  299.9  009.26  28.142  1021.607  1483.78 
2025 01 20 08 42 27.78  31.721  10.540  0019.60  03.96  04.97  299.9  009.26  28.138  1021.604  1483.77 
2025 01 20 08 42 27.91  31.718  10.541  0019.56  04.19  05.05  299.9  009.26  28.134  1021.600  1483.77 
2025 01 20 08 42 28.03  31.712  10.543  0019.53  04.37  05.06  300.3  009.26  28.126  1021.594  1483.77 
2025 01 20 08 42 28.16  31.701  10.545  0019.49  04.44  05.07  300.3  009.26  28.114  1021.584  1483.76 
2025 01 20 08 42 28.28  31.694  10.545  0019.43  04.20  05.07  300.3  009.26  28.108  1021.578  1483.75 
2025 01 20 08 42 28.41  31.692  10.547  0019.35  04.13  05.07  300.3  009.26  28.103  1021.574  1483.76 
2025 01 20 08 42 28.53  31.697  10.546  0019.24  04.07  05.07  300.3  009.26  28.110  1021.579  1483.76 
2025 01 20 08 42 28.66  31.698  10.545  0019.13  04.07  05.07  300.3  009.26  28.111  1021.580  1483.75 
2025 01 20 08 42 28.78  31.682  10.550  0019.03  04.10  05.07  300.3  009.26  28.091  1021.563  1483.75 
2025 01 20 08 42 28.91  31.678  10.549  0018.96  04.93  05.06  300.3  009.26  28.089  1021.561  1483.74 
2025 01 20 08 42 29.03  31.680  10.548  0018.90  04.87  05.06  300.3  009.26  28.092  1021.563  1483.74 
2025 01 20 08 42 29.16  31.671  10.553  0018.87  04.72  05.05  300.3  009.26  28.079  1021.552  1483.74 
2025 01 20 08 42 29.28  31.653  10.561  0018.85  04.59  05.04  300.3  009.26  28.054  1021.531  1483.74 
2025 01 20 08 42 29.41  31.635  10.570  0018.86  04.65  05.04  300.3  009.26  28.031  1021.512  1483.74 
2025 01 20 08 42 29.53  31.621  10.574  0018.86  05.03  05.03  300.3  009.26  28.014  1021.498  1483.74 
2025 01 20 08 42 29.66  31.615  10.573  0018.88  05.15  05.03  300.3  009.26  28.008  1021.493  1483.73 
2025 01 20 08 42 29.78  31.611  10.573  0018.87  05.16  05.02  300.3  009.26  28.005  1021.491  1483.72 
2025 01 20 08 42 29.91  31.610  10.574  0018.87  05.37  05.01  300.3  009.26  28.003  1021.489  1483.72 
2025 01 20 08 42 30.03  31.610  10.575  0018.86  05.67  04.93  300.3  009.26  28.002  1021.489  1483.72 
2025 01 20 08 42 30.16  31.612  10.574  0018.79  05.72  04.92  300.3  009.26  28.005  1021.491  1483.72 
2025 01 20 08 42 30.28  31.619  10.572  0018.65  05.53  04.93  300.3  009.26  28.014  1021.497  1483.73 
2025 01 20 08 42 30.41  31.623  10.571  0018.53  05.18  04.93  300.3  009.26  28.018  1021.500  1483.73 
2025 01 20 08 42 30.53  31.621  10.572  0018.43  05.01  04.92  300.3  009.26  28.015  1021.498  1483.72 
2025 01 20 08 42 30.66  31.618  10.573  0018.31  05.08  04.92  300.3  009.26  28.012  1021.494  1483.72 
2025 01 20 08 42 30.78  31.615  10.574  0018.24  05.39  04.92  300.3  009.26  28.009  1021.491  1483.72 
2025 01 20 08 42 30.91  31.608  10.577  0018.17  05.36  05.00  300.3  009.26  27.999  1021.483  1483.72 
2025 01 20 08 42 31.03  31.601  10.578  0018.11  05.37  05.00  299.6  009.26  27.991  1021.476  1483.71 
2025 01 20 08 42 31.16  31.600  10.580  0018.06  05.53  05.01  299.6  009.26  27.989  1021.474  1483.72 
2025 01 20 08 42 31.28  31.598  10.580  0018.04  05.49  05.01  299.6  009.26  27.986  1021.472  1483.71 
2025 01 20 08 42 31.41  31.590  10.587  0018.02  05.44  05.01  299.6  009.26  27.974  1021.461  1483.72 
2025 01 20 08 42 31.53  31.584  10.587  0018.02  05.31  05.01  299.6  009.26  27.968  1021.456  1483.71 
2025 01 20 08 42 31.66  31.579  10.593  0018.01  05.49  05.00  299.6  009.26  27.958  1021.448  1483.72 
2025 01 20 08 42 31.78  31.573  10.600  0017.97  05.60  05.00  299.6  009.26  27.947  1021.438  1483.74 
2025 01 20 08 42 31.91  31.577  10.594  0017.90  05.65  05.00  299.6  009.26  27.955  1021.445  1483.72 
2025 01 20 08 42 32.03  31.584  10.591  0017.81  05.60  05.00  299.6  009.26  27.965  1021.452  1483.72 
2025 01 20 08 42 32.16  31.588  10.588  0017.71  05.46  05.00  299.6  009.26  27.970  1021.456  1483.72 
2025 01 20 08 42 32.28  31.582  10.593  0017.60  05.29  05.00  299.6  009.26  27.961  1021.448  1483.72 
2025 01 20 08 42 32.41  31.577  10.599  0017.47  05.09  05.00  299.6  009.26  27.952  1021.440  1483.73 
2025 01 20 08 42 32.53  31.571  10.606  0017.36  05.09  05.00  299.6  009.26  27.940  1021.429  1483.74 
2025 01 20 08 42 32.66  31.567  10.602  0017.30  05.40  05.00  299.6  009.26  27.940  1021.428  1483.72 
2025 01 20 08 42 32.78  31.565  10.608  0017.24  05.62  04.99  299.6  009.26  27.934  1021.423  1483.74 
2025 01 20 08 42 32.91  31.561  10.620  0017.19  06.01  04.98  299.6  009.26  27.920  1021.409  1483.76 
2025 01 20 08 42 33.03  31.559  10.618  0017.16  05.76  04.90  299.6  009.26  27.920  1021.410  1483.75 
2025 01 20 08 42 33.16  31.554  10.620  0017.16  05.59  04.89  299.6  009.26  27.914  1021.405  1483.75 
2025 01 20 08 42 33.28  31.545  10.629  0017.16  05.72  04.89  299.6  009.26  27.898  1021.391  1483.77 
2025 01 20 08 42 33.41  31.535  10.652  0017.17  06.25  04.88  299.6  009.26  27.871  1021.366  1483.82 
2025 01 20 08 42 33.53  31.530  10.660  0017.14  06.34  04.88  299.6  009.26  27.860  1021.356  1483.83 
2025 01 20 08 42 33.66  31.529  10.655  0017.12  06.26  04.88  299.6  009.26  27.862  1021.359  1483.82 
2025 01 20 08 42 33.78  31.535  10.650  0017.05  06.11  04.89  299.6  009.26  27.872  1021.367  1483.81 
2025 01 20 08 42 33.91  31.541  10.640  0016.94  05.91  04.97  299.6  009.26  27.885  1021.378  1483.79 
2025 01 20 08 42 34.03  31.545  10.634  0016.82  05.67  04.98  299.7  009.26  27.893  1021.385  1483.78 
2025 01 20 08 42 34.16  31.543  10.639  0016.71  05.55  05.00  299.7  009.26  27.888  1021.380  1483.79 
2025 01 20 08 42 34.28  31.541  10.640  0016.60  05.83  05.00  299.7  009.26  27.885  1021.377  1483.78 
2025 01 20 08 42 34.41  31.540  10.639  0016.52  05.77  05.00  299.7  009.26  27.885  1021.377  1483.78 
2025 01 20 08 42 34.53  31.538  10.643  0016.50  05.72  04.99  299.7  009.26  27.881  1021.372  1483.79 
2025 01 20 08 42 34.66  31.534  10.649  0016.44  05.53  04.99  299.7  009.26  27.873  1021.365  1483.80 
2025 01 20 08 42 34.78  31.531  10.652  0016.43  05.54  04.99  299.7  009.26  27.867  1021.360  1483.80 
2025 01 20 08 42 34.91  31.530  10.653  0016.43  05.51  04.98  299.7  009.26  27.865  1021.358  1483.80 
2025 01 20 08 42 35.03  31.530  10.655  0016.43  05.70  04.98  299.7  009.26  27.864  1021.357  1483.81 
2025 01 20 08 42 35.16  31.529  10.658  0016.41  05.93  04.98  299.7  009.26  27.861  1021.354  1483.81 
2025 01 20 08 42 35.28  31.530  10.661  0016.42  06.45  04.98  299.7  009.26  27.859  1021.352  1483.83 
2025 01 20 08 42 35.41  31.529  10.663  0016.38  06.27  04.97  299.7  009.26  27.857  1021.351  1483.83 
2025 01 20 08 42 35.53  31.527  10.661  0016.33  07.53  04.98  299.7  009.26  27.856  1021.349  1483.82 
2025 01 20 08 42 35.66  31.527  10.660  0016.23  07.29  04.98  299.7  009.26  27.857  1021.350  1483.81 
2025 01 20 08 42 35.78  31.527  10.658  0016.14  06.86  04.99  299.7  009.26  27.859  1021.351  1483.81 
2025 01 20 08 42 35.91  31.527  10.657  0016.02  06.20  04.97  299.7  009.26  27.859  1021.351  1483.80 
2025 01 20 08 42 36.03  31.529  10.656  0015.93  06.05  04.89  299.7  009.26  27.861  1021.353  1483.80 
2025 01 20 08 42 36.16  31.529  10.658  0015.82  05.78  04.88  299.7  009.26  27.860  1021.351  1483.81 
2025 01 20 08 42 36.28  31.528  10.658  0015.72  05.71  04.89  299.7  009.26  27.859  1021.350  1483.80 
2025 01 20 08 42 36.41  31.528  10.661  0015.66  06.00  04.88  299.7  009.26  27.858  1021.348  1483.81 
2025 01 20 08 42 36.53  31.528  10.664  0015.63  06.12  04.88  299.7  009.26  27.855  1021.345  1483.82 
2025 01 20 08 42 36.66  31.527  10.667  0015.63  06.12  04.87  299.7  009.26  27.852  1021.342  1483.82 
2025 01 20 08 42 36.78  31.529  10.673  0015.63  06.06  04.88  299.7  009.26  27.849  1021.339  1483.84 
2025 01 20 08 42 36.91  31.533  10.680  0015.62  06.11  04.95  299.7  009.26  27.848  1021.337  1483.87 
2025 01 20 08 42 37.03  31.535  10.683  0015.64  06.19  04.96  299.8  009.26  27.848  1021.336  1483.88 
2025 01 20 08 42 37.16  31.534  10.683  0015.65  06.60  04.98  299.8  009.26  27.846  1021.335  1483.88 
2025 01 20 08 42 37.28  31.534  10.689  0015.68  06.47  04.98  299.8  009.26  27.842  1021.331  1483.89 
2025 01 20 08 42 37.41  31.537  10.690  0015.70  06.73  04.97  299.8  009.26  27.844  1021.332  1483.90 
2025 01 20 08 42 37.53  31.537  10.689  0015.72  07.02  04.97  299.8  009.26  27.845  1021.334  1483.90 
2025 01 20 08 42 37.66  31.537  10.689  0015.71  06.94  04.97  299.8  009.26  27.844  1021.333  1483.90 
2025 01 20 08 42 37.78  31.534  10.688  0015.65  06.76  04.98  299.8  009.26  27.843  1021.332  1483.89 
2025 01 20 08 42 37.91  31.533  10.682  0015.57  06.69  04.98  299.8  009.26  27.847  1021.335  1483.87 
2025 01 20 08 42 38.03  31.532  10.681  0015.45  06.22  04.98  299.8  009.26  27.846  1021.334  1483.86 
2025 01 20 08 42 38.16  31.533  10.681  0015.33  05.93  04.98  299.8  009.26  27.847  1021.334  1483.86 
2025 01 20 08 42 38.28  31.531  10.682  0015.23  05.88  04.98  299.8  009.26  27.844  1021.332  1483.86 
2025 01 20 08 42 38.41  31.530  10.680  0015.15  06.20  04.98  299.8  009.26  27.845  1021.332  1483.86 
2025 01 20 08 42 38.53  31.529  10.680  0015.11  06.15  04.97  299.8  009.26  27.845  1021.332  1483.85 
2025 01 20 08 42 38.66  31.528  10.681  0015.08  06.13  04.97  299.8  009.26  27.843  1021.330  1483.85 
2025 01 20 08 42 38.78  31.528  10.681  0015.03  06.10  04.97  299.8  009.26  27.842  1021.330  1483.85 
2025 01 20 08 42 38.91  31.527  10.680  0015.03  06.18  04.95  299.8  009.26  27.842  1021.330  1483.85 
2025 01 20 08 42 39.03  31.523  10.682  0015.01  06.29  04.87  299.8  009.26  27.837  1021.325  1483.85 
2025 01 20 08 42 39.16  31.522  10.683  0015.02  06.52  04.86  299.8  009.26  27.834  1021.323  1483.85 
2025 01 20 08 42 39.28  31.522  10.681  0015.00  06.40  04.86  299.8  009.26  27.836  1021.324  1483.85 
2025 01 20 08 42 39.41  31.522  10.682  0015.00  06.37  04.86  299.8  009.26  27.836  1021.324  1483.85 
2025 01 20 08 42 39.53  31.518  10.683  0014.94  06.58  04.86  299.8  009.26  27.831  1021.320  1483.85 
2025 01 20 08 42 39.66  31.518  10.683  0014.87  07.48  04.86  299.8  009.26  27.831  1021.320  1483.84 
2025 01 20 08 42 39.78  31.518  10.682  0014.77  07.18  04.87  299.8  009.26  27.832  1021.321  1483.84 
2025 01 20 08 42 39.91  31.520  10.682  0014.68  06.59  04.95  299.8  009.26  27.834  1021.321  1483.84 
2025 01 20 08 42 40.03  31.521  10.682  0014.55  06.26  04.96  300.3  009.26  27.835  1021.321  1483.84 
2025 01 20 08 42 40.16  31.520  10.681  0014.45  06.38  04.98  300.3  009.26  27.835  1021.321  1483.84 
2025 01 20 08 42 40.28  31.521  10.682  0014.37  06.67  04.98  300.3  009.26  27.835  1021.321  1483.84 
2025 01 20 08 42 40.41  31.518  10.684  0014.31  06.62  04.97  300.3  009.26  27.831  1021.317  1483.84 
2025 01 20 08 42 40.53  31.516  10.684  0014.30  06.34  04.97  300.3  009.26  27.829  1021.315  1483.83 
2025 01 20 08 42 40.66  31.515  10.687  0014.25  06.12  04.96  300.3  009.26  27.826  1021.312  1483.84 
2025 01 20 08 42 40.78  31.513  10.690  0014.24  07.11  04.97  300.3  009.26  27.821  1021.308  1483.85 
2025 01 20 08 42 40.91  31.514  10.689  0014.23  07.29  04.96  300.3  009.26  27.823  1021.310  1483.84 
2025 01 20 08 42 41.03  31.511  10.695  0014.26  07.14  04.96  300.3  009.26  27.815  1021.303  1483.86 
2025 01 20 08 42 41.16  31.509  10.700  0014.27  07.47  04.95  300.3  009.26  27.810  1021.298  1483.87 
2025 01 20 08 42 41.28  31.508  10.702  0014.27  07.60  04.95  300.3  009.26  27.807  1021.296  1483.87 
2025 01 20 08 42 41.41  31.508  10.701  0014.25  10.97  04.95  300.3  009.26  27.808  1021.296  1483.87 
2025 01 20 08 42 41.53  31.509  10.698  0014.19  09.79  04.95  300.3  009.26  27.811  1021.299  1483.86 
2025 01 20 08 42 41.66  31.510  10.696  0014.14  08.46  04.96  300.3  009.26  27.813  1021.301  1483.86 
2025 01 20 08 42 41.78  31.510  10.691  0014.02  07.49  04.96  300.3  009.26  27.817  1021.304  1483.84 
2025 01 20 08 42 41.91  31.510  10.690  0013.93  06.86  04.94  300.3  009.26  27.819  1021.305  1483.84 
2025 01 20 08 42 42.03  31.510  10.690  0013.82  06.57  04.87  300.3  009.26  27.818  1021.304  1483.84 
2025 01 20 08 42 42.16  31.510  10.690  0013.75  06.48  04.86  300.3  009.26  27.818  1021.303  1483.84 
2025 01 20 08 42 42.28  31.510  10.691  0013.68  06.26  04.86  300.3  009.26  27.818  1021.303  1483.84 
2025 01 20 08 42 42.41  31.508  10.691  0013.67  06.49  04.86  300.3  009.26  27.816  1021.301  1483.84 
2025 01 20 08 42 42.53  31.506  10.690  0013.66  06.45  04.85  300.3  009.26  27.814  1021.300  1483.83 
2025 01 20 08 42 42.66  31.507  10.692  0013.66  06.66  04.85  300.3  009.26  27.814  1021.300  1483.84 
2025 01 20 08 42 42.78  31.506  10.692  0013.66  06.50  04.85  300.3  009.26  27.813  1021.299  1483.83 
2025 01 20 08 42 42.91  31.500  10.693  0013.64  06.62  04.93  300.3  009.26  27.807  1021.294  1483.83 
2025 01 20 08 42 43.03  31.498  10.693  0013.64  07.31  04.94  300.6  009.26  27.805  1021.293  1483.83 
2025 01 20 08 42 43.16  31.498  10.693  0013.63  06.93  04.95  300.6  009.26  27.805  1021.292  1483.83 
2025 01 20 08 42 43.28  31.498  10.693  0013.61  06.70  04.95  300.6  009.26  27.804  1021.291  1483.83 
2025 01 20 08 42 43.41  31.498  10.693  0013.57  06.76  04.95  300.6  009.26  27.805  1021.292  1483.83 
2025 01 20 08 42 43.53  31.500  10.693  0013.48  06.83  04.96  300.6  009.26  27.807  1021.293  1483.83 
2025 01 20 08 42 43.66  31.498  10.693  0013.38  06.46  04.97  300.6  009.26  27.804  1021.290  1483.82 
2025 01 20 08 42 43.78  31.493  10.691  0013.23  06.03  04.96  300.6  009.26  27.801  1021.288  1483.81 
2025 01 20 08 42 43.91  31.488  10.692  0013.11  05.99  04.96  300.6  009.26  27.796  1021.283  1483.81 
2025 01 20 08 42 44.03  31.486  10.691  0012.99  06.22  04.96  300.6  009.26  27.795  1021.282  1483.80 
2025 01 20 08 42 44.16  31.488  10.692  0012.89  06.20  04.96  300.6  009.26  27.796  1021.282  1483.80 
2025 01 20 08 42 44.28  31.486  10.691  0012.84  06.18  04.96  300.6  009.26  27.795  1021.281  1483.80 
2025 01 20 08 42 44.41  31.481  10.691  0012.82  06.24  04.95  300.6  009.26  27.789  1021.277  1483.79 
2025 01 20 08 42 44.53  31.474  10.692  0012.84  06.29  04.95  300.6  009.26  27.782  1021.271  1483.78 
2025 01 20 08 42 44.66  31.468  10.696  0012.83  06.27  04.95  300.6  009.26  27.774  1021.264  1483.79 
2025 01 20 08 42 44.78  31.467  10.696  0012.82  06.60  04.94  300.6  009.26  27.773  1021.263  1483.79 
2025 01 20 08 42 44.91  31.467  10.696  0012.83  06.99  04.93  300.6  009.26  27.773  1021.263  1483.79 
2025 01 20 08 42 45.03  31.466  10.694  0012.81  06.99  04.85  300.6  009.26  27.773  1021.263  1483.78 
2025 01 20 08 42 45.16  31.466  10.694  0012.83  07.12  04.84  300.6  009.26  27.772  1021.263  1483.78 
2025 01 20 08 42 45.28  31.467  10.694  0012.82  06.93  04.84  300.6  009.26  27.773  1021.264  1483.78 
2025 01 20 08 42 45.41  31.466  10.697  0012.83  06.80  04.84  300.6  009.26  27.770  1021.261  1483.79 
2025 01 20 08 42 45.53  31.463  10.695  0012.88  06.67  04.84  300.6  009.26  27.769  1021.261  1483.78 
2025 01 20 08 42 45.66  31.463  10.695  0012.86  07.18  04.84  300.6  009.26  27.768  1021.260  1483.78 
2025 01 20 08 42 45.78  31.463  10.696  0012.87  07.42  04.84  300.6  009.26  27.768  1021.260  1483.78 
2025 01 20 08 42 45.91  31.463  10.694  0012.90  07.88  04.92  300.6  009.26  27.770  1021.261  1483.78 
2025 01 20 08 42 46.03  31.464  10.694  0012.93  08.42  04.93  301.1  009.26  27.771  1021.262  1483.78 
2025 01 20 08 42 46.16  31.463  10.697  0012.94  08.64  04.95  301.1  009.26  27.768  1021.260  1483.79 
2025 01 20 08 42 46.28  31.460  10.696  0012.94  08.26  04.95  301.1  009.26  27.766  1021.258  1483.78 
2025 01 20 08 42 46.41  31.461  10.696  0012.94  08.03  04.95  301.1  009.26  27.767  1021.259  1483.78 
2025 01 20 08 42 46.53  31.463  10.695  0012.94  08.21  04.95  301.1  009.26  27.770  1021.261  1483.78 
2025 01 20 08 42 46.66  31.465  10.695  0012.95  07.93  04.95  301.1  009.26  27.771  1021.262  1483.79 
2025 01 20 08 42 46.78  31.466  10.695  0012.92  07.78  04.95  301.1  009.26  27.772  1021.263  1483.79 
2025 01 20 08 42 46.91  31.465  10.694  0012.92  07.90  04.95  301.1  009.26  27.772  1021.263  1483.78 
2025 01 20 08 42 47.03  31.464  10.695  0012.91  07.90  04.95  301.1  009.26  27.770  1021.262  1483.78 
2025 01 20 08 42 47.16  31.463  10.696  0012.89  07.69  04.95  301.1  009.26  27.769  1021.260  1483.78 
2025 01 20 08 42 47.28  31.462  10.695  0012.89  07.54  04.94  301.1  009.26  27.768  1021.260  1483.78 
2025 01 20 08 42 47.41  31.464  10.696  0012.89  07.38  04.94  301.1  009.26  27.770  1021.261  1483.78 
2025 01 20 08 42 47.53  31.465  10.696  0012.88  07.51  04.94  301.1  009.26  27.770  1021.262  1483.79 
2025 01 20 08 42 47.66  31.463  10.696  0012.85  07.47  04.95  301.1  009.26  27.769  1021.260  1483.78 
2025 01 20 08 42 47.78  31.463  10.696  0012.84  07.81  04.94  301.1  009.26  27.769  1021.260  1483.78 
2025 01 20 08 42 47.91  31.464  10.697  0012.81  07.70  04.93  301.1  009.26  27.769  1021.260  1483.79 
2025 01 20 08 42 48.03  31.465  10.697  0012.80  08.25  04.86  301.1  009.26  27.770  1021.261  1483.79 
2025 01 20 08 42 48.16  31.464  10.697  0012.79  08.62  04.84  301.1  009.26  27.769  1021.260  1483.79 
2025 01 20 08 42 48.28  31.463  10.696  0012.78  08.67  04.84  301.1  009.26  27.768  1021.259  1483.78 
2025 01 20 08 42 48.41  31.464  10.696  0012.78  09.00  04.85  301.1  009.26  27.770  1021.260  1483.78 
2025 01 20 08 42 48.53  31.465  10.696  0012.79  09.23  04.84  301.1  009.26  27.770  1021.261  1483.78 
2025 01 20 08 42 48.66  31.465  10.697  0012.81  08.73  04.84  301.1  009.26  27.770  1021.261  1483.79 
2025 01 20 08 42 48.78  31.466  10.696  0012.80  08.31  04.84  301.1  009.26  27.771  1021.262  1483.78 
2025 01 20 08 42 48.91  31.467  10.696  0012.77  08.28  04.93  301.1  009.26  27.773  1021.263  1483.79 
2025 01 20 08 42 49.03  31.465  10.696  0012.71  07.91  04.94  301.2  009.26  27.770  1021.260  1483.78 
2025 01 20 08 42 49.16  31.464  10.699  0012.62  07.38  04.96  301.2  009.26  27.767  1021.257  1483.79 
2025 01 20 08 42 49.28  31.467  10.701  0012.54  07.05  04.96  301.2  009.26  27.769  1021.258  1483.80 
2025 01 20 08 42 49.41  31.468  10.704  0012.46  06.70  04.96  301.2  009.26  27.768  1021.256  1483.80 
2025 01 20 08 42 49.53  31.468  10.702  0012.40  06.53  04.96  301.2  009.26  27.769  1021.257  1483.80 
2025 01 20 08 42 49.66  31.467  10.702  0012.36  06.55  04.96  301.2  009.26  27.768  1021.256  1483.80 
2025 01 20 08 42 49.78  31.468  10.702  0012.30  06.68  04.95  301.2  009.26  27.769  1021.257  1483.80 
2025 01 20 08 42 49.91  31.470  10.702  0012.27  06.81  04.95  301.2  009.26  27.771  1021.258  1483.80 
2025 01 20 08 42 50.03  31.469  10.702  0012.24  06.77  04.95  301.2  009.26  27.770  1021.257  1483.80 
2025 01 20 08 42 50.16  31.468  10.704  0012.24  07.20  04.95  301.2  009.26  27.768  1021.256  1483.80 
2025 01 20 08 42 50.28  31.468  10.704  0012.24  07.81  04.95  301.2  009.26  27.768  1021.255  1483.80 
2025 01 20 08 42 50.41  31.469  10.704  0012.23  07.69  04.94  301.2  009.26  27.768  1021.255  1483.80 
2025 01 20 08 42 50.53  31.468  10.704  0012.23  07.35  04.95  301.2  009.26  27.768  1021.255  1483.80 
2025 01 20 08 42 50.66  31.467  10.704  0012.22  07.64  04.94  301.2  009.26  27.767  1021.255  1483.80 
2025 01 20 08 42 50.78  31.466  10.703  0012.19  07.68  04.94  301.2  009.26  27.766  1021.254  1483.79 
2025 01 20 08 42 50.91  31.466  10.703  0012.15  07.75  04.93  301.2  009.26  27.766  1021.254  1483.79 
2025 01 20 08 42 51.03  31.467  10.703  0012.05  07.53  04.85  301.2  009.26  27.767  1021.254  1483.79 
2025 01 20 08 42 51.16  31.467  10.702  0011.98  07.20  04.85  301.2  009.26  27.768  1021.254  1483.79 
2025 01 20 08 42 51.28  31.465  10.702  0011.94  06.95  04.85  301.2  009.26  27.766  1021.253  1483.79 
2025 01 20 08 42 51.41  31.463  10.702  0011.89  06.73  04.85  301.2  009.26  27.764  1021.251  1483.78 
2025 01 20 08 42 51.53  31.462  10.701  0011.85  06.73  04.85  301.2  009.26  27.764  1021.251  1483.78 
2025 01 20 08 42 51.66  31.463  10.701  0011.84  06.90  04.84  301.2  009.26  27.765  1021.252  1483.78 
2025 01 20 08 42 51.78  31.460  10.700  0011.81  06.77  04.84  301.2  009.26  27.763  1021.250  1483.77 
2025 01 20 08 42 51.91  31.458  10.700  0011.76  06.65  04.93  301.2  009.26  27.761  1021.248  1483.77 
2025 01 20 08 42 52.03  31.456  10.699  0011.73  06.73  04.94  301.4  009.26  27.760  1021.248  1483.77 
2025 01 20 08 42 52.16  31.452  10.700  0011.65  06.74  04.95  301.4  009.26  27.756  1021.244  1483.76 
2025 01 20 08 42 52.28  31.451  10.700  0011.57  06.88  04.96  301.4  009.26  27.754  1021.242  1483.76 
2025 01 20 08 42 52.41  31.451  10.699  0011.48  06.74  04.96  301.4  009.26  27.755  1021.243  1483.76 
2025 01 20 08 42 52.53  31.451  10.699  0011.43  06.71  04.96  301.4  009.26  27.755  1021.243  1483.76 
2025 01 20 08 42 52.66  31.451  10.699  0011.44  07.24  04.95  301.4  009.26  27.754  1021.242  1483.76 
2025 01 20 08 42 52.78  31.448  10.700  0011.44  08.11  04.95  301.4  009.26  27.752  1021.240  1483.75 
2025 01 20 08 42 52.91  31.447  10.700  0011.44  07.76  04.94  301.4  009.26  27.751  1021.239  1483.75 
2025 01 20 08 42 53.03  31.447  10.700  0011.45  07.22  04.94  301.4  009.26  27.751  1021.239  1483.75 
2025 01 20 08 42 53.16  31.446  10.700  0011.45  06.91  04.94  301.4  009.26  27.749  1021.238  1483.75 
2025 01 20 08 42 53.28  31.447  10.700  0011.40  06.79  04.94  301.4  009.26  27.750  1021.238  1483.75 
2025 01 20 08 42 53.41  31.447  10.699  0011.33  06.95  04.94  301.4  009.26  27.751  1021.239  1483.75 
2025 01 20 08 42 53.53  31.444  10.699  0011.26  06.74  04.95  301.4  009.26  27.748  1021.237  1483.74 
2025 01 20 08 42 53.66  31.444  10.699  0011.17  06.56  04.94  301.4  009.26  27.747  1021.235  1483.74 
2025 01 20 08 42 53.78  31.440  10.698  0011.12  06.68  04.94  301.4  009.26  27.745  1021.233  1483.73 
2025 01 20 08 42 53.91  31.438  10.698  0011.07  06.81  04.93  301.4  009.26  27.743  1021.232  1483.73 
2025 01 20 08 42 54.03  31.440  10.699  0011.06  06.90  04.85  301.4  009.26  27.745  1021.233  1483.73 
2025 01 20 08 42 54.16  31.439  10.698  0011.07  06.73  04.84  301.4  009.26  27.744  1021.232  1483.73 
2025 01 20 08 42 54.28  31.436  10.698  0011.07  06.49  04.84  301.4  009.26  27.742  1021.231  1483.73 
2025 01 20 08 42 54.41  31.437  10.699  0011.07  06.87  04.84  301.4  009.26  27.741  1021.230  1483.73 
2025 01 20 08 42 54.53  31.435  10.699  0011.10  07.47  04.84  301.4  009.26  27.739  1021.229  1483.73 
2025 01 20 08 42 54.66  31.434  10.699  0011.09  07.39  04.83  301.4  009.26  27.738  1021.228  1483.73 
2025 01 20 08 42 54.78  31.433  10.698  0011.08  07.41  04.83  301.4  009.26  27.739  1021.228  1483.72 
2025 01 20 08 42 54.91  31.432  10.699  0011.07  07.38  04.92  301.4  009.26  27.737  1021.227  1483.73 
2025 01 20 08 42 55.03  31.432  10.699  0011.07  06.94  04.93  301.6  009.26  27.737  1021.227  1483.73 
2025 01 20 08 42 55.16  31.433  10.699  0011.07  06.89  04.94  301.6  009.26  27.738  1021.227  1483.73 
2025 01 20 08 42 55.28  31.433  10.699  0011.07  06.95  04.94  301.6  009.26  27.737  1021.227  1483.73 
2025 01 20 08 42 55.41  31.432  10.699  0011.08  07.17  04.94  301.6  009.26  27.736  1021.226  1483.73 
2025 01 20 08 42 55.53  31.433  10.700  0011.07  07.84  04.94  301.6  009.26  27.737  1021.227  1483.73 
2025 01 20 08 42 55.66  31.433  10.701  0011.10  08.28  04.94  301.6  009.26  27.736  1021.226  1483.73 
2025 01 20 08 42 55.78  31.433  10.709  0011.12  08.29  04.94  301.6  009.26  27.730  1021.220  1483.76 
2025 01 20 08 42 55.91  31.435  10.711  0011.16  08.00  04.93  301.6  009.26  27.730  1021.220  1483.76 
2025 01 20 08 42 56.03  31.432  10.710  0011.16  08.48  04.93  301.6  009.26  27.728  1021.218  1483.76 
2025 01 20 08 42 56.16  31.430  10.708  0011.18  08.09  04.93  301.6  009.26  27.728  1021.219  1483.75 
2025 01 20 08 42 56.28  31.429  10.704  0011.22  07.91  04.93  301.6  009.26  27.730  1021.221  1483.74 
2025 01 20 08 42 56.41  31.428  10.702  0011.21  08.96  04.93  301.6  009.26  27.731  1021.222  1483.73 
2025 01 20 08 42 56.53  31.429  10.706  0011.19  09.25  04.93  301.6  009.26  27.728  1021.219  1483.74 
2025 01 20 08 42 56.66  31.430  10.708  0011.16  08.68  04.93  301.6  009.26  27.727  1021.218  1483.75 
2025 01 20 08 42 56.78  31.432  10.708  0011.15  08.08  04.93  301.6  009.26  27.730  1021.220  1483.75 
2025 01 20 08 42 56.91  31.433  10.709  0011.13  08.12  04.91  301.6  009.26  27.730  1021.220  1483.76 
2025 01 20 08 42 57.03  31.433  10.709  0011.14  08.33  04.84  301.6  009.26  27.730  1021.220  1483.76 
2025 01 20 08 42 57.16  31.435  10.711  0011.13  09.11  04.83  301.6  009.26  27.730  1021.220  1483.76 
2025 01 20 08 42 57.28  31.434  10.711  0011.11  08.96  04.83  301.6  009.26  27.730  1021.219  1483.76 
2025 01 20 08 42 57.41  31.433  10.708  0011.12  08.60  04.83  301.6  009.26  27.731  1021.221  1483.75 
2025 01 20 08 42 57.53  31.433  10.709  0011.14  08.74  04.82  301.6  009.26  27.730  1021.220  1483.76 
2025 01 20 08 42 57.66  31.434  10.709  0011.11  08.47  04.82  301.6  009.26  27.731  1021.220  1483.76 
2025 01 20 08 42 57.78  31.434  10.710  0011.11  08.69  04.82  301.6  009.26  27.730  1021.220  1483.76 
2025 01 20 08 42 57.91  31.434  10.710  0011.12  08.80  04.91  301.6  009.26  27.730  1021.220  1483.76 
2025 01 20 08 42 58.03  31.433  10.711  0011.13  08.32  04.92  301.6  009.26  27.729  1021.219  1483.76 
2025 01 20 08 42 58.16  31.432  10.713  0011.14  08.09  04.93  301.6  009.26  27.726  1021.216  1483.76 
2025 01 20 08 42 58.28  31.434  10.713  0011.13  07.95  04.93  301.6  009.26  27.728  1021.218  1483.77 
2025 01 20 08 42 58.41  31.436  10.713  0011.14  07.88  04.93  301.6  009.26  27.729  1021.219  1483.77 
2025 01 20 08 42 58.53  31.436  10.712  0011.15  07.81  04.93  301.6  009.26  27.730  1021.220  1483.77 
2025 01 20 08 42 58.66  31.436  10.712  0011.15  07.63  04.93  301.6  009.26  27.731  1021.220  1483.77 
2025 01 20 08 42 58.78  31.434  10.713  0011.16  08.21  04.93  301.6  009.26  27.728  1021.218  1483.77 
2025 01 20 08 42 58.91  31.436  10.714  0011.18  08.31  04.92  301.6  009.26  27.728  1021.218  1483.77 
2025 01 20 08 42 59.03  31.434  10.713  0011.20  08.24  04.92  301.6  009.26  27.728  1021.218  1483.77 
2025 01 20 08 42 59.16  31.432  10.711  0011.21  08.11  04.92  301.6  009.26  27.727  1021.218  1483.76 
2025 01 20 08 42 59.28  31.432  10.709  0011.19  07.79  04.92  301.6  009.26  27.729  1021.219  1483.75 
2025 01 20 08 42 59.41  31.432  10.710  0011.19  07.53  04.93  301.6  009.26  27.729  1021.219  1483.76 
2025 01 20 08 42 59.53  31.432  10.713  0011.19  07.50  04.92  301.6  009.26  27.726  1021.216  1483.76 
2025 01 20 08 42 59.66  31.433  10.714  0011.20  07.38  04.92  301.6  009.26  27.726  1021.217  1483.77 
2025 01 20 08 42 59.78  31.436  10.714  0011.16  07.57  04.92  301.6  009.26  27.729  1021.219  1483.77 
2025 01 20 08 42 59.91  31.436  10.714  0011.17  07.69  04.91  301.6  009.26  27.730  1021.219  1483.77 
2025 01 20 08 43 00.03  31.436  10.712  0011.15  07.98  04.83  301.6  009.26  27.730  1021.220  1483.77 
2025 01 20 08 43 00.16  31.434  10.714  0011.15  08.13  04.82  301.6  009.26  27.727  1021.217  1483.77 
2025 01 20 08 43 00.28  31.437  10.714  0011.14  07.92  04.82  301.6  009.26  27.731  1021.220  1483.77 
2025 01 20 08 43 00.41  31.437  10.717  0011.13  07.46  04.83  301.6  009.26  27.728  1021.217  1483.78 
2025 01 20 08 43 00.53  31.437  10.717  0011.13  07.64  04.82  301.6  009.26  27.728  1021.217  1483.78 
2025 01 20 08 43 00.66  31.436  10.716  0011.13  08.15  04.82  301.6  009.26  27.727  1021.217  1483.78 
2025 01 20 08 43 00.78  31.435  10.716  0011.13  08.04  04.82  301.6  009.26  27.727  1021.216  1483.78 
2025 01 20 08 43 00.91  31.434  10.714  0011.16  07.88  04.90  301.6  009.26  27.727  1021.217  1483.77 
2025 01 20 08 43 01.03  31.433  10.716  0011.14  07.96  04.91  301.7  009.26  27.725  1021.215  1483.77 
2025 01 20 08 43 01.16  31.434  10.715  0011.17  07.37  04.93  301.7  009.26  27.726  1021.216  1483.77 
2025 01 20 08 43 01.28  31.436  10.715  0011.17  08.05  04.93  301.7  009.26  27.728  1021.217  1483.78 
2025 01 20 08 43 01.41  31.435  10.716  0011.17  10.24  04.93  301.7  009.26  27.726  1021.216  1483.78 
2025 01 20 08 43 01.53  31.434  10.714  0011.18  10.36  04.92  301.7  009.26  27.727  1021.217  1483.77 
2025 01 20 08 43 01.66  31.436  10.715  0011.14  09.40  04.92  301.7  009.26  27.728  1021.217  1483.78 
2025 01 20 08 43 01.78  31.437  10.716  0011.07  08.23  04.93  301.7  009.26  27.728  1021.217  1483.78 
2025 01 20 08 43 01.91  31.439  10.718  0010.99  07.55  04.93  301.7  009.26  27.729  1021.217  1483.78 
2025 01 20 08 43 02.03  31.441  10.720  0010.93  07.09  04.93  301.7  009.26  27.730  1021.217  1483.79 
2025 01 20 08 43 02.16  31.440  10.722  0010.86  06.93  04.93  301.7  009.26  27.727  1021.214  1483.79 
2025 01 20 08 43 02.28  31.438  10.721  0010.85  06.78  04.93  301.7  009.26  27.726  1021.213  1483.79 
2025 01 20 08 43 02.41  31.438  10.720  0010.82  07.12  04.93  301.7  009.26  27.727  1021.214  1483.79 
2025 01 20 08 43 02.53  31.438  10.720  0010.80  07.31  04.92  301.7  009.26  27.726  1021.214  1483.79 
2025 01 20 08 43 02.66  31.437  10.721  0010.79  07.41  04.92  301.7  009.26  27.725  1021.213  1483.79 
2025 01 20 08 43 02.78  31.440  10.721  0010.76  07.47  04.92  301.7  009.26  27.727  1021.214  1483.79 
2025 01 20 08 43 02.91  31.440  10.721  0010.72  07.61  04.91  301.7  009.26  27.727  1021.214  1483.79 
2025 01 20 08 43 03.03  31.437  10.721  0010.68  07.52  04.83  301.7  009.26  27.725  1021.212  1483.79 
2025 01 20 08 43 03.16  31.436  10.720  0010.68  07.41  04.82  301.7  009.26  27.724  1021.212  1483.78 
2025 01 20 08 43 03.28  31.438  10.720  0010.68  07.55  04.82  301.7  009.26  27.727  1021.214  1483.78 
2025 01 20 08 43 03.41  31.438  10.720  0010.68  07.40  04.82  301.7  009.26  27.727  1021.214  1483.78 
2025 01 20 08 43 03.53  31.437  10.719  0010.68  07.17  04.81  301.7  009.26  27.726  1021.213  1483.78 
2025 01 20 08 43 03.66  31.436  10.720  0010.66  07.42  04.81  301.7  009.26  27.724  1021.212  1483.78 
2025 01 20 08 43 03.78  31.436  10.720  0010.61  07.61  04.82  301.7  009.26  27.725  1021.212  1483.78 
2025 01 20 08 43 03.91  31.436  10.720  0010.55  07.38  04.91  301.7  009.26  27.724  1021.211  1483.78 
2025 01 20 08 43 04.03  31.435  10.720  0010.50  07.31  04.92  302.0  009.26  27.724  1021.211  1483.78 
2025 01 20 08 43 04.16  31.434  10.721  0010.46  07.10  04.93  302.0  009.26  27.722  1021.209  1483.78 
2025 01 20 08 43 04.28  31.435  10.720  0010.41  07.21  04.93  302.0  009.26  27.723  1021.210  1483.78 
2025 01 20 08 43 04.41  31.434  10.719  0010.43  06.99  04.93  302.0  009.26  27.723  1021.210  1483.77 
2025 01 20 08 43 04.53  31.436  10.720  0010.44  06.89  04.92  302.0  009.26  27.725  1021.211  1483.78 
2025 01 20 08 43 04.66  31.435  10.720  0010.45  07.59  04.92  302.0  009.26  27.723  1021.210  1483.78 
2025 01 20 08 43 04.78  31.434  10.720  0010.46  07.96  04.92  302.0  009.26  27.723  1021.210  1483.78 
2025 01 20 08 43 04.91  31.431  10.720  0010.48  08.09  04.92  302.0  009.26  27.719  1021.207  1483.77 
2025 01 20 08 43 05.03  31.429  10.720  0010.49  07.90  04.92  302.0  009.26  27.718  1021.206  1483.77 
2025 01 20 08 43 05.16  31.430  10.720  0010.48  07.98  04.92  302.0  009.26  27.719  1021.206  1483.77 
2025 01 20 08 43 05.28  31.430  10.719  0010.46  09.97  04.91  302.0  009.26  27.720  1021.207  1483.77 
2025 01 20 08 43 05.41  31.429  10.720  0010.45  12.35  04.92  302.0  009.26  27.718  1021.206  1483.77 
2025 01 20 08 43 05.53  31.427  10.719  0010.41  11.68  04.91  302.0  009.26  27.716  1021.204  1483.76 
2025 01 20 08 43 05.66  31.420  10.714  0010.33  09.79  04.92  302.0  009.26  27.714  1021.203  1483.74 
2025 01 20 08 43 05.78  31.415  10.713  0010.28  08.33  04.92  302.0  009.26  27.709  1021.199  1483.73 
2025 01 20 08 43 05.91  31.414  10.712  0010.24  07.67  04.90  302.0  009.26  27.709  1021.200  1483.73 
2025 01 20 08 43 06.03  31.416  10.713  0010.23  07.32  04.82  302.0  009.26  27.711  1021.200  1483.73 
2025 01 20 08 43 06.16  31.417  10.713  0010.21  07.14  04.81  302.0  009.26  27.712  1021.201  1483.73 
2025 01 20 08 43 06.28  31.414  10.713  0010.23  07.03  04.82  302.0  009.26  27.709  1021.199  1483.73 
2025 01 20 08 43 06.41  31.413  10.711  0010.18  06.98  04.81  302.0  009.26  27.709  1021.199  1483.72 
2025 01 20 08 43 06.53  31.411  10.711  0010.21  07.07  04.80  302.0  009.26  27.707  1021.198  1483.72 
2025 01 20 08 43 06.66  31.408  10.709  0010.21  07.05  04.81  302.0  009.26  27.706  1021.197  1483.71 
2025 01 20 08 43 06.78  31.404  10.708  0010.21  07.47  04.81  302.0  009.26  27.702  1021.195  1483.70 
2025 01 20 08 43 06.91  31.401  10.707  0010.20  07.78  04.89  302.0  009.26  27.700  1021.193  1483.70 
2025 01 20 08 43 07.03  31.401  10.708  0010.22  07.60  04.90  302.0  009.26  27.699  1021.192  1483.70 
2025 01 20 08 43 07.16  31.401  10.708  0010.21  07.11  04.91  302.0  009.26  27.700  1021.192  1483.70 
2025 01 20 08 43 07.28  31.398  10.709  0010.23  06.98  04.92  302.0  009.26  27.697  1021.190  1483.70 
2025 01 20 08 43 07.41  31.398  10.707  0010.21  06.81  04.91  302.0  009.26  27.698  1021.191  1483.70 
2025 01 20 08 43 07.53  31.399  10.707  0010.20  06.86  04.91  302.0  009.26  27.698  1021.191  1483.70 
2025 01 20 08 43 07.66  31.397  10.708  0010.21  07.33  04.91  302.0  009.26  27.697  1021.190  1483.70 
2025 01 20 08 43 07.78  31.398  10.709  0010.20  07.46  04.91  302.0  009.26  27.696  1021.190  1483.70 
2025 01 20 08 43 07.91  31.400  10.708  0010.20  07.31  04.91  302.0  009.26  27.698  1021.191  1483.70 
2025 01 20 08 43 08.03  31.397  10.709  0010.20  07.25  04.91  302.0  009.26  27.696  1021.189  1483.70 
2025 01 20 08 43 08.16  31.397  10.709  0010.21  07.38  04.91  302.0  009.26  27.695  1021.189  1483.70 
2025 01 20 08 43 08.28  31.397  10.708  0010.21  07.31  04.91  302.0  009.26  27.696  1021.190  1483.70 
2025 01 20 08 43 08.41  31.399  10.709  0010.24  07.20  04.90  302.0  009.26  27.697  1021.191  1483.70 
2025 01 20 08 43 08.53  31.397  10.709  0010.23  07.05  04.90  302.0  009.26  27.695  1021.188  1483.70 
2025 01 20 08 43 08.66  31.397  10.708  0010.25  07.70  04.90  302.0  009.26  27.695  1021.189  1483.70 
2025 01 20 08 43 08.78  31.398  10.709  0010.26  08.17  04.90  302.0  009.26  27.696  1021.190  1483.70 
2025 01 20 08 43 08.91  31.400  10.709  0010.28  07.87  04.89  302.0  009.26  27.698  1021.191  1483.70 
2025 01 20 08 43 09.03  31.399  10.709  0010.30  07.69  04.81  302.0  009.26  27.697  1021.191  1483.70 
2025 01 20 08 43 09.16  31.397  10.710  0010.31  07.58  04.80  302.0  009.26  27.694  1021.188  1483.70 
2025 01 20 08 43 09.28  31.398  10.711  0010.35  07.69  04.80  302.0  009.26  27.695  1021.189  1483.71 
2025 01 20 08 43 09.41  31.400  10.711  0010.35  08.01  04.80  302.0  009.26  27.696  1021.190  1483.71 
2025 01 20 08 43 09.53  31.399  10.710  0010.37  08.62  04.79  302.0  009.26  27.696  1021.190  1483.71 
2025 01 20 08 43 09.66  31.400  10.709  0010.39  08.51  04.80  302.0  009.26  27.698  1021.191  1483.71 
2025 01 20 08 43 09.78  31.399  10.709  0010.37  08.30  04.80  302.0  009.26  27.697  1021.191  1483.70 
2025 01 20 08 43 09.91  31.399  10.710  0010.36  07.93  04.88  302.0  009.26  27.696  1021.190  1483.71 
2025 01 20 08 43 10.03  31.398  10.710  0010.36  07.66  04.90  301.8  009.26  27.696  1021.190  1483.71 
2025 01 20 08 43 10.16  31.399  10.710  0010.38  07.83  04.91  301.8  009.26  27.697  1021.190  1483.71 
2025 01 20 08 43 10.28  31.400  10.709  0010.36  07.78  04.92  301.8  009.26  27.697  1021.191  1483.71 
2025 01 20 08 43 10.41  31.399  10.710  0010.36  08.43  04.91  301.8  009.26  27.696  1021.190  1483.71 
2025 01 20 08 43 10.53  31.398  10.710  0010.37  08.62  04.91  301.8  009.26  27.695  1021.190  1483.71 
2025 01 20 08 43 10.66  31.401  10.711  0010.35  08.02  04.91  301.8  009.26  27.697  1021.190  1483.71 
2025 01 20 08 43 10.78  31.400  10.713  0010.35  07.59  04.91  301.8  009.26  27.695  1021.188  1483.72 
2025 01 20 08 43 10.91  31.399  10.713  0010.35  07.40  04.90  301.8  009.26  27.694  1021.188  1483.71 
2025 01 20 08 43 11.03  31.399  10.711  0010.36  07.43  04.90  301.8  009.26  27.696  1021.189  1483.71 
2025 01 20 08 43 11.16  31.398  10.709  0010.39  07.52  04.90  301.8  009.26  27.696  1021.191  1483.70 
2025 01 20 08 43 11.28  31.400  10.708  0010.39  08.00  04.91  301.8  009.26  27.698  1021.192  1483.70 
2025 01 20 08 43 11.41  31.401  10.710  0010.39  08.00  04.90  301.8  009.26  27.699  1021.192  1483.71 
2025 01 20 08 43 11.53  31.400  10.709  0010.40  08.01  04.90  301.8  009.26  27.698  1021.191  1483.71 
2025 01 20 08 43 11.66  31.400  10.708  0010.42  08.57  04.90  301.8  009.26  27.698  1021.192  1483.70 
2025 01 20 08 43 11.78  31.401  10.707  0010.44  08.09  04.90  301.8  009.26  27.701  1021.194  1483.70 
2025 01 20 08 43 11.91  31.399  10.707  0010.44  08.15  04.88  301.8  009.26  27.698  1021.193  1483.70 
2025 01 20 08 43 12.03  31.399  10.708  0010.41  07.78  04.81  301.8  009.26  27.697  1021.192  1483.70 
2025 01 20 08 43 12.16  31.400  10.710  0010.43  07.22  04.80  301.8  009.26  27.697  1021.191  1483.71 
2025 01 20 08 43 12.28  31.400  10.710  0010.42  07.21  04.81  301.8  009.26  27.697  1021.191  1483.71 
2025 01 20 08 43 12.41  31.401  10.710  0010.43  07.59  04.80  301.8  009.26  27.698  1021.192  1483.71 
2025 01 20 08 43 12.53  31.401  10.711  0010.42  07.88  04.80  301.8  009.26  27.697  1021.191  1483.71 
2025 01 20 08 43 12.66  31.400  10.711  0010.43  08.29  04.80  301.8  009.26  27.696  1021.190  1483.71 
2025 01 20 08 43 12.78  31.401  10.710  0010.40  08.39  04.80  301.8  009.26  27.698  1021.191  1483.71 
2025 01 20 08 43 12.91  31.401  10.709  0010.41  08.52  04.88  301.8  009.26  27.699  1021.193  1483.71 
2025 01 20 08 43 13.03  31.400  10.708  0010.42  08.21  04.89  301.7  009.26  27.698  1021.192  1483.70 
2025 01 20 08 43 13.16  31.399  10.709  0010.45  07.68  04.91  301.7  009.26  27.697  1021.191  1483.71 
2025 01 20 08 43 13.28  31.401  10.709  0010.47  07.79  04.91  301.7  009.26  27.699  1021.193  1483.71 
2025 01 20 08 43 13.41  31.401  10.708  0010.49  07.83  04.90  301.7  009.26  27.699  1021.193  1483.70 
2025 01 20 08 43 13.53  31.402  10.708  0010.52  07.61  04.90  301.7  009.26  27.701  1021.195  1483.71 
2025 01 20 08 43 13.66  31.405  10.710  0010.52  07.29  04.90  301.7  009.26  27.702  1021.196  1483.72 
2025 01 20 08 43 13.78  31.406  10.713  0010.54  07.19  04.90  301.7  009.26  27.701  1021.194  1483.73 
2025 01 20 08 43 13.91  31.408  10.713  0010.56  07.17  04.90  301.7  009.26  27.703  1021.195  1483.73 
2025 01 20 08 43 14.03  31.407  10.713  0010.53  07.81  04.90  301.7  009.26  27.702  1021.194  1483.73 
2025 01 20 08 43 14.16  31.405  10.711  0010.52  07.47  04.91  301.7  009.26  27.701  1021.195  1483.72 
2025 01 20 08 43 14.28  31.403  10.709  0010.49  07.10  04.90  301.7  009.26  27.700  1021.194  1483.71 
2025 01 20 08 43 14.41  31.404  10.708  0010.50  06.97  04.90  301.7  009.26  27.702  1021.196  1483.71 
2025 01 20 08 43 14.53  31.402  10.709  0010.49  06.92  04.90  301.7  009.26  27.700  1021.194  1483.71 
2025 01 20 08 43 14.66  31.402  10.709  0010.49  06.92  04.90  301.7  009.26  27.700  1021.194  1483.71 
2025 01 20 08 43 14.78  31.403  10.709  0010.48  07.74  04.90  301.7  009.26  27.701  1021.195  1483.71 
2025 01 20 08 43 14.91  31.402  10.709  0010.46  09.12  04.89  301.7  009.26  27.700  1021.194  1483.71 
2025 01 20 08 43 15.03  31.403  10.709  0010.45  09.96  04.81  301.7  009.26  27.701  1021.194  1483.71 
2025 01 20 08 43 15.16  31.404  10.709  0010.43  09.07  04.81  301.7  009.26  27.702  1021.195  1483.71 
2025 01 20 08 43 15.28  31.404  10.710  0010.44  08.38  04.80  301.7  009.26  27.701  1021.194  1483.71 
2025 01 20 08 43 15.41  31.403  10.709  0010.44  07.76  04.80  301.7  009.26  27.701  1021.194  1483.71 
2025 01 20 08 43 15.53  31.403  10.709  0010.44  07.29  04.80  301.7  009.26  27.701  1021.195  1483.71 
2025 01 20 08 43 15.66  31.402  10.708  0010.46  07.18  04.80  301.7  009.26  27.701  1021.194  1483.71 
2025 01 20 08 43 15.78  31.402  10.709  0010.48  07.09  04.80  301.7  009.26  27.700  1021.194  1483.71 
2025 01 20 08 43 15.91  31.405  10.708  0010.50  07.56  04.88  301.7  009.26  27.704  1021.197  1483.71 
2025 01 20 08 43 16.03  31.405  10.709  0010.53  11.29  04.90  301.5  009.26  27.703  1021.196  1483.71 
2025 01 20 08 43 16.16  31.405  10.710  0010.52  15.54  04.91  301.5  009.26  27.701  1021.195  1483.72 
2025 01 20 08 43 16.28  31.408  10.712  0010.54  13.11  04.91  301.5  009.26  27.703  1021.196  1483.73 
2025 01 20 08 43 16.41  31.406  10.713  0010.53  10.30  04.91  301.5  009.26  27.701  1021.194  1483.72 
2025 01 20 08 43 16.53  31.406  10.711  0010.55  08.46  04.91  301.5  009.26  27.702  1021.195  1483.72 
2025 01 20 08 43 16.66  31.408  10.710  0010.54  08.36  04.91  301.5  009.26  27.705  1021.198  1483.72 
2025 01 20 08 43 16.78  31.406  10.709  0010.53  08.74  04.91  301.5  009.26  27.704  1021.197  1483.71 
2025 01 20 08 43 16.91  31.406  10.710  0010.52  08.28  04.91  301.5  009.26  27.703  1021.196  1483.72 
2025 01 20 08 43 17.03  31.405  10.709  0010.52  08.96  04.91  301.5  009.26  27.703  1021.196  1483.71 
2025 01 20 08 43 17.16  31.405  10.709  0010.53  08.35  04.91  301.5  009.26  27.703  1021.197  1483.71 
2025 01 20 08 43 17.28  31.404  10.708  0010.53  07.93  04.90  301.5  009.26  27.702  1021.196  1483.71 
2025 01 20 08 43 17.41  31.405  10.709  0010.52  07.68  04.90  301.5  009.26  27.703  1021.196  1483.71 
2025 01 20 08 43 17.53  31.403  10.709  0010.49  07.45  04.90  301.5  009.26  27.701  1021.195  1483.71 
2025 01 20 08 43 17.66  31.404  10.709  0010.49  07.76  04.90  301.5  009.26  27.702  1021.195  1483.71 
2025 01 20 08 43 17.78  31.405  10.709  0010.49  08.13  04.90  301.5  009.26  27.703  1021.196  1483.71 
2025 01 20 08 43 17.91  31.404  10.710  0010.49  07.99  04.89  301.5  009.26  27.701  1021.194  1483.71 
2025 01 20 08 43 18.03  31.405  10.709  0010.45  07.87  04.82  301.5  009.26  27.702  1021.195  1483.71 
2025 01 20 08 43 18.16  31.405  10.708  0010.41  07.67  04.81  301.5  009.26  27.703  1021.196  1483.71 
2025 01 20 08 43 18.28  31.403  10.709  0010.29  07.63  04.81  301.5  009.26  27.701  1021.194  1483.71 
2025 01 20 08 43 18.41  31.401  10.710  0010.17  07.22  04.82  301.5  009.26  27.699  1021.191  1483.71 
2025 01 20 08 43 18.53  31.401  10.713  0010.04  07.05  04.81  301.5  009.26  27.696  1021.188  1483.71 
2025 01 20 08 43 18.66  31.402  10.713  0009.92  07.10  04.81  301.5  009.26  27.697  1021.188  1483.71 
2025 01 20 08 43 18.78  31.405  10.713  0009.87  07.01  04.81  301.5  009.26  27.699  1021.190  1483.71 
2025 01 20 08 43 18.91  31.404  10.715  0009.79  06.91  04.90  301.5  009.26  27.697  1021.188  1483.72 
2025 01 20 08 43 19.03  31.406  10.719  0009.72  06.89  04.91  301.5  009.26  27.697  1021.186  1483.73 
2025 01 20 08 43 19.16  31.408  10.723  0009.72  06.87  04.93  301.5  009.26  27.696  1021.185  1483.74 
2025 01 20 08 43 19.28  31.410  10.731  0009.71  06.83  04.92  301.5  009.26  27.692  1021.180  1483.76 
2025 01 20 08 43 19.41  31.409  10.726  0009.76  08.21  04.92  301.5  009.26  27.695  1021.183  1483.75 
2025 01 20 08 43 19.53  31.408  10.722  0009.75  08.66  04.91  301.5  009.26  27.696  1021.185  1483.74 
2025 01 20 08 43 19.66  31.409  10.724  0009.71  08.21  04.91  301.5  009.26  27.696  1021.185  1483.75 
2025 01 20 08 43 19.78  31.408  10.725  0009.60  08.04  04.92  301.5  009.26  27.694  1021.183  1483.75 
2025 01 20 08 43 19.91  31.411  10.734  0009.50  07.92  04.93  301.5  009.26  27.690  1021.178  1483.77 
2025 01 20 08 43 20.03  31.410  10.736  0009.36  07.64  04.92  301.5  009.26  27.688  1021.175  1483.77 
2025 01 20 08 43 20.16  31.409  10.739  0009.25  07.15  04.93  301.5  009.26  27.685  1021.171  1483.78 
2025 01 20 08 43 20.28  31.408  10.738  0009.12  07.25  04.92  301.5  009.26  27.685  1021.171  1483.77 
2025 01 20 08 43 20.41  31.408  10.738  0009.03  07.83  04.92  301.5  009.26  27.684  1021.170  1483.77 
2025 01 20 08 43 20.53  31.408  10.738  0008.97  07.85  04.92  301.5  009.26  27.685  1021.170  1483.77 
2025 01 20 08 43 20.66  31.405  10.744  0008.95  07.74  04.91  301.5  009.26  27.677  1021.164  1483.78 
2025 01 20 08 43 20.78  31.395  10.752  0008.94  07.79  04.91  301.5  009.26  27.661  1021.150  1483.79 
2025 01 20 08 43 20.91  31.378  10.755  0008.94  08.35  04.90  301.5  009.26  27.643  1021.135  1483.78 
2025 01 20 08 43 21.03  31.371  10.752  0008.91  08.70  04.82  301.5  009.26  27.638  1021.132  1483.76 
2025 01 20 08 43 21.16  31.366  10.749  0008.93  08.21  04.81  301.5  009.26  27.635  1021.130  1483.75 
2025 01 20 08 43 21.28  31.365  10.747  0008.93  07.97  04.81  301.5  009.26  27.636  1021.130  1483.74 
2025 01 20 08 43 21.41  31.362  10.746  0008.91  07.73  04.81  301.5  009.26  27.634  1021.129  1483.74 
2025 01 20 08 43 21.53  31.361  10.746  0008.92  07.44  04.80  301.5  009.26  27.633  1021.128  1483.73 
2025 01 20 08 43 21.66  31.360  10.745  0008.93  07.38  04.80  301.5  009.26  27.632  1021.128  1483.73 
2025 01 20 08 43 21.78  31.358  10.743  0008.97  07.21  04.80  301.5  009.26  27.632  1021.129  1483.73 
2025 01 20 08 43 21.91  31.355  10.741  0009.07  07.44  04.88  301.5  009.26  27.630  1021.128  1483.72 
2025 01 20 08 43 22.03  31.360  10.748  0009.11  07.48  04.89  301.9  009.26  27.630  1021.127  1483.74 
2025 01 20 08 43 22.16  31.373  10.757  0009.17  07.45  04.90  301.9  009.26  27.636  1021.130  1483.78 
2025 01 20 08 43 22.28  31.381  10.761  0009.20  07.62  04.90  301.9  009.26  27.641  1021.134  1483.80 
2025 01 20 08 43 22.41  31.380  10.754  0009.21  07.65  04.90  301.9  009.26  27.645  1021.138  1483.78 
2025 01 20 08 43 22.53  31.381  10.754  0009.24  07.45  04.90  301.9  009.26  27.646  1021.139  1483.78 
2025 01 20 08 43 22.66  31.382  10.762  0009.26  07.22  04.90  301.9  009.26  27.641  1021.134  1483.81 
2025 01 20 08 43 22.78  31.381  10.762  0009.25  07.24  04.90  301.9  009.26  27.641  1021.133  1483.81 
2025 01 20 08 43 22.91  31.378  10.755  0009.28  07.69  04.90  301.9  009.26  27.643  1021.136  1483.79 
2025 01 20 08 43 23.03  31.370  10.752  0009.28  07.61  04.91  301.9  009.26  27.637  1021.132  1483.77 
2025 01 20 08 43 23.16  31.368  10.750  0009.28  07.76  04.90  301.9  009.26  27.636  1021.132  1483.76 
2025 01 20 08 43 23.28  31.371  10.753  0009.31  07.91  04.90  301.9  009.26  27.637  1021.132  1483.77 
2025 01 20 08 43 23.41  31.377  10.755  0009.34  07.97  04.90  301.9  009.26  27.641  1021.135  1483.79 
2025 01 20 08 43 23.53  31.379  10.758  0009.36  08.20  04.90  301.9  009.26  27.641  1021.135  1483.80 
2025 01 20 08 43 23.66  31.378  10.761  0009.37  08.40  04.90  301.9  009.26  27.638  1021.132  1483.80 
2025 01 20 08 43 23.78  31.377  10.756  0009.35  08.46  04.90  301.9  009.26  27.640  1021.134  1483.79 
2025 01 20 08 43 23.91  31.373  10.754  0009.33  08.11  04.89  301.9  009.26  27.638  1021.133  1483.78 
2025 01 20 08 43 24.03  31.372  10.755  0009.33  07.64  04.82  301.9  009.26  27.637  1021.132  1483.78 
2025 01 20 08 43 24.16  31.374  10.756  0009.35  07.58  04.80  301.9  009.26  27.637  1021.132  1483.79 
2025 01 20 08 43 24.28  31.374  10.760  0009.33  07.82  04.80  301.9  009.26  27.635  1021.130  1483.79 
2025 01 20 08 43 24.41  31.374  10.759  0009.34  08.35  04.80  301.9  009.26  27.635  1021.130  1483.79 
2025 01 20 08 43 24.53  31.377  10.757  0009.35  08.89  04.80  301.9  009.26  27.640  1021.134  1483.79 
2025 01 20 08 43 24.66  31.377  10.757  0009.35  10.17  04.80  301.9  009.26  27.640  1021.134  1483.79 
2025 01 20 08 43 24.78  31.377  10.759  0009.36  09.95  04.80  301.9  009.26  27.638  1021.133  1483.80 
2025 01 20 08 43 24.91  31.378  10.761  0009.35  08.95  04.88  301.9  009.26  27.638  1021.132  1483.80 
2025 01 20 08 43 25.03  31.380  10.763  0009.36  08.98  04.90  301.9  009.26  27.638  1021.132  1483.81 
2025 01 20 08 43 25.16  31.380  10.763  0009.37  08.58  04.91  301.9  009.26  27.638  1021.132  1483.81 
2025 01 20 08 43 25.28  31.379  10.762  0009.38  08.26  04.91  301.9  009.26  27.638  1021.132  1483.81 
2025 01 20 08 43 25.41  31.380  10.762  0009.42  08.26  04.90  301.9  009.26  27.639  1021.133  1483.81 
2025 01 20 08 43 25.53  31.381  10.763  0009.43  08.26  04.90  301.9  009.26  27.639  1021.133  1483.81 
2025 01 20 08 43 25.66  31.380  10.762  0009.43  08.66  04.90  301.9  009.26  27.639  1021.133  1483.81 
2025 01 20 08 43 25.78  31.380  10.763  0009.44  09.48  04.90  301.9  009.26  27.638  1021.132  1483.81 
2025 01 20 08 43 25.91  31.379  10.762  0009.44  09.72  04.90  301.9  009.26  27.638  1021.132  1483.81 
2025 01 20 08 43 26.03  31.378  10.762  0009.43  09.82  04.91  301.9  009.26  27.637  1021.131  1483.81 
2025 01 20 08 43 26.16  31.378  10.762  0009.42  09.26  04.90  301.9  009.26  27.637  1021.131  1483.81 
2025 01 20 08 43 26.28  31.378  10.762  0009.40  10.71  04.90  301.9  009.26  27.637  1021.132  1483.81 
2025 01 20 08 43 26.41  31.379  10.762  0009.39  11.11  04.90  301.9  009.26  27.638  1021.132  1483.81 
2025 01 20 08 43 26.53  31.379  10.761  0009.37  09.77  04.90  301.9  009.26  27.638  1021.132  1483.81 
2025 01 20 08 43 26.66  31.378  10.761  0009.39  09.49  04.90  301.9  009.26  27.638  1021.132  1483.80 
2025 01 20 08 43 26.78  31.379  10.761  0009.38  09.07  04.90  301.9  009.26  27.639  1021.133  1483.80 
2025 01 20 08 43 26.91  31.380  10.762  0009.41  08.60  04.89  301.9  009.26  27.639  1021.133  1483.81 
2025 01 20 08 43 27.03  31.377  10.761  0009.45  08.37  04.81  301.9  009.26  27.637  1021.131  1483.81 
2025 01 20 08 43 27.16  31.378  10.761  0009.44  08.54  04.80  301.9  009.26  27.638  1021.132  1483.81 
2025 01 20 08 43 27.28  31.383  10.763  0009.45  08.61  04.80  301.9  009.26  27.641  1021.134  1483.82 
2025 01 20 08 43 27.41  31.385  10.763  0009.46  09.08  04.80  301.9  009.26  27.643  1021.136  1483.82 
2025 01 20 08 43 27.53  31.385  10.764  0009.47  08.96  04.79  301.9  009.26  27.643  1021.136  1483.82 
2025 01 20 08 43 27.66  31.384  10.762  0009.46  08.79  04.80  301.9  009.26  27.643  1021.136  1483.81 
2025 01 20 08 43 27.78  31.382  10.763  0009.45  08.82  04.80  301.9  009.26  27.641  1021.134  1483.81 
2025 01 20 08 43 27.91  31.381  10.762  0009.42  08.14  04.89  301.9  009.26  27.640  1021.133  1483.81 
2025 01 20 08 43 28.03  31.377  10.762  0009.42  07.70  04.90  302.0  009.26  27.636  1021.131  1483.81 
2025 01 20 08 43 28.16  31.376  10.761  0009.39  07.43  04.91  302.0  009.26  27.636  1021.130  1483.80 
2025 01 20 08 43 28.28  31.379  10.761  0009.39  07.71  04.91  302.0  009.26  27.639  1021.133  1483.81 
2025 01 20 08 43 28.41  31.380  10.762  0009.37  07.76  04.91  302.0  009.26  27.639  1021.133  1483.81 
2025 01 20 08 43 28.53  31.380  10.761  0009.37  07.92  04.91  302.0  009.26  27.639  1021.133  1483.81 
2025 01 20 08 43 28.66  31.380  10.762  0009.36  07.93  04.91  302.0  009.26  27.639  1021.132  1483.81 
2025 01 20 08 43 28.78  31.381  10.762  0009.36  07.70  04.91  302.0  009.26  27.639  1021.133  1483.81 
2025 01 20 08 43 28.91  31.381  10.761  0009.38  07.69  04.90  302.0  009.26  27.641  1021.134  1483.81 
2025 01 20 08 43 29.03  31.381  10.762  0009.37  07.82  04.91  302.0  009.26  27.640  1021.134  1483.81 
2025 01 20 08 43 29.16  31.381  10.762  0009.40  09.09  04.90  302.0  009.26  27.639  1021.133  1483.81 
2025 01 20 08 43 29.28  31.383  10.763  0009.38  09.71  04.90  302.0  009.26  27.641  1021.134  1483.81 
2025 01 20 08 43 29.41  31.385  10.761  0009.40  10.42  04.90  302.0  009.26  27.644  1021.137  1483.81 
2025 01 20 08 43 29.53  31.382  10.762  0009.37  10.39  04.90  302.0  009.26  27.641  1021.135  1483.81 
2025 01 20 08 43 29.66  31.381  10.761  0009.39  09.62  04.90  302.0  009.26  27.640  1021.134  1483.81 
2025 01 20 08 43 29.78  31.380  10.761  0009.41  09.41  04.90  302.0  009.26  27.639  1021.133  1483.81 
2025 01 20 08 43 29.91  31.379  10.762  0009.41  09.23  04.89  302.0  009.26  27.638  1021.132  1483.81 
2025 01 20 08 43 30.03  31.378  10.760  0009.43  08.68  04.81  302.0  009.26  27.638  1021.133  1483.80 
2025 01 20 08 43 30.16  31.381  10.762  0009.45  08.36  04.80  302.0  009.26  27.640  1021.134  1483.81 
2025 01 20 08 43 30.28  31.385  10.762  0009.46  08.55  04.80  302.0  009.26  27.644  1021.137  1483.81 
2025 01 20 08 43 30.41  31.385  10.762  0009.46  08.50  04.80  302.0  009.26  27.644  1021.137  1483.82 
2025 01 20 08 43 30.53  31.384  10.763  0009.46  08.71  04.80  302.0  009.26  27.642  1021.135  1483.82 
2025 01 20 08 43 30.66  31.382  10.761  0009.44  09.03  04.80  302.0  009.26  27.642  1021.135  1483.81 
2025 01 20 08 43 30.78  31.381  10.761  0009.43  09.27  04.80  302.0  009.26  27.641  1021.134  1483.81 
2025 01 20 08 43 30.91  31.381  10.761  0009.40  08.72  04.89  302.0  009.26  27.640  1021.134  1483.81 
2025 01 20 08 43 31.03  31.381  10.760  0009.39  08.59  04.90  302.2  009.26  27.641  1021.134  1483.80 
2025 01 20 08 43 31.16  31.381  10.761  0009.39  08.31  04.91  302.2  009.26  27.640  1021.134  1483.81 
2025 01 20 08 43 31.28  31.381  10.762  0009.41  08.12  04.91  302.2  009.26  27.640  1021.134  1483.81 
2025 01 20 08 43 31.41  31.381  10.761  0009.40  08.63  04.91  302.2  009.26  27.641  1021.134  1483.81 
2025 01 20 08 43 31.53  31.381  10.762  0009.40  08.61  04.91  302.2  009.26  27.640  1021.134  1483.81 
2025 01 20 08 43 31.66  31.382  10.762  0009.42  08.31  04.91  302.2  009.26  27.641  1021.134  1483.81 
2025 01 20 08 43 31.78  31.384  10.762  0009.42  08.37  04.91  302.2  009.26  27.643  1021.136  1483.81 
2025 01 20 08 43 31.91  31.381  10.762  0009.40  07.97  04.91  302.2  009.26  27.640  1021.133  1483.81 
2025 01 20 08 43 32.03  31.380  10.762  0009.40  07.89  04.90  302.2  009.26  27.639  1021.133  1483.81 
2025 01 20 08 43 32.16  31.381  10.761  0009.39  09.82  04.90  302.2  009.26  27.641  1021.135  1483.81 
2025 01 20 08 43 32.28  31.381  10.762  0009.37  09.66  04.90  302.2  009.26  27.640  1021.133  1483.81 
2025 01 20 08 43 32.41  31.380  10.761  0009.37  09.25  04.90  302.2  009.26  27.639  1021.133  1483.81 
2025 01 20 08 43 32.53  31.378  10.761  0009.35  08.42  04.90  302.2  009.26  27.638  1021.132  1483.80 
2025 01 20 08 43 32.66  31.378  10.760  0009.28  08.09  04.91  302.2  009.26  27.639  1021.133  1483.80 
2025 01 20 08 43 32.78  31.377  10.760  0009.22  07.78  04.91  302.2  009.26  27.637  1021.131  1483.80 
2025 01 20 08 43 32.91  31.373  10.757  0009.17  07.78  04.90  302.2  009.26  27.635  1021.130  1483.78 
2025 01 20 08 43 33.03  31.369  10.754  0009.08  08.06  04.82  302.2  009.26  27.634  1021.129  1483.77 
2025 01 20 08 43 33.16  31.365  10.754  0009.01  07.59  04.81  302.2  009.26  27.630  1021.125  1483.76 
2025 01 20 08 43 33.28  31.366  10.755  0008.95  08.01  04.81  302.2  009.26  27.630  1021.125  1483.77 
2025 01 20 08 43 33.41  31.368  10.755  0008.90  08.03  04.81  302.2  009.26  27.633  1021.127  1483.77 
2025 01 20 08 43 33.53  31.369  10.755  0008.88  07.83  04.81  302.2  009.26  27.633  1021.127  1483.77 
2025 01 20 08 43 33.66  31.368  10.755  0008.83  07.82  04.81  302.2  009.26  27.633  1021.126  1483.77 
2025 01 20 08 43 33.78  31.366  10.754  0008.81  07.91  04.81  302.2  009.26  27.632  1021.126  1483.76 
2025 01 20 08 43 33.91  31.366  10.753  0008.75  07.72  04.90  302.2  009.26  27.632  1021.125  1483.76 
2025 01 20 08 43 34.03  31.365  10.754  0008.69  07.60  04.91  302.4  009.26  27.630  1021.124  1483.76 
2025 01 20 08 43 34.16  31.363  10.750  0008.59  08.07  04.93  302.4  009.26  27.632  1021.125  1483.74 
2025 01 20 08 43 34.28  31.362  10.750  0008.48  07.95  04.93  302.4  009.26  27.630  1021.124  1483.74 
2025 01 20 08 43 34.41  31.358  10.750  0008.40  07.62  04.93  302.4  009.26  27.627  1021.121  1483.73 
2025 01 20 08 43 34.53  31.352  10.745  0008.28  07.54  04.93  302.4  009.26  27.625  1021.120  1483.71 
2025 01 20 08 43 34.66  31.350  10.745  0008.17  07.54  04.93  302.4  009.26  27.623  1021.117  1483.71 
2025 01 20 08 43 34.78  31.351  10.744  0008.14  07.70  04.93  302.4  009.26  27.625  1021.119  1483.71 
2025 01 20 08 43 34.91  31.348  10.741  0008.07  07.44  04.93  302.4  009.26  27.624  1021.118  1483.69 
2025 01 20 08 43 35.03  31.342  10.738  0008.01  07.30  04.92  302.4  009.26  27.620  1021.116  1483.68 
2025 01 20 08 43 35.16  31.339  10.735  0007.95  07.29  04.92  302.4  009.26  27.620  1021.116  1483.67 
2025 01 20 08 43 35.28  31.342  10.737  0007.90  07.42  04.92  302.4  009.26  27.621  1021.116  1483.67 
2025 01 20 08 43 35.41  31.342  10.737  0007.83  07.41  04.92  302.4  009.26  27.621  1021.116  1483.67 
2025 01 20 08 43 35.53  31.337  10.736  0007.76  07.12  04.92  302.4  009.26  27.617  1021.112  1483.66 
2025 01 20 08 43 35.66  31.330  10.737  0007.65  07.02  04.92  302.4  009.26  27.610  1021.107  1483.66 
2025 01 20 08 43 35.78  31.328  10.737  0007.54  07.03  04.91  302.4  009.26  27.608  1021.105  1483.65 
2025 01 20 08 43 35.91  31.328  10.737  0007.47  07.19  04.90  302.4  009.26  27.608  1021.104  1483.65 
2025 01 20 08 43 36.03  31.327  10.737  0007.40  07.19  04.81  302.4  009.26  27.608  1021.103  1483.65 
2025 01 20 08 43 36.16  31.323  10.737  0007.38  07.38  04.79  302.4  009.26  27.603  1021.099  1483.64 
2025 01 20 08 43 36.28  31.321  10.737  0007.32  08.34  04.79  302.4  009.26  27.601  1021.097  1483.64 
2025 01 20 08 43 36.41  31.315  10.737  0007.29  07.85  04.78  302.4  009.26  27.596  1021.094  1483.63 
2025 01 20 08 43 36.53  31.302  10.738  0007.25  08.22  04.77  302.4  009.26  27.582  1021.082  1483.62 
2025 01 20 08 43 36.66  31.299  10.737  0007.16  07.81  04.77  302.4  009.26  27.579  1021.080  1483.61 
2025 01 20 08 43 36.78  31.287  10.736  0007.05  07.42  04.77  302.4  009.26  27.569  1021.072  1483.59 
2025 01 20 08 43 36.91  31.273  10.736  0006.90  07.78  04.86  302.4  009.26  27.555  1021.061  1483.57 
2025 01 20 08 43 37.03  31.239  10.735  0006.78  07.43  04.87  302.4  009.26  27.523  1021.035  1483.53 
2025 01 20 08 43 37.16  31.186  10.736  0006.64  06.86  04.87  302.4  009.26  27.471  1020.994  1483.47 
2025 01 20 08 43 37.28  31.190  10.734  0006.52  07.14  04.87  302.4  009.26  27.476  1020.997  1483.47 
2025 01 20 08 43 37.41  31.180  10.736  0006.46  07.45  04.86  302.4  009.26  27.465  1020.988  1483.46 
2025 01 20 08 43 37.53  31.125  10.740  0006.43  06.88  04.85  302.4  009.26  27.408  1020.943  1483.41 
2025 01 20 08 43 37.66  31.062  10.749  0006.35  06.50  04.85  302.4  009.26  27.341  1020.889  1483.35 
2025 01 20 08 43 37.78  30.973  10.755  0006.32  06.48  04.85  302.4  009.26  27.249  1020.817  1483.27 
2025 01 20 08 43 37.91  30.872  10.766  0006.28  06.67  04.84  302.4  009.26  27.143  1020.733  1483.18 
2025 01 20 08 43 38.03  30.829  10.776  0006.26  06.36  04.83  302.4  009.26  27.094  1020.693  1483.15 
2025 01 20 08 43 38.16  30.810  10.778  0006.20  06.05  04.83  302.4  009.26  27.074  1020.677  1483.13 
2025 01 20 08 43 38.28  30.844  10.772  0006.12  06.76  04.82  302.4  009.26  27.112  1020.706  1483.16 
2025 01 20 08 43 38.41  30.898  10.769  0006.07  06.76  04.82  302.4  009.26  27.167  1020.750  1483.21 
2025 01 20 08 43 38.53  30.944  10.763  0005.99  06.41  04.82  302.4  009.26  27.216  1020.788  1483.25 
2025 01 20 08 43 38.66  30.954  10.759  0005.91  06.21  04.81  302.4  009.29  27.228  1020.798  1483.25 
2025 01 20 08 43 38.78  30.940  10.761  0005.86  06.20  04.81  302.4  009.26  27.214  1020.786  1483.24 
2025 01 20 08 43 38.91  30.905  10.766  0005.82  06.36  04.79  302.4  009.26  27.176  1020.756  1483.21 
2025 01 20 08 43 39.03  30.885  10.767  0005.79  06.40  04.71  302.4  009.26  27.155  1020.739  1483.19 
2025 01 20 08 43 39.16  30.871  10.770  0005.77  06.33  04.69  302.4  009.26  27.140  1020.727  1483.18 
2025 01 20 08 43 39.28  30.851  10.770  0005.71  06.20  04.69  302.4  009.26  27.121  1020.712  1483.15 
2025 01 20 08 43 39.41  30.856  10.769  0005.67  06.29  04.69  302.4  009.26  27.126  1020.716  1483.16 
2025 01 20 08 43 39.53  30.857  10.769  0005.64  06.10  04.68  302.4  009.26  27.127  1020.717  1483.16 
2025 01 20 08 43 39.66  30.854  10.769  0005.59  06.31  04.68  302.4  009.26  27.123  1020.714  1483.15 
2025 01 20 08 43 39.78  30.830  10.771  0005.47  06.29  04.69  302.4  009.26  27.099  1020.694  1483.13 
2025 01 20 08 43 39.91  30.761  10.777  0005.33  06.14  04.77  302.4  009.26  27.027  1020.637  1483.06 
2025 01 20 08 43 40.03  30.578  10.793  0005.18  05.92  04.77  300.8  009.26  26.838  1020.487  1482.89 
2025 01 20 08 43 40.16  30.402  10.800  0005.06  05.79  04.79  300.8  009.26  26.663  1020.349  1482.70 
2025 01 20 08 43 40.28  30.319  10.801  0004.95  05.96  04.79  300.8  009.26  26.581  1020.285  1482.61 
2025 01 20 08 43 40.41  30.309  10.800  0004.87  06.22  04.78  300.8  009.26  26.572  1020.277  1482.59 
2025 01 20 08 43 40.53  30.234  10.805  0004.78  06.22  04.77  300.8  009.26  26.497  1020.218  1482.52 
2025 01 20 08 43 40.66  30.074  10.812  0004.72  06.96  04.77  300.8  009.26  26.337  1020.092  1482.35 
2025 01 20 08 43 40.78  29.854  10.809  0004.70  07.08  04.77  300.8  009.26  26.127  1019.929  1482.08 
2025 01 20 08 43 40.91  29.732  10.801  0004.66  07.20  04.76  300.8  009.26  26.015  1019.844  1481.92 
2025 01 20 08 43 41.03  29.665  10.799  0004.63  06.96  04.75  300.8  009.26  25.951  1019.794  1481.84 
2025 01 20 08 43 41.16  29.584  10.792  0004.61  07.02  04.75  300.8  009.26  25.879  1019.739  1481.72 
2025 01 20 08 43 41.28  29.461  10.787  0004.58  07.34  04.74  300.8  009.26  25.763  1019.650  1481.56 
2025 01 20 08 43 41.41  29.345  10.781  0004.54  07.19  04.74  300.8  009.26  25.655  1019.566  1481.41 
2025 01 20 08 43 41.53  29.383  10.790  0004.50  06.96  04.74  300.8  009.26  25.686  1019.589  1481.48 
2025 01 20 08 43 41.66  29.496  10.791  0004.40  06.82  04.74  300.8  009.26  25.794  1019.672  1481.61 
2025 01 20 08 43 41.78  29.589  10.794  0004.30  06.67  04.75  300.8  009.26  25.882  1019.739  1481.73 
2025 01 20 08 43 41.91  29.591  10.793  0004.21  06.52  04.73  300.8  009.26  25.885  1019.741  1481.73 
2025 01 20 08 43 42.03  29.587  10.792  0004.14  06.62  04.65  300.8  009.26  25.881  1019.738  1481.72 
2025 01 20 08 43 42.16  29.599  10.797  0004.11  06.94  04.63  300.8  009.26  25.889  1019.744  1481.74 
2025 01 20 08 43 42.28  29.607  10.797  0004.09  06.96  04.63  300.8  009.26  25.897  1019.750  1481.75 
2025 01 20 08 43 42.41  29.601  10.799  0004.09  06.81  04.63  300.8  009.26  25.890  1019.744  1481.75 
2025 01 20 08 43 42.53  29.515  10.791  0004.06  06.86  04.62  300.8  009.26  25.812  1019.685  1481.63 
2025 01 20 08 43 42.66  29.459  10.793  0004.02  07.43  04.62  300.8  009.26  25.757  1019.642  1481.57 
2025 01 20 08 43 42.78  29.462  10.791  0003.96  07.75  04.63  300.8  009.26  25.762  1019.645  1481.57 
2025 01 20 08 43 42.91  29.445  10.792  0003.88  07.93  04.71  300.8  009.26  25.744  1019.631  1481.55 
2025 01 20 08 43 43.03  29.414  10.793  0003.74  07.77  04.73  298.1  009.26  25.714  1019.607  1481.51 
2025 01 20 08 43 43.16  29.080  10.786  0003.59  07.28  04.73  298.1  009.26  25.398  1019.362  1481.10 
2025 01 20 08 43 43.28  28.547  10.776  0003.45  07.57  04.73  298.1  009.26  24.892  1018.970  1480.46 
2025 01 20 08 43 43.41  28.319  10.774  0003.35  08.40  04.73  298.1  009.26  24.674  1018.801  1480.19 
2025 01 20 08 43 43.53  28.152  10.761  0003.23  09.06  04.73  298.1  009.26  24.523  1018.685  1479.96 
2025 01 20 08 43 43.66  27.759  10.744  0003.18  09.59  04.72  298.1  009.26  24.157  1018.403  1479.46 
2025 01 20 08 43 43.78  27.473  10.735  0003.18  09.51  04.72  298.1  009.26  23.889  1018.197  1479.10 
2025 01 20 08 43 43.91  27.325  10.725  0003.17  09.70  04.71  298.1  009.26  23.755  1018.094  1478.90 
2025 01 20 08 43 44.03  27.231  10.724  0003.16  09.74  04.71  298.1  009.26  23.665  1018.024  1478.79 
2025 01 20 08 43 44.16  26.965  10.687  0003.20  09.36  04.71  298.1  009.26  23.434  1017.851  1478.38 
2025 01 20 08 43 44.28  27.028  10.721  0003.20  09.01  04.71  298.1  009.26  23.473  1017.876  1478.55 
2025 01 20 08 43 44.41  27.161  10.728  0003.18  08.81  04.70  298.1  009.26  23.595  1017.970  1478.72 
2025 01 20 08 43 44.53  27.079  10.717  0003.16  08.86  04.70  298.1  009.26  23.525  1017.917  1478.60 
2025 01 20 08 43 44.66  26.849  10.694  0003.04  08.63  04.71  298.1  009.26  23.319  1017.760  1478.27 
2025 01 20 08 43 44.78  26.873  10.699  0002.90  08.73  04.72  298.1  009.26  23.339  1017.774  1478.31 
2025 01 20 08 43 44.91  26.902  10.690  0002.78  08.80  04.70  298.1  009.26  23.373  1017.801  1478.31 
2025 01 20 08 43 45.03  26.705  10.661  0002.69  08.84  04.62  298.1  009.26  23.204  1017.674  1478.00 
2025 01 20 08 43 45.16  26.572  10.656  0002.59  08.33  04.61  298.1  009.26  23.080  1017.577  1477.83 
2025 01 20 08 43 45.28  26.408  10.624  0002.54  08.09  04.61  298.1  009.26  22.942  1017.475  1477.55 
2025 01 20 08 43 45.41  26.068  10.595  0002.53  08.10  04.61  298.1  009.26  22.636  1017.243  1477.07 
2025 01 20 08 43 45.53  25.891  10.572  0002.53  07.84  04.60  298.1  009.26  22.482  1017.126  1476.80 
2025 01 20 08 43 45.66  25.784  10.582  0002.52  07.63  04.60  298.1  009.26  22.374  1017.041  1476.71 
2025 01 20 08 43 45.78  25.643  10.557  0002.55  07.49  04.60  298.1  009.26  22.254  1016.951  1476.47 
2025 01 20 08 43 45.91  25.433  10.501  0002.52  07.46  04.68  298.1  009.26  22.089  1016.832  1476.07 
2025 01 20 08 43 46.03  25.277  10.496  0002.50  07.15  04.69  297.9  009.26  21.942  1016.718  1475.87 
2025 01 20 08 43 46.16  25.208  10.485  0002.46  07.48  04.71  297.9  009.26  21.884  1016.674  1475.76 
2025 01 20 08 43 46.28  25.226  10.492  0002.38  07.30  04.72  297.9  009.26  21.896  1016.682  1475.80 
2025 01 20 08 43 46.41  25.113  10.480  0002.28  07.39  04.72  297.9  009.26  21.796  1016.606  1475.63 
2025 01 20 08 43 46.53  24.754  10.443  0002.17  07.19  04.72  297.9  009.26  21.477  1016.363  1475.11 
2025 01 20 08 43 46.66  24.504  10.424  0002.07  06.94  04.72  297.9  009.26  21.250  1016.189  1474.76 
2025 01 20 08 43 46.78  24.388  10.403  0002.00  06.66  04.72  297.9  009.26  21.152  1016.116  1474.57 
2025 01 20 08 43 46.91  24.380  10.417  0001.95  06.37  04.71  297.9  009.26  21.136  1016.102  1474.60 
2025 01 20 08 43 47.03  24.363  10.417  0001.91  06.26  04.71  297.9  009.26  21.120  1016.089  1474.58 
2025 01 20 08 43 47.16  24.240  10.404  0001.92  06.34  04.71  297.9  009.26  21.010  1016.005  1474.40 
2025 01 20 08 43 47.28  24.200  10.416  0001.90  05.99  04.71  297.9  009.26  20.965  1015.969  1474.39 
2025 01 20 08 43 47.41  24.137  10.419  0001.90  05.65  04.71  297.9  009.26  20.904  1015.921  1474.33 
2025 01 20 08 43 47.53  23.971  10.400  0001.89  05.53  04.71  297.9  009.29  20.758  1015.810  1474.08 
2025 01 20 08 43 47.66  23.885  10.394  0001.89  05.45  04.71  297.9  009.26  20.680  1015.750  1473.96 
2025 01 20 08 43 47.78  23.866  10.389  0001.86  05.41  04.71  297.9  009.26  20.664  1015.739  1473.93 
2025 01 20 08 43 47.91  23.866  10.385  0001.78  05.43  04.70  297.9  009.26  20.666  1015.741  1473.91 
2025 01 20 08 43 48.03  23.853  10.386  0001.68  05.49  04.64  297.9  009.26  20.654  1015.730  1473.90 
2025 01 20 08 43 48.16  23.683  10.373  0001.55  05.70  04.63  297.9  009.26  20.500  1015.612  1473.66 
2025 01 20 08 43 48.28  23.325  10.356  0001.43  05.73  04.63  297.9  009.26  20.170  1015.358  1473.20 
2025 01 20 08 43 48.41  23.053  10.352  0001.35  05.39  04.63  297.9  009.26  19.914  1015.160  1472.88 
2025 01 20 08 43 48.53  23.022  10.356  0001.31  05.06  04.63  297.9  009.26  19.883  1015.134  1472.86 
2025 01 20 08 43 48.66  23.078  10.358  0001.24  04.87  04.63  297.9  009.26  19.935  1015.174  1472.92 
2025 01 20 08 43 48.78  23.030  10.355  0001.22  04.80  04.63  297.9  009.26  19.891  1015.140  1472.86 
2025 01 20 08 43 48.91  22.911  10.359  0001.19  04.76  04.71  297.9  009.26  19.777  1015.051  1472.74 
2025 01 20 08 43 49.03  22.890  10.358  0001.15  04.71  04.72  301.8  009.26  19.758  1015.036  1472.71 
2025 01 20 08 43 49.16  22.828  10.360  0001.16  04.81  04.74  301.8  009.26  19.697  1014.989  1472.64 
2025 01 20 08 43 49.28  22.651  10.372  0001.13  04.78  04.74  301.8  009.26  19.524  1014.853  1472.48 
2025 01 20 08 43 49.41  22.419  10.415  0001.13  04.69  04.74  301.8  009.26  19.283  1014.660  1472.35 
2025 01 20 08 43 49.53  22.151  10.425  0001.15  04.69  04.74  301.8  009.29  19.025  1014.458  1472.08 
2025 01 20 08 43 49.66  21.865  10.435  0001.13  04.57  04.74  301.8  009.26  18.752  1014.245  1471.78 
2025 01 20 08 43 49.78  21.741  10.438  0001.11  04.42  04.74  301.8  009.26  18.634  1014.153  1471.65 
2025 01 20 08 43 49.91  21.802  10.424  0001.04  04.57  04.74  301.8  009.26  18.699  1014.205  1471.68 
2025 01 20 08 43 50.03  21.618  10.406  0000.93  04.58  04.74  301.8  009.26  18.536  1014.080  1471.41 
2025 01 20 08 43 50.16  20.810  10.348  0000.83  04.67  04.74  301.8  009.26  17.808  1013.522  1470.32 
2025 01 20 08 43 50.28  19.346  10.233  0000.74  04.68  04.74  301.8  009.26  16.498  1012.521  1468.30 
2025 01 20 08 43 50.41  18.947  10.209  0000.69  04.54  04.74  301.8  009.26  16.137  1012.244  1467.78 
2025 01 20 08 43 50.53  19.078  10.244  0000.66  04.27  04.73  301.8  009.26  16.244  1012.322  1468.04 
2025 01 20 08 43 50.66  18.650  10.194  0000.65  04.04  04.74  301.8  009.26  15.869  1012.038  1467.40 
2025 01 20 08 43 50.78  18.151  10.162  0000.65  03.88  04.73  301.8  009.26  15.421  1011.694  1466.73 
2025 01 20 08 43 50.91  17.910  10.151  0000.64  03.71  04.72  301.8  009.26  15.202  1011.526  1466.43 
2025 01 20 08 43 51.03  17.636  10.113  0000.67  03.58  04.64  301.8  009.26  14.966  1011.347  1466.00 
2025 01 20 08 43 51.16  17.533  10.111  0000.69  03.52  04.63  301.8  009.26  14.871  1011.273  1465.88 
2025 01 20 08 43 51.28  17.502  10.108  0000.68  03.59  04.63  301.8  009.26  14.843  1011.253  1465.83 
2025 01 20 08 43 51.41  17.496  10.109  0000.70  03.56  04.64  301.8  009.26  14.838  1011.248  1465.83 
2025 01 20 08 43 51.53  17.509  10.114  0000.69  03.53  04.63  301.8  009.26  14.847  1011.255  1465.86 
2025 01 20 08 43 51.66  17.517  10.119  0000.70  03.58  04.64  301.8  009.26  14.853  1011.258  1465.89 
2025 01 20 08 43 51.78  17.491  10.117  0000.70  03.51  04.64  301.8  009.26  14.829  1011.241  1465.85 
2025 01 20 08 43 51.91  17.460  10.112  0000.68  03.52  04.72  301.8  009.26  14.803  1011.221  1465.80 
2025 01 20 08 43 52.03  17.433  10.115  0000.69  03.43  04.74  303.0  009.26  14.777  1011.201  1465.78 
2025 01 20 08 43 52.16  17.425  10.114  0000.71  03.35  04.75  303.0  009.26  14.770  1011.195  1465.77 
2025 01 20 08 43 52.28  17.426  10.115  0000.70  03.32  04.75  303.0  009.26  14.771  1011.196  1465.77 
2025 01 20 08 43 52.41  17.430  10.115  0000.72  03.37  04.75  303.0  009.26  14.774  1011.198  1465.78 
2025 01 20 08 43 52.53  17.429  10.114  0000.72  03.38  04.75  303.0  009.26  14.774  1011.198  1465.77 
2025 01 20 08 43 52.66  17.425  10.110  0000.74  03.45  04.76  303.0  009.26  14.771  1011.196  1465.76 
2025 01 20 08 43 52.78  17.436  10.112  0000.77  03.41  04.75  303.0  009.26  14.781  1011.204  1465.77 
2025 01 20 08 43 52.91  17.452  10.117  0000.78  03.35  04.75  303.0  009.26  14.793  1011.213  1465.81 
2025 01 20 08 43 53.03  17.462  10.116  0000.78  03.38  04.75  303.0  009.26  14.803  1011.221  1465.82 
2025 01 20 08 43 53.16  17.463  10.118  0000.77  03.30  04.75  303.0  009.26  14.803  1011.221  1465.82 
2025 01 20 08 43 53.28  17.452  10.115  0000.80  03.35  04.76  303.0  009.26  14.794  1011.214  1465.80 
2025 01 20 08 43 53.41  17.437  10.114  0000.79  03.37  04.76  303.0  009.26  14.781  1011.204  1465.78 
2025 01 20 08 43 53.53  17.420  10.114  0000.77  03.33  04.76  303.0  009.26  14.765  1011.192  1465.76 
2025 01 20 08 43 53.66  17.410  10.112  0000.78  03.32  04.76  303.0  009.26  14.757  1011.186  1465.74 
2025 01 20 08 43 53.78  17.402  10.111  0000.76  03.49  04.76  303.0  009.26  14.750  1011.180  1465.73 
2025 01 20 08 43 53.91  17.410  10.113  0000.78  03.52  04.75  303.0  009.26  14.756  1011.185  1465.75 
2025 01 20 08 43 54.03  17.414  10.114  0000.79  03.55  04.67  303.0  009.26  14.760  1011.188  1465.76 
2025 01 20 08 43 54.16  17.406  10.114  0000.78  03.54  04.66  303.0  009.26  14.753  1011.182  1465.75 
2025 01 20 08 43 54.28  17.406  10.112  0000.77  03.45  04.67  303.0  009.26  14.753  1011.182  1465.74 
2025 01 20 08 43 54.41  17.412  10.112  0000.77  03.39  04.67  303.0  009.26  14.759  1011.187  1465.75 
2025 01 20 08 43 54.53  17.406  10.111  0000.73  03.39  04.67  303.0  009.26  14.753  1011.182  1465.74 
2025 01 20 08 43 54.66  17.386  10.109  0000.67  03.42  04.67  303.0  009.26  14.736  1011.169  1465.71 
2025 01 20 08 43 54.78  17.372  10.109  0000.58  03.49  04.68  303.0  009.26  14.723  1011.159  1465.69 
2025 01 20 08 43 54.91  17.262  10.103  0000.49  03.60  04.77  303.0  009.26  14.624  1011.082  1465.55 
2025 01 20 08 43 55.03  17.025  10.069  0000.42  03.59  04.77  305.5  009.26  14.420  1010.927  1465.17 
2025 01 20 08 43 55.16  16.479  09.997  0000.39  03.47  04.79  305.5  009.26  13.945  1010.568  1464.32 
2025 01 20 08 43 55.28  15.304  09.863  0000.33  03.21  04.78  305.5  009.26  12.917  1009.785  1462.56 
2025 01 20 08 43 55.41  14.687  09.857  0000.30  03.04  04.78  305.5  009.26  12.355  1009.349  1461.85 
2025 01 20 08 43 55.53  14.165  09.782  0000.30  02.92  04.78  305.5  009.26  11.904  1009.007  1461.02 
2025 01 20 08 43 55.66  13.885  09.732  0000.29  02.80  04.77  305.5  009.26  11.665  1008.827  1460.54 
2025 01 20 08 43 55.78  13.666  09.725  0000.27  02.69  04.77  305.5  009.26  11.468  1008.674  1460.27 
2025 01 20 08 43 55.91  13.436  09.712  0000.27  02.69  04.77  305.5  009.26  11.264  1008.517  1459.97 
2025 01 20 08 43 56.03  13.507  09.734  0000.26  02.82  04.77  305.5  009.26  11.321  1008.559  1460.13 
2025 01 20 08 43 56.16  13.548  09.767  0000.25  02.92  04.77  305.5  009.26  11.347  1008.576  1460.29 
2025 01 20 08 43 56.28  13.572  09.843  0000.25  02.90  04.77  305.5  009.26  11.346  1008.566  1460.58 
2025 01 20 08 43 56.41  13.710  09.914  0000.23  02.94  04.78  305.5  009.26  11.448  1008.637  1460.97 
2025 01 20 08 43 56.53  14.042  09.954  0000.20  02.89  04.78  305.5  009.26  11.736  1008.856  1461.48 
2025 01 20 08 43 56.66  14.510  09.978  0000.23  02.84  04.78  305.5  009.26  12.152  1009.177  1462.08 
2025 01 20 08 43 56.78  14.797  09.960  0000.24  02.86  04.78  305.5  009.26  12.420  1009.387  1462.33 
2025 01 20 08 43 56.91  14.984  09.916  0000.25  02.91  04.76  305.5  009.26  12.605  1009.535  1462.39 
2025 01 20 08 43 57.03  15.009  09.895  0000.22  02.87  04.68  305.5  009.26  12.635  1009.562  1462.34 
2025 01 20 08 43 57.16  14.815  09.860  0000.17  02.90  04.68  305.5  009.26  12.470  1009.437  1462.01 
2025 01 20 08 43 57.28  14.296  09.791  0000.09  02.96  04.69  305.5  009.26  12.020  1009.095  1461.19 
2025 01 20 08 43 57.41  13.566  09.694  0000.04  03.03  04.67  305.5  009.26  11.387  1008.614  1460.05 
2025 01 20 08 43 57.53  13.088  09.677  0000.03  03.04  04.67  305.5  009.26  10.958  1008.282  1459.46 
2025 01 20 08 43 57.66  12.121  09.623  0000.02  02.95  04.66  305.5  009.26  10.100  1007.621  1458.21 
2025 01 20 08 43 57.78  05.741  09.639  0000.02  07.20  04.66  305.5  009.26  04.522  1003.275  1451.45 
2025 01 20 08 43 57.91  01.252  09.639  0000.03  00.02  04.75  305.5  009.26  00.903  1000.443  1446.98 
2025 01 20 08 43 58.03  00.354  09.667  0000.03  03.17  04.75  315.8  009.26  00.243  0999.922  1446.26 
