2025 01 22 08 38 52.00  30.533  10.903  0002.09  07.06  08.41  302.7  009.26  26.716  1020.359  1483.09 
2025 01 22 08 38 52.12  30.543  10.904  0002.08  07.07  08.39  303.4  009.26  26.725  1020.366  1483.10 
2025 01 22 08 38 52.25  30.553  10.904  0002.08  07.13  08.39  303.4  009.26  26.734  1020.374  1483.11 
2025 01 22 08 38 52.37  30.558  10.904  0002.06  07.07  08.39  303.4  009.26  26.740  1020.378  1483.12 
2025 01 22 08 38 52.50  30.558  10.905  0002.06  07.04  08.39  303.4  009.26  26.738  1020.376  1483.12 
2025 01 22 08 38 52.62  30.554  10.903  0002.06  07.04  08.39  303.4  009.26  26.736  1020.375  1483.11 
2025 01 22 08 38 52.75  30.539  10.906  0002.04  07.13  08.40  303.4  009.26  26.719  1020.361  1483.10 
2025 01 22 08 38 52.87  30.519  10.909  0002.02  07.17  08.40  303.4  009.26  26.698  1020.344  1483.09 
2025 01 22 08 38 53.00  30.514  10.910  0002.04  07.22  08.40  303.4  009.26  26.692  1020.340  1483.08 
2025 01 22 08 38 53.12  30.507  10.909  0002.01  07.12  08.40  303.4  009.26  26.687  1020.335  1483.07 
2025 01 22 08 38 53.25  30.496  10.909  0002.01  07.07  08.40  303.4  009.26  26.675  1020.327  1483.06 
2025 01 22 08 38 53.37  30.484  10.912  0002.00  07.22  08.40  303.4  009.26  26.662  1020.316  1483.05 
2025 01 22 08 38 53.50  30.468  10.913  0001.97  07.17  08.40  303.4  009.26  26.646  1020.303  1483.04 
2025 01 22 08 38 53.62  30.463  10.913  0001.99  07.00  08.40  303.4  009.26  26.641  1020.299  1483.03 
2025 01 22 08 38 53.75  30.463  10.912  0001.98  06.92  08.40  303.4  009.26  26.642  1020.300  1483.03 
2025 01 22 08 38 53.87  30.468  10.911  0002.00  06.86  08.40  303.4  009.26  26.648  1020.305  1483.03 
2025 01 22 08 38 54.00  30.468  10.910  0002.03  07.07  08.39  303.4  009.26  26.648  1020.305  1483.03 
2025 01 22 08 38 54.12  30.466  10.911  0002.06  07.24  08.40  303.4  009.26  26.645  1020.303  1483.03 
2025 01 22 08 38 54.25  30.463  10.911  0002.10  07.22  08.40  303.4  009.26  26.642  1020.301  1483.03 
2025 01 22 08 38 54.37  30.466  10.911  0002.13  07.11  08.40  303.4  009.26  26.645  1020.303  1483.03 
2025 01 22 08 38 54.50  30.475  10.909  0002.15  07.02  08.40  303.4  009.26  26.655  1020.311  1483.04 
2025 01 22 08 38 54.62  30.512  10.906  0002.16  06.93  08.40  303.4  009.26  26.693  1020.342  1483.07 
2025 01 22 08 38 54.75  30.555  10.904  0002.11  06.92  08.40  303.4  009.26  26.736  1020.375  1483.12 
2025 01 22 08 38 54.87  30.582  10.901  0002.09  07.06  08.40  303.4  009.26  26.765  1020.398  1483.14 
2025 01 22 08 38 55.00  30.601  10.900  0002.04  07.01  08.40  303.4  009.26  26.784  1020.412  1483.16 
2025 01 22 08 38 55.12  30.608  10.900  0002.03  06.90  08.40  304.3  009.26  26.791  1020.418  1483.16 
2025 01 22 08 38 55.25  30.601  10.899  0002.01  07.09  08.40  304.3  009.26  26.784  1020.412  1483.15 
2025 01 22 08 38 55.37  30.590  10.900  0002.01  07.20  08.40  304.3  009.26  26.773  1020.404  1483.15 
2025 01 22 08 38 55.50  30.579  10.902  0002.02  07.47  08.40  304.3  009.26  26.761  1020.394  1483.14 
2025 01 22 08 38 55.62  30.565  10.904  0002.03  07.39  08.40  304.3  009.26  26.746  1020.382  1483.13 
2025 01 22 08 38 55.75  30.561  10.905  0002.04  07.16  08.41  304.3  009.26  26.741  1020.378  1483.13 
2025 01 22 08 38 55.87  30.560  10.905  0002.08  07.19  08.42  304.3  009.26  26.740  1020.378  1483.12 
2025 01 22 08 38 56.00  30.559  10.904  0002.08  07.05  08.42  304.3  009.26  26.740  1020.378  1483.12 
2025 01 22 08 38 56.12  30.558  10.904  0002.08  06.88  08.43  304.3  009.26  26.740  1020.378  1483.12 
2025 01 22 08 38 56.25  30.552  10.905  0002.10  06.79  08.42  304.3  009.26  26.733  1020.372  1483.11 
2025 01 22 08 38 56.37  30.546  10.907  0002.08  06.75  08.42  304.3  009.26  26.726  1020.366  1483.11 
2025 01 22 08 38 56.50  30.567  10.904  0002.08  06.57  08.42  304.3  009.26  26.748  1020.384  1483.13 
2025 01 22 08 38 56.62  30.613  10.901  0002.09  06.49  08.42  304.3  009.26  26.794  1020.421  1483.17 
2025 01 22 08 38 56.75  30.624  10.900  0002.07  06.42  08.42  304.3  009.26  26.806  1020.430  1483.18 
2025 01 22 08 38 56.87  30.632  10.898  0002.07  06.48  08.42  304.3  009.26  26.815  1020.437  1483.19 
2025 01 22 08 38 57.00  30.640  10.898  0002.10  06.72  08.42  304.3  009.26  26.823  1020.443  1483.20 
2025 01 22 08 38 57.12  30.640  10.898  0002.11  06.74  08.42  304.3  009.26  26.823  1020.443  1483.20 
2025 01 22 08 38 57.25  30.637  10.898  0002.11  06.93  08.42  304.3  009.26  26.820  1020.441  1483.19 
2025 01 22 08 38 57.37  30.629  10.898  0002.12  06.93  08.42  304.3  009.26  26.812  1020.435  1483.19 
2025 01 22 08 38 57.50  30.616  10.900  0002.12  06.95  08.42  304.3  009.26  26.798  1020.424  1483.18 
2025 01 22 08 38 57.62  30.601  10.899  0002.12  07.09  08.42  304.3  009.26  26.784  1020.413  1483.16 
2025 01 22 08 38 57.75  30.594  10.901  0002.11  07.03  08.42  304.3  009.26  26.776  1020.407  1483.15 
2025 01 22 08 38 57.87  30.605  10.900  0002.11  06.87  08.42  304.3  009.26  26.787  1020.415  1483.16 
2025 01 22 08 38 58.00  30.617  10.899  0002.07  06.66  08.42  304.3  009.26  26.800  1020.425  1483.17 
2025 01 22 08 38 58.12  30.617  10.900  0002.04  06.55  08.42  305.0  009.26  26.799  1020.424  1483.18 
2025 01 22 08 38 58.25  30.613  10.899  0002.03  06.51  08.42  305.0  009.26  26.795  1020.422  1483.17 
2025 01 22 08 38 58.37  30.608  10.900  0002.01  06.60  08.42  305.0  009.26  26.790  1020.417  1483.17 
2025 01 22 08 38 58.50  30.602  10.901  0002.04  06.72  08.42  305.0  009.26  26.784  1020.413  1483.16 
2025 01 22 08 38 58.62  30.596  10.902  0002.03  06.65  08.42  305.0  009.26  26.777  1020.407  1483.16 
2025 01 22 08 38 58.75  30.578  10.906  0002.08  06.81  08.42  305.0  009.26  26.757  1020.391  1483.15 
2025 01 22 08 38 58.87  30.562  10.908  0002.09  07.05  08.42  305.0  009.26  26.740  1020.377  1483.13 
2025 01 22 08 38 59.00  30.550  10.907  0002.15  07.17  08.42  305.0  009.26  26.729  1020.369  1483.12 
2025 01 22 08 38 59.12  30.550  10.902  0002.17  07.15  08.42  305.0  009.26  26.733  1020.373  1483.11 
2025 01 22 08 38 59.25  30.552  10.901  0002.20  07.04  08.42  305.0  009.26  26.736  1020.376  1483.10 
2025 01 22 08 38 59.37  30.553  10.904  0002.20  07.00  08.42  305.0  009.26  26.734  1020.374  1483.11 
2025 01 22 08 38 59.50  30.568  10.900  0002.19  06.87  08.42  305.0  009.26  26.752  1020.388  1483.12 
2025 01 22 08 38 59.62  30.636  10.895  0002.15  06.75  08.42  305.0  009.26  26.821  1020.443  1483.19 
2025 01 22 08 38 59.75  30.683  10.895  0002.11  06.68  08.42  305.0  009.26  26.866  1020.477  1483.24 
2025 01 22 08 38 59.87  30.689  10.889  0002.06  06.53  08.42  305.0  009.26  26.876  1020.486  1483.23 
2025 01 22 08 39 00.00  30.685  10.890  0001.99  06.57  08.41  305.0  009.26  26.872  1020.482  1483.23 
2025 01 22 08 39 00.12  30.680  10.890  0001.95  06.84  08.42  305.0  009.26  26.868  1020.479  1483.22 
2025 01 22 08 39 00.25  30.640  10.896  0001.92  06.97  08.42  305.0  009.26  26.825  1020.445  1483.19 
2025 01 22 08 39 00.37  30.585  10.901  0001.95  07.12  08.42  305.0  009.26  26.767  1020.399  1483.14 
2025 01 22 08 39 00.50  30.527  10.908  0001.98  07.33  08.42  305.0  009.26  26.706  1020.351  1483.09 
2025 01 22 08 39 00.62  30.444  10.916  0002.01  07.29  08.42  305.0  009.26  26.620  1020.283  1483.02 
2025 01 22 08 39 00.75  30.425  10.915  0002.06  07.17  08.42  305.0  009.26  26.602  1020.269  1482.99 
2025 01 22 08 39 00.87  30.496  10.906  0002.11  07.09  08.42  305.0  009.26  26.678  1020.329  1483.05 
2025 01 22 08 39 01.00  30.618  10.895  0002.17  07.07  08.42  305.0  009.26  26.804  1020.429  1483.17 
2025 01 22 08 39 01.12  30.703  10.888  0002.20  06.86  08.42  305.3  009.26  26.890  1020.498  1483.25 
2025 01 22 08 39 01.25  30.650  10.900  0002.21  06.70  08.42  305.3  009.26  26.831  1020.449  1483.22 
2025 01 22 08 39 01.37  30.617  10.903  0002.20  06.79  08.41  305.3  009.26  26.797  1020.423  1483.19 
2025 01 22 08 39 01.50  30.688  10.896  0002.15  06.74  08.41  305.3  009.26  26.871  1020.481  1483.25 
2025 01 22 08 39 01.62  30.731  10.893  0002.10  06.68  08.41  305.3  009.26  26.914  1020.515  1483.29 
2025 01 22 08 39 01.75  30.722  10.896  0002.02  06.85  08.41  305.3  009.26  26.904  1020.506  1483.29 
2025 01 22 08 39 01.87  30.702  10.901  0001.98  07.03  08.41  305.3  009.26  26.880  1020.487  1483.28 
2025 01 22 08 39 02.00  30.656  10.907  0001.91  07.22  08.41  305.3  009.26  26.831  1020.448  1483.24 
2025 01 22 08 39 02.12  30.638  10.911  0001.91  07.14  08.41  305.3  009.26  26.811  1020.431  1483.23 
2025 01 22 08 39 02.25  30.611  10.905  0001.90  06.93  08.41  305.3  009.26  26.790  1020.416  1483.18 
2025 01 22 08 39 02.37  30.547  10.908  0001.96  06.95  08.41  305.3  009.26  26.726  1020.366  1483.11 
2025 01 22 08 39 02.50  30.484  10.910  0002.01  07.19  08.41  305.3  009.26  26.664  1020.318  1483.05 
2025 01 22 08 39 02.62  30.442  10.913  0002.03  07.38  08.41  305.3  009.26  26.620  1020.283  1483.01 
2025 01 22 08 39 02.75  30.491  10.908  0002.10  07.17  08.41  305.3  009.26  26.671  1020.324  1483.05 
2025 01 22 08 39 02.87  30.531  10.905  0002.17  06.91  08.41  305.3  009.26  26.712  1020.356  1483.09 
2025 01 22 08 39 03.00  30.554  10.904  0002.19  06.88  08.40  305.3  009.26  26.735  1020.374  1483.12 
2025 01 22 08 39 03.12  30.531  10.908  0002.20  06.63  08.41  305.3  009.26  26.710  1020.355  1483.10 
2025 01 22 08 39 03.25  30.504  10.910  0002.19  06.62  08.41  305.3  009.26  26.682  1020.333  1483.07 
2025 01 22 08 39 03.37  30.497  10.908  0002.14  06.57  08.41  305.3  009.26  26.677  1020.329  1483.06 
2025 01 22 08 39 03.50  30.513  10.908  0002.11  06.70  08.41  305.3  009.26  26.693  1020.341  1483.08 
2025 01 22 08 39 03.62  30.523  10.906  0002.06  06.88  08.41  305.3  009.26  26.703  1020.349  1483.08 
2025 01 22 08 39 03.75  30.518  10.905  0002.01  07.03  08.41  305.3  009.26  26.699  1020.346  1483.08 
2025 01 22 08 39 03.87  30.515  10.907  0002.01  07.14  08.41  305.3  009.26  26.695  1020.342  1483.07 
2025 01 22 08 39 04.00  30.509  10.908  0001.96  07.09  08.41  305.3  009.26  26.689  1020.337  1483.07 
2025 01 22 08 39 04.12  30.491  10.910  0001.97  07.12  08.41  305.1  009.26  26.670  1020.322  1483.06 
2025 01 22 08 39 04.25  30.460  10.912  0001.99  07.64  08.41  305.1  009.26  26.639  1020.298  1483.02 
2025 01 22 08 39 04.37  30.432  10.913  0002.02  07.90  08.41  305.1  009.26  26.611  1020.276  1483.00 
2025 01 22 08 39 04.50  30.387  10.915  0002.06  07.49  08.41  305.1  009.26  26.566  1020.241  1482.95 
2025 01 22 08 39 04.62  30.359  10.917  0002.08  07.22  08.41  305.1  009.26  26.538  1020.219  1482.92 
2025 01 22 08 39 04.75  30.351  10.917  0002.14  07.04  08.41  305.1  009.26  26.530  1020.213  1482.92 
2025 01 22 08 39 04.87  30.352  10.916  0002.20  06.94  08.41  305.1  009.26  26.532  1020.215  1482.91 
2025 01 22 08 39 05.00  30.355  10.916  0002.20  06.87  08.41  305.1  009.26  26.535  1020.217  1482.92 
2025 01 22 08 39 05.12  30.358  10.917  0002.20  06.71  08.41  305.1  009.26  26.536  1020.218  1482.92 
2025 01 22 08 39 05.25  30.348  10.917  0002.20  06.72  08.41  305.1  009.26  26.527  1020.211  1482.91 
2025 01 22 08 39 05.37  30.318  10.919  0002.16  06.64  08.41  305.1  009.26  26.497  1020.187  1482.88 
2025 01 22 08 39 05.50  30.272  10.924  0002.07  06.80  08.41  305.1  009.26  26.449  1020.148  1482.84 
2025 01 22 08 39 05.62  30.258  10.926  0002.04  07.22  08.40  305.1  009.26  26.433  1020.136  1482.83 
2025 01 22 08 39 05.75  30.256  10.926  0002.01  07.34  08.40  305.1  009.26  26.432  1020.135  1482.83 
2025 01 22 08 39 05.87  30.256  10.925  0001.98  07.16  08.40  305.1  009.26  26.433  1020.135  1482.82 
2025 01 22 08 39 06.00  30.244  10.926  0002.00  06.84  08.40  305.1  009.26  26.420  1020.126  1482.81 
2025 01 22 08 39 06.12  30.230  10.926  0002.01  06.86  08.40  305.1  009.26  26.407  1020.115  1482.80 
2025 01 22 08 39 06.25  30.203  10.927  0002.05  07.00  08.40  305.1  009.26  26.379  1020.094  1482.77 
2025 01 22 08 39 06.37  30.153  10.932  0002.09  06.98  08.40  305.1  009.26  26.328  1020.054  1482.73 
2025 01 22 08 39 06.50  30.117  10.935  0002.10  07.17  08.40  305.1  009.26  26.291  1020.024  1482.69 
2025 01 22 08 39 06.62  30.125  10.931  0002.12  07.03  08.40  305.1  009.26  26.302  1020.034  1482.69 
2025 01 22 08 39 06.75  30.125  10.930  0002.18  06.86  08.40  305.1  009.26  26.302  1020.034  1482.69 
2025 01 22 08 39 06.87  30.126  10.930  0002.19  06.69  08.40  305.1  009.26  26.304  1020.035  1482.69 
2025 01 22 08 39 07.00  30.133  10.930  0002.19  06.62  08.40  305.1  009.26  26.310  1020.040  1482.70 
2025 01 22 08 39 07.12  30.119  10.931  0002.18  06.69  08.40  305.0  009.26  26.296  1020.029  1482.69 
2025 01 22 08 39 07.25  30.123  10.931  0002.15  06.69  08.40  305.0  009.26  26.300  1020.032  1482.69 
2025 01 22 08 39 07.37  30.141  10.929  0002.13  06.67  08.40  305.0  009.26  26.319  1020.047  1482.70 
2025 01 22 08 39 07.50  30.149  10.928  0002.10  06.80  08.40  305.0  009.26  26.327  1020.053  1482.71 
2025 01 22 08 39 07.62  30.145  10.928  0002.08  06.98  08.40  305.0  009.26  26.323  1020.050  1482.71 
2025 01 22 08 39 07.75  30.145  10.928  0002.05  07.04  08.40  305.0  009.26  26.324  1020.050  1482.71 
2025 01 22 08 39 07.87  30.145  10.929  0002.03  07.00  08.40  305.0  009.26  26.322  1020.049  1482.71 
2025 01 22 08 39 08.00  30.138  10.930  0002.01  06.94  08.40  305.0  009.26  26.315  1020.044  1482.70 
2025 01 22 08 39 08.12  30.125  10.930  0002.02  06.89  08.40  305.0  009.26  26.302  1020.034  1482.69 
2025 01 22 08 39 08.25  30.098  10.932  0002.05  06.87  08.40  305.0  009.26  26.275  1020.012  1482.66 
2025 01 22 08 39 08.37  30.071  10.936  0002.09  07.06  08.40  305.0  009.26  26.247  1019.990  1482.64 
2025 01 22 08 39 08.50  30.092  10.931  0002.10  06.97  08.40  305.0  009.26  26.270  1020.009  1482.65 
2025 01 22 08 39 08.62  30.146  10.925  0002.14  06.79  08.40  305.0  009.26  26.327  1020.054  1482.70 
2025 01 22 08 39 08.75  30.177  10.919  0002.17  06.76  08.40  305.0  009.26  26.361  1020.082  1482.72 
2025 01 22 08 39 08.87  30.165  10.923  0002.20  06.86  08.40  305.0  009.26  26.347  1020.070  1482.72 
2025 01 22 08 39 09.00  30.141  10.923  0002.20  06.74  08.39  305.0  009.26  26.324  1020.052  1482.69 
2025 01 22 08 39 09.12  30.131  10.922  0002.19  06.76  08.39  305.0  009.26  26.314  1020.044  1482.68 
2025 01 22 08 39 09.25  30.196  10.924  0002.15  06.80  08.39  305.0  009.26  26.375  1020.092  1482.76 
2025 01 22 08 39 09.37  30.318  10.911  0002.14  06.79  08.39  305.0  009.26  26.502  1020.193  1482.86 
2025 01 22 08 39 09.50  30.379  10.905  0002.10  06.86  08.39  305.0  009.26  26.566  1020.242  1482.92 
2025 01 22 08 39 09.62  30.429  10.902  0002.08  07.08  08.39  305.0  009.26  26.616  1020.282  1482.96 
2025 01 22 08 39 09.75  30.547  10.894  0002.06  07.16  08.39  305.0  009.26  26.736  1020.376  1483.08 
2025 01 22 08 39 09.87  30.641  10.886  0002.04  07.24  08.39  305.0  009.26  26.833  1020.453  1483.17 
2025 01 22 08 39 10.00  30.695  10.887  0002.07  07.28  08.39  305.0  009.26  26.884  1020.493  1483.23 
2025 01 22 08 39 10.12  30.759  10.879  0002.08  07.12  08.39  304.3  009.26  26.952  1020.546  1483.29 
2025 01 22 08 39 10.25  30.798  10.873  0002.14  07.05  08.39  304.3  009.26  26.994  1020.581  1483.31 
2025 01 22 08 39 10.37  30.823  10.872  0002.14  07.15  08.39  304.3  009.26  27.019  1020.600  1483.34 
2025 01 22 08 39 10.50  30.878  10.858  0002.12  07.12  08.39  304.3  009.26  27.082  1020.651  1483.37 
2025 01 22 08 39 10.62  30.862  10.867  0002.16  06.95  08.39  304.3  009.26  27.061  1020.633  1483.37 
2025 01 22 08 39 10.75  30.840  10.862  0002.14  06.81  08.39  304.3  009.26  27.043  1020.620  1483.33 
2025 01 22 08 39 10.87  30.838  10.865  0002.13  06.88  08.39  304.3  009.26  27.038  1020.616  1483.34 
2025 01 22 08 39 11.00  30.843  10.865  0002.14  06.95  08.38  304.3  009.26  27.043  1020.620  1483.35 
2025 01 22 08 39 11.12  30.860  10.863  0002.14  06.93  08.39  304.3  009.26  27.061  1020.634  1483.36 
2025 01 22 08 39 11.25  30.894  10.861  0002.14  06.90  08.39  304.3  009.26  27.096  1020.661  1483.39 
2025 01 22 08 39 11.37  30.925  10.860  0002.13  06.81  08.38  304.3  009.26  27.126  1020.685  1483.43 
2025 01 22 08 39 11.50  30.945  10.861  0002.15  06.92  08.38  304.3  009.26  27.145  1020.700  1483.45 
2025 01 22 08 39 11.62  30.932  10.860  0002.13  06.84  08.39  304.3  009.26  27.133  1020.690  1483.44 
2025 01 22 08 39 11.75  30.907  10.865  0002.15  06.84  08.39  304.3  009.26  27.106  1020.669  1483.42 
2025 01 22 08 39 11.87  30.869  10.871  0002.13  06.81  08.39  304.3  009.26  27.064  1020.635  1483.39 
2025 01 22 08 39 12.00  30.866  10.872  0002.10  06.81  08.38  304.3  009.26  27.060  1020.631  1483.39 
2025 01 22 08 39 12.12  30.878  10.872  0002.09  07.08  08.38  304.3  009.26  27.072  1020.641  1483.41 
2025 01 22 08 39 12.25  30.894  10.870  0002.09  07.14  08.39  304.3  009.26  27.089  1020.655  1483.42 
2025 01 22 08 39 12.37  30.912  10.870  0002.09  07.07  08.39  304.3  009.26  27.107  1020.668  1483.44 
2025 01 22 08 39 12.50  30.931  10.866  0002.09  07.13  08.39  304.3  009.26  27.128  1020.686  1483.45 
2025 01 22 08 39 12.62  30.944  10.865  0002.11  07.14  08.39  304.3  009.26  27.142  1020.696  1483.46 
2025 01 22 08 39 12.75  30.951  10.864  0002.14  07.02  08.39  304.3  009.26  27.149  1020.702  1483.47 
2025 01 22 08 39 12.87  30.959  10.864  0002.18  06.97  08.39  304.3  009.26  27.156  1020.708  1483.48 
2025 01 22 08 39 13.00  30.967  10.863  0002.20  06.91  08.39  304.3  009.26  27.165  1020.715  1483.48 
2025 01 22 08 39 13.12  30.968  10.861  0002.20  06.84  08.39  304.7  009.26  27.167  1020.717  1483.48 
2025 01 22 08 39 13.25  30.962  10.863  0002.20  06.85  08.38  304.7  009.26  27.160  1020.712  1483.48 
2025 01 22 08 39 13.37  30.928  10.864  0002.18  06.88  08.38  304.7  009.26  27.126  1020.685  1483.44 
2025 01 22 08 39 13.50  30.914  10.869  0002.15  07.09  08.38  304.7  009.26  27.110  1020.671  1483.44 
2025 01 22 08 39 13.62  30.935  10.867  0002.11  07.18  08.38  304.7  009.26  27.131  1020.688  1483.46 
2025 01 22 08 39 13.75  30.929  10.869  0002.08  07.08  08.38  304.7  009.26  27.124  1020.682  1483.46 
2025 01 22 08 39 13.87  30.921  10.873  0002.05  07.26  08.38  304.7  009.26  27.114  1020.673  1483.46 
2025 01 22 08 39 14.00  30.899  10.872  0002.05  07.23  08.39  304.7  009.26  27.093  1020.657  1483.43 
2025 01 22 08 39 14.12  30.862  10.876  0002.05  07.31  08.39  304.7  009.26  27.054  1020.626  1483.40 
2025 01 22 08 39 14.25  30.820  10.879  0002.05  07.20  08.39  304.7  009.26  27.010  1020.592  1483.35 
2025 01 22 08 39 14.37  30.772  10.883  0002.10  07.24  08.39  304.7  009.26  26.961  1020.553  1483.31 
2025 01 22 08 39 14.50  30.726  10.889  0002.13  07.43  08.39  304.7  009.26  26.913  1020.515  1483.27 
2025 01 22 08 39 14.62  30.692  10.894  0002.16  07.26  08.38  304.7  009.26  26.876  1020.485  1483.25 
2025 01 22 08 39 14.75  30.732  10.883  0002.20  07.18  08.38  304.7  009.26  26.923  1020.524  1483.27 
2025 01 22 08 39 14.87  30.769  10.880  0002.20  07.15  08.39  304.7  009.26  26.960  1020.553  1483.30 
2025 01 22 08 39 15.00  30.757  10.882  0002.21  07.07  08.38  304.7  009.26  26.948  1020.543  1483.29 
2025 01 22 08 39 15.12  30.737  10.888  0002.20  06.96  08.38  304.7  009.26  26.924  1020.524  1483.29 
2025 01 22 08 39 15.25  30.758  10.884  0002.17  06.95  08.38  304.7  009.26  26.947  1020.542  1483.30 
2025 01 22 08 39 15.37  30.770  10.886  0002.11  07.02  08.38  304.7  009.26  26.957  1020.550  1483.32 
2025 01 22 08 39 15.50  30.752  10.887  0002.06  07.08  08.38  304.7  009.26  26.939  1020.535  1483.30 
2025 01 22 08 39 15.62  30.746  10.887  0002.01  07.11  08.38  304.7  009.26  26.934  1020.531  1483.29 
2025 01 22 08 39 15.75  30.743  10.886  0002.01  07.21  08.38  304.7  009.26  26.931  1020.529  1483.28 
2025 01 22 08 39 15.87  30.737  10.887  0002.02  07.45  08.38  304.7  009.26  26.924  1020.523  1483.28 
2025 01 22 08 39 16.00  30.710  10.890  0002.03  07.54  08.39  304.7  009.26  26.897  1020.501  1483.26 
2025 01 22 08 39 16.12  30.683  10.893  0002.08  07.33  08.38  304.9  009.26  26.868  1020.479  1483.23 
2025 01 22 08 39 16.25  30.724  10.888  0002.11  07.29  08.38  304.9  009.26  26.911  1020.513  1483.27 
2025 01 22 08 39 16.37  30.833  10.882  0002.14  07.33  08.38  304.9  009.26  27.021  1020.600  1483.38 
2025 01 22 08 39 16.50  30.977  10.865  0002.19  07.21  08.38  304.9  009.26  27.174  1020.721  1483.50 
2025 01 22 08 39 16.62  30.991  10.868  0002.20  07.16  08.38  304.9  009.26  27.184  1020.729  1483.53 
2025 01 22 08 39 16.75  30.961  10.871  0002.22  07.10  08.38  304.9  009.26  27.153  1020.705  1483.50 
2025 01 22 08 39 16.87  30.870  10.880  0002.20  06.95  08.38  304.9  009.26  27.058  1020.629  1483.42 
2025 01 22 08 39 17.00  30.824  10.887  0002.19  06.96  08.38  304.9  009.26  27.009  1020.590  1483.38 
2025 01 22 08 39 17.12  30.808  10.889  0002.13  06.88  08.38  304.9  009.26  26.992  1020.576  1483.37 
2025 01 22 08 39 17.25  30.796  10.891  0002.08  07.10  08.38  304.9  009.26  26.978  1020.565  1483.36 
2025 01 22 08 39 17.37  30.792  10.892  0002.04  07.24  08.38  304.9  009.26  26.974  1020.561  1483.36 
2025 01 22 08 39 17.50  30.787  10.892  0002.05  07.39  08.38  304.9  009.26  26.969  1020.558  1483.35 
2025 01 22 08 39 17.62  30.769  10.893  0002.01  07.29  08.38  304.9  009.26  26.951  1020.543  1483.33 
2025 01 22 08 39 17.75  30.745  10.894  0002.03  07.22  08.38  304.9  009.26  26.927  1020.525  1483.31 
2025 01 22 08 39 17.87  30.675  10.899  0002.05  07.21  08.38  304.9  009.26  26.856  1020.468  1483.24 
2025 01 22 08 39 18.00  30.611  10.902  0002.10  07.60  08.38  304.9  009.26  26.792  1020.419  1483.17 
2025 01 22 08 39 18.12  30.620  10.901  0002.13  07.52  08.38  304.9  009.26  26.801  1020.426  1483.18 
2025 01 22 08 39 18.25  30.674  10.901  0002.16  07.67  08.38  304.9  009.26  26.854  1020.467  1483.25 
2025 01 22 08 39 18.37  30.669  10.900  0002.17  07.46  08.38  304.9  009.26  26.849  1020.464  1483.24 
2025 01 22 08 39 18.50  30.669  10.901  0002.19  07.17  08.38  304.9  009.26  26.849  1020.463  1483.24 
2025 01 22 08 39 18.62  30.658  10.901  0002.20  06.99  08.38  304.9  009.26  26.838  1020.455  1483.23 
2025 01 22 08 39 18.75  30.640  10.901  0002.20  06.72  08.38  304.9  009.26  26.821  1020.442  1483.21 
2025 01 22 08 39 18.87  30.619  10.901  0002.19  06.83  08.38  304.9  009.26  26.800  1020.425  1483.18 
2025 01 22 08 39 19.00  30.595  10.904  0002.17  07.18  08.38  304.9  009.26  26.775  1020.405  1483.16 
2025 01 22 08 39 19.12  30.588  10.905  0002.13  07.33  08.38  305.2  009.26  26.767  1020.399  1483.16 
2025 01 22 08 39 19.25  30.589  10.906  0002.09  07.20  08.38  305.2  009.26  26.767  1020.399  1483.16 
2025 01 22 08 39 19.37  30.586  10.907  0002.07  07.17  08.38  305.2  009.26  26.764  1020.396  1483.16 
2025 01 22 08 39 19.50  30.574  10.906  0002.05  07.05  08.38  305.2  009.26  26.752  1020.387  1483.14 
2025 01 22 08 39 19.62  30.563  10.907  0002.04  07.13  08.38  305.2  009.26  26.742  1020.379  1483.13 
2025 01 22 08 39 19.75  30.548  10.910  0002.03  07.36  08.38  305.2  009.26  26.725  1020.365  1483.12 
2025 01 22 08 39 19.87  30.486  10.915  0002.05  07.45  08.38  305.2  009.26  26.662  1020.315  1483.07 
2025 01 22 08 39 20.00  30.401  10.919  0002.08  07.46  08.38  305.2  009.26  26.576  1020.248  1482.98 
2025 01 22 08 39 20.12  30.391  10.919  0002.11  07.42  08.38  305.2  009.26  26.567  1020.242  1482.97 
2025 01 22 08 39 20.25  30.389  10.919  0002.13  07.56  08.38  305.2  009.26  26.565  1020.240  1482.97 
2025 01 22 08 39 20.37  30.397  10.918  0002.15  07.52  08.38  305.2  009.26  26.573  1020.246  1482.97 
2025 01 22 08 39 20.50  30.402  10.919  0002.17  07.29  08.38  305.2  009.26  26.578  1020.250  1482.98 
2025 01 22 08 39 20.62  30.399  10.919  0002.19  07.05  08.38  305.2  009.26  26.575  1020.248  1482.98 
2025 01 22 08 39 20.75  30.390  10.919  0002.20  06.85  08.38  305.2  009.26  26.567  1020.242  1482.97 
2025 01 22 08 39 20.87  30.386  10.919  0002.19  06.67  08.38  305.2  009.26  26.562  1020.238  1482.96 
2025 01 22 08 39 21.00  30.387  10.918  0002.18  06.58  08.37  305.2  009.26  26.564  1020.239  1482.96 
2025 01 22 08 39 21.12  30.404  10.919  0002.15  06.78  08.38  305.2  009.26  26.580  1020.251  1482.98 
2025 01 22 08 39 21.25  30.417  10.919  0002.13  06.89  08.38  305.2  009.26  26.592  1020.260  1483.00 
2025 01 22 08 39 21.37  30.418  10.918  0002.09  06.85  08.38  305.2  009.26  26.594  1020.262  1483.00 
2025 01 22 08 39 21.50  30.419  10.919  0002.08  06.81  08.38  305.2  009.26  26.594  1020.262  1483.00 
2025 01 22 08 39 21.62  30.423  10.918  0002.06  07.00  08.38  305.2  009.26  26.599  1020.266  1483.00 
2025 01 22 08 39 21.75  30.426  10.918  0002.04  07.02  08.38  305.2  009.26  26.602  1020.268  1483.00 
2025 01 22 08 39 21.87  30.432  10.918  0002.04  06.93  08.38  305.2  009.26  26.607  1020.272  1483.01 
2025 01 22 08 39 22.00  30.438  10.918  0002.03  07.06  08.38  305.2  009.26  26.614  1020.277  1483.02 
2025 01 22 08 39 22.12  30.398  10.921  0002.06  07.17  08.38  304.9  009.26  26.572  1020.245  1482.98 
2025 01 22 08 39 22.25  30.360  10.926  0002.09  07.35  08.38  304.9  009.26  26.532  1020.213  1482.95 
2025 01 22 08 39 22.37  30.364  10.925  0002.12  07.47  08.38  304.9  009.26  26.537  1020.217  1482.95 
2025 01 22 08 39 22.50  30.423  10.921  0002.15  07.00  08.38  304.9  009.26  26.597  1020.264  1483.01 
2025 01 22 08 39 22.62  30.466  10.918  0002.18  06.94  08.38  304.9  009.26  26.640  1020.299  1483.05 
2025 01 22 08 39 22.75  30.473  10.918  0002.18  07.23  08.38  304.9  009.26  26.647  1020.304  1483.06 
2025 01 22 08 39 22.87  30.460  10.920  0002.19  07.26  08.38  304.9  009.26  26.633  1020.292  1483.05 
2025 01 22 08 39 23.00  30.440  10.921  0002.18  07.13  08.38  304.9  009.26  26.612  1020.276  1483.03 
2025 01 22 08 39 23.12  30.437  10.920  0002.18  06.98  08.38  304.9  009.26  26.611  1020.275  1483.03 
2025 01 22 08 39 23.25  30.435  10.922  0002.16  06.89  08.38  304.9  009.26  26.607  1020.272  1483.03 
2025 01 22 08 39 23.37  30.404  10.924  0002.12  06.75  08.38  304.9  009.26  26.576  1020.248  1482.99 
2025 01 22 08 39 23.50  30.371  10.926  0002.11  06.69  08.38  304.9  009.26  26.543  1020.221  1482.96 
2025 01 22 08 39 23.62  30.345  10.927  0002.08  06.79  08.38  304.9  009.26  26.517  1020.201  1482.93 
2025 01 22 08 39 23.75  30.340  10.927  0002.05  07.03  08.38  304.9  009.26  26.512  1020.197  1482.93 
2025 01 22 08 39 23.87  30.343  10.927  0002.03  07.04  08.38  304.9  009.26  26.515  1020.199  1482.93 
2025 01 22 08 39 24.00  30.347  10.926  0002.03  07.02  08.37  304.9  009.26  26.519  1020.203  1482.93 
2025 01 22 08 39 24.12  30.347  10.927  0002.04  07.03  08.37  304.9  009.26  26.519  1020.202  1482.94 
2025 01 22 08 39 24.25  30.342  10.927  0002.05  07.02  08.38  304.9  009.26  26.514  1020.198  1482.93 
2025 01 22 08 39 24.37  30.331  10.928  0002.07  07.09  08.38  304.9  009.26  26.502  1020.189  1482.92 
2025 01 22 08 39 24.50  30.305  10.928  0002.11  07.16  08.38  304.9  009.26  26.478  1020.171  1482.89 
2025 01 22 08 39 24.62  30.262  10.930  0002.14  07.40  08.38  304.9  009.26  26.434  1020.137  1482.85 
2025 01 22 08 39 24.75  30.236  10.931  0002.17  07.40  08.38  304.9  009.26  26.409  1020.117  1482.82 
2025 01 22 08 39 24.87  30.233  10.931  0002.19  07.25  08.38  304.9  009.26  26.406  1020.114  1482.82 
2025 01 22 08 39 25.00  30.236  10.930  0002.20  07.19  08.38  304.9  009.26  26.410  1020.118  1482.82 
2025 01 22 08 39 25.12  30.234  10.931  0002.20  07.02  08.38  305.0  009.26  26.407  1020.116  1482.82 
2025 01 22 08 39 25.25  30.229  10.931  0002.20  06.79  08.37  305.0  009.26  26.402  1020.112  1482.81 
2025 01 22 08 39 25.37  30.197  10.933  0002.17  06.61  08.37  305.0  009.26  26.370  1020.086  1482.78 
2025 01 22 08 39 25.50  30.177  10.934  0002.11  06.60  08.37  305.0  009.26  26.350  1020.070  1482.76 
2025 01 22 08 39 25.62  30.175  10.934  0002.09  06.78  08.37  305.0  009.26  26.348  1020.069  1482.76 
2025 01 22 08 39 25.75  30.172  10.934  0002.06  06.67  08.37  305.0  009.26  26.345  1020.066  1482.75 
2025 01 22 08 39 25.87  30.169  10.934  0002.02  06.77  08.37  305.0  009.26  26.342  1020.064  1482.75 
2025 01 22 08 39 26.00  30.172  10.934  0002.01  06.93  08.37  305.0  009.26  26.344  1020.065  1482.75 
2025 01 22 08 39 26.12  30.170  10.935  0002.01  07.05  08.37  305.0  009.26  26.342  1020.064  1482.75 
2025 01 22 08 39 26.25  30.164  10.936  0002.01  07.10  08.37  305.0  009.26  26.337  1020.059  1482.75 
2025 01 22 08 39 26.37  30.147  10.937  0002.03  07.09  08.37  305.0  009.26  26.319  1020.045  1482.73 
2025 01 22 08 39 26.50  30.110  10.940  0002.07  07.18  08.37  305.0  009.26  26.281  1020.015  1482.70 
2025 01 22 08 39 26.62  30.061  10.942  0002.11  07.12  08.37  305.0  009.26  26.233  1019.978  1482.65 
2025 01 22 08 39 26.75  30.055  10.939  0002.15  07.01  08.37  305.0  009.26  26.228  1019.975  1482.63 
2025 01 22 08 39 26.87  30.098  10.938  0002.18  06.93  08.37  305.0  009.26  26.271  1020.008  1482.68 
2025 01 22 08 39 27.00  30.105  10.937  0002.19  06.82  08.37  305.0  009.26  26.278  1020.014  1482.69 
2025 01 22 08 39 27.12  30.083  10.940  0002.20  06.81  08.37  305.0  009.26  26.255  1019.996  1482.67 
2025 01 22 08 39 27.25  30.071  10.941  0002.20  06.67  08.37  305.0  009.26  26.243  1019.986  1482.66 
2025 01 22 08 39 27.37  30.073  10.940  0002.17  06.63  08.37  305.0  009.26  26.245  1019.988  1482.66 
2025 01 22 08 39 27.50  30.088  10.940  0002.11  06.82  08.37  305.0  009.26  26.260  1020.000  1482.67 
2025 01 22 08 39 27.62  30.097  10.940  0002.08  06.90  08.37  305.0  009.26  26.268  1020.006  1482.68 
2025 01 22 08 39 27.75  30.098  10.939  0002.07  06.82  08.37  305.0  009.26  26.270  1020.008  1482.68 
2025 01 22 08 39 27.87  30.101  10.939  0002.03  06.90  08.37  305.0  009.26  26.273  1020.009  1482.68 
2025 01 22 08 39 28.00  30.102  10.939  0002.01  07.03  08.37  305.0  009.26  26.274  1020.010  1482.68 
2025 01 22 08 39 28.12  30.101  10.939  0002.01  06.97  08.37  304.7  009.26  26.273  1020.009  1482.68 
2025 01 22 08 39 28.25  30.099  10.939  0002.01  06.92  08.37  304.7  009.26  26.271  1020.008  1482.68 
2025 01 22 08 39 28.37  30.086  10.940  0002.02  07.09  08.37  304.7  009.26  26.258  1019.997  1482.67 
2025 01 22 08 39 28.50  30.062  10.941  0002.04  07.05  08.37  304.7  009.26  26.234  1019.979  1482.65 
2025 01 22 08 39 28.62  30.064  10.940  0002.09  07.40  08.37  304.7  009.26  26.237  1019.982  1482.65 
2025 01 22 08 39 28.75  30.078  10.939  0002.11  07.50  08.37  304.7  009.26  26.251  1019.993  1482.66 
2025 01 22 08 39 28.87  30.100  10.937  0002.15  07.27  08.37  304.7  009.26  26.273  1020.010  1482.68 
2025 01 22 08 39 29.00  30.118  10.936  0002.20  07.22  08.37  304.7  009.26  26.292  1020.025  1482.70 
2025 01 22 08 39 29.12  30.122  10.936  0002.20  07.07  08.37  304.7  009.26  26.295  1020.028  1482.70 
2025 01 22 08 39 29.25  30.108  10.939  0002.20  06.94  08.37  304.7  009.26  26.280  1020.015  1482.70 
2025 01 22 08 39 29.37  30.098  10.939  0002.18  06.94  08.37  304.7  009.26  26.270  1020.008  1482.68 
2025 01 22 08 39 29.50  30.082  10.940  0002.15  07.17  08.37  304.7  009.26  26.254  1019.995  1482.67 
2025 01 22 08 39 29.62  30.049  10.942  0002.10  07.08  08.37  304.7  009.26  26.221  1019.969  1482.63 
2025 01 22 08 39 29.75  30.039  10.942  0002.04  07.08  08.37  304.7  009.26  26.212  1019.961  1482.62 
2025 01 22 08 39 29.87  30.039  10.942  0002.01  07.33  08.37  304.7  009.26  26.211  1019.961  1482.62 
2025 01 22 08 39 30.00  30.036  10.942  0002.01  07.61  08.36  304.7  009.26  26.208  1019.958  1482.62 
2025 01 22 08 39 30.12  30.026  10.941  0001.99  07.90  08.37  304.7  009.26  26.199  1019.951  1482.60 
2025 01 22 08 39 30.25  30.013  10.942  0002.01  07.83  08.37  304.7  009.26  26.186  1019.941  1482.59 
2025 01 22 08 39 30.37  29.977  10.945  0002.05  07.62  08.37  304.7  009.26  26.149  1019.913  1482.56 
2025 01 22 08 39 30.50  29.959  10.945  0002.10  07.35  08.37  304.7  009.26  26.132  1019.899  1482.54 
2025 01 22 08 39 30.62  30.003  10.942  0002.15  07.16  08.37  304.7  009.26  26.176  1019.934  1482.58 
2025 01 22 08 39 30.75  30.067  10.940  0002.18  07.02  08.37  304.7  009.26  26.239  1019.984  1482.65 
2025 01 22 08 39 30.87  30.082  10.940  0002.18  06.93  08.37  304.7  009.26  26.255  1019.996  1482.67 
2025 01 22 08 39 31.00  30.036  10.944  0002.18  06.79  08.37  304.7  009.26  26.207  1019.958  1482.62 
2025 01 22 08 39 31.12  30.049  10.942  0002.16  08.45  08.37  304.3  009.26  26.221  1019.969  1482.64 
2025 01 22 08 39 31.25  30.103  10.940  0002.12  09.10  08.37  304.3  009.26  26.275  1020.011  1482.69 
2025 01 22 08 39 31.37  30.132  10.937  0002.08  08.25  08.37  304.3  009.26  26.304  1020.034  1482.71 
2025 01 22 08 39 31.50  30.142  10.935  0002.04  07.71  08.37  304.3  009.26  26.316  1020.043  1482.72 
2025 01 22 08 39 31.62  30.149  10.936  0002.01  07.76  08.37  304.3  009.26  26.321  1020.047  1482.73 
2025 01 22 08 39 31.75  30.142  10.937  0002.02  07.44  08.37  304.3  009.26  26.314  1020.042  1482.73 
2025 01 22 08 39 31.87  30.125  10.938  0002.07  07.31  08.37  304.3  009.26  26.297  1020.028  1482.71 
2025 01 22 08 39 32.00  30.071  10.942  0002.09  07.40  08.37  304.3  009.26  26.242  1019.985  1482.66 
2025 01 22 08 39 32.12  29.982  10.946  0002.11  07.39  08.37  304.3  009.26  26.154  1019.916  1482.57 
2025 01 22 08 39 32.25  29.972  10.946  0002.14  07.17  08.37  304.3  009.26  26.144  1019.909  1482.55 
2025 01 22 08 39 32.37  29.979  10.945  0002.18  06.97  08.37  304.3  009.26  26.151  1019.915  1482.56 
2025 01 22 08 39 32.50  29.977  10.945  0002.19  06.82  08.37  304.3  009.26  26.149  1019.913  1482.56 
2025 01 22 08 39 32.62  29.981  10.946  0002.18  06.74  08.37  304.3  009.26  26.153  1019.916  1482.57 
2025 01 22 08 39 32.75  30.038  10.942  0002.15  06.64  08.37  304.3  009.26  26.210  1019.961  1482.62 
2025 01 22 08 39 32.87  30.078  10.941  0002.13  06.78  08.37  304.3  009.26  26.249  1019.991  1482.67 
2025 01 22 08 39 33.00  30.059  10.942  0002.09  06.82  08.36  304.3  009.26  26.231  1019.976  1482.65 
2025 01 22 08 39 33.12  29.997  10.944  0002.07  06.72  08.36  304.3  009.26  26.170  1019.929  1482.58 
2025 01 22 08 39 33.25  29.984  10.944  0002.01  06.75  08.37  304.3  009.26  26.157  1019.918  1482.56 
2025 01 22 08 39 33.37  29.993  10.945  0002.01  06.86  08.37  304.3  009.26  26.164  1019.924  1482.57 
2025 01 22 08 39 33.50  29.993  10.944  0002.01  06.80  08.37  304.3  009.26  26.166  1019.925  1482.57 
2025 01 22 08 39 33.62  29.979  10.946  0002.03  06.81  08.37  304.3  009.26  26.151  1019.913  1482.56 
2025 01 22 08 39 33.75  29.957  10.947  0002.08  07.05  08.37  304.3  009.26  26.128  1019.896  1482.54 
2025 01 22 08 39 33.87  29.880  10.951  0002.12  07.19  08.37  304.3  009.26  26.052  1019.836  1482.46 
2025 01 22 08 39 34.00  29.879  10.949  0002.13  07.29  08.37  304.3  009.26  26.052  1019.837  1482.46 
2025 01 22 08 39 34.12  29.933  10.947  0002.17  07.23  08.37  304.2  009.26  26.106  1019.879  1482.51 
2025 01 22 08 39 34.25  29.946  10.947  0002.20  07.08  08.37  304.2  009.26  26.118  1019.888  1482.53 
2025 01 22 08 39 34.37  29.930  10.948  0002.19  06.83  08.37  304.2  009.26  26.102  1019.876  1482.51 
2025 01 22 08 39 34.50  29.923  10.948  0002.20  06.62  08.37  304.2  009.26  26.095  1019.871  1482.51 
2025 01 22 08 39 34.62  29.911  10.949  0002.16  06.58  08.37  304.2  009.26  26.082  1019.860  1482.49 
2025 01 22 08 39 34.75  29.892  10.950  0002.12  06.81  08.37  304.2  009.26  26.064  1019.846  1482.47 
2025 01 22 08 39 34.87  29.876  10.951  0002.10  07.07  08.37  304.2  009.26  26.048  1019.833  1482.46 
2025 01 22 08 39 35.00  29.868  10.951  0002.02  06.98  08.37  304.2  009.26  26.041  1019.827  1482.45 
2025 01 22 08 39 35.12  29.865  10.952  0002.03  07.16  08.37  304.2  009.26  26.037  1019.824  1482.45 
2025 01 22 08 39 35.25  29.865  10.952  0002.01  07.28  08.37  304.2  009.26  26.037  1019.824  1482.45 
2025 01 22 08 39 35.37  29.873  10.951  0002.01  07.36  08.37  304.2  009.26  26.045  1019.831  1482.45 
2025 01 22 08 39 35.50  29.883  10.950  0002.03  07.57  08.37  304.2  009.26  26.056  1019.839  1482.46 
2025 01 22 08 39 35.62  29.893  10.950  0002.08  07.58  08.37  304.2  009.26  26.065  1019.846  1482.48 
2025 01 22 08 39 35.75  29.899  10.951  0002.09  07.43  08.37  304.2  009.26  26.070  1019.850  1482.48 
2025 01 22 08 39 35.87  29.934  10.948  0002.12  07.24  08.37  304.2  009.26  26.106  1019.879  1482.52 
2025 01 22 08 39 36.00  30.008  10.943  0002.14  07.14  08.36  304.2  009.26  26.181  1019.938  1482.59 
2025 01 22 08 39 36.12  30.015  10.943  0002.18  07.17  08.36  304.2  009.26  26.187  1019.943  1482.60 
2025 01 22 08 39 36.25  29.999  10.942  0002.18  06.86  08.36  304.2  009.26  26.172  1019.932  1482.58 
2025 01 22 08 39 36.37  30.022  10.942  0002.19  06.72  08.36  304.2  009.26  26.195  1019.949  1482.60 
2025 01 22 08 39 36.50  30.063  10.941  0002.18  06.74  08.36  304.2  009.26  26.234  1019.980  1482.65 
2025 01 22 08 39 36.62  30.116  10.942  0002.15  06.67  08.36  304.2  009.26  26.285  1020.019  1482.71 
2025 01 22 08 39 36.75  30.167  10.940  0002.14  06.66  08.36  304.2  009.26  26.336  1020.059  1482.76 
2025 01 22 08 39 36.87  30.181  10.939  0002.09  06.68  08.36  304.2  009.26  26.351  1020.070  1482.78 
2025 01 22 08 39 37.00  30.217  10.937  0002.09  06.74  08.36  304.2  009.26  26.386  1020.098  1482.81 
2025 01 22 08 39 37.12  30.238  10.935  0002.07  06.83  08.36  304.0  009.26  26.407  1020.114  1482.83 
2025 01 22 08 39 37.25  30.243  10.936  0002.06  06.82  08.36  304.0  009.26  26.412  1020.118  1482.84 
2025 01 22 08 39 37.37  30.250  10.934  0002.05  06.62  08.36  304.0  009.26  26.420  1020.124  1482.84 
2025 01 22 08 39 37.50  30.260  10.931  0002.07  06.62  08.36  304.0  009.26  26.432  1020.134  1482.85 
2025 01 22 08 39 37.62  30.270  10.930  0002.07  06.90  08.36  304.0  009.26  26.442  1020.142  1482.85 
2025 01 22 08 39 37.75  30.273  10.930  0002.10  06.96  08.36  304.0  009.26  26.446  1020.145  1482.86 
2025 01 22 08 39 37.87  30.278  10.931  0002.08  07.29  08.36  304.0  009.26  26.449  1020.148  1482.87 
2025 01 22 08 39 38.00  30.286  10.930  0002.12  07.38  08.36  304.0  009.26  26.458  1020.155  1482.88 
2025 01 22 08 39 38.12  30.297  10.929  0002.14  07.20  08.36  304.0  009.26  26.469  1020.164  1482.88 
2025 01 22 08 39 38.25  30.301  10.928  0002.16  07.30  08.36  304.0  009.26  26.474  1020.168  1482.89 
2025 01 22 08 39 38.37  30.311  10.928  0002.18  07.27  08.36  304.0  009.29  26.483  1020.175  1482.90 
2025 01 22 08 39 38.50  30.345  10.929  0002.18  07.15  08.36  304.0  009.26  26.515  1020.200  1482.94 
2025 01 22 08 39 38.62  30.375  10.928  0002.19  06.99  08.36  304.0  009.26  26.545  1020.223  1482.97 
2025 01 22 08 39 38.75  30.398  10.927  0002.19  06.98  08.36  304.0  009.26  26.569  1020.242  1483.00 
2025 01 22 08 39 38.87  30.449  10.926  0002.16  06.72  08.36  304.0  009.26  26.617  1020.279  1483.05 
2025 01 22 08 39 39.00  30.500  10.923  0002.12  06.60  08.35  304.0  009.26  26.669  1020.320  1483.10 
2025 01 22 08 39 39.12  30.538  10.922  0002.12  06.64  08.36  304.0  009.26  26.707  1020.350  1483.14 
2025 01 22 08 39 39.25  30.546  10.919  0002.10  06.64  08.36  304.0  009.26  26.716  1020.357  1483.15 
2025 01 22 08 39 39.37  30.543  10.919  0002.08  06.73  08.36  304.0  009.26  26.713  1020.355  1483.14 
2025 01 22 08 39 39.50  30.553  10.917  0002.04  06.86  08.36  304.0  009.26  26.725  1020.363  1483.15 
2025 01 22 08 39 39.62  30.562  10.917  0002.03  06.95  08.36  304.0  009.26  26.734  1020.371  1483.16 
2025 01 22 08 39 39.75  30.570  10.916  0002.04  06.93  08.36  304.0  009.26  26.742  1020.377  1483.17 
2025 01 22 08 39 39.87  30.574  10.916  0002.06  07.04  08.36  304.0  009.26  26.746  1020.381  1483.17 
2025 01 22 08 39 40.00  30.573  10.918  0002.07  07.00  08.36  304.0  009.26  26.744  1020.378  1483.17 
2025 01 22 08 39 40.12  30.567  10.919  0002.10  06.75  08.36  304.6  009.26  26.737  1020.373  1483.17 
2025 01 22 08 39 40.25  30.558  10.921  0002.12  06.65  08.36  304.6  009.26  26.727  1020.366  1483.17 
2025 01 22 08 39 40.37  30.549  10.922  0002.15  06.80  08.36  304.6  009.26  26.717  1020.358  1483.16 
2025 01 22 08 39 40.50  30.542  10.923  0002.19  06.87  08.36  304.6  009.26  26.709  1020.352  1483.15 
2025 01 22 08 39 40.62  30.534  10.921  0002.20  06.86  08.36  304.6  009.26  26.703  1020.347  1483.14 
2025 01 22 08 39 40.75  30.513  10.922  0002.21  06.61  08.36  304.6  009.26  26.682  1020.331  1483.12 
2025 01 22 08 39 40.87  30.480  10.925  0002.18  06.43  08.36  304.6  009.26  26.649  1020.304  1483.09 
2025 01 22 08 39 41.00  30.457  10.926  0002.15  06.38  08.36  304.6  009.26  26.626  1020.286  1483.06 
2025 01 22 08 39 41.12  30.461  10.926  0002.09  06.60  08.36  304.6  009.26  26.630  1020.289  1483.07 
2025 01 22 08 39 41.25  30.468  10.926  0002.08  06.74  08.36  304.6  009.26  26.636  1020.293  1483.07 
2025 01 22 08 39 41.37  30.469  10.925  0002.04  06.70  08.36  304.6  009.26  26.638  1020.295  1483.07 
2025 01 22 08 39 41.50  30.471  10.925  0002.02  06.91  08.36  304.6  009.26  26.639  1020.296  1483.08 
2025 01 22 08 39 41.62  30.461  10.925  0002.03  06.99  08.36  304.6  009.26  26.631  1020.289  1483.06 
2025 01 22 08 39 41.75  30.442  10.928  0002.03  07.12  08.36  304.6  009.26  26.610  1020.273  1483.05 
2025 01 22 08 39 41.87  30.423  10.928  0002.06  07.11  08.36  304.6  009.26  26.592  1020.259  1483.03 
2025 01 22 08 39 42.00  30.375  10.934  0002.08  07.17  08.35  304.6  009.26  26.540  1020.218  1482.99 
2025 01 22 08 39 42.12  30.351  10.934  0002.10  07.14  08.36  304.6  009.26  26.518  1020.200  1482.96 
2025 01 22 08 39 42.25  30.359  10.932  0002.11  07.02  08.36  304.6  009.26  26.526  1020.207  1482.97 
2025 01 22 08 39 42.37  30.365  10.931  0002.13  06.94  08.36  304.6  009.26  26.533  1020.213  1482.97 
2025 01 22 08 39 42.50  30.369  10.929  0002.15  06.67  08.36  304.6  009.26  26.538  1020.217  1482.97 
2025 01 22 08 39 42.62  30.379  10.930  0002.16  06.53  08.36  304.6  009.26  26.547  1020.224  1482.98 
2025 01 22 08 39 42.75  30.392  10.931  0002.14  06.53  08.36  304.6  009.26  26.559  1020.234  1483.00 
2025 01 22 08 39 42.87  30.399  10.933  0002.14  06.45  08.36  304.6  009.26  26.565  1020.237  1483.02 
2025 01 22 08 39 43.00  30.402  10.935  0002.12  06.66  08.36  304.6  009.26  26.566  1020.238  1483.02 
2025 01 22 08 39 43.12  30.403  10.937  0002.11  06.74  08.36  305.1  009.26  26.566  1020.237  1483.03 
2025 01 22 08 39 43.25  30.403  10.937  0002.12  06.63  08.36  305.1  009.26  26.566  1020.238  1483.03 
2025 01 22 08 39 43.37  30.402  10.937  0002.12  06.79  08.36  305.1  009.26  26.565  1020.237  1483.03 
2025 01 22 08 39 43.50  30.402  10.936  0002.13  06.86  08.36  305.1  009.26  26.565  1020.237  1483.03 
2025 01 22 08 39 43.62  30.401  10.937  0002.13  06.94  08.36  305.1  009.26  26.563  1020.236  1483.03 
2025 01 22 08 39 43.75  30.397  10.937  0002.11  06.83  08.36  305.1  009.26  26.559  1020.232  1483.02 
2025 01 22 08 39 43.87  30.384  10.938  0002.12  06.86  08.36  305.1  009.26  26.547  1020.222  1483.01 
2025 01 22 08 39 44.00  30.362  10.938  0002.11  06.75  08.36  305.1  009.26  26.525  1020.205  1482.99 
2025 01 22 08 39 44.12  30.308  10.940  0002.08  06.56  08.36  305.1  009.26  26.471  1020.163  1482.93 
2025 01 22 08 39 44.25  30.266  10.942  0002.06  06.56  08.36  305.1  009.26  26.430  1020.131  1482.88 
2025 01 22 08 39 44.37  30.251  10.943  0002.03  06.61  08.36  305.1  009.26  26.415  1020.119  1482.87 
2025 01 22 08 39 44.50  30.263  10.942  0002.03  06.53  08.36  305.1  009.26  26.427  1020.128  1482.88 
2025 01 22 08 39 44.62  30.269  10.942  0002.04  06.54  08.36  305.1  009.26  26.433  1020.133  1482.89 
2025 01 22 08 39 44.75  30.260  10.942  0002.07  06.79  08.36  305.1  009.26  26.424  1020.126  1482.88 
2025 01 22 08 39 44.87  30.245  10.943  0002.11  06.95  08.36  305.1  009.26  26.408  1020.114  1482.86 
2025 01 22 08 39 45.00  30.264  10.944  0002.16  06.96  08.35  305.1  009.26  26.427  1020.129  1482.89 
2025 01 22 08 39 45.12  30.314  10.941  0002.20  06.91  08.36  305.1  009.26  26.477  1020.168  1482.94 
2025 01 22 08 39 45.25  30.363  10.938  0002.21  06.75  08.36  305.1  009.26  26.526  1020.207  1482.99 
2025 01 22 08 39 45.37  30.362  10.938  0002.23  06.68  08.36  305.1  009.26  26.525  1020.206  1482.99 
2025 01 22 08 39 45.50  30.324  10.942  0002.21  06.56  08.36  305.1  009.26  26.486  1020.175  1482.95 
2025 01 22 08 39 45.62  30.293  10.943  0002.20  06.59  08.36  305.1  009.26  26.455  1020.151  1482.92 
2025 01 22 08 39 45.75  30.254  10.943  0002.14  06.73  08.36  305.1  009.26  26.418  1020.121  1482.88 
2025 01 22 08 39 45.87  30.211  10.945  0002.09  06.83  08.36  305.1  009.26  26.375  1020.087  1482.83 
2025 01 22 08 39 46.00  30.200  10.944  0002.04  06.90  08.36  305.1  009.26  26.365  1020.080  1482.81 
2025 01 22 08 39 46.12  30.205  10.945  0002.01  06.95  08.36  305.2  009.26  26.369  1020.083  1482.82 
2025 01 22 08 39 46.25  30.213  10.945  0001.99  07.18  08.36  305.2  009.26  26.377  1020.089  1482.83 
2025 01 22 08 39 46.37  30.207  10.944  0001.97  07.32  08.36  305.2  009.26  26.371  1020.084  1482.82 
2025 01 22 08 39 46.50  30.190  10.946  0002.00  07.17  08.36  305.2  009.26  26.354  1020.071  1482.80 
2025 01 22 08 39 46.62  30.163  10.946  0002.02  07.11  08.36  305.2  009.26  26.328  1020.051  1482.78 
2025 01 22 08 39 46.75  30.098  10.948  0002.07  07.41  08.36  305.2  009.26  26.263  1020.000  1482.71 
2025 01 22 08 39 46.87  30.034  10.950  0002.11  07.51  08.36  305.2  009.26  26.201  1019.952  1482.64 
2025 01 22 08 39 47.00  30.037  10.949  0002.16  07.35  08.36  305.2  009.26  26.205  1019.955  1482.64 
2025 01 22 08 39 47.12  30.059  10.948  0002.19  07.15  08.36  305.2  009.26  26.227  1019.973  1482.66 
2025 01 22 08 39 47.25  30.074  10.947  0002.21  06.89  08.36  305.2  009.26  26.241  1019.984  1482.68 
2025 01 22 08 39 47.37  30.070  10.947  0002.22  06.82  08.36  305.2  009.26  26.237  1019.981  1482.67 
2025 01 22 08 39 47.50  30.059  10.947  0002.20  06.79  08.36  305.2  009.26  26.227  1019.973  1482.66 
2025 01 22 08 39 47.62  30.054  10.948  0002.17  06.83  08.36  305.2  009.26  26.221  1019.968  1482.66 
2025 01 22 08 39 47.75  30.057  10.949  0002.11  06.96  08.36  305.2  009.26  26.224  1019.970  1482.66 
2025 01 22 08 39 47.87  30.050  10.948  0002.09  06.73  08.36  305.2  009.26  26.217  1019.965  1482.65 
2025 01 22 08 39 48.00  30.020  10.950  0002.05  06.81  08.35  305.2  009.26  26.187  1019.941  1482.62 
2025 01 22 08 39 48.12  30.008  10.950  0002.01  06.91  08.36  305.2  009.26  26.176  1019.933  1482.61 
2025 01 22 08 39 48.25  30.010  10.950  0002.00  06.83  08.36  305.2  009.26  26.178  1019.933  1482.61 
2025 01 22 08 39 48.37  30.004  10.949  0002.01  06.88  08.36  305.2  009.26  26.173  1019.930  1482.60 
2025 01 22 08 39 48.50  30.000  10.949  0002.01  06.95  08.36  305.2  009.26  26.168  1019.927  1482.59 
2025 01 22 08 39 48.62  30.000  10.950  0002.01  07.03  08.36  305.2  009.26  26.168  1019.926  1482.60 
2025 01 22 08 39 48.75  29.993  10.950  0002.03  06.97  08.36  305.2  009.26  26.162  1019.921  1482.59 
2025 01 22 08 39 48.87  29.982  10.950  0002.04  06.93  08.36  305.2  009.26  26.151  1019.913  1482.58 
2025 01 22 08 39 49.00  29.971  10.950  0002.07  06.83  08.36  305.2  009.26  26.140  1019.905  1482.56 
2025 01 22 08 39 49.12  29.961  10.951  0002.10  06.81  08.36  304.9  009.26  26.130  1019.897  1482.56 
2025 01 22 08 39 49.25  29.962  10.950  0002.12  06.78  08.36  304.9  009.26  26.132  1019.899  1482.55 
2025 01 22 08 39 49.37  29.962  10.950  0002.17  06.64  08.36  304.9  009.26  26.132  1019.898  1482.56 
2025 01 22 08 39 49.50  29.958  10.951  0002.17  06.63  08.36  304.9  009.26  26.126  1019.894  1482.55 
2025 01 22 08 39 49.62  29.958  10.951  0002.18  06.78  08.36  304.9  009.26  26.127  1019.894  1482.55 
2025 01 22 08 39 49.75  29.971  10.950  0002.16  06.63  08.36  304.9  009.26  26.140  1019.905  1482.57 
2025 01 22 08 39 49.87  29.999  10.949  0002.16  06.56  08.36  304.9  009.26  26.168  1019.927  1482.60 
2025 01 22 08 39 50.00  30.039  10.949  0002.11  06.86  08.36  304.9  009.26  26.207  1019.957  1482.64 
2025 01 22 08 39 50.12  30.075  10.948  0002.09  06.77  08.36  304.9  009.26  26.242  1019.984  1482.68 
2025 01 22 08 39 50.25  30.084  10.948  0002.06  06.93  08.36  304.9  009.26  26.250  1019.990  1482.69 
2025 01 22 08 39 50.37  30.086  10.948  0002.03  06.88  08.36  304.9  009.26  26.252  1019.991  1482.69 
2025 01 22 08 39 50.50  30.086  10.949  0002.04  06.94  08.36  304.9  009.26  26.252  1019.992  1482.69 
2025 01 22 08 39 50.62  30.087  10.948  0002.05  07.19  08.36  304.9  009.26  26.253  1019.992  1482.69 
2025 01 22 08 39 50.75  30.075  10.949  0002.04  07.08  08.36  304.9  009.26  26.240  1019.982  1482.68 
2025 01 22 08 39 50.87  30.053  10.949  0002.07  07.22  08.36  304.9  009.26  26.219  1019.966  1482.66 
2025 01 22 08 39 51.00  30.047  10.949  0002.10  07.17  08.35  304.9  009.26  26.213  1019.962  1482.65 
2025 01 22 08 39 51.12  30.049  10.950  0002.13  06.98  08.35  304.9  009.26  26.215  1019.963  1482.65 
2025 01 22 08 39 51.25  30.055  10.949  0002.16  06.83  08.36  304.9  009.26  26.222  1019.969  1482.66 
2025 01 22 08 39 51.37  30.055  10.950  0002.17  06.82  08.36  304.9  009.26  26.221  1019.968  1482.66 
2025 01 22 08 39 51.50  30.051  10.949  0002.20  06.69  08.36  304.9  009.26  26.218  1019.966  1482.66 
2025 01 22 08 39 51.62  30.051  10.950  0002.19  06.57  08.36  304.9  009.26  26.218  1019.965  1482.66 
2025 01 22 08 39 51.75  30.066  10.950  0002.19  06.47  08.36  304.9  009.26  26.231  1019.976  1482.68 
2025 01 22 08 39 51.87  30.085  10.949  0002.17  06.42  08.36  304.9  009.26  26.250  1019.991  1482.70 
2025 01 22 08 39 52.00  30.102  10.950  0002.16  06.41  08.36  304.9  009.26  26.266  1020.003  1482.72 
2025 01 22 08 39 52.12  30.124  10.949  0002.14  06.36  08.35  304.6  009.26  26.288  1020.020  1482.74 
2025 01 22 08 39 52.25  30.141  10.949  0002.14  06.43  08.35  304.6  009.26  26.305  1020.033  1482.76 
2025 01 22 08 39 52.37  30.148  10.948  0002.12  06.45  08.36  304.6  009.26  26.312  1020.038  1482.76 
2025 01 22 08 39 52.50  30.156  10.948  0002.10  06.54  08.35  304.6  009.26  26.319  1020.044  1482.77 
2025 01 22 08 39 52.62  30.162  10.949  0002.10  06.63  08.36  304.6  009.26  26.324  1020.048  1482.78 
2025 01 22 08 39 52.75  30.164  10.949  0002.07  06.65  08.36  304.6  009.26  26.327  1020.050  1482.78 
2025 01 22 08 39 52.87  30.167  10.948  0002.08  06.57  08.36  304.6  009.26  26.330  1020.052  1482.79 
2025 01 22 08 39 53.00  30.176  10.948  0002.07  06.66  08.36  304.6  009.26  26.339  1020.059  1482.80 
2025 01 22 08 39 53.12  30.175  10.948  0002.08  06.80  08.35  304.6  009.26  26.338  1020.058  1482.80 
2025 01 22 08 39 53.25  30.169  10.948  0002.11  07.06  08.36  304.6  009.26  26.332  1020.054  1482.79 
2025 01 22 08 39 53.37  30.164  10.949  0002.13  07.10  08.36  304.6  009.26  26.326  1020.050  1482.79 
2025 01 22 08 39 53.50  30.155  10.948  0002.16  07.04  08.36  304.6  009.26  26.318  1020.044  1482.77 
2025 01 22 08 39 53.62  30.142  10.949  0002.20  06.98  08.35  304.6  009.26  26.306  1020.034  1482.76 
2025 01 22 08 39 53.75  30.139  10.948  0002.20  06.88  08.35  304.6  009.26  26.303  1020.032  1482.76 
2025 01 22 08 39 53.87  30.140  10.949  0002.20  06.78  08.35  304.6  009.26  26.303  1020.032  1482.76 
2025 01 22 08 39 54.00  30.160  10.948  0002.19  06.76  08.34  304.6  009.26  26.324  1020.048  1482.78 
2025 01 22 08 39 54.12  30.188  10.949  0002.18  06.70  08.35  304.6  009.26  26.349  1020.068  1482.81 
2025 01 22 08 39 54.25  30.220  10.947  0002.12  06.83  08.35  304.6  009.26  26.382  1020.094  1482.84 
2025 01 22 08 39 54.37  30.270  10.946  0002.10  06.98  08.35  304.6  009.26  26.431  1020.131  1482.90 
2025 01 22 08 39 54.50  30.288  10.945  0002.07  06.87  08.35  304.6  009.26  26.449  1020.145  1482.92 
2025 01 22 08 39 54.62  30.289  10.945  0002.05  06.83  08.35  304.6  009.26  26.450  1020.146  1482.92 
2025 01 22 08 39 54.75  30.290  10.945  0002.04  06.82  08.35  304.6  009.26  26.451  1020.147  1482.92 
2025 01 22 08 39 54.87  30.293  10.945  0002.03  06.86  08.35  304.6  009.26  26.453  1020.148  1482.92 
2025 01 22 08 39 55.00  30.287  10.944  0002.05  07.05  08.35  304.6  009.26  26.449  1020.145  1482.91 
2025 01 22 08 39 55.12  30.277  10.946  0002.08  07.19  08.35  304.7  009.26  26.438  1020.137  1482.91 
2025 01 22 08 39 55.25  30.275  10.946  0002.12  07.13  08.35  304.7  009.26  26.436  1020.135  1482.91 
2025 01 22 08 39 55.37  30.273  10.946  0002.14  06.89  08.35  304.7  009.26  26.434  1020.134  1482.90 
2025 01 22 08 39 55.50  30.267  10.946  0002.17  06.76  08.35  304.7  009.26  26.428  1020.129  1482.90 
2025 01 22 08 39 55.62  30.261  10.946  0002.19  06.74  08.35  304.7  009.26  26.422  1020.124  1482.89 
2025 01 22 08 39 55.75  30.249  10.946  0002.20  06.60  08.35  304.7  009.26  26.410  1020.115  1482.88 
2025 01 22 08 39 55.87  30.237  10.947  0002.19  06.56  08.35  304.7  009.26  26.398  1020.106  1482.87 
2025 01 22 08 39 56.00  30.250  10.946  0002.18  06.49  08.35  304.7  009.26  26.411  1020.116  1482.88 
2025 01 22 08 39 56.12  30.267  10.946  0002.13  06.34  08.35  304.7  009.26  26.428  1020.129  1482.90 
2025 01 22 08 39 56.25  30.255  10.947  0002.09  06.40  08.35  304.7  009.26  26.416  1020.119  1482.89 
2025 01 22 08 39 56.37  30.250  10.946  0002.05  06.43  08.35  304.7  009.26  26.411  1020.116  1482.88 
2025 01 22 08 39 56.50  30.250  10.947  0002.02  06.52  08.35  304.7  009.26  26.412  1020.116  1482.88 
2025 01 22 08 39 56.62  30.248  10.946  0002.03  06.59  08.35  304.7  009.26  26.410  1020.114  1482.87 
2025 01 22 08 39 56.75  30.251  10.946  0002.01  06.64  08.35  304.7  009.26  26.413  1020.117  1482.88 
2025 01 22 08 39 56.87  30.238  10.947  0002.04  06.72  08.35  304.7  009.26  26.399  1020.106  1482.87 
2025 01 22 08 39 57.00  30.191  10.949  0002.08  06.71  08.35  304.7  009.26  26.352  1020.070  1482.82 
2025 01 22 08 39 57.12  30.160  10.949  0002.10  06.70  08.35  304.7  009.26  26.322  1020.047  1482.78 
2025 01 22 08 39 57.25  30.160  10.949  0002.12  06.68  08.35  304.7  009.26  26.323  1020.047  1482.78 
2025 01 22 08 39 57.37  30.164  10.948  0002.17  06.64  08.35  304.7  009.26  26.328  1020.051  1482.78 
2025 01 22 08 39 57.50  30.163  10.949  0002.18  06.67  08.35  304.7  009.26  26.325  1020.049  1482.79 
2025 01 22 08 39 57.62  30.160  10.949  0002.19  06.70  08.35  304.7  009.26  26.323  1020.047  1482.78 
2025 01 22 08 39 57.75  30.176  10.949  0002.17  06.66  08.35  304.7  009.26  26.338  1020.058  1482.80 
2025 01 22 08 39 57.87  30.222  10.948  0002.15  06.59  08.35  304.7  009.26  26.383  1020.094  1482.85 
2025 01 22 08 39 58.00  30.250  10.946  0002.13  06.59  08.35  304.7  009.26  26.411  1020.116  1482.88 
2025 01 22 08 39 58.12  30.262  10.946  0002.09  06.43  08.35  304.7  009.26  26.423  1020.125  1482.89 
2025 01 22 08 39 58.25  30.266  10.946  0002.07  06.45  08.35  304.7  009.26  26.427  1020.128  1482.90 
2025 01 22 08 39 58.37  30.273  10.946  0002.06  06.61  08.35  304.7  009.26  26.434  1020.133  1482.90 
2025 01 22 08 39 58.50  30.278  10.946  0002.06  06.69  08.35  304.7  009.26  26.439  1020.137  1482.91 
2025 01 22 08 39 58.62  30.281  10.945  0002.07  06.75  08.35  304.7  009.26  26.442  1020.140  1482.91 
2025 01 22 08 39 58.75  30.280  10.946  0002.07  06.71  08.35  304.7  009.26  26.440  1020.138  1482.91 
2025 01 22 08 39 58.87  30.277  10.947  0002.08  06.71  08.35  304.7  009.26  26.437  1020.136  1482.91 
2025 01 22 08 39 59.00  30.271  10.947  0002.11  06.71  08.35  304.7  009.26  26.431  1020.131  1482.90 
2025 01 22 08 39 59.12  30.262  10.947  0002.10  06.63  08.35  304.7  009.26  26.423  1020.125  1482.89 
2025 01 22 08 39 59.25  30.250  10.947  0002.12  06.68  08.35  304.7  009.26  26.411  1020.116  1482.88 
2025 01 22 08 39 59.37  30.233  10.947  0002.14  06.92  08.35  304.7  009.26  26.394  1020.102  1482.86 
2025 01 22 08 39 59.50  30.222  10.948  0002.14  06.93  08.35  304.7  009.26  26.383  1020.094  1482.85 
2025 01 22 08 39 59.62  30.208  10.949  0002.13  06.84  08.35  304.7  009.26  26.369  1020.083  1482.84 
2025 01 22 08 39 59.75  30.190  10.948  0002.15  06.71  08.35  304.7  009.26  26.353  1020.070  1482.81 
2025 01 22 08 39 59.87  30.185  10.949  0002.14  06.57  08.35  304.7  009.26  26.347  1020.066  1482.81 
2025 01 22 08 40 00.00  30.186  10.949  0002.15  06.41  08.34  304.7  009.26  26.348  1020.066  1482.81 
2025 01 22 08 40 00.12  30.189  10.949  0002.13  06.32  08.35  304.7  009.26  26.351  1020.069  1482.82 
2025 01 22 08 40 00.25  30.189  10.948  0002.12  06.33  08.35  304.7  009.26  26.352  1020.069  1482.81 
2025 01 22 08 40 00.37  30.187  10.949  0002.09  06.50  08.35  304.7  009.26  26.348  1020.066  1482.81 
2025 01 22 08 40 00.50  30.192  10.948  0002.11  06.44  08.35  304.7  009.26  26.354  1020.071  1482.81 
2025 01 22 08 40 00.62  30.201  10.948  0002.10  06.49  08.35  304.7  009.26  26.363  1020.078  1482.83 
2025 01 22 08 40 00.75  30.207  10.948  0002.09  06.55  08.35  304.7  009.26  26.369  1020.082  1482.83 
2025 01 22 08 40 00.87  30.207  10.948  0002.08  06.74  08.35  304.7  009.26  26.369  1020.083  1482.83 
2025 01 22 08 40 01.00  30.209  10.948  0002.10  06.89  08.35  304.7  009.26  26.370  1020.084  1482.84 
2025 01 22 08 40 01.12  30.211  10.949  0002.11  06.83  08.35  304.8  009.26  26.372  1020.085  1482.84 
2025 01 22 08 40 01.25  30.208  10.948  0002.09  06.79  08.35  304.8  009.26  26.370  1020.083  1482.83 
2025 01 22 08 40 01.37  30.203  10.949  0002.10  06.81  08.35  304.8  009.26  26.365  1020.079  1482.83 
2025 01 22 08 40 01.50  30.193  10.950  0002.08  06.71  08.35  304.8  009.26  26.354  1020.071  1482.82 
2025 01 22 08 40 01.62  30.186  10.949  0002.09  06.57  08.35  304.8  009.26  26.348  1020.066  1482.81 
2025 01 22 08 40 01.75  30.182  10.949  0002.10  06.57  08.35  304.8  009.26  26.344  1020.063  1482.81 
2025 01 22 08 40 01.87  30.185  10.949  0002.09  06.55  08.35  304.8  009.26  26.347  1020.065  1482.81 
2025 01 22 08 40 02.00  30.192  10.949  0002.13  06.48  08.35  304.8  009.26  26.353  1020.070  1482.82 
2025 01 22 08 40 02.12  30.202  10.948  0002.13  06.33  08.35  304.8  009.26  26.364  1020.079  1482.83 
2025 01 22 08 40 02.25  30.211  10.948  0002.12  06.32  08.35  304.8  009.26  26.372  1020.086  1482.84 
2025 01 22 08 40 02.37  30.214  10.947  0002.15  06.37  08.35  304.8  009.26  26.376  1020.088  1482.84 
2025 01 22 08 40 02.50  30.211  10.946  0002.17  06.43  08.35  304.8  009.26  26.375  1020.088  1482.83 
2025 01 22 08 40 02.62  30.207  10.946  0002.16  06.46  08.35  304.8  009.26  26.370  1020.084  1482.83 
2025 01 22 08 40 02.75  30.201  10.948  0002.13  06.55  08.35  304.8  009.26  26.363  1020.078  1482.83 
2025 01 22 08 40 02.87  30.209  10.948  0002.12  06.53  08.35  304.8  009.26  26.371  1020.084  1482.83 
2025 01 22 08 40 03.00  30.220  10.946  0002.09  06.62  08.34  304.8  009.26  26.382  1020.093  1482.84 
2025 01 22 08 40 03.12  30.222  10.947  0002.06  06.62  08.35  304.8  009.26  26.384  1020.094  1482.85 
2025 01 22 08 40 03.25  30.215  10.947  0002.03  06.63  08.35  304.8  009.26  26.377  1020.089  1482.84 
2025 01 22 08 40 03.37  30.218  10.946  0002.03  06.62  08.35  304.8  009.26  26.380  1020.091  1482.84 
2025 01 22 08 40 03.50  30.224  10.946  0002.03  06.67  08.35  304.8  009.26  26.387  1020.096  1482.85 
2025 01 22 08 40 03.62  30.210  10.948  0002.03  06.96  08.35  304.8  009.26  26.371  1020.084  1482.84 
2025 01 22 08 40 03.75  30.187  10.949  0002.06  07.21  08.35  304.8  009.26  26.348  1020.066  1482.81 
2025 01 22 08 40 03.87  30.176  10.950  0002.09  07.57  08.35  304.8  009.26  26.337  1020.058  1482.80 
2025 01 22 08 40 04.00  30.184  10.949  0002.11  07.37  08.35  304.8  009.26  26.345  1020.064  1482.81 
2025 01 22 08 40 04.12  30.188  10.949  0002.14  07.17  08.35  304.8  009.26  26.350  1020.068  1482.81 
2025 01 22 08 40 04.25  30.199  10.949  0002.15  06.92  08.35  304.8  009.26  26.361  1020.077  1482.83 
2025 01 22 08 40 04.37  30.219  10.947  0002.16  06.70  08.35  304.8  009.26  26.381  1020.092  1482.84 
2025 01 22 08 40 04.50  30.250  10.945  0002.17  06.62  08.35  304.8  009.26  26.413  1020.118  1482.87 
2025 01 22 08 40 04.62  30.313  10.942  0002.15  06.55  08.35  304.8  009.26  26.475  1020.166  1482.94 
2025 01 22 08 40 04.75  30.365  10.941  0002.12  06.42  08.35  304.8  009.26  26.526  1020.206  1483.00 
2025 01 22 08 40 04.87  30.408  10.940  0002.09  06.39  08.35  304.8  009.26  26.568  1020.238  1483.04 
2025 01 22 08 40 05.00  30.423  10.940  0002.05  06.45  08.35  304.8  009.26  26.583  1020.250  1483.06 
2025 01 22 08 40 05.12  30.422  10.939  0002.02  06.55  08.35  304.8  009.26  26.583  1020.250  1483.06 
2025 01 22 08 40 05.25  30.424  10.938  0002.01  06.88  08.35  304.8  009.26  26.585  1020.252  1483.05 
2025 01 22 08 40 05.37  30.431  10.938  0002.02  06.84  08.35  304.8  009.26  26.592  1020.257  1483.06 
2025 01 22 08 40 05.50  30.393  10.941  0002.02  06.90  08.35  304.8  009.26  26.553  1020.226  1483.03 
2025 01 22 08 40 05.62  30.330  10.944  0002.05  07.06  08.35  304.8  009.26  26.490  1020.178  1482.96 
2025 01 22 08 40 05.75  30.298  10.944  0002.07  07.14  08.35  304.8  009.26  26.460  1020.154  1482.93 
2025 01 22 08 40 05.87  30.300  10.944  0002.08  06.89  08.35  304.8  009.26  26.461  1020.155  1482.93 
2025 01 22 08 40 06.00  30.301  10.944  0002.11  06.62  08.34  304.8  009.26  26.461  1020.155  1482.93 
2025 01 22 08 40 06.12  30.285  10.944  0002.11  06.51  08.35  304.8  009.26  26.446  1020.143  1482.91 
2025 01 22 08 40 06.25  30.278  10.945  0002.13  06.43  08.35  304.8  009.26  26.440  1020.138  1482.91 
2025 01 22 08 40 06.37  30.338  10.942  0002.12  06.34  08.35  304.8  009.26  26.499  1020.185  1482.97 
2025 01 22 08 40 06.50  30.408  10.938  0002.12  06.41  08.35  304.8  009.26  26.570  1020.240  1483.04 
2025 01 22 08 40 06.62  30.460  10.935  0002.11  06.48  08.35  304.8  009.26  26.621  1020.281  1483.09 
2025 01 22 08 40 06.75  30.498  10.933  0002.09  06.43  08.35  304.8  009.26  26.660  1020.311  1483.13 
2025 01 22 08 40 06.87  30.513  10.931  0002.10  06.50  08.35  304.8  009.26  26.676  1020.324  1483.14 
2025 01 22 08 40 07.00  30.522  10.930  0002.10  06.87  08.35  304.8  009.26  26.685  1020.331  1483.15 
2025 01 22 08 40 07.12  30.519  10.930  0002.08  06.80  08.35  304.9  009.26  26.683  1020.329  1483.14 
2025 01 22 08 40 07.25  30.517  10.930  0002.08  06.72  08.35  304.9  009.26  26.681  1020.328  1483.14 
2025 01 22 08 40 07.37  30.521  10.929  0002.06  06.60  08.35  304.9  009.26  26.685  1020.331  1483.15 
2025 01 22 08 40 07.50  30.518  10.930  0002.08  06.56  08.35  304.9  009.26  26.681  1020.328  1483.14 
2025 01 22 08 40 07.62  30.507  10.932  0002.09  06.63  08.35  304.9  009.26  26.670  1020.319  1483.14 
2025 01 22 08 40 07.75  30.497  10.933  0002.08  06.73  08.35  304.9  009.26  26.660  1020.311  1483.13 
2025 01 22 08 40 07.87  30.488  10.934  0002.05  06.66  08.35  304.9  009.26  26.649  1020.302  1483.12 
2025 01 22 08 40 08.00  30.479  10.936  0002.08  06.63  08.35  304.9  009.26  26.640  1020.295  1483.11 
2025 01 22 08 40 08.12  30.468  10.937  0002.10  06.59  08.35  304.9  009.26  26.629  1020.286  1483.10 
2025 01 22 08 40 08.25  30.457  10.938  0002.11  06.60  08.35  304.9  009.26  26.616  1020.276  1483.09 
2025 01 22 08 40 08.37  30.451  10.939  0002.10  06.54  08.35  304.9  009.26  26.610  1020.271  1483.09 
2025 01 22 08 40 08.50  30.445  10.940  0002.12  06.55  08.35  304.9  009.26  26.603  1020.266  1483.09 
2025 01 22 08 40 08.62  30.437  10.940  0002.11  06.58  08.35  304.9  009.26  26.596  1020.261  1483.08 
2025 01 22 08 40 08.75  30.427  10.939  0002.12  06.65  08.35  304.9  009.26  26.587  1020.254  1483.06 
2025 01 22 08 40 08.87  30.414  10.939  0002.12  06.80  08.35  304.9  009.26  26.574  1020.243  1483.05 
2025 01 22 08 40 09.00  30.415  10.941  0002.10  06.67  08.34  304.9  009.26  26.574  1020.243  1483.05 
2025 01 22 08 40 09.12  30.423  10.940  0002.11  06.80  08.35  304.9  009.26  26.583  1020.250  1483.06 
2025 01 22 08 40 09.25  30.437  10.937  0002.12  06.85  08.35  304.9  009.26  26.598  1020.262  1483.07 
2025 01 22 08 40 09.37  30.446  10.936  0002.10  06.93  08.35  304.9  009.26  26.608  1020.270  1483.08 
2025 01 22 08 40 09.50  30.453  10.936  0002.11  06.75  08.35  304.9  009.26  26.614  1020.275  1483.08 
2025 01 22 08 40 09.62  30.457  10.936  0002.11  06.57  08.35  304.9  009.26  26.618  1020.278  1483.09 
2025 01 22 08 40 09.75  30.457  10.936  0002.12  06.58  08.35  304.9  009.26  26.618  1020.278  1483.09 
2025 01 22 08 40 09.87  30.453  10.937  0002.10  06.67  08.35  304.9  009.26  26.614  1020.275  1483.09 
2025 01 22 08 40 10.00  30.451  10.936  0002.11  06.62  08.35  304.9  009.26  26.612  1020.273  1483.08 
2025 01 22 08 40 10.12  30.451  10.935  0002.08  06.48  08.35  305.2  009.26  26.613  1020.274  1483.08 
2025 01 22 08 40 10.25  30.453  10.937  0002.09  06.48  08.35  305.2  009.26  26.613  1020.274  1483.09 
2025 01 22 08 40 10.37  30.459  10.935  0002.09  06.54  08.35  305.2  009.26  26.621  1020.280  1483.09 
2025 01 22 08 40 10.50  30.461  10.936  0002.08  07.00  08.35  305.2  009.26  26.623  1020.281  1483.09 
2025 01 22 08 40 10.62  30.460  10.935  0002.09  07.02  08.35  305.2  009.26  26.622  1020.281  1483.09 
2025 01 22 08 40 10.75  30.456  10.936  0002.12  06.83  08.35  305.2  009.26  26.617  1020.278  1483.09 
2025 01 22 08 40 10.87  30.453  10.936  0002.11  06.81  08.35  305.2  009.26  26.615  1020.275  1483.09 
2025 01 22 08 40 11.00  30.450  10.936  0002.13  06.79  08.35  305.2  009.26  26.612  1020.273  1483.08 
2025 01 22 08 40 11.12  30.449  10.937  0002.13  06.66  08.35  305.2  009.26  26.610  1020.272  1483.08 
2025 01 22 08 40 11.25  30.448  10.935  0002.14  06.50  08.35  305.2  009.26  26.610  1020.272  1483.08 
2025 01 22 08 40 11.37  30.449  10.933  0002.14  06.38  08.35  305.2  009.26  26.613  1020.275  1483.07 
2025 01 22 08 40 11.50  30.454  10.933  0002.16  06.32  08.35  305.2  009.26  26.618  1020.278  1483.08 
2025 01 22 08 40 11.62  30.460  10.934  0002.13  06.27  08.35  305.2  009.26  26.622  1020.282  1483.09 
2025 01 22 08 40 11.75  30.471  10.933  0002.12  06.45  08.35  305.2  009.26  26.634  1020.291  1483.10 
2025 01 22 08 40 11.87  30.481  10.929  0002.11  06.62  08.35  305.2  009.26  26.647  1020.301  1483.10 
2025 01 22 08 40 12.00  30.490  10.928  0002.11  06.70  08.34  305.2  009.26  26.656  1020.309  1483.11 
2025 01 22 08 40 12.12  30.500  10.929  0002.12  06.69  08.34  305.2  009.26  26.665  1020.315  1483.12 
2025 01 22 08 40 12.25  30.503  10.928  0002.11  06.73  08.35  305.2  009.26  26.668  1020.318  1483.12 
2025 01 22 08 40 12.37  30.503  10.929  0002.11  06.77  08.35  305.2  009.26  26.668  1020.318  1483.12 
2025 01 22 08 40 12.50  30.503  10.928  0002.09  06.75  08.35  305.2  009.26  26.668  1020.318  1483.12 
2025 01 22 08 40 12.62  30.497  10.930  0002.08  06.66  08.35  305.2  009.26  26.662  1020.313  1483.12 
2025 01 22 08 40 12.75  30.490  10.930  0002.08  06.66  08.35  305.2  009.26  26.655  1020.307  1483.11 
2025 01 22 08 40 12.87  30.489  10.931  0002.07  06.74  08.35  305.2  009.26  26.653  1020.306  1483.11 
2025 01 22 08 40 13.00  30.485  10.931  0002.08  06.81  08.35  305.2  009.26  26.649  1020.303  1483.11 
2025 01 22 08 40 13.12  30.488  10.930  0002.09  06.69  08.35  305.4  009.26  26.652  1020.305  1483.11 
2025 01 22 08 40 13.25  30.496  10.929  0002.11  06.53  08.35  305.4  009.26  26.661  1020.313  1483.12 
2025 01 22 08 40 13.37  30.504  10.929  0002.13  06.60  08.35  305.4  009.26  26.668  1020.318  1483.12 
2025 01 22 08 40 13.50  30.506  10.929  0002.15  06.75  08.35  305.4  009.26  26.671  1020.320  1483.13 
2025 01 22 08 40 13.62  30.504  10.929  0002.17  06.77  08.35  305.4  009.26  26.668  1020.318  1483.13 
2025 01 22 08 40 13.75  30.501  10.929  0002.17  06.50  08.35  305.4  009.26  26.666  1020.317  1483.12 
2025 01 22 08 40 13.87  30.496  10.928  0002.19  06.34  08.35  305.4  009.26  26.662  1020.314  1483.11 
2025 01 22 08 40 14.00  30.500  10.929  0002.16  06.31  08.35  305.4  009.26  26.665  1020.316  1483.12 
2025 01 22 08 40 14.12  30.526  10.930  0002.14  06.26  08.35  305.4  009.26  26.689  1020.334  1483.15 
2025 01 22 08 40 14.25  30.582  10.927  0002.10  06.28  08.34  305.4  009.26  26.746  1020.379  1483.21 
2025 01 22 08 40 14.37  30.605  10.925  0002.07  06.20  08.34  305.4  009.26  26.769  1020.397  1483.23 
2025 01 22 08 40 14.50  30.613  10.924  0002.07  06.29  08.34  305.4  009.26  26.777  1020.403  1483.24 
2025 01 22 08 40 14.62  30.641  10.920  0002.06  06.28  08.34  305.4  009.26  26.808  1020.428  1483.26 
2025 01 22 08 40 14.75  30.657  10.920  0002.06  06.46  08.35  305.4  009.26  26.824  1020.440  1483.28 
2025 01 22 08 40 14.87  30.657  10.921  0002.06  06.62  08.34  305.4  009.26  26.822  1020.439  1483.28 
2025 01 22 08 40 15.00  30.648  10.923  0002.09  06.82  08.34  305.4  009.26  26.813  1020.432  1483.27 
2025 01 22 08 40 15.12  30.635  10.923  0002.10  06.97  08.34  305.4  009.26  26.799  1020.421  1483.26 
2025 01 22 08 40 15.25  30.610  10.924  0002.11  07.29  08.35  305.4  009.26  26.775  1020.402  1483.24 
2025 01 22 08 40 15.37  30.593  10.926  0002.13  07.09  08.35  305.4  009.26  26.757  1020.388  1483.22 
2025 01 22 08 40 15.50  30.577  10.925  0002.14  06.87  08.35  305.4  009.26  26.742  1020.376  1483.20 
2025 01 22 08 40 15.62  30.561  10.926  0002.14  06.71  08.35  305.4  009.26  26.726  1020.363  1483.18 
2025 01 22 08 40 15.75  30.562  10.928  0002.16  06.56  08.35  305.4  009.26  26.726  1020.363  1483.19 
2025 01 22 08 40 15.87  30.575  10.927  0002.15  06.37  08.35  305.4  009.26  26.739  1020.374  1483.20 
2025 01 22 08 40 16.00  30.596  10.925  0002.13  06.40  08.35  305.4  009.26  26.760  1020.390  1483.22 
2025 01 22 08 40 16.12  30.611  10.924  0002.13  06.48  08.34  305.7  009.26  26.776  1020.403  1483.24 
2025 01 22 08 40 16.25  30.620  10.923  0002.14  06.45  08.34  305.7  009.26  26.785  1020.410  1483.24 
2025 01 22 08 40 16.37  30.628  10.924  0002.13  06.35  08.34  305.7  009.26  26.792  1020.415  1483.26 
2025 01 22 08 40 16.50  30.633  10.922  0002.13  06.35  08.35  305.7  009.26  26.799  1020.421  1483.26 
2025 01 22 08 40 16.62  30.636  10.921  0002.10  06.47  08.35  305.7  009.26  26.802  1020.424  1483.26 
2025 01 22 08 40 16.75  30.639  10.921  0002.10  06.50  08.35  305.7  009.26  26.805  1020.425  1483.26 
2025 01 22 08 40 16.87  30.637  10.922  0002.10  06.43  08.35  305.7  009.26  26.803  1020.424  1483.26 
2025 01 22 08 40 17.00  30.632  10.924  0002.10  06.59  08.35  305.7  009.26  26.796  1020.418  1483.26 
2025 01 22 08 40 17.12  30.628  10.925  0002.09  06.67  08.35  305.7  009.26  26.791  1020.414  1483.26 
2025 01 22 08 40 17.25  30.623  10.926  0002.09  06.68  08.35  305.7  009.26  26.786  1020.410  1483.25 
2025 01 22 08 40 17.37  30.608  10.926  0002.12  06.63  08.35  305.7  009.26  26.772  1020.399  1483.24 
2025 01 22 08 40 17.50  30.595  10.927  0002.12  06.79  08.35  305.7  009.26  26.758  1020.388  1483.23 
2025 01 22 08 40 17.62  30.582  10.929  0002.13  06.73  08.35  305.7  009.26  26.744  1020.377  1483.21 
2025 01 22 08 40 17.75  30.554  10.928  0002.14  06.72  08.35  305.7  009.26  26.717  1020.357  1483.18 
2025 01 22 08 40 17.87  30.527  10.929  0002.16  06.68  08.35  305.7  009.26  26.691  1020.336  1483.15 
2025 01 22 08 40 18.00  30.504  10.929  0002.17  06.77  08.34  305.7  009.26  26.669  1020.320  1483.13 
2025 01 22 08 40 18.12  30.490  10.928  0002.16  06.72  08.34  305.7  009.26  26.656  1020.309  1483.11 
2025 01 22 08 40 18.25  30.493  10.927  0002.16  06.67  08.35  305.7  009.26  26.659  1020.312  1483.11 
2025 01 22 08 40 18.37  30.500  10.930  0002.16  06.57  08.35  305.7  009.26  26.664  1020.315  1483.12 
2025 01 22 08 40 18.50  30.513  10.928  0002.15  06.55  08.35  305.7  009.26  26.678  1020.326  1483.13 
2025 01 22 08 40 18.62  30.525  10.928  0002.15  06.62  08.35  305.7  009.26  26.690  1020.335  1483.15 
2025 01 22 08 40 18.75  30.528  10.928  0002.13  06.53  08.35  305.7  009.26  26.693  1020.338  1483.15 
2025 01 22 08 40 18.87  30.533  10.927  0002.12  06.47  08.35  305.7  009.26  26.698  1020.341  1483.15 
2025 01 22 08 40 19.00  30.541  10.928  0002.11  06.50  08.35  305.7  009.26  26.705  1020.347  1483.17 
2025 01 22 08 40 19.12  30.552  10.928  0002.09  06.59  08.35  305.7  009.26  26.716  1020.355  1483.18 
2025 01 22 08 40 19.25  30.573  10.926  0002.10  06.55  08.35  305.7  009.26  26.738  1020.373  1483.20 
2025 01 22 08 40 19.37  30.596  10.925  0002.11  06.54  08.35  305.7  009.26  26.761  1020.391  1483.22 
2025 01 22 08 40 19.50  30.595  10.924  0002.11  06.66  08.35  305.7  009.26  26.761  1020.391  1483.22 
2025 01 22 08 40 19.62  30.585  10.925  0002.14  06.69  08.35  305.7  009.26  26.750  1020.382  1483.21 
2025 01 22 08 40 19.75  30.579  10.926  0002.15  06.82  08.35  305.7  009.26  26.744  1020.378  1483.20 
2025 01 22 08 40 19.87  30.568  10.926  0002.17  07.28  08.34  305.7  009.26  26.733  1020.369  1483.19 
2025 01 22 08 40 20.00  30.558  10.927  0002.18  07.24  08.34  305.7  009.26  26.722  1020.361  1483.18 
2025 01 22 08 40 20.12  30.545  10.928  0002.19  06.99  08.34  305.7  009.26  26.709  1020.350  1483.17 
2025 01 22 08 40 20.25  30.530  10.928  0002.20  06.73  08.34  305.7  009.26  26.695  1020.339  1483.15 
2025 01 22 08 40 20.37  30.521  10.928  0002.19  06.78  08.34  305.7  009.26  26.686  1020.332  1483.14 
2025 01 22 08 40 20.50  30.518  10.928  0002.18  06.77  08.34  305.7  009.26  26.683  1020.330  1483.14 
2025 01 22 08 40 20.62  30.514  10.929  0002.15  06.70  08.34  305.7  009.26  26.678  1020.326  1483.14 
2025 01 22 08 40 20.75  30.504  10.929  0002.11  06.81  08.34  305.7  009.29  26.669  1020.319  1483.12 
2025 01 22 08 40 20.87  30.495  10.929  0002.08  06.89  08.34  305.7  009.26  26.660  1020.312  1483.11 
2025 01 22 08 40 21.00  30.504  10.929  0002.06  06.83  08.33  305.7  009.26  26.668  1020.318  1483.12 
2025 01 22 08 40 21.12  30.522  10.928  0002.06  06.81  08.34  305.7  009.26  26.687  1020.333  1483.14 
2025 01 22 08 40 21.25  30.527  10.928  0002.07  06.78  08.34  305.7  009.26  26.692  1020.337  1483.15 
2025 01 22 08 40 21.37  30.495  10.931  0002.11  06.82  08.34  305.7  009.26  26.658  1020.310  1483.12 
2025 01 22 08 40 21.50  30.471  10.933  0002.12  06.91  08.34  305.7  009.26  26.634  1020.291  1483.10 
2025 01 22 08 40 21.62  30.481  10.931  0002.15  06.91  08.34  305.7  009.26  26.645  1020.300  1483.11 
2025 01 22 08 40 21.75  30.493  10.929  0002.18  06.81  08.34  305.7  009.26  26.658  1020.311  1483.11 
2025 01 22 08 40 21.87  30.504  10.929  0002.19  06.72  08.34  305.7  009.26  26.669  1020.320  1483.13 
2025 01 22 08 40 22.00  30.513  10.928  0002.19  06.64  08.35  305.7  009.26  26.679  1020.327  1483.13 
2025 01 22 08 40 22.12  30.510  10.928  0002.17  06.73  08.34  305.9  009.26  26.675  1020.324  1483.13 
2025 01 22 08 40 22.25  30.544  10.927  0002.15  06.84  08.34  305.9  009.26  26.709  1020.350  1483.17 
2025 01 22 08 40 22.37  30.578  10.926  0002.11  06.74  08.34  305.9  009.26  26.742  1020.376  1483.20 
2025 01 22 08 40 22.50  30.571  10.927  0002.07  06.93  08.34  305.9  009.26  26.735  1020.370  1483.20 
2025 01 22 08 40 22.62  30.570  10.927  0002.01  07.00  08.34  305.9  009.26  26.734  1020.370  1483.19 
2025 01 22 08 40 22.75  30.562  10.928  0001.99  07.07  08.34  305.9  009.26  26.726  1020.362  1483.19 
2025 01 22 08 40 22.87  30.562  10.927  0001.98  07.31  08.34  305.9  009.26  26.727  1020.363  1483.19 
2025 01 22 08 40 23.00  30.566  10.927  0001.98  07.42  08.35  305.9  009.26  26.731  1020.366  1483.19 
2025 01 22 08 40 23.12  30.538  10.928  0002.03  07.39  08.34  305.9  009.26  26.702  1020.344  1483.16 
2025 01 22 08 40 23.25  30.481  10.933  0002.05  07.17  08.35  305.9  009.26  26.644  1020.298  1483.11 
2025 01 22 08 40 23.37  30.463  10.934  0002.10  07.01  08.34  305.9  009.26  26.626  1020.285  1483.09 
2025 01 22 08 40 23.50  30.509  10.928  0002.15  06.75  08.34  305.9  009.26  26.674  1020.323  1483.13 
2025 01 22 08 40 23.62  30.552  10.927  0002.16  06.59  08.34  305.9  009.26  26.717  1020.357  1483.18 
2025 01 22 08 40 23.75  30.529  10.929  0002.19  06.46  08.34  305.9  009.26  26.693  1020.338  1483.15 
2025 01 22 08 40 23.87  30.496  10.929  0002.17  06.63  08.34  305.9  009.26  26.661  1020.313  1483.12 
2025 01 22 08 40 24.00  30.504  10.930  0002.13  06.72  08.33  305.9  009.26  26.668  1020.318  1483.13 
2025 01 22 08 40 24.12  30.540  10.927  0002.07  06.76  08.34  305.9  009.26  26.705  1020.347  1483.16 
2025 01 22 08 40 24.25  30.548  10.927  0002.03  06.86  08.34  305.9  009.26  26.713  1020.353  1483.17 
2025 01 22 08 40 24.37  30.549  10.928  0001.99  06.81  08.34  305.9  009.26  26.713  1020.352  1483.17 
2025 01 22 08 40 24.50  30.545  10.927  0001.97  06.88  08.34  305.9  009.26  26.709  1020.350  1483.17 
2025 01 22 08 40 24.62  30.542  10.929  0001.97  07.03  08.34  305.9  009.26  26.705  1020.346  1483.17 
2025 01 22 08 40 24.75  30.532  10.928  0001.97  06.80  08.35  305.9  009.26  26.696  1020.340  1483.15 
2025 01 22 08 40 24.87  30.484  10.931  0002.00  06.64  08.35  305.9  009.26  26.648  1020.301  1483.11 
2025 01 22 08 40 25.00  30.431  10.934  0002.02  06.64  08.35  305.9  009.26  26.595  1020.260  1483.05 
2025 01 22 08 40 25.12  30.424  10.934  0002.09  06.58  08.35  305.6  009.26  26.588  1020.255  1483.05 
2025 01 22 08 40 25.25  30.468  10.930  0002.10  06.55  08.35  305.6  009.26  26.633  1020.291  1483.09 
2025 01 22 08 40 25.37  30.481  10.928  0002.13  06.50  08.34  305.6  009.26  26.647  1020.302  1483.10 
2025 01 22 08 40 25.50  30.453  10.933  0002.15  06.47  08.34  305.6  009.26  26.616  1020.277  1483.08 
2025 01 22 08 40 25.62  30.436  10.933  0002.17  06.53  08.34  305.6  009.26  26.600  1020.265  1483.06 
2025 01 22 08 40 25.75  30.461  10.930  0002.13  06.49  08.34  305.6  009.26  26.626  1020.285  1483.08 
2025 01 22 08 40 25.87  30.547  10.927  0002.11  06.54  08.34  305.6  009.26  26.712  1020.353  1483.17 
2025 01 22 08 40 26.00  30.584  10.927  0002.08  06.84  08.34  305.6  009.26  26.747  1020.380  1483.21 
2025 01 22 08 40 26.12  30.593  10.928  0002.06  06.90  08.34  305.6  009.26  26.755  1020.386  1483.22 
2025 01 22 08 40 26.25  30.601  10.926  0002.02  06.92  08.34  305.6  009.26  26.765  1020.393  1483.23 
2025 01 22 08 40 26.37  30.608  10.926  0002.01  06.93  08.34  305.6  009.26  26.771  1020.398  1483.24 
2025 01 22 08 40 26.50  30.614  10.924  0002.01  06.94  08.34  305.6  009.26  26.779  1020.404  1483.24 
2025 01 22 08 40 26.62  30.620  10.923  0002.02  06.86  08.34  305.6  009.26  26.785  1020.409  1483.24 
2025 01 22 08 40 26.75  30.618  10.926  0002.05  06.98  08.34  305.6  009.26  26.781  1020.406  1483.25 
2025 01 22 08 40 26.87  30.611  10.928  0002.06  07.00  08.34  305.6  009.26  26.773  1020.400  1483.24 
2025 01 22 08 40 27.00  30.605  10.926  0002.08  06.83  08.33  305.6  009.26  26.769  1020.396  1483.24 
2025 01 22 08 40 27.12  30.606  10.926  0002.11  06.77  08.34  305.6  009.26  26.770  1020.398  1483.24 
2025 01 22 08 40 27.25  30.609  10.927  0002.13  06.71  08.34  305.6  009.26  26.771  1020.399  1483.24 
2025 01 22 08 40 27.37  30.616  10.927  0002.15  06.87  08.34  305.6  009.26  26.778  1020.404  1483.25 
2025 01 22 08 40 27.50  30.618  10.926  0002.14  06.76  08.34  305.6  009.26  26.781  1020.407  1483.25 
2025 01 22 08 40 27.62  30.658  10.924  0002.13  06.49  08.34  305.6  009.26  26.821  1020.437  1483.29 
2025 01 22 08 40 27.75  30.757  10.920  0002.13  06.32  08.34  305.6  009.26  26.919  1020.515  1483.39 
2025 01 22 08 40 27.87  30.846  10.917  0002.08  06.29  08.34  305.6  009.26  27.008  1020.584  1483.49 
2025 01 22 08 40 28.00  30.890  10.915  0002.06  06.26  08.34  305.6  009.26  27.052  1020.618  1483.53 
2025 01 22 08 40 28.12  30.894  10.915  0002.05  06.31  08.34  305.7  009.26  27.056  1020.621  1483.54 
2025 01 22 08 40 28.25  30.889  10.914  0002.07  06.46  08.34  305.7  009.26  27.051  1020.618  1483.53 
2025 01 22 08 40 28.37  30.898  10.913  0002.07  06.49  08.34  305.7  009.26  27.061  1020.626  1483.54 
2025 01 22 08 40 28.50  30.899  10.914  0002.09  06.57  08.34  305.7  009.26  27.062  1020.626  1483.54 
2025 01 22 08 40 28.62  30.894  10.914  0002.13  06.64  08.34  305.7  009.26  27.056  1020.622  1483.54 
2025 01 22 08 40 28.75  30.878  10.914  0002.13  06.62  08.34  305.7  009.26  27.042  1020.611  1483.52 
2025 01 22 08 40 28.87  30.855  10.915  0002.15  06.58  08.34  305.7  009.26  27.019  1020.593  1483.49 
2025 01 22 08 40 29.00  30.828  10.916  0002.13  06.53  08.34  305.7  009.26  26.991  1020.571  1483.47 
2025 01 22 08 40 29.12  30.800  10.918  0002.14  06.36  08.34  305.7  009.26  26.963  1020.549  1483.44 
2025 01 22 08 40 29.25  30.774  10.918  0002.16  06.27  08.34  305.7  009.26  26.938  1020.529  1483.41 
2025 01 22 08 40 29.37  30.750  10.920  0002.11  06.18  08.34  305.7  009.26  26.913  1020.510  1483.39 
2025 01 22 08 40 29.50  30.759  10.919  0002.09  06.09  08.34  305.7  009.26  26.923  1020.517  1483.39 
2025 01 22 08 40 29.62  30.765  10.919  0002.07  06.14  08.34  305.7  009.29  26.929  1020.522  1483.40 
2025 01 22 08 40 29.75  30.767  10.919  0002.04  06.18  08.34  305.7  009.26  26.930  1020.523  1483.40 
2025 01 22 08 40 29.87  30.772  10.918  0002.06  06.21  08.34  305.7  009.26  26.935  1020.527  1483.41 
2025 01 22 08 40 30.00  30.771  10.918  0002.06  06.41  08.33  305.7  009.26  26.935  1020.527  1483.41 
2025 01 22 08 40 30.12  30.768  10.919  0002.10  06.43  08.34  305.7  009.26  26.931  1020.524  1483.40 
2025 01 22 08 40 30.25  30.757  10.919  0002.13  06.52  08.34  305.7  009.26  26.921  1020.516  1483.39 
2025 01 22 08 40 30.37  30.750  10.921  0002.15  06.73  08.34  305.7  009.26  26.913  1020.510  1483.39 
2025 01 22 08 40 30.50  30.758  10.920  0002.18  07.05  08.34  305.7  009.26  26.921  1020.516  1483.40 
2025 01 22 08 40 30.62  30.757  10.919  0002.18  07.14  08.34  305.7  009.26  26.920  1020.516  1483.39 
2025 01 22 08 40 30.75  30.745  10.920  0002.19  06.87  08.34  305.7  009.26  26.908  1020.506  1483.38 
2025 01 22 08 40 30.87  30.733  10.919  0002.19  06.51  08.34  305.7  009.26  26.897  1020.498  1483.36 
2025 01 22 08 40 31.00  30.746  10.918  0002.15  06.29  08.34  305.7  009.26  26.911  1020.508  1483.38 
2025 01 22 08 40 31.12  30.744  10.921  0002.11  06.42  08.34  306.1  009.26  26.907  1020.505  1483.38 
2025 01 22 08 40 31.25  30.722  10.922  0002.08  06.31  08.34  306.1  009.29  26.885  1020.488  1483.36 
2025 01 22 08 40 31.37  30.730  10.922  0002.05  06.37  08.34  306.1  009.26  26.893  1020.494  1483.37 
2025 01 22 08 40 31.50  30.742  10.921  0002.00  06.57  08.34  306.1  009.26  26.905  1020.502  1483.38 
2025 01 22 08 40 31.62  30.742  10.920  0001.99  06.67  08.34  306.1  009.29  26.905  1020.503  1483.38 
2025 01 22 08 40 31.75  30.745  10.919  0001.99  07.45  08.34  306.1  009.26  26.909  1020.506  1483.38 
2025 01 22 08 40 31.87  30.732  10.921  0002.01  07.72  08.34  306.1  009.26  26.895  1020.495  1483.37 
2025 01 22 08 40 32.00  30.644  10.928  0002.01  07.30  08.34  306.1  009.26  26.805  1020.424  1483.28 
2025 01 22 08 40 32.12  30.562  10.930  0002.03  07.55  08.34  306.1  009.26  26.724  1020.361  1483.20 
2025 01 22 08 40 32.25  30.536  10.930  0002.06  07.33  08.34  306.1  009.26  26.699  1020.342  1483.16 
2025 01 22 08 40 32.37  30.547  10.928  0002.09  07.03  08.34  306.1  009.26  26.711  1020.352  1483.17 
2025 01 22 08 40 32.50  30.556  10.927  0002.12  06.87  08.34  306.1  009.26  26.721  1020.359  1483.18 
2025 01 22 08 40 32.62  30.554  10.928  0002.14  06.65  08.34  306.1  009.26  26.718  1020.357  1483.18 
2025 01 22 08 40 32.75  30.558  10.928  0002.17  06.62  08.34  306.1  009.26  26.722  1020.360  1483.18 
2025 01 22 08 40 32.87  30.555  10.927  0002.13  06.45  08.34  306.1  009.26  26.720  1020.359  1483.18 
2025 01 22 08 40 33.00  30.574  10.927  0002.12  06.28  08.33  306.1  009.26  26.738  1020.373  1483.20 
2025 01 22 08 40 33.12  30.597  10.927  0002.08  06.31  08.34  306.1  009.26  26.760  1020.390  1483.23 
2025 01 22 08 40 33.25  30.601  10.927  0002.04  06.45  08.34  306.1  009.26  26.764  1020.392  1483.23 
2025 01 22 08 40 33.37  30.618  10.926  0002.00  06.41  08.34  306.1  009.26  26.781  1020.406  1483.25 
2025 01 22 08 40 33.50  30.624  10.925  0001.99  06.49  08.34  306.1  009.26  26.787  1020.411  1483.25 
2025 01 22 08 40 33.62  30.627  10.926  0001.94  06.55  08.34  306.1  009.26  26.790  1020.412  1483.26 
2025 01 22 08 40 33.75  30.621  10.926  0001.94  06.79  08.34  306.1  009.26  26.784  1020.408  1483.25 
2025 01 22 08 40 33.87  30.602  10.928  0001.95  07.08  08.34  306.1  009.26  26.764  1020.392  1483.23 
2025 01 22 08 40 34.00  30.532  10.931  0001.96  07.29  08.35  306.1  009.26  26.695  1020.338  1483.16 
2025 01 22 08 40 34.12  30.406  10.940  0001.98  07.28  08.34  306.0  009.26  26.566  1020.236  1483.04 
2025 01 22 08 40 34.25  30.351  10.939  0002.01  07.33  08.34  306.0  009.26  26.514  1020.197  1482.98 
2025 01 22 08 40 34.37  30.442  10.932  0002.07  07.18  08.34  306.0  009.26  26.607  1020.270  1483.06 
2025 01 22 08 40 34.50  30.538  10.927  0002.10  06.92  08.34  306.0  009.26  26.703  1020.345  1483.16 
2025 01 22 08 40 34.62  30.570  10.927  0002.14  06.73  08.34  306.0  009.26  26.734  1020.369  1483.20 
2025 01 22 08 40 34.75  30.548  10.929  0002.14  06.44  08.34  306.0  009.26  26.712  1020.352  1483.18 
2025 01 22 08 40 34.87  30.506  10.930  0002.13  06.34  08.34  306.0  009.26  26.670  1020.319  1483.13 
2025 01 22 08 40 35.00  30.477  10.931  0002.12  06.28  08.34  306.0  009.26  26.641  1020.297  1483.10 
2025 01 22 08 40 35.12  30.511  10.928  0002.07  06.27  08.34  306.0  009.26  26.677  1020.325  1483.13 
2025 01 22 08 40 35.25  30.539  10.928  0002.04  06.62  08.34  306.0  009.26  26.704  1020.346  1483.16 
2025 01 22 08 40 35.37  30.554  10.927  0002.01  06.85  08.34  306.0  009.26  26.719  1020.357  1483.18 
2025 01 22 08 40 35.50  30.558  10.928  0001.97  07.01  08.34  306.0  009.26  26.722  1020.360  1483.18 
2025 01 22 08 40 35.62  30.553  10.928  0001.95  07.04  08.34  306.0  009.26  26.717  1020.356  1483.18 
2025 01 22 08 40 35.75  30.526  10.927  0001.92  06.93  08.34  306.0  009.26  26.691  1020.335  1483.14 
2025 01 22 08 40 35.87  30.517  10.928  0001.91  06.79  08.34  306.0  009.26  26.682  1020.328  1483.14 
2025 01 22 08 40 36.00  30.480  10.932  0001.93  06.72  08.33  306.0  009.26  26.644  1020.298  1483.10 
2025 01 22 08 40 36.12  30.408  10.936  0001.93  06.72  08.34  306.0  009.26  26.572  1020.241  1483.03 
2025 01 22 08 40 36.25  30.386  10.937  0001.97  06.71  08.34  306.0  009.26  26.549  1020.223  1483.01 
2025 01 22 08 40 36.37  30.390  10.936  0002.01  06.73  08.34  306.0  009.26  26.554  1020.228  1483.01 
2025 01 22 08 40 36.50  30.443  10.931  0002.04  06.62  08.34  306.0  009.26  26.608  1020.271  1483.06 
2025 01 22 08 40 36.62  30.489  10.929  0002.08  06.64  08.34  306.0  009.26  26.655  1020.308  1483.11 
2025 01 22 08 40 36.75  30.512  10.927  0002.10  06.88  08.34  306.0  009.26  26.678  1020.326  1483.13 
2025 01 22 08 40 36.87  30.501  10.930  0002.14  06.65  08.34  306.0  009.26  26.665  1020.316  1483.13 
2025 01 22 08 40 37.00  30.482  10.930  0002.15  06.46  08.34  306.0  009.26  26.647  1020.302  1483.10 
2025 01 22 08 40 37.12  30.476  10.931  0002.13  06.30  08.34  305.8  009.26  26.640  1020.296  1483.10 
2025 01 22 08 40 37.25  30.496  10.929  0002.10  06.27  08.34  305.8  009.26  26.661  1020.313  1483.12 
2025 01 22 08 40 37.37  30.519  10.928  0002.03  06.36  08.34  305.8  009.26  26.684  1020.330  1483.14 
2025 01 22 08 40 37.50  30.535  10.929  0002.00  06.53  08.34  305.8  009.26  26.698  1020.341  1483.16 
2025 01 22 08 40 37.62  30.538  10.928  0001.95  06.51  08.34  305.8  009.26  26.702  1020.344  1483.16 
2025 01 22 08 40 37.75  30.535  10.928  0001.93  06.57  08.34  305.8  009.26  26.700  1020.342  1483.16 
2025 01 22 08 40 37.87  30.532  10.928  0001.92  06.69  08.34  305.8  009.26  26.696  1020.339  1483.15 
2025 01 22 08 40 38.00  30.534  10.928  0001.90  07.02  08.34  305.8  009.26  26.699  1020.341  1483.15 
2025 01 22 08 40 38.12  30.529  10.928  0001.94  07.07  08.34  305.8  009.26  26.694  1020.337  1483.15 
2025 01 22 08 40 38.25  30.504  10.929  0001.96  07.19  08.34  305.8  009.26  26.669  1020.319  1483.12 
2025 01 22 08 40 38.37  30.465  10.932  0002.03  07.46  08.34  305.8  009.26  26.629  1020.287  1483.08 
2025 01 22 08 40 38.50  30.437  10.934  0002.08  07.48  08.34  305.8  009.26  26.600  1020.265  1483.06 
2025 01 22 08 40 38.62  30.490  10.930  0002.17  07.36  08.34  305.8  009.26  26.655  1020.308  1483.11 
2025 01 22 08 40 38.75  30.578  10.927  0002.21  07.08  08.34  305.8  009.26  26.742  1020.376  1483.21 
2025 01 22 08 40 38.87  30.626  10.925  0002.25  06.87  08.34  305.8  009.26  26.790  1020.414  1483.26 
2025 01 22 08 40 39.00  30.628  10.926  0002.25  06.72  08.33  305.8  009.26  26.791  1020.415  1483.26 
2025 01 22 08 40 39.12  30.589  10.928  0002.29  06.62  08.34  305.8  009.26  26.752  1020.384  1483.22 
2025 01 22 08 40 39.25  30.558  10.928  0002.30  06.51  08.34  305.8  009.26  26.722  1020.361  1483.19 
2025 01 22 08 40 39.37  30.570  10.927  0002.32  06.49  08.34  305.8  009.26  26.734  1020.370  1483.20 
2025 01 22 08 40 39.50  30.602  10.927  0002.32  06.43  08.34  305.8  009.26  26.765  1020.395  1483.24 
2025 01 22 08 40 39.62  30.611  10.928  0002.34  06.28  08.34  305.8  009.26  26.773  1020.401  1483.25 
2025 01 22 08 40 39.75  30.610  10.926  0002.32  06.25  08.34  305.8  009.26  26.773  1020.401  1483.24 
2025 01 22 08 40 39.87  30.662  10.926  0002.31  06.19  08.34  305.8  009.26  26.824  1020.440  1483.30 
2025 01 22 08 40 40.00  30.734  10.924  0002.30  06.19  08.34  305.8  009.26  26.894  1020.496  1483.38 
2025 01 22 08 40 40.12  30.778  10.921  0002.33  06.34  08.34  305.7  009.26  26.940  1020.531  1483.42 
2025 01 22 08 40 40.25  30.912  10.913  0002.39  06.39  08.34  305.7  009.26  27.074  1020.637  1483.56 
2025 01 22 08 40 40.37  31.148  10.901  0002.45  06.35  08.34  305.7  009.26  27.312  1020.824  1483.80 
2025 01 22 08 40 40.50  31.307  10.900  0002.55  06.29  08.34  305.7  009.26  27.466  1020.945  1483.99 
2025 01 22 08 40 40.62  31.428  10.901  0002.63  06.17  08.34  305.7  009.26  27.584  1021.036  1484.13 
2025 01 22 08 40 40.75  31.506  10.895  0002.75  06.15  08.33  305.7  009.26  27.664  1021.100  1484.21 
2025 01 22 08 40 40.87  31.524  10.885  0002.85  06.24  08.33  305.7  009.26  27.688  1021.121  1484.20 
2025 01 22 08 40 41.00  31.525  10.873  0002.94  06.53  08.33  305.7  009.26  27.699  1021.131  1484.17 
2025 01 22 08 40 41.12  31.519  10.855  0003.04  06.59  08.34  305.7  009.26  27.707  1021.141  1484.12 
2025 01 22 08 40 41.25  31.516  10.845  0003.12  06.43  08.34  305.7  009.26  27.711  1021.146  1484.09 
2025 01 22 08 40 41.37  31.516  10.825  0003.16  06.25  08.34  305.7  009.26  27.726  1021.161  1484.04 
2025 01 22 08 40 41.50  31.517  10.820  0003.20  06.19  08.34  305.7  009.26  27.730  1021.166  1484.03 
2025 01 22 08 40 41.62  31.515  10.848  0003.23  06.35  08.34  305.7  009.26  27.708  1021.144  1484.10 
2025 01 22 08 40 41.75  31.515  10.848  0003.23  06.50  08.34  305.7  009.26  27.708  1021.144  1484.10 
2025 01 22 08 40 41.87  31.514  10.838  0003.24  06.47  08.34  305.7  009.26  27.713  1021.150  1484.07 
2025 01 22 08 40 42.00  31.506  10.840  0003.23  06.67  08.33  305.7  009.26  27.705  1021.143  1484.07 
2025 01 22 08 40 42.12  31.505  10.838  0003.27  06.66  08.33  305.7  009.26  27.705  1021.144  1484.06 
2025 01 22 08 40 42.25  31.508  10.837  0003.32  06.64  08.34  305.7  009.26  27.709  1021.147  1484.06 
2025 01 22 08 40 42.37  31.514  10.820  0003.37  06.69  08.34  305.7  009.26  27.728  1021.165  1484.03 
2025 01 22 08 40 42.50  31.522  10.805  0003.46  06.75  08.34  305.7  009.26  27.747  1021.182  1484.00 
2025 01 22 08 40 42.62  31.523  10.795  0003.55  06.70  08.34  305.7  009.26  27.755  1021.191  1483.97 
2025 01 22 08 40 42.75  31.521  10.779  0003.65  06.54  08.34  305.7  009.26  27.765  1021.202  1483.93 
2025 01 22 08 40 42.87  31.520  10.744  0003.73  06.73  08.34  305.7  009.26  27.790  1021.227  1483.84 
2025 01 22 08 40 43.00  31.522  10.724  0003.82  07.11  08.34  305.7  009.26  27.809  1021.245  1483.78 
2025 01 22 08 40 43.12  31.527  10.714  0003.93  07.34  08.33  307.7  009.26  27.821  1021.257  1483.77 
2025 01 22 08 40 43.25  31.530  10.704  0004.04  07.37  08.33  307.7  009.26  27.831  1021.267  1483.74 
2025 01 22 08 40 43.37  31.538  10.704  0004.13  07.64  08.33  307.7  009.26  27.839  1021.273  1483.76 
2025 01 22 08 40 43.50  31.546  10.706  0004.24  07.76  08.33  307.7  009.26  27.845  1021.279  1483.77 
2025 01 22 08 40 43.62  31.545  10.696  0004.34  07.79  08.32  307.7  009.26  27.852  1021.286  1483.75 
2025 01 22 08 40 43.75  31.540  10.685  0004.43  07.59  08.32  307.7  009.26  27.854  1021.290  1483.71 
2025 01 22 08 40 43.87  31.544  10.684  0004.55  07.61  08.32  307.7  009.26  27.859  1021.295  1483.72 
2025 01 22 08 40 44.00  31.558  10.684  0004.65  07.62  08.32  307.7  009.26  27.873  1021.306  1483.73 
2025 01 22 08 40 44.12  31.570  10.681  0004.74  07.68  08.32  307.7  009.26  27.888  1021.318  1483.74 
2025 01 22 08 40 44.25  31.579  10.670  0004.84  07.59  08.32  307.7  009.26  27.904  1021.333  1483.72 
2025 01 22 08 40 44.37  31.580  10.662  0004.90  07.56  08.32  307.7  009.26  27.912  1021.340  1483.71 
2025 01 22 08 40 44.50  31.584  10.652  0005.01  07.35  08.32  307.7  009.26  27.923  1021.351  1483.69 
2025 01 22 08 40 44.62  31.591  10.640  0005.09  07.29  08.32  307.7  009.26  27.939  1021.366  1483.66 
2025 01 22 08 40 44.75  31.600  10.634  0005.19  07.39  08.32  307.7  009.26  27.952  1021.378  1483.66 
2025 01 22 08 40 44.87  31.616  10.622  0005.28  07.38  08.32  307.7  009.26  27.977  1021.399  1483.65 
2025 01 22 08 40 45.00  31.658  10.614  0005.40  06.97  08.31  307.7  009.26  28.024  1021.438  1483.67 
2025 01 22 08 40 45.12  31.697  10.608  0005.52  06.41  08.31  307.7  009.26  28.068  1021.473  1483.71 
2025 01 22 08 40 45.25  31.746  10.603  0005.66  06.17  08.31  307.7  009.26  28.119  1021.515  1483.75 
2025 01 22 08 40 45.37  31.820  10.604  0005.81  05.82  08.31  307.7  009.26  28.191  1021.571  1483.84 
2025 01 22 08 40 45.50  31.846  10.590  0005.94  05.60  08.31  307.7  009.26  28.227  1021.602  1483.84 
2025 01 22 08 40 45.62  31.846  10.568  0006.06  05.26  08.31  307.7  009.26  28.244  1021.619  1483.79 
2025 01 22 08 40 45.75  31.841  10.551  0006.21  05.26  08.31  307.7  009.26  28.252  1021.629  1483.74 
2025 01 22 08 40 45.87  31.840  10.541  0006.34  05.06  08.31  307.7  009.26  28.258  1021.636  1483.71 
2025 01 22 08 40 46.00  31.837  10.535  0006.50  04.86  08.32  307.7  009.26  28.260  1021.640  1483.69 
2025 01 22 08 40 46.12  31.839  10.522  0006.64  04.71  08.31  303.9  009.26  28.272  1021.651  1483.66 
2025 01 22 08 40 46.25  31.861  10.514  0006.73  04.63  08.31  303.9  009.26  28.299  1021.674  1483.67 
2025 01 22 08 40 46.37  31.910  10.492  0006.88  04.51  08.31  303.9  009.26  28.365  1021.730  1483.67 
2025 01 22 08 40 46.50  31.946  10.444  0006.97  04.51  08.31  303.9  009.26  28.438  1021.795  1483.58 
2025 01 22 08 40 46.62  31.964  10.418  0007.08  04.30  08.31  303.9  009.26  28.476  1021.829  1483.54 
2025 01 22 08 40 46.75  31.978  10.394  0007.19  04.13  08.31  303.9  009.26  28.508  1021.858  1483.49 
2025 01 22 08 40 46.87  31.987  10.378  0007.27  04.12  08.31  303.9  009.26  28.530  1021.878  1483.46 
2025 01 22 08 40 47.00  31.994  10.372  0007.39  03.82  08.31  303.9  009.26  28.542  1021.889  1483.46 
2025 01 22 08 40 47.12  31.999  10.370  0007.48  03.49  08.31  303.9  009.26  28.548  1021.894  1483.46 
2025 01 22 08 40 47.25  32.005  10.363  0007.59  03.27  08.31  303.9  009.26  28.559  1021.905  1483.45 
2025 01 22 08 40 47.37  32.019  10.349  0007.71  03.14  08.31  303.9  009.26  28.584  1021.927  1483.43 
2025 01 22 08 40 47.50  32.044  10.322  0007.82  03.11  08.31  303.9  009.26  28.629  1021.967  1483.39 
2025 01 22 08 40 47.62  32.052  10.317  0007.96  03.07  08.31  303.9  009.26  28.642  1021.978  1483.39 
2025 01 22 08 40 47.75  32.057  10.313  0008.06  02.94  08.31  303.9  009.26  28.650  1021.986  1483.38 
2025 01 22 08 40 47.87  32.060  10.306  0008.18  02.90  08.31  303.9  009.26  28.659  1021.994  1483.37 
2025 01 22 08 40 48.00  32.063  10.298  0008.30  03.04  08.30  303.9  009.26  28.667  1022.002  1483.36 
2025 01 22 08 40 48.12  32.065  10.290  0008.42  03.20  08.30  303.9  009.26  28.676  1022.011  1483.34 
2025 01 22 08 40 48.25  32.064  10.283  0008.55  03.16  08.31  303.9  009.26  28.681  1022.017  1483.32 
2025 01 22 08 40 48.37  32.066  10.279  0008.65  03.09  08.31  303.9  009.26  28.685  1022.022  1483.31 
2025 01 22 08 40 48.50  32.064  10.262  0008.79  02.99  08.31  303.9  009.26  28.697  1022.034  1483.27 
2025 01 22 08 40 48.62  32.062  10.243  0008.91  02.98  08.31  303.9  009.26  28.710  1022.047  1483.22 
2025 01 22 08 40 48.75  32.072  10.214  0009.05  02.94  08.31  303.9  009.26  28.742  1022.077  1483.15 
2025 01 22 08 40 48.87  32.102  10.162  0009.18  02.90  08.31  303.9  009.26  28.813  1022.142  1483.05 
2025 01 22 08 40 49.00  32.114  10.128  0009.32  02.97  08.31  303.9  009.26  28.852  1022.178  1482.98 
2025 01 22 08 40 49.12  32.116  10.079  0009.44  02.89  08.30  300.9  009.26  28.893  1022.219  1482.85 
2025 01 22 08 40 49.25  32.125  10.031  0009.60  02.92  08.30  300.9  009.26  28.941  1022.264  1482.73 
2025 01 22 08 40 49.37  32.146  09.993  0009.74  02.75  08.30  300.9  009.26  28.991  1022.310  1482.66 
2025 01 22 08 40 49.50  32.190  09.929  0009.90  02.63  08.30  300.9  009.26  29.087  1022.395  1482.55 
2025 01 22 08 40 49.62  32.265  09.871  0010.05  02.59  08.30  300.9  009.26  29.209  1022.500  1482.48 
2025 01 22 08 40 49.75  32.290  09.821  0010.21  02.63  08.30  300.9  009.26  29.274  1022.560  1482.38 
2025 01 22 08 40 49.87  32.309  09.798  0010.35  02.60  08.29  300.9  009.26  29.312  1022.594  1482.35 
2025 01 22 08 40 50.00  32.390  09.839  0010.51  02.44  08.29  300.9  009.26  29.360  1022.625  1482.56 
2025 01 22 08 40 50.12  32.464  09.894  0010.67  02.33  08.29  300.9  009.26  29.389  1022.640  1482.80 
2025 01 22 08 40 50.25  32.502  09.914  0010.81  02.33  08.29  300.9  009.26  29.411  1022.654  1482.90 
2025 01 22 08 40 50.37  32.530  09.937  0010.94  02.26  08.30  300.9  009.26  29.420  1022.659  1483.00 
2025 01 22 08 40 50.50  32.539  09.940  0011.11  02.51  08.30  300.9  009.26  29.427  1022.664  1483.02 
2025 01 22 08 40 50.62  32.540  09.941  0011.28  03.12  08.30  300.9  009.26  29.427  1022.665  1483.02 
2025 01 22 08 40 50.75  32.543  09.942  0011.45  02.85  08.30  300.9  009.26  29.430  1022.668  1483.03 
2025 01 22 08 40 50.87  32.550  09.942  0011.57  02.58  08.30  300.9  009.26  29.436  1022.673  1483.04 
2025 01 22 08 40 51.00  32.580  09.965  0011.74  02.37  08.29  300.9  009.26  29.447  1022.679  1483.14 
2025 01 22 08 40 51.12  32.600  09.970  0011.86  02.17  08.30  300.9  009.26  29.463  1022.692  1483.18 
2025 01 22 08 40 51.25  32.602  09.967  0012.03  02.15  08.30  300.9  009.26  29.468  1022.696  1483.18 
2025 01 22 08 40 51.37  32.600  09.965  0012.22  02.21  08.31  300.9  009.26  29.467  1022.697  1483.17 
2025 01 22 08 40 51.50  32.600  09.963  0012.35  02.25  08.31  300.9  009.26  29.469  1022.699  1483.17 
2025 01 22 08 40 51.62  32.602  09.963  0012.50  02.16  08.31  300.9  009.26  29.470  1022.701  1483.18 
2025 01 22 08 40 51.75  32.603  09.965  0012.68  02.00  08.31  300.9  009.26  29.470  1022.701  1483.19 
2025 01 22 08 40 51.87  32.606  09.967  0012.82  01.96  08.31  300.9  009.26  29.471  1022.702  1483.20 
2025 01 22 08 40 52.00  32.608  09.967  0013.00  01.97  08.31  300.9  009.26  29.473  1022.705  1483.20 
2025 01 22 08 40 52.12  32.611  09.968  0013.16  01.98  08.31  303.0  009.26  29.476  1022.707  1483.21 
2025 01 22 08 40 52.25  32.622  09.977  0013.29  02.00  08.31  303.0  009.26  29.479  1022.709  1483.25 
2025 01 22 08 40 52.37  32.638  09.984  0013.44  01.98  08.31  303.0  009.26  29.489  1022.717  1483.29 
2025 01 22 08 40 52.50  32.641  09.968  0013.61  01.92  08.31  303.0  009.26  29.505  1022.733  1483.26 
2025 01 22 08 40 52.62  32.624  09.946  0013.78  01.85  08.31  303.0  009.26  29.506  1022.737  1483.18 
2025 01 22 08 40 52.75  32.603  09.922  0013.94  01.82  08.31  303.0  009.26  29.504  1022.740  1483.09 
2025 01 22 08 40 52.87  32.594  09.907  0014.07  01.85  08.31  303.0  009.26  29.508  1022.747  1483.04 
2025 01 22 08 40 53.00  32.590  09.894  0014.23  01.88  08.31  303.0  009.26  29.514  1022.754  1483.01 
2025 01 22 08 40 53.12  32.618  09.922  0014.38  01.86  08.31  303.0  009.26  29.518  1022.753  1483.12 
2025 01 22 08 40 53.25  32.647  09.946  0014.55  01.76  08.30  303.0  009.26  29.529  1022.759  1483.22 
2025 01 22 08 40 53.37  32.674  09.968  0014.72  01.69  08.30  303.0  009.26  29.537  1022.762  1483.31 
2025 01 22 08 40 53.50  32.711  09.998  0014.85  01.68  08.30  303.0  009.26  29.551  1022.768  1483.44 
2025 01 22 08 40 53.62  32.729  10.007  0015.00  01.72  08.30  303.0  009.26  29.561  1022.776  1483.49 
2025 01 22 08 40 53.75  32.736  10.010  0015.18  01.73  08.31  303.0  009.26  29.565  1022.780  1483.51 
2025 01 22 08 40 53.87  32.739  10.006  0015.35  01.73  08.31  303.0  009.26  29.571  1022.785  1483.50 
2025 01 22 08 40 54.00  32.734  09.991  0015.51  01.76  08.30  303.0  009.26  29.578  1022.794  1483.46 
2025 01 22 08 40 54.12  32.735  09.975  0015.64  01.72  08.31  303.0  009.26  29.592  1022.808  1483.42 
2025 01 22 08 40 54.25  32.746  09.966  0015.82  01.66  08.31  303.0  009.26  29.611  1022.825  1483.41 
2025 01 22 08 40 54.37  32.752  09.966  0015.98  01.62  08.31  303.0  009.26  29.617  1022.831  1483.42 
2025 01 22 08 40 54.50  32.758  09.966  0016.13  01.64  08.31  303.0  009.26  29.623  1022.836  1483.43 
2025 01 22 08 40 54.62  32.762  09.957  0016.30  01.61  08.31  303.0  009.26  29.633  1022.846  1483.42 
2025 01 22 08 40 54.75  32.756  09.947  0016.48  01.63  08.31  303.0  009.26  29.636  1022.851  1483.38 
2025 01 22 08 40 54.87  32.742  09.916  0016.58  01.57  08.31  303.0  009.26  29.648  1022.866  1483.29 
2025 01 22 08 40 55.00  32.740  09.914  0016.76  01.54  08.31  303.0  009.26  29.648  1022.866  1483.28 
2025 01 22 08 40 55.12  32.746  09.915  0016.92  01.58  08.31  303.6  009.26  29.653  1022.871  1483.29 
2025 01 22 08 40 55.25  32.767  09.929  0017.10  01.62  08.31  303.6  009.26  29.662  1022.877  1483.36 
2025 01 22 08 40 55.37  32.788  09.944  0017.26  01.61  08.31  303.6  009.26  29.670  1022.881  1483.43 
2025 01 22 08 40 55.50  32.784  09.930  0017.40  01.57  08.31  303.6  009.26  29.678  1022.890  1483.39 
2025 01 22 08 40 55.62  32.757  09.893  0017.55  01.54  08.31  303.6  009.26  29.681  1022.899  1483.26 
2025 01 22 08 40 55.75  32.738  09.873  0017.72  01.57  08.31  303.6  009.26  29.678  1022.901  1483.19 
2025 01 22 08 40 55.87  32.720  09.845  0017.89  01.57  08.31  303.6  009.26  29.684  1022.911  1483.09 
2025 01 22 08 40 56.00  32.706  09.829  0018.05  01.50  08.31  303.6  009.26  29.682  1022.913  1483.03 
2025 01 22 08 40 56.12  32.701  09.823  0018.21  01.46  08.31  303.6  009.26  29.683  1022.915  1483.01 
2025 01 22 08 40 56.25  32.691  09.806  0018.37  01.66  08.31  303.6  009.26  29.686  1022.921  1482.96 
2025 01 22 08 40 56.37  32.661  09.748  0018.54  01.66  08.31  303.6  009.26  29.704  1022.944  1482.77 
2025 01 22 08 40 56.50  32.635  09.701  0018.69  01.57  08.31  303.6  009.26  29.716  1022.962  1482.62 
2025 01 22 08 40 56.62  32.602  09.653  0018.87  01.58  08.30  303.6  009.26  29.722  1022.975  1482.45 
2025 01 22 08 40 56.75  32.542  09.540  0019.01  01.67  08.30  303.6  009.26  29.755  1023.019  1482.08 
2025 01 22 08 40 56.87  32.555  09.546  0019.19  01.71  08.30  303.6  009.26  29.763  1023.025  1482.11 
2025 01 22 08 40 57.00  32.602  09.577  0019.35  01.62  08.29  303.6  009.26  29.784  1023.038  1482.26 
2025 01 22 08 40 57.12  32.587  09.526  0019.54  01.54  08.29  303.6  009.26  29.813  1023.069  1482.10 
2025 01 22 08 40 57.25  32.543  09.427  0019.70  01.48  08.30  303.6  009.26  29.850  1023.114  1481.79 
2025 01 22 08 40 57.37  32.463  09.283  0019.86  01.43  08.29  303.6  009.26  29.888  1023.167  1481.30 
2025 01 22 08 40 57.50  32.417  09.234  0020.00  01.40  08.29  303.6  009.26  29.883  1023.170  1481.12 
2025 01 22 08 40 57.62  32.407  09.225  0020.18  01.45  08.29  303.6  009.26  29.880  1023.170  1481.08 
2025 01 22 08 40 57.75  32.395  09.200  0020.37  01.47  08.29  303.6  009.26  29.888  1023.181  1481.00 
2025 01 22 08 40 57.87  32.385  09.185  0020.54  01.45  08.28  303.6  009.26  29.891  1023.187  1480.95 
2025 01 22 08 40 58.00  32.376  09.174  0020.71  01.45  08.28  303.6  009.26  29.891  1023.189  1480.91 
2025 01 22 08 40 58.12  32.375  09.177  0020.87  01.42  08.28  302.8  009.26  29.886  1023.186  1480.92 
2025 01 22 08 40 58.25  32.373  09.178  0021.04  01.36  08.28  302.8  009.26  29.884  1023.185  1480.93 
2025 01 22 08 40 58.37  32.361  09.149  0021.21  01.39  08.27  302.8  009.26  29.896  1023.200  1480.84 
2025 01 22 08 40 58.50  32.291  09.007  0021.37  01.38  08.27  302.8  009.26  29.944  1023.259  1480.37 
2025 01 22 08 40 58.62  32.252  08.977  0021.56  01.34  08.27  302.8  009.26  29.928  1023.252  1480.24 
2025 01 22 08 40 58.75  32.252  08.969  0021.70  01.36  08.27  302.8  009.26  29.935  1023.259  1480.22 
2025 01 22 08 40 58.87  32.253  08.972  0021.90  01.32  08.27  302.8  009.26  29.933  1023.258  1480.23 
2025 01 22 08 40 59.00  32.247  08.962  0022.06  01.28  08.26  302.8  009.26  29.935  1023.262  1480.20 
2025 01 22 08 40 59.12  32.235  08.945  0022.25  01.25  08.26  302.8  009.26  29.938  1023.267  1480.14 
2025 01 22 08 40 59.25  32.234  08.947  0022.41  01.26  08.26  302.8  009.26  29.935  1023.265  1480.15 
2025 01 22 08 40 59.37  32.225  08.935  0022.62  01.33  08.26  302.8  009.26  29.936  1023.269  1480.11 
2025 01 22 08 40 59.50  32.165  08.826  0022.81  01.33  08.26  302.8  009.26  29.966  1023.310  1479.74 
2025 01 22 08 40 59.62  32.108  08.745  0022.96  01.36  08.26  302.8  009.26  29.975  1023.329  1479.45 
2025 01 22 08 40 59.75  32.028  08.566  0023.15  01.30  08.25  302.8  009.26  30.044  1023.410  1478.86 
2025 01 22 08 40 59.87  31.910  08.342  0023.32  01.22  08.25  302.8  009.26  30.112  1023.497  1478.10 
2025 01 22 08 41 00.00  31.842  08.208  0023.50  01.18  08.24  302.8  009.26  30.156  1023.551  1477.65 
2025 01 22 08 41 00.12  31.810  08.151  0023.63  01.14  08.24  302.8  009.26  30.172  1023.572  1477.45 
2025 01 22 08 41 00.25  31.795  08.126  0023.80  01.14  08.24  302.8  009.26  30.177  1023.581  1477.37 
2025 01 22 08 41 00.37  31.790  08.116  0023.95  01.13  08.23  302.8  009.26  30.180  1023.585  1477.33 
2025 01 22 08 41 00.50  31.767  08.044  0024.13  01.17  08.23  302.8  009.26  30.218  1023.626  1477.11 
2025 01 22 08 41 00.62  31.729  07.961  0024.29  01.14  08.22  302.8  009.26  30.250  1023.663  1476.83 
2025 01 22 08 41 00.75  31.719  07.942  0024.42  01.13  08.22  302.8  009.26  30.255  1023.670  1476.77 
2025 01 22 08 41 00.87  31.714  07.916  0024.59  01.09  08.21  302.8  009.26  30.272  1023.688  1476.70 
2025 01 22 08 41 01.00  31.709  07.884  0024.75  01.08  08.21  302.8  009.26  30.294  1023.710  1476.60 
2025 01 22 08 41 01.12  31.711  07.870  0024.90  01.08  08.21  298.7  009.26  30.309  1023.725  1476.57 
2025 01 22 08 41 01.25  31.711  07.856  0025.07  01.08  08.20  298.7  009.26  30.321  1023.737  1476.53 
2025 01 22 08 41 01.37  31.707  07.844  0025.20  01.03  08.20  298.7  009.26  30.327  1023.744  1476.50 
2025 01 22 08 41 01.50  31.702  07.834  0025.38  01.06  08.20  298.7  009.26  30.330  1023.749  1476.47 
2025 01 22 08 41 01.62  31.699  07.823  0025.55  01.04  08.20  298.7  009.26  30.336  1023.756  1476.44 
2025 01 22 08 41 01.75  31.700  07.815  0025.71  01.02  08.19  298.7  009.26  30.345  1023.764  1476.41 
2025 01 22 08 41 01.87  31.707  07.813  0025.88  00.97  08.19  298.7  009.26  30.354  1023.772  1476.42 
2025 01 22 08 41 02.00  31.711  07.807  0026.05  01.00  08.19  298.7  009.26  30.363  1023.781  1476.41 
2025 01 22 08 41 02.12  31.700  07.775  0026.18  00.97  08.19  298.7  009.26  30.379  1023.798  1476.31 
2025 01 22 08 41 02.25  31.685  07.742  0026.36  00.95  08.19  298.7  009.26  30.392  1023.814  1476.21 
2025 01 22 08 41 02.37  31.674  07.731  0026.55  00.93  08.19  298.7  009.26  30.389  1023.814  1476.16 
2025 01 22 08 41 02.50  31.660  07.712  0026.73  01.00  08.19  298.7  009.26  30.391  1023.819  1476.10 
2025 01 22 08 41 02.62  31.646  07.686  0026.89  00.99  08.19  298.7  009.26  30.399  1023.830  1476.01 
2025 01 22 08 41 02.75  31.635  07.670  0027.04  00.95  08.18  298.7  009.26  30.401  1023.834  1475.95 
2025 01 22 08 41 02.87  31.641  07.671  0027.18  00.96  08.18  298.7  009.26  30.407  1023.839  1475.96 
2025 01 22 08 41 03.00  31.646  07.668  0027.35  00.98  08.17  298.7  009.26  30.415  1023.847  1475.96 
2025 01 22 08 41 03.12  31.644  07.651  0027.53  00.95  08.18  298.7  009.26  30.427  1023.860  1475.92 
2025 01 22 08 41 03.25  31.642  07.646  0027.73  00.98  08.18  298.7  009.26  30.430  1023.863  1475.90 
2025 01 22 08 41 03.37  31.630  07.585  0027.86  00.99  08.18  298.7  009.26  30.470  1023.904  1475.72 
2025 01 22 08 41 03.50  31.619  07.556  0027.99  00.97  08.18  298.7  009.26  30.484  1023.919  1475.63 
2025 01 22 08 41 03.62  31.615  07.542  0028.15  00.99  08.18  298.7  009.26  30.491  1023.927  1475.59 
2025 01 22 08 41 03.75  31.607  07.509  0028.30  01.00  08.17  298.7  009.26  30.512  1023.949  1475.48 
2025 01 22 08 41 03.87  31.600  07.486  0028.47  00.99  08.17  298.7  009.26  30.524  1023.963  1475.41 
2025 01 22 08 41 04.00  31.596  07.479  0028.64  01.13  08.17  298.7  009.26  30.526  1023.965  1475.39 
2025 01 22 08 41 04.12  31.588  07.458  0028.78  01.07  08.17  300.8  009.26  30.536  1023.977  1475.32 
2025 01 22 08 41 04.25  31.576  07.431  0028.92  00.99  08.17  300.8  009.26  30.547  1023.990  1475.24 
2025 01 22 08 41 04.37  31.564  07.388  0029.06  00.98  08.17  300.8  009.26  30.572  1024.016  1475.10 
2025 01 22 08 41 04.50  31.553  07.367  0029.24  00.97  08.17  300.8  009.26  30.580  1024.026  1475.03 
2025 01 22 08 41 04.62  31.550  07.364  0029.37  00.91  08.17  300.8  009.26  30.578  1024.026  1475.02 
2025 01 22 08 41 04.75  31.548  07.355  0029.47  00.88  08.16  300.8  009.26  30.584  1024.032  1475.00 
2025 01 22 08 41 04.87  31.545  07.349  0029.62  00.85  08.16  300.8  009.26  30.586  1024.034  1474.98 
2025 01 22 08 41 05.00  31.544  07.347  0029.79  00.84  08.16  300.8  009.26  30.586  1024.036  1474.97 
2025 01 22 08 41 05.12  31.541  07.341  0029.96  00.88  08.16  300.8  009.26  30.589  1024.040  1474.96 
2025 01 22 08 41 05.25  31.540  07.335  0030.10  00.90  08.16  300.8  009.26  30.592  1024.043  1474.94 
2025 01 22 08 41 05.37  31.540  07.333  0030.22  00.87  08.16  300.8  009.26  30.594  1024.046  1474.94 
2025 01 22 08 41 05.50  31.537  07.330  0030.38  00.83  08.16  300.8  009.26  30.594  1024.047  1474.93 
2025 01 22 08 41 05.62  31.537  07.329  0030.53  00.83  08.16  300.8  009.26  30.595  1024.049  1474.93 
2025 01 22 08 41 05.75  31.538  07.331  0030.67  00.84  08.16  300.8  009.26  30.595  1024.049  1474.94 
2025 01 22 08 41 05.87  31.538  07.330  0030.81  00.82  08.16  300.8  009.26  30.595  1024.049  1474.94 
2025 01 22 08 41 06.00  31.539  07.332  0030.88  00.81  08.15  300.8  009.26  30.594  1024.049  1474.94 
2025 01 22 08 41 06.12  31.541  07.334  0030.92  00.84  08.15  300.8  009.26  30.594  1024.049  1474.95 
2025 01 22 08 41 06.25  31.541  07.336  0030.93  00.88  08.16  300.8  009.26  30.593  1024.048  1474.96 
2025 01 22 08 41 06.37  31.541  07.337  0030.94  00.90  08.15  300.8  009.26  30.593  1024.047  1474.96 
2025 01 22 08 41 06.50  31.543  07.338  0030.93  00.90  08.15  300.8  009.26  30.593  1024.048  1474.97 
2025 01 22 08 41 06.62  31.546  07.343  0030.94  00.88  08.15  300.8  009.26  30.592  1024.046  1474.98 
2025 01 22 08 41 06.75  31.546  07.346  0030.96  00.85  08.15  300.8  009.26  30.589  1024.044  1474.99 
2025 01 22 08 41 06.87  31.545  07.346  0030.96  00.88  08.15  300.8  009.26  30.589  1024.043  1474.99 
2025 01 22 08 41 07.00  31.546  07.344  0030.93  00.95  08.15  300.8  009.26  30.591  1024.045  1474.99 
2025 01 22 08 41 07.12  31.547  07.345  0030.93  00.96  08.15  299.7  009.26  30.591  1024.046  1474.99 
2025 01 22 08 41 07.25  31.546  07.345  0030.94  00.93  08.15  299.7  009.26  30.591  1024.045  1474.99 
2025 01 22 08 41 07.37  31.545  07.346  0030.94  00.89  08.15  299.7  009.26  30.588  1024.042  1474.99 
2025 01 22 08 41 07.50  31.545  07.346  0030.92  00.89  08.15  299.7  009.26  30.588  1024.043  1474.99 
2025 01 22 08 41 07.62  31.547  07.347  0030.94  00.91  08.15  299.7  009.26  30.590  1024.044  1475.00 
2025 01 22 08 41 07.75  31.547  07.346  0030.92  00.88  08.15  299.7  009.26  30.590  1024.044  1474.99 
2025 01 22 08 41 07.87  31.549  07.348  0030.92  00.85  08.15  299.7  009.26  30.591  1024.044  1475.00 
2025 01 22 08 41 08.00  31.549  07.351  0030.91  00.91  08.15  299.7  009.26  30.587  1024.041  1475.01 
2025 01 22 08 41 08.12  31.549  07.349  0030.89  00.99  08.15  299.7  009.26  30.590  1024.044  1475.00 
2025 01 22 08 41 08.25  31.549  07.351  0030.91  01.02  08.15  299.7  009.26  30.587  1024.041  1475.01 
2025 01 22 08 41 08.37  31.549  07.350  0030.89  00.93  08.15  299.7  009.26  30.588  1024.042  1475.01 
2025 01 22 08 41 08.50  31.549  07.350  0030.90  00.88  08.15  299.7  009.26  30.589  1024.043  1475.01 
2025 01 22 08 41 08.62  31.549  07.351  0030.90  00.93  08.15  299.7  009.26  30.589  1024.042  1475.01 
2025 01 22 08 41 08.75  31.550  07.351  0030.90  01.01  08.15  299.7  009.26  30.589  1024.043  1475.01 
2025 01 22 08 41 08.87  31.551  07.350  0030.88  01.02  08.15  299.7  009.26  30.590  1024.044  1475.01 
2025 01 22 08 41 09.00  31.552  07.350  0030.88  00.93  08.14  299.7  009.26  30.592  1024.045  1475.01 
2025 01 22 08 41 09.12  31.552  07.355  0030.89  00.89  08.14  299.7  009.26  30.588  1024.041  1475.02 
2025 01 22 08 41 09.25  31.552  07.354  0030.89  00.88  08.15  299.7  009.26  30.589  1024.042  1475.02 
2025 01 22 08 41 09.37  31.552  07.355  0030.88  00.89  08.15  299.7  009.26  30.588  1024.041  1475.02 
2025 01 22 08 41 09.50  31.552  07.355  0030.88  00.89  08.15  299.7  009.26  30.587  1024.041  1475.02 
2025 01 22 08 41 09.62  31.553  07.353  0030.87  00.86  08.15  299.7  009.26  30.590  1024.043  1475.02 
2025 01 22 08 41 09.75  31.549  07.354  0030.86  00.89  08.15  299.7  009.26  30.586  1024.040  1475.02 
2025 01 22 08 41 09.87  31.549  07.353  0030.87  00.95  08.15  299.7  009.26  30.586  1024.040  1475.01 
2025 01 22 08 41 10.00  31.549  07.354  0030.87  00.92  08.15  299.7  009.26  30.585  1024.038  1475.02 
2025 01 22 08 41 10.12  31.547  07.354  0030.87  00.92  08.15  298.3  009.26  30.584  1024.038  1475.01 
2025 01 22 08 41 10.25  31.547  07.355  0030.86  00.89  08.15  298.3  009.26  30.582  1024.036  1475.02 
2025 01 22 08 41 10.37  31.548  07.355  0030.85  00.85  08.15  298.3  009.26  30.583  1024.037  1475.02 
2025 01 22 08 41 10.50  31.547  07.354  0030.86  00.90  08.14  298.3  009.26  30.583  1024.037  1475.02 
2025 01 22 08 41 10.62  31.547  07.355  0030.85  00.88  08.14  298.3  009.26  30.582  1024.036  1475.02 
2025 01 22 08 41 10.75  31.547  07.354  0030.85  00.90  08.14  298.3  009.26  30.583  1024.037  1475.02 
2025 01 22 08 41 10.87  31.546  07.355  0030.85  00.99  08.14  298.3  009.26  30.582  1024.036  1475.02 
2025 01 22 08 41 11.00  31.545  07.355  0030.84  01.05  08.14  298.3  009.26  30.580  1024.035  1475.02 
2025 01 22 08 41 11.12  31.546  07.354  0030.84  01.09  08.14  298.3  009.26  30.582  1024.037  1475.01 
2025 01 22 08 41 11.25  31.547  07.354  0030.86  01.11  08.14  298.3  009.26  30.583  1024.037  1475.02 
2025 01 22 08 41 11.37  31.547  07.354  0030.84  01.13  08.14  298.3  009.26  30.583  1024.038  1475.01 
2025 01 22 08 41 11.50  31.547  07.354  0030.83  01.15  08.14  298.3  009.26  30.583  1024.037  1475.02 
2025 01 22 08 41 11.62  31.548  07.355  0030.84  01.13  08.14  298.3  009.26  30.583  1024.037  1475.02 
2025 01 22 08 41 11.75  31.549  07.359  0030.84  01.18  08.14  298.3  009.26  30.581  1024.035  1475.03 
2025 01 22 08 41 11.87  31.553  07.363  0030.83  01.19  08.14  298.3  009.26  30.581  1024.035  1475.05 
2025 01 22 08 41 12.00  31.555  07.362  0030.84  01.14  08.13  298.3  009.26  30.585  1024.037  1475.05 
2025 01 22 08 41 12.12  31.556  07.362  0030.83  01.09  08.14  298.3  009.26  30.586  1024.038  1475.05 
2025 01 22 08 41 12.25  31.555  07.360  0030.86  01.12  08.14  298.3  009.26  30.586  1024.039  1475.04 
2025 01 22 08 41 12.37  31.555  07.360  0030.84  01.42  08.14  298.3  009.26  30.586  1024.039  1475.04 
2025 01 22 08 41 12.50  31.556  07.359  0030.83  01.42  08.14  298.3  009.26  30.588  1024.041  1475.04 
2025 01 22 08 41 12.62  31.554  07.360  0030.84  01.42  08.14  298.3  009.26  30.586  1024.039  1475.04 
2025 01 22 08 41 12.75  31.553  07.362  0030.85  01.38  08.14  298.3  009.26  30.582  1024.035  1475.05 
2025 01 22 08 41 12.87  31.551  07.360  0030.85  01.21  08.14  298.3  009.26  30.582  1024.036  1475.04 
2025 01 22 08 41 13.00  31.551  07.358  0030.87  01.08  08.14  298.3  009.26  30.584  1024.038  1475.03 
2025 01 22 08 41 13.12  31.551  07.354  0030.86  01.02  08.14  296.7  009.26  30.587  1024.040  1475.02 
2025 01 22 08 41 13.25  31.552  07.354  0030.85  01.00  08.14  296.7  009.26  30.588  1024.041  1475.02 
2025 01 22 08 41 13.37  31.553  07.350  0030.84  00.99  08.14  296.7  009.26  30.592  1024.045  1475.01 
2025 01 22 08 41 13.50  31.553  07.351  0030.82  00.97  08.14  296.7  009.26  30.592  1024.045  1475.01 
2025 01 22 08 41 13.62  31.552  07.351  0030.81  00.96  08.14  296.7  009.26  30.591  1024.043  1475.01 
2025 01 22 08 41 13.75  31.554  07.352  0030.83  00.94  08.14  296.7  009.26  30.592  1024.045  1475.02 
2025 01 22 08 41 13.87  31.553  07.347  0030.84  00.90  08.14  296.7  009.26  30.595  1024.048  1475.00 
2025 01 22 08 41 14.00  31.551  07.348  0030.85  00.91  08.14  296.7  009.26  30.593  1024.046  1475.00 
2025 01 22 08 41 14.12  31.550  07.350  0030.86  00.93  08.14  296.7  009.26  30.590  1024.043  1475.01 
2025 01 22 08 41 14.25  31.550  07.350  0030.84  00.97  08.14  296.7  009.26  30.590  1024.043  1475.01 
2025 01 22 08 41 14.37  31.550  07.349  0030.85  00.95  08.14  296.7  009.26  30.591  1024.044  1475.00 
2025 01 22 08 41 14.50  31.549  07.347  0030.86  00.94  08.14  296.7  009.26  30.591  1024.045  1475.00 
2025 01 22 08 41 14.62  31.547  07.346  0030.90  01.11  08.14  296.7  009.26  30.590  1024.044  1474.99 
2025 01 22 08 41 14.75  31.546  07.345  0030.89  01.49  08.14  296.7  009.26  30.590  1024.044  1474.99 
2025 01 22 08 41 14.87  31.547  07.345  0030.88  02.00  08.14  296.7  009.26  30.591  1024.045  1474.99 
2025 01 22 08 41 15.00  31.549  07.345  0030.88  02.22  08.13  296.7  009.26  30.593  1024.046  1474.99 
2025 01 22 08 41 15.12  31.550  07.348  0030.87  02.08  08.13  296.7  009.26  30.592  1024.045  1475.00 
2025 01 22 08 41 15.25  31.548  07.347  0030.86  01.87  08.14  296.7  009.26  30.590  1024.044  1475.00 
2025 01 22 08 41 15.37  31.547  07.346  0030.86  01.82  08.14  296.7  009.26  30.590  1024.044  1474.99 
2025 01 22 08 41 15.50  31.548  07.345  0030.86  01.83  08.14  296.7  009.26  30.592  1024.045  1474.99 
2025 01 22 08 41 15.62  31.548  07.343  0030.87  01.69  08.14  296.7  009.26  30.594  1024.047  1474.98 
2025 01 22 08 41 15.75  31.548  07.342  0030.89  01.63  08.14  296.7  009.26  30.595  1024.048  1474.98 
2025 01 22 08 41 15.87  31.547  07.341  0030.89  01.61  08.14  296.7  009.26  30.594  1024.048  1474.98 
2025 01 22 08 41 16.00  31.547  07.343  0030.89  01.62  08.14  296.7  009.26  30.593  1024.047  1474.98 
2025 01 22 08 41 16.12  31.547  07.343  0030.91  01.57  08.14  295.6  009.26  30.593  1024.047  1474.98 
2025 01 22 08 41 16.25  31.548  07.341  0030.90  01.50  08.14  295.6  009.26  30.595  1024.049  1474.98 
2025 01 22 08 41 16.37  31.547  07.340  0030.92  01.45  08.13  295.6  009.26  30.595  1024.049  1474.98 
2025 01 22 08 41 16.50  31.545  07.341  0030.92  01.45  08.13  295.6  009.26  30.593  1024.048  1474.98 
2025 01 22 08 41 16.62  31.547  07.340  0030.89  01.46  08.13  295.6  009.26  30.596  1024.049  1474.98 
2025 01 22 08 41 16.75  31.547  07.340  0030.87  01.40  08.13  295.6  009.26  30.595  1024.049  1474.98 
2025 01 22 08 41 16.87  31.548  07.343  0030.85  01.41  08.13  295.6  009.26  30.594  1024.047  1474.99 
2025 01 22 08 41 17.00  31.547  07.344  0030.84  01.49  08.13  295.6  009.26  30.592  1024.046  1474.99 
2025 01 22 08 41 17.12  31.545  07.346  0030.81  01.45  08.13  295.6  009.26  30.589  1024.043  1474.99 
2025 01 22 08 41 17.25  31.547  07.345  0030.84  01.45  08.13  295.6  009.26  30.591  1024.045  1474.99 
2025 01 22 08 41 17.37  31.545  07.341  0030.87  01.43  08.13  295.6  009.26  30.593  1024.047  1474.98 
2025 01 22 08 41 17.50  31.546  07.339  0030.88  01.43  08.13  295.6  009.26  30.596  1024.049  1474.97 
2025 01 22 08 41 17.62  31.548  07.342  0030.88  01.31  08.13  295.6  009.26  30.594  1024.048  1474.98 
2025 01 22 08 41 17.75  31.545  07.344  0030.88  01.24  08.13  295.6  009.26  30.591  1024.045  1474.98 
2025 01 22 08 41 17.87  31.546  07.344  0030.90  01.28  08.13  295.6  009.26  30.591  1024.045  1474.99 
2025 01 22 08 41 18.00  31.546  07.344  0030.89  01.32  08.12  295.6  009.26  30.591  1024.045  1474.99 
2025 01 22 08 41 18.12  31.546  07.343  0030.87  01.41  08.13  295.6  009.26  30.592  1024.046  1474.98 
2025 01 22 08 41 18.25  31.547  07.342  0030.86  01.51  08.13  295.6  009.26  30.594  1024.048  1474.98 
2025 01 22 08 41 18.37  31.545  07.345  0030.86  01.50  08.13  295.6  009.26  30.589  1024.043  1474.99 
2025 01 22 08 41 18.50  31.545  07.342  0030.85  01.33  08.13  295.6  009.26  30.591  1024.045  1474.98 
2025 01 22 08 41 18.62  31.545  07.340  0030.85  01.21  08.13  295.6  009.26  30.594  1024.047  1474.97 
2025 01 22 08 41 18.75  31.547  07.342  0030.85  01.09  08.13  295.6  009.26  30.594  1024.048  1474.98 
2025 01 22 08 41 18.87  31.548  07.341  0030.86  00.99  08.13  295.6  009.26  30.595  1024.049  1474.98 
2025 01 22 08 41 19.00  31.547  07.340  0030.88  01.00  08.13  295.6  009.26  30.595  1024.049  1474.98 
2025 01 22 08 41 19.12  31.546  07.340  0030.89  00.93  08.13  294.4  009.26  30.595  1024.048  1474.98 
2025 01 22 08 41 19.25  31.545  07.340  0030.89  00.89  08.13  294.4  009.26  30.594  1024.048  1474.97 
2025 01 22 08 41 19.37  31.545  07.341  0030.92  00.91  08.13  294.4  009.26  30.592  1024.047  1474.98 
2025 01 22 08 41 19.50  31.545  07.340  0030.92  00.92  08.13  294.4  009.26  30.594  1024.048  1474.97 
2025 01 22 08 41 19.62  31.545  07.342  0030.94  00.93  08.13  294.4  009.26  30.592  1024.047  1474.98 
2025 01 22 08 41 19.75  31.545  07.341  0030.91  00.95  08.13  294.4  009.26  30.593  1024.047  1474.98 
2025 01 22 08 41 19.87  31.548  07.339  0030.88  01.01  08.13  294.4  009.26  30.597  1024.050  1474.98 
2025 01 22 08 41 20.00  31.548  07.339  0030.90  01.03  08.13  294.4  009.26  30.597  1024.050  1474.98 
2025 01 22 08 41 20.12  31.545  07.340  0030.83  01.01  08.13  294.4  009.26  30.594  1024.047  1474.97 
2025 01 22 08 41 20.25  31.546  07.342  0030.82  00.97  08.13  294.4  009.26  30.593  1024.047  1474.98 
2025 01 22 08 41 20.37  31.548  07.342  0030.85  01.02  08.13  294.4  009.26  30.595  1024.048  1474.98 
2025 01 22 08 41 20.50  31.549  07.343  0030.84  01.03  08.13  294.4  009.26  30.594  1024.047  1474.99 
2025 01 22 08 41 20.62  31.548  07.343  0030.86  00.95  08.13  294.4  009.26  30.594  1024.047  1474.99 
2025 01 22 08 41 20.75  31.548  07.342  0030.90  00.90  08.13  294.4  009.26  30.595  1024.048  1474.98 
2025 01 22 08 41 20.87  31.548  07.342  0030.91  00.89  08.13  294.4  009.26  30.595  1024.048  1474.98 
2025 01 22 08 41 21.00  31.548  07.343  0030.91  00.93  08.12  294.4  009.26  30.594  1024.047  1474.99 
2025 01 22 08 41 21.12  31.548  07.341  0030.89  00.95  08.12  294.4  009.26  30.595  1024.049  1474.98 
2025 01 22 08 41 21.25  31.548  07.341  0030.88  00.91  08.13  294.4  009.26  30.596  1024.049  1474.98 
2025 01 22 08 41 21.37  31.549  07.341  0030.87  00.94  08.13  294.4  009.26  30.596  1024.049  1474.98 
2025 01 22 08 41 21.50  31.547  07.343  0030.85  00.93  08.13  294.4  009.26  30.593  1024.046  1474.98 
2025 01 22 08 41 21.62  31.546  07.342  0030.81  00.97  08.13  294.4  009.26  30.593  1024.047  1474.98 
2025 01 22 08 41 21.75  31.545  07.340  0030.81  00.98  08.13  294.4  009.26  30.594  1024.048  1474.97 
2025 01 22 08 41 21.87  31.546  07.341  0030.83  00.95  08.13  294.4  009.26  30.594  1024.048  1474.98 
2025 01 22 08 41 22.00  31.547  07.340  0030.87  00.98  08.13  294.4  009.26  30.595  1024.049  1474.98 
2025 01 22 08 41 22.12  31.545  07.339  0030.87  00.98  08.13  293.2  009.26  30.595  1024.049  1474.97 
2025 01 22 08 41 22.25  31.545  07.340  0030.91  00.97  08.13  293.2  009.26  30.594  1024.048  1474.97 
2025 01 22 08 41 22.37  31.545  07.339  0030.91  00.97  08.13  293.2  009.26  30.595  1024.049  1474.97 
2025 01 22 08 41 22.50  31.545  07.340  0030.92  01.00  08.13  293.2  009.26  30.593  1024.048  1474.97 
2025 01 22 08 41 22.62  31.545  07.339  0030.94  01.11  08.13  293.2  009.26  30.594  1024.048  1474.97 
2025 01 22 08 41 22.75  31.544  07.339  0030.91  01.12  08.13  293.2  009.26  30.593  1024.047  1474.97 
2025 01 22 08 41 22.87  31.545  07.339  0030.91  01.04  08.13  293.2  009.26  30.594  1024.048  1474.97 
2025 01 22 08 41 23.00  31.545  07.339  0030.90  01.03  08.13  293.2  009.26  30.594  1024.048  1474.97 
2025 01 22 08 41 23.12  31.545  07.340  0030.87  01.00  08.13  293.2  009.26  30.594  1024.047  1474.98 
2025 01 22 08 41 23.25  31.547  07.343  0030.79  00.98  08.13  293.2  009.26  30.593  1024.047  1474.98 
2025 01 22 08 41 23.37  31.549  07.344  0030.78  01.00  08.13  293.2  009.26  30.594  1024.047  1474.99 
2025 01 22 08 41 23.50  31.549  07.345  0030.78  00.97  08.12  293.2  009.26  30.594  1024.046  1474.99 
2025 01 22 08 41 23.62  31.549  07.344  0030.78  00.93  08.12  293.2  009.26  30.594  1024.047  1474.99 
2025 01 22 08 41 23.75  31.547  07.341  0030.82  00.93  08.12  293.2  009.26  30.594  1024.048  1474.98 
2025 01 22 08 41 23.87  31.545  07.339  0030.87  00.96  08.12  293.2  009.26  30.594  1024.048  1474.97 
2025 01 22 08 41 24.00  31.545  07.337  0030.92  00.97  08.12  293.2  009.26  30.597  1024.051  1474.97 
2025 01 22 08 41 24.12  31.545  07.339  0030.90  00.94  08.12  293.2  009.26  30.595  1024.049  1474.97 
2025 01 22 08 41 24.25  31.545  07.340  0030.89  00.94  08.12  293.2  009.26  30.593  1024.047  1474.97 
2025 01 22 08 41 24.37  31.545  07.340  0030.88  00.91  08.12  293.2  009.26  30.593  1024.047  1474.97 
2025 01 22 08 41 24.50  31.544  07.338  0030.84  00.95  08.12  293.2  009.26  30.594  1024.048  1474.97 
2025 01 22 08 41 24.62  31.544  07.339  0030.80  00.97  08.12  293.2  009.26  30.593  1024.047  1474.97 
2025 01 22 08 41 24.75  31.545  07.338  0030.78  01.47  08.12  293.2  009.26  30.595  1024.049  1474.97 
2025 01 22 08 41 24.87  31.545  07.338  0030.76  01.34  08.12  293.2  009.26  30.595  1024.048  1474.96 
2025 01 22 08 41 25.00  31.545  07.339  0030.73  01.19  08.13  293.2  009.26  30.594  1024.047  1474.97 
2025 01 22 08 41 25.12  31.545  07.339  0030.72  01.05  08.12  292.1  009.26  30.594  1024.048  1474.97 
2025 01 22 08 41 25.25  31.545  07.339  0030.70  00.96  08.12  292.1  009.26  30.595  1024.048  1474.97 
2025 01 22 08 41 25.37  31.547  07.339  0030.66  00.93  08.12  292.1  009.26  30.597  1024.049  1474.97 
2025 01 22 08 41 25.50  31.545  07.340  0030.62  00.94  08.12  292.1  009.26  30.594  1024.047  1474.97 
2025 01 22 08 41 25.62  31.545  07.338  0030.59  00.90  08.12  292.1  009.26  30.594  1024.047  1474.96 
2025 01 22 08 41 25.75  31.548  07.340  0030.60  00.88  08.12  292.1  009.26  30.596  1024.048  1474.97 
2025 01 22 08 41 25.87  31.547  07.340  0030.60  00.91  08.12  292.1  009.26  30.596  1024.048  1474.97 
2025 01 22 08 41 26.00  31.546  07.339  0030.61  00.98  08.12  292.1  009.26  30.596  1024.048  1474.97 
2025 01 22 08 41 26.12  31.545  07.339  0030.59  00.98  08.12  292.1  009.26  30.595  1024.047  1474.97 
2025 01 22 08 41 26.25  31.545  07.339  0030.58  00.95  08.12  292.1  009.26  30.595  1024.047  1474.97 
2025 01 22 08 41 26.37  31.546  07.339  0030.55  01.00  08.12  292.1  009.26  30.596  1024.048  1474.97 
2025 01 22 08 41 26.50  31.545  07.340  0030.54  00.99  08.12  292.1  009.26  30.594  1024.046  1474.97 
2025 01 22 08 41 26.62  31.545  07.339  0030.54  00.96  08.12  292.1  009.26  30.595  1024.047  1474.97 
2025 01 22 08 41 26.75  31.545  07.339  0030.50  00.92  08.12  292.1  009.26  30.595  1024.047  1474.97 
2025 01 22 08 41 26.87  31.545  07.340  0030.48  00.90  08.12  292.1  009.26  30.594  1024.046  1474.97 
2025 01 22 08 41 27.00  31.545  07.339  0030.44  00.91  08.11  292.1  009.26  30.594  1024.046  1474.96 
2025 01 22 08 41 27.12  31.543  07.337  0030.40  00.96  08.12  292.1  009.26  30.594  1024.046  1474.96 
2025 01 22 08 41 27.25  31.545  07.338  0030.37  00.92  08.12  292.1  009.26  30.596  1024.048  1474.96 
2025 01 22 08 41 27.37  31.545  07.338  0030.33  00.86  08.12  292.1  009.26  30.596  1024.047  1474.96 
2025 01 22 08 41 27.50  31.544  07.339  0030.31  00.83  08.12  292.1  009.26  30.593  1024.045  1474.96 
2025 01 22 08 41 27.62  31.545  07.336  0030.28  00.80  08.12  292.1  009.26  30.596  1024.047  1474.95 
2025 01 22 08 41 27.75  31.545  07.337  0030.24  00.78  08.12  292.1  009.26  30.596  1024.047  1474.95 
2025 01 22 08 41 27.87  31.545  07.337  0030.21  00.88  08.12  292.1  009.26  30.596  1024.047  1474.96 
2025 01 22 08 41 28.00  31.545  07.336  0030.19  00.88  08.12  292.1  009.26  30.597  1024.048  1474.95 
2025 01 22 08 41 28.12  31.544  07.337  0030.19  00.87  08.12  291.9  009.26  30.595  1024.046  1474.95 
2025 01 22 08 41 28.25  31.543  07.337  0030.18  00.88  08.12  291.9  009.26  30.594  1024.046  1474.95 
2025 01 22 08 41 28.37  31.543  07.335  0030.19  00.91  08.12  291.9  009.26  30.596  1024.047  1474.95 
2025 01 22 08 41 28.50  31.543  07.334  0030.19  00.96  08.12  291.9  009.26  30.597  1024.047  1474.94 
2025 01 22 08 41 28.62  31.545  07.335  0030.18  00.98  08.12  291.9  009.26  30.598  1024.048  1474.95 
2025 01 22 08 41 28.75  31.545  07.337  0030.18  00.96  08.12  291.9  009.26  30.596  1024.047  1474.95 
2025 01 22 08 41 28.87  31.542  07.336  0030.17  00.91  08.12  291.9  009.26  30.594  1024.045  1474.95 
2025 01 22 08 41 29.00  31.541  07.337  0030.09  00.90  08.12  291.9  009.26  30.592  1024.043  1474.95 
2025 01 22 08 41 29.12  31.542  07.337  0030.06  00.91  08.12  291.9  009.26  30.593  1024.044  1474.95 
2025 01 22 08 41 29.25  31.544  07.337  0030.02  00.88  08.12  291.9  009.26  30.596  1024.046  1474.95 
2025 01 22 08 41 29.37  31.545  07.337  0030.01  00.92  08.12  291.9  009.26  30.596  1024.046  1474.95 
2025 01 22 08 41 29.50  31.544  07.336  0030.01  00.92  08.12  291.9  009.26  30.596  1024.046  1474.95 
2025 01 22 08 41 29.62  31.540  07.333  0030.06  00.95  08.12  291.9  009.26  30.594  1024.045  1474.94 
2025 01 22 08 41 29.75  31.540  07.333  0030.12  00.92  08.12  291.9  009.26  30.594  1024.046  1474.93 
2025 01 22 08 41 29.87  31.539  07.332  0030.21  00.86  08.12  291.9  009.26  30.594  1024.046  1474.93 
2025 01 22 08 41 30.00  31.539  07.333  0030.26  00.85  08.11  291.9  009.26  30.594  1024.046  1474.94 
2025 01 22 08 41 30.12  31.541  07.333  0030.36  00.90  08.12  291.9  009.26  30.595  1024.047  1474.94 
2025 01 22 08 41 30.25  31.541  07.332  0030.39  00.91  08.12  291.9  009.26  30.597  1024.049  1474.94 
2025 01 22 08 41 30.37  31.542  07.331  0030.42  00.90  08.12  291.9  009.26  30.599  1024.051  1474.94 
2025 01 22 08 41 30.50  31.541  07.332  0030.46  00.89  08.12  291.9  009.26  30.596  1024.049  1474.94 
2025 01 22 08 41 30.62  31.541  07.334  0030.43  00.83  08.12  291.9  009.26  30.595  1024.048  1474.94 
2025 01 22 08 41 30.75  31.541  07.335  0030.43  00.81  08.12  291.9  009.26  30.594  1024.046  1474.95 
2025 01 22 08 41 30.87  31.541  07.336  0030.39  00.86  08.12  291.9  009.26  30.594  1024.046  1474.95 
2025 01 22 08 41 31.00  31.544  07.337  0030.37  00.88  08.12  291.9  009.26  30.595  1024.047  1474.96 
2025 01 22 08 41 31.12  31.545  07.337  0030.36  00.87  08.12  291.2  009.26  30.597  1024.048  1474.96 
2025 01 22 08 41 31.25  31.543  07.334  0030.35  00.88  08.12  291.2  009.26  30.596  1024.048  1474.95 
2025 01 22 08 41 31.37  31.541  07.335  0030.37  00.89  08.12  291.2  009.26  30.594  1024.046  1474.94 
2025 01 22 08 41 31.50  31.541  07.334  0030.38  00.89  08.12  291.2  009.26  30.595  1024.047  1474.95 
2025 01 22 08 41 31.62  31.541  07.334  0030.43  00.87  08.12  291.2  009.26  30.594  1024.047  1474.94 
2025 01 22 08 41 31.75  31.537  07.329  0030.47  00.85  08.12  291.2  009.26  30.595  1024.048  1474.93 
2025 01 22 08 41 31.87  31.537  07.325  0030.53  00.83  08.12  291.2  009.26  30.598  1024.051  1474.91 
2025 01 22 08 41 32.00  31.537  07.325  0030.54  00.88  08.12  291.2  009.26  30.598  1024.052  1474.91 
2025 01 22 08 41 32.12  31.537  07.327  0030.55  00.89  08.12  291.2  009.26  30.597  1024.051  1474.92 
2025 01 22 08 41 32.25  31.537  07.328  0030.53  00.90  08.12  291.2  009.26  30.595  1024.049  1474.92 
2025 01 22 08 41 32.37  31.537  07.332  0030.45  00.87  08.12  291.2  009.26  30.593  1024.046  1474.93 
2025 01 22 08 41 32.50  31.538  07.330  0030.40  00.87  08.12  291.2  009.26  30.595  1024.048  1474.93 
2025 01 22 08 41 32.62  31.538  07.331  0030.38  00.85  08.12  291.2  009.26  30.595  1024.047  1474.93 
2025 01 22 08 41 32.75  31.539  07.329  0030.36  00.84  08.12  291.2  009.26  30.597  1024.049  1474.93 
2025 01 22 08 41 32.87  31.537  07.330  0030.38  00.87  08.12  291.2  009.26  30.594  1024.047  1474.93 
2025 01 22 08 41 33.00  31.536  07.330  0030.39  00.87  08.11  291.2  009.26  30.593  1024.046  1474.93 
2025 01 22 08 41 33.12  31.537  07.328  0030.38  00.84  08.11  291.2  009.26  30.595  1024.048  1474.92 
2025 01 22 08 41 33.25  31.537  07.329  0030.36  00.83  08.12  291.2  009.26  30.595  1024.048  1474.93 
2025 01 22 08 41 33.37  31.537  07.329  0030.37  00.82  08.12  291.2  009.26  30.595  1024.048  1474.92 
2025 01 22 08 41 33.50  31.537  07.328  0030.34  00.83  08.12  291.2  009.26  30.596  1024.048  1474.92 
2025 01 22 08 41 33.62  31.537  07.329  0030.33  00.88  08.12  291.2  009.26  30.594  1024.047  1474.92 
2025 01 22 08 41 33.75  31.538  07.327  0030.29  00.91  08.12  291.2  009.26  30.598  1024.050  1474.92 
2025 01 22 08 41 33.87  31.538  07.329  0030.25  00.90  08.12  291.2  009.26  30.596  1024.048  1474.92 
2025 01 22 08 41 34.00  31.537  07.330  0030.20  00.87  08.12  291.2  009.26  30.594  1024.046  1474.93 
2025 01 22 08 41 34.12  31.537  07.330  0030.17  00.86  08.11  290.5  009.26  30.594  1024.046  1474.92 
2025 01 22 08 41 34.25  31.539  07.331  0030.10  00.87  08.12  290.5  009.26  30.595  1024.046  1474.93 
2025 01 22 08 41 34.37  31.541  07.330  0030.08  00.93  08.12  290.5  009.26  30.598  1024.049  1474.93 
2025 01 22 08 41 34.50  31.541  07.330  0030.11  00.95  08.11  290.5  009.26  30.598  1024.048  1474.93 
2025 01 22 08 41 34.62  31.537  07.329  0030.14  00.95  08.11  290.5  009.26  30.595  1024.047  1474.92 
2025 01 22 08 41 34.75  31.535  07.326  0030.16  00.91  08.11  290.5  009.26  30.595  1024.047  1474.91 
2025 01 22 08 41 34.87  31.536  07.326  0030.19  00.92  08.11  290.5  009.26  30.596  1024.048  1474.91 
2025 01 22 08 41 35.00  31.537  07.328  0030.18  00.89  08.11  290.5  009.26  30.595  1024.047  1474.92 
2025 01 22 08 41 35.12  31.537  07.328  0030.16  00.88  08.11  290.5  009.26  30.595  1024.047  1474.92 
2025 01 22 08 41 35.25  31.537  07.327  0030.14  00.89  08.11  290.5  009.26  30.596  1024.048  1474.91 
2025 01 22 08 41 35.37  31.537  07.330  0030.10  00.90  08.11  290.5  009.26  30.595  1024.046  1474.92 
2025 01 22 08 41 35.50  31.538  07.329  0030.07  00.88  08.11  290.5  009.26  30.596  1024.047  1474.92 
2025 01 22 08 41 35.62  31.537  07.329  0030.04  00.92  08.11  290.5  009.26  30.595  1024.046  1474.92 
2025 01 22 08 41 35.75  31.537  07.330  0030.01  00.93  08.11  290.5  009.26  30.594  1024.045  1474.92 
2025 01 22 08 41 35.87  31.538  07.331  0029.97  00.92  08.11  290.5  009.26  30.595  1024.045  1474.92 
2025 01 22 08 41 36.00  31.538  07.331  0029.91  00.91  08.11  290.5  009.26  30.594  1024.045  1474.93 
2025 01 22 08 41 36.12  31.538  07.332  0029.85  00.90  08.11  290.5  009.26  30.593  1024.044  1474.93 
2025 01 22 08 41 36.25  31.538  07.333  0029.83  00.87  08.11  290.5  009.26  30.593  1024.043  1474.93 
2025 01 22 08 41 36.37  31.539  07.333  0029.84  00.86  08.11  290.5  009.26  30.594  1024.044  1474.93 
2025 01 22 08 41 36.50  31.538  07.333  0029.89  00.85  08.11  290.5  009.26  30.593  1024.044  1474.93 
2025 01 22 08 41 36.62  31.537  07.334  0029.92  00.90  08.11  290.5  009.26  30.591  1024.042  1474.93 
2025 01 22 08 41 36.75  31.539  07.337  0029.96  00.92  08.11  290.5  009.26  30.590  1024.041  1474.94 
2025 01 22 08 41 36.87  31.540  07.339  0029.99  00.90  08.11  290.5  009.26  30.589  1024.040  1474.95 
2025 01 22 08 41 37.00  31.539  07.338  0029.97  00.85  08.12  290.5  009.26  30.589  1024.040  1474.95 
2025 01 22 08 41 37.12  31.540  07.336  0029.94  00.83  08.11  290.1  009.26  30.591  1024.042  1474.94 
2025 01 22 08 41 37.25  31.540  07.336  0029.90  00.85  08.11  290.1  009.26  30.592  1024.042  1474.94 
2025 01 22 08 41 37.37  31.538  07.336  0029.86  00.84  08.11  290.1  009.26  30.590  1024.040  1474.94 
2025 01 22 08 41 37.50  31.538  07.337  0029.82  00.87  08.11  290.1  009.26  30.589  1024.040  1474.94 
2025 01 22 08 41 37.62  31.538  07.339  0029.77  00.83  08.11  290.1  009.26  30.588  1024.038  1474.94 
2025 01 22 08 41 37.75  31.539  07.338  0029.75  00.83  08.11  290.1  009.26  30.589  1024.039  1474.94 
2025 01 22 08 41 37.87  31.540  07.338  0029.74  00.84  08.11  290.1  009.26  30.590  1024.039  1474.94 
2025 01 22 08 41 38.00  31.539  07.338  0029.69  00.81  08.11  290.1  009.26  30.589  1024.039  1474.94 
2025 01 22 08 41 38.12  31.539  07.339  0029.69  00.85  08.11  290.1  009.26  30.588  1024.038  1474.94 
2025 01 22 08 41 38.25  31.540  07.339  0029.69  00.84  08.11  290.1  009.26  30.589  1024.039  1474.95 
2025 01 22 08 41 38.37  31.540  07.339  0029.70  00.83  08.11  290.1  009.26  30.589  1024.039  1474.95 
2025 01 22 08 41 38.50  31.541  07.339  0029.70  00.83  08.11  290.1  009.26  30.590  1024.039  1474.95 
2025 01 22 08 41 38.62  31.541  07.341  0029.68  00.82  08.11  290.1  009.26  30.588  1024.038  1474.95 
2025 01 22 08 41 38.75  31.540  07.341  0029.63  00.80  08.11  290.1  009.26  30.587  1024.037  1474.95 
2025 01 22 08 41 38.87  31.539  07.343  0029.59  00.83  08.11  290.1  009.26  30.585  1024.035  1474.95 
2025 01 22 08 41 39.00  31.540  07.343  0029.54  00.86  08.11  290.1  009.26  30.585  1024.035  1474.95 
2025 01 22 08 41 39.12  31.540  07.345  0029.55  00.91  08.11  290.1  009.26  30.584  1024.033  1474.96 
2025 01 22 08 41 39.25  31.541  07.346  0029.53  00.90  08.11  290.1  009.26  30.585  1024.034  1474.96 
2025 01 22 08 41 39.37  31.542  07.346  0029.55  00.88  08.11  290.1  009.26  30.585  1024.034  1474.97 
2025 01 22 08 41 39.50  31.542  07.346  0029.54  00.85  08.11  290.1  009.26  30.585  1024.034  1474.97 
2025 01 22 08 41 39.62  31.544  07.349  0029.53  00.86  08.11  290.1  009.26  30.585  1024.033  1474.98 
2025 01 22 08 41 39.75  31.543  07.348  0029.50  00.86  08.11  290.1  009.26  30.584  1024.033  1474.97 
2025 01 22 08 41 39.87  31.543  07.350  0029.48  00.83  08.11  290.1  009.26  30.583  1024.032  1474.98 
2025 01 22 08 41 40.00  31.544  07.350  0029.47  00.85  08.12  290.1  009.26  30.584  1024.032  1474.98 
2025 01 22 08 41 40.12  31.544  07.350  0029.47  00.88  08.11  289.8  009.26  30.584  1024.032  1474.98 
2025 01 22 08 41 40.25  31.546  07.351  0029.45  00.87  08.11  289.8  009.26  30.585  1024.033  1474.98 
2025 01 22 08 41 40.37  31.546  07.354  0029.44  00.85  08.11  289.8  009.26  30.582  1024.030  1474.99 
2025 01 22 08 41 40.50  31.547  07.360  0029.40  00.88  08.11  289.8  009.26  30.579  1024.027  1475.01 
2025 01 22 08 41 40.62  31.549  07.365  0029.37  00.89  08.11  289.8  009.26  30.577  1024.024  1475.03 
2025 01 22 08 41 40.75  31.550  07.367  0029.36  00.87  08.11  289.8  009.26  30.576  1024.023  1475.03 
2025 01 22 08 41 40.87  31.551  07.368  0029.34  00.87  08.11  289.8  009.26  30.575  1024.022  1475.04 
2025 01 22 08 41 41.00  31.552  07.368  0029.34  00.86  08.11  289.8  009.26  30.577  1024.024  1475.04 
2025 01 22 08 41 41.12  31.552  07.367  0029.35  00.91  08.11  289.8  009.26  30.577  1024.024  1475.03 
2025 01 22 08 41 41.25  31.551  07.369  0029.36  00.89  08.11  289.8  009.26  30.575  1024.022  1475.04 
2025 01 22 08 41 41.37  31.552  07.370  0029.37  00.86  08.11  289.8  009.26  30.575  1024.022  1475.04 
2025 01 22 08 41 41.50  31.553  07.373  0029.32  00.88  08.11  289.8  009.26  30.573  1024.020  1475.05 
2025 01 22 08 41 41.62  31.553  07.377  0029.28  00.88  08.11  289.8  009.26  30.571  1024.017  1475.06 
2025 01 22 08 41 41.75  31.557  07.381  0029.26  00.84  08.11  289.8  009.26  30.570  1024.016  1475.08 
2025 01 22 08 41 41.87  31.557  07.382  0029.23  00.82  08.11  289.8  009.26  30.569  1024.015  1475.08 
2025 01 22 08 41 42.00  31.557  07.385  0029.20  00.83  08.11  289.8  009.26  30.567  1024.013  1475.09 
2025 01 22 08 41 42.12  31.561  07.400  0029.19  00.83  08.11  289.8  009.26  30.558  1024.004  1475.14 
2025 01 22 08 41 42.25  31.564  07.408  0029.17  00.78  08.11  289.8  009.26  30.555  1024.000  1475.16 
2025 01 22 08 41 42.37  31.569  07.411  0029.13  00.84  08.11  289.8  009.26  30.558  1024.002  1475.18 
2025 01 22 08 41 42.50  31.571  07.414  0029.09  00.85  08.11  289.8  009.26  30.556  1024.000  1475.19 
2025 01 22 08 41 42.62  31.569  07.411  0029.11  00.81  08.11  289.8  009.26  30.557  1024.001  1475.18 
2025 01 22 08 41 42.75  31.568  07.406  0029.11  00.81  08.11  289.8  009.26  30.561  1024.005  1475.16 
2025 01 22 08 41 42.87  31.568  07.407  0029.11  00.85  08.11  289.8  009.26  30.560  1024.004  1475.16 
2025 01 22 08 41 43.00  31.567  07.408  0029.11  00.85  08.12  289.8  009.26  30.558  1024.002  1475.16 
2025 01 22 08 41 43.12  31.569  07.415  0029.05  00.87  08.11  289.6  009.26  30.554  1023.998  1475.19 
2025 01 22 08 41 43.25  31.572  07.422  0029.03  00.86  08.11  289.6  009.26  30.551  1023.995  1475.21 
2025 01 22 08 41 43.37  31.576  07.432  0028.99  00.86  08.11  289.6  009.26  30.546  1023.989  1475.24 
2025 01 22 08 41 43.50  31.580  07.437  0028.91  00.85  08.11  289.6  009.29  30.546  1023.988  1475.26 
2025 01 22 08 41 43.62  31.580  07.443  0028.86  00.88  08.11  289.6  009.26  30.542  1023.984  1475.28 
2025 01 22 08 41 43.75  31.581  07.446  0028.81  00.98  08.11  289.6  009.26  30.539  1023.981  1475.29 
2025 01 22 08 41 43.87  31.582  07.452  0028.79  00.99  08.11  289.6  009.26  30.536  1023.977  1475.30 
2025 01 22 08 41 44.00  31.582  07.451  0028.75  00.93  08.11  289.6  009.26  30.536  1023.978  1475.30 
2025 01 22 08 41 44.12  31.581  07.449  0028.74  00.89  08.11  289.6  009.26  30.537  1023.979  1475.29 
2025 01 22 08 41 44.25  31.580  07.440  0028.76  00.85  08.12  289.6  009.26  30.543  1023.984  1475.27 
2025 01 22 08 41 44.37  31.579  07.437  0028.80  00.88  08.11  289.6  009.26  30.545  1023.987  1475.26 
2025 01 22 08 41 44.50  31.581  07.445  0028.82  00.88  08.11  289.6  009.26  30.541  1023.983  1475.28 
2025 01 22 08 41 44.62  31.583  07.450  0028.85  00.93  08.12  289.6  009.26  30.538  1023.980  1475.30 
2025 01 22 08 41 44.75  31.583  07.449  0028.84  00.95  08.12  289.6  009.26  30.539  1023.980  1475.30 
2025 01 22 08 41 44.87  31.584  07.451  0028.85  00.96  08.12  289.6  009.26  30.538  1023.979  1475.30 
2025 01 22 08 41 45.00  31.583  07.448  0028.77  00.95  08.11  289.6  009.26  30.540  1023.981  1475.29 
2025 01 22 08 41 45.12  31.583  07.452  0028.70  00.94  08.11  289.6  009.26  30.536  1023.978  1475.30 
2025 01 22 08 41 45.25  31.584  07.455  0028.63  00.95  08.12  289.6  009.26  30.535  1023.976  1475.31 
2025 01 22 08 41 45.37  31.585  07.456  0028.58  00.93  08.12  289.6  009.26  30.535  1023.975  1475.32 
2025 01 22 08 41 45.50  31.586  07.458  0028.52  00.90  08.12  289.6  009.26  30.534  1023.974  1475.32 
2025 01 22 08 41 45.62  31.586  07.459  0028.50  01.04  08.12  289.6  009.26  30.534  1023.974  1475.32 
2025 01 22 08 41 45.75  31.586  07.457  0028.48  01.02  08.12  289.6  009.26  30.535  1023.975  1475.32 
2025 01 22 08 41 45.87  31.585  07.456  0028.50  00.92  08.12  289.6  009.26  30.535  1023.975  1475.31 
2025 01 22 08 41 46.00  31.584  07.455  0028.53  00.91  08.12  289.6  009.26  30.535  1023.975  1475.31 
2025 01 22 08 41 46.12  31.587  07.470  0028.58  00.86  08.12  289.4  009.26  30.524  1023.965  1475.36 
2025 01 22 08 41 46.25  31.594  07.503  0028.60  00.88  08.12  289.4  009.26  30.503  1023.944  1475.46 
2025 01 22 08 41 46.37  31.592  07.470  0028.62  00.90  08.12  289.4  009.26  30.530  1023.969  1475.36 
2025 01 22 08 41 46.50  31.588  07.463  0028.64  00.92  08.12  289.4  009.26  30.533  1023.973  1475.34 
2025 01 22 08 41 46.62  31.590  07.476  0028.61  00.90  08.12  289.4  009.26  30.523  1023.963  1475.38 
2025 01 22 08 41 46.75  31.590  07.472  0028.53  00.85  08.12  289.4  009.26  30.526  1023.966  1475.37 
2025 01 22 08 41 46.87  31.589  07.468  0028.42  00.81  08.12  289.4  009.26  30.529  1023.969  1475.35 
2025 01 22 08 41 47.00  31.586  07.464  0028.34  00.81  08.12  289.4  009.26  30.529  1023.968  1475.33 
2025 01 22 08 41 47.12  31.586  07.473  0028.26  00.83  08.12  289.4  009.26  30.521  1023.961  1475.36 
2025 01 22 08 41 47.25  31.588  07.474  0028.21  00.90  08.12  289.4  009.26  30.522  1023.961  1475.36 
2025 01 22 08 41 47.37  31.589  07.476  0028.17  00.94  08.12  289.4  009.26  30.522  1023.961  1475.37 
2025 01 22 08 41 47.50  31.592  07.477  0028.17  00.91  08.12  289.4  009.26  30.524  1023.962  1475.37 
2025 01 22 08 41 47.62  31.594  07.486  0028.17  00.89  08.12  289.4  009.26  30.518  1023.956  1475.40 
2025 01 22 08 41 47.75  31.599  07.501  0028.22  00.92  08.12  289.4  009.26  30.510  1023.948  1475.45 
2025 01 22 08 41 47.87  31.599  07.490  0028.24  00.88  08.12  289.4  009.26  30.520  1023.958  1475.42 
2025 01 22 08 41 48.00  31.596  07.490  0028.28  00.88  08.11  289.4  009.26  30.516  1023.955  1475.42 
2025 01 22 08 41 48.12  31.593  07.484  0028.32  00.93  08.11  289.4  009.26  30.519  1023.958  1475.40 
2025 01 22 08 41 48.25  31.592  07.480  0028.34  00.90  08.12  289.4  009.26  30.522  1023.960  1475.39 
2025 01 22 08 41 48.37  31.592  07.481  0028.30  00.89  08.12  289.4  009.26  30.521  1023.959  1475.39 
2025 01 22 08 41 48.50  31.592  07.479  0028.24  00.88  08.12  289.4  009.26  30.522  1023.961  1475.38 
2025 01 22 08 41 48.62  31.595  07.485  0028.16  00.86  08.12  289.4  009.26  30.520  1023.958  1475.40 
2025 01 22 08 41 48.75  31.601  07.507  0028.04  00.80  08.12  289.4  009.26  30.508  1023.945  1475.47 
2025 01 22 08 41 48.87  31.607  07.541  0027.93  00.79  08.12  289.4  009.26  30.485  1023.921  1475.57 
2025 01 22 08 41 49.00  31.613  07.560  0027.85  00.79  08.12  289.4  009.26  30.474  1023.910  1475.63 
2025 01 22 08 41 49.12  31.614  07.556  0027.82  00.80  08.12  289.3  009.26  30.478  1023.914  1475.62 
2025 01 22 08 41 49.25  31.610  07.545  0027.80  00.83  08.12  289.3  009.26  30.483  1023.919  1475.58 
2025 01 22 08 41 49.37  31.608  07.547  0027.80  00.83  08.12  289.3  009.26  30.481  1023.917  1475.58 
2025 01 22 08 41 49.50  31.612  07.552  0027.82  00.85  08.12  289.3  009.26  30.480  1023.916  1475.61 
2025 01 22 08 41 49.62  31.615  07.562  0027.85  00.89  08.12  289.3  009.26  30.474  1023.910  1475.64 
2025 01 22 08 41 49.75  31.616  07.579  0027.86  00.92  08.12  289.3  009.26  30.461  1023.897  1475.69 
2025 01 22 08 41 49.87  31.617  07.586  0027.83  00.92  08.12  289.3  009.26  30.455  1023.892  1475.71 
2025 01 22 08 41 50.00  31.617  07.580  0027.82  00.94  08.12  289.3  009.26  30.460  1023.896  1475.69 
2025 01 22 08 41 50.12  31.618  07.581  0027.77  00.95  08.12  289.3  009.26  30.461  1023.897  1475.69 
2025 01 22 08 41 50.25  31.619  07.581  0027.75  01.00  08.12  289.3  009.26  30.462  1023.897  1475.69 
2025 01 22 08 41 50.37  31.619  07.582  0027.73  00.94  08.12  289.3  009.26  30.462  1023.897  1475.70 
2025 01 22 08 41 50.50  31.620  07.582  0027.67  00.92  08.12  289.3  009.26  30.462  1023.897  1475.70 
2025 01 22 08 41 50.62  31.619  07.581  0027.61  00.93  08.12  289.3  009.26  30.462  1023.897  1475.69 
2025 01 22 08 41 50.75  31.619  07.579  0027.54  00.95  08.12  289.3  009.26  30.464  1023.898  1475.69 
2025 01 22 08 41 50.87  31.620  07.582  0027.49  00.99  08.12  289.3  009.26  30.462  1023.896  1475.69 
2025 01 22 08 41 51.00  31.621  07.582  0027.47  00.97  08.11  289.3  009.26  30.464  1023.897  1475.69 
2025 01 22 08 41 51.12  31.620  07.580  0027.48  00.93  08.11  289.3  009.26  30.464  1023.898  1475.69 
2025 01 22 08 41 51.25  31.621  07.583  0027.46  00.93  08.12  289.3  009.26  30.463  1023.896  1475.70 
2025 01 22 08 41 51.37  31.623  07.584  0027.49  00.90  08.12  289.3  009.26  30.464  1023.897  1475.70 
2025 01 22 08 41 51.50  31.623  07.592  0027.48  00.87  08.12  289.3  009.26  30.456  1023.890  1475.72 
2025 01 22 08 41 51.62  31.623  07.597  0027.47  00.85  08.12  289.3  009.26  30.452  1023.886  1475.74 
2025 01 22 08 41 51.75  31.623  07.599  0027.42  00.87  08.12  289.3  009.26  30.450  1023.885  1475.74 
2025 01 22 08 41 51.87  31.623  07.604  0027.35  00.88  08.12  289.3  009.26  30.446  1023.880  1475.76 
2025 01 22 08 41 52.00  31.623  07.607  0027.29  00.90  08.12  289.3  009.26  30.444  1023.878  1475.76 
2025 01 22 08 41 52.12  31.623  07.614  0027.24  00.88  08.12  289.2  009.26  30.438  1023.871  1475.78 
2025 01 22 08 41 52.25  31.623  07.613  0027.19  00.88  08.12  289.2  009.26  30.438  1023.872  1475.78 
2025 01 22 08 41 52.37  31.622  07.601  0027.14  00.92  08.12  289.2  009.26  30.447  1023.880  1475.74 
2025 01 22 08 41 52.50  31.622  07.594  0027.11  00.94  08.12  289.2  009.26  30.454  1023.886  1475.72 
2025 01 22 08 41 52.62  31.623  07.594  0027.08  00.94  08.12  289.2  009.26  30.454  1023.887  1475.72 
2025 01 22 08 41 52.75  31.623  07.597  0027.10  00.98  08.12  289.2  009.26  30.453  1023.885  1475.73 
2025 01 22 08 41 52.87  31.622  07.601  0027.10  01.00  08.12  289.2  009.26  30.448  1023.881  1475.74 
2025 01 22 08 41 53.00  31.622  07.600  0027.12  00.99  08.12  289.2  009.26  30.448  1023.881  1475.74 
2025 01 22 08 41 53.12  31.623  07.599  0027.10  00.97  08.12  289.2  009.26  30.450  1023.883  1475.74 
2025 01 22 08 41 53.25  31.623  07.600  0027.09  00.94  08.12  289.2  009.26  30.450  1023.883  1475.74 
2025 01 22 08 41 53.37  31.625  07.622  0027.03  00.89  08.12  289.2  009.26  30.433  1023.866  1475.80 
2025 01 22 08 41 53.50  31.625  07.633  0026.94  00.96  08.12  289.2  009.26  30.423  1023.856  1475.83 
2025 01 22 08 41 53.62  31.625  07.636  0026.88  00.98  08.12  289.2  009.26  30.420  1023.853  1475.84 
2025 01 22 08 41 53.75  31.624  07.639  0026.85  01.00  08.12  289.2  009.26  30.417  1023.850  1475.85 
2025 01 22 08 41 53.87  31.624  07.636  0026.82  01.00  08.12  289.2  009.26  30.420  1023.853  1475.84 
2025 01 22 08 41 54.00  31.624  07.633  0026.80  01.00  08.11  289.2  009.26  30.422  1023.855  1475.83 
2025 01 22 08 41 54.12  31.624  07.632  0026.77  00.96  08.12  289.2  009.26  30.423  1023.856  1475.83 
2025 01 22 08 41 54.25  31.625  07.636  0026.74  01.00  08.12  289.2  009.26  30.421  1023.853  1475.84 
2025 01 22 08 41 54.37  31.626  07.638  0026.69  01.05  08.12  289.2  009.26  30.420  1023.852  1475.84 
2025 01 22 08 41 54.50  31.625  07.640  0026.66  01.04  08.12  289.2  009.26  30.417  1023.849  1475.85 
2025 01 22 08 41 54.62  31.625  07.637  0026.63  00.99  08.12  289.2  009.26  30.420  1023.851  1475.84 
2025 01 22 08 41 54.75  31.626  07.638  0026.62  00.99  08.12  289.2  009.26  30.420  1023.852  1475.84 
2025 01 22 08 41 54.87  31.625  07.637  0026.61  01.01  08.12  289.2  009.26  30.420  1023.852  1475.84 
2025 01 22 08 41 55.00  31.625  07.636  0026.58  00.97  08.12  289.2  009.26  30.421  1023.852  1475.84 
2025 01 22 08 41 55.12  31.625  07.636  0026.56  00.94  08.12  289.0  009.26  30.420  1023.852  1475.84 
2025 01 22 08 41 55.25  31.625  07.642  0026.53  00.97  08.12  289.0  009.29  30.415  1023.847  1475.85 
2025 01 22 08 41 55.37  31.624  07.642  0026.51  00.96  08.12  289.0  009.26  30.414  1023.846  1475.85 
2025 01 22 08 41 55.50  31.624  07.643  0026.50  00.93  08.12  289.0  009.26  30.414  1023.845  1475.85 
2025 01 22 08 41 55.62  31.624  07.642  0026.50  00.88  08.12  289.0  009.26  30.414  1023.846  1475.85 
2025 01 22 08 41 55.75  31.624  07.642  0026.51  00.94  08.12  289.0  009.26  30.415  1023.846  1475.85 
2025 01 22 08 41 55.87  31.625  07.642  0026.49  00.97  08.12  289.0  009.26  30.415  1023.846  1475.85 
2025 01 22 08 41 56.00  31.625  07.652  0026.44  00.96  08.12  289.0  009.26  30.407  1023.839  1475.88 
2025 01 22 08 41 56.12  31.626  07.652  0026.37  00.96  08.12  289.0  009.26  30.408  1023.839  1475.88 
2025 01 22 08 41 56.25  31.628  07.665  0026.30  00.97  08.12  289.0  009.26  30.399  1023.830  1475.92 
2025 01 22 08 41 56.37  31.629  07.674  0026.24  00.95  08.12  289.0  009.26  30.392  1023.823  1475.94 
2025 01 22 08 41 56.50  31.630  07.677  0026.19  00.99  08.12  289.0  009.26  30.390  1023.821  1475.95 
2025 01 22 08 41 56.62  31.630  07.671  0026.19  01.02  08.12  289.0  009.26  30.395  1023.825  1475.93 
2025 01 22 08 41 56.75  31.628  07.669  0026.19  00.99  08.12  289.0  009.26  30.395  1023.826  1475.93 
2025 01 22 08 41 56.87  31.628  07.666  0026.23  00.98  08.12  289.0  009.26  30.398  1023.829  1475.92 
2025 01 22 08 41 57.00  31.634  07.680  0026.25  00.98  08.11  289.0  009.26  30.392  1023.822  1475.96 
2025 01 22 08 41 57.12  31.634  07.687  0026.26  00.96  08.12  289.0  009.26  30.386  1023.816  1475.98 
2025 01 22 08 41 57.25  31.632  07.684  0026.28  00.95  08.12  289.0  009.26  30.386  1023.817  1475.97 
2025 01 22 08 41 57.37  31.632  07.681  0026.28  00.93  08.12  289.0  009.26  30.389  1023.820  1475.97 
2025 01 22 08 41 57.50  31.634  07.683  0026.27  00.92  08.12  289.0  009.26  30.389  1023.819  1475.97 
2025 01 22 08 41 57.62  31.636  07.687  0026.28  00.94  08.12  289.0  009.26  30.388  1023.818  1475.99 
2025 01 22 08 41 57.75  31.637  07.691  0026.26  00.97  08.12  289.0  009.26  30.386  1023.816  1476.00 
2025 01 22 08 41 57.87  31.638  07.688  0026.20  00.98  08.12  289.0  009.26  30.389  1023.818  1475.99 
2025 01 22 08 41 58.00  31.639  07.688  0026.13  00.98  08.13  289.0  009.26  30.391  1023.820  1475.99 
2025 01 22 08 41 58.12  31.641  07.698  0026.02  01.03  08.12  288.7  009.26  30.384  1023.812  1476.02 
2025 01 22 08 41 58.25  31.646  07.704  0025.89  01.00  08.12  288.7  009.26  30.385  1023.812  1476.04 
2025 01 22 08 41 58.37  31.659  07.725  0025.78  00.98  08.12  288.7  009.26  30.379  1023.804  1476.12 
2025 01 22 08 41 58.50  31.662  07.728  0025.68  00.99  08.12  288.7  009.26  30.379  1023.803  1476.13 
2025 01 22 08 41 58.62  31.662  07.728  0025.63  00.97  08.12  288.7  009.26  30.380  1023.803  1476.12 
2025 01 22 08 41 58.75  31.664  07.733  0025.63  00.93  08.12  288.7  009.26  30.378  1023.801  1476.14 
2025 01 22 08 41 58.87  31.667  07.741  0025.63  00.96  08.12  288.7  009.26  30.375  1023.797  1476.17 
2025 01 22 08 41 59.00  31.672  07.745  0025.67  00.96  08.12  288.7  009.26  30.376  1023.798  1476.19 
2025 01 22 08 41 59.12  31.675  07.747  0025.73  01.07  08.12  288.7  009.26  30.377  1023.799  1476.20 
2025 01 22 08 41 59.25  31.669  07.739  0025.77  01.07  08.12  288.7  009.26  30.378  1023.800  1476.17 
2025 01 22 08 41 59.37  31.667  07.740  0025.81  01.07  08.12  288.7  009.26  30.375  1023.798  1476.17 
2025 01 22 08 41 59.50  31.668  07.740  0025.82  01.16  08.12  288.7  009.26  30.376  1023.799  1476.17 
2025 01 22 08 41 59.62  31.668  07.742  0025.81  01.07  08.12  288.7  009.26  30.374  1023.798  1476.17 
2025 01 22 08 41 59.75  31.670  07.741  0025.77  01.00  08.12  288.7  009.26  30.377  1023.800  1476.17 
2025 01 22 08 41 59.87  31.670  07.739  0025.71  00.95  08.12  288.7  009.26  30.378  1023.801  1476.17 
2025 01 22 08 42 00.00  31.671  07.743  0025.66  00.94  08.12  288.7  009.26  30.377  1023.799  1476.18 
2025 01 22 08 42 00.12  31.674  07.744  0025.63  00.96  08.12  288.7  009.26  30.379  1023.800  1476.18 
2025 01 22 08 42 00.25  31.674  07.744  0025.63  00.97  08.12  288.7  009.26  30.380  1023.801  1476.18 
2025 01 22 08 42 00.37  31.673  07.745  0025.66  00.99  08.13  288.7  009.26  30.377  1023.798  1476.19 
2025 01 22 08 42 00.50  31.674  07.749  0025.71  01.00  08.13  288.7  009.26  30.375  1023.797  1476.20 
2025 01 22 08 42 00.62  31.669  07.735  0025.76  01.02  08.13  288.7  009.26  30.381  1023.804  1476.15 
2025 01 22 08 42 00.75  31.657  07.715  0025.82  01.03  08.13  288.7  009.26  30.386  1023.811  1476.08 
2025 01 22 08 42 00.87  31.649  07.710  0025.84  00.97  08.13  288.7  009.26  30.382  1023.808  1476.06 
2025 01 22 08 42 01.00  31.650  07.711  0025.85  00.93  08.13  288.7  009.26  30.383  1023.809  1476.06 
2025 01 22 08 42 01.12  31.653  07.723  0025.82  00.95  08.13  288.6  009.26  30.375  1023.801  1476.10 
2025 01 22 08 42 01.25  31.653  07.716  0025.73  00.91  08.13  288.6  009.29  30.381  1023.806  1476.08 
2025 01 22 08 42 01.37  31.654  07.718  0025.67  00.89  08.12  288.6  009.26  30.381  1023.805  1476.09 
2025 01 22 08 42 01.50  31.662  07.729  0025.63  00.93  08.13  288.6  009.26  30.379  1023.802  1476.13 
2025 01 22 08 42 01.62  31.667  07.729  0025.59  01.00  08.12  288.6  009.26  30.385  1023.807  1476.13 
2025 01 22 08 42 01.75  31.664  07.728  0025.57  01.04  08.12  288.6  009.26  30.382  1023.804  1476.13 
2025 01 22 08 42 01.87  31.662  07.729  0025.57  01.04  08.12  288.6  009.26  30.379  1023.802  1476.13 
2025 01 22 08 42 02.00  31.664  07.732  0025.61  01.03  08.13  288.6  009.26  30.379  1023.802  1476.14 
2025 01 22 08 42 02.12  31.667  07.735  0025.64  01.00  08.13  288.6  009.26  30.379  1023.802  1476.15 
2025 01 22 08 42 02.25  31.666  07.733  0025.64  00.97  08.12  288.6  009.26  30.380  1023.803  1476.14 
2025 01 22 08 42 02.37  31.662  07.724  0025.64  01.03  08.12  288.6  009.26  30.384  1023.807  1476.11 
2025 01 22 08 42 02.50  31.665  07.733  0025.59  01.00  08.13  288.6  009.26  30.378  1023.801  1476.14 
2025 01 22 08 42 02.62  31.671  07.741  0025.49  00.99  08.13  288.6  009.26  30.379  1023.800  1476.17 
2025 01 22 08 42 02.75  31.674  07.747  0025.38  00.96  08.13  288.6  009.26  30.376  1023.796  1476.19 
2025 01 22 08 42 02.87  31.679  07.753  0025.31  00.93  08.13  288.6  009.26  30.376  1023.795  1476.21 
2025 01 22 08 42 03.00  31.685  07.763  0025.26  00.92  08.12  288.6  009.26  30.374  1023.792  1476.25 
2025 01 22 08 42 03.12  31.686  07.762  0025.25  00.92  08.12  288.6  009.26  30.376  1023.794  1476.25 
2025 01 22 08 42 03.25  31.685  07.762  0025.23  00.95  08.13  288.6  009.26  30.375  1023.793  1476.24 
2025 01 22 08 42 03.37  31.687  07.768  0025.25  00.97  08.13  288.6  009.26  30.372  1023.790  1476.26 
2025 01 22 08 42 03.50  31.690  07.776  0025.26  00.97  08.13  288.6  009.26  30.369  1023.786  1476.29 
2025 01 22 08 42 03.62  31.690  07.773  0025.27  01.00  08.13  288.6  009.26  30.371  1023.788  1476.28 
2025 01 22 08 42 03.75  31.693  07.787  0025.28  01.00  08.13  288.6  009.26  30.361  1023.779  1476.32 
2025 01 22 08 42 03.87  31.694  07.788  0025.27  01.04  08.13  288.6  009.26  30.362  1023.780  1476.33 
2025 01 22 08 42 04.00  31.695  07.788  0025.28  01.01  08.13  288.6  009.26  30.363  1023.781  1476.33 
2025 01 22 08 42 04.12  31.696  07.787  0025.29  01.00  08.13  288.9  009.26  30.365  1023.782  1476.33 
2025 01 22 08 42 04.25  31.697  07.786  0025.32  00.98  08.13  288.9  009.26  30.366  1023.783  1476.33 
2025 01 22 08 42 04.37  31.696  07.783  0025.35  00.97  08.13  288.9  009.26  30.368  1023.785  1476.32 
2025 01 22 08 42 04.50  31.693  07.778  0025.39  01.02  08.13  288.9  009.26  30.370  1023.788  1476.30 
2025 01 22 08 42 04.62  31.691  07.770  0025.41  01.05  08.13  288.9  009.26  30.374  1023.792  1476.28 
2025 01 22 08 42 04.75  31.689  07.775  0025.39  01.05  08.13  288.9  009.26  30.369  1023.787  1476.29 
2025 01 22 08 42 04.87  31.692  07.781  0025.34  01.08  08.13  288.9  009.26  30.366  1023.784  1476.30 
2025 01 22 08 42 05.00  31.693  07.775  0025.23  01.07  08.13  288.9  009.26  30.372  1023.789  1476.29 
2025 01 22 08 42 05.12  31.699  07.796  0025.10  01.02  08.13  288.9  009.26  30.360  1023.776  1476.35 
2025 01 22 08 42 05.25  31.703  07.805  0024.98  01.02  08.13  288.9  009.26  30.357  1023.772  1476.38 
2025 01 22 08 42 05.37  31.704  07.808  0024.86  01.09  08.13  288.9  009.26  30.355  1023.769  1476.39 
2025 01 22 08 42 05.50  31.703  07.809  0024.79  01.10  08.13  288.9  009.26  30.354  1023.768  1476.39 
2025 01 22 08 42 05.62  31.703  07.808  0024.75  01.09  08.13  288.9  009.26  30.354  1023.768  1476.39 
2025 01 22 08 42 05.75  31.703  07.808  0024.73  01.05  08.13  288.9  009.26  30.354  1023.768  1476.39 
2025 01 22 08 42 05.87  31.703  07.815  0024.71  01.07  08.13  288.9  009.26  30.349  1023.763  1476.40 
2025 01 22 08 42 06.00  31.703  07.814  0024.75  01.06  08.12  288.9  009.26  30.349  1023.763  1476.40 
2025 01 22 08 42 06.12  31.704  07.817  0024.76  01.08  08.12  288.9  009.26  30.347  1023.761  1476.41 
2025 01 22 08 42 06.25  31.703  07.831  0024.81  01.05  08.13  288.9  009.26  30.334  1023.750  1476.45 
2025 01 22 08 42 06.37  31.701  07.847  0024.87  01.01  08.13  288.9  009.26  30.318  1023.735  1476.49 
2025 01 22 08 42 06.50  31.700  07.848  0024.91  01.02  08.13  288.9  009.26  30.316  1023.734  1476.49 
2025 01 22 08 42 06.62  31.698  07.841  0024.95  01.02  08.13  288.9  009.26  30.320  1023.738  1476.47 
2025 01 22 08 42 06.75  31.698  07.836  0024.96  01.00  08.13  288.9  009.26  30.325  1023.742  1476.46 
2025 01 22 08 42 06.87  31.700  07.838  0024.91  01.00  08.13  288.9  009.26  30.324  1023.741  1476.47 
2025 01 22 08 42 07.00  31.699  07.840  0024.86  01.02  08.13  288.9  009.26  30.322  1023.739  1476.47 
2025 01 22 08 42 07.12  31.700  07.848  0024.75  01.03  08.13  289.3  009.29  30.316  1023.733  1476.49 
2025 01 22 08 42 07.25  31.703  07.851  0024.66  01.02  08.13  289.3  009.26  30.317  1023.732  1476.50 
2025 01 22 08 42 07.37  31.704  07.855  0024.58  00.98  08.13  289.3  009.26  30.315  1023.730  1476.51 
2025 01 22 08 42 07.50  31.705  07.858  0024.52  00.94  08.13  289.3  009.26  30.314  1023.728  1476.52 
2025 01 22 08 42 07.62  31.705  07.858  0024.47  00.96  08.13  289.3  009.26  30.312  1023.727  1476.52 
2025 01 22 08 42 07.75  31.704  07.855  0024.46  01.02  08.13  289.3  009.26  30.314  1023.729  1476.51 
2025 01 22 08 42 07.87  31.704  07.854  0024.47  01.04  08.13  289.3  009.26  30.315  1023.730  1476.51 
2025 01 22 08 42 08.00  31.705  07.861  0024.49  01.07  08.13  289.3  009.26  30.311  1023.725  1476.53 
2025 01 22 08 42 08.12  31.708  07.869  0024.55  01.11  08.13  289.3  009.26  30.307  1023.722  1476.56 
2025 01 22 08 42 08.25  31.709  07.874  0024.60  01.08  08.13  289.3  009.26  30.304  1023.718  1476.58 
2025 01 22 08 42 08.37  31.709  07.870  0024.67  01.04  08.13  289.3  009.26  30.308  1023.723  1476.56 
2025 01 22 08 42 08.50  31.709  07.869  0024.66  01.03  08.13  289.3  009.26  30.308  1023.723  1476.56 
2025 01 22 08 42 08.62  31.709  07.867  0024.69  01.06  08.13  289.3  009.26  30.310  1023.725  1476.56 
2025 01 22 08 42 08.75  31.709  07.868  0024.67  01.11  08.13  289.3  009.26  30.308  1023.723  1476.56 
2025 01 22 08 42 08.87  31.709  07.869  0024.65  01.07  08.13  289.3  009.26  30.308  1023.723  1476.56 
2025 01 22 08 42 09.00  31.709  07.872  0024.61  01.07  08.12  289.3  009.26  30.306  1023.720  1476.57 
2025 01 22 08 42 09.12  31.710  07.873  0024.54  01.05  08.12  289.3  009.26  30.306  1023.720  1476.57 
2025 01 22 08 42 09.25  31.713  07.875  0024.51  01.04  08.13  289.3  009.26  30.306  1023.720  1476.58 
2025 01 22 08 42 09.37  31.709  07.880  0024.43  01.03  08.13  289.3  009.26  30.298  1023.713  1476.59 
2025 01 22 08 42 09.50  31.701  07.887  0024.37  01.01  08.13  289.3  009.26  30.284  1023.700  1476.60 
2025 01 22 08 42 09.62  31.699  07.893  0024.33  01.01  08.13  289.3  009.26  30.277  1023.694  1476.61 
2025 01 22 08 42 09.75  31.701  07.887  0024.32  01.05  08.13  289.3  009.26  30.284  1023.700  1476.59 
2025 01 22 08 42 09.87  31.701  07.887  0024.32  01.07  08.13  289.3  009.26  30.284  1023.700  1476.60 
2025 01 22 08 42 10.00  31.701  07.887  0024.35  01.09  08.13  289.3  009.26  30.284  1023.700  1476.60 
2025 01 22 08 42 10.12  31.701  07.896  0024.37  01.12  08.13  288.8  009.26  30.276  1023.693  1476.62 
2025 01 22 08 42 10.25  31.700  07.908  0024.42  01.26  08.13  288.8  009.26  30.264  1023.682  1476.65 
2025 01 22 08 42 10.37  31.697  07.903  0024.46  01.19  08.13  288.8  009.26  30.266  1023.684  1476.64 
2025 01 22 08 42 10.50  31.694  07.901  0024.49  01.15  08.13  288.8  009.26  30.265  1023.684  1476.63 
2025 01 22 08 42 10.62  31.693  07.893  0024.54  01.14  08.13  288.8  009.26  30.271  1023.690  1476.60 
2025 01 22 08 42 10.75  31.695  07.889  0024.58  01.14  08.13  288.8  009.26  30.276  1023.695  1476.60 
2025 01 22 08 42 10.87  31.699  07.888  0024.59  01.09  08.13  288.8  009.26  30.281  1023.699  1476.60 
2025 01 22 08 42 11.00  31.698  07.890  0024.54  01.02  08.13  288.8  009.26  30.278  1023.696  1476.60 
2025 01 22 08 42 11.12  31.696  07.896  0024.47  01.00  08.13  288.8  009.26  30.271  1023.689  1476.61 
2025 01 22 08 42 11.25  31.697  07.904  0024.41  01.03  08.13  288.8  009.26  30.265  1023.683  1476.64 
2025 01 22 08 42 11.37  31.701  07.913  0024.36  01.03  08.13  288.8  009.26  30.261  1023.679  1476.67 
2025 01 22 08 42 11.50  31.701  07.914  0024.32  01.04  08.13  288.8  009.26  30.260  1023.677  1476.67 
2025 01 22 08 42 11.62  31.701  07.911  0024.30  01.12  08.13  288.8  009.26  30.264  1023.681  1476.66 
2025 01 22 08 42 11.75  31.701  07.912  0024.30  01.15  08.13  288.8  009.26  30.261  1023.679  1476.66 
2025 01 22 08 42 11.87  31.701  07.917  0024.33  01.14  08.13  288.8  009.26  30.257  1023.675  1476.68 
2025 01 22 08 42 12.00  31.702  07.919  0024.36  01.16  08.13  288.8  009.26  30.258  1023.675  1476.68 
2025 01 22 08 42 12.12  31.705  07.949  0024.43  01.16  08.13  288.8  009.26  30.235  1023.654  1476.77 
2025 01 22 08 42 12.25  31.703  07.925  0024.47  01.12  08.13  288.8  009.26  30.253  1023.671  1476.70 
2025 01 22 08 42 12.37  31.701  07.920  0024.50  01.12  08.13  288.8  009.26  30.255  1023.674  1476.69 
2025 01 22 08 42 12.50  31.701  07.912  0024.53  01.12  08.13  288.8  009.26  30.262  1023.680  1476.67 
2025 01 22 08 42 12.62  31.698  07.907  0024.54  01.08  08.13  288.8  009.26  30.263  1023.682  1476.65 
2025 01 22 08 42 12.75  31.698  07.909  0024.55  01.07  08.13  288.8  009.26  30.262  1023.680  1476.66 
2025 01 22 08 42 12.87  31.700  07.916  0024.52  01.00  08.13  288.8  009.26  30.257  1023.676  1476.68 
2025 01 22 08 42 13.00  31.702  07.922  0024.50  00.99  08.14  288.8  009.26  30.255  1023.673  1476.69 
2025 01 22 08 42 13.12  31.702  07.922  0024.45  01.05  08.13  288.9  009.26  30.254  1023.673  1476.70 
2025 01 22 08 42 13.25  31.705  07.930  0024.40  01.08  08.13  288.9  009.26  30.251  1023.668  1476.72 
2025 01 22 08 42 13.37  31.706  07.935  0024.37  01.03  08.13  288.9  009.26  30.247  1023.665  1476.74 
2025 01 22 08 42 13.50  31.709  07.940  0024.34  01.07  08.13  288.9  009.26  30.246  1023.663  1476.75 
2025 01 22 08 42 13.62  31.709  07.936  0024.34  01.72  08.13  288.9  009.26  30.250  1023.666  1476.74 
2025 01 22 08 42 13.75  31.707  07.938  0024.34  01.55  08.13  288.9  009.26  30.246  1023.664  1476.74 
2025 01 22 08 42 13.87  31.707  07.937  0024.37  01.32  08.13  288.9  009.26  30.247  1023.664  1476.74 
2025 01 22 08 42 14.00  31.709  07.943  0024.42  01.22  08.13  288.9  009.26  30.243  1023.660  1476.76 
2025 01 22 08 42 14.12  31.706  07.939  0024.43  01.16  08.13  288.9  009.26  30.244  1023.662  1476.75 
2025 01 22 08 42 14.25  31.704  07.929  0024.45  01.08  08.13  288.9  009.26  30.251  1023.669  1476.71 
2025 01 22 08 42 14.37  31.701  07.920  0024.48  00.98  08.13  288.9  009.26  30.256  1023.674  1476.69 
2025 01 22 08 42 14.50  31.701  07.917  0024.51  00.97  08.13  288.9  009.26  30.259  1023.677  1476.68 
2025 01 22 08 42 14.62  31.702  07.918  0024.55  01.00  08.13  288.9  009.26  30.258  1023.677  1476.68 
2025 01 22 08 42 14.75  31.702  07.914  0024.58  00.96  08.13  288.9  009.26  30.262  1023.680  1476.67 
2025 01 22 08 42 14.87  31.701  07.908  0024.61  00.98  08.13  288.9  009.26  30.265  1023.684  1476.66 
2025 01 22 08 42 15.00  31.698  07.905  0024.63  00.96  08.13  288.9  009.26  30.266  1023.685  1476.64 
2025 01 22 08 42 15.12  31.699  07.904  0024.61  00.96  08.13  288.9  009.26  30.267  1023.686  1476.64 
2025 01 22 08 42 15.25  31.699  07.909  0024.59  00.97  08.13  288.9  009.26  30.263  1023.681  1476.66 
2025 01 22 08 42 15.37  31.699  07.913  0024.60  00.95  08.13  288.9  009.26  30.259  1023.678  1476.67 
2025 01 22 08 42 15.50  31.699  07.912  0024.56  00.93  08.13  288.9  009.26  30.260  1023.679  1476.66 
2025 01 22 08 42 15.62  31.700  07.911  0024.52  00.94  08.13  288.9  009.26  30.262  1023.680  1476.66 
2025 01 22 08 42 15.75  31.701  07.913  0024.52  00.98  08.13  288.9  009.26  30.260  1023.679  1476.67 
2025 01 22 08 42 15.87  31.701  07.916  0024.50  01.00  08.13  288.9  009.26  30.259  1023.677  1476.68 
2025 01 22 08 42 16.00  31.702  07.917  0024.50  01.04  08.14  288.9  009.26  30.259  1023.677  1476.68 
2025 01 22 08 42 16.12  31.702  07.920  0024.51  01.06  08.13  288.3  009.26  30.257  1023.675  1476.69 
2025 01 22 08 42 16.25  31.701  07.921  0024.54  01.13  08.13  288.3  009.26  30.255  1023.674  1476.69 
2025 01 22 08 42 16.37  31.700  07.916  0024.60  01.13  08.13  288.3  009.26  30.258  1023.677  1476.68 
2025 01 22 08 42 16.50  31.697  07.903  0024.65  01.10  08.13  288.3  009.26  30.266  1023.685  1476.64 
2025 01 22 08 42 16.62  31.696  07.889  0024.69  01.13  08.13  288.3  009.26  30.276  1023.695  1476.60 
2025 01 22 08 42 16.75  31.700  07.889  0024.72  01.07  08.13  288.3  009.26  30.281  1023.699  1476.60 
2025 01 22 08 42 16.87  31.706  07.890  0024.73  01.02  08.13  288.3  009.26  30.286  1023.703  1476.62 
2025 01 22 08 42 17.00  31.708  07.889  0024.77  01.07  08.13  288.3  009.26  30.289  1023.706  1476.62 
2025 01 22 08 42 17.12  31.708  07.888  0024.75  01.04  08.13  288.3  009.26  30.290  1023.706  1476.61 
2025 01 22 08 42 17.25  31.705  07.892  0024.72  01.01  08.13  288.3  009.26  30.284  1023.701  1476.62 
2025 01 22 08 42 17.37  31.704  07.892  0024.66  01.02  08.13  288.3  009.26  30.282  1023.699  1476.62 
2025 01 22 08 42 17.50  31.702  07.888  0024.61  01.04  08.13  288.3  009.26  30.284  1023.701  1476.60 
2025 01 22 08 42 17.62  31.698  07.889  0024.54  01.07  08.13  288.3  009.26  30.279  1023.697  1476.60 
2025 01 22 08 42 17.75  31.698  07.895  0024.49  01.12  08.13  288.3  009.26  30.274  1023.692  1476.62 
2025 01 22 08 42 17.87  31.699  07.899  0024.48  01.10  08.13  288.3  009.26  30.271  1023.689  1476.63 
2025 01 22 08 42 18.00  31.700  07.901  0024.48  01.08  08.13  288.3  009.26  30.270  1023.688  1476.63 
2025 01 22 08 42 18.12  31.701  07.909  0024.51  01.03  08.13  288.3  009.26  30.265  1023.683  1476.66 
2025 01 22 08 42 18.25  31.700  07.901  0024.57  01.02  08.13  288.3  009.26  30.270  1023.688  1476.64 
2025 01 22 08 42 18.37  31.695  07.898  0024.66  01.00  08.13  288.3  009.26  30.268  1023.688  1476.62 
2025 01 22 08 42 18.50  31.693  07.888  0024.71  01.04  08.13  288.3  009.26  30.275  1023.694  1476.59 
2025 01 22 08 42 18.62  31.703  07.886  0024.79  01.07  08.13  288.3  009.26  30.287  1023.705  1476.60 
2025 01 22 08 42 18.75  31.712  07.881  0024.82  01.12  08.13  288.3  009.26  30.300  1023.716  1476.60 
2025 01 22 08 42 18.87  31.713  07.880  0024.84  01.09  08.13  288.3  009.26  30.303  1023.718  1476.60 
2025 01 22 08 42 19.00  31.711  07.883  0024.83  01.05  08.13  288.3  009.26  30.298  1023.714  1476.60 
2025 01 22 08 42 19.12  31.710  07.886  0024.79  01.04  08.13  288.9  009.26  30.294  1023.710  1476.61 
2025 01 22 08 42 19.25  31.711  07.885  0024.72  01.02  08.13  288.9  009.26  30.296  1023.711  1476.61 
2025 01 22 08 42 19.37  31.710  07.883  0024.67  01.01  08.13  288.9  009.26  30.297  1023.712  1476.60 
2025 01 22 08 42 19.50  31.705  07.886  0024.61  01.02  08.13  288.9  009.26  30.289  1023.705  1476.60 
2025 01 22 08 42 19.62  31.697  07.886  0024.55  01.05  08.13  288.9  009.26  30.281  1023.699  1476.59 
2025 01 22 08 42 19.75  31.693  07.886  0024.50  01.03  08.13  288.9  009.26  30.276  1023.695  1476.58 
2025 01 22 08 42 19.87  31.694  07.887  0024.49  01.06  08.13  288.9  009.26  30.277  1023.695  1476.59 
2025 01 22 08 42 20.00  31.698  07.891  0024.50  01.17  08.13  288.9  009.26  30.278  1023.695  1476.60 
2025 01 22 08 42 20.12  31.697  07.890  0024.57  01.13  08.13  288.9  009.26  30.277  1023.696  1476.60 
2025 01 22 08 42 20.25  31.695  07.892  0024.65  01.05  08.13  288.9  009.26  30.273  1023.692  1476.61 
2025 01 22 08 42 20.37  31.701  07.888  0024.74  01.02  08.13  288.9  009.26  30.283  1023.701  1476.60 
2025 01 22 08 42 20.50  31.709  07.882  0024.78  01.06  08.13  288.9  009.26  30.296  1023.712  1476.60 
2025 01 22 08 42 20.62  31.710  07.876  0024.83  01.08  08.13  288.9  009.26  30.303  1023.719  1476.58 
2025 01 22 08 42 20.75  31.710  07.872  0024.89  01.05  08.13  288.9  009.26  30.306  1023.722  1476.58 
2025 01 22 08 42 20.87  31.711  07.872  0024.89  01.06  08.13  288.9  009.26  30.307  1023.723  1476.58 
2025 01 22 08 42 21.00  31.711  07.878  0024.88  00.99  08.12  288.9  009.26  30.302  1023.718  1476.59 
2025 01 22 08 42 21.12  31.710  07.875  0024.77  00.99  08.12  288.9  009.26  30.304  1023.719  1476.58 
2025 01 22 08 42 21.25  31.711  07.876  0024.70  01.03  08.13  288.9  009.26  30.304  1023.719  1476.58 
2025 01 22 08 42 21.37  31.710  07.879  0024.60  01.02  08.13  288.9  009.26  30.300  1023.715  1476.59 
2025 01 22 08 42 21.50  31.709  07.883  0024.52  01.03  08.13  288.9  009.26  30.296  1023.711  1476.60 
2025 01 22 08 42 21.62  31.707  07.884  0024.48  01.14  08.13  288.9  009.26  30.292  1023.708  1476.60 
2025 01 22 08 42 21.75  31.706  07.887  0024.44  01.14  08.13  288.9  009.26  30.289  1023.704  1476.60 
2025 01 22 08 42 21.87  31.708  07.893  0024.45  01.10  08.13  288.9  009.26  30.286  1023.701  1476.62 
2025 01 22 08 42 22.00  31.707  07.894  0024.51  01.09  08.13  288.9  009.26  30.284  1023.700  1476.62 
2025 01 22 08 42 22.12  31.704  07.899  0024.60  01.09  08.13  289.0  009.26  30.276  1023.694  1476.64 
2025 01 22 08 42 22.25  31.707  07.886  0024.70  01.06  08.13  289.0  009.26  30.290  1023.707  1476.61 
2025 01 22 08 42 22.37  31.712  07.879  0024.78  01.03  08.13  289.0  009.26  30.302  1023.717  1476.59 
2025 01 22 08 42 22.50  31.711  07.873  0024.85  01.02  08.13  289.0  009.26  30.306  1023.722  1476.58 
2025 01 22 08 42 22.62  31.709  07.869  0024.90  01.02  08.13  289.0  009.26  30.308  1023.724  1476.56 
2025 01 22 08 42 22.75  31.709  07.868  0024.92  01.06  08.13  289.0  009.26  30.308  1023.725  1476.56 
2025 01 22 08 42 22.87  31.709  07.871  0024.89  01.15  08.13  289.0  009.26  30.306  1023.722  1476.57 
2025 01 22 08 42 23.00  31.709  07.871  0024.77  01.11  08.13  289.0  009.26  30.306  1023.721  1476.57 
2025 01 22 08 42 23.12  31.708  07.871  0024.69  01.02  08.13  289.0  009.26  30.305  1023.720  1476.57 
2025 01 22 08 42 23.25  31.709  07.877  0024.58  01.01  08.13  289.0  009.26  30.301  1023.716  1476.58 
2025 01 22 08 42 23.37  31.710  07.879  0024.49  01.02  08.13  289.0  009.26  30.301  1023.715  1476.59 
2025 01 22 08 42 23.50  31.711  07.879  0024.47  01.04  08.13  289.0  009.26  30.301  1023.715  1476.59 
2025 01 22 08 42 23.62  31.709  07.880  0024.46  01.04  08.13  289.0  009.26  30.298  1023.713  1476.59 
2025 01 22 08 42 23.75  31.709  07.889  0024.49  01.02  08.13  289.0  009.26  30.290  1023.706  1476.61 
2025 01 22 08 42 23.87  31.707  07.886  0024.54  01.05  08.13  289.0  009.26  30.291  1023.706  1476.60 
2025 01 22 08 42 24.00  31.709  07.881  0024.64  01.04  08.12  289.0  009.26  30.298  1023.713  1476.59 
2025 01 22 08 42 24.12  31.712  07.876  0024.70  01.02  08.12  289.0  009.26  30.304  1023.719  1476.59 
2025 01 22 08 42 24.25  31.710  07.873  0024.78  01.00  08.13  289.0  009.26  30.305  1023.721  1476.58 
2025 01 22 08 42 24.37  31.710  07.872  0024.82  01.00  08.13  289.0  009.26  30.307  1023.722  1476.57 
2025 01 22 08 42 24.50  31.709  07.868  0024.85  01.02  08.13  289.0  009.26  30.309  1023.725  1476.56 
2025 01 22 08 42 24.62  31.709  07.872  0024.84  01.03  08.13  289.0  009.26  30.306  1023.721  1476.57 
2025 01 22 08 42 24.75  31.709  07.869  0024.76  01.00  08.13  289.0  009.26  30.307  1023.723  1476.56 
2025 01 22 08 42 24.87  31.707  07.869  0024.69  00.98  08.13  289.0  009.26  30.306  1023.721  1476.56 
2025 01 22 08 42 25.00  31.709  07.872  0024.59  00.94  08.13  289.0  009.26  30.305  1023.720  1476.57 
2025 01 22 08 42 25.12  31.711  07.876  0024.53  00.94  08.13  289.0  009.26  30.304  1023.718  1476.58 
2025 01 22 08 42 25.25  31.712  07.878  0024.48  00.91  08.13  289.0  009.26  30.303  1023.717  1476.58 
2025 01 22 08 42 25.37  31.710  07.878  0024.46  00.92  08.13  289.0  009.26  30.301  1023.715  1476.59 
2025 01 22 08 42 25.50  31.709  07.879  0024.47  00.94  08.13  289.0  009.26  30.300  1023.714  1476.58 
2025 01 22 08 42 25.62  31.709  07.882  0024.51  00.96  08.13  289.0  009.26  30.297  1023.712  1476.59 
2025 01 22 08 42 25.75  31.711  07.881  0024.57  01.03  08.13  289.0  009.26  30.300  1023.714  1476.59 
2025 01 22 08 42 25.87  31.712  07.880  0024.64  01.06  08.13  289.0  009.26  30.301  1023.716  1476.60 
2025 01 22 08 42 26.00  31.712  07.876  0024.69  01.04  08.13  289.0  009.26  30.305  1023.719  1476.58 
2025 01 22 08 42 26.12  31.709  07.871  0024.75  01.07  08.13  289.0  009.26  30.306  1023.721  1476.57 
2025 01 22 08 42 26.25  31.709  07.868  0024.78  01.07  08.13  289.0  009.26  30.308  1023.724  1476.56 
2025 01 22 08 42 26.37  31.708  07.867  0024.81  01.04  08.13  289.0  009.26  30.309  1023.724  1476.55 
2025 01 22 08 42 26.50  31.708  07.871  0024.79  01.00  08.13  289.0  009.26  30.305  1023.721  1476.57 
2025 01 22 08 42 26.62  31.708  07.871  0024.73  00.99  08.13  289.0  009.26  30.305  1023.721  1476.56 
2025 01 22 08 42 26.75  31.707  07.868  0024.66  01.14  08.13  289.0  009.26  30.306  1023.722  1476.56 
2025 01 22 08 42 26.87  31.709  07.871  0024.58  01.08  08.13  289.0  009.26  30.306  1023.721  1476.56 
2025 01 22 08 42 27.00  31.709  07.873  0024.49  01.10  08.12  289.0  009.26  30.304  1023.719  1476.57 
2025 01 22 08 42 27.12  31.711  07.877  0024.43  01.13  08.12  289.0  009.26  30.303  1023.717  1476.58 
2025 01 22 08 42 27.25  31.712  07.877  0024.40  01.10  08.13  289.0  009.26  30.304  1023.717  1476.58 
2025 01 22 08 42 27.37  31.710  07.878  0024.39  01.07  08.13  289.0  009.26  30.302  1023.715  1476.58 
2025 01 22 08 42 27.50  31.711  07.879  0024.43  01.04  08.13  289.0  009.26  30.301  1023.715  1476.59 
2025 01 22 08 42 27.62  31.711  07.879  0024.51  01.05  08.13  289.0  009.26  30.301  1023.716  1476.59 
2025 01 22 08 42 27.75  31.711  07.880  0024.61  01.06  08.13  289.0  009.26  30.301  1023.715  1476.59 
2025 01 22 08 42 27.87  31.712  07.877  0024.68  01.06  08.13  289.0  009.26  30.303  1023.718  1476.59 
2025 01 22 08 42 28.00  31.711  07.872  0024.73  01.07  08.13  289.0  009.26  30.307  1023.722  1476.57 
2025 01 22 08 42 28.12  31.709  07.870  0024.77  01.04  08.13  288.9  009.26  30.306  1023.722  1476.57 
2025 01 22 08 42 28.25  31.708  07.868  0024.79  01.07  08.13  288.9  009.26  30.307  1023.723  1476.56 
2025 01 22 08 42 28.37  31.709  07.873  0024.73  01.06  08.13  288.9  009.26  30.305  1023.720  1476.57 
2025 01 22 08 42 28.50  31.709  07.871  0024.67  01.04  08.13  288.9  009.26  30.306  1023.721  1476.57 
2025 01 22 08 42 28.62  31.709  07.873  0024.59  01.00  08.13  288.9  009.26  30.305  1023.720  1476.57 
2025 01 22 08 42 28.75  31.712  07.875  0024.54  00.98  08.13  288.9  009.26  30.305  1023.719  1476.58 
2025 01 22 08 42 28.87  31.712  07.877  0024.49  01.01  08.13  288.9  009.26  30.304  1023.718  1476.58 
2025 01 22 08 42 29.00  31.712  07.876  0024.47  00.98  08.13  288.9  009.26  30.304  1023.718  1476.58 
2025 01 22 08 42 29.12  31.711  07.877  0024.46  00.97  08.13  288.9  009.26  30.303  1023.717  1476.58 
2025 01 22 08 42 29.25  31.710  07.877  0024.51  01.00  08.13  288.9  009.26  30.302  1023.716  1476.58 
2025 01 22 08 42 29.37  31.710  07.881  0024.55  01.00  08.13  288.9  009.26  30.299  1023.714  1476.59 
2025 01 22 08 42 29.50  31.712  07.880  0024.61  00.98  08.13  288.9  009.26  30.301  1023.716  1476.59 
2025 01 22 08 42 29.62  31.712  07.878  0024.64  01.00  08.13  288.9  009.26  30.303  1023.718  1476.59 
2025 01 22 08 42 29.75  31.712  07.876  0024.67  00.99  08.13  288.9  009.26  30.304  1023.719  1476.59 
2025 01 22 08 42 29.87  31.712  07.874  0024.69  00.97  08.13  288.9  009.26  30.306  1023.721  1476.58 
2025 01 22 08 42 30.00  31.711  07.875  0024.68  00.96  08.12  288.9  009.26  30.304  1023.719  1476.58 
2025 01 22 08 42 30.12  31.711  07.877  0024.68  01.00  08.12  288.9  009.26  30.303  1023.718  1476.59 
2025 01 22 08 42 30.25  31.712  07.877  0024.65  01.05  08.13  288.9  009.26  30.303  1023.718  1476.59 
2025 01 22 08 42 30.37  31.713  07.879  0024.63  01.00  08.13  288.9  009.26  30.303  1023.717  1476.59 
2025 01 22 08 42 30.50  31.713  07.878  0024.59  01.01  08.13  288.9  009.26  30.304  1023.718  1476.59 
2025 01 22 08 42 30.62  31.713  07.878  0024.55  01.01  08.13  288.9  009.26  30.304  1023.718  1476.59 
2025 01 22 08 42 30.75  31.713  07.879  0024.54  01.00  08.13  288.9  009.26  30.303  1023.717  1476.59 
2025 01 22 08 42 30.87  31.713  07.879  0024.52  00.96  08.13  288.9  009.26  30.303  1023.717  1476.59 
2025 01 22 08 42 31.00  31.712  07.879  0024.51  00.96  08.13  288.9  009.26  30.302  1023.716  1476.59 
2025 01 22 08 42 31.12  31.713  07.879  0024.53  00.96  08.13  289.1  009.26  30.303  1023.717  1476.59 
2025 01 22 08 42 31.25  31.713  07.880  0024.57  00.97  08.13  289.1  009.26  30.302  1023.716  1476.59 
2025 01 22 08 42 31.37  31.713  07.880  0024.60  01.00  08.13  289.1  009.26  30.302  1023.716  1476.60 
2025 01 22 08 42 31.50  31.713  07.878  0024.65  01.01  08.13  289.1  009.26  30.305  1023.719  1476.59 
2025 01 22 08 42 31.62  31.713  07.876  0024.68  01.03  08.13  289.1  009.26  30.306  1023.720  1476.58 
2025 01 22 08 42 31.75  31.712  07.876  0024.68  01.07  08.13  289.1  009.26  30.305  1023.719  1476.58 
2025 01 22 08 42 31.87  31.712  07.876  0024.68  01.03  08.13  289.1  009.26  30.304  1023.719  1476.58 
2025 01 22 08 42 32.00  31.712  07.877  0024.64  00.98  08.13  289.1  009.26  30.303  1023.718  1476.59 
2025 01 22 08 42 32.12  31.711  07.878  0024.60  00.93  08.13  289.1  009.26  30.302  1023.717  1476.59 
2025 01 22 08 42 32.25  31.712  07.878  0024.56  00.95  08.13  289.1  009.26  30.303  1023.717  1476.59 
2025 01 22 08 42 32.37  31.713  07.879  0024.55  00.98  08.13  289.1  009.26  30.303  1023.717  1476.59 
2025 01 22 08 42 32.50  31.713  07.879  0024.54  01.03  08.13  289.1  009.26  30.303  1023.717  1476.59 
2025 01 22 08 42 32.62  31.713  07.879  0024.58  01.11  08.13  289.1  009.26  30.303  1023.717  1476.59 
2025 01 22 08 42 32.75  31.712  07.879  0024.60  01.14  08.13  289.1  009.26  30.302  1023.716  1476.59 
2025 01 22 08 42 32.87  31.713  07.879  0024.65  01.08  08.13  289.1  009.26  30.303  1023.717  1476.59 
2025 01 22 08 42 33.00  31.712  07.878  0024.67  01.12  08.12  289.1  009.26  30.303  1023.718  1476.59 
2025 01 22 08 42 33.12  31.712  07.877  0024.66  01.08  08.12  289.1  009.26  30.304  1023.719  1476.59 
2025 01 22 08 42 33.25  31.712  07.879  0024.64  01.01  08.13  289.1  009.26  30.302  1023.717  1476.59 
2025 01 22 08 42 33.37  31.712  07.879  0024.61  01.00  08.13  289.1  009.26  30.302  1023.716  1476.59 
2025 01 22 08 42 33.50  31.713  07.879  0024.60  01.02  08.13  289.1  009.26  30.303  1023.717  1476.59 
2025 01 22 08 42 33.62  31.712  07.878  0024.60  01.01  08.13  289.1  009.26  30.303  1023.717  1476.59 
2025 01 22 08 42 33.75  31.713  07.879  0024.58  01.05  08.13  289.1  009.26  30.303  1023.717  1476.59 
2025 01 22 08 42 33.87  31.713  07.879  0024.61  01.04  08.13  289.1  009.26  30.302  1023.717  1476.59 
2025 01 22 08 42 34.00  31.711  07.880  0024.61  01.02  08.13  289.1  009.26  30.300  1023.715  1476.59 
2025 01 22 08 42 34.12  31.711  07.879  0024.61  01.00  08.13  289.1  009.26  30.302  1023.716  1476.59 
2025 01 22 08 42 34.25  31.713  07.879  0024.63  00.95  08.13  289.1  009.26  30.304  1023.718  1476.59 
2025 01 22 08 42 34.37  31.713  07.880  0024.62  00.94  08.13  289.1  009.26  30.303  1023.717  1476.60 
2025 01 22 08 42 34.50  31.713  07.881  0024.63  00.95  08.13  289.1  009.26  30.301  1023.716  1476.60 
2025 01 22 08 42 34.62  31.713  07.880  0024.61  00.95  08.13  289.1  009.26  30.302  1023.716  1476.60 
2025 01 22 08 42 34.75  31.713  07.879  0024.66  00.92  08.13  289.1  009.26  30.303  1023.717  1476.59 
2025 01 22 08 42 34.87  31.712  07.878  0024.67  00.95  08.13  289.1  009.26  30.302  1023.717  1476.59 
2025 01 22 08 42 35.00  31.712  07.876  0024.68  01.00  08.13  289.1  009.26  30.304  1023.719  1476.58 
2025 01 22 08 42 35.12  31.712  07.878  0024.63  00.99  08.13  289.1  009.26  30.303  1023.717  1476.59 
2025 01 22 08 42 35.25  31.713  07.879  0024.61  01.00  08.13  289.1  009.26  30.303  1023.717  1476.59 
2025 01 22 08 42 35.37  31.714  07.880  0024.57  01.01  08.13  289.1  009.26  30.304  1023.718  1476.60 
2025 01 22 08 42 35.50  31.713  07.881  0024.55  01.05  08.13  289.1  009.26  30.301  1023.716  1476.60 
2025 01 22 08 42 35.62  31.713  07.881  0024.54  01.01  08.13  289.1  009.29  30.302  1023.716  1476.60 
2025 01 22 08 42 35.75  31.713  07.881  0024.54  00.99  08.13  289.1  009.26  30.301  1023.715  1476.60 
2025 01 22 08 42 35.87  31.713  07.880  0024.57  01.04  08.13  289.1  009.26  30.302  1023.716  1476.59 
2025 01 22 08 42 36.00  31.713  07.880  0024.64  01.04  08.12  289.1  009.26  30.302  1023.716  1476.60 
2025 01 22 08 42 36.12  31.712  07.878  0024.69  01.01  08.12  289.1  009.26  30.303  1023.717  1476.59 
2025 01 22 08 42 36.25  31.711  07.874  0024.72  01.04  08.13  289.1  009.26  30.305  1023.720  1476.58 
2025 01 22 08 42 36.37  31.709  07.870  0024.73  01.09  08.13  289.1  009.26  30.307  1023.723  1476.56 
2025 01 22 08 42 36.50  31.709  07.874  0024.71  01.03  08.13  289.1  009.26  30.304  1023.719  1476.58 
2025 01 22 08 42 36.62  31.710  07.874  0024.67  01.02  08.13  289.1  009.26  30.304  1023.719  1476.58 
2025 01 22 08 42 36.75  31.711  07.876  0024.62  00.98  08.13  289.1  009.26  30.304  1023.718  1476.58 
2025 01 22 08 42 36.87  31.712  07.878  0024.57  00.97  08.13  289.1  009.26  30.303  1023.718  1476.59 
2025 01 22 08 42 37.00  31.713  07.879  0024.53  01.00  08.13  289.1  009.26  30.304  1023.718  1476.59 
2025 01 22 08 42 37.12  31.713  07.880  0024.51  00.94  08.13  289.0  009.26  30.303  1023.717  1476.59 
2025 01 22 08 42 37.25  31.714  07.880  0024.51  00.99  08.13  289.0  009.26  30.304  1023.717  1476.60 
2025 01 22 08 42 37.37  31.714  07.880  0024.52  00.98  08.13  289.0  009.26  30.304  1023.718  1476.59 
2025 01 22 08 42 37.50  31.712  07.881  0024.55  00.96  08.13  289.0  009.26  30.300  1023.714  1476.60 
2025 01 22 08 42 37.62  31.713  07.881  0024.57  01.04  08.13  289.0  009.29  30.301  1023.716  1476.60 
2025 01 22 08 42 37.75  31.713  07.879  0024.61  01.03  08.13  289.0  009.26  30.303  1023.717  1476.59 
2025 01 22 08 42 37.87  31.712  07.878  0024.62  01.05  08.13  289.0  009.26  30.303  1023.718  1476.59 
2025 01 22 08 42 38.00  31.711  07.877  0024.66  01.03  08.13  289.0  009.26  30.303  1023.718  1476.58 
2025 01 22 08 42 38.12  31.711  07.874  0024.69  01.01  08.13  289.0  009.26  30.305  1023.720  1476.58 
2025 01 22 08 42 38.25  31.711  07.872  0024.69  00.99  08.13  289.0  009.26  30.307  1023.722  1476.57 
2025 01 22 08 42 38.37  31.710  07.872  0024.70  01.02  08.13  289.0  009.26  30.306  1023.721  1476.57 
2025 01 22 08 42 38.50  31.712  07.875  0024.69  00.98  08.13  289.0  009.26  30.305  1023.720  1476.58 
2025 01 22 08 42 38.62  31.712  07.878  0024.66  00.96  08.13  289.0  009.26  30.303  1023.718  1476.59 
2025 01 22 08 42 38.75  31.712  07.878  0024.60  00.98  08.13  289.0  009.26  30.303  1023.717  1476.59 
2025 01 22 08 42 38.87  31.713  07.881  0024.52  01.00  08.13  289.0  009.26  30.302  1023.716  1476.60 
2025 01 22 08 42 39.00  31.713  07.882  0024.47  01.00  08.12  289.0  009.26  30.300  1023.714  1476.60 
2025 01 22 08 42 39.12  31.713  07.885  0024.45  01.02  08.12  289.0  009.26  30.298  1023.711  1476.61 
2025 01 22 08 42 39.25  31.713  07.882  0024.44  00.98  08.13  289.0  009.26  30.300  1023.714  1476.60 
2025 01 22 08 42 39.37  31.713  07.883  0024.46  00.96  08.13  289.0  009.26  30.300  1023.713  1476.60 
2025 01 22 08 42 39.50  31.713  07.883  0024.50  00.97  08.13  289.0  009.26  30.299  1023.713  1476.60 
2025 01 22 08 42 39.62  31.713  07.884  0024.57  00.98  08.13  289.0  009.26  30.299  1023.713  1476.61 
2025 01 22 08 42 39.75  31.713  07.886  0024.60  00.99  08.13  289.0  009.26  30.297  1023.712  1476.61 
2025 01 22 08 42 39.87  31.713  07.884  0024.64  01.07  08.13  289.0  009.26  30.300  1023.714  1476.61 
2025 01 22 08 42 40.00  31.713  07.881  0024.67  01.03  08.13  289.0  009.26  30.301  1023.716  1476.60 
2025 01 22 08 42 40.12  31.713  07.881  0024.67  01.00  08.13  289.0  009.26  30.302  1023.716  1476.60 
2025 01 22 08 42 40.25  31.713  07.884  0024.66  00.97  08.13  289.0  009.26  30.299  1023.714  1476.61 
2025 01 22 08 42 40.37  31.713  07.885  0024.61  00.97  08.13  289.0  009.26  30.298  1023.712  1476.61 
2025 01 22 08 42 40.50  31.711  07.885  0024.60  01.03  08.13  289.0  009.26  30.296  1023.711  1476.61 
2025 01 22 08 42 40.62  31.710  07.885  0024.56  01.03  08.13  289.0  009.26  30.295  1023.710  1476.60 
2025 01 22 08 42 40.75  31.711  07.885  0024.53  01.05  08.13  289.0  009.26  30.296  1023.710  1476.61 
2025 01 22 08 42 40.87  31.712  07.886  0024.50  01.05  08.13  289.0  009.26  30.296  1023.711  1476.61 
2025 01 22 08 42 41.00  31.712  07.885  0024.49  01.02  08.13  289.0  009.26  30.297  1023.711  1476.61 
2025 01 22 08 42 41.12  31.712  07.887  0024.47  01.01  08.13  289.0  009.26  30.295  1023.710  1476.61 
2025 01 22 08 42 41.25  31.709  07.887  0024.46  01.02  08.13  289.0  009.26  30.293  1023.708  1476.61 
2025 01 22 08 42 41.37  31.705  07.886  0024.44  01.03  08.13  289.0  009.26  30.289  1023.704  1476.60 
2025 01 22 08 42 41.50  31.703  07.885  0024.44  01.14  08.13  289.0  009.26  30.288  1023.704  1476.59 
2025 01 22 08 42 41.62  31.705  07.887  0024.47  01.12  08.13  289.0  009.29  30.288  1023.704  1476.60 
2025 01 22 08 42 41.75  31.701  07.879  0024.53  01.03  08.13  289.0  009.26  30.291  1023.708  1476.58 
2025 01 22 08 42 41.87  31.700  07.882  0024.59  01.01  08.13  289.0  009.26  30.287  1023.704  1476.58 
2025 01 22 08 42 42.00  31.708  07.887  0024.64  01.01  08.12  289.0  009.26  30.291  1023.707  1476.61 
2025 01 22 08 42 42.12  31.712  07.886  0024.68  01.08  08.12  289.0  009.26  30.296  1023.711  1476.61 
2025 01 22 08 42 42.25  31.712  07.885  0024.70  01.05  08.13  289.0  009.26  30.297  1023.712  1476.61 
2025 01 22 08 42 42.37  31.712  07.887  0024.69  01.03  08.13  289.0  009.26  30.295  1023.711  1476.61 
2025 01 22 08 42 42.50  31.712  07.887  0024.68  00.99  08.13  289.0  009.26  30.295  1023.710  1476.62 
2025 01 22 08 42 42.62  31.711  07.887  0024.66  00.97  08.13  289.0  009.26  30.295  1023.710  1476.61 
2025 01 22 08 42 42.75  31.709  07.888  0024.64  01.07  08.13  289.0  009.26  30.292  1023.707  1476.61 
2025 01 22 08 42 42.87  31.709  07.886  0024.64  01.16  08.13  289.0  009.26  30.293  1023.709  1476.61 
2025 01 22 08 42 43.00  31.710  07.886  0024.66  01.11  08.13  289.0  009.26  30.294  1023.710  1476.61 
2025 01 22 08 42 43.12  31.709  07.886  0024.64  01.07  08.13  288.9  009.26  30.293  1023.708  1476.61 
2025 01 22 08 42 43.25  31.708  07.886  0024.65  01.06  08.13  288.9  009.26  30.291  1023.707  1476.61 
2025 01 22 08 42 43.37  31.708  07.886  0024.65  01.02  08.13  288.9  009.26  30.292  1023.708  1476.60 
2025 01 22 08 42 43.50  31.705  07.884  0024.64  01.00  08.13  288.9  009.26  30.291  1023.707  1476.60 
2025 01 22 08 42 43.62  31.703  07.882  0024.63  01.04  08.13  288.9  009.26  30.290  1023.707  1476.59 
2025 01 22 08 42 43.75  31.698  07.879  0024.59  01.07  08.13  288.9  009.26  30.288  1023.705  1476.57 
2025 01 22 08 42 43.87  31.692  07.879  0024.53  01.04  08.13  288.9  009.26  30.281  1023.700  1476.56 
2025 01 22 08 42 44.00  31.689  07.879  0024.49  01.03  08.13  288.9  009.26  30.279  1023.698  1476.56 
2025 01 22 08 42 44.12  31.692  07.882  0024.43  01.03  08.13  288.9  009.26  30.278  1023.697  1476.57 
2025 01 22 08 42 44.25  31.692  07.884  0024.41  01.03  08.13  288.9  009.26  30.277  1023.695  1476.58 
2025 01 22 08 42 44.37  31.693  07.882  0024.38  01.04  08.13  288.9  009.26  30.279  1023.697  1476.57 
2025 01 22 08 42 44.50  31.690  07.881  0024.35  01.07  08.13  288.9  009.26  30.278  1023.696  1476.56 
2025 01 22 08 42 44.62  31.691  07.883  0024.32  01.05  08.13  288.9  009.26  30.277  1023.695  1476.57 
2025 01 22 08 42 44.75  31.695  07.891  0024.24  01.14  08.13  288.9  009.26  30.274  1023.691  1476.60 
2025 01 22 08 42 44.87  31.698  07.900  0024.12  01.12  08.13  288.9  009.26  30.270  1023.686  1476.62 
2025 01 22 08 42 45.00  31.702  07.922  0024.03  01.10  08.12  288.9  009.26  30.255  1023.671  1476.69 
2025 01 22 08 42 45.12  31.709  07.940  0023.95  01.08  08.12  288.9  009.26  30.246  1023.661  1476.74 
2025 01 22 08 42 45.25  31.712  07.946  0023.88  01.04  08.13  288.9  009.26  30.245  1023.659  1476.76 
2025 01 22 08 42 45.37  31.713  07.942  0023.84  01.07  08.13  288.9  009.26  30.249  1023.663  1476.75 
2025 01 22 08 42 45.50  31.713  07.945  0023.89  01.03  08.13  288.9  009.26  30.246  1023.660  1476.76 
2025 01 22 08 42 45.62  31.715  07.944  0023.91  01.02  08.13  288.9  009.26  30.249  1023.663  1476.76 
2025 01 22 08 42 45.75  31.732  07.999  0023.96  01.04  08.13  288.9  009.26  30.220  1023.633  1476.94 
2025 01 22 08 42 45.87  31.760  08.085  0024.04  01.04  08.13  288.9  009.26  30.175  1023.586  1477.21 
2025 01 22 08 42 46.00  31.763  08.073  0024.08  01.04  08.13  288.9  009.26  30.189  1023.599  1477.19 
2025 01 22 08 42 46.12  31.756  08.064  0024.12  01.04  08.13  289.2  009.26  30.189  1023.600  1477.15 
2025 01 22 08 42 46.25  31.756  08.060  0024.12  01.10  08.13  289.2  009.26  30.192  1023.603  1477.14 
2025 01 22 08 42 46.37  31.756  08.057  0024.11  01.08  08.13  289.2  009.26  30.195  1023.606  1477.13 
2025 01 22 08 42 46.50  31.759  08.061  0024.08  01.11  08.13  289.2  009.26  30.195  1023.605  1477.15 
2025 01 22 08 42 46.62  31.764  08.075  0024.03  01.16  08.13  289.2  009.26  30.188  1023.598  1477.19 
2025 01 22 08 42 46.75  31.768  08.081  0023.97  01.14  08.13  289.2  009.26  30.187  1023.596  1477.21 
2025 01 22 08 42 46.87  31.773  08.089  0023.92  01.14  08.13  289.2  009.26  30.185  1023.592  1477.24 
2025 01 22 08 42 47.00  31.779  08.089  0023.91  01.17  08.14  289.2  009.26  30.191  1023.597  1477.25 
2025 01 22 08 42 47.12  31.775  08.081  0023.91  01.16  08.14  289.2  009.26  30.195  1023.601  1477.22 
2025 01 22 08 42 47.25  31.772  08.085  0023.91  01.13  08.14  289.2  009.26  30.188  1023.596  1477.23 
2025 01 22 08 42 47.37  31.779  08.109  0023.95  01.13  08.14  289.2  009.26  30.175  1023.582  1477.30 
2025 01 22 08 42 47.50  31.786  08.123  0023.91  01.13  08.14  289.2  009.26  30.170  1023.576  1477.35 
2025 01 22 08 42 47.62  31.783  08.115  0023.89  01.12  08.14  289.2  009.26  30.173  1023.579  1477.32 
2025 01 22 08 42 47.75  31.789  08.131  0023.79  01.12  08.14  289.2  009.26  30.166  1023.571  1477.37 
2025 01 22 08 42 47.87  31.795  08.139  0023.70  01.19  08.14  289.2  009.26  30.166  1023.570  1477.40 
2025 01 22 08 42 48.00  31.795  08.143  0023.62  01.36  08.13  289.2  009.26  30.162  1023.565  1477.41 
2025 01 22 08 42 48.12  31.794  08.141  0023.55  01.26  08.13  289.2  009.26  30.163  1023.566  1477.40 
2025 01 22 08 42 48.25  31.795  08.140  0023.52  01.18  08.14  289.2  009.26  30.164  1023.567  1477.40 
2025 01 22 08 42 48.37  31.795  08.139  0023.50  01.13  08.14  289.2  009.26  30.165  1023.568  1477.40 
2025 01 22 08 42 48.50  31.794  08.139  0023.46  01.13  08.14  289.2  009.26  30.165  1023.567  1477.40 
2025 01 22 08 42 48.62  31.793  08.140  0023.37  01.10  08.14  289.2  009.26  30.162  1023.565  1477.40 
2025 01 22 08 42 48.75  31.795  08.151  0023.32  01.09  08.14  289.2  009.26  30.156  1023.558  1477.43 
2025 01 22 08 42 48.87  31.807  08.173  0023.21  01.09  08.14  289.2  009.26  30.150  1023.550  1477.50 
2025 01 22 08 42 49.00  31.834  08.254  0023.10  01.06  08.14  289.2  009.26  30.107  1023.504  1477.76 
2025 01 22 08 42 49.12  31.865  08.301  0023.00  01.02  08.14  288.6  009.26  30.100  1023.491  1477.93 
2025 01 22 08 42 49.25  31.859  08.266  0022.95  01.03  08.14  288.6  009.26  30.124  1023.515  1477.82 
2025 01 22 08 42 49.37  31.853  08.272  0022.91  01.06  08.15  288.6  009.26  30.113  1023.506  1477.83 
2025 01 22 08 42 49.50  31.872  08.285  0022.90  01.08  08.15  288.6  009.26  30.121  1023.510  1477.89 
2025 01 22 08 42 49.62  31.916  08.443  0022.88  01.49  08.15  288.6  009.26  30.033  1023.418  1478.38 
2025 01 22 08 42 49.75  31.954  08.440  0022.86  01.64  08.15  288.6  009.26  30.074  1023.451  1478.42 
2025 01 22 08 42 49.87  31.976  08.501  0022.80  01.45  08.15  288.6  009.26  30.045  1023.419  1478.62 
2025 01 22 08 42 50.00  31.982  08.534  0022.71  01.39  08.15  288.6  009.26  30.024  1023.397  1478.71 
2025 01 22 08 42 50.12  31.980  08.501  0022.61  01.30  08.15  288.6  009.26  30.050  1023.422  1478.62 
2025 01 22 08 42 50.25  32.052  08.680  0022.50  01.22  08.16  288.6  009.26  29.973  1023.335  1479.20 
2025 01 22 08 42 50.37  32.063  08.680  0022.48  01.23  08.16  288.6  009.26  29.984  1023.344  1479.21 
2025 01 22 08 42 50.50  32.052  08.653  0022.43  01.27  08.16  288.6  009.26  29.995  1023.356  1479.12 
2025 01 22 08 42 50.62  32.048  08.605  0022.40  01.29  08.16  288.6  009.26  30.032  1023.392  1478.98 
2025 01 22 08 42 50.75  32.051  08.587  0022.36  01.32  08.16  288.6  009.26  30.050  1023.408  1478.94 
2025 01 22 08 42 50.87  32.087  08.682  0022.29  01.28  08.17  288.6  009.26  30.007  1023.361  1479.24 
2025 01 22 08 42 51.00  32.123  08.766  0022.16  01.36  08.16  288.6  009.26  29.974  1023.321  1479.51 
2025 01 22 08 42 51.12  32.156  08.822  0022.06  01.37  08.16  288.6  009.26  29.960  1023.302  1479.71 
2025 01 22 08 42 51.25  32.180  08.863  0021.95  01.31  08.17  288.6  009.26  29.950  1023.287  1479.85 
2025 01 22 08 42 51.37  32.173  08.849  0021.88  01.28  08.17  288.6  009.26  29.955  1023.294  1479.80 
2025 01 22 08 42 51.50  32.168  08.845  0021.83  01.27  08.17  288.6  009.26  29.953  1023.292  1479.78 
2025 01 22 08 42 51.62  32.169  08.849  0021.80  01.27  08.18  288.6  009.26  29.951  1023.290  1479.79 
2025 01 22 08 42 51.75  32.169  08.842  0021.76  01.23  08.18  288.6  009.26  29.957  1023.296  1479.77 
2025 01 22 08 42 51.87  32.172  08.851  0021.72  01.25  08.18  288.6  009.26  29.953  1023.290  1479.80 
2025 01 22 08 42 52.00  32.177  08.865  0021.65  01.22  08.18  288.6  009.26  29.946  1023.283  1479.84 
2025 01 22 08 42 52.12  32.185  08.871  0021.55  01.26  08.18  289.1  009.26  29.950  1023.284  1479.87 
2025 01 22 08 42 52.25  32.204  08.897  0021.44  01.25  08.18  289.1  009.26  29.946  1023.277  1479.96 
2025 01 22 08 42 52.37  32.242  08.969  0021.34  01.29  08.18  289.1  009.26  29.925  1023.249  1480.20 
2025 01 22 08 42 52.50  32.251  08.979  0021.30  01.32  08.18  289.1  009.26  29.925  1023.248  1480.24 
2025 01 22 08 42 52.62  32.247  08.952  0021.22  01.31  08.18  289.1  009.26  29.945  1023.267  1480.16 
2025 01 22 08 42 52.75  32.247  08.942  0021.17  01.30  08.18  289.1  009.26  29.953  1023.275  1480.13 
2025 01 22 08 42 52.87  32.248  08.943  0021.08  01.36  08.19  289.1  009.26  29.953  1023.274  1480.14 
2025 01 22 08 42 53.00  32.251  08.951  0021.03  01.36  08.19  289.1  009.26  29.949  1023.269  1480.16 
2025 01 22 08 42 53.12  32.286  09.051  0020.92  01.35  08.19  289.1  009.26  29.901  1023.217  1480.47 
2025 01 22 08 42 53.25  32.325  09.111  0020.82  01.36  08.19  289.1  009.26  29.891  1023.199  1480.68 
2025 01 22 08 42 53.37  32.341  09.132  0020.73  01.44  08.19  289.1  009.26  29.890  1023.195  1480.76 
2025 01 22 08 42 53.50  32.335  09.125  0020.68  01.40  08.19  289.1  009.26  29.890  1023.196  1480.73 
2025 01 22 08 42 53.62  32.325  09.088  0020.66  01.38  08.19  289.1  009.26  29.910  1023.217  1480.62 
2025 01 22 08 42 53.75  32.317  09.077  0020.62  01.33  08.19  289.1  009.26  29.912  1023.220  1480.58 
2025 01 22 08 42 53.87  32.320  09.083  0020.59  01.29  08.19  289.1  009.26  29.909  1023.217  1480.60 
2025 01 22 08 42 54.00  32.322  09.073  0020.54  01.31  08.19  289.1  009.26  29.920  1023.226  1480.57 
2025 01 22 08 42 54.12  32.332  09.105  0020.45  01.34  08.19  289.1  009.26  29.903  1023.208  1480.67 
2025 01 22 08 42 54.25  32.341  09.119  0020.31  01.33  08.20  289.1  009.26  29.901  1023.204  1480.72 
2025 01 22 08 42 54.37  32.351  09.137  0020.17  01.37  08.20  289.1  009.26  29.896  1023.197  1480.77 
2025 01 22 08 42 54.50  32.357  09.142  0020.09  01.32  08.20  289.1  009.26  29.899  1023.197  1480.79 
2025 01 22 08 42 54.62  32.357  09.142  0020.01  01.32  08.20  289.1  009.26  29.899  1023.197  1480.79 
2025 01 22 08 42 54.75  32.356  09.139  0019.98  01.38  08.20  289.1  009.26  29.900  1023.199  1480.78 
2025 01 22 08 42 54.87  32.360  09.144  0019.94  01.44  08.20  289.1  009.26  29.899  1023.196  1480.80 
2025 01 22 08 42 55.00  32.363  09.152  0019.89  01.50  08.21  289.1  009.26  29.896  1023.193  1480.82 
2025 01 22 08 42 55.12  32.367  09.163  0019.87  01.45  08.20  289.9  009.26  29.891  1023.187  1480.86 
2025 01 22 08 42 55.25  32.382  09.190  0019.81  01.41  08.21  289.9  009.26  29.883  1023.177  1480.95 
2025 01 22 08 42 55.37  32.409  09.261  0019.75  01.42  08.21  289.9  009.29  29.852  1023.141  1481.17 
2025 01 22 08 42 55.50  32.452  09.314  0019.66  01.51  08.21  289.9  009.26  29.852  1023.132  1481.37 
2025 01 22 08 42 55.62  32.473  09.339  0019.59  01.57  08.21  289.9  009.26  29.852  1023.128  1481.46 
2025 01 22 08 42 55.75  32.481  09.347  0019.54  01.53  08.21  289.9  009.26  29.854  1023.129  1481.49 
2025 01 22 08 42 55.87  32.483  09.333  0019.48  01.53  08.21  289.9  009.26  29.867  1023.141  1481.46 
2025 01 22 08 42 56.00  32.486  09.347  0019.43  01.46  08.21  289.9  009.26  29.859  1023.132  1481.50 
2025 01 22 08 42 56.12  32.499  09.394  0019.36  01.47  08.21  289.9  009.26  29.833  1023.104  1481.64 
2025 01 22 08 42 56.25  32.535  09.478  0019.30  01.53  08.21  289.9  009.26  29.800  1023.065  1481.90 
2025 01 22 08 42 56.37  32.563  09.514  0019.23  01.53  08.21  289.9  009.26  29.798  1023.058  1482.03 
2025 01 22 08 42 56.50  32.571  09.534  0019.15  01.50  08.22  289.9  009.26  29.789  1023.047  1482.10 
2025 01 22 08 42 56.62  32.551  09.514  0019.03  01.45  08.22  289.9  009.26  29.785  1023.047  1482.02 
2025 01 22 08 42 56.75  32.538  09.500  0018.97  01.48  08.22  289.9  009.26  29.784  1023.048  1481.96 
2025 01 22 08 42 56.87  32.528  09.442  0018.92  01.54  08.22  289.9  009.26  29.822  1023.086  1481.80 
2025 01 22 08 42 57.00  32.516  09.426  0018.86  01.53  08.22  289.9  009.26  29.824  1023.090  1481.74 
2025 01 22 08 42 57.12  32.516  09.429  0018.82  01.47  08.21  289.9  009.26  29.821  1023.087  1481.75 
2025 01 22 08 42 57.25  32.512  09.439  0018.74  01.45  08.22  289.9  009.26  29.808  1023.075  1481.76 
2025 01 22 08 42 57.37  32.502  09.455  0018.64  01.45  08.22  289.9  009.26  29.786  1023.054  1481.79 
2025 01 22 08 42 57.50  32.512  09.503  0018.52  01.42  08.22  289.9  009.26  29.756  1023.023  1481.93 
2025 01 22 08 42 57.62  32.528  09.555  0018.41  01.46  08.22  289.9  009.26  29.729  1022.994  1482.09 
2025 01 22 08 42 57.75  32.534  09.568  0018.29  01.52  08.22  289.9  009.26  29.725  1022.988  1482.13 
2025 01 22 08 42 57.87  32.539  09.576  0018.20  01.49  08.23  289.9  009.26  29.722  1022.984  1482.16 
2025 01 22 08 42 58.00  32.540  09.580  0018.10  01.52  08.23  289.9  009.26  29.720  1022.982  1482.17 
2025 01 22 08 42 58.12  32.543  09.591  0018.07  01.51  08.23  291.0  009.26  29.715  1022.976  1482.20 
2025 01 22 08 42 58.25  32.544  09.591  0018.02  01.66  08.23  291.0  009.26  29.715  1022.976  1482.20 
2025 01 22 08 42 58.37  32.542  09.599  0017.97  01.74  08.23  291.0  009.26  29.707  1022.967  1482.22 
2025 01 22 08 42 58.50  32.542  09.598  0017.95  01.82  08.23  291.0  009.26  29.707  1022.968  1482.22 
2025 01 22 08 42 58.62  32.542  09.614  0017.87  01.70  08.23  291.0  009.26  29.695  1022.955  1482.26 
2025 01 22 08 42 58.75  32.549  09.658  0017.80  01.61  08.23  291.0  009.26  29.665  1022.925  1482.38 
2025 01 22 08 42 58.87  32.567  09.683  0017.76  01.56  08.23  291.0  009.26  29.663  1022.919  1482.47 
2025 01 22 08 42 59.00  32.586  09.702  0017.70  01.58  08.24  291.0  009.26  29.666  1022.918  1482.54 
2025 01 22 08 42 59.12  32.592  09.697  0017.66  01.59  08.24  291.0  009.26  29.677  1022.927  1482.54 
2025 01 22 08 42 59.25  32.600  09.726  0017.59  01.59  08.24  291.0  009.26  29.661  1022.910  1482.62 
2025 01 22 08 42 59.37  32.614  09.765  0017.52  01.60  08.24  291.0  009.26  29.643  1022.889  1482.74 
2025 01 22 08 42 59.50  32.625  09.762  0017.45  01.66  08.24  291.0  009.26  29.656  1022.900  1482.75 
2025 01 22 08 42 59.62  32.655  09.810  0017.33  01.58  08.24  291.0  009.26  29.647  1022.885  1482.91 
2025 01 22 08 42 59.75  32.671  09.830  0017.22  01.54  08.24  291.0  009.26  29.646  1022.881  1482.98 
2025 01 22 08 42 59.87  32.672  09.841  0017.14  01.46  08.24  291.0  009.26  29.638  1022.872  1483.01 
2025 01 22 08 43 00.00  32.676  09.825  0017.07  01.41  08.24  291.0  009.26  29.655  1022.888  1482.97 
2025 01 22 08 43 00.12  32.678  09.819  0017.01  01.51  08.24  291.0  009.26  29.663  1022.894  1482.96 
2025 01 22 08 43 00.25  32.682  09.823  0016.97  01.55  08.24  291.0  009.26  29.664  1022.894  1482.97 
2025 01 22 08 43 00.37  32.678  09.825  0016.92  01.53  08.25  291.0  009.26  29.658  1022.889  1482.97 
2025 01 22 08 43 00.50  32.684  09.844  0016.86  01.52  08.25  291.0  009.26  29.648  1022.878  1483.03 
2025 01 22 08 43 00.62  32.703  09.871  0016.81  01.51  08.25  291.0  009.26  29.646  1022.872  1483.12 
2025 01 22 08 43 00.75  32.727  09.891  0016.73  01.48  08.25  291.0  009.26  29.653  1022.874  1483.20 
2025 01 22 08 43 00.87  32.754  09.923  0016.65  01.48  08.25  291.0  009.26  29.654  1022.869  1483.32 
2025 01 22 08 43 01.00  32.756  09.924  0016.58  01.53  08.25  291.0  009.26  29.655  1022.869  1483.33 
2025 01 22 08 43 01.12  32.753  09.923  0016.51  01.58  08.25  292.8  009.26  29.652  1022.867  1483.32 
2025 01 22 08 43 01.25  32.752  09.918  0016.46  01.64  08.25  292.8  009.29  29.656  1022.871  1483.30 
2025 01 22 08 43 01.37  32.754  09.926  0016.37  01.63  08.25  292.8  009.26  29.652  1022.866  1483.32 
2025 01 22 08 43 01.50  32.760  09.940  0016.30  01.61  08.25  292.8  009.26  29.646  1022.859  1483.37 
2025 01 22 08 43 01.62  32.766  09.929  0016.22  01.59  08.25  292.8  009.26  29.661  1022.872  1483.34 
2025 01 22 08 43 01.75  32.773  09.945  0016.10  01.63  08.25  292.8  009.26  29.654  1022.863  1483.39 
2025 01 22 08 43 01.87  32.777  09.948  0016.01  01.68  08.25  292.8  009.26  29.656  1022.864  1483.41 
2025 01 22 08 43 02.00  32.771  09.939  0015.90  01.61  08.26  292.8  009.26  29.658  1022.866  1483.37 
2025 01 22 08 43 02.12  32.771  09.940  0015.81  01.57  08.26  292.8  009.26  29.657  1022.865  1483.37 
2025 01 22 08 43 02.25  32.771  09.940  0015.75  01.58  08.26  292.8  009.26  29.658  1022.865  1483.37 
2025 01 22 08 43 02.37  32.772  09.935  0015.72  01.55  08.26  292.8  009.26  29.663  1022.870  1483.36 
2025 01 22 08 43 02.50  32.774  09.941  0015.70  01.60  08.26  292.8  009.26  29.660  1022.866  1483.38 
2025 01 22 08 43 02.62  32.774  09.947  0015.67  01.60  08.26  292.8  009.26  29.655  1022.862  1483.39 
2025 01 22 08 43 02.75  32.771  09.947  0015.62  01.58  08.26  292.8  009.26  29.652  1022.859  1483.39 
2025 01 22 08 43 02.87  32.768  09.949  0015.55  01.76  08.26  292.8  009.26  29.647  1022.855  1483.39 
2025 01 22 08 43 03.00  32.764  09.955  0015.48  01.68  08.26  292.8  009.26  29.638  1022.847  1483.40 
2025 01 22 08 43 03.12  32.762  09.961  0015.36  01.58  08.25  292.8  009.26  29.632  1022.840  1483.41 
2025 01 22 08 43 03.25  32.759  09.964  0015.28  01.55  08.26  292.8  009.26  29.626  1022.834  1483.42 
2025 01 22 08 43 03.37  32.759  09.963  0015.24  01.60  08.26  292.8  009.26  29.627  1022.836  1483.41 
2025 01 22 08 43 03.50  32.760  09.960  0015.19  01.66  08.26  292.8  009.26  29.630  1022.839  1483.40 
2025 01 22 08 43 03.62  32.762  09.962  0015.17  01.65  08.26  292.8  009.26  29.630  1022.838  1483.41 
2025 01 22 08 43 03.75  32.762  09.963  0015.12  01.64  08.26  292.8  009.26  29.630  1022.838  1483.41 
2025 01 22 08 43 03.87  32.761  09.967  0015.09  01.56  08.26  292.8  009.26  29.625  1022.833  1483.42 
2025 01 22 08 43 04.00  32.760  09.970  0015.06  01.54  08.27  292.8  009.26  29.622  1022.830  1483.43 
2025 01 22 08 43 04.12  32.760  09.973  0015.05  01.54  08.26  294.6  009.26  29.619  1022.827  1483.44 
2025 01 22 08 43 04.25  32.760  09.970  0015.06  01.59  08.26  294.6  009.26  29.622  1022.829  1483.43 
2025 01 22 08 43 04.37  32.761  09.971  0015.08  01.55  08.26  294.6  009.26  29.622  1022.829  1483.43 
2025 01 22 08 43 04.50  32.759  09.973  0015.08  01.62  08.27  294.6  009.26  29.619  1022.827  1483.43 
2025 01 22 08 43 04.62  32.758  09.973  0015.05  01.62  08.26  294.6  009.26  29.617  1022.825  1483.43 
2025 01 22 08 43 04.75  32.754  09.976  0014.99  01.58  08.26  294.6  009.26  29.612  1022.820  1483.44 
2025 01 22 08 43 04.87  32.747  09.975  0014.92  01.58  08.27  294.6  009.26  29.605  1022.815  1483.42 
2025 01 22 08 43 05.00  32.739  09.974  0014.83  01.55  08.27  294.6  009.26  29.598  1022.810  1483.41 
2025 01 22 08 43 05.12  32.734  09.971  0014.74  01.53  08.27  294.6  009.26  29.595  1022.807  1483.39 
2025 01 22 08 43 05.25  32.732  09.970  0014.65  01.59  08.27  294.6  009.29  29.594  1022.806  1483.39 
2025 01 22 08 43 05.37  32.731  09.971  0014.57  01.66  08.27  294.6  009.26  29.593  1022.805  1483.39 
2025 01 22 08 43 05.50  32.732  09.972  0014.51  01.76  08.27  294.6  009.26  29.593  1022.804  1483.39 
2025 01 22 08 43 05.62  32.735  09.971  0014.43  01.68  08.27  294.6  009.26  29.597  1022.807  1483.39 
2025 01 22 08 43 05.75  32.735  09.971  0014.38  01.57  08.27  294.6  009.26  29.596  1022.806  1483.39 
2025 01 22 08 43 05.87  32.735  09.973  0014.34  01.64  08.27  294.6  009.26  29.594  1022.804  1483.39 
2025 01 22 08 43 06.00  32.735  09.975  0014.31  01.69  08.26  294.6  009.26  29.593  1022.803  1483.40 
2025 01 22 08 43 06.12  32.735  09.978  0014.26  01.67  08.26  294.6  009.26  29.590  1022.800  1483.40 
2025 01 22 08 43 06.25  32.738  09.997  0014.20  01.63  08.27  294.6  009.26  29.578  1022.787  1483.46 
2025 01 22 08 43 06.37  32.739  10.010  0014.15  01.66  08.27  294.6  009.26  29.569  1022.778  1483.49 
2025 01 22 08 43 06.50  32.735  10.008  0014.07  01.71  08.27  294.6  009.26  29.566  1022.775  1483.48 
2025 01 22 08 43 06.62  32.728  10.001  0014.00  01.68  08.27  294.6  009.26  29.565  1022.776  1483.46 
2025 01 22 08 43 06.75  32.723  09.994  0013.93  01.67  08.27  294.6  009.26  29.565  1022.776  1483.43 
2025 01 22 08 43 06.87  32.712  09.978  0013.84  01.76  08.27  294.6  009.26  29.568  1022.781  1483.37 
2025 01 22 08 43 07.00  32.708  09.971  0013.78  01.79  08.27  294.6  009.26  29.570  1022.783  1483.35 
2025 01 22 08 43 07.12  32.707  09.967  0013.74  01.78  08.27  297.5  009.26  29.572  1022.785  1483.33 
2025 01 22 08 43 07.25  32.704  09.972  0013.70  01.75  08.27  297.5  009.26  29.565  1022.779  1483.34 
2025 01 22 08 43 07.37  32.695  09.962  0013.62  01.77  08.27  297.5  009.26  29.564  1022.779  1483.30 
2025 01 22 08 43 07.50  32.670  09.933  0013.55  01.92  08.27  297.5  009.26  29.563  1022.782  1483.20 
2025 01 22 08 43 07.62  32.647  09.928  0013.50  01.88  08.27  297.5  009.26  29.544  1022.768  1483.15 
2025 01 22 08 43 07.75  32.644  09.936  0013.47  01.84  08.27  297.5  009.26  29.534  1022.759  1483.17 
2025 01 22 08 43 07.87  32.645  09.939  0013.41  01.86  08.27  297.5  009.26  29.532  1022.757  1483.18 
2025 01 22 08 43 08.00  32.649  09.944  0013.38  01.85  08.27  297.5  009.26  29.532  1022.756  1483.20 
2025 01 22 08 43 08.12  32.652  09.947  0013.33  01.81  08.27  297.5  009.26  29.533  1022.756  1483.21 
2025 01 22 08 43 08.25  32.661  09.955  0013.27  01.96  08.27  297.5  009.26  29.536  1022.757  1483.24 
2025 01 22 08 43 08.37  32.669  09.964  0013.20  02.04  08.27  297.5  009.26  29.536  1022.755  1483.27 
2025 01 22 08 43 08.50  32.669  09.971  0013.10  01.91  08.27  297.5  009.26  29.531  1022.750  1483.29 
2025 01 22 08 43 08.62  32.672  09.973  0012.95  01.84  08.27  297.5  009.26  29.533  1022.750  1483.30 
2025 01 22 08 43 08.75  32.672  09.982  0012.85  01.89  08.27  297.5  009.26  29.524  1022.742  1483.32 
2025 01 22 08 43 08.87  32.669  09.982  0012.75  01.91  08.27  297.5  009.26  29.522  1022.739  1483.31 
2025 01 22 08 43 09.00  32.668  09.972  0012.71  01.92  08.26  297.5  009.26  29.529  1022.746  1483.28 
2025 01 22 08 43 09.12  32.667  09.972  0012.70  01.84  08.26  297.5  009.26  29.528  1022.745  1483.28 
2025 01 22 08 43 09.25  32.665  09.973  0012.67  01.80  08.27  297.5  009.26  29.525  1022.743  1483.28 
2025 01 22 08 43 09.37  32.662  09.975  0012.66  01.76  08.27  297.5  009.26  29.521  1022.739  1483.28 
2025 01 22 08 43 09.50  32.661  09.976  0012.63  01.73  08.27  297.5  009.26  29.519  1022.738  1483.28 
2025 01 22 08 43 09.62  32.657  09.974  0012.62  01.78  08.27  297.5  009.26  29.517  1022.736  1483.28 
2025 01 22 08 43 09.75  32.647  09.972  0012.58  01.77  08.27  297.5  009.26  29.508  1022.729  1483.26 
2025 01 22 08 43 09.87  32.639  09.970  0012.47  01.80  08.27  297.5  009.26  29.502  1022.724  1483.24 
2025 01 22 08 43 10.00  32.633  09.966  0012.35  01.88  08.27  297.5  009.26  29.500  1022.723  1483.22 
2025 01 22 08 43 10.12  32.624  09.963  0012.25  01.94  08.27  298.5  009.26  29.492  1022.717  1483.20 
2025 01 22 08 43 10.25  32.624  09.962  0012.17  01.94  08.27  298.5  009.26  29.494  1022.718  1483.20 
2025 01 22 08 43 10.37  32.625  09.962  0012.10  01.87  08.27  298.5  009.26  29.495  1022.718  1483.20 
2025 01 22 08 43 10.50  32.624  09.962  0012.06  01.92  08.27  298.5  009.26  29.493  1022.717  1483.19 
2025 01 22 08 43 10.62  32.622  09.962  0012.02  02.03  08.27  298.5  009.26  29.492  1022.715  1483.19 
2025 01 22 08 43 10.75  32.620  09.962  0012.02  02.02  08.27  298.5  009.26  29.489  1022.714  1483.19 
2025 01 22 08 43 10.87  32.620  09.961  0011.98  02.09  08.27  298.5  009.26  29.490  1022.714  1483.19 
2025 01 22 08 43 11.00  32.620  09.961  0011.96  02.04  08.27  298.5  009.26  29.490  1022.714  1483.19 
2025 01 22 08 43 11.12  32.617  09.959  0011.91  02.13  08.27  298.5  009.26  29.489  1022.713  1483.17 
2025 01 22 08 43 11.25  32.614  09.958  0011.85  02.04  08.27  298.5  009.26  29.486  1022.711  1483.17 
2025 01 22 08 43 11.37  32.612  09.957  0011.78  02.13  08.27  298.5  009.26  29.485  1022.710  1483.16 
2025 01 22 08 43 11.50  32.611  09.958  0011.70  02.09  08.27  298.5  009.26  29.484  1022.708  1483.16 
2025 01 22 08 43 11.62  32.610  09.958  0011.60  02.03  08.27  298.5  009.26  29.484  1022.708  1483.16 
2025 01 22 08 43 11.75  32.613  09.957  0011.54  01.98  08.27  298.5  009.26  29.486  1022.710  1483.16 
2025 01 22 08 43 11.87  32.613  09.957  0011.42  01.95  08.27  298.5  009.26  29.486  1022.709  1483.16 
2025 01 22 08 43 12.00  32.612  09.957  0011.38  01.92  08.27  298.5  009.26  29.485  1022.708  1483.16 
2025 01 22 08 43 12.12  32.612  09.959  0011.33  01.97  08.27  298.5  009.26  29.484  1022.707  1483.16 
2025 01 22 08 43 12.25  32.614  09.957  0011.28  01.99  08.27  298.5  009.26  29.488  1022.710  1483.16 
2025 01 22 08 43 12.37  32.613  09.957  0011.24  02.02  08.27  298.5  009.26  29.486  1022.708  1483.16 
2025 01 22 08 43 12.50  32.613  09.959  0011.25  02.04  08.27  298.5  009.26  29.485  1022.707  1483.16 
2025 01 22 08 43 12.62  32.613  09.959  0011.21  02.05  08.27  298.5  009.26  29.485  1022.707  1483.16 
2025 01 22 08 43 12.75  32.610  09.958  0011.16  02.04  08.27  298.5  009.26  29.483  1022.706  1483.15 
2025 01 22 08 43 12.87  32.594  09.950  0011.09  01.95  08.27  298.5  009.26  29.474  1022.699  1483.11 
2025 01 22 08 43 13.00  32.560  09.937  0010.99  01.92  08.28  298.5  009.26  29.451  1022.683  1483.03 
2025 01 22 08 43 13.12  32.544  09.929  0010.87  01.90  08.27  299.5  009.26  29.441  1022.676  1482.99 
2025 01 22 08 43 13.25  32.537  09.923  0010.79  01.86  08.27  299.5  009.26  29.439  1022.675  1482.97 
2025 01 22 08 43 13.37  32.536  09.924  0010.73  02.01  08.27  299.5  009.26  29.437  1022.673  1482.97 
2025 01 22 08 43 13.50  32.539  09.928  0010.66  02.06  08.27  299.5  009.26  29.436  1022.671  1482.98 
2025 01 22 08 43 13.62  32.540  09.927  0010.62  02.06  08.27  299.5  009.26  29.438  1022.673  1482.98 
2025 01 22 08 43 13.75  32.538  09.925  0010.60  02.06  08.27  299.5  009.26  29.438  1022.673  1482.97 
2025 01 22 08 43 13.87  32.535  09.924  0010.56  02.05  08.27  299.5  009.26  29.436  1022.672  1482.96 
2025 01 22 08 43 14.00  32.528  09.923  0010.55  02.08  08.27  299.5  009.26  29.430  1022.667  1482.95 
2025 01 22 08 43 14.12  32.526  09.921  0010.51  02.09  08.27  299.5  009.26  29.429  1022.666  1482.94 
2025 01 22 08 43 14.25  32.516  09.914  0010.47  02.11  08.27  299.5  009.26  29.425  1022.664  1482.91 
2025 01 22 08 43 14.37  32.503  09.910  0010.40  02.09  08.27  299.5  009.26  29.416  1022.657  1482.88 
2025 01 22 08 43 14.50  32.499  09.907  0010.31  02.04  08.27  299.5  009.26  29.414  1022.656  1482.87 
2025 01 22 08 43 14.62  32.496  09.905  0010.21  02.02  08.27  299.5  009.26  29.412  1022.654  1482.86 
2025 01 22 08 43 14.75  32.474  09.882  0010.11  01.97  08.27  299.5  009.26  29.409  1022.655  1482.77 
2025 01 22 08 43 14.87  32.453  09.854  0009.99  01.91  08.27  299.5  009.26  29.410  1022.660  1482.67 
2025 01 22 08 43 15.00  32.438  09.850  0009.91  01.99  08.27  299.5  009.26  29.400  1022.652  1482.63 
2025 01 22 08 43 15.12  32.425  09.846  0009.85  02.06  08.26  299.5  009.26  29.390  1022.644  1482.61 
2025 01 22 08 43 15.25  32.413  09.840  0009.79  02.07  08.27  299.5  009.26  29.382  1022.639  1482.58 
2025 01 22 08 43 15.37  32.394  09.832  0009.77  02.10  08.27  299.5  009.26  29.370  1022.631  1482.53 
2025 01 22 08 43 15.50  32.379  09.827  0009.73  02.24  08.27  299.5  009.26  29.359  1022.623  1482.50 
2025 01 22 08 43 15.62  32.367  09.828  0009.72  02.20  08.27  299.5  009.26  29.346  1022.613  1482.49 
2025 01 22 08 43 15.75  32.354  09.843  0009.71  02.19  08.27  299.5  009.26  29.321  1022.591  1482.51 
2025 01 22 08 43 15.87  32.337  09.858  0009.67  02.21  08.27  299.5  009.26  29.291  1022.565  1482.53 
2025 01 22 08 43 16.00  32.317  09.872  0009.65  02.23  08.27  299.5  009.26  29.261  1022.539  1482.54 
2025 01 22 08 43 16.12  32.296  09.887  0009.60  02.18  08.27  299.7  009.26  29.227  1022.510  1482.56 
2025 01 22 08 43 16.25  32.272  09.900  0009.54  02.22  08.26  299.7  009.26  29.193  1022.481  1482.56 
2025 01 22 08 43 16.37  32.250  09.908  0009.46  02.40  08.26  299.7  009.26  29.164  1022.457  1482.55 
2025 01 22 08 43 16.50  32.224  09.914  0009.35  02.41  08.26  299.7  009.26  29.132  1022.431  1482.54 
2025 01 22 08 43 16.62  32.204  09.924  0009.29  02.34  08.26  299.7  009.26  29.106  1022.409  1482.54 
2025 01 22 08 43 16.75  32.200  09.941  0009.17  02.52  08.26  299.7  009.26  29.088  1022.391  1482.58 
2025 01 22 08 43 16.87  32.189  09.980  0009.10  02.44  08.26  299.7  009.26  29.045  1022.352  1482.67 
2025 01 22 08 43 17.00  32.186  09.981  0009.04  02.50  08.26  299.7  009.29  29.042  1022.348  1482.67 
2025 01 22 08 43 17.12  32.184  09.969  0008.99  02.54  08.26  299.7  009.26  29.049  1022.356  1482.63 
2025 01 22 08 43 17.25  32.173  09.980  0008.95  02.53  08.26  299.7  009.26  29.030  1022.339  1482.65 
2025 01 22 08 43 17.37  32.169  09.984  0008.94  02.66  08.26  299.7  009.26  29.022  1022.332  1482.65 
2025 01 22 08 43 17.50  32.160  09.991  0008.94  02.71  08.26  299.7  009.26  29.008  1022.320  1482.66 
2025 01 22 08 43 17.62  32.153  10.002  0008.92  02.67  08.26  299.7  009.26  28.991  1022.305  1482.68 
2025 01 22 08 43 17.75  32.146  10.018  0008.93  02.68  08.26  299.7  009.26  28.972  1022.288  1482.72 
2025 01 22 08 43 17.87  32.136  10.063  0008.91  02.93  08.26  299.7  009.26  28.926  1022.245  1482.82 
2025 01 22 08 43 18.00  32.120  10.158  0008.87  03.84  08.26  299.7  009.26  28.835  1022.158  1483.06 
2025 01 22 08 43 18.12  32.098  10.194  0008.80  03.50  08.26  299.7  009.26  28.784  1022.113  1483.13 
2025 01 22 08 43 18.25  32.087  10.221  0008.73  03.17  08.26  299.7  009.26  28.752  1022.083  1483.19 
2025 01 22 08 43 18.37  32.084  10.230  0008.62  02.85  08.26  299.7  009.26  28.742  1022.073  1483.20 
2025 01 22 08 43 18.50  32.072  10.256  0008.56  02.78  08.26  299.7  009.26  28.710  1022.044  1483.26 
2025 01 22 08 43 18.62  32.061  10.281  0008.49  02.89  08.27  299.7  009.26  28.679  1022.016  1483.31 
2025 01 22 08 43 18.75  32.063  10.280  0008.42  02.91  08.27  299.7  009.26  28.681  1022.017  1483.31 
2025 01 22 08 43 18.87  32.066  10.263  0008.38  02.90  08.27  299.7  009.26  28.698  1022.033  1483.27 
2025 01 22 08 43 19.00  32.072  10.252  0008.38  03.13  08.27  299.7  009.26  28.712  1022.045  1483.24 
2025 01 22 08 43 19.12  32.070  10.261  0008.38  03.36  08.27  298.4  009.26  28.703  1022.037  1483.27 
2025 01 22 08 43 19.25  32.068  10.278  0008.40  03.22  08.27  298.4  009.26  28.687  1022.022  1483.31 
2025 01 22 08 43 19.37  32.066  10.286  0008.43  03.13  08.27  298.4  009.26  28.680  1022.015  1483.33 
2025 01 22 08 43 19.50  32.064  10.304  0008.44  03.01  08.27  298.4  009.26  28.664  1021.999  1483.38 
2025 01 22 08 43 19.62  32.061  10.305  0008.42  02.87  08.27  298.4  009.26  28.660  1021.996  1483.37 
2025 01 22 08 43 19.75  32.062  10.306  0008.36  02.96  08.27  298.4  009.26  28.660  1021.996  1483.38 
2025 01 22 08 43 19.87  32.064  10.308  0008.27  02.96  08.27  298.4  009.26  28.660  1021.995  1483.38 
2025 01 22 08 43 20.00  32.064  10.310  0008.17  03.03  08.27  298.4  009.29  28.659  1021.993  1483.39 
2025 01 22 08 43 20.12  32.063  10.311  0008.08  03.14  08.27  298.4  009.26  28.657  1021.991  1483.39 
2025 01 22 08 43 20.25  32.063  10.311  0008.00  03.32  08.27  298.4  009.26  28.657  1021.992  1483.38 
2025 01 22 08 43 20.37  32.064  10.310  0007.95  03.32  08.27  298.4  009.26  28.660  1021.993  1483.38 
2025 01 22 08 43 20.50  32.062  10.309  0007.89  03.20  08.27  298.4  009.26  28.658  1021.992  1483.38 
2025 01 22 08 43 20.62  32.061  10.308  0007.84  03.21  08.27  298.4  009.26  28.658  1021.992  1483.37 
2025 01 22 08 43 20.75  32.063  10.306  0007.78  03.30  08.27  298.4  009.26  28.661  1021.994  1483.37 
2025 01 22 08 43 20.87  32.063  10.308  0007.79  03.34  08.27  298.4  009.26  28.660  1021.993  1483.37 
2025 01 22 08 43 21.00  32.063  10.310  0007.80  03.23  08.27  298.4  009.26  28.657  1021.991  1483.38 
2025 01 22 08 43 21.12  32.062  10.312  0007.78  03.17  08.27  298.4  009.26  28.655  1021.989  1483.38 
2025 01 22 08 43 21.25  32.060  10.313  0007.76  03.19  08.27  298.4  009.26  28.653  1021.987  1483.38 
2025 01 22 08 43 21.37  32.060  10.316  0007.70  03.16  08.27  298.4  009.26  28.650  1021.984  1483.39 
2025 01 22 08 43 21.50  32.060  10.322  0007.61  03.03  08.27  298.4  009.26  28.646  1021.979  1483.40 
2025 01 22 08 43 21.62  32.048  10.332  0007.54  03.07  08.27  298.4  009.26  28.626  1021.962  1483.41 
2025 01 22 08 43 21.75  32.029  10.344  0007.47  03.24  08.27  298.4  009.26  28.597  1021.937  1483.42 
2025 01 22 08 43 21.87  32.027  10.349  0007.41  03.28  08.27  298.4  009.26  28.592  1021.932  1483.44 
2025 01 22 08 43 22.00  32.024  10.348  0007.36  03.20  08.28  298.4  009.26  28.590  1021.930  1483.43 
2025 01 22 08 43 22.12  32.028  10.342  0007.32  03.17  08.27  296.4  009.26  28.598  1021.938  1483.42 
2025 01 22 08 43 22.25  32.030  10.342  0007.28  03.14  08.27  296.4  009.26  28.601  1021.939  1483.42 
2025 01 22 08 43 22.37  32.024  10.349  0007.23  03.04  08.27  296.4  009.26  28.589  1021.929  1483.43 
2025 01 22 08 43 22.50  32.006  10.368  0007.20  03.26  08.27  296.4  009.26  28.557  1021.900  1483.46 
2025 01 22 08 43 22.62  31.997  10.368  0007.16  03.28  08.27  296.4  009.26  28.548  1021.893  1483.45 
2025 01 22 08 43 22.75  31.996  10.366  0007.13  03.25  08.27  296.4  009.26  28.548  1021.893  1483.44 
2025 01 22 08 43 22.87  31.996  10.369  0007.09  03.18  08.27  296.4  009.26  28.546  1021.891  1483.45 
2025 01 22 08 43 23.00  31.987  10.391  0007.06  03.22  08.27  296.4  009.26  28.520  1021.867  1483.49 
2025 01 22 08 43 23.12  31.983  10.400  0007.00  03.33  08.27  296.4  009.26  28.509  1021.857  1483.51 
2025 01 22 08 43 23.25  31.982  10.404  0006.96  03.61  08.27  296.4  009.26  28.505  1021.853  1483.52 
2025 01 22 08 43 23.37  31.982  10.405  0006.96  03.66  08.27  296.4  009.26  28.503  1021.851  1483.52 
2025 01 22 08 43 23.50  31.983  10.393  0006.96  03.67  08.27  296.4  009.26  28.514  1021.862  1483.49 
2025 01 22 08 43 23.62  31.989  10.385  0006.96  03.68  08.28  296.4  009.26  28.526  1021.873  1483.48 
2025 01 22 08 43 23.75  31.990  10.386  0006.98  03.61  08.27  296.4  009.26  28.526  1021.873  1483.48 
2025 01 22 08 43 23.87  31.985  10.389  0006.95  03.51  08.28  296.4  009.26  28.519  1021.867  1483.48 
2025 01 22 08 43 24.00  31.977  10.407  0006.94  03.95  08.27  296.4  009.26  28.497  1021.846  1483.52 
2025 01 22 08 43 24.12  31.966  10.422  0006.89  03.91  08.27  296.4  009.26  28.475  1021.826  1483.55 
2025 01 22 08 43 24.25  31.951  10.445  0006.82  03.82  08.28  296.4  009.26  28.443  1021.798  1483.59 
2025 01 22 08 43 24.37  31.939  10.465  0006.77  04.03  08.28  296.4  009.26  28.415  1021.773  1483.63 
2025 01 22 08 43 24.50  31.927  10.475  0006.72  04.16  08.28  296.4  009.26  28.395  1021.755  1483.64 
2025 01 22 08 43 24.62  31.913  10.486  0006.65  04.03  08.28  296.4  009.26  28.373  1021.736  1483.65 
2025 01 22 08 43 24.75  31.902  10.490  0006.59  03.95  08.28  296.4  009.26  28.359  1021.724  1483.65 
2025 01 22 08 43 24.87  31.897  10.487  0006.51  03.90  08.28  296.4  009.26  28.356  1021.722  1483.64 
2025 01 22 08 43 25.00  31.887  10.494  0006.43  03.79  08.28  296.4  009.26  28.341  1021.708  1483.64 
2025 01 22 08 43 25.12  31.872  10.500  0006.37  03.75  08.28  295.3  009.26  28.322  1021.693  1483.64 
2025 01 22 08 43 25.25  31.869  10.499  0006.34  03.84  08.28  295.3  009.26  28.319  1021.691  1483.63 
2025 01 22 08 43 25.37  31.875  10.495  0006.33  03.85  08.28  295.3  009.26  28.329  1021.699  1483.63 
2025 01 22 08 43 25.50  31.882  10.492  0006.35  03.89  08.28  295.3  009.26  28.338  1021.706  1483.63 
2025 01 22 08 43 25.62  31.880  10.495  0006.37  04.17  08.28  295.3  009.26  28.333  1021.702  1483.63 
2025 01 22 08 43 25.75  31.865  10.504  0006.37  04.18  08.28  295.3  009.26  28.312  1021.685  1483.64 
2025 01 22 08 43 25.87  31.857  10.512  0006.36  04.14  08.28  295.3  009.26  28.297  1021.671  1483.65 
2025 01 22 08 43 26.00  31.852  10.514  0006.38  04.24  08.28  295.3  009.26  28.291  1021.667  1483.65 
2025 01 22 08 43 26.12  31.849  10.519  0006.29  04.63  08.28  295.3  009.26  28.285  1021.660  1483.66 
2025 01 22 08 43 26.25  31.845  10.519  0006.24  04.59  08.28  295.3  009.26  28.281  1021.657  1483.65 
2025 01 22 08 43 26.37  31.844  10.530  0006.16  04.44  08.28  295.3  009.26  28.271  1021.647  1483.68 
2025 01 22 08 43 26.50  31.845  10.538  0006.09  04.53  08.28  295.3  009.26  28.265  1021.641  1483.70 
2025 01 22 08 43 26.62  31.848  10.546  0006.03  04.67  08.28  295.3  009.26  28.262  1021.637  1483.73 
2025 01 22 08 43 26.75  31.853  10.563  0005.94  04.71  08.28  295.3  009.26  28.255  1021.628  1483.78 
2025 01 22 08 43 26.87  31.853  10.571  0005.84  04.79  08.28  295.3  009.26  28.248  1021.621  1483.80 
2025 01 22 08 43 27.00  31.849  10.576  0005.77  04.70  08.28  295.3  009.26  28.241  1021.615  1483.80 
2025 01 22 08 43 27.12  31.844  10.576  0005.73  04.77  08.27  295.3  009.26  28.235  1021.610  1483.80 
2025 01 22 08 43 27.25  31.845  10.568  0005.74  04.81  08.28  295.3  009.26  28.243  1021.617  1483.78 
2025 01 22 08 43 27.37  31.848  10.573  0005.78  04.68  08.28  295.3  009.26  28.241  1021.615  1483.80 
2025 01 22 08 43 27.50  31.825  10.587  0005.82  04.90  08.28  295.3  009.26  28.209  1021.588  1483.81 
2025 01 22 08 43 27.62  31.824  10.593  0005.85  05.02  08.28  295.3  009.26  28.202  1021.582  1483.82 
2025 01 22 08 43 27.75  31.834  10.596  0005.85  04.88  08.28  295.3  009.26  28.211  1021.588  1483.84 
2025 01 22 08 43 27.87  31.832  10.589  0005.84  04.70  08.28  295.3  009.26  28.214  1021.591  1483.82 
2025 01 22 08 43 28.00  31.823  10.593  0005.76  05.00  08.28  295.3  009.26  28.202  1021.582  1483.82 
2025 01 22 08 43 28.12  31.806  10.589  0005.70  04.94  08.28  294.7  009.26  28.188  1021.571  1483.79 
2025 01 22 08 43 28.25  31.777  10.585  0005.67  04.77  08.28  294.7  009.26  28.163  1021.552  1483.74 
2025 01 22 08 43 28.37  31.764  10.586  0005.61  04.97  08.28  294.7  009.26  28.150  1021.542  1483.73 
2025 01 22 08 43 28.50  31.752  10.593  0005.57  05.01  08.28  294.7  009.26  28.133  1021.527  1483.73 
2025 01 22 08 43 28.62  31.749  10.596  0005.54  05.32  08.28  294.7  009.26  28.128  1021.522  1483.74 
2025 01 22 08 43 28.75  31.755  10.593  0005.52  05.24  08.28  294.7  009.26  28.135  1021.529  1483.73 
2025 01 22 08 43 28.87  31.742  10.594  0005.48  05.21  08.28  294.7  009.26  28.122  1021.518  1483.72 
2025 01 22 08 43 29.00  31.711  10.598  0005.40  05.35  08.28  294.7  009.26  28.088  1021.491  1483.69 
2025 01 22 08 43 29.12  31.693  10.600  0005.34  05.52  08.28  294.7  009.26  28.069  1021.475  1483.68 
2025 01 22 08 43 29.25  31.689  10.601  0005.28  05.47  08.28  294.7  009.26  28.064  1021.471  1483.68 
2025 01 22 08 43 29.37  31.687  10.601  0005.24  05.60  08.28  294.7  009.26  28.062  1021.469  1483.67 
2025 01 22 08 43 29.50  31.687  10.601  0005.18  05.48  08.28  294.7  009.26  28.063  1021.469  1483.67 
2025 01 22 08 43 29.62  31.695  10.599  0005.17  05.51  08.28  294.7  009.26  28.072  1021.477  1483.68 
2025 01 22 08 43 29.75  31.699  10.599  0005.17  05.74  08.28  294.7  009.26  28.076  1021.480  1483.68 
2025 01 22 08 43 29.87  31.697  10.600  0005.14  05.94  08.28  294.7  009.26  28.073  1021.477  1483.68 
2025 01 22 08 43 30.00  31.678  10.604  0005.11  06.08  08.28  294.7  009.26  28.051  1021.460  1483.67 
2025 01 22 08 43 30.12  31.646  10.616  0005.01  06.27  08.27  294.7  009.26  28.011  1021.426  1483.66 
2025 01 22 08 43 30.25  31.623  10.621  0004.91  06.39  08.28  294.7  009.26  27.984  1021.404  1483.65 
2025 01 22 08 43 30.37  31.607  10.630  0004.81  06.23  08.28  294.7  009.26  27.963  1021.385  1483.65 
2025 01 22 08 43 30.50  31.600  10.637  0004.73  06.33  08.28  294.7  009.26  27.951  1021.374  1483.66 
2025 01 22 08 43 30.62  31.597  10.639  0004.66  06.35  08.28  294.7  009.26  27.946  1021.370  1483.66 
2025 01 22 08 43 30.75  31.600  10.636  0004.62  06.56  08.28  294.7  009.26  27.951  1021.374  1483.65 
2025 01 22 08 43 30.87  31.600  10.636  0004.60  06.60  08.28  294.7  009.26  27.952  1021.375  1483.65 
2025 01 22 08 43 31.00  31.595  10.649  0004.63  06.72  08.28  294.7  009.26  27.936  1021.360  1483.68 
2025 01 22 08 43 31.12  31.590  10.657  0004.68  06.80  08.28  294.0  009.26  27.925  1021.351  1483.70 
2025 01 22 08 43 31.25  31.584  10.662  0004.68  06.94  08.28  294.0  009.26  27.916  1021.343  1483.70 
2025 01 22 08 43 31.37  31.582  10.661  0004.70  07.04  08.28  294.0  009.26  27.915  1021.342  1483.70 
2025 01 22 08 43 31.50  31.582  10.661  0004.76  07.11  08.28  294.0  009.26  27.915  1021.342  1483.70 
2025 01 22 08 43 31.62  31.584  10.658  0004.76  06.92  08.28  294.0  009.26  27.919  1021.346  1483.70 
2025 01 22 08 43 31.75  31.583  10.656  0004.74  06.79  08.28  294.0  009.26  27.918  1021.346  1483.69 
2025 01 22 08 43 31.87  31.583  10.658  0004.69  06.81  08.28  294.0  009.26  27.917  1021.345  1483.69 
2025 01 22 08 43 32.00  31.584  10.660  0004.57  06.92  08.28  294.0  009.26  27.917  1021.343  1483.70 
2025 01 22 08 43 32.12  31.571  10.667  0004.46  06.90  08.29  294.0  009.26  27.899  1021.328  1483.70 
2025 01 22 08 43 32.25  31.560  10.670  0004.32  06.99  08.29  294.0  009.26  27.886  1021.317  1483.69 
2025 01 22 08 43 32.37  31.557  10.674  0004.21  07.06  08.29  294.0  009.26  27.880  1021.311  1483.70 
2025 01 22 08 43 32.50  31.559  10.678  0004.12  07.16  08.29  294.0  009.26  27.879  1021.309  1483.71 
2025 01 22 08 43 32.62  31.561  10.680  0004.10  07.57  08.28  294.0  009.26  27.879  1021.308  1483.72 
2025 01 22 08 43 32.75  31.564  10.686  0004.08  07.52  08.29  294.0  009.26  27.878  1021.307  1483.74 
2025 01 22 08 43 32.87  31.561  10.690  0004.12  07.49  08.29  294.0  009.26  27.872  1021.302  1483.74 
2025 01 22 08 43 33.00  31.555  10.689  0004.12  07.89  08.28  294.0  009.26  27.867  1021.297  1483.74 
2025 01 22 08 43 33.12  31.549  10.691  0004.15  07.76  08.28  294.0  009.26  27.859  1021.291  1483.73 
2025 01 22 08 43 33.25  31.553  10.692  0004.18  07.75  08.29  294.0  009.26  27.862  1021.294  1483.74 
2025 01 22 08 43 33.37  31.555  10.692  0004.21  07.74  08.29  294.0  009.26  27.864  1021.296  1483.74 
2025 01 22 08 43 33.50  31.556  10.692  0004.22  07.66  08.29  294.0  009.26  27.865  1021.296  1483.75 
2025 01 22 08 43 33.62  31.557  10.692  0004.22  07.49  08.29  294.0  009.26  27.866  1021.297  1483.75 
2025 01 22 08 43 33.75  31.557  10.692  0004.15  07.34  08.29  294.0  009.26  27.866  1021.297  1483.75 
2025 01 22 08 43 33.87  31.552  10.691  0004.07  07.39  08.29  294.0  009.26  27.862  1021.294  1483.73 
2025 01 22 08 43 34.00  31.541  10.688  0003.93  07.49  08.29  294.0  009.26  27.854  1021.287  1483.71 
2025 01 22 08 43 34.12  31.535  10.688  0003.82  07.68  08.29  294.9  009.26  27.848  1021.282  1483.70 
2025 01 22 08 43 34.25  31.537  10.689  0003.73  07.75  08.29  294.9  009.26  27.849  1021.282  1483.71 
2025 01 22 08 43 34.37  31.537  10.689  0003.64  07.77  08.29  294.9  009.26  27.850  1021.282  1483.71 
2025 01 22 08 43 34.50  31.537  10.689  0003.62  07.65  08.28  294.9  009.26  27.850  1021.282  1483.71 
2025 01 22 08 43 34.62  31.537  10.690  0003.63  07.53  08.29  294.9  009.26  27.849  1021.281  1483.71 
2025 01 22 08 43 34.75  31.539  10.691  0003.64  07.47  08.29  294.9  009.29  27.850  1021.282  1483.71 
2025 01 22 08 43 34.87  31.539  10.699  0003.65  07.66  08.29  294.9  009.26  27.843  1021.276  1483.74 
2025 01 22 08 43 35.00  31.541  10.708  0003.64  07.71  08.29  294.9  009.26  27.838  1021.270  1483.76 
2025 01 22 08 43 35.12  31.541  10.708  0003.62  07.69  08.29  294.9  009.26  27.839  1021.271  1483.76 
2025 01 22 08 43 35.25  31.541  10.708  0003.65  07.93  08.29  294.9  009.26  27.839  1021.271  1483.76 
2025 01 22 08 43 35.37  31.541  10.709  0003.67  08.03  08.29  294.9  009.26  27.838  1021.270  1483.76 
2025 01 22 08 43 35.50  31.543  10.710  0003.66  08.09  08.29  294.9  009.26  27.839  1021.271  1483.77 
2025 01 22 08 43 35.62  31.544  10.714  0003.63  07.95  08.29  294.9  009.26  27.837  1021.268  1483.78 
2025 01 22 08 43 35.75  31.545  10.717  0003.57  07.83  08.29  294.9  009.26  27.835  1021.266  1483.79 
2025 01 22 08 43 35.87  31.543  10.717  0003.50  07.81  08.29  294.9  009.26  27.834  1021.265  1483.79 
2025 01 22 08 43 36.00  31.534  10.722  0003.37  07.81  08.29  294.9  009.26  27.821  1021.253  1483.79 
2025 01 22 08 43 36.12  31.530  10.730  0003.29  07.84  08.28  294.9  009.26  27.812  1021.244  1483.80 
2025 01 22 08 43 36.25  31.529  10.740  0003.21  08.00  08.29  294.9  009.26  27.803  1021.235  1483.83 
2025 01 22 08 43 36.37  31.528  10.754  0003.14  08.07  08.29  294.9  009.26  27.792  1021.224  1483.86 
2025 01 22 08 43 36.50  31.528  10.745  0003.12  08.02  08.29  294.9  009.26  27.798  1021.230  1483.84 
2025 01 22 08 43 36.62  31.529  10.745  0003.10  07.66  08.29  294.9  009.26  27.800  1021.232  1483.84 
2025 01 22 08 43 36.75  31.529  10.755  0003.10  07.42  08.29  294.9  009.26  27.791  1021.223  1483.87 
2025 01 22 08 43 36.87  31.528  10.761  0003.07  07.10  08.29  294.9  009.26  27.786  1021.219  1483.88 
2025 01 22 08 43 37.00  31.527  10.772  0003.05  07.00  08.30  294.9  009.26  27.777  1021.210  1483.91 
2025 01 22 08 43 37.12  31.527  10.773  0003.05  06.81  08.29  295.1  009.26  27.776  1021.208  1483.91 
2025 01 22 08 43 37.25  31.528  10.771  0003.07  06.89  08.29  295.1  009.26  27.778  1021.211  1483.91 
2025 01 22 08 43 37.37  31.528  10.775  0003.06  06.84  08.29  295.1  009.26  27.775  1021.207  1483.92 
2025 01 22 08 43 37.50  31.526  10.780  0003.02  06.71  08.30  295.1  009.26  27.770  1021.203  1483.93 
2025 01 22 08 43 37.62  31.525  10.780  0002.98  06.82  08.30  295.1  009.26  27.769  1021.202  1483.93 
2025 01 22 08 43 37.75  31.524  10.783  0002.88  06.87  08.30  295.1  009.26  27.766  1021.198  1483.93 
2025 01 22 08 43 37.87  31.522  10.790  0002.82  06.86  08.30  295.1  009.26  27.758  1021.191  1483.95 
2025 01 22 08 43 38.00  31.520  10.791  0002.78  06.90  08.30  295.1  009.26  27.755  1021.188  1483.95 
2025 01 22 08 43 38.12  31.518  10.791  0002.73  06.73  08.30  295.1  009.26  27.754  1021.187  1483.94 
2025 01 22 08 43 38.25  31.518  10.790  0002.69  06.88  08.30  295.1  009.26  27.755  1021.188  1483.94 
2025 01 22 08 43 38.37  31.518  10.788  0002.67  06.89  08.30  295.1  009.26  27.755  1021.188  1483.94 
2025 01 22 08 43 38.50  31.516  10.791  0002.62  06.79  08.30  295.1  009.26  27.752  1021.185  1483.94 
2025 01 22 08 43 38.62  31.515  10.798  0002.59  06.73  08.30  295.1  009.26  27.745  1021.179  1483.96 
2025 01 22 08 43 38.75  31.514  10.817  0002.55  06.82  08.30  295.1  009.26  27.730  1021.163  1484.01 
2025 01 22 08 43 38.87  31.512  10.822  0002.51  06.67  08.30  295.1  009.26  27.724  1021.158  1484.02 
2025 01 22 08 43 39.00  31.511  10.818  0002.51  06.74  08.30  295.1  009.26  27.727  1021.160  1484.00 
2025 01 22 08 43 39.12  31.512  10.815  0002.48  06.72  08.30  295.1  009.26  27.730  1021.163  1484.00 
2025 01 22 08 43 39.25  31.506  10.822  0002.45  06.51  08.31  295.1  009.26  27.718  1021.153  1484.01 
2025 01 22 08 43 39.37  31.475  10.853  0002.40  06.51  08.31  295.1  009.26  27.666  1021.107  1484.05 
2025 01 22 08 43 39.50  31.378  10.870  0002.36  06.66  08.31  295.1  009.26  27.558  1021.020  1483.99 
2025 01 22 08 43 39.62  31.265  10.883  0002.28  06.70  08.31  295.1  009.26  27.439  1020.925  1483.89 
2025 01 22 08 43 39.75  31.175  10.891  0002.26  06.78  08.31  295.1  009.26  27.346  1020.851  1483.80 
2025 01 22 08 43 39.87  31.173  10.890  0002.25  06.73  08.31  295.1  009.26  27.345  1020.851  1483.80 
2025 01 22 08 43 40.00  31.225  10.880  0002.25  06.52  08.32  295.1  009.26  27.402  1020.897  1483.83 
2025 01 22 08 43 40.12  31.242  10.878  0002.24  06.29  08.31  299.4  009.26  27.420  1020.911  1483.85 
2025 01 22 08 43 40.25  31.229  10.879  0002.21  06.44  08.31  299.4  009.26  27.408  1020.901  1483.83 
2025 01 22 08 43 40.37  31.167  10.896  0002.18  06.57  08.31  299.4  009.26  27.334  1020.841  1483.81 
2025 01 22 08 43 40.50  31.054  10.907  0002.14  06.45  08.32  299.4  009.26  27.216  1020.747  1483.70 
2025 01 22 08 43 40.62  30.937  10.912  0002.08  06.57  08.32  299.4  009.26  27.100  1020.656  1483.58 
2025 01 22 08 43 40.75  30.890  10.912  0002.05  06.71  08.32  299.4  009.26  27.054  1020.621  1483.53 
2025 01 22 08 43 40.87  30.855  10.915  0002.01  06.85  08.32  299.4  009.26  27.019  1020.592  1483.49 
2025 01 22 08 43 41.00  30.783  10.921  0001.98  06.87  08.32  299.4  009.26  26.944  1020.533  1483.42 
2025 01 22 08 43 41.12  30.711  10.921  0001.90  06.76  08.32  299.4  009.26  26.875  1020.479  1483.34 
2025 01 22 08 43 41.25  30.632  10.924  0001.83  06.64  08.32  299.4  009.26  26.796  1020.417  1483.26 
2025 01 22 08 43 41.37  30.489  10.929  0001.75  06.49  08.32  299.4  009.26  26.655  1020.306  1483.10 
2025 01 22 08 43 41.50  30.402  10.930  0001.72  06.56  08.32  299.4  009.26  26.569  1020.240  1483.00 
2025 01 22 08 43 41.62  30.402  10.929  0001.71  06.74  08.31  299.4  009.29  26.571  1020.241  1483.00 
2025 01 22 08 43 41.75  30.461  10.925  0001.72  06.59  08.31  299.4  009.26  26.631  1020.288  1483.06 
2025 01 22 08 43 41.87  30.466  10.925  0001.73  06.51  08.32  299.4  009.26  26.635  1020.291  1483.07 
2025 01 22 08 43 42.00  30.342  10.931  0001.73  06.62  08.32  299.4  009.26  26.511  1020.194  1482.94 
2025 01 22 08 43 42.12  30.274  10.933  0001.74  06.54  08.31  299.4  009.26  26.444  1020.142  1482.86 
2025 01 22 08 43 42.25  30.232  10.937  0001.68  06.53  08.32  299.4  009.26  26.401  1020.107  1482.83 
2025 01 22 08 43 42.37  30.143  10.939  0001.68  06.46  08.32  299.4  009.26  26.313  1020.039  1482.73 
2025 01 22 08 43 42.50  30.081  10.944  0001.66  06.56  08.32  299.4  009.26  26.251  1019.990  1482.67 
2025 01 22 08 43 42.62  30.043  10.944  0001.66  06.94  08.32  299.4  009.26  26.213  1019.960  1482.63 
2025 01 22 08 43 42.75  29.989  10.948  0001.59  07.00  08.32  299.4  009.26  26.159  1019.918  1482.57 
2025 01 22 08 43 42.87  29.920  10.950  0001.50  06.75  08.32  299.4  009.26  26.091  1019.864  1482.50 
2025 01 22 08 43 43.00  29.848  10.953  0001.42  06.70  08.32  299.4  009.26  26.020  1019.808  1482.42 
2025 01 22 08 43 43.12  29.737  10.960  0001.31  06.64  08.31  302.5  009.26  25.908  1019.720  1482.31 
2025 01 22 08 43 43.25  29.699  10.962  0001.22  06.57  08.31  302.5  009.26  25.870  1019.689  1482.27 
2025 01 22 08 43 43.37  29.677  10.964  0001.11  06.53  08.31  302.5  009.26  25.848  1019.671  1482.25 
2025 01 22 08 43 43.50  29.653  10.963  0001.07  06.40  08.31  302.5  009.26  25.826  1019.654  1482.22 
2025 01 22 08 43 43.62  29.656  10.963  0001.06  06.42  08.31  302.5  009.29  25.828  1019.656  1482.22 
2025 01 22 08 43 43.75  29.653  10.964  0001.09  06.50  08.31  302.5  009.26  25.824  1019.653  1482.22 
2025 01 22 08 43 43.87  29.613  10.967  0001.11  06.70  08.31  302.5  009.26  25.784  1019.621  1482.18 
2025 01 22 08 43 44.00  29.563  10.972  0001.13  06.79  08.31  302.5  009.26  25.732  1019.580  1482.14 
2025 01 22 08 43 44.12  29.524  10.974  0001.16  06.74  08.31  302.5  009.26  25.694  1019.550  1482.10 
2025 01 22 08 43 44.25  29.519  10.973  0001.17  06.62  08.31  302.5  009.26  25.690  1019.547  1482.09 
2025 01 22 08 43 44.37  29.522  10.971  0001.14  06.47  08.31  302.5  009.26  25.694  1019.551  1482.09 
2025 01 22 08 43 44.50  29.522  10.973  0001.10  06.56  08.31  302.5  009.26  25.693  1019.550  1482.09 
2025 01 22 08 43 44.62  29.517  10.971  0001.05  06.54  08.31  302.5  009.26  25.689  1019.546  1482.08 
2025 01 22 08 43 44.75  29.510  10.973  0001.00  06.60  08.31  302.5  009.26  25.681  1019.540  1482.08 
2025 01 22 08 43 44.87  29.507  10.973  0001.00  07.81  08.31  302.5  009.26  25.678  1019.538  1482.08 
2025 01 22 08 43 45.00  29.507  10.973  0000.98  07.86  08.30  302.5  009.26  25.678  1019.537  1482.08 
2025 01 22 08 43 45.12  29.509  10.973  0000.98  07.33  08.30  302.5  009.26  25.680  1019.539  1482.08 
2025 01 22 08 43 45.25  29.509  10.973  0001.01  07.09  08.30  302.5  009.26  25.681  1019.540  1482.08 
2025 01 22 08 43 45.37  29.513  10.972  0001.05  06.80  08.30  302.5  009.26  25.685  1019.543  1482.08 
2025 01 22 08 43 45.50  29.519  10.972  0001.11  06.68  08.30  302.5  009.26  25.690  1019.547  1482.09 
2025 01 22 08 43 45.62  29.527  10.972  0001.18  06.76  08.30  302.5  009.26  25.698  1019.554  1482.10 
2025 01 22 08 43 45.75  29.536  10.971  0001.21  06.76  08.30  302.5  009.26  25.707  1019.561  1482.11 
2025 01 22 08 43 45.87  29.544  10.971  0001.25  06.75  08.31  302.5  009.26  25.716  1019.568  1482.12 
2025 01 22 08 43 46.00  29.544  10.970  0001.24  06.83  08.31  302.5  009.26  25.715  1019.568  1482.11 
2025 01 22 08 43 46.12  29.541  10.971  0001.24  06.77  08.30  301.8  009.26  25.713  1019.566  1482.11 
2025 01 22 08 43 46.25  29.531  10.971  0001.18  06.76  08.31  301.8  009.26  25.703  1019.557  1482.10 
2025 01 22 08 43 46.37  29.526  10.970  0001.13  06.77  08.30  301.8  009.26  25.699  1019.554  1482.09 
2025 01 22 08 43 46.50  29.516  10.972  0001.09  06.79  08.30  301.8  009.26  25.688  1019.545  1482.08 
2025 01 22 08 43 46.62  29.503  10.972  0001.04  06.80  08.30  301.8  009.26  25.675  1019.535  1482.07 
2025 01 22 08 43 46.75  29.501  10.973  0001.01  06.92  08.30  301.8  009.26  25.673  1019.534  1482.07 
2025 01 22 08 43 46.87  29.502  10.973  0001.00  06.90  08.30  301.8  009.26  25.674  1019.534  1482.07 
2025 01 22 08 43 47.00  29.504  10.972  0001.02  06.78  08.30  301.8  009.26  25.676  1019.536  1482.07 
2025 01 22 08 43 47.12  29.500  10.973  0001.05  06.84  08.30  301.8  009.26  25.671  1019.532  1482.07 
2025 01 22 08 43 47.25  29.499  10.973  0001.11  06.80  08.30  301.8  009.26  25.671  1019.532  1482.07 
2025 01 22 08 43 47.37  29.521  10.973  0001.13  06.82  08.30  301.8  009.26  25.692  1019.549  1482.09 
2025 01 22 08 43 47.50  29.543  10.970  0001.17  06.80  08.30  301.8  009.26  25.715  1019.567  1482.11 
2025 01 22 08 43 47.62  29.557  10.969  0001.18  06.86  08.30  301.8  009.26  25.729  1019.579  1482.13 
2025 01 22 08 43 47.75  29.563  10.967  0001.18  06.77  08.30  301.8  009.26  25.736  1019.584  1482.13 
2025 01 22 08 43 47.87  29.557  10.967  0001.17  06.67  08.30  301.8  009.26  25.730  1019.580  1482.12 
2025 01 22 08 43 48.00  29.563  10.968  0001.15  06.55  08.30  301.8  009.26  25.735  1019.583  1482.13 
2025 01 22 08 43 48.12  29.571  10.966  0001.13  06.51  08.30  301.8  009.26  25.744  1019.590  1482.13 
2025 01 22 08 43 48.25  29.577  10.965  0001.09  06.58  08.30  301.8  009.26  25.751  1019.596  1482.14 
2025 01 22 08 43 48.37  29.584  10.966  0001.09  06.65  08.30  301.8  009.26  25.758  1019.601  1482.15 
2025 01 22 08 43 48.50  29.587  10.966  0001.08  06.82  08.30  301.8  009.26  25.760  1019.602  1482.15 
2025 01 22 08 43 48.62  29.589  10.966  0001.08  06.80  08.30  301.8  009.26  25.762  1019.604  1482.15 
2025 01 22 08 43 48.75  29.598  10.966  0001.09  06.78  08.30  301.8  009.26  25.771  1019.611  1482.16 
2025 01 22 08 43 48.87  29.605  10.966  0001.08  06.67  08.30  301.8  009.26  25.777  1019.616  1482.17 
2025 01 22 08 43 49.00  29.610  10.966  0001.09  06.58  08.31  301.8  009.26  25.782  1019.620  1482.18 
2025 01 22 08 43 49.12  29.613  10.966  0001.11  06.56  08.30  301.5  009.26  25.785  1019.622  1482.18 
2025 01 22 08 43 49.25  29.615  10.967  0001.12  06.55  08.31  301.5  009.26  25.787  1019.623  1482.19 
2025 01 22 08 43 49.37  29.620  10.965  0001.14  06.64  08.30  301.5  009.26  25.793  1019.628  1482.19 
2025 01 22 08 43 49.50  29.615  10.964  0001.15  06.58  08.30  301.5  009.26  25.788  1019.625  1482.18 
2025 01 22 08 43 49.62  29.615  10.964  0001.14  06.65  08.30  301.5  009.26  25.789  1019.625  1482.18 
2025 01 22 08 43 49.75  29.617  10.964  0001.13  06.63  08.30  301.5  009.26  25.790  1019.626  1482.18 
2025 01 22 08 43 49.87  29.615  10.965  0001.12  06.62  08.30  301.5  009.26  25.788  1019.624  1482.18 
2025 01 22 08 43 50.00  29.618  10.965  0001.12  06.69  08.30  301.5  009.26  25.790  1019.626  1482.18 
2025 01 22 08 43 50.12  29.631  10.964  0001.11  06.73  08.30  301.5  009.26  25.804  1019.637  1482.20 
2025 01 22 08 43 50.25  29.643  10.964  0001.11  06.66  08.30  301.5  009.26  25.815  1019.646  1482.21 
2025 01 22 08 43 50.37  29.657  10.964  0001.11  06.57  08.30  301.5  009.26  25.828  1019.656  1482.22 
2025 01 22 08 43 50.50  29.674  10.963  0001.12  06.53  08.31  301.5  009.26  25.845  1019.669  1482.24 
2025 01 22 08 43 50.62  29.686  10.962  0001.12  06.47  08.31  301.5  009.26  25.858  1019.679  1482.26 
2025 01 22 08 43 50.75  29.692  10.962  0001.15  06.50  08.31  301.5  009.29  25.864  1019.684  1482.26 
2025 01 22 08 43 50.87  29.688  10.962  0001.15  06.52  08.31  301.5  009.26  25.860  1019.681  1482.26 
2025 01 22 08 43 51.00  29.680  10.963  0001.15  06.56  08.30  301.5  009.26  25.851  1019.674  1482.25 
2025 01 22 08 43 51.12  29.665  10.964  0001.15  06.52  08.30  301.5  009.26  25.836  1019.662  1482.24 
2025 01 22 08 43 51.25  29.636  10.964  0001.17  06.54  08.31  301.5  009.26  25.808  1019.641  1482.20 
2025 01 22 08 43 51.37  29.621  10.966  0001.16  06.60  08.30  301.5  009.26  25.793  1019.628  1482.19 
2025 01 22 08 43 51.50  29.606  10.965  0001.14  06.79  08.30  301.5  009.26  25.779  1019.618  1482.17 
2025 01 22 08 43 51.62  29.599  10.966  0001.12  06.75  08.30  301.5  009.26  25.772  1019.612  1482.16 
2025 01 22 08 43 51.75  29.608  10.965  0001.10  06.79  08.30  301.5  009.26  25.781  1019.619  1482.17 
2025 01 22 08 43 51.87  29.618  10.963  0001.09  06.96  08.31  301.5  009.26  25.792  1019.628  1482.18 
2025 01 22 08 43 52.00  29.633  10.964  0001.09  06.77  08.31  301.5  009.26  25.806  1019.638  1482.20 
2025 01 22 08 43 52.12  29.648  10.964  0001.10  06.69  08.31  301.4  009.26  25.820  1019.650  1482.21 
2025 01 22 08 43 52.25  29.657  10.964  0001.11  06.70  08.31  301.4  009.26  25.829  1019.657  1482.23 
2025 01 22 08 43 52.37  29.649  10.964  0001.15  06.69  08.31  301.4  009.26  25.820  1019.650  1482.22 
2025 01 22 08 43 52.50  29.636  10.964  0001.15  06.70  08.31  301.4  009.26  25.808  1019.640  1482.20 
2025 01 22 08 43 52.62  29.624  10.967  0001.17  06.64  08.31  301.4  009.26  25.795  1019.630  1482.20 
2025 01 22 08 43 52.75  29.622  10.967  0001.19  06.66  08.31  301.4  009.26  25.793  1019.629  1482.20 
2025 01 22 08 43 52.87  29.625  10.967  0001.19  06.66  08.31  301.4  009.26  25.796  1019.630  1482.20 
2025 01 22 08 43 53.00  29.623  10.966  0001.20  06.56  08.31  301.4  009.26  25.795  1019.630  1482.19 
2025 01 22 08 43 53.12  29.616  10.966  0001.20  06.49  08.31  301.4  009.26  25.788  1019.625  1482.19 
2025 01 22 08 43 53.25  29.605  10.967  0001.21  06.54  08.31  301.4  009.26  25.777  1019.616  1482.18 
2025 01 22 08 43 53.37  29.588  10.968  0001.19  06.57  08.31  301.4  009.26  25.759  1019.602  1482.16 
2025 01 22 08 43 53.50  29.567  10.969  0001.16  06.67  08.31  301.4  009.26  25.739  1019.586  1482.14 
2025 01 22 08 43 53.62  29.548  10.970  0001.15  06.67  08.31  301.4  009.26  25.719  1019.570  1482.12 
2025 01 22 08 43 53.75  29.556  10.969  0001.09  06.62  08.31  301.4  009.26  25.729  1019.578  1482.12 
2025 01 22 08 43 53.87  29.584  10.967  0001.05  06.57  08.31  301.4  009.26  25.757  1019.600  1482.15 
2025 01 22 08 43 54.00  29.598  10.967  0001.01  06.61  08.31  301.4  009.26  25.769  1019.609  1482.17 
2025 01 22 08 43 54.12  29.540  10.971  0000.93  06.80  08.30  301.4  009.26  25.711  1019.563  1482.11 
2025 01 22 08 43 54.25  29.486  10.973  0000.88  06.86  08.31  301.4  009.26  25.659  1019.522  1482.05 
2025 01 22 08 43 54.37  29.469  10.974  0000.84  06.83  08.31  301.4  009.26  25.641  1019.508  1482.03 
2025 01 22 08 43 54.50  29.479  10.972  0000.83  06.81  08.31  301.4  009.26  25.652  1019.517  1482.04 
2025 01 22 08 43 54.62  29.489  10.972  0000.86  06.95  08.31  301.4  009.26  25.662  1019.524  1482.05 
2025 01 22 08 43 54.75  29.486  10.973  0000.86  07.02  08.31  301.4  009.26  25.658  1019.521  1482.05 
2025 01 22 08 43 54.87  29.496  10.973  0000.89  07.00  08.31  301.4  009.26  25.667  1019.529  1482.06 
2025 01 22 08 43 55.00  29.507  10.972  0000.86  06.92  08.31  301.4  009.26  25.679  1019.538  1482.07 
2025 01 22 08 43 55.12  29.497  10.973  0000.85  06.98  08.31  301.3  009.26  25.670  1019.530  1482.06 
2025 01 22 08 43 55.25  29.489  10.972  0000.80  06.90  08.31  301.3  009.26  25.662  1019.524  1482.05 
2025 01 22 08 43 55.37  29.478  10.972  0000.69  07.06  08.31  301.3  009.26  25.651  1019.515  1482.03 
2025 01 22 08 43 55.50  29.458  10.973  0000.64  07.03  08.31  301.3  009.26  25.632  1019.500  1482.02 
2025 01 22 08 43 55.62  29.448  10.974  0000.57  06.98  08.31  301.3  009.26  25.621  1019.491  1482.00 
2025 01 22 08 43 55.75  29.440  10.974  0000.50  06.99  08.31  301.3  009.26  25.614  1019.485  1481.99 
2025 01 22 08 43 55.87  29.434  10.974  0000.47  06.88  08.31  301.3  009.26  25.607  1019.480  1481.99 
2025 01 22 08 43 56.00  29.433  10.974  0000.43  06.62  08.31  301.3  009.26  25.607  1019.479  1481.99 
2025 01 22 08 43 56.12  29.435  10.973  0000.41  06.60  08.31  301.3  009.26  25.609  1019.481  1481.98 
2025 01 22 08 43 56.25  29.431  10.975  0000.39  06.65  08.31  301.3  009.26  25.604  1019.477  1481.98 
2025 01 22 08 43 56.37  29.426  10.975  0000.39  06.81  08.31  301.3  009.26  25.599  1019.473  1481.98 
2025 01 22 08 43 56.50  29.425  10.974  0000.39  06.90  08.31  301.3  009.26  25.599  1019.473  1481.98 
2025 01 22 08 43 56.62  29.424  10.975  0000.38  06.81  08.31  301.3  009.26  25.598  1019.472  1481.98 
2025 01 22 08 43 56.75  29.421  10.975  0000.35  06.74  08.31  301.3  009.26  25.595  1019.470  1481.97 
2025 01 22 08 43 56.87  29.415  10.975  0000.31  06.66  08.31  301.3  009.26  25.589  1019.465  1481.97 
2025 01 22 08 43 57.00  29.415  10.975  0000.29  06.76  08.31  301.3  009.26  25.589  1019.465  1481.96 
2025 01 22 08 43 57.12  29.413  10.975  0000.26  06.64  08.30  301.3  009.26  25.587  1019.463  1481.96 
2025 01 22 08 43 57.25  29.411  10.975  0000.22  06.55  08.31  301.3  009.26  25.585  1019.461  1481.96 
2025 01 22 08 43 57.37  29.411  10.976  0000.17  06.60  08.31  301.3  009.26  25.584  1019.460  1481.96 
2025 01 22 08 43 57.50  29.411  10.974  0000.14  06.68  08.31  301.3  009.26  25.586  1019.462  1481.96 
2025 01 22 08 43 57.62  29.411  10.975  0000.12  06.79  08.31  301.3  009.26  25.586  1019.462  1481.96 
2025 01 22 08 43 57.75  29.411  10.975  0000.13  06.91  08.31  301.3  009.26  25.586  1019.462  1481.96 
2025 01 22 08 43 57.87  29.411  10.976  0000.15  06.76  08.31  301.3  009.26  25.584  1019.460  1481.96 
2025 01 22 08 43 58.00  29.409  10.976  0000.14  06.67  08.31  301.3  009.26  25.582  1019.459  1481.96 
2025 01 22 08 43 58.12  29.409  10.976  0000.15  06.69  08.31  301.3  009.26  25.582  1019.459  1481.96 
2025 01 22 08 43 58.25  29.410  10.976  0000.16  06.82  08.31  301.3  009.26  25.584  1019.460  1481.96 
2025 01 22 08 43 58.37  29.409  10.977  0000.15  06.89  08.31  301.3  009.26  25.582  1019.458  1481.96 
2025 01 22 08 43 58.50  29.408  10.976  0000.12  06.82  08.31  301.3  009.26  25.582  1019.458  1481.96 
2025 01 22 08 43 58.62  29.409  10.976  0000.11  06.78  08.31  301.3  009.29  25.583  1019.459  1481.96 
2025 01 22 08 43 58.75  29.408  10.976  0000.12  06.74  08.31  301.3  009.26  25.582  1019.458  1481.96 
2025 01 22 08 43 58.87  29.408  10.975  0000.13  06.81  08.31  301.3  009.26  25.581  1019.458  1481.95 
2025 01 22 08 43 59.00  29.407  10.976  0000.13  06.88  08.31  301.3  009.26  25.581  1019.457  1481.95 
2025 01 22 08 43 59.12  29.406  10.977  0000.12  06.83  08.31  301.3  009.26  25.579  1019.456  1481.96 
2025 01 22 08 43 59.25  29.407  10.976  0000.09  06.75  08.31  301.3  009.26  25.580  1019.457  1481.95 
2025 01 22 08 43 59.37  29.406  10.976  0000.01  06.66  08.31  301.3  009.26  25.579  1019.456  1481.95 
2025 01 22 08 43 59.50  29.197  10.976  0000.01  06.68  08.31  301.3  009.26  25.380  1019.301  1481.71 
2025 01 22 08 43 59.62  19.436  10.975  0000.02  10.64  08.31  301.3  009.26  16.249  1012.224  1470.77 
2025 01 22 08 43 59.75  03.780  10.964  0000.01  14.45  08.31  301.3  009.26  02.793  1001.793  1454.51 
2025 01 22 08 43 59.87  01.721  10.960  0000.00  09.96  08.31  301.3  009.29  01.216  1000.563  1452.56 
2025 01 22 08 44 00.00  01.087  10.962  0000.01  06.24  08.31  301.3  009.26  00.751  1000.200  1451.99 
2025 01 22 08 44 00.12  00.303  10.955  0000.00  03.39  08.30  301.3  009.26  00.200  0999.769  1451.28 
2025 01 22 08 44 00.25  00.092  10.921  0000.01  02.33  08.31  301.3  009.26  00.059  0999.662  1450.97 
