2025 01 26 11 49 01.72  03.552  10.800  0000.03  00.91  10.72  295.1  009.26  02.626  1001.680  1453.67 
2025 01 26 11 49 01.85  20.386  10.848  0000.08  03.77  08.16  295.1  009.26  17.176  1012.960  1471.41 
2025 01 26 11 49 01.97  26.361  10.852  0000.11  05.46  08.23  295.1  009.26  22.757  1017.286  1478.12 
2025 01 26 11 49 02.10  26.355  10.853  0000.13  05.46  08.30  295.1  009.26  22.751  1017.281  1478.11 
2025 01 26 11 49 02.22  25.227  10.853  0000.14  04.81  08.33  295.1  009.26  21.684  1016.453  1476.83 
2025 01 26 11 49 02.35  23.827  10.852  0000.14  16.44  08.35  295.1  009.26  20.368  1015.434  1475.25 
2025 01 26 11 49 02.47  23.807  10.853  0000.13  23.47  08.37  295.1  009.26  20.349  1015.418  1475.23 
2025 01 26 11 49 02.60  27.741  10.853  0000.13  18.12  08.38  295.1  009.26  24.069  1018.304  1479.70 
2025 01 26 11 49 02.72  28.932  10.854  0000.12  13.30  08.39  295.1  009.26  25.210  1019.189  1481.07 
2025 01 26 11 49 02.85  29.002  10.853  0000.11  09.27  08.40  295.1  009.26  25.277  1019.241  1481.15 
2025 01 26 11 49 02.97  28.949  10.852  0000.10  07.03  08.41  295.1  009.26  25.227  1019.202  1481.08 
2025 01 26 11 49 03.10  29.077  10.854  0000.07  05.83  08.42  297.1  009.26  25.349  1019.297  1481.23 
2025 01 26 11 49 03.22  29.208  10.854  0000.10  05.09  08.42  297.1  009.26  25.474  1019.394  1481.39 
2025 01 26 11 49 03.35  29.221  10.854  0000.10  04.50  08.43  297.1  009.26  25.487  1019.404  1481.40 
2025 01 26 11 49 03.47  29.226  10.855  0000.14  04.21  08.43  297.1  009.26  25.491  1019.407  1481.41 
2025 01 26 11 49 03.60  29.218  10.854  0000.18  04.13  08.44  297.1  009.26  25.484  1019.402  1481.40 
2025 01 26 11 49 03.72  29.206  10.854  0000.21  04.09  08.44  297.1  009.26  25.473  1019.393  1481.39 
2025 01 26 11 49 03.85  29.205  10.853  0000.22  04.10  08.45  297.1  009.26  25.472  1019.393  1481.38 
2025 01 26 11 49 03.97  29.212  10.853  0000.22  04.04  08.45  297.1  009.26  25.479  1019.398  1481.39 
2025 01 26 11 49 04.10  29.211  10.854  0000.20  04.11  08.45  297.1  009.26  25.477  1019.397  1481.39 
2025 01 26 11 49 04.22  29.205  10.854  0000.18  04.13  08.45  297.1  009.26  25.472  1019.393  1481.38 
2025 01 26 11 49 04.35  29.209  10.854  0000.15  04.04  08.45  297.1  009.26  25.475  1019.395  1481.39 
2025 01 26 11 49 04.47  29.217  10.854  0000.13  04.05  08.46  297.1  009.26  25.483  1019.401  1481.40 
2025 01 26 11 49 04.60  29.217  10.854  0000.12  03.99  08.46  297.1  009.26  25.483  1019.401  1481.40 
2025 01 26 11 49 04.72  29.216  10.854  0000.15  03.97  08.46  297.1  009.26  25.482  1019.401  1481.40 
2025 01 26 11 49 04.85  29.216  10.854  0000.16  03.94  08.46  297.1  009.26  25.482  1019.401  1481.40 
2025 01 26 11 49 04.97  29.216  10.855  0000.25  03.92  08.46  297.1  009.26  25.482  1019.401  1481.40 
2025 01 26 11 49 05.10  29.217  10.854  0000.29  03.92  08.46  297.1  009.26  25.483  1019.402  1481.40 
2025 01 26 11 49 05.22  29.216  10.854  0000.36  03.84  08.47  297.1  009.26  25.482  1019.402  1481.40 
2025 01 26 11 49 05.35  29.213  10.852  0000.42  03.72  08.47  297.1  009.26  25.481  1019.401  1481.39 
2025 01 26 11 49 05.47  29.215  10.852  0000.47  03.56  08.11  297.1  009.26  25.482  1019.402  1481.40 
2025 01 26 11 49 05.60  29.216  10.851  0000.52  03.46  08.11  297.1  009.26  25.483  1019.403  1481.40 
2025 01 26 11 49 05.72  29.220  10.852  0000.57  03.42  08.16  297.1  009.26  25.487  1019.406  1481.40 
2025 01 26 11 49 05.85  29.225  10.852  0000.61  03.36  08.20  297.1  009.26  25.492  1019.411  1481.41 
2025 01 26 11 49 05.97  29.225  10.851  0000.62  03.31  08.22  297.1  009.26  25.492  1019.411  1481.41 
2025 01 26 11 49 06.10  29.223  10.852  0000.61  03.34  08.24  300.6  009.26  25.490  1019.409  1481.41 
2025 01 26 11 49 06.22  29.220  10.852  0000.60  03.41  08.26  300.6  009.26  25.487  1019.406  1481.40 
2025 01 26 11 49 06.35  29.219  10.851  0000.62  03.39  08.28  300.6  009.26  25.486  1019.406  1481.40 
2025 01 26 11 49 06.47  29.219  10.851  0000.61  03.32  08.30  300.6  009.26  25.486  1019.406  1481.40 
2025 01 26 11 49 06.60  29.216  10.853  0000.59  03.37  08.31  300.6  009.26  25.483  1019.403  1481.40 
2025 01 26 11 49 06.72  29.214  10.853  0000.58  03.44  08.32  300.6  009.26  25.481  1019.401  1481.40 
2025 01 26 11 49 06.85  29.215  10.852  0000.59  03.47  08.34  300.6  009.26  25.482  1019.403  1481.40 
2025 01 26 11 49 06.97  29.215  10.852  0000.61  03.62  08.35  300.6  009.26  25.482  1019.403  1481.40 
2025 01 26 11 49 07.10  29.215  10.852  0000.63  03.85  08.36  300.6  009.26  25.482  1019.403  1481.40 
2025 01 26 11 49 07.22  29.213  10.851  0000.67  03.85  08.37  300.6  009.26  25.481  1019.403  1481.39 
2025 01 26 11 49 07.35  29.212  10.852  0000.74  03.75  08.37  300.6  009.26  25.479  1019.401  1481.40 
2025 01 26 11 49 07.47  29.212  10.851  0000.83  03.66  08.39  300.6  009.26  25.479  1019.402  1481.40 
2025 01 26 11 49 07.60  29.221  10.852  0000.90  03.63  08.39  300.6  009.26  25.488  1019.409  1481.41 
2025 01 26 11 49 07.72  29.227  10.852  0001.00  03.63  08.40  300.6  009.26  25.494  1019.414  1481.42 
2025 01 26 11 49 07.85  29.226  10.853  0001.06  03.80  08.41  300.6  009.26  25.492  1019.412  1481.42 
2025 01 26 11 49 07.97  29.232  10.853  0001.16  03.76  08.41  300.6  009.26  25.498  1019.417  1481.43 
2025 01 26 11 49 08.10  29.245  10.854  0001.23  03.76  08.42  300.6  009.26  25.510  1019.427  1481.45 
2025 01 26 11 49 08.22  29.250  10.853  0001.27  03.69  08.43  300.6  009.26  25.515  1019.431  1481.45 
2025 01 26 11 49 08.35  29.244  10.853  0001.35  03.68  08.43  300.6  009.26  25.509  1019.427  1481.45 
2025 01 26 11 49 08.47  29.248  10.854  0001.40  03.77  08.43  300.6  009.26  25.513  1019.430  1481.45 
2025 01 26 11 49 08.60  29.279  10.862  0001.45  03.84  08.43  300.6  009.26  25.537  1019.448  1481.51 
2025 01 26 11 49 08.72  29.290  10.863  0001.52  03.82  08.44  300.6  009.26  25.546  1019.455  1481.53 
2025 01 26 11 49 08.85  29.301  10.864  0001.58  03.91  08.44  300.6  009.26  25.556  1019.463  1481.54 
2025 01 26 11 49 08.97  29.375  10.865  0001.67  03.98  08.43  300.6  009.26  25.626  1019.518  1481.64 
2025 01 26 11 49 09.10  29.441  10.870  0001.76  03.97  08.43  302.1  009.26  25.687  1019.564  1481.73 
2025 01 26 11 49 09.22  29.489  10.872  0001.87  03.97  08.43  302.1  009.26  25.732  1019.599  1481.79 
2025 01 26 11 49 09.35  29.583  10.879  0001.99  03.99  08.44  302.1  009.26  25.817  1019.665  1481.92 
2025 01 26 11 49 09.47  29.665  10.885  0002.04  04.13  08.44  302.1  009.26  25.891  1019.721  1482.03 
2025 01 26 11 49 09.60  29.732  10.891  0002.07  04.21  08.44  302.1  009.26  25.952  1019.768  1482.13 
2025 01 26 11 49 09.72  29.715  10.885  0002.04  04.35  08.44  302.1  009.26  25.939  1019.759  1482.09 
2025 01 26 11 49 09.85  29.676  10.883  0002.01  04.39  08.44  302.1  009.26  25.904  1019.732  1482.04 
2025 01 26 11 49 09.97  29.673  10.884  0002.01  04.47  08.44  302.1  009.26  25.900  1019.728  1482.04 
2025 01 26 11 49 10.10  29.665  10.882  0001.99  04.56  08.44  302.1  009.26  25.893  1019.723  1482.02 
2025 01 26 11 49 10.22  29.644  10.881  0001.98  04.54  08.45  302.1  009.26  25.874  1019.709  1481.99 
2025 01 26 11 49 10.35  29.627  10.879  0002.00  04.61  08.45  302.1  009.26  25.859  1019.698  1481.97 
2025 01 26 11 49 10.47  29.636  10.880  0002.02  04.60  08.45  302.1  009.26  25.867  1019.704  1481.98 
2025 01 26 11 49 10.60  29.670  10.884  0002.07  04.46  08.45  302.1  009.26  25.897  1019.727  1482.04 
2025 01 26 11 49 10.72  29.730  10.889  0002.11  04.47  08.45  302.1  009.26  25.951  1019.768  1482.12 
2025 01 26 11 49 10.85  29.750  10.892  0002.14  04.52  08.45  302.1  009.26  25.968  1019.781  1482.15 
2025 01 26 11 49 10.97  29.747  10.890  0002.17  04.55  08.45  302.1  009.26  25.967  1019.780  1482.14 
2025 01 26 11 49 11.10  29.716  10.888  0002.16  04.46  08.46  302.1  009.26  25.939  1019.759  1482.10 
2025 01 26 11 49 11.22  29.702  10.886  0002.12  04.40  08.46  302.1  009.26  25.926  1019.749  1482.08 
2025 01 26 11 49 11.35  29.720  10.888  0002.08  04.53  08.46  302.1  009.26  25.942  1019.761  1482.11 
2025 01 26 11 49 11.47  29.742  10.890  0002.05  04.60  08.46  302.1  009.26  25.962  1019.776  1482.13 
2025 01 26 11 49 11.60  29.747  10.890  0002.01  04.65  08.46  302.1  009.26  25.967  1019.780  1482.14 
2025 01 26 11 49 11.72  29.747  10.890  0002.00  04.64  08.46  302.1  009.26  25.966  1019.779  1482.14 
2025 01 26 11 49 11.85  29.746  10.891  0001.99  05.05  08.46  302.1  009.26  25.965  1019.778  1482.14 
2025 01 26 11 49 11.97  29.742  10.890  0002.01  04.91  08.45  302.1  009.26  25.962  1019.776  1482.13 
2025 01 26 11 49 12.10  29.732  10.888  0002.04  04.86  08.45  302.5  009.26  25.954  1019.770  1482.12 
2025 01 26 11 49 12.22  29.733  10.888  0002.11  04.84  08.45  302.5  009.26  25.955  1019.771  1482.12 
2025 01 26 11 49 12.35  29.742  10.890  0002.14  04.83  08.45  302.5  009.26  25.962  1019.777  1482.13 
2025 01 26 11 49 12.47  29.764  10.894  0002.19  04.70  08.45  302.5  009.26  25.981  1019.791  1482.17 
2025 01 26 11 49 12.60  29.775  10.895  0002.17  04.71  08.45  302.5  009.26  25.990  1019.798  1482.19 
2025 01 26 11 49 12.72  29.766  10.891  0002.18  04.63  08.45  302.5  009.26  25.985  1019.794  1482.17 
2025 01 26 11 49 12.85  29.755  10.888  0002.15  04.55  08.45  302.5  009.26  25.976  1019.788  1482.15 
2025 01 26 11 49 12.97  29.751  10.890  0002.12  04.65  08.45  302.5  009.26  25.971  1019.783  1482.15 
2025 01 26 11 49 13.10  29.740  10.890  0002.05  04.69  08.45  302.5  009.26  25.961  1019.775  1482.13 
2025 01 26 11 49 13.22  29.717  10.888  0002.01  04.75  08.45  302.5  009.26  25.940  1019.759  1482.10 
2025 01 26 11 49 13.35  29.699  10.886  0001.99  04.72  08.45  302.5  009.26  25.924  1019.747  1482.07 
2025 01 26 11 49 13.47  29.704  10.887  0001.98  04.63  08.45  302.5  009.26  25.928  1019.749  1482.08 
2025 01 26 11 49 13.60  29.722  10.889  0001.97  04.59  08.45  302.5  009.26  25.944  1019.762  1482.11 
2025 01 26 11 49 13.72  29.723  10.889  0002.02  04.53  08.45  302.5  009.26  25.944  1019.762  1482.11 
2025 01 26 11 49 13.85  29.724  10.888  0002.04  04.64  08.45  302.5  009.26  25.946  1019.764  1482.11 
2025 01 26 11 49 13.97  29.738  10.890  0002.08  04.61  08.45  302.5  009.26  25.958  1019.773  1482.13 
2025 01 26 11 49 14.10  29.763  10.893  0002.10  04.56  08.46  302.5  009.26  25.980  1019.789  1482.17 
2025 01 26 11 49 14.22  29.777  10.892  0002.12  04.56  08.46  302.5  009.26  25.994  1019.801  1482.18 
2025 01 26 11 49 14.35  29.772  10.892  0002.14  04.53  08.46  302.5  009.26  25.990  1019.797  1482.18 
2025 01 26 11 49 14.47  29.758  10.890  0002.15  04.53  08.46  302.5  009.26  25.977  1019.788  1482.16 
2025 01 26 11 49 14.60  29.740  10.888  0002.13  04.59  08.46  302.5  009.26  25.962  1019.776  1482.13 
2025 01 26 11 49 14.72  29.739  10.890  0002.11  04.66  08.46  302.5  009.26  25.959  1019.774  1482.13 
2025 01 26 11 49 14.85  29.739  10.889  0002.09  04.88  08.46  302.5  009.26  25.959  1019.774  1482.13 
2025 01 26 11 49 14.97  29.743  10.889  0002.05  04.93  08.43  302.5  009.26  25.964  1019.778  1482.13 
2025 01 26 11 49 15.10  29.745  10.890  0002.07  05.09  08.43  302.6  009.26  25.965  1019.778  1482.14 
2025 01 26 11 49 15.22  29.747  10.889  0002.05  04.88  08.43  302.6  009.26  25.967  1019.780  1482.14 
2025 01 26 11 49 15.35  29.751  10.890  0002.06  04.75  08.44  302.6  009.26  25.971  1019.783  1482.14 
2025 01 26 11 49 15.47  29.753  10.891  0002.03  04.68  08.44  302.6  009.26  25.972  1019.784  1482.15 
2025 01 26 11 49 15.60  29.758  10.892  0002.04  04.62  08.44  302.6  009.26  25.976  1019.787  1482.16 
2025 01 26 11 49 15.72  29.761  10.892  0002.03  04.62  08.44  302.6  009.26  25.979  1019.789  1482.16 
2025 01 26 11 49 15.85  29.761  10.892  0002.07  04.59  08.44  302.6  009.26  25.979  1019.789  1482.16 
2025 01 26 11 49 15.97  29.759  10.891  0002.09  04.65  08.44  302.6  009.26  25.978  1019.788  1482.16 
2025 01 26 11 49 16.10  29.757  10.891  0002.10  04.69  08.44  302.6  009.26  25.976  1019.787  1482.16 
2025 01 26 11 49 16.22  29.757  10.891  0002.13  04.65  08.44  302.6  009.26  25.976  1019.787  1482.16 
2025 01 26 11 49 16.35  29.768  10.891  0002.15  04.77  08.44  302.6  009.26  25.986  1019.795  1482.17 
2025 01 26 11 49 16.47  29.775  10.893  0002.16  04.75  08.44  302.6  009.26  25.992  1019.800  1482.18 
2025 01 26 11 49 16.60  29.773  10.891  0002.17  04.67  08.44  302.6  009.26  25.991  1019.799  1482.18 
2025 01 26 11 49 16.72  29.761  10.890  0002.14  04.71  08.45  302.6  009.26  25.981  1019.791  1482.16 
2025 01 26 11 49 16.85  29.748  10.890  0002.10  04.91  08.45  302.6  009.26  25.968  1019.781  1482.14 
2025 01 26 11 49 16.97  29.736  10.889  0002.09  04.84  08.44  302.6  009.26  25.957  1019.773  1482.13 
2025 01 26 11 49 17.10  29.724  10.888  0002.04  04.78  08.45  302.6  009.26  25.947  1019.764  1482.11 
2025 01 26 11 49 17.22  29.720  10.887  0002.03  04.53  08.45  302.6  009.26  25.943  1019.762  1482.10 
2025 01 26 11 49 17.35  29.720  10.887  0002.03  04.52  08.45  302.6  009.26  25.943  1019.762  1482.10 
2025 01 26 11 49 17.47  29.725  10.888  0002.04  04.69  08.45  302.6  009.26  25.947  1019.765  1482.11 
2025 01 26 11 49 17.60  29.725  10.888  0002.04  04.78  08.45  302.6  009.26  25.948  1019.765  1482.11 
2025 01 26 11 49 17.72  29.721  10.888  0002.07  04.69  08.45  302.6  009.26  25.944  1019.762  1482.11 
2025 01 26 11 49 17.85  29.716  10.886  0002.09  04.72  08.45  302.6  009.26  25.940  1019.760  1482.09 
2025 01 26 11 49 17.97  29.719  10.886  0002.11  04.88  08.44  302.6  009.26  25.942  1019.761  1482.10 
2025 01 26 11 49 18.10  29.724  10.888  0002.12  04.97  08.44  302.9  009.26  25.946  1019.764  1482.11 
2025 01 26 11 49 18.22  29.725  10.888  0002.13  05.05  08.44  302.9  009.26  25.947  1019.765  1482.11 
2025 01 26 11 49 18.35  29.723  10.887  0002.15  05.01  08.44  302.9  009.26  25.945  1019.764  1482.11 
2025 01 26 11 49 18.47  29.720  10.887  0002.15  04.87  08.44  302.9  009.26  25.943  1019.762  1482.10 
2025 01 26 11 49 18.60  29.717  10.887  0002.13  04.88  08.44  302.9  009.26  25.940  1019.760  1482.10 
2025 01 26 11 49 18.72  29.713  10.886  0002.13  05.06  08.44  302.9  009.26  25.937  1019.758  1482.09 
2025 01 26 11 49 18.85  29.707  10.886  0002.11  04.85  08.44  302.9  009.26  25.931  1019.753  1482.08 
2025 01 26 11 49 18.97  29.700  10.886  0002.07  04.66  08.44  302.9  009.26  25.924  1019.747  1482.08 
2025 01 26 11 49 19.10  29.699  10.886  0002.04  04.59  08.44  302.9  009.26  25.923  1019.746  1482.07 
2025 01 26 11 49 19.22  29.704  10.886  0002.04  04.56  08.44  302.9  009.26  25.929  1019.751  1482.08 
2025 01 26 11 49 19.35  29.707  10.886  0002.01  04.67  08.44  302.9  009.26  25.931  1019.752  1482.08 
2025 01 26 11 49 19.47  29.709  10.886  0002.03  04.72  08.44  302.9  009.26  25.933  1019.754  1482.09 
2025 01 26 11 49 19.60  29.718  10.887  0002.03  04.70  08.44  302.9  009.26  25.941  1019.760  1482.10 
2025 01 26 11 49 19.72  29.720  10.888  0002.05  04.62  08.44  302.9  009.26  25.943  1019.761  1482.11 
2025 01 26 11 49 19.85  29.715  10.887  0002.09  04.65  08.44  302.9  009.26  25.938  1019.758  1482.10 
2025 01 26 11 49 19.97  29.704  10.885  0002.10  04.59  08.43  302.9  009.26  25.929  1019.752  1482.08 
2025 01 26 11 49 20.10  29.696  10.884  0002.12  04.78  08.45  302.9  009.26  25.922  1019.746  1482.07 
2025 01 26 11 49 20.22  29.695  10.884  0002.13  04.80  08.45  302.9  009.26  25.921  1019.746  1482.06 
2025 01 26 11 49 20.35  29.696  10.884  0002.16  04.76  08.45  302.9  009.26  25.923  1019.747  1482.07 
2025 01 26 11 49 20.47  29.697  10.885  0002.14  04.67  08.45  302.9  009.26  25.923  1019.747  1482.07 
2025 01 26 11 49 20.60  29.701  10.885  0002.13  04.75  08.45  302.9  009.26  25.926  1019.749  1482.08 
2025 01 26 11 49 20.72  29.701  10.885  0002.14  04.98  08.45  302.9  009.26  25.926  1019.749  1482.08 
2025 01 26 11 49 20.85  29.700  10.886  0002.13  04.94  08.44  302.9  009.26  25.925  1019.748  1482.07 
2025 01 26 11 49 20.97  29.697  10.886  0002.11  04.98  08.43  302.9  009.26  25.922  1019.746  1482.07 
2025 01 26 11 49 21.10  29.697  10.885  0002.09  04.98  08.43  302.9  009.26  25.923  1019.746  1482.07 
2025 01 26 11 49 21.22  29.700  10.885  0002.06  04.89  08.43  302.9  009.26  25.925  1019.748  1482.07 
2025 01 26 11 49 21.35  29.704  10.886  0002.05  04.83  08.43  302.9  009.26  25.928  1019.750  1482.08 
2025 01 26 11 49 21.47  29.708  10.886  0002.06  04.63  08.43  302.9  009.26  25.932  1019.753  1482.08 
2025 01 26 11 49 21.60  29.709  10.885  0002.04  04.57  08.43  302.9  009.26  25.934  1019.755  1482.08 
2025 01 26 11 49 21.72  29.713  10.888  0002.05  04.71  08.43  302.9  009.26  25.936  1019.756  1482.10 
2025 01 26 11 49 21.85  29.721  10.889  0002.07  04.75  08.43  302.9  009.26  25.943  1019.761  1482.11 
2025 01 26 11 49 21.97  29.724  10.888  0002.09  04.69  08.43  302.9  009.26  25.946  1019.764  1482.11 
2025 01 26 11 49 22.10  29.724  10.888  0002.09  04.80  08.43  302.9  009.26  25.946  1019.764  1482.11 
2025 01 26 11 49 22.22  29.722  10.888  0002.10  04.82  08.43  302.9  009.26  25.944  1019.762  1482.11 
2025 01 26 11 49 22.35  29.722  10.887  0002.13  04.95  08.43  302.9  009.26  25.945  1019.763  1482.11 
2025 01 26 11 49 22.47  29.724  10.886  0002.12  04.86  08.43  302.9  009.26  25.947  1019.765  1482.10 
2025 01 26 11 49 22.60  29.720  10.888  0002.15  04.76  08.43  302.9  009.26  25.943  1019.762  1482.10 
2025 01 26 11 49 22.72  29.713  10.887  0002.15  04.76  08.43  302.9  009.26  25.937  1019.757  1482.09 
2025 01 26 11 49 22.85  29.707  10.885  0002.12  04.74  08.43  302.9  009.26  25.932  1019.753  1482.08 
2025 01 26 11 49 22.97  29.701  10.885  0002.10  04.70  08.43  302.9  009.26  25.927  1019.750  1482.07 
2025 01 26 11 49 23.10  29.689  10.884  0002.09  04.73  08.44  302.9  009.26  25.916  1019.741  1482.06 
2025 01 26 11 49 23.22  29.681  10.884  0002.07  04.67  08.44  302.9  009.26  25.908  1019.735  1482.05 
2025 01 26 11 49 23.35  29.678  10.883  0002.05  04.51  08.44  302.9  009.26  25.906  1019.733  1482.04 
2025 01 26 11 49 23.47  29.681  10.884  0002.05  04.49  08.44  302.9  009.26  25.908  1019.735  1482.05 
2025 01 26 11 49 23.60  29.683  10.884  0002.08  04.60  08.44  302.9  009.26  25.909  1019.736  1482.05 
2025 01 26 11 49 23.72  29.685  10.883  0002.08  04.75  08.44  302.9  009.26  25.912  1019.738  1482.05 
2025 01 26 11 49 23.85  29.684  10.884  0002.12  05.02  08.44  302.9  009.26  25.910  1019.737  1482.05 
2025 01 26 11 49 23.97  29.684  10.883  0002.11  05.04  08.43  302.9  009.26  25.911  1019.737  1482.05 
2025 01 26 11 49 24.10  29.685  10.884  0002.12  04.97  08.43  302.9  009.26  25.911  1019.738  1482.05 
2025 01 26 11 49 24.22  29.684  10.883  0002.12  04.93  08.43  302.9  009.26  25.911  1019.737  1482.05 
2025 01 26 11 49 24.35  29.680  10.883  0002.11  04.79  08.43  302.9  009.26  25.907  1019.735  1482.04 
2025 01 26 11 49 24.47  29.670  10.882  0002.08  04.75  08.43  302.9  009.26  25.898  1019.728  1482.03 
2025 01 26 11 49 24.60  29.662  10.881  0002.09  04.79  08.43  302.9  009.26  25.891  1019.723  1482.02 
2025 01 26 11 49 24.72  29.657  10.882  0002.06  04.79  08.43  302.9  009.26  25.886  1019.718  1482.02 
2025 01 26 11 49 24.85  29.659  10.882  0002.06  04.82  08.43  302.9  009.26  25.888  1019.719  1482.02 
2025 01 26 11 49 24.97  29.661  10.881  0002.08  04.77  08.43  302.9  009.26  25.891  1019.722  1482.02 
2025 01 26 11 49 25.10  29.663  10.882  0002.09  04.75  08.43  302.9  009.26  25.892  1019.723  1482.02 
2025 01 26 11 49 25.22  29.664  10.882  0002.13  04.73  08.43  302.9  009.26  25.892  1019.723  1482.02 
2025 01 26 11 49 25.35  29.665  10.881  0002.14  04.67  08.43  302.9  009.26  25.895  1019.726  1482.02 
2025 01 26 11 49 25.47  29.664  10.882  0002.16  04.61  08.43  302.9  009.26  25.892  1019.724  1482.02 
2025 01 26 11 49 25.60  29.662  10.881  0002.13  04.67  08.43  302.9  009.26  25.891  1019.723  1482.02 
2025 01 26 11 49 25.72  29.661  10.881  0002.13  04.65  08.43  302.9  009.26  25.890  1019.722  1482.02 
2025 01 26 11 49 25.85  29.656  10.881  0002.09  04.56  08.43  302.9  009.26  25.886  1019.719  1482.01 
2025 01 26 11 49 25.97  29.653  10.881  0002.05  04.53  08.42  302.9  009.26  25.883  1019.716  1482.01 
2025 01 26 11 49 26.10  29.653  10.880  0002.04  04.61  08.44  302.9  009.26  25.884  1019.717  1482.01 
2025 01 26 11 49 26.22  29.655  10.880  0002.04  04.72  08.44  302.9  009.26  25.885  1019.718  1482.01 
2025 01 26 11 49 26.35  29.656  10.881  0002.06  04.57  08.44  302.9  009.26  25.886  1019.718  1482.01 
2025 01 26 11 49 26.47  29.656  10.881  0002.08  04.61  08.43  302.9  009.26  25.886  1019.718  1482.01 
2025 01 26 11 49 26.60  29.655  10.880  0002.10  04.81  08.43  302.9  009.26  25.885  1019.718  1482.01 
2025 01 26 11 49 26.72  29.665  10.882  0002.13  04.87  08.43  302.9  009.26  25.893  1019.724  1482.03 
2025 01 26 11 49 26.85  29.674  10.882  0002.15  04.76  08.43  302.9  009.26  25.903  1019.732  1482.04 
2025 01 26 11 49 26.97  29.673  10.883  0002.15  04.61  08.42  302.9  009.26  25.901  1019.730  1482.04 
2025 01 26 11 49 27.10  29.670  10.882  0002.13  04.58  08.42  303.0  009.26  25.899  1019.728  1482.03 
2025 01 26 11 49 27.22  29.665  10.882  0002.13  04.58  08.42  303.0  009.26  25.893  1019.724  1482.03 
2025 01 26 11 49 27.35  29.656  10.881  0002.11  04.60  08.42  303.0  009.26  25.886  1019.719  1482.01 
2025 01 26 11 49 27.47  29.651  10.880  0002.09  04.64  08.42  303.0  009.26  25.881  1019.715  1482.00 
2025 01 26 11 49 27.60  29.649  10.880  0002.06  04.62  08.42  303.0  009.26  25.880  1019.714  1482.00 
2025 01 26 11 49 27.72  29.650  10.881  0002.02  04.86  08.42  303.0  009.26  25.880  1019.714  1482.00 
2025 01 26 11 49 27.85  29.653  10.881  0002.05  04.80  08.42  303.0  009.26  25.884  1019.717  1482.01 
2025 01 26 11 49 27.97  29.657  10.881  0002.03  04.82  08.42  303.0  009.26  25.886  1019.718  1482.01 
2025 01 26 11 49 28.10  29.661  10.881  0002.04  04.83  08.42  303.0  009.26  25.890  1019.722  1482.02 
2025 01 26 11 49 28.22  29.661  10.882  0002.09  05.01  08.42  303.0  009.26  25.890  1019.721  1482.02 
2025 01 26 11 49 28.35  29.662  10.881  0002.10  05.05  08.42  303.0  009.26  25.891  1019.723  1482.02 
2025 01 26 11 49 28.47  29.665  10.881  0002.12  05.05  08.42  303.0  009.26  25.894  1019.725  1482.02 
2025 01 26 11 49 28.60  29.665  10.882  0002.14  04.91  08.42  303.0  009.26  25.893  1019.724  1482.03 
2025 01 26 11 49 28.72  29.665  10.882  0002.16  04.96  08.42  303.0  009.26  25.893  1019.724  1482.03 
2025 01 26 11 49 28.85  29.664  10.882  0002.16  04.80  08.42  303.0  009.26  25.893  1019.724  1482.02 
2025 01 26 11 49 28.97  29.661  10.882  0002.15  04.75  08.42  303.0  009.26  25.890  1019.722  1482.02 
2025 01 26 11 49 29.10  29.660  10.880  0002.12  04.70  08.43  303.0  009.26  25.890  1019.722  1482.01 
2025 01 26 11 49 29.22  29.659  10.881  0002.12  04.67  08.43  303.0  009.26  25.889  1019.721  1482.01 
2025 01 26 11 49 29.35  29.659  10.880  0002.09  04.72  08.43  303.0  009.26  25.889  1019.721  1482.01 
2025 01 26 11 49 29.47  29.665  10.882  0002.06  04.79  08.43  303.0  009.26  25.894  1019.724  1482.02 
2025 01 26 11 49 29.60  29.669  10.882  0002.04  04.65  08.43  303.0  009.26  25.898  1019.728  1482.03 
2025 01 26 11 49 29.72  29.670  10.883  0002.04  04.60  08.43  303.0  009.26  25.898  1019.728  1482.03 
2025 01 26 11 49 29.85  29.673  10.882  0002.03  04.84  08.43  303.0  009.26  25.901  1019.729  1482.03 
2025 01 26 11 49 29.97  29.677  10.885  0002.07  04.92  08.42  303.0  009.26  25.904  1019.732  1482.05 
2025 01 26 11 49 30.10  29.686  10.884  0002.08  05.00  08.42  303.0  009.26  25.912  1019.738  1482.06 
2025 01 26 11 49 30.22  29.705  10.887  0002.12  05.02  08.42  303.0  009.26  25.929  1019.751  1482.08 
2025 01 26 11 49 30.35  29.718  10.889  0002.14  04.93  08.42  303.0  009.26  25.940  1019.759  1482.10 
2025 01 26 11 49 30.47  29.725  10.889  0002.15  04.86  08.42  303.0  009.26  25.947  1019.765  1482.11 
2025 01 26 11 49 30.60  29.722  10.888  0002.16  04.85  08.42  303.0  009.26  25.944  1019.763  1482.11 
2025 01 26 11 49 30.72  29.712  10.886  0002.14  04.80  08.42  303.0  009.26  25.937  1019.757  1482.09 
2025 01 26 11 49 30.85  29.708  10.886  0002.11  04.84  08.42  303.0  009.26  25.932  1019.754  1482.08 
2025 01 26 11 49 30.97  29.706  10.885  0002.05  04.86  08.42  303.0  009.26  25.931  1019.752  1482.08 
2025 01 26 11 49 31.10  29.701  10.886  0002.03  04.88  08.42  303.0  009.26  25.926  1019.748  1482.08 
2025 01 26 11 49 31.22  29.696  10.886  0002.01  04.92  08.42  303.0  009.26  25.921  1019.745  1482.07 
2025 01 26 11 49 31.35  29.703  10.887  0002.01  04.89  08.42  303.0  009.26  25.927  1019.749  1482.08 
2025 01 26 11 49 31.47  29.722  10.888  0002.01  05.02  08.42  303.0  009.26  25.944  1019.762  1482.11 
2025 01 26 11 49 31.60  29.723  10.887  0002.05  04.96  08.42  303.0  009.26  25.946  1019.764  1482.10 
2025 01 26 11 49 31.72  29.712  10.888  0002.07  04.91  08.42  303.0  009.26  25.935  1019.755  1482.09 
2025 01 26 11 49 31.85  29.711  10.886  0002.13  04.67  08.42  303.0  009.26  25.935  1019.756  1482.09 
2025 01 26 11 49 31.97  29.722  10.888  0002.15  04.63  08.41  303.0  009.26  25.944  1019.763  1482.11 
2025 01 26 11 49 32.10  29.726  10.887  0002.17  04.61  08.43  303.0  009.26  25.949  1019.766  1482.11 
2025 01 26 11 49 32.22  29.723  10.888  0002.15  04.65  08.43  303.0  009.26  25.945  1019.763  1482.11 
2025 01 26 11 49 32.35  29.724  10.887  0002.15  04.53  08.43  303.0  009.26  25.947  1019.766  1482.11 
2025 01 26 11 49 32.47  29.720  10.886  0002.12  04.54  08.43  303.0  009.26  25.944  1019.763  1482.10 
2025 01 26 11 49 32.60  29.708  10.885  0002.05  04.65  08.43  303.0  009.26  25.933  1019.754  1482.08 
2025 01 26 11 49 32.72  29.695  10.886  0002.03  04.76  08.43  303.0  009.26  25.920  1019.744  1482.07 
2025 01 26 11 49 32.85  29.691  10.885  0002.03  04.79  08.43  303.0  009.26  25.916  1019.741  1482.06 
2025 01 26 11 49 32.97  29.701  10.885  0002.01  04.73  08.42  303.0  009.26  25.926  1019.749  1482.07 
2025 01 26 11 49 33.10  29.710  10.888  0002.03  04.72  08.42  302.9  009.26  25.933  1019.754  1482.09 
2025 01 26 11 49 33.22  29.709  10.886  0002.06  04.68  08.41  302.9  009.26  25.934  1019.755  1482.09 
2025 01 26 11 49 33.35  29.703  10.886  0002.08  04.70  08.41  302.9  009.26  25.927  1019.750  1482.08 
2025 01 26 11 49 33.47  29.714  10.887  0002.11  04.76  08.41  302.9  009.26  25.937  1019.758  1482.09 
2025 01 26 11 49 33.60  29.748  10.891  0002.11  04.76  08.42  302.9  009.26  25.967  1019.780  1482.15 
2025 01 26 11 49 33.72  29.778  10.895  0002.13  04.73  08.42  302.9  009.26  25.993  1019.800  1482.19 
2025 01 26 11 49 33.85  29.770  10.893  0002.14  04.65  08.42  302.9  009.26  25.987  1019.795  1482.18 
2025 01 26 11 49 33.97  29.751  10.890  0002.14  04.56  08.42  302.9  009.26  25.972  1019.784  1482.15 
2025 01 26 11 49 34.10  29.724  10.890  0002.11  04.65  08.46  302.9  009.26  25.944  1019.762  1482.12 
2025 01 26 11 49 34.22  29.708  10.887  0002.09  04.69  08.45  302.9  009.26  25.932  1019.753  1482.09 
2025 01 26 11 49 34.35  29.702  10.886  0002.09  04.77  08.45  302.9  009.26  25.927  1019.749  1482.08 
2025 01 26 11 49 34.47  29.706  10.886  0002.06  04.99  08.44  302.9  009.26  25.930  1019.752  1482.08 
2025 01 26 11 49 34.60  29.712  10.887  0002.06  04.97  08.44  302.9  009.26  25.935  1019.756  1482.09 
2025 01 26 11 49 34.72  29.721  10.889  0002.06  04.93  08.43  302.9  009.26  25.943  1019.761  1482.11 
2025 01 26 11 49 34.85  29.742  10.891  0002.06  04.98  08.43  302.9  009.26  25.962  1019.776  1482.14 
2025 01 26 11 49 34.97  29.759  10.892  0002.08  04.84  08.42  302.9  009.26  25.977  1019.787  1482.16 
2025 01 26 11 49 35.10  29.767  10.893  0002.08  04.72  08.43  302.9  009.26  25.984  1019.793  1482.17 
2025 01 26 11 49 35.22  29.766  10.893  0002.09  04.74  08.43  302.9  009.26  25.983  1019.792  1482.17 
2025 01 26 11 49 35.35  29.763  10.894  0002.09  04.60  08.43  302.9  009.26  25.980  1019.789  1482.17 
2025 01 26 11 49 35.47  29.761  10.892  0002.10  04.49  08.43  302.9  009.26  25.979  1019.789  1482.16 
2025 01 26 11 49 35.60  29.760  10.891  0002.11  04.45  08.43  302.9  009.26  25.979  1019.789  1482.16 
2025 01 26 11 49 35.72  29.752  10.890  0002.08  04.55  08.43  302.9  009.26  25.972  1019.783  1482.15 
2025 01 26 11 49 35.85  29.740  10.890  0002.05  04.56  08.42  302.9  009.26  25.960  1019.775  1482.13 
2025 01 26 11 49 35.97  29.733  10.889  0002.06  04.54  08.41  302.9  009.26  25.954  1019.770  1482.12 
2025 01 26 11 49 36.10  29.728  10.889  0002.08  04.57  08.41  303.0  009.26  25.950  1019.767  1482.12 
2025 01 26 11 49 36.22  29.726  10.889  0002.07  04.62  08.41  303.0  009.26  25.948  1019.765  1482.11 
2025 01 26 11 49 36.35  29.726  10.889  0002.08  04.78  08.41  303.0  009.26  25.948  1019.765  1482.11 
2025 01 26 11 49 36.47  29.727  10.888  0002.09  04.82  08.41  303.0  009.26  25.949  1019.767  1482.11 
2025 01 26 11 49 36.60  29.724  10.887  0002.11  04.80  08.41  303.0  009.26  25.947  1019.765  1482.11 
2025 01 26 11 49 36.72  29.724  10.887  0002.08  04.77  08.41  303.0  009.26  25.947  1019.765  1482.11 
2025 01 26 11 49 36.85  29.722  10.887  0002.08  04.77  08.41  303.0  009.26  25.945  1019.763  1482.10 
2025 01 26 11 49 36.97  29.717  10.888  0002.09  04.74  08.41  303.0  009.26  25.939  1019.759  1482.10 
2025 01 26 11 49 37.10  29.716  10.887  0002.08  04.64  08.41  303.0  009.26  25.939  1019.759  1482.10 
2025 01 26 11 49 37.22  29.710  10.888  0002.07  04.54  08.41  303.0  009.26  25.933  1019.754  1482.09 
2025 01 26 11 49 37.35  29.706  10.887  0002.05  04.55  08.41  303.0  009.26  25.930  1019.751  1482.08 
2025 01 26 11 49 37.47  29.704  10.887  0002.03  04.69  08.41  303.0  009.26  25.928  1019.750  1482.08 
2025 01 26 11 49 37.60  29.708  10.887  0002.06  04.71  08.41  303.0  009.26  25.931  1019.752  1482.09 
2025 01 26 11 49 37.72  29.710  10.886  0002.06  04.69  08.41  303.0  009.26  25.934  1019.755  1482.09 
2025 01 26 11 49 37.85  29.710  10.887  0002.08  04.81  08.41  303.0  009.26  25.933  1019.754  1482.09 
2025 01 26 11 49 37.97  29.705  10.886  0002.11  04.81  08.40  303.0  009.26  25.929  1019.752  1482.08 
2025 01 26 11 49 38.10  29.703  10.886  0002.12  05.00  08.42  303.0  009.26  25.927  1019.750  1482.08 
2025 01 26 11 49 38.22  29.703  10.886  0002.14  04.97  08.42  303.0  009.26  25.927  1019.750  1482.08 
2025 01 26 11 49 38.35  29.701  10.886  0002.14  04.79  08.42  303.0  009.26  25.926  1019.749  1482.08 
2025 01 26 11 49 38.47  29.699  10.886  0002.14  04.68  08.42  303.0  009.26  25.923  1019.747  1482.08 
2025 01 26 11 49 38.60  29.693  10.886  0002.09  04.58  08.41  303.0  009.26  25.918  1019.743  1482.07 
2025 01 26 11 49 38.72  29.688  10.884  0002.09  04.54  08.41  303.0  009.26  25.915  1019.740  1482.06 
2025 01 26 11 49 38.85  29.685  10.884  0002.06  04.49  08.41  303.0  009.26  25.911  1019.738  1482.05 
2025 01 26 11 49 38.97  29.678  10.884  0002.01  04.62  08.40  303.0  009.26  25.905  1019.732  1482.04 
2025 01 26 11 49 39.10  29.677  10.884  0002.00  04.79  08.40  303.1  009.26  25.903  1019.731  1482.04 
2025 01 26 11 49 39.22  29.683  10.885  0002.00  04.84  08.40  303.1  009.26  25.909  1019.735  1482.05 
2025 01 26 11 49 39.35  29.693  10.885  0002.02  04.75  08.40  303.1  009.26  25.919  1019.743  1482.07 
2025 01 26 11 49 39.47  29.698  10.884  0002.06  04.76  08.40  303.1  009.26  25.924  1019.747  1482.07 
2025 01 26 11 49 39.60  29.702  10.886  0002.10  04.71  08.40  303.1  009.26  25.927  1019.749  1482.08 
2025 01 26 11 49 39.72  29.778  10.897  0002.11  04.70  08.40  303.1  009.26  25.992  1019.799  1482.20 
2025 01 26 11 49 39.85  29.844  10.903  0002.15  04.71  08.40  303.1  009.26  26.052  1019.844  1482.29 
2025 01 26 11 49 39.97  29.860  10.904  0002.17  04.65  08.40  303.1  009.26  26.066  1019.855  1482.31 
2025 01 26 11 49 40.10  29.821  10.895  0002.16  04.77  08.40  303.1  009.26  26.035  1019.832  1482.24 
2025 01 26 11 49 40.22  29.785  10.891  0002.13  04.77  08.40  303.1  009.26  26.002  1019.807  1482.19 
2025 01 26 11 49 40.35  29.761  10.891  0002.10  04.73  08.40  303.1  009.26  25.980  1019.790  1482.16 
2025 01 26 11 49 40.47  29.734  10.889  0002.06  04.78  08.40  303.1  009.26  25.955  1019.771  1482.12 
2025 01 26 11 49 40.60  29.720  10.888  0002.02  04.97  08.40  303.1  009.26  25.942  1019.761  1482.10 
2025 01 26 11 49 40.72  29.716  10.888  0001.99  04.93  08.40  303.1  009.26  25.938  1019.758  1482.10 
2025 01 26 11 49 40.85  29.723  10.888  0002.01  04.73  08.41  303.1  009.26  25.945  1019.763  1482.11 
2025 01 26 11 49 40.97  29.723  10.885  0002.01  04.60  08.40  303.1  009.26  25.947  1019.765  1482.10 
2025 01 26 11 49 41.10  29.720  10.888  0002.03  04.56  08.41  303.1  009.26  25.942  1019.761  1482.10 
2025 01 26 11 49 41.22  29.716  10.888  0002.04  04.52  08.41  303.1  009.26  25.938  1019.758  1482.10 
2025 01 26 11 49 41.35  29.723  10.887  0002.09  04.57  08.41  303.1  009.26  25.946  1019.764  1482.11 
2025 01 26 11 49 41.47  29.742  10.889  0002.09  04.59  08.41  303.1  009.26  25.963  1019.777  1482.13 
2025 01 26 11 49 41.60  29.753  10.890  0002.11  04.67  08.41  303.1  009.26  25.973  1019.785  1482.15 
2025 01 26 11 49 41.72  29.747  10.889  0002.12  04.55  08.41  303.1  009.26  25.968  1019.781  1482.14 
2025 01 26 11 49 41.85  29.724  10.888  0002.14  04.48  08.41  303.1  009.26  25.947  1019.765  1482.11 
2025 01 26 11 49 41.97  29.714  10.889  0002.11  04.50  08.40  303.1  009.26  25.936  1019.756  1482.10 
2025 01 26 11 49 42.10  29.719  10.890  0002.08  04.48  08.40  302.9  009.26  25.940  1019.759  1482.11 
2025 01 26 11 49 42.22  29.726  10.889  0002.08  04.50  08.40  302.9  009.26  25.947  1019.765  1482.12 
2025 01 26 11 49 42.35  29.729  10.889  0002.04  04.53  08.40  302.9  009.26  25.950  1019.767  1482.12 
2025 01 26 11 49 42.47  29.734  10.889  0002.05  04.55  08.40  302.9  009.26  25.955  1019.770  1482.12 
2025 01 26 11 49 42.60  29.743  10.890  0002.02  04.53  08.40  302.9  009.26  25.963  1019.776  1482.14 
2025 01 26 11 49 42.72  29.747  10.890  0002.04  04.54  08.40  302.9  009.26  25.966  1019.779  1482.14 
2025 01 26 11 49 42.85  29.748  10.891  0002.04  04.65  08.40  302.9  009.26  25.967  1019.780  1482.14 
2025 01 26 11 49 42.97  29.747  10.890  0002.03  04.66  08.40  302.9  009.26  25.967  1019.780  1482.14 
2025 01 26 11 49 43.10  29.750  10.890  0002.06  04.61  08.40  302.9  009.26  25.969  1019.782  1482.15 
2025 01 26 11 49 43.22  29.751  10.890  0002.06  04.76  08.40  302.9  009.26  25.971  1019.783  1482.15 
2025 01 26 11 49 43.35  29.751  10.890  0002.09  04.79  08.40  302.9  009.26  25.971  1019.783  1482.15 
2025 01 26 11 49 43.47  29.751  10.890  0002.12  04.73  08.40  302.9  009.26  25.971  1019.783  1482.15 
2025 01 26 11 49 43.60  29.753  10.891  0002.09  04.88  08.40  302.9  009.26  25.972  1019.784  1482.15 
2025 01 26 11 49 43.72  29.756  10.891  0002.11  04.79  08.40  302.9  009.26  25.975  1019.786  1482.15 
2025 01 26 11 49 43.85  29.755  10.892  0002.05  04.80  08.40  302.9  009.26  25.974  1019.785  1482.16 
2025 01 26 11 49 43.97  29.755  10.891  0002.09  04.80  08.39  302.9  009.26  25.973  1019.785  1482.15 
2025 01 26 11 49 44.10  29.755  10.891  0002.06  04.71  08.41  302.9  009.26  25.974  1019.785  1482.15 
2025 01 26 11 49 44.22  29.755  10.891  0002.04  04.67  08.41  302.9  009.26  25.974  1019.785  1482.15 
2025 01 26 11 49 44.35  29.770  10.892  0002.07  04.61  08.41  302.9  009.26  25.987  1019.795  1482.17 
2025 01 26 11 49 44.47  29.778  10.894  0002.04  04.63  08.41  302.9  009.26  25.994  1019.800  1482.19 
2025 01 26 11 49 44.60  29.789  10.897  0002.07  04.75  08.41  302.9  009.26  26.002  1019.806  1482.21 
2025 01 26 11 49 44.72  29.805  10.899  0002.06  04.73  08.40  302.9  009.26  26.017  1019.817  1482.23 
2025 01 26 11 49 44.85  29.809  10.900  0002.08  04.84  08.40  302.9  009.26  26.020  1019.819  1482.24 
2025 01 26 11 49 44.97  29.811  10.898  0002.08  04.83  08.40  302.9  009.26  26.023  1019.822  1482.24 
2025 01 26 11 49 45.10  29.822  10.899  0002.11  04.78  08.39  302.9  009.26  26.033  1019.830  1482.25 
2025 01 26 11 49 45.22  29.833  10.899  0002.12  04.89  08.39  302.9  009.26  26.043  1019.838  1482.26 
2025 01 26 11 49 45.35  29.840  10.900  0002.12  05.08  08.39  302.9  009.26  26.049  1019.842  1482.28 
2025 01 26 11 49 45.47  29.843  10.900  0002.09  05.08  08.39  302.9  009.26  26.052  1019.845  1482.28 
2025 01 26 11 49 45.60  29.844  10.900  0002.08  05.08  08.39  302.9  009.26  26.053  1019.845  1482.28 
2025 01 26 11 49 45.72  29.842  10.899  0002.05  05.01  08.39  302.9  009.26  26.052  1019.845  1482.27 
2025 01 26 11 49 45.85  29.838  10.899  0002.07  04.84  08.40  302.9  009.26  26.048  1019.842  1482.27 
2025 01 26 11 49 45.97  29.835  10.898  0002.05  04.83  08.40  302.9  009.26  26.046  1019.840  1482.26 
2025 01 26 11 49 46.10  29.844  10.900  0002.05  04.89  08.40  302.9  009.26  26.054  1019.845  1482.28 
2025 01 26 11 49 46.22  29.858  10.901  0002.08  04.77  08.39  302.9  009.26  26.066  1019.855  1482.30 
2025 01 26 11 49 46.35  29.864  10.902  0002.10  04.81  08.39  302.9  009.26  26.071  1019.859  1482.31 
2025 01 26 11 49 46.47  29.859  10.902  0002.12  04.92  08.40  302.9  009.26  26.067  1019.856  1482.30 
2025 01 26 11 49 46.60  29.860  10.901  0002.12  05.13  08.40  302.9  009.26  26.068  1019.857  1482.30 
2025 01 26 11 49 46.72  29.864  10.901  0002.12  05.13  08.40  302.9  009.26  26.072  1019.860  1482.31 
2025 01 26 11 49 46.85  29.863  10.900  0002.11  04.96  08.40  302.9  009.26  26.071  1019.859  1482.30 
2025 01 26 11 49 46.97  29.859  10.900  0002.10  04.93  08.39  302.9  009.26  26.068  1019.856  1482.30 
2025 01 26 11 49 47.10  29.857  10.900  0002.07  04.82  08.40  302.9  009.26  26.066  1019.855  1482.30 
2025 01 26 11 49 47.22  29.851  10.901  0002.05  04.70  08.40  302.9  009.26  26.059  1019.850  1482.29 
2025 01 26 11 49 47.35  29.842  10.900  0002.05  04.58  08.40  302.9  009.26  26.052  1019.844  1482.28 
2025 01 26 11 49 47.47  29.840  10.900  0002.03  04.58  08.40  302.9  009.26  26.049  1019.842  1482.28 
2025 01 26 11 49 47.60  29.848  10.900  0002.06  04.74  08.40  302.9  009.26  26.057  1019.848  1482.29 
2025 01 26 11 49 47.72  29.851  10.900  0002.07  04.87  08.40  302.9  009.26  26.060  1019.851  1482.29 
2025 01 26 11 49 47.85  29.847  10.899  0002.10  04.92  08.40  302.9  009.26  26.056  1019.848  1482.28 
2025 01 26 11 49 47.97  29.845  10.898  0002.11  04.97  08.39  302.9  009.26  26.056  1019.848  1482.28 
2025 01 26 11 49 48.10  29.846  10.899  0002.12  04.78  08.39  303.1  009.26  26.056  1019.848  1482.28 
2025 01 26 11 49 48.22  29.844  10.899  0002.12  04.67  08.39  303.1  009.26  26.055  1019.847  1482.28 
2025 01 26 11 49 48.35  29.844  10.899  0002.12  04.66  08.39  303.1  009.26  26.054  1019.846  1482.28 
2025 01 26 11 49 48.47  29.842  10.899  0002.11  04.71  08.39  303.1  009.26  26.052  1019.845  1482.28 
2025 01 26 11 49 48.60  29.831  10.899  0002.08  04.69  08.39  303.1  009.26  26.042  1019.836  1482.26 
2025 01 26 11 49 48.72  29.818  10.896  0002.06  04.51  08.39  303.1  009.26  26.031  1019.829  1482.24 
2025 01 26 11 49 48.85  29.806  10.895  0002.06  04.58  08.39  303.1  009.26  26.020  1019.820  1482.22 
2025 01 26 11 49 48.97  29.805  10.896  0002.04  04.83  08.39  303.1  009.26  26.019  1019.819  1482.22 
2025 01 26 11 49 49.10  29.813  10.898  0002.06  04.98  08.39  303.1  009.26  26.026  1019.824  1482.24 
2025 01 26 11 49 49.22  29.819  10.898  0002.07  05.03  08.39  303.1  009.26  26.031  1019.828  1482.25 
2025 01 26 11 49 49.35  29.820  10.896  0002.09  05.07  08.39  303.1  009.26  26.033  1019.830  1482.24 
2025 01 26 11 49 49.47  29.819  10.897  0002.10  05.34  08.39  303.1  009.26  26.032  1019.829  1482.24 
2025 01 26 11 49 49.60  29.818  10.895  0002.14  05.41  08.39  303.1  009.26  26.032  1019.830  1482.24 
2025 01 26 11 49 49.72  29.814  10.896  0002.11  05.17  08.39  303.1  009.26  26.028  1019.826  1482.24 
2025 01 26 11 49 49.85  29.810  10.896  0002.09  05.01  08.39  303.1  009.26  26.024  1019.823  1482.23 
2025 01 26 11 49 49.97  29.804  10.896  0002.09  04.85  08.39  303.1  009.26  26.018  1019.818  1482.22 
2025 01 26 11 49 50.10  29.797  10.894  0002.05  04.71  08.40  303.1  009.26  26.012  1019.814  1482.21 
2025 01 26 11 49 50.22  29.788  10.894  0002.07  04.67  08.40  303.1  009.26  26.004  1019.808  1482.20 
2025 01 26 11 49 50.35  29.785  10.894  0002.04  04.77  08.40  303.1  009.26  26.001  1019.805  1482.19 
2025 01 26 11 49 50.47  29.792  10.893  0002.05  04.96  08.40  303.1  009.26  26.008  1019.811  1482.20 
2025 01 26 11 49 50.60  29.805  10.895  0002.06  05.03  08.40  303.1  009.26  26.019  1019.820  1482.22 
2025 01 26 11 49 50.72  29.823  10.898  0002.09  05.04  08.40  303.1  009.26  26.034  1019.831  1482.25 
2025 01 26 11 49 50.85  29.826  10.899  0002.11  05.01  08.40  303.1  009.26  26.037  1019.833  1482.26 
2025 01 26 11 49 50.97  29.827  10.898  0002.12  04.92  08.39  303.1  009.26  26.038  1019.834  1482.26 
2025 01 26 11 49 51.10  29.824  10.897  0002.12  04.82  08.39  303.0  009.26  26.036  1019.832  1482.25 
2025 01 26 11 49 51.22  29.825  10.897  0002.12  04.67  08.39  303.0  009.26  26.036  1019.833  1482.25 
2025 01 26 11 49 51.35  29.823  10.898  0002.09  04.65  08.39  303.0  009.26  26.035  1019.831  1482.25 
2025 01 26 11 49 51.47  29.815  10.898  0002.07  04.79  08.39  303.0  009.26  26.027  1019.825  1482.24 
2025 01 26 11 49 51.60  29.813  10.898  0002.04  04.91  08.39  303.0  009.26  26.025  1019.823  1482.24 
2025 01 26 11 49 51.72  29.819  10.899  0002.07  04.84  08.39  303.0  009.26  26.030  1019.828  1482.25 
2025 01 26 11 49 51.85  29.829  10.898  0002.08  04.82  08.39  303.0  009.26  26.040  1019.835  1482.26 
2025 01 26 11 49 51.97  29.845  10.901  0002.11  04.98  08.39  303.0  009.26  26.054  1019.846  1482.28 
2025 01 26 11 49 52.10  29.851  10.902  0002.11  05.00  08.39  303.0  009.26  26.058  1019.849  1482.29 
2025 01 26 11 49 52.22  29.842  10.899  0002.11  04.87  08.39  303.0  009.26  26.052  1019.845  1482.28 
2025 01 26 11 49 52.35  29.836  10.898  0002.11  04.91  08.39  303.0  009.26  26.047  1019.841  1482.27 
2025 01 26 11 49 52.47  29.831  10.900  0002.09  04.92  08.39  303.0  009.26  26.041  1019.836  1482.27 
2025 01 26 11 49 52.60  29.825  10.900  0002.06  04.81  08.39  303.0  009.26  26.035  1019.831  1482.26 
2025 01 26 11 49 52.72  29.821  10.899  0002.05  04.74  08.39  303.0  009.26  26.032  1019.829  1482.25 
2025 01 26 11 49 52.85  29.825  10.899  0002.06  04.85  08.39  303.0  009.26  26.036  1019.832  1482.26 
2025 01 26 11 49 52.97  29.835  10.900  0002.09  04.79  08.38  303.0  009.26  26.044  1019.838  1482.27 
2025 01 26 11 49 53.10  29.839  10.899  0002.10  04.67  08.40  303.0  009.26  26.049  1019.842  1482.27 
2025 01 26 11 49 53.22  29.842  10.900  0002.11  04.76  08.40  303.0  009.26  26.052  1019.844  1482.28 
2025 01 26 11 49 53.35  29.845  10.900  0002.12  04.96  08.40  303.0  009.26  26.055  1019.847  1482.28 
2025 01 26 11 49 53.47  29.844  10.900  0002.11  05.01  08.40  303.0  009.26  26.053  1019.846  1482.28 
2025 01 26 11 49 53.60  29.839  10.898  0002.13  04.97  08.40  303.0  009.26  26.050  1019.843  1482.27 
2025 01 26 11 49 53.72  29.834  10.899  0002.12  04.99  08.39  303.0  009.26  26.045  1019.839  1482.27 
2025 01 26 11 49 53.85  29.829  10.899  0002.12  05.10  08.39  303.0  009.26  26.039  1019.835  1482.26 
2025 01 26 11 49 53.97  29.816  10.897  0002.07  05.16  08.39  303.0  009.26  26.028  1019.826  1482.24 
2025 01 26 11 49 54.10  29.806  10.896  0002.06  05.10  08.38  303.1  009.26  26.020  1019.820  1482.23 
2025 01 26 11 49 54.22  29.802  10.897  0002.05  05.00  08.38  303.1  009.26  26.015  1019.816  1482.22 
2025 01 26 11 49 54.35  29.805  10.897  0002.05  05.05  08.39  303.1  009.26  26.018  1019.818  1482.23 
2025 01 26 11 49 54.47  29.811  10.898  0002.04  05.10  08.39  303.1  009.26  26.023  1019.822  1482.24 
2025 01 26 11 49 54.60  29.819  10.898  0002.09  05.07  08.39  303.1  009.26  26.031  1019.828  1482.25 
2025 01 26 11 49 54.72  29.829  10.898  0002.12  05.13  08.39  303.1  009.26  26.040  1019.835  1482.26 
2025 01 26 11 49 54.85  29.842  10.901  0002.14  04.96  08.39  303.1  009.26  26.051  1019.844  1482.28 
2025 01 26 11 49 54.97  29.845  10.900  0002.15  04.83  08.39  303.1  009.26  26.055  1019.847  1482.28 
2025 01 26 11 49 55.10  29.841  10.900  0002.13  04.89  08.39  303.1  009.26  26.050  1019.843  1482.28 
2025 01 26 11 49 55.22  29.829  10.898  0002.11  04.95  08.39  303.1  009.26  26.040  1019.836  1482.26 
2025 01 26 11 49 55.35  29.812  10.897  0002.09  04.92  08.39  303.1  009.26  26.025  1019.824  1482.24 
2025 01 26 11 49 55.47  29.805  10.896  0002.07  04.79  08.39  303.1  009.26  26.019  1019.819  1482.23 
2025 01 26 11 49 55.60  29.798  10.896  0002.08  04.73  08.39  303.1  009.26  26.012  1019.814  1482.22 
2025 01 26 11 49 55.72  29.789  10.895  0002.03  04.81  08.39  303.1  009.26  26.003  1019.807  1482.20 
2025 01 26 11 49 55.85  29.790  10.894  0002.05  05.24  08.39  303.1  009.26  26.005  1019.808  1482.20 
2025 01 26 11 49 55.97  29.798  10.896  0002.08  05.17  08.38  303.1  009.26  26.011  1019.813  1482.22 
2025 01 26 11 49 56.10  29.814  10.899  0002.07  05.11  08.39  303.1  009.26  26.025  1019.824  1482.24 
2025 01 26 11 49 56.22  29.817  10.897  0002.11  05.36  08.40  303.1  009.26  26.029  1019.827  1482.24 
2025 01 26 11 49 56.35  29.827  10.898  0002.11  05.48  08.40  303.1  009.26  26.038  1019.834  1482.26 
2025 01 26 11 49 56.47  29.837  10.898  0002.11  05.12  08.39  303.1  009.26  26.047  1019.841  1482.27 
2025 01 26 11 49 56.60  29.835  10.899  0002.12  04.94  08.39  303.1  009.26  26.045  1019.839  1482.27 
2025 01 26 11 49 56.72  29.825  10.896  0002.11  05.34  08.39  303.1  009.26  26.037  1019.834  1482.25 
2025 01 26 11 49 56.85  29.812  10.896  0002.09  05.13  08.39  303.1  009.26  26.025  1019.824  1482.23 
2025 01 26 11 49 56.97  29.801  10.895  0002.11  04.90  08.38  303.1  009.26  26.015  1019.817  1482.22 
2025 01 26 11 49 57.10  29.794  10.896  0002.09  04.78  08.38  302.9  009.26  26.008  1019.811  1482.21 
2025 01 26 11 49 57.22  29.800  10.899  0002.08  04.82  08.38  302.9  009.26  26.012  1019.813  1482.23 
2025 01 26 11 49 57.35  29.815  10.899  0002.09  04.79  08.38  302.9  009.26  26.026  1019.824  1482.25 
2025 01 26 11 49 57.47  29.835  10.900  0002.09  04.87  08.38  302.9  009.26  26.044  1019.838  1482.27 
2025 01 26 11 49 57.60  29.841  10.901  0002.11  04.84  08.38  302.9  009.26  26.049  1019.842  1482.28 
2025 01 26 11 49 57.72  29.833  10.899  0002.12  04.84  08.38  302.9  009.26  26.044  1019.838  1482.27 
2025 01 26 11 49 57.85  29.819  10.900  0002.09  05.01  08.38  302.9  009.26  26.030  1019.827  1482.25 
2025 01 26 11 49 57.97  29.809  10.897  0002.10  04.96  08.38  302.9  009.26  26.022  1019.822  1482.23 
2025 01 26 11 49 58.10  29.805  10.896  0002.08  04.82  08.38  302.9  009.26  26.019  1019.820  1482.22 
2025 01 26 11 49 58.22  29.808  10.898  0002.06  04.71  08.38  302.9  009.26  26.020  1019.820  1482.23 
2025 01 26 11 49 58.35  29.814  10.898  0002.05  04.72  08.39  302.9  009.26  26.026  1019.824  1482.24 
2025 01 26 11 49 58.47  29.829  10.900  0002.07  04.75  08.39  302.9  009.26  26.039  1019.834  1482.26 
2025 01 26 11 49 58.60  29.836  10.901  0002.09  04.68  08.39  302.9  009.26  26.045  1019.839  1482.27 
2025 01 26 11 49 58.72  29.848  10.902  0002.12  04.70  08.39  302.9  009.26  26.056  1019.847  1482.29 
2025 01 26 11 49 58.85  29.863  10.901  0002.13  04.86  08.39  302.9  009.26  26.071  1019.859  1482.31 
2025 01 26 11 49 58.97  29.870  10.901  0002.15  05.02  08.38  302.9  009.26  26.077  1019.864  1482.32 
2025 01 26 11 49 59.10  29.872  10.902  0002.14  04.83  08.39  302.9  009.26  26.079  1019.865  1482.32 
2025 01 26 11 49 59.22  29.860  10.900  0002.15  04.78  08.39  302.9  009.26  26.069  1019.858  1482.30 
2025 01 26 11 49 59.35  29.848  10.901  0002.11  04.96  08.39  302.9  009.26  26.057  1019.849  1482.29 
2025 01 26 11 49 59.47  29.842  10.899  0002.09  04.97  08.39  302.9  009.26  26.052  1019.844  1482.28 
2025 01 26 11 49 59.60  29.825  10.899  0002.06  04.82  08.39  302.9  009.26  26.035  1019.831  1482.26 
2025 01 26 11 49 59.72  29.802  10.896  0002.03  04.79  08.39  302.9  009.26  26.015  1019.816  1482.22 
2025 01 26 11 49 59.85  29.794  10.895  0002.00  04.89  08.39  302.9  009.26  26.009  1019.811  1482.21 
2025 01 26 11 49 59.97  29.807  10.898  0002.04  04.96  08.38  302.9  009.26  26.019  1019.819  1482.23 
2025 01 26 11 50 00.10  29.831  10.900  0002.05  04.85  08.38  303.0  009.26  26.041  1019.836  1482.26 
2025 01 26 11 50 00.22  29.872  10.904  0002.09  05.03  08.38  303.0  009.26  26.077  1019.863  1482.32 
2025 01 26 11 50 00.35  29.915  10.909  0002.12  05.01  08.38  303.0  009.26  26.116  1019.892  1482.39 
2025 01 26 11 50 00.47  29.927  10.910  0002.15  04.94  08.38  303.0  009.26  26.126  1019.901  1482.41 
2025 01 26 11 50 00.60  29.938  10.911  0002.15  04.90  08.38  303.0  009.26  26.136  1019.908  1482.42 
2025 01 26 11 50 00.72  29.936  10.910  0002.14  04.92  08.38  303.0  009.26  26.135  1019.907  1482.42 
2025 01 26 11 50 00.85  29.919  10.906  0002.14  04.86  08.38  303.0  009.26  26.122  1019.898  1482.39 
2025 01 26 11 50 00.97  29.883  10.903  0002.11  04.92  08.38  303.0  009.26  26.088  1019.872  1482.33 
2025 01 26 11 50 01.10  29.862  10.901  0002.08  04.84  08.38  303.0  009.26  26.070  1019.858  1482.30 
2025 01 26 11 50 01.22  29.841  10.900  0002.03  04.83  08.38  303.0  009.26  26.051  1019.843  1482.28 
2025 01 26 11 50 01.35  29.825  10.900  0002.02  04.78  08.38  303.0  009.26  26.035  1019.831  1482.26 
2025 01 26 11 50 01.47  29.825  10.900  0002.00  04.86  08.38  303.0  009.26  26.036  1019.831  1482.26 
2025 01 26 11 50 01.60  29.848  10.902  0002.03  04.94  08.38  303.0  009.26  26.056  1019.847  1482.29 
2025 01 26 11 50 01.72  29.887  10.905  0002.04  04.91  08.38  303.0  009.26  26.091  1019.874  1482.34 
2025 01 26 11 50 01.85  29.904  10.909  0002.07  04.92  08.38  303.0  009.26  26.105  1019.884  1482.37 
2025 01 26 11 50 01.97  29.918  10.908  0002.11  04.98  08.37  303.0  009.26  26.119  1019.895  1482.39 
2025 01 26 11 50 02.10  29.940  10.912  0002.11  05.08  08.39  303.0  009.26  26.137  1019.909  1482.43 
2025 01 26 11 50 02.22  29.961  10.916  0002.16  05.12  08.39  303.0  009.26  26.155  1019.922  1482.46 
2025 01 26 11 50 02.35  29.962  10.915  0002.14  04.86  08.39  303.0  009.26  26.157  1019.924  1482.46 
2025 01 26 11 50 02.47  29.922  10.906  0002.14  04.62  08.39  303.0  009.26  26.124  1019.900  1482.39 
2025 01 26 11 50 02.60  29.886  10.903  0002.11  04.52  08.39  303.0  009.26  26.091  1019.875  1482.34 
2025 01 26 11 50 02.72  29.880  10.903  0002.09  04.63  08.39  303.0  009.26  26.085  1019.870  1482.33 
2025 01 26 11 50 02.85  29.871  10.903  0002.06  04.98  08.39  303.0  009.26  26.077  1019.863  1482.32 
2025 01 26 11 50 02.97  29.863  10.902  0002.03  04.96  08.38  303.0  009.26  26.070  1019.858  1482.31 
2025 01 26 11 50 03.10  29.875  10.902  0002.04  04.95  08.38  302.9  009.26  26.082  1019.867  1482.32 
2025 01 26 11 50 03.22  29.890  10.905  0002.05  04.86  08.38  302.9  009.26  26.094  1019.876  1482.35 
2025 01 26 11 50 03.35  29.898  10.905  0002.06  04.82  08.38  302.9  009.26  26.102  1019.882  1482.36 
2025 01 26 11 50 03.47  29.913  10.906  0002.08  04.86  08.38  302.9  009.26  26.116  1019.893  1482.38 
2025 01 26 11 50 03.60  29.925  10.910  0002.10  04.95  08.38  302.9  009.26  26.124  1019.899  1482.40 
2025 01 26 11 50 03.72  29.928  10.909  0002.13  04.91  08.38  302.9  009.26  26.128  1019.902  1482.40 
2025 01 26 11 50 03.85  29.936  10.910  0002.14  04.72  08.38  302.9  009.26  26.135  1019.907  1482.42 
2025 01 26 11 50 03.97  29.939  10.910  0002.14  04.67  08.38  302.9  009.26  26.138  1019.910  1482.42 
2025 01 26 11 50 04.10  29.937  10.908  0002.12  04.62  08.38  302.9  009.26  26.137  1019.909  1482.41 
2025 01 26 11 50 04.22  29.915  10.908  0002.12  04.53  08.38  302.9  009.26  26.116  1019.893  1482.39 
2025 01 26 11 50 04.35  29.894  10.906  0002.08  04.55  08.38  302.9  009.26  26.097  1019.879  1482.35 
2025 01 26 11 50 04.47  29.883  10.903  0002.07  04.75  08.38  302.9  009.26  26.089  1019.872  1482.33 
2025 01 26 11 50 04.60  29.887  10.903  0002.06  04.82  08.38  302.9  009.26  26.092  1019.875  1482.34 
2025 01 26 11 50 04.72  29.895  10.903  0002.07  04.83  08.38  302.9  009.26  26.100  1019.881  1482.35 
2025 01 26 11 50 04.85  29.915  10.906  0002.05  04.74  08.38  302.9  009.26  26.117  1019.893  1482.38 
2025 01 26 11 50 04.97  29.924  10.909  0002.07  04.69  08.37  302.9  009.26  26.124  1019.899  1482.40 
2025 01 26 11 50 05.10  29.929  10.910  0002.08  04.73  08.39  302.9  009.26  26.128  1019.901  1482.41 
2025 01 26 11 50 05.22  29.927  10.910  0002.09  04.85  08.39  302.9  009.26  26.126  1019.901  1482.40 
2025 01 26 11 50 05.35  29.926  10.910  0002.12  04.67  08.39  302.9  009.26  26.125  1019.900  1482.40 
2025 01 26 11 50 05.47  29.926  10.909  0002.10  04.63  08.39  302.9  009.26  26.126  1019.900  1482.40 
2025 01 26 11 50 05.60  29.926  10.908  0002.11  04.86  08.39  302.9  009.26  26.127  1019.901  1482.40 
2025 01 26 11 50 05.72  29.924  10.909  0002.11  04.94  08.38  302.9  009.26  26.124  1019.899  1482.40 
2025 01 26 11 50 05.85  29.921  10.907  0002.09  04.69  08.38  302.9  009.26  26.123  1019.898  1482.39 
2025 01 26 11 50 05.97  29.917  10.909  0002.08  04.61  08.38  302.9  009.26  26.117  1019.894  1482.39 
2025 01 26 11 50 06.10  29.916  10.911  0002.10  04.61  08.37  302.8  009.26  26.115  1019.892  1482.39 
2025 01 26 11 50 06.22  29.917  10.910  0002.11  04.75  08.37  302.8  009.26  26.117  1019.893  1482.39 
2025 01 26 11 50 06.35  29.919  10.910  0002.10  04.70  08.37  302.8  009.26  26.119  1019.895  1482.40 
2025 01 26 11 50 06.47  29.916  10.910  0002.09  04.75  08.38  302.8  009.26  26.116  1019.892  1482.39 
2025 01 26 11 50 06.60  29.909  10.908  0002.10  04.83  08.38  302.8  009.26  26.110  1019.889  1482.38 
2025 01 26 11 50 06.72  29.904  10.908  0002.10  04.76  08.38  302.8  009.26  26.106  1019.885  1482.37 
2025 01 26 11 50 06.85  29.901  10.907  0002.09  04.66  08.38  302.8  009.26  26.103  1019.883  1482.37 
2025 01 26 11 50 06.97  29.899  10.906  0002.08  04.58  08.38  302.8  009.26  26.102  1019.882  1482.36 
2025 01 26 11 50 07.10  29.896  10.906  0002.07  04.90  08.38  302.8  009.26  26.099  1019.880  1482.36 
2025 01 26 11 50 07.22  29.894  10.905  0002.10  04.93  08.38  302.8  009.26  26.098  1019.880  1482.35 
2025 01 26 11 50 07.35  29.887  10.905  0002.06  04.87  08.38  302.8  009.26  26.092  1019.875  1482.34 
2025 01 26 11 50 07.47  29.887  10.903  0002.09  04.78  08.38  302.8  009.26  26.092  1019.875  1482.34 
2025 01 26 11 50 07.60  29.890  10.903  0002.06  04.82  08.38  302.8  009.26  26.096  1019.878  1482.34 
2025 01 26 11 50 07.72  29.898  10.907  0002.06  04.83  08.38  302.8  009.26  26.100  1019.881  1482.36 
2025 01 26 11 50 07.85  29.907  10.908  0002.05  04.99  08.38  302.8  009.26  26.109  1019.887  1482.38 
2025 01 26 11 50 07.97  29.921  10.908  0002.09  04.93  08.37  302.8  009.26  26.121  1019.897  1482.39 
2025 01 26 11 50 08.10  29.943  10.911  0002.12  04.84  08.38  302.8  009.26  26.141  1019.912  1482.43 
2025 01 26 11 50 08.22  29.958  10.912  0002.13  04.90  08.39  302.8  009.26  26.154  1019.922  1482.45 
2025 01 26 11 50 08.35  29.964  10.913  0002.15  04.90  08.38  302.8  009.26  26.160  1019.926  1482.46 
2025 01 26 11 50 08.47  29.957  10.911  0002.12  04.97  08.38  302.8  009.26  26.154  1019.922  1482.44 
2025 01 26 11 50 08.60  29.951  10.912  0002.13  04.89  08.38  302.8  009.26  26.148  1019.917  1482.44 
2025 01 26 11 50 08.72  29.944  10.912  0002.11  04.80  08.38  302.8  009.26  26.141  1019.912  1482.43 
2025 01 26 11 50 08.85  29.944  10.911  0002.07  04.70  08.38  302.8  009.26  26.142  1019.912  1482.43 
2025 01 26 11 50 08.97  29.946  10.911  0002.04  04.60  08.37  302.8  009.26  26.143  1019.913  1482.43 
2025 01 26 11 50 09.10  29.937  10.911  0002.01  04.65  08.37  303.1  009.26  26.135  1019.907  1482.42 
2025 01 26 11 50 09.22  29.937  10.911  0002.02  04.77  08.37  303.1  009.26  26.135  1019.907  1482.42 
2025 01 26 11 50 09.35  29.950  10.912  0002.03  04.93  08.37  303.1  009.26  26.147  1019.916  1482.43 
2025 01 26 11 50 09.47  29.965  10.912  0002.06  04.90  08.37  303.1  009.26  26.161  1019.927  1482.46 
2025 01 26 11 50 09.60  29.964  10.910  0002.11  05.05  08.37  303.1  009.26  26.161  1019.928  1482.45 
2025 01 26 11 50 09.72  29.964  10.911  0002.14  05.18  08.37  303.1  009.26  26.161  1019.927  1482.45 
2025 01 26 11 50 09.85  29.977  10.914  0002.16  05.13  08.37  303.1  009.26  26.171  1019.935  1482.47 
2025 01 26 11 50 09.97  29.981  10.914  0002.14  05.07  08.38  303.1  009.26  26.175  1019.937  1482.48 
2025 01 26 11 50 10.10  29.977  10.913  0002.14  04.88  08.38  303.1  009.26  26.173  1019.936  1482.47 
2025 01 26 11 50 10.22  29.966  10.911  0002.12  04.72  08.37  303.1  009.26  26.163  1019.929  1482.45 
2025 01 26 11 50 10.35  29.957  10.911  0002.10  04.76  08.38  303.1  009.26  26.154  1019.922  1482.44 
2025 01 26 11 50 10.47  29.947  10.911  0002.09  04.88  08.38  303.1  009.26  26.145  1019.914  1482.43 
2025 01 26 11 50 10.60  29.935  10.910  0002.01  04.80  08.37  303.1  009.26  26.134  1019.906  1482.41 
2025 01 26 11 50 10.72  29.931  10.910  0002.01  04.69  08.37  303.1  009.26  26.130  1019.903  1482.41 
2025 01 26 11 50 10.85  29.934  10.910  0002.03  04.80  08.38  303.1  009.26  26.133  1019.905  1482.41 
2025 01 26 11 50 10.97  29.938  10.911  0002.05  05.02  08.37  303.1  009.26  26.137  1019.908  1482.42 
2025 01 26 11 50 11.10  29.930  10.909  0002.08  04.96  08.38  303.1  009.26  26.131  1019.904  1482.40 
2025 01 26 11 50 11.22  29.915  10.903  0002.10  05.08  08.38  303.1  009.26  26.119  1019.896  1482.37 
2025 01 26 11 50 11.35  29.928  10.907  0002.14  05.15  08.38  303.1  009.26  26.129  1019.904  1482.40 
2025 01 26 11 50 11.47  29.950  10.912  0002.13  05.01  08.38  303.1  009.26  26.147  1019.917  1482.44 
2025 01 26 11 50 11.60  29.955  10.911  0002.15  04.79  08.38  303.1  009.26  26.153  1019.921  1482.44 
2025 01 26 11 50 11.72  29.944  10.910  0002.12  04.72  08.38  303.1  009.26  26.142  1019.913  1482.43 
2025 01 26 11 50 11.85  29.929  10.908  0002.12  04.74  08.38  303.1  009.26  26.129  1019.903  1482.40 
2025 01 26 11 50 11.97  29.914  10.906  0002.08  04.78  08.37  303.1  009.26  26.116  1019.893  1482.38 
2025 01 26 11 50 12.10  29.909  10.906  0002.07  04.82  08.37  303.0  009.26  26.111  1019.889  1482.37 
2025 01 26 11 50 12.22  29.908  10.906  0002.06  04.86  08.37  303.0  009.26  26.111  1019.889  1482.37 
2025 01 26 11 50 12.35  29.911  10.906  0002.05  05.17  08.37  303.0  009.26  26.113  1019.891  1482.37 
2025 01 26 11 50 12.47  29.922  10.908  0002.05  05.09  08.37  303.0  009.26  26.122  1019.898  1482.39 
2025 01 26 11 50 12.60  29.939  10.911  0002.06  04.89  08.37  303.0  009.26  26.137  1019.909  1482.42 
2025 01 26 11 50 12.72  29.959  10.913  0002.05  04.94  08.37  303.0  009.26  26.155  1019.922  1482.45 
2025 01 26 11 50 12.85  29.962  10.912  0002.08  04.94  08.37  303.0  009.26  26.158  1019.925  1482.45 
2025 01 26 11 50 12.97  29.957  10.911  0002.09  05.06  08.37  303.0  009.26  26.154  1019.922  1482.44 
2025 01 26 11 50 13.10  29.959  10.912  0002.13  04.84  08.37  303.0  009.26  26.156  1019.923  1482.45 
2025 01 26 11 50 13.22  29.968  10.912  0002.14  04.76  08.37  303.0  009.26  26.164  1019.929  1482.46 
2025 01 26 11 50 13.35  29.971  10.912  0002.14  04.77  08.37  303.0  009.26  26.167  1019.932  1482.46 
2025 01 26 11 50 13.47  29.967  10.910  0002.14  04.65  08.37  303.0  009.26  26.164  1019.930  1482.45 
2025 01 26 11 50 13.60  29.959  10.911  0002.13  04.70  08.37  303.0  009.26  26.157  1019.924  1482.44 
2025 01 26 11 50 13.72  29.946  10.911  0002.11  04.61  08.37  303.0  009.26  26.144  1019.914  1482.43 
2025 01 26 11 50 13.85  29.940  10.910  0002.10  04.59  08.37  303.0  009.26  26.139  1019.910  1482.42 
2025 01 26 11 50 13.97  29.939  10.910  0002.08  04.64  08.37  303.0  009.26  26.138  1019.910  1482.42 
2025 01 26 11 50 14.10  29.939  10.910  0002.08  04.66  08.38  303.0  009.26  26.138  1019.910  1482.42 
2025 01 26 11 50 14.22  29.942  10.910  0002.07  04.68  08.38  303.0  009.26  26.140  1019.911  1482.42 
2025 01 26 11 50 14.35  29.946  10.912  0002.04  04.68  08.38  303.0  009.26  26.143  1019.913  1482.43 
2025 01 26 11 50 14.47  29.950  10.911  0002.06  04.80  08.38  303.0  009.26  26.147  1019.916  1482.43 
2025 01 26 11 50 14.60  29.950  10.911  0002.02  04.71  08.38  303.0  009.26  26.148  1019.917  1482.43 
2025 01 26 11 50 14.72  29.951  10.910  0002.02  04.61  08.38  303.0  009.26  26.149  1019.918  1482.43 
2025 01 26 11 50 14.85  29.950  10.910  0002.04  04.54  08.38  303.0  009.26  26.148  1019.917  1482.43 
2025 01 26 11 50 14.97  29.952  10.911  0002.05  04.58  08.37  303.0  009.26  26.149  1019.918  1482.44 
2025 01 26 11 50 15.10  29.957  10.911  0002.08  04.75  08.37  303.1  009.26  26.154  1019.922  1482.44 
2025 01 26 11 50 15.22  29.959  10.910  0002.11  04.85  08.37  303.1  009.26  26.157  1019.924  1482.44 
2025 01 26 11 50 15.35  29.964  10.911  0002.13  04.91  08.37  303.1  009.26  26.161  1019.927  1482.45 
2025 01 26 11 50 15.47  29.973  10.913  0002.17  04.73  08.37  303.1  009.26  26.168  1019.933  1482.47 
2025 01 26 11 50 15.60  29.974  10.913  0002.17  04.62  08.37  303.1  009.26  26.169  1019.934  1482.47 
2025 01 26 11 50 15.72  29.970  10.912  0002.16  04.55  08.37  303.1  009.26  26.166  1019.931  1482.46 
2025 01 26 11 50 15.85  29.961  10.911  0002.14  04.51  08.37  303.1  009.26  26.159  1019.926  1482.45 
2025 01 26 11 50 15.97  29.950  10.911  0002.09  04.62  08.37  303.1  009.26  26.147  1019.916  1482.43 
2025 01 26 11 50 16.10  29.930  10.911  0002.02  04.60  08.37  303.1  009.26  26.129  1019.902  1482.41 
2025 01 26 11 50 16.22  29.918  10.909  0002.02  04.65  08.37  303.1  009.26  26.118  1019.894  1482.39 
2025 01 26 11 50 16.35  29.916  10.907  0001.99  04.96  08.37  303.1  009.26  26.118  1019.894  1482.38 
2025 01 26 11 50 16.47  29.918  10.910  0001.99  04.98  08.37  303.1  009.26  26.117  1019.893  1482.39 
2025 01 26 11 50 16.60  29.915  10.908  0002.01  04.84  08.37  303.1  009.26  26.117  1019.893  1482.38 
2025 01 26 11 50 16.72  29.909  10.906  0002.03  04.74  08.37  303.1  009.26  26.111  1019.889  1482.37 
2025 01 26 11 50 16.85  29.905  10.905  0002.07  04.76  08.37  303.1  009.26  26.108  1019.887  1482.37 
2025 01 26 11 50 16.97  29.915  10.907  0002.14  04.66  08.36  303.1  009.26  26.116  1019.894  1482.38 
2025 01 26 11 50 17.10  29.935  10.911  0002.15  04.52  08.38  303.1  009.26  26.133  1019.906  1482.42 
2025 01 26 11 50 17.22  29.953  10.911  0002.16  04.45  08.38  303.1  009.26  26.150  1019.919  1482.44 
2025 01 26 11 50 17.35  29.950  10.912  0002.16  04.47  08.38  303.1  009.26  26.146  1019.916  1482.44 
2025 01 26 11 50 17.47  29.934  10.908  0002.15  04.53  08.38  303.1  009.26  26.134  1019.907  1482.41 
2025 01 26 11 50 17.60  29.911  10.906  0002.14  04.52  08.38  303.1  009.26  26.114  1019.891  1482.38 
2025 01 26 11 50 17.72  29.901  10.905  0002.11  04.51  08.38  303.1  009.26  26.105  1019.885  1482.36 
2025 01 26 11 50 17.85  29.892  10.903  0002.08  04.50  08.38  303.1  009.26  26.098  1019.879  1482.34 
2025 01 26 11 50 17.97  29.891  10.904  0002.04  04.48  08.37  303.1  009.26  26.096  1019.878  1482.34 
2025 01 26 11 50 18.10  29.890  10.904  0002.04  04.48  08.37  303.0  009.26  26.095  1019.877  1482.34 
2025 01 26 11 50 18.22  29.890  10.903  0002.01  04.54  08.37  303.0  009.26  26.095  1019.877  1482.34 
2025 01 26 11 50 18.35  29.895  10.904  0002.01  04.73  08.37  303.0  009.26  26.099  1019.880  1482.35 
2025 01 26 11 50 18.47  29.898  10.903  0002.04  04.70  08.37  303.0  009.26  26.103  1019.883  1482.35 
2025 01 26 11 50 18.60  29.900  10.905  0002.07  04.88  08.37  303.0  009.26  26.104  1019.884  1482.36 
2025 01 26 11 50 18.72  29.907  10.905  0002.08  04.99  08.37  303.0  009.26  26.110  1019.889  1482.37 
2025 01 26 11 50 18.85  29.926  10.910  0002.13  04.97  08.37  303.0  009.26  26.125  1019.900  1482.40 
2025 01 26 11 50 18.97  29.946  10.911  0002.14  04.81  08.37  303.0  009.26  26.144  1019.914  1482.43 
2025 01 26 11 50 19.10  29.959  10.913  0002.18  04.61  08.37  303.0  009.26  26.155  1019.923  1482.45 
2025 01 26 11 50 19.22  29.959  10.912  0002.16  04.51  08.37  303.0  009.26  26.155  1019.923  1482.45 
2025 01 26 11 50 19.35  29.937  10.909  0002.15  04.39  08.37  303.0  009.26  26.136  1019.908  1482.41 
2025 01 26 11 50 19.47  29.918  10.907  0002.11  04.37  08.37  303.0  009.26  26.120  1019.896  1482.39 
2025 01 26 11 50 19.60  29.914  10.908  0002.06  04.42  08.37  303.0  009.26  26.115  1019.892  1482.38 
2025 01 26 11 50 19.72  29.912  10.907  0002.02  04.45  08.37  303.0  009.26  26.114  1019.891  1482.38 
2025 01 26 11 50 19.85  29.913  10.907  0002.01  04.43  08.37  303.0  009.26  26.115  1019.892  1482.38 
2025 01 26 11 50 19.97  29.919  10.906  0002.01  04.63  08.36  303.0  009.26  26.121  1019.896  1482.38 
2025 01 26 11 50 20.10  29.930  10.910  0002.02  04.70  08.38  303.0  009.26  26.130  1019.903  1482.41 
2025 01 26 11 50 20.22  29.930  10.908  0002.04  04.75  08.38  303.0  009.26  26.130  1019.904  1482.40 
2025 01 26 11 50 20.35  29.932  10.909  0002.07  04.94  08.38  303.0  009.26  26.132  1019.905  1482.41 
2025 01 26 11 50 20.47  29.950  10.910  0002.10  04.97  08.38  303.0  009.26  26.148  1019.917  1482.43 
2025 01 26 11 50 20.60  29.962  10.912  0002.12  04.76  08.38  303.0  009.26  26.159  1019.926  1482.45 
2025 01 26 11 50 20.72  29.970  10.912  0002.15  04.58  08.37  303.0  009.26  26.166  1019.932  1482.46 
2025 01 26 11 50 20.85  29.970  10.912  0002.17  04.46  08.37  303.0  009.26  26.166  1019.931  1482.46 
2025 01 26 11 50 20.97  29.967  10.911  0002.16  04.53  08.37  303.0  009.26  26.164  1019.930  1482.46 
2025 01 26 11 50 21.10  29.954  10.911  0002.14  04.49  08.36  302.9  009.26  26.151  1019.920  1482.44 
2025 01 26 11 50 21.22  29.934  10.910  0002.12  04.41  08.36  302.9  009.26  26.133  1019.906  1482.41 
2025 01 26 11 50 21.35  29.931  10.910  0002.09  04.44  08.37  302.9  009.26  26.130  1019.904  1482.41 
2025 01 26 11 50 21.47  29.926  10.908  0002.05  04.51  08.37  302.9  009.26  26.126  1019.901  1482.40 
2025 01 26 11 50 21.60  29.926  10.909  0002.04  04.54  08.37  302.9  009.26  26.126  1019.900  1482.40 
2025 01 26 11 50 21.72  29.934  10.910  0002.03  04.84  08.37  302.9  009.26  26.133  1019.905  1482.41 
2025 01 26 11 50 21.85  29.939  10.911  0002.03  05.00  08.37  302.9  009.26  26.137  1019.909  1482.42 
2025 01 26 11 50 21.97  29.941  10.910  0002.06  04.82  08.37  302.9  009.26  26.140  1019.911  1482.42 
2025 01 26 11 50 22.10  29.942  10.911  0002.07  04.59  08.37  302.9  009.26  26.140  1019.911  1482.42 
2025 01 26 11 50 22.22  29.948  10.911  0002.10  04.63  08.37  302.9  009.26  26.146  1019.916  1482.43 
2025 01 26 11 50 22.35  29.950  10.910  0002.11  04.65  08.37  302.9  009.26  26.149  1019.918  1482.43 
2025 01 26 11 50 22.47  29.954  10.911  0002.15  04.58  08.37  302.9  009.26  26.152  1019.921  1482.44 
2025 01 26 11 50 22.60  29.962  10.911  0002.16  04.53  08.37  302.9  009.26  26.159  1019.926  1482.45 
2025 01 26 11 50 22.72  29.964  10.911  0002.15  04.54  08.37  302.9  009.26  26.161  1019.927  1482.45 
2025 01 26 11 50 22.85  29.959  10.910  0002.15  04.60  08.37  302.9  009.26  26.157  1019.924  1482.44 
2025 01 26 11 50 22.97  29.944  10.910  0002.13  04.50  08.36  302.9  009.26  26.143  1019.913  1482.42 
2025 01 26 11 50 23.10  29.932  10.908  0002.10  04.49  08.37  302.9  009.26  26.132  1019.906  1482.41 
2025 01 26 11 50 23.22  29.920  10.907  0002.04  04.58  08.38  302.9  009.26  26.122  1019.897  1482.39 
2025 01 26 11 50 23.35  29.910  10.906  0002.03  04.58  08.38  302.9  009.26  26.112  1019.890  1482.37 
2025 01 26 11 50 23.47  29.904  10.906  0002.01  04.70  08.38  302.9  009.26  26.107  1019.886  1482.37 
2025 01 26 11 50 23.60  29.907  10.906  0002.01  04.80  08.38  302.9  009.26  26.110  1019.888  1482.37 
2025 01 26 11 50 23.72  29.915  10.908  0002.01  04.72  08.38  302.9  009.26  26.117  1019.893  1482.38 
2025 01 26 11 50 23.85  29.923  10.908  0002.05  04.65  08.38  302.9  009.26  26.124  1019.898  1482.40 
2025 01 26 11 50 23.97  29.930  10.907  0002.09  04.76  08.37  302.9  009.26  26.131  1019.905  1482.40 
2025 01 26 11 50 24.10  29.936  10.909  0002.12  04.59  08.37  303.0  009.26  26.135  1019.908  1482.41 
2025 01 26 11 50 24.22  29.947  10.911  0002.15  04.46  08.37  303.0  009.26  26.145  1019.915  1482.43 
2025 01 26 11 50 24.35  29.966  10.912  0002.17  04.47  08.36  303.0  009.26  26.162  1019.928  1482.46 
2025 01 26 11 50 24.47  29.967  10.912  0002.19  04.46  08.36  303.0  009.26  26.163  1019.929  1482.46 
2025 01 26 11 50 24.60  29.955  10.910  0002.15  04.45  08.36  303.0  009.26  26.153  1019.921  1482.44 
2025 01 26 11 50 24.72  29.938  10.909  0002.12  04.53  08.36  303.0  009.26  26.137  1019.909  1482.41 
2025 01 26 11 50 24.85  29.932  10.910  0002.07  04.57  08.36  303.0  009.26  26.131  1019.904  1482.41 
2025 01 26 11 50 24.97  29.926  10.908  0002.04  04.53  08.37  303.0  009.26  26.127  1019.901  1482.40 
2025 01 26 11 50 25.10  29.924  10.907  0001.99  04.46  08.37  303.0  009.26  26.125  1019.900  1482.39 
2025 01 26 11 50 25.22  29.924  10.908  0002.01  04.48  08.37  303.0  009.26  26.125  1019.899  1482.40 
2025 01 26 11 50 25.35  29.925  10.908  0002.01  04.43  08.37  303.0  009.26  26.125  1019.900  1482.40 
2025 01 26 11 50 25.47  29.918  10.907  0002.05  04.63  08.37  303.0  009.26  26.120  1019.896  1482.38 
2025 01 26 11 50 25.60  29.912  10.904  0002.07  04.77  08.37  303.0  009.26  26.116  1019.893  1482.37 
2025 01 26 11 50 25.72  29.929  10.909  0002.11  04.65  08.37  303.0  009.26  26.129  1019.903  1482.40 
2025 01 26 11 50 25.85  29.950  10.912  0002.12  04.45  08.37  303.0  009.26  26.147  1019.917  1482.44 
2025 01 26 11 50 25.97  29.970  10.912  0002.13  04.41  08.36  303.0  009.26  26.167  1019.932  1482.46 
2025 01 26 11 50 26.10  29.971  10.913  0002.14  04.56  08.37  303.0  009.26  26.167  1019.931  1482.46 
2025 01 26 11 50 26.22  29.958  10.911  0002.14  04.53  08.37  303.0  009.26  26.155  1019.923  1482.44 
2025 01 26 11 50 26.35  29.938  10.908  0002.15  04.59  08.37  303.0  009.26  26.137  1019.910  1482.41 
2025 01 26 11 50 26.47  29.925  10.907  0002.11  04.69  08.37  303.0  009.26  26.126  1019.901  1482.39 
2025 01 26 11 50 26.60  29.926  10.906  0002.11  04.66  08.37  303.0  009.26  26.127  1019.902  1482.39 
2025 01 26 11 50 26.72  29.926  10.908  0002.06  04.53  08.37  303.0  009.26  26.127  1019.902  1482.40 
2025 01 26 11 50 26.85  29.926  10.908  0002.05  04.42  08.37  303.0  009.26  26.127  1019.901  1482.40 
2025 01 26 11 50 26.97  29.926  10.908  0002.03  04.53  08.37  303.0  009.26  26.127  1019.901  1482.40 
2025 01 26 11 50 27.10  29.932  10.910  0002.04  04.60  08.37  303.1  009.26  26.131  1019.904  1482.41 
2025 01 26 11 50 27.22  29.941  10.911  0002.06  04.52  08.37  303.1  009.26  26.139  1019.910  1482.42 
2025 01 26 11 50 27.35  29.943  10.910  0002.04  04.57  08.37  303.1  009.26  26.142  1019.913  1482.42 
2025 01 26 11 50 27.47  29.944  10.910  0002.07  04.56  08.37  303.1  009.26  26.142  1019.913  1482.42 
2025 01 26 11 50 27.60  29.943  10.909  0002.10  04.70  08.37  303.1  009.26  26.142  1019.913  1482.42 
2025 01 26 11 50 27.72  29.942  10.910  0002.09  04.60  08.36  303.1  009.26  26.141  1019.912  1482.42 
2025 01 26 11 50 27.85  29.942  10.910  0002.11  04.49  08.36  303.1  009.26  26.140  1019.911  1482.42 
2025 01 26 11 50 27.97  29.941  10.909  0002.11  04.39  08.36  303.1  009.26  26.140  1019.912  1482.42 
2025 01 26 11 50 28.10  29.938  10.909  0002.10  04.32  08.36  303.1  009.26  26.138  1019.909  1482.42 
2025 01 26 11 50 28.22  29.937  10.909  0002.09  04.40  08.36  303.1  009.26  26.136  1019.908  1482.41 
2025 01 26 11 50 28.35  29.935  10.909  0002.09  04.43  08.36  303.1  009.26  26.134  1019.907  1482.41 
2025 01 26 11 50 28.47  29.930  10.908  0002.09  04.41  08.36  303.1  009.26  26.131  1019.904  1482.40 
2025 01 26 11 50 28.60  29.924  10.909  0002.09  04.33  08.36  303.1  009.26  26.124  1019.899  1482.40 
2025 01 26 11 50 28.72  29.923  10.907  0002.09  04.31  08.36  303.1  009.26  26.125  1019.900  1482.39 
2025 01 26 11 50 28.85  29.922  10.907  0002.07  04.34  08.36  303.1  009.26  26.124  1019.899  1482.39 
2025 01 26 11 50 28.97  29.923  10.907  0002.08  04.43  08.36  303.1  009.26  26.124  1019.899  1482.39 
2025 01 26 11 50 29.10  29.924  10.908  0002.07  04.46  08.37  303.1  009.26  26.125  1019.900  1482.39 
2025 01 26 11 50 29.22  29.927  10.908  0002.07  04.48  08.37  303.1  009.26  26.128  1019.902  1482.40 
2025 01 26 11 50 29.35  29.930  10.908  0002.07  04.52  08.37  303.1  009.26  26.130  1019.904  1482.40 
2025 01 26 11 50 29.47  29.930  10.908  0002.10  04.48  08.37  303.1  009.26  26.130  1019.904  1482.40 
2025 01 26 11 50 29.60  29.929  10.907  0002.10  04.65  08.37  303.1  009.26  26.130  1019.904  1482.40 
2025 01 26 11 50 29.72  29.924  10.907  0002.10  04.75  08.37  303.1  009.26  26.125  1019.900  1482.39 
2025 01 26 11 50 29.85  29.920  10.905  0002.10  04.58  08.37  303.1  009.26  26.123  1019.898  1482.38 
2025 01 26 11 50 29.97  29.915  10.905  0002.09  04.48  08.36  303.1  009.26  26.117  1019.894  1482.38 
2025 01 26 11 50 30.10  29.911  10.904  0002.08  04.44  08.36  303.1  009.26  26.115  1019.892  1482.37 
2025 01 26 11 50 30.22  29.910  10.905  0002.06  04.58  08.36  303.1  009.26  26.113  1019.891  1482.37 
2025 01 26 11 50 30.35  29.913  10.904  0002.08  04.60  08.36  303.1  009.26  26.117  1019.894  1482.37 
2025 01 26 11 50 30.47  29.919  10.906  0002.07  04.58  08.36  303.1  009.26  26.121  1019.897  1482.38 
2025 01 26 11 50 30.60  29.926  10.907  0002.09  04.48  08.36  303.1  009.26  26.127  1019.902  1482.40 
2025 01 26 11 50 30.72  29.939  10.910  0002.12  04.46  08.36  303.1  009.26  26.138  1019.909  1482.42 
2025 01 26 11 50 30.85  29.948  10.911  0002.14  04.52  08.36  303.1  009.26  26.146  1019.916  1482.43 
2025 01 26 11 50 30.97  29.954  10.911  0002.16  04.89  08.36  303.1  009.26  26.152  1019.920  1482.44 
2025 01 26 11 50 31.10  29.952  10.910  0002.14  04.91  08.36  303.1  009.26  26.150  1019.919  1482.44 
2025 01 26 11 50 31.22  29.945  10.910  0002.12  04.78  08.36  303.1  009.26  26.143  1019.914  1482.43 
2025 01 26 11 50 31.35  29.942  10.910  0002.12  04.72  08.36  303.1  009.26  26.141  1019.912  1482.42 
2025 01 26 11 50 31.47  29.939  10.910  0002.09  04.68  08.36  303.1  009.26  26.138  1019.910  1482.42 
2025 01 26 11 50 31.60  29.933  10.910  0002.07  04.53  08.36  303.1  009.26  26.132  1019.905  1482.41 
2025 01 26 11 50 31.72  29.925  10.907  0002.06  04.46  08.36  303.1  009.26  26.126  1019.900  1482.39 
2025 01 26 11 50 31.85  29.924  10.909  0002.07  04.38  08.37  303.1  009.26  26.124  1019.899  1482.40 
2025 01 26 11 50 31.97  29.933  10.909  0002.06  04.38  08.36  303.1  009.26  26.133  1019.905  1482.41 
2025 01 26 11 50 32.10  29.957  10.911  0002.08  04.44  08.37  303.1  009.26  26.154  1019.922  1482.44 
2025 01 26 11 50 32.22  29.962  10.910  0002.11  04.49  08.37  303.1  009.26  26.160  1019.927  1482.45 
2025 01 26 11 50 32.35  29.969  10.912  0002.13  04.75  08.37  303.1  009.26  26.165  1019.930  1482.46 
2025 01 26 11 50 32.47  29.984  10.911  0002.15  04.69  08.37  303.1  009.26  26.180  1019.942  1482.48 
2025 01 26 11 50 32.60  29.979  10.912  0002.14  04.78  08.37  303.1  009.26  26.175  1019.938  1482.47 
2025 01 26 11 50 32.72  29.967  10.911  0002.15  04.74  08.37  303.1  009.26  26.164  1019.930  1482.45 
2025 01 26 11 50 32.85  29.950  10.909  0002.12  04.66  08.37  303.1  009.26  26.149  1019.918  1482.43 
2025 01 26 11 50 32.97  29.945  10.910  0002.11  04.50  08.36  303.1  009.26  26.143  1019.914  1482.42 
2025 01 26 11 50 33.10  29.937  10.909  0002.09  04.29  08.36  303.0  009.26  26.136  1019.908  1482.41 
2025 01 26 11 50 33.22  29.922  10.907  0002.10  04.25  08.36  303.0  009.26  26.123  1019.898  1482.39 
2025 01 26 11 50 33.35  29.919  10.905  0002.07  04.36  08.36  303.0  009.26  26.121  1019.897  1482.38 
2025 01 26 11 50 33.47  29.923  10.905  0002.03  04.39  08.36  303.0  009.26  26.126  1019.901  1482.39 
2025 01 26 11 50 33.60  29.934  10.909  0002.05  04.42  08.36  303.0  009.26  26.134  1019.906  1482.41 
2025 01 26 11 50 33.72  29.939  10.910  0002.06  04.50  08.36  303.0  009.26  26.138  1019.909  1482.42 
2025 01 26 11 50 33.85  29.941  10.910  0002.08  04.72  08.36  303.0  009.26  26.140  1019.911  1482.42 
2025 01 26 11 50 33.97  29.940  10.911  0002.08  04.75  08.36  303.0  009.26  26.138  1019.910  1482.42 
2025 01 26 11 50 34.10  29.938  10.909  0002.10  04.77  08.36  303.0  009.26  26.137  1019.909  1482.41 
2025 01 26 11 50 34.22  29.935  10.907  0002.13  04.72  08.36  303.0  009.26  26.136  1019.909  1482.41 
2025 01 26 11 50 34.35  29.931  10.906  0002.13  05.23  08.36  303.0  009.26  26.133  1019.907  1482.40 
2025 01 26 11 50 34.47  29.925  10.906  0002.12  05.05  08.36  303.0  009.26  26.127  1019.901  1482.39 
2025 01 26 11 50 34.60  29.915  10.905  0002.14  04.78  08.36  303.0  009.26  26.118  1019.895  1482.38 
2025 01 26 11 50 34.72  29.910  10.905  0002.13  04.66  08.36  303.0  009.26  26.113  1019.891  1482.37 
2025 01 26 11 50 34.85  29.906  10.904  0002.13  04.65  08.36  303.0  009.26  26.110  1019.889  1482.36 
2025 01 26 11 50 34.97  29.891  10.904  0002.10  04.63  08.35  303.0  009.26  26.095  1019.877  1482.35 
2025 01 26 11 50 35.10  29.879  10.902  0002.10  04.71  08.37  303.0  009.26  26.085  1019.870  1482.33 
2025 01 26 11 50 35.22  29.870  10.903  0002.07  04.69  08.37  303.0  009.26  26.076  1019.863  1482.32 
2025 01 26 11 50 35.35  29.868  10.901  0002.06  04.64  08.37  303.0  009.26  26.076  1019.863  1482.31 
2025 01 26 11 50 35.47  29.872  10.902  0002.05  04.53  08.37  303.0  009.26  26.080  1019.865  1482.32 
2025 01 26 11 50 35.60  29.877  10.902  0002.07  04.58  08.37  303.0  009.26  26.084  1019.869  1482.32 
2025 01 26 11 50 35.72  29.876  10.902  0002.08  04.63  08.37  303.0  009.26  26.083  1019.868  1482.32 
2025 01 26 11 50 35.85  29.874  10.900  0002.09  04.65  08.37  303.0  009.26  26.082  1019.868  1482.32 
2025 01 26 11 50 35.97  29.871  10.902  0002.11  04.56  08.36  303.0  009.26  26.078  1019.864  1482.32 
2025 01 26 11 50 36.10  29.869  10.900  0002.12  04.40  08.36  303.0  009.26  26.077  1019.864  1482.31 
2025 01 26 11 50 36.22  29.868  10.900  0002.14  04.65  08.36  303.0  009.26  26.076  1019.864  1482.31 
2025 01 26 11 50 36.35  29.863  10.901  0002.14  04.64  08.36  303.0  009.26  26.071  1019.859  1482.31 
2025 01 26 11 50 36.47  29.860  10.901  0002.14  04.58  08.36  303.0  009.26  26.068  1019.857  1482.30 
2025 01 26 11 50 36.60  29.862  10.901  0002.14  04.52  08.36  303.0  009.26  26.070  1019.858  1482.31 
2025 01 26 11 50 36.72  29.868  10.903  0002.13  04.63  08.36  303.0  009.26  26.074  1019.862  1482.32 
2025 01 26 11 50 36.85  29.871  10.903  0002.13  04.71  08.36  303.0  009.26  26.077  1019.864  1482.32 
2025 01 26 11 50 36.97  29.878  10.901  0002.10  04.70  08.36  303.0  009.26  26.085  1019.870  1482.32 
2025 01 26 11 50 37.10  29.900  10.903  0002.09  04.71  08.36  303.0  009.26  26.105  1019.885  1482.36 
2025 01 26 11 50 37.22  29.912  10.905  0002.07  04.70  08.36  303.0  009.26  26.116  1019.893  1482.37 
2025 01 26 11 50 37.35  29.917  10.906  0002.06  04.64  08.36  303.0  009.26  26.119  1019.895  1482.38 
2025 01 26 11 50 37.47  29.919  10.907  0002.05  04.60  08.36  303.0  009.26  26.121  1019.897  1482.39 
2025 01 26 11 50 37.60  29.921  10.910  0002.08  04.71  08.36  303.0  009.26  26.121  1019.896  1482.40 
2025 01 26 11 50 37.72  29.923  10.911  0002.08  04.85  08.36  303.0  009.26  26.122  1019.897  1482.40 
2025 01 26 11 50 37.85  29.929  10.911  0002.08  04.75  08.36  303.0  009.26  26.127  1019.901  1482.41 
2025 01 26 11 50 37.97  29.934  10.911  0002.11  04.67  08.35  303.0  009.26  26.132  1019.905  1482.42 
2025 01 26 11 50 38.10  29.942  10.910  0002.12  04.72  08.37  303.0  009.26  26.141  1019.912  1482.42 
2025 01 26 11 50 38.22  29.947  10.911  0002.10  04.67  08.37  303.0  009.26  26.145  1019.915  1482.43 
2025 01 26 11 50 38.35  29.946  10.911  0002.12  04.58  08.37  303.0  009.26  26.144  1019.914  1482.43 
2025 01 26 11 50 38.47  29.936  10.909  0002.10  04.54  08.37  303.0  009.26  26.135  1019.907  1482.41 
2025 01 26 11 50 38.60  29.915  10.908  0002.11  04.56  08.37  303.0  009.26  26.116  1019.893  1482.38 
2025 01 26 11 50 38.72  29.887  10.904  0002.09  04.60  08.37  303.0  009.26  26.091  1019.874  1482.34 
2025 01 26 11 50 38.85  29.860  10.903  0002.10  04.58  08.37  303.0  009.26  26.066  1019.855  1482.31 
2025 01 26 11 50 38.97  29.857  10.902  0002.10  04.61  08.36  303.0  009.26  26.065  1019.854  1482.30 
2025 01 26 11 50 39.10  29.870  10.903  0002.10  04.62  08.36  303.0  009.26  26.076  1019.863  1482.32 
2025 01 26 11 50 39.22  29.888  10.903  0002.12  04.77  08.36  303.0  009.26  26.094  1019.876  1482.34 
2025 01 26 11 50 39.35  29.889  10.905  0002.10  04.72  08.36  303.0  009.26  26.093  1019.876  1482.35 
2025 01 26 11 50 39.47  29.887  10.906  0002.10  05.03  08.36  303.0  009.26  26.091  1019.874  1482.35 
2025 01 26 11 50 39.60  29.890  10.904  0002.10  05.02  08.36  303.0  009.26  26.095  1019.877  1482.34 
2025 01 26 11 50 39.72  29.896  10.907  0002.12  04.85  08.36  303.0  009.26  26.098  1019.879  1482.36 
2025 01 26 11 50 39.85  29.897  10.906  0002.10  04.75  08.36  303.0  009.26  26.100  1019.881  1482.36 
2025 01 26 11 50 39.97  29.891  10.905  0002.11  04.58  08.36  303.0  009.26  26.095  1019.877  1482.35 
2025 01 26 11 50 40.10  29.887  10.903  0002.09  04.44  08.36  303.0  009.26  26.092  1019.875  1482.34 
2025 01 26 11 50 40.22  29.882  10.902  0002.08  04.53  08.36  303.0  009.26  26.089  1019.873  1482.33 
2025 01 26 11 50 40.35  29.879  10.901  0002.09  04.68  08.36  303.0  009.26  26.086  1019.871  1482.32 
2025 01 26 11 50 40.47  29.876  10.901  0002.09  04.60  08.36  303.0  009.26  26.084  1019.869  1482.32 
2025 01 26 11 50 40.60  29.876  10.903  0002.10  04.66  08.36  303.0  009.26  26.082  1019.867  1482.33 
2025 01 26 11 50 40.72  29.879  10.904  0002.11  04.75  08.36  303.0  009.26  26.084  1019.869  1482.33 
2025 01 26 11 50 40.85  29.885  10.907  0002.11  04.75  08.36  303.0  009.26  26.088  1019.871  1482.35 
2025 01 26 11 50 40.97  29.893  10.908  0002.10  04.61  08.35  303.0  009.26  26.095  1019.876  1482.36 
2025 01 26 11 50 41.10  29.899  10.910  0002.14  04.73  08.36  303.0  009.26  26.099  1019.879  1482.37 
2025 01 26 11 50 41.22  29.903  10.909  0002.11  04.65  08.37  303.0  009.26  26.103  1019.883  1482.37 
2025 01 26 11 50 41.35  29.909  10.906  0002.10  04.58  08.36  303.0  009.26  26.111  1019.889  1482.37 
2025 01 26 11 50 41.47  29.915  10.906  0002.09  04.59  08.36  303.0  009.26  26.118  1019.895  1482.38 
2025 01 26 11 50 41.60  29.921  10.909  0002.09  04.60  08.37  303.0  009.26  26.121  1019.897  1482.39 
2025 01 26 11 50 41.72  29.928  10.911  0002.09  04.54  08.37  303.0  009.26  26.127  1019.901  1482.41 
2025 01 26 11 50 41.85  29.934  10.911  0002.10  04.58  08.37  303.0  009.26  26.133  1019.906  1482.41 
2025 01 26 11 50 41.97  29.936  10.910  0002.12  04.70  08.36  303.0  009.26  26.135  1019.907  1482.41 
2025 01 26 11 50 42.10  29.936  10.909  0002.14  04.92  08.35  303.0  009.26  26.136  1019.908  1482.41 
2025 01 26 11 50 42.22  29.931  10.907  0002.13  04.99  08.35  303.0  009.26  26.133  1019.906  1482.40 
2025 01 26 11 50 42.35  29.928  10.907  0002.14  04.94  08.36  303.0  009.26  26.129  1019.904  1482.40 
2025 01 26 11 50 42.47  29.932  10.908  0002.11  04.72  08.36  303.0  009.26  26.132  1019.905  1482.41 
2025 01 26 11 50 42.60  29.938  10.907  0002.08  04.65  08.36  303.0  009.26  26.139  1019.911  1482.41 
2025 01 26 11 50 42.72  29.954  10.909  0002.08  04.65  08.36  303.0  009.26  26.153  1019.921  1482.43 
2025 01 26 11 50 42.85  29.954  10.910  0002.07  04.80  08.36  303.0  009.26  26.152  1019.920  1482.44 
2025 01 26 11 50 42.97  29.948  10.910  0002.04  04.93  08.36  303.0  009.26  26.146  1019.916  1482.43 
2025 01 26 11 50 43.10  29.954  10.912  0002.07  04.82  08.36  303.0  009.26  26.151  1019.919  1482.44 
2025 01 26 11 50 43.22  29.973  10.912  0002.05  04.76  08.36  303.0  009.26  26.168  1019.933  1482.46 
2025 01 26 11 50 43.35  30.004  10.915  0002.09  04.89  08.36  303.0  009.26  26.197  1019.955  1482.51 
2025 01 26 11 50 43.47  30.046  10.917  0002.11  04.84  08.36  303.0  009.26  26.236  1019.984  1482.56 
2025 01 26 11 50 43.60  30.054  10.918  0002.11  04.78  08.36  303.0  009.26  26.242  1019.989  1482.57 
2025 01 26 11 50 43.72  30.047  10.918  0002.11  04.87  08.36  303.0  009.26  26.235  1019.984  1482.57 
2025 01 26 11 50 43.85  30.039  10.918  0002.14  04.86  08.36  303.0  009.26  26.229  1019.979  1482.56 
2025 01 26 11 50 43.97  30.036  10.916  0002.14  04.81  08.35  303.0  009.26  26.226  1019.977  1482.55 
2025 01 26 11 50 44.10  30.025  10.916  0002.13  04.72  08.36  303.0  009.26  26.217  1019.970  1482.53 
2025 01 26 11 50 44.22  30.012  10.915  0002.11  04.84  08.36  303.0  009.26  26.204  1019.960  1482.52 
2025 01 26 11 50 44.35  30.007  10.916  0002.09  04.90  08.36  303.0  009.26  26.199  1019.956  1482.51 
2025 01 26 11 50 44.47  30.001  10.917  0002.10  04.85  08.36  303.0  009.26  26.193  1019.951  1482.51 
2025 01 26 11 50 44.60  30.000  10.917  0002.10  04.85  08.36  303.0  009.26  26.192  1019.951  1482.51 
2025 01 26 11 50 44.72  30.003  10.916  0002.07  04.89  08.37  303.0  009.26  26.195  1019.953  1482.51 
2025 01 26 11 50 44.85  30.002  10.916  0002.08  05.04  08.36  303.0  009.26  26.194  1019.952  1482.51 
2025 01 26 11 50 44.97  30.000  10.916  0002.09  04.99  08.36  303.0  009.26  26.192  1019.950  1482.51 
2025 01 26 11 50 45.10  30.000  10.916  0002.09  04.82  08.36  302.9  009.26  26.192  1019.950  1482.51 
2025 01 26 11 50 45.22  29.997  10.912  0002.09  04.77  08.36  302.9  009.26  26.191  1019.951  1482.49 
2025 01 26 11 50 45.35  29.993  10.913  0002.09  04.67  08.35  302.9  009.26  26.187  1019.947  1482.49 
2025 01 26 11 50 45.47  29.989  10.913  0002.11  04.64  08.36  302.9  009.26  26.184  1019.945  1482.48 
2025 01 26 11 50 45.60  29.986  10.911  0002.11  04.64  08.36  302.9  009.26  26.182  1019.944  1482.48 
2025 01 26 11 50 45.72  29.984  10.912  0002.13  04.63  08.36  302.9  009.26  26.180  1019.942  1482.48 
2025 01 26 11 50 45.85  29.981  10.911  0002.13  04.68  08.36  302.9  009.26  26.178  1019.941  1482.47 
2025 01 26 11 50 45.97  29.972  10.912  0002.13  04.83  08.36  302.9  009.26  26.168  1019.933  1482.46 
2025 01 26 11 50 46.10  29.962  10.910  0002.12  04.80  08.36  302.9  009.26  26.160  1019.927  1482.45 
2025 01 26 11 50 46.22  29.950  10.909  0002.13  04.69  08.36  302.9  009.26  26.149  1019.919  1482.43 
2025 01 26 11 50 46.35  29.928  10.910  0002.08  04.61  08.36  302.9  009.26  26.127  1019.901  1482.41 
2025 01 26 11 50 46.47  29.913  10.904  0002.08  04.53  08.36  302.9  009.26  26.117  1019.894  1482.37 
2025 01 26 11 50 46.60  29.899  10.902  0002.07  04.71  08.36  302.9  009.26  26.105  1019.885  1482.35 
2025 01 26 11 50 46.72  29.897  10.903  0002.07  04.52  08.36  302.9  009.26  26.102  1019.883  1482.35 
2025 01 26 11 50 46.85  29.907  10.904  0002.06  04.38  08.36  302.9  009.26  26.111  1019.890  1482.37 
2025 01 26 11 50 46.97  29.927  10.908  0002.08  04.53  08.35  302.9  009.26  26.128  1019.902  1482.40 
2025 01 26 11 50 47.10  29.936  10.907  0002.11  04.67  08.37  302.9  009.26  26.137  1019.909  1482.41 
2025 01 26 11 50 47.22  29.947  10.909  0002.12  04.76  08.37  302.9  009.26  26.146  1019.916  1482.43 
2025 01 26 11 50 47.35  29.958  10.914  0002.14  04.74  08.37  302.9  009.26  26.153  1019.921  1482.45 
2025 01 26 11 50 47.47  29.953  10.912  0002.16  04.50  08.36  302.9  009.26  26.150  1019.919  1482.44 
2025 01 26 11 50 47.60  29.951  10.911  0002.17  04.41  08.36  302.9  009.26  26.149  1019.918  1482.44 
2025 01 26 11 50 47.72  29.954  10.910  0002.19  04.38  08.36  302.9  009.26  26.152  1019.921  1482.44 
2025 01 26 11 50 47.85  29.948  10.909  0002.18  04.45  08.36  302.9  009.26  26.147  1019.917  1482.43 
2025 01 26 11 50 47.97  29.944  10.909  0002.18  04.44  08.36  302.9  009.26  26.143  1019.914  1482.42 
2025 01 26 11 50 48.10  29.944  10.908  0002.17  04.45  08.35  302.8  009.26  26.144  1019.915  1482.42 
2025 01 26 11 50 48.22  29.931  10.908  0002.14  04.45  08.35  302.8  009.26  26.132  1019.905  1482.40 
2025 01 26 11 50 48.35  29.913  10.906  0002.10  04.59  08.35  302.8  009.26  26.116  1019.893  1482.38 
2025 01 26 11 50 48.47  29.922  10.909  0002.04  04.60  08.35  302.8  009.26  26.123  1019.898  1482.39 
2025 01 26 11 50 48.60  29.926  10.910  0002.04  04.70  08.36  302.8  009.26  26.126  1019.900  1482.40 
2025 01 26 11 50 48.72  29.925  10.909  0002.02  04.72  08.36  302.8  009.26  26.125  1019.899  1482.40 
2025 01 26 11 50 48.85  29.938  10.910  0002.04  04.77  08.36  302.8  009.26  26.137  1019.909  1482.42 
2025 01 26 11 50 48.97  29.945  10.911  0002.07  04.74  08.36  302.8  009.26  26.143  1019.913  1482.43 
2025 01 26 11 50 49.10  29.910  10.902  0002.09  04.60  08.36  302.8  009.26  26.115  1019.893  1482.36 
2025 01 26 11 50 49.22  29.899  10.902  0002.13  04.57  08.36  302.8  009.26  26.105  1019.885  1482.35 
2025 01 26 11 50 49.35  29.905  10.903  0002.17  04.52  08.36  302.8  009.26  26.110  1019.889  1482.36 
2025 01 26 11 50 49.47  29.911  10.905  0002.17  04.53  08.36  302.8  009.26  26.115  1019.893  1482.37 
2025 01 26 11 50 49.60  29.911  10.905  0002.20  04.44  08.36  302.8  009.26  26.114  1019.892  1482.37 
2025 01 26 11 50 49.72  29.908  10.903  0002.17  04.40  08.36  302.8  009.26  26.113  1019.891  1482.37 
2025 01 26 11 50 49.85  29.891  10.904  0002.16  04.53  08.36  302.8  009.26  26.096  1019.879  1482.35 
2025 01 26 11 50 49.97  29.848  10.900  0002.14  04.52  08.35  302.8  009.26  26.057  1019.849  1482.29 
2025 01 26 11 50 50.10  29.809  10.898  0002.11  04.46  08.36  302.8  009.26  26.022  1019.821  1482.23 
2025 01 26 11 50 50.22  29.794  10.894  0002.07  04.45  08.37  302.8  009.26  26.009  1019.812  1482.21 
2025 01 26 11 50 50.35  29.789  10.894  0002.03  04.54  08.37  302.8  009.26  26.004  1019.808  1482.20 
2025 01 26 11 50 50.47  29.784  10.894  0002.05  04.58  08.37  302.8  009.26  26.000  1019.804  1482.20 
2025 01 26 11 50 50.60  29.792  10.895  0002.03  04.50  08.37  302.8  009.26  26.007  1019.810  1482.21 
2025 01 26 11 50 50.72  29.802  10.895  0002.04  04.51  08.37  302.8  009.26  26.017  1019.817  1482.22 
2025 01 26 11 50 50.85  29.806  10.896  0002.05  04.56  08.37  302.8  009.26  26.020  1019.820  1482.22 
2025 01 26 11 50 50.97  29.805  10.896  0002.08  04.53  08.36  302.8  009.26  26.019  1019.820  1482.22 
2025 01 26 11 50 51.10  29.808  10.895  0002.11  04.41  08.36  303.0  009.26  26.022  1019.822  1482.23 
2025 01 26 11 50 51.22  29.812  10.897  0002.12  04.40  08.36  303.0  009.26  26.024  1019.823  1482.24 
2025 01 26 11 50 51.35  29.811  10.897  0002.12  04.32  08.35  303.0  009.26  26.024  1019.823  1482.23 
2025 01 26 11 50 51.47  29.811  10.896  0002.12  04.18  08.35  303.0  009.26  26.025  1019.824  1482.23 
2025 01 26 11 50 51.60  29.808  10.896  0002.11  04.17  08.35  303.0  009.26  26.022  1019.822  1482.23 
2025 01 26 11 50 51.72  29.802  10.896  0002.11  04.15  08.35  303.0  009.26  26.016  1019.817  1482.22 
2025 01 26 11 50 51.85  29.797  10.894  0002.09  04.01  08.35  303.0  009.26  26.012  1019.814  1482.21 
2025 01 26 11 50 51.97  29.794  10.894  0002.05  03.99  08.36  303.0  009.26  26.009  1019.812  1482.21 
2025 01 26 11 50 52.10  29.796  10.894  0002.02  04.19  08.36  303.0  009.26  26.011  1019.813  1482.21 
2025 01 26 11 50 52.22  29.801  10.895  0002.05  04.29  08.36  303.0  009.26  26.015  1019.817  1482.22 
2025 01 26 11 50 52.35  29.804  10.895  0002.07  04.28  08.36  303.0  009.26  26.018  1019.819  1482.22 
2025 01 26 11 50 52.47  29.802  10.896  0002.09  04.30  08.36  303.0  009.26  26.015  1019.816  1482.22 
2025 01 26 11 50 52.60  29.803  10.896  0002.10  04.64  08.36  303.0  009.26  26.017  1019.818  1482.22 
2025 01 26 11 50 52.72  29.812  10.898  0002.14  04.77  08.36  303.0  009.26  26.024  1019.823  1482.24 
2025 01 26 11 50 52.85  29.819  10.898  0002.16  04.60  08.36  303.0  009.26  26.030  1019.828  1482.25 
2025 01 26 11 50 52.97  29.833  10.899  0002.20  04.47  08.35  303.0  009.26  26.043  1019.838  1482.27 
2025 01 26 11 50 53.10  29.843  10.899  0002.21  04.39  08.36  303.0  009.26  26.053  1019.846  1482.28 
2025 01 26 11 50 53.22  29.843  10.897  0002.21  04.32  08.36  303.0  009.26  26.054  1019.847  1482.27 
2025 01 26 11 50 53.35  29.839  10.898  0002.24  04.34  08.36  303.0  009.26  26.050  1019.844  1482.27 
2025 01 26 11 50 53.47  29.839  10.900  0002.26  04.31  08.36  303.0  009.26  26.048  1019.842  1482.28 
2025 01 26 11 50 53.60  29.839  10.899  0002.29  04.22  08.36  303.0  009.26  26.049  1019.843  1482.28 
2025 01 26 11 50 53.72  29.841  10.900  0002.31  04.25  08.36  303.0  009.26  26.050  1019.844  1482.28 
2025 01 26 11 50 53.85  29.859  10.900  0002.36  04.32  08.36  303.0  009.26  26.067  1019.857  1482.30 
2025 01 26 11 50 53.97  29.905  10.907  0002.38  04.37  08.35  303.0  009.26  26.107  1019.887  1482.38 
2025 01 26 11 50 54.10  29.963  10.911  0002.43  04.52  08.35  302.8  009.26  26.160  1019.928  1482.45 
2025 01 26 11 50 54.22  30.012  10.918  0002.52  04.67  08.35  302.8  009.26  26.203  1019.961  1482.53 
2025 01 26 11 50 54.35  30.108  10.928  0002.59  04.70  08.35  302.8  009.26  26.287  1020.025  1482.67 
2025 01 26 11 50 54.47  30.297  10.946  0002.66  04.65  08.35  302.8  009.26  26.456  1020.154  1482.94 
2025 01 26 11 50 54.60  30.441  10.958  0002.79  04.60  08.35  302.8  009.26  26.586  1020.253  1483.14 
2025 01 26 11 50 54.72  30.520  10.963  0002.91  04.82  08.35  302.8  009.26  26.660  1020.310  1483.25 
2025 01 26 11 50 54.85  30.548  10.965  0003.02  05.12  08.35  302.8  009.26  26.685  1020.330  1483.29 
2025 01 26 11 50 54.97  30.564  10.966  0003.15  05.32  08.35  302.8  009.26  26.700  1020.341  1483.31 
2025 01 26 11 50 55.10  30.574  10.967  0003.28  05.42  08.35  302.8  009.26  26.708  1020.349  1483.33 
2025 01 26 11 50 55.22  30.581  10.967  0003.45  05.70  08.35  302.8  009.26  26.715  1020.354  1483.34 
2025 01 26 11 50 55.35  30.583  10.967  0003.59  05.84  08.35  302.8  009.26  26.717  1020.357  1483.34 
2025 01 26 11 50 55.47  30.586  10.968  0003.75  06.02  08.35  302.8  009.26  26.718  1020.358  1483.35 
2025 01 26 11 50 55.60  30.588  10.967  0003.89  06.26  08.35  302.8  009.26  26.722  1020.362  1483.35 
2025 01 26 11 50 55.72  30.592  10.966  0004.09  06.33  08.35  302.8  009.26  26.726  1020.366  1483.36 
2025 01 26 11 50 55.85  30.597  10.962  0004.27  06.86  08.35  302.8  009.26  26.734  1020.374  1483.36 
2025 01 26 11 50 55.97  30.601  10.960  0004.46  07.12  08.34  302.8  009.26  26.738  1020.378  1483.36 
2025 01 26 11 50 56.10  30.608  10.959  0004.65  07.41  08.36  302.8  009.26  26.746  1020.386  1483.37 
2025 01 26 11 50 56.22  30.621  10.959  0004.79  07.82  08.36  302.8  009.26  26.758  1020.396  1483.38 
2025 01 26 11 50 56.35  30.636  10.963  0004.96  08.20  08.36  302.8  009.26  26.771  1020.405  1483.42 
2025 01 26 11 50 56.47  30.647  10.963  0005.16  08.61  08.36  302.8  009.26  26.781  1020.414  1483.43 
2025 01 26 11 50 56.60  30.651  10.962  0005.32  08.92  08.36  302.8  009.26  26.785  1020.418  1483.44 
2025 01 26 11 50 56.72  30.654  10.962  0005.51  09.27  08.36  302.8  009.26  26.788  1020.422  1483.44 
2025 01 26 11 50 56.85  30.656  10.962  0005.69  09.71  08.35  302.8  009.26  26.790  1020.423  1483.45 
2025 01 26 11 50 56.97  30.668  10.962  0005.86  10.05  08.35  302.8  009.26  26.802  1020.434  1483.47 
2025 01 26 11 50 57.10  30.687  10.963  0006.05  10.25  08.35  302.4  009.26  26.820  1020.449  1483.49 
2025 01 26 11 50 57.22  30.710  10.959  0006.24  10.34  08.36  302.4  009.26  26.844  1020.469  1483.51 
2025 01 26 11 50 57.35  30.755  10.950  0006.43  10.80  08.36  302.4  009.26  26.894  1020.510  1483.54 
2025 01 26 11 50 57.47  30.830  10.945  0006.62  11.12  08.36  302.4  009.26  26.970  1020.570  1483.62 
2025 01 26 11 50 57.60  30.918  10.939  0006.81  11.13  08.36  302.4  009.26  27.060  1020.642  1483.71 
2025 01 26 11 50 57.72  30.967  10.924  0006.98  11.18  08.36  302.4  009.26  27.118  1020.690  1483.72 
2025 01 26 11 50 57.85  30.998  10.915  0007.14  10.99  08.35  302.4  009.26  27.155  1020.721  1483.74 
2025 01 26 11 50 57.97  31.019  10.911  0007.35  10.57  08.35  302.4  009.26  27.178  1020.741  1483.76 
2025 01 26 11 50 58.10  31.051  10.901  0007.56  10.36  08.35  302.4  009.26  27.217  1020.774  1483.77 
2025 01 26 11 50 58.22  31.099  10.868  0007.76  10.37  08.35  302.4  009.26  27.287  1020.834  1483.74 
2025 01 26 11 50 58.35  31.171  10.808  0007.92  10.40  08.35  302.4  009.26  27.402  1020.934  1483.67 
2025 01 26 11 50 58.47  31.209  10.758  0008.10  10.43  08.35  302.4  009.26  27.475  1021.000  1483.58 
2025 01 26 11 50 58.60  31.225  10.746  0008.28  10.08  08.34  302.4  009.26  27.500  1021.022  1483.57 
2025 01 26 11 50 58.72  31.233  10.743  0008.47  09.56  08.34  302.4  009.26  27.511  1021.032  1483.57 
2025 01 26 11 50 58.85  31.242  10.744  0008.67  08.80  08.34  302.4  009.26  27.519  1021.039  1483.59 
2025 01 26 11 50 58.97  31.249  10.742  0008.86  08.38  08.33  302.4  009.26  27.527  1021.046  1483.59 
2025 01 26 11 50 59.10  31.268  10.734  0009.02  07.74  08.37  302.4  009.26  27.551  1021.068  1483.60 
2025 01 26 11 50 59.22  31.325  10.691  0009.22  07.52  08.36  302.4  009.26  27.639  1021.144  1483.55 
2025 01 26 11 50 59.35  31.370  10.631  0009.39  07.29  08.36  302.4  009.26  27.729  1021.224  1483.44 
2025 01 26 11 50 59.47  31.378  10.611  0009.61  06.95  08.35  302.4  009.26  27.752  1021.246  1483.40 
2025 01 26 11 50 59.60  31.385  10.605  0009.76  06.47  08.35  302.4  009.26  27.763  1021.256  1483.40 
2025 01 26 11 50 59.72  31.385  10.605  0009.95  06.07  08.34  302.4  009.26  27.763  1021.257  1483.40 
2025 01 26 11 50 59.85  31.387  10.603  0010.14  05.81  08.34  302.4  009.26  27.766  1021.260  1483.40 
2025 01 26 11 50 59.97  31.388  10.599  0010.35  05.77  08.33  302.4  009.26  27.769  1021.265  1483.39 
2025 01 26 11 51 00.10  31.399  10.593  0010.54  05.72  08.33  301.5  009.26  27.785  1021.279  1483.39 
2025 01 26 11 51 00.22  31.421  10.588  0010.71  05.57  08.33  301.5  009.26  27.810  1021.300  1483.41 
2025 01 26 11 51 00.35  31.438  10.585  0010.92  05.35  08.33  301.5  009.26  27.829  1021.316  1483.42 
2025 01 26 11 51 00.47  31.454  10.572  0011.07  05.08  08.32  301.5  009.26  27.854  1021.339  1483.41 
2025 01 26 11 51 00.60  31.467  10.545  0011.28  04.82  08.32  301.5  009.26  27.888  1021.370  1483.36 
2025 01 26 11 51 00.72  31.485  10.527  0011.48  04.67  08.32  301.5  009.26  27.919  1021.398  1483.33 
2025 01 26 11 51 00.85  31.499  10.504  0011.66  04.51  08.31  301.5  009.26  27.951  1021.427  1483.29 
2025 01 26 11 51 00.97  31.503  10.478  0011.85  04.54  08.32  301.5  009.26  27.974  1021.451  1483.23 
2025 01 26 11 51 01.10  31.508  10.470  0012.02  04.51  08.32  301.5  009.26  27.985  1021.461  1483.21 
2025 01 26 11 51 01.22  31.512  10.469  0012.23  04.41  08.32  301.5  009.26  27.990  1021.466  1483.22 
2025 01 26 11 51 01.35  31.527  10.472  0012.43  04.50  08.31  301.5  009.26  28.002  1021.476  1483.25 
2025 01 26 11 51 01.47  31.572  10.455  0012.61  04.40  08.32  301.5  009.26  28.059  1021.523  1483.26 
2025 01 26 11 51 01.60  31.596  10.437  0012.81  04.36  08.32  301.5  009.26  28.097  1021.557  1483.24 
2025 01 26 11 51 01.72  31.607  10.431  0013.02  04.24  08.32  301.5  009.26  28.112  1021.571  1483.24 
2025 01 26 11 51 01.85  31.619  10.425  0013.18  04.31  08.32  301.5  009.26  28.128  1021.585  1483.24 
2025 01 26 11 51 01.97  31.631  10.413  0013.38  04.28  08.31  301.5  009.26  28.150  1021.605  1483.23 
2025 01 26 11 51 02.10  31.644  10.403  0013.57  04.17  08.32  301.5  009.26  28.170  1021.623  1483.22 
2025 01 26 11 51 02.22  31.655  10.400  0013.73  04.10  08.32  301.5  009.26  28.184  1021.635  1483.23 
2025 01 26 11 51 02.35  31.671  10.404  0013.95  04.05  08.32  301.5  009.26  28.196  1021.644  1483.26 
2025 01 26 11 51 02.47  31.687  10.408  0014.10  04.13  08.32  301.5  009.26  28.208  1021.654  1483.29 
2025 01 26 11 51 02.60  31.690  10.409  0014.31  04.11  08.33  301.5  009.26  28.211  1021.657  1483.30 
2025 01 26 11 51 02.72  31.697  10.412  0014.49  04.02  08.33  301.5  009.26  28.215  1021.660  1483.32 
2025 01 26 11 51 02.85  31.713  10.424  0014.70  03.90  08.32  301.5  009.26  28.221  1021.664  1483.38 
2025 01 26 11 51 02.97  31.732  10.430  0014.90  03.93  08.32  301.5  009.26  28.235  1021.675  1483.42 
2025 01 26 11 51 03.10  31.766  10.447  0015.11  03.97  08.32  299.6  009.26  28.255  1021.689  1483.51 
2025 01 26 11 51 03.22  31.804  10.453  0015.24  03.78  08.32  299.6  009.26  28.288  1021.714  1483.57 
2025 01 26 11 51 03.35  31.812  10.452  0015.47  03.74  08.32  299.6  009.26  28.296  1021.722  1483.58 
2025 01 26 11 51 03.47  31.817  10.450  0015.66  03.77  08.32  299.6  009.26  28.303  1021.728  1483.58 
2025 01 26 11 51 03.60  31.823  10.448  0015.84  03.73  08.33  299.6  009.26  28.311  1021.735  1483.59 
2025 01 26 11 51 03.72  31.831  10.450  0016.06  03.63  08.33  299.6  009.26  28.317  1021.741  1483.61 
2025 01 26 11 51 03.85  31.839  10.447  0016.22  03.63  08.33  299.6  009.26  28.327  1021.750  1483.61 
2025 01 26 11 51 03.97  31.843  10.442  0016.39  03.59  08.33  299.6  009.26  28.334  1021.757  1483.61 
2025 01 26 11 51 04.10  31.826  10.393  0016.60  03.62  08.33  299.6  009.26  28.356  1021.783  1483.46 
2025 01 26 11 51 04.22  31.827  10.334  0016.78  03.56  08.33  299.6  009.26  28.403  1021.830  1483.30 
2025 01 26 11 51 04.35  31.861  10.289  0016.96  03.49  08.33  299.6  009.26  28.472  1021.892  1483.23 
2025 01 26 11 51 04.47  31.874  10.275  0017.16  03.42  08.33  299.6  009.26  28.495  1021.913  1483.21 
2025 01 26 11 51 04.60  31.882  10.266  0017.32  03.46  08.32  299.6  009.26  28.510  1021.926  1483.20 
2025 01 26 11 51 04.72  31.892  10.255  0017.50  03.52  08.32  299.6  009.26  28.529  1021.943  1483.18 
2025 01 26 11 51 04.85  31.907  10.234  0017.71  03.37  08.32  299.6  009.26  28.559  1021.972  1483.15 
2025 01 26 11 51 04.97  31.920  10.212  0017.88  03.32  08.32  299.6  009.26  28.590  1022.000  1483.10 
2025 01 26 11 51 05.10  31.941  10.188  0018.05  03.21  08.33  299.6  009.26  28.629  1022.035  1483.07 
2025 01 26 11 51 05.22  31.957  10.171  0018.24  03.31  08.33  299.6  009.26  28.659  1022.062  1483.04 
2025 01 26 11 51 05.35  31.978  10.147  0018.40  03.60  08.33  299.6  009.26  28.699  1022.097  1483.01 
2025 01 26 11 51 05.47  31.990  10.139  0018.58  03.48  08.33  299.6  009.26  28.716  1022.113  1483.00 
2025 01 26 11 51 05.60  32.001  10.108  0018.76  03.32  08.33  299.6  009.26  28.752  1022.147  1482.93 
2025 01 26 11 51 05.72  32.021  10.073  0018.96  03.14  08.32  299.6  009.26  28.800  1022.191  1482.87 
2025 01 26 11 51 05.85  32.043  10.053  0019.11  03.00  08.32  299.6  009.26  28.837  1022.223  1482.84 
2025 01 26 11 51 05.97  32.070  10.028  0019.26  02.91  08.32  299.6  009.26  28.884  1022.265  1482.81 
2025 01 26 11 51 06.10  32.107  10.003  0019.44  02.97  08.31  298.6  009.26  28.940  1022.313  1482.79 
2025 01 26 11 51 06.22  32.124  09.994  0019.61  03.04  08.31  298.6  009.26  28.965  1022.335  1482.79 
2025 01 26 11 51 06.35  32.136  09.988  0019.80  02.99  08.31  298.6  009.26  28.982  1022.349  1482.79 
2025 01 26 11 51 06.47  32.148  09.984  0019.96  03.00  08.31  298.6  009.26  28.997  1022.363  1482.80 
2025 01 26 11 51 06.60  32.148  09.965  0020.12  02.90  08.31  298.6  009.26  29.012  1022.378  1482.75 
2025 01 26 11 51 06.72  32.147  09.956  0020.28  02.82  08.31  298.6  009.26  29.019  1022.385  1482.73 
2025 01 26 11 51 06.85  32.146  09.948  0020.46  02.76  08.31  298.6  009.26  29.024  1022.392  1482.71 
2025 01 26 11 51 06.97  32.143  09.944  0020.63  02.90  08.31  298.6  009.26  29.024  1022.393  1482.70 
2025 01 26 11 51 07.10  32.142  09.944  0020.82  02.88  08.31  298.6  009.26  29.023  1022.393  1482.70 
2025 01 26 11 51 07.22  32.142  09.942  0020.99  02.86  08.31  298.6  009.26  29.024  1022.395  1482.70 
2025 01 26 11 51 07.35  32.136  09.928  0021.15  02.84  08.31  298.6  009.26  29.030  1022.403  1482.65 
2025 01 26 11 51 07.47  32.108  09.827  0021.34  02.68  08.31  298.6  009.26  29.082  1022.460  1482.35 
2025 01 26 11 51 07.60  32.082  09.740  0021.50  02.56  08.31  298.6  009.26  29.126  1022.509  1482.09 
2025 01 26 11 51 07.72  32.062  09.700  0021.66  02.45  08.31  298.6  009.26  29.139  1022.526  1481.96 
2025 01 26 11 51 07.85  32.046  09.670  0021.83  02.40  08.31  298.6  009.26  29.147  1022.538  1481.86 
2025 01 26 11 51 07.97  32.048  09.667  0022.01  02.34  08.30  298.6  009.26  29.151  1022.542  1481.86 
2025 01 26 11 51 08.10  32.057  09.665  0022.14  02.25  08.31  298.6  009.26  29.163  1022.552  1481.86 
2025 01 26 11 51 08.22  32.060  09.652  0022.32  02.11  08.31  298.6  009.26  29.175  1022.564  1481.84 
2025 01 26 11 51 08.35  32.060  09.643  0022.49  02.11  08.31  298.6  009.26  29.182  1022.572  1481.82 
2025 01 26 11 51 08.47  32.060  09.637  0022.69  02.17  08.30  298.6  009.26  29.187  1022.578  1481.80 
2025 01 26 11 51 08.60  32.062  09.619  0022.85  02.15  08.30  298.6  009.26  29.204  1022.595  1481.76 
2025 01 26 11 51 08.72  32.068  09.599  0022.98  02.10  08.30  298.6  009.26  29.226  1022.615  1481.71 
2025 01 26 11 51 08.85  32.072  09.589  0023.17  02.10  08.30  298.6  009.26  29.238  1022.627  1481.69 
2025 01 26 11 51 08.97  32.074  09.538  0023.34  02.12  08.30  298.6  009.26  29.281  1022.670  1481.56 
2025 01 26 11 51 09.10  32.080  09.502  0023.54  02.10  08.29  297.7  009.26  29.317  1022.704  1481.48 
2025 01 26 11 51 09.22  32.084  09.489  0023.72  02.03  08.29  297.7  009.26  29.332  1022.719  1481.45 
2025 01 26 11 51 09.35  32.087  09.480  0023.90  01.97  08.29  297.7  009.26  29.342  1022.728  1481.43 
2025 01 26 11 51 09.47  32.088  09.475  0024.05  01.95  08.29  297.7  009.26  29.348  1022.734  1481.42 
2025 01 26 11 51 09.60  32.091  09.465  0024.24  01.96  08.29  297.7  009.26  29.358  1022.745  1481.40 
2025 01 26 11 51 09.72  32.091  09.451  0024.42  01.93  08.29  297.7  009.26  29.370  1022.757  1481.36 
2025 01 26 11 51 09.85  32.095  09.422  0024.58  01.87  08.29  297.7  009.26  29.397  1022.783  1481.29 
2025 01 26 11 51 09.97  32.098  09.386  0024.75  01.85  08.29  297.7  009.26  29.430  1022.815  1481.20 
2025 01 26 11 51 10.10  32.098  09.373  0024.90  01.85  08.29  297.7  009.26  29.440  1022.826  1481.17 
2025 01 26 11 51 10.22  32.099  09.351  0025.11  01.86  08.29  297.7  009.26  29.459  1022.845  1481.12 
2025 01 26 11 51 10.35  32.100  09.293  0025.28  01.80  08.29  297.7  009.26  29.508  1022.893  1480.96 
2025 01 26 11 51 10.47  32.100  09.249  0025.45  01.80  08.29  297.7  009.26  29.545  1022.929  1480.85 
2025 01 26 11 51 10.60  32.103  09.220  0025.66  01.72  08.28  297.7  009.26  29.571  1022.955  1480.77 
2025 01 26 11 51 10.72  32.105  09.177  0025.82  01.71  08.28  297.7  009.26  29.609  1022.992  1480.66 
2025 01 26 11 51 10.85  32.103  09.137  0025.98  01.65  08.28  297.7  009.26  29.640  1023.023  1480.55 
2025 01 26 11 51 10.97  32.100  09.101  0026.15  01.59  08.27  297.7  009.26  29.668  1023.051  1480.46 
2025 01 26 11 51 11.10  32.099  09.068  0026.33  01.59  08.28  297.7  009.26  29.694  1023.077  1480.37 
2025 01 26 11 51 11.22  32.099  09.057  0026.50  01.59  08.28  297.7  009.26  29.703  1023.086  1480.34 
2025 01 26 11 51 11.35  32.100  09.049  0026.66  01.59  08.28  297.7  009.26  29.711  1023.094  1480.32 
2025 01 26 11 51 11.47  32.098  09.034  0026.81  01.57  08.28  297.7  009.26  29.720  1023.104  1480.28 
2025 01 26 11 51 11.60  32.095  09.022  0027.02  01.57  08.28  297.7  009.26  29.727  1023.113  1480.25 
2025 01 26 11 51 11.72  32.093  09.009  0027.18  01.60  08.27  297.7  009.26  29.736  1023.123  1480.21 
2025 01 26 11 51 11.85  32.092  08.993  0027.39  01.56  08.27  297.7  009.26  29.749  1023.136  1480.17 
2025 01 26 11 51 11.97  32.091  08.989  0027.54  01.51  08.27  297.7  009.26  29.751  1023.139  1480.17 
2025 01 26 11 51 12.10  32.091  08.969  0027.70  01.55  08.27  294.3  009.26  29.767  1023.155  1480.11 
2025 01 26 11 51 12.22  32.095  08.965  0027.87  01.54  08.27  294.3  009.26  29.774  1023.162  1480.11 
2025 01 26 11 51 12.35  32.096  08.953  0028.05  01.45  08.26  294.3  009.26  29.786  1023.174  1480.08 
2025 01 26 11 51 12.47  32.096  08.941  0028.23  01.48  08.26  294.3  009.26  29.796  1023.184  1480.05 
2025 01 26 11 51 12.60  32.095  08.930  0028.44  01.57  08.26  294.3  009.26  29.803  1023.193  1480.02 
2025 01 26 11 51 12.72  32.085  08.867  0028.62  01.57  08.26  294.3  009.26  29.846  1023.236  1479.84 
2025 01 26 11 51 12.85  32.072  08.826  0028.75  01.50  08.26  294.3  009.26  29.867  1023.259  1479.72 
2025 01 26 11 51 12.97  32.069  08.798  0028.94  01.45  08.26  294.3  009.26  29.888  1023.281  1479.64 
2025 01 26 11 51 13.10  32.065  08.743  0029.12  01.38  08.26  294.3  009.26  29.930  1023.323  1479.49 
2025 01 26 11 51 13.22  32.052  08.618  0029.33  01.35  08.26  294.3  009.26  30.023  1023.414  1479.13 
2025 01 26 11 51 13.35  32.047  08.575  0029.47  01.31  08.26  294.3  009.26  30.053  1023.445  1479.01 
2025 01 26 11 51 13.47  32.049  08.515  0029.66  01.28  08.25  294.3  009.26  30.107  1023.497  1478.85 
2025 01 26 11 51 13.60  32.056  08.504  0029.65  01.29  08.25  294.3  009.26  30.123  1023.511  1478.83 
2025 01 26 11 51 13.72  32.058  08.522  0029.73  01.28  08.27  294.3  009.26  30.110  1023.498  1478.89 
2025 01 26 11 51 13.85  32.057  08.518  0029.75  01.23  08.26  294.3  009.26  30.113  1023.501  1478.87 
2025 01 26 11 51 13.97  32.059  08.521  0029.73  01.21  08.25  294.3  009.26  30.112  1023.500  1478.88 
2025 01 26 11 51 14.10  32.061  08.519  0029.73  01.24  08.25  294.3  009.26  30.116  1023.504  1478.88 
2025 01 26 11 51 14.22  32.064  08.516  0029.71  01.22  08.25  294.3  009.26  30.122  1023.508  1478.88 
2025 01 26 11 51 14.35  32.065  08.523  0029.72  01.22  08.25  294.3  009.26  30.116  1023.503  1478.90 
2025 01 26 11 51 14.47  32.063  08.543  0029.75  01.27  08.25  294.3  009.26  30.097  1023.486  1478.95 
2025 01 26 11 51 14.60  32.061  08.583  0029.71  01.32  08.25  294.3  009.26  30.061  1023.451  1479.05 
2025 01 26 11 51 14.72  32.061  08.619  0029.74  01.41  08.25  294.3  009.26  30.031  1023.423  1479.15 
2025 01 26 11 51 14.85  32.060  08.629  0029.73  01.45  08.25  294.3  009.26  30.022  1023.414  1479.18 
2025 01 26 11 51 14.97  32.060  08.634  0029.73  01.42  08.25  294.3  009.26  30.017  1023.410  1479.19 
2025 01 26 11 51 15.10  32.060  08.635  0029.73  01.50  08.24  295.3  009.26  30.015  1023.408  1479.20 
2025 01 26 11 51 15.22  32.059  08.635  0029.74  01.62  08.24  295.3  009.26  30.014  1023.407  1479.20 
2025 01 26 11 51 15.35  32.059  08.641  0029.74  02.05  08.24  295.3  009.26  30.010  1023.403  1479.21 
2025 01 26 11 51 15.47  32.060  08.646  0029.72  02.54  08.24  295.3  009.26  30.006  1023.399  1479.22 
2025 01 26 11 51 15.60  32.059  08.649  0029.73  02.81  08.24  295.3  009.26  30.003  1023.396  1479.23 
2025 01 26 11 51 15.72  32.060  08.660  0029.73  02.76  08.24  295.3  009.26  29.995  1023.388  1479.26 
2025 01 26 11 51 15.85  32.060  08.665  0029.73  02.72  08.24  295.3  009.26  29.991  1023.384  1479.28 
2025 01 26 11 51 15.97  32.061  08.680  0029.73  04.58  08.24  295.3  009.26  29.979  1023.373  1479.32 
2025 01 26 11 51 16.10  32.063  08.684  0029.70  08.05  08.24  295.3  009.26  29.977  1023.371  1479.33 
2025 01 26 11 51 16.22  32.063  08.692  0029.72  09.25  08.24  295.3  009.26  29.971  1023.365  1479.35 
2025 01 26 11 51 16.35  32.064  08.697  0029.72  07.71  08.24  295.3  009.26  29.968  1023.362  1479.37 
2025 01 26 11 51 16.47  32.065  08.698  0029.73  05.81  08.24  295.3  009.26  29.968  1023.362  1479.37 
2025 01 26 11 51 16.60  32.064  08.699  0029.72  03.99  08.24  295.3  009.26  29.965  1023.359  1479.38 
2025 01 26 11 51 16.72  32.060  08.692  0029.71  02.90  08.24  295.3  009.26  29.968  1023.363  1479.35 
2025 01 26 11 51 16.85  32.059  08.671  0029.70  02.22  08.24  295.3  009.26  29.984  1023.378  1479.29 
2025 01 26 11 51 16.97  32.059  08.663  0029.71  01.86  08.23  295.3  009.26  29.991  1023.385  1479.27 
2025 01 26 11 51 17.10  32.060  08.675  0029.70  01.80  08.24  295.3  009.26  29.982  1023.376  1479.30 
2025 01 26 11 51 17.22  32.060  08.676  0029.68  01.80  08.24  295.3  009.26  29.981  1023.375  1479.31 
2025 01 26 11 51 17.35  32.060  08.668  0029.68  01.96  08.24  295.3  009.26  29.988  1023.381  1479.28 
2025 01 26 11 51 17.47  32.060  08.666  0029.67  02.03  08.24  295.3  009.26  29.989  1023.382  1479.28 
2025 01 26 11 51 17.60  32.059  08.664  0029.66  02.08  08.24  295.3  009.26  29.990  1023.384  1479.27 
2025 01 26 11 51 17.72  32.059  08.665  0029.67  02.14  08.24  295.3  009.26  29.989  1023.383  1479.28 
2025 01 26 11 51 17.85  32.059  08.662  0029.66  02.14  08.24  295.3  009.26  29.992  1023.385  1479.27 
2025 01 26 11 51 17.97  32.059  08.659  0029.65  02.09  08.24  295.3  009.26  29.994  1023.388  1479.26 
2025 01 26 11 51 18.10  32.058  08.664  0029.64  02.06  08.24  293.6  009.26  29.989  1023.383  1479.27 
2025 01 26 11 51 18.22  32.061  08.667  0029.65  02.00  08.24  293.6  009.26  29.990  1023.383  1479.28 
2025 01 26 11 51 18.35  32.066  08.672  0029.64  01.86  08.24  293.6  009.26  29.991  1023.383  1479.30 
2025 01 26 11 51 18.47  32.072  08.719  0029.60  01.80  08.24  293.6  009.26  29.957  1023.349  1479.44 
2025 01 26 11 51 18.60  32.074  08.730  0029.56  01.81  08.24  293.6  009.26  29.950  1023.342  1479.47 
2025 01 26 11 51 18.72  32.080  08.733  0029.51  01.89  08.24  293.6  009.26  29.954  1023.345  1479.48 
2025 01 26 11 51 18.85  32.082  08.744  0029.49  02.19  08.24  293.6  009.26  29.946  1023.337  1479.52 
2025 01 26 11 51 18.97  32.079  08.742  0029.43  02.14  08.24  293.6  009.26  29.946  1023.337  1479.51 
2025 01 26 11 51 19.10  32.078  08.741  0029.41  01.97  08.24  293.6  009.26  29.945  1023.336  1479.50 
2025 01 26 11 51 19.22  32.078  08.728  0029.39  01.81  08.24  293.6  009.26  29.955  1023.346  1479.47 
2025 01 26 11 51 19.35  32.077  08.720  0029.35  01.70  08.24  293.6  009.26  29.962  1023.352  1479.44 
2025 01 26 11 51 19.47  32.076  08.720  0029.34  01.79  08.24  293.6  009.26  29.961  1023.351  1479.44 
2025 01 26 11 51 19.60  32.068  08.620  0029.31  01.70  08.24  293.6  009.26  30.037  1023.425  1479.16 
2025 01 26 11 51 19.72  32.067  08.611  0029.30  01.66  08.24  293.6  009.26  30.044  1023.432  1479.13 
2025 01 26 11 51 19.85  32.067  08.617  0029.25  01.72  08.24  293.6  009.26  30.038  1023.427  1479.15 
2025 01 26 11 51 19.97  32.062  08.581  0029.18  01.71  08.23  293.6  009.26  30.064  1023.451  1479.04 
2025 01 26 11 51 20.10  32.060  08.583  0029.12  01.64  08.24  293.6  009.26  30.060  1023.448  1479.04 
2025 01 26 11 51 20.22  32.059  08.584  0029.06  01.61  08.24  293.6  009.26  30.058  1023.446  1479.05 
2025 01 26 11 51 20.35  32.059  08.592  0029.00  01.54  08.24  293.6  009.26  30.052  1023.440  1479.06 
2025 01 26 11 51 20.47  32.058  08.605  0028.95  01.51  08.24  293.6  009.26  30.040  1023.428  1479.10 
2025 01 26 11 51 20.60  32.056  08.633  0028.90  01.41  08.24  293.6  009.26  30.014  1023.404  1479.17 
2025 01 26 11 51 20.72  32.060  08.631  0028.88  01.35  08.24  293.6  009.26  30.019  1023.408  1479.17 
2025 01 26 11 51 20.85  32.059  08.623  0028.88  01.37  08.24  293.6  009.26  30.025  1023.413  1479.15 
2025 01 26 11 51 20.97  32.056  08.612  0028.87  01.36  08.24  293.6  009.26  30.031  1023.419  1479.11 
2025 01 26 11 51 21.10  32.058  08.642  0028.85  01.33  08.23  292.0  009.26  30.008  1023.398  1479.20 
2025 01 26 11 51 21.22  32.060  08.704  0028.81  01.36  08.23  292.0  009.26  29.958  1023.349  1479.37 
2025 01 26 11 51 21.35  32.065  08.751  0028.73  01.34  08.23  292.0  009.26  29.923  1023.314  1479.50 
2025 01 26 11 51 21.47  32.068  08.764  0028.68  01.35  08.23  292.0  009.26  29.915  1023.306  1479.54 
2025 01 26 11 51 21.60  32.071  08.787  0028.61  01.36  08.23  292.0  009.26  29.899  1023.290  1479.61 
2025 01 26 11 51 21.72  32.072  08.814  0028.55  01.35  08.24  292.0  009.26  29.878  1023.269  1479.68 
2025 01 26 11 51 21.85  32.072  08.816  0028.47  01.29  08.23  292.0  009.26  29.876  1023.266  1479.68 
2025 01 26 11 51 21.97  32.070  08.814  0028.44  01.29  08.24  292.0  009.26  29.875  1023.266  1479.68 
2025 01 26 11 51 22.10  32.069  08.802  0028.43  01.38  08.24  292.0  009.26  29.885  1023.275  1479.64 
2025 01 26 11 51 22.22  32.068  08.783  0028.42  01.45  08.24  292.0  009.26  29.900  1023.290  1479.59 
2025 01 26 11 51 22.35  32.070  08.793  0028.42  01.47  08.24  292.0  009.26  29.893  1023.283  1479.62 
2025 01 26 11 51 22.47  32.071  08.803  0028.41  01.45  08.24  292.0  009.26  29.886  1023.276  1479.65 
2025 01 26 11 51 22.60  32.071  08.807  0028.39  01.56  08.24  292.0  009.26  29.882  1023.272  1479.66 
2025 01 26 11 51 22.72  32.069  08.813  0028.36  01.66  08.24  292.0  009.26  29.876  1023.266  1479.67 
2025 01 26 11 51 22.85  32.069  08.813  0028.33  01.59  08.24  292.0  009.26  29.876  1023.266  1479.67 
2025 01 26 11 51 22.97  32.069  08.812  0028.28  01.53  08.23  292.0  009.26  29.876  1023.267  1479.67 
2025 01 26 11 51 23.10  32.068  08.811  0028.22  01.45  08.24  292.0  009.26  29.877  1023.267  1479.66 
2025 01 26 11 51 23.22  32.070  08.808  0028.16  01.41  08.24  292.0  009.26  29.881  1023.270  1479.65 
2025 01 26 11 51 23.35  32.071  08.805  0028.09  01.40  08.24  292.0  009.26  29.884  1023.273  1479.65 
2025 01 26 11 51 23.47  32.072  08.803  0028.04  01.35  08.24  292.0  009.26  29.887  1023.275  1479.64 
2025 01 26 11 51 23.60  32.071  08.804  0027.99  01.38  08.24  292.0  009.26  29.885  1023.274  1479.64 
2025 01 26 11 51 23.72  32.070  08.803  0027.94  01.46  08.24  292.0  009.26  29.885  1023.273  1479.64 
2025 01 26 11 51 23.85  32.072  08.808  0027.89  01.42  08.24  292.0  009.26  29.883  1023.270  1479.65 
2025 01 26 11 51 23.97  32.073  08.814  0027.82  01.36  08.24  292.0  009.26  29.879  1023.266  1479.67 
2025 01 26 11 51 24.10  32.075  08.837  0027.78  01.32  08.24  291.0  009.26  29.862  1023.249  1479.74 
2025 01 26 11 51 24.22  32.079  08.839  0027.75  01.35  08.24  291.0  009.26  29.864  1023.250  1479.74 
2025 01 26 11 51 24.35  32.077  08.829  0027.70  01.35  08.24  291.0  009.26  29.870  1023.257  1479.71 
2025 01 26 11 51 24.47  32.083  08.867  0027.66  01.35  08.24  291.0  009.26  29.844  1023.230  1479.82 
2025 01 26 11 51 24.60  32.087  08.903  0027.59  01.40  08.24  291.0  009.26  29.819  1023.205  1479.93 
2025 01 26 11 51 24.72  32.090  08.917  0027.56  01.42  08.24  291.0  009.26  29.810  1023.196  1479.97 
2025 01 26 11 51 24.85  32.091  08.922  0027.53  01.58  08.24  291.0  009.26  29.806  1023.192  1479.98 
2025 01 26 11 51 24.97  32.091  08.925  0027.46  01.55  08.24  291.0  009.26  29.804  1023.189  1479.99 
2025 01 26 11 51 25.10  32.093  08.936  0027.43  01.52  08.24  291.0  009.26  29.797  1023.182  1480.02 
2025 01 26 11 51 25.22  32.096  08.952  0027.39  01.49  08.24  291.0  009.26  29.787  1023.171  1480.07 
2025 01 26 11 51 25.35  32.095  08.958  0027.33  01.48  08.24  291.0  009.26  29.782  1023.167  1480.08 
2025 01 26 11 51 25.47  32.094  08.951  0027.31  01.44  08.24  291.0  009.26  29.786  1023.171  1480.06 
2025 01 26 11 51 25.60  32.094  08.953  0027.25  01.41  08.24  291.0  009.26  29.784  1023.168  1480.07 
2025 01 26 11 51 25.72  32.094  08.953  0027.22  01.38  08.24  291.0  009.26  29.783  1023.168  1480.07 
2025 01 26 11 51 25.85  32.098  08.975  0027.18  01.39  08.24  291.0  009.26  29.769  1023.153  1480.13 
2025 01 26 11 51 25.97  32.098  08.975  0027.15  01.43  08.23  291.0  009.26  29.770  1023.154  1480.13 
2025 01 26 11 51 26.10  32.097  08.973  0027.13  01.48  08.24  291.0  009.26  29.770  1023.155  1480.12 
2025 01 26 11 51 26.22  32.097  08.964  0027.10  01.56  08.25  291.0  009.26  29.778  1023.161  1480.10 
2025 01 26 11 51 26.35  32.098  08.965  0027.08  01.49  08.25  291.0  009.26  29.778  1023.161  1480.10 
2025 01 26 11 51 26.47  32.099  08.972  0027.05  01.49  08.25  291.0  009.26  29.773  1023.156  1480.12 
2025 01 26 11 51 26.60  32.099  08.991  0027.01  01.52  08.25  291.0  009.26  29.758  1023.142  1480.17 
2025 01 26 11 51 26.72  32.099  08.992  0026.97  01.55  08.25  291.0  009.26  29.756  1023.139  1480.17 
2025 01 26 11 51 26.85  32.098  08.995  0026.93  01.59  08.24  291.0  009.26  29.753  1023.137  1480.18 
2025 01 26 11 51 26.97  32.099  08.995  0026.88  01.55  08.24  291.0  009.26  29.754  1023.137  1480.18 
2025 01 26 11 51 27.10  32.099  08.995  0026.83  01.59  08.24  289.4  009.26  29.754  1023.137  1480.18 
2025 01 26 11 51 27.22  32.100  08.998  0026.80  01.57  08.24  289.4  009.26  29.753  1023.135  1480.19 
2025 01 26 11 51 27.35  32.100  08.996  0026.77  01.54  08.24  289.4  009.26  29.755  1023.137  1480.18 
2025 01 26 11 51 27.47  32.099  08.991  0026.76  01.57  08.24  289.4  009.26  29.757  1023.140  1480.17 
2025 01 26 11 51 27.60  32.099  08.991  0026.74  01.58  08.24  289.4  009.26  29.757  1023.140  1480.17 
2025 01 26 11 51 27.72  32.099  08.997  0026.70  01.46  08.24  289.4  009.26  29.753  1023.135  1480.18 
2025 01 26 11 51 27.85  32.099  09.009  0026.63  01.44  08.24  289.4  009.26  29.742  1023.125  1480.21 
2025 01 26 11 51 27.97  32.098  09.018  0026.60  01.42  08.24  289.4  009.26  29.734  1023.117  1480.24 
2025 01 26 11 51 28.10  32.097  09.020  0026.57  01.47  08.24  289.4  009.26  29.731  1023.114  1480.24 
2025 01 26 11 51 28.22  32.098  09.018  0026.53  01.50  08.24  289.4  009.26  29.734  1023.117  1480.23 
2025 01 26 11 51 28.35  32.098  09.014  0026.49  01.59  08.24  289.4  009.26  29.737  1023.120  1480.22 
2025 01 26 11 51 28.47  32.096  09.021  0026.45  01.82  08.24  289.4  009.26  29.729  1023.112  1480.24 
2025 01 26 11 51 28.60  32.095  09.026  0026.41  01.90  08.24  289.4  009.26  29.725  1023.107  1480.25 
2025 01 26 11 51 28.72  32.096  09.030  0026.38  01.78  08.24  289.4  009.26  29.722  1023.105  1480.26 
2025 01 26 11 51 28.85  32.096  09.032  0026.33  01.71  08.24  289.4  009.26  29.721  1023.103  1480.27 
2025 01 26 11 51 28.97  32.098  09.033  0026.30  01.66  08.23  289.4  009.26  29.721  1023.104  1480.27 
2025 01 26 11 51 29.10  32.096  09.036  0026.24  01.67  08.24  289.4  009.26  29.717  1023.099  1480.28 
2025 01 26 11 51 29.22  32.098  09.040  0026.18  01.63  08.25  289.4  009.26  29.716  1023.098  1480.29 
2025 01 26 11 51 29.35  32.099  09.042  0026.12  01.54  08.25  289.4  009.26  29.716  1023.097  1480.29 
2025 01 26 11 51 29.47  32.099  09.041  0026.11  01.50  08.25  289.4  009.26  29.716  1023.097  1480.29 
2025 01 26 11 51 29.60  32.099  09.037  0026.06  01.51  08.25  289.4  009.26  29.719  1023.100  1480.28 
2025 01 26 11 51 29.72  32.099  09.036  0026.04  01.52  08.25  289.4  009.26  29.720  1023.101  1480.28 
2025 01 26 11 51 29.85  32.100  09.046  0026.02  01.53  08.25  289.4  009.26  29.713  1023.094  1480.31 
2025 01 26 11 51 29.97  32.099  09.057  0026.00  01.57  08.24  289.4  009.26  29.702  1023.084  1480.33 
2025 01 26 11 51 30.10  32.098  09.060  0025.98  01.53  08.24  288.8  009.26  29.699  1023.080  1480.34 
2025 01 26 11 51 30.22  32.098  09.057  0025.93  01.47  08.24  288.8  009.26  29.701  1023.082  1480.33 
2025 01 26 11 51 30.35  32.099  09.063  0025.90  01.47  08.24  288.8  009.26  29.697  1023.078  1480.35 
2025 01 26 11 51 30.47  32.098  09.078  0025.87  01.47  08.24  288.8  009.26  29.684  1023.065  1480.39 
2025 01 26 11 51 30.60  32.097  09.084  0025.83  01.45  08.24  288.8  009.26  29.678  1023.060  1480.40 
2025 01 26 11 51 30.72  32.098  09.094  0025.79  01.46  08.24  288.8  009.26  29.671  1023.052  1480.43 
2025 01 26 11 51 30.85  32.100  09.095  0025.75  01.46  08.24  288.8  009.26  29.673  1023.053  1480.43 
2025 01 26 11 51 30.97  32.099  09.098  0025.71  01.47  08.24  288.8  009.26  29.668  1023.049  1480.44 
2025 01 26 11 51 31.10  32.100  09.118  0025.69  01.49  08.24  288.8  009.26  29.653  1023.034  1480.50 
2025 01 26 11 51 31.22  32.100  09.134  0025.63  01.54  08.24  288.8  009.26  29.640  1023.022  1480.54 
2025 01 26 11 51 31.35  32.099  09.140  0025.60  01.60  08.24  288.8  009.26  29.634  1023.016  1480.55 
2025 01 26 11 51 31.47  32.100  09.146  0025.57  01.62  08.24  288.8  009.26  29.630  1023.012  1480.57 
2025 01 26 11 51 31.60  32.100  09.148  0025.54  01.64  08.24  288.8  009.26  29.629  1023.010  1480.57 
2025 01 26 11 51 31.72  32.099  09.155  0025.49  01.65  08.24  288.8  009.26  29.621  1023.003  1480.59 
2025 01 26 11 51 31.85  32.099  09.178  0025.46  01.66  08.24  288.8  009.26  29.603  1022.985  1480.65 
2025 01 26 11 51 31.97  32.103  09.180  0025.42  01.64  08.24  288.8  009.26  29.605  1022.986  1480.66 
2025 01 26 11 51 32.10  32.103  09.178  0025.41  01.66  08.25  288.8  009.26  29.607  1022.988  1480.66 
2025 01 26 11 51 32.22  32.102  09.172  0025.38  01.67  08.25  288.8  009.26  29.610  1022.991  1480.64 
2025 01 26 11 51 32.35  32.101  09.181  0025.33  01.67  08.25  288.8  009.26  29.602  1022.983  1480.66 
2025 01 26 11 51 32.47  32.103  09.202  0025.29  01.69  08.25  288.8  009.26  29.586  1022.968  1480.72 
2025 01 26 11 51 32.60  32.103  09.188  0025.25  01.60  08.25  288.8  009.26  29.598  1022.979  1480.68 
2025 01 26 11 51 32.72  32.103  09.201  0025.19  01.61  08.25  288.8  009.26  29.588  1022.969  1480.72 
2025 01 26 11 51 32.85  32.103  09.213  0025.16  01.61  08.25  288.8  009.26  29.577  1022.958  1480.75 
2025 01 26 11 51 32.97  32.103  09.222  0025.11  01.63  08.25  288.8  009.26  29.569  1022.951  1480.77 
2025 01 26 11 51 33.10  32.102  09.228  0025.08  01.66  08.25  288.3  009.26  29.564  1022.945  1480.79 
2025 01 26 11 51 33.22  32.100  09.231  0025.01  01.66  08.24  288.3  009.26  29.560  1022.941  1480.79 
2025 01 26 11 51 33.35  32.101  09.230  0024.99  01.65  08.25  288.3  009.26  29.561  1022.943  1480.79 
2025 01 26 11 51 33.47  32.100  09.216  0024.98  01.71  08.25  288.3  009.26  29.572  1022.953  1480.75 
2025 01 26 11 51 33.60  32.102  09.209  0024.94  01.76  08.24  288.3  009.26  29.579  1022.960  1480.73 
2025 01 26 11 51 33.72  32.101  09.217  0024.95  01.69  08.24  288.3  009.26  29.573  1022.953  1480.75 
2025 01 26 11 51 33.85  32.102  09.219  0024.93  01.67  08.24  288.3  009.26  29.571  1022.952  1480.76 
2025 01 26 11 51 33.97  32.102  09.260  0024.88  01.70  08.25  288.3  009.26  29.538  1022.919  1480.87 
2025 01 26 11 51 34.10  32.099  09.284  0024.84  01.78  08.25  288.3  009.26  29.515  1022.898  1480.93 
2025 01 26 11 51 34.22  32.098  09.294  0024.82  01.78  08.25  288.3  009.26  29.506  1022.889  1480.95 
2025 01 26 11 51 34.35  32.096  09.303  0024.73  01.87  08.25  288.3  009.26  29.496  1022.880  1480.98 
2025 01 26 11 51 34.47  32.095  09.308  0024.68  01.85  08.25  288.3  009.26  29.491  1022.874  1480.99 
2025 01 26 11 51 34.60  32.095  09.320  0024.59  01.76  08.25  288.3  009.26  29.482  1022.865  1481.02 
2025 01 26 11 51 34.72  32.096  09.328  0024.54  01.81  08.25  288.3  009.26  29.476  1022.860  1481.04 
2025 01 26 11 51 34.85  32.098  09.280  0024.54  01.90  08.25  288.3  009.26  29.517  1022.898  1480.91 
2025 01 26 11 51 34.97  32.096  09.269  0024.58  01.87  08.24  288.3  009.26  29.525  1022.906  1480.88 
2025 01 26 11 51 35.10  32.096  09.303  0024.61  01.90  08.25  288.3  009.26  29.496  1022.879  1480.98 
2025 01 26 11 51 35.22  32.096  09.300  0024.65  01.88  08.26  288.3  009.26  29.499  1022.881  1480.97 
2025 01 26 11 51 35.35  32.095  09.285  0024.63  01.82  08.26  288.3  009.26  29.510  1022.893  1480.92 
2025 01 26 11 51 35.47  32.095  09.312  0024.64  01.80  08.26  288.3  009.26  29.488  1022.872  1481.00 
2025 01 26 11 51 35.60  32.096  09.328  0024.60  01.83  08.26  288.3  009.26  29.476  1022.860  1481.04 
2025 01 26 11 51 35.72  32.096  09.351  0024.55  01.85  08.26  288.3  009.26  29.457  1022.841  1481.10 
2025 01 26 11 51 35.85  32.096  09.372  0024.47  01.86  08.26  288.3  009.26  29.439  1022.824  1481.16 
2025 01 26 11 51 35.97  32.095  09.381  0024.39  01.83  08.26  288.3  009.26  29.432  1022.816  1481.18 
2025 01 26 11 51 36.10  32.093  09.391  0024.35  01.81  08.25  288.8  009.26  29.421  1022.805  1481.21 
2025 01 26 11 51 36.22  32.093  09.378  0024.35  01.81  08.25  288.8  009.26  29.431  1022.816  1481.17 
2025 01 26 11 51 36.35  32.094  09.372  0024.36  01.92  08.25  288.8  009.26  29.438  1022.822  1481.15 
2025 01 26 11 51 36.47  32.095  09.359  0024.40  01.94  08.26  288.8  009.26  29.449  1022.833  1481.12 
2025 01 26 11 51 36.60  32.095  09.376  0024.40  01.92  08.26  288.8  009.26  29.435  1022.819  1481.17 
2025 01 26 11 51 36.72  32.095  09.398  0024.39  01.85  08.26  288.8  009.26  29.418  1022.802  1481.23 
2025 01 26 11 51 36.85  32.095  09.393  0024.39  01.83  08.26  288.8  009.26  29.421  1022.806  1481.21 
2025 01 26 11 51 36.97  32.093  09.409  0024.32  01.82  08.26  288.8  009.26  29.406  1022.791  1481.25 
2025 01 26 11 51 37.10  32.091  09.419  0024.29  01.80  08.26  288.8  009.26  29.397  1022.782  1481.28 
2025 01 26 11 51 37.22  32.091  09.423  0024.20  01.80  08.26  288.8  009.26  29.393  1022.778  1481.28 
2025 01 26 11 51 37.35  32.090  09.436  0024.12  01.88  08.26  288.8  009.26  29.381  1022.767  1481.32 
2025 01 26 11 51 37.47  32.090  09.444  0024.04  01.89  08.26  288.8  009.26  29.374  1022.760  1481.34 
2025 01 26 11 51 37.60  32.090  09.453  0023.96  01.87  08.26  288.8  009.26  29.367  1022.752  1481.36 
2025 01 26 11 51 37.72  32.091  09.451  0023.94  01.87  08.26  288.8  009.26  29.369  1022.754  1481.36 
2025 01 26 11 51 37.85  32.091  09.430  0023.90  01.86  08.26  288.8  009.26  29.388  1022.772  1481.30 
2025 01 26 11 51 37.97  32.091  09.430  0023.87  01.92  08.25  288.8  009.26  29.388  1022.772  1481.30 
2025 01 26 11 51 38.10  32.092  09.434  0023.88  01.97  08.26  288.8  009.26  29.385  1022.769  1481.31 
2025 01 26 11 51 38.22  32.093  09.436  0023.86  01.96  08.26  288.8  009.26  29.384  1022.768  1481.32 
2025 01 26 11 51 38.35  32.091  09.441  0023.85  01.99  08.26  288.8  009.26  29.379  1022.763  1481.33 
2025 01 26 11 51 38.47  32.091  09.441  0023.85  02.11  08.26  288.8  009.26  29.378  1022.763  1481.33 
2025 01 26 11 51 38.60  32.092  09.450  0023.81  02.15  08.26  288.8  009.26  29.372  1022.756  1481.36 
2025 01 26 11 51 38.72  32.090  09.461  0023.77  02.09  08.26  288.8  009.26  29.361  1022.745  1481.38 
2025 01 26 11 51 38.85  32.088  09.469  0023.69  02.07  08.26  288.8  009.26  29.353  1022.737  1481.40 
2025 01 26 11 51 38.97  32.087  09.472  0023.64  02.01  08.26  288.8  009.26  29.349  1022.734  1481.41 
2025 01 26 11 51 39.10  32.087  09.474  0023.61  01.99  08.26  289.2  009.26  29.347  1022.732  1481.41 
2025 01 26 11 51 39.22  32.087  09.472  0023.58  02.09  08.26  289.2  009.26  29.349  1022.733  1481.40 
2025 01 26 11 51 39.35  32.088  09.467  0023.59  02.15  08.26  289.2  009.26  29.354  1022.739  1481.39 
2025 01 26 11 51 39.47  32.087  09.465  0023.57  02.13  08.26  289.2  009.26  29.355  1022.740  1481.38 
2025 01 26 11 51 39.60  32.087  09.468  0023.56  02.16  08.26  289.2  009.26  29.353  1022.737  1481.39 
2025 01 26 11 51 39.72  32.088  09.470  0023.54  02.17  08.26  289.2  009.26  29.351  1022.736  1481.40 
2025 01 26 11 51 39.85  32.088  09.471  0023.52  02.11  08.26  289.2  009.26  29.351  1022.735  1481.40 
2025 01 26 11 51 39.97  32.088  09.467  0023.54  02.02  08.26  289.2  009.26  29.354  1022.738  1481.39 
2025 01 26 11 51 40.10  32.087  09.470  0023.51  01.99  08.26  289.2  009.26  29.351  1022.735  1481.40 
2025 01 26 11 51 40.22  32.087  09.475  0023.47  01.95  08.26  289.2  009.26  29.346  1022.731  1481.41 
2025 01 26 11 51 40.35  32.087  09.480  0023.40  01.95  08.26  289.2  009.26  29.343  1022.727  1481.42 
2025 01 26 11 51 40.47  32.086  09.482  0023.35  01.95  08.26  289.2  009.26  29.339  1022.723  1481.43 
2025 01 26 11 51 40.60  32.084  09.482  0023.32  01.95  08.26  289.2  009.26  29.338  1022.722  1481.42 
2025 01 26 11 51 40.72  32.085  09.482  0023.29  01.99  08.26  289.2  009.26  29.339  1022.722  1481.42 
2025 01 26 11 51 40.85  32.085  09.481  0023.27  01.99  08.26  289.2  009.26  29.340  1022.724  1481.42 
2025 01 26 11 51 40.97  32.085  09.481  0023.24  01.95  08.26  289.2  009.26  29.339  1022.723  1481.42 
2025 01 26 11 51 41.10  32.085  09.484  0023.23  02.53  08.26  289.2  009.26  29.337  1022.721  1481.43 
2025 01 26 11 51 41.22  32.085  09.480  0023.26  02.66  08.27  289.2  009.26  29.341  1022.725  1481.42 
2025 01 26 11 51 41.35  32.085  09.476  0023.24  02.45  08.27  289.2  009.26  29.343  1022.727  1481.41 
2025 01 26 11 51 41.47  32.083  09.479  0023.22  02.34  08.27  289.2  009.26  29.340  1022.724  1481.41 
2025 01 26 11 51 41.60  32.084  09.485  0023.18  02.19  08.27  289.2  009.26  29.335  1022.719  1481.43 
2025 01 26 11 51 41.72  32.083  09.492  0023.12  02.16  08.27  289.2  009.26  29.328  1022.712  1481.45 
2025 01 26 11 51 41.85  32.080  09.499  0023.07  02.09  08.27  289.2  009.26  29.320  1022.705  1481.46 
2025 01 26 11 51 41.97  32.081  09.500  0023.02  01.99  08.27  289.2  009.26  29.320  1022.704  1481.46 
2025 01 26 11 51 42.10  32.081  09.502  0022.96  02.00  08.26  290.4  009.26  29.318  1022.702  1481.47 
2025 01 26 11 51 42.22  32.079  09.517  0022.93  02.05  08.26  290.4  009.26  29.304  1022.689  1481.50 
2025 01 26 11 51 42.35  32.075  09.525  0022.88  02.19  08.26  290.4  009.26  29.294  1022.680  1481.52 
2025 01 26 11 51 42.47  32.075  09.527  0022.88  02.33  08.26  290.4  009.26  29.292  1022.677  1481.53 
2025 01 26 11 51 42.60  32.075  09.520  0022.87  02.24  08.26  290.4  009.26  29.298  1022.683  1481.51 
2025 01 26 11 51 42.72  32.077  09.521  0022.86  02.20  08.26  290.4  009.26  29.299  1022.684  1481.51 
2025 01 26 11 51 42.85  32.078  09.519  0022.81  02.19  08.26  290.4  009.26  29.302  1022.686  1481.51 
2025 01 26 11 51 42.97  32.076  09.530  0022.79  02.18  08.26  290.4  009.26  29.291  1022.675  1481.54 
2025 01 26 11 51 43.10  32.074  09.550  0022.73  02.13  08.26  290.4  009.26  29.273  1022.658  1481.58 
2025 01 26 11 51 43.22  32.071  09.561  0022.71  02.09  08.26  290.4  009.26  29.260  1022.646  1481.61 
2025 01 26 11 51 43.35  32.072  09.559  0022.66  02.06  08.26  290.4  009.26  29.264  1022.649  1481.61 
2025 01 26 11 51 43.47  32.073  09.559  0022.62  02.20  08.26  290.4  009.26  29.264  1022.650  1481.61 
2025 01 26 11 51 43.60  32.072  09.559  0022.61  02.10  08.27  290.4  009.26  29.262  1022.648  1481.60 
2025 01 26 11 51 43.72  32.067  09.581  0022.54  02.08  08.27  290.4  009.26  29.240  1022.627  1481.66 
2025 01 26 11 51 43.85  32.065  09.590  0022.50  02.04  08.26  290.4  009.26  29.231  1022.619  1481.68 
2025 01 26 11 51 43.97  32.065  09.583  0022.51  02.11  08.26  290.4  009.26  29.237  1022.624  1481.66 
2025 01 26 11 51 44.10  32.066  09.585  0022.48  02.25  08.27  290.4  009.26  29.236  1022.623  1481.66 
2025 01 26 11 51 44.22  32.067  09.586  0022.43  02.22  08.27  290.4  009.26  29.236  1022.622  1481.67 
2025 01 26 11 51 44.35  32.065  09.602  0022.38  02.16  08.27  290.4  009.26  29.221  1022.609  1481.71 
2025 01 26 11 51 44.47  32.062  09.614  0022.31  02.15  08.27  290.4  009.26  29.208  1022.596  1481.74 
2025 01 26 11 51 44.60  32.060  09.615  0022.28  02.18  08.27  290.4  009.26  29.205  1022.593  1481.74 
2025 01 26 11 51 44.72  32.062  09.610  0022.25  02.18  08.27  290.4  009.26  29.212  1022.599  1481.72 
2025 01 26 11 51 44.85  32.064  09.602  0022.24  02.15  08.27  290.4  009.26  29.221  1022.607  1481.70 
2025 01 26 11 51 44.97  32.064  09.602  0022.24  02.16  08.27  290.4  009.26  29.219  1022.606  1481.71 
2025 01 26 11 51 45.10  32.062  09.607  0022.21  02.26  08.27  290.9  009.26  29.214  1022.601  1481.72 
2025 01 26 11 51 45.22  32.062  09.615  0022.18  02.37  08.27  290.9  009.26  29.208  1022.595  1481.74 
2025 01 26 11 51 45.35  32.062  09.632  0022.14  02.34  08.27  290.9  009.26  29.194  1022.582  1481.78 
2025 01 26 11 51 45.47  32.060  09.634  0022.10  02.28  08.27  290.9  009.26  29.190  1022.578  1481.79 
2025 01 26 11 51 45.60  32.060  09.628  0022.05  02.20  08.27  290.9  009.26  29.195  1022.583  1481.77 
2025 01 26 11 51 45.72  32.060  09.637  0022.00  02.16  08.27  290.9  009.26  29.188  1022.575  1481.79 
2025 01 26 11 51 45.85  32.060  09.641  0021.95  02.11  08.27  290.9  009.26  29.185  1022.572  1481.80 
2025 01 26 11 51 45.97  32.060  09.638  0021.93  02.06  08.27  290.9  009.26  29.187  1022.574  1481.79 
2025 01 26 11 51 46.10  32.061  09.632  0021.92  02.08  08.27  290.9  009.26  29.193  1022.579  1481.78 
2025 01 26 11 51 46.22  32.062  09.633  0021.91  02.19  08.27  290.9  009.26  29.193  1022.580  1481.78 
2025 01 26 11 51 46.35  32.061  09.635  0021.89  02.32  08.27  290.9  009.26  29.190  1022.577  1481.79 
2025 01 26 11 51 46.47  32.061  09.637  0021.86  02.57  08.27  290.9  009.26  29.189  1022.575  1481.79 
2025 01 26 11 51 46.60  32.060  09.636  0021.84  02.64  08.27  290.9  009.26  29.189  1022.576  1481.79 
2025 01 26 11 51 46.72  32.060  09.644  0021.81  02.49  08.27  290.9  009.26  29.182  1022.569  1481.81 
2025 01 26 11 51 46.85  32.062  09.646  0021.79  02.41  08.27  290.9  009.26  29.183  1022.569  1481.81 
2025 01 26 11 51 46.97  32.061  09.639  0021.79  02.63  08.26  290.9  009.26  29.188  1022.574  1481.79 
2025 01 26 11 51 47.10  32.060  09.639  0021.74  02.48  08.27  290.9  009.26  29.187  1022.573  1481.79 
2025 01 26 11 51 47.22  32.059  09.651  0021.71  02.41  08.27  290.9  009.26  29.176  1022.562  1481.82 
2025 01 26 11 51 47.35  32.052  09.654  0021.67  02.30  08.27  290.9  009.26  29.166  1022.554  1481.82 
2025 01 26 11 51 47.47  32.044  09.652  0021.63  02.22  08.27  290.9  009.26  29.159  1022.549  1481.81 
2025 01 26 11 51 47.60  32.046  09.652  0021.61  02.19  08.27  290.9  009.26  29.161  1022.550  1481.81 
2025 01 26 11 51 47.72  32.052  09.653  0021.62  02.31  08.27  290.9  009.26  29.167  1022.555  1481.82 
2025 01 26 11 51 47.85  32.052  09.654  0021.62  02.38  08.27  290.9  009.26  29.167  1022.555  1481.82 
2025 01 26 11 51 47.97  32.052  09.653  0021.61  02.40  08.27  290.9  009.26  29.166  1022.554  1481.82 
2025 01 26 11 51 48.10  32.052  09.654  0021.60  02.56  08.27  291.0  009.26  29.166  1022.554  1481.82 
2025 01 26 11 51 48.22  32.052  09.656  0021.56  02.56  08.27  291.0  009.26  29.164  1022.552  1481.82 
2025 01 26 11 51 48.35  32.050  09.663  0021.54  02.42  08.27  291.0  009.26  29.157  1022.545  1481.84 
2025 01 26 11 51 48.47  32.050  09.661  0021.54  02.32  08.27  291.0  009.26  29.159  1022.547  1481.84 
2025 01 26 11 51 48.60  32.054  09.648  0021.52  02.34  08.27  291.0  009.26  29.173  1022.560  1481.80 
2025 01 26 11 51 48.72  32.053  09.649  0021.51  02.34  08.27  291.0  009.26  29.171  1022.558  1481.81 
2025 01 26 11 51 48.85  32.050  09.654  0021.48  02.45  08.27  291.0  009.26  29.164  1022.551  1481.82 
2025 01 26 11 51 48.97  32.049  09.658  0021.41  02.45  08.27  291.0  009.26  29.160  1022.548  1481.83 
2025 01 26 11 51 49.10  32.050  09.670  0021.37  02.34  08.27  291.0  009.26  29.152  1022.539  1481.86 
2025 01 26 11 51 49.22  32.049  09.672  0021.34  02.26  08.27  291.0  009.26  29.149  1022.536  1481.86 
2025 01 26 11 51 49.35  32.047  09.671  0021.32  02.23  08.27  291.0  009.26  29.148  1022.535  1481.85 
2025 01 26 11 51 49.47  32.047  09.667  0021.31  02.20  08.27  291.0  009.26  29.150  1022.538  1481.85 
2025 01 26 11 51 49.60  32.048  09.669  0021.27  02.23  08.27  291.0  009.26  29.150  1022.538  1481.85 
2025 01 26 11 51 49.72  32.049  09.677  0021.23  02.29  08.27  291.0  009.26  29.145  1022.532  1481.87 
2025 01 26 11 51 49.85  32.054  09.686  0021.17  02.21  08.27  291.0  009.26  29.142  1022.528  1481.90 
2025 01 26 11 51 49.97  32.056  09.689  0021.14  02.18  08.26  291.0  009.26  29.142  1022.527  1481.91 
2025 01 26 11 51 50.10  32.055  09.688  0021.13  02.26  08.27  291.0  009.26  29.141  1022.527  1481.91 
2025 01 26 11 51 50.22  32.055  09.693  0021.13  02.30  08.28  291.0  009.26  29.138  1022.524  1481.92 
2025 01 26 11 51 50.35  32.054  09.694  0021.11  02.35  08.28  291.0  009.26  29.136  1022.522  1481.92 
2025 01 26 11 51 50.47  32.055  09.693  0021.07  02.51  08.28  291.0  009.26  29.138  1022.523  1481.92 
2025 01 26 11 51 50.60  32.060  09.696  0020.99  02.50  08.28  291.0  009.26  29.140  1022.524  1481.93 
2025 01 26 11 51 50.72  32.064  09.714  0020.96  02.48  08.28  291.0  009.26  29.129  1022.513  1481.99 
2025 01 26 11 51 50.85  32.064  09.714  0020.93  02.50  08.28  291.0  009.26  29.129  1022.513  1481.99 
2025 01 26 11 51 50.97  32.064  09.709  0020.88  02.52  08.27  291.0  009.26  29.133  1022.516  1481.97 
2025 01 26 11 51 51.10  32.062  09.705  0020.85  02.42  08.27  291.2  009.26  29.135  1022.518  1481.96 
2025 01 26 11 51 51.22  32.064  09.718  0020.79  02.34  08.27  291.2  009.29  29.127  1022.510  1482.00 
2025 01 26 11 51 51.35  32.072  09.735  0020.76  02.38  08.27  291.2  009.26  29.121  1022.502  1482.05 
2025 01 26 11 51 51.47  32.073  09.737  0020.77  02.39  08.27  291.2  009.26  29.120  1022.501  1482.06 
2025 01 26 11 51 51.60  32.071  09.737  0020.78  02.36  08.27  291.2  009.26  29.118  1022.500  1482.05 
2025 01 26 11 51 51.72  32.072  09.740  0020.79  02.43  08.27  291.2  009.26  29.117  1022.499  1482.07 
2025 01 26 11 51 51.85  32.080  09.773  0020.78  02.43  08.27  291.2  009.26  29.098  1022.478  1482.16 
2025 01 26 11 51 51.97  32.080  09.761  0020.76  02.41  08.27  291.2  009.26  29.109  1022.488  1482.13 
2025 01 26 11 51 52.10  32.083  09.761  0020.72  02.40  08.27  291.2  009.26  29.111  1022.490  1482.13 
2025 01 26 11 51 52.22  32.094  09.783  0020.69  02.45  08.27  291.2  009.26  29.104  1022.482  1482.20 
2025 01 26 11 51 52.35  32.100  09.815  0020.61  02.53  08.27  291.2  009.26  29.085  1022.461  1482.30 
2025 01 26 11 51 52.47  32.103  09.847  0020.59  02.50  08.28  291.2  009.26  29.062  1022.438  1482.39 
2025 01 26 11 51 52.60  32.105  09.842  0020.54  02.52  08.28  291.2  009.26  29.068  1022.443  1482.37 
2025 01 26 11 51 52.72  32.107  09.845  0020.51  02.55  08.28  291.2  009.26  29.067  1022.442  1482.39 
2025 01 26 11 51 52.85  32.117  09.878  0020.45  02.62  08.28  291.2  009.26  29.050  1022.423  1482.49 
2025 01 26 11 51 52.97  32.122  09.884  0020.40  02.55  08.27  291.2  009.26  29.051  1022.422  1482.51 
2025 01 26 11 51 53.10  32.118  09.882  0020.38  02.58  08.28  291.2  009.26  29.049  1022.422  1482.50 
2025 01 26 11 51 53.22  32.118  09.881  0020.39  02.54  08.29  291.2  009.26  29.050  1022.422  1482.49 
2025 01 26 11 51 53.35  32.120  09.866  0020.39  02.79  08.29  291.2  009.26  29.063  1022.435  1482.46 
2025 01 26 11 51 53.47  32.118  09.856  0020.36  03.12  08.29  291.2  009.26  29.070  1022.442  1482.43 
2025 01 26 11 51 53.60  32.118  09.870  0020.33  03.53  08.29  291.2  009.26  29.059  1022.431  1482.46 
2025 01 26 11 51 53.72  32.122  09.877  0020.30  04.49  08.29  291.2  009.26  29.056  1022.427  1482.49 
2025 01 26 11 51 53.85  32.126  09.882  0020.25  03.89  08.29  291.2  009.26  29.057  1022.427  1482.50 
2025 01 26 11 51 53.97  32.126  09.881  0020.24  03.38  08.29  291.2  009.26  29.058  1022.427  1482.50 
2025 01 26 11 51 54.10  32.125  09.880  0020.22  03.18  08.28  292.0  009.26  29.057  1022.427  1482.50 
2025 01 26 11 51 54.22  32.125  09.884  0020.19  03.05  08.28  292.0  009.26  29.054  1022.424  1482.51 
2025 01 26 11 51 54.35  32.126  09.897  0020.16  02.90  08.28  292.0  009.26  29.046  1022.415  1482.54 
2025 01 26 11 51 54.47  32.130  09.901  0020.11  02.82  08.28  292.0  009.26  29.045  1022.414  1482.56 
2025 01 26 11 51 54.60  32.130  09.909  0020.05  02.98  08.28  292.0  009.26  29.039  1022.408  1482.58 
2025 01 26 11 51 54.72  32.129  09.907  0020.05  02.94  08.29  292.0  009.26  29.039  1022.408  1482.57 
2025 01 26 11 51 54.85  32.129  09.901  0020.06  02.88  08.29  292.0  009.26  29.044  1022.413  1482.56 
2025 01 26 11 51 54.97  32.130  09.906  0020.03  02.89  08.29  292.0  009.26  29.042  1022.410  1482.57 
2025 01 26 11 51 55.10  32.131  09.911  0020.02  02.99  08.29  292.0  009.26  29.038  1022.407  1482.59 
2025 01 26 11 51 55.22  32.132  09.910  0019.99  03.09  08.29  292.0  009.26  29.040  1022.408  1482.58 
2025 01 26 11 51 55.35  32.133  09.913  0019.97  02.98  08.29  292.0  009.26  29.039  1022.406  1482.59 
2025 01 26 11 51 55.47  32.132  09.911  0019.93  03.20  08.29  292.0  009.26  29.040  1022.407  1482.58 
2025 01 26 11 51 55.60  32.133  09.909  0019.95  03.38  08.29  292.0  009.26  29.042  1022.410  1482.58 
2025 01 26 11 51 55.72  32.135  09.918  0019.96  03.24  08.29  292.0  009.26  29.037  1022.404  1482.61 
2025 01 26 11 51 55.85  32.138  09.923  0019.98  03.18  08.29  292.0  009.26  29.036  1022.403  1482.62 
2025 01 26 11 51 55.97  32.139  09.925  0019.95  03.24  08.28  292.0  009.26  29.036  1022.402  1482.63 
2025 01 26 11 51 56.10  32.138  09.924  0019.90  03.23  08.29  292.0  009.26  29.035  1022.401  1482.62 
2025 01 26 11 51 56.22  32.140  09.923  0019.83  03.07  08.29  292.0  009.26  29.038  1022.404  1482.62 
2025 01 26 11 51 56.35  32.143  09.932  0019.80  02.83  08.30  292.0  009.26  29.034  1022.399  1482.65 
2025 01 26 11 51 56.47  32.143  09.934  0019.78  02.70  08.30  292.0  009.26  29.032  1022.397  1482.66 
2025 01 26 11 51 56.60  32.142  09.930  0019.76  02.66  08.30  292.0  009.26  29.033  1022.399  1482.65 
2025 01 26 11 51 56.72  32.140  09.930  0019.77  02.94  08.30  292.0  009.26  29.032  1022.398  1482.64 
2025 01 26 11 51 56.85  32.141  09.930  0019.75  03.04  08.30  292.0  009.26  29.033  1022.398  1482.64 
2025 01 26 11 51 56.97  32.142  09.932  0019.71  03.17  08.29  292.0  009.26  29.033  1022.398  1482.65 
2025 01 26 11 51 57.10  32.145  09.940  0019.65  03.10  08.29  293.2  009.26  29.029  1022.394  1482.67 
2025 01 26 11 51 57.22  32.149  09.946  0019.60  02.88  08.29  293.2  009.26  29.028  1022.391  1482.69 
2025 01 26 11 51 57.35  32.152  09.945  0019.56  02.81  08.29  293.2  009.26  29.032  1022.394  1482.69 
2025 01 26 11 51 57.47  32.150  09.945  0019.55  02.66  08.29  293.2  009.26  29.030  1022.393  1482.69 
2025 01 26 11 51 57.60  32.146  09.941  0019.57  02.67  08.29  293.2  009.26  29.030  1022.394  1482.68 
2025 01 26 11 51 57.72  32.146  09.938  0019.59  02.84  08.29  293.2  009.26  29.031  1022.395  1482.67 
2025 01 26 11 51 57.85  32.149  09.943  0019.61  03.13  08.29  293.2  009.26  29.031  1022.394  1482.69 
2025 01 26 11 51 57.97  32.149  09.945  0019.60  02.99  08.29  293.2  009.26  29.029  1022.392  1482.69 
2025 01 26 11 51 58.10  32.151  09.946  0019.55  02.85  08.29  293.2  009.26  29.030  1022.393  1482.70 
2025 01 26 11 51 58.22  32.152  09.960  0019.46  02.83  08.29  293.2  009.26  29.020  1022.383  1482.73 
2025 01 26 11 51 58.35  32.150  09.955  0019.39  02.85  08.29  293.2  009.26  29.023  1022.385  1482.72 
2025 01 26 11 51 58.47  32.142  09.970  0019.32  02.75  08.29  293.2  009.26  29.002  1022.366  1482.74 
2025 01 26 11 51 58.60  32.138  09.969  0019.27  02.68  08.29  293.2  009.26  29.000  1022.364  1482.74 
2025 01 26 11 51 58.72  32.142  09.964  0019.27  02.81  08.29  293.2  009.26  29.007  1022.371  1482.73 
2025 01 26 11 51 58.85  32.144  09.966  0019.30  02.81  08.29  293.2  009.26  29.007  1022.371  1482.74 
2025 01 26 11 51 58.97  32.142  09.970  0019.32  02.83  08.29  293.2  009.26  29.002  1022.366  1482.74 
2025 01 26 11 51 59.10  32.137  09.981  0019.32  02.87  08.29  293.2  009.26  28.988  1022.354  1482.77 
2025 01 26 11 51 59.22  32.135  09.984  0019.32  02.83  08.30  293.2  009.26  28.985  1022.350  1482.77 
2025 01 26 11 51 59.35  32.134  09.977  0019.31  02.79  08.30  293.2  009.26  28.989  1022.355  1482.75 
2025 01 26 11 51 59.47  32.134  09.979  0019.27  02.71  08.30  293.2  009.26  28.988  1022.353  1482.76 
2025 01 26 11 51 59.60  32.134  09.980  0019.21  02.74  08.30  293.2  009.26  28.987  1022.352  1482.76 
2025 01 26 11 51 59.72  32.134  09.981  0019.14  02.93  08.30  293.2  009.26  28.986  1022.351  1482.76 
2025 01 26 11 51 59.85  32.133  09.982  0019.05  02.87  08.30  293.2  009.26  28.984  1022.349  1482.76 
2025 01 26 11 51 59.97  32.133  09.981  0019.06  02.90  08.30  293.2  009.26  28.984  1022.349  1482.76 
2025 01 26 11 52 00.10  32.134  09.979  0019.05  03.15  08.29  294.7  009.26  28.988  1022.353  1482.75 
2025 01 26 11 52 00.22  32.135  09.976  0019.11  03.10  08.29  294.7  009.26  28.991  1022.355  1482.75 
2025 01 26 11 52 00.35  32.134  09.978  0019.14  03.08  08.29  294.7  009.26  28.989  1022.353  1482.75 
2025 01 26 11 52 00.47  32.134  09.983  0019.16  02.94  08.29  294.7  009.26  28.983  1022.349  1482.77 
2025 01 26 11 52 00.60  32.134  09.980  0019.19  02.85  08.29  294.7  009.26  28.986  1022.352  1482.76 
2025 01 26 11 52 00.72  32.134  09.981  0019.17  02.79  08.29  294.7  009.26  28.985  1022.350  1482.76 
2025 01 26 11 52 00.85  32.132  09.983  0019.12  02.68  08.30  294.7  009.26  28.982  1022.348  1482.76 
2025 01 26 11 52 00.97  32.129  09.986  0019.05  02.63  08.29  294.7  009.26  28.976  1022.342  1482.77 
2025 01 26 11 52 01.10  32.118  09.994  0018.97  02.61  08.29  294.7  009.26  28.959  1022.327  1482.77 
2025 01 26 11 52 01.22  32.107  09.999  0018.92  02.57  08.29  294.7  009.26  28.944  1022.314  1482.77 
2025 01 26 11 52 01.35  32.105  09.999  0018.90  02.79  08.29  294.7  009.26  28.942  1022.313  1482.77 
2025 01 26 11 52 01.47  32.111  09.996  0018.88  02.90  08.30  294.7  009.26  28.951  1022.320  1482.77 
2025 01 26 11 52 01.60  32.111  09.994  0018.93  02.92  08.30  294.7  009.26  28.952  1022.322  1482.76 
2025 01 26 11 52 01.72  32.102  10.007  0018.95  02.87  08.30  294.7  009.26  28.933  1022.304  1482.79 
2025 01 26 11 52 01.85  32.101  10.007  0018.98  02.94  08.30  294.7  009.26  28.932  1022.304  1482.79 
2025 01 26 11 52 01.97  32.105  10.002  0018.97  02.87  08.29  294.7  009.26  28.940  1022.311  1482.78 
2025 01 26 11 52 02.10  32.097  10.009  0018.90  02.89  08.30  294.7  009.26  28.926  1022.299  1482.79 
2025 01 26 11 52 02.22  32.087  10.019  0018.78  02.88  08.30  294.7  009.26  28.909  1022.284  1482.80 
2025 01 26 11 52 02.35  32.075  10.030  0018.69  02.81  08.30  294.7  009.26  28.887  1022.264  1482.82 
2025 01 26 11 52 02.47  32.075  10.027  0018.65  02.76  08.30  294.7  009.26  28.890  1022.266  1482.81 
2025 01 26 11 52 02.60  32.079  10.024  0018.61  02.75  08.30  294.7  009.26  28.896  1022.272  1482.80 
2025 01 26 11 52 02.72  32.083  10.017  0018.60  02.74  08.30  294.7  009.26  28.905  1022.280  1482.79 
2025 01 26 11 52 02.85  32.085  10.011  0018.65  02.72  08.30  294.7  009.26  28.913  1022.287  1482.78 
2025 01 26 11 52 02.97  32.091  10.009  0018.72  02.93  08.30  294.7  009.26  28.920  1022.293  1482.78 
2025 01 26 11 52 03.10  32.083  10.024  0018.77  02.90  08.30  295.8  009.26  28.900  1022.275  1482.81 
2025 01 26 11 52 03.22  32.067  10.041  0018.80  02.89  08.30  295.8  009.26  28.871  1022.250  1482.84 
2025 01 26 11 52 03.35  32.061  10.044  0018.82  02.86  08.30  295.8  009.26  28.863  1022.244  1482.84 
2025 01 26 11 52 03.47  32.061  10.042  0018.81  02.82  08.30  295.8  009.26  28.864  1022.245  1482.83 
2025 01 26 11 52 03.60  32.063  10.040  0018.78  02.82  08.30  295.8  009.26  28.868  1022.248  1482.83 
2025 01 26 11 52 03.72  32.061  10.042  0018.73  02.98  08.30  295.8  009.26  28.865  1022.245  1482.83 
2025 01 26 11 52 03.85  32.050  10.049  0018.67  02.94  08.30  295.8  009.26  28.848  1022.231  1482.83 
2025 01 26 11 52 03.97  32.041  10.054  0018.60  02.87  08.30  295.8  009.26  28.835  1022.220  1482.84 
2025 01 26 11 52 04.10  32.037  10.059  0018.56  02.82  08.30  295.8  009.26  28.827  1022.212  1482.85 
2025 01 26 11 52 04.22  32.037  10.055  0018.54  02.89  08.30  295.8  009.26  28.830  1022.215  1482.83 
2025 01 26 11 52 04.35  32.041  10.053  0018.56  02.91  08.30  295.8  009.26  28.836  1022.220  1482.83 
2025 01 26 11 52 04.47  32.043  10.047  0018.61  02.94  08.30  295.8  009.26  28.842  1022.226  1482.82 
2025 01 26 11 52 04.60  32.043  10.053  0018.64  02.99  08.30  295.8  009.26  28.838  1022.222  1482.84 
2025 01 26 11 52 04.72  32.040  10.056  0018.70  03.06  08.30  295.8  009.26  28.832  1022.217  1482.84 
2025 01 26 11 52 04.85  32.039  10.056  0018.73  02.97  08.30  295.8  009.26  28.831  1022.217  1482.84 
2025 01 26 11 52 04.97  32.046  10.053  0018.74  02.98  08.29  295.8  009.26  28.841  1022.225  1482.84 
2025 01 26 11 52 05.10  32.052  10.051  0018.76  02.91  08.30  295.8  009.26  28.848  1022.231  1482.85 
2025 01 26 11 52 05.22  32.048  10.056  0018.75  02.82  08.30  295.8  009.26  28.841  1022.224  1482.85 
2025 01 26 11 52 05.35  32.043  10.056  0018.70  03.05  08.30  295.8  009.26  28.835  1022.220  1482.84 
2025 01 26 11 52 05.47  32.036  10.057  0018.66  03.11  08.30  295.8  009.26  28.828  1022.214  1482.84 
2025 01 26 11 52 05.60  32.034  10.061  0018.62  03.16  08.30  295.8  009.26  28.823  1022.209  1482.85 
2025 01 26 11 52 05.72  32.033  10.063  0018.61  03.18  08.30  295.8  009.26  28.819  1022.206  1482.85 
2025 01 26 11 52 05.85  32.031  10.063  0018.57  03.13  08.30  295.8  009.26  28.818  1022.204  1482.85 
2025 01 26 11 52 05.97  32.033  10.063  0018.58  03.13  08.30  295.8  009.26  28.820  1022.206  1482.85 
2025 01 26 11 52 06.10  32.034  10.064  0018.59  03.03  08.30  296.1  009.26  28.820  1022.206  1482.85 
2025 01 26 11 52 06.22  32.033  10.064  0018.62  02.92  08.30  296.1  009.26  28.819  1022.206  1482.85 
2025 01 26 11 52 06.35  32.033  10.067  0018.65  02.93  08.30  296.1  009.26  28.817  1022.203  1482.86 
2025 01 26 11 52 06.47  32.034  10.065  0018.68  03.05  08.30  296.1  009.26  28.820  1022.206  1482.86 
2025 01 26 11 52 06.60  32.036  10.058  0018.73  02.96  08.30  296.1  009.26  28.827  1022.213  1482.84 
2025 01 26 11 52 06.72  32.044  10.051  0018.75  02.87  08.30  296.1  009.26  28.840  1022.224  1482.83 
2025 01 26 11 52 06.85  32.049  10.046  0018.74  02.91  08.30  296.1  009.26  28.849  1022.232  1482.83 
2025 01 26 11 52 06.97  32.049  10.055  0018.73  02.88  08.30  296.1  009.26  28.842  1022.225  1482.85 
2025 01 26 11 52 07.10  32.043  10.056  0018.70  02.92  08.30  296.1  009.26  28.835  1022.219  1482.85 
2025 01 26 11 52 07.22  32.036  10.058  0018.64  02.96  08.30  296.1  009.26  28.827  1022.213  1482.84 
2025 01 26 11 52 07.35  32.034  10.060  0018.61  02.91  08.30  296.1  009.26  28.823  1022.209  1482.84 
2025 01 26 11 52 07.47  32.033  10.063  0018.56  02.93  08.30  296.1  009.26  28.819  1022.205  1482.85 
2025 01 26 11 52 07.60  32.031  10.065  0018.57  03.29  08.30  296.1  009.26  28.816  1022.203  1482.85 
2025 01 26 11 52 07.72  32.032  10.064  0018.55  03.33  08.30  296.1  009.26  28.818  1022.204  1482.85 
2025 01 26 11 52 07.85  32.033  10.063  0018.59  03.15  08.30  296.1  009.26  28.820  1022.206  1482.85 
2025 01 26 11 52 07.97  32.034  10.064  0018.62  03.11  08.29  296.1  009.26  28.820  1022.206  1482.85 
2025 01 26 11 52 08.10  32.034  10.065  0018.65  03.10  08.30  296.1  009.26  28.819  1022.205  1482.86 
2025 01 26 11 52 08.22  32.033  10.063  0018.68  03.07  08.30  296.1  009.26  28.820  1022.206  1482.85 
2025 01 26 11 52 08.35  32.036  10.056  0018.72  02.97  08.30  296.1  009.26  28.828  1022.214  1482.84 
2025 01 26 11 52 08.47  32.048  10.048  0018.73  02.91  08.30  296.1  009.26  28.847  1022.230  1482.83 
2025 01 26 11 52 08.60  32.053  10.048  0018.73  02.90  08.30  296.1  009.26  28.852  1022.234  1482.84 
2025 01 26 11 52 08.72  32.052  10.048  0018.73  02.98  08.30  296.1  009.26  28.851  1022.233  1482.84 
2025 01 26 11 52 08.85  32.048  10.056  0018.70  02.86  08.30  296.1  009.26  28.841  1022.224  1482.85 
2025 01 26 11 52 08.97  32.043  10.055  0018.67  02.80  08.30  296.1  009.26  28.836  1022.220  1482.84 
2025 01 26 11 52 09.10  32.037  10.057  0018.62  02.82  08.30  296.5  009.26  28.829  1022.214  1482.84 
2025 01 26 11 52 09.22  32.036  10.059  0018.59  02.79  08.30  296.5  009.26  28.825  1022.211  1482.84 
2025 01 26 11 52 09.35  32.033  10.064  0018.55  02.71  08.30  296.5  009.26  28.819  1022.205  1482.85 
2025 01 26 11 52 09.47  32.032  10.063  0018.56  02.68  08.30  296.5  009.26  28.818  1022.205  1482.85 
2025 01 26 11 52 09.60  32.033  10.065  0018.58  02.70  08.30  296.5  009.26  28.818  1022.204  1482.86 
2025 01 26 11 52 09.72  32.033  10.065  0018.57  02.75  08.30  296.5  009.26  28.818  1022.204  1482.86 
2025 01 26 11 52 09.85  32.032  10.063  0018.58  03.12  08.30  296.5  009.26  28.818  1022.205  1482.85 
2025 01 26 11 52 09.97  32.031  10.065  0018.53  03.16  08.30  296.5  009.26  28.816  1022.202  1482.85 
2025 01 26 11 52 10.10  32.023  10.078  0018.45  03.09  08.30  296.5  009.26  28.798  1022.186  1482.88 
2025 01 26 11 52 10.22  32.006  10.100  0018.34  03.14  08.30  296.5  009.26  28.764  1022.156  1482.91 
2025 01 26 11 52 10.35  32.002  10.112  0018.27  03.32  08.30  296.5  009.26  28.751  1022.143  1482.94 
2025 01 26 11 52 10.47  32.003  10.114  0018.24  03.26  08.30  296.5  009.26  28.750  1022.142  1482.95 
2025 01 26 11 52 10.60  32.007  10.104  0018.21  03.17  08.30  296.5  009.26  28.762  1022.152  1482.92 
2025 01 26 11 52 10.72  32.008  10.106  0018.20  03.08  08.30  296.5  009.26  28.761  1022.151  1482.93 
2025 01 26 11 52 10.85  32.006  10.105  0018.17  03.08  08.30  296.5  009.26  28.760  1022.151  1482.93 
2025 01 26 11 52 10.97  32.004  10.105  0018.14  03.06  08.30  296.5  009.26  28.758  1022.149  1482.92 
2025 01 26 11 52 11.10  32.004  10.112  0018.12  03.07  08.30  296.5  009.26  28.752  1022.143  1482.94 
2025 01 26 11 52 11.22  32.001  10.112  0018.16  03.09  08.31  296.5  009.26  28.750  1022.142  1482.94 
2025 01 26 11 52 11.35  31.999  10.117  0018.21  03.08  08.30  296.5  009.26  28.743  1022.136  1482.95 
2025 01 26 11 52 11.47  31.996  10.127  0018.22  03.13  08.30  296.5  009.26  28.732  1022.126  1482.97 
2025 01 26 11 52 11.60  31.994  10.129  0018.21  03.11  08.31  296.5  009.26  28.729  1022.123  1482.97 
2025 01 26 11 52 11.72  31.995  10.126  0018.18  03.04  08.30  296.5  009.26  28.732  1022.126  1482.97 
2025 01 26 11 52 11.85  31.995  10.124  0018.05  03.08  08.30  296.5  009.26  28.734  1022.127  1482.96 
2025 01 26 11 52 11.97  31.994  10.128  0017.94  02.96  08.30  296.5  009.26  28.729  1022.122  1482.97 
2025 01 26 11 52 12.10  31.988  10.137  0017.87  02.80  08.30  296.9  009.26  28.716  1022.110  1482.99 
2025 01 26 11 52 12.22  31.984  10.140  0017.81  02.85  08.30  296.9  009.26  28.710  1022.105  1482.99 
2025 01 26 11 52 12.35  31.987  10.137  0017.76  02.97  08.30  296.9  009.26  28.716  1022.110  1482.98 
2025 01 26 11 52 12.47  31.987  10.137  0017.74  03.02  08.30  296.9  009.26  28.716  1022.109  1482.98 
2025 01 26 11 52 12.60  31.984  10.140  0017.72  03.04  08.30  296.9  009.26  28.710  1022.105  1482.98 
2025 01 26 11 52 12.72  31.974  10.153  0017.75  03.06  08.30  296.9  009.26  28.689  1022.086  1483.01 
2025 01 26 11 52 12.85  31.962  10.179  0017.77  02.99  08.30  296.9  009.26  28.658  1022.058  1483.06 
2025 01 26 11 52 12.97  31.967  10.169  0017.80  02.98  08.30  296.9  009.26  28.671  1022.069  1483.04 
2025 01 26 11 52 13.10  31.976  10.147  0017.83  03.11  08.30  296.9  009.26  28.697  1022.093  1483.00 
2025 01 26 11 52 13.22  31.976  10.157  0017.84  03.11  08.30  296.9  009.26  28.689  1022.086  1483.02 
2025 01 26 11 52 13.35  31.971  10.163  0017.82  03.32  08.30  296.9  009.26  28.679  1022.077  1483.03 
2025 01 26 11 52 13.47  31.963  10.169  0017.78  03.18  08.30  296.9  009.26  28.667  1022.066  1483.04 
2025 01 26 11 52 13.60  31.945  10.188  0017.68  03.06  08.30  296.9  009.26  28.633  1022.037  1483.07 
2025 01 26 11 52 13.72  31.928  10.210  0017.55  03.03  08.30  296.9  009.26  28.600  1022.007  1483.10 
2025 01 26 11 52 13.85  31.924  10.209  0017.43  02.97  08.30  296.9  009.26  28.596  1022.003  1483.09 
2025 01 26 11 52 13.97  31.923  10.210  0017.34  03.02  08.30  296.9  009.26  28.594  1022.001  1483.09 
2025 01 26 11 52 14.10  31.925  10.206  0017.30  03.02  08.30  296.9  009.26  28.600  1022.006  1483.09 
2025 01 26 11 52 14.22  31.927  10.201  0017.27  03.06  08.31  296.9  009.26  28.605  1022.011  1483.07 
2025 01 26 11 52 14.35  31.928  10.202  0017.28  03.08  08.31  296.9  009.26  28.606  1022.011  1483.08 
2025 01 26 11 52 14.47  31.927  10.206  0017.30  03.20  08.31  296.9  009.26  28.601  1022.007  1483.09 
2025 01 26 11 52 14.60  31.921  10.210  0017.34  03.19  08.31  296.9  009.26  28.592  1022.000  1483.09 
2025 01 26 11 52 14.72  31.919  10.211  0017.39  03.17  08.31  296.9  009.26  28.590  1021.998  1483.09 
2025 01 26 11 52 14.85  31.925  10.206  0017.43  03.28  08.31  296.9  009.26  28.600  1022.007  1483.09 
2025 01 26 11 52 14.97  31.922  10.208  0017.45  03.47  08.31  296.9  009.26  28.595  1022.003  1483.09 
2025 01 26 11 52 15.10  31.918  10.216  0017.47  03.40  08.30  296.9  009.26  28.585  1021.994  1483.10 
2025 01 26 11 52 15.22  31.917  10.212  0017.46  03.25  08.30  296.9  009.26  28.587  1021.995  1483.10 
2025 01 26 11 52 15.35  31.916  10.213  0017.40  03.21  08.30  296.9  009.26  28.585  1021.994  1483.09 
2025 01 26 11 52 15.47  31.912  10.218  0017.33  03.10  08.30  296.9  009.26  28.578  1021.987  1483.10 
2025 01 26 11 52 15.60  31.910  10.221  0017.24  03.03  08.30  296.9  009.26  28.573  1021.983  1483.10 
2025 01 26 11 52 15.72  31.904  10.226  0017.14  03.06  08.30  296.9  009.26  28.563  1021.974  1483.11 
2025 01 26 11 52 15.85  31.900  10.228  0017.04  03.16  08.30  296.9  009.26  28.558  1021.969  1483.11 
2025 01 26 11 52 15.97  31.900  10.229  0016.94  03.23  08.30  296.9  009.26  28.557  1021.967  1483.11 
2025 01 26 11 52 16.10  31.899  10.230  0016.87  03.34  08.30  296.9  009.26  28.555  1021.966  1483.11 
2025 01 26 11 52 16.22  31.898  10.229  0016.80  03.38  08.30  296.9  009.26  28.555  1021.965  1483.11 
2025 01 26 11 52 16.35  31.899  10.229  0016.79  03.36  08.30  296.9  009.26  28.556  1021.966  1483.11 
2025 01 26 11 52 16.47  31.898  10.230  0016.77  03.56  08.30  296.9  009.26  28.554  1021.964  1483.11 
2025 01 26 11 52 16.60  31.896  10.235  0016.83  03.53  08.30  296.9  009.26  28.548  1021.959  1483.12 
2025 01 26 11 52 16.72  31.897  10.230  0016.85  03.40  08.30  296.9  009.26  28.554  1021.964  1483.11 
2025 01 26 11 52 16.85  31.896  10.228  0016.85  03.33  08.30  296.9  009.26  28.554  1021.965  1483.10 
2025 01 26 11 52 16.97  31.893  10.238  0016.88  03.29  08.30  296.9  009.26  28.543  1021.955  1483.13 
2025 01 26 11 52 17.10  31.893  10.237  0016.85  03.31  08.30  296.9  009.26  28.544  1021.956  1483.12 
2025 01 26 11 52 17.22  31.888  10.240  0016.83  03.16  08.31  296.9  009.26  28.537  1021.949  1483.13 
2025 01 26 11 52 17.35  31.884  10.246  0016.77  03.17  08.31  296.9  009.26  28.528  1021.941  1483.13 
2025 01 26 11 52 17.47  31.880  10.248  0016.72  03.18  08.31  296.9  009.26  28.523  1021.936  1483.14 
2025 01 26 11 52 17.60  31.877  10.254  0016.66  03.17  08.31  296.9  009.26  28.515  1021.930  1483.15 
2025 01 26 11 52 17.72  31.875  10.259  0016.58  03.44  08.31  296.9  009.26  28.509  1021.923  1483.16 
2025 01 26 11 52 17.85  31.873  10.262  0016.49  03.41  08.30  296.9  009.26  28.505  1021.919  1483.16 
2025 01 26 11 52 17.97  31.873  10.268  0016.38  03.34  08.30  296.9  009.26  28.499  1021.914  1483.17 
2025 01 26 11 52 18.10  31.869  10.271  0016.32  03.29  08.30  296.7  009.26  28.494  1021.909  1483.18 
2025 01 26 11 52 18.22  31.869  10.267  0016.30  03.29  08.30  296.7  009.26  28.496  1021.911  1483.17 
2025 01 26 11 52 18.35  31.869  10.265  0016.30  03.32  08.30  296.7  009.26  28.499  1021.914  1483.16 
2025 01 26 11 52 18.47  31.867  10.264  0016.31  03.25  08.30  296.7  009.26  28.497  1021.912  1483.15 
2025 01 26 11 52 18.60  31.850  10.286  0016.30  03.39  08.30  296.7  009.26  28.463  1021.882  1483.20 
2025 01 26 11 52 18.72  31.826  10.308  0016.30  03.39  08.30  296.7  009.26  28.423  1021.847  1483.22 
2025 01 26 11 52 18.85  31.821  10.314  0016.32  03.37  08.30  296.7  009.26  28.412  1021.838  1483.24 
2025 01 26 11 52 18.97  31.816  10.319  0016.32  03.39  08.30  296.7  009.26  28.404  1021.831  1483.24 
2025 01 26 11 52 19.10  31.812  10.322  0016.31  03.32  08.31  296.7  009.26  28.398  1021.825  1483.25 
2025 01 26 11 52 19.22  31.810  10.326  0016.30  03.25  08.30  296.7  009.26  28.393  1021.821  1483.25 
2025 01 26 11 52 19.35  31.804  10.342  0016.20  03.25  08.30  296.7  009.26  28.374  1021.803  1483.29 
2025 01 26 11 52 19.47  31.796  10.344  0016.09  03.27  08.30  296.7  009.26  28.364  1021.795  1483.28 
2025 01 26 11 52 19.60  31.791  10.358  0016.02  03.27  08.31  296.7  009.26  28.348  1021.780  1483.31 
2025 01 26 11 52 19.72  31.788  10.360  0015.99  03.37  08.31  296.7  009.26  28.344  1021.776  1483.31 
2025 01 26 11 52 19.85  31.791  10.352  0015.96  03.71  08.31  296.7  009.26  28.354  1021.785  1483.30 
2025 01 26 11 52 19.97  31.796  10.346  0015.95  03.63  08.30  296.7  009.26  28.363  1021.794  1483.28 
2025 01 26 11 52 20.10  31.799  10.343  0015.95  03.58  08.31  296.7  009.26  28.368  1021.797  1483.28 
2025 01 26 11 52 20.22  31.797  10.344  0015.95  03.58  08.31  296.7  009.26  28.365  1021.795  1483.28 
2025 01 26 11 52 20.35  31.790  10.357  0015.94  03.65  08.31  296.7  009.26  28.349  1021.780  1483.31 
2025 01 26 11 52 20.47  31.784  10.362  0015.93  03.79  08.31  296.7  009.26  28.339  1021.771  1483.32 
2025 01 26 11 52 20.60  31.782  10.366  0015.92  03.96  08.31  296.7  009.26  28.333  1021.767  1483.32 
2025 01 26 11 52 20.72  31.780  10.367  0015.91  03.83  08.31  296.7  009.26  28.331  1021.764  1483.32 
2025 01 26 11 52 20.85  31.780  10.365  0015.85  03.70  08.31  296.7  009.26  28.333  1021.766  1483.31 
2025 01 26 11 52 20.97  31.771  10.363  0015.75  03.71  08.31  296.7  009.26  28.325  1021.760  1483.30 
2025 01 26 11 52 21.10  31.759  10.357  0015.67  03.57  08.30  296.4  009.26  28.318  1021.755  1483.26 
2025 01 26 11 52 21.22  31.748  10.359  0015.58  03.54  08.30  296.4  009.26  28.306  1021.745  1483.26 
2025 01 26 11 52 21.35  31.753  10.364  0015.52  03.61  08.31  296.4  009.26  28.307  1021.745  1483.27 
2025 01 26 11 52 21.47  31.760  10.363  0015.53  03.73  08.31  296.4  009.26  28.315  1021.751  1483.28 
2025 01 26 11 52 21.60  31.759  10.359  0015.52  03.93  08.31  296.4  009.26  28.316  1021.752  1483.27 
2025 01 26 11 52 21.72  31.759  10.364  0015.52  04.13  08.31  296.4  009.26  28.313  1021.749  1483.28 
2025 01 26 11 52 21.85  31.765  10.372  0015.52  04.20  08.31  296.4  009.26  28.313  1021.748  1483.31 
2025 01 26 11 52 21.97  31.768  10.377  0015.48  04.12  08.31  296.4  009.26  28.311  1021.746  1483.33 
2025 01 26 11 52 22.10  31.771  10.390  0015.48  04.09  08.31  296.4  009.26  28.304  1021.738  1483.37 
2025 01 26 11 52 22.22  31.779  10.409  0015.47  04.17  08.31  296.4  009.26  28.297  1021.729  1483.43 
2025 01 26 11 52 22.35  31.779  10.394  0015.45  04.10  08.31  296.4  009.26  28.310  1021.742  1483.39 
2025 01 26 11 52 22.47  31.780  10.391  0015.44  04.22  08.31  296.4  009.26  28.313  1021.744  1483.38 
2025 01 26 11 52 22.60  31.790  10.423  0015.39  04.20  08.31  296.4  009.26  28.297  1021.727  1483.48 
2025 01 26 11 52 22.72  31.798  10.436  0015.32  04.24  08.31  296.4  009.26  28.295  1021.723  1483.52 
2025 01 26 11 52 22.85  31.800  10.438  0015.20  04.41  08.31  296.4  009.26  28.296  1021.722  1483.53 
2025 01 26 11 52 22.97  31.801  10.443  0015.13  04.35  08.31  296.4  009.26  28.293  1021.719  1483.54 
2025 01 26 11 52 23.10  31.799  10.443  0015.04  04.24  08.31  296.4  009.26  28.290  1021.716  1483.54 
2025 01 26 11 52 23.22  31.797  10.441  0015.00  04.18  08.32  296.4  009.26  28.291  1021.717  1483.53 
2025 01 26 11 52 23.35  31.795  10.431  0014.98  04.11  08.32  296.4  009.26  28.296  1021.723  1483.50 
2025 01 26 11 52 23.47  31.795  10.431  0014.95  04.02  08.32  296.4  009.26  28.296  1021.723  1483.50 
2025 01 26 11 52 23.60  31.796  10.430  0014.94  04.11  08.32  296.4  009.26  28.298  1021.724  1483.50 
2025 01 26 11 52 23.72  31.795  10.430  0014.94  04.15  08.32  296.4  009.26  28.297  1021.724  1483.50 
2025 01 26 11 52 23.85  31.797  10.436  0014.93  04.08  08.32  296.4  009.26  28.294  1021.721  1483.51 
2025 01 26 11 52 23.97  31.800  10.442  0014.97  04.02  08.32  296.4  009.26  28.293  1021.719  1483.53 
2025 01 26 11 52 24.10  31.801  10.444  0014.97  04.07  08.31  296.9  009.26  28.292  1021.718  1483.54 
2025 01 26 11 52 24.22  31.801  10.446  0014.96  04.30  08.31  296.9  009.26  28.290  1021.716  1483.55 
2025 01 26 11 52 24.35  31.799  10.445  0014.94  04.34  08.31  296.9  009.26  28.289  1021.715  1483.54 
2025 01 26 11 52 24.47  31.798  10.445  0014.87  04.55  08.31  296.9  009.26  28.289  1021.714  1483.53 
2025 01 26 11 52 24.60  31.797  10.444  0014.75  04.43  08.31  296.9  009.26  28.288  1021.713  1483.53 
2025 01 26 11 52 24.72  31.791  10.445  0014.64  04.13  08.31  296.9  009.26  28.282  1021.708  1483.52 
2025 01 26 11 52 24.85  31.788  10.444  0014.59  04.20  08.31  296.9  009.26  28.280  1021.707  1483.52 
2025 01 26 11 52 24.97  31.790  10.443  0014.57  04.32  08.31  296.9  009.26  28.282  1021.708  1483.52 
2025 01 26 11 52 25.10  31.793  10.443  0014.56  04.38  08.31  296.9  009.26  28.285  1021.710  1483.52 
2025 01 26 11 52 25.22  31.793  10.443  0014.56  04.32  08.31  296.9  009.26  28.285  1021.710  1483.52 
2025 01 26 11 52 25.35  31.794  10.442  0014.59  04.30  08.31  296.9  009.26  28.286  1021.712  1483.52 
2025 01 26 11 52 25.47  31.795  10.443  0014.58  04.21  08.31  296.9  009.26  28.286  1021.712  1483.52 
2025 01 26 11 52 25.60  31.794  10.442  0014.57  04.09  08.31  296.9  009.26  28.286  1021.712  1483.52 
2025 01 26 11 52 25.72  31.793  10.443  0014.60  04.51  08.31  296.9  009.26  28.285  1021.711  1483.52 
2025 01 26 11 52 25.85  31.788  10.443  0014.59  04.67  08.31  296.9  009.26  28.281  1021.707  1483.51 
2025 01 26 11 52 25.97  31.786  10.442  0014.58  04.40  08.31  296.9  009.26  28.279  1021.706  1483.51 
2025 01 26 11 52 26.10  31.784  10.442  0014.54  04.15  08.31  296.9  009.26  28.277  1021.704  1483.51 
2025 01 26 11 52 26.22  31.781  10.442  0014.46  04.22  08.32  296.9  009.26  28.274  1021.702  1483.50 
2025 01 26 11 52 26.35  31.782  10.443  0014.34  04.32  08.31  296.9  009.26  28.274  1021.701  1483.50 
2025 01 26 11 52 26.47  31.782  10.443  0014.25  04.25  08.32  296.9  009.26  28.274  1021.700  1483.50 
2025 01 26 11 52 26.60  31.780  10.443  0014.14  04.09  08.32  296.9  009.26  28.273  1021.699  1483.50 
2025 01 26 11 52 26.72  31.779  10.443  0014.06  04.01  08.32  296.9  009.26  28.272  1021.698  1483.50 
2025 01 26 11 52 26.85  31.778  10.442  0014.03  04.02  08.32  296.9  009.26  28.271  1021.697  1483.49 
2025 01 26 11 52 26.97  31.777  10.443  0014.04  04.11  08.32  296.9  009.26  28.270  1021.696  1483.49 
2025 01 26 11 52 27.10  31.778  10.443  0014.05  04.13  08.31  297.9  009.26  28.270  1021.697  1483.49 
2025 01 26 11 52 27.22  31.777  10.442  0014.08  04.03  08.31  297.9  009.26  28.270  1021.697  1483.49 
2025 01 26 11 52 27.35  31.776  10.443  0014.08  03.98  08.31  297.9  009.26  28.268  1021.695  1483.49 
2025 01 26 11 52 27.47  31.775  10.442  0014.11  04.11  08.31  297.9  009.26  28.269  1021.696  1483.49 
2025 01 26 11 52 27.60  31.775  10.444  0014.13  04.06  08.31  297.9  009.26  28.267  1021.695  1483.49 
2025 01 26 11 52 27.72  31.775  10.443  0014.14  04.00  08.31  297.9  009.26  28.268  1021.695  1483.49 
2025 01 26 11 52 27.85  31.775  10.442  0014.13  03.96  08.31  297.9  009.26  28.269  1021.696  1483.49 
2025 01 26 11 52 27.97  31.775  10.442  0014.12  03.92  08.31  297.9  009.26  28.268  1021.696  1483.49 
2025 01 26 11 52 28.10  31.772  10.442  0014.07  03.92  08.32  297.9  009.26  28.265  1021.693  1483.49 
2025 01 26 11 52 28.22  31.771  10.441  0014.07  04.01  08.31  297.9  009.26  28.265  1021.693  1483.48 
2025 01 26 11 52 28.35  31.766  10.439  0014.01  04.07  08.31  297.9  009.26  28.261  1021.690  1483.47 
2025 01 26 11 52 28.47  31.756  10.435  0013.97  04.22  08.31  297.9  009.26  28.256  1021.686  1483.44 
2025 01 26 11 52 28.60  31.748  10.430  0013.90  04.06  08.31  297.9  009.26  28.252  1021.684  1483.42 
2025 01 26 11 52 28.72  31.746  10.430  0013.85  03.88  08.31  297.9  009.26  28.249  1021.681  1483.42 
2025 01 26 11 52 28.85  31.745  10.430  0013.77  03.77  08.31  297.9  009.26  28.249  1021.681  1483.41 
2025 01 26 11 52 28.97  31.747  10.427  0013.71  03.82  08.31  297.9  009.26  28.252  1021.684  1483.41 
2025 01 26 11 52 29.10  31.744  10.427  0013.64  03.90  08.32  297.9  009.26  28.250  1021.681  1483.41 
2025 01 26 11 52 29.22  31.740  10.428  0013.63  03.96  08.32  297.9  009.26  28.246  1021.678  1483.40 
2025 01 26 11 52 29.35  31.744  10.429  0013.61  03.96  08.32  297.9  009.26  28.248  1021.679  1483.41 
2025 01 26 11 52 29.47  31.745  10.428  0013.62  04.05  08.32  297.9  009.26  28.250  1021.681  1483.41 
2025 01 26 11 52 29.60  31.743  10.427  0013.63  04.33  08.32  297.9  009.26  28.248  1021.680  1483.40 
2025 01 26 11 52 29.72  31.736  10.423  0013.59  04.23  08.32  297.9  009.26  28.245  1021.678  1483.38 
2025 01 26 11 52 29.85  31.731  10.422  0013.61  04.27  08.32  297.9  009.26  28.240  1021.675  1483.38 
2025 01 26 11 52 29.97  31.725  10.420  0013.62  04.27  08.32  297.9  009.26  28.237  1021.672  1483.36 
2025 01 26 11 52 30.10  31.719  10.408  0013.64  04.18  08.31  298.3  009.26  28.239  1021.676  1483.32 
2025 01 26 11 52 30.22  31.712  10.405  0013.62  04.17  08.31  298.3  009.26  28.235  1021.674  1483.31 
2025 01 26 11 52 30.35  31.707  10.404  0013.60  04.00  08.31  298.3  009.26  28.231  1021.671  1483.30 
2025 01 26 11 52 30.47  31.698  10.399  0013.54  03.89  08.30  298.3  009.26  28.226  1021.667  1483.27 
2025 01 26 11 52 30.60  31.686  10.393  0013.42  03.87  08.31  298.3  009.26  28.220  1021.663  1483.24 
2025 01 26 11 52 30.72  31.679  10.391  0013.30  03.66  08.31  298.3  009.26  28.214  1021.658  1483.23 
2025 01 26 11 52 30.85  31.677  10.393  0013.21  03.58  08.31  298.3  009.26  28.210  1021.654  1483.23 
2025 01 26 11 52 30.97  31.677  10.394  0013.15  03.61  08.31  298.3  009.26  28.210  1021.653  1483.23 
2025 01 26 11 52 31.10  31.680  10.396  0013.10  03.77  08.31  298.3  009.26  28.211  1021.653  1483.24 
2025 01 26 11 52 31.22  31.682  10.397  0013.08  03.92  08.31  298.3  009.26  28.213  1021.655  1483.24 
2025 01 26 11 52 31.35  31.679  10.396  0013.11  04.02  08.31  298.3  009.26  28.210  1021.653  1483.24 
2025 01 26 11 52 31.47  31.674  10.396  0013.10  04.34  08.31  298.3  009.26  28.206  1021.650  1483.23 
2025 01 26 11 52 31.60  31.670  10.395  0013.13  04.29  08.31  298.3  009.26  28.201  1021.647  1483.22 
2025 01 26 11 52 31.72  31.669  10.395  0013.19  04.20  08.31  298.3  009.26  28.201  1021.647  1483.22 
2025 01 26 11 52 31.85  31.670  10.395  0013.22  04.09  08.31  298.3  009.26  28.202  1021.648  1483.22 
2025 01 26 11 52 31.97  31.665  10.394  0013.24  04.10  08.31  298.3  009.26  28.197  1021.644  1483.22 
2025 01 26 11 52 32.10  31.662  10.395  0013.25  04.00  08.31  298.3  009.26  28.194  1021.641  1483.21 
2025 01 26 11 52 32.22  31.662  10.394  0013.20  03.86  08.31  298.3  009.26  28.194  1021.642  1483.21 
2025 01 26 11 52 32.35  31.661  10.394  0013.11  03.84  08.32  298.3  009.26  28.194  1021.641  1483.21 
2025 01 26 11 52 32.47  31.655  10.394  0013.01  03.86  08.31  298.3  009.26  28.188  1021.636  1483.20 
2025 01 26 11 52 32.60  31.652  10.397  0012.92  03.97  08.31  298.3  009.26  28.183  1021.631  1483.20 
2025 01 26 11 52 32.72  31.650  10.400  0012.84  04.10  08.32  298.3  009.26  28.178  1021.626  1483.21 
2025 01 26 11 52 32.85  31.648  10.401  0012.76  04.11  08.32  298.3  009.26  28.176  1021.624  1483.21 
2025 01 26 11 52 32.97  31.650  10.399  0012.71  04.06  08.31  298.3  009.26  28.179  1021.626  1483.20 
2025 01 26 11 52 33.10  31.652  10.400  0012.69  04.08  08.31  298.1  009.26  28.181  1021.628  1483.21 
2025 01 26 11 52 33.22  31.647  10.401  0012.70  04.26  08.31  298.1  009.26  28.175  1021.623  1483.21 
2025 01 26 11 52 33.35  31.643  10.404  0012.72  04.24  08.31  298.1  009.26  28.169  1021.618  1483.21 
2025 01 26 11 52 33.47  31.642  10.405  0012.78  04.13  08.31  298.1  009.26  28.167  1021.617  1483.21 
2025 01 26 11 52 33.60  31.642  10.403  0012.81  04.27  08.31  298.1  009.26  28.169  1021.618  1483.21 
2025 01 26 11 52 33.72  31.640  10.405  0012.85  04.20  08.31  298.1  009.26  28.165  1021.615  1483.21 
2025 01 26 11 52 33.85  31.637  10.406  0012.86  04.11  08.31  298.1  009.26  28.161  1021.612  1483.21 
2025 01 26 11 52 33.97  31.634  10.406  0012.85  04.02  08.31  298.1  009.26  28.158  1021.610  1483.20 
2025 01 26 11 52 34.10  31.636  10.405  0012.81  03.92  08.31  298.1  009.26  28.161  1021.612  1483.21 
2025 01 26 11 52 34.22  31.633  10.406  0012.74  04.03  08.31  298.1  009.26  28.157  1021.608  1483.20 
2025 01 26 11 52 34.35  31.630  10.411  0012.62  04.16  08.31  298.1  009.26  28.150  1021.602  1483.21 
2025 01 26 11 52 34.47  31.627  10.414  0012.50  04.14  08.31  298.1  009.26  28.145  1021.597  1483.21 
2025 01 26 11 52 34.60  31.623  10.419  0012.36  04.14  08.31  298.1  009.26  28.137  1021.589  1483.22 
2025 01 26 11 52 34.72  31.621  10.420  0012.26  04.08  08.31  298.1  009.26  28.135  1021.587  1483.22 
2025 01 26 11 52 34.85  31.622  10.420  0012.16  04.15  08.31  298.1  009.26  28.136  1021.587  1483.22 
2025 01 26 11 52 34.97  31.624  10.418  0012.10  04.53  08.30  298.1  009.26  28.139  1021.590  1483.21 
2025 01 26 11 52 35.10  31.623  10.419  0012.10  04.62  08.31  298.1  009.26  28.138  1021.588  1483.22 
2025 01 26 11 52 35.22  31.622  10.420  0012.14  04.42  08.31  298.1  009.26  28.135  1021.586  1483.22 
2025 01 26 11 52 35.35  31.619  10.425  0012.15  04.38  08.31  298.1  009.26  28.129  1021.581  1483.23 
2025 01 26 11 52 35.47  31.618  10.424  0012.20  04.21  08.31  298.1  009.26  28.129  1021.581  1483.22 
2025 01 26 11 52 35.60  31.618  10.422  0012.22  04.17  08.31  298.1  009.26  28.130  1021.582  1483.22 
2025 01 26 11 52 35.72  31.618  10.423  0012.22  04.27  08.31  298.1  009.26  28.129  1021.582  1483.22 
2025 01 26 11 52 35.85  31.616  10.424  0012.21  04.36  08.31  298.1  009.26  28.127  1021.580  1483.22 
2025 01 26 11 52 35.97  31.616  10.426  0012.20  04.22  08.31  298.1  009.26  28.126  1021.578  1483.23 
2025 01 26 11 52 36.10  31.615  10.426  0012.18  04.08  08.31  297.5  009.26  28.125  1021.578  1483.23 
2025 01 26 11 52 36.22  31.613  10.431  0012.10  04.01  08.31  297.5  009.26  28.119  1021.572  1483.23 
2025 01 26 11 52 36.35  31.602  10.446  0012.00  04.15  08.31  297.5  009.26  28.096  1021.551  1483.26 
2025 01 26 11 52 36.47  31.587  10.458  0011.91  04.11  08.31  297.5  009.29  28.072  1021.530  1483.27 
2025 01 26 11 52 36.60  31.574  10.464  0011.84  04.08  08.31  297.5  009.26  28.055  1021.516  1483.27 
2025 01 26 11 52 36.72  31.570  10.466  0011.80  04.11  08.31  297.5  009.26  28.050  1021.511  1483.27 
2025 01 26 11 52 36.85  31.576  10.458  0011.77  04.45  08.31  297.5  009.26  28.062  1021.522  1483.26 
2025 01 26 11 52 36.97  31.584  10.454  0011.79  04.52  08.31  297.5  009.26  28.072  1021.530  1483.26 
2025 01 26 11 52 37.10  31.580  10.455  0011.83  04.41  08.31  297.5  009.26  28.068  1021.527  1483.26 
2025 01 26 11 52 37.22  31.564  10.464  0011.87  04.51  08.31  297.5  009.26  28.045  1021.508  1483.26 
2025 01 26 11 52 37.35  31.552  10.470  0011.90  04.42  08.31  297.5  009.26  28.028  1021.494  1483.26 
2025 01 26 11 52 37.47  31.556  10.474  0011.96  04.77  08.31  297.5  009.26  28.029  1021.494  1483.28 
2025 01 26 11 52 37.60  31.557  10.475  0011.96  04.67  08.31  297.5  009.26  28.029  1021.495  1483.28 
2025 01 26 11 52 37.72  31.557  10.474  0011.93  04.44  08.31  297.5  009.26  28.030  1021.495  1483.28 
2025 01 26 11 52 37.85  31.557  10.472  0011.90  04.30  08.31  297.5  009.26  28.032  1021.497  1483.27 
2025 01 26 11 52 37.97  31.555  10.472  0011.85  04.33  08.31  297.5  009.26  28.030  1021.495  1483.27 
2025 01 26 11 52 38.10  31.552  10.473  0011.77  04.25  08.31  297.5  009.26  28.026  1021.491  1483.27 
2025 01 26 11 52 38.22  31.536  10.471  0011.66  04.25  08.31  297.5  009.26  28.012  1021.480  1483.24 
2025 01 26 11 52 38.35  31.529  10.467  0011.52  04.29  08.32  297.5  009.26  28.008  1021.477  1483.22 
2025 01 26 11 52 38.47  31.522  10.463  0011.41  04.66  08.31  297.5  009.26  28.004  1021.474  1483.20 
2025 01 26 11 52 38.60  31.516  10.462  0011.30  04.63  08.31  297.5  009.26  27.999  1021.470  1483.19 
2025 01 26 11 52 38.72  31.517  10.463  0011.24  04.44  08.31  297.5  009.26  28.000  1021.470  1483.19 
2025 01 26 11 52 38.85  31.520  10.463  0011.23  04.36  08.31  297.5  009.26  28.003  1021.473  1483.20 
2025 01 26 11 52 38.97  31.518  10.463  0011.23  04.47  08.31  297.5  009.26  28.001  1021.471  1483.20 
2025 01 26 11 52 39.10  31.512  10.463  0011.25  04.67  08.31  297.0  009.26  27.995  1021.466  1483.19 
2025 01 26 11 52 39.22  31.506  10.464  0011.27  04.76  08.31  297.0  009.26  27.988  1021.461  1483.18 
2025 01 26 11 52 39.35  31.506  10.465  0011.29  04.51  08.31  297.0  009.26  27.987  1021.460  1483.19 
2025 01 26 11 52 39.47  31.504  10.464  0011.29  04.46  08.31  297.0  009.26  27.986  1021.460  1483.18 
2025 01 26 11 52 39.60  31.502  10.463  0011.26  04.50  08.31  297.0  009.26  27.985  1021.459  1483.18 
2025 01 26 11 52 39.72  31.502  10.464  0011.23  04.50  08.31  297.0  009.26  27.985  1021.458  1483.18 
2025 01 26 11 52 39.85  31.499  10.466  0011.16  04.65  08.31  297.0  009.26  27.980  1021.454  1483.18 
2025 01 26 11 52 39.97  31.497  10.468  0011.12  04.53  08.31  297.0  009.26  27.976  1021.450  1483.18 
2025 01 26 11 52 40.10  31.496  10.468  0011.07  04.54  08.31  297.0  009.26  27.975  1021.449  1483.18 
2025 01 26 11 52 40.22  31.498  10.474  0011.01  04.74  08.31  297.0  009.26  27.972  1021.446  1483.20 
2025 01 26 11 52 40.35  31.499  10.487  0010.89  04.61  08.31  297.0  009.26  27.964  1021.437  1483.23 
2025 01 26 11 52 40.47  31.498  10.490  0010.81  04.60  08.31  297.0  009.26  27.961  1021.433  1483.24 
2025 01 26 11 52 40.60  31.491  10.506  0010.73  04.58  08.31  297.0  009.26  27.942  1021.416  1483.27 
2025 01 26 11 52 40.72  31.489  10.506  0010.68  04.70  08.31  297.0  009.26  27.939  1021.414  1483.27 
2025 01 26 11 52 40.85  31.491  10.501  0010.65  04.81  08.31  297.0  009.26  27.945  1021.419  1483.26 
2025 01 26 11 52 40.97  31.491  10.502  0010.65  04.69  08.31  297.0  009.26  27.945  1021.419  1483.26 
2025 01 26 11 52 41.10  31.487  10.509  0010.62  04.71  08.31  297.0  009.26  27.936  1021.410  1483.27 
2025 01 26 11 52 41.22  31.480  10.511  0010.62  05.04  08.32  297.0  009.26  27.927  1021.403  1483.27 
2025 01 26 11 52 41.35  31.477  10.512  0010.61  05.16  08.32  297.0  009.26  27.923  1021.399  1483.27 
2025 01 26 11 52 41.47  31.477  10.518  0010.60  05.05  08.32  297.0  009.26  27.918  1021.395  1483.29 
2025 01 26 11 52 41.60  31.474  10.530  0010.61  04.93  08.32  297.0  009.26  27.906  1021.383  1483.31 
2025 01 26 11 52 41.72  31.470  10.529  0010.61  05.12  08.32  297.0  009.26  27.903  1021.381  1483.31 
2025 01 26 11 52 41.85  31.467  10.530  0010.61  05.28  08.31  297.0  009.26  27.899  1021.378  1483.30 
2025 01 26 11 52 41.97  31.465  10.529  0010.60  05.32  08.31  297.0  009.26  27.898  1021.377  1483.30 
2025 01 26 11 52 42.10  31.467  10.535  0010.57  05.10  08.31  297.1  009.26  27.896  1021.375  1483.32 
2025 01 26 11 52 42.22  31.465  10.538  0010.48  05.03  08.31  297.1  009.26  27.891  1021.370  1483.32 
2025 01 26 11 52 42.35  31.463  10.548  0010.39  04.91  08.31  297.1  009.26  27.882  1021.361  1483.35 
2025 01 26 11 52 42.47  31.456  10.557  0010.28  04.87  08.31  297.1  009.26  27.868  1021.348  1483.36 
2025 01 26 11 52 42.60  31.450  10.560  0010.17  04.78  08.31  297.1  009.26  27.860  1021.341  1483.36 
2025 01 26 11 52 42.72  31.451  10.556  0010.11  04.89  08.31  297.1  009.26  27.865  1021.345  1483.35 
2025 01 26 11 52 42.85  31.454  10.556  0010.13  05.11  08.31  297.1  009.26  27.867  1021.347  1483.35 
2025 01 26 11 52 42.97  31.455  10.553  0010.12  05.22  08.31  297.1  009.26  27.870  1021.350  1483.35 
2025 01 26 11 52 43.10  31.456  10.550  0010.14  05.11  08.31  297.1  009.26  27.874  1021.353  1483.34 
2025 01 26 11 52 43.22  31.455  10.553  0010.15  05.32  08.31  297.1  009.26  27.870  1021.350  1483.34 
2025 01 26 11 52 43.35  31.454  10.556  0010.15  05.13  08.31  297.1  009.26  27.867  1021.347  1483.35 
2025 01 26 11 52 43.47  31.452  10.563  0010.14  05.59  08.31  297.1  009.26  27.860  1021.340  1483.37 
2025 01 26 11 52 43.60  31.455  10.561  0010.15  05.53  08.31  297.1  009.26  27.864  1021.344  1483.37 
2025 01 26 11 52 43.72  31.452  10.569  0010.18  05.43  08.31  297.1  009.26  27.856  1021.336  1483.39 
2025 01 26 11 52 43.85  31.447  10.580  0010.16  05.27  08.31  297.1  009.26  27.842  1021.324  1483.41 
2025 01 26 11 52 43.97  31.446  10.578  0010.16  05.17  08.31  297.1  009.26  27.842  1021.324  1483.40 
2025 01 26 11 52 44.10  31.442  10.575  0010.11  05.21  08.31  297.1  009.26  27.841  1021.324  1483.39 
2025 01 26 11 52 44.22  31.422  10.581  0010.05  05.25  08.32  297.1  009.26  27.817  1021.304  1483.38 
2025 01 26 11 52 44.35  31.406  10.585  0009.95  05.22  08.32  297.1  009.26  27.798  1021.288  1483.37 
2025 01 26 11 52 44.47  31.395  10.589  0009.82  05.22  08.32  297.1  009.26  27.785  1021.276  1483.37 
2025 01 26 11 52 44.60  31.390  10.589  0009.69  05.20  08.32  297.1  009.26  27.779  1021.271  1483.36 
2025 01 26 11 52 44.72  31.389  10.591  0009.57  05.13  08.32  297.1  009.26  27.778  1021.269  1483.36 
2025 01 26 11 52 44.85  31.390  10.591  0009.52  05.63  08.32  297.1  009.26  27.779  1021.270  1483.36 
2025 01 26 11 52 44.97  31.390  10.589  0009.49  05.66  08.32  297.1  009.26  27.779  1021.270  1483.36 
2025 01 26 11 52 45.10  31.389  10.590  0009.49  05.67  08.31  297.0  009.26  27.778  1021.269  1483.36 
2025 01 26 11 52 45.22  31.388  10.592  0009.51  05.58  08.31  297.0  009.26  27.775  1021.267  1483.36 
2025 01 26 11 52 45.35  31.388  10.592  0009.52  05.68  08.31  297.0  009.26  27.775  1021.266  1483.36 
2025 01 26 11 52 45.47  31.385  10.593  0009.52  05.70  08.31  297.0  009.26  27.772  1021.265  1483.36 
2025 01 26 11 52 45.60  31.381  10.596  0009.54  06.05  08.31  297.0  009.26  27.765  1021.258  1483.36 
2025 01 26 11 52 45.72  31.380  10.596  0009.53  06.32  08.31  297.0  009.26  27.764  1021.258  1483.36 
2025 01 26 11 52 45.85  31.382  10.597  0009.53  06.40  08.31  297.0  009.26  27.766  1021.259  1483.37 
2025 01 26 11 52 45.97  31.385  10.595  0009.53  06.13  08.31  297.0  009.26  27.770  1021.262  1483.37 
2025 01 26 11 52 46.10  31.382  10.593  0009.50  05.65  08.31  297.0  009.26  27.769  1021.261  1483.36 
2025 01 26 11 52 46.22  31.381  10.595  0009.46  05.49  08.31  297.0  009.26  27.766  1021.259  1483.36 
2025 01 26 11 52 46.35  31.380  10.597  0009.40  05.25  08.31  297.0  009.26  27.764  1021.257  1483.36 
2025 01 26 11 52 46.47  31.376  10.598  0009.28  05.32  08.31  297.0  009.26  27.759  1021.252  1483.36 
2025 01 26 11 52 46.60  31.369  10.600  0009.16  05.65  08.31  297.0  009.26  27.751  1021.245  1483.36 
2025 01 26 11 52 46.72  31.368  10.605  0009.05  05.74  08.31  297.0  009.26  27.746  1021.240  1483.37 
2025 01 26 11 52 46.85  31.366  10.609  0008.94  05.96  08.32  297.0  009.26  27.740  1021.234  1483.37 
2025 01 26 11 52 46.97  31.368  10.609  0008.89  06.00  08.31  297.0  009.26  27.743  1021.236  1483.37 
2025 01 26 11 52 47.10  31.368  10.609  0008.88  06.12  08.32  297.0  009.26  27.743  1021.236  1483.38 
2025 01 26 11 52 47.22  31.366  10.609  0008.87  06.00  08.32  297.0  009.26  27.741  1021.235  1483.37 
2025 01 26 11 52 47.35  31.368  10.614  0008.87  06.09  08.32  297.0  009.26  27.739  1021.232  1483.39 
2025 01 26 11 52 47.47  31.367  10.616  0008.88  06.28  08.32  297.0  009.26  27.737  1021.230  1483.39 
2025 01 26 11 52 47.60  31.366  10.621  0008.88  06.29  08.32  297.0  009.26  27.733  1021.226  1483.40 
2025 01 26 11 52 47.72  31.363  10.626  0008.89  06.20  08.32  297.0  009.26  27.725  1021.220  1483.41 
2025 01 26 11 52 47.85  31.363  10.630  0008.94  06.11  08.32  297.0  009.26  27.723  1021.217  1483.43 
2025 01 26 11 52 47.97  31.362  10.632  0008.96  06.44  08.32  297.0  009.26  27.720  1021.215  1483.43 
2025 01 26 11 52 48.10  31.362  10.631  0008.98  06.66  08.32  297.2  009.26  27.720  1021.215  1483.43 
2025 01 26 11 52 48.22  31.361  10.632  0008.98  06.56  08.31  297.2  009.26  27.719  1021.214  1483.43 
2025 01 26 11 52 48.35  31.360  10.630  0008.97  06.45  08.31  297.2  009.26  27.719  1021.214  1483.42 
2025 01 26 11 52 48.47  31.361  10.631  0008.94  06.23  08.31  297.2  009.26  27.719  1021.214  1483.43 
2025 01 26 11 52 48.60  31.361  10.632  0008.83  06.21  08.31  297.2  009.26  27.718  1021.213  1483.43 
2025 01 26 11 52 48.72  31.361  10.634  0008.70  06.25  08.32  297.2  009.26  27.717  1021.211  1483.43 
2025 01 26 11 52 48.85  31.334  10.672  0008.56  06.46  08.32  297.2  009.26  27.662  1021.162  1483.50 
2025 01 26 11 52 48.97  31.292  10.704  0008.45  06.86  08.32  297.2  009.26  27.598  1021.106  1483.53 
2025 01 26 11 52 49.10  31.273  10.694  0008.38  07.26  08.32  297.2  009.26  27.586  1021.098  1483.49 
2025 01 26 11 52 49.22  31.280  10.701  0008.34  07.40  08.32  297.2  009.26  27.587  1021.097  1483.51 
2025 01 26 11 52 49.35  31.279  10.707  0008.34  07.57  08.32  297.2  009.26  27.582  1021.093  1483.53 
2025 01 26 11 52 49.47  31.268  10.712  0008.36  07.72  08.32  297.2  009.26  27.568  1021.081  1483.53 
2025 01 26 11 52 49.60  31.262  10.719  0008.42  07.74  08.32  297.2  009.26  27.556  1021.071  1483.54 
2025 01 26 11 52 49.72  31.256  10.723  0008.44  07.49  08.32  297.2  009.26  27.548  1021.064  1483.54 
2025 01 26 11 52 49.85  31.241  10.735  0008.49  07.55  08.32  297.2  009.26  27.524  1021.044  1483.56 
2025 01 26 11 52 49.97  31.235  10.734  0008.52  07.81  08.32  297.2  009.26  27.519  1021.040  1483.55 
2025 01 26 11 52 50.10  31.238  10.731  0008.51  07.99  08.32  297.2  009.26  27.524  1021.045  1483.55 
2025 01 26 11 52 50.22  31.237  10.731  0008.47  07.88  08.33  297.2  009.26  27.523  1021.044  1483.54 
2025 01 26 11 52 50.35  31.233  10.735  0008.43  07.87  08.33  297.2  009.26  27.517  1021.038  1483.55 
2025 01 26 11 52 50.47  31.229  10.738  0008.40  08.01  08.33  297.2  009.26  27.510  1021.032  1483.55 
2025 01 26 11 52 50.60  31.225  10.738  0008.36  07.95  08.33  297.2  009.26  27.506  1021.028  1483.55 
2025 01 26 11 52 50.72  31.221  10.742  0008.30  07.90  08.33  297.2  009.26  27.500  1021.023  1483.55 
2025 01 26 11 52 50.85  31.219  10.743  0008.23  07.97  08.33  297.2  009.26  27.497  1021.020  1483.55 
2025 01 26 11 52 50.97  31.220  10.744  0008.10  08.08  08.33  297.2  009.26  27.497  1021.019  1483.55 
2025 01 26 11 52 51.10  31.221  10.744  0008.02  07.84  08.32  297.8  009.26  27.498  1021.020  1483.55 
2025 01 26 11 52 51.22  31.222  10.743  0007.93  07.80  08.32  297.8  009.26  27.500  1021.021  1483.55 
2025 01 26 11 52 51.35  31.221  10.742  0007.85  08.08  08.32  297.8  009.26  27.500  1021.021  1483.54 
2025 01 26 11 52 51.47  31.222  10.742  0007.82  08.68  08.32  297.8  009.26  27.501  1021.022  1483.54 
2025 01 26 11 52 51.60  31.223  10.742  0007.83  08.57  08.32  297.8  009.26  27.502  1021.022  1483.55 
2025 01 26 11 52 51.72  31.224  10.741  0007.81  08.62  08.32  297.8  009.26  27.504  1021.024  1483.54 
2025 01 26 11 52 51.85  31.221  10.744  0007.81  08.40  08.32  297.8  009.26  27.498  1021.019  1483.55 
2025 01 26 11 52 51.97  31.218  10.746  0007.82  08.18  08.32  297.8  009.26  27.494  1021.016  1483.55 
2025 01 26 11 52 52.10  31.217  10.746  0007.80  08.34  08.32  297.8  009.26  27.494  1021.015  1483.55 
2025 01 26 11 52 52.22  31.217  10.746  0007.78  09.08  08.32  297.8  009.26  27.493  1021.014  1483.55 
2025 01 26 11 52 52.35  31.217  10.745  0007.80  09.53  08.32  297.8  009.26  27.494  1021.015  1483.55 
2025 01 26 11 52 52.47  31.217  10.747  0007.81  09.85  08.32  297.8  009.26  27.493  1021.014  1483.55 
2025 01 26 11 52 52.60  31.216  10.747  0007.84  10.11  08.32  297.8  009.26  27.491  1021.013  1483.55 
2025 01 26 11 52 52.72  31.217  10.748  0007.84  10.22  08.32  297.8  009.26  27.492  1021.013  1483.56 
2025 01 26 11 52 52.85  31.217  10.747  0007.81  10.03  08.32  297.8  009.26  27.492  1021.014  1483.55 
2025 01 26 11 52 52.97  31.216  10.747  0007.79  09.82  08.32  297.8  009.26  27.491  1021.013  1483.55 
2025 01 26 11 52 53.10  31.216  10.747  0007.77  09.97  08.32  297.8  009.26  27.491  1021.013  1483.55 
2025 01 26 11 52 53.22  31.217  10.749  0007.70  09.93  08.33  297.8  009.26  27.491  1021.012  1483.55 
2025 01 26 11 52 53.35  31.213  10.749  0007.63  09.90  08.33  297.8  009.26  27.487  1021.009  1483.55 
2025 01 26 11 52 53.47  31.211  10.753  0007.55  09.78  08.33  297.8  009.26  27.482  1021.004  1483.56 
2025 01 26 11 52 53.60  31.213  10.760  0007.44  09.78  08.33  297.8  009.26  27.479  1021.000  1483.58 
2025 01 26 11 52 53.72  31.200  10.783  0007.38  09.97  08.33  297.8  009.26  27.449  1020.972  1483.62 
2025 01 26 11 52 53.85  31.187  10.791  0007.29  10.35  08.33  297.8  009.26  27.430  1020.956  1483.63 
2025 01 26 11 52 53.97  31.184  10.787  0007.30  10.76  08.33  297.8  009.26  27.430  1020.957  1483.61 
2025 01 26 11 52 54.10  31.187  10.786  0007.27  10.73  08.32  298.2  009.26  27.434  1020.960  1483.62 
2025 01 26 11 52 54.22  31.191  10.779  0007.26  10.84  08.32  298.2  009.26  27.443  1020.968  1483.60 
2025 01 26 11 52 54.35  31.177  10.800  0007.27  10.74  08.32  298.2  009.26  27.414  1020.942  1483.64 
2025 01 26 11 52 54.47  31.141  10.841  0007.29  10.68  08.33  298.2  009.26  27.348  1020.884  1483.71 
2025 01 26 11 52 54.60  31.131  10.853  0007.28  10.87  08.33  298.2  009.26  27.329  1020.868  1483.73 
2025 01 26 11 52 54.72  31.126  10.852  0007.25  10.92  08.33  298.2  009.26  27.326  1020.865  1483.72 
2025 01 26 11 52 54.85  31.121  10.850  0007.25  11.24  08.33  298.2  009.26  27.322  1020.862  1483.71 
2025 01 26 11 52 54.97  31.119  10.846  0007.26  11.22  08.33  298.2  009.26  27.323  1020.864  1483.70 
2025 01 26 11 52 55.10  31.113  10.860  0007.28  11.48  08.33  298.2  009.26  27.307  1020.849  1483.73 
2025 01 26 11 52 55.22  31.108  10.863  0007.31  11.82  08.33  298.2  009.26  27.299  1020.843  1483.73 
2025 01 26 11 52 55.35  31.106  10.863  0007.30  11.60  08.33  298.2  009.26  27.298  1020.842  1483.73 
2025 01 26 11 52 55.47  31.104  10.869  0007.28  11.48  08.33  298.2  009.26  27.291  1020.835  1483.74 
2025 01 26 11 52 55.60  31.100  10.875  0007.22  11.75  08.33  298.2  009.26  27.283  1020.828  1483.75 
2025 01 26 11 52 55.72  31.090  10.880  0007.16  11.37  08.33  298.2  009.26  27.270  1020.817  1483.75 
2025 01 26 11 52 55.85  31.073  10.892  0007.07  11.19  08.33  298.2  009.26  27.245  1020.795  1483.76 
2025 01 26 11 52 55.97  31.063  10.895  0006.99  10.91  08.33  298.2  009.26  27.232  1020.784  1483.76 
2025 01 26 11 52 56.10  31.049  10.900  0006.88  10.80  08.33  298.2  009.26  27.215  1020.770  1483.75 
2025 01 26 11 52 56.22  31.034  10.901  0006.78  11.05  08.34  298.2  009.26  27.200  1020.757  1483.74 
2025 01 26 11 52 56.35  31.030  10.902  0006.68  10.95  08.34  298.2  009.26  27.195  1020.753  1483.73 
2025 01 26 11 52 56.47  31.033  10.900  0006.62  11.03  08.34  298.2  009.26  27.200  1020.756  1483.73 
2025 01 26 11 52 56.60  31.034  10.898  0006.63  11.15  08.34  298.2  009.26  27.202  1020.758  1483.73 
2025 01 26 11 52 56.72  31.031  10.901  0006.66  11.24  08.34  298.2  009.26  27.198  1020.755  1483.73 
2025 01 26 11 52 56.85  31.027  10.902  0006.69  11.38  08.34  298.2  009.26  27.193  1020.751  1483.73 
2025 01 26 11 52 56.97  31.026  10.901  0006.72  11.25  08.34  298.2  009.26  27.193  1020.752  1483.73 
2025 01 26 11 52 57.10  31.022  10.901  0006.75  11.30  08.33  298.6  009.26  27.189  1020.748  1483.73 
2025 01 26 11 52 57.22  31.015  10.903  0006.77  11.32  08.33  298.6  009.29  27.180  1020.741  1483.72 
2025 01 26 11 52 57.35  31.011  10.905  0006.76  11.66  08.33  298.6  009.26  27.174  1020.736  1483.72 
2025 01 26 11 52 57.47  31.012  10.905  0006.76  11.51  08.33  298.6  009.26  27.176  1020.737  1483.72 
2025 01 26 11 52 57.60  31.011  10.907  0006.74  11.37  08.34  298.6  009.26  27.173  1020.735  1483.73 
2025 01 26 11 52 57.72  31.006  10.910  0006.67  11.37  08.33  298.6  009.26  27.166  1020.729  1483.73 
2025 01 26 11 52 57.85  31.000  10.911  0006.63  11.45  08.33  298.6  009.26  27.160  1020.723  1483.72 
2025 01 26 11 52 57.97  30.992  10.913  0006.55  11.73  08.34  298.6  009.26  27.151  1020.716  1483.72 
2025 01 26 11 52 58.10  30.984  10.917  0006.45  11.65  08.34  298.6  009.26  27.140  1020.706  1483.72 
2025 01 26 11 52 58.22  30.972  10.922  0006.36  11.46  08.34  298.6  009.26  27.125  1020.694  1483.72 
2025 01 26 11 52 58.35  30.959  10.927  0006.24  11.23  08.34  298.6  009.26  27.109  1020.679  1483.71 
2025 01 26 11 52 58.47  30.950  10.928  0006.17  11.41  08.34  298.6  009.26  27.099  1020.671  1483.70 
2025 01 26 11 52 58.60  30.945  10.929  0006.13  11.21  08.34  298.6  009.26  27.094  1020.667  1483.70 
2025 01 26 11 52 58.72  30.949  10.927  0006.11  11.02  08.34  298.6  009.26  27.099  1020.671  1483.70 
2025 01 26 11 52 58.85  30.942  10.929  0006.12  11.29  08.34  298.6  009.26  27.090  1020.664  1483.70 
2025 01 26 11 52 58.97  30.914  10.933  0006.15  11.49  08.34  298.6  009.26  27.061  1020.641  1483.67 
2025 01 26 11 52 59.10  30.899  10.937  0006.15  11.92  08.34  298.6  009.26  27.043  1020.626  1483.67 
2025 01 26 11 52 59.22  30.903  10.937  0006.16  12.04  08.35  298.6  009.26  27.047  1020.630  1483.67 
2025 01 26 11 52 59.35  30.899  10.937  0006.14  11.94  08.34  298.6  009.26  27.043  1020.627  1483.67 
2025 01 26 11 52 59.47  30.882  10.939  0006.11  11.79  08.35  298.6  009.26  27.026  1020.612  1483.65 
2025 01 26 11 52 59.60  30.863  10.939  0006.10  11.68  08.35  298.6  009.26  27.007  1020.598  1483.63 
2025 01 26 11 52 59.72  30.860  10.940  0006.09  11.38  08.35  298.6  009.26  27.003  1020.595  1483.63 
2025 01 26 11 52 59.85  30.855  10.941  0006.06  11.44  08.34  298.6  009.26  26.998  1020.590  1483.63 
2025 01 26 11 52 59.97  30.830  10.945  0006.03  11.65  08.34  298.6  009.26  26.971  1020.568  1483.61 
2025 01 26 11 53 00.10  30.750  10.952  0005.96  11.92  08.34  300.3  009.26  26.889  1020.503  1483.53 
2025 01 26 11 53 00.22  30.718  10.957  0005.89  11.77  08.33  300.3  009.26  26.854  1020.475  1483.51 
2025 01 26 11 53 00.35  30.710  10.958  0005.82  11.83  08.34  300.3  009.26  26.845  1020.467  1483.50 
2025 01 26 11 53 00.47  30.704  10.959  0005.71  11.90  08.34  300.3  009.26  26.839  1020.462  1483.50 
2025 01 26 11 53 00.60  30.700  10.959  0005.66  12.07  08.34  300.3  009.26  26.835  1020.459  1483.49 
2025 01 26 11 53 00.72  30.700  10.958  0005.65  12.10  08.34  300.3  009.26  26.835  1020.459  1483.49 
2025 01 26 11 53 00.85  30.715  10.956  0005.65  11.77  08.34  300.3  009.26  26.852  1020.473  1483.50 
2025 01 26 11 53 00.97  30.724  10.956  0005.64  11.62  08.34  300.3  009.26  26.860  1020.479  1483.51 
2025 01 26 11 53 01.10  30.725  10.956  0005.65  11.76  08.34  300.3  009.26  26.861  1020.480  1483.51 
2025 01 26 11 53 01.22  30.724  10.956  0005.65  12.16  08.34  300.3  009.26  26.860  1020.479  1483.51 
2025 01 26 11 53 01.35  30.720  10.956  0005.63  12.24  08.34  300.3  009.26  26.856  1020.476  1483.51 
2025 01 26 11 53 01.47  30.713  10.956  0005.64  12.08  08.34  300.3  009.26  26.849  1020.470  1483.50 
2025 01 26 11 53 01.60  30.701  10.958  0005.65  12.00  08.34  300.3  009.26  26.837  1020.461  1483.49 
2025 01 26 11 53 01.72  30.684  10.956  0005.66  11.94  08.34  300.3  009.26  26.822  1020.450  1483.46 
2025 01 26 11 53 01.85  30.668  10.956  0005.67  11.77  08.34  300.3  009.26  26.807  1020.438  1483.44 
2025 01 26 11 53 01.97  30.666  10.956  0005.66  11.85  08.33  300.3  009.26  26.804  1020.436  1483.44 
2025 01 26 11 53 02.10  30.661  10.955  0005.62  11.84  08.34  300.3  009.26  26.800  1020.432  1483.43 
2025 01 26 11 53 02.22  30.650  10.955  0005.56  12.46  08.34  300.3  009.26  26.790  1020.424  1483.42 
2025 01 26 11 53 02.35  30.640  10.955  0005.48  12.33  08.34  300.3  009.26  26.780  1020.417  1483.41 
2025 01 26 11 53 02.47  30.635  10.954  0005.41  11.83  08.34  300.3  009.26  26.776  1020.413  1483.40 
2025 01 26 11 53 02.60  30.634  10.955  0005.31  11.38  08.35  300.3  009.26  26.774  1020.411  1483.40 
2025 01 26 11 53 02.72  30.635  10.953  0005.22  11.17  08.34  300.3  009.26  26.776  1020.412  1483.39 
2025 01 26 11 53 02.85  30.636  10.955  0005.16  11.14  08.35  300.3  009.26  26.776  1020.411  1483.40 
2025 01 26 11 53 02.97  30.635  10.954  0005.06  11.44  08.34  300.3  009.26  26.776  1020.411  1483.39 
2025 01 26 11 53 03.10  30.636  10.953  0005.03  11.18  08.34  300.7  009.26  26.778  1020.413  1483.39 
2025 01 26 11 53 03.22  30.639  10.954  0005.03  11.02  08.34  300.7  009.26  26.780  1020.414  1483.40 
2025 01 26 11 53 03.35  30.640  10.954  0005.04  10.99  08.34  300.7  009.26  26.780  1020.414  1483.40 
2025 01 26 11 53 03.47  30.636  10.954  0005.02  11.17  08.34  300.7  009.26  26.777  1020.412  1483.39 
2025 01 26 11 53 03.60  30.635  10.954  0005.02  11.23  08.33  300.7  009.26  26.776  1020.411  1483.39 
2025 01 26 11 53 03.72  30.630  10.955  0004.99  11.16  08.34  300.7  009.26  26.770  1020.406  1483.39 
2025 01 26 11 53 03.85  30.629  10.955  0005.01  10.95  08.34  300.7  009.26  26.770  1020.406  1483.39 
2025 01 26 11 53 03.97  30.629  10.957  0005.02  10.66  08.34  300.7  009.26  26.768  1020.405  1483.39 
2025 01 26 11 53 04.10  30.625  10.957  0005.03  10.46  08.34  300.7  009.26  26.764  1020.401  1483.39 
2025 01 26 11 53 04.22  30.622  10.956  0005.05  10.67  08.33  300.7  009.26  26.762  1020.400  1483.38 
2025 01 26 11 53 04.35  30.625  10.957  0005.05  10.68  08.34  300.7  009.26  26.764  1020.401  1483.39 
2025 01 26 11 53 04.47  30.623  10.956  0005.06  10.70  08.34  300.7  009.26  26.763  1020.401  1483.38 
2025 01 26 11 53 04.60  30.623  10.957  0005.02  10.75  08.34  300.7  009.26  26.762  1020.400  1483.38 
2025 01 26 11 53 04.72  30.621  10.957  0004.96  10.63  08.34  300.7  009.26  26.760  1020.398  1483.38 
2025 01 26 11 53 04.85  30.618  10.956  0004.89  10.42  08.34  300.7  009.26  26.758  1020.396  1483.38 
2025 01 26 11 53 04.97  30.616  10.956  0004.77  10.35  08.34  300.7  009.26  26.756  1020.394  1483.37 
2025 01 26 11 53 05.10  30.610  10.956  0004.64  10.26  08.34  300.7  009.26  26.751  1020.389  1483.36 
2025 01 26 11 53 05.22  30.609  10.957  0004.52  10.01  08.35  300.7  009.26  26.749  1020.387  1483.36 
2025 01 26 11 53 05.35  30.605  10.955  0004.45  09.84  08.35  300.7  009.26  26.746  1020.385  1483.35 
2025 01 26 11 53 05.47  30.605  10.956  0004.40  09.52  08.34  300.7  009.26  26.746  1020.384  1483.35 
2025 01 26 11 53 05.60  30.606  10.957  0004.39  09.47  08.35  300.7  009.26  26.746  1020.385  1483.36 
2025 01 26 11 53 05.72  30.603  10.958  0004.39  09.80  08.34  300.7  009.26  26.743  1020.382  1483.35 
2025 01 26 11 53 05.85  30.597  10.960  0004.40  09.84  08.35  300.7  009.26  26.735  1020.375  1483.35 
2025 01 26 11 53 05.97  30.598  10.959  0004.43  09.52  08.34  300.7  009.26  26.737  1020.377  1483.35 
2025 01 26 11 53 06.10  30.597  10.958  0004.47  09.28  08.34  300.9  009.26  26.737  1020.378  1483.35 
2025 01 26 11 53 06.22  30.595  10.959  0004.48  09.16  08.33  300.9  009.26  26.734  1020.375  1483.35 
2025 01 26 11 53 06.35  30.593  10.959  0004.51  09.28  08.33  300.9  009.26  26.732  1020.373  1483.35 
2025 01 26 11 53 06.47  30.589  10.959  0004.51  09.89  08.33  300.9  009.26  26.729  1020.371  1483.34 
2025 01 26 11 53 06.60  30.589  10.960  0004.50  09.75  08.33  300.9  009.26  26.728  1020.370  1483.35 
2025 01 26 11 53 06.72  30.590  10.960  0004.50  09.58  08.33  300.9  009.26  26.729  1020.371  1483.35 
2025 01 26 11 53 06.85  30.593  10.960  0004.44  09.50  08.34  300.9  009.26  26.732  1020.373  1483.35 
2025 01 26 11 53 06.97  30.591  10.961  0004.36  09.53  08.34  300.9  009.26  26.729  1020.371  1483.35 
2025 01 26 11 53 07.10  30.591  10.962  0004.27  09.57  08.34  300.9  009.26  26.728  1020.369  1483.35 
2025 01 26 11 53 07.22  30.589  10.963  0004.13  09.44  08.33  300.9  009.26  26.726  1020.366  1483.35 
2025 01 26 11 53 07.35  30.587  10.964  0004.02  09.04  08.34  300.9  009.26  26.723  1020.364  1483.35 
2025 01 26 11 53 07.47  30.586  10.963  0003.93  08.84  08.34  300.9  009.26  26.723  1020.363  1483.34 
2025 01 26 11 53 07.60  30.584  10.963  0003.85  08.58  08.34  300.9  009.26  26.721  1020.362  1483.34 
2025 01 26 11 53 07.72  30.584  10.963  0003.81  08.61  08.34  300.9  009.26  26.721  1020.361  1483.34 
2025 01 26 11 53 07.85  30.586  10.963  0003.80  08.32  08.34  300.9  009.26  26.722  1020.363  1483.34 
2025 01 26 11 53 07.97  30.583  10.964  0003.82  08.10  08.33  300.9  009.26  26.719  1020.360  1483.34 
2025 01 26 11 53 08.10  30.580  10.964  0003.86  08.17  08.34  300.9  009.26  26.716  1020.358  1483.34 
2025 01 26 11 53 08.22  30.579  10.964  0003.86  08.27  08.34  300.9  009.26  26.715  1020.357  1483.34 
2025 01 26 11 53 08.35  30.582  10.963  0003.90  08.14  08.34  300.9  009.26  26.718  1020.360  1483.33 
2025 01 26 11 53 08.47  30.583  10.963  0003.91  07.95  08.35  300.9  009.26  26.720  1020.361  1483.34 
2025 01 26 11 53 08.60  30.583  10.963  0003.89  07.90  08.35  300.9  009.26  26.720  1020.361  1483.34 
2025 01 26 11 53 08.72  30.584  10.964  0003.87  07.91  08.34  300.9  009.26  26.720  1020.361  1483.34 
2025 01 26 11 53 08.85  30.585  10.964  0003.84  07.78  08.34  300.9  009.26  26.721  1020.361  1483.34 
2025 01 26 11 53 08.97  30.579  10.964  0003.81  08.09  08.34  300.9  009.26  26.715  1020.357  1483.33 
2025 01 26 11 53 09.10  30.577  10.963  0003.74  08.37  08.33  301.2  009.26  26.713  1020.355  1483.33 
2025 01 26 11 53 09.22  30.577  10.965  0003.66  08.38  08.34  301.2  009.26  26.713  1020.354  1483.33 
2025 01 26 11 53 09.35  30.573  10.964  0003.55  08.24  08.34  301.2  009.26  26.710  1020.351  1483.32 
2025 01 26 11 53 09.47  30.570  10.964  0003.45  07.97  08.34  301.2  009.26  26.707  1020.349  1483.32 
2025 01 26 11 53 09.60  30.572  10.964  0003.38  07.69  08.34  301.2  009.26  26.709  1020.350  1483.32 
2025 01 26 11 53 09.72  30.570  10.964  0003.31  07.42  08.34  301.2  009.26  26.706  1020.347  1483.32 
2025 01 26 11 53 09.85  30.568  10.964  0003.23  07.57  08.34  301.2  009.26  26.705  1020.346  1483.31 
2025 01 26 11 53 09.97  30.566  10.964  0003.20  07.63  08.34  301.2  009.26  26.703  1020.345  1483.31 
2025 01 26 11 53 10.10  30.567  10.963  0003.21  07.47  08.34  301.2  009.26  26.704  1020.346  1483.31 
2025 01 26 11 53 10.22  30.568  10.964  0003.23  07.48  08.34  301.2  009.26  26.705  1020.346  1483.31 
2025 01 26 11 53 10.35  30.564  10.964  0003.22  07.28  08.34  301.2  009.26  26.701  1020.343  1483.31 
2025 01 26 11 53 10.47  30.561  10.963  0003.23  07.30  08.34  301.2  009.26  26.698  1020.341  1483.30 
2025 01 26 11 53 10.60  30.560  10.964  0003.19  07.18  08.34  301.2  009.26  26.697  1020.340  1483.30 
2025 01 26 11 53 10.72  30.556  10.962  0003.15  07.15  08.35  301.2  009.26  26.695  1020.338  1483.29 
2025 01 26 11 53 10.85  30.551  10.963  0003.15  07.05  08.35  301.2  009.26  26.689  1020.334  1483.29 
2025 01 26 11 53 10.97  30.551  10.963  0003.13  07.21  08.34  301.2  009.26  26.689  1020.334  1483.29 
2025 01 26 11 53 11.10  30.554  10.963  0003.15  07.77  08.34  301.2  009.26  26.692  1020.336  1483.29 
2025 01 26 11 53 11.22  30.554  10.963  0003.16  07.60  08.35  301.2  009.26  26.692  1020.336  1483.29 
2025 01 26 11 53 11.35  30.553  10.963  0003.16  07.57  08.35  301.2  009.26  26.691  1020.335  1483.29 
2025 01 26 11 53 11.47  30.550  10.963  0003.14  07.30  08.35  301.2  009.26  26.689  1020.334  1483.29 
2025 01 26 11 53 11.60  30.550  10.963  0003.11  07.03  08.35  301.2  009.26  26.688  1020.333  1483.29 
2025 01 26 11 53 11.72  30.546  10.962  0003.06  07.05  08.35  301.2  009.26  26.685  1020.331  1483.28 
2025 01 26 11 53 11.85  30.536  10.961  0002.97  07.00  08.34  301.2  009.26  26.676  1020.323  1483.26 
2025 01 26 11 53 11.97  30.523  10.961  0002.87  06.91  08.34  301.2  009.26  26.664  1020.313  1483.25 
2025 01 26 11 53 12.10  30.496  10.959  0002.77  06.76  08.33  301.6  009.26  26.639  1020.294  1483.21 
2025 01 26 11 53 12.22  30.470  10.956  0002.66  06.69  08.33  301.6  009.26  26.617  1020.276  1483.17 
2025 01 26 11 53 12.35  30.437  10.952  0002.60  06.50  08.33  301.6  009.26  26.588  1020.254  1483.12 
2025 01 26 11 53 12.47  30.427  10.954  0002.58  06.29  08.33  301.6  009.26  26.576  1020.245  1483.11 
2025 01 26 11 53 12.60  30.429  10.952  0002.56  05.96  08.33  301.6  009.26  26.579  1020.247  1483.11 
2025 01 26 11 53 12.72  30.402  10.946  0002.58  05.62  08.33  301.6  009.26  26.557  1020.231  1483.06 
2025 01 26 11 53 12.85  30.385  10.947  0002.62  05.73  08.33  301.6  009.26  26.541  1020.219  1483.04 
2025 01 26 11 53 12.97  30.344  10.944  0002.69  05.82  08.34  301.6  009.26  26.503  1020.190  1482.99 
2025 01 26 11 53 13.10  30.289  10.938  0002.71  05.77  08.34  301.6  009.26  26.454  1020.154  1482.91 
2025 01 26 11 53 13.22  30.333  10.948  0002.77  05.71  08.34  301.6  009.26  26.490  1020.180  1482.99 
2025 01 26 11 53 13.35  30.337  10.944  0002.78  05.51  08.34  301.6  009.26  26.497  1020.186  1482.98 
2025 01 26 11 53 13.47  30.306  10.936  0002.80  05.54  08.34  301.6  009.26  26.472  1020.168  1482.93 
2025 01 26 11 53 13.60  30.301  10.938  0002.77  05.34  08.34  301.6  009.26  26.467  1020.164  1482.92 
2025 01 26 11 53 13.72  30.277  10.940  0002.72  05.30  08.34  301.6  009.26  26.442  1020.143  1482.90 
2025 01 26 11 53 13.85  30.213  10.933  0002.64  05.24  08.34  301.6  009.26  26.385  1020.100  1482.81 
2025 01 26 11 53 13.97  30.076  10.923  0002.54  05.23  08.34  301.6  009.26  26.261  1020.005  1482.62 
2025 01 26 11 53 14.10  29.954  10.910  0002.45  05.16  08.34  301.6  009.26  26.152  1019.922  1482.44 
2025 01 26 11 53 14.22  29.853  10.901  0002.37  05.15  08.35  301.6  009.26  26.061  1019.853  1482.30 
2025 01 26 11 53 14.35  29.829  10.899  0002.31  04.91  08.35  301.6  009.26  26.039  1019.835  1482.26 
2025 01 26 11 53 14.47  29.829  10.899  0002.21  04.79  08.35  301.6  009.26  26.040  1019.835  1482.26 
2025 01 26 11 53 14.60  29.844  10.902  0002.14  04.94  08.35  301.6  009.26  26.052  1019.845  1482.29 
2025 01 26 11 53 14.72  29.844  10.901  0002.10  04.94  08.35  301.6  009.26  26.053  1019.845  1482.28 
2025 01 26 11 53 14.85  29.845  10.902  0002.09  04.85  08.35  301.6  009.26  26.053  1019.845  1482.29 
2025 01 26 11 53 14.97  29.838  10.900  0002.11  04.67  08.34  301.6  009.26  26.048  1019.841  1482.27 
2025 01 26 11 53 15.10  29.773  10.892  0002.10  04.59  08.34  301.8  009.26  25.991  1019.798  1482.18 
2025 01 26 11 53 15.22  29.700  10.886  0002.13  04.53  08.34  301.8  009.26  25.924  1019.748  1482.08 
2025 01 26 11 53 15.35  29.662  10.884  0002.13  04.53  08.34  301.8  009.26  25.890  1019.721  1482.03 
2025 01 26 11 53 15.47  29.666  10.882  0002.12  04.66  08.34  301.8  009.26  25.895  1019.725  1482.03 
2025 01 26 11 53 15.60  29.677  10.886  0002.11  04.56  08.34  301.8  009.26  25.902  1019.730  1482.05 
2025 01 26 11 53 15.72  29.664  10.885  0002.09  04.42  08.35  301.8  009.26  25.891  1019.722  1482.03 
2025 01 26 11 53 15.85  29.653  10.883  0002.06  04.43  08.34  301.8  009.26  25.882  1019.715  1482.01 
2025 01 26 11 53 15.97  29.654  10.883  0002.04  04.34  08.34  301.8  009.26  25.883  1019.715  1482.01 
2025 01 26 11 53 16.10  29.657  10.883  0002.02  04.18  08.34  301.8  009.26  25.885  1019.717  1482.02 
2025 01 26 11 53 16.22  29.645  10.884  0002.01  04.19  08.34  301.8  009.26  25.873  1019.707  1482.01 
2025 01 26 11 53 16.35  29.604  10.879  0001.97  04.31  08.34  301.8  009.26  25.837  1019.680  1481.94 
2025 01 26 11 53 16.47  29.595  10.878  0001.93  04.38  08.34  301.8  009.26  25.828  1019.674  1481.93 
2025 01 26 11 53 16.60  29.590  10.878  0001.83  04.40  08.35  301.8  009.26  25.824  1019.670  1481.92 
2025 01 26 11 53 16.72  29.575  10.877  0001.74  04.46  08.34  301.8  009.26  25.810  1019.659  1481.90 
2025 01 26 11 53 16.85  29.587  10.875  0001.67  04.48  08.34  301.8  009.26  25.823  1019.669  1481.91 
2025 01 26 11 53 16.97  29.593  10.876  0001.59  04.30  08.34  301.8  009.26  25.829  1019.672  1481.92 
2025 01 26 11 53 17.10  29.588  10.876  0001.56  04.21  08.34  301.8  009.26  25.824  1019.669  1481.91 
2025 01 26 11 53 17.22  29.591  10.877  0001.52  04.12  08.35  301.8  009.26  25.826  1019.670  1481.92 
2025 01 26 11 53 17.35  29.598  10.879  0001.49  04.32  08.35  301.8  009.26  25.832  1019.674  1481.93 
2025 01 26 11 53 17.47  29.601  10.880  0001.45  04.24  08.35  301.8  009.26  25.834  1019.675  1481.93 
2025 01 26 11 53 17.60  29.595  10.879  0001.44  04.15  08.35  301.8  009.26  25.828  1019.671  1481.92 
2025 01 26 11 53 17.72  29.586  10.877  0001.42  04.06  08.35  301.8  009.26  25.821  1019.666  1481.91 
2025 01 26 11 53 17.85  29.558  10.875  0001.42  04.01  08.35  301.8  009.26  25.796  1019.646  1481.87 
2025 01 26 11 53 17.97  29.544  10.874  0001.44  04.00  08.34  301.8  009.26  25.783  1019.637  1481.85 
2025 01 26 11 53 18.10  29.550  10.875  0001.46  04.05  08.35  302.2  009.26  25.788  1019.641  1481.86 
2025 01 26 11 53 18.22  29.532  10.872  0001.52  04.19  08.34  302.2  009.26  25.774  1019.630  1481.83 
2025 01 26 11 53 18.35  29.514  10.872  0001.53  04.17  08.34  302.2  009.26  25.755  1019.616  1481.81 
2025 01 26 11 53 18.47  29.512  10.872  0001.56  04.07  08.34  302.2  009.26  25.753  1019.615  1481.81 
2025 01 26 11 53 18.60  29.513  10.873  0001.56  03.99  08.34  302.2  009.26  25.753  1019.614  1481.82 
2025 01 26 11 53 18.72  29.511  10.873  0001.57  04.20  08.35  302.2  009.26  25.752  1019.614  1481.81 
2025 01 26 11 53 18.85  29.511  10.872  0001.55  04.10  08.34  302.2  009.26  25.752  1019.614  1481.81 
2025 01 26 11 53 18.97  29.509  10.872  0001.48  03.96  08.34  302.2  009.26  25.751  1019.612  1481.81 
2025 01 26 11 53 19.10  29.509  10.872  0001.40  04.01  08.34  302.2  009.26  25.750  1019.611  1481.81 
2025 01 26 11 53 19.22  29.500  10.871  0001.33  04.02  08.34  302.2  009.26  25.742  1019.605  1481.79 
2025 01 26 11 53 19.35  29.497  10.872  0001.18  03.95  08.34  302.2  009.26  25.740  1019.602  1481.79 
2025 01 26 11 53 19.47  29.500  10.872  0001.05  03.99  08.35  302.2  009.26  25.742  1019.604  1481.79 
2025 01 26 11 53 19.60  29.505  10.872  0000.93  04.05  08.34  302.2  009.26  25.747  1019.607  1481.79 
2025 01 26 11 53 19.72  29.500  10.872  0000.85  03.87  08.34  302.2  009.26  25.742  1019.602  1481.79 
2025 01 26 11 53 19.85  29.494  10.872  0000.81  03.72  08.34  302.2  009.26  25.737  1019.598  1481.78 
2025 01 26 11 53 19.97  29.497  10.872  0000.83  03.58  08.34  302.2  009.26  25.739  1019.600  1481.78 
2025 01 26 11 53 20.10  29.480  10.871  0000.86  03.82  08.34  302.2  009.26  25.724  1019.589  1481.76 
2025 01 26 11 53 20.22  29.464  10.871  0000.86  03.80  08.35  302.2  009.26  25.708  1019.577  1481.74 
2025 01 26 11 53 20.35  29.446  10.872  0000.86  03.64  08.35  302.2  009.26  25.690  1019.563  1481.72 
2025 01 26 11 53 20.47  29.439  10.871  0000.86  03.54  08.35  302.2  009.26  25.684  1019.558  1481.71 
2025 01 26 11 53 20.60  29.453  10.871  0000.86  03.37  08.35  302.2  009.26  25.698  1019.568  1481.73 
2025 01 26 11 53 20.72  29.458  10.872  0000.84  03.28  08.35  302.2  009.26  25.702  1019.571  1481.74 
2025 01 26 11 53 20.85  29.450  10.871  0000.82  03.29  08.35  302.2  009.26  25.695  1019.566  1481.73 
2025 01 26 11 53 20.97  29.435  10.872  0000.79  03.28  08.34  302.2  009.26  25.680  1019.555  1481.71 
2025 01 26 11 53 21.10  29.435  10.871  0000.79  03.24  08.34  302.3  009.26  25.680  1019.554  1481.71 
2025 01 26 11 53 21.22  29.441  10.872  0000.78  03.31  08.34  302.3  009.26  25.686  1019.559  1481.72 
2025 01 26 11 53 21.35  29.434  10.872  0000.78  03.34  08.34  302.3  009.26  25.679  1019.553  1481.71 
2025 01 26 11 53 21.47  29.424  10.872  0000.81  03.30  08.34  302.3  009.26  25.669  1019.546  1481.70 
2025 01 26 11 53 21.60  29.413  10.872  0000.82  03.33  08.34  302.3  009.26  25.659  1019.537  1481.69 
2025 01 26 11 53 21.72  29.395  10.874  0000.82  03.37  08.34  302.3  009.26  25.640  1019.522  1481.67 
2025 01 26 11 53 21.85  29.389  10.876  0000.82  03.39  08.34  302.3  009.26  25.633  1019.517  1481.67 
2025 01 26 11 53 21.97  29.388  10.875  0000.84  03.45  08.34  302.3  009.26  25.633  1019.518  1481.66 
2025 01 26 11 53 22.10  29.391  10.873  0000.83  03.39  08.34  302.3  009.26  25.636  1019.520  1481.66 
2025 01 26 11 53 22.22  29.390  10.874  0000.82  03.49  08.34  302.3  009.26  25.635  1019.519  1481.66 
2025 01 26 11 53 22.35  29.388  10.874  0000.82  03.53  08.34  302.3  009.26  25.634  1019.518  1481.66 
2025 01 26 11 53 22.47  29.388  10.874  0000.83  03.43  08.34  302.3  009.26  25.633  1019.517  1481.66 
2025 01 26 11 53 22.60  29.385  10.873  0000.81  03.61  08.34  302.3  009.26  25.631  1019.516  1481.66 
2025 01 26 11 53 22.72  29.382  10.873  0000.83  03.69  08.34  302.3  009.26  25.628  1019.514  1481.65 
2025 01 26 11 53 22.85  29.380  10.872  0000.83  03.60  08.34  302.3  009.26  25.628  1019.514  1481.65 
2025 01 26 11 53 22.97  29.377  10.871  0000.84  03.48  08.34  302.3  009.26  25.625  1019.512  1481.64 
2025 01 26 11 53 23.10  29.376  10.868  0000.84  03.49  08.34  302.3  009.26  25.626  1019.513  1481.63 
2025 01 26 11 53 23.22  29.376  10.870  0000.81  03.41  08.35  302.3  009.26  25.625  1019.512  1481.64 
2025 01 26 11 53 23.35  29.373  10.871  0000.81  03.32  08.35  302.3  009.26  25.621  1019.509  1481.64 
2025 01 26 11 53 23.47  29.370  10.871  0000.79  03.34  08.35  302.3  009.26  25.618  1019.506  1481.63 
2025 01 26 11 53 23.60  29.369  10.870  0000.78  03.36  08.35  302.3  009.26  25.618  1019.506  1481.63 
2025 01 26 11 53 23.72  29.370  10.871  0000.79  03.38  08.35  302.3  009.26  25.618  1019.506  1481.63 
2025 01 26 11 53 23.85  29.373  10.871  0000.79  03.51  08.35  302.3  009.26  25.621  1019.509  1481.64 
2025 01 26 11 53 23.97  29.375  10.870  0000.80  03.49  08.34  302.3  009.26  25.623  1019.510  1481.64 
2025 01 26 11 53 24.10  29.372  10.871  0000.81  03.46  08.34  302.4  009.26  25.619  1019.507  1481.64 
2025 01 26 11 53 24.22  29.370  10.871  0000.83  03.42  08.34  302.4  009.26  25.618  1019.506  1481.63 
2025 01 26 11 53 24.35  29.367  10.871  0000.86  03.39  08.34  302.4  009.26  25.615  1019.504  1481.63 
2025 01 26 11 53 24.47  29.365  10.871  0000.87  03.30  08.34  302.4  009.26  25.613  1019.503  1481.63 
2025 01 26 11 53 24.60  29.361  10.868  0000.89  03.30  08.34  302.4  009.26  25.611  1019.502  1481.62 
2025 01 26 11 53 24.72  29.361  10.867  0000.87  03.43  08.34  302.4  009.26  25.611  1019.502  1481.61 
2025 01 26 11 53 24.85  29.361  10.868  0000.87  03.45  08.34  302.4  009.26  25.612  1019.502  1481.62 
2025 01 26 11 53 24.97  29.363  10.870  0000.83  03.44  08.34  302.4  009.26  25.612  1019.502  1481.62 
2025 01 26 11 53 25.10  29.361  10.869  0000.82  03.45  08.34  302.4  009.26  25.611  1019.501  1481.62 
2025 01 26 11 53 25.22  29.357  10.870  0000.81  03.42  08.34  302.4  009.26  25.606  1019.497  1481.62 
2025 01 26 11 53 25.35  29.356  10.869  0000.77  03.60  08.34  302.4  009.26  25.606  1019.497  1481.61 
2025 01 26 11 53 25.47  29.354  10.869  0000.80  03.62  08.34  302.4  009.26  25.604  1019.496  1481.61 
2025 01 26 11 53 25.60  29.356  10.868  0000.82  03.60  08.34  302.4  009.26  25.607  1019.498  1481.61 
2025 01 26 11 53 25.72  29.357  10.869  0000.82  03.51  08.34  302.4  009.26  25.607  1019.498  1481.61 
2025 01 26 11 53 25.85  29.361  10.869  0000.86  03.48  08.35  302.4  009.26  25.610  1019.501  1481.62 
2025 01 26 11 53 25.97  29.358  10.869  0000.86  03.53  08.34  302.4  009.26  25.608  1019.499  1481.62 
2025 01 26 11 53 26.10  29.356  10.870  0000.86  03.50  08.34  302.4  009.26  25.605  1019.497  1481.61 
2025 01 26 11 53 26.22  29.356  10.869  0000.88  03.62  08.35  302.4  009.26  25.606  1019.498  1481.61 
2025 01 26 11 53 26.35  29.354  10.870  0000.87  03.75  08.35  302.4  009.26  25.603  1019.495  1481.61 
2025 01 26 11 53 26.47  29.353  10.869  0000.89  03.62  08.35  302.4  009.26  25.604  1019.496  1481.61 
2025 01 26 11 53 26.60  29.355  10.870  0000.91  03.54  08.35  302.4  009.26  25.604  1019.496  1481.61 
2025 01 26 11 53 26.72  29.355  10.870  0000.87  03.67  08.35  302.4  009.26  25.605  1019.496  1481.61 
2025 01 26 11 53 26.85  29.353  10.868  0000.89  03.63  08.35  302.4  009.26  25.603  1019.495  1481.61 
2025 01 26 11 53 26.97  29.353  10.869  0000.87  03.66  08.34  302.4  009.26  25.602  1019.495  1481.61 
2025 01 26 11 53 27.10  29.353  10.869  0000.86  03.70  08.34  302.6  009.26  25.602  1019.495  1481.61 
2025 01 26 11 53 27.22  29.352  10.871  0000.83  03.66  08.34  302.6  009.26  25.601  1019.493  1481.61 
2025 01 26 11 53 27.35  29.351  10.870  0000.86  03.64  08.34  302.6  009.26  25.601  1019.493  1481.61 
2025 01 26 11 53 27.47  29.352  10.870  0000.84  03.66  08.34  302.6  009.26  25.601  1019.493  1481.61 
2025 01 26 11 53 27.60  29.352  10.870  0000.83  03.61  08.34  302.6  009.26  25.601  1019.494  1481.61 
2025 01 26 11 53 27.72  29.354  10.870  0000.86  03.56  08.34  302.6  009.26  25.603  1019.495  1481.61 
2025 01 26 11 53 27.85  29.355  10.870  0000.87  03.62  08.34  302.6  009.26  25.604  1019.496  1481.61 
2025 01 26 11 53 27.97  29.355  10.871  0000.88  03.69  08.34  302.6  009.26  25.604  1019.496  1481.62 
2025 01 26 11 53 28.10  29.357  10.872  0000.89  03.65  08.34  302.6  009.26  25.604  1019.496  1481.62 
2025 01 26 11 53 28.22  29.359  10.874  0000.91  03.69  08.34  302.6  009.26  25.605  1019.497  1481.63 
2025 01 26 11 53 28.35  29.359  10.875  0000.90  03.65  08.34  302.6  009.26  25.605  1019.496  1481.63 
2025 01 26 11 53 28.47  29.359  10.874  0000.94  03.55  08.34  302.6  009.26  25.605  1019.496  1481.63 
2025 01 26 11 53 28.60  29.360  10.872  0000.90  03.42  08.34  302.6  009.26  25.607  1019.498  1481.63 
2025 01 26 11 53 28.72  29.357  10.872  0000.89  03.43  08.34  302.6  009.26  25.605  1019.497  1481.62 
2025 01 26 11 53 28.85  29.358  10.872  0000.86  03.54  08.34  302.6  009.26  25.606  1019.497  1481.62 
2025 01 26 11 53 28.97  29.358  10.872  0000.85  03.48  08.34  302.6  009.26  25.606  1019.497  1481.62 
2025 01 26 11 53 29.10  29.358  10.873  0000.86  03.54  08.34  302.6  009.26  25.605  1019.496  1481.63 
2025 01 26 11 53 29.22  29.358  10.872  0000.85  03.56  08.35  302.6  009.26  25.606  1019.497  1481.62 
2025 01 26 11 53 29.35  29.360  10.873  0000.85  03.49  08.35  302.6  009.26  25.607  1019.497  1481.63 
2025 01 26 11 53 29.47  29.358  10.873  0000.86  03.45  08.35  302.6  009.26  25.605  1019.496  1481.63 
2025 01 26 11 53 29.60  29.358  10.873  0000.87  03.48  08.35  302.6  009.26  25.605  1019.497  1481.63 
2025 01 26 11 53 29.72  29.358  10.872  0000.88  03.48  08.35  302.6  009.26  25.606  1019.497  1481.62 
2025 01 26 11 53 29.85  29.358  10.873  0000.88  03.47  08.35  302.6  009.26  25.605  1019.497  1481.63 
2025 01 26 11 53 29.97  29.359  10.872  0000.89  03.49  08.34  302.6  009.26  25.607  1019.498  1481.62 
2025 01 26 11 53 30.10  29.360  10.872  0000.92  03.43  08.34  302.5  009.26  25.608  1019.499  1481.62 
2025 01 26 11 53 30.22  29.361  10.871  0000.94  03.43  08.34  302.5  009.26  25.610  1019.500  1481.63 
2025 01 26 11 53 30.35  29.362  10.869  0000.93  03.45  08.34  302.5  009.26  25.612  1019.502  1481.62 
2025 01 26 11 53 30.47  29.361  10.870  0000.92  03.44  08.34  302.5  009.26  25.610  1019.501  1481.62 
2025 01 26 11 53 30.60  29.359  10.871  0000.90  03.36  08.34  302.5  009.26  25.607  1019.499  1481.62 
2025 01 26 11 53 30.72  29.354  10.871  0000.91  03.26  08.34  302.5  009.26  25.603  1019.495  1481.62 
2025 01 26 11 53 30.85  29.352  10.872  0000.88  03.30  08.34  302.5  009.26  25.600  1019.493  1481.61 
2025 01 26 11 53 30.97  29.353  10.872  0000.88  03.32  08.34  302.5  009.26  25.601  1019.493  1481.62 
2025 01 26 11 53 31.10  29.353  10.871  0000.85  03.32  08.34  302.5  009.26  25.602  1019.494  1481.61 
2025 01 26 11 53 31.22  29.353  10.872  0000.80  03.32  08.34  302.5  009.26  25.601  1019.493  1481.62 
2025 01 26 11 53 31.35  29.354  10.872  0000.73  03.41  08.34  302.5  009.26  25.602  1019.493  1481.62 
2025 01 26 11 53 31.47  29.356  10.874  0000.68  03.37  08.34  302.5  009.26  25.603  1019.493  1481.62 
2025 01 26 11 53 31.60  29.354  10.873  0000.65  03.33  08.34  302.5  009.26  25.602  1019.492  1481.62 
2025 01 26 11 53 31.72  29.354  10.872  0000.61  03.39  08.34  302.5  009.26  25.602  1019.493  1481.61 
2025 01 26 11 53 31.85  29.354  10.872  0000.55  03.50  08.34  302.5  009.26  25.602  1019.493  1481.61 
2025 01 26 11 53 31.97  29.356  10.872  0000.57  03.41  08.34  302.5  009.26  25.604  1019.494  1481.62 
2025 01 26 11 53 32.10  29.357  10.872  0000.55  03.37  08.34  302.5  009.26  25.604  1019.494  1481.62 
2025 01 26 11 53 32.22  29.357  10.874  0000.53  03.32  08.35  302.5  009.26  25.603  1019.493  1481.62 
2025 01 26 11 53 32.35  29.358  10.873  0000.55  03.32  08.35  302.5  009.26  25.605  1019.495  1481.62 
2025 01 26 11 53 32.47  29.357  10.873  0000.53  03.25  08.35  302.5  009.26  25.605  1019.494  1481.62 
2025 01 26 11 53 32.60  29.358  10.873  0000.50  03.28  08.35  302.5  009.26  25.605  1019.494  1481.62 
2025 01 26 11 53 32.72  29.363  10.873  0000.46  03.32  08.35  302.5  009.26  25.610  1019.498  1481.62 
2025 01 26 11 53 32.85  29.364  10.873  0000.41  03.31  08.35  302.5  009.26  25.611  1019.498  1481.63 
2025 01 26 11 53 32.97  29.363  10.874  0000.40  03.26  08.34  302.5  009.26  25.609  1019.497  1481.63 
2025 01 26 11 53 33.10  29.362  10.874  0000.37  03.33  08.34  302.5  009.26  25.608  1019.496  1481.63 
2025 01 26 11 53 33.22  29.362  10.874  0000.34  03.47  08.34  302.5  009.26  25.609  1019.497  1481.62 
2025 01 26 11 53 33.35  29.361  10.873  0000.29  03.42  08.34  302.5  009.26  25.609  1019.496  1481.62 
2025 01 26 11 53 33.47  29.361  10.874  0000.28  03.42  08.34  302.5  009.26  25.608  1019.496  1481.62 
2025 01 26 11 53 33.60  29.358  10.873  0000.28  03.44  08.34  302.5  009.26  25.605  1019.493  1481.62 
2025 01 26 11 53 33.72  29.359  10.874  0000.24  03.41  08.34  302.5  009.26  25.606  1019.494  1481.62 
2025 01 26 11 53 33.85  29.360  10.874  0000.29  03.40  08.34  302.5  009.26  25.606  1019.494  1481.62 
2025 01 26 11 53 33.97  29.360  10.875  0000.29  03.39  08.34  302.5  009.26  25.606  1019.494  1481.62 
2025 01 26 11 53 34.10  29.359  10.874  0000.26  03.50  08.34  302.5  009.26  25.606  1019.494  1481.62 
2025 01 26 11 53 34.22  29.358  10.874  0000.23  03.39  08.34  302.5  009.26  25.605  1019.493  1481.62 
2025 01 26 11 53 34.35  29.360  10.873  0000.17  03.26  08.34  302.5  009.26  25.607  1019.495  1481.62 
2025 01 26 11 53 34.47  29.361  10.873  0000.12  03.31  08.34  302.5  009.26  25.608  1019.495  1481.62 
2025 01 26 11 53 34.60  29.359  10.873  0000.05  03.35  08.34  302.5  009.26  25.606  1019.494  1481.61 
2025 01 26 11 53 34.72  29.359  10.874  0000.02  03.35  08.34  302.5  009.26  25.605  1019.492  1481.62 
2025 01 26 11 53 34.85  29.360  10.874  0000.00  03.30  08.34  302.5  009.26  25.607  1019.493  1481.62 
2025 01 26 11 53 34.97  29.349  10.875  0000.02  03.30  08.34  302.5  009.26  25.596  1019.485  1481.61 
2025 01 26 11 53 35.10  24.294  10.874  0000.03  03.64  08.34  302.5  009.26  20.794  1015.760  1475.84 
2025 01 26 11 53 35.22  12.763  10.871  0000.02  03.23  08.35  302.5  009.26  10.321  1007.645  1463.26 
2025 01 26 11 53 35.35  04.117  10.872  0000.03  01.07  08.35  302.5  009.26  03.067  1002.016  1454.49 
2025 01 26 11 53 35.47  02.635  10.871  0000.03  06.30  08.34  302.5  009.26  01.910  1001.115  1453.07 
2025 01 26 11 53 35.60  14.489  10.872  0000.04  06.85  08.36  302.5  009.26  11.840  1008.822  1465.09 
2025 01 26 11 53 35.72  25.986  10.873  0000.11  07.45  08.36  302.5  009.26  22.388  1016.997  1477.75 
2025 01 26 11 53 35.85  27.563  10.872  0000.19  05.95  08.35  302.5  009.26  23.887  1018.160  1479.55 
2025 01 26 11 53 35.97  28.238  10.873  0000.21  04.75  08.36  302.5  009.26  24.531  1018.660  1480.33 
2025 01 26 11 53 36.10  28.921  10.872  0000.18  03.88  08.36  301.8  009.26  25.186  1019.168  1481.11 
2025 01 26 11 53 36.22  29.052  10.873  0000.11  03.95  08.35  301.8  009.26  25.311  1019.265  1481.26 
2025 01 26 11 53 36.35  28.734  10.872  0000.06  06.90  08.36  301.8  009.26  25.007  1019.028  1480.89 
2025 01 26 11 53 36.47  28.908  10.873  0000.01  06.03  08.36  301.8  009.26  25.174  1019.158  1481.09 
2025 01 26 11 53 36.60  23.181  10.872  0000.04  05.27  08.36  301.8  009.26  19.753  1014.953  1474.59 
2025 01 26 11 53 36.72  09.892  10.862  0000.01  06.79  08.36  301.8  009.26  07.840  1005.724  1460.24 
2025 01 26 11 53 36.85  02.124  10.863  0000.02  05.42  08.36  301.8  009.26  01.522  1000.812  1452.56 
2025 01 26 11 53 36.97  01.142  10.861  0000.00  04.03  08.36  301.8  009.26  00.793  1000.243  1451.65 
2025 01 26 11 53 37.10  00.635  10.861  0000.04  02.58  08.36  301.8  009.26  00.430  0999.959  1451.20 
2025 01 26 11 53 37.22  00.240  10.843  0000.01  01.47  08.36  301.8  009.26  00.158  0999.747  1450.79 
