2024 01 25 18 17 15.77  27.823  11.663  0000.19  02.62  08.17  285.1  009.26  23.624  1017.829  1482.08 
2024 01 25 18 17 16.02  27.804  11.665  0000.27  02.58  08.15  285.5  009.26  23.605  1017.815  1482.06 
2024 01 25 18 17 16.27  27.780  11.667  0000.34  02.55  08.15  285.5  009.26  23.581  1017.796  1482.04 
2024 01 25 18 17 16.52  27.775  11.659  0000.45  02.45  08.15  285.5  009.26  23.582  1017.799  1482.02 
2024 01 25 18 17 16.77  27.783  11.657  0000.50  02.53  08.14  285.5  009.26  23.591  1017.806  1482.02 
2024 01 25 18 17 17.02  27.789  11.655  0000.60  02.39  08.14  285.5  009.26  23.598  1017.812  1482.03 
2024 01 25 18 17 17.27  27.795  11.653  0000.67  02.50  08.14  285.5  009.26  23.604  1017.818  1482.03 
2024 01 25 18 17 17.52  27.781  11.662  0000.73  02.50  08.13  285.5  009.26  23.585  1017.802  1482.04 
2024 01 25 18 17 17.77  27.778  11.657  0000.76  02.61  08.13  285.5  009.26  23.586  1017.803  1482.02 
2024 01 25 18 17 18.02  27.784  11.654  0000.76  02.58  08.13  285.5  009.26  23.593  1017.809  1482.02 
2024 01 25 18 17 18.27  27.784  11.661  0000.74  02.45  08.13  285.5  009.26  23.589  1017.805  1482.04 
2024 01 25 18 17 18.52  27.784  11.662  0000.76  02.50  08.13  285.5  009.26  23.588  1017.804  1482.04 
2024 01 25 18 17 18.77  27.783  11.663  0000.76  02.40  08.12  285.5  009.26  23.587  1017.803  1482.04 
2024 01 25 18 17 19.02  27.786  11.663  0000.77  02.43  08.12  295.2  009.26  23.590  1017.806  1482.04 
2024 01 25 18 17 19.27  27.789  11.663  0000.81  02.45  08.12  295.2  009.26  23.593  1017.808  1482.05 
2024 01 25 18 17 19.52  27.793  11.650  0000.81  02.45  08.12  295.2  009.26  23.605  1017.819  1482.02 
2024 01 25 18 17 19.77  27.800  11.653  0000.83  02.48  08.12  295.2  009.26  23.608  1017.822  1482.03 
2024 01 25 18 17 20.02  27.798  11.655  0000.84  02.54  08.12  295.2  009.26  23.606  1017.820  1482.04 
2024 01 25 18 17 20.27  27.794  11.656  0000.84  02.52  08.12  295.2  009.26  23.601  1017.816  1482.04 
2024 01 25 18 17 20.52  27.797  11.652  0000.86  02.52  08.12  295.2  009.26  23.606  1017.820  1482.03 
2024 01 25 18 17 20.77  27.793  11.655  0000.87  02.56  08.11  295.2  009.26  23.601  1017.816  1482.03 
2024 01 25 18 17 21.02  27.801  11.647  0000.94  02.48  08.11  295.2  009.26  23.614  1017.827  1482.02 
2024 01 25 18 17 21.27  27.847  11.630  0000.97  02.49  08.11  295.2  009.26  23.667  1017.871  1482.02 
2024 01 25 18 17 21.52  27.931  11.614  0001.02  02.54  08.11  295.2  009.26  23.756  1017.943  1482.07 
2024 01 25 18 17 21.77  27.920  11.622  0001.04  02.66  08.11  295.2  009.26  23.741  1017.930  1482.08 
2024 01 25 18 17 22.02  27.920  11.609  0001.09  02.58  08.11  297.2  009.26  23.749  1017.939  1482.05 
2024 01 25 18 17 22.27  27.930  11.624  0001.09  02.56  08.11  297.2  009.26  23.749  1017.937  1482.10 
2024 01 25 18 17 22.52  28.054  11.578  0001.10  02.55  08.11  297.2  009.26  23.895  1018.057  1482.11 
2024 01 25 18 17 22.77  28.229  11.505  0001.12  02.60  08.11  297.2  009.26  24.106  1018.233  1482.10 
2024 01 25 18 17 23.02  28.377  11.470  0001.10  02.66  08.11  297.2  009.26  24.268  1018.364  1482.17 
2024 01 25 18 17 23.27  28.416  11.456  0001.11  02.69  08.11  297.2  009.26  24.314  1018.402  1482.18 
2024 01 25 18 17 23.52  28.518  11.432  0001.16  02.65  08.11  297.2  009.26  24.426  1018.493  1482.23 
2024 01 25 18 17 23.77  28.700  11.378  0001.19  02.66  08.10  297.2  009.26  24.633  1018.662  1482.28 
2024 01 25 18 17 24.02  28.626  11.399  0001.21  02.68  08.10  297.2  009.26  24.550  1018.594  1482.26 
2024 01 25 18 17 24.27  28.604  11.356  0001.22  02.81  08.10  297.2  009.26  24.557  1018.607  1482.11 
2024 01 25 18 17 24.52  28.690  11.244  0001.22  02.85  08.10  297.2  009.26  24.713  1018.746  1481.90 
2024 01 25 18 17 24.77  28.962  11.230  0001.21  02.84  08.10  297.2  009.26  24.981  1018.956  1482.17 
2024 01 25 18 17 25.02  29.094  11.215  0001.23  02.78  08.10  298.7  009.26  25.117  1019.064  1482.27 
2024 01 25 18 17 25.27  29.217  11.202  0001.22  02.79  08.10  298.7  009.26  25.243  1019.164  1482.38 
2024 01 25 18 17 25.52  29.403  11.152  0001.21  02.94  08.10  298.7  009.26  25.455  1019.336  1482.45 
2024 01 25 18 17 25.77  29.478  11.143  0001.19  02.87  08.10  298.7  009.26  25.532  1019.397  1482.51 
2024 01 25 18 17 26.02  29.502  11.137  0001.17  02.97  08.10  298.7  009.26  25.559  1019.419  1482.53 
2024 01 25 18 17 26.27  29.530  11.151  0001.17  02.95  08.10  298.7  009.26  25.576  1019.430  1482.60 
2024 01 25 18 17 26.52  29.530  11.128  0001.19  02.99  08.10  298.7  009.26  25.593  1019.447  1482.53 
2024 01 25 18 17 26.77  29.615  11.061  0001.19  03.06  08.10  298.7  009.26  25.721  1019.557  1482.45 
2024 01 25 18 17 27.02  29.683  11.021  0001.21  02.92  08.09  298.7  009.26  25.814  1019.636  1482.41 
2024 01 25 18 17 27.27  29.759  11.045  0001.21  02.88  08.10  298.7  009.26  25.869  1019.675  1482.57 
2024 01 25 18 17 27.52  29.751  11.056  0001.21  02.93  08.10  298.7  009.26  25.854  1019.661  1482.59 
2024 01 25 18 17 27.77  29.768  11.063  0001.22  02.92  08.10  298.7  009.26  25.866  1019.669  1482.63 
2024 01 25 18 17 28.02  30.038  10.979  0001.25  02.96  08.09  301.0  009.26  26.184  1019.930  1482.71 
2024 01 25 18 17 28.27  30.252  10.922  0001.25  03.10  08.09  301.0  009.26  26.431  1020.132  1482.80 
2024 01 25 18 17 28.52  30.325  10.867  0001.25  03.12  08.09  301.0  009.26  26.542  1020.226  1482.73 
2024 01 25 18 17 28.77  30.546  10.875  0001.25  03.15  08.09  301.0  009.26  26.749  1020.385  1483.01 
2024 01 25 18 17 29.02  30.662  10.840  0001.25  03.08  08.09  301.0  009.26  26.887  1020.499  1483.05 
2024 01 25 18 17 29.27  30.710  10.762  0001.22  03.21  08.09  301.0  009.26  26.991  1020.592  1482.90 
2024 01 25 18 17 29.52  30.784  10.718  0001.25  03.24  08.09  301.0  009.26  27.095  1020.680  1482.87 
2024 01 25 18 17 29.77  30.941  10.709  0001.25  03.28  08.09  301.0  009.26  27.255  1020.805  1483.02 
2024 01 25 18 17 30.02  31.082  10.626  0001.26  03.27  08.08  301.0  009.26  27.454  1020.974  1482.96 
2024 01 25 18 17 30.27  31.160  10.623  0001.26  03.15  08.08  301.0  009.26  27.532  1021.035  1483.05 
2024 01 25 18 17 30.52  31.259  10.628  0001.25  03.09  08.08  301.0  009.26  27.625  1021.107  1483.18 
2024 01 25 18 17 30.77  31.323  10.627  0001.26  03.00  08.08  301.0  009.26  27.689  1021.156  1483.25 
2024 01 25 18 17 31.02  31.350  10.630  0001.25  03.14  08.08  301.6  009.26  27.713  1021.174  1483.29 
2024 01 25 18 17 31.27  31.374  10.606  0001.25  03.30  08.08  301.6  009.26  27.754  1021.211  1483.25 
2024 01 25 18 17 31.52  31.399  10.574  0001.24  03.30  08.08  301.6  009.26  27.803  1021.253  1483.20 
2024 01 25 18 17 31.77  31.419  10.561  0001.21  03.26  08.08  301.6  009.26  27.832  1021.278  1483.18 
2024 01 25 18 17 32.02  31.455  10.533  0001.21  03.18  08.08  301.6  009.26  27.888  1021.326  1483.15 
2024 01 25 18 17 32.27  31.435  10.546  0001.23  03.27  08.08  301.6  009.26  27.859  1021.302  1483.16 
2024 01 25 18 17 32.52  31.393  10.583  0001.24  03.40  08.08  301.6  009.26  27.790  1021.242  1483.21 
2024 01 25 18 17 32.77  31.347  10.610  0001.27  03.35  08.09  301.6  009.26  27.725  1021.187  1483.23 
2024 01 25 18 17 33.02  31.293  10.620  0001.28  03.26  08.08  301.6  009.26  27.665  1021.139  1483.20 
2024 01 25 18 17 33.27  31.233  10.625  0001.27  03.12  08.08  301.6  009.26  27.603  1021.090  1483.14 
2024 01 25 18 17 33.52  31.228  10.610  0001.25  03.09  08.08  301.6  009.26  27.608  1021.096  1483.09 
2024 01 25 18 17 33.77  31.174  10.626  0001.24  03.41  08.08  301.6  009.26  27.543  1021.043  1483.07 
2024 01 25 18 17 34.02  31.172  10.636  0001.23  03.55  08.08  306.2  009.26  27.534  1021.034  1483.10 
2024 01 25 18 17 34.27  31.157  10.635  0001.24  03.49  08.09  306.2  009.26  27.521  1021.024  1483.07 
2024 01 25 18 17 34.52  31.170  10.631  0001.21  03.26  08.09  306.2  009.26  27.536  1021.037  1483.08 
2024 01 25 18 17 34.77  31.144  10.688  0001.23  03.11  08.09  306.2  009.26  27.468  1020.975  1483.20 
2024 01 25 18 17 35.02  30.890  10.769  0001.24  03.10  08.09  306.2  009.26  27.160  1020.722  1483.13 
2024 01 25 18 17 35.27  30.728  10.816  0001.25  03.06  08.09  306.2  009.26  26.968  1020.565  1483.07 
2024 01 25 18 17 35.52  30.701  10.785  0001.28  02.97  08.09  306.2  009.26  26.965  1020.568  1482.95 
2024 01 25 18 17 35.77  30.690  10.797  0001.27  02.99  08.09  306.2  009.26  26.945  1020.551  1482.97 
2024 01 25 18 17 36.02  30.675  10.818  0001.27  02.99  08.09  306.2  009.26  26.915  1020.524  1483.01 
2024 01 25 18 17 36.27  30.637  10.815  0001.25  03.11  08.09  306.2  009.26  26.881  1020.498  1482.96 
2024 01 25 18 17 36.52  30.482  10.871  0001.24  02.98  08.09  306.2  009.26  26.690  1020.341  1482.93 
2024 01 25 18 17 36.77  30.457  10.892  0001.22  03.08  08.09  306.2  009.26  26.651  1020.307  1482.96 
2024 01 25 18 17 37.02  30.543  10.820  0001.20  03.28  08.09  304.7  009.26  26.786  1020.424  1482.86 
2024 01 25 18 17 37.27  30.690  10.801  0001.22  03.22  08.09  304.7  009.26  26.942  1020.547  1482.98 
2024 01 25 18 17 37.52  30.671  10.821  0001.24  03.04  08.09  304.7  009.26  26.910  1020.520  1483.01 
2024 01 25 18 17 37.77  30.601  10.832  0001.25  03.03  08.09  304.7  009.26  26.834  1020.459  1482.96 
2024 01 25 18 17 38.02  30.677  10.818  0001.26  02.97  08.09  304.7  009.26  26.918  1020.526  1483.01 
2024 01 25 18 17 38.27  30.760  10.755  0001.27  03.18  08.09  304.7  009.26  27.044  1020.635  1482.94 
2024 01 25 18 17 38.52  30.751  10.776  0001.28  03.04  08.09  304.7  009.26  27.020  1020.613  1482.98 
2024 01 25 18 17 38.77  30.706  10.782  0001.27  03.13  08.09  304.7  009.26  26.973  1020.575  1482.95 
2024 01 25 18 17 39.02  30.632  10.792  0001.24  03.14  08.08  304.7  009.26  26.893  1020.511  1482.89 
2024 01 25 18 17 39.27  30.659  10.773  0001.22  03.25  08.09  304.7  009.26  26.933  1020.545  1482.87 
2024 01 25 18 17 39.52  30.786  10.758  0001.21  03.36  08.09  304.7  009.26  27.067  1020.652  1482.97 
2024 01 25 18 17 39.77  30.812  10.766  0001.22  03.17  08.09  304.7  009.26  27.087  1020.666  1483.03 
2024 01 25 18 17 40.02  30.665  10.830  0001.25  03.12  08.09  304.2  009.26  26.897  1020.508  1483.03 
2024 01 25 18 17 40.27  30.369  10.908  0001.26  03.12  08.09  304.2  009.26  26.554  1020.229  1482.90 
2024 01 25 18 17 40.52  30.309  10.925  0001.26  03.02  08.09  304.2  009.26  26.483  1020.171  1482.88 
2024 01 25 18 17 40.77  30.323  10.902  0001.26  02.88  08.09  304.2  009.26  26.514  1020.199  1482.83 
2024 01 25 18 17 41.02  30.305  10.917  0001.27  02.86  08.09  304.2  009.26  26.485  1020.175  1482.85 
2024 01 25 18 17 41.27  30.283  10.939  0001.25  03.12  08.09  304.2  009.26  26.449  1020.142  1482.88 
2024 01 25 18 17 41.52  30.195  10.916  0001.23  03.03  08.09  304.2  009.26  26.380  1020.092  1482.72 
2024 01 25 18 17 41.77  30.224  10.921  0001.23  03.05  08.09  304.2  009.26  26.405  1020.111  1482.77 
2024 01 25 18 17 42.02  30.546  10.818  0001.24  03.05  08.08  304.2  009.26  26.791  1020.428  1482.86 
2024 01 25 18 17 42.27  30.714  10.792  0001.22  02.94  08.09  304.2  009.26  26.972  1020.572  1482.98 
2024 01 25 18 17 42.52  30.694  10.814  0001.25  02.99  08.09  304.2  009.26  26.936  1020.541  1483.02 
2024 01 25 18 17 42.77  30.634  10.821  0001.25  03.01  08.09  304.2  009.26  26.874  1020.492  1482.97 
2024 01 25 18 17 43.02  30.618  10.827  0001.25  02.92  08.09  304.2  009.26  26.854  1020.475  1482.97 
2024 01 25 18 17 43.27  30.627  10.831  0001.25  03.07  08.09  304.2  009.26  26.859  1020.479  1482.99 
2024 01 25 18 17 43.52  30.665  10.821  0001.27  03.01  08.09  304.2  009.26  26.904  1020.515  1483.01 
2024 01 25 18 17 43.77  30.724  10.791  0001.26  03.04  08.09  304.2  009.26  26.983  1020.581  1482.99 
2024 01 25 18 17 44.02  30.735  10.774  0001.26  03.16  08.09  304.2  009.26  27.006  1020.602  1482.96 
2024 01 25 18 17 44.27  30.491  10.827  0001.24  03.21  08.08  304.2  009.26  26.731  1020.379  1482.82 
2024 01 25 18 17 44.52  30.213  10.891  0001.23  03.08  08.08  304.2  009.26  26.416  1020.125  1482.67 
2024 01 25 18 17 44.77  30.319  10.855  0001.20  03.01  08.08  304.2  009.26  26.544  1020.230  1482.69 
2024 01 25 18 17 45.02  30.831  10.745  0001.22  03.12  08.08  304.2  009.26  27.121  1020.695  1482.99 
2024 01 25 18 17 45.27  30.823  10.778  0001.25  02.90  08.08  304.2  009.26  27.089  1020.666  1483.07 
2024 01 25 18 17 45.52  30.722  10.813  0001.25  02.92  08.08  304.2  009.26  26.965  1020.564  1483.05 
2024 01 25 18 17 45.77  30.697  10.809  0001.27  03.01  08.08  304.2  009.26  26.944  1020.548  1483.01 
2024 01 25 18 17 46.02  30.641  10.843  0001.26  03.20  08.08  304.0  009.26  26.864  1020.481  1483.04 
2024 01 25 18 17 46.27  30.487  10.856  0001.25  03.08  08.08  304.0  009.26  26.706  1020.355  1482.89 
2024 01 25 18 17 46.52  30.412  10.851  0001.22  03.11  08.08  304.0  009.26  26.637  1020.303  1482.79 
2024 01 25 18 17 46.77  30.429  10.890  0001.21  03.09  08.08  304.0  009.26  26.625  1020.287  1482.92 
2024 01 25 18 17 47.02  30.847  10.748  0001.22  02.97  08.08  304.0  009.26  27.135  1020.706  1483.02 
2024 01 25 18 17 47.27  31.068  10.687  0001.25  03.15  08.08  304.0  009.26  27.394  1020.917  1483.11 
2024 01 25 18 17 47.52  31.131  10.693  0001.24  03.13  08.07  304.0  009.26  27.451  1020.961  1483.20 
2024 01 25 18 17 47.77  31.120  10.698  0001.26  03.15  08.08  304.0  009.26  27.437  1020.949  1483.20 
2024 01 25 18 17 48.02  31.114  10.699  0001.25  03.13  08.07  304.0  009.26  27.430  1020.944  1483.20 
2024 01 25 18 17 48.27  31.097  10.716  0001.25  03.11  08.08  304.0  009.26  27.401  1020.918  1483.23 
2024 01 25 18 17 48.52  31.064  10.729  0001.24  03.51  08.08  304.0  009.26  27.359  1020.883  1483.22 
2024 01 25 18 17 48.77  31.018  10.728  0001.23  03.53  08.08  304.0  009.26  27.315  1020.849  1483.16 
2024 01 25 18 17 49.02  31.098  10.679  0001.22  03.27  08.08  302.4  009.26  27.430  1020.946  1483.13 
2024 01 25 18 17 49.27  31.260  10.637  0001.24  03.27  08.08  302.4  009.26  27.620  1021.101  1483.20 
2024 01 25 18 17 49.52  31.272  10.641  0001.25  03.26  08.08  302.4  009.26  27.628  1021.107  1483.23 
2024 01 25 18 17 49.77  31.253  10.659  0001.25  03.15  08.08  302.4  009.26  27.596  1021.079  1483.25 
2024 01 25 18 17 50.02  31.185  10.680  0001.27  03.04  08.08  302.4  009.26  27.514  1021.012  1483.23 
2024 01 25 18 17 50.27  31.150  10.696  0001.26  03.16  08.08  302.4  009.26  27.467  1020.973  1483.23 
2024 01 25 18 17 50.52  31.062  10.717  0001.25  03.44  08.08  302.4  009.26  27.366  1020.891  1483.19 
2024 01 25 18 17 50.77  30.870  10.764  0001.24  03.28  08.08  302.4  009.26  27.145  1020.712  1483.09 
2024 01 25 18 17 51.02  30.843  10.792  0001.22  03.35  08.07  302.4  009.26  27.097  1020.670  1483.13 
2024 01 25 18 17 51.27  31.012  10.714  0001.22  03.49  08.08  302.4  009.26  27.319  1020.855  1483.12 
2024 01 25 18 17 51.52  31.086  10.710  0001.22  03.22  08.08  302.4  009.26  27.395  1020.914  1483.20 
2024 01 25 18 17 51.77  31.096  10.702  0001.22  03.26  08.08  302.4  009.26  27.411  1020.928  1483.19 
2024 01 25 18 17 52.02  31.115  10.697  0001.25  03.42  08.08  304.2  009.26  27.432  1020.946  1483.19 
2024 01 25 18 17 52.27  31.109  10.707  0001.26  03.31  08.08  304.2  009.26  27.420  1020.934  1483.22 
2024 01 25 18 17 52.52  31.079  10.712  0001.25  03.28  08.08  304.2  009.26  27.387  1020.908  1483.19 
2024 01 25 18 17 52.77  30.981  10.755  0001.25  03.39  08.08  304.2  009.26  27.259  1020.801  1483.20 
2024 01 25 18 17 53.02  30.809  10.812  0001.22  03.19  08.08  304.2  009.26  27.050  1020.630  1483.15 
2024 01 25 18 17 53.27  30.700  10.760  0001.22  03.17  08.08  304.2  009.26  26.983  1020.586  1482.88 
2024 01 25 18 17 53.52  30.938  10.686  0001.21  03.18  08.08  304.2  009.26  27.269  1020.820  1482.96 
2024 01 25 18 17 53.77  31.165  10.667  0001.24  03.14  08.08  304.2  009.26  27.504  1021.006  1483.17 
2024 01 25 18 17 54.02  31.232  10.658  0001.24  03.08  08.08  304.2  009.26  27.576  1021.063  1483.23 
2024 01 25 18 17 54.27  31.210  10.662  0001.27  03.20  08.08  304.2  009.26  27.552  1021.044  1483.21 
2024 01 25 18 17 54.52  31.165  10.691  0001.25  03.06  08.08  304.2  009.26  27.486  1020.988  1483.24 
2024 01 25 18 17 54.77  31.164  10.699  0001.28  03.15  08.08  304.2  009.26  27.479  1020.981  1483.26 
2024 01 25 18 17 55.02  31.148  10.697  0001.26  03.35  08.08  303.8  009.26  27.465  1020.971  1483.23 
2024 01 25 18 17 55.27  31.028  10.729  0001.24  03.32  08.08  303.8  009.26  27.324  1020.857  1483.18 
2024 01 25 18 17 55.52  30.788  10.780  0001.23  03.27  08.08  303.8  009.26  27.053  1020.638  1483.04 
2024 01 25 18 17 55.77  30.806  10.776  0001.21  03.14  08.08  303.8  009.26  27.073  1020.654  1483.05 
2024 01 25 18 17 56.02  31.033  10.678  0001.21  03.14  08.08  303.8  009.26  27.367  1020.898  1483.05 
2024 01 25 18 17 56.27  31.068  10.703  0001.25  03.11  08.08  303.8  009.26  27.383  1020.906  1483.15 
2024 01 25 18 17 56.52  31.065  10.699  0001.24  03.17  08.08  303.8  009.26  27.382  1020.906  1483.14 
2024 01 25 18 17 56.77  31.023  10.721  0001.24  03.19  08.08  303.8  009.26  27.326  1020.859  1483.15 
2024 01 25 18 17 57.02  30.974  10.752  0001.25  03.16  08.07  303.8  009.26  27.255  1020.799  1483.18 
2024 01 25 18 17 57.27  31.159  10.682  0001.31  03.08  08.08  303.8  009.26  27.487  1020.991  1483.21 
2024 01 25 18 17 57.52  31.163  10.677  0001.33  03.21  08.08  303.8  009.26  27.495  1020.998  1483.20 
2024 01 25 18 17 57.77  30.983  10.714  0001.30  03.13  08.08  303.8  009.26  27.292  1020.834  1483.09 
2024 01 25 18 17 58.02  30.749  10.798  0001.30  03.06  08.08  302.8  009.26  27.002  1020.595  1483.04 
2024 01 25 18 17 58.27  30.770  10.809  0001.29  03.28  08.08  302.8  009.26  27.015  1020.603  1483.09 
2024 01 25 18 17 58.52  30.882  10.751  0001.29  03.66  08.08  302.8  009.26  27.166  1020.730  1483.07 
2024 01 25 18 17 58.77  30.625  10.877  0001.31  03.42  08.08  302.8  009.26  26.823  1020.443  1483.11 
2024 01 25 18 17 59.02  30.438  10.926  0001.33  03.22  08.08  302.8  009.26  26.608  1020.268  1483.03 
2024 01 25 18 17 59.27  30.468  10.919  0001.33  03.12  08.08  302.8  009.26  26.642  1020.296  1483.04 
2024 01 25 18 17 59.52  30.377  10.906  0001.35  03.18  08.08  302.8  009.26  26.563  1020.237  1482.90 
2024 01 25 18 17 59.77  30.207  10.951  0001.31  03.17  08.08  302.8  009.26  26.368  1020.078  1482.83 
2024 01 25 18 18 00.02  30.125  10.979  0001.31  03.04  08.08  302.8  009.26  26.268  1019.996  1482.81 
2024 01 25 18 18 00.27  30.098  10.970  0001.30  03.08  08.08  302.8  009.26  26.248  1019.982  1482.76 
2024 01 25 18 18 00.52  30.195  10.957  0001.29  02.96  08.08  302.8  009.26  26.352  1020.064  1482.83 
2024 01 25 18 18 00.77  30.171  10.959  0001.32  02.92  08.08  302.8  009.26  26.326  1020.044  1482.81 
2024 01 25 18 18 01.02  30.084  10.985  0001.32  03.01  08.09  304.0  009.26  26.225  1019.961  1482.78 
2024 01 25 18 18 01.27  30.043  11.014  0001.33  03.01  08.09  304.0  009.26  26.164  1019.910  1482.81 
2024 01 25 18 18 01.52  30.004  11.021  0001.34  03.04  08.09  304.0  009.26  26.122  1019.876  1482.79 
2024 01 25 18 18 01.77  29.817  11.055  0001.31  03.05  08.09  304.0  009.26  25.917  1019.711  1482.66 
2024 01 25 18 18 02.02  29.626  11.078  0001.30  03.03  08.09  304.0  009.26  25.719  1019.553  1482.51 
2024 01 25 18 18 02.27  29.622  11.066  0001.31  03.01  08.09  304.0  009.26  25.724  1019.559  1482.47 
2024 01 25 18 18 02.52  29.784  10.998  0001.30  02.92  08.09  304.0  009.26  25.926  1019.727  1482.47 
2024 01 25 18 18 02.77  29.895  10.993  0001.33  02.84  08.09  304.0  009.26  26.037  1019.815  1482.58 
2024 01 25 18 18 03.02  29.912  11.007  0001.32  02.80  08.08  304.0  009.26  26.044  1019.817  1482.64 
2024 01 25 18 18 03.27  29.843  11.015  0001.33  02.82  08.09  304.0  009.26  25.971  1019.760  1482.58 
2024 01 25 18 18 03.52  29.641  11.071  0001.32  02.86  08.09  304.0  009.26  25.738  1019.569  1482.51 
2024 01 25 18 18 03.77  29.684  11.057  0001.32  03.04  08.09  304.0  009.26  25.789  1019.611  1482.52 
2024 01 25 18 18 04.02  29.890  11.020  0001.32  02.87  08.09  302.3  009.26  26.013  1019.791  1482.65 
2024 01 25 18 18 04.27  29.934  11.002  0001.33  02.99  08.09  302.3  009.26  26.069  1019.837  1482.65 
2024 01 25 18 18 04.52  29.942  11.003  0001.32  03.14  08.09  302.3  009.26  26.075  1019.842  1482.67 
2024 01 25 18 18 04.77  29.901  10.996  0001.32  03.09  08.09  302.3  009.26  26.041  1019.817  1482.60 
2024 01 25 18 18 05.02  29.828  11.031  0001.30  02.96  08.08  302.3  009.26  25.946  1019.737  1482.61 
2024 01 25 18 18 05.27  29.845  11.022  0001.31  03.20  08.08  302.3  009.26  25.968  1019.756  1482.61 
2024 01 25 18 18 05.52  29.879  11.023  0001.30  03.06  08.08  302.3  009.26  26.000  1019.781  1482.65 
2024 01 25 18 18 05.77  29.870  11.038  0001.31  03.18  08.08  302.3  009.26  25.981  1019.763  1482.68 
2024 01 25 18 18 06.02  29.761  11.077  0001.33  03.03  08.08  302.3  009.26  25.849  1019.655  1482.66 
2024 01 25 18 18 06.27  29.704  11.095  0001.34  02.94  08.08  302.3  009.26  25.782  1019.600  1482.64 
2024 01 25 18 18 06.52  29.685  11.092  0001.34  02.90  08.08  302.3  009.26  25.766  1019.588  1482.61 
2024 01 25 18 18 06.77  29.618  11.126  0001.34  02.92  08.08  302.3  009.26  25.679  1019.515  1482.63 
2024 01 25 18 18 07.02  29.571  11.116  0001.34  02.92  08.08  301.1  009.26  25.640  1019.486  1482.55 
2024 01 25 18 18 07.27  29.436  11.129  0001.32  02.90  08.08  301.1  009.26  25.502  1019.377  1482.43 
2024 01 25 18 18 07.52  29.331  11.157  0001.32  02.98  08.08  301.1  009.26  25.382  1019.280  1482.39 
2024 01 25 18 18 07.77  29.295  11.149  0001.30  02.92  08.08  301.1  009.26  25.354  1019.259  1482.32 
2024 01 25 18 18 08.02  29.446  11.110  0001.30  02.94  08.08  301.1  009.26  25.525  1019.398  1482.39 
2024 01 25 18 18 08.27  29.676  11.090  0001.32  02.99  08.08  301.1  009.26  25.758  1019.582  1482.60 
2024 01 25 18 18 08.52  29.760  11.060  0001.33  02.87  08.08  301.1  009.26  25.860  1019.666  1482.61 
2024 01 25 18 18 08.77  29.776  11.043  0001.33  03.02  08.08  301.1  009.26  25.887  1019.690  1482.58 
2024 01 25 18 18 09.02  29.781  11.029  0001.34  02.89  08.07  301.1  009.26  25.901  1019.703  1482.55 
2024 01 25 18 18 09.27  29.854  11.019  0001.33  02.92  08.07  301.1  009.26  25.979  1019.765  1482.61 
2024 01 25 18 18 09.52  29.862  10.970  0001.33  03.11  08.07  301.1  009.26  26.021  1019.806  1482.48 
2024 01 25 18 18 09.77  29.864  10.955  0001.35  03.14  08.08  301.1  009.26  26.033  1019.817  1482.44 
2024 01 25 18 18 10.02  29.816  11.058  0001.36  02.92  08.08  300.6  009.26  25.915  1019.709  1482.67 
2024 01 25 18 18 10.27  29.782  11.047  0001.32  02.94  08.07  300.6  009.26  25.890  1019.691  1482.60 
2024 01 25 18 18 10.52  29.725  11.077  0001.29  02.97  08.08  300.6  009.26  25.814  1019.628  1482.62 
2024 01 25 18 18 10.77  29.693  11.073  0001.26  03.04  08.08  300.6  009.26  25.787  1019.607  1482.57 
2024 01 25 18 18 11.02  29.880  11.004  0001.25  03.11  08.08  300.6  009.26  26.015  1019.795  1482.59 
2024 01 25 18 18 11.27  30.402  10.885  0001.30  03.02  08.08  300.6  009.26  26.602  1020.270  1482.87 
2024 01 25 18 18 11.52  30.660  10.815  0001.36  03.06  08.07  300.6  009.26  26.904  1020.516  1482.98 
2024 01 25 18 18 11.77  30.803  10.781  0001.39  03.03  08.07  300.6  009.26  27.066  1020.648  1483.06 
2024 01 25 18 18 12.02  30.799  10.754  0001.38  03.09  08.07  300.6  009.26  27.083  1020.666  1482.98 
2024 01 25 18 18 12.27  30.605  10.858  0001.36  03.01  08.07  300.6  009.26  26.818  1020.442  1483.04 
2024 01 25 18 18 12.52  30.699  10.834  0001.30  03.06  08.07  300.6  009.26  26.927  1020.531  1483.08 
2024 01 25 18 18 12.77  30.760  10.758  0001.25  03.16  08.07  300.6  009.26  27.042  1020.632  1482.95 
2024 01 25 18 18 13.02  30.628  10.784  0001.24  03.11  08.07  299.9  009.26  26.894  1020.514  1482.86 
2024 01 25 18 18 13.27  30.873  10.723  0001.23  03.16  08.08  299.9  009.26  27.177  1020.743  1482.98 
2024 01 25 18 18 13.52  30.555  10.822  0001.27  03.08  08.07  299.9  009.26  26.796  1020.431  1482.88 
2024 01 25 18 18 13.77  30.429  10.888  0001.32  02.98  08.07  299.9  009.26  26.626  1020.289  1482.91 
2024 01 25 18 18 14.02  30.600  10.805  0001.37  03.01  08.07  299.9  009.26  26.852  1020.478  1482.89 
2024 01 25 18 18 14.27  30.617  10.789  0001.37  02.98  08.07  299.9  009.26  26.881  1020.503  1482.86 
2024 01 25 18 18 14.52  30.637  10.818  0001.35  03.03  08.07  299.9  009.26  26.879  1020.496  1482.97 
2024 01 25 18 18 14.77  30.641  10.762  0001.31  02.96  08.07  299.9  009.26  26.924  1020.540  1482.82 
2024 01 25 18 18 15.02  30.251  10.878  0001.27  02.95  08.07  299.9  009.26  26.462  1020.163  1482.68 
2024 01 25 18 18 15.27  30.357  10.856  0001.25  03.01  08.07  299.9  009.26  26.580  1020.258  1482.74 
2024 01 25 18 18 15.52  30.660  10.798  0001.22  03.03  08.08  299.9  009.26  26.915  1020.527  1482.93 
2024 01 25 18 18 15.77  30.998  10.693  0001.25  02.99  08.08  299.9  009.26  27.322  1020.860  1483.05 
2024 01 25 18 18 16.02  31.018  10.696  0001.30  03.06  08.08  303.9  009.26  27.340  1020.874  1483.08 
2024 01 25 18 18 16.27  31.040  10.711  0001.32  03.02  08.07  303.9  009.26  27.349  1020.879  1483.15 
2024 01 25 18 18 16.52  31.069  10.674  0001.35  02.97  08.07  303.9  009.26  27.406  1020.929  1483.08 
2024 01 25 18 18 16.77  31.069  10.652  0001.34  02.94  08.07  303.9  009.26  27.422  1020.945  1483.02 
2024 01 25 18 18 17.02  31.001  10.698  0001.34  03.08  08.07  303.9  009.26  27.321  1020.859  1483.07 
2024 01 25 18 18 17.27  30.879  10.693  0001.30  03.06  08.07  303.9  009.26  27.206  1020.771  1482.91 
2024 01 25 18 18 17.52  30.812  10.734  0001.27  03.07  08.07  303.9  009.26  27.110  1020.689  1482.94 
2024 01 25 18 18 17.77  30.935  10.687  0001.25  02.95  08.07  303.9  009.26  27.264  1020.817  1482.96 
2024 01 25 18 18 18.02  31.109  10.612  0001.26  02.94  08.07  303.9  009.26  27.491  1021.005  1482.96 
2024 01 25 18 18 18.27  31.203  10.632  0001.27  03.00  08.08  303.9  009.23  27.567  1021.061  1483.12 
2024 01 25 18 18 18.52  31.200  10.630  0001.30  02.99  08.08  303.9  009.26  27.566  1021.061  1483.11 
2024 01 25 18 18 18.77  31.194  10.640  0001.33  03.00  08.07  303.9  009.26  27.553  1021.049  1483.13 
2024 01 25 18 18 19.02  31.145  10.664  0001.35  03.02  08.07  305.7  009.26  27.487  1020.994  1483.14 
2024 01 25 18 18 19.27  31.094  10.659  0001.35  03.04  08.07  305.7  009.26  27.440  1020.958  1483.07 
2024 01 25 18 18 19.52  31.032  10.683  0001.34  03.00  08.07  305.7  009.26  27.362  1020.894  1483.06 
2024 01 25 18 18 19.77  30.881  10.764  0001.30  03.08  08.07  305.7  009.26  27.155  1020.719  1483.10 
2024 01 25 18 18 20.02  30.755  10.725  0001.27  02.94  08.07  305.7  009.26  27.061  1020.653  1482.85 
2024 01 25 18 18 20.27  30.602  10.764  0001.29  02.92  08.07  305.7  009.26  26.884  1020.509  1482.78 
2024 01 25 18 18 20.52  30.731  10.711  0001.26  03.09  08.07  305.7  009.26  27.049  1020.645  1482.78 
2024 01 25 18 18 20.77  31.047  10.654  0001.29  03.04  08.08  305.7  009.26  27.399  1020.927  1483.00 
2024 01 25 18 18 21.02  31.075  10.684  0001.31  03.01  08.07  305.7  009.26  27.403  1020.925  1483.11 
2024 01 25 18 18 21.27  31.087  10.675  0001.34  03.04  08.08  305.7  009.26  27.422  1020.941  1483.10 
2024 01 25 18 18 21.52  31.038  10.685  0001.34  02.91  08.07  305.7  009.26  27.366  1020.896  1483.07 
2024 01 25 18 18 21.77  30.982  10.691  0001.34  02.91  08.07  305.7  009.26  27.307  1020.850  1483.03 
2024 01 25 18 18 22.02  30.939  10.726  0001.35  02.91  08.07  303.8  009.26  27.240  1020.792  1483.07 
2024 01 25 18 18 22.27  30.808  10.761  0001.33  02.87  08.07  303.8  009.26  27.086  1020.667  1483.01 
2024 01 25 18 18 22.52  30.714  10.786  0001.30  02.99  08.07  303.8  009.26  26.977  1020.578  1482.97 
2024 01 25 18 18 22.77  30.648  10.778  0001.29  02.89  08.07  303.8  009.26  26.918  1020.533  1482.87 
2024 01 25 18 18 23.02  30.667  10.776  0001.25  02.94  08.07  303.8  009.26  26.938  1020.549  1482.89 
2024 01 25 18 18 23.27  30.720  10.761  0001.27  03.07  08.08  303.8  009.26  27.001  1020.601  1482.91 
2024 01 25 18 18 23.52  30.785  10.768  0001.28  03.01  08.08  303.8  009.26  27.059  1020.644  1483.00 
2024 01 25 18 18 23.77  30.765  10.783  0001.29  02.87  08.08  303.8  009.26  27.029  1020.618  1483.02 
2024 01 25 18 18 24.02  30.721  10.805  0001.32  02.87  08.07  303.8  009.26  26.970  1020.569  1483.03 
2024 01 25 18 18 24.27  30.701  10.816  0001.35  02.98  08.08  303.8  009.26  26.942  1020.546  1483.04 
2024 01 25 18 18 24.52  30.698  10.807  0001.35  03.01  08.07  303.8  009.26  26.946  1020.550  1483.01 
2024 01 25 18 18 24.77  30.644  10.782  0001.36  02.89  08.07  303.8  009.26  26.912  1020.528  1482.88 
2024 01 25 18 18 25.02  30.492  10.854  0001.35  02.99  08.07  303.5  009.26  26.712  1020.361  1482.90 
2024 01 25 18 18 25.27  30.420  10.880  0001.31  02.93  08.07  303.5  009.26  26.623  1020.288  1482.88 
2024 01 25 18 18 25.52  30.406  10.901  0001.29  03.12  08.07  303.5  009.26  26.595  1020.262  1482.92 
2024 01 25 18 18 25.77  30.587  10.859  0001.26  03.36  08.07  303.5  009.26  26.801  1020.429  1483.02 
2024 01 25 18 18 26.02  30.700  10.802  0001.28  03.21  08.08  303.5  009.26  26.952  1020.555  1482.99 
2024 01 25 18 18 26.27  30.876  10.738  0001.32  03.00  08.08  303.5  009.26  27.169  1020.735  1483.03 
2024 01 25 18 18 26.52  31.000  10.716  0001.33  02.92  08.08  303.5  009.26  27.307  1020.845  1483.11 
2024 01 25 18 18 26.77  30.970  10.725  0001.33  02.87  08.07  303.5  009.26  27.270  1020.815  1483.10 
2024 01 25 18 18 27.02  30.866  10.725  0001.33  03.00  08.07  303.5  009.26  27.169  1020.737  1482.98 
2024 01 25 18 18 27.27  30.730  10.772  0001.34  03.26  08.07  303.5  009.26  27.002  1020.600  1482.95 
2024 01 25 18 18 27.52  30.736  10.761  0001.31  03.10  08.07  303.5  009.26  27.017  1020.612  1482.92 
2024 01 25 18 18 27.77  30.818  10.697  0001.34  03.03  08.07  303.5  009.26  27.144  1020.722  1482.85 
2024 01 25 18 18 28.02  30.941  10.634  0001.34  03.04  08.07  303.5  009.26  27.311  1020.862  1482.82 
2024 01 25 18 18 28.27  30.998  10.614  0001.33  03.06  08.07  303.5  009.26  27.380  1020.919  1482.83 
2024 01 25 18 18 28.52  30.980  10.647  0001.32  02.97  08.07  303.5  009.26  27.339  1020.881  1482.90 
2024 01 25 18 18 28.77  30.976  10.682  0001.30  02.94  08.07  303.5  009.26  27.309  1020.852  1482.99 
2024 01 25 18 18 29.02  31.012  10.651  0001.28  02.97  08.07  303.5  009.26  27.367  1020.902  1482.95 
2024 01 25 18 18 29.27  31.097  10.657  0001.32  03.03  08.07  303.5  009.26  27.445  1020.962  1483.07 
2024 01 25 18 18 29.52  31.259  10.642  0001.33  02.97  08.07  303.5  009.29  27.614  1021.096  1483.22 
2024 01 25 18 18 29.77  31.381  10.608  0001.35  03.04  08.07  303.5  009.26  27.760  1021.215  1483.27 
2024 01 25 18 18 30.02  31.357  10.607  0001.34  02.92  08.06  303.5  009.26  27.737  1021.197  1483.24 
2024 01 25 18 18 30.27  31.283  10.609  0001.34  02.89  08.06  303.5  009.26  27.663  1021.139  1483.16 
2024 01 25 18 18 30.52  31.193  10.650  0001.35  02.92  08.06  303.5  009.26  27.543  1021.040  1483.16 
2024 01 25 18 18 30.77  31.191  10.670  0001.32  03.01  08.07  303.5  009.26  27.527  1021.024  1483.21 
2024 01 25 18 18 31.02  31.085  10.647  0001.31  02.95  08.07  303.8  009.26  27.441  1020.961  1483.02 
2024 01 25 18 18 31.27  31.124  10.674  0001.32  03.00  08.07  303.8  009.26  27.458  1020.970  1483.14 
2024 01 25 18 18 31.52  31.162  10.616  0001.31  03.04  08.07  303.8  009.26  27.539  1021.042  1483.03 
2024 01 25 18 18 31.77  31.160  10.617  0001.31  03.00  08.07  303.8  009.26  27.537  1021.040  1483.03 
2024 01 25 18 18 32.02  31.145  10.660  0001.30  02.99  08.07  303.8  009.26  27.490  1020.996  1483.13 
2024 01 25 18 18 32.27  31.120  10.654  0001.30  03.00  08.07  303.8  009.26  27.470  1020.982  1483.08 
2024 01 25 18 18 32.52  31.125  10.647  0001.31  02.97  08.07  303.8  009.26  27.480  1020.991  1483.07 
2024 01 25 18 18 32.77  31.202  10.633  0001.33  03.05  08.07  303.8  009.26  27.566  1021.060  1483.13 
2024 01 25 18 18 33.02  31.218  10.641  0001.36  02.98  08.06  303.8  009.26  27.575  1021.066  1483.17 
2024 01 25 18 18 33.27  31.231  10.649  0001.36  03.02  08.07  303.8  009.26  27.582  1021.070  1483.20 
2024 01 25 18 18 33.52  31.249  10.620  0001.36  02.92  08.07  303.8  009.26  27.622  1021.106  1483.15 
2024 01 25 18 18 33.77  31.243  10.626  0001.35  02.86  08.07  303.8  009.26  27.611  1021.097  1483.15 
2024 01 25 18 18 34.02  31.171  10.677  0001.33  02.87  08.07  304.2  009.26  27.503  1021.004  1483.21 
2024 01 25 18 18 34.27  31.051  10.664  0001.28  03.04  08.07  304.2  009.26  27.395  1020.922  1483.03 
2024 01 25 18 18 34.52  30.937  10.641  0001.25  03.09  08.07  304.2  009.26  27.301  1020.853  1482.83 
2024 01 25 18 18 34.77  31.037  10.655  0001.25  03.01  08.07  304.2  009.26  27.388  1020.918  1482.99 
2024 01 25 18 18 35.02  31.192  10.642  0001.30  02.93  08.07  304.2  009.26  27.549  1021.045  1483.14 
2024 01 25 18 18 35.27  31.321  10.618  0001.34  02.90  08.07  304.2  009.26  27.693  1021.162  1483.22 
2024 01 25 18 18 35.52  31.344  10.619  0001.38  02.94  08.07  304.2  009.26  27.715  1021.178  1483.26 
2024 01 25 18 18 35.77  31.322  10.619  0001.40  02.86  08.07  304.2  009.26  27.693  1021.162  1483.23 
2024 01 25 18 18 36.02  31.261  10.630  0001.37  02.84  08.06  304.2  009.26  27.625  1021.107  1483.19 
2024 01 25 18 18 36.27  31.299  10.623  0001.31  03.07  08.06  304.2  009.26  27.668  1021.141  1483.21 
2024 01 25 18 18 36.52  31.301  10.608  0001.28  02.94  08.06  304.2  009.26  27.681  1021.153  1483.17 
2024 01 25 18 18 36.77  30.995  10.741  0001.25  02.98  08.07  304.2  009.26  27.284  1020.823  1483.17 
2024 01 25 18 18 37.02  31.074  10.684  0001.25  03.02  08.07  302.9  009.26  27.403  1020.925  1483.11 
2024 01 25 18 18 37.27  31.263  10.644  0001.26  03.01  08.07  302.9  009.26  27.617  1021.098  1483.23 
2024 01 25 18 18 37.52  31.209  10.641  0001.30  03.02  08.07  302.9  009.26  27.566  1021.059  1483.15 
2024 01 25 18 18 37.77  31.226  10.653  0001.36  02.95  08.07  302.9  009.26  27.574  1021.063  1483.21 
2024 01 25 18 18 38.02  31.237  10.649  0001.39  02.92  08.07  302.9  009.26  27.588  1021.075  1483.21 
2024 01 25 18 18 38.27  31.226  10.607  0001.39  02.90  08.07  302.9  009.26  27.609  1021.098  1483.08 
2024 01 25 18 18 38.52  31.217  10.646  0001.38  02.87  08.06  302.9  009.26  27.571  1021.062  1483.18 
2024 01 25 18 18 38.77  31.305  10.628  0001.33  02.84  08.06  302.9  009.26  27.670  1021.142  1483.23 
2024 01 25 18 18 39.02  31.264  10.612  0001.29  02.85  08.06  302.9  009.26  27.642  1021.122  1483.14 
2024 01 25 18 18 39.27  31.172  10.614  0001.25  03.11  08.06  302.9  009.26  27.551  1021.051  1483.04 
2024 01 25 18 18 39.52  31.174  10.614  0001.24  03.07  08.07  302.9  009.26  27.553  1021.053  1483.04 
2024 01 25 18 18 39.77  31.287  10.599  0001.26  02.95  08.07  302.9  009.26  27.674  1021.150  1483.13 
2024 01 25 18 18 40.02  31.415  10.561  0001.30  03.01  08.07  304.6  009.26  27.828  1021.276  1483.18 
2024 01 25 18 18 40.27  31.391  10.589  0001.33  03.01  08.07  304.6  009.26  27.783  1021.236  1483.23 
2024 01 25 18 18 40.52  31.418  10.597  0001.39  03.01  08.07  304.6  009.26  27.804  1021.252  1483.28 
2024 01 25 18 18 40.77  31.416  10.574  0001.38  03.01  08.06  304.6  009.26  27.820  1021.268  1483.22 
2024 01 25 18 18 41.02  31.383  10.580  0001.36  02.90  08.06  304.6  009.26  27.782  1021.237  1483.20 
2024 01 25 18 18 41.27  31.440  10.576  0001.34  02.85  08.06  304.6  009.26  27.841  1021.283  1483.25 
2024 01 25 18 18 41.52  31.402  10.583  0001.31  02.99  08.06  304.6  009.26  27.799  1021.249  1483.23 
2024 01 25 18 18 41.77  31.294  10.586  0001.28  02.90  08.06  304.6  009.26  27.691  1021.165  1483.11 
2024 01 25 18 18 42.02  31.190  10.590  0001.25  02.98  08.06  304.6  009.26  27.586  1021.082  1482.99 
2024 01 25 18 18 42.27  31.285  10.589  0001.26  03.00  08.07  304.6  009.26  27.680  1021.156  1483.10 
2024 01 25 18 18 42.52  31.397  10.569  0001.29  03.06  08.07  304.6  009.26  27.804  1021.256  1483.18 
2024 01 25 18 18 42.77  31.432  10.573  0001.28  02.95  08.07  304.6  009.26  27.837  1021.280  1483.23 
2024 01 25 18 18 43.02  31.440  10.577  0001.31  02.90  08.07  306.4  009.26  27.840  1021.282  1483.25 
2024 01 25 18 18 43.27  31.397  10.595  0001.34  02.92  08.07  306.4  009.26  27.785  1021.237  1483.25 
2024 01 25 18 18 43.52  31.289  10.611  0001.34  03.03  08.07  306.4  009.26  27.668  1021.143  1483.17 
2024 01 25 18 18 43.77  31.270  10.617  0001.33  02.94  08.07  306.4  009.26  27.644  1021.124  1483.16 
2024 01 25 18 18 44.02  31.254  10.632  0001.31  03.01  08.07  306.4  009.26  27.617  1021.100  1483.18 
2024 01 25 18 18 44.27  31.078  10.658  0001.28  02.92  08.07  306.4  009.26  27.426  1020.947  1483.05 
2024 01 25 18 18 44.52  31.039  10.687  0001.27  02.94  08.07  306.4  009.26  27.367  1020.896  1483.08 
2024 01 25 18 18 44.77  31.050  10.671  0001.25  03.17  08.07  306.4  009.26  27.389  1020.916  1483.05 
2024 01 25 18 18 45.02  31.075  10.671  0001.28  03.06  08.07  306.4  009.26  27.413  1020.935  1483.08 
2024 01 25 18 18 45.27  31.124  10.664  0001.30  02.98  08.07  306.4  009.26  27.466  1020.977  1483.12 
2024 01 25 18 18 45.52  31.140  10.668  0001.30  03.04  08.07  306.4  009.26  27.479  1020.987  1483.15 
2024 01 25 18 18 45.77  31.106  10.684  0001.35  02.95  08.07  306.4  009.26  27.434  1020.950  1483.15 
2024 01 25 18 18 46.02  31.026  10.720  0001.35  02.89  08.07  305.8  009.26  27.328  1020.862  1483.15 
2024 01 25 18 18 46.27  30.791  10.760  0001.31  02.97  08.07  305.8  009.26  27.070  1020.654  1482.99 
2024 01 25 18 18 46.52  30.694  10.776  0001.30  02.98  08.07  305.8  009.26  26.965  1020.570  1482.92 
2024 01 25 18 18 46.77  30.593  10.798  0001.30  03.04  08.07  305.8  009.26  26.850  1020.477  1482.86 
2024 01 25 18 18 47.02  30.600  10.803  0001.29  02.92  08.07  305.8  009.26  26.854  1020.479  1482.88 
2024 01 25 18 18 47.27  30.683  10.767  0001.30  03.02  08.07  305.8  009.26  26.961  1020.568  1482.88 
2024 01 25 18 18 47.52  30.740  10.756  0001.31  02.92  08.08  305.8  009.26  27.024  1020.619  1482.92 
2024 01 25 18 18 47.77  30.714  10.794  0001.31  02.90  08.07  305.8  009.26  26.971  1020.572  1482.99 
2024 01 25 18 18 48.02  30.600  10.814  0001.31  02.87  08.07  305.8  009.26  26.846  1020.471  1482.91 
2024 01 25 18 18 48.27  30.515  10.799  0001.30  02.88  08.07  305.8  009.26  26.774  1020.418  1482.77 
2024 01 25 18 18 48.52  30.498  10.790  0001.32  02.83  08.07  305.8  009.26  26.765  1020.412  1482.73 
2024 01 25 18 18 48.77  30.609  10.794  0001.32  02.85  08.07  305.8  009.26  26.869  1020.493  1482.87 
2024 01 25 18 18 49.02  30.738  10.755  0001.33  02.93  08.07  303.4  009.26  27.023  1020.618  1482.91 
2024 01 25 18 18 49.27  30.800  10.710  0001.35  02.99  08.07  303.4  009.26  27.117  1020.699  1482.86 
2024 01 25 18 18 49.52  30.816  10.695  0001.33  03.06  08.07  303.4  009.26  27.143  1020.722  1482.84 
2024 01 25 18 18 49.77  30.830  10.713  0001.34  03.13  08.07  303.4  009.26  27.143  1020.719  1482.90 
2024 01 25 18 18 50.02  30.879  10.700  0001.32  03.35  08.07  303.4  009.26  27.201  1020.765  1482.93 
2024 01 25 18 18 50.27  30.696  10.764  0001.30  03.04  08.07  303.4  009.26  26.976  1020.580  1482.89 
2024 01 25 18 18 50.52  30.585  10.852  0001.30  02.94  08.07  303.4  009.26  26.803  1020.432  1483.00 
2024 01 25 18 18 50.77  30.532  10.851  0001.28  02.99  08.07  303.4  009.26  26.753  1020.393  1482.93 
2024 01 25 18 18 51.02  30.597  10.806  0001.31  02.99  08.07  303.4  009.26  26.848  1020.474  1482.89 
2024 01 25 18 18 51.27  30.814  10.768  0001.33  02.97  08.07  303.4  009.26  27.087  1020.666  1483.04 
2024 01 25 18 18 51.52  31.000  10.718  0001.36  02.94  08.07  303.4  009.26  27.305  1020.844  1483.12 
2024 01 25 18 18 51.77  30.973  10.663  0001.38  02.96  08.07  303.4  009.26  27.320  1020.864  1482.94 
2024 01 25 18 18 52.02  30.917  10.736  0001.35  03.10  08.07  303.5  009.26  27.211  1020.767  1483.07 
2024 01 25 18 18 52.27  30.898  10.717  0001.31  03.01  08.07  303.5  009.26  27.207  1020.767  1483.00 
2024 01 25 18 18 52.52  30.788  10.772  0001.28  02.94  08.07  303.5  009.26  27.058  1020.643  1483.02 
2024 01 25 18 18 52.77  30.757  10.703  0001.28  02.90  08.07  303.5  009.26  27.080  1020.671  1482.79 
2024 01 25 18 18 53.02  31.035  10.622  0001.30  02.94  08.07  303.5  009.26  27.411  1020.941  1482.90 
2024 01 25 18 18 53.27  31.256  10.630  0001.33  03.04  08.07  303.5  009.26  27.621  1021.103  1483.18 
2024 01 25 18 18 53.52  31.287  10.631  0001.35  03.12  08.07  303.5  009.26  27.650  1021.126  1483.22 
2024 01 25 18 18 53.77  31.189  10.625  0001.35  03.09  08.07  303.5  009.26  27.559  1021.056  1483.09 
2024 01 25 18 18 54.02  31.064  10.663  0001.32  02.96  08.06  303.5  009.26  27.408  1020.933  1483.04 
2024 01 25 18 18 54.27  31.125  10.631  0001.30  02.99  08.06  303.5  009.26  27.492  1021.003  1483.03 
2024 01 25 18 18 54.52  31.215  10.612  0001.30  02.99  08.06  303.5  009.26  27.594  1021.085  1483.08 
2024 01 25 18 18 54.77  31.275  10.582  0001.29  03.00  08.06  303.5  009.26  27.675  1021.153  1483.07 
2024 01 25 18 18 55.02  31.342  10.595  0001.33  02.96  08.06  303.5  009.26  27.731  1021.195  1483.19 
2024 01 25 18 18 55.27  31.370  10.591  0001.30  02.97  08.06  303.5  009.26  27.762  1021.219  1483.21 
2024 01 25 18 18 55.52  31.343  10.586  0001.31  02.96  08.07  303.5  009.26  27.739  1021.202  1483.16 
2024 01 25 18 18 55.77  31.206  10.600  0001.28  03.02  08.07  303.5  009.26  27.594  1021.087  1483.04 
2024 01 25 18 18 56.02  31.174  10.599  0001.28  02.92  08.07  303.5  009.26  27.564  1021.064  1483.00 
2024 01 25 18 18 56.27  31.229  10.598  0001.29  02.94  08.07  303.5  009.26  27.618  1021.106  1483.06 
2024 01 25 18 18 56.52  31.341  10.601  0001.33  02.97  08.07  303.5  009.26  27.725  1021.189  1483.20 
2024 01 25 18 18 56.77  31.377  10.595  0001.34  02.96  08.07  303.5  009.26  27.766  1021.222  1483.23 
2024 01 25 18 18 57.02  31.369  10.586  0001.34  03.12  08.06  303.5  009.26  27.765  1021.223  1483.19 
2024 01 25 18 18 57.27  31.304  10.606  0001.32  03.01  08.06  303.5  009.26  27.686  1021.158  1483.17 
2024 01 25 18 18 57.52  31.246  10.618  0001.32  02.94  08.07  303.5  009.26  27.620  1021.104  1483.14 
2024 01 25 18 18 57.77  31.135  10.598  0001.31  02.85  08.07  303.5  009.26  27.527  1021.036  1482.95 
2024 01 25 18 18 58.02  31.135  10.597  0001.32  02.93  08.07  303.5  009.26  27.528  1021.036  1482.95 
2024 01 25 18 18 58.27  31.191  10.583  0001.30  03.02  08.07  303.5  009.26  27.593  1021.089  1482.98 
2024 01 25 18 18 58.52  31.237  10.583  0001.30  03.10  08.07  303.5  009.26  27.638  1021.124  1483.03 
2024 01 25 18 18 58.77  31.298  10.585  0001.30  03.01  08.07  303.5  009.26  27.696  1021.169  1483.11 
2024 01 25 18 18 59.02  31.338  10.587  0001.32  03.23  08.07  303.5  009.26  27.733  1021.198  1483.16 
2024 01 25 18 18 59.27  31.368  10.597  0001.31  03.05  08.07  303.5  009.26  27.755  1021.213  1483.22 
2024 01 25 18 18 59.52  31.393  10.608  0001.34  02.88  08.07  303.5  009.26  27.771  1021.224  1483.28 
2024 01 25 18 18 59.77  31.368  10.606  0001.34  02.98  08.07  303.5  009.26  27.748  1021.207  1483.25 
2024 01 25 18 19 00.02  31.272  10.613  0001.34  02.87  08.06  303.5  009.26  27.649  1021.128  1483.15 
2024 01 25 18 19 00.27  31.136  10.644  0001.33  02.89  08.07  303.5  009.26  27.493  1021.002  1483.08 
2024 01 25 18 19 00.52  30.930  10.653  0001.31  02.85  08.07  303.5  009.26  27.286  1020.839  1482.86 
2024 01 25 18 19 00.77  30.869  10.755  0001.29  02.92  08.07  303.5  009.26  27.150  1020.717  1483.06 
2024 01 25 18 19 01.02  30.875  10.704  0001.29  03.12  08.07  304.0  009.29  27.194  1020.760  1482.93 
2024 01 25 18 19 01.27  31.007  10.639  0001.32  03.03  08.07  304.0  009.26  27.370  1020.907  1482.91 
2024 01 25 18 19 01.52  31.140  10.634  0001.35  02.99  08.07  304.0  009.26  27.504  1021.012  1483.06 
2024 01 25 18 19 01.77  31.208  10.616  0001.36  02.88  08.07  304.0  009.26  27.584  1021.077  1483.09 
2024 01 25 18 19 02.02  31.210  10.596  0001.33  02.91  08.07  304.0  009.26  27.601  1021.093  1483.03 
2024 01 25 18 19 02.27  31.233  10.646  0001.30  02.94  08.07  304.0  009.26  27.586  1021.074  1483.19 
2024 01 25 18 19 02.52  31.308  10.609  0001.29  02.94  08.06  304.0  009.26  27.687  1021.158  1483.19 
2024 01 25 18 19 02.77  31.312  10.613  0001.30  03.04  08.06  304.0  009.26  27.688  1021.158  1483.20 
2024 01 25 18 19 03.02  31.368  10.596  0001.32  03.13  08.06  304.0  009.26  27.756  1021.214  1483.22 
2024 01 25 18 19 03.27  31.399  10.584  0001.34  02.99  08.07  304.0  009.26  27.795  1021.246  1483.23 
2024 01 25 18 19 03.52  31.401  10.590  0001.34  02.93  08.07  304.0  009.26  27.793  1021.244  1483.24 
2024 01 25 18 19 03.77  31.384  10.593  0001.33  03.01  08.06  304.0  009.26  27.774  1021.228  1483.23 
2024 01 25 18 19 04.02  31.298  10.620  0001.36  03.11  08.06  304.1  009.26  27.669  1021.143  1483.20 
2024 01 25 18 19 04.27  31.109  10.643  0001.33  03.13  08.06  304.1  009.26  27.467  1020.982  1483.04 
2024 01 25 18 19 04.52  31.015  10.698  0001.31  03.08  08.06  304.1  009.26  27.334  1020.869  1483.08 
2024 01 25 18 19 04.77  30.966  10.729  0001.32  02.87  08.07  304.1  009.26  27.264  1020.810  1483.11 
2024 01 25 18 19 05.02  30.882  10.750  0001.30  02.93  08.07  304.1  009.26  27.166  1020.731  1483.06 
2024 01 25 18 19 05.27  30.994  10.725  0001.29  02.93  08.07  304.1  009.26  27.293  1020.833  1483.13 
2024 01 25 18 19 05.52  31.070  10.680  0001.33  02.98  08.07  304.1  009.26  27.402  1020.925  1483.10 
2024 01 25 18 19 05.77  31.044  10.726  0001.36  02.95  08.07  304.1  009.26  27.342  1020.871  1483.19 
2024 01 25 18 19 06.02  31.006  10.712  0001.35  02.81  08.07  304.1  009.26  27.315  1020.853  1483.11 
2024 01 25 18 19 06.27  30.917  10.752  0001.38  02.87  08.07  304.1  009.26  27.199  1020.756  1483.11 
2024 01 25 18 19 06.52  30.628  10.821  0001.35  02.90  08.07  304.1  009.26  26.868  1020.487  1482.96 
2024 01 25 18 19 06.77  30.309  10.907  0001.34  02.98  08.07  304.1  009.26  26.496  1020.185  1482.83 
2024 01 25 18 19 07.02  30.086  10.985  0001.32  02.87  08.07  304.5  009.26  26.226  1019.962  1482.78 
2024 01 25 18 19 07.27  29.988  10.988  0001.28  02.76  08.07  304.5  009.26  26.130  1019.887  1482.68 
2024 01 25 18 19 07.52  30.054  10.975  0001.28  02.80  08.07  304.5  009.26  26.202  1019.945  1482.72 
2024 01 25 18 19 07.77  30.223  10.930  0001.32  02.73  08.08  304.5  009.26  26.398  1020.104  1482.79 
2024 01 25 18 19 08.02  30.394  10.874  0001.36  02.84  08.08  304.5  009.26  26.603  1020.273  1482.84 
2024 01 25 18 19 08.27  30.419  10.880  0001.36  02.99  08.08  304.5  009.26  26.623  1020.287  1482.88 
2024 01 25 18 19 08.52  30.413  10.883  0001.38  02.85  08.08  304.5  009.26  26.614  1020.280  1482.88 
2024 01 25 18 19 08.77  30.310  10.871  0001.36  02.94  08.08  304.5  009.26  26.524  1020.212  1482.73 
2024 01 25 18 19 09.02  30.277  10.923  0001.33  02.88  08.07  304.5  009.26  26.455  1020.150  1482.83 
2024 01 25 18 19 09.27  30.348  10.914  0001.32  02.87  08.07  304.5  009.26  26.529  1020.209  1482.89 
2024 01 25 18 19 09.52  30.438  10.805  0001.31  02.92  08.07  304.5  009.26  26.696  1020.356  1482.70 
2024 01 25 18 19 09.77  30.513  10.791  0001.30  02.95  08.07  304.5  009.26  26.778  1020.423  1482.75 
2024 01 25 18 19 10.02  30.663  10.793  0001.31  02.95  08.07  303.1  009.26  26.923  1020.534  1482.93 
2024 01 25 18 19 10.27  30.730  10.791  0001.33  02.82  08.07  303.1  009.26  26.989  1020.586  1483.00 
2024 01 25 18 19 10.52  30.674  10.808  0001.34  02.81  08.07  303.1  009.26  26.922  1020.531  1482.98 
2024 01 25 18 19 10.77  30.628  10.822  0001.34  02.85  08.07  303.1  009.26  26.867  1020.487  1482.97 
2024 01 25 18 19 11.02  30.476  10.888  0001.35  02.81  08.07  303.1  009.26  26.671  1020.324  1482.97 
2024 01 25 18 19 11.27  30.264  10.918  0001.33  02.63  08.07  303.1  009.26  26.445  1020.143  1482.80 
2024 01 25 18 19 11.52  30.098  10.925  0001.32  02.76  08.07  303.1  009.26  26.280  1020.014  1482.63 
2024 01 25 18 19 11.77  30.031  10.994  0001.31  02.89  08.07  303.1  009.26  26.166  1019.914  1482.74 
2024 01 25 18 19 12.02  30.065  10.975  0001.33  02.87  08.06  303.1  009.26  26.213  1019.954  1482.73 
2024 01 25 18 19 12.27  30.043  10.981  0001.34  02.85  08.07  303.1  009.26  26.188  1019.934  1482.72 
2024 01 25 18 19 12.52  29.980  10.995  0001.36  02.73  08.07  303.1  009.26  26.117  1019.876  1482.69 
2024 01 25 18 19 12.77  29.809  11.085  0001.34  02.79  08.07  303.1  009.26  25.889  1019.684  1482.74 
2024 01 25 18 19 13.02  29.618  11.095  0001.34  02.78  08.07  302.7  009.26  25.699  1019.535  1482.55 
2024 01 25 18 19 13.27  29.494  11.138  0001.31  02.82  08.07  302.7  009.26  25.551  1019.413  1482.52 
2024 01 25 18 19 13.52  29.512  11.156  0001.30  02.81  08.07  302.7  009.26  25.556  1019.414  1482.59 
2024 01 25 18 19 13.77  29.701  11.047  0001.33  02.83  08.08  302.7  009.26  25.812  1019.631  1482.51 
2024 01 25 18 19 14.02  29.797  11.052  0001.35  02.81  08.08  302.7  009.26  25.901  1019.699  1482.63 
2024 01 25 18 19 14.27  29.757  11.076  0001.36  02.69  08.08  302.7  009.26  25.846  1019.652  1482.65 
2024 01 25 18 19 14.52  29.716  11.070  0001.35  02.78  08.08  302.7  009.26  25.811  1019.626  1482.59 
2024 01 25 18 19 14.77  29.637  11.082  0001.36  02.92  08.07  302.7  009.26  25.727  1019.559  1482.53 
2024 01 25 18 19 15.02  29.454  11.174  0001.33  02.85  08.07  302.7  009.26  25.488  1019.359  1482.57 
2024 01 25 18 19 15.27  29.558  11.077  0001.32  02.79  08.07  302.7  009.26  25.654  1019.504  1482.43 
2024 01 25 18 19 15.52  29.788  10.906  0001.34  02.84  08.07  302.7  009.26  25.995  1019.796  1482.22 
2024 01 25 18 19 15.77  30.025  10.869  0001.37  02.86  08.07  302.7  009.26  26.250  1020.000  1482.40 
2024 01 25 18 19 16.02  30.026  10.897  0001.36  02.91  08.07  301.2  009.26  26.231  1019.980  1482.47 
2024 01 25 18 19 16.27  29.946  10.958  0001.36  02.91  08.07  301.2  009.26  26.111  1019.878  1482.55 
2024 01 25 18 19 16.52  29.885  11.034  0001.35  02.84  08.07  301.2  009.26  25.998  1019.778  1482.68 
2024 01 25 18 19 16.77  29.871  11.033  0001.34  02.76  08.07  301.2  009.26  25.985  1019.768  1482.67 
2024 01 25 18 19 17.02  29.942  10.952  0001.35  02.78  08.07  301.2  009.26  26.111  1019.878  1482.52 
2024 01 25 18 19 17.27  30.156  10.874  0001.34  02.80  08.07  301.2  009.26  26.373  1020.095  1482.56 
2024 01 25 18 19 17.52  30.321  10.856  0001.37  03.04  08.07  301.2  009.26  26.545  1020.231  1482.70 
2024 01 25 18 19 17.77  30.359  10.837  0001.37  02.98  08.07  301.2  009.26  26.596  1020.274  1482.70 
2024 01 25 18 19 18.02  30.266  10.894  0001.36  03.05  08.06  301.2  009.26  26.465  1020.163  1482.74 
2024 01 25 18 19 18.27  30.168  10.938  0001.35  02.92  08.07  301.2  009.26  26.339  1020.058  1482.75 
2024 01 25 18 19 18.52  29.940  10.971  0001.33  02.92  08.07  301.2  009.26  26.095  1019.863  1482.58 
2024 01 25 18 19 18.77  29.856  11.046  0001.34  02.96  08.07  301.2  009.26  25.962  1019.748  1482.69 
2024 01 25 18 19 19.02  30.036  10.924  0001.35  02.87  08.07  302.1  009.26  26.221  1019.969  1482.56 
2024 01 25 18 19 19.27  30.168  10.947  0001.34  03.13  08.07  302.1  009.26  26.332  1020.051  1482.77 
2024 01 25 18 19 19.52  30.083  10.977  0001.33  02.90  08.07  302.1  009.26  26.229  1019.966  1482.76 
2024 01 25 18 19 19.77  29.961  11.021  0001.34  02.81  08.07  302.1  009.26  26.080  1019.843  1482.74 
2024 01 25 18 19 20.02  29.930  11.017  0001.34  02.91  08.07  302.1  009.26  26.053  1019.823  1482.69 
2024 01 25 18 19 20.27  29.891  11.018  0001.33  02.88  08.07  302.1  009.26  26.015  1019.793  1482.65 
2024 01 25 18 19 20.52  29.873  11.023  0001.35  02.83  08.07  302.1  009.26  25.994  1019.776  1482.64 
2024 01 25 18 19 20.77  29.843  11.028  0001.34  02.94  08.07  302.1  009.26  25.962  1019.750  1482.62 
2024 01 25 18 19 21.02  29.815  11.044  0001.35  02.98  08.07  302.1  009.26  25.924  1019.718  1482.63 
2024 01 25 18 19 21.27  29.814  11.059  0001.36  02.83  08.07  302.1  009.26  25.913  1019.707  1482.67 
2024 01 25 18 19 21.52  29.806  11.060  0001.36  02.82  08.07  302.1  009.26  25.904  1019.700  1482.67 
2024 01 25 18 19 21.77  29.650  11.102  0001.35  02.87  08.07  302.1  009.26  25.725  1019.555  1482.60 
2024 01 25 18 19 22.02  29.492  11.115  0001.33  02.78  08.07  301.8  009.26  25.565  1019.429  1482.45 
2024 01 25 18 19 22.27  29.478  11.094  0001.32  02.92  08.07  301.8  009.26  25.566  1019.432  1482.38 
2024 01 25 18 19 22.52  29.504  11.073  0001.32  02.91  08.07  301.8  009.26  25.606  1019.466  1482.35 
2024 01 25 18 19 22.77  29.784  10.971  0001.33  02.87  08.07  301.8  009.26  25.946  1019.747  1482.39 
2024 01 25 18 19 23.02  29.984  10.974  0001.36  02.86  08.07  301.8  009.26  26.136  1019.894  1482.63 
2024 01 25 18 19 23.27  29.912  10.983  0001.39  02.85  08.07  301.8  009.26  26.060  1019.834  1482.58 
2024 01 25 18 19 23.52  29.890  11.016  0001.38  02.81  08.07  301.8  009.26  26.015  1019.794  1482.64 
2024 01 25 18 19 23.77  29.731  11.071  0001.36  02.79  08.07  301.8  009.26  25.825  1019.637  1482.61 
2024 01 25 18 19 24.02  29.590  11.112  0001.32  02.83  08.06  301.8  009.26  25.661  1019.503  1482.56 
2024 01 25 18 19 24.27  29.576  11.145  0001.33  02.98  08.07  301.8  009.26  25.625  1019.470  1482.63 
2024 01 25 18 19 24.52  29.733  11.066  0001.31  02.97  08.07  301.8  009.26  25.830  1019.641  1482.60 
2024 01 25 18 19 24.77  30.043  10.936  0001.34  02.89  08.07  301.8  009.26  26.220  1019.966  1482.60 
2024 01 25 18 19 25.02  30.157  10.938  0001.34  03.14  08.07  301.5  009.26  26.329  1020.050  1482.73 
2024 01 25 18 19 25.27  30.099  10.965  0001.36  02.94  08.07  301.5  009.26  26.253  1019.987  1482.74 
2024 01 25 18 19 25.52  30.079  10.974  0001.37  02.97  08.07  301.5  009.26  26.227  1019.965  1482.74 
2024 01 25 18 19 25.77  30.016  10.997  0001.37  02.92  08.07  301.5  009.26  26.151  1019.902  1482.74 
2024 01 25 18 19 26.02  29.824  11.063  0001.36  02.85  08.07  301.5  009.26  25.919  1019.712  1482.69 
2024 01 25 18 19 26.27  29.673  11.063  0001.35  02.84  08.07  301.5  009.26  25.774  1019.599  1482.52 
2024 01 25 18 19 26.52  29.642  11.021  0001.35  02.81  08.07  301.5  009.26  25.775  1019.606  1482.37 
2024 01 25 18 19 26.77  29.675  11.032  0001.35  02.84  08.07  301.5  009.26  25.798  1019.623  1482.44 
2024 01 25 18 19 27.02  29.720  11.061  0001.35  02.90  08.06  301.5  009.26  25.821  1019.636  1482.57 
2024 01 25 18 19 27.27  29.738  11.068  0001.37  02.78  08.07  301.5  009.26  25.833  1019.644  1482.61 
2024 01 25 18 19 27.52  29.691  11.081  0001.36  02.74  08.07  301.5  009.26  25.779  1019.600  1482.59 
2024 01 25 18 19 27.77  29.648  11.101  0001.36  02.71  08.07  301.5  009.26  25.724  1019.554  1482.60 
2024 01 25 18 19 28.02  29.611  11.105  0001.36  02.75  08.07  303.5  009.26  25.686  1019.524  1482.57 
2024 01 25 18 19 28.27  29.597  11.124  0001.40  02.88  08.07  303.5  009.26  25.659  1019.500  1482.60 
2024 01 25 18 19 28.52  29.574  11.144  0001.40  02.81  08.07  303.5  009.26  25.623  1019.469  1482.63 
2024 01 25 18 19 28.77  29.589  11.135  0001.42  02.78  08.07  303.5  009.26  25.644  1019.486  1482.63 
2024 01 25 18 19 29.02  29.600  11.093  0001.44  02.75  08.07  303.5  009.26  25.684  1019.525  1482.52 
2024 01 25 18 19 29.27  29.380  11.206  0001.40  02.70  08.07  303.5  009.26  25.396  1019.283  1482.58 
2024 01 25 18 19 29.52  29.302  11.090  0001.43  02.68  08.07  303.5  009.26  25.401  1019.305  1482.17 
2024 01 25 18 19 29.77  29.337  11.066  0001.43  02.74  08.07  303.5  009.26  25.450  1019.348  1482.14 
2024 01 25 18 19 30.02  29.524  11.087  0001.44  02.82  08.07  303.5  009.26  25.614  1019.472  1482.42 
2024 01 25 18 19 30.27  29.814  10.986  0001.44  02.81  08.07  303.5  009.23  25.964  1019.759  1482.47 
2024 01 25 18 19 30.52  29.938  10.984  0001.45  02.84  08.07  303.5  009.26  26.085  1019.853  1482.61 
2024 01 25 18 19 30.77  29.962  10.987  0001.44  02.83  08.07  303.5  009.26  26.105  1019.869  1482.65 
2024 01 25 18 19 31.02  30.049  10.958  0001.44  02.88  08.07  302.2  009.26  26.209  1019.954  1482.67 
2024 01 25 18 19 31.27  30.105  10.938  0001.46  02.81  08.07  302.2  009.26  26.278  1020.011  1482.68 
2024 01 25 18 19 31.52  30.072  10.941  0001.48  02.87  08.07  302.2  009.26  26.244  1019.984  1482.65 
2024 01 25 18 19 31.77  30.053  10.942  0001.48  02.88  08.07  302.2  009.26  26.225  1019.969  1482.63 
2024 01 25 18 19 32.02  30.070  10.942  0001.47  02.81  08.07  302.2  009.26  26.241  1019.982  1482.65 
2024 01 25 18 19 32.27  30.133  10.920  0001.46  02.85  08.07  302.2  009.26  26.317  1020.044  1482.66 
2024 01 25 18 19 32.52  30.238  10.902  0001.46  02.85  08.07  302.2  009.26  26.432  1020.137  1482.73 
2024 01 25 18 19 32.77  30.337  10.878  0001.46  02.89  08.07  302.2  009.26  26.545  1020.228  1482.78 
2024 01 25 18 19 33.02  30.480  10.841  0001.50  02.87  08.06  302.2  009.26  26.710  1020.362  1482.85 
2024 01 25 18 19 33.27  30.591  10.798  0001.49  03.05  08.07  302.2  009.26  26.849  1020.477  1482.86 
2024 01 25 18 19 33.52  30.693  10.783  0001.48  02.98  08.07  302.2  009.26  26.958  1020.565  1482.94 
2024 01 25 18 19 33.77  30.822  10.721  0001.50  02.93  08.06  302.2  009.26  27.129  1020.707  1482.92 
2024 01 25 18 19 34.02  30.882  10.716  0001.49  02.97  08.06  301.2  009.26  27.192  1020.757  1482.98 
2024 01 25 18 19 34.27  31.002  10.710  0001.51  02.94  08.07  301.2  009.26  27.312  1020.851  1483.10 
2024 01 25 18 19 34.52  31.092  10.699  0001.51  02.90  08.07  301.2  009.26  27.408  1020.928  1483.18 
2024 01 25 18 19 34.77  31.151  10.665  0001.52  02.95  08.06  301.2  009.26  27.491  1020.998  1483.15 
2024 01 25 18 19 35.02  31.243  10.596  0001.52  02.95  08.06  301.2  009.26  27.634  1021.120  1483.08 
2024 01 25 18 19 35.27  31.311  10.571  0001.53  02.85  08.06  301.2  009.26  27.719  1021.190  1483.09 
2024 01 25 18 19 35.52  31.367  10.561  0001.52  02.88  08.06  301.2  009.26  27.782  1021.240  1483.13 
2024 01 25 18 19 35.77  31.417  10.564  0001.50  02.87  08.06  301.2  009.26  27.828  1021.276  1483.20 
2024 01 25 18 19 36.02  31.436  10.565  0001.54  02.88  08.05  301.2  009.26  27.846  1021.290  1483.22 
2024 01 25 18 19 36.27  31.479  10.549  0001.55  02.93  08.06  301.2  009.26  27.901  1021.335  1483.23 
2024 01 25 18 19 36.52  31.518  10.544  0001.57  02.95  08.06  301.2  009.26  27.943  1021.369  1483.26 
2024 01 25 18 19 36.77  31.557  10.528  0001.60  02.92  08.05  301.2  009.26  27.993  1021.410  1483.27 
2024 01 25 18 19 37.02  31.568  10.514  0001.64  02.93  08.05  303.3  009.26  28.015  1021.430  1483.24 
2024 01 25 18 19 37.27  31.588  10.500  0001.64  03.01  08.05  303.3  009.26  28.045  1021.456  1483.23 
2024 01 25 18 19 37.52  31.617  10.486  0001.67  03.02  08.05  303.3  009.26  28.084  1021.488  1483.22 
2024 01 25 18 19 37.77  31.632  10.462  0001.69  03.05  08.05  303.3  009.26  28.117  1021.518  1483.18 
2024 01 25 18 19 38.02  31.642  10.456  0001.72  03.09  08.05  303.3  009.26  28.131  1021.530  1483.17 
2024 01 25 18 19 38.27  31.656  10.436  0001.77  03.13  08.05  303.3  009.26  28.161  1021.557  1483.14 
2024 01 25 18 19 38.52  31.681  10.382  0001.82  03.27  08.05  303.3  009.26  28.227  1021.617  1483.02 
2024 01 25 18 19 38.77  31.706  10.351  0001.93  03.46  08.05  303.3  009.26  28.276  1021.661  1482.97 
2024 01 25 18 19 39.02  31.732  10.322  0002.03  03.64  08.04  303.3  009.26  28.324  1021.703  1482.92 
2024 01 25 18 19 39.27  31.753  10.285  0002.16  03.86  08.05  303.3  009.26  28.373  1021.748  1482.85 
2024 01 25 18 19 39.52  31.767  10.267  0002.29  04.07  08.05  303.3  009.26  28.402  1021.774  1482.82 
2024 01 25 18 19 39.77  31.775  10.245  0002.41  04.32  08.05  303.3  009.26  28.426  1021.797  1482.78 
2024 01 25 18 19 40.02  31.780  10.237  0002.55  04.48  08.05  306.0  009.26  28.438  1021.808  1482.76 
2024 01 25 18 19 40.27  31.793  10.211  0002.65  04.75  08.05  306.0  009.26  28.471  1021.838  1482.71 
2024 01 25 18 19 40.52  31.818  10.161  0002.77  04.94  08.05  306.0  009.26  28.535  1021.897  1482.61 
2024 01 25 18 19 40.77  31.829  10.138  0002.91  05.21  08.05  306.0  009.26  28.563  1021.922  1482.56 
2024 01 25 18 19 41.02  31.831  10.124  0003.02  05.50  08.06  306.0  009.26  28.577  1021.936  1482.53 
2024 01 25 18 19 41.27  31.830  10.121  0003.17  05.72  08.06  306.0  009.26  28.579  1021.939  1482.52 
2024 01 25 18 19 41.52  31.830  10.118  0003.30  05.96  08.06  306.0  009.26  28.581  1021.941  1482.51 
2024 01 25 18 19 41.77  31.828  10.111  0003.43  06.34  08.06  306.0  009.29  28.584  1021.945  1482.49 
2024 01 25 18 19 42.02  31.826  10.112  0003.57  06.64  08.06  306.0  009.26  28.581  1021.944  1482.50 
2024 01 25 18 19 42.27  31.826  10.112  0003.71  07.07  08.07  306.0  009.26  28.582  1021.945  1482.50 
2024 01 25 18 19 42.52  31.826  10.112  0003.85  07.16  08.07  306.0  009.26  28.582  1021.945  1482.50 
2024 01 25 18 19 42.77  31.826  10.111  0004.00  07.47  08.07  306.0  009.26  28.581  1021.946  1482.50 
2024 01 25 18 19 43.02  31.826  10.109  0004.11  07.74  08.07  311.7  009.26  28.583  1021.948  1482.50 
2024 01 25 18 19 43.27  31.826  10.107  0004.26  07.98  08.07  311.7  009.26  28.584  1021.950  1482.50 
2024 01 25 18 19 43.52  31.822  10.098  0004.38  08.28  08.07  311.7  009.26  28.587  1021.954  1482.47 
2024 01 25 18 19 43.77  31.819  10.096  0004.52  08.80  08.07  311.7  009.26  28.587  1021.955  1482.46 
2024 01 25 18 19 44.02  31.825  10.097  0004.70  09.28  08.07  311.7  009.26  28.591  1021.959  1482.47 
2024 01 25 18 19 44.27  31.826  10.094  0004.80  09.56  08.07  311.7  009.26  28.594  1021.962  1482.47 
2024 01 25 18 19 44.52  31.820  10.087  0004.94  09.53  08.07  311.7  009.26  28.594  1021.964  1482.44 
2024 01 25 18 19 44.77  31.818  10.081  0005.07  09.71  08.07  311.7  009.26  28.597  1021.968  1482.43 
2024 01 25 18 19 45.02  31.814  10.078  0005.22  10.27  08.07  311.7  009.26  28.595  1021.967  1482.42 
2024 01 25 18 19 45.27  31.815  10.070  0005.39  10.53  08.07  311.7  009.23  28.603  1021.975  1482.40 
2024 01 25 18 19 45.52  31.819  10.064  0005.55  11.14  08.07  311.7  009.26  28.611  1021.984  1482.39 
2024 01 25 18 19 45.77  31.818  10.034  0005.71  12.30  08.08  311.7  009.26  28.634  1022.007  1482.31 
2024 01 25 18 19 46.02  31.834  10.022  0005.87  12.91  08.08  315.5  009.26  28.659  1022.029  1482.30 
2024 01 25 18 19 46.27  31.848  10.014  0006.02  13.90  08.08  315.5  009.26  28.679  1022.047  1482.30 
2024 01 25 18 19 46.52  31.858  10.012  0006.20  15.24  08.08  315.5  009.26  28.691  1022.057  1482.31 
2024 01 25 18 19 46.77  31.861  10.008  0006.35  16.73  08.08  315.5  009.26  28.697  1022.064  1482.30 
2024 01 25 18 19 47.02  31.862  09.998  0006.50  18.16  08.08  315.5  009.26  28.706  1022.072  1482.28 
2024 01 25 18 19 47.27  31.867  09.991  0006.66  18.17  08.08  315.5  009.26  28.716  1022.082  1482.27 
2024 01 25 18 19 47.52  31.871  09.984  0006.82  19.25  08.08  315.5  009.26  28.726  1022.091  1482.26 
2024 01 25 18 19 47.77  31.877  09.975  0006.96  19.17  08.08  315.5  009.26  28.739  1022.104  1482.24 
2024 01 25 18 19 48.02  31.879  09.970  0007.13  19.26  08.07  315.5  009.26  28.745  1022.110  1482.23 
2024 01 25 18 19 48.27  31.888  09.966  0007.28  19.40  08.08  315.5  009.26  28.756  1022.120  1482.24 
2024 01 25 18 19 48.52  31.884  09.963  0007.42  20.09  08.08  315.5  009.26  28.756  1022.121  1482.23 
2024 01 25 18 19 48.77  31.878  09.946  0007.59  21.42  08.08  315.5  009.26  28.763  1022.130  1482.18 
2024 01 25 18 19 49.02  31.875  09.941  0007.70  22.38  08.08  318.3  009.26  28.764  1022.132  1482.16 
2024 01 25 18 19 49.27  31.884  09.946  0007.88  24.03  08.08  318.3  009.26  28.769  1022.136  1482.19 
2024 01 25 18 19 49.52  31.895  09.951  0008.01  24.76  08.07  318.3  009.26  28.775  1022.141  1482.22 
2024 01 25 18 19 49.77  31.904  09.951  0008.19  23.58  08.07  318.3  009.26  28.784  1022.148  1482.23 
2024 01 25 18 19 50.02  31.913  09.957  0008.35  22.36  08.07  318.3  009.26  28.789  1022.152  1482.26 
2024 01 25 18 19 50.27  31.927  09.957  0008.51  20.88  08.07  318.3  009.26  28.803  1022.163  1482.28 
2024 01 25 18 19 50.52  31.929  09.955  0008.65  20.19  08.07  318.3  009.26  28.806  1022.167  1482.28 
2024 01 25 18 19 50.77  31.941  09.957  0008.82  19.62  08.07  318.3  009.26  28.816  1022.175  1482.30 
2024 01 25 18 19 51.02  31.950  09.957  0008.95  19.12  08.06  318.3  009.26  28.825  1022.182  1482.32 
2024 01 25 18 19 51.27  31.952  09.956  0009.13  19.04  08.06  318.3  009.26  28.828  1022.186  1482.32 
2024 01 25 18 19 51.52  31.955  09.955  0009.27  18.93  08.06  318.3  009.26  28.831  1022.189  1482.32 
2024 01 25 18 19 51.77  31.956  09.954  0009.44  18.87  08.06  318.3  009.26  28.834  1022.192  1482.32 
2024 01 25 18 19 52.02  31.959  09.953  0009.62  18.49  08.06  317.5  009.26  28.838  1022.196  1482.32 
2024 01 25 18 19 52.27  31.963  09.953  0009.76  18.35  08.06  317.5  009.26  28.841  1022.200  1482.33 
2024 01 25 18 19 52.52  31.964  09.954  0009.92  18.32  08.06  317.5  009.26  28.841  1022.200  1482.34 
2024 01 25 18 19 52.77  31.966  09.952  0010.11  18.22  08.06  317.5  009.26  28.845  1022.205  1482.34 
2024 01 25 18 19 53.02  31.966  09.953  0010.25  18.37  08.06  317.5  009.26  28.844  1022.204  1482.34 
2024 01 25 18 19 53.27  31.966  09.953  0010.40  18.15  08.06  317.5  009.26  28.844  1022.205  1482.34 
2024 01 25 18 19 53.52  31.966  09.952  0010.53  17.91  08.06  317.5  009.26  28.845  1022.206  1482.35 
2024 01 25 18 19 53.77  31.964  09.950  0010.68  17.92  08.06  317.5  009.26  28.844  1022.207  1482.34 
2024 01 25 18 19 54.02  31.963  09.948  0010.80  17.95  08.05  317.5  009.26  28.845  1022.208  1482.33 
2024 01 25 18 19 54.27  31.964  09.948  0010.90  17.11  08.06  317.5  009.26  28.846  1022.209  1482.34 
2024 01 25 18 19 54.52  31.970  09.947  0011.03  17.45  08.06  317.5  009.26  28.853  1022.216  1482.34 
2024 01 25 18 19 54.77  31.971  09.942  0011.17  17.55  08.06  317.5  009.26  28.858  1022.221  1482.33 
2024 01 25 18 19 55.02  31.974  09.941  0011.29  16.81  08.06  315.0  009.26  28.861  1022.224  1482.34 
2024 01 25 18 19 55.27  31.974  09.940  0011.38  16.07  08.06  315.0  009.26  28.862  1022.226  1482.34 
2024 01 25 18 19 55.52  31.976  09.939  0011.46  14.98  08.06  315.0  009.26  28.864  1022.227  1482.34 
2024 01 25 18 19 55.77  31.977  09.939  0011.54  13.79  08.06  315.0  009.26  28.865  1022.228  1482.34 
2024 01 25 18 19 56.02  31.977  09.940  0011.58  13.31  08.06  315.0  009.26  28.865  1022.228  1482.34 
2024 01 25 18 19 56.27  31.977  09.937  0011.65  12.98  08.06  315.0  009.26  28.867  1022.230  1482.34 
2024 01 25 18 19 56.52  31.978  09.936  0011.68  12.86  08.05  315.0  009.26  28.870  1022.233  1482.33 
2024 01 25 18 19 56.77  31.981  09.936  0011.77  12.53  08.05  315.0  009.26  28.871  1022.235  1482.34 
2024 01 25 18 19 57.02  31.982  09.936  0011.85  12.60  08.05  315.0  009.26  28.873  1022.237  1482.34 
2024 01 25 18 19 57.27  31.982  09.937  0011.92  12.34  08.05  315.0  009.26  28.872  1022.236  1482.34 
2024 01 25 18 19 57.52  31.985  09.937  0011.94  12.36  08.05  315.0  009.26  28.875  1022.238  1482.35 
2024 01 25 18 19 57.77  31.982  09.937  0011.95  12.21  08.05  315.0  009.26  28.872  1022.236  1482.35 
2024 01 25 18 19 58.02  31.983  09.937  0011.97  12.34  08.05  313.4  009.26  28.873  1022.237  1482.35 
2024 01 25 18 19 58.27  31.984  09.937  0011.97  12.66  08.05  313.4  009.26  28.874  1022.238  1482.35 
2024 01 25 18 19 58.52  31.984  09.936  0012.01  12.30  08.05  313.4  009.26  28.875  1022.239  1482.35 
2024 01 25 18 19 58.77  31.986  09.936  0012.03  12.17  08.05  313.4  009.26  28.877  1022.240  1482.35 
2024 01 25 18 19 59.02  31.986  09.936  0012.03  11.89  08.05  313.4  009.26  28.876  1022.240  1482.35 
2024 01 25 18 19 59.27  31.986  09.936  0012.07  12.11  08.05  313.4  009.26  28.877  1022.241  1482.35 
2024 01 25 18 19 59.52  31.989  09.936  0012.09  11.87  08.05  313.4  009.26  28.880  1022.243  1482.35 
2024 01 25 18 19 59.77  31.990  09.935  0012.12  11.70  08.05  313.4  009.26  28.882  1022.245  1482.35 
2024 01 25 18 20 00.02  31.993  09.929  0012.13  11.94  08.04  313.4  009.26  28.889  1022.252  1482.34 
2024 01 25 18 20 00.27  31.994  09.928  0012.16  12.03  08.05  313.4  009.26  28.892  1022.254  1482.34 
2024 01 25 18 20 00.52  31.995  09.926  0012.18  12.08  08.05  313.4  009.26  28.894  1022.256  1482.34 
2024 01 25 18 20 00.77  31.996  09.927  0012.21  11.93  08.05  313.4  009.26  28.894  1022.256  1482.34 
2024 01 25 18 20 01.02  31.995  09.926  0012.25  11.89  08.05  311.5  009.26  28.894  1022.256  1482.34 
2024 01 25 18 20 01.27  32.001  09.923  0012.30  11.63  08.05  311.5  009.26  28.902  1022.263  1482.34 
2024 01 25 18 20 01.52  32.005  09.921  0012.35  11.01  08.05  311.5  009.26  28.908  1022.269  1482.34 
2024 01 25 18 20 01.77  32.013  09.920  0012.40  11.14  08.05  311.5  009.26  28.916  1022.275  1482.35 
2024 01 25 18 20 02.02  32.021  09.917  0012.48  10.92  08.05  311.5  009.26  28.927  1022.285  1482.35 
2024 01 25 18 20 02.27  32.029  09.917  0012.57  10.53  08.05  311.5  009.26  28.935  1022.291  1482.36 
2024 01 25 18 20 02.52  32.033  09.918  0012.66  10.46  08.05  311.5  009.26  28.938  1022.294  1482.37 
2024 01 25 18 20 02.77  32.036  09.918  0012.72  10.37  08.05  311.5  009.26  28.940  1022.296  1482.37 
2024 01 25 18 20 03.02  32.039  09.920  0012.81  10.07  08.04  311.5  009.26  28.942  1022.297  1482.38 
2024 01 25 18 20 03.27  32.041  09.919  0012.86  10.17  08.05  311.5  009.26  28.945  1022.300  1482.39 
2024 01 25 18 20 03.52  32.045  09.921  0012.91  10.03  08.05  311.5  009.26  28.948  1022.302  1482.40 
2024 01 25 18 20 03.77  32.050  09.921  0012.98  09.93  08.05  311.5  009.26  28.952  1022.305  1482.40 
2024 01 25 18 20 04.02  32.050  09.922  0013.02  09.65  08.04  310.2  009.26  28.951  1022.305  1482.41 
2024 01 25 18 20 04.27  32.052  09.922  0013.07  09.72  08.04  310.2  009.26  28.954  1022.308  1482.41 
2024 01 25 18 20 04.52  32.058  09.921  0013.15  09.53  08.04  310.2  009.26  28.960  1022.313  1482.42 
2024 01 25 18 20 04.77  32.067  09.924  0013.21  09.30  08.04  310.2  009.26  28.966  1022.317  1482.43 
2024 01 25 18 20 05.02  32.068  09.925  0013.30  09.40  08.04  310.2  009.26  28.966  1022.318  1482.44 
2024 01 25 18 20 05.27  32.074  09.929  0013.33  09.34  08.04  310.2  009.26  28.970  1022.320  1482.46 
2024 01 25 18 20 05.52  32.077  09.929  0013.39  09.31  08.04  310.2  009.26  28.973  1022.322  1482.46 
2024 01 25 18 20 05.77  32.079  09.930  0013.44  09.15  08.04  310.2  009.26  28.974  1022.323  1482.47 
2024 01 25 18 20 06.02  32.082  09.931  0013.49  09.18  08.04  310.2  009.26  28.976  1022.325  1482.47 
2024 01 25 18 20 06.27  32.084  09.934  0013.54  09.27  08.04  310.2  009.26  28.976  1022.325  1482.49 
2024 01 25 18 20 06.52  32.089  09.937  0013.61  09.25  08.04  310.2  009.26  28.978  1022.327  1482.50 
2024 01 25 18 20 06.77  32.091  09.938  0013.66  09.31  08.04  310.2  009.26  28.979  1022.328  1482.51 
2024 01 25 18 20 07.02  32.092  09.937  0013.68  09.32  08.04  309.2  009.26  28.981  1022.329  1482.51 
2024 01 25 18 20 07.27  32.091  09.940  0013.73  09.21  08.04  309.2  009.26  28.977  1022.326  1482.51 
2024 01 25 18 20 07.52  32.093  09.939  0013.77  09.40  08.04  309.2  009.26  28.981  1022.329  1482.51 
2024 01 25 18 20 07.77  32.091  09.940  0013.83  09.18  08.04  309.2  009.26  28.978  1022.327  1482.52 
2024 01 25 18 20 08.02  32.093  09.939  0013.89  09.09  08.04  309.2  009.26  28.981  1022.329  1482.52 
2024 01 25 18 20 08.27  32.096  09.942  0013.93  09.10  08.04  309.2  009.26  28.981  1022.330  1482.53 
2024 01 25 18 20 08.52  32.095  09.943  0013.98  09.11  08.04  309.2  009.26  28.979  1022.328  1482.53 
2024 01 25 18 20 08.77  32.096  09.942  0014.04  09.13  08.04  309.2  009.26  28.981  1022.330  1482.53 
2024 01 25 18 20 09.02  32.097  09.942  0014.08  09.15  08.03  309.2  009.26  28.982  1022.331  1482.53 
2024 01 25 18 20 09.27  32.099  09.943  0014.12  09.07  08.04  309.2  009.26  28.983  1022.331  1482.54 
2024 01 25 18 20 09.52  32.103  09.947  0014.17  09.15  08.04  309.2  009.26  28.984  1022.332  1482.55 
2024 01 25 18 20 09.77  32.108  09.949  0014.24  09.09  08.04  309.2  009.26  28.988  1022.335  1482.57 
2024 01 25 18 20 10.02  32.113  09.953  0014.30  09.05  08.04  308.4  009.26  28.989  1022.336  1482.58 
2024 01 25 18 20 10.27  32.116  09.956  0014.37  09.05  08.04  308.4  009.26  28.990  1022.336  1482.60 
2024 01 25 18 20 10.52  32.121  09.956  0014.43  08.99  08.04  308.4  009.26  28.994  1022.340  1482.61 
2024 01 25 18 20 10.77  32.126  09.957  0014.48  08.99  08.04  308.4  009.26  28.998  1022.343  1482.62 
2024 01 25 18 20 11.02  32.130  09.958  0014.55  09.08  08.04  308.4  009.26  29.003  1022.346  1482.62 
2024 01 25 18 20 11.27  32.134  09.957  0014.62  08.94  08.04  308.4  009.26  29.007  1022.350  1482.63 
2024 01 25 18 20 11.52  32.135  09.958  0014.69  08.79  08.04  308.4  009.26  29.007  1022.351  1482.63 
2024 01 25 18 20 11.77  32.141  09.958  0014.75  08.73  08.04  308.4  009.26  29.013  1022.355  1482.64 
2024 01 25 18 20 12.02  32.142  09.957  0014.78  08.82  08.03  308.4  009.26  29.015  1022.357  1482.64 
2024 01 25 18 20 12.27  32.150  09.957  0014.82  08.76  08.04  308.4  009.26  29.022  1022.363  1482.65 
2024 01 25 18 20 12.52  32.154  09.954  0014.91  08.88  08.04  308.4  009.26  29.030  1022.370  1482.65 
2024 01 25 18 20 12.77  32.157  09.945  0014.95  08.61  08.04  308.4  009.26  29.040  1022.379  1482.63 
2024 01 25 18 20 13.02  32.162  09.942  0015.01  08.54  08.04  307.7  009.29  29.047  1022.386  1482.63 
2024 01 25 18 20 13.27  32.171  09.930  0015.09  08.26  08.04  307.7  009.26  29.065  1022.402  1482.61 
2024 01 25 18 20 13.52  32.175  09.921  0015.14  08.27  08.04  307.7  009.26  29.076  1022.412  1482.59 
2024 01 25 18 20 13.77  32.170  09.912  0015.20  08.01  08.04  307.7  009.26  29.079  1022.416  1482.56 
2024 01 25 18 20 14.02  32.171  09.911  0015.25  08.04  08.04  307.7  009.26  29.081  1022.418  1482.56 
2024 01 25 18 20 14.27  32.163  09.896  0015.31  08.11  08.04  307.7  009.26  29.084  1022.423  1482.51 
2024 01 25 18 20 14.52  32.154  09.867  0015.33  07.84  08.04  307.7  009.26  29.099  1022.440  1482.42 
2024 01 25 18 20 14.77  32.141  09.838  0015.37  07.99  08.04  307.7  009.26  29.109  1022.452  1482.33 
2024 01 25 18 20 15.02  32.130  09.823  0015.44  07.93  08.03  307.7  009.26  29.110  1022.456  1482.27 
2024 01 25 18 20 15.27  32.132  09.806  0015.47  07.80  08.04  307.7  009.26  29.126  1022.471  1482.23 
2024 01 25 18 20 15.52  32.133  09.793  0015.52  07.74  08.04  307.7  009.26  29.137  1022.482  1482.20 
2024 01 25 18 20 15.77  32.123  09.775  0015.57  07.52  08.04  307.7  009.26  29.142  1022.489  1482.14 
2024 01 25 18 20 16.02  32.117  09.756  0015.61  07.55  08.04  307.4  009.26  29.151  1022.498  1482.08 
2024 01 25 18 20 16.27  32.107  09.726  0015.67  07.47  08.03  307.4  009.26  29.165  1022.515  1481.99 
2024 01 25 18 20 16.52  32.102  09.707  0015.73  07.38  08.03  307.4  009.26  29.175  1022.526  1481.93 
2024 01 25 18 20 16.77  32.102  09.695  0015.78  07.47  08.03  307.4  009.26  29.185  1022.536  1481.90 
2024 01 25 18 20 17.02  32.107  09.678  0015.86  07.60  08.03  307.4  009.26  29.205  1022.554  1481.86 
2024 01 25 18 20 17.27  32.108  09.676  0015.88  07.79  08.03  307.4  009.26  29.207  1022.556  1481.86 
2024 01 25 18 20 17.52  32.109  09.664  0015.93  07.41  08.03  307.4  009.26  29.217  1022.566  1481.83 
2024 01 25 18 20 17.77  32.112  09.649  0015.98  07.80  08.03  307.4  009.26  29.233  1022.581  1481.79 
2024 01 25 18 20 18.02  32.112  09.648  0016.02  07.43  08.02  307.4  009.26  29.233  1022.582  1481.79 
2024 01 25 18 20 18.27  32.111  09.648  0016.07  07.25  08.03  307.4  009.26  29.233  1022.581  1481.79 
2024 01 25 18 20 18.52  32.111  09.654  0016.08  06.98  08.03  307.4  009.26  29.228  1022.576  1481.81 
2024 01 25 18 20 18.77  32.109  09.645  0016.12  06.83  08.03  307.4  009.26  29.233  1022.582  1481.78 
2024 01 25 18 20 19.02  32.103  09.608  0016.17  07.12  08.03  307.6  009.26  29.257  1022.607  1481.68 
2024 01 25 18 20 19.27  32.101  09.590  0016.22  07.26  08.03  307.6  009.26  29.270  1022.620  1481.62 
2024 01 25 18 20 19.52  32.101  09.567  0016.27  07.47  08.03  307.6  009.26  29.289  1022.638  1481.56 
2024 01 25 18 20 19.77  32.101  09.573  0016.30  07.59  08.02  307.6  009.26  29.283  1022.634  1481.58 
2024 01 25 18 20 20.02  32.100  09.549  0016.31  07.40  08.02  307.6  009.26  29.302  1022.651  1481.52 
2024 01 25 18 20 20.27  32.100  09.554  0016.32  07.07  08.02  307.6  009.26  29.298  1022.648  1481.53 
2024 01 25 18 20 20.52  32.098  09.560  0016.33  06.75  08.02  307.6  009.26  29.291  1022.641  1481.54 
2024 01 25 18 20 20.77  32.095  09.557  0016.34  06.85  08.02  307.6  009.26  29.291  1022.642  1481.53 
2024 01 25 18 20 21.02  32.090  09.534  0016.37  06.89  08.02  307.6  009.26  29.304  1022.656  1481.46 
2024 01 25 18 20 21.27  32.085  09.505  0016.41  06.98  08.02  307.6  009.26  29.323  1022.675  1481.38 
2024 01 25 18 20 21.52  32.083  09.457  0016.46  07.08  08.02  307.6  009.26  29.360  1022.712  1481.25 
2024 01 25 18 20 21.77  32.075  09.410  0016.49  07.27  08.02  307.6  009.26  29.391  1022.743  1481.11 
2024 01 25 18 20 22.02  32.076  09.394  0016.51  07.66  08.02  307.3  009.26  29.405  1022.757  1481.07 
2024 01 25 18 20 22.27  32.079  09.397  0016.52  07.37  08.02  307.3  009.26  29.406  1022.757  1481.08 
2024 01 25 18 20 22.52  32.078  09.420  0016.56  07.02  08.02  307.3  009.26  29.385  1022.738  1481.14 
2024 01 25 18 20 22.77  32.077  09.407  0016.54  06.90  08.02  307.3  009.26  29.395  1022.747  1481.11 
2024 01 25 18 20 23.02  32.074  09.369  0016.60  07.00  08.02  307.3  009.26  29.422  1022.775  1481.00 
2024 01 25 18 20 23.27  32.069  09.369  0016.62  06.72  08.02  307.3  009.26  29.418  1022.772  1480.99 
2024 01 25 18 20 23.52  32.066  09.339  0016.66  06.53  08.02  307.3  009.26  29.439  1022.793  1480.91 
2024 01 25 18 20 23.77  32.064  09.330  0016.69  06.34  08.02  307.3  009.26  29.445  1022.799  1480.88 
2024 01 25 18 20 24.02  32.064  09.323  0016.72  06.26  08.01  307.3  009.26  29.451  1022.805  1480.86 
2024 01 25 18 20 24.27  32.064  09.338  0016.73  06.64  08.01  307.3  009.26  29.438  1022.793  1480.91 
2024 01 25 18 20 24.52  32.064  09.345  0016.73  07.05  08.01  307.3  009.26  29.432  1022.786  1480.93 
2024 01 25 18 20 24.77  32.064  09.337  0016.76  06.91  08.01  307.3  009.26  29.439  1022.793  1480.90 
2024 01 25 18 20 25.02  32.053  09.297  0016.81  06.34  08.01  306.9  009.26  29.461  1022.817  1480.78 
2024 01 25 18 20 25.27  32.053  09.285  0016.84  06.96  08.01  306.9  009.26  29.470  1022.826  1480.75 
2024 01 25 18 20 25.52  32.052  09.278  0016.87  06.94  08.01  306.9  009.26  29.475  1022.831  1480.73 
2024 01 25 18 20 25.77  32.055  09.279  0016.88  06.74  08.01  306.9  009.26  29.477  1022.833  1480.74 
2024 01 25 18 20 26.02  32.053  09.297  0016.87  07.45  08.01  306.9  009.26  29.461  1022.817  1480.78 
2024 01 25 18 20 26.27  32.054  09.316  0016.88  07.01  08.01  306.9  009.26  29.446  1022.803  1480.83 
2024 01 25 18 20 26.52  32.056  09.310  0016.87  06.73  08.01  306.9  009.26  29.453  1022.809  1480.82 
2024 01 25 18 20 26.77  32.051  09.287  0016.91  06.74  08.01  306.9  009.26  29.466  1022.823  1480.76 
2024 01 25 18 20 27.02  32.042  09.253  0016.98  06.68  08.00  306.9  009.26  29.486  1022.844  1480.65 
2024 01 25 18 20 27.27  32.037  09.241  0017.02  06.38  08.01  306.9  009.26  29.491  1022.849  1480.62 
2024 01 25 18 20 27.52  32.040  09.233  0017.04  06.46  08.01  306.9  009.26  29.500  1022.858  1480.60 
2024 01 25 18 20 27.77  32.042  09.255  0017.06  06.18  08.01  306.9  009.26  29.484  1022.842  1480.66 
2024 01 25 18 20 28.02  32.040  09.243  0017.03  06.20  08.01  306.7  009.26  29.492  1022.850  1480.63 
2024 01 25 18 20 28.27  32.045  09.253  0016.99  06.00  08.01  306.7  009.26  29.489  1022.846  1480.66 
2024 01 25 18 20 28.52  32.049  09.265  0016.99  05.96  08.01  306.7  009.26  29.483  1022.840  1480.69 
2024 01 25 18 20 28.77  32.049  09.252  0016.96  06.10  08.01  306.7  009.26  29.494  1022.850  1480.66 
2024 01 25 18 20 29.02  32.041  09.242  0016.97  05.96  08.01  306.7  009.26  29.494  1022.852  1480.62 
2024 01 25 18 20 29.27  32.033  09.220  0017.01  06.70  08.01  306.7  009.26  29.504  1022.863  1480.55 
2024 01 25 18 20 29.52  32.032  09.218  0017.07  06.53  08.01  306.7  009.26  29.504  1022.864  1480.55 
2024 01 25 18 20 29.77  32.033  09.216  0017.08  06.38  08.01  306.7  009.26  29.506  1022.866  1480.54 
2024 01 25 18 20 30.02  32.033  09.217  0017.09  06.35  08.00  306.7  009.23  29.506  1022.866  1480.55 
2024 01 25 18 20 30.27  32.032  09.223  0017.13  06.18  08.01  306.7  009.26  29.500  1022.860  1480.56 
2024 01 25 18 20 30.52  32.032  09.221  0017.11  05.83  08.00  306.7  009.26  29.502  1022.862  1480.55 
2024 01 25 18 20 30.77  32.029  09.221  0017.10  05.74  08.00  306.7  009.26  29.499  1022.860  1480.55 
2024 01 25 18 20 31.02  32.029  09.222  0017.08  05.98  08.00  305.5  009.26  29.497  1022.858  1480.55 
2024 01 25 18 20 31.27  32.031  09.223  0017.08  06.44  08.00  305.5  009.26  29.499  1022.859  1480.56 
2024 01 25 18 20 31.52  32.032  09.214  0017.11  06.83  08.00  305.5  009.26  29.508  1022.867  1480.54 
2024 01 25 18 20 31.77  32.025  09.190  0017.13  06.93  08.00  305.5  009.26  29.520  1022.881  1480.46 
2024 01 25 18 20 32.02  32.026  09.194  0017.16  06.26  08.00  305.5  009.26  29.518  1022.879  1480.48 
2024 01 25 18 20 32.27  32.025  09.179  0017.19  06.05  08.00  305.5  009.26  29.529  1022.890  1480.43 
2024 01 25 18 20 32.52  32.025  09.184  0017.20  06.03  08.00  305.5  009.26  29.525  1022.885  1480.45 
2024 01 25 18 20 32.77  32.021  09.185  0017.21  06.02  08.00  305.5  009.26  29.521  1022.883  1480.44 
2024 01 25 18 20 33.02  32.021  09.181  0017.21  05.84  07.99  305.5  009.26  29.524  1022.886  1480.43 
2024 01 25 18 20 33.27  32.023  09.184  0017.21  06.16  08.00  305.5  009.26  29.523  1022.885  1480.44 
2024 01 25 18 20 33.52  32.021  09.185  0017.19  05.86  08.00  305.5  009.26  29.521  1022.882  1480.45 
2024 01 25 18 20 33.77  32.021  09.162  0017.21  05.68  08.00  305.5  009.26  29.540  1022.901  1480.38 
2024 01 25 18 20 34.02  32.021  09.164  0017.21  05.41  08.00  305.1  009.26  29.538  1022.899  1480.39 
2024 01 25 18 20 34.27  32.019  09.171  0017.19  05.33  08.00  305.1  009.26  29.530  1022.892  1480.40 
2024 01 25 18 20 34.52  32.019  09.178  0017.19  05.20  08.00  305.1  009.26  29.524  1022.886  1480.42 
2024 01 25 18 20 34.77  32.017  09.164  0017.22  04.98  08.00  305.1  009.26  29.533  1022.895  1480.38 
2024 01 25 18 20 35.02  32.013  09.155  0017.24  05.17  08.00  305.1  009.26  29.537  1022.900  1480.35 
2024 01 25 18 20 35.27  32.012  09.141  0017.24  05.24  08.00  305.1  009.26  29.548  1022.910  1480.31 
2024 01 25 18 20 35.52  32.011  09.139  0017.25  05.39  08.00  305.1  009.26  29.548  1022.911  1480.31 
2024 01 25 18 20 35.77  32.009  09.134  0017.27  05.26  08.00  305.1  009.26  29.551  1022.914  1480.29 
2024 01 25 18 20 36.02  32.009  09.130  0017.28  05.05  07.99  305.1  009.26  29.553  1022.916  1480.28 
2024 01 25 18 20 36.27  32.008  09.125  0017.31  05.09  08.00  305.1  009.26  29.556  1022.920  1480.27 
2024 01 25 18 20 36.52  32.006  09.127  0017.32  05.03  08.00  305.1  009.26  29.554  1022.917  1480.27 
2024 01 25 18 20 36.77  32.005  09.119  0017.33  05.10  08.00  305.1  009.26  29.558  1022.922  1480.25 
2024 01 25 18 20 37.02  32.005  09.112  0017.35  04.96  08.00  303.2  009.26  29.564  1022.928  1480.23 
2024 01 25 18 20 37.27  32.004  09.111  0017.35  04.92  08.00  303.2  009.26  29.564  1022.928  1480.23 
2024 01 25 18 20 37.52  32.005  09.108  0017.36  04.98  08.00  303.2  009.29  29.568  1022.932  1480.22 
2024 01 25 18 20 37.77  32.004  09.098  0017.38  04.99  08.00  303.2  009.26  29.575  1022.938  1480.19 
2024 01 25 18 20 38.02  31.995  09.074  0017.42  05.03  07.99  303.2  009.26  29.586  1022.951  1480.11 
2024 01 25 18 20 38.27  31.995  09.071  0017.45  05.07  07.99  303.2  009.26  29.589  1022.954  1480.11 
2024 01 25 18 20 38.52  31.995  09.067  0017.46  05.24  07.99  303.2  009.26  29.591  1022.956  1480.10 
2024 01 25 18 20 38.77  31.992  09.071  0017.50  05.06  07.99  303.2  009.26  29.585  1022.951  1480.10 
2024 01 25 18 20 39.02  31.991  09.067  0017.50  05.13  07.99  303.2  009.26  29.588  1022.954  1480.09 
2024 01 25 18 20 39.27  31.991  09.064  0017.52  04.98  07.99  303.2  009.26  29.590  1022.956  1480.08 
2024 01 25 18 20 39.52  31.991  09.060  0017.55  04.90  07.99  303.2  009.26  29.593  1022.959  1480.07 
2024 01 25 18 20 39.77  31.987  09.055  0017.57  04.78  07.99  303.2  009.26  29.593  1022.960  1480.06 
2024 01 25 18 20 40.02  31.985  09.049  0017.59  04.58  07.99  301.9  009.26  29.596  1022.964  1480.04 
2024 01 25 18 20 40.27  31.984  09.047  0017.61  04.70  07.99  301.9  009.26  29.596  1022.964  1480.03 
2024 01 25 18 20 40.52  31.986  09.048  0017.63  04.71  07.99  301.9  009.26  29.599  1022.966  1480.04 
2024 01 25 18 20 40.77  31.986  09.044  0017.65  04.69  07.99  301.9  009.26  29.601  1022.968  1480.03 
2024 01 25 18 20 41.02  31.985  09.043  0017.65  04.60  07.99  301.9  009.26  29.601  1022.968  1480.02 
2024 01 25 18 20 41.27  31.986  09.040  0017.64  04.46  07.99  301.9  009.26  29.604  1022.971  1480.01 
2024 01 25 18 20 41.52  31.986  09.040  0017.66  04.39  07.99  301.9  009.26  29.605  1022.972  1480.02 
2024 01 25 18 20 41.77  31.985  09.035  0017.66  04.47  07.99  301.9  009.26  29.607  1022.974  1480.00 
2024 01 25 18 20 42.02  31.981  09.036  0017.68  04.52  07.98  301.9  009.26  29.603  1022.971  1480.00 
2024 01 25 18 20 42.27  31.980  09.034  0017.73  04.46  07.99  301.9  009.26  29.604  1022.972  1479.99 
2024 01 25 18 20 42.52  31.981  09.032  0017.77  04.68  07.99  301.9  009.26  29.606  1022.974  1479.99 
2024 01 25 18 20 42.77  31.979  09.031  0017.80  04.72  07.99  301.9  009.26  29.605  1022.974  1479.98 
2024 01 25 18 20 43.02  31.978  09.029  0017.83  04.53  07.99  300.6  009.26  29.606  1022.975  1479.98 
2024 01 25 18 20 43.27  31.975  09.026  0017.86  04.39  07.99  300.6  009.26  29.605  1022.975  1479.97 
2024 01 25 18 20 43.52  31.975  09.024  0017.92  04.75  07.99  300.6  009.26  29.607  1022.977  1479.96 
2024 01 25 18 20 43.77  31.975  09.017  0018.00  04.59  07.99  300.6  009.26  29.613  1022.983  1479.94 
2024 01 25 18 20 44.02  31.974  09.016  0018.06  04.70  07.99  300.6  009.26  29.612  1022.983  1479.94 
2024 01 25 18 20 44.27  31.973  09.016  0018.11  04.73  07.99  300.6  009.26  29.611  1022.982  1479.94 
2024 01 25 18 20 44.52  31.973  09.002  0018.15  04.52  07.99  300.6  009.26  29.622  1022.993  1479.90 
2024 01 25 18 20 44.77  31.970  08.977  0018.24  04.62  07.99  300.6  009.26  29.640  1023.012  1479.83 
2024 01 25 18 20 45.02  31.970  08.981  0018.30  04.55  07.98  300.6  009.26  29.638  1023.009  1479.84 
2024 01 25 18 20 45.27  31.966  08.963  0018.39  04.59  07.98  300.6  009.26  29.649  1023.021  1479.79 
2024 01 25 18 20 45.52  31.967  08.955  0018.47  04.61  07.98  300.6  009.26  29.656  1023.028  1479.77 
2024 01 25 18 20 45.77  31.965  08.952  0018.52  04.83  07.98  300.6  009.26  29.656  1023.028  1479.76 
2024 01 25 18 20 46.02  31.961  08.942  0018.61  04.81  07.98  300.1  009.26  29.660  1023.034  1479.73 
2024 01 25 18 20 46.27  31.963  08.928  0018.67  04.97  07.98  300.1  009.26  29.674  1023.047  1479.70 
2024 01 25 18 20 46.52  31.958  08.893  0018.74  04.72  07.98  300.1  009.26  29.698  1023.072  1479.60 
2024 01 25 18 20 46.77  31.958  08.877  0018.82  04.79  07.98  300.1  009.26  29.712  1023.085  1479.56 
2024 01 25 18 20 47.02  31.957  08.891  0018.90  04.82  07.98  300.1  009.26  29.698  1023.073  1479.59 
2024 01 25 18 20 47.27  31.932  08.796  0018.96  04.73  07.98  300.1  009.26  29.753  1023.129  1479.30 
2024 01 25 18 20 47.52  31.912  08.762  0019.03  04.66  07.98  300.1  009.26  29.760  1023.140  1479.19 
2024 01 25 18 20 47.77  31.888  08.700  0019.10  04.39  07.98  300.1  009.26  29.788  1023.172  1478.99 
2024 01 25 18 20 48.02  31.889  08.694  0019.20  04.15  07.97  300.1  009.26  29.793  1023.177  1478.98 
2024 01 25 18 20 48.27  31.907  08.707  0019.27  04.20  07.98  300.1  009.26  29.801  1023.182  1479.03 
2024 01 25 18 20 48.52  31.910  08.710  0019.37  04.15  07.97  300.1  009.26  29.802  1023.182  1479.05 
2024 01 25 18 20 48.77  31.924  08.711  0019.43  03.99  07.97  300.1  009.26  29.815  1023.193  1479.07 
2024 01 25 18 20 49.02  31.924  08.702  0019.52  03.96  07.97  299.1  009.26  29.823  1023.201  1479.05 
2024 01 25 18 20 49.27  31.905  08.680  0019.61  03.79  07.97  299.1  009.26  29.822  1023.204  1478.96 
2024 01 25 18 20 49.52  31.836  08.561  0019.68  03.94  07.97  299.1  009.26  29.850  1023.243  1478.55 
2024 01 25 18 20 49.77  31.830  08.569  0019.76  03.76  07.97  299.1  009.26  29.837  1023.232  1478.57 
2024 01 25 18 20 50.02  31.834  08.580  0019.84  03.60  07.97  299.1  009.26  29.832  1023.227  1478.60 
2024 01 25 18 20 50.27  31.850  08.605  0019.94  03.78  07.97  299.1  009.26  29.828  1023.221  1478.69 
2024 01 25 18 20 50.52  31.853  08.604  0020.01  03.63  07.96  299.1  009.26  29.832  1023.224  1478.70 
2024 01 25 18 20 50.77  31.861  08.614  0020.09  03.57  07.96  299.1  009.26  29.832  1023.223  1478.73 
2024 01 25 18 20 51.02  31.884  08.641  0020.19  03.75  07.95  299.1  009.26  29.832  1023.220  1478.84 
2024 01 25 18 20 51.27  31.894  08.645  0020.26  04.12  07.96  299.1  009.26  29.840  1023.226  1478.86 
2024 01 25 18 20 51.52  31.918  08.665  0020.34  03.79  07.96  299.1  009.26  29.847  1023.229  1478.95 
2024 01 25 18 20 51.77  31.953  08.685  0020.45  03.68  07.96  299.1  009.26  29.867  1023.242  1479.05 
2024 01 25 18 20 52.02  31.961  08.680  0020.51  03.81  07.96  299.1  009.26  29.879  1023.252  1479.05 
2024 01 25 18 20 52.27  31.966  08.665  0020.59  03.70  07.96  299.1  009.26  29.897  1023.269  1479.02 
2024 01 25 18 20 52.52  31.969  08.650  0020.69  03.80  07.96  299.1  009.26  29.913  1023.284  1478.98 
2024 01 25 18 20 52.77  31.970  08.642  0020.78  03.76  07.96  299.1  009.26  29.921  1023.292  1478.96 
2024 01 25 18 20 53.02  31.970  08.640  0020.88  03.77  07.96  299.1  009.26  29.923  1023.294  1478.96 
2024 01 25 18 20 53.27  31.974  08.636  0020.98  03.62  07.97  299.1  009.26  29.929  1023.300  1478.95 
2024 01 25 18 20 53.52  31.970  08.634  0021.08  03.54  07.96  299.1  009.26  29.927  1023.299  1478.94 
2024 01 25 18 20 53.77  31.969  08.624  0021.20  04.22  07.96  299.1  009.26  29.934  1023.307  1478.92 
2024 01 25 18 20 54.02  31.963  08.618  0021.29  03.95  07.96  299.1  009.26  29.934  1023.308  1478.89 
2024 01 25 18 20 54.27  31.959  08.612  0021.41  03.70  07.97  299.1  009.26  29.935  1023.310  1478.87 
2024 01 25 18 20 54.52  31.939  08.573  0021.53  03.69  07.96  299.1  009.26  29.946  1023.325  1478.74 
2024 01 25 18 20 54.77  31.904  08.535  0021.64  03.70  07.96  299.1  009.26  29.942  1023.328  1478.60 
2024 01 25 18 20 55.02  31.854  08.478  0021.77  03.70  07.96  297.5  009.26  29.939  1023.334  1478.38 
2024 01 25 18 20 55.27  31.863  08.480  0021.87  03.42  07.96  297.5  009.26  29.946  1023.340  1478.40 
2024 01 25 18 20 55.52  31.896  08.504  0021.96  03.50  07.96  297.5  009.26  29.960  1023.348  1478.51 
2024 01 25 18 20 55.77  31.920  08.523  0022.05  03.35  07.96  297.5  009.26  29.969  1023.353  1478.59 
2024 01 25 18 20 56.02  31.935  08.515  0022.16  03.36  07.96  297.5  009.26  29.992  1023.372  1478.59 
2024 01 25 18 20 56.27  31.912  08.457  0022.29  03.24  07.96  297.5  009.26  30.016  1023.400  1478.40 
2024 01 25 18 20 56.52  31.867  08.395  0022.38  03.26  07.96  297.5  009.26  30.022  1023.415  1478.18 
2024 01 25 18 20 56.77  31.834  08.361  0022.51  03.19  07.96  297.5  009.26  30.017  1023.416  1478.04 
2024 01 25 18 20 57.02  31.822  08.352  0022.63  03.01  07.95  297.5  009.26  30.013  1023.414  1478.01 
2024 01 25 18 20 57.27  31.809  08.337  0022.75  03.00  07.96  297.5  009.26  30.011  1023.416  1477.95 
2024 01 25 18 20 57.52  31.798  08.325  0022.89  03.06  07.95  297.5  009.26  30.010  1023.417  1477.90 
2024 01 25 18 20 57.77  31.787  08.306  0023.00  03.04  07.95  297.5  009.26  30.014  1023.423  1477.84 
2024 01 25 18 20 58.02  31.781  08.297  0023.15  02.97  07.95  296.2  009.26  30.016  1023.427  1477.81 
2024 01 25 18 20 58.27  31.793  08.284  0023.32  02.90  07.95  296.2  009.26  30.040  1023.448  1477.79 
2024 01 25 18 20 58.52  31.787  08.245  0023.46  03.03  07.95  296.2  009.26  30.066  1023.475  1477.68 
2024 01 25 18 20 58.77  31.797  08.230  0023.62  03.07  07.95  296.2  009.26  30.090  1023.497  1477.65 
2024 01 25 18 20 59.02  31.808  08.240  0023.75  02.93  07.95  296.2  009.26  30.092  1023.498  1477.70 
2024 01 25 18 20 59.27  31.806  08.217  0023.92  02.94  07.94  296.2  009.26  30.109  1023.515  1477.64 
2024 01 25 18 20 59.52  31.763  08.146  0024.06  02.95  07.94  296.2  009.26  30.125  1023.538  1477.39 
2024 01 25 18 20 59.77  31.639  07.966  0024.24  02.84  07.94  296.2  009.26  30.151  1023.584  1476.73 
2024 01 25 18 21 00.02  31.527  07.803  0024.38  02.89  07.93  296.2  009.26  30.172  1023.624  1476.14 
2024 01 25 18 21 00.27  31.527  07.796  0024.58  02.24  07.94  296.2  009.26  30.178  1023.631  1476.12 
2024 01 25 18 21 00.52  31.492  07.678  0024.75  01.87  07.93  296.2  009.26  30.243  1023.699  1475.75 
2024 01 25 18 21 00.77  31.451  07.601  0024.90  01.75  07.93  296.2  009.26  30.267  1023.728  1475.48 
2024 01 25 18 21 01.02  31.443  07.554  0025.09  01.80  07.92  294.2  009.26  30.298  1023.760  1475.34 
2024 01 25 18 21 01.27  31.437  07.526  0025.28  01.65  07.91  294.2  009.26  30.318  1023.780  1475.26 
2024 01 25 18 21 01.52  31.436  07.519  0025.45  01.69  07.91  294.2  009.29  30.322  1023.785  1475.24 
2024 01 25 18 21 01.77  31.436  07.511  0025.64  01.60  07.90  294.2  009.26  30.328  1023.792  1475.22 
2024 01 25 18 21 02.02  31.426  07.488  0025.84  01.48  07.90  294.2  009.26  30.339  1023.804  1475.15 
2024 01 25 18 21 02.27  31.427  07.456  0025.99  01.46  07.90  294.2  009.26  30.367  1023.832  1475.06 
2024 01 25 18 21 02.52  31.428  07.426  0026.22  01.41  07.90  294.2  009.26  30.395  1023.858  1474.99 
2024 01 25 18 21 02.77  31.431  07.422  0026.43  01.38  07.89  294.2  009.26  30.401  1023.864  1474.98 
2024 01 25 18 21 03.02  31.416  07.401  0026.62  01.55  07.88  294.2  009.26  30.404  1023.871  1474.91 
2024 01 25 18 21 03.27  31.403  07.370  0026.82  01.61  07.89  294.2  009.26  30.417  1023.886  1474.80 
2024 01 25 18 21 03.52  31.393  07.357  0027.01  01.39  07.89  294.2  009.26  30.418  1023.889  1474.76 
2024 01 25 18 21 03.77  31.385  07.343  0027.21  01.28  07.89  294.2  009.26  30.420  1023.894  1474.71 
2024 01 25 18 21 04.02  31.381  07.337  0027.43  01.28  07.89  289.9  009.26  30.421  1023.896  1474.69 
2024 01 25 18 21 04.27  31.376  07.329  0027.60  01.20  07.88  289.9  009.26  30.423  1023.900  1474.67 
2024 01 25 18 21 04.52  31.366  07.318  0027.81  01.20  07.88  289.9  009.26  30.422  1023.902  1474.63 
2024 01 25 18 21 04.77  31.368  07.319  0028.02  01.22  07.88  289.9  009.26  30.423  1023.903  1474.63 
2024 01 25 18 21 05.02  31.366  07.318  0028.21  01.20  07.88  289.9  009.26  30.422  1023.903  1474.63 
2024 01 25 18 21 05.27  31.365  07.315  0028.42  01.15  07.88  289.9  009.26  30.423  1023.905  1474.63 
2024 01 25 18 21 05.52  31.337  07.273  0028.61  01.09  07.88  289.9  009.26  30.430  1023.918  1474.47 
2024 01 25 18 21 05.77  31.324  07.239  0028.78  01.03  07.88  289.9  009.26  30.446  1023.935  1474.36 
2024 01 25 18 21 06.02  31.323  07.233  0028.98  01.15  07.87  289.9  009.26  30.450  1023.940  1474.35 
2024 01 25 18 21 06.27  31.290  07.190  0029.14  01.13  07.87  289.9  009.26  30.452  1023.948  1474.19 
2024 01 25 18 21 06.52  31.300  07.196  0029.36  01.10  07.87  289.9  009.26  30.458  1023.953  1474.22 
2024 01 25 18 21 06.77  31.341  07.232  0029.59  01.05  07.87  289.9  009.26  30.470  1023.958  1474.38 
2024 01 25 18 21 07.02  31.368  07.250  0029.75  01.09  07.87  284.4  009.26  30.483  1023.968  1474.47 
2024 01 25 18 21 07.27  31.387  07.256  0029.98  01.02  07.87  284.4  009.26  30.498  1023.979  1474.51 
2024 01 25 18 21 07.52  31.392  07.257  0030.19  01.06  07.87  284.4  009.26  30.502  1023.984  1474.53 
2024 01 25 18 21 07.77  31.397  07.257  0030.42  01.01  07.87  284.4  009.26  30.507  1023.989  1474.54 
2024 01 25 18 21 08.02  31.405  07.260  0030.61  01.02  07.87  284.4  009.26  30.513  1023.994  1474.56 
2024 01 25 18 21 08.27  31.408  07.260  0030.83  01.05  07.87  284.4  009.26  30.517  1023.998  1474.56 
2024 01 25 18 21 08.52  31.414  07.255  0031.05  01.10  07.87  284.4  009.26  30.528  1024.008  1474.56 
2024 01 25 18 21 08.77  31.413  07.249  0031.26  01.02  07.88  284.4  009.26  30.532  1024.013  1474.55 
2024 01 25 18 21 09.02  31.413  07.247  0031.46  01.07  07.87  284.4  009.26  30.533  1024.015  1474.55 
2024 01 25 18 21 09.27  31.420  07.239  0031.70  01.04  07.88  284.4  009.26  30.547  1024.029  1474.54 
2024 01 25 18 21 09.52  31.428  07.233  0031.94  01.00  07.88  284.4  009.26  30.561  1024.041  1474.54 
2024 01 25 18 21 09.77  31.459  07.248  0032.15  00.99  07.88  284.4  009.26  30.582  1024.056  1474.62 
2024 01 25 18 21 10.02  31.490  07.263  0032.36  00.98  07.88  282.6  009.26  30.601  1024.071  1474.71 
2024 01 25 18 21 10.27  31.512  07.272  0032.57  00.99  07.88  282.6  009.26  30.617  1024.083  1474.77 
2024 01 25 18 21 10.52  31.514  07.270  0032.78  00.98  07.88  282.6  009.26  30.621  1024.087  1474.77 
2024 01 25 18 21 10.77  31.523  07.259  0033.02  01.01  07.88  282.6  009.26  30.641  1024.105  1474.75 
2024 01 25 18 21 11.02  31.524  07.254  0033.22  01.12  07.89  282.6  009.26  30.645  1024.110  1474.74 
2024 01 25 18 21 11.27  31.525  07.255  0033.41  00.96  07.89  282.6  009.26  30.646  1024.112  1474.75 
2024 01 25 18 21 11.52  31.549  07.272  0033.65  00.98  07.89  282.6  009.26  30.657  1024.119  1474.83 
2024 01 25 18 21 11.77  31.564  07.281  0033.87  00.93  07.89  282.6  009.26  30.664  1024.125  1474.88 
2024 01 25 18 21 12.02  31.575  07.290  0034.09  00.94  07.88  282.6  009.26  30.668  1024.128  1474.92 
2024 01 25 18 21 12.27  31.608  07.319  0034.29  00.99  07.89  282.6  009.26  30.678  1024.132  1475.05 
2024 01 25 18 21 12.52  31.612  07.324  0034.52  00.98  07.89  282.6  009.26  30.678  1024.133  1475.08 
2024 01 25 18 21 12.77  31.619  07.333  0034.74  01.00  07.89  282.6  009.26  30.678  1024.132  1475.11 
2024 01 25 18 21 13.02  31.663  07.371  0034.96  00.93  07.89  285.3  009.26  30.691  1024.139  1475.28 
2024 01 25 18 21 13.27  31.685  07.383  0035.18  00.94  07.89  285.3  009.26  30.704  1024.149  1475.35 
2024 01 25 18 21 13.52  31.692  07.386  0035.41  00.97  07.90  285.3  009.26  30.708  1024.152  1475.37 
2024 01 25 18 21 13.77  31.699  07.391  0035.65  00.98  07.90  285.3  009.26  30.711  1024.155  1475.40 
2024 01 25 18 21 14.02  31.701  07.389  0035.88  00.95  07.90  285.3  009.26  30.715  1024.160  1475.40 
2024 01 25 18 21 14.27  31.694  07.381  0036.08  00.97  07.90  285.3  009.26  30.715  1024.161  1475.37 
2024 01 25 18 21 14.52  31.691  07.376  0036.31  00.94  07.90  285.3  009.26  30.716  1024.164  1475.35 
2024 01 25 18 21 14.77  31.697  07.381  0036.52  00.93  07.90  285.3  009.26  30.717  1024.165  1475.38 
2024 01 25 18 21 15.02  31.694  07.377  0036.74  00.96  07.89  285.3  009.26  30.718  1024.167  1475.37 
2024 01 25 18 21 15.27  31.662  07.339  0036.97  00.93  07.90  285.3  009.26  30.717  1024.172  1475.22 
2024 01 25 18 21 15.52  31.650  07.328  0037.14  00.95  07.90  285.3  009.26  30.713  1024.172  1475.18 
2024 01 25 18 21 15.77  31.640  07.319  0037.39  00.92  07.90  285.3  009.26  30.711  1024.173  1475.14 
2024 01 25 18 21 16.02  31.623  07.299  0037.60  00.89  07.90  287.9  009.26  30.711  1024.176  1475.07 
2024 01 25 18 21 16.27  31.617  07.291  0037.81  00.89  07.90  287.9  009.26  30.711  1024.179  1475.04 
2024 01 25 18 21 16.52  31.617  07.291  0038.04  00.88  07.90  287.9  009.29  30.711  1024.179  1475.05 
2024 01 25 18 21 16.77  31.611  07.283  0038.25  00.94  07.90  287.9  009.26  30.712  1024.182  1475.02 
2024 01 25 18 21 17.02  31.607  07.277  0038.48  00.91  07.90  287.9  009.26  30.713  1024.185  1475.00 
2024 01 25 18 21 17.27  31.598  07.266  0038.71  00.89  07.90  287.9  009.26  30.712  1024.187  1474.96 
2024 01 25 18 21 17.52  31.597  07.269  0038.93  00.85  07.90  287.9  009.26  30.709  1024.185  1474.97 
2024 01 25 18 21 17.77  31.594  07.260  0039.18  00.84  07.90  287.9  009.26  30.713  1024.190  1474.95 
2024 01 25 18 21 18.02  31.592  07.259  0039.40  00.87  07.89  287.9  009.26  30.712  1024.190  1474.94 
2024 01 25 18 21 18.27  31.592  07.261  0039.66  00.87  07.89  287.9  009.26  30.709  1024.189  1474.95 
2024 01 25 18 21 18.52  31.592  07.260  0039.89  00.83  07.89  287.9  009.26  30.711  1024.193  1474.95 
2024 01 25 18 21 18.77  31.592  07.260  0040.09  00.83  07.89  287.9  009.26  30.711  1024.193  1474.96 
2024 01 25 18 21 19.02  31.592  07.260  0040.33  00.82  07.89  289.1  009.26  30.710  1024.193  1474.96 
2024 01 25 18 21 19.27  31.596  07.262  0040.56  00.84  07.89  289.1  009.26  30.713  1024.196  1474.97 
2024 01 25 18 21 19.52  31.597  07.263  0040.80  00.84  07.89  289.1  009.26  30.713  1024.198  1474.98 
2024 01 25 18 21 19.77  31.592  07.256  0041.04  00.85  07.89  289.1  009.26  30.714  1024.200  1474.96 
2024 01 25 18 21 20.02  31.587  07.252  0041.25  00.86  07.89  289.1  009.26  30.712  1024.200  1474.95 
2024 01 25 18 21 20.27  31.586  07.248  0041.45  00.90  07.89  289.1  009.26  30.714  1024.203  1474.94 
2024 01 25 18 21 20.52  31.584  07.247  0041.69  00.88  07.89  289.1  009.26  30.714  1024.204  1474.94 
2024 01 25 18 21 20.77  31.574  07.228  0041.91  00.90  07.89  289.1  009.26  30.719  1024.212  1474.87 
2024 01 25 18 21 21.02  31.558  07.206  0042.10  00.97  07.88  289.1  009.26  30.721  1024.218  1474.79 
2024 01 25 18 21 21.27  31.555  07.206  0042.32  00.89  07.89  289.1  009.26  30.718  1024.216  1474.79 
2024 01 25 18 21 21.52  31.555  07.203  0042.58  00.87  07.89  289.1  009.26  30.720  1024.219  1474.79 
2024 01 25 18 21 21.77  31.558  07.204  0042.79  00.80  07.89  289.1  009.26  30.723  1024.222  1474.80 
2024 01 25 18 21 22.02  31.568  07.206  0042.98  00.83  07.89  288.8  009.26  30.731  1024.229  1474.82 
2024 01 25 18 21 22.27  31.577  07.211  0043.22  00.84  07.89  288.8  009.26  30.737  1024.234  1474.85 
2024 01 25 18 21 22.52  31.576  07.205  0043.44  00.78  07.89  288.8  009.26  30.740  1024.239  1474.83 
2024 01 25 18 21 22.77  31.568  07.195  0043.64  00.80  07.89  288.8  009.26  30.740  1024.241  1474.80 
2024 01 25 18 21 23.02  31.557  07.184  0043.90  00.81  07.89  288.8  009.26  30.738  1024.242  1474.76 
2024 01 25 18 21 23.27  31.557  07.183  0044.10  00.78  07.89  288.8  009.26  30.739  1024.244  1474.76 
2024 01 25 18 21 23.52  31.554  07.180  0044.33  00.80  07.89  288.8  009.26  30.739  1024.245  1474.75 
2024 01 25 18 21 23.77  31.551  07.176  0044.54  00.70  07.89  288.8  009.26  30.739  1024.246  1474.74 
2024 01 25 18 21 24.02  31.549  07.176  0044.74  00.79  07.88  288.8  009.26  30.736  1024.245  1474.74 
2024 01 25 18 21 24.27  31.549  07.175  0044.97  00.81  07.89  288.8  009.23  30.737  1024.247  1474.74 
2024 01 25 18 21 24.52  31.545  07.169  0045.14  00.77  07.89  288.8  009.26  30.739  1024.250  1474.72 
2024 01 25 18 21 24.77  31.544  07.169  0045.31  00.83  07.89  288.8  009.26  30.737  1024.250  1474.72 
2024 01 25 18 21 25.02  31.541  07.166  0045.50  00.81  07.89  289.2  009.26  30.737  1024.250  1474.71 
2024 01 25 18 21 25.27  31.515  07.138  0045.66  00.85  07.89  289.2  009.26  30.734  1024.252  1474.60 
2024 01 25 18 21 25.52  31.502  07.116  0045.85  00.81  07.89  289.2  009.26  30.738  1024.260  1474.53 
2024 01 25 18 21 25.77  31.492  07.111  0046.01  00.84  07.89  289.2  009.26  30.733  1024.257  1474.50 
2024 01 25 18 21 26.02  31.480  07.095  0046.20  00.87  07.89  289.2  009.26  30.734  1024.261  1474.44 
2024 01 25 18 21 26.27  31.436  07.040  0046.37  00.80  07.89  289.2  009.26  30.734  1024.269  1474.23 
2024 01 25 18 21 26.52  31.396  06.999  0046.50  00.80  07.89  289.2  009.26  30.729  1024.271  1474.06 
2024 01 25 18 21 26.77  31.384  06.985  0046.61  00.77  07.88  289.2  009.26  30.727  1024.272  1474.01 
2024 01 25 18 21 27.02  31.385  06.989  0046.65  00.83  07.87  289.2  009.26  30.726  1024.270  1474.02 
2024 01 25 18 21 27.27  31.404  07.036  0046.68  00.78  07.88  289.2  009.26  30.704  1024.247  1474.18 
2024 01 25 18 21 27.52  31.414  07.036  0046.70  00.76  07.88  289.2  009.26  30.715  1024.256  1474.20 
2024 01 25 18 21 27.77  31.412  07.022  0046.75  00.81  07.88  289.2  009.26  30.726  1024.266  1474.16 
2024 01 25 18 21 28.02  31.408  07.017  0046.81  00.74  07.88  288.6  009.26  30.726  1024.268  1474.14 
2024 01 25 18 21 28.27  31.401  06.999  0046.83  00.85  07.88  288.6  009.26  30.734  1024.276  1474.08 
2024 01 25 18 21 28.52  31.402  07.004  0046.85  00.83  07.88  288.6  009.26  30.730  1024.273  1474.09 
2024 01 25 18 21 28.77  31.404  07.008  0046.88  00.80  07.88  288.6  009.26  30.729  1024.271  1474.10 
2024 01 25 18 21 29.02  31.404  07.007  0046.88  00.76  07.88  288.6  009.26  30.729  1024.272  1474.10 
2024 01 25 18 21 29.27  31.404  07.017  0046.90  00.81  07.88  288.6  009.26  30.721  1024.264  1474.13 
2024 01 25 18 21 29.52  31.404  07.016  0046.91  00.73  07.88  288.6  009.26  30.722  1024.265  1474.13 
2024 01 25 18 21 29.77  31.406  07.015  0046.93  00.70  07.88  288.6  009.26  30.725  1024.268  1474.13 
2024 01 25 18 21 30.02  31.403  07.012  0046.95  00.71  07.87  288.6  009.26  30.724  1024.268  1474.12 
2024 01 25 18 21 30.27  31.405  07.012  0046.99  00.69  07.88  288.6  009.26  30.726  1024.269  1474.12 
2024 01 25 18 21 30.52  31.407  07.012  0047.03  00.69  07.88  288.6  009.26  30.729  1024.271  1474.12 
2024 01 25 18 21 30.77  31.408  07.013  0047.07  00.71  07.88  288.6  009.26  30.729  1024.272  1474.13 
2024 01 25 18 21 31.02  31.410  07.015  0047.08  00.74  07.88  289.7  009.26  30.729  1024.271  1474.14 
2024 01 25 18 21 31.27  31.411  07.015  0047.08  00.72  07.88  289.7  009.26  30.730  1024.272  1474.14 
2024 01 25 18 21 31.52  31.406  07.014  0047.07  00.77  07.88  289.7  009.26  30.725  1024.269  1474.13 
2024 01 25 18 21 31.77  31.408  07.017  0047.07  00.78  07.88  289.7  009.26  30.725  1024.268  1474.14 
2024 01 25 18 21 32.02  31.408  07.016  0047.09  00.72  07.88  289.7  009.26  30.726  1024.269  1474.14 
2024 01 25 18 21 32.27  31.410  07.016  0047.11  00.70  07.88  289.7  009.26  30.729  1024.271  1474.14 
2024 01 25 18 21 32.52  31.414  07.018  0047.14  00.75  07.88  289.7  009.26  30.731  1024.273  1474.15 
2024 01 25 18 21 32.77  31.417  07.020  0047.18  00.76  07.88  289.7  009.26  30.732  1024.274  1474.16 
2024 01 25 18 21 33.02  31.415  07.016  0047.19  00.69  07.87  289.7  009.26  30.733  1024.275  1474.15 
2024 01 25 18 21 33.27  31.415  07.019  0047.21  00.70  07.88  289.7  009.26  30.731  1024.273  1474.16 
2024 01 25 18 21 33.52  31.410  07.012  0047.21  00.68  07.88  289.7  009.26  30.732  1024.275  1474.13 
2024 01 25 18 21 33.77  31.408  07.014  0047.16  00.70  07.87  289.7  009.26  30.728  1024.271  1474.13 
2024 01 25 18 21 34.02  31.408  07.011  0047.18  00.75  07.88  289.2  009.26  30.731  1024.274  1474.12 
2024 01 25 18 21 34.27  31.402  07.007  0047.21  00.71  07.87  289.2  009.26  30.728  1024.272  1474.11 
2024 01 25 18 21 34.52  31.390  06.985  0047.23  00.67  07.87  289.2  009.26  30.734  1024.280  1474.03 
2024 01 25 18 21 34.77  31.377  06.968  0047.26  00.71  07.87  289.2  009.26  30.736  1024.284  1473.96 
2024 01 25 18 21 35.02  31.360  06.943  0047.29  00.76  07.87  289.2  009.26  30.739  1024.290  1473.87 
2024 01 25 18 21 35.27  31.353  06.937  0047.33  00.76  07.87  289.2  009.26  30.736  1024.288  1473.85 
2024 01 25 18 21 35.52  31.353  06.930  0047.34  00.78  07.87  289.2  009.26  30.743  1024.295  1473.83 
2024 01 25 18 21 35.77  31.358  06.942  0047.34  00.81  07.87  289.2  009.26  30.738  1024.289  1473.87 
2024 01 25 18 21 36.02  31.353  06.941  0047.35  00.83  07.86  289.2  009.26  30.733  1024.285  1473.86 
2024 01 25 18 21 36.27  31.351  06.941  0047.36  00.70  07.87  289.2  009.26  30.732  1024.284  1473.85 
2024 01 25 18 21 36.52  31.349  06.939  0047.37  00.74  07.87  289.2  009.26  30.730  1024.284  1473.85 
2024 01 25 18 21 36.77  31.346  06.940  0047.36  00.72  07.87  289.2  009.26  30.727  1024.281  1473.85 
2024 01 25 18 21 37.02  31.346  06.936  0047.36  00.67  07.87  288.7  009.26  30.731  1024.284  1473.83 
2024 01 25 18 21 37.27  31.338  06.925  0047.38  00.69  07.87  288.7  009.26  30.731  1024.286  1473.79 
2024 01 25 18 21 37.52  31.333  06.926  0047.41  00.74  07.87  288.7  009.26  30.724  1024.281  1473.79 
2024 01 25 18 21 37.77  31.337  06.925  0047.44  00.74  07.87  288.7  009.26  30.730  1024.286  1473.79 
2024 01 25 18 21 38.02  31.348  06.936  0047.50  00.72  07.87  288.7  009.26  30.732  1024.286  1473.84 
2024 01 25 18 21 38.27  31.347  06.938  0047.55  00.69  07.87  288.7  009.26  30.730  1024.284  1473.84 
2024 01 25 18 21 38.52  31.350  06.941  0047.58  00.74  07.87  288.7  009.26  30.730  1024.284  1473.86 
2024 01 25 18 21 38.77  31.350  06.939  0047.62  00.76  07.87  288.7  009.26  30.732  1024.286  1473.85 
2024 01 25 18 21 39.02  31.348  06.937  0047.64  00.88  07.86  288.7  009.26  30.731  1024.286  1473.84 
2024 01 25 18 21 39.27  31.351  06.938  0047.66  00.78  07.87  288.7  009.26  30.734  1024.288  1473.85 
2024 01 25 18 21 39.52  31.372  06.965  0047.72  00.71  07.87  288.7  009.26  30.732  1024.284  1473.95 
2024 01 25 18 21 39.77  31.382  06.973  0047.77  00.77  07.87  288.7  009.26  30.736  1024.286  1473.99 
2024 01 25 18 21 40.02  31.388  06.978  0047.85  00.84  07.87  288.3  009.26  30.738  1024.287  1474.01 
2024 01 25 18 21 40.27  31.389  06.972  0047.93  00.72  07.87  288.3  009.26  30.744  1024.293  1474.00 
2024 01 25 18 21 40.52  31.386  06.970  0047.96  00.69  07.87  288.3  009.26  30.743  1024.293  1473.99 
2024 01 25 18 21 40.77  31.388  06.974  0047.98  00.70  07.87  288.3  009.26  30.742  1024.291  1474.00 
2024 01 25 18 21 41.02  31.385  06.970  0047.96  00.63  07.87  288.3  009.26  30.742  1024.292  1473.99 
2024 01 25 18 21 41.27  31.385  06.970  0047.93  00.71  07.87  288.3  009.26  30.741  1024.291  1473.99 
2024 01 25 18 21 41.52  31.384  06.962  0047.94  00.71  07.87  288.3  009.26  30.748  1024.297  1473.97 
2024 01 25 18 21 41.77  31.376  06.956  0047.96  00.67  07.87  288.3  009.26  30.744  1024.295  1473.94 
2024 01 25 18 21 42.02  31.372  06.955  0047.97  00.63  07.86  288.3  009.26  30.741  1024.293  1473.93 
2024 01 25 18 21 42.27  31.375  06.953  0047.98  00.64  07.87  288.3  009.26  30.746  1024.297  1473.93 
2024 01 25 18 21 42.52  31.374  06.952  0048.00  00.62  07.87  288.3  009.26  30.747  1024.298  1473.93 
2024 01 25 18 21 42.77  31.372  06.948  0048.00  00.60  07.87  288.3  009.26  30.747  1024.298  1473.91 
2024 01 25 18 21 43.02  31.371  06.948  0047.98  00.66  07.87  288.6  009.26  30.746  1024.298  1473.91 
2024 01 25 18 21 43.27  31.371  06.952  0047.96  00.72  07.87  288.6  009.26  30.743  1024.295  1473.92 
2024 01 25 18 21 43.52  31.370  06.954  0047.94  00.70  07.87  288.6  009.26  30.740  1024.292  1473.92 
2024 01 25 18 21 43.77  31.373  06.953  0047.94  00.69  07.87  288.6  009.26  30.743  1024.295  1473.93 
2024 01 25 18 21 44.02  31.370  06.952  0047.94  00.65  07.87  288.6  009.26  30.741  1024.293  1473.92 
2024 01 25 18 21 44.27  31.369  06.950  0047.96  00.66  07.87  288.6  009.26  30.742  1024.294  1473.91 
2024 01 25 18 21 44.52  31.366  06.946  0047.94  00.63  07.87  288.6  009.26  30.743  1024.296  1473.90 
2024 01 25 18 21 44.77  31.366  06.946  0047.97  00.71  07.87  288.6  009.26  30.743  1024.296  1473.90 
2024 01 25 18 21 45.02  31.367  06.947  0048.01  00.65  07.86  288.6  009.26  30.742  1024.295  1473.90 
2024 01 25 18 21 45.27  31.366  06.946  0048.02  00.71  07.87  288.6  009.26  30.743  1024.296  1473.90 
2024 01 25 18 21 45.52  31.368  06.945  0048.04  00.70  07.87  288.6  009.26  30.745  1024.298  1473.90 
2024 01 25 18 21 45.77  31.369  06.944  0048.04  00.69  07.87  288.6  009.26  30.747  1024.299  1473.90 
2024 01 25 18 21 46.02  31.369  06.954  0048.00  00.62  07.87  287.9  009.26  30.739  1024.292  1473.93 
2024 01 25 18 21 46.27  31.371  06.951  0047.97  00.68  07.87  287.9  009.26  30.744  1024.296  1473.92 
2024 01 25 18 21 46.52  31.372  06.950  0047.96  00.60  07.87  287.9  009.26  30.745  1024.297  1473.92 
2024 01 25 18 21 46.77  31.368  06.950  0047.97  00.60  07.87  287.9  009.26  30.741  1024.293  1473.91 
2024 01 25 18 21 47.02  31.368  06.947  0048.01  00.65  07.87  287.9  009.26  30.744  1024.296  1473.90 
2024 01 25 18 21 47.27  31.366  06.945  0048.03  00.74  07.87  287.9  009.26  30.744  1024.296  1473.90 
2024 01 25 18 21 47.52  31.368  06.945  0048.06  00.72  07.87  287.9  009.26  30.745  1024.298  1473.90 
2024 01 25 18 21 47.77  31.365  06.941  0048.10  00.66  07.87  287.9  009.26  30.745  1024.298  1473.89 
2024 01 25 18 21 48.02  31.366  06.942  0048.15  00.66  07.86  287.9  009.26  30.745  1024.299  1473.89 
2024 01 25 18 21 48.27  31.362  06.939  0048.18  00.65  07.87  287.9  009.26  30.744  1024.298  1473.88 
2024 01 25 18 21 48.52  31.362  06.937  0048.20  00.68  07.87  287.9  009.26  30.746  1024.300  1473.87 
2024 01 25 18 21 48.77  31.360  06.939  0048.20  00.78  07.87  287.9  009.26  30.742  1024.297  1473.87 
2024 01 25 18 21 49.02  31.363  06.940  0048.17  00.77  07.87  287.9  009.26  30.745  1024.299  1473.88 
2024 01 25 18 21 49.27  31.362  06.937  0048.14  00.78  07.87  287.9  009.26  30.746  1024.300  1473.87 
2024 01 25 18 21 49.52  31.362  06.939  0048.13  00.81  07.87  287.9  009.26  30.745  1024.298  1473.88 
2024 01 25 18 21 49.77  31.363  06.941  0048.11  00.66  07.87  287.9  009.26  30.744  1024.297  1473.88 
2024 01 25 18 21 50.02  31.362  06.938  0048.13  00.73  07.87  287.9  009.26  30.745  1024.299  1473.87 
2024 01 25 18 21 50.27  31.357  06.935  0048.15  00.67  07.87  287.9  009.26  30.742  1024.297  1473.86 
2024 01 25 18 21 50.52  31.361  06.937  0048.15  00.71  07.87  287.9  009.26  30.744  1024.299  1473.87 
2024 01 25 18 21 50.77  31.362  06.939  0048.16  00.69  07.87  287.9  009.26  30.744  1024.298  1473.88 
2024 01 25 18 21 51.02  31.361  06.937  0048.17  00.70  07.86  287.9  009.26  30.745  1024.299  1473.87 
2024 01 25 18 21 51.27  31.362  06.938  0048.15  00.69  07.87  287.9  009.26  30.745  1024.299  1473.87 
2024 01 25 18 21 51.52  31.361  06.938  0048.15  00.66  07.87  287.9  009.26  30.744  1024.298  1473.87 
2024 01 25 18 21 51.77  31.362  06.941  0048.17  00.68  07.87  287.9  009.26  30.743  1024.297  1473.88 
2024 01 25 18 21 52.02  31.361  06.937  0048.16  00.67  07.87  287.5  009.26  30.745  1024.299  1473.87 
2024 01 25 18 21 52.27  31.359  06.931  0048.19  00.71  07.87  287.5  009.26  30.748  1024.302  1473.85 
2024 01 25 18 21 52.52  31.355  06.924  0048.23  00.65  07.87  287.5  009.26  30.750  1024.305  1473.83 
2024 01 25 18 21 52.77  31.354  06.924  0048.23  00.66  07.87  287.5  009.26  30.749  1024.304  1473.82 
2024 01 25 18 21 53.02  31.356  06.925  0048.23  00.64  07.87  287.5  009.26  30.750  1024.305  1473.83 
2024 01 25 18 21 53.27  31.354  06.925  0048.23  00.60  07.87  287.5  009.26  30.749  1024.304  1473.83 
2024 01 25 18 21 53.52  31.354  06.925  0048.23  00.70  07.87  287.5  009.26  30.748  1024.303  1473.83 
2024 01 25 18 21 53.77  31.352  06.925  0048.19  00.79  07.87  287.5  009.26  30.746  1024.302  1473.82 
2024 01 25 18 21 54.02  31.354  06.929  0048.14  00.66  07.86  287.5  009.26  30.745  1024.300  1473.84 
2024 01 25 18 21 54.27  31.358  06.935  0048.08  00.67  07.87  287.5  009.26  30.743  1024.298  1473.86 
2024 01 25 18 21 54.52  31.365  06.943  0047.96  00.74  07.87  287.5  009.26  30.744  1024.297  1473.89 
2024 01 25 18 21 54.77  31.369  06.947  0047.90  00.70  07.87  287.5  009.26  30.745  1024.297  1473.91 
2024 01 25 18 21 55.02  31.368  06.940  0047.86  00.62  07.87  287.5  009.26  30.750  1024.301  1473.88 
2024 01 25 18 21 55.27  31.364  06.943  0047.93  00.68  07.87  287.5  009.26  30.743  1024.296  1473.89 
2024 01 25 18 21 55.52  31.362  06.940  0047.98  00.69  07.87  287.5  009.26  30.744  1024.297  1473.88 
2024 01 25 18 21 55.77  31.370  06.952  0048.03  00.72  07.87  287.5  009.26  30.742  1024.294  1473.92 
2024 01 25 18 21 56.02  31.370  06.952  0048.05  00.69  07.87  287.5  009.26  30.741  1024.294  1473.92 
2024 01 25 18 21 56.27  31.371  06.953  0048.08  00.71  07.87  287.5  009.26  30.742  1024.294  1473.93 
2024 01 25 18 21 56.52  31.369  06.951  0048.04  00.67  07.87  287.5  009.26  30.742  1024.294  1473.92 
2024 01 25 18 21 56.77  31.369  06.952  0048.02  00.68  07.87  287.5  009.26  30.741  1024.293  1473.92 
2024 01 25 18 21 57.02  31.373  06.955  0047.89  00.75  07.86  287.5  009.26  30.743  1024.294  1473.93 
2024 01 25 18 21 57.27  31.381  06.962  0047.71  00.71  07.87  287.5  009.26  30.745  1024.294  1473.96 
2024 01 25 18 21 57.52  31.385  06.967  0047.56  00.66  07.87  287.5  009.26  30.745  1024.292  1473.97 
2024 01 25 18 21 57.77  31.375  06.964  0047.38  00.62  07.87  287.5  009.26  30.737  1024.286  1473.95 
2024 01 25 18 21 58.02  31.366  06.967  0047.16  00.72  07.87  287.1  009.26  30.724  1024.274  1473.94 
2024 01 25 18 21 58.27  31.381  06.983  0046.91  00.69  07.87  287.1  009.26  30.727  1024.273  1474.01 
2024 01 25 18 21 58.52  31.377  06.979  0046.72  00.71  07.87  287.1  009.26  30.726  1024.272  1473.99 
2024 01 25 18 21 58.77  31.374  06.978  0046.55  00.69  07.87  287.1  009.26  30.723  1024.269  1473.98 
2024 01 25 18 21 59.02  31.369  06.977  0046.32  00.75  07.87  287.1  009.26  30.720  1024.266  1473.96 
2024 01 25 18 21 59.27  31.400  07.018  0046.08  00.69  07.87  287.1  009.26  30.716  1024.256  1474.11 
2024 01 25 18 21 59.52  31.402  07.013  0045.90  00.69  07.87  287.1  009.26  30.723  1024.261  1474.10 
2024 01 25 18 21 59.77  31.402  07.008  0045.79  00.69  07.87  287.1  009.26  30.728  1024.266  1474.09 
2024 01 25 18 22 00.02  31.390  06.991  0045.78  00.82  07.86  287.1  009.26  30.729  1024.269  1474.02 
2024 01 25 18 22 00.27  31.419  07.040  0045.74  00.74  07.87  287.1  009.26  30.717  1024.253  1474.20 
2024 01 25 18 22 00.52  31.471  07.105  0045.60  00.69  07.87  287.1  009.26  30.715  1024.242  1474.45 
2024 01 25 18 22 00.77  31.526  07.152  0045.38  00.66  07.87  287.1  009.26  30.733  1024.249  1474.65 
2024 01 25 18 22 01.02  31.522  07.146  0045.13  00.65  07.87  287.9  009.26  30.734  1024.250  1474.62 
2024 01 25 18 22 01.27  31.534  07.166  0044.97  00.70  07.87  287.9  009.26  30.730  1024.243  1474.69 
2024 01 25 18 22 01.52  31.531  07.154  0044.95  00.74  07.87  287.9  009.26  30.737  1024.250  1474.66 
2024 01 25 18 22 01.77  31.498  07.111  0044.97  00.71  07.87  287.9  009.26  30.739  1024.257  1474.49 
2024 01 25 18 22 02.02  31.508  07.131  0045.06  00.72  07.87  287.9  009.26  30.732  1024.250  1474.56 
2024 01 25 18 22 02.27  31.528  07.154  0045.09  00.71  07.88  287.9  009.26  30.733  1024.247  1474.65 
2024 01 25 18 22 02.52  31.532  07.154  0045.05  00.77  07.88  287.9  009.26  30.738  1024.251  1474.66 
2024 01 25 18 22 02.77  31.539  07.168  0044.93  00.77  07.88  287.9  009.26  30.733  1024.245  1474.70 
2024 01 25 18 22 03.02  31.539  07.168  0044.79  00.77  07.87  287.9  009.26  30.733  1024.244  1474.70 
2024 01 25 18 22 03.27  31.540  07.168  0044.63  00.73  07.88  287.9  009.26  30.734  1024.245  1474.70 
2024 01 25 18 22 03.52  31.551  07.179  0044.44  00.73  07.88  287.9  009.26  30.737  1024.244  1474.74 
2024 01 25 18 22 03.77  31.553  07.179  0044.25  00.78  07.88  287.9  009.26  30.739  1024.245  1474.74 
2024 01 25 18 22 04.02  31.553  07.179  0044.04  00.76  07.88  287.3  009.26  30.739  1024.244  1474.74 
2024 01 25 18 22 04.27  31.546  07.175  0043.84  00.71  07.88  287.3  009.26  30.735  1024.241  1474.72 
2024 01 25 18 22 04.52  31.551  07.178  0043.66  00.72  07.88  287.3  009.26  30.738  1024.241  1474.73 
2024 01 25 18 22 04.77  31.560  07.188  0043.50  00.73  07.88  287.3  009.26  30.739  1024.240  1474.77 
2024 01 25 18 22 05.02  31.562  07.189  0043.31  00.76  07.88  287.3  009.26  30.740  1024.240  1474.77 
2024 01 25 18 22 05.27  31.568  07.200  0043.08  00.79  07.88  287.3  009.26  30.737  1024.235  1474.81 
2024 01 25 18 22 05.52  31.575  07.206  0042.86  00.74  07.88  287.3  009.26  30.739  1024.235  1474.83 
2024 01 25 18 22 05.77  31.577  07.210  0042.67  00.75  07.88  287.3  009.26  30.738  1024.233  1474.84 
2024 01 25 18 22 06.02  31.576  07.206  0042.54  00.71  07.87  287.3  009.26  30.741  1024.235  1474.82 
2024 01 25 18 22 06.27  31.580  07.211  0042.38  00.70  07.88  287.3  009.26  30.740  1024.233  1474.84 
2024 01 25 18 22 06.52  31.581  07.215  0042.22  00.76  07.88  287.3  009.26  30.738  1024.230  1474.85 
2024 01 25 18 22 06.77  31.585  07.226  0042.05  00.75  07.88  287.3  009.26  30.732  1024.223  1474.89 
2024 01 25 18 22 07.02  31.578  07.221  0041.85  00.76  07.88  287.5  009.26  30.730  1024.221  1474.86 
2024 01 25 18 22 07.27  31.559  07.203  0041.69  00.83  07.88  287.5  009.26  30.725  1024.219  1474.78 
2024 01 25 18 22 07.52  31.560  07.204  0041.50  00.77  07.88  287.5  009.26  30.725  1024.218  1474.78 
2024 01 25 18 22 07.77  31.557  07.206  0041.29  00.72  07.88  287.5  009.26  30.721  1024.213  1474.78 
2024 01 25 18 22 08.02  31.556  07.207  0041.14  00.88  07.88  287.5  009.26  30.718  1024.210  1474.78 
2024 01 25 18 22 08.27  31.557  07.209  0040.97  00.83  07.88  287.5  009.26  30.717  1024.208  1474.78 
2024 01 25 18 22 08.52  31.561  07.216  0040.79  00.82  07.88  287.5  009.26  30.716  1024.206  1474.80 
2024 01 25 18 22 08.77  31.564  07.221  0040.64  00.83  07.88  287.5  009.26  30.715  1024.203  1474.82 
2024 01 25 18 22 09.02  31.563  07.220  0040.46  00.85  07.87  287.5  009.26  30.714  1024.202  1474.81 
2024 01 25 18 22 09.27  31.564  07.221  0040.30  00.83  07.88  287.5  009.26  30.715  1024.202  1474.81 
2024 01 25 18 22 09.52  31.563  07.221  0040.16  00.83  07.88  287.5  009.26  30.714  1024.201  1474.81 
2024 01 25 18 22 09.77  31.562  07.221  0040.04  00.89  07.88  287.5  009.26  30.713  1024.200  1474.81 
2024 01 25 18 22 10.02  31.563  07.221  0039.89  00.83  07.88  287.6  009.26  30.714  1024.199  1474.81 
2024 01 25 18 22 10.27  31.566  07.225  0039.76  00.78  07.88  287.6  009.26  30.714  1024.198  1474.82 
2024 01 25 18 22 10.52  31.564  07.223  0039.59  00.80  07.88  287.6  009.26  30.713  1024.197  1474.81 
2024 01 25 18 22 10.77  31.565  07.227  0039.44  00.78  07.88  287.6  009.26  30.711  1024.194  1474.82 
2024 01 25 18 22 11.02  31.565  07.225  0039.27  00.79  07.88  287.6  009.26  30.714  1024.196  1474.81 
2024 01 25 18 22 11.27  31.565  07.225  0039.09  00.81  07.88  287.6  009.26  30.714  1024.195  1474.81 
2024 01 25 18 22 11.52  31.571  07.233  0038.94  00.88  07.88  287.6  009.26  30.713  1024.193  1474.84 
2024 01 25 18 22 11.77  31.581  07.240  0038.82  00.79  07.88  287.6  009.26  30.717  1024.194  1474.87 
2024 01 25 18 22 12.02  31.586  07.253  0038.69  00.82  07.87  287.6  009.26  30.711  1024.188  1474.91 
2024 01 25 18 22 12.27  31.596  07.267  0038.55  00.78  07.88  287.6  009.26  30.710  1024.184  1474.96 
2024 01 25 18 22 12.52  31.602  07.272  0038.40  00.79  07.88  287.6  009.26  30.711  1024.183  1474.98 
2024 01 25 18 22 12.77  31.607  07.275  0038.22  00.90  07.88  287.6  009.26  30.715  1024.185  1474.99 
2024 01 25 18 22 13.02  31.608  07.277  0038.08  00.88  07.88  287.7  009.26  30.714  1024.184  1475.00 
2024 01 25 18 22 13.27  31.611  07.280  0037.90  00.86  07.88  287.7  009.26  30.715  1024.183  1475.01 
2024 01 25 18 22 13.52  31.614  07.286  0037.73  00.88  07.88  287.7  009.26  30.712  1024.179  1475.02 
2024 01 25 18 22 13.77  31.617  07.289  0037.55  00.82  07.88  287.7  009.26  30.713  1024.179  1475.03 
2024 01 25 18 22 14.02  31.621  07.291  0037.43  00.77  07.88  287.7  009.26  30.715  1024.180  1475.04 
2024 01 25 18 22 14.27  31.622  07.293  0037.28  00.83  07.88  287.7  009.26  30.714  1024.178  1475.05 
2024 01 25 18 22 14.52  31.626  07.298  0037.15  00.79  07.88  287.7  009.26  30.714  1024.177  1475.06 
2024 01 25 18 22 14.77  31.627  07.302  0037.01  00.83  07.88  287.7  009.26  30.712  1024.173  1475.07 
2024 01 25 18 22 15.02  31.643  07.318  0036.84  00.77  07.87  287.7  009.26  30.716  1024.174  1475.14 
2024 01 25 18 22 15.27  31.646  07.319  0036.68  00.83  07.88  287.7  009.26  30.717  1024.174  1475.14 
2024 01 25 18 22 15.52  31.671  07.353  0036.52  00.81  07.89  287.7  009.26  30.715  1024.167  1475.27 
2024 01 25 18 22 15.77  31.678  07.359  0036.30  00.84  07.89  287.7  009.26  30.717  1024.167  1475.29 
2024 01 25 18 22 16.02  31.692  07.378  0036.16  00.86  07.89  287.9  009.26  30.715  1024.162  1475.36 
2024 01 25 18 22 16.27  31.695  07.381  0036.00  00.88  07.89  287.9  009.26  30.716  1024.162  1475.37 
2024 01 25 18 22 16.52  31.694  07.379  0035.92  00.97  07.89  287.9  009.26  30.717  1024.162  1475.36 
2024 01 25 18 22 16.77  31.699  07.385  0035.78  00.91  07.89  287.9  009.26  30.716  1024.161  1475.38 
2024 01 25 18 22 17.02  31.702  07.388  0035.63  00.84  07.89  287.9  009.26  30.717  1024.160  1475.39 
2024 01 25 18 22 17.27  31.697  07.387  0035.45  00.91  07.89  287.9  009.26  30.712  1024.155  1475.38 
2024 01 25 18 22 17.52  31.695  07.386  0035.31  00.84  07.89  287.9  009.26  30.711  1024.154  1475.37 
2024 01 25 18 22 17.77  31.699  07.389  0035.13  00.85  07.89  287.9  009.26  30.713  1024.155  1475.38 
2024 01 25 18 22 18.02  31.699  07.389  0034.94  00.90  07.88  287.9  009.26  30.713  1024.154  1475.38 
2024 01 25 18 22 18.27  31.697  07.389  0034.77  00.90  07.89  287.9  009.26  30.712  1024.152  1475.37 
2024 01 25 18 22 18.52  31.701  07.390  0034.59  00.95  07.89  287.9  009.26  30.714  1024.153  1475.38 
2024 01 25 18 22 18.77  31.699  07.390  0034.44  00.92  07.89  287.9  009.26  30.713  1024.151  1475.37 
2024 01 25 18 22 19.02  31.698  07.390  0034.31  00.85  07.89  287.9  009.26  30.712  1024.150  1475.37 
2024 01 25 18 22 19.27  31.692  07.385  0034.19  00.90  07.89  287.9  009.26  30.710  1024.148  1475.35 
2024 01 25 18 22 19.52  31.660  07.361  0034.04  00.89  07.89  287.9  009.29  30.697  1024.141  1475.23 
2024 01 25 18 22 19.77  31.629  07.336  0033.89  00.94  07.89  287.9  009.26  30.685  1024.134  1475.12 
2024 01 25 18 22 20.02  31.590  07.303  0033.70  00.89  07.89  287.9  009.26  30.673  1024.128  1474.97 
2024 01 25 18 22 20.27  31.583  07.292  0033.52  00.85  07.89  287.9  009.26  30.675  1024.130  1474.93 
2024 01 25 18 22 20.52  31.575  07.284  0033.34  00.87  07.89  287.9  009.26  30.674  1024.129  1474.90 
2024 01 25 18 22 20.77  31.560  07.275  0033.16  00.88  07.89  287.9  009.26  30.666  1024.124  1474.85 
2024 01 25 18 22 21.02  31.542  07.265  0032.97  00.88  07.88  287.9  009.26  30.656  1024.116  1474.79 
2024 01 25 18 22 21.27  31.529  07.273  0032.82  00.83  07.89  287.9  009.26  30.635  1024.098  1474.80 
2024 01 25 18 22 21.52  31.519  07.274  0032.66  00.84  07.89  287.9  009.26  30.624  1024.088  1474.78 
2024 01 25 18 22 21.77  31.514  07.271  0032.50  00.82  07.89  287.9  009.26  30.620  1024.085  1474.77 
2024 01 25 18 22 22.02  31.490  07.253  0032.34  00.89  07.89  288.1  009.26  30.611  1024.080  1474.68 
2024 01 25 18 22 22.27  31.470  07.247  0032.17  00.90  07.88  288.1  009.26  30.594  1024.066  1474.63 
2024 01 25 18 22 22.52  31.448  07.239  0032.00  00.85  07.88  288.1  009.26  30.579  1024.054  1474.58 
2024 01 25 18 22 22.77  31.435  07.235  0031.80  00.89  07.88  288.1  009.26  30.567  1024.045  1474.55 
2024 01 25 18 22 23.02  31.436  07.239  0031.61  00.94  07.88  288.1  009.26  30.565  1024.042  1474.56 
2024 01 25 18 22 23.27  31.428  07.249  0031.45  00.96  07.88  288.1  009.26  30.548  1024.026  1474.57 
2024 01 25 18 22 23.52  31.426  07.250  0031.26  00.91  07.88  288.1  009.26  30.544  1024.023  1474.57 
2024 01 25 18 22 23.77  31.424  07.257  0031.10  00.98  07.88  288.1  009.26  30.536  1024.015  1474.58 
2024 01 25 18 22 24.02  31.420  07.259  0030.93  00.94  07.87  288.1  009.26  30.531  1024.009  1474.58 
2024 01 25 18 22 24.27  31.410  07.256  0030.76  00.96  07.87  288.1  009.26  30.522  1024.002  1474.56 
2024 01 25 18 22 24.52  31.408  07.257  0030.59  00.95  07.87  288.1  009.26  30.520  1023.999  1474.56 
2024 01 25 18 22 24.77  31.408  07.260  0030.45  00.92  07.87  288.1  009.26  30.518  1023.997  1474.56 
2024 01 25 18 22 25.02  31.405  07.257  0030.29  00.96  07.87  288.3  009.26  30.517  1023.995  1474.55 
2024 01 25 18 22 25.27  31.394  07.254  0030.14  01.01  07.87  288.3  009.26  30.508  1023.988  1474.52 
2024 01 25 18 22 25.52  31.386  07.251  0029.98  01.04  07.87  288.3  009.26  30.502  1023.983  1474.50 
2024 01 25 18 22 25.77  31.376  07.245  0029.81  00.99  07.87  288.3  009.26  30.496  1023.979  1474.46 
2024 01 25 18 22 26.02  31.362  07.237  0029.65  00.99  07.87  288.3  009.26  30.488  1023.973  1474.42 
2024 01 25 18 22 26.27  31.339  07.219  0029.49  00.99  07.87  288.3  009.26  30.480  1023.968  1474.34 
2024 01 25 18 22 26.52  31.322  07.213  0029.31  01.02  07.86  288.3  009.26  30.467  1023.957  1474.29 
2024 01 25 18 22 26.77  31.326  07.219  0029.17  01.00  07.86  288.3  009.26  30.465  1023.955  1474.31 
2024 01 25 18 22 27.02  31.322  07.221  0029.03  01.03  07.85  288.3  009.26  30.459  1023.949  1474.31 
2024 01 25 18 22 27.27  31.319  07.224  0028.88  01.05  07.86  288.3  009.26  30.454  1023.944  1474.31 
2024 01 25 18 22 27.52  31.316  07.225  0028.78  01.00  07.86  288.3  009.26  30.450  1023.940  1474.31 
2024 01 25 18 22 27.77  31.326  07.256  0028.62  01.06  07.86  288.3  009.26  30.433  1023.922  1474.41 
2024 01 25 18 22 28.02  31.343  07.290  0028.49  01.02  07.86  286.4  009.29  30.422  1023.908  1474.53 
2024 01 25 18 22 28.27  31.358  07.309  0028.30  01.14  07.86  286.4  009.26  30.421  1023.904  1474.60 
2024 01 25 18 22 28.52  31.364  07.318  0028.11  01.24  07.86  286.4  009.26  30.420  1023.901  1474.63 
2024 01 25 18 22 28.77  31.369  07.325  0027.95  01.18  07.86  286.4  009.26  30.419  1023.898  1474.65 
2024 01 25 18 22 29.02  31.369  07.327  0027.80  01.10  07.86  286.4  009.26  30.418  1023.897  1474.65 
2024 01 25 18 22 29.27  31.372  07.330  0027.66  01.23  07.86  286.4  009.26  30.418  1023.896  1474.66 
2024 01 25 18 22 29.52  31.372  07.328  0027.57  01.16  07.86  286.4  009.26  30.420  1023.897  1474.66 
2024 01 25 18 22 29.77  31.373  07.331  0027.45  01.20  07.86  286.4  009.26  30.418  1023.895  1474.67 
2024 01 25 18 22 30.02  31.373  07.335  0027.28  01.21  07.85  286.4  009.26  30.416  1023.892  1474.67 
2024 01 25 18 22 30.27  31.380  07.350  0027.13  01.17  07.86  286.4  009.26  30.409  1023.884  1474.72 
2024 01 25 18 22 30.52  31.385  07.368  0026.93  01.10  07.86  286.4  009.26  30.399  1023.873  1474.78 
2024 01 25 18 22 30.77  31.397  07.382  0026.77  01.12  07.86  286.4  009.26  30.400  1023.871  1474.83 
2024 01 25 18 22 31.02  31.402  07.389  0026.61  01.16  07.86  283.4  009.26  30.399  1023.869  1474.85 
2024 01 25 18 22 31.27  31.399  07.388  0026.45  01.19  07.86  283.4  009.26  30.396  1023.866  1474.84 
2024 01 25 18 22 31.52  31.402  07.404  0026.32  01.21  07.86  283.4  009.26  30.386  1023.855  1474.89 
2024 01 25 18 22 31.77  31.404  07.415  0026.20  01.21  07.86  283.4  009.26  30.378  1023.847  1474.92 
2024 01 25 18 22 32.02  31.405  07.421  0026.03  01.28  07.86  283.4  009.26  30.374  1023.842  1474.94 
2024 01 25 18 22 32.27  31.406  07.433  0025.89  01.29  07.86  283.4  009.29  30.365  1023.833  1474.97 
2024 01 25 18 22 32.52  31.409  07.442  0025.71  01.42  07.86  283.4  009.26  30.361  1023.827  1475.00 
2024 01 25 18 22 32.77  31.410  07.443  0025.57  01.41  07.86  283.4  009.26  30.361  1023.826  1475.00 
2024 01 25 18 22 33.02  31.410  07.445  0025.43  01.32  07.85  283.4  009.26  30.359  1023.824  1475.00 
2024 01 25 18 22 33.27  31.408  07.444  0025.33  01.36  07.86  283.4  009.26  30.358  1023.823  1475.00 
2024 01 25 18 22 33.52  31.410  07.446  0025.23  01.36  07.86  283.4  009.26  30.358  1023.822  1475.00 
2024 01 25 18 22 33.77  31.409  07.444  0025.17  01.29  07.86  283.4  009.26  30.359  1023.823  1474.99 
2024 01 25 18 22 34.02  31.410  07.440  0025.13  01.38  07.86  281.0  009.26  30.363  1023.827  1474.98 
2024 01 25 18 22 34.27  31.407  07.434  0025.14  01.47  07.86  281.0  009.26  30.366  1023.830  1474.96 
2024 01 25 18 22 34.52  31.409  07.440  0025.12  01.59  07.86  281.0  009.29  30.362  1023.826  1474.98 
2024 01 25 18 22 34.77  31.420  07.488  0025.07  01.54  07.86  281.0  009.26  30.332  1023.796  1475.13 
2024 01 25 18 22 35.02  31.424  07.507  0024.98  01.45  07.87  281.0  009.26  30.320  1023.784  1475.19 
2024 01 25 18 22 35.27  31.426  07.521  0024.85  01.51  07.87  281.0  009.26  30.310  1023.773  1475.22 
2024 01 25 18 22 35.52  31.430  07.529  0024.70  01.38  07.87  281.0  009.26  30.307  1023.768  1475.25 
2024 01 25 18 22 35.77  31.435  07.557  0024.50  01.45  07.86  281.0  009.26  30.288  1023.749  1475.33 
2024 01 25 18 22 36.02  31.444  07.590  0024.32  01.59  07.86  281.0  009.26  30.268  1023.728  1475.43 
2024 01 25 18 22 36.27  31.463  07.688  0024.15  01.60  07.87  281.0  009.26  30.204  1023.664  1475.73 
2024 01 25 18 22 36.52  31.486  07.767  0024.00  01.49  07.87  281.0  009.26  30.161  1023.619  1475.98 
2024 01 25 18 22 36.77  31.549  07.840  0023.78  01.60  07.87  281.0  009.26  30.164  1023.610  1476.26 
2024 01 25 18 22 37.02  31.623  07.963  0023.64  01.74  07.87  279.6  009.26  30.136  1023.570  1476.69 
2024 01 25 18 22 37.27  31.633  07.988  0023.49  01.88  07.88  279.6  009.26  30.125  1023.558  1476.77 
2024 01 25 18 22 37.52  31.737  08.103  0023.34  02.22  07.88  279.6  009.26  30.136  1023.549  1477.22 
2024 01 25 18 22 37.77  31.783  08.201  0023.17  02.57  07.89  279.6  009.26  30.100  1023.506  1477.55 
2024 01 25 18 22 38.02  31.795  08.238  0023.00  02.59  07.89  279.6  009.26  30.081  1023.485  1477.66 
2024 01 25 18 22 38.27  31.794  08.243  0022.87  02.62  07.90  279.6  009.26  30.075  1023.480  1477.67 
2024 01 25 18 22 38.52  31.799  08.272  0022.71  02.73  07.90  279.6  009.26  30.057  1023.461  1477.76 
2024 01 25 18 22 38.77  31.803  08.297  0022.57  02.93  07.90  279.6  009.26  30.039  1023.443  1477.83 
2024 01 25 18 22 39.02  31.806  08.308  0022.45  02.83  07.90  279.6  009.26  30.032  1023.435  1477.86 
2024 01 25 18 22 39.27  31.807  08.322  0022.29  02.82  07.91  279.6  009.26  30.022  1023.424  1477.90 
2024 01 25 18 22 39.52  31.839  08.373  0022.16  02.99  07.91  279.6  009.26  30.012  1023.408  1478.08 
2024 01 25 18 22 39.77  31.849  08.381  0022.01  02.85  07.91  279.6  009.26  30.016  1023.410  1478.11 
2024 01 25 18 22 40.02  31.863  08.420  0021.86  02.90  07.92  279.6  009.26  29.997  1023.389  1478.23 
2024 01 25 18 22 40.27  31.848  08.423  0021.75  03.05  07.92  279.6  009.26  29.979  1023.374  1478.22 
2024 01 25 18 22 40.52  31.817  08.414  0021.60  03.03  07.92  279.6  009.26  29.955  1023.355  1478.15 
2024 01 25 18 22 40.77  31.815  08.417  0021.48  02.93  07.92  279.6  009.26  29.950  1023.351  1478.16 
2024 01 25 18 22 41.02  31.846  08.482  0021.34  03.08  07.92  279.6  009.26  29.928  1023.323  1478.37 
2024 01 25 18 22 41.27  31.890  08.532  0021.15  03.11  07.92  279.6  009.26  29.930  1023.317  1478.56 
2024 01 25 18 22 41.52  31.920  08.582  0020.98  03.18  07.93  279.6  009.26  29.920  1023.301  1478.74 
2024 01 25 18 22 41.77  31.928  08.590  0020.88  03.34  07.93  279.6  009.26  29.921  1023.300  1478.77 
2024 01 25 18 22 42.02  31.920  08.578  0020.83  03.38  07.92  279.6  009.26  29.923  1023.303  1478.72 
2024 01 25 18 22 42.27  31.904  08.557  0020.86  03.71  07.93  279.6  009.26  29.924  1023.307  1478.65 
2024 01 25 18 22 42.52  31.900  08.532  0020.92  03.64  07.94  279.6  009.26  29.941  1023.324  1478.57 
2024 01 25 18 22 42.77  31.942  08.624  0020.93  03.45  07.94  279.6  009.26  29.907  1023.284  1478.88 
2024 01 25 18 22 43.02  31.938  08.619  0020.86  03.77  07.94  281.8  009.26  29.907  1023.285  1478.86 
2024 01 25 18 22 43.27  31.938  08.630  0020.69  03.56  07.94  281.8  009.26  29.897  1023.275  1478.89 
2024 01 25 18 22 43.52  31.947  08.643  0020.50  03.22  07.94  281.8  009.26  29.896  1023.271  1478.93 
2024 01 25 18 22 43.77  31.939  08.645  0020.27  03.42  07.94  281.8  009.26  29.886  1023.262  1478.92 
2024 01 25 18 22 44.02  31.917  08.644  0020.04  03.50  07.94  281.8  009.26  29.864  1023.244  1478.89 
2024 01 25 18 22 44.27  31.885  08.626  0019.86  03.60  07.94  281.8  009.26  29.847  1023.232  1478.79 
2024 01 25 18 22 44.52  31.886  08.634  0019.69  03.55  07.94  281.8  009.26  29.840  1023.225  1478.82 
2024 01 25 18 22 44.77  31.865  08.612  0019.54  03.62  07.94  281.8  009.26  29.838  1023.226  1478.72 
2024 01 25 18 22 45.02  31.873  08.615  0019.42  03.46  07.93  281.8  009.26  29.843  1023.229  1478.74 
2024 01 25 18 22 45.27  31.863  08.609  0019.26  03.50  07.94  281.8  009.26  29.838  1023.225  1478.71 
2024 01 25 18 22 45.52  31.858  08.632  0019.11  03.63  07.94  281.8  009.26  29.814  1023.202  1478.76 
2024 01 25 18 22 45.77  31.859  08.652  0018.98  03.44  07.94  281.8  009.26  29.798  1023.186  1478.82 
2024 01 25 18 22 46.02  31.869  08.677  0018.83  03.39  07.94  285.6  009.29  29.787  1023.173  1478.90 
2024 01 25 18 22 46.27  31.896  08.763  0018.64  03.74  07.94  285.6  009.26  29.743  1023.125  1479.16 
2024 01 25 18 22 46.52  31.900  08.777  0018.46  03.77  07.94  285.6  009.26  29.735  1023.116  1479.20 
2024 01 25 18 22 46.77  31.916  08.843  0018.25  03.92  07.95  285.6  009.26  29.697  1023.076  1479.40 
2024 01 25 18 22 47.02  31.921  08.859  0018.11  04.11  07.95  285.6  009.26  29.689  1023.066  1479.45 
2024 01 25 18 22 47.27  31.935  08.899  0017.93  04.18  07.95  285.6  009.26  29.670  1023.045  1479.57 
2024 01 25 18 22 47.52  31.935  08.908  0017.79  04.37  07.95  285.6  009.26  29.662  1023.037  1479.60 
2024 01 25 18 22 47.77  31.952  08.969  0017.63  04.41  07.95  285.6  009.26  29.629  1023.001  1479.78 
2024 01 25 18 22 48.02  31.956  08.982  0017.47  04.40  07.94  285.6  009.26  29.623  1022.993  1479.82 
2024 01 25 18 22 48.27  31.968  09.005  0017.28  04.60  07.96  285.6  009.26  29.615  1022.984  1479.89 
2024 01 25 18 22 48.52  31.962  09.001  0017.16  04.69  07.96  285.6  009.26  29.614  1022.982  1479.87 
2024 01 25 18 22 48.77  31.990  09.061  0016.95  04.76  07.96  285.6  009.26  29.592  1022.956  1480.07 
2024 01 25 18 22 49.02  31.995  09.111  0016.76  04.92  07.96  289.0  009.26  29.555  1022.918  1480.21 
2024 01 25 18 22 49.27  32.008  09.149  0016.59  05.29  07.96  289.0  009.26  29.537  1022.898  1480.32 
2024 01 25 18 22 49.52  32.004  09.144  0016.45  05.30  07.96  289.0  009.26  29.537  1022.898  1480.30 
2024 01 25 18 22 49.77  32.035  09.262  0016.29  05.58  07.97  289.0  009.26  29.472  1022.828  1480.66 
2024 01 25 18 22 50.02  32.040  09.312  0016.12  05.60  07.97  289.0  009.26  29.436  1022.792  1480.80 
2024 01 25 18 22 50.27  32.060  09.428  0015.93  05.91  07.97  289.0  009.26  29.361  1022.715  1481.13 
2024 01 25 18 22 50.52  32.055  09.429  0015.78  06.31  07.98  289.0  009.26  29.355  1022.709  1481.12 
2024 01 25 18 22 50.77  32.066  09.459  0015.58  06.98  07.98  289.0  009.26  29.342  1022.693  1481.22 
2024 01 25 18 22 51.02  32.085  09.549  0015.40  06.86  07.97  289.0  009.26  29.287  1022.636  1481.48 
2024 01 25 18 22 51.27  32.116  09.705  0015.24  06.93  07.98  289.0  009.26  29.191  1022.536  1481.94 
2024 01 25 18 22 51.52  32.130  09.757  0015.06  07.62  07.99  289.0  009.26  29.164  1022.506  1482.09 
2024 01 25 18 22 51.77  32.144  09.840  0014.92  07.64  07.99  289.0  009.26  29.111  1022.451  1482.33 
2024 01 25 18 22 52.02  32.146  09.871  0014.74  08.41  08.00  290.4  009.26  29.088  1022.427  1482.41 
2024 01 25 18 22 52.27  32.137  09.856  0014.61  08.88  08.00  290.4  009.26  29.091  1022.432  1482.36 
2024 01 25 18 22 52.52  32.128  09.902  0014.46  08.80  08.00  290.4  009.29  29.045  1022.388  1482.47 
2024 01 25 18 22 52.77  32.108  09.924  0014.32  09.19  08.01  290.4  009.26  29.007  1022.354  1482.50 
2024 01 25 18 22 53.02  32.107  09.936  0014.17  09.71  08.01  290.4  009.26  28.996  1022.343  1482.53 
2024 01 25 18 22 53.27  32.097  09.933  0014.04  09.91  08.01  290.4  009.26  28.989  1022.337  1482.51 
2024 01 25 18 22 53.52  32.091  09.937  0013.85  10.52  08.01  290.4  009.26  28.980  1022.329  1482.51 
2024 01 25 18 22 53.77  32.090  09.931  0013.71  10.27  08.01  290.4  009.26  28.984  1022.332  1482.49 
2024 01 25 18 22 54.02  32.087  09.931  0013.56  10.49  08.00  290.4  009.26  28.981  1022.329  1482.48 
2024 01 25 18 22 54.27  32.073  09.932  0013.42  10.54  08.01  290.4  009.26  28.967  1022.318  1482.47 
2024 01 25 18 22 54.52  32.068  09.930  0013.24  10.90  08.02  290.4  009.26  28.963  1022.314  1482.45 
2024 01 25 18 22 54.77  32.064  09.928  0013.14  10.80  08.02  290.4  009.26  28.960  1022.312  1482.44 
2024 01 25 18 22 55.02  32.060  09.926  0012.96  11.65  08.02  292.5  009.26  28.958  1022.310  1482.43 
2024 01 25 18 22 55.27  32.052  09.925  0012.83  11.45  08.02  292.5  009.26  28.952  1022.304  1482.41 
2024 01 25 18 22 55.52  32.052  09.924  0012.67  10.87  08.02  292.5  009.26  28.952  1022.304  1482.41 
2024 01 25 18 22 55.77  32.044  09.923  0012.54  10.96  08.02  292.5  009.26  28.945  1022.298  1482.39 
2024 01 25 18 22 56.02  32.040  09.921  0012.38  11.61  08.02  292.5  009.26  28.942  1022.295  1482.38 
2024 01 25 18 22 56.27  32.029  09.919  0012.23  11.46  08.02  292.5  009.26  28.934  1022.288  1482.36 
2024 01 25 18 22 56.52  32.019  09.917  0012.04  11.52  08.02  292.5  009.26  28.925  1022.281  1482.34 
2024 01 25 18 22 56.77  32.011  09.915  0011.88  11.79  08.02  292.5  009.26  28.919  1022.276  1482.32 
2024 01 25 18 22 57.02  31.996  09.920  0011.72  12.02  08.01  292.5  009.26  28.900  1022.259  1482.31 
2024 01 25 18 22 57.27  31.988  09.921  0011.60  12.40  08.02  292.5  009.26  28.891  1022.252  1482.31 
2024 01 25 18 22 57.52  31.980  09.929  0011.45  12.83  08.02  292.5  009.26  28.877  1022.239  1482.31 
2024 01 25 18 22 57.77  31.977  09.928  0011.29  13.88  08.02  292.5  009.26  28.874  1022.236  1482.31 
2024 01 25 18 22 58.02  31.974  09.932  0011.17  15.34  08.03  296.6  009.26  28.868  1022.231  1482.31 
2024 01 25 18 22 58.27  31.972  09.934  0011.01  15.93  08.03  296.6  009.26  28.864  1022.226  1482.31 
2024 01 25 18 22 58.52  31.970  09.936  0010.83  15.85  08.03  296.6  009.26  28.861  1022.223  1482.31 
2024 01 25 18 22 58.77  31.969  09.939  0010.68  16.32  08.03  296.6  009.26  28.858  1022.219  1482.32 
2024 01 25 18 22 59.02  31.963  09.941  0010.49  17.58  08.03  296.6  009.26  28.850  1022.212  1482.31 
2024 01 25 18 22 59.27  31.967  09.942  0010.35  17.71  08.03  296.6  009.26  28.854  1022.214  1482.32 
2024 01 25 18 22 59.52  31.965  09.944  0010.18  18.35  08.03  296.6  009.26  28.850  1022.210  1482.32 
2024 01 25 18 22 59.77  31.964  09.944  0010.01  18.44  08.03  296.6  009.26  28.850  1022.209  1482.31 
2024 01 25 18 23 00.02  31.965  09.945  0009.90  18.70  08.02  296.6  009.26  28.849  1022.208  1482.31 
2024 01 25 18 23 00.27  31.964  09.945  0009.73  19.81  08.03  296.6  009.26  28.848  1022.206  1482.31 
2024 01 25 18 23 00.52  31.960  09.943  0009.58  18.98  08.03  296.6  009.26  28.846  1022.204  1482.30 
2024 01 25 18 23 00.77  31.959  09.944  0009.43  18.93  08.03  296.6  009.26  28.844  1022.202  1482.30 
2024 01 25 18 23 01.02  31.958  09.944  0009.30  18.89  08.04  301.1  009.26  28.843  1022.200  1482.29 
2024 01 25 18 23 01.27  31.957  09.945  0009.15  19.54  08.04  301.1  009.26  28.841  1022.198  1482.29 
2024 01 25 18 23 01.52  31.951  09.947  0009.02  19.76  08.04  301.1  009.26  28.835  1022.192  1482.29 
2024 01 25 18 23 01.77  31.954  09.948  0008.80  20.83  08.04  301.1  009.26  28.836  1022.192  1482.29 
2024 01 25 18 23 02.02  31.950  09.947  0008.69  20.10  08.04  301.1  009.26  28.833  1022.189  1482.28 
2024 01 25 18 23 02.27  31.943  09.952  0008.51  19.81  08.04  301.1  009.26  28.822  1022.179  1482.29 
2024 01 25 18 23 02.52  31.938  09.951  0008.36  19.70  08.04  301.1  009.26  28.818  1022.176  1482.27 
2024 01 25 18 23 02.77  31.931  09.951  0008.22  20.67  08.04  301.1  009.26  28.812  1022.170  1482.26 
2024 01 25 18 23 03.02  31.928  09.951  0008.08  20.20  08.03  301.1  009.26  28.808  1022.167  1482.26 
2024 01 25 18 23 03.27  31.921  09.952  0007.91  21.33  08.04  301.1  009.26  28.801  1022.160  1482.25 
2024 01 25 18 23 03.52  31.906  09.949  0007.78  22.85  08.04  301.1  009.26  28.788  1022.150  1482.22 
2024 01 25 18 23 03.77  31.891  09.944  0007.59  25.06  08.04  301.1  009.26  28.777  1022.141  1482.19 
2024 01 25 18 23 04.02  31.891  09.944  0007.45  26.25  08.04  304.1  009.26  28.777  1022.140  1482.18 
2024 01 25 18 23 04.27  31.875  09.941  0007.31  26.73  08.05  304.1  009.26  28.763  1022.130  1482.16 
2024 01 25 18 23 04.52  31.872  09.943  0007.16  27.38  08.05  304.1  009.26  28.759  1022.125  1482.15 
2024 01 25 18 23 04.77  31.873  09.944  0007.00  29.25  08.05  304.1  009.26  28.760  1022.125  1482.16 
2024 01 25 18 23 05.02  31.873  09.945  0006.86  28.94  08.05  304.1  009.26  28.758  1022.123  1482.16 
2024 01 25 18 23 05.27  31.870  09.959  0006.67  26.79  08.05  304.1  009.26  28.745  1022.110  1482.19 
2024 01 25 18 23 05.52  31.869  09.962  0006.56  27.10  08.06  304.1  009.26  28.742  1022.106  1482.19 
2024 01 25 18 23 05.77  31.867  09.972  0006.37  26.49  08.06  304.1  009.26  28.731  1022.096  1482.21 
2024 01 25 18 23 06.02  31.865  09.965  0006.23  23.66  08.05  304.1  009.26  28.735  1022.099  1482.19 
2024 01 25 18 23 06.27  31.859  09.977  0006.08  23.23  08.06  304.1  009.26  28.719  1022.084  1482.21 
2024 01 25 18 23 06.52  31.857  09.995  0005.91  21.80  08.06  304.1  009.26  28.704  1022.068  1482.26 
2024 01 25 18 23 06.77  31.849  10.000  0005.74  20.01  08.06  304.1  009.26  28.691  1022.057  1482.26 
2024 01 25 18 23 07.02  31.845  10.004  0005.55  19.52  08.06  307.2  009.26  28.685  1022.051  1482.26 
2024 01 25 18 23 07.27  31.828  10.011  0005.34  17.85  08.06  307.2  009.26  28.662  1022.031  1482.26 
2024 01 25 18 23 07.52  31.821  10.028  0005.16  16.42  08.06  307.2  009.26  28.642  1022.011  1482.29 
2024 01 25 18 23 07.77  31.817  10.031  0005.00  14.05  08.06  307.2  009.26  28.635  1022.005  1482.29 
2024 01 25 18 23 08.02  31.818  10.065  0004.82  12.54  08.06  307.2  009.26  28.610  1021.979  1482.38 
2024 01 25 18 23 08.27  31.817  10.063  0004.69  11.94  08.06  307.2  009.26  28.610  1021.979  1482.37 
2024 01 25 18 23 08.52  31.816  10.084  0004.54  11.33  08.06  307.2  009.26  28.592  1021.961  1482.43 
2024 01 25 18 23 08.77  31.818  10.088  0004.42  10.02  08.06  307.2  009.26  28.592  1021.960  1482.43 
2024 01 25 18 23 09.02  31.813  10.094  0004.18  09.52  08.05  307.2  009.29  28.582  1021.950  1482.44 
2024 01 25 18 23 09.27  31.813  10.093  0004.00  09.06  08.06  307.2  009.26  28.583  1021.950  1482.44 
2024 01 25 18 23 09.52  31.810  10.097  0003.83  09.28  08.06  307.2  009.26  28.577  1021.944  1482.44 
2024 01 25 18 23 09.77  31.806  10.096  0003.67  08.35  08.06  307.2  009.26  28.573  1021.940  1482.43 
2024 01 25 18 23 10.02  31.800  10.098  0003.48  07.55  08.06  310.5  009.26  28.567  1021.934  1482.43 
2024 01 25 18 23 10.27  31.798  10.099  0003.34  07.46  08.06  310.5  009.26  28.563  1021.930  1482.43 
2024 01 25 18 23 10.52  31.797  10.099  0003.20  07.37  08.06  310.5  009.26  28.562  1021.929  1482.42 
2024 01 25 18 23 10.77  31.795  10.101  0003.09  06.96  08.06  310.5  009.26  28.560  1021.927  1482.42 
2024 01 25 18 23 11.02  31.794  10.101  0002.98  06.71  08.06  310.5  009.26  28.557  1021.924  1482.42 
2024 01 25 18 23 11.27  31.799  10.124  0002.77  06.55  08.06  310.5  009.26  28.545  1021.910  1482.48 
2024 01 25 18 23 11.52  31.802  10.133  0002.61  05.88  08.06  310.5  009.26  28.541  1021.905  1482.51 
2024 01 25 18 23 11.77  31.801  10.151  0002.39  05.53  08.06  310.5  009.26  28.526  1021.889  1482.55 
2024 01 25 18 23 12.02  31.787  10.155  0002.19  05.46  08.05  310.5  009.26  28.509  1021.874  1482.54 
2024 01 25 18 23 12.27  31.773  10.192  0001.95  05.02  08.05  310.5  009.26  28.466  1021.834  1482.62 
2024 01 25 18 23 12.52  31.766  10.203  0001.78  04.82  08.05  310.5  009.26  28.450  1021.819  1482.64 
2024 01 25 18 23 12.77  31.752  10.240  0001.57  04.47  08.05  310.5  009.26  28.408  1021.780  1482.72 
2024 01 25 18 23 13.02  31.752  10.235  0001.45  04.32  08.05  312.2  009.26  28.411  1021.782  1482.71 
2024 01 25 18 23 13.27  31.747  10.273  0001.34  04.10  08.05  312.2  009.26  28.377  1021.749  1482.80 
2024 01 25 18 23 13.52  31.747  10.274  0001.31  03.80  08.05  312.2  009.26  28.377  1021.748  1482.80 
2024 01 25 18 23 13.77  31.746  10.264  0001.32  03.75  08.05  312.2  009.26  28.383  1021.755  1482.78 
2024 01 25 18 23 14.02  31.721  10.380  0001.29  04.13  08.05  312.2  009.26  28.269  1021.647  1483.06 
2024 01 25 18 23 14.27  31.679  10.422  0001.32  03.61  08.05  312.2  009.26  28.195  1021.583  1483.12 
2024 01 25 18 23 14.52  31.657  10.444  0001.26  03.21  08.05  312.2  009.26  28.156  1021.549  1483.15 
2024 01 25 18 23 14.77  31.561  10.512  0001.12  02.93  08.05  312.2  009.26  28.010  1021.424  1483.22 
2024 01 25 18 23 15.02  30.159  11.013  0001.01  03.01  08.04  312.2  009.26  26.276  1019.995  1482.94 
2024 01 25 18 23 15.27  29.430  11.123  0000.92  02.93  08.05  312.2  009.26  25.500  1019.375  1482.40 
2024 01 25 18 23 15.52  29.908  11.050  0000.79  02.66  08.06  312.2  009.26  26.009  1019.781  1482.75 
2024 01 25 18 23 15.77  29.672  11.043  0000.71  02.67  08.07  312.2  009.26  25.788  1019.610  1482.45 
2024 01 25 18 23 16.02  29.354  11.158  0000.62  02.65  08.08  309.5  009.26  25.404  1019.293  1482.41 
2024 01 25 18 23 16.27  28.707  11.378  0000.51  02.76  08.08  309.5  009.26  24.641  1018.665  1482.28 
2024 01 25 18 23 16.52  28.561  11.423  0000.45  02.71  08.08  309.5  009.26  24.473  1018.527  1482.24 
2024 01 25 18 23 16.77  28.615  11.400  0000.42  02.69  08.08  309.5  009.26  24.538  1018.582  1482.23 
2024 01 25 18 23 17.02  28.278  11.531  0000.37  02.57  08.08  309.5  009.26  24.135  1018.248  1482.22 
2024 01 25 18 23 17.27  28.300  11.520  0000.29  02.39  08.08  309.5  009.26  24.164  1018.271  1482.21 
2024 01 25 18 23 17.52  28.337  11.515  0000.17  02.45  08.08  309.5  009.26  24.201  1018.301  1482.24 
2024 01 25 18 23 17.77  28.349  11.498  0000.01  02.49  08.07  309.5  009.26  24.224  1018.320  1482.20 
2024 01 25 18 23 18.02  24.571  11.474  0000.02  02.52  08.06  309.5  009.26  20.714  1015.606  1477.93 
2024 01 25 18 23 18.27  01.459  11.397  0000.02  06.09  08.07  309.5  009.26  01.010  1000.356  1453.98 
2024 01 25 18 23 18.52  00.321  11.345  0000.01  05.24  08.06  309.5  009.26  00.210  0999.736  1452.79 
