2024 01 26 16 35 20.27  11.001  10.471  0000.00  00.33  05.64  295.8  009.26  08.886  1006.581  1460.01 
2024 01 26 16 35 20.52  28.627  10.554  0000.02  04.70  06.04  295.8  009.26  25.122  1019.168  1479.87 
2024 01 26 16 35 20.77  28.126  10.560  0000.13  15.67  07.88  295.8  009.23  24.634  1018.788  1479.31 
2024 01 26 16 35 21.02  28.784  10.558  0000.21  09.54  08.01  295.8  009.26  25.271  1019.283  1480.07 
2024 01 26 16 35 21.27  28.788  10.561  0000.31  06.36  08.04  295.8  009.23  25.272  1019.284  1480.09 
2024 01 26 16 35 21.52  28.790  10.560  0000.39  05.78  08.05  295.8  009.23  25.274  1019.287  1480.09 
2024 01 26 16 35 21.77  28.787  10.560  0000.44  05.53  08.05  295.8  009.23  25.272  1019.285  1480.08 
2024 01 26 16 35 22.02  28.786  10.560  0000.53  05.35  08.06  295.8  009.23  25.271  1019.284  1480.08 
2024 01 26 16 35 22.27  28.795  10.559  0000.65  05.49  08.06  295.8  009.23  25.281  1019.293  1480.09 
2024 01 26 16 35 22.52  28.793  10.566  0000.73  05.45  08.07  295.8  009.26  25.274  1019.287  1480.11 
2024 01 26 16 35 22.77  28.797  10.565  0000.85  05.54  08.07  298.4  009.26  25.278  1019.291  1480.12 
2024 01 26 16 35 23.02  28.794  10.565  0000.88  05.53  08.07  298.4  009.26  25.275  1019.289  1480.11 
2024 01 26 16 35 23.27  28.795  10.563  0000.91  05.48  08.08  298.4  009.23  25.278  1019.291  1480.11 
2024 01 26 16 35 23.52  28.797  10.565  0000.98  05.60  08.08  298.4  009.23  25.278  1019.291  1480.12 
2024 01 26 16 35 23.77  28.798  10.561  0001.07  05.94  08.08  298.4  009.23  25.281  1019.295  1480.11 
2024 01 26 16 35 24.02  28.795  10.562  0001.14  05.96  08.08  298.4  009.23  25.279  1019.293  1480.11 
2024 01 26 16 35 24.27  28.799  10.567  0001.18  05.88  08.08  298.4  009.23  25.278  1019.292  1480.13 
2024 01 26 16 35 24.52  28.802  10.557  0001.22  05.53  08.08  298.4  009.23  25.288  1019.302  1480.10 
2024 01 26 16 35 24.77  28.795  10.550  0001.27  05.48  08.08  298.4  009.23  25.286  1019.301  1480.08 
2024 01 26 16 35 25.02  28.799  10.558  0001.24  05.71  08.09  298.4  009.23  25.284  1019.299  1480.10 
2024 01 26 16 35 25.27  28.799  10.559  0001.21  05.74  08.09  298.4  009.23  25.284  1019.298  1480.11 
2024 01 26 16 35 25.52  28.798  10.562  0001.21  05.43  08.09  298.4  009.26  25.280  1019.295  1480.11 
2024 01 26 16 35 25.77  28.798  10.560  0001.23  05.32  08.09  301.9  009.26  25.282  1019.296  1480.11 
2024 01 26 16 35 26.02  28.800  10.557  0001.25  05.29  08.09  301.9  009.26  25.286  1019.300  1480.10 
2024 01 26 16 35 26.27  28.801  10.559  0001.26  05.53  08.09  301.9  009.23  25.286  1019.300  1480.11 
2024 01 26 16 35 26.52  28.800  10.555  0001.26  05.80  08.09  301.9  009.26  25.288  1019.302  1480.10 
2024 01 26 16 35 26.77  28.798  10.556  0001.25  05.81  08.09  301.9  009.23  25.285  1019.300  1480.10 
2024 01 26 16 35 27.02  28.803  10.556  0001.27  06.15  08.09  301.9  009.26  25.290  1019.303  1480.10 
2024 01 26 16 35 27.27  28.801  10.562  0001.25  05.78  08.09  301.9  009.26  25.284  1019.298  1480.12 
2024 01 26 16 35 27.52  28.802  10.562  0001.25  05.66  08.09  301.9  009.20  25.284  1019.298  1480.12 
2024 01 26 16 35 27.77  28.806  10.561  0001.27  05.56  08.09  301.9  009.23  25.289  1019.302  1480.12 
2024 01 26 16 35 28.02  28.803  10.558  0001.26  05.63  08.09  301.9  009.23  25.288  1019.301  1480.11 
2024 01 26 16 35 28.27  28.803  10.564  0001.25  05.51  08.09  301.9  009.23  25.284  1019.297  1480.13 
2024 01 26 16 35 28.52  28.808  10.564  0001.25  05.56  08.09  301.9  009.26  25.289  1019.302  1480.13 
2024 01 26 16 35 28.77  28.807  10.558  0001.26  05.79  08.09  304.6  009.26  25.292  1019.305  1480.11 
2024 01 26 16 35 29.02  28.812  10.561  0001.26  05.64  08.09  304.6  009.26  25.295  1019.306  1480.13 
2024 01 26 16 35 29.27  28.808  10.564  0001.29  05.90  08.09  304.6  009.26  25.289  1019.302  1480.13 
2024 01 26 16 35 29.52  28.811  10.567  0001.26  05.62  08.09  304.6  009.26  25.290  1019.302  1480.14 
2024 01 26 16 35 29.77  28.811  10.571  0001.26  05.85  08.09  304.6  009.26  25.288  1019.299  1480.15 
2024 01 26 16 35 30.02  28.808  10.573  0001.22  05.65  08.10  304.6  009.26  25.283  1019.295  1480.16 
2024 01 26 16 35 30.27  28.813  10.572  0001.25  05.63  08.09  304.6  009.26  25.288  1019.299  1480.16 
2024 01 26 16 35 30.52  28.810  10.570  0001.24  05.67  08.09  304.6  009.23  25.287  1019.299  1480.15 
2024 01 26 16 35 30.77  28.811  10.572  0001.25  05.57  08.09  304.6  009.23  25.287  1019.298  1480.16 
2024 01 26 16 35 31.02  28.812  10.572  0001.27  05.68  08.10  304.6  009.23  25.288  1019.299  1480.16 
2024 01 26 16 35 31.27  28.813  10.570  0001.25  05.49  08.10  304.6  009.23  25.290  1019.301  1480.15 
2024 01 26 16 35 31.52  28.808  10.572  0001.27  05.69  08.10  304.6  009.23  25.284  1019.296  1480.15 
2024 01 26 16 35 31.77  28.814  10.571  0001.30  06.00  08.10  306.1  009.26  25.290  1019.301  1480.16 
2024 01 26 16 35 32.02  28.815  10.574  0001.30  05.75  08.10  306.1  009.23  25.289  1019.300  1480.17 
2024 01 26 16 35 32.27  28.815  10.576  0001.31  05.74  08.10  306.1  009.26  25.288  1019.299  1480.17 
2024 01 26 16 35 32.52  28.812  10.576  0001.30  05.71  08.10  306.1  009.26  25.285  1019.296  1480.17 
2024 01 26 16 35 32.77  28.811  10.575  0001.28  05.68  08.10  306.1  009.26  25.285  1019.297  1480.16 
2024 01 26 16 35 33.02  28.813  10.573  0001.28  05.51  08.10  306.1  009.26  25.287  1019.299  1480.16 
2024 01 26 16 35 33.27  28.810  10.574  0001.26  05.57  08.10  306.1  009.26  25.284  1019.296  1480.16 
2024 01 26 16 35 33.52  28.808  10.576  0001.26  06.05  08.10  306.1  009.23  25.281  1019.294  1480.16 
2024 01 26 16 35 33.77  28.805  10.576  0001.30  05.77  08.10  306.1  009.23  25.278  1019.291  1480.16 
2024 01 26 16 35 34.02  28.809  10.576  0001.29  05.67  08.10  306.1  009.23  25.282  1019.294  1480.17 
2024 01 26 16 35 34.27  28.813  10.576  0001.27  05.72  08.10  306.1  009.23  25.285  1019.297  1480.17 
2024 01 26 16 35 34.52  28.811  10.573  0001.28  05.59  08.10  306.1  009.23  25.286  1019.297  1480.16 
2024 01 26 16 35 34.77  28.811  10.576  0001.29  05.64  08.10  307.4  009.26  25.283  1019.295  1480.17 
2024 01 26 16 35 35.02  28.815  10.575  0001.28  05.42  08.10  307.4  009.26  25.288  1019.299  1480.17 
2024 01 26 16 35 35.27  28.814  10.576  0001.25  05.43  08.10  307.4  009.23  25.286  1019.298  1480.17 
2024 01 26 16 35 35.52  28.814  10.575  0001.30  05.44  08.10  307.4  009.26  25.287  1019.299  1480.17 
2024 01 26 16 35 35.77  28.812  10.576  0001.28  05.48  08.10  307.4  009.26  25.285  1019.296  1480.17 
2024 01 26 16 35 36.02  28.819  10.573  0001.30  05.62  08.10  307.4  009.23  25.293  1019.303  1480.17 
2024 01 26 16 35 36.27  28.818  10.571  0001.27  05.65  08.10  307.4  009.26  25.293  1019.304  1480.16 
2024 01 26 16 35 36.52  28.815  10.571  0001.25  05.74  08.10  307.4  009.23  25.290  1019.301  1480.16 
2024 01 26 16 35 36.77  28.816  10.570  0001.23  05.74  08.10  307.4  009.23  25.293  1019.303  1480.16 
2024 01 26 16 35 37.02  28.819  10.572  0001.23  05.46  08.10  307.4  009.23  25.294  1019.304  1480.16 
2024 01 26 16 35 37.27  28.816  10.572  0001.25  05.51  08.10  307.4  009.23  25.291  1019.302  1480.16 
2024 01 26 16 35 37.52  28.816  10.573  0001.27  05.53  08.10  307.4  009.26  25.291  1019.302  1480.17 
2024 01 26 16 35 37.77  28.817  10.572  0001.31  06.03  08.10  307.9  009.26  25.292  1019.303  1480.16 
2024 01 26 16 35 38.02  28.819  10.573  0001.33  05.75  08.10  307.9  009.26  25.294  1019.304  1480.17 
2024 01 26 16 35 38.27  28.820  10.572  0001.30  05.66  08.10  307.9  009.26  25.295  1019.305  1480.17 
2024 01 26 16 35 38.52  28.819  10.574  0001.30  05.40  08.10  307.9  009.26  25.293  1019.303  1480.17 
2024 01 26 16 35 38.77  28.819  10.575  0001.26  05.58  08.10  307.9  009.26  25.292  1019.301  1480.17 
2024 01 26 16 35 39.02  28.818  10.574  0001.23  05.51  08.10  307.9  009.23  25.292  1019.302  1480.17 
2024 01 26 16 35 39.27  28.818  10.572  0001.25  05.39  08.10  307.9  009.23  25.293  1019.303  1480.17 
2024 01 26 16 35 39.52  28.815  10.573  0001.25  05.40  08.10  307.9  009.23  25.290  1019.301  1480.17 
2024 01 26 16 35 39.77  28.811  10.573  0001.27  05.30  08.10  307.9  009.26  25.286  1019.298  1480.16 
2024 01 26 16 35 40.02  28.811  10.573  0001.31  05.56  08.10  307.9  009.26  25.285  1019.297  1480.16 
2024 01 26 16 35 40.27  28.809  10.574  0001.30  05.47  08.10  307.9  009.26  25.283  1019.296  1480.16 
2024 01 26 16 35 40.52  28.807  10.575  0001.31  05.53  08.10  307.9  009.26  25.281  1019.294  1480.16 
2024 01 26 16 35 40.77  28.806  10.577  0001.30  05.39  08.10  308.3  009.26  25.278  1019.291  1480.16 
2024 01 26 16 35 41.02  28.806  10.576  0001.29  05.62  08.10  308.3  009.29  25.278  1019.291  1480.16 
2024 01 26 16 35 41.27  28.806  10.577  0001.28  05.54  08.10  308.3  009.26  25.278  1019.291  1480.16 
2024 01 26 16 35 41.52  28.807  10.575  0001.28  05.29  08.10  308.3  009.26  25.280  1019.293  1480.16 
2024 01 26 16 35 41.77  28.807  10.576  0001.30  05.43  08.10  308.3  009.26  25.280  1019.293  1480.16 
2024 01 26 16 35 42.02  28.808  10.575  0001.30  05.33  08.10  308.3  009.26  25.281  1019.294  1480.16 
2024 01 26 16 35 42.27  28.807  10.578  0001.31  05.49  08.10  308.3  009.26  25.278  1019.291  1480.17 
2024 01 26 16 35 42.52  28.807  10.577  0001.30  05.27  08.10  308.3  009.26  25.280  1019.292  1480.17 
2024 01 26 16 35 42.77  28.807  10.579  0001.29  05.37  08.10  308.3  009.26  25.278  1019.291  1480.17 
2024 01 26 16 35 43.02  28.808  10.576  0001.29  05.67  08.10  308.3  009.26  25.281  1019.293  1480.17 
2024 01 26 16 35 43.27  28.809  10.576  0001.27  05.60  08.10  308.3  009.26  25.282  1019.294  1480.17 
2024 01 26 16 35 43.52  28.808  10.574  0001.27  06.12  08.10  308.3  009.26  25.283  1019.295  1480.16 
2024 01 26 16 35 43.77  28.809  10.573  0001.27  05.97  08.10  308.6  009.26  25.284  1019.296  1480.16 
2024 01 26 16 35 44.02  28.809  10.574  0001.27  05.63  08.10  308.6  009.26  25.283  1019.295  1480.16 
2024 01 26 16 35 44.27  28.809  10.576  0001.27  05.58  08.10  308.6  009.26  25.282  1019.294  1480.17 
2024 01 26 16 35 44.52  28.808  10.575  0001.29  05.73  08.10  308.6  009.29  25.282  1019.294  1480.16 
2024 01 26 16 35 44.77  28.807  10.574  0001.29  05.56  08.10  308.6  009.26  25.281  1019.294  1480.16 
2024 01 26 16 35 45.02  28.808  10.576  0001.29  05.51  08.10  308.6  009.26  25.281  1019.293  1480.17 
2024 01 26 16 35 45.27  28.808  10.580  0001.32  05.31  08.10  308.6  009.26  25.278  1019.291  1480.18 
2024 01 26 16 35 45.52  28.809  10.577  0001.30  05.62  08.10  308.6  009.26  25.281  1019.293  1480.17 
2024 01 26 16 35 45.77  28.807  10.574  0001.29  05.47  08.10  308.6  009.26  25.281  1019.294  1480.16 
2024 01 26 16 35 46.02  28.807  10.574  0001.26  05.48  08.10  308.6  009.26  25.281  1019.294  1480.16 
2024 01 26 16 35 46.27  28.807  10.575  0001.27  05.58  08.10  308.6  009.26  25.280  1019.293  1480.16 
2024 01 26 16 35 46.52  28.806  10.575  0001.28  05.48  08.10  308.6  009.26  25.280  1019.292  1480.16 
2024 01 26 16 35 46.77  28.807  10.575  0001.31  05.51  08.10  309.2  009.26  25.281  1019.293  1480.16 
2024 01 26 16 35 47.02  28.807  10.574  0001.31  05.59  08.10  309.2  009.26  25.281  1019.293  1480.16 
2024 01 26 16 35 47.27  28.807  10.576  0001.29  05.91  08.10  309.2  009.26  25.281  1019.293  1480.16 
2024 01 26 16 35 47.52  28.807  10.576  0001.26  05.88  08.10  309.2  009.26  25.280  1019.293  1480.16 
2024 01 26 16 35 47.77  28.807  10.577  0001.26  05.61  08.10  309.2  009.26  25.279  1019.292  1480.17 
2024 01 26 16 35 48.02  28.807  10.576  0001.27  05.44  08.10  309.2  009.26  25.280  1019.292  1480.17 
2024 01 26 16 35 48.27  28.807  10.576  0001.29  05.47  08.10  309.2  009.26  25.280  1019.293  1480.17 
2024 01 26 16 35 48.52  28.807  10.577  0001.28  05.74  08.10  309.2  009.26  25.279  1019.292  1480.16 
2024 01 26 16 35 48.77  28.807  10.577  0001.30  05.89  08.10  309.2  009.26  25.279  1019.292  1480.17 
2024 01 26 16 35 49.02  28.807  10.577  0001.29  05.55  08.10  309.2  009.26  25.279  1019.292  1480.17 
2024 01 26 16 35 49.27  28.807  10.577  0001.28  05.44  08.10  309.2  009.26  25.278  1019.291  1480.17 
2024 01 26 16 35 49.52  28.807  10.577  0001.28  05.74  08.10  309.2  009.26  25.278  1019.291  1480.17 
2024 01 26 16 35 49.77  28.807  10.581  0001.31  05.78  08.10  309.2  009.26  25.277  1019.289  1480.18 
2024 01 26 16 35 50.02  28.808  10.579  0001.32  05.67  08.10  309.2  009.26  25.279  1019.292  1480.17 
2024 01 26 16 35 50.27  28.807  10.579  0001.31  05.41  08.10  309.2  009.26  25.278  1019.291  1480.17 
2024 01 26 16 35 50.52  28.809  10.582  0001.29  05.59  08.10  309.2  009.26  25.278  1019.290  1480.18 
2024 01 26 16 35 50.77  28.809  10.581  0001.26  05.64  08.10  309.2  009.26  25.278  1019.290  1480.18 
2024 01 26 16 35 51.02  28.808  10.582  0001.25  05.53  08.10  309.2  009.26  25.277  1019.289  1480.18 
2024 01 26 16 35 51.27  28.809  10.581  0001.28  05.51  08.10  309.2  009.26  25.278  1019.291  1480.18 
2024 01 26 16 35 51.52  28.807  10.581  0001.25  05.59  08.10  309.2  009.26  25.277  1019.289  1480.18 
2024 01 26 16 35 51.77  28.809  10.583  0001.28  05.62  08.10  309.2  009.26  25.277  1019.289  1480.19 
2024 01 26 16 35 52.02  28.811  10.583  0001.30  05.41  08.10  309.2  009.26  25.278  1019.290  1480.19 
2024 01 26 16 35 52.27  28.809  10.584  0001.33  05.81  08.10  309.2  009.26  25.276  1019.289  1480.19 
2024 01 26 16 35 52.52  28.809  10.583  0001.32  05.86  08.10  309.2  009.26  25.277  1019.290  1480.19 
2024 01 26 16 35 52.77  28.809  10.581  0001.30  05.43  08.10  309.2  009.26  25.278  1019.291  1480.18 
2024 01 26 16 35 53.02  28.808  10.579  0001.28  05.48  08.10  309.2  009.26  25.279  1019.291  1480.17 
2024 01 26 16 35 53.27  28.810  10.577  0001.25  06.22  08.10  309.2  009.26  25.282  1019.294  1480.17 
2024 01 26 16 35 53.52  28.811  10.576  0001.25  06.54  08.10  309.2  009.26  25.284  1019.296  1480.17 
2024 01 26 16 35 53.77  28.809  10.577  0001.25  05.99  08.10  309.2  009.26  25.281  1019.293  1480.17 
2024 01 26 16 35 54.02  28.811  10.584  0001.27  05.89  08.10  309.2  009.26  25.278  1019.289  1480.19 
2024 01 26 16 35 54.27  28.810  10.582  0001.32  05.72  08.10  309.2  009.26  25.278  1019.291  1480.18 
2024 01 26 16 35 54.52  28.807  10.583  0001.34  05.67  08.10  309.2  009.26  25.275  1019.288  1480.19 
2024 01 26 16 35 54.77  28.809  10.582  0001.35  05.50  08.10  309.2  009.26  25.278  1019.290  1480.18 
2024 01 26 16 35 55.02  28.809  10.581  0001.31  06.27  08.10  309.2  009.26  25.278  1019.291  1480.18 
2024 01 26 16 35 55.27  28.811  10.580  0001.29  05.58  08.10  309.2  009.26  25.280  1019.292  1480.18 
2024 01 26 16 35 55.52  28.810  10.578  0001.26  05.45  08.10  309.2  009.26  25.281  1019.293  1480.17 
2024 01 26 16 35 55.77  28.810  10.576  0001.28  05.19  08.10  309.5  009.26  25.282  1019.294  1480.17 
2024 01 26 16 35 56.02  28.809  10.577  0001.27  05.41  08.10  309.5  009.26  25.281  1019.293  1480.17 
2024 01 26 16 35 56.27  28.809  10.578  0001.27  05.50  08.10  309.5  009.26  25.281  1019.293  1480.17 
2024 01 26 16 35 56.52  28.811  10.578  0001.28  05.27  08.10  309.5  009.26  25.282  1019.293  1480.18 
2024 01 26 16 35 56.77  28.810  10.578  0001.29  06.01  08.10  309.5  009.26  25.281  1019.293  1480.17 
2024 01 26 16 35 57.02  28.811  10.578  0001.30  05.49  08.10  309.5  009.26  25.282  1019.294  1480.17 
2024 01 26 16 35 57.27  28.810  10.578  0001.30  05.60  08.10  309.5  009.26  25.281  1019.293  1480.17 
2024 01 26 16 35 57.52  28.811  10.578  0001.30  05.36  08.10  309.5  009.26  25.282  1019.294  1480.17 
2024 01 26 16 35 57.77  28.810  10.577  0001.31  05.77  08.10  309.5  009.26  25.282  1019.294  1480.17 
2024 01 26 16 35 58.02  28.811  10.577  0001.31  05.78  08.10  309.5  009.26  25.284  1019.295  1480.17 
2024 01 26 16 35 58.27  28.811  10.577  0001.27  05.54  08.10  309.5  009.26  25.283  1019.294  1480.17 
2024 01 26 16 35 58.52  28.810  10.576  0001.26  05.27  08.10  309.5  009.26  25.282  1019.294  1480.17 
2024 01 26 16 35 58.77  28.810  10.577  0001.28  05.09  08.10  309.4  009.26  25.282  1019.294  1480.17 
2024 01 26 16 35 59.02  28.810  10.576  0001.28  06.01  08.10  309.4  009.26  25.282  1019.294  1480.17 
2024 01 26 16 35 59.27  28.811  10.576  0001.30  05.77  08.10  309.4  009.26  25.284  1019.296  1480.17 
2024 01 26 16 35 59.52  28.809  10.576  0001.30  05.77  08.10  309.4  009.26  25.281  1019.294  1480.17 
2024 01 26 16 35 59.77  28.810  10.577  0001.28  05.55  08.10  309.4  009.26  25.282  1019.294  1480.17 
2024 01 26 16 36 00.02  28.811  10.577  0001.28  05.67  08.10  309.4  009.26  25.283  1019.294  1480.17 
2024 01 26 16 36 00.27  28.809  10.577  0001.29  05.67  08.10  309.4  009.26  25.281  1019.293  1480.17 
2024 01 26 16 36 00.52  28.810  10.579  0001.30  05.64  08.10  309.4  009.26  25.281  1019.293  1480.18 
2024 01 26 16 36 00.77  28.811  10.576  0001.32  05.59  08.09  309.4  009.26  25.283  1019.295  1480.17 
2024 01 26 16 36 01.02  28.811  10.576  0001.31  05.62  08.10  309.4  009.26  25.283  1019.295  1480.17 
2024 01 26 16 36 01.27  28.811  10.576  0001.30  05.74  08.10  309.4  009.26  25.283  1019.295  1480.17 
2024 01 26 16 36 01.52  28.811  10.577  0001.29  05.95  08.10  309.4  009.26  25.284  1019.295  1480.17 
2024 01 26 16 36 01.77  28.809  10.577  0001.27  05.72  08.10  309.6  009.26  25.281  1019.293  1480.17 
2024 01 26 16 36 02.02  28.811  10.577  0001.27  06.11  08.10  309.6  009.26  25.283  1019.295  1480.17 
2024 01 26 16 36 02.27  28.812  10.577  0001.29  05.62  08.10  309.6  009.26  25.284  1019.296  1480.17 
2024 01 26 16 36 02.52  28.814  10.578  0001.31  05.69  08.10  309.6  009.26  25.285  1019.296  1480.18 
2024 01 26 16 36 02.77  28.811  10.579  0001.30  05.61  08.10  309.6  009.26  25.282  1019.294  1480.18 
2024 01 26 16 36 03.02  28.811  10.578  0001.31  05.68  08.10  309.6  009.26  25.282  1019.294  1480.17 
2024 01 26 16 36 03.27  28.811  10.577  0001.31  05.42  08.10  309.6  009.26  25.283  1019.295  1480.17 
2024 01 26 16 36 03.52  28.812  10.578  0001.28  05.34  08.10  309.6  009.26  25.284  1019.295  1480.18 
2024 01 26 16 36 03.77  28.814  10.578  0001.26  05.12  08.09  309.6  009.26  25.285  1019.296  1480.18 
2024 01 26 16 36 04.02  28.813  10.580  0001.27  05.19  08.10  309.6  009.26  25.283  1019.294  1480.18 
2024 01 26 16 36 04.27  28.815  10.578  0001.28  06.29  08.10  309.6  009.26  25.286  1019.297  1480.18 
2024 01 26 16 36 04.52  28.813  10.578  0001.27  05.36  08.10  309.6  009.26  25.284  1019.295  1480.18 
2024 01 26 16 36 04.77  28.813  10.578  0001.30  05.06  08.10  309.5  009.26  25.284  1019.296  1480.18 
2024 01 26 16 36 05.02  28.814  10.577  0001.29  05.01  08.10  309.5  009.26  25.285  1019.297  1480.18 
2024 01 26 16 36 05.27  28.814  10.578  0001.32  05.24  08.10  309.5  009.26  25.285  1019.296  1480.18 
2024 01 26 16 36 05.52  28.814  10.578  0001.31  05.38  08.10  309.5  009.26  25.285  1019.296  1480.18 
2024 01 26 16 36 05.77  28.815  10.578  0001.31  05.55  08.10  309.5  009.26  25.286  1019.297  1480.18 
2024 01 26 16 36 06.02  28.814  10.577  0001.30  05.64  08.10  309.5  009.26  25.286  1019.297  1480.17 
2024 01 26 16 36 06.27  28.813  10.577  0001.31  05.48  08.10  309.5  009.26  25.285  1019.296  1480.18 
2024 01 26 16 36 06.52  28.816  10.576  0001.28  05.78  08.10  309.5  009.26  25.288  1019.299  1480.18 
2024 01 26 16 36 06.77  28.813  10.578  0001.28  05.79  08.09  309.5  009.26  25.284  1019.295  1480.18 
2024 01 26 16 36 07.02  28.814  10.581  0001.28  05.73  08.10  309.5  009.26  25.283  1019.294  1480.19 
2024 01 26 16 36 07.27  28.815  10.583  0001.29  05.74  08.10  309.5  009.26  25.282  1019.293  1480.19 
2024 01 26 16 36 07.52  28.813  10.582  0001.28  05.58  08.10  309.5  009.26  25.282  1019.293  1480.19 
2024 01 26 16 36 07.77  28.813  10.582  0001.31  05.52  08.10  309.7  009.26  25.282  1019.293  1480.19 
2024 01 26 16 36 08.02  28.814  10.583  0001.31  05.38  08.10  309.7  009.26  25.281  1019.293  1480.19 
2024 01 26 16 36 08.27  28.813  10.585  0001.32  05.56  08.10  309.7  009.26  25.279  1019.291  1480.20 
2024 01 26 16 36 08.52  28.812  10.586  0001.30  05.71  08.10  309.7  009.26  25.278  1019.289  1480.20 
2024 01 26 16 36 08.77  28.813  10.584  0001.29  05.54  08.10  309.7  009.26  25.280  1019.291  1480.19 
2024 01 26 16 36 09.02  28.812  10.584  0001.31  05.60  08.10  309.7  009.26  25.279  1019.291  1480.19 
2024 01 26 16 36 09.27  28.812  10.584  0001.27  05.62  08.10  309.7  009.26  25.279  1019.291  1480.19 
2024 01 26 16 36 09.52  28.814  10.584  0001.30  05.61  08.10  309.7  009.26  25.281  1019.292  1480.20 
2024 01 26 16 36 09.77  28.814  10.584  0001.29  05.71  08.09  309.7  009.26  25.281  1019.292  1480.19 
2024 01 26 16 36 10.02  28.815  10.583  0001.29  05.78  08.10  309.7  009.26  25.282  1019.294  1480.19 
2024 01 26 16 36 10.27  28.813  10.584  0001.29  05.81  08.10  309.7  009.26  25.280  1019.291  1480.19 
2024 01 26 16 36 10.52  28.814  10.584  0001.29  05.85  08.10  309.7  009.26  25.281  1019.292  1480.19 
2024 01 26 16 36 10.77  28.814  10.583  0001.31  05.93  08.10  309.5  009.26  25.281  1019.293  1480.19 
2024 01 26 16 36 11.02  28.813  10.586  0001.32  06.60  08.10  309.5  009.26  25.278  1019.290  1480.20 
2024 01 26 16 36 11.27  28.815  10.589  0001.31  06.21  08.10  309.5  009.26  25.278  1019.290  1480.21 
2024 01 26 16 36 11.52  28.814  10.590  0001.32  06.23  08.10  309.5  009.26  25.277  1019.288  1480.21 
2024 01 26 16 36 11.77  28.814  10.589  0001.31  05.77  08.10  309.5  009.26  25.278  1019.289  1480.21 
2024 01 26 16 36 12.02  28.815  10.588  0001.30  06.00  08.10  309.5  009.26  25.279  1019.290  1480.21 
2024 01 26 16 36 12.27  28.814  10.586  0001.29  05.95  08.10  309.5  009.26  25.280  1019.291  1480.20 
2024 01 26 16 36 12.52  28.815  10.586  0001.28  05.51  08.09  309.5  009.26  25.280  1019.291  1480.20 
2024 01 26 16 36 12.77  28.815  10.587  0001.28  05.48  08.09  309.5  009.26  25.280  1019.291  1480.21 
2024 01 26 16 36 13.02  28.815  10.586  0001.30  05.85  08.10  309.5  009.26  25.281  1019.292  1480.20 
2024 01 26 16 36 13.27  28.815  10.588  0001.32  06.05  08.10  309.5  009.26  25.279  1019.290  1480.21 
2024 01 26 16 36 13.52  28.814  10.589  0001.31  06.22  08.10  309.5  009.26  25.277  1019.289  1480.21 
2024 01 26 16 36 13.77  28.814  10.586  0001.32  05.80  08.10  309.8  009.26  25.279  1019.291  1480.20 
2024 01 26 16 36 14.02  28.815  10.585  0001.31  05.86  08.10  309.8  009.26  25.281  1019.292  1480.20 
2024 01 26 16 36 14.27  28.815  10.583  0001.34  05.79  08.10  309.8  009.26  25.282  1019.294  1480.19 
2024 01 26 16 36 14.52  28.815  10.584  0001.33  05.83  08.10  309.8  009.26  25.282  1019.293  1480.19 
2024 01 26 16 36 14.77  28.814  10.583  0001.32  05.70  08.10  309.8  009.26  25.281  1019.293  1480.19 
2024 01 26 16 36 15.02  28.815  10.585  0001.31  06.10  08.10  309.8  009.26  25.281  1019.292  1480.20 
2024 01 26 16 36 15.27  28.815  10.585  0001.26  05.72  08.10  309.8  009.26  25.281  1019.292  1480.20 
2024 01 26 16 36 15.52  28.815  10.585  0001.25  05.56  08.10  309.8  009.26  25.281  1019.292  1480.20 
2024 01 26 16 36 15.77  28.815  10.585  0001.25  05.57  08.09  309.8  009.26  25.282  1019.292  1480.20 
2024 01 26 16 36 16.02  28.814  10.584  0001.29  05.60  08.09  309.8  009.26  25.281  1019.292  1480.20 
2024 01 26 16 36 16.27  28.818  10.584  0001.31  05.61  08.09  309.8  009.26  25.284  1019.295  1480.20 
2024 01 26 16 36 16.52  28.819  10.583  0001.36  05.51  08.10  309.8  009.26  25.287  1019.297  1480.20 
2024 01 26 16 36 16.77  28.819  10.583  0001.33  05.43  08.10  309.7  009.26  25.287  1019.297  1480.20 
2024 01 26 16 36 17.02  28.818  10.584  0001.34  05.81  08.10  309.7  009.26  25.285  1019.295  1480.20 
2024 01 26 16 36 17.27  28.815  10.583  0001.33  05.78  08.10  309.7  009.26  25.282  1019.293  1480.19 
2024 01 26 16 36 17.52  28.815  10.583  0001.28  05.60  08.10  309.7  009.26  25.283  1019.294  1480.19 
2024 01 26 16 36 17.77  28.814  10.583  0001.26  05.77  08.10  309.7  009.26  25.282  1019.293  1480.19 
2024 01 26 16 36 18.02  28.816  10.583  0001.26  05.76  08.10  309.7  009.26  25.284  1019.294  1480.19 
2024 01 26 16 36 18.27  28.815  10.582  0001.27  05.59  08.10  309.7  009.26  25.284  1019.294  1480.19 
2024 01 26 16 36 18.52  28.815  10.583  0001.30  05.45  08.10  309.7  009.26  25.283  1019.294  1480.19 
2024 01 26 16 36 18.77  28.816  10.582  0001.31  05.88  08.09  309.7  009.26  25.284  1019.295  1480.19 
2024 01 26 16 36 19.02  28.815  10.581  0001.31  05.75  08.10  309.7  009.26  25.284  1019.295  1480.19 
2024 01 26 16 36 19.27  28.815  10.583  0001.33  05.91  08.10  309.7  009.26  25.282  1019.294  1480.19 
2024 01 26 16 36 19.52  28.815  10.583  0001.34  05.61  08.10  309.7  009.26  25.282  1019.294  1480.19 
2024 01 26 16 36 19.77  28.816  10.583  0001.33  05.46  08.10  309.7  009.26  25.284  1019.295  1480.19 
2024 01 26 16 36 20.02  28.814  10.583  0001.31  06.11  08.10  309.7  009.26  25.281  1019.293  1480.19 
2024 01 26 16 36 20.27  28.813  10.584  0001.30  05.89  08.10  309.7  009.26  25.280  1019.292  1480.19 
2024 01 26 16 36 20.52  28.815  10.583  0001.29  05.74  08.09  309.7  009.26  25.283  1019.294  1480.19 
2024 01 26 16 36 20.77  28.816  10.584  0001.26  05.53  08.09  309.7  009.26  25.283  1019.294  1480.20 
2024 01 26 16 36 21.02  28.815  10.583  0001.24  05.29  08.10  309.7  009.26  25.283  1019.294  1480.19 
2024 01 26 16 36 21.27  28.815  10.582  0001.26  05.25  08.09  309.7  009.26  25.284  1019.294  1480.19 
2024 01 26 16 36 21.52  28.814  10.583  0001.30  05.45  08.09  309.7  009.26  25.282  1019.293  1480.19 
2024 01 26 16 36 21.77  28.816  10.582  0001.39  05.67  08.09  309.7  009.26  25.284  1019.296  1480.19 
2024 01 26 16 36 22.02  28.816  10.581  0001.42  05.48  08.09  309.7  009.26  25.285  1019.297  1480.19 
2024 01 26 16 36 22.27  28.815  10.582  0001.41  05.30  08.09  309.7  009.26  25.283  1019.295  1480.19 
2024 01 26 16 36 22.52  28.815  10.582  0001.33  05.32  08.09  309.7  009.26  25.283  1019.294  1480.19 
2024 01 26 16 36 22.77  28.818  10.584  0001.25  05.39  08.09  309.7  009.26  25.285  1019.295  1480.20 
2024 01 26 16 36 23.02  28.819  10.584  0001.22  05.29  08.09  309.7  009.26  25.285  1019.295  1480.20 
2024 01 26 16 36 23.27  28.817  10.583  0001.23  05.32  08.09  309.7  009.26  25.285  1019.295  1480.19 
2024 01 26 16 36 23.52  28.817  10.585  0001.27  05.65  08.09  309.7  009.26  25.283  1019.293  1480.20 
2024 01 26 16 36 23.77  28.819  10.584  0001.33  05.54  08.09  309.7  009.26  25.285  1019.296  1480.20 
2024 01 26 16 36 24.02  28.818  10.585  0001.37  05.45  08.09  309.7  009.26  25.284  1019.295  1480.20 
2024 01 26 16 36 24.27  28.819  10.583  0001.37  05.39  08.09  309.7  009.26  25.287  1019.297  1480.20 
2024 01 26 16 36 24.52  28.816  10.584  0001.34  05.29  08.09  309.7  009.26  25.283  1019.294  1480.20 
2024 01 26 16 36 24.77  28.817  10.584  0001.32  05.64  08.09  309.7  009.26  25.284  1019.294  1480.20 
2024 01 26 16 36 25.02  28.818  10.584  0001.28  05.41  08.09  309.7  009.26  25.285  1019.295  1480.20 
2024 01 26 16 36 25.27  28.817  10.583  0001.30  05.40  08.09  309.7  009.26  25.284  1019.295  1480.20 
2024 01 26 16 36 25.52  28.819  10.584  0001.31  05.69  08.09  309.7  009.26  25.285  1019.295  1480.20 
2024 01 26 16 36 25.77  28.819  10.585  0001.30  05.65  08.10  309.8  009.26  25.285  1019.295  1480.20 
2024 01 26 16 36 26.02  28.819  10.584  0001.30  05.63  08.09  309.8  009.26  25.286  1019.296  1480.20 
2024 01 26 16 36 26.27  28.819  10.584  0001.27  06.24  08.09  309.8  009.26  25.286  1019.296  1480.20 
2024 01 26 16 36 26.52  28.817  10.584  0001.28  06.17  08.09  309.8  009.26  25.284  1019.294  1480.20 
2024 01 26 16 36 26.77  28.819  10.584  0001.31  05.73  08.09  309.8  009.26  25.285  1019.296  1480.20 
2024 01 26 16 36 27.02  28.818  10.585  0001.32  05.39  08.09  309.8  009.26  25.284  1019.295  1480.20 
2024 01 26 16 36 27.27  28.819  10.585  0001.33  05.36  08.09  309.8  009.26  25.284  1019.295  1480.20 
2024 01 26 16 36 27.52  28.819  10.585  0001.34  05.54  08.09  309.8  009.26  25.286  1019.296  1480.20 
2024 01 26 16 36 27.77  28.817  10.584  0001.36  05.30  08.09  309.8  009.26  25.284  1019.294  1480.20 
2024 01 26 16 36 28.02  28.819  10.586  0001.35  05.86  08.09  309.8  009.26  25.285  1019.295  1480.21 
2024 01 26 16 36 28.27  28.819  10.587  0001.32  05.50  08.09  309.8  009.26  25.284  1019.294  1480.21 
2024 01 26 16 36 28.52  28.817  10.588  0001.28  05.29  08.09  309.8  009.26  25.281  1019.292  1480.21 
2024 01 26 16 36 28.77  28.817  10.588  0001.26  05.68  08.09  309.6  009.26  25.281  1019.292  1480.21 
2024 01 26 16 36 29.02  28.815  10.587  0001.25  05.96  08.09  309.6  009.26  25.281  1019.291  1480.20 
2024 01 26 16 36 29.27  28.815  10.588  0001.29  05.81  08.09  309.6  009.26  25.279  1019.290  1480.21 
2024 01 26 16 36 29.52  28.816  10.587  0001.30  05.47  08.09  309.6  009.26  25.281  1019.291  1480.21 
2024 01 26 16 36 29.77  28.818  10.586  0001.37  05.60  08.09  309.6  009.26  25.283  1019.294  1480.21 
2024 01 26 16 36 30.02  28.817  10.587  0001.37  05.53  08.09  309.6  009.26  25.282  1019.293  1480.21 
2024 01 26 16 36 30.27  28.817  10.587  0001.36  05.46  08.09  309.6  009.26  25.282  1019.293  1480.21 
2024 01 26 16 36 30.52  28.818  10.586  0001.31  06.01  08.09  309.6  009.26  25.283  1019.294  1480.21 
2024 01 26 16 36 30.77  28.816  10.586  0001.28  06.03  08.09  309.6  009.26  25.282  1019.292  1480.20 
2024 01 26 16 36 31.02  28.815  10.585  0001.28  05.53  08.09  309.6  009.26  25.282  1019.292  1480.20 
2024 01 26 16 36 31.27  28.818  10.586  0001.31  05.41  08.09  309.6  009.26  25.283  1019.294  1480.21 
2024 01 26 16 36 31.52  28.817  10.587  0001.31  05.43  08.09  309.6  009.26  25.282  1019.292  1480.21 
2024 01 26 16 36 31.77  28.815  10.587  0001.29  05.43  08.09  309.6  009.26  25.280  1019.291  1480.20 
2024 01 26 16 36 32.02  28.818  10.586  0001.28  05.70  08.09  309.6  009.26  25.283  1019.293  1480.21 
2024 01 26 16 36 32.27  28.815  10.587  0001.28  05.34  08.09  309.6  009.26  25.280  1019.291  1480.20 
2024 01 26 16 36 32.52  28.815  10.587  0001.29  05.50  08.09  309.6  009.26  25.280  1019.290  1480.20 
2024 01 26 16 36 32.77  28.815  10.587  0001.34  05.37  08.09  309.6  009.26  25.280  1019.291  1480.21 
2024 01 26 16 36 33.02  28.815  10.587  0001.37  05.93  08.09  309.6  009.26  25.280  1019.291  1480.21 
2024 01 26 16 36 33.27  28.815  10.587  0001.35  05.78  08.09  309.6  009.26  25.280  1019.291  1480.21 
2024 01 26 16 36 33.52  28.816  10.587  0001.32  05.46  08.09  309.6  009.26  25.281  1019.292  1480.21 
2024 01 26 16 36 33.77  28.815  10.589  0001.24  05.23  08.09  309.6  009.26  25.279  1019.290  1480.21 
2024 01 26 16 36 34.02  28.817  10.589  0001.25  05.16  08.09  309.6  009.26  25.280  1019.291  1480.21 
2024 01 26 16 36 34.27  28.819  10.590  0001.26  05.00  08.09  309.6  009.26  25.281  1019.291  1480.22 
2024 01 26 16 36 34.52  28.818  10.591  0001.31  05.13  08.09  309.6  009.26  25.280  1019.290  1480.22 
2024 01 26 16 36 34.77  28.819  10.591  0001.37  05.48  08.09  309.4  009.26  25.282  1019.292  1480.22 
2024 01 26 16 36 35.02  28.822  10.588  0001.37  05.31  08.09  309.4  009.26  25.285  1019.295  1480.22 
2024 01 26 16 36 35.27  28.820  10.590  0001.36  05.43  08.09  309.4  009.26  25.283  1019.293  1480.22 
2024 01 26 16 36 35.52  28.821  10.590  0001.30  05.51  08.09  309.4  009.26  25.284  1019.294  1480.22 
2024 01 26 16 36 35.77  28.820  10.590  0001.24  05.18  08.09  309.4  009.26  25.283  1019.292  1480.22 
2024 01 26 16 36 36.02  28.822  10.589  0001.22  05.17  08.09  309.4  009.26  25.285  1019.294  1480.22 
2024 01 26 16 36 36.27  28.825  10.589  0001.27  05.51  08.09  309.4  009.26  25.288  1019.297  1480.22 
2024 01 26 16 36 36.52  28.822  10.590  0001.33  05.36  08.09  309.4  009.26  25.284  1019.294  1480.22 
2024 01 26 16 36 36.77  28.823  10.591  0001.38  05.39  08.09  309.4  009.26  25.285  1019.295  1480.23 
2024 01 26 16 36 37.02  28.823  10.590  0001.40  05.55  08.09  309.4  009.26  25.286  1019.295  1480.22 
2024 01 26 16 36 37.27  28.823  10.592  0001.36  05.57  08.09  309.4  009.26  25.284  1019.293  1480.23 
2024 01 26 16 36 37.52  28.820  10.592  0001.33  05.45  08.09  309.4  009.26  25.282  1019.292  1480.22 
2024 01 26 16 36 37.77  28.822  10.594  0001.24  05.29  08.09  309.5  009.26  25.282  1019.291  1480.23 
2024 01 26 16 36 38.02  28.820  10.594  0001.16  05.37  08.09  309.5  009.26  25.280  1019.289  1480.23 
2024 01 26 16 36 38.27  28.823  10.593  0001.21  05.93  08.09  309.5  009.26  25.283  1019.292  1480.23 
2024 01 26 16 36 38.52  28.821  10.593  0001.29  05.58  08.09  309.5  009.26  25.281  1019.291  1480.23 
2024 01 26 16 36 38.77  28.825  10.592  0001.36  05.32  08.09  309.5  009.26  25.286  1019.295  1480.23 
2024 01 26 16 36 39.02  28.829  10.590  0001.39  05.41  08.09  309.5  009.26  25.291  1019.300  1480.23 
2024 01 26 16 36 39.27  28.824  10.593  0001.34  05.20  08.09  309.5  009.26  25.284  1019.294  1480.23 
2024 01 26 16 36 39.52  28.824  10.593  0001.27  05.39  08.09  309.5  009.26  25.285  1019.294  1480.23 
2024 01 26 16 36 39.77  28.826  10.591  0001.23  05.15  08.09  309.5  009.26  25.288  1019.296  1480.23 
2024 01 26 16 36 40.02  28.831  10.588  0001.24  05.28  08.09  309.5  009.26  25.295  1019.302  1480.23 
2024 01 26 16 36 40.27  28.830  10.590  0001.28  05.36  08.09  309.5  009.26  25.292  1019.300  1480.23 
2024 01 26 16 36 40.52  28.830  10.592  0001.31  05.43  08.09  309.5  009.26  25.291  1019.299  1480.23 
2024 01 26 16 36 40.77  28.826  10.592  0001.32  05.60  08.09  309.6  009.26  25.288  1019.296  1480.23 
2024 01 26 16 36 41.02  28.828  10.592  0001.31  05.51  08.09  309.6  009.26  25.289  1019.298  1480.23 
2024 01 26 16 36 41.27  28.829  10.589  0001.27  05.52  08.09  309.6  009.26  25.292  1019.300  1480.23 
2024 01 26 16 36 41.52  28.827  10.590  0001.27  05.35  08.09  309.6  009.26  25.290  1019.298  1480.23 
2024 01 26 16 36 41.77  28.828  10.590  0001.29  05.23  08.09  309.6  009.26  25.291  1019.299  1480.23 
2024 01 26 16 36 42.02  28.828  10.592  0001.34  05.12  08.09  309.6  009.26  25.289  1019.297  1480.23 
2024 01 26 16 36 42.27  28.826  10.593  0001.38  05.27  08.09  309.6  009.26  25.287  1019.296  1480.23 
2024 01 26 16 36 42.52  28.826  10.593  0001.37  05.00  08.09  309.6  009.26  25.286  1019.295  1480.23 
2024 01 26 16 36 42.77  28.825  10.592  0001.31  04.99  08.09  309.6  009.23  25.286  1019.295  1480.23 
2024 01 26 16 36 43.02  28.824  10.595  0001.25  05.21  08.09  309.6  009.26  25.283  1019.292  1480.24 
2024 01 26 16 36 43.27  28.825  10.594  0001.23  05.19  08.09  309.6  009.26  25.285  1019.293  1480.23 
2024 01 26 16 36 43.52  28.825  10.594  0001.21  05.41  08.09  309.6  009.26  25.285  1019.293  1480.23 
2024 01 26 16 36 43.77  28.825  10.594  0001.27  05.39  08.09  309.6  009.26  25.284  1019.293  1480.24 
2024 01 26 16 36 44.02  28.826  10.596  0001.31  05.79  08.09  309.6  009.26  25.284  1019.292  1480.24 
2024 01 26 16 36 44.27  28.827  10.599  0001.35  05.78  08.09  309.6  009.26  25.283  1019.292  1480.25 
2024 01 26 16 36 44.52  28.827  10.596  0001.37  05.66  08.09  309.6  009.26  25.285  1019.294  1480.25 
2024 01 26 16 36 44.77  28.825  10.598  0001.37  05.47  08.09  309.6  009.26  25.282  1019.291  1480.25 
2024 01 26 16 36 45.02  28.826  10.598  0001.30  05.62  08.09  309.6  009.26  25.283  1019.292  1480.25 
2024 01 26 16 36 45.27  28.825  10.598  0001.26  05.70  08.09  309.6  009.26  25.282  1019.291  1480.24 
2024 01 26 16 36 45.52  28.823  10.597  0001.21  05.36  08.09  309.6  009.26  25.281  1019.290  1480.24 
2024 01 26 16 36 45.77  28.824  10.598  0001.22  05.24  08.09  309.6  009.26  25.281  1019.289  1480.25 
2024 01 26 16 36 46.02  28.827  10.598  0001.22  05.34  08.09  309.6  009.26  25.284  1019.292  1480.25 
2024 01 26 16 36 46.27  28.830  10.599  0001.28  05.70  08.09  309.6  009.26  25.287  1019.294  1480.26 
2024 01 26 16 36 46.52  28.831  10.601  0001.36  05.45  08.09  309.6  009.26  25.286  1019.293  1480.26 
2024 01 26 16 36 46.77  28.829  10.603  0001.40  05.56  08.09  309.6  009.26  25.282  1019.291  1480.27 
2024 01 26 16 36 47.02  28.829  10.602  0001.42  05.95  08.09  309.6  009.26  25.283  1019.291  1480.27 
2024 01 26 16 36 47.27  28.830  10.603  0001.36  05.73  08.09  309.6  009.26  25.283  1019.291  1480.27 
2024 01 26 16 36 47.52  28.828  10.604  0001.25  05.39  08.09  309.6  009.26  25.281  1019.288  1480.27 
2024 01 26 16 36 47.77  28.829  10.603  0001.19  05.17  08.09  309.6  009.26  25.282  1019.290  1480.26 
2024 01 26 16 36 48.02  28.829  10.603  0001.18  05.47  08.09  309.6  009.26  25.282  1019.290  1480.26 
2024 01 26 16 36 48.27  28.829  10.604  0001.26  05.85  08.09  309.6  009.26  25.282  1019.290  1480.27 
2024 01 26 16 36 48.52  28.830  10.604  0001.33  05.67  08.09  309.6  009.26  25.283  1019.291  1480.27 
2024 01 26 16 36 48.77  28.828  10.602  0001.37  05.52  08.09  309.6  009.26  25.282  1019.290  1480.26 
2024 01 26 16 36 49.02  28.830  10.604  0001.35  05.43  08.09  309.6  009.26  25.283  1019.291  1480.27 
2024 01 26 16 36 49.27  28.831  10.603  0001.29  05.36  08.09  309.6  009.26  25.285  1019.292  1480.27 
2024 01 26 16 36 49.52  28.830  10.604  0001.25  05.47  08.09  309.6  009.26  25.282  1019.290  1480.27 
2024 01 26 16 36 49.77  28.831  10.604  0001.25  05.42  08.09  309.6  009.26  25.284  1019.291  1480.27 
2024 01 26 16 36 50.02  28.834  10.605  0001.28  05.35  08.09  309.6  009.26  25.286  1019.293  1480.28 
2024 01 26 16 36 50.27  28.833  10.607  0001.32  05.55  08.09  309.6  009.26  25.284  1019.291  1480.28 
2024 01 26 16 36 50.52  28.832  10.608  0001.34  05.97  08.09  309.6  009.26  25.282  1019.290  1480.28 
2024 01 26 16 36 50.77  28.832  10.607  0001.34  05.86  08.09  309.6  009.26  25.283  1019.290  1480.28 
2024 01 26 16 36 51.02  28.833  10.607  0001.32  05.65  08.09  309.6  009.26  25.284  1019.291  1480.28 
2024 01 26 16 36 51.27  28.832  10.607  0001.30  05.44  08.09  309.6  009.26  25.283  1019.290  1480.28 
2024 01 26 16 36 51.52  28.833  10.606  0001.28  05.32  08.09  309.6  009.26  25.284  1019.291  1480.28 
2024 01 26 16 36 51.77  28.833  10.607  0001.28  05.67  08.09  309.6  009.26  25.283  1019.290  1480.28 
2024 01 26 16 36 52.02  28.834  10.607  0001.29  05.60  08.09  309.6  009.26  25.285  1019.291  1480.28 
2024 01 26 16 36 52.27  28.833  10.607  0001.32  05.70  08.09  309.6  009.26  25.283  1019.290  1480.28 
2024 01 26 16 36 52.52  28.834  10.608  0001.34  05.86  08.09  309.6  009.26  25.284  1019.291  1480.29 
2024 01 26 16 36 52.77  28.832  10.607  0001.35  05.53  08.09  309.8  009.26  25.283  1019.290  1480.28 
2024 01 26 16 36 53.02  28.832  10.607  0001.34  05.40  08.09  309.8  009.26  25.283  1019.290  1480.28 
2024 01 26 16 36 53.27  28.833  10.606  0001.31  05.34  08.09  309.8  009.26  25.284  1019.291  1480.28 
2024 01 26 16 36 53.52  28.832  10.606  0001.32  05.22  08.09  309.8  009.26  25.283  1019.291  1480.28 
2024 01 26 16 36 53.77  28.834  10.607  0001.30  05.12  08.09  309.8  009.26  25.284  1019.291  1480.28 
2024 01 26 16 36 54.02  28.835  10.607  0001.32  05.12  08.09  309.8  009.26  25.286  1019.292  1480.29 
2024 01 26 16 36 54.27  28.834  10.606  0001.30  05.27  08.09  309.8  009.26  25.285  1019.292  1480.28 
2024 01 26 16 36 54.52  28.834  10.607  0001.30  05.32  08.09  309.8  009.26  25.284  1019.291  1480.28 
2024 01 26 16 36 54.77  28.833  10.607  0001.30  05.46  08.09  309.8  009.26  25.283  1019.290  1480.28 
2024 01 26 16 36 55.02  28.834  10.607  0001.32  05.38  08.09  309.8  009.26  25.284  1019.291  1480.28 
2024 01 26 16 36 55.27  28.835  10.607  0001.33  05.24  08.09  309.8  009.26  25.285  1019.292  1480.29 
2024 01 26 16 36 55.52  28.838  10.607  0001.36  05.26  08.09  309.8  009.26  25.288  1019.294  1480.29 
2024 01 26 16 36 55.77  28.838  10.604  0001.37  05.70  08.09  309.8  009.26  25.291  1019.297  1480.28 
2024 01 26 16 36 56.02  28.834  10.606  0001.38  05.56  08.09  309.8  009.26  25.285  1019.293  1480.28 
2024 01 26 16 36 56.27  28.838  10.606  0001.33  05.36  08.09  309.8  009.26  25.289  1019.295  1480.28 
2024 01 26 16 36 56.52  28.838  10.607  0001.28  05.50  08.09  309.8  009.26  25.288  1019.294  1480.29 
2024 01 26 16 36 56.77  28.837  10.607  0001.25  05.53  08.09  309.8  009.26  25.287  1019.293  1480.29 
2024 01 26 16 36 57.02  28.835  10.608  0001.26  05.40  08.09  309.8  009.29  25.285  1019.292  1480.29 
2024 01 26 16 36 57.27  28.836  10.607  0001.30  05.80  08.09  309.8  009.26  25.287  1019.293  1480.29 
2024 01 26 16 36 57.52  28.834  10.607  0001.35  05.68  08.09  309.8  009.26  25.284  1019.291  1480.28 
2024 01 26 16 36 57.77  28.835  10.607  0001.37  05.60  08.09  309.8  009.26  25.286  1019.293  1480.29 
2024 01 26 16 36 58.02  28.838  10.607  0001.39  05.70  08.09  309.8  009.26  25.288  1019.294  1480.29 
2024 01 26 16 36 58.27  28.834  10.608  0001.34  05.45  08.09  309.8  009.26  25.284  1019.291  1480.29 
2024 01 26 16 36 58.52  28.836  10.607  0001.32  05.67  08.09  309.8  009.26  25.286  1019.293  1480.29 
2024 01 26 16 36 58.77  28.834  10.608  0001.28  06.18  08.09  309.8  009.26  25.284  1019.290  1480.28 
2024 01 26 16 36 59.02  28.836  10.607  0001.28  05.52  08.09  309.8  009.26  25.286  1019.292  1480.29 
2024 01 26 16 36 59.27  28.837  10.607  0001.33  05.31  08.09  309.8  009.26  25.287  1019.294  1480.29 
2024 01 26 16 36 59.52  28.836  10.607  0001.36  05.77  08.09  309.8  009.26  25.286  1019.293  1480.29 
2024 01 26 16 36 59.77  28.835  10.607  0001.34  05.93  08.09  309.8  009.26  25.286  1019.292  1480.29 
2024 01 26 16 37 00.02  28.838  10.608  0001.33  05.53  08.09  309.8  009.26  25.288  1019.294  1480.29 
2024 01 26 16 37 00.27  28.836  10.608  0001.30  05.42  08.09  309.8  009.26  25.286  1019.292  1480.29 
2024 01 26 16 37 00.52  28.837  10.608  0001.26  05.57  08.09  309.8  009.26  25.286  1019.292  1480.29 
2024 01 26 16 37 00.77  28.836  10.607  0001.26  05.39  08.09  309.8  009.26  25.286  1019.292  1480.29 
2024 01 26 16 37 01.02  28.837  10.609  0001.32  05.27  08.09  309.8  009.26  25.286  1019.292  1480.29 
2024 01 26 16 37 01.27  28.838  10.610  0001.34  05.65  08.09  309.8  009.26  25.286  1019.292  1480.30 
2024 01 26 16 37 01.52  28.836  10.609  0001.37  05.65  08.09  309.8  009.26  25.285  1019.292  1480.29 
2024 01 26 16 37 01.77  28.836  10.609  0001.39  06.04  08.09  309.7  009.26  25.285  1019.292  1480.29 
2024 01 26 16 37 02.02  28.836  10.610  0001.35  05.56  08.09  309.7  009.26  25.285  1019.291  1480.29 
2024 01 26 16 37 02.27  28.841  10.611  0001.31  05.46  08.09  309.7  009.26  25.288  1019.294  1480.30 
2024 01 26 16 37 02.52  28.838  10.611  0001.26  05.39  08.09  309.7  009.26  25.286  1019.292  1480.30 
2024 01 26 16 37 02.77  28.838  10.610  0001.24  06.10  08.09  309.7  009.26  25.286  1019.292  1480.30 
2024 01 26 16 37 03.02  28.838  10.610  0001.27  05.55  08.09  309.7  009.26  25.286  1019.292  1480.30 
2024 01 26 16 37 03.27  28.838  10.611  0001.36  05.45  08.09  309.7  009.26  25.286  1019.292  1480.30 
2024 01 26 16 37 03.52  28.838  10.613  0001.40  05.78  08.09  309.7  009.26  25.284  1019.291  1480.31 
2024 01 26 16 37 03.77  28.838  10.612  0001.42  05.89  08.09  309.7  009.26  25.284  1019.291  1480.30 
2024 01 26 16 37 04.02  28.841  10.612  0001.38  05.72  08.09  309.7  009.26  25.288  1019.293  1480.31 
2024 01 26 16 37 04.27  28.839  10.613  0001.31  05.53  08.09  309.7  009.26  25.286  1019.292  1480.30 
2024 01 26 16 37 04.52  28.840  10.613  0001.25  05.58  08.09  309.7  009.26  25.286  1019.291  1480.31 
2024 01 26 16 37 04.77  28.841  10.613  0001.22  05.39  08.09  309.7  009.26  25.287  1019.292  1480.31 
2024 01 26 16 37 05.02  28.842  10.611  0001.25  05.08  08.09  309.7  009.26  25.289  1019.294  1480.30 
2024 01 26 16 37 05.27  28.842  10.611  0001.29  05.49  08.09  309.7  009.26  25.289  1019.294  1480.30 
2024 01 26 16 37 05.52  28.842  10.610  0001.37  05.58  08.09  309.7  009.26  25.290  1019.295  1480.30 
2024 01 26 16 37 05.77  28.843  10.605  0001.40  06.23  08.09  309.7  009.26  25.295  1019.300  1480.29 
2024 01 26 16 37 06.02  28.842  10.611  0001.39  05.91  08.09  309.7  009.26  25.290  1019.295  1480.30 
2024 01 26 16 37 06.27  28.842  10.609  0001.35  05.47  08.09  309.7  009.26  25.290  1019.296  1480.30 
2024 01 26 16 37 06.52  28.844  10.607  0001.31  05.39  08.09  309.7  009.26  25.294  1019.299  1480.30 
2024 01 26 16 37 06.77  28.843  10.610  0001.25  05.62  08.09  309.7  009.26  25.291  1019.296  1480.30 
2024 01 26 16 37 07.02  28.843  10.607  0001.27  05.57  08.09  309.7  009.26  25.293  1019.298  1480.29 
2024 01 26 16 37 07.27  28.845  10.606  0001.28  05.65  08.09  309.7  009.26  25.295  1019.300  1480.29 
2024 01 26 16 37 07.52  28.845  10.595  0001.29  05.46  08.09  309.7  009.26  25.303  1019.308  1480.26 
2024 01 26 16 37 07.77  28.843  10.595  0001.31  05.57  08.09  309.9  009.26  25.302  1019.307  1480.26 
2024 01 26 16 37 08.02  28.843  10.600  0001.34  06.12  08.09  309.9  009.26  25.299  1019.304  1480.27 
2024 01 26 16 37 08.27  28.845  10.602  0001.34  06.16  08.09  309.9  009.26  25.298  1019.303  1480.28 
2024 01 26 16 37 08.52  28.843  10.602  0001.33  05.91  08.09  309.9  009.26  25.297  1019.302  1480.28 
2024 01 26 16 37 08.77  28.844  10.601  0001.34  05.72  08.09  309.9  009.26  25.298  1019.303  1480.28 
2024 01 26 16 37 09.02  28.843  10.601  0001.33  05.70  08.09  309.9  009.26  25.298  1019.303  1480.28 
2024 01 26 16 37 09.27  28.842  10.603  0001.32  05.72  08.09  309.9  009.26  25.295  1019.300  1480.28 
2024 01 26 16 37 09.52  28.841  10.610  0001.28  05.41  08.09  309.9  009.26  25.289  1019.294  1480.30 
2024 01 26 16 37 09.77  28.842  10.610  0001.25  05.30  08.09  309.9  009.26  25.290  1019.295  1480.30 
2024 01 26 16 37 10.02  28.840  10.609  0001.25  05.60  08.09  309.9  009.26  25.289  1019.294  1480.29 
2024 01 26 16 37 10.27  28.840  10.606  0001.28  05.37  08.09  309.9  009.26  25.291  1019.296  1480.29 
2024 01 26 16 37 10.52  28.842  10.605  0001.34  05.33  08.09  309.9  009.26  25.294  1019.299  1480.29 
2024 01 26 16 37 10.77  28.838  10.610  0001.38  05.60  08.09  309.9  009.26  25.286  1019.293  1480.30 
2024 01 26 16 37 11.02  28.840  10.610  0001.40  06.06  08.09  309.9  009.26  25.288  1019.294  1480.30 
2024 01 26 16 37 11.27  28.842  10.607  0001.35  05.80  08.09  309.9  009.26  25.292  1019.297  1480.29 
2024 01 26 16 37 11.52  28.842  10.610  0001.28  06.34  08.09  309.9  009.26  25.291  1019.296  1480.30 
2024 01 26 16 37 11.77  28.839  10.607  0001.22  05.72  08.09  309.9  009.26  25.290  1019.295  1480.29 
2024 01 26 16 37 12.02  28.842  10.602  0001.19  05.53  08.09  309.9  009.26  25.295  1019.300  1480.28 
2024 01 26 16 37 12.27  28.840  10.606  0001.22  05.45  08.09  309.9  009.26  25.291  1019.296  1480.29 
2024 01 26 16 37 12.52  28.842  10.604  0001.27  05.34  08.09  309.9  009.26  25.294  1019.299  1480.28 
2024 01 26 16 37 12.77  28.843  10.607  0001.36  05.72  08.09  309.9  009.26  25.294  1019.299  1480.29 
2024 01 26 16 37 13.02  28.842  10.610  0001.42  05.95  08.09  309.9  009.26  25.290  1019.296  1480.30 
2024 01 26 16 37 13.27  28.841  10.607  0001.40  05.72  08.09  309.9  009.26  25.291  1019.297  1480.29 
2024 01 26 16 37 13.52  28.839  10.606  0001.32  05.39  08.09  309.9  009.26  25.290  1019.296  1480.29 
2024 01 26 16 37 13.77  28.839  10.610  0001.27  05.30  08.09  309.6  009.26  25.288  1019.293  1480.30 
2024 01 26 16 37 14.02  28.843  10.610  0001.20  05.72  08.09  309.6  009.26  25.291  1019.296  1480.30 
2024 01 26 16 37 14.27  28.843  10.608  0001.24  05.48  08.09  309.6  009.26  25.293  1019.297  1480.29 
2024 01 26 16 37 14.52  28.844  10.605  0001.26  05.63  08.09  309.6  009.26  25.296  1019.300  1480.29 
2024 01 26 16 37 14.77  28.846  10.603  0001.33  05.64  08.09  309.6  009.26  25.299  1019.303  1480.28 
2024 01 26 16 37 15.02  28.842  10.604  0001.36  05.47  08.09  309.6  009.26  25.295  1019.300  1480.29 
2024 01 26 16 37 15.27  28.844  10.605  0001.37  05.60  08.09  309.6  009.26  25.296  1019.301  1480.29 
2024 01 26 16 37 15.52  28.846  10.603  0001.36  05.68  08.09  309.6  009.26  25.299  1019.303  1480.29 
2024 01 26 16 37 15.77  28.842  10.602  0001.30  05.54  08.09  309.6  009.26  25.295  1019.300  1480.28 
2024 01 26 16 37 16.02  28.842  10.598  0001.29  05.59  08.09  309.6  009.26  25.299  1019.304  1480.27 
2024 01 26 16 37 16.27  28.842  10.600  0001.27  05.24  08.09  309.6  009.26  25.297  1019.302  1480.27 
2024 01 26 16 37 16.52  28.842  10.604  0001.31  05.27  08.09  309.6  009.26  25.295  1019.300  1480.28 
2024 01 26 16 37 16.77  28.842  10.606  0001.34  05.53  08.09  309.8  009.26  25.293  1019.298  1480.29 
2024 01 26 16 37 17.02  28.842  10.607  0001.34  06.47  08.09  309.8  009.26  25.293  1019.298  1480.29 
2024 01 26 16 37 17.27  28.840  10.607  0001.32  05.88  08.09  309.8  009.26  25.291  1019.296  1480.29 
2024 01 26 16 37 17.52  28.842  10.609  0001.29  05.59  08.09  309.8  009.26  25.290  1019.295  1480.30 
2024 01 26 16 37 17.77  28.841  10.609  0001.27  06.03  08.09  309.8  009.26  25.290  1019.295  1480.29 
2024 01 26 16 37 18.02  28.839  10.610  0001.28  05.43  08.09  309.8  009.26  25.288  1019.293  1480.30 
2024 01 26 16 37 18.27  28.840  10.610  0001.32  05.54  08.09  309.8  009.26  25.288  1019.294  1480.30 
2024 01 26 16 37 18.52  28.842  10.600  0001.36  05.86  08.09  309.8  009.26  25.298  1019.303  1480.27 
2024 01 26 16 37 18.77  28.842  10.598  0001.38  06.18  08.09  309.8  009.26  25.298  1019.304  1480.27 
2024 01 26 16 37 19.02  28.841  10.593  0001.37  06.13  08.09  309.8  009.26  25.301  1019.306  1480.25 
2024 01 26 16 37 19.27  28.843  10.606  0001.34  05.93  08.09  309.8  009.26  25.294  1019.299  1480.29 
2024 01 26 16 37 19.52  28.842  10.608  0001.30  05.90  08.09  309.8  009.26  25.291  1019.296  1480.30 
2024 01 26 16 37 19.77  28.842  10.607  0001.25  05.64  08.09  310.0  009.26  25.293  1019.298  1480.29 
2024 01 26 16 37 20.02  28.842  10.607  0001.26  05.65  08.09  310.0  009.26  25.292  1019.297  1480.29 
2024 01 26 16 37 20.27  28.842  10.608  0001.31  05.43  08.09  310.0  009.26  25.292  1019.297  1480.30 
2024 01 26 16 37 20.52  28.843  10.615  0001.34  05.61  08.09  310.0  009.26  25.288  1019.293  1480.32 
2024 01 26 16 37 20.77  28.842  10.615  0001.35  05.56  08.09  310.0  009.26  25.286  1019.292  1480.32 
2024 01 26 16 37 21.02  28.842  10.615  0001.33  05.46  08.09  310.0  009.26  25.287  1019.292  1480.32 
2024 01 26 16 37 21.27  28.842  10.615  0001.29  05.51  08.09  310.0  009.26  25.286  1019.291  1480.31 
2024 01 26 16 37 21.52  28.843  10.616  0001.27  05.31  08.09  310.0  009.26  25.287  1019.292  1480.32 
2024 01 26 16 37 21.77  28.844  10.615  0001.27  05.48  08.09  310.0  009.26  25.288  1019.293  1480.32 
2024 01 26 16 37 22.02  28.843  10.613  0001.32  05.39  08.09  310.0  009.26  25.289  1019.294  1480.31 
2024 01 26 16 37 22.27  28.842  10.614  0001.39  05.82  08.09  310.0  009.26  25.288  1019.293  1480.31 
2024 01 26 16 37 22.52  28.842  10.607  0001.43  05.75  08.09  310.0  009.26  25.292  1019.298  1480.29 
2024 01 26 16 37 22.77  28.842  10.605  0001.38  05.80  08.09  309.8  009.26  25.293  1019.299  1480.29 
2024 01 26 16 37 23.02  28.845  10.612  0001.32  05.87  08.09  309.8  009.26  25.291  1019.296  1480.31 
2024 01 26 16 37 23.27  28.846  10.623  0001.21  05.61  08.09  309.8  009.26  25.285  1019.289  1480.34 
2024 01 26 16 37 23.52  28.846  10.625  0001.14  05.38  08.09  309.8  009.26  25.283  1019.287  1480.35 
2024 01 26 16 37 23.77  28.846  10.622  0001.18  05.33  08.09  309.8  009.26  25.286  1019.289  1480.34 
2024 01 26 16 37 24.02  28.847  10.619  0001.25  05.21  08.09  309.8  009.26  25.289  1019.292  1480.33 
2024 01 26 16 37 24.27  28.846  10.627  0001.37  05.38  08.09  309.8  009.26  25.283  1019.287  1480.35 
2024 01 26 16 37 24.52  28.847  10.627  0001.47  05.50  08.09  309.8  009.26  25.283  1019.288  1480.36 
2024 01 26 16 37 24.77  28.846  10.624  0001.45  05.57  08.09  309.8  009.26  25.284  1019.289  1480.35 
2024 01 26 16 37 25.02  28.847  10.623  0001.37  05.50  08.09  309.8  009.26  25.286  1019.291  1480.34 
2024 01 26 16 37 25.27  28.848  10.626  0001.25  05.56  08.09  309.8  009.26  25.285  1019.289  1480.35 
2024 01 26 16 37 25.52  28.846  10.627  0001.18  05.53  08.09  309.8  009.26  25.283  1019.286  1480.35 
2024 01 26 16 37 25.77  28.848  10.626  0001.16  05.57  08.09  309.7  009.26  25.285  1019.288  1480.35 
2024 01 26 16 37 26.02  28.847  10.624  0001.26  05.45  08.09  309.7  009.26  25.285  1019.289  1480.35 
2024 01 26 16 37 26.27  28.846  10.626  0001.35  05.35  08.09  309.7  009.26  25.283  1019.287  1480.35 
2024 01 26 16 37 26.52  28.850  10.628  0001.46  05.72  08.09  309.7  009.26  25.286  1019.290  1480.36 
2024 01 26 16 37 26.77  28.849  10.628  0001.47  05.40  08.09  309.7  009.26  25.284  1019.289  1480.36 
2024 01 26 16 37 27.02  28.848  10.626  0001.43  05.56  08.09  309.7  009.26  25.285  1019.289  1480.36 
2024 01 26 16 37 27.27  28.848  10.624  0001.36  05.65  08.09  309.7  009.26  25.286  1019.290  1480.35 
2024 01 26 16 37 27.52  28.849  10.626  0001.29  05.46  08.09  309.7  009.26  25.286  1019.289  1480.35 
2024 01 26 16 37 27.77  28.850  10.624  0001.31  05.64  08.09  309.7  009.26  25.288  1019.291  1480.35 
2024 01 26 16 37 28.02  28.848  10.618  0001.34  05.39  08.09  309.7  009.26  25.290  1019.294  1480.33 
2024 01 26 16 37 28.27  28.848  10.616  0001.42  05.35  08.09  309.7  009.26  25.292  1019.296  1480.33 
2024 01 26 16 37 28.52  28.845  10.613  0001.44  05.96  08.09  309.7  009.26  25.290  1019.296  1480.32 
2024 01 26 16 37 28.77  28.846  10.616  0001.43  05.68  08.09  309.8  009.26  25.290  1019.295  1480.32 
2024 01 26 16 37 29.02  28.847  10.618  0001.40  05.41  08.09  309.8  009.26  25.290  1019.294  1480.33 
2024 01 26 16 37 29.27  28.844  10.613  0001.36  05.32  08.09  309.8  009.26  25.290  1019.295  1480.31 
2024 01 26 16 37 29.52  28.846  10.614  0001.35  05.48  08.09  309.8  009.26  25.291  1019.296  1480.32 
2024 01 26 16 37 29.77  28.847  10.614  0001.34  05.26  08.09  309.8  009.26  25.293  1019.297  1480.32 
2024 01 26 16 37 30.02  28.849  10.609  0001.36  05.24  08.09  309.8  009.26  25.298  1019.302  1480.31 
2024 01 26 16 37 30.27  28.848  10.610  0001.40  05.80  08.09  309.8  009.26  25.296  1019.300  1480.31 
2024 01 26 16 37 30.52  28.848  10.617  0001.44  05.76  08.09  309.8  009.26  25.291  1019.295  1480.33 
2024 01 26 16 37 30.77  28.847  10.616  0001.43  05.88  08.09  309.8  009.26  25.291  1019.296  1480.33 
2024 01 26 16 37 31.02  28.846  10.618  0001.44  05.75  08.09  309.8  009.26  25.289  1019.294  1480.33 
2024 01 26 16 37 31.27  28.847  10.618  0001.37  05.50  08.09  309.8  009.26  25.289  1019.294  1480.33 
2024 01 26 16 37 31.52  28.846  10.618  0001.36  05.26  08.09  309.8  009.26  25.289  1019.293  1480.33 
2024 01 26 16 37 31.77  28.846  10.617  0001.35  05.40  08.09  309.8  009.26  25.288  1019.293  1480.33 
2024 01 26 16 37 32.02  28.846  10.618  0001.34  05.36  08.09  309.8  009.26  25.289  1019.293  1480.33 
2024 01 26 16 37 32.27  28.849  10.618  0001.39  05.16  08.09  309.8  009.26  25.291  1019.295  1480.33 
2024 01 26 16 37 32.52  28.849  10.621  0001.47  05.61  08.09  309.8  009.26  25.289  1019.293  1480.34 
2024 01 26 16 37 32.77  28.847  10.617  0001.50  06.06  08.09  309.8  009.26  25.290  1019.295  1480.33 
2024 01 26 16 37 33.02  28.848  10.620  0001.50  05.73  08.09  309.8  009.26  25.289  1019.294  1480.34 
2024 01 26 16 37 33.27  28.847  10.622  0001.42  05.53  08.09  309.8  009.26  25.287  1019.291  1480.34 
2024 01 26 16 37 33.52  28.849  10.619  0001.39  05.73  08.09  309.8  009.26  25.291  1019.295  1480.33 
2024 01 26 16 37 33.77  28.848  10.617  0001.31  05.95  08.09  309.8  009.26  25.291  1019.295  1480.33 
2024 01 26 16 37 34.02  28.848  10.617  0001.34  05.60  08.09  309.8  009.26  25.291  1019.295  1480.33 
2024 01 26 16 37 34.27  28.850  10.616  0001.43  05.35  08.09  309.8  009.26  25.293  1019.297  1480.33 
2024 01 26 16 37 34.52  28.849  10.618  0001.52  05.44  08.09  309.8  009.26  25.291  1019.296  1480.33 
2024 01 26 16 37 34.77  28.853  10.609  0001.61  05.44  08.09  309.6  009.26  25.301  1019.306  1480.31 
2024 01 26 16 37 35.02  28.851  10.611  0001.63  05.55  08.09  309.6  009.26  25.298  1019.303  1480.32 
2024 01 26 16 37 35.27  28.849  10.617  0001.53  05.44  08.09  309.6  009.26  25.292  1019.296  1480.33 
2024 01 26 16 37 35.52  28.849  10.617  0001.39  05.58  08.09  309.6  009.26  25.292  1019.296  1480.33 
2024 01 26 16 37 35.77  28.850  10.626  0001.25  05.49  08.09  309.6  009.26  25.287  1019.290  1480.35 
2024 01 26 16 37 36.02  28.850  10.626  0001.18  05.21  08.09  309.6  009.26  25.288  1019.290  1480.35 
2024 01 26 16 37 36.27  28.849  10.617  0001.24  05.29  08.09  309.6  009.26  25.292  1019.295  1480.33 
2024 01 26 16 37 36.52  28.850  10.623  0001.33  05.47  08.09  309.6  009.26  25.288  1019.292  1480.35 
2024 01 26 16 37 36.77  28.854  10.631  0001.47  05.48  08.09  309.6  009.26  25.287  1019.290  1480.38 
2024 01 26 16 37 37.02  28.850  10.619  0001.56  05.45  08.09  309.6  009.26  25.291  1019.295  1480.34 
2024 01 26 16 37 37.27  28.852  10.622  0001.52  05.49  08.09  309.6  009.26  25.291  1019.295  1480.35 
2024 01 26 16 37 37.52  28.852  10.626  0001.39  05.38  08.09  309.6  009.26  25.289  1019.292  1480.36 
2024 01 26 16 37 37.77  28.854  10.630  0001.24  05.55  08.09  309.7  009.26  25.287  1019.289  1480.37 
2024 01 26 16 37 38.02  28.850  10.627  0001.16  05.30  08.09  309.7  009.26  25.286  1019.289  1480.36 
2024 01 26 16 37 38.27  28.853  10.627  0001.19  06.19  08.09  309.7  009.26  25.289  1019.291  1480.36 
2024 01 26 16 37 38.52  28.850  10.628  0001.28  05.88  08.09  309.7  009.26  25.285  1019.288  1480.36 
2024 01 26 16 37 38.77  28.850  10.631  0001.36  05.48  08.09  309.7  009.26  25.284  1019.287  1480.37 
2024 01 26 16 37 39.02  28.854  10.631  0001.49  05.39  08.09  309.7  009.26  25.287  1019.290  1480.38 
2024 01 26 16 37 39.27  28.854  10.629  0001.53  05.42  08.09  309.7  009.26  25.288  1019.292  1480.37 
2024 01 26 16 37 39.52  28.854  10.630  0001.49  05.48  08.09  309.7  009.26  25.288  1019.291  1480.37 
2024 01 26 16 37 39.77  28.851  10.630  0001.39  05.53  08.09  309.7  009.26  25.285  1019.289  1480.37 
2024 01 26 16 37 40.02  28.853  10.627  0001.28  05.62  08.09  309.7  009.26  25.289  1019.291  1480.36 
2024 01 26 16 37 40.27  28.851  10.628  0001.29  05.47  08.09  309.7  009.26  25.286  1019.289  1480.36 
2024 01 26 16 37 40.52  28.852  10.628  0001.37  05.26  08.09  309.7  009.26  25.287  1019.291  1480.36 
2024 01 26 16 37 40.77  28.854  10.631  0001.46  05.13  08.09  309.6  009.26  25.287  1019.290  1480.38 
2024 01 26 16 37 41.02  28.852  10.620  0001.51  05.29  08.09  309.6  009.26  25.292  1019.296  1480.34 
2024 01 26 16 37 41.27  28.852  10.625  0001.54  05.45  08.09  309.6  009.26  25.289  1019.293  1480.36 
2024 01 26 16 37 41.52  28.851  10.629  0001.56  05.31  08.09  309.6  009.26  25.286  1019.290  1480.37 
2024 01 26 16 37 41.77  28.852  10.623  0001.56  05.47  08.09  309.6  009.26  25.291  1019.295  1480.35 
2024 01 26 16 37 42.02  28.851  10.618  0001.55  05.45  08.09  309.6  009.26  25.293  1019.297  1480.34 
2024 01 26 16 37 42.27  28.854  10.613  0001.50  05.29  08.09  309.6  009.26  25.299  1019.303  1480.32 
2024 01 26 16 37 42.52  28.853  10.612  0001.48  05.19  08.09  309.6  009.26  25.299  1019.303  1480.32 
2024 01 26 16 37 42.77  28.853  10.614  0001.44  05.38  08.09  309.6  009.26  25.298  1019.301  1480.33 
2024 01 26 16 37 43.02  28.851  10.614  0001.44  05.61  08.09  309.6  009.26  25.296  1019.300  1480.32 
2024 01 26 16 37 43.27  28.852  10.611  0001.49  05.82  08.09  309.6  009.26  25.299  1019.302  1480.32 
2024 01 26 16 37 43.52  28.851  10.606  0001.52  06.07  08.09  309.6  009.26  25.302  1019.306  1480.30 
2024 01 26 16 37 43.77  28.853  10.606  0001.54  06.13  08.09  309.7  009.26  25.303  1019.307  1480.31 
2024 01 26 16 37 44.02  28.852  10.609  0001.56  05.83  08.09  309.7  009.26  25.300  1019.304  1480.31 
2024 01 26 16 37 44.27  28.853  10.612  0001.56  06.10  08.09  309.7  009.26  25.299  1019.303  1480.32 
2024 01 26 16 37 44.52  28.851  10.612  0001.60  05.77  08.09  309.7  009.26  25.297  1019.302  1480.32 
2024 01 26 16 37 44.77  28.853  10.603  0001.62  05.54  08.09  309.7  009.26  25.306  1019.310  1480.30 
2024 01 26 16 37 45.02  28.860  10.590  0001.67  05.65  08.09  309.7  009.26  25.321  1019.324  1480.27 
2024 01 26 16 37 45.27  28.872  10.595  0001.73  06.07  08.09  309.7  009.26  25.329  1019.330  1480.30 
2024 01 26 16 37 45.52  28.873  10.595  0001.77  06.02  08.09  309.7  009.26  25.330  1019.331  1480.30 
2024 01 26 16 37 45.77  28.863  10.597  0001.77  06.14  08.09  309.7  009.26  25.319  1019.322  1480.30 
2024 01 26 16 37 46.02  28.865  10.598  0001.80  05.82  08.09  309.7  009.26  25.320  1019.323  1480.30 
2024 01 26 16 37 46.27  28.883  10.600  0001.88  06.07  08.09  309.7  009.26  25.337  1019.336  1480.33 
2024 01 26 16 37 46.52  28.893  10.600  0001.96  06.23  08.09  309.7  009.26  25.345  1019.343  1480.34 
2024 01 26 16 37 46.77  28.908  10.612  0002.02  05.79  08.09  309.6  009.26  25.352  1019.346  1480.39 
2024 01 26 16 37 47.02  28.917  10.616  0002.12  06.04  08.09  309.6  009.26  25.358  1019.351  1480.42 
2024 01 26 16 37 47.27  28.932  10.632  0002.19  05.93  08.09  309.6  009.26  25.361  1019.351  1480.48 
2024 01 26 16 37 47.52  28.943  10.648  0002.22  05.98  08.09  309.6  009.26  25.361  1019.349  1480.54 
2024 01 26 16 37 47.77  28.940  10.632  0002.22  05.86  08.09  309.6  009.26  25.369  1019.357  1480.49 
2024 01 26 16 37 48.02  28.932  10.627  0002.19  05.81  08.09  309.6  009.26  25.365  1019.355  1480.47 
2024 01 26 16 37 48.27  28.936  10.629  0002.21  06.10  08.09  309.6  009.26  25.368  1019.357  1480.48 
2024 01 26 16 37 48.52  28.948  10.633  0002.28  05.91  08.09  309.6  009.26  25.377  1019.363  1480.50 
2024 01 26 16 37 48.77  28.982  10.647  0002.36  06.29  08.09  309.6  009.26  25.399  1019.379  1480.58 
2024 01 26 16 37 49.02  28.986  10.649  0002.44  05.88  08.09  309.6  009.26  25.401  1019.381  1480.60 
2024 01 26 16 37 49.27  28.982  10.645  0002.44  05.68  08.09  309.6  009.26  25.400  1019.380  1480.58 
2024 01 26 16 37 49.52  28.974  10.647  0002.40  05.71  08.09  309.6  009.26  25.391  1019.373  1480.57 
2024 01 26 16 37 49.77  28.982  10.652  0002.35  05.74  08.09  310.3  009.26  25.396  1019.376  1480.60 
2024 01 26 16 37 50.02  29.001  10.660  0002.33  05.65  08.09  310.3  009.26  25.408  1019.384  1480.64 
2024 01 26 16 37 50.27  29.026  10.686  0002.34  05.84  08.09  310.3  009.26  25.415  1019.385  1480.74 
2024 01 26 16 37 50.52  29.049  10.696  0002.42  06.03  08.09  310.3  009.26  25.430  1019.396  1480.80 
2024 01 26 16 37 50.77  29.059  10.704  0002.54  05.64  08.09  310.3  009.26  25.434  1019.398  1480.84 
2024 01 26 16 37 51.02  29.069  10.717  0002.58  05.67  08.09  310.3  009.26  25.435  1019.397  1480.88 
2024 01 26 16 37 51.27  29.056  10.702  0002.56  05.62  08.09  310.3  009.26  25.432  1019.397  1480.83 
2024 01 26 16 37 51.52  29.045  10.695  0002.45  05.48  08.09  310.3  009.26  25.427  1019.394  1480.79 
2024 01 26 16 37 51.77  29.032  10.685  0002.33  05.36  08.09  310.3  009.26  25.421  1019.390  1480.75 
2024 01 26 16 37 52.02  29.011  10.672  0002.26  05.36  08.09  310.3  009.26  25.410  1019.383  1480.69 
2024 01 26 16 37 52.27  29.014  10.674  0002.24  05.49  08.09  310.3  009.26  25.411  1019.383  1480.69 
2024 01 26 16 37 52.52  29.025  10.680  0002.31  05.68  08.09  310.3  009.26  25.418  1019.388  1480.72 
2024 01 26 16 37 52.77  29.008  10.665  0002.45  05.75  08.09  310.0  009.26  25.412  1019.386  1480.67 
2024 01 26 16 37 53.02  29.042  10.696  0002.55  05.67  08.09  310.0  009.26  25.424  1019.391  1480.79 
2024 01 26 16 37 53.27  29.042  10.687  0002.57  05.52  08.09  310.0  009.26  25.430  1019.397  1480.77 
2024 01 26 16 37 53.52  29.018  10.674  0002.52  05.62  08.09  310.0  009.26  25.416  1019.388  1480.70 
2024 01 26 16 37 53.77  29.025  10.681  0002.45  05.58  08.09  310.0  009.26  25.417  1019.388  1480.73 
2024 01 26 16 37 54.02  29.023  10.679  0002.40  05.43  08.09  310.0  009.26  25.417  1019.388  1480.72 
2024 01 26 16 37 54.27  29.028  10.684  0002.35  05.55  08.09  310.0  009.26  25.418  1019.388  1480.74 
2024 01 26 16 37 54.52  29.031  10.685  0002.45  05.55  08.09  310.0  009.26  25.421  1019.390  1480.75 
2024 01 26 16 37 54.77  29.036  10.691  0002.59  05.32  08.09  310.0  009.26  25.421  1019.390  1480.77 
2024 01 26 16 37 55.02  29.105  10.744  0002.72  05.56  08.09  310.0  009.26  25.451  1019.405  1481.00 
2024 01 26 16 37 55.27  29.134  10.744  0002.80  05.34  08.09  310.0  009.26  25.478  1019.427  1481.04 
2024 01 26 16 37 55.52  29.094  10.717  0002.76  05.45  08.09  310.0  009.26  25.458  1019.416  1480.92 
2024 01 26 16 37 55.77  29.142  10.739  0002.66  05.25  08.09  310.3  009.26  25.490  1019.436  1481.03 
2024 01 26 16 37 56.02  29.107  10.735  0002.56  05.58  08.09  310.3  009.26  25.458  1019.412  1480.98 
2024 01 26 16 37 56.27  29.100  10.729  0002.48  05.42  08.09  310.3  009.26  25.457  1019.411  1480.95 
2024 01 26 16 37 56.52  29.099  10.722  0002.43  05.25  08.09  310.3  009.26  25.460  1019.415  1480.93 
2024 01 26 16 37 56.77  29.098  10.719  0002.51  05.16  08.09  310.3  009.26  25.461  1019.417  1480.92 
2024 01 26 16 37 57.02  29.081  10.710  0002.58  05.48  08.09  310.3  009.26  25.452  1019.411  1480.88 
2024 01 26 16 37 57.27  29.100  10.743  0002.65  05.62  08.09  310.3  009.26  25.447  1019.402  1480.99 
2024 01 26 16 37 57.52  29.127  10.749  0002.77  05.57  08.09  310.3  009.26  25.468  1019.418  1481.04 
2024 01 26 16 37 57.77  29.273  10.753  0002.87  05.28  08.09  310.3  009.26  25.606  1019.525  1481.23 
2024 01 26 16 37 58.02  29.449  10.688  0002.99  05.49  08.09  310.3  009.26  25.822  1019.703  1481.25 
2024 01 26 16 37 58.27  29.558  10.616  0003.14  05.86  08.09  310.3  009.26  25.978  1019.837  1481.18 
2024 01 26 16 37 58.52  29.636  10.550  0003.27  05.81  08.09  310.3  009.26  26.101  1019.943  1481.09 
2024 01 26 16 37 58.77  29.717  10.413  0003.41  05.73  08.09  310.1  009.26  26.278  1020.104  1480.81 
2024 01 26 16 37 59.02  29.738  10.367  0003.55  05.96  08.09  310.1  009.26  26.331  1020.153  1480.71 
2024 01 26 16 37 59.27  29.757  10.344  0003.74  06.02  08.08  310.1  009.26  26.367  1020.185  1480.67 
2024 01 26 16 37 59.52  29.817  10.379  0003.89  07.12  08.08  310.1  009.26  26.400  1020.206  1480.84 
2024 01 26 16 37 59.77  29.825  10.381  0004.04  07.32  08.08  310.1  009.26  26.406  1020.211  1480.86 
2024 01 26 16 38 00.02  29.833  10.394  0004.22  07.47  08.09  310.1  009.26  26.405  1020.209  1480.91 
2024 01 26 16 38 00.27  29.842  10.403  0004.41  07.59  08.09  310.1  009.26  26.407  1020.210  1480.94 
2024 01 26 16 38 00.52  29.868  10.431  0004.58  07.94  08.09  310.1  009.26  26.412  1020.210  1481.05 
2024 01 26 16 38 00.77  29.892  10.443  0004.74  07.66  08.08  310.1  009.26  26.427  1020.221  1481.12 
2024 01 26 16 38 01.02  29.966  10.499  0004.92  08.27  08.09  310.1  009.26  26.458  1020.237  1481.36 
2024 01 26 16 38 01.27  30.714  10.747  0005.11  09.08  08.09  310.1  009.26  27.004  1020.622  1482.92 
2024 01 26 16 38 01.52  30.992  10.691  0005.27  10.11  08.08  310.1  009.29  27.316  1020.875  1483.10 
2024 01 26 16 38 01.77  31.081  10.453  0005.47  11.69  08.08  312.5  009.26  27.581  1021.120  1482.56 
2024 01 26 16 38 02.02  31.176  10.309  0005.65  13.49  08.07  312.5  009.26  27.785  1021.302  1482.28 
2024 01 26 16 38 02.27  31.502  10.332  0005.81  14.17  08.07  312.5  009.26  28.087  1021.534  1482.74 
2024 01 26 16 38 02.52  31.705  10.262  0006.01  14.38  08.07  312.5  009.26  28.342  1021.745  1482.79 
2024 01 26 16 38 02.77  31.716  10.209  0006.18  14.55  08.07  312.5  009.26  28.395  1021.795  1482.67 
2024 01 26 16 38 03.02  31.737  10.129  0006.38  15.07  08.07  312.5  009.26  28.478  1021.874  1482.48 
2024 01 26 16 38 03.27  31.736  10.098  0006.59  15.31  08.07  312.5  009.26  28.501  1021.897  1482.40 
2024 01 26 16 38 03.52  31.736  10.077  0006.79  15.36  08.07  312.5  009.26  28.519  1021.915  1482.34 
2024 01 26 16 38 03.77  31.777  10.065  0006.98  15.38  08.06  312.5  009.26  28.568  1021.956  1482.37 
2024 01 26 16 38 04.02  31.790  10.051  0007.14  15.37  08.07  312.5  009.26  28.592  1021.978  1482.35 
2024 01 26 16 38 04.27  31.795  10.035  0007.34  15.54  08.07  312.5  009.26  28.609  1021.995  1482.31 
2024 01 26 16 38 04.52  31.796  10.021  0007.56  16.03  08.07  312.5  009.26  28.621  1022.008  1482.28 
2024 01 26 16 38 04.77  31.814  10.012  0007.72  16.24  08.07  311.9  009.26  28.646  1022.029  1482.28 
2024 01 26 16 38 05.02  31.827  09.982  0007.94  16.35  08.07  311.9  009.26  28.683  1022.064  1482.22 
2024 01 26 16 38 05.27  31.851  09.980  0008.13  16.81  08.07  311.9  009.26  28.709  1022.085  1482.24 
2024 01 26 16 38 05.52  31.888  09.974  0008.31  16.82  08.07  311.9  009.26  28.750  1022.118  1482.27 
2024 01 26 16 38 05.77  31.901  09.971  0008.54  16.48  08.07  311.9  009.26  28.765  1022.132  1482.29 
2024 01 26 16 38 06.02  31.926  09.967  0008.73  15.34  08.07  311.9  009.26  28.794  1022.156  1482.31 
2024 01 26 16 38 06.27  31.950  09.956  0008.95  14.50  08.07  311.9  009.26  28.826  1022.183  1482.31 
2024 01 26 16 38 06.52  31.958  09.955  0009.17  14.24  08.06  311.9  009.26  28.836  1022.192  1482.32 
2024 01 26 16 38 06.77  31.973  09.950  0009.35  14.20  08.06  311.9  009.26  28.853  1022.208  1482.33 
2024 01 26 16 38 07.02  31.989  09.947  0009.56  13.83  08.06  311.9  009.26  28.872  1022.224  1482.34 
2024 01 26 16 38 07.27  31.994  09.945  0009.75  13.36  08.06  311.9  009.26  28.878  1022.229  1482.35 
2024 01 26 16 38 07.52  31.994  09.945  0009.94  13.35  08.06  311.9  009.26  28.878  1022.230  1482.35 
2024 01 26 16 38 07.77  31.995  09.941  0010.13  13.27  08.06  314.3  009.26  28.882  1022.235  1482.35 
2024 01 26 16 38 08.02  31.999  09.942  0010.31  13.06  08.06  314.3  009.26  28.885  1022.238  1482.36 
2024 01 26 16 38 08.27  32.013  09.948  0010.51  12.74  08.06  314.3  009.26  28.895  1022.246  1482.39 
2024 01 26 16 38 08.52  32.020  09.950  0010.73  12.71  08.06  314.3  009.26  28.899  1022.250  1482.41 
2024 01 26 16 38 08.77  32.032  09.948  0010.90  12.32  08.06  314.3  009.26  28.914  1022.262  1482.42 
2024 01 26 16 38 09.02  32.042  09.943  0011.11  12.09  08.06  314.3  009.26  28.927  1022.275  1482.42 
2024 01 26 16 38 09.27  32.042  09.937  0011.33  11.85  08.05  314.3  009.26  28.932  1022.280  1482.41 
2024 01 26 16 38 09.52  32.035  09.915  0011.52  11.77  08.05  314.3  009.26  28.942  1022.293  1482.35 
2024 01 26 16 38 09.77  32.032  09.877  0011.72  11.76  08.05  314.3  009.26  28.970  1022.321  1482.24 
2024 01 26 16 38 10.02  32.032  09.866  0011.95  11.27  08.05  314.3  009.26  28.979  1022.331  1482.21 
2024 01 26 16 38 10.27  32.030  09.857  0012.15  10.78  08.05  314.3  009.26  28.984  1022.337  1482.19 
2024 01 26 16 38 10.52  32.033  09.835  0012.37  11.07  08.05  314.3  009.26  29.005  1022.358  1482.14 
2024 01 26 16 38 10.77  32.040  09.791  0012.58  10.54  08.05  310.8  009.26  29.047  1022.398  1482.03 
2024 01 26 16 38 11.02  32.052  09.737  0012.79  10.45  08.05  310.8  009.26  29.102  1022.451  1481.90 
2024 01 26 16 38 11.27  32.056  09.711  0013.02  10.51  08.04  310.8  009.26  29.127  1022.476  1481.84 
2024 01 26 16 38 11.52  32.057  09.687  0013.23  10.15  08.04  310.8  009.26  29.148  1022.496  1481.78 
2024 01 26 16 38 11.77  32.082  09.585  0013.43  10.02  08.04  310.8  009.26  29.255  1022.597  1481.54 
2024 01 26 16 38 12.02  32.082  09.551  0013.64  09.18  08.04  310.8  009.26  29.283  1022.625  1481.45 
2024 01 26 16 38 12.27  32.072  09.513  0013.84  08.24  08.04  310.8  009.26  29.304  1022.648  1481.34 
2024 01 26 16 38 12.52  32.060  09.478  0014.03  07.93  08.04  310.8  009.26  29.321  1022.667  1481.24 
2024 01 26 16 38 12.77  32.057  09.447  0014.25  07.96  08.03  310.8  009.26  29.343  1022.690  1481.15 
2024 01 26 16 38 13.02  32.056  09.441  0014.45  08.04  08.03  310.8  009.26  29.347  1022.695  1481.14 
2024 01 26 16 38 13.27  31.994  09.333  0014.64  07.55  08.03  310.8  009.26  29.371  1022.731  1480.77 
2024 01 26 16 38 13.52  31.926  09.265  0014.83  07.15  08.03  310.8  009.26  29.358  1022.733  1480.51 
2024 01 26 16 38 13.77  31.842  09.138  0015.05  06.50  08.03  307.8  009.26  29.378  1022.768  1480.06 
2024 01 26 16 38 14.02  31.769  08.917  0015.20  05.98  08.02  307.8  009.26  29.485  1022.886  1479.37 
2024 01 26 16 38 14.27  31.726  08.838  0015.37  05.12  08.02  307.8  009.26  29.507  1022.915  1479.10 
2024 01 26 16 38 14.52  31.706  08.797  0015.61  03.88  08.01  307.8  009.26  29.520  1022.932  1478.97 
2024 01 26 16 38 14.77  31.693  08.769  0015.78  03.13  08.01  307.8  009.26  29.530  1022.945  1478.88 
2024 01 26 16 38 15.02  31.682  08.746  0015.99  02.87  08.00  307.8  009.26  29.537  1022.955  1478.80 
2024 01 26 16 38 15.27  31.671  08.714  0016.22  02.61  08.00  307.8  009.26  29.553  1022.973  1478.70 
2024 01 26 16 38 15.52  31.658  08.672  0016.41  02.50  07.99  307.8  009.26  29.575  1022.997  1478.58 
2024 01 26 16 38 15.77  31.640  08.616  0016.60  02.40  07.99  307.8  009.26  29.603  1023.028  1478.40 
2024 01 26 16 38 16.02  31.631  08.594  0016.77  02.34  07.99  307.8  009.26  29.611  1023.038  1478.33 
2024 01 26 16 38 16.27  31.625  08.588  0016.99  02.25  07.98  307.8  009.26  29.610  1023.039  1478.31 
2024 01 26 16 38 16.52  31.622  08.580  0017.19  02.18  07.98  307.8  009.26  29.614  1023.044  1478.29 
2024 01 26 16 38 16.77  31.619  08.568  0017.38  02.18  07.98  303.5  009.26  29.621  1023.052  1478.26 
2024 01 26 16 38 17.02  31.630  08.543  0017.59  02.31  07.98  303.5  009.26  29.653  1023.082  1478.21 
2024 01 26 16 38 17.27  31.639  08.523  0017.78  02.24  07.98  303.5  009.26  29.679  1023.107  1478.17 
2024 01 26 16 38 17.52  31.646  08.501  0018.03  02.17  07.97  303.5  009.26  29.704  1023.130  1478.12 
2024 01 26 16 38 17.77  31.648  08.481  0018.21  02.27  07.97  303.5  009.26  29.724  1023.150  1478.07 
2024 01 26 16 38 18.02  31.635  08.447  0018.41  02.26  07.97  303.5  009.26  29.739  1023.167  1477.96 
2024 01 26 16 38 18.27  31.624  08.412  0018.63  02.24  07.97  303.5  009.26  29.757  1023.187  1477.85 
2024 01 26 16 38 18.52  31.613  08.358  0018.84  02.28  07.97  303.5  009.26  29.790  1023.222  1477.70 
2024 01 26 16 38 18.77  31.604  08.294  0019.06  02.22  07.97  303.5  009.26  29.836  1023.268  1477.51 
2024 01 26 16 38 19.02  31.584  08.233  0019.25  02.11  07.97  303.5  009.29  29.866  1023.300  1477.32 
2024 01 26 16 38 19.27  31.596  08.236  0019.43  02.01  07.96  303.5  009.26  29.875  1023.309  1477.35 
2024 01 26 16 38 19.52  31.633  08.263  0019.64  02.09  07.96  303.5  009.26  29.892  1023.318  1477.47 
2024 01 26 16 38 19.77  31.697  08.329  0019.86  02.28  07.96  296.4  009.26  29.902  1023.318  1477.74 
2024 01 26 16 38 20.02  31.790  08.415  0020.06  02.51  07.96  296.4  009.26  29.926  1023.326  1478.10 
2024 01 26 16 38 20.27  31.826  08.436  0020.24  02.71  07.96  296.4  009.26  29.946  1023.340  1478.20 
2024 01 26 16 38 20.52  31.846  08.451  0020.44  02.79  07.96  296.4  009.26  29.954  1023.344  1478.27 
2024 01 26 16 38 20.77  31.888  08.495  0020.65  02.90  07.96  296.4  009.26  29.959  1023.343  1478.45 
2024 01 26 16 38 21.02  31.921  08.514  0020.82  03.18  07.96  296.4  009.26  29.978  1023.356  1478.55 
2024 01 26 16 38 21.27  31.915  08.492  0021.01  03.26  07.96  296.4  009.26  29.990  1023.369  1478.48 
2024 01 26 16 38 21.52  31.904  08.454  0021.23  03.08  07.97  296.4  009.26  30.012  1023.393  1478.37 
2024 01 26 16 38 21.77  31.812  08.324  0021.44  03.06  07.97  296.4  009.26  30.026  1023.423  1477.90 
2024 01 26 16 38 22.02  31.667  08.139  0021.64  03.01  07.97  296.4  009.26  30.033  1023.456  1477.20 
2024 01 26 16 38 22.27  31.541  07.904  0021.86  02.40  07.97  296.4  009.26  30.101  1023.543  1476.39 
2024 01 26 16 38 22.52  31.515  07.822  0022.08  01.91  07.96  296.4  009.26  30.144  1023.589  1476.14 
2024 01 26 16 38 22.77  31.510  07.804  0022.25  01.66  07.95  293.6  009.26  30.155  1023.601  1476.08 
2024 01 26 16 38 23.02  31.507  07.796  0022.47  01.48  07.94  293.6  009.26  30.158  1023.605  1476.06 
2024 01 26 16 38 23.27  31.508  07.792  0022.69  01.40  07.94  293.6  009.26  30.163  1023.610  1476.05 
2024 01 26 16 38 23.52  31.506  07.789  0022.93  01.50  07.94  293.6  009.29  30.163  1023.612  1476.05 
2024 01 26 16 38 23.77  31.504  07.787  0023.13  01.56  07.93  293.6  009.26  30.162  1023.613  1476.04 
2024 01 26 16 38 24.02  31.502  07.774  0023.32  01.53  07.93  293.6  009.26  30.171  1023.622  1476.01 
2024 01 26 16 38 24.27  31.494  07.760  0023.54  01.51  07.93  293.6  009.26  30.175  1023.628  1475.96 
2024 01 26 16 38 24.52  31.490  07.741  0023.74  01.52  07.93  293.6  009.26  30.187  1023.642  1475.91 
2024 01 26 16 38 24.77  31.482  07.712  0023.95  01.50  07.93  293.6  009.26  30.203  1023.659  1475.82 
2024 01 26 16 38 25.02  31.477  07.695  0024.20  01.57  07.93  293.6  009.26  30.213  1023.670  1475.77 
2024 01 26 16 38 25.27  31.469  07.680  0024.38  01.49  07.93  293.6  009.26  30.218  1023.677  1475.72 
2024 01 26 16 38 25.52  31.467  07.663  0024.62  01.43  07.92  293.6  009.26  30.230  1023.690  1475.67 
2024 01 26 16 38 25.77  31.467  07.655  0024.82  01.47  07.92  291.4  009.26  30.236  1023.697  1475.65 
2024 01 26 16 38 26.02  31.454  07.617  0025.03  01.47  07.92  291.4  009.26  30.255  1023.718  1475.53 
2024 01 26 16 38 26.27  31.424  07.533  0025.25  01.35  07.92  291.4  009.26  30.296  1023.762  1475.26 
2024 01 26 16 38 26.52  31.405  07.485  0025.45  01.45  07.92  291.4  009.26  30.318  1023.787  1475.10 
2024 01 26 16 38 26.77  31.364  07.393  0025.68  01.32  07.92  291.4  009.26  30.355  1023.829  1474.80 
2024 01 26 16 38 27.02  31.344  07.347  0025.88  01.20  07.91  291.4  009.26  30.374  1023.851  1474.65 
2024 01 26 16 38 27.27  31.356  07.334  0026.08  01.12  07.91  291.4  009.26  30.398  1023.872  1474.63 
2024 01 26 16 38 27.52  31.377  07.340  0026.32  01.13  07.91  291.4  009.26  30.415  1023.886  1474.68 
2024 01 26 16 38 27.77  31.392  07.349  0026.53  01.14  07.90  291.4  009.26  30.423  1023.892  1474.73 
2024 01 26 16 38 28.02  31.408  07.357  0026.75  01.13  07.90  291.4  009.26  30.433  1023.901  1474.78 
2024 01 26 16 38 28.27  31.424  07.363  0026.99  01.12  07.90  291.4  009.26  30.445  1023.910  1474.82 
2024 01 26 16 38 28.52  31.488  07.414  0027.19  01.15  07.90  291.4  009.26  30.469  1023.923  1475.04 
2024 01 26 16 38 28.77  31.495  07.408  0027.42  01.11  07.91  286.9  009.26  30.482  1023.935  1475.04 
2024 01 26 16 38 29.02  31.485  07.388  0027.62  01.05  07.91  286.9  009.26  30.488  1023.943  1474.98 
2024 01 26 16 38 29.27  31.466  07.348  0027.84  00.98  07.91  286.9  009.26  30.503  1023.961  1474.84 
2024 01 26 16 38 29.52  31.448  07.318  0028.05  00.99  07.91  286.9  009.26  30.510  1023.972  1474.74 
2024 01 26 16 38 29.77  31.425  07.274  0028.27  00.95  07.91  286.9  009.26  30.524  1023.989  1474.59 
2024 01 26 16 38 30.02  31.404  07.242  0028.49  00.95  07.91  286.9  009.26  30.530  1023.999  1474.47 
2024 01 26 16 38 30.27  31.381  07.201  0028.73  00.95  07.91  286.9  009.26  30.541  1024.015  1474.33 
2024 01 26 16 38 30.52  31.366  07.180  0028.93  00.88  07.91  286.9  009.26  30.544  1024.021  1474.26 
2024 01 26 16 38 30.77  31.362  07.167  0029.15  00.88  07.91  286.9  009.26  30.549  1024.028  1474.22 
2024 01 26 16 38 31.02  31.367  07.166  0029.37  00.81  07.91  286.9  009.26  30.556  1024.034  1474.23 
2024 01 26 16 38 31.27  31.404  07.196  0029.61  00.84  07.91  286.9  009.26  30.569  1024.042  1474.36 
2024 01 26 16 38 31.52  31.437  07.223  0029.82  00.88  07.91  286.9  009.26  30.581  1024.049  1474.49 
2024 01 26 16 38 31.77  31.493  07.277  0030.05  00.87  07.91  287.1  009.26  30.593  1024.052  1474.72 
2024 01 26 16 38 32.02  31.584  07.366  0030.29  00.87  07.91  287.1  009.26  30.613  1024.057  1475.09 
2024 01 26 16 38 32.27  31.659  07.419  0030.54  00.90  07.91  287.1  009.26  30.646  1024.076  1475.34 
2024 01 26 16 38 32.52  31.697  07.442  0030.75  00.92  07.91  287.1  009.26  30.667  1024.091  1475.46 
2024 01 26 16 38 32.77  31.694  07.426  0031.02  00.92  07.92  287.1  009.26  30.677  1024.102  1475.41 
2024 01 26 16 38 33.02  31.669  07.388  0031.25  00.99  07.92  287.1  009.26  30.683  1024.113  1475.28 
2024 01 26 16 38 33.27  31.647  07.354  0031.50  00.92  07.92  287.1  009.26  30.691  1024.125  1475.16 
2024 01 26 16 38 33.52  31.646  07.350  0031.75  00.85  07.92  287.1  009.26  30.693  1024.128  1475.15 
2024 01 26 16 38 33.77  31.649  07.350  0031.97  00.88  07.92  287.1  009.26  30.695  1024.131  1475.16 
2024 01 26 16 38 34.02  31.652  07.351  0032.25  00.92  07.92  287.1  009.26  30.698  1024.134  1475.17 
2024 01 26 16 38 34.27  31.651  07.347  0032.50  00.88  07.92  287.1  009.26  30.700  1024.138  1475.16 
2024 01 26 16 38 34.52  31.649  07.343  0032.74  00.90  07.92  287.1  009.26  30.702  1024.141  1475.15 
2024 01 26 16 38 34.77  31.648  07.343  0033.03  00.88  07.92  288.9  009.26  30.700  1024.141  1475.15 
2024 01 26 16 38 35.02  31.643  07.337  0033.30  00.84  07.92  288.9  009.26  30.700  1024.143  1475.13 
2024 01 26 16 38 35.27  31.648  07.341  0033.56  00.85  07.92  288.9  009.26  30.701  1024.145  1475.16 
2024 01 26 16 38 35.52  31.649  07.341  0033.84  00.83  07.92  288.9  009.26  30.702  1024.147  1475.16 
2024 01 26 16 38 35.77  31.650  07.342  0034.09  00.77  07.92  288.9  009.26  30.703  1024.148  1475.17 
2024 01 26 16 38 36.02  31.650  07.342  0034.36  00.80  07.92  288.9  009.26  30.703  1024.149  1475.17 
2024 01 26 16 38 36.27  31.650  07.341  0034.62  00.83  07.92  288.9  009.26  30.703  1024.151  1475.17 
2024 01 26 16 38 36.52  31.650  07.339  0034.88  00.83  07.92  288.9  009.26  30.705  1024.153  1475.17 
2024 01 26 16 38 36.77  31.649  07.340  0035.13  00.83  07.92  288.9  009.26  30.703  1024.153  1475.18 
2024 01 26 16 38 37.02  31.648  07.339  0035.34  00.85  07.92  288.9  009.26  30.703  1024.154  1475.18 
2024 01 26 16 38 37.27  31.647  07.338  0035.59  00.93  07.92  288.9  009.26  30.703  1024.156  1475.18 
2024 01 26 16 38 37.52  31.646  07.336  0035.84  00.90  07.92  288.9  009.26  30.704  1024.158  1475.17 
2024 01 26 16 38 37.77  31.645  07.334  0036.05  00.87  07.92  290.6  009.26  30.703  1024.158  1475.17 
2024 01 26 16 38 38.02  31.636  07.325  0036.30  00.89  07.92  290.6  009.26  30.702  1024.160  1475.14 
2024 01 26 16 38 38.27  31.627  07.307  0036.51  00.87  07.92  290.6  009.26  30.709  1024.168  1475.08 
2024 01 26 16 38 38.52  31.637  07.316  0036.77  00.88  07.92  290.6  009.26  30.710  1024.170  1475.12 
2024 01 26 16 38 38.77  31.639  07.316  0037.02  00.89  07.92  290.6  009.26  30.712  1024.172  1475.13 
2024 01 26 16 38 39.02  31.638  07.314  0037.23  00.89  07.92  290.6  009.26  30.713  1024.175  1475.12 
2024 01 26 16 38 39.27  31.636  07.313  0037.46  00.83  07.92  290.6  009.26  30.712  1024.175  1475.12 
2024 01 26 16 38 39.52  31.638  07.316  0037.67  00.83  07.92  290.6  009.26  30.711  1024.175  1475.14 
2024 01 26 16 38 39.77  31.639  07.309  0037.88  00.83  07.92  290.6  009.26  30.718  1024.182  1475.12 
2024 01 26 16 38 40.02  31.631  07.298  0038.07  00.85  07.92  290.6  009.26  30.720  1024.186  1475.08 
2024 01 26 16 38 40.27  31.623  07.281  0038.25  00.78  07.92  290.6  009.26  30.727  1024.194  1475.03 
2024 01 26 16 38 40.52  31.615  07.271  0038.45  00.80  07.92  290.6  009.26  30.727  1024.197  1474.99 
2024 01 26 16 38 40.77  31.608  07.263  0038.67  00.86  07.92  290.6  009.26  30.726  1024.198  1474.97 
2024 01 26 16 38 41.02  31.600  07.252  0038.85  00.81  07.92  290.6  009.26  30.728  1024.201  1474.93 
2024 01 26 16 38 41.27  31.592  07.242  0039.09  00.80  07.92  290.6  009.26  30.727  1024.203  1474.89 
2024 01 26 16 38 41.52  31.589  07.237  0039.28  00.81  07.92  290.6  009.26  30.728  1024.206  1474.88 
2024 01 26 16 38 41.77  31.589  07.238  0039.50  00.76  07.92  290.6  009.26  30.727  1024.206  1474.88 
2024 01 26 16 38 42.02  31.590  07.238  0039.74  00.80  07.91  290.6  009.26  30.728  1024.207  1474.89 
2024 01 26 16 38 42.27  31.588  07.235  0039.93  00.73  07.91  290.6  009.26  30.728  1024.209  1474.88 
2024 01 26 16 38 42.52  31.586  07.235  0040.17  00.76  07.91  290.6  009.26  30.726  1024.209  1474.88 
2024 01 26 16 38 42.77  31.583  07.231  0040.43  00.78  07.91  290.6  009.26  30.726  1024.210  1474.87 
2024 01 26 16 38 43.02  31.575  07.221  0040.67  00.79  07.91  290.6  009.26  30.727  1024.213  1474.83 
2024 01 26 16 38 43.27  31.568  07.212  0040.90  00.78  07.91  290.6  009.26  30.728  1024.216  1474.80 
2024 01 26 16 38 43.52  31.562  07.204  0041.12  00.78  07.91  290.6  009.26  30.727  1024.218  1474.78 
2024 01 26 16 38 43.77  31.543  07.182  0041.39  00.73  07.91  290.5  009.26  30.727  1024.222  1474.69 
2024 01 26 16 38 44.02  31.532  07.167  0041.64  00.77  07.91  290.5  009.26  30.728  1024.226  1474.64 
2024 01 26 16 38 44.27  31.513  07.142  0041.87  00.73  07.91  290.5  009.26  30.730  1024.231  1474.55 
2024 01 26 16 38 44.52  31.511  07.137  0042.11  00.74  07.91  290.5  009.26  30.732  1024.235  1474.54 
2024 01 26 16 38 44.77  31.512  07.138  0042.36  00.76  07.91  290.5  009.26  30.732  1024.236  1474.54 
2024 01 26 16 38 45.02  31.520  07.140  0042.63  00.66  07.91  290.5  009.26  30.739  1024.242  1474.56 
2024 01 26 16 38 45.27  31.521  07.139  0042.84  00.69  07.91  290.5  009.26  30.740  1024.244  1474.57 
2024 01 26 16 38 45.52  31.520  07.138  0043.06  00.73  07.91  290.5  009.26  30.740  1024.245  1474.57 
2024 01 26 16 38 45.77  31.521  07.140  0043.33  00.69  07.91  290.5  009.26  30.739  1024.246  1474.58 
2024 01 26 16 38 46.02  31.522  07.139  0043.59  00.73  07.91  290.5  009.26  30.741  1024.249  1474.58 
2024 01 26 16 38 46.27  31.521  07.139  0043.82  00.72  07.91  290.5  009.26  30.740  1024.249  1474.58 
2024 01 26 16 38 46.52  31.518  07.137  0044.06  00.74  07.91  290.5  009.26  30.739  1024.250  1474.58 
2024 01 26 16 38 46.77  31.505  07.114  0044.30  00.72  07.91  290.5  009.26  30.745  1024.258  1474.50 
2024 01 26 16 38 47.02  31.505  07.115  0044.56  00.73  07.91  290.5  009.26  30.744  1024.258  1474.51 
2024 01 26 16 38 47.27  31.502  07.113  0044.82  00.71  07.91  290.5  009.26  30.743  1024.259  1474.50 
2024 01 26 16 38 47.52  31.483  07.081  0045.04  00.70  07.91  290.5  009.26  30.750  1024.270  1474.39 
2024 01 26 16 38 47.77  31.470  07.062  0045.30  00.74  07.91  290.5  009.26  30.752  1024.275  1474.32 
2024 01 26 16 38 48.02  31.467  07.058  0045.48  00.68  07.90  290.5  009.26  30.752  1024.277  1474.31 
2024 01 26 16 38 48.27  31.465  07.055  0045.63  00.66  07.90  290.5  009.26  30.753  1024.279  1474.30 
2024 01 26 16 38 48.52  31.467  07.059  0045.68  00.66  07.90  290.5  009.29  30.752  1024.278  1474.32 
2024 01 26 16 38 48.77  31.475  07.066  0045.68  00.69  07.90  290.5  009.26  30.754  1024.278  1474.35 
2024 01 26 16 38 49.02  31.486  07.088  0045.64  00.71  07.90  290.5  009.26  30.748  1024.270  1474.42 
2024 01 26 16 38 49.27  31.483  07.083  0045.58  00.69  07.90  290.5  009.26  30.748  1024.270  1474.40 
2024 01 26 16 38 49.52  31.481  07.079  0045.50  00.67  07.90  290.5  009.26  30.749  1024.272  1474.39 
2024 01 26 16 38 49.77  31.477  07.079  0045.49  00.63  07.90  290.0  009.26  30.745  1024.268  1474.38 
2024 01 26 16 38 50.02  31.473  07.065  0045.55  00.64  07.90  290.0  009.26  30.753  1024.277  1474.34 
2024 01 26 16 38 50.27  31.465  07.054  0045.62  00.74  07.90  290.0  009.26  30.754  1024.279  1474.30 
2024 01 26 16 38 50.52  31.464  07.053  0045.64  00.79  07.90  290.0  009.26  30.755  1024.280  1474.29 
2024 01 26 16 38 50.77  31.465  07.055  0045.66  00.76  07.90  290.0  009.26  30.753  1024.279  1474.30 
2024 01 26 16 38 51.02  31.464  07.058  0045.66  00.71  07.90  290.0  009.26  30.750  1024.276  1474.31 
2024 01 26 16 38 51.27  31.466  07.056  0045.63  00.62  07.90  290.0  009.26  30.753  1024.279  1474.31 
2024 01 26 16 38 51.52  31.466  07.056  0045.65  00.66  07.90  290.0  009.26  30.753  1024.279  1474.31 
2024 01 26 16 38 51.77  31.464  07.055  0045.69  00.65  07.90  290.0  009.26  30.752  1024.278  1474.30 
2024 01 26 16 38 52.02  31.463  07.054  0045.76  00.69  07.90  290.0  009.26  30.753  1024.279  1474.30 
2024 01 26 16 38 52.27  31.464  07.050  0045.83  00.64  07.90  290.0  009.26  30.757  1024.283  1474.29 
2024 01 26 16 38 52.52  31.462  07.048  0045.92  00.63  07.90  290.0  009.26  30.756  1024.283  1474.28 
2024 01 26 16 38 52.77  31.452  07.035  0046.00  00.74  07.90  290.0  009.26  30.757  1024.286  1474.23 
2024 01 26 16 38 53.02  31.455  07.039  0046.03  00.73  07.90  290.0  009.26  30.756  1024.285  1474.25 
2024 01 26 16 38 53.27  31.459  07.045  0046.04  00.73  07.90  290.0  009.26  30.755  1024.283  1474.27 
2024 01 26 16 38 53.52  31.460  07.050  0046.01  00.69  07.90  290.0  009.26  30.752  1024.280  1474.29 
2024 01 26 16 38 53.77  31.459  07.049  0045.98  00.64  07.90  290.0  009.26  30.753  1024.281  1474.28 
2024 01 26 16 38 54.02  31.460  07.045  0045.99  00.65  07.90  290.0  009.26  30.757  1024.285  1474.27 
2024 01 26 16 38 54.27  31.455  07.042  0046.00  00.66  07.90  290.0  009.26  30.755  1024.283  1474.26 
2024 01 26 16 38 54.52  31.455  07.041  0046.01  00.65  07.90  290.0  009.26  30.756  1024.284  1474.25 
2024 01 26 16 38 54.77  31.459  07.044  0046.02  00.64  07.90  290.0  009.26  30.757  1024.285  1474.27 
2024 01 26 16 38 55.02  31.459  07.046  0045.98  00.66  07.90  290.0  009.26  30.754  1024.282  1474.27 
2024 01 26 16 38 55.27  31.460  07.045  0045.96  00.66  07.90  290.0  009.26  30.757  1024.285  1474.27 
2024 01 26 16 38 55.52  31.459  07.045  0045.99  00.67  07.90  290.0  009.26  30.755  1024.283  1474.27 
2024 01 26 16 38 55.77  31.457  07.043  0046.00  00.69  07.90  289.6  009.26  30.756  1024.284  1474.26 
2024 01 26 16 38 56.02  31.458  07.045  0046.02  00.72  07.90  289.6  009.26  30.755  1024.283  1474.27 
2024 01 26 16 38 56.27  31.459  07.043  0046.03  00.68  07.90  289.6  009.26  30.757  1024.285  1474.26 
2024 01 26 16 38 56.52  31.459  07.044  0046.03  00.65  07.90  289.6  009.26  30.757  1024.285  1474.27 
2024 01 26 16 38 56.77  31.459  07.045  0046.01  00.69  07.90  289.6  009.26  30.757  1024.284  1474.27 
2024 01 26 16 38 57.02  31.459  07.045  0046.01  00.63  07.90  289.6  009.26  30.755  1024.283  1474.27 
2024 01 26 16 38 57.27  31.458  07.045  0046.02  00.65  07.90  289.6  009.26  30.755  1024.283  1474.27 
2024 01 26 16 38 57.52  31.459  07.044  0046.04  00.68  07.90  289.6  009.26  30.756  1024.285  1474.27 
2024 01 26 16 38 57.77  31.461  07.045  0046.05  00.65  07.90  289.6  009.26  30.758  1024.286  1474.27 
2024 01 26 16 38 58.02  31.461  07.044  0046.02  00.72  07.90  289.6  009.26  30.759  1024.286  1474.27 
2024 01 26 16 38 58.27  31.459  07.045  0045.96  00.70  07.90  289.6  009.26  30.756  1024.284  1474.27 
2024 01 26 16 38 58.52  31.461  07.046  0045.92  00.73  07.90  289.6  009.26  30.757  1024.284  1474.27 
2024 01 26 16 38 58.77  31.461  07.045  0045.90  00.65  07.90  289.6  009.26  30.758  1024.285  1474.27 
2024 01 26 16 38 59.02  31.459  07.044  0045.92  00.63  07.90  289.6  009.26  30.756  1024.284  1474.27 
2024 01 26 16 38 59.27  31.459  07.044  0045.99  00.68  07.90  289.6  009.26  30.757  1024.284  1474.27 
2024 01 26 16 38 59.52  31.459  07.044  0046.06  00.66  07.90  289.6  009.26  30.756  1024.284  1474.27 
2024 01 26 16 38 59.77  31.461  07.044  0046.09  00.66  07.90  289.6  009.26  30.759  1024.286  1474.27 
2024 01 26 16 39 00.02  31.461  07.048  0046.05  00.64  07.90  289.6  009.26  30.755  1024.283  1474.28 
2024 01 26 16 39 00.27  31.461  07.046  0045.99  00.66  07.90  289.6  009.26  30.757  1024.284  1474.28 
2024 01 26 16 39 00.52  31.459  07.045  0045.90  00.67  07.90  289.6  009.26  30.755  1024.283  1474.27 
2024 01 26 16 39 00.77  31.461  07.046  0045.88  00.69  07.90  289.6  009.26  30.757  1024.284  1474.27 
2024 01 26 16 39 01.02  31.457  07.043  0045.89  00.66  07.90  289.6  009.26  30.755  1024.283  1474.26 
2024 01 26 16 39 01.27  31.457  07.043  0045.97  00.64  07.90  289.6  009.26  30.756  1024.284  1474.26 
2024 01 26 16 39 01.52  31.459  07.044  0046.03  00.67  07.90  289.6  009.26  30.757  1024.285  1474.27 
2024 01 26 16 39 01.77  31.460  07.045  0046.05  00.69  07.90  289.5  009.26  30.757  1024.285  1474.27 
2024 01 26 16 39 02.02  31.461  07.048  0046.01  00.69  07.90  289.5  009.26  30.755  1024.283  1474.28 
2024 01 26 16 39 02.27  31.460  07.047  0045.92  00.66  07.90  289.5  009.26  30.755  1024.282  1474.28 
2024 01 26 16 39 02.52  31.462  07.049  0045.84  00.70  07.90  289.5  009.26  30.755  1024.282  1474.28 
2024 01 26 16 39 02.77  31.461  07.046  0045.80  00.64  07.90  289.5  009.26  30.757  1024.283  1474.27 
2024 01 26 16 39 03.02  31.459  07.045  0045.83  00.71  07.90  289.5  009.26  30.756  1024.283  1474.27 
2024 01 26 16 39 03.27  31.462  07.050  0045.89  00.68  07.90  289.5  009.26  30.755  1024.281  1474.29 
2024 01 26 16 39 03.52  31.463  07.051  0045.95  00.75  07.90  289.5  009.26  30.755  1024.282  1474.29 
2024 01 26 16 39 03.77  31.463  07.052  0046.02  00.62  07.90  289.5  009.26  30.754  1024.282  1474.30 
2024 01 26 16 39 04.02  31.461  07.047  0046.04  00.69  07.90  289.5  009.26  30.756  1024.284  1474.28 
2024 01 26 16 39 04.27  31.463  07.051  0046.03  00.64  07.90  289.5  009.26  30.754  1024.282  1474.29 
2024 01 26 16 39 04.52  31.464  07.054  0045.94  00.62  07.90  289.5  009.26  30.754  1024.281  1474.30 
2024 01 26 16 39 04.77  31.463  07.051  0045.86  00.59  07.90  289.3  009.26  30.756  1024.282  1474.29 
2024 01 26 16 39 05.02  31.460  07.048  0045.87  00.59  07.90  289.3  009.26  30.755  1024.282  1474.28 
2024 01 26 16 39 05.27  31.462  07.049  0045.92  00.66  07.90  289.3  009.26  30.756  1024.283  1474.28 
2024 01 26 16 39 05.52  31.463  07.052  0045.99  00.66  07.90  289.3  009.26  30.754  1024.281  1474.30 
2024 01 26 16 39 05.77  31.466  07.054  0046.03  00.64  07.90  289.3  009.26  30.755  1024.282  1474.30 
2024 01 26 16 39 06.02  31.465  07.055  0046.04  00.61  07.90  289.3  009.26  30.753  1024.280  1474.31 
2024 01 26 16 39 06.27  31.466  07.054  0046.02  00.62  07.90  289.3  009.26  30.755  1024.282  1474.30 
2024 01 26 16 39 06.52  31.462  07.049  0045.97  00.65  07.90  289.3  009.26  30.755  1024.282  1474.29 
2024 01 26 16 39 06.77  31.464  07.052  0045.88  00.66  07.89  289.3  009.26  30.755  1024.282  1474.30 
2024 01 26 16 39 07.02  31.465  07.053  0045.86  00.71  07.90  289.3  009.26  30.755  1024.281  1474.30 
2024 01 26 16 39 07.27  31.463  07.049  0045.83  00.68  07.90  289.3  009.26  30.757  1024.283  1474.29 
2024 01 26 16 39 07.52  31.463  07.052  0045.81  00.73  07.90  289.3  009.26  30.755  1024.281  1474.29 
2024 01 26 16 39 07.77  31.467  07.059  0045.70  00.72  07.90  289.2  009.26  30.752  1024.277  1474.32 
2024 01 26 16 39 08.02  31.467  07.060  0045.63  00.70  07.90  289.2  009.26  30.751  1024.276  1474.32 
2024 01 26 16 39 08.27  31.467  07.059  0045.63  00.63  07.90  289.2  009.26  30.752  1024.277  1474.31 
2024 01 26 16 39 08.52  31.470  07.059  0045.58  00.69  07.90  289.2  009.26  30.756  1024.280  1474.32 
2024 01 26 16 39 08.77  31.468  07.060  0045.50  00.76  07.90  289.2  009.26  30.753  1024.277  1474.32 
2024 01 26 16 39 09.02  31.469  07.062  0045.41  00.71  07.90  289.2  009.26  30.752  1024.276  1474.32 
2024 01 26 16 39 09.27  31.470  07.062  0045.26  00.61  07.90  289.2  009.26  30.752  1024.275  1474.32 
2024 01 26 16 39 09.52  31.470  07.061  0045.10  00.61  07.90  289.2  009.26  30.753  1024.275  1474.32 
2024 01 26 16 39 09.77  31.470  07.062  0044.93  00.63  07.89  289.2  009.26  30.753  1024.274  1474.31 
2024 01 26 16 39 10.02  31.470  07.063  0044.81  00.63  07.90  289.2  009.26  30.752  1024.273  1474.32 
2024 01 26 16 39 10.27  31.470  07.062  0044.76  00.69  07.90  289.2  009.26  30.753  1024.273  1474.31 
2024 01 26 16 39 10.52  31.470  07.065  0044.70  00.66  07.90  289.2  009.26  30.750  1024.271  1474.32 
2024 01 26 16 39 10.77  31.471  07.064  0044.61  00.70  07.90  289.0  009.29  30.752  1024.272  1474.32 
2024 01 26 16 39 11.02  31.490  07.093  0044.49  00.68  07.90  289.0  009.26  30.747  1024.264  1474.42 
2024 01 26 16 39 11.27  31.498  07.107  0044.34  00.64  07.90  289.0  009.26  30.744  1024.259  1474.47 
2024 01 26 16 39 11.52  31.503  07.113  0044.18  00.69  07.90  289.0  009.26  30.744  1024.257  1474.49 
2024 01 26 16 39 11.77  31.505  07.113  0043.96  00.68  07.90  289.0  009.26  30.745  1024.257  1474.49 
2024 01 26 16 39 12.02  31.511  07.126  0043.77  00.66  07.90  289.0  009.26  30.741  1024.251  1474.53 
2024 01 26 16 39 12.27  31.515  07.129  0043.51  00.64  07.90  289.0  009.26  30.743  1024.251  1474.54 
2024 01 26 16 39 12.52  31.520  07.135  0043.28  00.66  07.90  289.0  009.26  30.742  1024.249  1474.56 
2024 01 26 16 39 12.77  31.519  07.134  0043.07  00.60  07.90  289.0  009.26  30.743  1024.248  1474.55 
2024 01 26 16 39 13.02  31.519  07.133  0042.90  00.66  07.90  289.0  009.26  30.743  1024.248  1474.55 
2024 01 26 16 39 13.27  31.521  07.139  0042.75  00.72  07.90  289.0  009.26  30.740  1024.244  1474.57 
2024 01 26 16 39 13.52  31.522  07.140  0042.56  00.66  07.90  289.0  009.26  30.740  1024.243  1474.57 
2024 01 26 16 39 13.77  31.523  07.141  0042.38  00.67  07.90  288.7  009.26  30.741  1024.243  1474.57 
2024 01 26 16 39 14.02  31.522  07.142  0042.21  00.69  07.90  288.7  009.26  30.740  1024.241  1474.57 
2024 01 26 16 39 14.27  31.522  07.142  0041.99  00.62  07.90  288.7  009.26  30.740  1024.240  1474.56 
2024 01 26 16 39 14.52  31.519  07.141  0041.76  00.62  07.90  288.7  009.26  30.737  1024.237  1474.55 
2024 01 26 16 39 14.77  31.516  07.140  0041.54  00.71  07.90  288.7  009.26  30.735  1024.234  1474.54 
2024 01 26 16 39 15.02  31.514  07.138  0041.30  00.72  07.90  288.7  009.26  30.734  1024.232  1474.53 
2024 01 26 16 39 15.27  31.514  07.139  0041.15  00.66  07.90  288.7  009.26  30.733  1024.231  1474.53 
2024 01 26 16 39 15.52  31.516  07.145  0040.97  00.63  07.90  288.7  009.26  30.731  1024.228  1474.55 
2024 01 26 16 39 15.77  31.524  07.155  0040.82  00.68  07.90  288.7  009.26  30.730  1024.225  1474.58 
2024 01 26 16 39 16.02  31.538  07.173  0040.66  00.74  07.90  288.7  009.26  30.730  1024.222  1474.65 
2024 01 26 16 39 16.27  31.555  07.194  0040.46  00.74  07.90  288.7  009.26  30.729  1024.218  1474.73 
2024 01 26 16 39 16.52  31.564  07.207  0040.22  00.74  07.90  288.7  009.26  30.727  1024.214  1474.77 
2024 01 26 16 39 16.77  31.575  07.220  0039.99  00.72  07.90  288.6  009.26  30.727  1024.211  1474.82 
2024 01 26 16 39 17.02  31.578  07.223  0039.74  00.74  07.90  288.6  009.26  30.729  1024.210  1474.83 
2024 01 26 16 39 17.27  31.581  07.230  0039.56  00.74  07.90  288.6  009.26  30.726  1024.206  1474.85 
2024 01 26 16 39 17.52  31.584  07.231  0039.35  00.71  07.90  288.6  009.26  30.727  1024.206  1474.85 
2024 01 26 16 39 17.77  31.584  07.233  0039.16  00.66  07.90  288.6  009.26  30.727  1024.205  1474.86 
2024 01 26 16 39 18.02  31.584  07.231  0038.98  00.64  07.90  288.6  009.26  30.728  1024.205  1474.85 
2024 01 26 16 39 18.27  31.587  07.233  0038.80  00.77  07.90  288.6  009.26  30.730  1024.205  1474.85 
2024 01 26 16 39 18.52  31.586  07.236  0038.64  00.79  07.90  288.6  009.26  30.726  1024.201  1474.86 
2024 01 26 16 39 18.77  31.594  07.244  0038.46  00.73  07.90  288.6  009.26  30.728  1024.200  1474.89 
2024 01 26 16 39 19.02  31.601  07.252  0038.23  00.78  07.90  288.6  009.26  30.728  1024.199  1474.92 
2024 01 26 16 39 19.27  31.608  07.260  0038.02  00.81  07.91  288.6  009.26  30.729  1024.197  1474.95 
2024 01 26 16 39 19.52  31.618  07.274  0037.73  00.79  07.91  288.6  009.26  30.727  1024.193  1474.99 
2024 01 26 16 39 19.77  31.623  07.283  0037.46  00.72  07.91  288.6  009.26  30.725  1024.189  1475.02 
2024 01 26 16 39 20.02  31.624  07.284  0037.19  00.80  07.91  288.6  009.26  30.725  1024.187  1475.02 
2024 01 26 16 39 20.27  31.626  07.290  0036.99  00.75  07.91  288.6  009.26  30.722  1024.183  1475.04 
2024 01 26 16 39 20.52  31.627  07.290  0036.87  00.80  07.91  288.6  009.26  30.722  1024.183  1475.04 
2024 01 26 16 39 20.77  31.623  07.288  0036.72  00.76  07.91  288.6  009.26  30.721  1024.182  1475.02 
2024 01 26 16 39 21.02  31.627  07.296  0036.57  00.77  07.91  288.6  009.26  30.718  1024.178  1475.05 
2024 01 26 16 39 21.27  31.624  07.301  0036.38  00.76  07.91  288.6  009.26  30.711  1024.170  1475.06 
2024 01 26 16 39 21.52  31.623  07.301  0036.10  00.78  07.91  288.6  009.26  30.710  1024.168  1475.05 
2024 01 26 16 39 21.77  31.625  07.305  0035.83  00.76  07.90  288.6  009.26  30.708  1024.165  1475.06 
2024 01 26 16 39 22.02  31.634  07.318  0035.56  00.75  07.91  288.6  009.26  30.706  1024.160  1475.11 
2024 01 26 16 39 22.27  31.640  07.323  0035.34  00.77  07.91  288.6  009.26  30.708  1024.160  1475.12 
2024 01 26 16 39 22.52  31.638  07.320  0035.18  00.83  07.91  288.6  009.26  30.708  1024.160  1475.11 
2024 01 26 16 39 22.77  31.639  07.324  0035.05  00.76  07.91  288.6  009.26  30.707  1024.158  1475.12 
2024 01 26 16 39 23.02  31.644  07.336  0034.92  00.76  07.91  288.6  009.26  30.702  1024.152  1475.16 
2024 01 26 16 39 23.27  31.647  07.338  0034.78  00.76  07.91  288.6  009.26  30.703  1024.152  1475.16 
2024 01 26 16 39 23.52  31.649  07.339  0034.61  00.85  07.91  288.6  009.26  30.704  1024.151  1475.17 
2024 01 26 16 39 23.77  31.648  07.339  0034.43  00.86  07.91  288.6  009.26  30.703  1024.150  1475.16 
2024 01 26 16 39 24.02  31.650  07.340  0034.27  00.74  07.91  288.6  009.26  30.704  1024.150  1475.17 
2024 01 26 16 39 24.27  31.649  07.341  0034.06  00.73  07.91  288.6  009.26  30.702  1024.147  1475.17 
2024 01 26 16 39 24.52  31.648  07.341  0033.88  00.76  07.91  288.6  009.26  30.702  1024.146  1475.16 
2024 01 26 16 39 24.77  31.649  07.340  0033.73  00.83  07.91  288.6  009.26  30.703  1024.147  1475.16 
2024 01 26 16 39 25.02  31.648  07.340  0033.59  00.88  07.91  288.6  009.23  30.702  1024.146  1475.15 
2024 01 26 16 39 25.27  31.650  07.341  0033.44  00.87  07.91  288.6  009.26  30.703  1024.146  1475.16 
2024 01 26 16 39 25.52  31.648  07.342  0033.33  00.88  07.91  288.6  009.26  30.701  1024.143  1475.15 
2024 01 26 16 39 25.77  31.648  07.341  0033.19  00.85  07.91  288.9  009.26  30.702  1024.143  1475.15 
2024 01 26 16 39 26.02  31.647  07.341  0033.04  00.85  07.91  288.9  009.26  30.701  1024.142  1475.15 
2024 01 26 16 39 26.27  31.647  07.342  0032.89  00.85  07.91  288.9  009.26  30.700  1024.140  1475.15 
2024 01 26 16 39 26.52  31.648  07.344  0032.70  00.78  07.91  288.9  009.26  30.700  1024.139  1475.15 
2024 01 26 16 39 26.77  31.647  07.344  0032.48  00.78  07.91  288.9  009.26  30.699  1024.137  1475.15 
2024 01 26 16 39 27.02  31.646  07.344  0032.33  00.83  07.91  288.9  009.26  30.698  1024.136  1475.14 
2024 01 26 16 39 27.27  31.649  07.348  0032.16  00.85  07.91  288.9  009.26  30.697  1024.134  1475.16 
2024 01 26 16 39 27.52  31.649  07.352  0032.02  00.85  07.91  288.9  009.26  30.694  1024.130  1475.16 
2024 01 26 16 39 27.77  31.649  07.355  0031.90  00.88  07.91  288.9  009.26  30.691  1024.127  1475.17 
2024 01 26 16 39 28.02  31.650  07.359  0031.74  00.84  07.91  288.9  009.26  30.689  1024.124  1475.18 
2024 01 26 16 39 28.27  31.650  07.359  0031.56  00.88  07.91  288.9  009.26  30.688  1024.122  1475.18 
2024 01 26 16 39 28.52  31.649  07.361  0031.38  00.86  07.91  288.9  009.26  30.686  1024.120  1475.18 
2024 01 26 16 39 28.77  31.662  07.379  0031.18  00.85  07.91  289.2  009.26  30.684  1024.115  1475.24 
2024 01 26 16 39 29.02  31.676  07.402  0030.98  00.89  07.91  289.2  009.26  30.679  1024.107  1475.32 
2024 01 26 16 39 29.27  31.689  07.423  0030.78  00.92  07.91  289.2  009.26  30.675  1024.100  1475.40 
2024 01 26 16 39 29.52  31.693  07.430  0030.62  00.86  07.91  289.2  009.26  30.672  1024.096  1475.42 
2024 01 26 16 39 29.77  31.684  07.424  0030.41  00.91  07.91  289.2  009.26  30.669  1024.093  1475.38 
2024 01 26 16 39 30.02  31.650  07.403  0030.18  00.92  07.92  289.2  009.26  30.650  1024.080  1475.28 
2024 01 26 16 39 30.27  31.566  07.319  0029.93  00.89  07.91  289.2  009.26  30.635  1024.078  1474.93 
2024 01 26 16 39 30.52  31.483  07.259  0029.73  00.91  07.91  289.2  009.26  30.599  1024.057  1474.65 
2024 01 26 16 39 30.77  31.467  07.241  0029.51  00.87  07.90  289.2  009.26  30.597  1024.057  1474.57 
2024 01 26 16 39 31.02  31.428  07.205  0029.36  00.80  07.90  289.2  009.26  30.588  1024.054  1474.42 
2024 01 26 16 39 31.27  31.405  07.182  0029.19  00.81  07.90  289.2  009.26  30.584  1024.053  1474.32 
2024 01 26 16 39 31.52  31.379  07.175  0028.97  00.86  07.90  289.2  009.26  30.561  1024.035  1474.26 
2024 01 26 16 39 31.77  31.375  07.176  0028.71  00.80  07.90  288.6  009.26  30.557  1024.030  1474.25 
2024 01 26 16 39 32.02  31.385  07.203  0028.41  00.75  07.90  288.6  009.26  30.544  1024.016  1474.34 
2024 01 26 16 39 32.27  31.394  07.211  0028.23  00.74  07.90  288.6  009.26  30.547  1024.016  1474.37 
2024 01 26 16 39 32.52  31.390  07.212  0028.11  00.83  07.90  288.6  009.26  30.541  1024.011  1474.37 
2024 01 26 16 39 32.77  31.392  07.217  0028.00  00.85  07.90  288.6  009.26  30.539  1024.008  1474.38 
2024 01 26 16 39 33.02  31.417  07.277  0027.87  00.86  07.90  288.6  009.26  30.513  1023.979  1474.58 
2024 01 26 16 39 33.27  31.442  07.318  0027.65  00.87  07.90  288.6  009.26  30.503  1023.965  1474.72 
2024 01 26 16 39 33.52  31.462  07.347  0027.40  00.92  07.90  288.6  009.26  30.499  1023.956  1474.83 
2024 01 26 16 39 33.77  31.479  07.380  0027.17  00.89  07.89  288.6  009.26  30.489  1023.943  1474.94 
2024 01 26 16 39 34.02  31.483  07.394  0026.91  00.90  07.90  288.6  009.26  30.482  1023.934  1474.98 
2024 01 26 16 39 34.27  31.458  07.376  0026.74  00.99  07.90  288.6  009.26  30.470  1023.927  1474.89 
2024 01 26 16 39 34.52  31.442  07.371  0026.59  01.00  07.90  288.6  009.26  30.458  1023.917  1474.85 
2024 01 26 16 39 34.77  31.434  07.367  0026.44  01.00  07.90  289.5  009.26  30.453  1023.913  1474.83 
2024 01 26 16 39 35.02  31.421  07.361  0026.22  00.96  07.90  289.5  009.26  30.445  1023.906  1474.79 
2024 01 26 16 39 35.27  31.408  07.351  0026.02  00.96  07.89  289.5  009.26  30.438  1023.902  1474.75 
2024 01 26 16 39 35.52  31.388  07.339  0025.78  01.00  07.89  289.5  009.26  30.428  1023.894  1474.68 
2024 01 26 16 39 35.77  31.370  07.333  0025.55  01.00  07.89  289.5  009.26  30.414  1023.883  1474.64 
2024 01 26 16 39 36.02  31.348  07.337  0025.31  00.96  07.89  289.5  009.26  30.387  1023.860  1474.62 
2024 01 26 16 39 36.27  31.358  07.394  0025.11  00.98  07.89  289.5  009.26  30.348  1023.821  1474.79 
2024 01 26 16 39 36.52  31.375  07.432  0024.92  01.08  07.89  289.5  009.26  30.333  1023.803  1474.91 
2024 01 26 16 39 36.77  31.396  07.468  0024.77  01.13  07.88  289.5  009.26  30.324  1023.790  1475.04 
2024 01 26 16 39 37.02  31.429  07.569  0024.62  01.16  07.89  289.5  009.26  30.272  1023.736  1475.36 
2024 01 26 16 39 37.27  31.441  07.606  0024.47  01.15  07.89  289.5  009.26  30.252  1023.714  1475.48 
2024 01 26 16 39 37.52  31.459  07.649  0024.29  01.23  07.89  289.5  009.26  30.234  1023.693  1475.62 
2024 01 26 16 39 37.77  31.463  07.660  0024.10  01.19  07.90  286.3  009.26  30.228  1023.686  1475.65 
2024 01 26 16 39 38.02  31.463  07.659  0023.89  01.19  07.90  286.3  009.26  30.229  1023.686  1475.64 
2024 01 26 16 39 38.27  31.469  07.683  0023.67  01.20  07.90  286.3  009.26  30.215  1023.671  1475.71 
2024 01 26 16 39 38.52  31.475  07.700  0023.46  01.22  07.90  286.3  009.26  30.207  1023.661  1475.76 
2024 01 26 16 39 38.77  31.479  07.722  0023.24  01.32  07.90  286.3  009.26  30.192  1023.646  1475.83 
2024 01 26 16 39 39.02  31.479  07.710  0023.14  01.37  07.90  286.3  009.26  30.203  1023.656  1475.79 
2024 01 26 16 39 39.27  31.481  07.716  0023.03  01.37  07.90  286.3  009.26  30.199  1023.651  1475.81 
2024 01 26 16 39 39.52  31.486  07.751  0022.91  01.32  07.90  286.3  009.26  30.174  1023.626  1475.91 
2024 01 26 16 39 39.77  31.493  07.761  0022.77  01.36  07.90  286.3  009.26  30.174  1023.624  1475.95 
2024 01 26 16 39 40.02  31.495  07.771  0022.61  01.31  07.90  286.3  009.26  30.167  1023.617  1475.98 
2024 01 26 16 39 40.27  31.497  07.777  0022.46  01.51  07.90  286.3  009.26  30.163  1023.612  1475.99 
2024 01 26 16 39 40.52  31.497  07.780  0022.31  01.45  07.90  286.3  009.26  30.161  1023.609  1476.00 
2024 01 26 16 39 40.77  31.498  07.781  0022.08  01.43  07.90  283.2  009.26  30.162  1023.609  1476.00 
2024 01 26 16 39 41.02  31.500  07.788  0021.89  01.38  07.90  283.2  009.26  30.158  1023.603  1476.02 
2024 01 26 16 39 41.27  31.500  07.794  0021.71  01.40  07.90  283.2  009.26  30.153  1023.598  1476.03 
2024 01 26 16 39 41.52  31.504  07.812  0021.51  01.44  07.90  283.2  009.26  30.142  1023.586  1476.08 
2024 01 26 16 39 41.77  31.522  07.872  0021.38  01.39  07.91  283.2  009.26  30.110  1023.552  1476.27 
2024 01 26 16 39 42.02  31.565  07.979  0021.26  01.52  07.91  283.2  009.26  30.063  1023.500  1476.62 
2024 01 26 16 39 42.27  31.642  08.118  0021.16  01.71  07.91  283.2  009.26  30.024  1023.450  1477.11 
2024 01 26 16 39 42.52  31.596  07.952  0021.15  01.96  07.91  283.2  009.26  30.118  1023.547  1476.59 
2024 01 26 16 39 42.77  31.623  07.987  0021.11  02.26  07.92  283.2  009.26  30.116  1023.540  1476.72 
2024 01 26 16 39 43.02  31.863  08.404  0021.01  02.39  07.92  283.2  009.26  30.012  1023.398  1478.17 
2024 01 26 16 39 43.27  31.882  08.439  0020.75  02.45  07.93  283.2  009.26  30.001  1023.384  1478.29 
2024 01 26 16 39 43.52  31.888  08.477  0020.51  02.46  07.93  283.2  009.26  29.976  1023.358  1478.40 
2024 01 26 16 39 43.77  31.917  08.515  0020.36  02.56  07.93  283.9  009.26  29.973  1023.349  1478.54 
2024 01 26 16 39 44.02  31.919  08.516  0020.24  02.67  07.94  283.9  009.26  29.975  1023.350  1478.54 
2024 01 26 16 39 44.27  31.913  08.520  0020.18  02.81  07.94  283.9  009.26  29.965  1023.342  1478.54 
2024 01 26 16 39 44.52  31.907  08.510  0020.08  02.86  07.94  283.9  009.26  29.967  1023.344  1478.51 
2024 01 26 16 39 44.77  31.902  08.514  0020.00  02.75  07.95  283.9  009.26  29.958  1023.336  1478.51 
2024 01 26 16 39 45.02  31.903  08.520  0019.90  02.91  07.95  283.9  009.26  29.954  1023.332  1478.53 
2024 01 26 16 39 45.27  31.907  08.527  0019.79  02.98  07.95  283.9  009.26  29.953  1023.329  1478.55 
2024 01 26 16 39 45.52  31.913  08.534  0019.70  03.06  07.95  283.9  009.26  29.953  1023.328  1478.58 
2024 01 26 16 39 45.77  31.912  08.532  0019.64  03.02  07.94  283.9  009.26  29.954  1023.328  1478.57 
2024 01 26 16 39 46.02  31.911  08.529  0019.66  02.85  07.95  283.9  009.26  29.955  1023.330  1478.56 
2024 01 26 16 39 46.27  31.908  08.526  0019.72  02.94  07.95  283.9  009.26  29.956  1023.331  1478.55 
2024 01 26 16 39 46.52  31.912  08.531  0019.80  03.25  07.95  283.9  009.26  29.954  1023.330  1478.57 
2024 01 26 16 39 46.77  31.913  08.534  0019.80  03.04  07.95  284.5  009.26  29.954  1023.329  1478.58 
2024 01 26 16 39 47.02  31.902  08.524  0019.70  02.85  07.95  284.5  009.26  29.950  1023.327  1478.54 
2024 01 26 16 39 47.27  31.821  08.447  0019.46  02.86  07.95  284.5  009.26  29.932  1023.323  1478.21 
2024 01 26 16 39 47.52  31.740  08.375  0019.20  02.78  07.95  284.5  009.26  29.908  1023.313  1477.91 
2024 01 26 16 39 47.77  31.627  08.282  0018.89  02.43  07.94  284.5  009.26  29.869  1023.295  1477.50 
2024 01 26 16 39 48.02  31.615  08.301  0018.63  02.13  07.94  284.5  009.26  29.841  1023.269  1477.54 
2024 01 26 16 39 48.27  31.639  08.322  0018.44  02.00  07.94  284.5  009.26  29.847  1023.270  1477.62 
2024 01 26 16 39 48.52  31.622  08.367  0018.29  01.95  07.94  284.5  009.26  29.793  1023.220  1477.72 
2024 01 26 16 39 48.77  31.622  08.393  0018.18  01.96  07.94  284.5  009.26  29.771  1023.198  1477.79 
2024 01 26 16 39 49.02  31.627  08.391  0018.16  01.96  07.94  284.5  009.26  29.778  1023.204  1477.79 
2024 01 26 16 39 49.27  31.631  08.417  0018.03  02.02  07.94  284.5  009.26  29.760  1023.186  1477.87 
2024 01 26 16 39 49.52  31.643  08.469  0017.85  01.99  07.94  284.5  009.26  29.729  1023.153  1478.02 
2024 01 26 16 39 49.77  31.646  08.493  0017.56  02.07  07.94  287.5  009.26  29.711  1023.135  1478.09 
2024 01 26 16 39 50.02  31.647  08.512  0017.29  02.10  07.94  287.5  009.26  29.697  1023.120  1478.14 
2024 01 26 16 39 50.27  31.646  08.497  0017.22  02.20  07.94  287.5  009.26  29.709  1023.131  1478.09 
2024 01 26 16 39 50.52  31.643  08.489  0017.14  02.30  07.95  287.5  009.26  29.713  1023.135  1478.07 
2024 01 26 16 39 50.77  31.642  08.498  0017.06  02.18  07.95  287.5  009.26  29.704  1023.126  1478.09 
2024 01 26 16 39 51.02  31.627  08.539  0016.94  02.15  07.95  287.5  009.26  29.654  1023.080  1478.18 
2024 01 26 16 39 51.27  31.623  08.562  0016.82  02.16  07.95  287.5  009.26  29.631  1023.058  1478.24 
2024 01 26 16 39 51.52  31.620  08.579  0016.66  02.05  07.95  287.5  009.26  29.613  1023.042  1478.28 
2024 01 26 16 39 51.77  31.619  08.585  0016.46  01.98  07.94  287.5  009.26  29.608  1023.035  1478.29 
2024 01 26 16 39 52.02  31.622  08.592  0016.23  01.99  07.95  287.5  009.26  29.604  1023.031  1478.31 
2024 01 26 16 39 52.27  31.627  08.606  0016.04  02.01  07.95  287.5  009.26  29.597  1023.022  1478.35 
2024 01 26 16 39 52.52  31.642  08.653  0015.84  02.09  07.95  287.5  009.26  29.575  1022.997  1478.50 
2024 01 26 16 39 52.77  31.640  08.642  0015.69  02.03  07.95  286.1  009.26  29.581  1023.003  1478.46 
2024 01 26 16 39 53.02  31.657  08.679  0015.56  02.32  07.95  286.1  009.26  29.568  1022.986  1478.58 
2024 01 26 16 39 53.27  31.661  08.705  0015.42  02.30  07.95  286.1  009.26  29.550  1022.968  1478.66 
2024 01 26 16 39 53.52  31.665  08.721  0015.29  02.31  07.95  286.1  009.26  29.541  1022.958  1478.70 
2024 01 26 16 39 53.77  31.682  08.771  0015.08  02.28  07.95  286.1  009.26  29.517  1022.931  1478.86 
2024 01 26 16 39 54.02  31.696  08.806  0014.85  02.40  07.96  286.1  009.26  29.502  1022.913  1478.97 
2024 01 26 16 39 54.27  31.713  08.836  0014.66  02.35  07.96  286.1  009.26  29.496  1022.903  1479.07 
2024 01 26 16 39 54.52  31.747  08.940  0014.51  02.52  07.96  286.1  009.26  29.444  1022.846  1479.39 
2024 01 26 16 39 54.77  31.807  09.094  0014.27  03.00  07.96  286.1  009.26  29.379  1022.771  1479.88 
2024 01 26 16 39 55.02  31.873  09.188  0014.10  03.59  07.97  286.1  009.26  29.369  1022.749  1480.22 
2024 01 26 16 39 55.27  31.919  09.259  0013.90  04.45  07.98  286.1  009.26  29.357  1022.728  1480.47 
2024 01 26 16 39 55.52  31.982  09.355  0013.73  05.35  07.98  286.1  009.26  29.343  1022.702  1480.80 
2024 01 26 16 39 55.77  32.017  09.398  0013.55  05.69  07.98  285.9  009.26  29.343  1022.694  1480.96 
2024 01 26 16 39 56.02  32.011  09.402  0013.40  06.15  07.99  285.9  009.26  29.333  1022.686  1480.96 
2024 01 26 16 39 56.27  32.024  09.437  0013.29  06.97  07.99  285.9  009.26  29.318  1022.668  1481.07 
2024 01 26 16 39 56.52  32.043  09.491  0013.21  07.98  08.00  285.9  009.26  29.293  1022.640  1481.24 
2024 01 26 16 39 56.77  32.049  09.498  0013.18  07.76  08.00  285.9  009.26  29.293  1022.639  1481.26 
2024 01 26 16 39 57.02  32.049  09.506  0013.14  07.71  08.00  285.9  009.26  29.287  1022.632  1481.29 
2024 01 26 16 39 57.27  32.057  09.535  0013.07  08.20  08.00  285.9  009.26  29.271  1022.615  1481.37 
2024 01 26 16 39 57.52  32.055  09.652  0012.90  08.09  08.01  285.9  009.26  29.174  1022.520  1481.68 
2024 01 26 16 39 57.77  32.047  09.683  0012.68  08.08  08.00  285.9  009.26  29.141  1022.489  1481.75 
2024 01 26 16 39 58.02  32.045  09.691  0012.44  08.38  08.01  285.9  009.26  29.133  1022.480  1481.77 
2024 01 26 16 39 58.27  32.040  09.730  0012.29  09.26  08.01  285.9  009.26  29.097  1022.445  1481.87 
2024 01 26 16 39 58.52  32.034  09.784  0012.10  09.95  08.01  285.9  009.26  29.047  1022.397  1482.00 
2024 01 26 16 39 58.77  32.029  09.819  0011.99  10.11  08.02  288.6  009.26  29.013  1022.365  1482.09 
2024 01 26 16 39 59.02  32.025  09.833  0011.84  10.39  08.02  288.6  009.26  28.999  1022.351  1482.12 
2024 01 26 16 39 59.27  32.027  09.848  0011.66  10.10  08.02  288.6  009.26  28.988  1022.340  1482.16 
2024 01 26 16 39 59.52  32.026  09.853  0011.48  10.38  08.02  288.6  009.26  28.984  1022.334  1482.17 
2024 01 26 16 39 59.77  32.025  09.876  0011.26  10.32  08.02  288.6  009.26  28.964  1022.314  1482.22 
2024 01 26 16 40 00.02  32.029  09.898  0011.02  10.82  08.02  288.6  009.26  28.950  1022.299  1482.29 
2024 01 26 16 40 00.27  32.033  09.909  0010.74  11.05  08.03  288.6  009.26  28.945  1022.292  1482.31 
2024 01 26 16 40 00.52  32.033  09.924  0010.50  10.78  08.03  288.6  009.26  28.934  1022.280  1482.35 
2024 01 26 16 40 00.77  32.034  09.926  0010.31  11.16  08.02  288.6  009.26  28.934  1022.279  1482.35 
2024 01 26 16 40 01.02  32.031  09.925  0010.20  11.51  08.03  288.6  009.26  28.931  1022.276  1482.35 
2024 01 26 16 40 01.27  32.031  09.927  0010.08  11.35  08.03  288.6  009.26  28.929  1022.274  1482.35 
2024 01 26 16 40 01.52  32.003  09.937  0009.96  11.90  08.03  288.6  009.26  28.894  1022.244  1482.34 
2024 01 26 16 40 01.77  31.998  09.936  0009.74  12.30  08.03  293.6  009.26  28.890  1022.240  1482.33 
2024 01 26 16 40 02.02  31.997  09.939  0009.53  11.93  08.03  293.6  009.26  28.887  1022.237  1482.33 
2024 01 26 16 40 02.27  31.997  09.941  0009.30  12.05  08.03  293.6  009.26  28.885  1022.233  1482.33 
2024 01 26 16 40 02.52  31.993  09.942  0009.10  11.80  08.04  293.6  009.26  28.880  1022.229  1482.33 
2024 01 26 16 40 02.77  31.986  09.943  0008.94  12.21  08.04  293.6  009.26  28.873  1022.222  1482.32 
2024 01 26 16 40 03.02  31.989  09.941  0008.84  13.14  08.04  293.6  009.29  28.877  1022.225  1482.32 
2024 01 26 16 40 03.27  31.982  09.944  0008.72  13.27  08.04  293.6  009.26  28.868  1022.217  1482.31 
2024 01 26 16 40 03.52  31.960  09.951  0008.55  13.36  08.04  293.6  009.26  28.840  1022.194  1482.30 
2024 01 26 16 40 03.77  31.941  09.960  0008.34  13.20  08.03  293.6  009.26  28.814  1022.171  1482.30 
2024 01 26 16 40 04.02  31.916  09.968  0008.05  13.03  08.04  293.6  009.26  28.783  1022.144  1482.29 
2024 01 26 16 40 04.27  31.904  09.968  0007.75  13.15  08.04  293.6  009.26  28.771  1022.134  1482.27 
2024 01 26 16 40 04.52  31.890  09.970  0007.51  13.28  08.04  293.6  009.26  28.756  1022.120  1482.25 
2024 01 26 16 40 04.77  31.858  09.976  0007.27  14.54  08.05  297.8  009.26  28.719  1022.090  1482.23 
2024 01 26 16 40 05.02  31.869  09.975  0007.12  15.00  08.05  297.8  009.26  28.730  1022.098  1482.24 
2024 01 26 16 40 05.27  31.870  09.975  0006.99  15.62  08.05  297.8  009.26  28.732  1022.099  1482.24 
2024 01 26 16 40 05.52  31.821  10.011  0006.82  15.96  08.05  297.8  009.26  28.654  1022.031  1482.27 
2024 01 26 16 40 05.77  31.784  10.062  0006.65  15.96  08.06  297.8  009.26  28.578  1021.963  1482.36 
2024 01 26 16 40 06.02  31.769  10.072  0006.46  15.70  08.06  297.8  009.26  28.555  1021.943  1482.37 
2024 01 26 16 40 06.27  31.768  10.063  0006.34  14.86  08.06  297.8  009.29  28.561  1021.948  1482.34 
2024 01 26 16 40 06.52  31.756  10.085  0006.18  15.16  08.06  297.8  009.26  28.531  1021.921  1482.38 
2024 01 26 16 40 06.77  31.743  10.116  0005.96  14.98  08.05  297.8  009.26  28.494  1021.886  1482.45 
2024 01 26 16 40 07.02  31.747  10.130  0005.73  15.02  08.06  297.8  009.26  28.487  1021.878  1482.48 
2024 01 26 16 40 07.27  31.739  10.164  0005.53  15.03  08.06  297.8  009.26  28.453  1021.844  1482.56 
2024 01 26 16 40 07.52  31.728  10.191  0005.33  15.67  08.06  297.8  009.26  28.422  1021.815  1482.62 
2024 01 26 16 40 07.77  31.575  10.278  0005.16  15.89  08.06  303.0  009.26  28.202  1021.629  1482.67 
2024 01 26 16 40 08.02  31.459  10.274  0005.04  14.97  08.06  303.0  009.26  28.090  1021.543  1482.52 
2024 01 26 16 40 08.27  31.373  10.306  0004.90  15.51  08.07  303.0  009.26  27.981  1021.452  1482.50 
2024 01 26 16 40 08.52  31.225  10.356  0004.75  16.03  08.07  303.0  009.26  27.797  1021.300  1482.46 
2024 01 26 16 40 08.77  30.953  10.402  0004.57  14.68  08.07  303.0  009.26  27.495  1021.057  1482.26 
2024 01 26 16 40 09.02  30.634  10.480  0004.37  14.06  08.07  303.0  009.26  27.124  1020.755  1482.09 
2024 01 26 16 40 09.27  30.383  10.428  0004.07  13.07  08.07  303.0  009.26  26.918  1020.601  1481.65 
2024 01 26 16 40 09.52  30.016  10.428  0003.85  11.43  08.07  303.0  009.26  26.559  1020.321  1481.21 
2024 01 26 16 40 09.77  30.098  10.404  0003.61  10.58  08.07  303.0  009.26  26.657  1020.400  1481.24 
2024 01 26 16 40 10.02  29.914  10.386  0003.43  10.31  08.08  303.0  009.26  26.490  1020.272  1480.97 
2024 01 26 16 40 10.27  29.915  10.393  0003.30  09.36  08.08  303.0  009.26  26.485  1020.267  1480.98 
2024 01 26 16 40 10.52  29.948  10.391  0003.16  08.89  08.08  303.0  009.26  26.520  1020.294  1481.01 
2024 01 26 16 40 10.77  29.974  10.393  0003.02  08.82  08.08  305.8  009.26  26.544  1020.312  1481.05 
2024 01 26 16 40 11.02  29.890  10.377  0002.87  08.19  08.08  305.8  009.26  26.473  1020.258  1480.90 
2024 01 26 16 40 11.27  29.842  10.382  0002.69  08.87  08.08  305.8  009.29  26.423  1020.217  1480.86 
2024 01 26 16 40 11.52  29.776  10.466  0002.49  08.61  08.08  305.8  009.26  26.298  1020.106  1481.01 
2024 01 26 16 40 11.77  29.629  10.583  0002.21  08.16  08.08  305.8  009.26  26.071  1019.910  1481.16 
2024 01 26 16 40 12.02  29.347  10.663  0001.98  08.10  08.08  305.8  009.26  25.741  1019.640  1481.05 
2024 01 26 16 40 12.27  29.265  10.697  0001.82  07.70  08.09  305.8  009.26  25.638  1019.554  1481.04 
2024 01 26 16 40 12.52  29.307  10.669  0001.68  06.81  08.09  305.8  009.26  25.699  1019.605  1481.01 
2024 01 26 16 40 12.77  29.359  10.659  0001.54  05.87  08.09  305.8  009.26  25.756  1019.650  1481.04 
2024 01 26 16 40 13.02  29.232  10.664  0001.40  06.26  08.09  305.8  009.26  25.630  1019.551  1480.91 
2024 01 26 16 40 13.27  29.116  10.679  0001.26  06.36  08.09  305.8  009.26  25.507  1019.453  1480.81 
2024 01 26 16 40 13.52  29.096  10.683  0001.18  05.80  08.09  305.8  009.26  25.485  1019.435  1480.80 
2024 01 26 16 40 13.77  29.202  10.647  0001.13  05.55  08.09  307.1  009.26  25.613  1019.540  1480.82 
2024 01 26 16 40 14.02  29.216  10.648  0001.13  05.58  08.09  307.1  009.26  25.626  1019.549  1480.84 
2024 01 26 16 40 14.27  29.183  10.664  0001.17  05.58  08.09  307.1  009.26  25.582  1019.513  1480.85 
2024 01 26 16 40 14.52  29.020  10.674  0001.23  06.13  08.09  307.1  009.26  25.418  1019.384  1480.68 
2024 01 26 16 40 14.77  28.924  10.677  0001.29  05.79  08.08  307.1  009.26  25.323  1019.310  1480.58 
2024 01 26 16 40 15.02  28.935  10.674  0001.27  05.47  08.09  307.1  009.26  25.335  1019.320  1480.59 
2024 01 26 16 40 15.27  28.963  10.670  0001.25  05.25  08.08  307.1  009.26  25.366  1019.344  1480.61 
2024 01 26 16 40 15.52  28.928  10.670  0001.20  05.28  08.09  307.1  009.26  25.331  1019.317  1480.57 
2024 01 26 16 40 15.77  28.920  10.668  0001.12  05.32  08.08  307.1  009.26  25.326  1019.313  1480.55 
2024 01 26 16 40 16.02  28.920  10.669  0001.11  05.48  08.09  307.1  009.26  25.325  1019.312  1480.55 
2024 01 26 16 40 16.27  28.920  10.674  0001.16  05.46  08.09  307.1  009.26  25.321  1019.308  1480.57 
2024 01 26 16 40 16.52  28.911  10.678  0001.25  05.40  08.09  307.1  009.26  25.310  1019.300  1480.57 
2024 01 26 16 40 16.77  28.901  10.680  0001.27  05.48  08.09  305.5  009.26  25.299  1019.291  1480.57 
2024 01 26 16 40 17.02  28.902  10.681  0001.27  05.27  08.09  305.5  009.26  25.299  1019.291  1480.57 
2024 01 26 16 40 17.27  28.897  10.677  0001.28  05.29  08.09  305.5  009.26  25.296  1019.289  1480.55 
2024 01 26 16 40 17.52  28.897  10.678  0001.25  05.33  08.09  305.5  009.26  25.296  1019.289  1480.56 
2024 01 26 16 40 17.77  28.901  10.683  0001.21  05.02  08.09  305.5  009.26  25.297  1019.289  1480.57 
2024 01 26 16 40 18.02  28.900  10.681  0001.18  05.09  08.09  305.5  009.26  25.297  1019.289  1480.57 
2024 01 26 16 40 18.27  28.898  10.683  0001.14  05.15  08.09  305.5  009.26  25.294  1019.286  1480.57 
2024 01 26 16 40 18.52  28.899  10.681  0001.14  05.16  08.09  305.5  009.26  25.296  1019.288  1480.56 
2024 01 26 16 40 18.77  28.899  10.679  0001.15  06.67  08.08  305.5  009.26  25.298  1019.290  1480.56 
2024 01 26 16 40 19.02  28.901  10.681  0001.21  05.92  08.08  305.5  009.26  25.298  1019.290  1480.57 
2024 01 26 16 40 19.27  28.894  10.679  0001.28  05.68  08.09  305.5  009.26  25.292  1019.286  1480.56 
2024 01 26 16 40 19.52  28.902  10.681  0001.33  05.67  08.08  305.5  009.26  25.299  1019.291  1480.57 
2024 01 26 16 40 19.77  28.900  10.683  0001.39  05.51  08.09  306.4  009.26  25.295  1019.288  1480.57 
2024 01 26 16 40 20.02  28.912  10.693  0001.45  05.60  08.09  306.4  009.26  25.300  1019.291  1480.62 
2024 01 26 16 40 20.27  28.912  10.690  0001.45  05.36  08.09  306.4  009.26  25.302  1019.293  1480.61 
2024 01 26 16 40 20.52  28.909  10.690  0001.43  05.31  08.08  306.4  009.26  25.300  1019.290  1480.61 
2024 01 26 16 40 20.77  28.908  10.691  0001.43  05.27  08.08  306.4  009.26  25.298  1019.289  1480.61 
2024 01 26 16 40 21.02  28.908  10.692  0001.43  05.31  08.09  306.4  009.26  25.297  1019.288  1480.61 
2024 01 26 16 40 21.27  28.915  10.694  0001.43  05.12  08.08  306.4  009.26  25.303  1019.292  1480.62 
2024 01 26 16 40 21.52  28.914  10.694  0001.44  04.98  08.09  306.4  009.26  25.301  1019.291  1480.62 
2024 01 26 16 40 21.77  28.910  10.693  0001.40  05.58  08.08  306.4  009.26  25.298  1019.289  1480.62 
2024 01 26 16 40 22.02  28.911  10.689  0001.30  05.52  08.09  306.4  009.26  25.302  1019.292  1480.60 
2024 01 26 16 40 22.27  28.904  10.685  0001.21  05.51  08.08  306.4  009.26  25.298  1019.289  1480.58 
2024 01 26 16 40 22.52  28.901  10.680  0001.16  05.24  08.08  306.4  009.26  25.298  1019.290  1480.56 
2024 01 26 16 40 22.77  28.897  10.679  0001.11  05.24  08.09  306.6  009.26  25.295  1019.287  1480.56 
2024 01 26 16 40 23.02  28.892  10.676  0001.04  05.18  08.08  306.6  009.26  25.292  1019.285  1480.54 
2024 01 26 16 40 23.27  28.890  10.676  0000.86  05.36  08.09  306.6  009.26  25.291  1019.283  1480.54 
2024 01 26 16 40 23.52  28.882  10.674  0000.66  05.32  08.09  306.6  009.26  25.285  1019.278  1480.52 
2024 01 26 16 40 23.77  28.881  10.673  0000.51  05.24  08.09  306.6  009.26  25.284  1019.277  1480.51 
2024 01 26 16 40 24.02  28.882  10.672  0000.39  05.27  08.09  306.6  009.26  25.286  1019.278  1480.51 
2024 01 26 16 40 24.27  28.880  10.669  0000.34  05.13  08.09  306.6  009.26  25.286  1019.279  1480.49 
2024 01 26 16 40 24.52  28.876  10.665  0000.22  04.91  08.09  306.6  009.26  25.285  1019.278  1480.48 
2024 01 26 16 40 24.77  28.874  10.664  0000.07  04.95  08.08  306.6  009.26  25.284  1019.277  1480.47 
2024 01 26 16 40 25.02  28.867  10.664  0000.05  04.98  08.09  306.6  009.26  25.277  1019.271  1480.46 
2024 01 26 16 40 25.27  11.467  10.655  0000.06  05.25  08.09  306.6  009.26  09.247  1006.840  1461.15 
2024 01 26 16 40 25.52  01.044  10.651  0000.07  03.79  08.10  306.6  009.26  00.726  1000.212  1450.75 
2024 01 26 16 40 25.77  00.353  10.632  0000.03  01.48  08.09  307.3  009.26  00.236  0999.830  1450.07 
2024 01 26 16 40 26.02  00.459  10.594  0000.02  00.84  08.09  307.3  009.26  00.310  0999.891  1450.01 
2024 01 26 16 40 26.27  00.392  10.479  0000.02  00.40  08.08  307.3  009.26  00.264  0999.866  1449.50 
2024 01 26 16 40 26.52  00.119  10.434  0000.03  00.33  08.08  307.3  009.26  00.078  0999.724  1449.09 
