2024 01 25 21 03 22.16  29.954  10.685  0000.42  05.18  08.14  293.4  009.26  26.314  1020.075  1481.79 
2024 01 25 21 03 22.41  29.952  10.682  0000.48  05.30  08.13  293.4  009.29  26.314  1020.075  1481.78 
2024 01 25 21 03 22.66  29.916  10.705  0000.58  05.42  08.13  293.4  009.26  26.262  1020.032  1481.80 
2024 01 25 21 03 22.91  29.894  10.715  0000.67  05.51  08.13  293.4  009.26  26.234  1020.009  1481.81 
2024 01 25 21 03 23.16  29.884  10.718  0000.77  05.49  08.13  293.4  009.26  26.223  1020.000  1481.80 
2024 01 25 21 03 23.41  29.889  10.716  0000.82  05.40  08.13  293.4  009.26  26.229  1020.005  1481.81 
2024 01 25 21 03 23.66  29.890  10.718  0000.89  05.22  08.13  293.4  009.26  26.228  1020.005  1481.81 
2024 01 25 21 03 23.91  29.882  10.721  0000.93  05.23  08.13  293.4  009.26  26.218  1019.996  1481.82 
2024 01 25 21 03 24.16  29.880  10.720  0000.96  05.41  08.13  293.4  009.26  26.217  1019.996  1481.81 
2024 01 25 21 03 24.41  29.876  10.720  0000.97  05.46  08.12  293.4  009.26  26.213  1019.993  1481.80 
2024 01 25 21 03 24.66  29.876  10.721  0001.00  05.47  08.12  293.4  009.26  26.212  1019.992  1481.81 
2024 01 25 21 03 24.91  29.874  10.720  0001.05  05.36  08.12  293.4  009.26  26.211  1019.992  1481.80 
2024 01 25 21 03 25.16  29.874  10.720  0001.08  05.37  08.12  293.4  009.26  26.211  1019.992  1481.80 
2024 01 25 21 03 25.41  29.867  10.722  0001.10  05.30  08.12  302.2  009.26  26.202  1019.985  1481.80 
2024 01 25 21 03 25.66  29.866  10.721  0001.11  05.32  08.12  302.2  009.26  26.202  1019.985  1481.80 
2024 01 25 21 03 25.91  29.865  10.721  0001.14  05.41  08.12  302.2  009.26  26.202  1019.985  1481.80 
2024 01 25 21 03 26.16  29.871  10.719  0001.16  05.33  08.12  302.2  009.26  26.209  1019.991  1481.80 
2024 01 25 21 03 26.41  29.871  10.725  0001.17  05.43  08.12  302.2  009.26  26.204  1019.987  1481.81 
2024 01 25 21 03 26.66  29.865  10.728  0001.16  05.37  08.12  302.2  009.26  26.197  1019.980  1481.82 
2024 01 25 21 03 26.91  29.867  10.728  0001.09  05.41  08.12  302.2  009.26  26.198  1019.981  1481.82 
2024 01 25 21 03 27.16  29.874  10.724  0001.09  05.46  08.12  302.2  009.26  26.208  1019.989  1481.81 
2024 01 25 21 03 27.41  29.874  10.723  0001.09  05.34  08.12  302.2  009.26  26.209  1019.990  1481.81 
2024 01 25 21 03 27.66  29.868  10.724  0001.10  05.35  08.12  302.2  009.26  26.201  1019.984  1481.81 
2024 01 25 21 03 27.91  29.868  10.725  0001.10  05.48  08.12  302.2  009.26  26.201  1019.984  1481.81 
2024 01 25 21 03 28.16  29.867  10.722  0001.09  05.55  08.12  302.2  009.26  26.202  1019.985  1481.80 
2024 01 25 21 03 28.41  29.872  10.719  0001.10  05.41  08.12  305.5  009.26  26.210  1019.991  1481.80 
2024 01 25 21 03 28.66  29.872  10.721  0001.11  05.57  08.12  305.5  009.26  26.209  1019.990  1481.80 
2024 01 25 21 03 28.91  29.872  10.722  0001.11  05.45  08.12  305.5  009.26  26.208  1019.990  1481.81 
2024 01 25 21 03 29.16  29.873  10.718  0001.13  05.36  08.12  305.5  009.26  26.211  1019.993  1481.80 
2024 01 25 21 03 29.41  29.877  10.716  0001.12  05.55  08.11  305.5  009.26  26.217  1019.997  1481.80 
2024 01 25 21 03 29.66  29.876  10.718  0001.13  05.44  08.11  305.5  009.26  26.214  1019.995  1481.80 
2024 01 25 21 03 29.91  29.872  10.721  0001.15  05.36  08.11  305.5  009.26  26.207  1019.989  1481.81 
2024 01 25 21 03 30.16  29.871  10.721  0001.15  05.53  08.11  305.5  009.26  26.207  1019.989  1481.81 
2024 01 25 21 03 30.41  29.877  10.717  0001.17  05.55  08.11  305.5  009.26  26.216  1019.997  1481.80 
2024 01 25 21 03 30.66  29.878  10.717  0001.19  05.62  08.11  305.5  009.26  26.217  1019.998  1481.80 
2024 01 25 21 03 30.91  29.873  10.719  0001.23  05.61  08.11  305.5  009.26  26.211  1019.993  1481.80 
2024 01 25 21 03 31.16  29.876  10.716  0001.32  05.52  08.11  305.5  009.26  26.216  1019.998  1481.80 
2024 01 25 21 03 31.41  29.895  10.701  0001.41  05.48  08.11  307.1  009.26  26.244  1020.023  1481.78 
2024 01 25 21 03 31.66  29.886  10.711  0001.49  05.51  08.11  307.1  009.26  26.229  1020.009  1481.80 
2024 01 25 21 03 31.91  29.907  10.700  0001.47  05.61  08.11  307.1  009.26  26.258  1020.033  1481.79 
2024 01 25 21 03 32.16  29.926  10.686  0001.45  05.42  08.11  307.1  009.26  26.286  1020.058  1481.78 
2024 01 25 21 03 32.41  29.974  10.675  0001.45  05.44  08.11  307.1  009.26  26.340  1020.101  1481.80 
2024 01 25 21 03 32.66  29.988  10.671  0001.44  05.58  08.11  307.1  009.26  26.356  1020.114  1481.81 
2024 01 25 21 03 32.91  29.993  10.676  0001.41  06.14  08.11  307.1  009.26  26.358  1020.115  1481.83 
2024 01 25 21 03 33.16  30.004  10.676  0001.37  05.88  08.11  307.1  009.26  26.368  1020.123  1481.84 
2024 01 25 21 03 33.41  30.006  10.676  0001.32  05.57  08.11  307.1  009.26  26.371  1020.124  1481.84 
2024 01 25 21 03 33.66  30.001  10.676  0001.36  05.58  08.11  307.1  009.26  26.365  1020.120  1481.84 
2024 01 25 21 03 33.91  30.014  10.673  0001.38  05.57  08.11  307.1  009.26  26.380  1020.132  1481.84 
2024 01 25 21 03 34.16  30.012  10.676  0001.37  05.76  08.11  307.1  009.26  26.376  1020.129  1481.85 
2024 01 25 21 03 34.41  30.001  10.676  0001.33  05.77  08.11  307.9  009.26  26.366  1020.121  1481.84 
2024 01 25 21 03 34.66  29.982  10.681  0001.29  05.59  08.11  307.9  009.26  26.344  1020.103  1481.83 
2024 01 25 21 03 34.91  29.979  10.681  0001.27  05.38  08.11  307.9  009.26  26.341  1020.100  1481.82 
2024 01 25 21 03 35.16  29.986  10.678  0001.25  05.43  08.11  307.9  009.26  26.350  1020.107  1481.82 
2024 01 25 21 03 35.41  29.973  10.682  0001.31  05.64  08.11  307.9  009.26  26.335  1020.096  1481.82 
2024 01 25 21 03 35.66  29.966  10.684  0001.34  05.58  08.11  307.9  009.26  26.326  1020.089  1481.82 
2024 01 25 21 03 35.91  29.977  10.679  0001.36  05.64  08.11  307.9  009.26  26.340  1020.100  1481.82 
2024 01 25 21 03 36.16  29.980  10.678  0001.38  05.69  08.11  307.9  009.26  26.343  1020.103  1481.82 
2024 01 25 21 03 36.41  29.959  10.686  0001.34  05.75  08.11  307.9  009.26  26.317  1020.081  1481.81 
2024 01 25 21 03 36.66  29.950  10.686  0001.30  05.57  08.11  307.9  009.26  26.308  1020.074  1481.80 
2024 01 25 21 03 36.91  29.938  10.692  0001.27  05.63  08.11  307.9  009.26  26.293  1020.061  1481.81 
2024 01 25 21 03 37.16  29.938  10.694  0001.26  05.54  08.11  307.9  009.26  26.292  1020.060  1481.81 
2024 01 25 21 03 37.41  29.938  10.697  0001.27  05.79  08.11  308.2  009.26  26.289  1020.057  1481.82 
2024 01 25 21 03 37.66  29.939  10.697  0001.31  05.62  08.11  308.2  009.26  26.290  1020.058  1481.82 
2024 01 25 21 03 37.91  29.940  10.695  0001.35  05.59  08.11  308.2  009.26  26.293  1020.061  1481.82 
2024 01 25 21 03 38.16  29.924  10.702  0001.34  05.83  08.10  308.2  009.26  26.272  1020.044  1481.82 
2024 01 25 21 03 38.41  29.926  10.701  0001.37  05.62  08.11  308.2  009.26  26.274  1020.046  1481.82 
2024 01 25 21 03 38.66  29.926  10.701  0001.37  05.85  08.10  308.2  009.26  26.275  1020.047  1481.82 
2024 01 25 21 03 38.91  29.919  10.705  0001.36  05.91  08.10  308.2  009.26  26.265  1020.038  1481.82 
2024 01 25 21 03 39.16  29.930  10.700  0001.32  05.68  08.10  308.2  009.26  26.279  1020.049  1481.82 
2024 01 25 21 03 39.41  29.942  10.694  0001.31  05.84  08.10  308.2  009.26  26.295  1020.062  1481.82 
2024 01 25 21 03 39.66  29.939  10.700  0001.31  05.81  08.10  308.2  009.26  26.288  1020.056  1481.83 
2024 01 25 21 03 39.91  29.942  10.691  0001.30  05.58  08.10  308.2  009.26  26.297  1020.065  1481.81 
2024 01 25 21 03 40.16  29.938  10.696  0001.30  05.63  08.10  308.2  009.26  26.290  1020.058  1481.81 
2024 01 25 21 03 40.41  29.930  10.700  0001.31  05.67  08.10  308.5  009.26  26.280  1020.050  1481.82 
2024 01 25 21 03 40.66  29.930  10.701  0001.33  05.81  08.10  308.5  009.26  26.279  1020.049  1481.82 
2024 01 25 21 03 40.91  29.930  10.699  0001.31  05.81  08.10  308.5  009.26  26.281  1020.051  1481.81 
2024 01 25 21 03 41.16  29.926  10.700  0001.33  05.74  08.10  308.5  009.26  26.275  1020.046  1481.81 
2024 01 25 21 03 41.41  29.920  10.700  0001.35  05.62  08.10  308.5  009.26  26.270  1020.042  1481.81 
2024 01 25 21 03 41.66  29.918  10.703  0001.34  05.41  08.10  308.5  009.26  26.265  1020.038  1481.81 
2024 01 25 21 03 41.91  29.911  10.706  0001.32  05.39  08.10  308.5  009.26  26.257  1020.031  1481.81 
2024 01 25 21 03 42.16  29.904  10.707  0001.33  05.45  08.10  308.5  009.26  26.249  1020.025  1481.81 
2024 01 25 21 03 42.41  29.895  10.712  0001.31  05.59  08.10  308.5  009.26  26.237  1020.015  1481.81 
2024 01 25 21 03 42.66  29.894  10.716  0001.30  05.50  08.10  308.5  009.26  26.233  1020.011  1481.82 
2024 01 25 21 03 42.91  29.891  10.717  0001.29  05.60  08.10  308.5  009.26  26.229  1020.008  1481.82 
2024 01 25 21 03 43.16  29.884  10.721  0001.30  05.73  08.10  308.5  009.26  26.220  1020.000  1481.82 
2024 01 25 21 03 43.41  29.879  10.723  0001.33  05.98  08.10  308.4  009.26  26.213  1019.995  1481.82 
2024 01 25 21 03 43.66  29.872  10.724  0001.32  05.67  08.10  308.4  009.26  26.206  1019.989  1481.82 
2024 01 25 21 03 43.91  29.871  10.725  0001.34  05.58  08.10  308.4  009.26  26.204  1019.987  1481.82 
2024 01 25 21 03 44.16  29.871  10.721  0001.34  05.73  08.10  308.4  009.26  26.207  1019.990  1481.81 
2024 01 25 21 03 44.41  29.864  10.723  0001.33  05.61  08.10  308.4  009.26  26.198  1019.983  1481.81 
2024 01 25 21 03 44.66  29.862  10.726  0001.32  05.76  08.10  308.4  009.26  26.195  1019.980  1481.81 
2024 01 25 21 03 44.91  29.864  10.726  0001.33  06.80  08.10  308.4  009.26  26.197  1019.981  1481.81 
2024 01 25 21 03 45.16  29.872  10.715  0001.33  06.17  08.10  308.4  009.26  26.213  1019.996  1481.79 
2024 01 25 21 03 45.41  29.877  10.718  0001.32  05.74  08.10  308.4  009.26  26.215  1019.997  1481.81 
2024 01 25 21 03 45.66  29.873  10.719  0001.31  06.24  08.10  308.4  009.26  26.211  1019.993  1481.80 
2024 01 25 21 03 45.91  29.867  10.725  0001.30  05.90  08.10  308.4  009.26  26.200  1019.984  1481.81 
2024 01 25 21 03 46.16  29.864  10.725  0001.29  05.65  08.10  308.4  009.26  26.197  1019.982  1481.81 
2024 01 25 21 03 46.41  29.868  10.718  0001.31  05.50  08.10  308.5  009.26  26.206  1019.990  1481.79 
2024 01 25 21 03 46.66  29.868  10.720  0001.31  05.92  08.10  308.5  009.26  26.205  1019.989  1481.80 
2024 01 25 21 03 46.91  29.870  10.722  0001.33  05.79  08.10  308.5  009.26  26.206  1019.989  1481.81 
2024 01 25 21 03 47.16  29.876  10.717  0001.35  05.72  08.10  308.5  009.26  26.215  1019.997  1481.80 
2024 01 25 21 03 47.41  29.876  10.717  0001.35  05.57  08.10  308.5  009.26  26.215  1019.997  1481.80 
2024 01 25 21 03 47.66  29.868  10.718  0001.35  05.39  08.10  308.5  009.26  26.207  1019.991  1481.80 
2024 01 25 21 03 47.91  29.861  10.721  0001.33  05.58  08.10  308.5  009.26  26.197  1019.982  1481.80 
2024 01 25 21 03 48.16  29.860  10.724  0001.29  05.72  08.10  308.5  009.26  26.194  1019.979  1481.80 
2024 01 25 21 03 48.41  29.861  10.720  0001.29  05.78  08.10  308.5  009.26  26.198  1019.983  1481.79 
2024 01 25 21 03 48.66  29.866  10.719  0001.30  05.67  08.10  308.5  009.26  26.203  1019.987  1481.80 
2024 01 25 21 03 48.91  29.877  10.715  0001.33  05.55  08.10  308.5  009.26  26.218  1019.999  1481.80 
2024 01 25 21 03 49.16  29.883  10.715  0001.36  05.54  08.10  308.5  009.26  26.224  1020.004  1481.81 
2024 01 25 21 03 49.41  29.881  10.714  0001.35  05.62  08.10  308.3  009.26  26.222  1020.003  1481.80 
2024 01 25 21 03 49.66  29.878  10.717  0001.34  05.51  08.10  308.3  009.26  26.217  1019.998  1481.80 
2024 01 25 21 03 49.91  29.876  10.717  0001.33  05.38  08.10  308.3  009.26  26.215  1019.997  1481.80 
2024 01 25 21 03 50.16  29.872  10.717  0001.29  05.43  08.10  308.3  009.26  26.212  1019.994  1481.80 
2024 01 25 21 03 50.41  29.874  10.716  0001.28  05.38  08.10  308.3  009.26  26.213  1019.995  1481.80 
2024 01 25 21 03 50.66  29.883  10.714  0001.31  05.35  08.10  308.3  009.26  26.223  1020.004  1481.80 
2024 01 25 21 03 50.91  29.883  10.714  0001.35  05.40  08.10  308.3  009.26  26.224  1020.005  1481.80 
2024 01 25 21 03 51.16  29.882  10.716  0001.36  05.62  08.10  308.3  009.26  26.222  1020.002  1481.81 
2024 01 25 21 03 51.41  29.880  10.716  0001.37  05.74  08.10  308.3  009.26  26.219  1020.000  1481.80 
2024 01 25 21 03 51.66  29.878  10.715  0001.37  05.64  08.10  308.3  009.26  26.218  1020.000  1481.80 
2024 01 25 21 03 51.91  29.885  10.713  0001.36  05.53  08.10  308.3  009.26  26.226  1020.006  1481.80 
2024 01 25 21 03 52.16  29.887  10.712  0001.32  05.66  08.10  308.3  009.26  26.229  1020.009  1481.80 
2024 01 25 21 03 52.41  29.887  10.711  0001.28  05.51  08.10  308.3  009.26  26.230  1020.009  1481.80 
2024 01 25 21 03 52.66  29.888  10.712  0001.27  06.11  08.10  308.3  009.26  26.230  1020.009  1481.80 
2024 01 25 21 03 52.91  29.883  10.714  0001.30  05.70  08.10  308.3  009.26  26.225  1020.005  1481.80 
2024 01 25 21 03 53.16  29.879  10.714  0001.30  05.37  08.10  308.3  009.26  26.219  1020.001  1481.80 
2024 01 25 21 03 53.41  29.876  10.716  0001.31  05.46  08.10  308.3  009.26  26.215  1019.997  1481.80 
2024 01 25 21 03 53.66  29.872  10.714  0001.33  05.62  08.10  308.3  009.26  26.214  1019.996  1481.79 
2024 01 25 21 03 53.91  29.898  10.704  0001.36  05.51  08.10  308.3  009.26  26.245  1020.023  1481.79 
2024 01 25 21 03 54.16  29.904  10.702  0001.34  05.51  08.09  308.3  009.26  26.253  1020.029  1481.79 
2024 01 25 21 03 54.41  29.903  10.708  0001.31  05.50  08.09  308.3  009.26  26.248  1020.024  1481.81 
2024 01 25 21 03 54.66  29.896  10.710  0001.28  05.38  08.09  308.3  009.26  26.239  1020.017  1481.81 
2024 01 25 21 03 54.91  29.891  10.710  0001.30  05.36  08.09  308.3  009.26  26.235  1020.013  1481.80 
2024 01 25 21 03 55.16  29.901  10.707  0001.31  05.46  08.09  308.3  009.26  26.246  1020.023  1481.80 
2024 01 25 21 03 55.41  29.906  10.709  0001.32  05.41  08.09  308.3  009.26  26.250  1020.025  1481.81 
2024 01 25 21 03 55.66  29.903  10.707  0001.34  05.34  08.10  308.3  009.26  26.247  1020.024  1481.81 
2024 01 25 21 03 55.91  29.901  10.706  0001.34  05.43  08.09  308.3  009.26  26.247  1020.023  1481.80 
2024 01 25 21 03 56.16  29.899  10.706  0001.35  05.43  08.09  308.3  009.26  26.245  1020.022  1481.80 
2024 01 25 21 03 56.41  29.899  10.708  0001.35  05.38  08.09  308.3  009.26  26.244  1020.021  1481.80 
2024 01 25 21 03 56.66  29.903  10.708  0001.37  05.43  08.09  308.3  009.26  26.247  1020.023  1481.81 
2024 01 25 21 03 56.91  29.901  10.709  0001.34  05.42  08.09  308.3  009.26  26.245  1020.021  1481.81 
2024 01 25 21 03 57.16  29.899  10.710  0001.32  05.57  08.09  308.3  009.26  26.242  1020.019  1481.81 
2024 01 25 21 03 57.41  29.889  10.711  0001.28  05.57  08.09  308.3  009.26  26.232  1020.011  1481.80 
2024 01 25 21 03 57.66  29.884  10.713  0001.28  05.45  08.09  308.3  009.26  26.226  1020.006  1481.80 
2024 01 25 21 03 57.91  29.885  10.712  0001.27  05.34  08.09  308.3  009.26  26.227  1020.007  1481.80 
2024 01 25 21 03 58.16  29.891  10.712  0001.30  05.53  08.09  308.3  009.26  26.233  1020.012  1481.80 
2024 01 25 21 03 58.41  29.894  10.710  0001.33  05.80  08.09  308.4  009.26  26.237  1020.015  1481.80 
2024 01 25 21 03 58.66  29.895  10.709  0001.33  06.07  08.09  308.4  009.26  26.239  1020.017  1481.80 
2024 01 25 21 03 58.91  29.897  10.710  0001.32  05.95  08.09  308.4  009.26  26.240  1020.018  1481.81 
2024 01 25 21 03 59.16  29.898  10.710  0001.33  05.58  08.09  308.4  009.26  26.241  1020.018  1481.81 
2024 01 25 21 03 59.41  29.897  10.710  0001.32  05.59  08.09  308.4  009.26  26.240  1020.017  1481.81 
2024 01 25 21 03 59.66  29.898  10.710  0001.31  05.66  08.09  308.4  009.26  26.241  1020.018  1481.81 
2024 01 25 21 03 59.91  29.905  10.706  0001.32  05.45  08.09  308.4  009.26  26.251  1020.026  1481.81 
2024 01 25 21 04 00.16  29.924  10.700  0001.35  05.49  08.09  308.4  009.26  26.274  1020.045  1481.81 
2024 01 25 21 04 00.41  29.931  10.694  0001.37  05.77  08.09  308.4  009.26  26.285  1020.055  1481.80 
2024 01 25 21 04 00.66  29.934  10.694  0001.38  05.79  08.09  308.4  009.26  26.288  1020.057  1481.81 
2024 01 25 21 04 00.91  29.926  10.697  0001.35  05.80  08.09  308.4  009.23  26.278  1020.049  1481.81 
2024 01 25 21 04 01.16  29.922  10.699  0001.33  05.46  08.09  308.4  009.26  26.272  1020.044  1481.81 
2024 01 25 21 04 01.41  29.910  10.704  0001.28  05.36  08.09  308.5  009.26  26.257  1020.031  1481.81 
2024 01 25 21 04 01.66  29.902  10.706  0001.27  05.57  08.09  308.5  009.26  26.248  1020.024  1481.80 
2024 01 25 21 04 01.91  29.903  10.702  0001.28  05.45  08.09  308.5  009.26  26.251  1020.027  1481.79 
2024 01 25 21 04 02.16  29.899  10.707  0001.29  05.42  08.09  308.5  009.26  26.245  1020.021  1481.80 
2024 01 25 21 04 02.41  29.895  10.709  0001.30  05.59  08.09  308.5  009.26  26.239  1020.017  1481.80 
2024 01 25 21 04 02.66  29.897  10.709  0001.33  05.48  08.09  308.5  009.26  26.241  1020.018  1481.81 
2024 01 25 21 04 02.91  29.898  10.708  0001.34  05.73  08.09  308.5  009.26  26.242  1020.020  1481.80 
2024 01 25 21 04 03.16  29.899  10.708  0001.33  05.75  08.09  308.5  009.26  26.244  1020.021  1481.81 
2024 01 25 21 04 03.41  29.900  10.708  0001.32  05.59  08.09  308.5  009.26  26.245  1020.021  1481.81 
2024 01 25 21 04 03.66  29.902  10.708  0001.32  05.56  08.09  308.5  009.26  26.246  1020.023  1481.81 
2024 01 25 21 04 03.91  29.903  10.706  0001.33  05.49  08.09  308.5  009.26  26.249  1020.025  1481.81 
2024 01 25 21 04 04.16  29.912  10.703  0001.33  05.38  08.09  308.5  009.26  26.260  1020.034  1481.80 
2024 01 25 21 04 04.41  29.917  10.699  0001.32  05.47  08.09  308.5  009.26  26.267  1020.040  1481.80 
2024 01 25 21 04 04.66  29.915  10.700  0001.33  05.63  08.09  308.5  009.26  26.265  1020.038  1481.80 
2024 01 25 21 04 04.91  29.918  10.701  0001.32  05.77  08.09  308.5  009.26  26.267  1020.039  1481.81 
2024 01 25 21 04 05.16  29.919  10.700  0001.32  05.67  08.09  308.5  009.26  26.269  1020.041  1481.81 
2024 01 25 21 04 05.41  29.917  10.700  0001.32  05.85  08.09  308.5  009.26  26.267  1020.040  1481.80 
2024 01 25 21 04 05.66  29.919  10.700  0001.32  05.91  08.09  308.5  009.26  26.268  1020.041  1481.80 
2024 01 25 21 04 05.91  29.915  10.700  0001.30  05.73  08.09  308.5  009.26  26.265  1020.038  1481.80 
2024 01 25 21 04 06.16  29.919  10.700  0001.30  05.39  08.09  308.5  009.26  26.269  1020.041  1481.81 
2024 01 25 21 04 06.41  29.920  10.700  0001.31  05.55  08.09  308.5  009.26  26.270  1020.042  1481.81 
2024 01 25 21 04 06.66  29.925  10.699  0001.32  05.51  08.09  308.5  009.26  26.275  1020.046  1481.81 
2024 01 25 21 04 06.91  29.925  10.699  0001.29  05.61  08.09  308.5  009.26  26.275  1020.046  1481.81 
2024 01 25 21 04 07.16  29.925  10.700  0001.31  05.58  08.09  308.5  009.26  26.275  1020.046  1481.81 
2024 01 25 21 04 07.41  29.921  10.700  0001.33  05.39  08.09  308.2  009.26  26.271  1020.043  1481.81 
2024 01 25 21 04 07.66  29.951  10.678  0001.35  05.34  08.09  308.2  009.26  26.316  1020.081  1481.78 
2024 01 25 21 04 07.91  29.969  10.675  0001.34  05.36  08.09  308.2  009.26  26.336  1020.097  1481.80 
2024 01 25 21 04 08.16  29.969  10.676  0001.34  05.38  08.09  308.2  009.26  26.335  1020.097  1481.80 
2024 01 25 21 04 08.41  29.976  10.681  0001.31  05.69  08.09  308.2  009.26  26.337  1020.098  1481.82 
2024 01 25 21 04 08.66  29.977  10.681  0001.31  05.60  08.09  308.2  009.26  26.338  1020.098  1481.82 
2024 01 25 21 04 08.91  29.980  10.684  0001.32  05.65  08.09  308.2  009.26  26.339  1020.099  1481.83 
2024 01 25 21 04 09.16  29.984  10.682  0001.32  05.57  08.09  308.2  009.26  26.344  1020.103  1481.83 
2024 01 25 21 04 09.41  30.012  10.673  0001.33  05.66  08.09  308.2  009.26  26.378  1020.130  1481.84 
2024 01 25 21 04 09.66  30.028  10.669  0001.36  05.80  08.09  308.2  009.26  26.397  1020.146  1481.85 
2024 01 25 21 04 09.91  30.026  10.669  0001.32  05.86  08.09  308.2  009.26  26.395  1020.144  1481.84 
2024 01 25 21 04 10.16  30.026  10.672  0001.32  05.68  08.09  308.2  009.26  26.392  1020.142  1481.85 
2024 01 25 21 04 10.41  30.002  10.676  0001.28  05.70  08.09  308.5  009.26  26.366  1020.121  1481.84 
2024 01 25 21 04 10.66  29.993  10.679  0001.28  05.68  08.09  308.5  009.26  26.355  1020.112  1481.83 
2024 01 25 21 04 10.91  30.004  10.674  0001.28  05.64  08.09  308.5  009.26  26.370  1020.124  1481.83 
2024 01 25 21 04 11.16  30.008  10.674  0001.31  05.69  08.09  308.5  009.26  26.374  1020.127  1481.84 
2024 01 25 21 04 11.41  30.015  10.670  0001.32  05.55  08.09  308.5  009.26  26.383  1020.135  1481.84 
2024 01 25 21 04 11.66  30.025  10.668  0001.31  05.55  08.09  308.5  009.26  26.395  1020.145  1481.84 
2024 01 25 21 04 11.91  30.025  10.668  0001.33  05.49  08.09  308.5  009.26  26.395  1020.145  1481.84 
2024 01 25 21 04 12.16  30.029  10.668  0001.32  05.44  08.09  308.5  009.26  26.399  1020.148  1481.84 
2024 01 25 21 04 12.41  30.039  10.667  0001.33  05.43  08.09  308.5  009.26  26.409  1020.155  1481.85 
2024 01 25 21 04 12.66  30.072  10.661  0001.35  05.57  08.09  308.5  009.26  26.445  1020.185  1481.88 
2024 01 25 21 04 12.91  30.084  10.660  0001.37  05.69  08.09  308.5  009.26  26.457  1020.194  1481.89 
2024 01 25 21 04 13.16  30.083  10.661  0001.35  05.86  08.09  308.5  009.26  26.456  1020.193  1481.89 
2024 01 25 21 04 13.41  30.064  10.667  0001.34  05.98  08.09  308.5  009.26  26.433  1020.175  1481.88 
2024 01 25 21 04 13.66  30.065  10.668  0001.29  05.85  08.09  308.5  009.26  26.433  1020.174  1481.89 
2024 01 25 21 04 13.91  30.063  10.666  0001.27  05.55  08.09  308.5  009.26  26.432  1020.174  1481.88 
2024 01 25 21 04 14.16  30.061  10.667  0001.31  05.98  08.09  308.5  009.26  26.430  1020.172  1481.88 
2024 01 25 21 04 14.41  30.056  10.670  0001.30  05.88  08.09  308.5  009.26  26.424  1020.166  1481.88 
2024 01 25 21 04 14.66  30.078  10.666  0001.33  05.71  08.09  308.5  009.26  26.447  1020.185  1481.90 
2024 01 25 21 04 14.91  30.098  10.660  0001.35  05.70  08.09  308.5  009.26  26.471  1020.205  1481.90 
2024 01 25 21 04 15.16  30.098  10.661  0001.34  05.63  08.09  308.5  009.26  26.470  1020.204  1481.91 
2024 01 25 21 04 15.41  30.093  10.664  0001.32  05.72  08.09  308.5  009.26  26.463  1020.198  1481.91 
2024 01 25 21 04 15.66  30.088  10.664  0001.33  05.89  08.09  308.5  009.26  26.458  1020.194  1481.90 
2024 01 25 21 04 15.91  30.091  10.664  0001.29  05.91  08.09  308.5  009.26  26.461  1020.197  1481.91 
2024 01 25 21 04 16.16  30.098  10.663  0001.29  05.94  08.09  308.5  009.26  26.469  1020.203  1481.91 
2024 01 25 21 04 16.41  30.094  10.662  0001.29  05.89  08.09  308.6  009.26  26.466  1020.200  1481.91 
2024 01 25 21 04 16.66  30.106  10.660  0001.34  05.78  08.08  308.6  009.26  26.479  1020.211  1481.91 
2024 01 25 21 04 16.91  30.117  10.658  0001.35  05.67  08.08  308.6  009.26  26.491  1020.221  1481.92 
2024 01 25 21 04 17.16  30.120  10.655  0001.37  05.74  08.08  308.6  009.26  26.496  1020.225  1481.92 
2024 01 25 21 04 17.41  30.122  10.658  0001.33  05.74  08.08  308.6  009.26  26.496  1020.225  1481.93 
2024 01 25 21 04 17.66  30.123  10.659  0001.33  05.99  08.08  308.6  009.26  26.496  1020.225  1481.93 
2024 01 25 21 04 17.91  30.120  10.658  0001.31  05.79  08.08  308.6  009.26  26.494  1020.223  1481.92 
2024 01 25 21 04 18.16  30.118  10.658  0001.31  05.81  08.08  308.6  009.26  26.492  1020.221  1481.92 
2024 01 25 21 04 18.41  30.124  10.658  0001.32  05.65  08.08  308.6  009.26  26.498  1020.226  1481.93 
2024 01 25 21 04 18.66  30.125  10.658  0001.30  05.69  08.08  308.6  009.26  26.498  1020.226  1481.93 
2024 01 25 21 04 18.91  30.126  10.658  0001.31  05.63  08.08  308.6  009.26  26.500  1020.228  1481.93 
2024 01 25 21 04 19.16  30.126  10.659  0001.32  05.79  08.08  308.6  009.26  26.499  1020.227  1481.93 
2024 01 25 21 04 19.41  30.125  10.659  0001.30  06.25  08.08  308.8  009.26  26.499  1020.226  1481.93 
2024 01 25 21 04 19.66  30.127  10.658  0001.32  06.02  08.09  308.8  009.26  26.501  1020.228  1481.93 
2024 01 25 21 04 19.91  30.125  10.656  0001.32  06.30  08.08  308.8  009.26  26.500  1020.228  1481.93 
2024 01 25 21 04 20.16  30.125  10.659  0001.34  06.12  08.08  308.8  009.26  26.499  1020.227  1481.93 
2024 01 25 21 04 20.41  30.123  10.660  0001.33  05.93  08.09  308.8  009.26  26.495  1020.224  1481.93 
2024 01 25 21 04 20.66  30.123  10.659  0001.33  05.67  08.08  308.8  009.26  26.496  1020.224  1481.93 
2024 01 25 21 04 20.91  30.118  10.659  0001.34  05.69  08.08  308.8  009.26  26.491  1020.221  1481.93 
2024 01 25 21 04 21.16  30.118  10.659  0001.31  05.86  08.08  308.8  009.26  26.491  1020.221  1481.93 
2024 01 25 21 04 21.41  30.121  10.659  0001.32  05.91  08.08  308.8  009.26  26.495  1020.223  1481.93 
2024 01 25 21 04 21.66  30.121  10.659  0001.34  06.00  08.08  308.8  009.26  26.494  1020.223  1481.93 
2024 01 25 21 04 21.91  30.119  10.659  0001.35  05.84  08.08  308.8  009.26  26.492  1020.221  1481.93 
2024 01 25 21 04 22.16  30.118  10.660  0001.34  05.66  08.08  308.8  009.26  26.491  1020.220  1481.93 
2024 01 25 21 04 22.41  30.116  10.659  0001.33  05.76  08.08  309.2  009.26  26.489  1020.219  1481.92 
2024 01 25 21 04 22.66  30.117  10.659  0001.29  06.59  08.08  309.2  009.26  26.490  1020.219  1481.92 
2024 01 25 21 04 22.91  30.116  10.660  0001.26  06.19  08.08  309.2  009.26  26.488  1020.218  1481.92 
2024 01 25 21 04 23.16  30.117  10.660  0001.27  05.93  08.08  309.2  009.26  26.489  1020.219  1481.93 
2024 01 25 21 04 23.41  30.114  10.660  0001.28  05.77  08.08  309.2  009.26  26.486  1020.216  1481.92 
2024 01 25 21 04 23.66  30.103  10.663  0001.31  05.87  08.08  309.2  009.26  26.474  1020.207  1481.92 
2024 01 25 21 04 23.91  30.070  10.666  0001.35  05.87  08.08  309.2  009.26  26.440  1020.180  1481.89 
2024 01 25 21 04 24.16  30.020  10.689  0001.35  05.82  08.08  309.2  009.26  26.374  1020.125  1481.89 
2024 01 25 21 04 24.41  29.996  10.693  0001.37  06.16  08.08  309.2  009.26  26.348  1020.104  1481.88 
2024 01 25 21 04 24.66  29.999  10.688  0001.37  05.80  08.08  309.2  009.26  26.355  1020.110  1481.87 
2024 01 25 21 04 24.91  29.994  10.686  0001.34  05.64  08.08  309.2  009.26  26.351  1020.108  1481.86 
2024 01 25 21 04 25.16  29.983  10.689  0001.30  05.66  08.08  309.2  009.26  26.339  1020.098  1481.85 
2024 01 25 21 04 25.41  29.988  10.690  0001.27  05.61  08.08  309.1  009.26  26.342  1020.100  1481.86 
2024 01 25 21 04 25.66  30.023  10.680  0001.27  05.48  08.08  309.1  009.26  26.384  1020.134  1481.87 
2024 01 25 21 04 25.91  30.059  10.666  0001.30  05.61  08.08  309.1  009.26  26.429  1020.171  1481.88 
2024 01 25 21 04 26.16  30.035  10.675  0001.32  05.64  08.08  309.1  009.26  26.399  1020.146  1481.87 
2024 01 25 21 04 26.41  30.057  10.670  0001.34  05.89  08.08  309.1  009.26  26.424  1020.167  1481.89 
2024 01 25 21 04 26.66  30.094  10.644  0001.34  05.88  08.08  309.1  009.26  26.478  1020.213  1481.86 
2024 01 25 21 04 26.91  30.099  10.641  0001.35  05.80  08.08  309.1  009.26  26.486  1020.220  1481.85 
2024 01 25 21 04 27.16  30.071  10.663  0001.33  06.07  08.08  309.1  009.26  26.443  1020.183  1481.88 
2024 01 25 21 04 27.41  30.051  10.670  0001.32  05.77  08.08  309.1  009.26  26.418  1020.162  1481.88 
2024 01 25 21 04 27.66  30.037  10.672  0001.29  05.74  08.08  309.1  009.26  26.404  1020.150  1481.86 
2024 01 25 21 04 27.91  30.037  10.681  0001.28  05.79  08.08  309.1  009.26  26.397  1020.144  1481.89 
2024 01 25 21 04 28.16  30.051  10.672  0001.29  05.82  08.08  309.1  009.26  26.417  1020.161  1481.88 
2024 01 25 21 04 28.41  30.051  10.672  0001.32  05.61  08.08  309.2  009.26  26.416  1020.160  1481.88 
2024 01 25 21 04 28.66  30.025  10.683  0001.34  05.69  08.08  309.2  009.26  26.384  1020.134  1481.88 
2024 01 25 21 04 28.91  30.030  10.676  0001.35  05.70  08.08  309.2  009.26  26.394  1020.142  1481.87 
2024 01 25 21 04 29.16  30.032  10.679  0001.35  05.58  08.08  309.2  009.26  26.394  1020.142  1481.88 
2024 01 25 21 04 29.41  30.014  10.682  0001.32  05.51  08.08  309.2  009.26  26.373  1020.125  1481.87 
2024 01 25 21 04 29.66  30.008  10.685  0001.29  05.65  08.08  309.2  009.26  26.366  1020.119  1481.87 
2024 01 25 21 04 29.91  30.015  10.682  0001.31  05.53  08.08  309.2  009.26  26.374  1020.126  1481.87 
2024 01 25 21 04 30.16  30.015  10.682  0001.32  05.65  08.08  309.2  009.26  26.375  1020.127  1481.87 
2024 01 25 21 04 30.41  30.015  10.683  0001.33  05.69  08.08  309.2  009.26  26.374  1020.126  1481.87 
2024 01 25 21 04 30.66  30.014  10.682  0001.35  05.88  08.08  309.2  009.26  26.374  1020.126  1481.87 
2024 01 25 21 04 30.91  30.012  10.683  0001.38  05.91  08.08  309.2  009.26  26.371  1020.123  1481.87 
2024 01 25 21 04 31.16  30.014  10.682  0001.35  05.81  08.08  309.2  009.26  26.374  1020.126  1481.87 
2024 01 25 21 04 31.41  30.015  10.680  0001.34  05.80  08.08  309.3  009.26  26.376  1020.128  1481.86 
2024 01 25 21 04 31.66  30.019  10.680  0001.29  05.91  08.08  309.3  009.26  26.380  1020.130  1481.87 
2024 01 25 21 04 31.91  30.019  10.679  0001.29  05.70  08.08  309.3  009.26  26.380  1020.131  1481.86 
2024 01 25 21 04 32.16  30.020  10.682  0001.28  05.78  08.08  309.3  009.26  26.379  1020.130  1481.87 
2024 01 25 21 04 32.41  29.994  10.690  0001.31  05.72  08.08  309.3  009.26  26.349  1020.105  1481.86 
2024 01 25 21 04 32.66  29.971  10.692  0001.32  05.85  08.08  309.3  009.26  26.325  1020.086  1481.84 
2024 01 25 21 04 32.91  29.958  10.698  0001.34  05.74  08.08  309.3  009.26  26.308  1020.073  1481.85 
2024 01 25 21 04 33.16  29.961  10.694  0001.35  05.60  08.08  309.3  009.26  26.314  1020.078  1481.84 
2024 01 25 21 04 33.41  29.959  10.694  0001.34  05.43  08.08  309.3  009.26  26.311  1020.076  1481.84 
2024 01 25 21 04 33.66  29.960  10.696  0001.33  05.59  08.08  309.3  009.23  26.311  1020.075  1481.84 
2024 01 25 21 04 33.91  29.959  10.693  0001.34  05.48  08.08  309.3  009.26  26.313  1020.077  1481.83 
2024 01 25 21 04 34.16  29.958  10.694  0001.34  05.56  08.08  309.3  009.26  26.310  1020.075  1481.83 
2024 01 25 21 04 34.41  29.954  10.694  0001.32  05.74  08.08  309.2  009.26  26.306  1020.071  1481.83 
2024 01 25 21 04 34.66  29.957  10.693  0001.31  05.95  08.08  309.2  009.26  26.310  1020.075  1481.83 
2024 01 25 21 04 34.91  29.961  10.690  0001.35  05.86  08.08  309.2  009.26  26.316  1020.080  1481.83 
2024 01 25 21 04 35.16  29.964  10.686  0001.35  05.57  08.08  309.2  009.26  26.322  1020.085  1481.82 
2024 01 25 21 04 35.41  29.962  10.688  0001.32  05.63  08.08  309.2  009.26  26.319  1020.082  1481.82 
2024 01 25 21 04 35.66  29.954  10.694  0001.32  05.59  08.08  309.2  009.26  26.307  1020.072  1481.83 
2024 01 25 21 04 35.91  29.950  10.695  0001.30  05.56  08.08  309.2  009.26  26.303  1020.069  1481.83 
2024 01 25 21 04 36.16  29.958  10.693  0001.32  06.04  08.08  309.2  009.26  26.312  1020.076  1481.83 
2024 01 25 21 04 36.41  29.960  10.691  0001.34  05.71  08.08  309.2  009.26  26.315  1020.079  1481.83 
2024 01 25 21 04 36.66  29.962  10.691  0001.39  05.70  08.08  309.2  009.26  26.317  1020.080  1481.83 
2024 01 25 21 04 36.91  29.961  10.690  0001.39  05.74  08.08  309.2  009.26  26.317  1020.081  1481.83 
2024 01 25 21 04 37.16  29.960  10.693  0001.38  05.60  08.08  309.2  009.26  26.313  1020.077  1481.83 
2024 01 25 21 04 37.41  29.964  10.685  0001.36  05.53  08.08  308.7  009.26  26.323  1020.086  1481.82 
2024 01 25 21 04 37.66  29.954  10.693  0001.32  05.39  08.08  308.7  009.26  26.307  1020.072  1481.83 
2024 01 25 21 04 37.91  29.964  10.692  0001.34  05.37  08.08  308.7  009.26  26.318  1020.081  1481.83 
2024 01 25 21 04 38.16  29.977  10.685  0001.36  05.54  08.08  308.7  009.26  26.336  1020.096  1481.83 
2024 01 25 21 04 38.41  29.972  10.689  0001.39  05.73  08.08  308.7  009.26  26.328  1020.089  1481.84 
2024 01 25 21 04 38.66  29.959  10.691  0001.39  05.85  08.08  308.7  009.26  26.314  1020.078  1481.83 
2024 01 25 21 04 38.91  29.955  10.691  0001.40  05.57  08.08  308.7  009.26  26.310  1020.075  1481.82 
2024 01 25 21 04 39.16  29.963  10.690  0001.39  05.61  08.08  308.7  009.26  26.319  1020.082  1481.83 
2024 01 25 21 04 39.41  29.969  10.688  0001.38  05.54  08.08  308.7  009.26  26.325  1020.087  1481.83 
2024 01 25 21 04 39.66  29.968  10.687  0001.32  05.57  08.08  308.7  009.26  26.325  1020.087  1481.83 
2024 01 25 21 04 39.91  29.966  10.690  0001.32  05.61  08.08  308.7  009.26  26.322  1020.084  1481.83 
2024 01 25 21 04 40.16  29.964  10.690  0001.35  05.60  08.08  308.7  009.26  26.319  1020.082  1481.83 
2024 01 25 21 04 40.41  29.964  10.690  0001.37  05.58  08.08  308.8  009.26  26.319  1020.082  1481.83 
2024 01 25 21 04 40.66  29.976  10.685  0001.38  05.82  08.08  308.8  009.26  26.334  1020.095  1481.83 
2024 01 25 21 04 40.91  29.977  10.684  0001.37  05.81  08.08  308.8  009.26  26.336  1020.096  1481.83 
2024 01 25 21 04 41.16  29.987  10.685  0001.35  05.68  08.08  308.8  009.26  26.345  1020.103  1481.85 
2024 01 25 21 04 41.41  30.008  10.680  0001.34  05.65  08.08  308.8  009.26  26.369  1020.122  1481.85 
2024 01 25 21 04 41.66  30.009  10.683  0001.37  05.59  08.08  308.8  009.26  26.368  1020.122  1481.87 
2024 01 25 21 04 41.91  30.011  10.683  0001.38  05.98  08.08  308.8  009.26  26.370  1020.123  1481.87 
2024 01 25 21 04 42.16  30.026  10.677  0001.39  06.03  08.08  308.8  009.26  26.389  1020.138  1481.87 
2024 01 25 21 04 42.41  30.043  10.675  0001.38  05.74  08.08  308.8  009.26  26.406  1020.152  1481.88 
2024 01 25 21 04 42.66  30.043  10.668  0001.40  05.65  08.08  308.8  009.26  26.412  1020.158  1481.86 
2024 01 25 21 04 42.91  30.036  10.670  0001.38  05.55  08.08  308.8  009.26  26.404  1020.151  1481.86 
2024 01 25 21 04 43.16  30.031  10.675  0001.37  05.50  08.08  308.8  009.26  26.395  1020.144  1481.87 
2024 01 25 21 04 43.41  30.009  10.682  0001.37  05.70  08.08  308.9  009.26  26.369  1020.122  1481.86 
2024 01 25 21 04 43.66  29.995  10.685  0001.35  05.56  08.08  308.9  009.26  26.353  1020.110  1481.85 
2024 01 25 21 04 43.91  29.985  10.686  0001.35  05.48  08.08  308.9  009.26  26.343  1020.102  1481.84 
2024 01 25 21 04 44.16  29.989  10.686  0001.33  05.55  08.08  308.9  009.26  26.346  1020.104  1481.85 
2024 01 25 21 04 44.41  29.984  10.684  0001.32  05.62  08.08  308.9  009.26  26.343  1020.101  1481.84 
2024 01 25 21 04 44.66  29.976  10.690  0001.36  05.64  08.08  308.9  009.26  26.331  1020.091  1481.84 
2024 01 25 21 04 44.91  29.958  10.697  0001.37  05.51  08.08  308.9  009.26  26.309  1020.073  1481.84 
2024 01 25 21 04 45.16  29.957  10.695  0001.39  05.39  08.08  308.9  009.26  26.309  1020.074  1481.84 
2024 01 25 21 04 45.41  29.961  10.691  0001.39  05.32  08.08  308.9  009.26  26.317  1020.080  1481.83 
2024 01 25 21 04 45.66  29.968  10.688  0001.40  05.34  08.08  308.9  009.26  26.325  1020.087  1481.83 
2024 01 25 21 04 45.91  29.984  10.686  0001.40  05.46  08.08  308.9  009.26  26.342  1020.101  1481.84 
2024 01 25 21 04 46.16  30.013  10.679  0001.38  05.62  08.08  308.9  009.26  26.375  1020.128  1481.86 
2024 01 25 21 04 46.41  30.036  10.669  0001.37  05.74  08.08  308.7  009.26  26.405  1020.152  1481.86 
2024 01 25 21 04 46.66  30.023  10.670  0001.34  05.72  08.08  308.7  009.26  26.391  1020.141  1481.84 
2024 01 25 21 04 46.91  30.014  10.670  0001.31  05.54  08.08  308.7  009.26  26.382  1020.134  1481.83 
2024 01 25 21 04 47.16  30.026  10.675  0001.34  05.53  08.08  308.7  009.26  26.391  1020.140  1481.86 
2024 01 25 21 04 47.41  30.039  10.673  0001.36  05.39  08.08  308.7  009.26  26.404  1020.151  1481.87 
2024 01 25 21 04 47.66  30.028  10.675  0001.37  05.50  08.08  308.7  009.26  26.392  1020.141  1481.86 
2024 01 25 21 04 47.91  30.018  10.678  0001.38  05.43  08.08  308.7  009.26  26.380  1020.132  1481.86 
2024 01 25 21 04 48.16  30.038  10.680  0001.37  05.47  08.08  308.7  009.26  26.398  1020.145  1481.89 
2024 01 25 21 04 48.41  30.075  10.679  0001.35  05.53  08.08  308.7  009.26  26.434  1020.173  1481.93 
2024 01 25 21 04 48.66  30.077  10.674  0001.34  05.73  08.08  308.7  009.26  26.441  1020.179  1481.92 
2024 01 25 21 04 48.91  30.082  10.669  0001.38  05.77  08.08  308.7  009.26  26.448  1020.186  1481.91 
2024 01 25 21 04 49.16  30.087  10.666  0001.37  05.79  08.08  308.7  009.26  26.457  1020.193  1481.91 
2024 01 25 21 04 49.41  30.098  10.664  0001.41  05.67  08.08  308.9  009.26  26.468  1020.202  1481.92 
2024 01 25 21 04 49.66  30.110  10.661  0001.38  05.56  08.08  308.9  009.26  26.482  1020.213  1481.92 
2024 01 25 21 04 49.91  30.108  10.661  0001.37  05.55  08.08  308.9  009.26  26.480  1020.212  1481.92 
2024 01 25 21 04 50.16  30.104  10.663  0001.36  05.54  08.08  308.9  009.26  26.475  1020.207  1481.92 
2024 01 25 21 04 50.41  30.102  10.663  0001.37  05.66  08.08  308.9  009.26  26.473  1020.206  1481.92 
2024 01 25 21 04 50.66  30.098  10.662  0001.36  05.64  08.08  308.9  009.26  26.470  1020.204  1481.91 
2024 01 25 21 04 50.91  30.082  10.664  0001.36  05.56  08.08  308.9  009.26  26.452  1020.190  1481.90 
2024 01 25 21 04 51.16  30.065  10.667  0001.36  05.53  08.08  308.9  009.26  26.434  1020.175  1481.89 
2024 01 25 21 04 51.41  30.070  10.671  0001.38  05.62  08.08  308.9  009.26  26.436  1020.176  1481.90 
2024 01 25 21 04 51.66  30.078  10.667  0001.38  05.71  08.08  308.9  009.26  26.447  1020.185  1481.90 
2024 01 25 21 04 51.91  30.079  10.668  0001.37  06.01  08.08  308.9  009.26  26.447  1020.185  1481.90 
2024 01 25 21 04 52.16  30.083  10.668  0001.37  05.73  08.08  308.9  009.26  26.451  1020.188  1481.91 
2024 01 25 21 04 52.41  30.071  10.671  0001.35  05.70  08.08  309.1  009.26  26.437  1020.177  1481.90 
2024 01 25 21 04 52.66  30.059  10.676  0001.33  05.85  08.08  309.1  009.26  26.421  1020.163  1481.90 
2024 01 25 21 04 52.91  30.055  10.674  0001.35  05.69  08.08  309.1  009.26  26.419  1020.162  1481.89 
2024 01 25 21 04 53.16  30.046  10.675  0001.35  05.59  08.08  309.1  009.26  26.409  1020.154  1481.89 
2024 01 25 21 04 53.41  30.046  10.676  0001.37  05.54  08.08  309.1  009.26  26.409  1020.154  1481.89 
2024 01 25 21 04 53.66  30.052  10.671  0001.38  05.52  08.08  309.1  009.26  26.418  1020.162  1481.88 
2024 01 25 21 04 53.91  30.058  10.672  0001.37  05.70  08.08  309.1  009.26  26.424  1020.167  1481.89 
2024 01 25 21 04 54.16  30.051  10.670  0001.39  05.69  08.08  309.1  009.26  26.419  1020.163  1481.88 
2024 01 25 21 04 54.41  30.047  10.670  0001.37  05.75  08.08  309.1  009.26  26.415  1020.160  1481.87 
2024 01 25 21 04 54.66  30.047  10.671  0001.37  05.68  08.08  309.1  009.26  26.413  1020.158  1481.88 
2024 01 25 21 04 54.91  30.051  10.673  0001.39  05.67  08.08  309.1  009.26  26.416  1020.160  1481.89 
2024 01 25 21 04 55.16  30.053  10.674  0001.39  05.60  08.08  309.1  009.26  26.417  1020.161  1481.89 
2024 01 25 21 04 55.41  30.054  10.673  0001.38  05.56  08.08  309.1  009.26  26.419  1020.163  1481.89 
2024 01 25 21 04 55.66  30.056  10.673  0001.35  05.87  08.08  309.1  009.26  26.421  1020.164  1481.89 
2024 01 25 21 04 55.91  30.075  10.671  0001.35  05.71  08.08  309.1  009.29  26.440  1020.179  1481.91 
2024 01 25 21 04 56.16  30.076  10.667  0001.32  05.48  08.08  309.1  009.26  26.445  1020.183  1481.90 
2024 01 25 21 04 56.41  30.082  10.666  0001.33  05.58  08.08  309.1  009.26  26.451  1020.188  1481.90 
2024 01 25 21 04 56.66  30.075  10.666  0001.33  05.69  08.08  309.1  009.26  26.444  1020.183  1481.89 
2024 01 25 21 04 56.91  30.078  10.667  0001.33  05.59  08.08  309.1  009.26  26.447  1020.185  1481.90 
2024 01 25 21 04 57.16  30.078  10.665  0001.39  05.74  08.08  309.1  009.26  26.449  1020.187  1481.90 
2024 01 25 21 04 57.41  30.084  10.662  0001.39  06.16  08.08  309.1  009.26  26.456  1020.194  1481.89 
2024 01 25 21 04 57.66  30.102  10.666  0001.39  06.01  08.08  309.1  009.26  26.471  1020.204  1481.93 
2024 01 25 21 04 57.91  30.141  10.655  0001.39  05.83  08.08  309.1  009.26  26.516  1020.241  1481.94 
2024 01 25 21 04 58.16  30.147  10.655  0001.37  05.96  08.08  309.1  009.26  26.522  1020.246  1481.95 
2024 01 25 21 04 58.41  30.139  10.655  0001.36  06.16  08.08  309.2  009.26  26.514  1020.239  1481.94 
2024 01 25 21 04 58.66  30.126  10.658  0001.36  05.93  08.08  309.2  009.26  26.500  1020.228  1481.93 
2024 01 25 21 04 58.91  30.131  10.655  0001.34  05.86  08.08  309.2  009.26  26.507  1020.234  1481.93 
2024 01 25 21 04 59.16  30.130  10.658  0001.35  05.95  08.08  309.2  009.26  26.504  1020.231  1481.94 
2024 01 25 21 04 59.41  30.132  10.656  0001.37  05.97  08.08  309.2  009.26  26.507  1020.234  1481.93 
2024 01 25 21 04 59.66  30.132  10.654  0001.37  05.81  08.08  309.2  009.26  26.508  1020.235  1481.93 
2024 01 25 21 04 59.91  30.123  10.656  0001.37  06.03  08.08  309.2  009.26  26.498  1020.227  1481.92 
2024 01 25 21 05 00.16  30.109  10.659  0001.37  05.92  08.08  309.2  009.26  26.482  1020.214  1481.92 
2024 01 25 21 05 00.41  30.102  10.665  0001.37  05.98  08.08  309.2  009.26  26.472  1020.205  1481.92 
2024 01 25 21 05 00.66  30.103  10.667  0001.40  05.95  08.08  309.2  009.26  26.471  1020.204  1481.93 
2024 01 25 21 05 00.91  30.102  10.667  0001.40  05.81  08.08  309.2  009.26  26.470  1020.203  1481.93 
2024 01 25 21 05 01.16  30.075  10.668  0001.38  05.79  08.08  309.2  009.26  26.443  1020.182  1481.90 
2024 01 25 21 05 01.41  30.059  10.672  0001.35  05.60  08.08  309.3  009.26  26.424  1020.167  1481.89 
2024 01 25 21 05 01.66  30.047  10.673  0001.34  05.75  08.08  309.3  009.26  26.412  1020.157  1481.88 
2024 01 25 21 05 01.91  30.046  10.676  0001.31  05.88  08.08  309.3  009.26  26.409  1020.154  1481.89 
2024 01 25 21 05 02.16  30.054  10.673  0001.32  05.89  08.08  309.3  009.26  26.419  1020.162  1481.89 
2024 01 25 21 05 02.41  30.066  10.670  0001.34  05.76  08.08  309.3  009.26  26.433  1020.174  1481.89 
2024 01 25 21 05 02.66  30.070  10.664  0001.39  05.84  08.08  309.3  009.26  26.441  1020.181  1481.88 
2024 01 25 21 05 02.91  30.073  10.660  0001.43  05.78  08.08  309.3  009.26  26.447  1020.186  1481.88 
2024 01 25 21 05 03.16  30.074  10.662  0001.43  05.84  08.08  309.3  009.26  26.446  1020.185  1481.88 
2024 01 25 21 05 03.41  30.075  10.668  0001.41  06.04  08.08  309.3  009.26  26.443  1020.182  1481.90 
2024 01 25 21 05 03.66  30.071  10.667  0001.39  05.99  08.08  309.3  009.26  26.440  1020.180  1481.89 
2024 01 25 21 05 03.91  30.071  10.669  0001.38  05.83  08.08  309.3  009.26  26.438  1020.178  1481.90 
2024 01 25 21 05 04.16  30.057  10.672  0001.35  05.75  08.08  309.3  009.26  26.423  1020.166  1481.89 
2024 01 25 21 05 04.41  30.055  10.675  0001.36  05.77  08.08  309.3  009.26  26.419  1020.162  1481.90 
2024 01 25 21 05 04.66  30.058  10.674  0001.33  05.81  08.08  309.3  009.26  26.422  1020.164  1481.90 
2024 01 25 21 05 04.91  30.060  10.672  0001.36  05.76  08.08  309.3  009.26  26.426  1020.168  1481.89 
2024 01 25 21 05 05.16  30.053  10.675  0001.36  05.74  08.08  309.3  009.26  26.417  1020.161  1481.89 
2024 01 25 21 05 05.41  30.054  10.674  0001.35  05.43  08.08  309.3  009.26  26.418  1020.162  1481.89 
2024 01 25 21 05 05.66  30.055  10.674  0001.38  05.45  08.08  309.3  009.26  26.420  1020.163  1481.89 
2024 01 25 21 05 05.91  30.051  10.673  0001.38  05.58  08.08  309.3  009.26  26.417  1020.161  1481.89 
2024 01 25 21 05 06.16  30.049  10.674  0001.36  05.88  08.08  309.3  009.26  26.414  1020.158  1481.89 
2024 01 25 21 05 06.41  30.049  10.673  0001.36  05.88  08.08  309.3  009.26  26.414  1020.159  1481.88 
2024 01 25 21 05 06.66  30.049  10.674  0001.37  05.72  08.08  309.3  009.26  26.413  1020.158  1481.89 
2024 01 25 21 05 06.91  30.047  10.674  0001.37  06.06  08.08  309.3  009.26  26.411  1020.156  1481.88 
2024 01 25 21 05 07.16  30.041  10.674  0001.37  06.01  08.08  309.3  009.26  26.406  1020.152  1481.88 
2024 01 25 21 05 07.41  30.038  10.675  0001.38  06.00  08.08  309.5  009.26  26.402  1020.149  1481.88 
2024 01 25 21 05 07.66  30.037  10.676  0001.36  05.98  08.08  309.5  009.26  26.400  1020.147  1481.88 
2024 01 25 21 05 07.91  30.033  10.679  0001.38  05.70  08.08  309.5  009.26  26.394  1020.143  1481.88 
2024 01 25 21 05 08.16  30.032  10.679  0001.38  05.62  08.08  309.5  009.26  26.393  1020.142  1481.88 
2024 01 25 21 05 08.41  30.028  10.678  0001.41  05.72  08.08  309.5  009.26  26.391  1020.140  1481.87 
2024 01 25 21 05 08.66  30.021  10.679  0001.39  05.59  08.08  309.5  009.26  26.383  1020.134  1481.87 
2024 01 25 21 05 08.91  30.015  10.679  0001.36  05.58  08.08  309.5  009.26  26.377  1020.129  1481.86 
2024 01 25 21 05 09.16  30.009  10.683  0001.31  05.79  08.08  309.5  009.26  26.368  1020.121  1481.86 
2024 01 25 21 05 09.41  30.012  10.680  0001.34  05.84  08.08  309.5  009.26  26.373  1020.125  1481.86 
2024 01 25 21 05 09.66  30.016  10.680  0001.34  05.94  08.08  309.5  009.26  26.378  1020.129  1481.86 
2024 01 25 21 05 09.91  30.015  10.679  0001.37  05.62  08.08  309.5  009.26  26.377  1020.129  1481.86 
2024 01 25 21 05 10.16  30.000  10.685  0001.41  05.38  08.08  309.5  009.29  26.358  1020.114  1481.86 
2024 01 25 21 05 10.41  29.997  10.685  0001.40  05.54  08.08  309.0  009.26  26.354  1020.110  1481.86 
2024 01 25 21 05 10.66  29.997  10.685  0001.40  05.63  08.08  309.0  009.26  26.355  1020.111  1481.86 
2024 01 25 21 05 10.91  29.997  10.685  0001.37  05.60  08.08  309.0  009.26  26.355  1020.111  1481.86 
2024 01 25 21 05 11.16  29.997  10.685  0001.35  05.58  08.08  309.0  009.26  26.355  1020.111  1481.85 
2024 01 25 21 05 11.41  29.996  10.684  0001.34  05.62  08.08  309.0  009.26  26.354  1020.110  1481.85 
2024 01 25 21 05 11.66  29.997  10.685  0001.32  05.85  08.08  309.0  009.26  26.355  1020.110  1481.85 
2024 01 25 21 05 11.91  29.997  10.685  0001.34  05.73  08.08  309.0  009.26  26.355  1020.111  1481.86 
2024 01 25 21 05 12.16  29.993  10.685  0001.39  05.59  08.08  309.0  009.26  26.351  1020.108  1481.85 
2024 01 25 21 05 12.41  29.990  10.687  0001.39  05.66  08.08  309.0  009.26  26.347  1020.104  1481.85 
2024 01 25 21 05 12.66  29.981  10.688  0001.42  05.77  08.08  309.0  009.26  26.338  1020.097  1481.85 
2024 01 25 21 05 12.91  29.983  10.687  0001.40  05.65  08.08  309.0  009.26  26.340  1020.099  1481.84 
2024 01 25 21 05 13.16  29.981  10.689  0001.39  05.43  08.08  309.0  009.26  26.337  1020.096  1481.85 
2024 01 25 21 05 13.41  29.976  10.689  0001.40  05.33  08.08  309.1  009.26  26.331  1020.092  1481.84 
2024 01 25 21 05 13.66  29.972  10.690  0001.36  05.46  08.08  309.1  009.26  26.327  1020.088  1481.84 
2024 01 25 21 05 13.91  29.968  10.690  0001.33  05.69  08.08  309.1  009.26  26.323  1020.085  1481.84 
2024 01 25 21 05 14.16  29.965  10.689  0001.32  05.66  08.08  309.1  009.26  26.322  1020.084  1481.83 
2024 01 25 21 05 14.41  29.970  10.692  0001.32  06.36  08.08  309.1  009.26  26.324  1020.086  1481.84 
2024 01 25 21 05 14.66  29.972  10.690  0001.35  05.88  08.08  309.1  009.26  26.327  1020.089  1481.84 
2024 01 25 21 05 14.91  29.967  10.692  0001.36  05.64  08.08  309.1  009.26  26.321  1020.083  1481.84 
2024 01 25 21 05 15.16  29.955  10.694  0001.37  05.52  08.08  309.1  009.26  26.308  1020.073  1481.83 
2024 01 25 21 05 15.41  29.946  10.697  0001.38  05.46  08.08  309.1  009.26  26.298  1020.065  1481.83 
2024 01 25 21 05 15.66  29.938  10.700  0001.38  05.55  08.08  309.1  009.26  26.288  1020.056  1481.83 
2024 01 25 21 05 15.91  29.932  10.700  0001.40  05.46  08.08  309.1  009.26  26.281  1020.051  1481.82 
2024 01 25 21 05 16.16  29.923  10.702  0001.39  05.48  08.08  309.1  009.26  26.272  1020.044  1481.82 
2024 01 25 21 05 16.41  29.922  10.703  0001.39  05.41  08.08  308.9  009.26  26.270  1020.042  1481.82 
2024 01 25 21 05 16.66  29.922  10.702  0001.38  05.42  08.08  308.9  009.26  26.270  1020.042  1481.81 
2024 01 25 21 05 16.91  29.920  10.701  0001.36  05.40  08.08  308.9  009.26  26.269  1020.041  1481.81 
2024 01 25 21 05 17.16  29.919  10.702  0001.35  05.39  08.08  308.9  009.26  26.267  1020.039  1481.81 
2024 01 25 21 05 17.41  29.919  10.702  0001.34  05.54  08.08  308.9  009.26  26.267  1020.040  1481.81 
2024 01 25 21 05 17.66  29.919  10.702  0001.36  05.38  08.08  308.9  009.26  26.267  1020.040  1481.81 
2024 01 25 21 05 17.91  29.916  10.703  0001.39  05.55  08.08  308.9  009.26  26.264  1020.037  1481.81 
2024 01 25 21 05 18.16  29.915  10.702  0001.38  05.64  08.08  308.9  009.26  26.263  1020.037  1481.81 
2024 01 25 21 05 18.41  29.915  10.703  0001.41  05.78  08.08  308.9  009.26  26.262  1020.036  1481.81 
2024 01 25 21 05 18.66  29.914  10.702  0001.37  05.61  08.08  308.9  009.26  26.262  1020.036  1481.81 
2024 01 25 21 05 18.91  29.918  10.702  0001.27  05.55  08.08  308.9  009.26  26.266  1020.039  1481.81 
2024 01 25 21 05 19.16  29.922  10.701  0001.22  05.44  08.08  308.9  009.26  26.272  1020.043  1481.81 
2024 01 25 21 05 19.41  29.922  10.699  0001.20  05.52  08.08  309.0  009.26  26.272  1020.043  1481.80 
2024 01 25 21 05 19.66  29.938  10.690  0001.21  05.68  08.08  309.0  009.26  26.295  1020.063  1481.80 
2024 01 25 21 05 19.91  29.954  10.689  0001.25  05.73  08.08  309.0  009.26  26.310  1020.075  1481.81 
2024 01 25 21 05 20.16  29.955  10.687  0001.25  05.94  08.08  309.0  009.26  26.313  1020.077  1481.81 
2024 01 25 21 05 20.41  29.945  10.696  0001.26  06.00  08.08  309.0  009.26  26.296  1020.063  1481.82 
2024 01 25 21 05 20.66  29.941  10.695  0001.22  05.72  08.08  309.0  009.26  26.294  1020.061  1481.81 
2024 01 25 21 05 20.91  29.926  10.699  0001.19  05.52  08.08  309.0  009.26  26.277  1020.047  1481.81 
2024 01 25 21 05 21.16  29.927  10.698  0001.15  05.50  08.08  309.0  009.26  26.278  1020.048  1481.81 
2024 01 25 21 05 21.41  29.926  10.696  0001.14  05.66  08.08  309.0  009.26  26.278  1020.048  1481.80 
2024 01 25 21 05 21.66  29.927  10.699  0001.15  05.98  08.08  309.0  009.26  26.277  1020.047  1481.81 
2024 01 25 21 05 21.91  29.918  10.701  0001.15  06.22  08.08  309.0  009.26  26.267  1020.039  1481.80 
2024 01 25 21 05 22.16  29.916  10.702  0001.16  06.42  08.08  309.0  009.26  26.265  1020.037  1481.80 
2024 01 25 21 05 22.41  29.919  10.702  0001.20  06.07  08.08  308.8  009.26  26.267  1020.039  1481.81 
2024 01 25 21 05 22.66  29.918  10.702  0001.20  06.01  08.08  308.8  009.26  26.266  1020.038  1481.81 
2024 01 25 21 05 22.91  29.917  10.701  0001.20  06.23  08.08  308.8  009.26  26.266  1020.039  1481.80 
2024 01 25 21 05 23.16  29.919  10.700  0001.20  05.86  08.08  308.8  009.26  26.268  1020.040  1481.80 
2024 01 25 21 05 23.41  29.919  10.701  0001.15  05.77  08.08  308.8  009.26  26.268  1020.040  1481.81 
2024 01 25 21 05 23.66  29.921  10.701  0001.13  05.68  08.08  308.8  009.26  26.270  1020.041  1481.81 
2024 01 25 21 05 23.91  29.920  10.700  0001.11  05.73  08.08  308.8  009.26  26.270  1020.041  1481.80 
2024 01 25 21 05 24.16  29.919  10.701  0001.13  05.59  08.08  308.8  009.26  26.268  1020.040  1481.80 
2024 01 25 21 05 24.41  29.914  10.702  0001.15  05.73  08.07  308.8  009.26  26.262  1020.035  1481.80 
2024 01 25 21 05 24.66  29.911  10.703  0001.19  05.62  08.08  308.8  009.26  26.258  1020.032  1481.80 
2024 01 25 21 05 24.91  29.911  10.705  0001.24  05.60  08.08  308.8  009.26  26.257  1020.031  1481.81 
2024 01 25 21 05 25.16  29.911  10.705  0001.31  05.55  08.07  308.8  009.26  26.257  1020.032  1481.81 
2024 01 25 21 05 25.41  29.907  10.707  0001.42  05.59  08.08  308.8  009.26  26.251  1020.027  1481.81 
2024 01 25 21 05 25.66  29.914  10.700  0001.54  05.45  08.08  308.8  009.26  26.264  1020.039  1481.80 
2024 01 25 21 05 25.91  29.960  10.683  0001.68  05.48  08.08  308.8  009.26  26.320  1020.086  1481.81 
2024 01 25 21 05 26.16  30.055  10.667  0001.84  05.47  08.08  308.8  009.26  26.424  1020.170  1481.88 
2024 01 25 21 05 26.41  30.124  10.656  0002.01  05.54  08.07  308.8  009.26  26.499  1020.230  1481.93 
2024 01 25 21 05 26.66  30.267  10.610  0002.19  05.55  08.07  308.8  009.26  26.672  1020.373  1481.98 
2024 01 25 21 05 26.91  30.502  10.526  0002.37  05.66  08.07  308.8  009.26  26.962  1020.613  1482.03 
2024 01 25 21 05 27.16  30.785  10.427  0002.56  05.71  08.07  308.8  009.26  27.312  1020.901  1482.09 
2024 01 25 21 05 27.41  31.049  10.323  0002.69  06.16  08.07  308.8  009.26  27.649  1021.181  1482.13 
2024 01 25 21 05 27.66  31.189  10.276  0002.89  06.58  08.07  308.8  009.26  27.823  1021.324  1482.17 
2024 01 25 21 05 27.91  31.213  10.233  0003.09  06.77  08.06  308.8  009.26  27.880  1021.377  1482.08 
2024 01 25 21 05 28.16  31.202  10.212  0003.29  07.10  08.06  308.8  009.26  27.885  1021.384  1482.02 
2024 01 25 21 05 28.41  31.198  10.200  0003.48  07.61  08.06  308.2  009.26  27.890  1021.392  1481.98 
2024 01 25 21 05 28.66  31.195  10.196  0003.71  08.30  08.06  308.2  009.26  27.890  1021.393  1481.97 
2024 01 25 21 05 28.91  31.194  10.193  0003.93  08.88  08.07  308.2  009.26  27.892  1021.396  1481.97 
2024 01 25 21 05 29.16  31.202  10.191  0004.15  09.25  08.07  308.2  009.26  27.901  1021.405  1481.97 
2024 01 25 21 05 29.41  31.206  10.187  0004.39  09.44  08.07  308.2  009.26  27.909  1021.412  1481.97 
2024 01 25 21 05 29.66  31.213  10.176  0004.59  09.96  08.07  308.2  009.26  27.923  1021.426  1481.95 
2024 01 25 21 05 29.91  31.225  10.167  0004.83  10.34  08.07  308.2  009.26  27.942  1021.443  1481.94 
2024 01 25 21 05 30.16  31.272  10.151  0005.06  10.49  08.07  308.2  009.26  28.001  1021.492  1481.96 
2024 01 25 21 05 30.41  31.336  10.148  0005.26  10.70  08.07  308.2  009.26  28.066  1021.545  1482.03 
2024 01 25 21 05 30.66  31.384  10.140  0005.47  10.50  08.07  308.2  009.26  28.120  1021.589  1482.07 
2024 01 25 21 05 30.91  31.399  10.125  0005.67  10.99  08.07  308.2  009.26  28.147  1021.613  1482.05 
2024 01 25 21 05 31.16  31.401  10.113  0005.92  11.93  08.07  308.2  009.26  28.157  1021.624  1482.03 
2024 01 25 21 05 31.41  31.408  10.118  0006.15  12.53  08.07  312.2  009.26  28.161  1021.627  1482.05 
2024 01 25 21 05 31.66  31.404  10.108  0006.38  13.12  08.07  312.2  009.26  28.164  1021.632  1482.02 
2024 01 25 21 05 31.91  31.410  10.098  0006.61  13.00  08.07  312.2  009.26  28.178  1021.646  1482.01 
2024 01 25 21 05 32.16  31.405  10.091  0006.83  13.25  08.07  312.2  009.26  28.178  1021.648  1481.98 
2024 01 25 21 05 32.41  31.402  10.058  0007.12  13.39  08.07  312.2  009.26  28.201  1021.673  1481.90 
2024 01 25 21 05 32.66  31.439  10.025  0007.31  13.98  08.07  312.2  009.26  28.263  1021.727  1481.85 
2024 01 25 21 05 32.91  31.466  09.978  0007.56  14.27  08.07  312.2  009.26  28.327  1021.785  1481.76 
2024 01 25 21 05 33.16  31.481  09.945  0007.80  14.33  08.06  312.2  009.26  28.368  1021.823  1481.70 
2024 01 25 21 05 33.41  31.513  09.955  0007.98  14.25  08.06  312.2  009.26  28.392  1021.841  1481.76 
2024 01 25 21 05 33.66  31.549  09.964  0008.24  14.45  08.06  312.2  009.26  28.420  1021.863  1481.84 
2024 01 25 21 05 33.91  31.555  09.967  0008.45  13.22  08.06  312.2  009.26  28.424  1021.866  1481.86 
2024 01 25 21 05 34.16  31.559  09.966  0008.68  12.43  08.06  312.2  009.26  28.428  1021.871  1481.86 
2024 01 25 21 05 34.41  31.561  09.967  0008.92  11.91  08.05  312.7  009.26  28.429  1021.872  1481.87 
2024 01 25 21 05 34.66  31.567  09.964  0009.13  12.29  08.05  312.7  009.26  28.438  1021.881  1481.87 
2024 01 25 21 05 34.91  31.569  09.963  0009.38  12.28  08.05  312.7  009.26  28.441  1021.885  1481.88 
2024 01 25 21 05 35.16  31.572  09.962  0009.62  12.14  08.05  312.7  009.26  28.444  1021.888  1481.88 
2024 01 25 21 05 35.41  31.573  09.960  0009.82  12.41  08.05  312.7  009.26  28.447  1021.892  1481.88 
2024 01 25 21 05 35.66  31.574  09.958  0010.06  12.50  08.05  312.7  009.26  28.449  1021.895  1481.88 
2024 01 25 21 05 35.91  31.573  09.952  0010.28  12.60  08.05  312.7  009.26  28.453  1021.900  1481.87 
2024 01 25 21 05 36.16  31.576  09.932  0010.50  12.41  08.05  312.7  009.26  28.471  1021.918  1481.82 
2024 01 25 21 05 36.41  31.583  09.906  0010.73  12.63  08.05  312.7  009.26  28.498  1021.944  1481.76 
2024 01 25 21 05 36.66  31.580  09.895  0010.93  12.51  08.05  312.7  009.26  28.505  1021.952  1481.73 
2024 01 25 21 05 36.91  31.584  09.884  0011.21  12.31  08.05  312.7  009.26  28.518  1021.965  1481.71 
2024 01 25 21 05 37.16  31.595  09.879  0011.41  12.72  08.04  312.7  009.26  28.531  1021.977  1481.71 
2024 01 25 21 05 37.41  31.620  09.865  0011.61  12.77  08.04  311.1  009.26  28.568  1022.009  1481.71 
2024 01 25 21 05 37.66  31.637  09.859  0011.82  12.98  08.04  311.1  009.26  28.589  1022.027  1481.72 
2024 01 25 21 05 37.91  31.640  09.856  0012.02  12.80  08.04  311.1  009.26  28.595  1022.033  1481.71 
2024 01 25 21 05 38.16  31.639  09.854  0012.25  12.89  08.04  311.1  009.26  28.595  1022.035  1481.71 
2024 01 25 21 05 38.41  31.642  09.850  0012.49  13.03  08.04  311.1  009.26  28.602  1022.042  1481.71 
2024 01 25 21 05 38.66  31.650  09.848  0012.69  13.38  08.04  311.1  009.26  28.611  1022.050  1481.71 
2024 01 25 21 05 38.91  31.650  09.844  0012.90  13.84  08.04  311.1  009.26  28.613  1022.053  1481.71 
2024 01 25 21 05 39.16  31.646  09.839  0013.17  14.00  08.04  311.1  009.26  28.614  1022.056  1481.69 
2024 01 25 21 05 39.41  31.651  09.838  0013.34  13.90  08.04  311.1  009.26  28.620  1022.062  1481.70 
2024 01 25 21 05 39.66  31.643  09.767  0013.57  14.02  08.04  311.1  009.26  28.668  1022.111  1481.50 
2024 01 25 21 05 39.91  31.701  09.718  0013.78  13.55  08.04  311.1  009.26  28.765  1022.195  1481.44 
2024 01 25 21 05 40.16  31.714  09.697  0014.02  12.96  08.03  311.1  009.26  28.795  1022.223  1481.40 
2024 01 25 21 05 40.41  31.717  09.684  0014.29  12.86  08.03  308.0  009.26  28.808  1022.237  1481.38 
2024 01 25 21 05 40.66  31.719  09.655  0014.49  12.14  08.03  308.0  009.26  28.833  1022.262  1481.30 
2024 01 25 21 05 40.91  31.724  09.629  0014.72  11.73  08.03  308.0  009.26  28.859  1022.287  1481.24 
2024 01 25 21 05 41.16  31.748  09.624  0014.94  11.37  08.03  308.0  009.26  28.887  1022.310  1481.26 
2024 01 25 21 05 41.41  31.768  09.608  0015.15  11.08  08.03  308.0  009.26  28.920  1022.340  1481.25 
2024 01 25 21 05 41.66  31.765  09.560  0015.38  10.89  08.02  308.0  009.26  28.956  1022.376  1481.12 
2024 01 25 21 05 41.91  31.763  09.537  0015.60  10.11  08.02  308.0  009.26  28.971  1022.392  1481.06 
2024 01 25 21 05 42.16  31.767  09.514  0015.82  09.22  08.02  308.0  009.26  28.994  1022.415  1481.00 
2024 01 25 21 05 42.41  31.783  09.476  0016.07  08.77  08.02  308.0  009.26  29.042  1022.459  1480.92 
2024 01 25 21 05 42.66  31.793  09.463  0016.25  08.12  08.02  308.0  009.26  29.061  1022.477  1480.90 
2024 01 25 21 05 42.91  31.794  09.462  0016.47  07.75  08.02  308.0  009.26  29.063  1022.480  1480.90 
2024 01 25 21 05 43.16  31.794  09.457  0016.69  07.28  08.02  308.0  009.26  29.067  1022.484  1480.89 
2024 01 25 21 05 43.41  31.797  09.456  0016.90  06.99  08.02  303.6  009.26  29.071  1022.489  1480.90 
2024 01 25 21 05 43.66  31.798  09.455  0017.15  07.10  08.01  303.6  009.26  29.072  1022.491  1480.90 
2024 01 25 21 05 43.91  31.802  09.440  0017.32  07.16  08.01  303.6  009.26  29.090  1022.508  1480.87 
2024 01 25 21 05 44.16  31.806  09.402  0017.58  07.10  08.01  303.6  009.26  29.123  1022.541  1480.77 
2024 01 25 21 05 44.41  31.805  09.359  0017.77  06.86  08.01  303.6  009.26  29.157  1022.575  1480.66 
2024 01 25 21 05 44.66  31.815  09.302  0018.01  06.25  08.01  303.6  009.26  29.215  1022.629  1480.52 
2024 01 25 21 05 44.91  31.815  09.276  0018.20  06.01  08.01  303.6  009.26  29.236  1022.650  1480.45 
2024 01 25 21 05 45.16  31.814  09.267  0018.44  05.03  08.01  303.6  009.26  29.241  1022.657  1480.43 
2024 01 25 21 05 45.41  31.811  09.263  0018.61  04.11  08.00  303.6  009.26  29.242  1022.659  1480.42 
2024 01 25 21 05 45.66  31.813  09.262  0018.85  03.59  08.00  303.6  009.26  29.245  1022.662  1480.42 
2024 01 25 21 05 45.91  31.810  09.259  0019.06  03.33  08.00  303.6  009.26  29.245  1022.664  1480.41 
2024 01 25 21 05 46.16  31.809  09.257  0019.29  03.18  08.00  303.6  009.26  29.245  1022.665  1480.41 
2024 01 25 21 05 46.41  31.808  09.257  0019.51  03.22  08.00  299.8  009.26  29.244  1022.665  1480.41 
2024 01 25 21 05 46.66  31.810  09.256  0019.73  03.13  08.00  299.8  009.26  29.247  1022.669  1480.41 
2024 01 25 21 05 46.91  31.807  09.202  0019.93  02.99  08.00  299.8  009.26  29.287  1022.710  1480.27 
2024 01 25 21 05 47.16  31.809  09.172  0020.17  03.01  08.00  299.8  009.26  29.313  1022.736  1480.19 
2024 01 25 21 05 47.41  31.807  09.166  0020.39  02.89  08.00  299.8  009.26  29.317  1022.740  1480.18 
2024 01 25 21 05 47.66  31.806  09.163  0020.58  02.72  08.00  299.8  009.26  29.318  1022.743  1480.17 
2024 01 25 21 05 47.91  31.799  09.154  0020.79  02.84  08.00  299.8  009.26  29.318  1022.745  1480.14 
2024 01 25 21 05 48.16  31.799  09.147  0021.01  02.84  08.00  299.8  009.26  29.324  1022.751  1480.13 
2024 01 25 21 05 48.41  31.797  09.141  0021.22  02.77  07.99  299.8  009.26  29.326  1022.755  1480.11 
2024 01 25 21 05 48.66  31.796  09.141  0021.42  02.70  07.99  299.8  009.26  29.326  1022.756  1480.11 
2024 01 25 21 05 48.91  31.795  09.135  0021.65  02.74  07.99  299.8  009.26  29.329  1022.760  1480.10 
2024 01 25 21 05 49.16  31.793  09.130  0021.89  02.79  07.99  299.8  009.26  29.331  1022.764  1480.08 
2024 01 25 21 05 49.41  31.789  09.122  0022.05  02.79  07.99  297.8  009.26  29.334  1022.768  1480.06 
2024 01 25 21 05 49.66  31.792  09.095  0022.31  02.69  07.99  297.8  009.26  29.359  1022.793  1480.00 
2024 01 25 21 05 49.91  31.781  09.006  0022.51  02.61  07.99  297.8  009.26  29.421  1022.855  1479.74 
2024 01 25 21 05 50.16  31.766  08.963  0022.73  02.56  07.99  297.8  009.26  29.440  1022.878  1479.61 
2024 01 25 21 05 50.41  31.760  08.952  0022.99  02.52  07.99  297.8  009.26  29.444  1022.884  1479.58 
2024 01 25 21 05 50.66  31.757  08.951  0023.21  02.52  07.99  297.8  009.26  29.442  1022.883  1479.57 
2024 01 25 21 05 50.91  31.752  08.902  0023.45  02.51  07.99  297.8  009.26  29.477  1022.919  1479.44 
2024 01 25 21 05 51.16  31.713  08.769  0023.69  02.38  07.98  297.8  009.26  29.547  1022.994  1479.02 
2024 01 25 21 05 51.41  31.623  08.481  0023.91  02.42  07.98  297.8  009.26  29.695  1023.153  1478.13 
2024 01 25 21 05 51.66  31.582  08.332  0024.17  02.21  07.97  297.8  009.26  29.778  1023.241  1477.67 
2024 01 25 21 05 51.91  31.579  08.253  0024.36  02.09  07.97  297.8  009.26  29.842  1023.302  1477.45 
2024 01 25 21 05 52.16  31.562  08.196  0024.62  01.91  07.96  297.8  009.26  29.872  1023.335  1477.27 
2024 01 25 21 05 52.41  31.536  08.122  0024.88  01.81  07.95  295.8  009.26  29.908  1023.375  1477.04 
2024 01 25 21 05 52.66  31.483  07.979  0025.10  01.80  07.95  295.8  009.26  29.974  1023.448  1476.58 
2024 01 25 21 05 52.91  31.436  07.897  0025.37  01.80  07.94  295.8  009.26  29.996  1023.477  1476.29 
2024 01 25 21 05 53.16  31.408  07.838  0025.58  01.66  07.94  295.8  009.26  30.017  1023.503  1476.09 
2024 01 25 21 05 53.41  31.434  07.808  0025.84  01.47  07.93  295.8  009.26  30.069  1023.549  1476.05 
2024 01 25 21 05 53.66  31.497  07.819  0026.08  01.48  07.92  295.8  009.26  30.126  1023.594  1476.17 
2024 01 25 21 05 53.91  31.511  07.809  0026.32  01.42  07.92  295.8  009.26  30.150  1023.615  1476.16 
2024 01 25 21 05 54.16  31.506  07.784  0026.58  01.52  07.92  295.8  009.26  30.166  1023.632  1476.09 
2024 01 25 21 05 54.41  31.501  07.762  0026.85  01.48  07.92  295.8  009.26  30.179  1023.646  1476.03 
2024 01 25 21 05 54.66  31.495  07.752  0027.07  01.42  07.92  295.8  009.26  30.182  1023.651  1475.99 
2024 01 25 21 05 54.91  31.482  07.706  0027.35  01.43  07.92  295.8  009.26  30.207  1023.679  1475.85 
2024 01 25 21 05 55.16  31.433  07.587  0027.59  01.45  07.91  295.8  009.26  30.259  1023.736  1475.46 
2024 01 25 21 05 55.41  31.408  07.529  0027.89  01.38  07.91  296.5  009.26  30.282  1023.764  1475.27 
2024 01 25 21 05 55.66  31.389  07.467  0028.16  01.30  07.91  296.5  009.26  30.316  1023.800  1475.08 
2024 01 25 21 05 55.91  31.354  07.357  0028.43  01.18  07.91  296.5  009.26  30.374  1023.862  1474.73 
2024 01 25 21 05 56.16  31.271  07.214  0028.71  01.17  07.90  296.5  009.26  30.411  1023.911  1474.22 
2024 01 25 21 05 56.41  31.263  07.179  0028.99  01.10  07.90  296.5  009.26  30.433  1023.934  1474.12 
2024 01 25 21 05 56.66  31.464  07.353  0029.27  01.04  07.89  296.5  009.26  30.496  1023.962  1474.88 
2024 01 25 21 05 56.91  31.471  07.355  0029.57  01.07  07.89  296.5  009.26  30.501  1023.966  1474.90 
2024 01 25 21 05 57.16  31.471  07.336  0029.84  01.08  07.89  296.5  009.26  30.517  1023.983  1474.85 
2024 01 25 21 05 57.41  31.460  07.308  0030.11  01.11  07.90  296.5  009.26  30.531  1023.999  1474.76 
2024 01 25 21 05 57.66  31.440  07.266  0030.40  01.03  07.90  296.5  009.26  30.546  1024.018  1474.62 
2024 01 25 21 05 57.91  31.428  07.250  0030.63  00.97  07.90  296.5  009.26  30.548  1024.023  1474.56 
2024 01 25 21 05 58.16  31.412  07.220  0030.91  00.98  07.90  296.5  009.26  30.556  1024.034  1474.46 
2024 01 25 21 05 58.41  31.387  07.180  0031.18  00.94  07.90  295.4  009.26  30.565  1024.048  1474.32 
2024 01 25 21 05 58.66  31.377  07.166  0031.42  00.88  07.90  295.4  009.26  30.566  1024.051  1474.27 
2024 01 25 21 05 58.91  31.371  07.145  0031.70  00.81  07.90  295.4  009.26  30.578  1024.065  1474.21 
2024 01 25 21 05 59.16  31.365  07.135  0031.96  00.92  07.90  295.4  009.26  30.580  1024.069  1474.18 
2024 01 25 21 05 59.41  31.353  07.110  0032.23  00.89  07.90  295.4  009.26  30.590  1024.081  1474.09 
2024 01 25 21 05 59.66  31.345  07.098  0032.52  00.88  07.90  295.4  009.26  30.592  1024.086  1474.05 
2024 01 25 21 05 59.91  31.335  07.082  0032.78  00.76  07.89  295.4  009.26  30.595  1024.091  1474.00 
2024 01 25 21 06 00.16  31.336  07.077  0033.08  00.78  07.89  295.4  009.26  30.600  1024.098  1473.99 
2024 01 25 21 06 00.41  31.338  07.074  0033.38  00.78  07.89  295.4  009.26  30.604  1024.103  1473.99 
2024 01 25 21 06 00.66  31.334  07.065  0033.66  00.80  07.89  295.4  009.26  30.609  1024.109  1473.97 
2024 01 25 21 06 00.91  31.330  07.057  0033.93  00.75  07.89  295.4  009.26  30.612  1024.113  1473.94 
2024 01 25 21 06 01.16  31.331  07.052  0034.21  00.75  07.89  295.4  009.26  30.617  1024.119  1473.93 
2024 01 25 21 06 01.41  31.328  07.047  0034.52  00.74  07.89  291.3  009.26  30.617  1024.122  1473.92 
2024 01 25 21 06 01.66  31.329  07.047  0034.81  00.74  07.89  291.3  009.26  30.618  1024.124  1473.93 
2024 01 25 21 06 01.91  31.330  07.039  0035.07  00.76  07.89  291.3  009.26  30.626  1024.132  1473.91 
2024 01 25 21 06 02.16  31.323  07.033  0035.35  00.76  07.89  291.3  009.26  30.623  1024.132  1473.89 
2024 01 25 21 06 02.41  31.322  07.027  0035.57  00.69  07.89  291.3  009.26  30.628  1024.137  1473.87 
2024 01 25 21 06 02.66  31.319  07.019  0035.85  00.69  07.89  291.3  009.26  30.633  1024.144  1473.85 
2024 01 25 21 06 02.91  31.319  07.011  0036.10  00.69  07.89  291.3  009.26  30.640  1024.151  1473.83 
2024 01 25 21 06 03.16  31.312  06.994  0036.37  00.70  07.89  291.3  009.26  30.647  1024.161  1473.78 
2024 01 25 21 06 03.41  31.307  06.981  0036.66  00.72  07.89  291.3  009.26  30.652  1024.167  1473.74 
2024 01 25 21 06 03.66  31.309  06.969  0036.91  00.69  07.89  291.3  009.26  30.666  1024.181  1473.71 
2024 01 25 21 06 03.91  31.315  06.970  0037.18  00.69  07.89  291.3  009.26  30.670  1024.185  1473.73 
2024 01 25 21 06 04.16  31.324  06.983  0037.47  00.67  07.89  291.3  009.26  30.669  1024.184  1473.78 
2024 01 25 21 06 04.41  31.358  07.014  0037.74  00.72  07.89  294.1  009.26  30.677  1024.188  1473.92 
2024 01 25 21 06 04.66  31.390  07.045  0038.03  00.68  07.89  294.1  009.26  30.685  1024.192  1474.05 
2024 01 25 21 06 04.91  31.391  07.036  0038.32  00.63  07.89  294.1  009.26  30.694  1024.201  1474.03 
2024 01 25 21 06 05.16  31.438  07.077  0038.60  00.70  07.89  294.1  009.26  30.708  1024.208  1474.21 
2024 01 25 21 06 05.41  31.408  07.036  0038.88  00.74  07.89  294.1  009.26  30.713  1024.218  1474.07 
2024 01 25 21 06 05.66  31.417  07.041  0039.16  00.71  07.89  294.1  009.26  30.717  1024.223  1474.10 
2024 01 25 21 06 05.91  31.431  07.055  0039.46  00.68  07.89  294.1  009.26  30.719  1024.223  1474.16 
2024 01 25 21 06 06.16  31.460  07.088  0039.73  00.73  07.89  294.1  009.26  30.722  1024.223  1474.29 
2024 01 25 21 06 06.41  31.492  07.115  0040.00  00.74  07.89  294.1  009.26  30.732  1024.228  1474.42 
2024 01 25 21 06 06.66  31.518  07.140  0040.26  00.70  07.89  294.1  009.26  30.737  1024.230  1474.53 
2024 01 25 21 06 06.91  31.521  07.140  0040.49  00.69  07.89  294.1  009.26  30.740  1024.234  1474.53 
2024 01 25 21 06 07.16  31.519  07.137  0040.79  00.76  07.89  294.1  009.26  30.741  1024.236  1474.53 
2024 01 25 21 06 07.41  31.522  07.135  0041.01  00.73  07.89  293.7  009.26  30.745  1024.240  1474.53 
2024 01 25 21 06 07.66  31.566  07.177  0041.27  00.71  07.89  293.7  009.26  30.756  1024.245  1474.71 
2024 01 25 21 06 07.91  31.553  07.158  0041.55  00.73  07.89  293.7  009.26  30.759  1024.251  1474.64 
2024 01 25 21 06 08.16  31.533  07.137  0041.83  00.81  07.90  293.7  009.26  30.756  1024.253  1474.56 
2024 01 25 21 06 08.41  31.489  07.085  0042.06  00.75  07.90  293.7  009.26  30.754  1024.259  1474.36 
2024 01 25 21 06 08.66  31.486  07.079  0042.38  00.74  07.89  293.7  009.26  30.757  1024.263  1474.35 
2024 01 25 21 06 08.91  31.494  07.087  0042.64  00.69  07.89  293.7  009.26  30.759  1024.265  1474.38 
2024 01 25 21 06 09.16  31.502  07.092  0042.92  00.72  07.89  293.7  009.26  30.762  1024.268  1474.41 
2024 01 25 21 06 09.41  31.506  07.094  0043.21  00.72  07.89  293.7  009.26  30.765  1024.271  1474.43 
2024 01 25 21 06 09.66  31.509  07.096  0043.45  00.70  07.89  293.7  009.26  30.765  1024.273  1474.44 
2024 01 25 21 06 09.91  31.518  07.101  0043.74  00.68  07.89  293.7  009.26  30.771  1024.278  1474.47 
2024 01 25 21 06 10.16  31.535  07.122  0044.01  00.70  07.89  293.7  009.26  30.770  1024.276  1474.56 
2024 01 25 21 06 10.41  31.554  07.135  0044.30  00.70  07.89  292.2  009.26  30.779  1024.282  1474.62 
2024 01 25 21 06 10.66  31.556  07.134  0044.57  00.69  07.89  292.2  009.26  30.782  1024.286  1474.63 
2024 01 25 21 06 10.91  31.541  07.117  0044.81  00.63  07.89  292.2  009.26  30.780  1024.288  1474.56 
2024 01 25 21 06 11.16  31.521  07.098  0045.08  00.65  07.89  292.2  009.26  30.776  1024.288  1474.49 
2024 01 25 21 06 11.41  31.508  07.082  0045.28  00.66  07.89  292.2  009.26  30.776  1024.292  1474.43 
2024 01 25 21 06 11.66  31.487  07.060  0045.55  00.67  07.89  292.2  009.26  30.773  1024.293  1474.34 
2024 01 25 21 06 11.91  31.464  07.035  0045.81  00.67  07.89  292.2  009.26  30.771  1024.296  1474.24 
2024 01 25 21 06 12.16  31.444  07.008  0046.06  00.69  07.89  292.2  009.26  30.772  1024.301  1474.15 
2024 01 25 21 06 12.41  31.426  06.991  0046.31  00.64  07.89  292.2  009.26  30.768  1024.302  1474.08 
2024 01 25 21 06 12.66  31.424  06.987  0046.60  00.62  07.89  292.2  009.26  30.769  1024.304  1474.07 
2024 01 25 21 06 12.91  31.420  06.979  0046.88  00.66  07.89  292.2  009.26  30.773  1024.310  1474.05 
2024 01 25 21 06 13.16  31.412  06.974  0047.15  00.70  07.89  292.2  009.26  30.768  1024.308  1474.03 
2024 01 25 21 06 13.41  31.417  06.973  0047.40  00.74  07.89  291.5  009.26  30.774  1024.314  1474.04 
2024 01 25 21 06 13.66  31.418  06.973  0047.72  00.71  07.89  291.5  009.26  30.775  1024.316  1474.04 
2024 01 25 21 06 13.91  31.419  06.973  0047.96  00.65  07.88  291.5  009.26  30.776  1024.318  1474.04 
2024 01 25 21 06 14.16  31.416  06.972  0048.24  00.66  07.88  291.5  009.26  30.773  1024.317  1474.04 
2024 01 25 21 06 14.41  31.408  06.961  0048.53  00.69  07.88  291.5  009.26  30.774  1024.321  1474.00 
2024 01 25 21 06 14.66  31.394  06.946  0048.79  00.69  07.88  291.5  009.26  30.772  1024.322  1473.95 
2024 01 25 21 06 14.91  31.376  06.923  0049.06  00.67  07.88  291.5  009.26  30.773  1024.328  1473.86 
2024 01 25 21 06 15.16  31.349  06.891  0049.33  00.63  07.88  291.5  009.26  30.773  1024.332  1473.74 
2024 01 25 21 06 15.41  31.302  06.843  0049.62  00.64  07.88  291.5  009.26  30.764  1024.333  1473.55 
2024 01 25 21 06 15.66  31.261  06.801  0049.86  00.70  07.88  291.5  009.26  30.757  1024.334  1473.38 
2024 01 25 21 06 15.91  31.234  06.770  0050.10  00.72  07.88  291.5  009.26  30.756  1024.338  1473.26 
2024 01 25 21 06 16.16  31.224  06.758  0050.36  00.68  07.87  291.5  009.26  30.755  1024.340  1473.21 
2024 01 25 21 06 16.41  31.230  06.768  0050.60  00.60  07.87  290.8  009.26  30.753  1024.339  1473.25 
2024 01 25 21 06 16.66  31.213  06.742  0050.86  00.61  07.87  290.8  009.26  30.758  1024.346  1473.16 
2024 01 25 21 06 16.91  31.200  06.734  0051.12  00.66  07.87  290.8  009.26  30.750  1024.343  1473.13 
2024 01 25 21 06 17.16  31.182  06.717  0051.38  00.66  07.87  290.8  009.26  30.746  1024.343  1473.06 
2024 01 25 21 06 17.41  31.178  06.708  0051.62  00.65  07.87  290.8  009.26  30.749  1024.348  1473.03 
2024 01 25 21 06 17.66  31.174  06.702  0051.84  00.70  07.87  290.8  009.26  30.751  1024.351  1473.01 
2024 01 25 21 06 17.91  31.144  06.678  0052.03  00.68  07.86  290.8  009.26  30.740  1024.346  1472.90 
2024 01 25 21 06 18.16  31.108  06.634  0052.28  00.69  07.86  290.8  009.26  30.738  1024.352  1472.74 
2024 01 25 21 06 18.41  31.096  06.615  0052.48  00.65  07.86  290.8  009.26  30.742  1024.358  1472.67 
2024 01 25 21 06 18.66  31.098  06.622  0052.75  00.68  07.86  290.8  009.26  30.739  1024.356  1472.70 
2024 01 25 21 06 18.91  31.108  06.629  0053.00  00.65  07.86  290.8  009.26  30.744  1024.360  1472.73 
2024 01 25 21 06 19.16  31.113  06.632  0053.21  00.62  07.86  290.8  009.26  30.746  1024.362  1472.75 
2024 01 25 21 06 19.41  31.113  06.632  0053.40  00.59  07.85  290.7  009.26  30.746  1024.363  1472.75 
2024 01 25 21 06 19.66  31.114  06.632  0053.62  00.60  07.85  290.7  009.26  30.747  1024.365  1472.76 
2024 01 25 21 06 19.91  31.116  06.633  0053.84  00.64  07.85  290.7  009.26  30.748  1024.366  1472.77 
2024 01 25 21 06 20.16  31.118  06.635  0054.07  00.62  07.85  290.7  009.26  30.748  1024.368  1472.78 
2024 01 25 21 06 20.41  31.114  06.636  0054.32  00.60  07.85  290.7  009.26  30.743  1024.364  1472.78 
2024 01 25 21 06 20.66  31.107  06.623  0054.56  00.65  07.85  290.7  009.26  30.747  1024.370  1472.74 
2024 01 25 21 06 20.91  31.085  06.599  0054.82  00.64  07.85  290.7  009.26  30.745  1024.373  1472.64 
2024 01 25 21 06 21.16  31.063  06.572  0055.03  00.61  07.85  290.7  009.26  30.745  1024.377  1472.54 
2024 01 25 21 06 21.41  31.060  06.568  0055.29  00.64  07.85  290.7  009.26  30.744  1024.379  1472.53 
2024 01 25 21 06 21.66  31.057  06.568  0055.54  00.61  07.85  290.7  009.26  30.742  1024.378  1472.53 
2024 01 25 21 06 21.91  31.057  06.568  0055.80  00.62  07.84  290.7  009.26  30.741  1024.378  1472.53 
2024 01 25 21 06 22.16  31.057  06.566  0056.05  00.60  07.84  290.7  009.26  30.742  1024.381  1472.53 
2024 01 25 21 06 22.41  31.058  06.565  0056.29  00.66  07.84  289.6  009.26  30.745  1024.384  1472.54 
2024 01 25 21 06 22.66  31.054  06.561  0056.58  00.59  07.84  289.6  009.26  30.744  1024.385  1472.52 
2024 01 25 21 06 22.91  31.047  06.548  0056.85  00.64  07.84  289.6  009.26  30.748  1024.391  1472.48 
2024 01 25 21 06 23.16  31.034  06.530  0057.08  00.73  07.84  289.6  009.26  30.750  1024.396  1472.41 
2024 01 25 21 06 23.41  31.028  06.523  0057.34  00.73  07.84  289.6  009.26  30.749  1024.398  1472.39 
2024 01 25 21 06 23.66  31.026  06.522  0057.58  00.70  07.84  289.6  009.26  30.748  1024.398  1472.39 
2024 01 25 21 06 23.91  31.029  06.524  0057.82  00.67  07.83  289.6  009.26  30.749  1024.399  1472.40 
2024 01 25 21 06 24.16  31.028  06.524  0058.08  00.66  07.83  289.6  009.26  30.748  1024.400  1472.40 
2024 01 25 21 06 24.41  31.030  06.525  0058.33  00.64  07.83  289.6  009.26  30.750  1024.402  1472.41 
2024 01 25 21 06 24.66  31.030  06.527  0058.61  00.57  07.83  289.6  009.26  30.747  1024.401  1472.43 
2024 01 25 21 06 24.91  31.030  06.524  0058.85  00.59  07.83  289.6  009.26  30.750  1024.405  1472.42 
2024 01 25 21 06 25.16  31.025  06.516  0059.11  00.59  07.83  289.6  009.26  30.751  1024.408  1472.39 
2024 01 25 21 06 25.41  31.020  06.505  0059.37  00.57  07.83  286.7  009.26  30.755  1024.414  1472.36 
2024 01 25 21 06 25.66  31.018  06.503  0059.62  00.62  07.83  286.7  009.26  30.755  1024.415  1472.35 
2024 01 25 21 06 25.91  31.016  06.499  0059.87  00.65  07.83  286.7  009.26  30.757  1024.418  1472.34 
2024 01 25 21 06 26.16  31.015  06.496  0060.11  00.62  07.83  286.7  009.26  30.757  1024.420  1472.34 
2024 01 25 21 06 26.41  31.012  06.492  0060.39  00.57  07.83  286.7  009.26  30.758  1024.422  1472.33 
2024 01 25 21 06 26.66  31.023  06.502  0060.65  00.56  07.83  286.7  009.26  30.761  1024.425  1472.37 
2024 01 25 21 06 26.91  31.031  06.506  0060.87  00.61  07.83  286.7  009.26  30.766  1024.429  1472.40 
2024 01 25 21 06 27.16  31.032  06.507  0061.14  00.66  07.83  286.7  009.26  30.766  1024.430  1472.41 
2024 01 25 21 06 27.41  31.035  06.512  0061.39  00.67  07.83  286.7  009.26  30.765  1024.430  1472.43 
2024 01 25 21 06 27.66  31.051  06.530  0061.62  00.66  07.83  286.7  009.26  30.766  1024.430  1472.51 
2024 01 25 21 06 27.91  31.060  06.534  0061.89  00.63  07.83  286.7  009.26  30.772  1024.435  1472.53 
2024 01 25 21 06 28.16  31.070  06.546  0062.13  00.60  07.83  286.7  009.26  30.772  1024.435  1472.59 
2024 01 25 21 06 28.41  31.071  06.545  0062.41  00.59  07.83  284.0  009.26  30.774  1024.438  1472.59 
2024 01 25 21 06 28.66  31.069  06.542  0062.67  00.60  07.83  284.0  009.26  30.774  1024.439  1472.58 
2024 01 25 21 06 28.91  31.069  06.542  0062.91  00.64  07.83  284.0  009.26  30.774  1024.441  1472.59 
2024 01 25 21 06 29.16  31.066  06.541  0063.20  00.59  07.83  284.0  009.26  30.772  1024.440  1472.59 
2024 01 25 21 06 29.41  31.069  06.546  0063.43  00.59  07.83  284.0  009.26  30.770  1024.440  1472.61 
2024 01 25 21 06 29.66  31.071  06.545  0063.70  00.58  07.83  284.0  009.26  30.773  1024.443  1472.61 
2024 01 25 21 06 29.91  31.072  06.545  0063.95  00.59  07.83  284.0  009.26  30.774  1024.445  1472.62 
2024 01 25 21 06 30.16  31.072  06.545  0064.16  00.58  07.83  284.0  009.26  30.774  1024.446  1472.62 
2024 01 25 21 06 30.41  31.070  06.544  0064.40  00.64  07.83  284.0  009.26  30.773  1024.447  1472.62 
2024 01 25 21 06 30.66  31.070  06.543  0064.65  00.62  07.83  284.0  009.26  30.774  1024.448  1472.62 
2024 01 25 21 06 30.91  31.076  06.546  0064.89  00.55  07.83  284.0  009.26  30.778  1024.452  1472.64 
2024 01 25 21 06 31.16  31.076  06.548  0065.14  00.57  07.83  284.0  009.26  30.775  1024.451  1472.65 
2024 01 25 21 06 31.41  31.077  06.548  0065.38  00.54  07.83  282.8  009.26  30.776  1024.452  1472.65 
2024 01 25 21 06 31.66  31.078  06.549  0065.64  00.55  07.83  282.8  009.26  30.777  1024.454  1472.66 
2024 01 25 21 06 31.91  31.081  06.551  0065.89  00.61  07.83  282.8  009.26  30.778  1024.456  1472.67 
2024 01 25 21 06 32.16  31.085  06.553  0066.12  00.59  07.83  282.8  009.26  30.781  1024.459  1472.69 
2024 01 25 21 06 32.41  31.088  06.557  0066.38  00.63  07.83  282.8  009.26  30.779  1024.459  1472.71 
2024 01 25 21 06 32.66  31.091  06.558  0066.63  00.56  07.83  282.8  009.26  30.782  1024.462  1472.72 
2024 01 25 21 06 32.91  31.090  06.558  0066.90  00.59  07.83  282.8  009.26  30.781  1024.463  1472.72 
2024 01 25 21 06 33.16  31.090  06.559  0067.15  00.58  07.83  282.8  009.26  30.780  1024.462  1472.73 
2024 01 25 21 06 33.41  31.090  06.558  0067.37  00.53  07.83  282.8  009.26  30.781  1024.464  1472.73 
2024 01 25 21 06 33.66  31.091  06.559  0067.61  00.56  07.83  282.8  009.26  30.781  1024.466  1472.74 
2024 01 25 21 06 33.91  31.093  06.559  0067.86  00.62  07.83  282.8  009.26  30.783  1024.469  1472.75 
2024 01 25 21 06 34.16  31.095  06.563  0068.09  00.65  07.83  282.8  009.26  30.782  1024.468  1472.76 
2024 01 25 21 06 34.41  31.089  06.557  0068.32  00.53  07.83  282.3  009.26  30.780  1024.468  1472.74 
2024 01 25 21 06 34.66  31.092  06.558  0068.57  00.53  07.83  282.3  009.26  30.782  1024.470  1472.75 
2024 01 25 21 06 34.91  31.096  06.562  0068.81  00.57  07.83  282.3  009.26  30.783  1024.472  1472.77 
2024 01 25 21 06 35.16  31.094  06.560  0069.08  00.59  07.83  282.3  009.26  30.782  1024.473  1472.77 
2024 01 25 21 06 35.41  31.096  06.562  0069.33  00.62  07.83  282.3  009.26  30.783  1024.475  1472.78 
2024 01 25 21 06 35.66  31.100  06.568  0069.59  00.62  07.83  282.3  009.26  30.782  1024.474  1472.81 
2024 01 25 21 06 35.91  31.100  06.566  0069.83  00.56  07.83  282.3  009.26  30.783  1024.476  1472.81 
2024 01 25 21 06 36.16  31.101  06.566  0070.11  00.59  07.83  282.3  009.26  30.785  1024.479  1472.81 
2024 01 25 21 06 36.41  31.099  06.565  0070.40  00.62  07.83  282.3  009.26  30.783  1024.479  1472.81 
2024 01 25 21 06 36.66  31.098  06.565  0070.64  00.60  07.83  282.3  009.26  30.781  1024.479  1472.81 
2024 01 25 21 06 36.91  31.103  06.568  0070.92  00.59  07.83  282.3  009.26  30.785  1024.483  1472.83 
2024 01 25 21 06 37.16  31.101  06.567  0071.15  00.57  07.83  282.3  009.26  30.784  1024.483  1472.83 
2024 01 25 21 06 37.41  31.101  06.566  0071.41  00.58  07.83  281.9  009.26  30.784  1024.484  1472.83 
2024 01 25 21 06 37.66  31.101  06.565  0071.67  00.56  07.83  281.9  009.26  30.785  1024.487  1472.83 
2024 01 25 21 06 37.91  31.100  06.566  0071.90  00.59  07.83  281.9  009.26  30.783  1024.486  1472.84 
2024 01 25 21 06 38.16  31.101  06.564  0072.15  00.59  07.83  281.9  009.26  30.785  1024.489  1472.84 
2024 01 25 21 06 38.41  31.100  06.562  0072.43  00.51  07.83  281.9  009.26  30.785  1024.491  1472.83 
2024 01 25 21 06 38.66  31.100  06.560  0072.66  00.55  07.83  281.9  009.26  30.787  1024.493  1472.83 
2024 01 25 21 06 38.91  31.100  06.560  0072.91  00.56  07.83  281.9  009.26  30.787  1024.495  1472.83 
2024 01 25 21 06 39.16  31.098  06.560  0073.16  00.59  07.83  281.9  009.26  30.785  1024.494  1472.84 
2024 01 25 21 06 39.41  31.098  06.561  0073.41  00.61  07.83  281.9  009.26  30.784  1024.494  1472.84 
2024 01 25 21 06 39.66  31.097  06.560  0073.66  00.55  07.83  281.9  009.26  30.785  1024.496  1472.84 
2024 01 25 21 06 39.91  31.099  06.559  0073.91  00.57  07.83  281.9  009.26  30.786  1024.499  1472.85 
2024 01 25 21 06 40.16  31.101  06.563  0074.18  00.60  07.83  281.9  009.26  30.786  1024.499  1472.87 
2024 01 25 21 06 40.41  31.101  06.563  0074.42  00.64  07.83  281.9  009.26  30.786  1024.500  1472.87 
2024 01 25 21 06 40.66  31.100  06.561  0074.66  00.54  07.83  281.9  009.26  30.786  1024.502  1472.87 
2024 01 25 21 06 40.91  31.101  06.562  0074.92  00.65  07.83  281.9  009.26  30.787  1024.503  1472.87 
2024 01 25 21 06 41.16  31.101  06.561  0075.17  00.59  07.83  281.9  009.26  30.787  1024.505  1472.88 
2024 01 25 21 06 41.41  31.101  06.561  0075.40  00.59  07.83  281.9  009.26  30.787  1024.506  1472.88 
2024 01 25 21 06 41.66  31.100  06.561  0075.65  00.59  07.83  281.9  009.26  30.785  1024.505  1472.88 
2024 01 25 21 06 41.91  31.098  06.558  0075.86  00.58  07.83  281.9  009.26  30.786  1024.508  1472.87 
2024 01 25 21 06 42.16  31.098  06.558  0076.11  00.63  07.83  281.9  009.23  30.785  1024.508  1472.88 
2024 01 25 21 06 42.41  31.095  06.558  0076.35  00.59  07.83  281.9  009.26  30.782  1024.507  1472.88 
2024 01 25 21 06 42.66  31.094  06.551  0076.62  00.55  07.83  281.9  009.26  30.787  1024.513  1472.86 
2024 01 25 21 06 42.91  31.092  06.550  0076.89  00.59  07.83  281.9  009.26  30.786  1024.513  1472.86 
2024 01 25 21 06 43.16  31.091  06.549  0077.12  00.56  07.83  281.9  009.26  30.786  1024.514  1472.86 
2024 01 25 21 06 43.41  31.089  06.546  0077.38  00.52  07.83  281.5  009.26  30.786  1024.517  1472.85 
2024 01 25 21 06 43.66  31.083  06.540  0077.62  00.57  07.83  281.5  009.26  30.785  1024.517  1472.83 
2024 01 25 21 06 43.91  31.083  06.537  0077.91  00.53  07.83  281.5  009.26  30.787  1024.521  1472.82 
2024 01 25 21 06 44.16  31.081  06.537  0078.16  00.54  07.83  281.5  009.26  30.785  1024.521  1472.83 
2024 01 25 21 06 44.41  31.084  06.538  0078.39  00.62  07.82  281.5  009.26  30.787  1024.523  1472.84 
2024 01 25 21 06 44.66  31.081  06.536  0078.65  00.60  07.82  281.5  009.26  30.786  1024.524  1472.83 
2024 01 25 21 06 44.91  31.081  06.536  0078.96  00.52  07.82  281.5  009.26  30.786  1024.525  1472.84 
2024 01 25 21 06 45.16  31.081  06.534  0079.17  00.54  07.82  281.5  009.26  30.786  1024.526  1472.83 
2024 01 25 21 06 45.41  31.079  06.533  0079.42  00.54  07.82  281.5  009.26  30.786  1024.527  1472.83 
2024 01 25 21 06 45.66  31.079  06.531  0079.64  00.60  07.82  281.5  009.26  30.788  1024.530  1472.83 
2024 01 25 21 06 45.91  31.078  06.530  0079.94  00.62  07.82  281.5  009.26  30.788  1024.531  1472.83 
2024 01 25 21 06 46.16  31.078  06.531  0080.18  00.63  07.82  281.5  009.26  30.786  1024.531  1472.84 
2024 01 25 21 06 46.41  31.076  06.525  0080.41  00.57  07.83  281.3  009.26  30.789  1024.535  1472.82 
2024 01 25 21 06 46.66  31.075  06.528  0080.69  00.49  07.83  281.3  009.26  30.786  1024.534  1472.83 
2024 01 25 21 06 46.91  31.074  06.525  0080.90  00.57  07.83  281.3  009.26  30.787  1024.536  1472.83 
2024 01 25 21 06 47.16  31.073  06.522  0081.17  00.56  07.83  281.3  009.26  30.788  1024.539  1472.82 
2024 01 25 21 06 47.41  31.072  06.521  0081.43  00.60  07.83  281.3  009.26  30.788  1024.539  1472.82 
2024 01 25 21 06 47.66  31.070  06.518  0081.65  00.63  07.83  281.3  009.26  30.789  1024.542  1472.81 
2024 01 25 21 06 47.91  31.067  06.514  0081.98  00.59  07.83  281.3  009.26  30.789  1024.544  1472.80 
2024 01 25 21 06 48.16  31.064  06.510  0082.23  00.60  07.83  281.3  009.26  30.788  1024.545  1472.79 
2024 01 25 21 06 48.41  31.066  06.511  0082.48  00.60  07.83  281.3  009.26  30.790  1024.547  1472.80 
2024 01 25 21 06 48.66  31.065  06.509  0082.70  00.55  07.83  281.3  009.26  30.791  1024.550  1472.80 
2024 01 25 21 06 48.91  31.064  06.508  0082.95  00.51  07.83  281.3  009.26  30.790  1024.550  1472.80 
2024 01 25 21 06 49.16  31.062  06.506  0083.22  00.56  07.83  281.3  009.26  30.790  1024.551  1472.79 
2024 01 25 21 06 49.41  31.061  06.505  0083.48  00.54  07.83  281.1  009.26  30.790  1024.552  1472.79 
2024 01 25 21 06 49.66  31.061  06.506  0083.69  00.54  07.83  281.1  009.26  30.788  1024.552  1472.80 
2024 01 25 21 06 49.91  31.064  06.506  0083.94  00.52  07.83  281.1  009.26  30.792  1024.556  1472.80 
2024 01 25 21 06 50.16  31.061  06.505  0084.18  00.57  07.83  281.1  009.26  30.790  1024.556  1472.80 
2024 01 25 21 06 50.41  31.063  06.505  0084.46  00.58  07.83  281.1  009.26  30.791  1024.558  1472.81 
2024 01 25 21 06 50.66  31.057  06.500  0084.72  00.51  07.82  281.1  009.26  30.789  1024.558  1472.79 
2024 01 25 21 06 50.91  31.056  06.497  0084.98  00.57  07.82  281.1  009.26  30.790  1024.560  1472.79 
2024 01 25 21 06 51.16  31.050  06.490  0085.22  00.58  07.82  281.1  009.26  30.790  1024.563  1472.76 
2024 01 25 21 06 51.41  31.042  06.479  0085.49  00.54  07.82  281.1  009.26  30.790  1024.565  1472.72 
2024 01 25 21 06 51.66  31.041  06.477  0085.74  00.66  07.82  281.1  009.26  30.791  1024.568  1472.72 
2024 01 25 21 06 51.91  31.041  06.477  0086.03  00.63  07.82  281.1  009.26  30.791  1024.569  1472.72 
2024 01 25 21 06 52.16  31.044  06.483  0086.27  00.59  07.82  281.1  009.26  30.789  1024.568  1472.75 
2024 01 25 21 06 52.41  31.045  06.483  0086.55  00.57  07.82  281.1  009.26  30.790  1024.569  1472.76 
2024 01 25 21 06 52.66  31.044  06.482  0086.80  00.60  07.82  281.1  009.26  30.790  1024.571  1472.75 
2024 01 25 21 06 52.91  31.039  06.474  0087.06  00.59  07.82  281.1  009.26  30.791  1024.574  1472.73 
2024 01 25 21 06 53.16  31.039  06.474  0087.29  00.55  07.82  281.1  009.26  30.792  1024.576  1472.73 
2024 01 25 21 06 53.41  31.039  06.475  0087.53  00.60  07.82  281.1  009.26  30.790  1024.575  1472.74 
2024 01 25 21 06 53.66  31.040  06.476  0087.77  00.62  07.82  281.1  009.26  30.791  1024.577  1472.75 
2024 01 25 21 06 53.91  31.041  06.475  0088.02  00.59  07.82  281.1  009.26  30.792  1024.579  1472.75 
2024 01 25 21 06 54.16  31.041  06.476  0088.28  00.57  07.82  281.1  009.26  30.791  1024.580  1472.76 
2024 01 25 21 06 54.41  30.928  06.475  0088.55  00.62  07.82  281.1  009.26  30.668  1024.484  1472.60 
2024 01 25 21 06 54.66  31.037  06.474  0088.79  00.64  07.82  281.1  009.26  30.788  1024.580  1472.75 
2024 01 25 21 06 54.91  31.037  06.472  0089.04  00.58  07.82  281.1  009.26  30.790  1024.583  1472.75 
2024 01 25 21 06 55.16  31.037  06.470  0089.32  00.55  07.82  281.1  009.26  30.792  1024.586  1472.75 
2024 01 25 21 06 55.41  31.037  06.471  0089.57  00.51  07.82  280.8  009.26  30.790  1024.585  1472.76 
2024 01 25 21 06 55.66  31.036  06.470  0089.85  00.59  07.82  280.8  009.26  30.790  1024.587  1472.76 
2024 01 25 21 06 55.91  31.033  06.465  0090.11  00.61  07.82  280.8  009.26  30.792  1024.590  1472.74 
2024 01 25 21 06 56.16  31.030  06.461  0090.36  00.64  07.82  280.8  009.26  30.792  1024.591  1472.73 
2024 01 25 21 06 56.41  31.034  06.464  0090.61  00.61  07.82  280.8  009.26  30.793  1024.593  1472.75 
2024 01 25 21 06 56.66  31.027  06.459  0090.90  00.57  07.82  280.8  009.26  30.791  1024.593  1472.73 
2024 01 25 21 06 56.91  31.025  06.453  0091.13  00.60  07.81  280.8  009.26  30.793  1024.597  1472.71 
2024 01 25 21 06 57.16  31.026  06.453  0091.39  00.55  07.81  280.8  009.26  30.794  1024.599  1472.72 
2024 01 25 21 06 57.41  30.594  06.447  0091.57  00.56  07.81  280.8  009.26  30.326  1024.232  1472.11 
2024 01 25 21 06 57.66  28.568  06.446  0091.54  09.21  07.81  280.8  009.26  28.117  1022.493  1469.33 
2024 01 25 21 06 57.91  27.296  06.446  0091.53  30.72  07.81  280.8  009.26  26.741  1021.411  1467.61 
2024 01 25 21 06 58.16  28.684  06.447  0091.55  38.93  07.81  280.8  009.26  28.243  1022.592  1469.49 
2024 01 25 21 06 58.41  29.636  06.450  0091.54  38.87  07.81  280.1  009.26  29.276  1023.405  1470.80 
2024 01 25 21 06 58.66  30.025  06.451  0091.54  42.47  07.81  280.1  009.26  29.700  1023.738  1471.34 
2024 01 25 21 06 58.91  30.163  06.451  0091.53  41.40  07.81  280.1  009.26  29.850  1023.857  1471.53 
2024 01 25 21 06 59.16  30.181  06.458  0091.53  43.33  07.81  280.1  009.26  29.864  1023.867  1471.57 
2024 01 25 21 06 59.41  30.133  06.461  0091.54  40.86  07.81  280.1  009.26  29.808  1023.822  1471.52 
2024 01 25 21 06 59.66  29.270  06.462  0091.55  41.15  07.81  280.1  009.26  28.867  1023.082  1470.34 
2024 01 25 21 06 59.91  27.165  06.463  0091.53  40.63  07.81  280.1  009.26  26.586  1021.287  1467.48 
2024 01 25 21 07 00.16  25.853  06.462  0091.54  41.98  07.81  280.1  009.26  25.179  1020.181  1465.71 
2024 01 25 21 07 00.41  27.370  06.462  0091.54  36.20  07.81  280.1  009.26  26.808  1021.462  1467.76 
2024 01 25 21 07 00.66  28.086  06.461  0091.54  31.27  07.81  280.1  009.26  27.583  1022.072  1468.72 
2024 01 25 21 07 00.91  28.074  06.460  0091.55  31.16  07.81  280.1  009.26  27.571  1022.062  1468.70 
2024 01 25 21 07 01.16  29.293  06.462  0091.52  24.30  07.81  280.1  009.26  28.892  1023.101  1470.37 
2024 01 25 21 07 01.41  30.842  06.461  0091.51  19.16  07.81  279.3  009.26  30.585  1024.434  1472.49 
2024 01 25 21 07 01.66  30.986  06.463  0091.46  21.52  07.81  279.3  009.26  30.741  1024.556  1472.69 
2024 01 25 21 07 01.91  31.006  06.463  0091.44  15.30  07.81  279.3  009.26  30.763  1024.573  1472.72 
2024 01 25 21 07 02.16  30.980  06.462  0091.45  10.66  07.81  279.3  009.26  30.736  1024.552  1472.68 
2024 01 25 21 07 02.41  30.940  06.463  0091.46  08.93  07.81  279.3  009.26  30.691  1024.517  1472.63 
2024 01 25 21 07 02.66  30.941  06.463  0091.46  20.43  07.81  279.3  009.26  30.692  1024.518  1472.63 
2024 01 25 21 07 02.91  30.960  06.462  0091.46  22.89  07.81  279.3  009.26  30.714  1024.535  1472.65 
2024 01 25 21 07 03.16  30.973  06.462  0091.43  18.20  07.81  279.3  009.26  30.728  1024.546  1472.67 
2024 01 25 21 07 03.41  30.976  06.462  0091.43  16.82  07.81  279.3  009.26  30.732  1024.549  1472.68 
2024 01 25 21 07 03.66  30.976  06.461  0091.38  18.20  07.81  279.3  009.26  30.731  1024.548  1472.67 
2024 01 25 21 07 03.91  30.999  06.465  0091.31  19.01  07.81  279.3  009.26  30.754  1024.565  1472.71 
2024 01 25 21 07 04.16  31.017  06.462  0091.22  14.78  07.81  279.3  009.26  30.777  1024.583  1472.73 
2024 01 25 21 07 04.41  31.023  06.460  0091.16  12.18  07.81  278.6  009.26  30.785  1024.590  1472.73 
2024 01 25 21 07 04.66  31.025  06.461  0091.13  08.17  07.81  278.6  009.26  30.786  1024.590  1472.74 
2024 01 25 21 07 04.91  31.018  06.462  0091.13  04.87  07.81  278.6  009.26  30.778  1024.584  1472.73 
2024 01 25 21 07 05.16  31.016  06.458  0091.14  04.04  07.81  278.6  009.26  30.779  1024.586  1472.71 
2024 01 25 21 07 05.41  31.020  06.455  0091.16  06.57  07.81  278.6  009.26  30.786  1024.592  1472.71 
2024 01 25 21 07 05.66  31.018  06.454  0091.16  07.90  07.81  278.6  009.26  30.785  1024.591  1472.71 
2024 01 25 21 07 05.91  31.021  06.454  0091.18  07.54  07.81  278.6  009.26  30.788  1024.593  1472.71 
2024 01 25 21 07 06.16  31.021  06.455  0091.21  07.55  07.81  278.6  009.26  30.787  1024.592  1472.71 
2024 01 25 21 07 06.41  31.022  06.457  0091.22  05.46  07.81  278.6  009.26  30.786  1024.591  1472.72 
2024 01 25 21 07 06.66  31.022  06.458  0091.16  04.70  07.81  278.6  009.26  30.785  1024.590  1472.72 
2024 01 25 21 07 06.91  31.026  06.460  0091.08  04.48  07.81  278.6  009.26  30.789  1024.592  1472.73 
2024 01 25 21 07 07.16  31.026  06.459  0090.99  04.11  07.81  278.6  009.26  30.790  1024.593  1472.73 
2024 01 25 21 07 07.41  31.026  06.461  0090.92  03.89  07.81  278.0  009.26  30.787  1024.590  1472.73 
2024 01 25 21 07 07.66  31.030  06.459  0090.90  03.18  07.81  278.0  009.26  30.794  1024.596  1472.73 
2024 01 25 21 07 07.91  31.025  06.457  0090.86  02.92  07.81  278.0  009.26  30.789  1024.592  1472.72 
2024 01 25 21 07 08.16  31.025  06.456  0090.86  02.02  07.81  278.0  009.26  30.791  1024.593  1472.72 
2024 01 25 21 07 08.41  31.026  06.456  0090.86  01.81  07.81  278.0  009.26  30.792  1024.594  1472.72 
2024 01 25 21 07 08.66  31.026  06.455  0090.87  02.06  07.81  278.0  009.26  30.792  1024.595  1472.72 
2024 01 25 21 07 08.91  31.026  06.457  0090.84  02.43  07.81  278.0  009.26  30.791  1024.594  1472.72 
2024 01 25 21 07 09.16  31.026  06.456  0090.83  02.04  07.81  278.0  009.26  30.791  1024.594  1472.72 
2024 01 25 21 07 09.41  31.027  06.456  0090.84  01.68  07.81  278.0  009.26  30.793  1024.595  1472.72 
2024 01 25 21 07 09.66  31.024  06.456  0090.86  01.61  07.81  278.0  009.26  30.790  1024.593  1472.72 
2024 01 25 21 07 09.91  31.027  06.457  0090.87  01.39  07.81  278.0  009.26  30.792  1024.594  1472.72 
2024 01 25 21 07 10.16  31.028  06.459  0090.87  00.94  07.81  278.0  009.26  30.792  1024.594  1472.73 
2024 01 25 21 07 10.41  31.028  06.459  0090.85  00.69  07.81  277.7  009.26  30.792  1024.594  1472.73 
2024 01 25 21 07 10.66  31.029  06.464  0090.82  01.02  07.81  277.7  009.26  30.788  1024.590  1472.75 
2024 01 25 21 07 10.91  31.031  06.462  0090.85  01.16  07.81  277.7  009.26  30.792  1024.594  1472.74 
2024 01 25 21 07 11.16  31.030  06.461  0090.87  01.31  07.81  277.7  009.26  30.791  1024.593  1472.74 
2024 01 25 21 07 11.41  31.030  06.461  0090.90  01.15  07.81  277.7  009.26  30.792  1024.594  1472.74 
2024 01 25 21 07 11.66  31.030  06.464  0090.92  01.17  07.81  277.7  009.26  30.790  1024.592  1472.75 
2024 01 25 21 07 11.91  31.033  06.465  0090.95  01.03  07.81  277.7  009.26  30.791  1024.593  1472.76 
2024 01 25 21 07 12.16  31.033  06.463  0090.97  00.95  07.81  277.7  009.26  30.793  1024.595  1472.75 
2024 01 25 21 07 12.41  31.031  06.464  0090.95  00.89  07.81  277.7  009.26  30.791  1024.593  1472.75 
2024 01 25 21 07 12.66  31.034  06.464  0090.99  00.85  07.81  277.7  009.26  30.793  1024.594  1472.76 
2024 01 25 21 07 12.91  31.034  06.464  0091.00  00.94  07.81  277.7  009.26  30.794  1024.596  1472.75 
2024 01 25 21 07 13.16  31.034  06.465  0091.00  00.86  07.81  277.7  009.26  30.793  1024.595  1472.76 
2024 01 25 21 07 13.41  31.034  06.463  0090.98  00.70  07.81  277.5  009.26  30.793  1024.595  1472.75 
2024 01 25 21 07 13.66  31.034  06.470  0090.92  00.67  07.81  277.5  009.26  30.787  1024.590  1472.77 
2024 01 25 21 07 13.91  31.037  06.471  0090.88  00.74  07.81  277.5  009.26  30.790  1024.591  1472.78 
2024 01 25 21 07 14.16  31.040  06.472  0090.87  00.76  07.81  277.5  009.26  30.792  1024.593  1472.78 
2024 01 25 21 07 14.41  31.036  06.467  0090.90  00.76  07.81  277.5  009.26  30.793  1024.594  1472.77 
2024 01 25 21 07 14.66  31.037  06.468  0090.90  00.83  07.81  277.5  009.26  30.793  1024.594  1472.77 
2024 01 25 21 07 14.91  31.038  06.468  0090.88  00.92  07.81  277.5  009.26  30.794  1024.595  1472.77 
2024 01 25 21 07 15.16  31.034  06.468  0090.82  00.81  07.81  277.5  009.26  30.790  1024.591  1472.76 
2024 01 25 21 07 15.41  31.036  06.466  0090.80  01.05  07.81  277.5  009.26  30.794  1024.594  1472.76 
2024 01 25 21 07 15.66  31.036  06.466  0090.83  01.02  07.81  277.5  009.26  30.794  1024.594  1472.76 
2024 01 25 21 07 15.91  31.034  06.465  0090.89  00.91  07.81  277.5  009.26  30.793  1024.594  1472.76 
2024 01 25 21 07 16.16  31.033  06.463  0090.92  00.96  07.81  277.5  009.26  30.793  1024.595  1472.75 
2024 01 25 21 07 16.41  31.033  06.464  0090.95  00.75  07.81  277.3  009.26  30.792  1024.594  1472.75 
2024 01 25 21 07 16.66  31.034  06.464  0090.96  00.82  07.81  277.3  009.26  30.794  1024.595  1472.75 
2024 01 25 21 07 16.91  31.033  06.465  0090.90  00.73  07.81  277.3  009.26  30.791  1024.593  1472.76 
2024 01 25 21 07 17.16  31.036  06.469  0090.84  00.66  07.81  277.3  009.26  30.791  1024.592  1472.77 
2024 01 25 21 07 17.41  31.037  06.469  0090.82  00.83  07.81  277.3  009.26  30.792  1024.592  1472.77 
2024 01 25 21 07 17.66  31.038  06.469  0090.84  00.76  07.81  277.3  009.26  30.794  1024.594  1472.77 
2024 01 25 21 07 17.91  31.034  06.465  0090.89  00.84  07.81  277.3  009.26  30.793  1024.594  1472.76 
2024 01 25 21 07 18.16  31.034  06.464  0090.94  00.79  07.81  277.3  009.26  30.793  1024.594  1472.75 
2024 01 25 21 07 18.41  31.033  06.463  0091.03  00.74  07.81  277.3  009.26  30.793  1024.595  1472.75 
2024 01 25 21 07 18.66  31.034  06.463  0091.07  00.64  07.81  277.3  009.26  30.794  1024.596  1472.75 
2024 01 25 21 07 18.91  31.034  06.464  0091.08  00.60  07.81  277.3  009.26  30.793  1024.595  1472.76 
2024 01 25 21 07 19.16  31.033  06.465  0091.02  00.58  07.81  277.3  009.26  30.791  1024.593  1472.76 
2024 01 25 21 07 19.41  31.034  06.466  0090.92  00.52  07.81  277.1  009.26  30.791  1024.593  1472.76 
2024 01 25 21 07 19.66  31.034  06.466  0090.84  00.51  07.81  277.1  009.26  30.792  1024.593  1472.76 
2024 01 25 21 07 19.91  31.034  06.466  0090.82  00.55  07.81  277.1  009.26  30.791  1024.593  1472.76 
2024 01 25 21 07 20.16  31.033  06.464  0090.87  00.67  07.81  277.1  009.26  30.792  1024.594  1472.75 
2024 01 25 21 07 20.41  31.034  06.463  0090.90  00.71  07.81  277.1  009.26  30.794  1024.595  1472.75 
2024 01 25 21 07 20.66  31.031  06.462  0090.85  00.74  07.81  277.1  009.26  30.792  1024.594  1472.74 
2024 01 25 21 07 20.91  31.032  06.461  0090.76  00.71  07.81  277.1  009.26  30.794  1024.595  1472.74 
2024 01 25 21 07 21.16  31.033  06.464  0090.69  00.64  07.81  277.1  009.26  30.792  1024.593  1472.75 
2024 01 25 21 07 21.41  31.033  06.463  0090.61  00.67  07.81  277.1  009.26  30.793  1024.593  1472.75 
2024 01 25 21 07 21.66  31.030  06.462  0090.55  00.56  07.81  277.1  009.26  30.791  1024.592  1472.74 
2024 01 25 21 07 21.91  31.030  06.461  0090.49  00.65  07.81  277.1  009.26  30.792  1024.592  1472.73 
2024 01 25 21 07 22.16  31.030  06.458  0090.45  00.52  07.81  277.1  009.26  30.794  1024.594  1472.72 
2024 01 25 21 07 22.41  31.031  06.461  0090.43  00.51  07.81  277.0  009.26  30.793  1024.593  1472.73 
2024 01 25 21 07 22.66  31.031  06.459  0090.46  00.54  07.81  277.0  009.26  30.795  1024.594  1472.73 
2024 01 25 21 07 22.91  31.029  06.459  0090.48  00.49  07.81  277.0  009.26  30.792  1024.593  1472.73 
2024 01 25 21 07 23.16  31.026  06.452  0090.50  00.56  07.81  277.0  009.26  30.796  1024.597  1472.70 
2024 01 25 21 07 23.41  31.025  06.453  0090.50  00.49  07.81  277.0  009.26  30.793  1024.594  1472.70 
2024 01 25 21 07 23.66  31.028  06.455  0090.45  00.56  07.81  277.0  009.26  30.795  1024.595  1472.71 
2024 01 25 21 07 23.91  31.027  06.455  0090.38  00.59  07.81  277.0  009.26  30.795  1024.594  1472.71 
2024 01 25 21 07 24.16  31.030  06.458  0090.28  00.69  07.81  277.0  009.26  30.794  1024.593  1472.72 
2024 01 25 21 07 24.41  31.031  06.461  0090.20  00.59  07.81  277.0  009.26  30.793  1024.592  1472.73 
2024 01 25 21 07 24.66  31.031  06.460  0090.13  00.57  07.81  277.0  009.26  30.794  1024.592  1472.73 
2024 01 25 21 07 24.91  31.031  06.461  0090.07  00.54  07.81  277.0  009.26  30.794  1024.592  1472.73 
2024 01 25 21 07 25.16  31.032  06.461  0090.06  00.52  07.81  277.0  009.26  30.794  1024.592  1472.73 
2024 01 25 21 07 25.41  31.030  06.459  0090.07  00.53  07.81  276.9  009.26  30.795  1024.592  1472.72 
2024 01 25 21 07 25.66  31.029  06.457  0090.12  00.53  07.81  276.9  009.26  30.795  1024.593  1472.71 
2024 01 25 21 07 25.91  31.030  06.456  0090.17  00.57  07.81  276.9  009.26  30.796  1024.594  1472.71 
2024 01 25 21 07 26.16  31.030  06.459  0090.21  00.49  07.81  276.9  009.26  30.794  1024.593  1472.72 
2024 01 25 21 07 26.41  31.031  06.458  0090.19  00.58  07.81  276.9  009.26  30.796  1024.594  1472.72 
2024 01 25 21 07 26.66  31.031  06.460  0090.13  00.62  07.81  276.9  009.26  30.795  1024.593  1472.73 
2024 01 25 21 07 26.91  31.033  06.462  0089.98  00.55  07.81  276.9  009.26  30.794  1024.592  1472.73 
2024 01 25 21 07 27.16  31.034  06.463  0089.81  00.56  07.81  276.9  009.26  30.795  1024.591  1472.73 
2024 01 25 21 07 27.41  31.032  06.464  0089.62  00.54  07.81  276.9  009.26  30.792  1024.588  1472.73 
2024 01 25 21 07 27.66  31.034  06.464  0089.42  00.62  07.81  276.9  009.26  30.793  1024.588  1472.73 
2024 01 25 21 07 27.91  31.035  06.466  0089.25  00.57  07.81  276.9  009.26  30.794  1024.587  1472.73 
2024 01 25 21 07 28.16  31.034  06.465  0089.10  00.50  07.81  276.9  009.26  30.793  1024.586  1472.73 
2024 01 25 21 07 28.41  31.032  06.466  0088.96  00.54  07.81  276.8  009.26  30.791  1024.583  1472.73 
2024 01 25 21 07 28.66  31.034  06.465  0088.83  00.58  07.81  276.8  009.26  30.793  1024.585  1472.73 
2024 01 25 21 07 28.91  31.034  06.466  0088.73  00.54  07.81  276.8  009.26  30.793  1024.584  1472.73 
2024 01 25 21 07 29.16  31.036  06.466  0088.59  00.51  07.81  276.8  009.26  30.795  1024.585  1472.72 
2024 01 25 21 07 29.41  31.035  06.467  0088.43  00.49  07.81  276.8  009.26  30.793  1024.583  1472.73 
2024 01 25 21 07 29.66  31.035  06.468  0088.26  00.53  07.81  276.8  009.26  30.792  1024.581  1472.73 
2024 01 25 21 07 29.91  31.037  06.470  0088.07  00.56  07.81  276.8  009.26  30.792  1024.580  1472.73 
2024 01 25 21 07 30.16  31.037  06.471  0087.89  00.52  07.81  276.8  009.26  30.792  1024.579  1472.73 
2024 01 25 21 07 30.41  31.039  06.473  0087.67  00.55  07.81  276.8  009.26  30.792  1024.578  1472.74 
2024 01 25 21 07 30.66  31.041  06.474  0087.52  00.58  07.81  276.8  009.26  30.793  1024.578  1472.74 
2024 01 25 21 07 30.91  31.038  06.473  0087.35  00.55  07.81  276.8  009.26  30.791  1024.576  1472.73 
2024 01 25 21 07 31.16  31.042  06.474  0087.21  00.52  07.81  276.8  009.26  30.794  1024.577  1472.73 
2024 01 25 21 07 31.41  31.041  06.475  0087.08  00.49  07.81  276.8  009.26  30.793  1024.575  1472.73 
2024 01 25 21 07 31.66  31.039  06.474  0086.97  00.40  07.81  276.8  009.26  30.791  1024.574  1472.73 
2024 01 25 21 07 31.91  31.042  06.476  0086.82  00.47  07.81  276.8  009.26  30.793  1024.574  1472.73 
2024 01 25 21 07 32.16  31.042  06.477  0086.66  00.46  07.81  276.8  009.26  30.792  1024.572  1472.73 
2024 01 25 21 07 32.41  31.042  06.476  0086.50  00.47  07.81  276.8  009.26  30.792  1024.572  1472.73 
2024 01 25 21 07 32.66  31.042  06.477  0086.31  00.50  07.81  276.8  009.26  30.793  1024.571  1472.73 
2024 01 25 21 07 32.91  31.042  06.479  0086.10  00.50  07.81  276.8  009.26  30.791  1024.569  1472.73 
2024 01 25 21 07 33.16  31.042  06.479  0085.91  00.51  07.81  276.8  009.26  30.791  1024.568  1472.73 
2024 01 25 21 07 33.41  31.043  06.480  0085.71  00.53  07.81  276.8  009.26  30.791  1024.567  1472.73 
2024 01 25 21 07 33.66  31.045  06.479  0085.54  00.60  07.81  276.8  009.26  30.794  1024.568  1472.73 
2024 01 25 21 07 33.91  31.043  06.481  0085.37  00.56  07.81  276.8  009.26  30.790  1024.565  1472.73 
2024 01 25 21 07 34.16  31.046  06.480  0085.23  00.53  07.81  276.8  009.26  30.795  1024.568  1472.73 
2024 01 25 21 07 34.41  31.044  06.480  0085.13  00.51  07.81  277.0  009.26  30.792  1024.565  1472.72 
2024 01 25 21 07 34.66  31.042  06.478  0085.04  00.56  07.81  277.0  009.26  30.793  1024.565  1472.71 
2024 01 25 21 07 34.91  31.042  06.479  0084.94  00.52  07.81  277.0  009.26  30.791  1024.564  1472.71 
2024 01 25 21 07 35.16  31.042  06.479  0084.83  00.51  07.81  277.0  009.26  30.791  1024.563  1472.71 
2024 01 25 21 07 35.41  31.042  06.479  0084.69  00.52  07.81  277.0  009.26  30.791  1024.563  1472.71 
2024 01 25 21 07 35.66  31.041  06.479  0084.49  00.49  07.81  277.0  009.26  30.790  1024.561  1472.71 
2024 01 25 21 07 35.91  31.044  06.481  0084.28  00.51  07.81  277.0  009.26  30.792  1024.561  1472.71 
2024 01 25 21 07 36.16  31.044  06.481  0084.06  00.50  07.81  277.0  009.26  30.792  1024.560  1472.71 
2024 01 25 21 07 36.41  31.045  06.483  0083.89  00.54  07.81  277.0  009.26  30.791  1024.558  1472.71 
2024 01 25 21 07 36.66  31.046  06.486  0083.74  00.60  07.81  277.0  009.26  30.790  1024.556  1472.72 
2024 01 25 21 07 36.91  31.046  06.484  0083.63  00.62  07.81  277.0  009.26  30.792  1024.558  1472.71 
2024 01 25 21 07 37.16  31.044  06.484  0083.52  00.58  07.81  277.0  009.26  30.790  1024.555  1472.71 
2024 01 25 21 07 37.41  31.045  06.481  0083.42  00.55  07.81  277.5  009.26  30.793  1024.558  1472.70 
2024 01 25 21 07 37.66  31.046  06.485  0083.29  00.52  07.81  277.5  009.26  30.790  1024.555  1472.71 
2024 01 25 21 07 37.91  31.050  06.488  0083.16  00.47  07.81  277.5  009.26  30.792  1024.555  1472.72 
2024 01 25 21 07 38.16  31.054  06.494  0083.00  00.58  07.81  277.5  009.26  30.791  1024.553  1472.74 
2024 01 25 21 07 38.41  31.054  06.490  0082.87  00.55  07.81  277.5  009.26  30.795  1024.556  1472.73 
2024 01 25 21 07 38.66  31.056  06.494  0082.74  00.61  07.81  277.5  009.26  30.794  1024.554  1472.74 
2024 01 25 21 07 38.91  31.056  06.499  0082.59  00.58  07.81  277.5  009.26  30.789  1024.549  1472.75 
2024 01 25 21 07 39.16  31.058  06.502  0082.43  00.57  07.81  277.5  009.26  30.789  1024.548  1472.76 
2024 01 25 21 07 39.41  31.057  06.503  0082.30  00.53  07.81  277.5  009.26  30.787  1024.545  1472.76 
2024 01 25 21 07 39.66  31.059  06.503  0082.19  00.56  07.81  277.5  009.26  30.789  1024.546  1472.76 
2024 01 25 21 07 39.91  31.059  06.502  0082.09  00.58  07.82  277.5  009.26  30.790  1024.547  1472.76 
2024 01 25 21 07 40.16  31.059  06.505  0081.98  00.57  07.82  277.5  009.26  30.788  1024.545  1472.76 
2024 01 25 21 07 40.41  31.059  06.503  0081.89  00.59  07.82  278.0  009.26  30.790  1024.545  1472.76 
2024 01 25 21 07 40.66  31.063  06.506  0081.74  00.57  07.82  278.0  009.26  30.791  1024.546  1472.77 
2024 01 25 21 07 40.91  31.065  06.509  0081.58  00.59  07.82  278.0  009.26  30.791  1024.544  1472.78 
2024 01 25 21 07 41.16  31.066  06.509  0081.39  00.61  07.82  278.0  009.26  30.792  1024.544  1472.78 
2024 01 25 21 07 41.41  31.065  06.508  0081.21  00.61  07.82  278.0  009.26  30.791  1024.543  1472.77 
2024 01 25 21 07 41.66  31.067  06.513  0081.06  00.62  07.82  278.0  009.26  30.790  1024.541  1472.78 
2024 01 25 21 07 41.91  31.068  06.511  0080.92  00.57  07.82  278.0  009.26  30.792  1024.542  1472.78 
2024 01 25 21 07 42.16  31.066  06.512  0080.80  00.59  07.82  278.0  009.26  30.790  1024.540  1472.78 
2024 01 25 21 07 42.41  31.065  06.512  0080.70  00.58  07.82  278.0  009.26  30.788  1024.538  1472.77 
2024 01 25 21 07 42.66  31.065  06.510  0080.63  00.62  07.82  278.0  009.26  30.791  1024.540  1472.77 
2024 01 25 21 07 42.91  31.064  06.509  0080.53  00.83  07.82  278.0  009.26  30.790  1024.539  1472.76 
2024 01 25 21 07 43.16  31.067  06.512  0080.40  00.77  07.82  278.0  009.26  30.791  1024.538  1472.77 
2024 01 25 21 07 43.41  31.072  06.520  0080.23  00.61  07.82  278.5  009.26  30.789  1024.535  1472.80 
2024 01 25 21 07 43.66  31.072  06.523  0080.05  00.64  07.82  278.5  009.26  30.787  1024.532  1472.80 
2024 01 25 21 07 43.91  31.075  06.521  0079.83  00.57  07.82  278.5  009.26  30.792  1024.535  1472.80 
2024 01 25 21 07 44.16  31.073  06.522  0079.66  00.50  07.82  278.5  009.26  30.789  1024.532  1472.80 
2024 01 25 21 07 44.41  31.073  06.521  0079.45  00.54  07.82  278.5  009.26  30.790  1024.532  1472.79 
2024 01 25 21 07 44.66  31.073  06.522  0079.32  00.56  07.82  278.5  009.26  30.789  1024.531  1472.79 
2024 01 25 21 07 44.91  31.074  06.523  0079.16  00.56  07.82  278.5  009.26  30.790  1024.530  1472.79 
2024 01 25 21 07 45.16  31.074  06.523  0079.06  00.54  07.82  278.5  009.26  30.789  1024.530  1472.79 
2024 01 25 21 07 45.41  31.073  06.524  0078.98  00.60  07.82  278.5  009.26  30.788  1024.528  1472.79 
2024 01 25 21 07 45.66  31.073  06.525  0078.89  00.62  07.82  278.5  009.26  30.787  1024.527  1472.79 
2024 01 25 21 07 45.91  31.074  06.525  0078.75  00.60  07.82  278.5  009.26  30.788  1024.527  1472.79 
2024 01 25 21 07 46.16  31.077  06.525  0078.64  00.62  07.82  278.5  009.26  30.791  1024.528  1472.79 
2024 01 25 21 07 46.41  31.078  06.530  0078.53  00.53  07.82  279.3  009.26  30.788  1024.526  1472.81 
2024 01 25 21 07 46.66  31.081  06.532  0078.39  00.55  07.82  279.3  009.26  30.789  1024.525  1472.82 
2024 01 25 21 07 46.91  31.080  06.532  0078.25  00.52  07.82  279.3  009.26  30.788  1024.523  1472.81 
2024 01 25 21 07 47.16  31.082  06.534  0078.09  00.59  07.82  279.3  009.26  30.789  1024.523  1472.82 
2024 01 25 21 07 47.41  31.085  06.537  0077.97  00.59  07.82  279.3  009.26  30.790  1024.523  1472.83 
2024 01 25 21 07 47.66  31.085  06.538  0077.82  00.59  07.82  279.3  009.26  30.788  1024.521  1472.83 
2024 01 25 21 07 47.91  31.087  06.540  0077.67  00.57  07.82  279.3  009.26  30.789  1024.521  1472.83 
2024 01 25 21 07 48.16  31.087  06.539  0077.54  00.59  07.82  279.3  009.26  30.790  1024.521  1472.83 
2024 01 25 21 07 48.41  31.087  06.540  0077.45  00.56  07.82  279.3  009.26  30.789  1024.519  1472.83 
2024 01 25 21 07 48.66  31.088  06.541  0077.35  00.60  07.82  279.3  009.26  30.789  1024.519  1472.83 
2024 01 25 21 07 48.91  31.089  06.544  0077.22  00.61  07.82  279.3  009.26  30.787  1024.516  1472.84 
2024 01 25 21 07 49.16  31.090  06.547  0077.06  00.61  07.82  279.3  009.26  30.787  1024.515  1472.85 
2024 01 25 21 07 49.41  31.092  06.550  0076.91  00.57  07.82  279.5  009.26  30.786  1024.513  1472.86 
2024 01 25 21 07 49.66  31.092  06.549  0076.72  00.61  07.82  279.5  009.26  30.786  1024.513  1472.85 
2024 01 25 21 07 49.91  31.095  06.551  0076.54  00.57  07.82  279.5  009.26  30.788  1024.513  1472.86 
2024 01 25 21 07 50.16  31.095  06.551  0076.38  00.60  07.82  279.5  009.26  30.788  1024.512  1472.86 
2024 01 25 21 07 50.41  31.095  06.551  0076.25  00.58  07.82  279.5  009.26  30.789  1024.512  1472.86 
2024 01 25 21 07 50.66  31.096  06.550  0076.15  00.57  07.82  279.5  009.26  30.790  1024.513  1472.85 
2024 01 25 21 07 50.91  31.096  06.553  0076.04  00.60  07.82  279.5  009.26  30.789  1024.511  1472.86 
2024 01 25 21 07 51.16  31.095  06.551  0075.93  00.62  07.82  279.5  009.26  30.789  1024.511  1472.85 
2024 01 25 21 07 51.41  31.095  06.553  0075.84  00.65  07.82  279.5  009.26  30.787  1024.509  1472.85 
2024 01 25 21 07 51.66  31.096  06.553  0075.71  00.64  07.82  279.5  009.26  30.787  1024.509  1472.86 
2024 01 25 21 07 51.91  31.097  06.556  0075.56  00.68  07.82  279.5  009.26  30.786  1024.507  1472.86 
2024 01 25 21 07 52.16  31.097  06.556  0075.38  00.66  07.82  279.5  009.26  30.787  1024.506  1472.86 
2024 01 25 21 07 52.41  31.096  06.556  0075.23  00.59  07.82  279.3  009.26  30.785  1024.504  1472.86 
2024 01 25 21 07 52.66  31.096  06.556  0075.09  00.61  07.82  279.3  009.26  30.786  1024.504  1472.86 
2024 01 25 21 07 52.91  31.099  06.557  0074.98  00.59  07.82  279.3  009.26  30.788  1024.505  1472.86 
2024 01 25 21 07 53.16  31.098  06.558  0074.88  00.59  07.82  279.3  009.26  30.786  1024.503  1472.86 
2024 01 25 21 07 53.41  31.097  06.558  0074.74  00.59  07.82  279.3  009.26  30.785  1024.502  1472.85 
2024 01 25 21 07 53.66  31.099  06.558  0074.59  00.60  07.82  279.3  009.26  30.787  1024.503  1472.85 
2024 01 25 21 07 53.91  31.099  06.557  0074.46  00.62  07.82  279.3  009.26  30.788  1024.503  1472.85 
2024 01 25 21 07 54.16  31.097  06.557  0074.30  00.62  07.82  279.3  009.26  30.786  1024.501  1472.85 
2024 01 25 21 07 54.41  31.096  06.556  0074.17  00.59  07.82  279.3  009.26  30.786  1024.500  1472.84 
2024 01 25 21 07 54.66  31.096  06.557  0074.03  00.61  07.82  279.3  009.26  30.786  1024.499  1472.84 
2024 01 25 21 07 54.91  31.096  06.556  0073.87  00.54  07.82  279.3  009.26  30.787  1024.499  1472.83 
2024 01 25 21 07 55.16  31.098  06.558  0073.74  00.62  07.82  279.3  009.26  30.787  1024.499  1472.84 
2024 01 25 21 07 55.41  31.098  06.559  0073.60  00.65  07.82  279.4  009.26  30.786  1024.497  1472.84 
2024 01 25 21 07 55.66  31.096  06.558  0073.46  00.62  07.82  279.4  009.26  30.785  1024.496  1472.83 
2024 01 25 21 07 55.91  31.098  06.559  0073.33  00.64  07.82  279.4  009.26  30.786  1024.496  1472.84 
2024 01 25 21 07 56.16  31.097  06.558  0073.19  00.63  07.82  279.4  009.26  30.786  1024.495  1472.83 
2024 01 25 21 07 56.41  31.096  06.558  0073.08  00.61  07.82  279.4  009.26  30.785  1024.494  1472.83 
2024 01 25 21 07 56.66  31.098  06.557  0072.99  00.59  07.82  279.4  009.26  30.788  1024.496  1472.83 
2024 01 25 21 07 56.91  31.098  06.559  0072.88  00.57  07.82  279.4  009.26  30.787  1024.494  1472.83 
2024 01 25 21 07 57.16  31.097  06.559  0072.84  00.61  07.82  279.4  009.26  30.786  1024.493  1472.83 
2024 01 25 21 07 57.41  31.100  06.559  0072.79  00.54  07.82  279.4  009.26  30.788  1024.495  1472.83 
2024 01 25 21 07 57.66  31.098  06.559  0072.78  00.60  07.82  279.4  009.26  30.787  1024.494  1472.83 
2024 01 25 21 07 57.91  31.097  06.559  0072.75  00.65  07.82  279.4  009.26  30.786  1024.493  1472.83 
2024 01 25 21 07 58.16  31.099  06.559  0072.66  00.60  07.82  279.4  009.26  30.788  1024.494  1472.83 
2024 01 25 21 07 58.41  31.098  06.559  0072.53  00.63  07.82  279.5  009.26  30.787  1024.493  1472.82 
2024 01 25 21 07 58.66  31.100  06.561  0072.38  00.62  07.82  279.5  009.26  30.786  1024.491  1472.83 
2024 01 25 21 07 58.91  31.100  06.562  0072.19  00.63  07.82  279.5  009.26  30.786  1024.490  1472.83 
2024 01 25 21 07 59.16  31.104  06.562  0072.01  00.55  07.82  279.5  009.26  30.790  1024.492  1472.83 
2024 01 25 21 07 59.41  31.101  06.563  0071.84  00.55  07.82  279.5  009.26  30.787  1024.489  1472.83 
2024 01 25 21 07 59.66  31.104  06.564  0071.71  00.61  07.82  279.5  009.26  30.788  1024.490  1472.83 
2024 01 25 21 07 59.91  31.103  06.565  0071.60  00.55  07.82  279.5  009.26  30.787  1024.488  1472.83 
2024 01 25 21 08 00.16  31.103  06.564  0071.47  00.55  07.82  279.5  009.26  30.787  1024.488  1472.83 
2024 01 25 21 08 00.41  31.100  06.564  0071.37  00.54  07.82  279.5  009.26  30.785  1024.485  1472.82 
2024 01 25 21 08 00.66  31.101  06.564  0071.26  00.56  07.82  279.5  009.26  30.786  1024.485  1472.82 
2024 01 25 21 08 00.91  31.101  06.565  0071.18  00.62  07.82  279.5  009.26  30.785  1024.485  1472.82 
2024 01 25 21 08 01.16  31.102  06.565  0071.04  00.64  07.82  279.5  009.26  30.786  1024.485  1472.82 
2024 01 25 21 08 01.41  31.099  06.564  0070.92  00.69  07.82  279.6  009.26  30.784  1024.482  1472.81 
2024 01 25 21 08 01.66  31.100  06.565  0070.76  00.62  07.82  279.6  009.26  30.785  1024.482  1472.82 
2024 01 25 21 08 01.91  31.103  06.566  0070.63  00.61  07.82  279.6  009.26  30.786  1024.483  1472.82 
2024 01 25 21 08 02.16  31.103  06.566  0070.48  00.61  07.82  279.6  009.26  30.786  1024.482  1472.82 
2024 01 25 21 08 02.41  31.102  06.565  0070.34  00.53  07.82  279.6  009.26  30.786  1024.481  1472.81 
2024 01 25 21 08 02.66  31.101  06.564  0070.21  00.56  07.82  279.6  009.26  30.786  1024.481  1472.81 
2024 01 25 21 08 02.91  31.101  06.565  0070.13  00.71  07.82  279.6  009.26  30.785  1024.480  1472.81 
2024 01 25 21 08 03.16  31.100  06.565  0070.00  00.68  07.82  279.6  009.26  30.785  1024.479  1472.81 
2024 01 25 21 08 03.41  31.100  06.566  0069.88  00.66  07.82  279.6  009.26  30.784  1024.478  1472.81 
2024 01 25 21 08 03.66  31.101  06.566  0069.77  00.66  07.82  279.6  009.26  30.785  1024.478  1472.80 
2024 01 25 21 08 03.91  31.098  06.565  0069.57  00.62  07.82  279.6  009.26  30.782  1024.475  1472.80 
2024 01 25 21 08 04.16  31.099  06.563  0069.43  00.64  07.82  279.6  009.26  30.785  1024.477  1472.79 
2024 01 25 21 08 04.41  31.097  06.563  0069.29  00.61  07.82  279.9  009.26  30.783  1024.475  1472.78 
2024 01 25 21 08 04.66  31.096  06.562  0069.14  00.76  07.82  279.9  009.26  30.783  1024.474  1472.78 
2024 01 25 21 08 04.91  31.096  06.562  0068.98  00.69  07.82  279.9  009.26  30.784  1024.474  1472.77 
2024 01 25 21 08 05.16  31.096  06.561  0068.87  00.69  07.82  279.9  009.26  30.784  1024.473  1472.77 
2024 01 25 21 08 05.41  31.097  06.561  0068.75  00.65  07.82  279.9  009.26  30.786  1024.474  1472.77 
2024 01 25 21 08 05.66  31.097  06.561  0068.66  00.64  07.82  279.9  009.26  30.786  1024.474  1472.77 
2024 01 25 21 08 05.91  31.098  06.561  0068.59  00.71  07.82  279.9  009.26  30.786  1024.474  1472.77 
2024 01 25 21 08 06.16  31.096  06.561  0068.60  00.64  07.82  279.9  009.26  30.784  1024.472  1472.77 
2024 01 25 21 08 06.41  31.096  06.561  0068.58  00.57  07.82  279.9  009.26  30.783  1024.472  1472.77 
2024 01 25 21 08 06.66  31.094  06.560  0068.59  00.62  07.82  279.9  009.26  30.783  1024.471  1472.76 
2024 01 25 21 08 06.91  31.094  06.560  0068.50  00.62  07.82  279.9  009.26  30.783  1024.471  1472.76 
2024 01 25 21 08 07.16  31.096  06.559  0068.36  00.62  07.82  279.9  009.26  30.785  1024.472  1472.76 
2024 01 25 21 08 07.41  31.094  06.559  0068.26  00.59  07.82  280.0  009.26  30.784  1024.471  1472.75 
2024 01 25 21 08 07.66  31.095  06.560  0068.12  00.62  07.82  280.0  009.26  30.784  1024.470  1472.75 
2024 01 25 21 08 07.91  31.095  06.559  0067.97  00.62  07.82  280.0  009.26  30.785  1024.470  1472.75 
2024 01 25 21 08 08.16  31.096  06.560  0067.79  00.62  07.82  280.0  009.26  30.785  1024.469  1472.75 
2024 01 25 21 08 08.41  31.095  06.560  0067.62  00.59  07.82  280.0  009.26  30.785  1024.468  1472.75 
2024 01 25 21 08 08.66  31.093  06.558  0067.47  00.56  07.82  280.0  009.26  30.784  1024.467  1472.74 
2024 01 25 21 08 08.91  31.093  06.558  0067.33  00.60  07.82  280.0  009.26  30.784  1024.467  1472.74 
2024 01 25 21 08 09.16  31.091  06.559  0067.19  00.59  07.82  280.0  009.26  30.781  1024.464  1472.73 
2024 01 25 21 08 09.41  31.094  06.559  0067.09  00.62  07.82  280.0  009.26  30.785  1024.466  1472.73 
2024 01 25 21 08 09.66  31.093  06.559  0067.03  00.61  07.82  280.0  009.26  30.784  1024.465  1472.73 
2024 01 25 21 08 09.91  31.091  06.559  0066.98  00.58  07.82  280.0  009.26  30.781  1024.463  1472.73 
2024 01 25 21 08 10.16  31.093  06.558  0066.89  00.64  07.82  280.0  009.26  30.783  1024.464  1472.73 
2024 01 25 21 08 10.41  31.094  06.558  0066.83  00.67  07.82  280.2  009.26  30.785  1024.466  1472.73 
2024 01 25 21 08 10.66  31.093  06.559  0066.76  00.66  07.82  280.2  009.26  30.783  1024.463  1472.73 
2024 01 25 21 08 10.91  31.092  06.559  0066.63  00.69  07.82  280.2  009.26  30.782  1024.462  1472.72 
2024 01 25 21 08 11.16  31.091  06.558  0066.48  00.61  07.82  280.2  009.26  30.782  1024.461  1472.72 
2024 01 25 21 08 11.41  31.089  06.557  0066.34  00.62  07.82  280.2  009.26  30.780  1024.459  1472.71 
2024 01 25 21 08 11.66  31.089  06.558  0066.19  00.64  07.82  280.2  009.26  30.780  1024.458  1472.71 
2024 01 25 21 08 11.91  31.091  06.557  0066.10  00.60  07.82  280.2  009.26  30.783  1024.460  1472.71 
2024 01 25 21 08 12.16  31.090  06.558  0065.94  00.57  07.82  280.2  009.26  30.782  1024.459  1472.71 
2024 01 25 21 08 12.41  31.084  06.550  0065.85  00.60  07.82  280.2  009.26  30.782  1024.459  1472.67 
2024 01 25 21 08 12.66  31.085  06.551  0065.76  00.62  07.82  280.2  009.26  30.782  1024.459  1472.68 
2024 01 25 21 08 12.91  31.083  06.552  0065.69  00.61  07.82  280.2  009.26  30.779  1024.456  1472.68 
2024 01 25 21 08 13.16  31.076  06.547  0065.62  00.59  07.82  280.2  009.26  30.776  1024.454  1472.65 
2024 01 25 21 08 13.41  31.073  06.544  0065.55  00.59  07.82  280.4  009.26  30.776  1024.454  1472.64 
2024 01 25 21 08 13.66  31.078  06.549  0065.53  00.61  07.82  280.4  009.26  30.777  1024.453  1472.66 
2024 01 25 21 08 13.91  31.077  06.550  0065.50  00.63  07.82  280.4  009.26  30.775  1024.453  1472.66 
2024 01 25 21 08 14.16  31.073  06.545  0065.39  00.60  07.82  280.4  009.29  30.775  1024.452  1472.64 
2024 01 25 21 08 14.41  31.073  06.545  0065.30  00.57  07.82  280.4  009.26  30.775  1024.452  1472.64 
2024 01 25 21 08 14.66  31.071  06.545  0065.18  00.55  07.82  280.4  009.26  30.773  1024.450  1472.63 
2024 01 25 21 08 14.91  31.070  06.542  0065.08  00.62  07.82  280.4  009.26  30.774  1024.450  1472.62 
2024 01 25 21 08 15.16  31.072  06.543  0064.95  00.64  07.82  280.4  009.26  30.776  1024.451  1472.62 
2024 01 25 21 08 15.41  31.073  06.547  0064.80  00.60  07.82  280.4  009.26  30.773  1024.448  1472.63 
2024 01 25 21 08 15.66  31.077  06.546  0064.67  00.59  07.82  280.4  009.26  30.779  1024.452  1472.64 
2024 01 25 21 08 15.91  31.074  06.547  0064.53  00.61  07.82  280.4  009.26  30.774  1024.448  1472.63 
2024 01 25 21 08 16.16  31.076  06.547  0064.41  00.60  07.82  280.4  009.26  30.777  1024.449  1472.63 
2024 01 25 21 08 16.41  31.076  06.548  0064.30  00.65  07.82  280.4  009.26  30.775  1024.447  1472.64 
2024 01 25 21 08 16.66  31.075  06.547  0064.14  00.61  07.82  280.4  009.26  30.776  1024.447  1472.63 
2024 01 25 21 08 16.91  31.076  06.547  0064.02  00.63  07.82  280.4  009.26  30.777  1024.447  1472.63 
2024 01 25 21 08 17.16  31.074  06.546  0063.88  00.72  07.82  280.4  009.26  30.776  1024.446  1472.62 
2024 01 25 21 08 17.41  31.073  06.546  0063.71  00.63  07.82  280.4  009.26  30.775  1024.444  1472.61 
2024 01 25 21 08 17.66  31.073  06.545  0063.60  00.60  07.82  280.4  009.26  30.776  1024.445  1472.61 
2024 01 25 21 08 17.91  31.069  06.545  0063.46  00.59  07.82  280.4  009.26  30.772  1024.441  1472.60 
2024 01 25 21 08 18.16  31.069  06.541  0063.30  00.71  07.82  280.4  009.26  30.774  1024.443  1472.59 
2024 01 25 21 08 18.41  31.065  06.539  0063.21  00.69  07.82  280.4  009.26  30.772  1024.441  1472.58 
2024 01 25 21 08 18.66  31.064  06.538  0063.10  00.69  07.82  280.4  009.26  30.772  1024.440  1472.57 
2024 01 25 21 08 18.91  31.066  06.538  0063.05  00.63  07.82  280.4  009.26  30.775  1024.442  1472.57 
2024 01 25 21 08 19.16  31.066  06.538  0063.02  00.52  07.82  280.4  009.26  30.775  1024.442  1472.57 
2024 01 25 21 08 19.41  31.062  06.537  0063.01  00.59  07.82  280.3  009.26  30.771  1024.439  1472.57 
2024 01 25 21 08 19.66  31.060  06.535  0062.96  00.55  07.82  280.3  009.26  30.771  1024.439  1472.56 
2024 01 25 21 08 19.91  31.059  06.535  0062.84  00.62  07.82  280.3  009.26  30.770  1024.438  1472.55 
2024 01 25 21 08 20.16  31.054  06.529  0062.69  00.59  07.82  280.3  009.26  30.769  1024.437  1472.53 
2024 01 25 21 08 20.41  31.052  06.527  0062.50  00.56  07.82  280.3  009.26  30.770  1024.437  1472.51 
2024 01 25 21 08 20.66  31.047  06.521  0062.35  00.68  07.82  280.3  009.26  30.769  1024.437  1472.49 
2024 01 25 21 08 20.91  31.044  06.523  0062.25  00.65  07.82  280.3  009.26  30.764  1024.432  1472.49 
2024 01 25 21 08 21.16  31.046  06.523  0062.20  00.62  07.82  280.3  009.26  30.766  1024.433  1472.49 
2024 01 25 21 08 21.41  31.045  06.523  0062.14  00.57  07.82  280.3  009.26  30.765  1024.432  1472.49 
2024 01 25 21 08 21.66  31.049  06.527  0062.12  00.62  07.82  280.3  009.26  30.766  1024.432  1472.50 
2024 01 25 21 08 21.91  31.048  06.525  0062.06  00.60  07.82  280.3  009.26  30.767  1024.433  1472.50 
2024 01 25 21 08 22.16  31.050  06.524  0061.98  00.64  07.82  280.3  009.26  30.769  1024.435  1472.50 
2024 01 25 21 08 22.41  31.046  06.523  0061.79  00.60  07.82  280.1  009.26  30.766  1024.432  1472.48 
2024 01 25 21 08 22.66  31.042  06.520  0061.60  00.63  07.82  280.1  009.26  30.765  1024.430  1472.47 
2024 01 25 21 08 22.91  31.044  06.524  0061.41  00.59  07.82  280.1  009.26  30.764  1024.428  1472.48 
2024 01 25 21 08 23.16  31.046  06.523  0061.26  00.54  07.82  280.1  009.26  30.767  1024.430  1472.48 
2024 01 25 21 08 23.41  31.044  06.523  0061.14  00.56  07.82  280.1  009.26  30.765  1024.427  1472.47 
2024 01 25 21 08 23.66  31.042  06.521  0061.06  00.59  07.82  280.1  009.26  30.764  1024.427  1472.46 
2024 01 25 21 08 23.91  31.041  06.521  0060.97  00.60  07.82  280.1  009.26  30.763  1024.426  1472.46 
2024 01 25 21 08 24.16  31.042  06.520  0060.88  00.65  07.81  280.1  009.26  30.766  1024.427  1472.46 
2024 01 25 21 08 24.41  31.039  06.512  0060.80  00.62  07.81  280.1  009.26  30.769  1024.431  1472.43 
2024 01 25 21 08 24.66  31.040  06.516  0060.71  00.58  07.81  280.1  009.26  30.767  1024.428  1472.44 
2024 01 25 21 08 24.91  31.027  06.502  0060.61  00.60  07.81  280.1  009.26  30.766  1024.428  1472.38 
2024 01 25 21 08 25.16  31.020  06.503  0060.47  00.62  07.81  280.1  009.26  30.757  1024.421  1472.37 
2024 01 25 21 08 25.41  31.021  06.500  0060.37  00.73  07.81  279.5  009.26  30.760  1024.423  1472.36 
2024 01 25 21 08 25.66  31.018  06.496  0060.24  00.62  07.81  279.5  009.26  30.761  1024.423  1472.34 
2024 01 25 21 08 25.91  31.013  06.496  0060.09  00.60  07.81  279.5  009.26  30.756  1024.419  1472.33 
2024 01 25 21 08 26.16  31.012  06.496  0059.97  00.63  07.81  279.5  009.26  30.755  1024.417  1472.33 
2024 01 25 21 08 26.41  31.015  06.496  0059.89  00.68  07.81  279.5  009.26  30.758  1024.420  1472.34 
2024 01 25 21 08 26.66  31.012  06.495  0059.86  00.66  07.81  279.5  009.26  30.755  1024.417  1472.33 
2024 01 25 21 08 26.91  31.014  06.495  0059.82  00.66  07.81  279.5  009.26  30.757  1024.419  1472.33 
2024 01 25 21 08 27.16  31.012  06.496  0059.67  00.61  07.81  279.5  009.26  30.755  1024.416  1472.33 
2024 01 25 21 08 27.41  31.015  06.497  0059.57  00.66  07.81  279.5  009.26  30.757  1024.417  1472.33 
2024 01 25 21 08 27.66  31.015  06.500  0059.46  00.68  07.81  279.5  009.26  30.755  1024.414  1472.34 
2024 01 25 21 08 27.91  31.014  06.500  0059.39  00.63  07.81  279.5  009.26  30.753  1024.413  1472.34 
2024 01 25 21 08 28.16  31.014  06.500  0059.34  00.63  07.81  279.5  009.26  30.753  1024.413  1472.34 
2024 01 25 21 08 28.41  31.011  06.499  0059.31  00.54  07.81  279.3  009.26  30.751  1024.411  1472.33 
2024 01 25 21 08 28.66  31.015  06.499  0059.27  00.58  07.81  279.3  009.26  30.754  1024.414  1472.33 
2024 01 25 21 08 28.91  31.015  06.500  0059.29  00.65  07.81  279.3  009.26  30.754  1024.413  1472.34 
2024 01 25 21 08 29.16  31.015  06.499  0059.26  00.69  07.81  279.3  009.26  30.755  1024.414  1472.33 
2024 01 25 21 08 29.41  31.015  06.504  0059.14  00.67  07.81  279.3  009.26  30.751  1024.410  1472.35 
2024 01 25 21 08 29.66  31.015  06.506  0058.95  00.68  07.81  279.3  009.26  30.750  1024.407  1472.35 
2024 01 25 21 08 29.91  31.019  06.510  0058.72  00.63  07.81  279.3  009.26  30.751  1024.406  1472.36 
2024 01 25 21 08 30.16  31.019  06.512  0058.47  00.58  07.81  279.3  009.26  30.748  1024.404  1472.37 
2024 01 25 21 08 30.41  31.022  06.515  0058.23  00.61  07.81  279.3  009.26  30.749  1024.402  1472.37 
2024 01 25 21 08 30.66  31.021  06.515  0058.07  00.68  07.81  279.3  009.26  30.748  1024.401  1472.37 
2024 01 25 21 08 30.91  31.020  06.514  0057.94  00.63  07.81  279.3  009.26  30.749  1024.401  1472.36 
2024 01 25 21 08 31.16  31.022  06.514  0057.87  00.57  07.81  279.3  009.26  30.750  1024.402  1472.36 
2024 01 25 21 08 31.41  31.019  06.512  0057.84  00.62  07.81  278.6  009.26  30.749  1024.401  1472.36 
2024 01 25 21 08 31.66  31.019  06.514  0057.79  00.63  07.81  278.6  009.26  30.748  1024.400  1472.36 
2024 01 25 21 08 31.91  31.019  06.514  0057.71  00.60  07.81  278.6  009.26  30.748  1024.399  1472.36 
2024 01 25 21 08 32.16  31.021  06.515  0057.63  00.66  07.81  278.6  009.26  30.749  1024.399  1472.36 
2024 01 25 21 08 32.41  31.022  06.513  0057.57  00.73  07.81  278.6  009.26  30.751  1024.401  1472.36 
2024 01 25 21 08 32.66  31.020  06.515  0057.49  00.62  07.81  278.6  009.26  30.747  1024.397  1472.36 
2024 01 25 21 08 32.91  31.022  06.517  0057.45  00.57  07.81  278.6  009.26  30.747  1024.397  1472.37 
2024 01 25 21 08 33.16  31.025  06.522  0057.39  00.62  07.81  278.6  009.26  30.746  1024.396  1472.38 
2024 01 25 21 08 33.41  31.024  06.521  0057.25  00.59  07.81  278.6  009.26  30.747  1024.395  1472.38 
2024 01 25 21 08 33.66  31.025  06.524  0057.09  00.61  07.81  278.6  009.26  30.744  1024.392  1472.39 
2024 01 25 21 08 33.91  31.026  06.527  0056.93  00.62  07.81  278.6  009.26  30.744  1024.391  1472.39 
2024 01 25 21 08 34.16  31.031  06.534  0056.73  00.63  07.81  278.6  009.26  30.743  1024.388  1472.42 
2024 01 25 21 08 34.41  31.038  06.539  0056.58  00.61  07.81  278.3  009.26  30.747  1024.390  1472.44 
2024 01 25 21 08 34.66  31.041  06.546  0056.42  00.59  07.81  278.3  009.26  30.743  1024.385  1472.46 
2024 01 25 21 08 34.91  31.042  06.547  0056.32  00.62  07.81  278.3  009.26  30.743  1024.385  1472.46 
2024 01 25 21 08 35.16  31.038  06.544  0056.24  00.68  07.81  278.3  009.26  30.741  1024.383  1472.45 
2024 01 25 21 08 35.41  31.039  06.545  0056.19  00.62  07.81  278.3  009.26  30.742  1024.383  1472.45 
2024 01 25 21 08 35.66  31.041  06.547  0056.11  00.66  07.81  278.3  009.26  30.742  1024.383  1472.46 
2024 01 25 21 08 35.91  31.042  06.549  0056.05  00.62  07.81  278.3  009.26  30.742  1024.383  1472.46 
2024 01 25 21 08 36.16  31.045  06.552  0055.96  00.64  07.81  278.3  009.26  30.742  1024.382  1472.47 
2024 01 25 21 08 36.41  31.053  06.561  0055.82  00.66  07.81  278.3  009.26  30.743  1024.381  1472.51 
2024 01 25 21 08 36.66  31.052  06.562  0055.66  00.59  07.82  278.3  009.26  30.740  1024.378  1472.51 
2024 01 25 21 08 36.91  31.054  06.564  0055.55  00.60  07.82  278.3  009.26  30.742  1024.378  1472.51 
2024 01 25 21 08 37.16  31.054  06.566  0055.43  00.66  07.82  278.3  009.26  30.739  1024.375  1472.52 
2024 01 25 21 08 37.41  31.053  06.565  0055.31  00.61  07.82  278.5  009.26  30.739  1024.375  1472.51 
2024 01 25 21 08 37.66  31.056  06.568  0055.15  00.63  07.82  278.5  009.26  30.740  1024.374  1472.52 
2024 01 25 21 08 37.91  31.055  06.570  0054.98  00.63  07.82  278.5  009.26  30.738  1024.372  1472.52 
2024 01 25 21 08 38.16  31.060  06.574  0054.78  00.64  07.82  278.5  009.26  30.740  1024.372  1472.54 
2024 01 25 21 08 38.41  31.075  06.595  0054.62  00.57  07.82  278.5  009.26  30.737  1024.366  1472.62 
2024 01 25 21 08 38.66  31.091  06.609  0054.45  00.62  07.82  278.5  009.26  30.742  1024.367  1472.68 
2024 01 25 21 08 38.91  31.086  06.605  0054.33  00.63  07.82  278.5  009.26  30.740  1024.366  1472.65 
2024 01 25 21 08 39.16  31.089  06.608  0054.19  00.65  07.82  278.5  009.26  30.740  1024.365  1472.66 
2024 01 25 21 08 39.41  31.085  06.597  0054.10  00.60  07.82  278.5  009.26  30.747  1024.371  1472.63 
2024 01 25 21 08 39.66  31.081  06.598  0054.06  00.62  07.82  278.5  009.26  30.741  1024.366  1472.62 
2024 01 25 21 08 39.91  31.081  06.598  0053.99  00.67  07.82  278.5  009.26  30.742  1024.367  1472.62 
2024 01 25 21 08 40.16  31.085  06.602  0053.84  00.68  07.82  278.5  009.26  30.742  1024.366  1472.64 
2024 01 25 21 08 40.41  31.098  06.615  0053.76  00.66  07.82  279.0  009.26  30.745  1024.366  1472.69 
2024 01 25 21 08 40.66  31.103  06.624  0053.63  00.64  07.82  279.0  009.26  30.742  1024.362  1472.72 
2024 01 25 21 08 40.91  31.101  06.625  0053.54  00.57  07.82  279.0  009.26  30.739  1024.359  1472.72 
2024 01 25 21 08 41.16  31.101  06.625  0053.41  00.68  07.82  279.0  009.26  30.739  1024.359  1472.72 
2024 01 25 21 08 41.41  31.100  06.625  0053.31  00.61  07.82  279.0  009.26  30.738  1024.357  1472.72 
2024 01 25 21 08 41.66  31.100  06.625  0053.17  00.59  07.82  279.0  009.26  30.738  1024.356  1472.71 
2024 01 25 21 08 41.91  31.096  06.619  0052.99  00.73  07.83  279.0  009.26  30.739  1024.357  1472.69 
2024 01 25 21 08 42.16  31.089  06.613  0052.81  00.63  07.83  279.0  009.26  30.736  1024.355  1472.66 
2024 01 25 21 08 42.41  31.089  06.614  0052.66  00.59  07.82  279.0  009.26  30.735  1024.354  1472.66 
2024 01 25 21 08 42.66  31.089  06.613  0052.53  00.63  07.83  279.0  009.26  30.738  1024.355  1472.65 
2024 01 25 21 08 42.91  31.089  06.613  0052.44  00.61  07.83  279.0  009.26  30.737  1024.354  1472.65 
2024 01 25 21 08 43.16  31.094  06.619  0052.37  00.65  07.83  279.0  009.26  30.738  1024.353  1472.67 
2024 01 25 21 08 43.41  31.095  06.619  0052.29  00.68  07.83  279.4  009.26  30.738  1024.354  1472.67 
2024 01 25 21 08 43.66  31.099  06.621  0052.18  00.66  07.83  279.4  009.26  30.741  1024.355  1472.68 
2024 01 25 21 08 43.91  31.142  06.685  0052.03  00.78  07.83  279.4  009.26  30.730  1024.338  1472.92 
2024 01 25 21 08 44.16  31.158  06.695  0051.98  00.64  07.83  279.4  009.26  30.738  1024.343  1472.97 
2024 01 25 21 08 44.41  31.142  06.665  0051.91  00.65  07.83  279.4  009.26  30.748  1024.354  1472.86 
2024 01 25 21 08 44.66  31.136  06.665  0051.86  00.60  07.83  279.4  009.26  30.742  1024.349  1472.85 
2024 01 25 21 08 44.91  31.139  06.674  0051.81  00.64  07.83  279.4  009.26  30.737  1024.344  1472.89 
2024 01 25 21 08 45.16  31.148  06.681  0051.76  00.65  07.83  279.4  009.26  30.741  1024.345  1472.92 
2024 01 25 21 08 45.41  31.138  06.665  0051.73  00.65  07.83  279.4  009.26  30.744  1024.350  1472.85 
2024 01 25 21 08 45.66  31.167  06.693  0051.62  00.63  07.84  279.4  009.26  30.750  1024.350  1472.97 
2024 01 25 21 08 45.91  31.177  06.709  0051.47  00.65  07.84  279.4  009.26  30.747  1024.345  1473.03 
2024 01 25 21 08 46.16  31.178  06.717  0051.32  00.63  07.84  279.4  009.26  30.742  1024.340  1473.05 
2024 01 25 21 08 46.41  31.179  06.714  0051.14  00.67  07.84  280.7  009.26  30.746  1024.342  1473.04 
2024 01 25 21 08 46.66  31.178  06.718  0050.98  00.67  07.84  280.7  009.26  30.741  1024.337  1473.05 
2024 01 25 21 08 46.91  31.194  06.730  0050.82  00.66  07.84  280.7  009.26  30.748  1024.340  1473.10 
2024 01 25 21 08 47.16  31.211  06.744  0050.71  00.60  07.84  280.7  009.26  30.754  1024.343  1473.16 
2024 01 25 21 08 47.41  31.200  06.735  0050.68  00.93  07.84  280.7  009.26  30.750  1024.340  1473.12 
2024 01 25 21 08 47.66  31.193  06.736  0050.63  00.74  07.84  280.7  009.26  30.741  1024.333  1473.11 
2024 01 25 21 08 47.91  31.191  06.731  0050.59  00.66  07.84  280.7  009.26  30.743  1024.335  1473.10 
2024 01 25 21 08 48.16  31.210  06.746  0050.50  00.64  07.84  280.7  009.26  30.750  1024.339  1473.16 
2024 01 25 21 08 48.41  31.213  06.756  0050.38  00.61  07.84  280.7  009.26  30.745  1024.333  1473.19 
2024 01 25 21 08 48.66  31.221  06.764  0050.25  00.61  07.84  280.7  009.26  30.747  1024.333  1473.22 
2024 01 25 21 08 48.91  31.237  06.778  0050.07  00.62  07.84  280.7  009.26  30.751  1024.333  1473.28 
2024 01 25 21 08 49.16  31.242  06.779  0049.97  00.66  07.84  280.7  009.26  30.756  1024.337  1473.29 
2024 01 25 21 08 49.41  31.249  06.784  0049.86  00.69  07.84  281.9  009.26  30.759  1024.338  1473.31 
2024 01 25 21 08 49.66  31.256  06.790  0049.81  00.68  07.84  281.9  009.26  30.761  1024.338  1473.34 
2024 01 25 21 08 49.91  31.264  06.806  0049.72  00.74  07.84  281.9  009.26  30.756  1024.332  1473.39 
2024 01 25 21 08 50.16  31.289  06.829  0049.62  00.70  07.84  281.9  009.26  30.763  1024.334  1473.49 
2024 01 25 21 08 50.41  31.310  06.861  0049.51  00.69  07.85  281.9  009.26  30.757  1024.325  1473.61 
2024 01 25 21 08 50.66  31.321  06.872  0049.41  00.65  07.85  281.9  009.26  30.759  1024.324  1473.65 
2024 01 25 21 08 50.91  31.338  06.894  0049.24  00.69  07.85  281.9  009.26  30.759  1024.320  1473.73 
2024 01 25 21 08 51.16  31.345  06.901  0049.09  00.64  07.85  281.9  009.26  30.759  1024.319  1473.76 
2024 01 25 21 08 51.41  31.336  06.895  0048.90  00.68  07.85  281.9  009.26  30.755  1024.316  1473.73 
2024 01 25 21 08 51.66  31.342  06.901  0048.70  00.64  07.85  281.9  009.26  30.757  1024.316  1473.75 
2024 01 25 21 08 51.91  31.362  06.921  0048.55  00.67  07.85  281.9  009.26  30.760  1024.315  1473.83 
2024 01 25 21 08 52.16  31.360  06.914  0048.44  00.69  07.85  281.9  009.26  30.765  1024.319  1473.81 
2024 01 25 21 08 52.41  31.354  06.903  0048.40  00.66  07.85  282.9  009.26  30.768  1024.323  1473.77 
2024 01 25 21 08 52.66  31.346  06.898  0048.37  00.69  07.85  282.9  009.26  30.763  1024.320  1473.74 
2024 01 25 21 08 52.91  31.354  06.914  0048.36  00.72  07.85  282.9  009.26  30.758  1024.313  1473.80 
2024 01 25 21 08 53.16  31.366  06.925  0048.36  00.70  07.85  282.9  009.26  30.760  1024.314  1473.85 
2024 01 25 21 08 53.41  31.373  06.929  0048.28  00.72  07.85  282.9  009.26  30.765  1024.317  1473.87 
2024 01 25 21 08 53.66  31.392  06.951  0048.15  00.69  07.85  282.9  009.26  30.766  1024.314  1473.95 
2024 01 25 21 08 53.91  31.391  06.950  0048.05  00.70  07.85  282.9  009.26  30.766  1024.313  1473.95 
2024 01 25 21 08 54.16  31.395  06.956  0047.90  00.64  07.85  282.9  009.26  30.765  1024.312  1473.96 
2024 01 25 21 08 54.41  31.389  06.951  0047.75  00.64  07.85  282.9  009.26  30.763  1024.310  1473.94 
2024 01 25 21 08 54.66  31.393  06.953  0047.56  00.62  07.86  282.9  009.26  30.765  1024.310  1473.95 
2024 01 25 21 08 54.91  31.397  06.955  0047.39  00.66  07.86  282.9  009.26  30.769  1024.312  1473.96 
2024 01 25 21 08 55.16  31.393  06.955  0047.23  00.61  07.86  282.9  009.26  30.764  1024.308  1473.95 
2024 01 25 21 08 55.41  31.395  06.956  0047.11  00.63  07.86  283.6  009.26  30.765  1024.308  1473.95 
2024 01 25 21 08 55.66  31.400  06.962  0046.97  00.61  07.86  283.6  009.26  30.766  1024.307  1473.97 
2024 01 25 21 08 55.91  31.397  06.958  0046.90  00.81  07.86  283.6  009.26  30.767  1024.308  1473.96 
2024 01 25 21 08 56.16  31.396  06.961  0046.78  00.77  07.86  283.6  009.26  30.762  1024.303  1473.96 
2024 01 25 21 08 56.41  31.401  06.965  0046.69  00.70  07.86  283.6  009.26  30.764  1024.303  1473.98 
2024 01 25 21 08 56.66  31.407  06.970  0046.57  00.71  07.86  283.6  009.29  30.766  1024.304  1474.00 
2024 01 25 21 08 56.91  31.405  06.969  0046.47  00.66  07.86  283.6  009.26  30.765  1024.303  1473.99 
2024 01 25 21 08 57.16  31.405  06.970  0046.37  00.68  07.86  283.6  009.26  30.764  1024.302  1473.99 
2024 01 25 21 08 57.41  31.406  06.971  0046.28  00.74  07.86  283.6  009.26  30.764  1024.301  1474.00 
2024 01 25 21 08 57.66  31.408  06.974  0046.20  00.70  07.86  283.6  009.26  30.765  1024.301  1474.01 
2024 01 25 21 08 57.91  31.407  06.975  0046.13  00.68  07.86  283.6  009.26  30.762  1024.298  1474.01 
2024 01 25 21 08 58.16  31.416  06.984  0046.01  00.78  07.86  283.6  009.26  30.764  1024.298  1474.04 
2024 01 25 21 08 58.41  31.424  06.993  0045.89  00.78  07.86  284.5  009.26  30.765  1024.297  1474.08 
2024 01 25 21 08 58.66  31.428  07.003  0045.78  00.78  07.86  284.5  009.26  30.760  1024.292  1474.11 
2024 01 25 21 08 58.91  31.426  06.996  0045.69  00.70  07.86  284.5  009.26  30.764  1024.295  1474.08 
2024 01 25 21 08 59.16  31.430  06.997  0045.58  00.72  07.86  284.5  009.26  30.767  1024.297  1474.09 
2024 01 25 21 08 59.41  31.437  07.009  0045.46  00.70  07.86  284.5  009.26  30.764  1024.292  1474.13 
2024 01 25 21 08 59.66  31.452  07.026  0045.36  00.67  07.86  284.5  009.26  30.766  1024.291  1474.20 
2024 01 25 21 08 59.91  31.450  07.022  0045.25  00.68  07.86  284.5  009.26  30.767  1024.292  1474.18 
2024 01 25 21 09 00.16  31.480  07.053  0045.09  00.73  07.86  284.5  009.26  30.772  1024.291  1474.31 
2024 01 25 21 09 00.41  31.495  07.075  0044.94  00.71  07.86  284.5  009.26  30.769  1024.285  1474.39 
2024 01 25 21 09 00.66  31.516  07.091  0044.75  00.63  07.86  284.5  009.26  30.777  1024.288  1474.46 
2024 01 25 21 09 00.91  31.512  07.094  0044.65  00.69  07.87  284.5  009.26  30.770  1024.282  1474.46 
2024 01 25 21 09 01.16  31.510  07.093  0044.53  00.72  07.87  284.5  009.26  30.769  1024.281  1474.45 
2024 01 25 21 09 01.41  31.509  07.088  0044.47  00.81  07.87  285.2  009.26  30.772  1024.284  1474.43 
2024 01 25 21 09 01.66  31.502  07.077  0044.41  00.74  07.87  285.2  009.26  30.774  1024.287  1474.39 
2024 01 25 21 09 01.91  31.509  07.090  0044.43  00.81  07.87  285.2  009.26  30.770  1024.282  1474.44 
2024 01 25 21 09 02.16  31.531  07.118  0044.43  00.79  07.87  285.2  009.26  30.769  1024.278  1474.55 
2024 01 25 21 09 02.41  31.534  07.121  0044.43  00.80  07.87  285.2  009.26  30.770  1024.277  1474.56 
2024 01 25 21 09 02.66  31.539  07.126  0044.33  00.82  07.87  285.2  009.26  30.771  1024.277  1474.58 
2024 01 25 21 09 02.91  31.541  07.127  0044.19  00.73  07.87  285.2  009.26  30.772  1024.278  1474.58 
2024 01 25 21 09 03.16  31.541  07.128  0043.99  00.75  07.87  285.2  009.26  30.770  1024.275  1474.58 
2024 01 25 21 09 03.41  31.543  07.128  0043.80  00.76  07.87  285.2  009.26  30.773  1024.276  1474.58 
2024 01 25 21 09 03.66  31.537  07.122  0043.63  00.79  07.87  285.2  009.26  30.772  1024.275  1474.55 
2024 01 25 21 09 03.91  31.531  07.124  0043.49  00.66  07.87  285.2  009.26  30.765  1024.269  1474.55 
2024 01 25 21 09 04.16  31.535  07.127  0043.43  00.68  07.87  285.2  009.26  30.766  1024.269  1474.56 
2024 01 25 21 09 04.41  31.531  07.121  0043.39  00.75  07.87  285.7  009.26  30.767  1024.271  1474.54 
2024 01 25 21 09 04.66  31.531  07.120  0043.32  00.74  07.87  285.7  009.26  30.768  1024.271  1474.54 
2024 01 25 21 09 04.91  31.528  07.116  0043.22  00.75  07.87  285.7  009.26  30.769  1024.271  1474.52 
2024 01 25 21 09 05.16  31.518  07.110  0043.06  00.72  07.87  285.7  009.26  30.763  1024.268  1474.49 
2024 01 25 21 09 05.41  31.517  07.109  0042.93  00.80  07.87  285.7  009.26  30.762  1024.266  1474.48 
2024 01 25 21 09 05.66  31.512  07.103  0042.76  00.85  07.87  285.7  009.26  30.763  1024.267  1474.45 
2024 01 25 21 09 05.91  31.510  07.103  0042.56  00.83  07.87  285.7  009.26  30.761  1024.264  1474.45 
2024 01 25 21 09 06.16  31.502  07.096  0042.37  00.77  07.87  285.7  009.26  30.759  1024.263  1474.41 
2024 01 25 21 09 06.41  31.498  07.096  0042.25  00.75  07.87  285.7  009.26  30.755  1024.259  1474.41 
2024 01 25 21 09 06.66  31.499  07.094  0042.15  00.70  07.87  285.7  009.26  30.758  1024.261  1474.40 
2024 01 25 21 09 06.91  31.498  07.096  0042.08  00.67  07.87  285.7  009.26  30.755  1024.258  1474.40 
2024 01 25 21 09 07.16  31.498  07.091  0041.99  00.76  07.87  285.7  009.26  30.759  1024.261  1474.39 
2024 01 25 21 09 07.41  31.498  07.095  0041.93  00.99  07.87  286.6  009.26  30.755  1024.258  1474.40 
2024 01 25 21 09 07.66  31.495  07.093  0041.87  00.88  07.87  286.6  009.26  30.754  1024.257  1474.39 
2024 01 25 21 09 07.91  31.498  07.094  0041.77  00.77  07.87  286.6  009.26  30.756  1024.258  1474.40 
2024 01 25 21 09 08.16  31.511  07.108  0041.61  00.75  07.87  286.6  009.26  30.758  1024.257  1474.45 
2024 01 25 21 09 08.41  31.521  07.125  0041.45  00.68  07.87  286.6  009.26  30.753  1024.250  1474.51 
2024 01 25 21 09 08.66  31.538  07.145  0041.29  00.67  07.87  286.6  009.26  30.754  1024.248  1474.58 
2024 01 25 21 09 08.91  31.533  07.145  0041.09  00.72  07.87  286.6  009.26  30.749  1024.242  1474.57 
2024 01 25 21 09 09.16  31.516  07.132  0040.87  00.73  07.87  286.6  009.26  30.742  1024.238  1474.51 
2024 01 25 21 09 09.41  31.516  07.130  0040.75  00.71  07.87  286.6  009.26  30.743  1024.239  1474.50 
2024 01 25 21 09 09.66  31.514  07.129  0040.60  00.73  07.87  286.6  009.26  30.743  1024.238  1474.50 
2024 01 25 21 09 09.91  31.515  07.131  0040.51  00.80  07.87  286.6  009.26  30.743  1024.237  1474.50 
2024 01 25 21 09 10.16  31.510  07.128  0040.36  00.81  07.87  286.6  009.26  30.740  1024.234  1474.48 
2024 01 25 21 09 10.41  31.510  07.128  0040.29  00.76  07.87  286.8  009.26  30.740  1024.234  1474.48 
2024 01 25 21 09 10.66  31.508  07.119  0040.19  00.82  07.87  286.8  009.26  30.745  1024.239  1474.45 
2024 01 25 21 09 10.91  31.498  07.117  0040.06  00.78  07.87  286.8  009.26  30.737  1024.232  1474.43 
2024 01 25 21 09 11.16  31.489  07.114  0039.96  00.76  07.87  286.8  009.26  30.729  1024.226  1474.41 
2024 01 25 21 09 11.41  31.480  07.100  0039.83  00.79  07.87  286.8  009.26  30.732  1024.229  1474.36 
2024 01 25 21 09 11.66  31.468  07.096  0039.70  00.77  07.87  286.8  009.26  30.723  1024.222  1474.33 
2024 01 25 21 09 11.91  31.447  07.079  0039.52  00.87  07.87  286.8  009.26  30.715  1024.217  1474.25 
2024 01 25 21 09 12.16  31.425  07.056  0039.39  00.79  07.87  286.8  009.26  30.712  1024.217  1474.15 
2024 01 25 21 09 12.41  31.421  07.052  0039.29  00.75  07.87  286.8  009.26  30.711  1024.217  1474.14 
2024 01 25 21 09 12.66  31.412  07.038  0039.21  00.75  07.87  286.8  009.26  30.714  1024.221  1474.08 
2024 01 25 21 09 12.91  31.402  07.030  0039.07  00.71  07.87  286.8  009.26  30.711  1024.218  1474.04 
2024 01 25 21 09 13.16  31.403  07.027  0038.98  00.73  07.87  286.8  009.26  30.715  1024.221  1474.03 
2024 01 25 21 09 13.41  31.405  07.028  0038.86  00.73  07.87  287.0  009.26  30.715  1024.221  1474.04 
2024 01 25 21 09 13.66  31.392  07.022  0038.70  00.78  07.87  287.0  009.26  30.707  1024.215  1474.00 
2024 01 25 21 09 13.91  31.401  07.036  0038.54  00.71  07.87  287.0  009.26  30.705  1024.210  1474.05 
2024 01 25 21 09 14.16  31.405  07.041  0038.38  00.81  07.87  287.0  009.26  30.704  1024.208  1474.07 
2024 01 25 21 09 14.41  31.401  07.040  0038.26  00.75  07.87  287.0  009.26  30.701  1024.205  1474.06 
2024 01 25 21 09 14.66  31.398  07.038  0038.17  00.80  07.87  287.0  009.26  30.700  1024.204  1474.05 
2024 01 25 21 09 14.91  31.397  07.036  0038.08  00.78  07.87  287.0  009.26  30.701  1024.205  1474.04 
2024 01 25 21 09 15.16  31.392  07.032  0038.02  00.74  07.87  287.0  009.26  30.698  1024.203  1474.02 
2024 01 25 21 09 15.41  31.389  07.029  0037.94  00.73  07.87  287.0  009.26  30.697  1024.203  1474.01 
2024 01 25 21 09 15.66  31.381  07.029  0037.85  00.72  07.87  287.0  009.26  30.689  1024.196  1473.99 
2024 01 25 21 09 15.91  31.373  07.023  0037.69  00.75  07.87  287.0  009.26  30.687  1024.194  1473.96 
2024 01 25 21 09 16.16  31.356  07.007  0037.51  00.76  07.87  287.0  009.26  30.682  1024.192  1473.89 
2024 01 25 21 09 16.41  31.334  06.992  0037.41  00.69  07.87  287.9  009.26  30.672  1024.185  1473.82 
2024 01 25 21 09 16.66  31.333  06.989  0037.29  00.72  07.87  287.9  009.26  30.673  1024.185  1473.81 
2024 01 25 21 09 16.91  31.325  06.980  0037.17  00.83  07.87  287.9  009.26  30.673  1024.186  1473.77 
2024 01 25 21 09 17.16  31.318  06.976  0037.05  00.77  07.87  287.9  009.26  30.669  1024.183  1473.74 
2024 01 25 21 09 17.41  31.319  06.977  0036.96  00.70  07.87  287.9  009.26  30.669  1024.183  1473.75 
2024 01 25 21 09 17.66  31.315  06.974  0036.89  00.85  07.86  287.9  009.26  30.667  1024.181  1473.74 
2024 01 25 21 09 17.91  31.306  06.967  0036.78  00.72  07.86  287.9  009.26  30.663  1024.178  1473.70 
2024 01 25 21 09 18.16  31.300  06.969  0036.63  00.79  07.87  287.9  009.26  30.655  1024.171  1473.70 
2024 01 25 21 09 18.41  31.302  06.978  0036.52  00.75  07.86  287.9  009.26  30.650  1024.165  1473.72 
2024 01 25 21 09 18.66  31.303  06.979  0036.43  00.71  07.86  287.9  009.26  30.650  1024.165  1473.72 
2024 01 25 21 09 18.91  31.303  06.981  0036.31  00.80  07.86  287.9  009.26  30.649  1024.163  1473.73 
2024 01 25 21 09 19.16  31.304  06.985  0036.23  00.75  07.86  287.9  009.26  30.646  1024.160  1473.74 
2024 01 25 21 09 19.41  31.306  06.992  0036.14  00.72  07.87  288.4  009.26  30.642  1024.156  1473.76 
2024 01 25 21 09 19.66  31.307  06.995  0036.03  00.78  07.87  288.4  009.26  30.640  1024.153  1473.77 
2024 01 25 21 09 19.91  31.307  07.001  0035.88  00.75  07.87  288.4  009.26  30.636  1024.148  1473.78 
2024 01 25 21 09 20.16  31.308  07.005  0035.75  00.74  07.86  288.4  009.26  30.632  1024.145  1473.80 
2024 01 25 21 09 20.41  31.308  07.005  0035.70  00.74  07.87  288.4  009.26  30.633  1024.145  1473.79 
2024 01 25 21 09 20.66  31.309  07.004  0035.61  00.77  07.86  288.4  009.26  30.635  1024.146  1473.79 
2024 01 25 21 09 20.91  31.309  07.006  0035.49  00.71  07.86  288.4  009.26  30.633  1024.144  1473.79 
2024 01 25 21 09 21.16  31.310  07.010  0035.36  00.76  07.86  288.4  009.26  30.631  1024.141  1473.80 
2024 01 25 21 09 21.41  31.310  07.011  0035.27  00.84  07.86  288.4  009.26  30.629  1024.139  1473.81 
2024 01 25 21 09 21.66  31.309  07.012  0035.16  00.79  07.86  288.4  009.26  30.627  1024.137  1473.81 
2024 01 25 21 09 21.91  31.310  07.014  0035.03  00.72  07.86  288.4  009.26  30.627  1024.136  1473.81 
2024 01 25 21 09 22.16  31.311  07.018  0034.96  00.76  07.86  288.4  009.26  30.625  1024.134  1473.82 
2024 01 25 21 09 22.41  31.311  07.017  0034.90  00.74  07.87  288.9  009.26  30.626  1024.134  1473.82 
2024 01 25 21 09 22.66  31.312  07.018  0034.79  00.80  07.86  288.9  009.26  30.626  1024.134  1473.82 
2024 01 25 21 09 22.91  31.314  07.023  0034.66  00.89  07.86  288.9  009.26  30.624  1024.130  1473.84 
2024 01 25 21 09 23.16  31.316  07.029  0034.53  00.92  07.86  288.9  009.26  30.621  1024.127  1473.85 
2024 01 25 21 09 23.41  31.318  07.033  0034.43  00.90  07.86  288.9  009.26  30.619  1024.124  1473.87 
2024 01 25 21 09 23.66  31.319  07.036  0034.32  00.73  07.86  288.9  009.26  30.617  1024.122  1473.87 
2024 01 25 21 09 23.91  31.319  07.040  0034.18  00.75  07.86  288.9  009.26  30.615  1024.119  1473.88 
2024 01 25 21 09 24.16  31.320  07.042  0034.07  00.83  07.86  288.9  009.26  30.614  1024.117  1473.89 
2024 01 25 21 09 24.41  31.320  07.042  0033.99  00.78  07.86  288.9  009.26  30.614  1024.117  1473.89 
2024 01 25 21 09 24.66  31.320  07.045  0033.88  00.77  07.86  288.9  009.26  30.611  1024.114  1473.89 
2024 01 25 21 09 24.91  31.323  07.045  0033.78  00.79  07.86  288.9  009.26  30.614  1024.116  1473.90 
2024 01 25 21 09 25.16  31.323  07.048  0033.69  00.81  07.86  288.9  009.26  30.612  1024.113  1473.90 
2024 01 25 21 09 25.41  31.325  07.053  0033.57  00.80  07.86  289.1  009.26  30.609  1024.110  1473.92 
2024 01 25 21 09 25.66  31.325  07.057  0033.43  00.79  07.86  289.1  009.26  30.605  1024.106  1473.93 
2024 01 25 21 09 25.91  31.328  07.062  0033.30  00.81  07.87  289.1  009.26  30.605  1024.104  1473.94 
2024 01 25 21 09 26.16  31.329  07.065  0033.21  00.79  07.87  289.1  009.26  30.603  1024.102  1473.95 
2024 01 25 21 09 26.41  31.328  07.066  0033.14  00.87  07.87  289.1  009.26  30.601  1024.100  1473.95 
2024 01 25 21 09 26.66  31.332  07.077  0033.03  00.84  07.86  289.1  009.26  30.596  1024.094  1473.99 
2024 01 25 21 09 26.91  31.333  07.079  0032.91  00.83  07.87  289.1  009.26  30.595  1024.093  1473.99 
2024 01 25 21 09 27.16  31.333  07.079  0032.77  00.88  07.87  289.1  009.26  30.595  1024.092  1473.99 
2024 01 25 21 09 27.41  31.333  07.081  0032.69  00.88  07.86  289.1  009.26  30.593  1024.090  1473.99 
2024 01 25 21 09 27.66  31.332  07.085  0032.58  00.86  07.87  289.1  009.26  30.589  1024.086  1474.00 
2024 01 25 21 09 27.91  31.334  07.090  0032.48  00.78  07.87  289.1  009.26  30.587  1024.083  1474.02 
2024 01 25 21 09 28.16  31.336  07.094  0032.37  00.77  07.87  289.1  009.26  30.585  1024.080  1474.03 
2024 01 25 21 09 28.41  31.338  07.098  0032.27  00.76  07.87  288.6  009.26  30.584  1024.078  1474.04 
2024 01 25 21 09 28.66  31.341  07.105  0032.19  00.76  07.87  288.6  009.26  30.581  1024.075  1474.06 
2024 01 25 21 09 28.91  31.345  07.110  0032.09  00.80  07.87  288.6  009.26  30.581  1024.074  1474.08 
2024 01 25 21 09 29.16  31.347  07.114  0032.00  00.90  07.87  288.6  009.26  30.580  1024.072  1474.09 
2024 01 25 21 09 29.41  31.343  07.104  0031.98  00.84  07.87  288.6  009.26  30.585  1024.077  1474.06 
2024 01 25 21 09 29.66  31.343  07.103  0031.94  00.86  07.87  288.6  009.26  30.585  1024.077  1474.06 
2024 01 25 21 09 29.91  31.348  07.114  0031.89  00.95  07.87  288.6  009.26  30.581  1024.072  1474.09 
2024 01 25 21 09 30.16  31.354  07.125  0031.78  00.86  07.87  288.6  009.26  30.578  1024.068  1474.13 
2024 01 25 21 09 30.41  31.358  07.130  0031.69  00.81  07.86  288.6  009.26  30.577  1024.066  1474.15 
2024 01 25 21 09 30.66  31.362  07.146  0031.57  00.91  07.87  288.6  009.26  30.568  1024.056  1474.20 
2024 01 25 21 09 30.91  31.365  07.159  0031.40  00.92  07.87  288.6  009.26  30.559  1024.047  1474.24 
2024 01 25 21 09 31.16  31.376  07.171  0031.24  00.92  07.87  288.6  009.26  30.561  1024.046  1474.28 
2024 01 25 21 09 31.41  31.386  07.193  0031.15  00.89  07.87  288.3  009.26  30.552  1024.036  1474.36 
2024 01 25 21 09 31.66  31.385  07.188  0031.04  00.90  07.87  288.3  009.26  30.556  1024.039  1474.34 
2024 01 25 21 09 31.91  31.405  07.220  0030.92  00.88  07.87  288.3  009.26  30.548  1024.028  1474.45 
2024 01 25 21 09 32.16  31.408  07.235  0030.86  01.03  07.87  288.3  009.26  30.539  1024.019  1474.50 
2024 01 25 21 09 32.41  31.407  07.227  0030.83  00.97  07.87  288.3  009.26  30.545  1024.024  1474.47 
2024 01 25 21 09 32.66  31.405  07.220  0030.81  00.92  07.87  288.3  009.26  30.548  1024.027  1474.45 
2024 01 25 21 09 32.91  31.424  07.255  0030.72  01.00  07.87  288.3  009.26  30.538  1024.015  1474.57 
2024 01 25 21 09 33.16  31.437  07.276  0030.59  00.95  07.87  288.3  009.26  30.534  1024.008  1474.65 
2024 01 25 21 09 33.41  31.451  07.303  0030.44  00.97  07.87  288.3  009.26  30.526  1023.997  1474.74 
2024 01 25 21 09 33.66  31.452  07.297  0030.36  00.99  07.87  288.3  009.26  30.532  1024.002  1474.72 
2024 01 25 21 09 33.91  31.453  07.304  0030.25  01.01  07.87  288.3  009.26  30.527  1023.997  1474.74 
2024 01 25 21 09 34.16  31.453  07.304  0030.19  01.02  07.87  288.3  009.26  30.527  1023.996  1474.74 
2024 01 25 21 09 34.41  31.457  07.316  0030.11  01.10  07.87  287.2  009.26  30.521  1023.990  1474.78 
2024 01 25 21 09 34.66  31.455  07.320  0030.04  01.05  07.87  287.2  009.26  30.515  1023.985  1474.79 
2024 01 25 21 09 34.91  31.455  07.323  0029.97  01.06  07.87  287.2  009.26  30.512  1023.982  1474.79 
2024 01 25 21 09 35.16  31.448  07.324  0029.87  01.08  07.87  287.2  009.26  30.504  1023.975  1474.78 
2024 01 25 21 09 35.41  31.445  07.323  0029.77  01.19  07.87  287.2  009.26  30.502  1023.972  1474.78 
2024 01 25 21 09 35.66  31.443  07.324  0029.70  01.12  07.87  287.2  009.26  30.498  1023.969  1474.77 
2024 01 25 21 09 35.91  31.443  07.321  0029.61  01.14  07.87  287.2  009.26  30.501  1023.971  1474.76 
2024 01 25 21 09 36.16  31.428  07.311  0029.55  01.15  07.87  287.2  009.26  30.494  1023.967  1474.71 
2024 01 25 21 09 36.41  31.377  07.274  0029.41  01.21  07.87  287.2  009.26  30.472  1023.955  1474.54 
2024 01 25 21 09 36.66  31.315  07.214  0029.35  01.14  07.87  287.2  009.26  30.458  1023.951  1474.29 
2024 01 25 21 09 36.91  31.311  07.210  0029.28  00.99  07.86  287.2  009.26  30.458  1023.951  1474.27 
2024 01 25 21 09 37.16  31.286  07.183  0029.20  00.95  07.86  287.2  009.26  30.454  1023.951  1474.16 
2024 01 25 21 09 37.41  31.301  07.196  0029.13  01.04  07.85  286.1  009.26  30.459  1023.953  1474.22 
2024 01 25 21 09 37.66  31.215  07.125  0029.04  01.00  07.85  286.1  009.29  30.429  1023.938  1473.90 
2024 01 25 21 09 37.91  31.206  07.129  0028.94  00.97  07.85  286.1  009.26  30.415  1023.926  1473.90 
2024 01 25 21 09 38.16  31.270  07.232  0028.82  00.91  07.85  286.1  009.26  30.394  1023.896  1474.27 
2024 01 25 21 09 38.41  31.276  07.205  0028.73  01.00  07.85  286.1  009.26  30.424  1023.922  1474.20 
2024 01 25 21 09 38.66  31.282  07.231  0028.66  01.00  07.85  286.1  009.26  30.408  1023.906  1474.28 
2024 01 25 21 09 38.91  31.261  07.212  0028.64  01.06  07.85  286.1  009.26  30.402  1023.904  1474.20 
2024 01 25 21 09 39.16  31.279  07.278  0028.58  01.09  07.85  286.1  009.26  30.364  1023.865  1474.41 
2024 01 25 21 09 39.41  31.311  07.321  0028.48  01.04  07.85  286.1  009.26  30.360  1023.855  1474.57 
2024 01 25 21 09 39.66  31.364  07.426  0028.36  01.11  07.85  286.1  009.26  30.325  1023.813  1474.93 
2024 01 25 21 09 39.91  31.358  07.403  0028.32  01.20  07.86  286.1  009.26  30.339  1023.827  1474.86 
2024 01 25 21 09 40.16  31.367  07.440  0028.22  01.27  07.86  286.1  009.26  30.316  1023.804  1474.97 
2024 01 25 21 09 40.41  31.378  07.479  0028.10  01.17  07.86  284.8  009.26  30.294  1023.781  1475.10 
2024 01 25 21 09 40.66  31.393  07.522  0027.96  01.19  07.86  284.8  009.26  30.273  1023.758  1475.23 
2024 01 25 21 09 40.91  31.395  07.519  0027.82  01.17  07.86  284.8  009.26  30.277  1023.761  1475.23 
2024 01 25 21 09 41.16  31.393  07.517  0027.73  01.17  07.86  284.8  009.26  30.277  1023.761  1475.22 
2024 01 25 21 09 41.41  31.394  07.520  0027.64  01.28  07.86  284.8  009.26  30.275  1023.759  1475.22 
2024 01 25 21 09 41.66  31.408  07.573  0027.55  01.39  07.86  284.8  009.26  30.244  1023.726  1475.39 
2024 01 25 21 09 41.91  31.447  07.651  0027.45  01.32  07.87  284.8  009.26  30.218  1023.695  1475.66 
2024 01 25 21 09 42.16  31.440  07.633  0027.45  01.35  07.87  284.8  009.26  30.225  1023.703  1475.60 
2024 01 25 21 09 42.41  31.438  07.625  0027.37  01.37  07.87  284.8  009.26  30.231  1023.708  1475.57 
2024 01 25 21 09 42.66  31.463  07.699  0027.30  01.36  07.87  284.8  009.26  30.194  1023.669  1475.81 
2024 01 25 21 09 42.91  31.479  07.723  0027.20  01.42  07.87  284.8  009.26  30.189  1023.661  1475.89 
2024 01 25 21 09 43.16  31.479  07.734  0027.09  01.43  07.87  284.8  009.26  30.180  1023.652  1475.92 
2024 01 25 21 09 43.41  31.480  07.738  0027.03  01.67  07.88  281.8  009.26  30.178  1023.650  1475.93 
2024 01 25 21 09 43.66  31.484  07.747  0026.92  01.55  07.88  281.8  009.26  30.174  1023.645  1475.96 
2024 01 25 21 09 43.91  31.488  07.760  0026.83  01.65  07.88  281.8  009.26  30.167  1023.638  1476.00 
2024 01 25 21 09 44.16  31.490  07.771  0026.75  01.64  07.88  281.8  009.26  30.160  1023.630  1476.03 
2024 01 25 21 09 44.41  31.488  07.762  0026.70  01.52  07.88  281.8  009.26  30.165  1023.635  1476.01 
2024 01 25 21 09 44.66  31.490  07.778  0026.61  01.46  07.88  281.8  009.26  30.154  1023.623  1476.05 
2024 01 25 21 09 44.91  31.492  07.789  0026.47  01.61  07.88  281.8  009.26  30.146  1023.615  1476.08 
2024 01 25 21 09 45.16  31.485  07.796  0026.33  01.55  07.88  281.8  009.26  30.133  1023.603  1476.09 
2024 01 25 21 09 45.41  31.483  07.794  0026.28  01.52  07.88  281.8  009.26  30.133  1023.604  1476.08 
2024 01 25 21 09 45.66  31.482  07.793  0026.18  01.52  07.88  281.8  009.26  30.132  1023.602  1476.08 
2024 01 25 21 09 45.91  31.476  07.795  0026.08  01.54  07.88  281.8  009.26  30.125  1023.596  1476.07 
2024 01 25 21 09 46.16  31.455  07.793  0025.99  01.57  07.88  281.8  009.26  30.104  1023.579  1476.04 
2024 01 25 21 09 46.41  31.444  07.788  0025.95  01.54  07.88  280.2  009.26  30.097  1023.575  1476.01 
2024 01 25 21 09 46.66  31.444  07.788  0025.88  01.52  07.88  280.2  009.26  30.097  1023.574  1476.01 
2024 01 25 21 09 46.91  31.420  07.779  0025.84  01.45  07.88  280.2  009.26  30.079  1023.561  1475.95 
2024 01 25 21 09 47.16  31.413  07.783  0025.78  01.45  07.88  280.2  009.26  30.069  1023.552  1475.95 
2024 01 25 21 09 47.41  31.401  07.814  0025.72  01.38  07.88  280.2  009.26  30.029  1023.516  1476.02 
2024 01 25 21 09 47.66  31.401  07.819  0025.70  01.57  07.88  280.2  009.26  30.024  1023.512  1476.04 
2024 01 25 21 09 47.91  31.412  07.856  0025.63  01.61  07.88  280.2  009.26  30.004  1023.491  1476.15 
2024 01 25 21 09 48.16  31.420  07.882  0025.52  01.49  07.88  280.2  009.26  29.991  1023.476  1476.23 
2024 01 25 21 09 48.41  31.435  07.906  0025.42  01.50  07.88  280.2  009.26  29.986  1023.469  1476.32 
2024 01 25 21 09 48.66  31.447  07.926  0025.30  01.54  07.88  280.2  009.26  29.981  1023.462  1476.39 
2024 01 25 21 09 48.91  31.479  08.014  0025.16  01.66  07.88  280.2  009.26  29.939  1023.416  1476.67 
2024 01 25 21 09 49.16  31.493  08.036  0025.08  01.67  07.88  280.2  009.26  29.936  1023.410  1476.75 
2024 01 25 21 09 49.41  31.497  08.063  0024.96  01.64  07.89  280.0  009.26  29.917  1023.391  1476.83 
2024 01 25 21 09 49.66  31.496  08.064  0024.92  01.64  07.89  280.0  009.26  29.915  1023.389  1476.83 
2024 01 25 21 09 49.91  31.506  08.092  0024.83  01.69  07.89  280.0  009.26  29.901  1023.374  1476.92 
2024 01 25 21 09 50.16  31.535  08.157  0024.71  01.81  07.89  280.0  009.26  29.877  1023.345  1477.13 
2024 01 25 21 09 50.41  31.550  08.205  0024.59  01.88  07.90  280.0  009.26  29.852  1023.318  1477.28 
2024 01 25 21 09 50.66  31.549  08.202  0024.58  01.86  07.90  280.0  009.26  29.854  1023.320  1477.27 
2024 01 25 21 09 50.91  31.545  08.188  0024.50  01.86  07.90  280.0  009.26  29.862  1023.328  1477.23 
2024 01 25 21 09 51.16  31.555  08.250  0024.45  01.84  07.90  280.0  009.26  29.819  1023.285  1477.41 
2024 01 25 21 09 51.41  31.560  08.292  0024.34  01.78  07.90  280.0  009.26  29.789  1023.255  1477.53 
2024 01 25 21 09 51.66  31.560  08.296  0024.31  01.92  07.91  280.0  009.26  29.785  1023.252  1477.54 
2024 01 25 21 09 51.91  31.560  08.260  0024.30  01.93  07.91  280.0  009.26  29.816  1023.281  1477.44 
2024 01 25 21 09 52.16  31.585  08.375  0024.26  01.92  07.91  280.0  009.26  29.745  1023.209  1477.79 
2024 01 25 21 09 52.41  31.600  08.439  0024.16  02.04  07.91  279.7  009.26  29.707  1023.169  1477.99 
2024 01 25 21 09 52.66  31.605  08.493  0024.07  02.21  07.91  279.7  009.26  29.667  1023.130  1478.14 
2024 01 25 21 09 52.91  31.639  08.622  0023.96  02.14  07.91  279.7  009.26  29.594  1023.054  1478.53 
2024 01 25 21 09 53.16  31.646  08.643  0023.90  02.18  07.92  279.7  009.26  29.583  1023.042  1478.60 
2024 01 25 21 09 53.41  31.643  08.617  0023.85  02.31  07.92  279.7  009.26  29.602  1023.060  1478.52 
2024 01 25 21 09 53.66  31.666  08.658  0023.83  02.34  07.93  279.7  009.26  29.592  1023.046  1478.66 
2024 01 25 21 09 53.91  31.657  08.647  0023.83  02.40  07.93  279.7  009.26  29.591  1023.047  1478.62 
2024 01 25 21 09 54.16  31.716  08.789  0023.72  02.35  07.93  279.7  009.26  29.533  1022.981  1479.09 
2024 01 25 21 09 54.41  31.726  08.820  0023.65  02.39  07.93  279.7  009.26  29.518  1022.964  1479.18 
2024 01 25 21 09 54.66  31.733  08.899  0023.51  02.48  07.94  279.7  009.26  29.460  1022.906  1479.40 
2024 01 25 21 09 54.91  31.734  08.915  0023.37  02.35  07.94  279.7  009.26  29.448  1022.894  1479.45 
2024 01 25 21 09 55.16  31.745  08.933  0023.20  02.45  07.94  279.7  009.26  29.444  1022.888  1479.51 
2024 01 25 21 09 55.41  31.744  08.937  0023.08  02.29  07.94  280.5  009.26  29.440  1022.883  1479.51 
2024 01 25 21 09 55.66  31.741  08.927  0023.04  02.40  07.94  280.5  009.26  29.445  1022.888  1479.49 
2024 01 25 21 09 55.91  31.744  08.933  0023.01  02.51  07.95  280.5  009.26  29.443  1022.886  1479.50 
2024 01 25 21 09 56.16  31.735  08.885  0023.00  02.46  07.95  280.5  009.26  29.473  1022.916  1479.36 
2024 01 25 21 09 56.41  31.752  08.943  0022.95  02.45  07.95  280.5  009.26  29.442  1022.883  1479.54 
2024 01 25 21 09 56.66  31.751  08.944  0022.91  02.52  07.95  280.5  009.26  29.441  1022.882  1479.54 
2024 01 25 21 09 56.91  31.754  08.955  0022.84  02.46  07.95  280.5  009.26  29.435  1022.876  1479.57 
2024 01 25 21 09 57.16  31.761  08.966  0022.69  02.53  07.95  280.5  009.26  29.433  1022.872  1479.61 
2024 01 25 21 09 57.41  31.766  08.982  0022.54  02.47  07.95  280.5  009.26  29.425  1022.862  1479.66 
2024 01 25 21 09 57.66  31.775  09.016  0022.41  02.44  07.95  280.5  009.26  29.406  1022.842  1479.76 
2024 01 25 21 09 57.91  31.771  09.025  0022.34  02.48  07.95  280.5  009.26  29.395  1022.832  1479.78 
2024 01 25 21 09 58.16  31.775  09.065  0022.25  02.47  07.96  280.5  009.26  29.366  1022.803  1479.89 
2024 01 25 21 09 58.41  31.779  09.110  0022.14  02.48  07.96  283.7  009.26  29.333  1022.770  1480.02 
2024 01 25 21 09 58.66  31.780  09.113  0022.02  02.61  07.96  283.7  009.26  29.332  1022.767  1480.03 
2024 01 25 21 09 58.91  31.782  09.117  0021.97  02.74  07.96  283.7  009.26  29.330  1022.765  1480.04 
2024 01 25 21 09 59.16  31.782  09.116  0021.92  02.68  07.96  283.7  009.26  29.332  1022.766  1480.03 
2024 01 25 21 09 59.41  31.785  09.122  0021.84  02.73  07.96  283.7  009.26  29.330  1022.764  1480.05 
2024 01 25 21 09 59.66  31.786  09.128  0021.76  02.72  07.96  283.7  009.26  29.325  1022.759  1480.07 
2024 01 25 21 09 59.91  31.786  09.132  0021.63  02.79  07.96  283.7  009.26  29.322  1022.755  1480.08 
2024 01 25 21 10 00.16  31.787  09.131  0021.54  02.77  07.96  283.7  009.26  29.324  1022.757  1480.07 
2024 01 25 21 10 00.41  31.787  09.134  0021.41  02.63  07.96  283.7  009.26  29.322  1022.754  1480.08 
2024 01 25 21 10 00.66  31.787  09.136  0021.29  02.65  07.96  283.7  009.26  29.321  1022.752  1480.08 
2024 01 25 21 10 00.91  31.790  09.138  0021.17  02.71  07.96  283.7  009.26  29.322  1022.752  1480.09 
2024 01 25 21 10 01.16  31.787  09.139  0021.09  02.73  07.96  283.7  009.26  29.318  1022.748  1480.09 
2024 01 25 21 10 01.41  31.787  09.137  0021.07  02.84  07.97  286.5  009.26  29.319  1022.750  1480.08 
2024 01 25 21 10 01.66  31.788  09.142  0021.04  02.97  07.97  286.5  009.26  29.317  1022.747  1480.10 
2024 01 25 21 10 01.91  31.787  09.140  0021.00  02.99  07.97  286.5  009.26  29.316  1022.747  1480.09 
2024 01 25 21 10 02.16  31.791  09.143  0020.91  02.76  07.97  286.5  009.26  29.318  1022.747  1480.10 
2024 01 25 21 10 02.41  31.787  09.144  0020.88  02.76  07.97  286.5  009.26  29.315  1022.744  1480.10 
2024 01 25 21 10 02.66  31.786  09.142  0020.83  02.72  07.97  286.5  009.26  29.315  1022.744  1480.09 
2024 01 25 21 10 02.91  31.787  09.143  0020.77  02.73  07.97  286.5  009.26  29.315  1022.745  1480.10 
2024 01 25 21 10 03.16  31.786  09.144  0020.77  02.74  07.97  286.5  009.26  29.313  1022.742  1480.10 
2024 01 25 21 10 03.41  31.788  09.145  0020.72  02.69  07.96  286.5  009.26  29.314  1022.743  1480.10 
2024 01 25 21 10 03.66  31.791  09.152  0020.66  02.80  07.97  286.5  009.26  29.312  1022.740  1480.12 
2024 01 25 21 10 03.91  31.787  09.159  0020.57  02.88  07.97  286.5  009.26  29.301  1022.730  1480.14 
2024 01 25 21 10 04.16  31.789  09.163  0020.45  02.90  07.97  286.5  009.26  29.301  1022.729  1480.15 
2024 01 25 21 10 04.41  31.791  09.169  0020.38  02.87  07.97  289.3  009.26  29.298  1022.725  1480.16 
2024 01 25 21 10 04.66  31.790  09.165  0020.36  02.79  07.97  289.3  009.26  29.300  1022.727  1480.15 
2024 01 25 21 10 04.91  31.792  09.168  0020.29  02.74  07.97  289.3  009.26  29.300  1022.726  1480.16 
2024 01 25 21 10 05.16  31.794  09.176  0020.21  02.77  07.97  289.3  009.26  29.295  1022.721  1480.18 
2024 01 25 21 10 05.41  31.799  09.184  0020.11  02.85  07.97  289.3  009.26  29.293  1022.718  1480.21 
2024 01 25 21 10 05.66  31.799  09.184  0020.01  02.82  07.97  289.3  009.26  29.293  1022.718  1480.21 
2024 01 25 21 10 05.91  31.798  09.183  0019.96  02.80  07.97  289.3  009.26  29.294  1022.718  1480.20 
2024 01 25 21 10 06.16  31.799  09.198  0019.91  02.78  07.97  289.3  009.26  29.282  1022.706  1480.25 
2024 01 25 21 10 06.41  31.799  09.202  0019.86  02.79  07.97  289.3  009.26  29.278  1022.702  1480.26 
2024 01 25 21 10 06.66  31.799  09.233  0019.81  02.69  07.97  289.3  009.26  29.254  1022.678  1480.34 
2024 01 25 21 10 06.91  31.797  09.229  0019.77  02.65  07.97  289.3  009.26  29.255  1022.680  1480.33 
2024 01 25 21 10 07.16  31.803  09.255  0019.68  02.94  07.97  289.3  009.26  29.240  1022.664  1480.40 
2024 01 25 21 10 07.41  31.804  09.257  0019.60  02.99  07.98  290.6  009.26  29.240  1022.663  1480.41 
2024 01 25 21 10 07.66  31.805  09.258  0019.45  02.83  07.98  290.6  009.26  29.239  1022.662  1480.41 
2024 01 25 21 10 07.91  31.803  09.257  0019.33  02.79  07.98  290.6  009.26  29.238  1022.660  1480.40 
2024 01 25 21 10 08.16  31.806  09.260  0019.21  03.13  07.97  290.6  009.26  29.239  1022.660  1480.41 
2024 01 25 21 10 08.41  31.804  09.262  0019.12  03.01  07.98  290.6  009.26  29.236  1022.657  1480.41 
2024 01 25 21 10 08.66  31.806  09.262  0018.99  02.94  07.98  290.6  009.26  29.237  1022.657  1480.41 
2024 01 25 21 10 08.91  31.804  09.265  0018.89  03.11  07.98  290.6  009.26  29.233  1022.653  1480.42 
2024 01 25 21 10 09.16  31.802  09.264  0018.83  03.30  07.98  290.6  009.26  29.232  1022.652  1480.41 
2024 01 25 21 10 09.41  31.807  09.267  0018.77  03.51  07.97  290.6  009.26  29.234  1022.653  1480.43 
2024 01 25 21 10 09.66  31.806  09.267  0018.72  03.77  07.98  290.6  009.26  29.233  1022.652  1480.42 
2024 01 25 21 10 09.91  31.808  09.268  0018.69  04.11  07.98  290.6  009.26  29.234  1022.653  1480.43 
2024 01 25 21 10 10.16  31.807  09.269  0018.69  04.07  07.98  290.6  009.26  29.233  1022.652  1480.43 
2024 01 25 21 10 10.41  31.806  09.271  0018.64  04.39  07.98  291.0  009.26  29.230  1022.648  1480.43 
2024 01 25 21 10 10.66  31.810  09.276  0018.59  04.32  07.98  291.0  009.26  29.230  1022.647  1480.45 
2024 01 25 21 10 10.91  31.808  09.285  0018.45  04.54  07.98  291.0  009.26  29.221  1022.639  1480.47 
2024 01 25 21 10 11.16  31.807  09.293  0018.34  04.72  07.98  291.0  009.29  29.214  1022.632  1480.49 
2024 01 25 21 10 11.41  31.807  09.290  0018.25  04.96  07.98  291.0  009.26  29.216  1022.633  1480.48 
2024 01 25 21 10 11.66  31.810  09.314  0018.15  05.06  07.98  291.0  009.26  29.199  1022.616  1480.55 
2024 01 25 21 10 11.91  31.806  09.348  0018.03  05.15  07.98  291.0  009.26  29.168  1022.586  1480.63 
2024 01 25 21 10 12.16  31.797  09.388  0017.92  05.28  07.98  291.0  009.26  29.126  1022.546  1480.73 
2024 01 25 21 10 12.41  31.801  09.368  0017.87  05.48  07.98  291.0  009.26  29.147  1022.565  1480.68 
2024 01 25 21 10 12.66  31.797  09.404  0017.84  05.47  07.98  291.0  009.26  29.113  1022.533  1480.77 
2024 01 25 21 10 12.91  31.795  09.399  0017.80  05.17  07.99  291.0  009.26  29.114  1022.535  1480.76 
2024 01 25 21 10 13.16  31.795  09.422  0017.75  05.01  07.99  291.0  009.26  29.097  1022.518  1480.82 
2024 01 25 21 10 13.41  31.794  09.424  0017.67  05.27  07.99  292.4  009.26  29.093  1022.515  1480.82 
2024 01 25 21 10 13.66  31.795  09.453  0017.59  05.35  07.99  292.4  009.26  29.072  1022.493  1480.90 
2024 01 25 21 10 13.91  31.796  09.463  0017.44  05.74  07.99  292.4  009.26  29.064  1022.485  1480.92 
2024 01 25 21 10 14.16  31.793  09.465  0017.30  05.62  07.99  292.4  009.26  29.059  1022.480  1480.92 
2024 01 25 21 10 14.41  31.794  09.464  0017.23  05.56  07.99  292.4  009.26  29.061  1022.481  1480.92 
2024 01 25 21 10 14.66  31.795  09.467  0017.14  06.08  07.99  292.4  009.26  29.059  1022.479  1480.93 
2024 01 25 21 10 14.91  31.790  09.464  0017.07  05.96  07.99  292.4  009.26  29.057  1022.477  1480.91 
2024 01 25 21 10 15.16  31.791  09.466  0016.98  05.90  07.99  292.4  009.26  29.056  1022.476  1480.92 
2024 01 25 21 10 15.41  31.789  09.467  0016.92  05.85  07.99  292.4  009.26  29.054  1022.474  1480.92 
2024 01 25 21 10 15.66  31.787  09.467  0016.89  05.70  07.99  292.4  009.26  29.053  1022.473  1480.91 
2024 01 25 21 10 15.91  31.788  09.466  0016.77  05.82  07.99  292.4  009.26  29.054  1022.473  1480.91 
2024 01 25 21 10 16.16  31.791  09.468  0016.62  06.05  07.99  292.4  009.26  29.055  1022.473  1480.92 
2024 01 25 21 10 16.41  31.790  09.467  0016.49  06.17  07.99  292.8  009.26  29.055  1022.473  1480.91 
2024 01 25 21 10 16.66  31.788  09.467  0016.38  06.45  07.99  292.8  009.26  29.054  1022.471  1480.91 
2024 01 25 21 10 16.91  31.786  09.465  0016.28  06.38  07.99  292.8  009.26  29.052  1022.470  1480.90 
2024 01 25 21 10 17.16  31.786  09.469  0016.19  06.27  07.99  292.8  009.26  29.049  1022.466  1480.91 
2024 01 25 21 10 17.41  31.784  09.471  0016.12  06.25  07.99  292.8  009.26  29.046  1022.463  1480.91 
2024 01 25 21 10 17.66  31.783  09.472  0016.09  06.51  07.99  292.8  009.26  29.044  1022.462  1480.91 
2024 01 25 21 10 17.91  31.779  09.479  0016.03  06.46  07.99  292.8  009.26  29.035  1022.453  1480.92 
2024 01 25 21 10 18.16  31.780  09.478  0016.01  06.68  07.99  292.8  009.23  29.037  1022.454  1480.92 
2024 01 25 21 10 18.41  31.776  09.484  0016.00  06.92  07.99  292.8  009.26  29.028  1022.446  1480.94 
2024 01 25 21 10 18.66  31.771  09.495  0015.88  06.94  08.00  292.8  009.26  29.014  1022.434  1480.96 
2024 01 25 21 10 18.91  31.764  09.509  0015.76  06.78  08.00  292.8  009.26  28.995  1022.416  1480.98 
2024 01 25 21 10 19.16  31.763  09.519  0015.68  07.18  08.00  292.8  009.26  28.987  1022.408  1481.01 
2024 01 25 21 10 19.41  31.756  09.547  0015.52  07.64  08.00  294.7  009.26  28.957  1022.380  1481.07 
2024 01 25 21 10 19.66  31.755  09.552  0015.43  07.93  08.00  294.7  009.26  28.951  1022.374  1481.08 
2024 01 25 21 10 19.91  31.760  09.560  0015.34  08.16  08.00  294.7  009.26  28.951  1022.372  1481.11 
2024 01 25 21 10 20.16  31.757  09.556  0015.28  08.45  08.00  294.7  009.26  28.950  1022.372  1481.10 
2024 01 25 21 10 20.41  31.763  09.563  0015.22  08.34  08.00  294.7  009.26  28.951  1022.371  1481.12 
2024 01 25 21 10 20.66  31.762  09.566  0015.09  08.66  08.00  294.7  009.26  28.948  1022.367  1481.12 
2024 01 25 21 10 20.91  31.754  09.583  0014.96  09.18  08.00  294.7  009.26  28.926  1022.347  1481.16 
2024 01 25 21 10 21.16  31.743  09.589  0014.84  09.18  08.00  294.7  009.26  28.910  1022.333  1481.16 
2024 01 25 21 10 21.41  31.730  09.603  0014.72  09.18  08.00  294.7  009.26  28.886  1022.312  1481.18 
2024 01 25 21 10 21.66  31.725  09.604  0014.60  09.54  08.00  294.7  009.26  28.881  1022.307  1481.17 
2024 01 25 21 10 21.91  31.717  09.621  0014.51  10.03  08.00  294.7  009.26  28.858  1022.286  1481.21 
2024 01 25 21 10 22.16  31.717  09.618  0014.47  10.26  08.00  294.7  009.26  28.860  1022.288  1481.20 
2024 01 25 21 10 22.41  31.713  09.642  0014.42  10.74  08.00  295.3  009.26  28.838  1022.267  1481.26 
2024 01 25 21 10 22.66  31.711  09.643  0014.36  10.67  08.01  295.3  009.26  28.835  1022.264  1481.26 
2024 01 25 21 10 22.91  31.716  09.660  0014.27  11.86  08.00  295.3  009.26  28.826  1022.254  1481.31 
2024 01 25 21 10 23.16  31.719  09.662  0014.17  11.79  08.01  295.3  009.26  28.827  1022.254  1481.32 
2024 01 25 21 10 23.41  31.719  09.664  0014.12  12.07  08.01  295.3  009.26  28.826  1022.253  1481.32 
2024 01 25 21 10 23.66  31.716  09.666  0014.02  12.39  08.01  295.3  009.26  28.821  1022.248  1481.32 
2024 01 25 21 10 23.91  31.709  09.680  0013.91  11.88  08.01  295.3  009.26  28.804  1022.232  1481.35 
2024 01 25 21 10 24.16  31.709  09.687  0013.82  12.03  08.01  295.3  009.26  28.797  1022.225  1481.37 
2024 01 25 21 10 24.41  31.706  09.693  0013.73  12.84  08.00  295.3  009.26  28.790  1022.219  1481.38 
2024 01 25 21 10 24.66  31.704  09.703  0013.63  12.84  08.01  295.3  009.26  28.780  1022.208  1481.40 
2024 01 25 21 10 24.91  31.700  09.711  0013.53  12.64  08.01  295.3  009.26  28.769  1022.199  1481.42 
2024 01 25 21 10 25.16  31.678  09.730  0013.39  12.61  08.01  295.3  009.26  28.732  1022.166  1481.44 
2024 01 25 21 10 25.41  31.674  09.734  0013.30  12.88  08.01  296.4  009.26  28.725  1022.159  1481.44 
2024 01 25 21 10 25.66  31.646  09.767  0013.22  12.93  08.01  296.4  009.26  28.671  1022.112  1481.50 
2024 01 25 21 10 25.91  31.646  09.787  0013.11  13.53  08.01  296.4  009.26  28.656  1022.096  1481.55 
2024 01 25 21 10 26.16  31.645  09.816  0013.02  13.34  08.01  296.4  009.26  28.631  1022.072  1481.63 
2024 01 25 21 10 26.41  31.643  09.810  0012.95  13.57  08.01  296.4  009.26  28.634  1022.075  1481.61 
2024 01 25 21 10 26.66  31.646  09.830  0012.85  13.92  08.02  296.4  009.26  28.622  1022.062  1481.66 
2024 01 25 21 10 26.91  31.649  09.831  0012.74  14.19  08.02  296.4  009.26  28.623  1022.062  1481.67 
2024 01 25 21 10 27.16  31.651  09.835  0012.63  14.15  08.02  296.4  009.26  28.623  1022.061  1481.68 
2024 01 25 21 10 27.41  31.651  09.833  0012.61  14.58  08.01  296.4  009.26  28.624  1022.062  1481.67 
2024 01 25 21 10 27.66  31.650  09.834  0012.54  14.52  08.02  296.4  009.26  28.623  1022.061  1481.67 
2024 01 25 21 10 27.91  31.652  09.835  0012.49  14.10  08.02  296.4  009.26  28.623  1022.061  1481.68 
2024 01 25 21 10 28.16  31.654  09.840  0012.44  14.11  08.02  296.4  009.26  28.621  1022.058  1481.69 
2024 01 25 21 10 28.41  31.652  09.840  0012.37  14.33  08.02  297.9  009.26  28.619  1022.057  1481.69 
2024 01 25 21 10 28.66  31.650  09.839  0012.28  14.37  08.02  297.9  009.26  28.618  1022.055  1481.68 
2024 01 25 21 10 28.91  31.644  09.844  0012.14  14.05  08.02  297.9  009.26  28.608  1022.046  1481.69 
2024 01 25 21 10 29.16  31.639  09.845  0012.01  13.75  08.02  297.9  009.26  28.603  1022.041  1481.68 
2024 01 25 21 10 29.41  31.639  09.848  0011.89  14.10  08.02  297.9  009.26  28.600  1022.038  1481.69 
2024 01 25 21 10 29.66  31.638  09.847  0011.82  13.63  08.02  297.9  009.26  28.600  1022.038  1481.68 
2024 01 25 21 10 29.91  31.640  09.847  0011.76  13.48  08.02  297.9  009.26  28.602  1022.039  1481.69 
2024 01 25 21 10 30.16  31.637  09.850  0011.70  12.55  08.02  297.9  009.26  28.596  1022.034  1481.69 
2024 01 25 21 10 30.41  31.639  09.852  0011.65  12.01  08.02  297.9  009.26  28.596  1022.033  1481.70 
2024 01 25 21 10 30.66  31.638  09.853  0011.62  12.00  08.02  297.9  009.26  28.595  1022.032  1481.70 
2024 01 25 21 10 30.91  31.635  09.855  0011.56  12.73  08.02  297.9  009.26  28.591  1022.028  1481.70 
2024 01 25 21 10 31.16  31.634  09.855  0011.52  12.78  08.02  297.9  009.26  28.590  1022.027  1481.70 
2024 01 25 21 10 31.41  31.627  09.858  0011.47  12.79  08.02  299.8  009.26  28.580  1022.019  1481.70 
2024 01 25 21 10 31.66  31.624  09.862  0011.41  12.90  08.02  299.8  009.26  28.575  1022.014  1481.70 
2024 01 25 21 10 31.91  31.615  09.865  0011.30  12.56  08.02  299.8  009.26  28.563  1022.004  1481.70 
2024 01 25 21 10 32.16  31.604  09.868  0011.25  12.20  08.02  299.8  009.26  28.550  1021.992  1481.69 
2024 01 25 21 10 32.41  31.599  09.870  0011.17  11.71  08.02  299.8  009.26  28.543  1021.986  1481.69 
2024 01 25 21 10 32.66  31.592  09.877  0011.10  12.03  08.02  299.8  009.26  28.530  1021.975  1481.70 
2024 01 25 21 10 32.91  31.588  09.881  0011.01  11.76  08.02  299.8  009.26  28.523  1021.969  1481.70 
2024 01 25 21 10 33.16  31.587  09.886  0010.91  11.42  08.03  299.8  009.26  28.518  1021.964  1481.71 
2024 01 25 21 10 33.41  31.586  09.883  0010.89  11.67  08.02  299.8  009.26  28.520  1021.965  1481.70 
2024 01 25 21 10 33.66  31.587  09.890  0010.85  12.32  08.03  299.8  009.26  28.515  1021.960  1481.72 
2024 01 25 21 10 33.91  31.588  09.892  0010.75  12.16  08.03  299.8  009.26  28.515  1021.959  1481.73 
2024 01 25 21 10 34.16  31.587  09.896  0010.63  12.07  08.03  299.8  009.26  28.511  1021.955  1481.73 
2024 01 25 21 10 34.41  31.583  09.896  0010.52  11.53  08.03  301.2  009.26  28.507  1021.952  1481.73 
2024 01 25 21 10 34.66  31.582  09.894  0010.46  11.47  08.03  301.2  009.26  28.507  1021.952  1481.72 
2024 01 25 21 10 34.91  31.575  09.896  0010.39  12.51  08.03  301.2  009.26  28.498  1021.944  1481.72 
2024 01 25 21 10 35.16  31.572  09.896  0010.33  11.93  08.03  301.2  009.26  28.495  1021.942  1481.71 
2024 01 25 21 10 35.41  31.568  09.908  0010.25  12.00  08.03  301.2  009.26  28.483  1021.930  1481.74 
2024 01 25 21 10 35.66  31.564  09.909  0010.22  12.03  08.03  301.2  009.26  28.478  1021.926  1481.74 
2024 01 25 21 10 35.91  31.568  09.909  0010.23  12.29  08.03  301.2  009.26  28.482  1021.929  1481.74 
2024 01 25 21 10 36.16  31.566  09.919  0010.25  12.05  08.03  301.2  009.26  28.471  1021.919  1481.77 
2024 01 25 21 10 36.41  31.568  09.920  0010.18  11.84  08.03  301.2  009.26  28.472  1021.919  1481.77 
2024 01 25 21 10 36.66  31.570  09.926  0010.10  12.28  08.03  301.2  009.26  28.470  1021.916  1481.79 
2024 01 25 21 10 36.91  31.569  09.936  0010.04  12.60  08.03  301.2  009.26  28.461  1021.908  1481.82 
2024 01 25 21 10 37.16  31.568  09.937  0009.97  12.45  08.03  301.2  009.26  28.460  1021.906  1481.81 
2024 01 25 21 10 37.41  31.570  09.944  0009.89  12.43  08.03  302.8  009.26  28.456  1021.902  1481.83 
2024 01 25 21 10 37.66  31.568  09.947  0009.77  12.55  08.03  302.8  009.26  28.451  1021.897  1481.84 
2024 01 25 21 10 37.91  31.572  09.956  0009.69  12.51  08.03  302.8  009.26  28.450  1021.894  1481.87 
2024 01 25 21 10 38.16  31.572  09.953  0009.61  12.80  08.03  302.8  009.26  28.451  1021.895  1481.86 
2024 01 25 21 10 38.41  31.572  09.957  0009.54  12.10  08.03  302.8  009.26  28.448  1021.892  1481.87 
2024 01 25 21 10 38.66  31.570  09.958  0009.48  11.62  08.03  302.8  009.26  28.446  1021.890  1481.86 
2024 01 25 21 10 38.91  31.572  09.959  0009.37  11.84  08.03  302.8  009.26  28.447  1021.890  1481.87 
2024 01 25 21 10 39.16  31.573  09.962  0009.31  12.05  08.03  302.8  009.26  28.446  1021.888  1481.88 
2024 01 25 21 10 39.41  31.566  09.964  0009.19  12.43  08.03  302.8  009.26  28.437  1021.880  1481.87 
2024 01 25 21 10 39.66  31.559  09.966  0009.10  13.17  08.04  302.8  009.26  28.428  1021.873  1481.87 
2024 01 25 21 10 39.91  31.561  09.968  0008.96  12.50  08.04  302.8  009.26  28.428  1021.872  1481.87 
2024 01 25 21 10 40.16  31.561  09.969  0008.86  12.75  08.04  302.8  009.26  28.428  1021.871  1481.88 
2024 01 25 21 10 40.41  31.559  09.968  0008.79  12.60  08.04  303.8  009.26  28.426  1021.870  1481.87 
2024 01 25 21 10 40.66  31.558  09.969  0008.73  12.17  08.04  303.8  009.26  28.425  1021.869  1481.87 
2024 01 25 21 10 40.91  31.561  09.971  0008.66  11.75  08.04  303.8  009.26  28.426  1021.869  1481.88 
2024 01 25 21 10 41.16  31.561  09.970  0008.58  11.24  08.04  303.8  009.26  28.427  1021.869  1481.87 
2024 01 25 21 10 41.41  31.561  09.971  0008.53  11.79  08.04  303.8  009.26  28.426  1021.868  1481.87 
2024 01 25 21 10 41.66  31.560  09.971  0008.49  11.84  08.04  303.8  009.26  28.426  1021.867  1481.87 
2024 01 25 21 10 41.91  31.562  09.970  0008.46  11.22  08.04  303.8  009.26  28.428  1021.869  1481.87 
2024 01 25 21 10 42.16  31.557  09.968  0008.39  11.12  08.04  303.8  009.26  28.425  1021.867  1481.86 
2024 01 25 21 10 42.41  31.554  09.967  0008.29  11.75  08.04  303.8  009.26  28.423  1021.865  1481.85 
2024 01 25 21 10 42.66  31.552  09.966  0008.18  12.69  08.04  303.8  009.26  28.421  1021.863  1481.85 
2024 01 25 21 10 42.91  31.542  09.964  0008.04  13.34  08.04  303.8  009.26  28.414  1021.857  1481.83 
2024 01 25 21 10 43.16  31.532  09.964  0007.99  13.64  08.04  303.8  009.26  28.403  1021.849  1481.81 
2024 01 25 21 10 43.41  31.519  09.957  0007.92  13.37  08.04  305.2  009.26  28.396  1021.843  1481.78 
2024 01 25 21 10 43.66  31.489  09.950  0007.80  13.48  08.04  305.2  009.26  28.372  1021.825  1481.72 
2024 01 25 21 10 43.91  31.475  09.949  0007.73  13.83  08.04  305.2  009.26  28.359  1021.815  1481.70 
2024 01 25 21 10 44.16  31.483  09.951  0007.72  14.09  08.04  305.2  009.26  28.365  1021.820  1481.72 
2024 01 25 21 10 44.41  31.491  09.956  0007.77  14.98  08.04  305.2  009.26  28.369  1021.822  1481.74 
2024 01 25 21 10 44.66  31.489  09.962  0007.78  15.46  08.05  305.2  009.26  28.362  1021.816  1481.75 
2024 01 25 21 10 44.91  31.467  09.965  0007.74  15.14  08.05  305.2  009.26  28.339  1021.797  1481.73 
2024 01 25 21 10 45.16  31.473  09.980  0007.64  14.79  08.05  305.2  009.26  28.332  1021.789  1481.78 
2024 01 25 21 10 45.41  31.481  09.996  0007.54  14.91  08.04  305.2  009.26  28.327  1021.782  1481.83 
2024 01 25 21 10 45.66  31.482  10.014  0007.43  15.47  08.05  305.2  009.26  28.315  1021.769  1481.88 
2024 01 25 21 10 45.91  31.475  10.016  0007.39  15.58  08.05  305.2  009.26  28.305  1021.761  1481.88 
2024 01 25 21 10 46.16  31.465  10.014  0007.33  14.85  08.05  305.2  009.26  28.298  1021.755  1481.86 
2024 01 25 21 10 46.41  31.444  10.011  0007.27  14.44  08.05  307.0  009.26  28.279  1021.741  1481.82 
2024 01 25 21 10 46.66  31.426  10.012  0007.26  14.12  08.05  307.0  009.26  28.261  1021.727  1481.80 
2024 01 25 21 10 46.91  31.418  10.015  0007.24  14.05  08.05  307.0  009.26  28.250  1021.718  1481.80 
2024 01 25 21 10 47.16  31.414  10.030  0007.20  13.96  08.05  307.0  009.26  28.234  1021.703  1481.84 
2024 01 25 21 10 47.41  31.411  10.058  0007.10  14.37  08.05  307.0  009.26  28.210  1021.679  1481.91 
2024 01 25 21 10 47.66  31.416  10.070  0006.93  14.57  08.05  307.0  009.26  28.205  1021.673  1481.94 
2024 01 25 21 10 47.91  31.424  10.088  0006.80  13.72  08.05  307.0  009.26  28.199  1021.664  1482.00 
2024 01 25 21 10 48.16  31.421  10.094  0006.65  13.52  08.05  307.0  009.26  28.192  1021.658  1482.01 
2024 01 25 21 10 48.41  31.416  10.094  0006.55  13.22  08.05  307.0  009.26  28.187  1021.653  1482.00 
2024 01 25 21 10 48.66  31.414  10.093  0006.45  12.89  08.06  307.0  009.26  28.186  1021.652  1482.00 
2024 01 25 21 10 48.91  31.415  10.098  0006.39  12.85  08.06  307.0  009.26  28.183  1021.649  1482.01 
2024 01 25 21 10 49.16  31.412  10.098  0006.34  12.52  08.06  307.0  009.26  28.180  1021.646  1482.00 
2024 01 25 21 10 49.41  31.414  10.099  0006.28  12.59  08.06  309.1  009.26  28.181  1021.647  1482.01 
2024 01 25 21 10 49.66  31.412  10.100  0006.24  12.73  08.06  309.1  009.26  28.179  1021.645  1482.01 
2024 01 25 21 10 49.91  31.413  10.100  0006.12  12.40  08.06  309.1  009.26  28.180  1021.645  1482.01 
2024 01 25 21 10 50.16  31.409  10.100  0006.02  12.51  08.06  309.1  009.26  28.176  1021.641  1482.00 
2024 01 25 21 10 50.41  31.410  10.101  0005.90  12.58  08.06  309.1  009.26  28.176  1021.641  1482.00 
2024 01 25 21 10 50.66  31.408  10.107  0005.83  12.66  08.06  309.1  009.26  28.170  1021.634  1482.02 
2024 01 25 21 10 50.91  31.408  10.107  0005.75  12.80  08.06  309.1  009.26  28.170  1021.634  1482.02 
2024 01 25 21 10 51.16  31.404  10.106  0005.67  12.39  08.06  309.1  009.26  28.166  1021.631  1482.01 
2024 01 25 21 10 51.41  31.399  10.106  0005.63  12.58  08.05  309.1  009.26  28.161  1021.627  1482.00 
2024 01 25 21 10 51.66  31.398  10.110  0005.60  12.92  08.06  309.1  009.26  28.158  1021.624  1482.01 
2024 01 25 21 10 51.91  31.397  10.117  0005.51  12.76  08.06  309.1  009.26  28.151  1021.617  1482.03 
2024 01 25 21 10 52.16  31.391  10.125  0005.43  12.22  08.06  309.1  009.26  28.139  1021.606  1482.04 
2024 01 25 21 10 52.41  31.385  10.127  0005.34  11.71  08.06  310.2  009.26  28.132  1021.599  1482.04 
2024 01 25 21 10 52.66  31.387  10.124  0005.32  11.12  08.06  310.2  009.26  28.135  1021.602  1482.03 
2024 01 25 21 10 52.91  31.360  10.124  0005.27  11.01  08.06  310.2  009.26  28.108  1021.581  1482.00 
2024 01 25 21 10 53.16  31.323  10.119  0005.18  10.82  08.06  310.2  009.26  28.076  1021.557  1481.94 
2024 01 25 21 10 53.41  31.288  10.114  0005.08  09.95  08.06  310.2  009.26  28.045  1021.533  1481.88 
2024 01 25 21 10 53.66  31.256  10.113  0004.99  09.90  08.06  310.2  009.26  28.014  1021.509  1481.84 
2024 01 25 21 10 53.91  31.256  10.116  0004.88  10.38  08.06  310.2  009.26  28.013  1021.506  1481.84 
2024 01 25 21 10 54.16  31.230  10.125  0004.81  10.17  08.06  310.2  009.26  27.980  1021.479  1481.84 
2024 01 25 21 10 54.41  31.223  10.128  0004.71  09.83  08.06  310.2  009.26  27.970  1021.470  1481.84 
2024 01 25 21 10 54.66  31.213  10.136  0004.65  09.93  08.06  310.2  009.26  27.954  1021.456  1481.84 
2024 01 25 21 10 54.91  31.209  10.141  0004.57  09.98  08.06  310.2  009.26  27.946  1021.449  1481.85 
2024 01 25 21 10 55.16  31.198  10.156  0004.48  09.65  08.06  310.2  009.26  27.924  1021.429  1481.88 
2024 01 25 21 10 55.41  31.196  10.156  0004.38  10.01  08.06  311.3  009.26  27.922  1021.427  1481.87 
2024 01 25 21 10 55.66  31.191  10.166  0004.30  10.28  08.06  311.3  009.26  27.909  1021.415  1481.89 
2024 01 25 21 10 55.91  31.191  10.166  0004.21  10.26  08.06  311.3  009.26  27.910  1021.415  1481.89 
2024 01 25 21 10 56.16  31.192  10.177  0004.15  09.99  08.06  311.3  009.26  27.902  1021.407  1481.92 
2024 01 25 21 10 56.41  31.192  10.179  0004.06  10.24  08.06  311.3  009.26  27.901  1021.406  1481.92 
2024 01 25 21 10 56.66  31.195  10.187  0003.96  10.32  08.06  311.3  009.26  27.897  1021.401  1481.95 
2024 01 25 21 10 56.91  31.194  10.187  0003.88  10.44  08.06  311.3  009.26  27.897  1021.400  1481.95 
2024 01 25 21 10 57.16  31.199  10.195  0003.81  10.08  08.06  311.3  009.26  27.895  1021.397  1481.97 
2024 01 25 21 10 57.41  31.201  10.198  0003.71  10.03  08.06  311.3  009.26  27.895  1021.396  1481.98 
2024 01 25 21 10 57.66  31.200  10.199  0003.62  09.90  08.06  311.3  009.26  27.893  1021.394  1481.98 
2024 01 25 21 10 57.91  31.200  10.199  0003.55  10.16  08.06  311.3  009.26  27.893  1021.394  1481.98 
2024 01 25 21 10 58.16  31.198  10.199  0003.46  09.52  08.06  311.3  009.26  27.892  1021.393  1481.98 
2024 01 25 21 10 58.41  31.195  10.197  0003.35  09.25  08.06  311.9  009.26  27.890  1021.391  1481.97 
2024 01 25 21 10 58.66  31.199  10.221  0003.22  08.81  08.06  311.9  009.26  27.876  1021.376  1482.03 
2024 01 25 21 10 58.91  31.202  10.232  0003.13  08.34  08.06  311.9  009.26  27.871  1021.370  1482.07 
2024 01 25 21 10 59.16  31.194  10.249  0003.03  07.81  08.06  311.9  009.26  27.848  1021.349  1482.10 
2024 01 25 21 10 59.41  31.168  10.272  0002.97  07.24  08.06  311.9  009.26  27.806  1021.312  1482.13 
2024 01 25 21 10 59.66  31.152  10.280  0002.89  07.02  08.06  311.9  009.26  27.784  1021.294  1482.13 
2024 01 25 21 10 59.91  31.124  10.288  0002.84  07.04  08.06  311.9  009.26  27.751  1021.266  1482.12 
2024 01 25 21 11 00.16  31.103  10.285  0002.78  06.93  08.06  311.9  009.26  27.732  1021.251  1482.09 
2024 01 25 21 11 00.41  30.998  10.285  0002.70  06.81  08.06  311.9  009.26  27.628  1021.171  1481.96 
2024 01 25 21 11 00.66  30.968  10.297  0002.57  06.56  08.06  311.9  009.26  27.590  1021.138  1481.96 
2024 01 25 21 11 00.91  30.936  10.313  0002.43  06.39  08.07  311.9  009.26  27.546  1021.101  1481.96 
2024 01 25 21 11 01.16  30.881  10.335  0002.34  06.46  08.07  311.9  009.26  27.475  1021.042  1481.95 
2024 01 25 21 11 01.41  30.765  10.400  0002.28  06.38  08.07  312.2  009.26  27.312  1020.905  1481.99 
2024 01 25 21 11 01.66  30.721  10.413  0002.16  06.32  08.07  312.2  009.26  27.260  1020.861  1481.97 
2024 01 25 21 11 01.91  30.590  10.472  0002.07  06.24  08.07  312.2  009.26  27.088  1020.718  1481.98 
2024 01 25 21 11 02.16  30.598  10.458  0001.98  06.13  08.07  312.2  009.26  27.107  1020.734  1481.95 
2024 01 25 21 11 02.41  30.395  10.544  0001.88  06.25  08.07  312.2  009.26  26.845  1020.516  1481.94 
2024 01 25 21 11 02.66  30.350  10.551  0001.81  05.94  08.07  312.2  009.26  26.795  1020.477  1481.91 
2024 01 25 21 11 02.91  30.261  10.599  0001.72  05.94  08.07  312.2  009.26  26.673  1020.374  1481.93 
2024 01 25 21 11 03.16  30.194  10.625  0001.64  05.68  08.07  312.2  009.26  26.590  1020.304  1481.92 
2024 01 25 21 11 03.41  30.070  10.650  0001.56  05.56  08.07  312.2  009.26  26.451  1020.192  1481.85 
2024 01 25 21 11 03.66  30.067  10.649  0001.49  05.43  08.07  312.2  009.26  26.448  1020.190  1481.84 
2024 01 25 21 11 03.91  30.053  10.657  0001.40  05.48  08.07  312.2  009.26  26.430  1020.174  1481.84 
2024 01 25 21 11 04.16  29.995  10.668  0001.32  05.43  08.07  312.2  009.26  26.366  1020.122  1481.80 
2024 01 25 21 11 04.41  29.887  10.698  0001.19  05.42  08.07  311.6  009.26  26.239  1020.018  1481.76 
2024 01 25 21 11 04.66  29.849  10.706  0001.13  05.28  08.07  311.6  009.26  26.197  1019.984  1481.74 
2024 01 25 21 11 04.91  29.876  10.700  0001.08  05.36  08.07  311.6  009.26  26.227  1020.007  1481.75 
2024 01 25 21 11 05.16  29.872  10.702  0001.08  05.33  08.07  311.6  009.26  26.222  1020.004  1481.75 
2024 01 25 21 11 05.41  29.853  10.708  0001.10  05.20  08.07  311.6  009.26  26.199  1019.985  1481.75 
2024 01 25 21 11 05.66  29.840  10.711  0001.11  05.21  08.07  311.6  009.26  26.184  1019.973  1481.74 
2024 01 25 21 11 05.91  29.825  10.712  0001.09  05.34  08.07  311.6  009.26  26.169  1019.961  1481.73 
2024 01 25 21 11 06.16  29.819  10.714  0001.11  05.44  08.07  311.6  009.26  26.162  1019.955  1481.73 
2024 01 25 21 11 06.41  29.817  10.721  0001.11  05.42  08.07  311.6  009.26  26.156  1019.949  1481.74 
2024 01 25 21 11 06.66  29.813  10.722  0001.15  05.42  08.07  311.6  009.26  26.150  1019.945  1481.74 
2024 01 25 21 11 06.91  29.805  10.721  0001.14  05.32  08.07  311.6  009.26  26.144  1019.940  1481.73 
2024 01 25 21 11 07.16  29.799  10.724  0001.14  05.55  08.07  311.6  009.26  26.136  1019.933  1481.73 
2024 01 25 21 11 07.41  29.787  10.723  0001.17  05.38  08.07  308.7  009.26  26.125  1019.925  1481.71 
2024 01 25 21 11 07.66  29.779  10.727  0001.17  05.27  08.07  308.7  009.26  26.114  1019.916  1481.71 
2024 01 25 21 11 07.91  29.768  10.727  0001.15  05.21  08.07  308.7  009.26  26.103  1019.908  1481.70 
2024 01 25 21 11 08.16  29.761  10.728  0001.12  05.26  08.07  308.7  009.26  26.096  1019.902  1481.69 
2024 01 25 21 11 08.41  29.761  10.727  0001.11  05.39  08.07  308.7  009.26  26.097  1019.903  1481.69 
2024 01 25 21 11 08.66  29.758  10.726  0001.09  05.59  08.07  308.7  009.29  26.094  1019.901  1481.68 
2024 01 25 21 11 08.91  29.759  10.727  0001.09  05.60  08.07  308.7  009.26  26.095  1019.901  1481.69 
2024 01 25 21 11 09.16  29.769  10.727  0001.10  05.37  08.07  308.7  009.26  26.104  1019.908  1481.70 
2024 01 25 21 11 09.41  29.775  10.724  0001.08  05.27  08.07  308.7  009.26  26.113  1019.915  1481.70 
2024 01 25 21 11 09.66  29.774  10.722  0001.05  05.22  08.07  308.7  009.26  26.112  1019.915  1481.69 
2024 01 25 21 11 09.91  29.774  10.723  0001.05  05.12  08.07  308.7  009.26  26.112  1019.915  1481.70 
2024 01 25 21 11 10.16  29.778  10.725  0001.06  05.22  08.07  308.7  009.26  26.115  1019.917  1481.71 
2024 01 25 21 11 10.41  29.774  10.724  0001.07  05.36  08.07  308.3  009.26  26.111  1019.914  1481.70 
2024 01 25 21 11 10.66  29.763  10.729  0001.04  05.57  08.07  308.3  009.26  26.097  1019.902  1481.70 
2024 01 25 21 11 10.91  29.751  10.729  0000.96  05.38  08.07  308.3  009.26  26.085  1019.893  1481.68 
2024 01 25 21 11 11.16  29.744  10.730  0000.79  05.25  08.07  308.3  009.26  26.078  1019.886  1481.68 
2024 01 25 21 11 11.41  29.736  10.731  0000.66  05.39  08.06  308.3  009.26  26.070  1019.879  1481.67 
2024 01 25 21 11 11.66  29.734  10.732  0000.50  05.32  08.07  308.3  009.26  26.067  1019.876  1481.66 
2024 01 25 21 11 11.91  29.731  10.732  0000.39  05.19  08.07  308.3  009.26  26.064  1019.873  1481.66 
2024 01 25 21 11 12.16  29.729  10.731  0000.28  05.27  08.07  308.3  009.26  26.063  1019.872  1481.65 
2024 01 25 21 11 12.41  29.732  10.731  0000.26  05.22  08.07  308.3  009.26  26.066  1019.874  1481.66 
2024 01 25 21 11 12.66  29.730  10.733  0000.22  05.19  08.07  308.3  009.26  26.063  1019.871  1481.66 
2024 01 25 21 11 12.91  29.728  10.733  0000.20  05.10  08.07  308.3  009.26  26.061  1019.870  1481.66 
2024 01 25 21 11 13.16  29.727  10.732  0000.11  05.14  08.07  308.3  009.26  26.061  1019.869  1481.65 
2024 01 25 21 11 13.41  29.724  10.731  0000.02  05.16  08.07  307.7  009.26  26.059  1019.867  1481.64 
2024 01 25 21 11 13.66  17.102  10.725  0000.01  05.03  08.07  307.7  009.26  14.233  1010.695  1467.42 
2024 01 25 21 11 13.91  01.864  10.711  0000.02  15.71  08.07  307.7  009.29  01.332  1000.679  1451.73 
2024 01 25 21 11 14.16  01.101  10.698  0000.01  09.30  08.07  307.7  009.26  00.766  1000.239  1450.99 
2024 01 25 21 11 14.41  00.186  10.693  0000.01  09.98  08.07  307.7  009.26  00.122  0999.734  1450.16 
