2024 01 25 12 21 17.77  00.331  11.128  0000.03  00.26  04.31  282.8  009.26  00.218  0999.765  1451.97 
2024 01 25 12 21 18.02  26.005  10.733  0000.03  00.08  02.57  282.8  009.26  22.492  1017.098  1477.36 
2024 01 25 12 21 18.27  27.683  10.724  0000.01  05.08  07.63  282.8  009.26  24.098  1018.346  1479.26 
2024 01 25 12 21 18.52  28.054  10.716  0000.04  05.62  07.99  282.8  009.26  24.460  1018.628  1479.67 
2024 01 25 12 21 18.77  28.105  10.707  0000.09  02.81  08.05  283.9  009.26  24.514  1018.672  1479.70 
2024 01 25 12 21 19.02  28.141  10.713  0000.05  01.72  08.05  283.9  009.26  24.546  1018.695  1479.76 
2024 01 25 12 21 19.27  28.145  10.722  0000.02  01.52  08.05  283.9  009.26  24.543  1018.692  1479.79 
2024 01 25 12 21 19.52  28.144  10.719  0000.01  01.52  08.05  283.9  009.26  24.545  1018.693  1479.78 
2024 01 25 12 21 19.77  28.145  10.721  0000.05  01.61  08.05  283.9  009.26  24.544  1018.692  1479.79 
2024 01 25 12 21 20.02  28.147  10.720  0000.08  01.64  08.05  283.9  009.26  24.546  1018.695  1479.79 
2024 01 25 12 21 20.27  28.145  10.722  0000.06  01.65  08.05  283.9  009.26  24.543  1018.692  1479.79 
2024 01 25 12 21 20.52  28.144  10.722  0000.07  01.60  08.05  283.9  009.26  24.543  1018.692  1479.79 
2024 01 25 12 21 20.77  28.144  10.720  0000.03  01.51  08.05  283.9  009.26  24.543  1018.692  1479.78 
2024 01 25 12 21 21.02  28.144  10.720  0000.00  01.58  08.06  283.9  009.26  24.543  1018.692  1479.78 
2024 01 25 12 21 21.27  28.144  10.722  0000.00  01.58  08.06  283.9  009.26  24.543  1018.691  1479.79 
2024 01 25 12 21 21.52  28.142  10.720  0000.07  01.57  08.06  283.9  009.26  24.541  1018.691  1479.78 
2024 01 25 12 21 21.77  28.147  10.718  0000.04  01.59  08.06  297.3  009.26  24.547  1018.696  1479.78 
2024 01 25 12 21 22.02  28.163  10.708  0000.07  01.61  08.06  297.3  009.26  24.570  1018.715  1479.77 
2024 01 25 12 21 22.27  28.171  10.703  0000.03  01.60  08.06  297.3  009.26  24.581  1018.724  1479.76 
2024 01 25 12 21 22.52  28.165  10.708  0000.01  01.61  08.06  297.3  009.26  24.572  1018.716  1479.77 
2024 01 25 12 21 22.77  28.164  10.714  0000.05  01.54  08.06  297.3  009.26  24.567  1018.712  1479.79 
2024 01 25 12 21 23.02  28.167  10.711  0000.07  01.57  08.06  297.3  009.26  24.572  1018.716  1479.78 
2024 01 25 12 21 23.27  28.167  10.712  0000.05  01.56  08.06  297.3  009.26  24.571  1018.715  1479.78 
2024 01 25 12 21 23.52  28.159  10.713  0000.06  01.53  08.06  297.3  009.26  24.563  1018.708  1479.78 
2024 01 25 12 21 23.77  28.150  10.721  0000.02  01.55  08.06  297.3  009.26  24.548  1018.696  1479.79 
2024 01 25 12 21 24.02  28.144  10.724  0000.00  01.59  08.06  297.3  009.26  24.540  1018.689  1479.79 
2024 01 25 12 21 24.27  28.144  10.721  0000.05  01.60  08.06  297.3  009.26  24.543  1018.692  1479.78 
2024 01 25 12 21 24.52  28.144  10.722  0000.05  01.57  08.06  297.3  009.26  24.542  1018.691  1479.79 
2024 01 25 12 21 24.77  28.144  10.720  0000.05  01.56  08.06  300.1  009.26  24.543  1018.692  1479.78 
2024 01 25 12 21 25.02  28.139  10.723  0000.02  01.64  08.06  300.1  009.26  24.536  1018.686  1479.78 
2024 01 25 12 21 25.27  28.139  10.725  0000.01  01.65  08.06  300.1  009.26  24.535  1018.685  1479.79 
2024 01 25 12 21 25.52  28.140  10.724  0000.05  01.59  08.06  300.1  009.26  24.537  1018.687  1479.79 
2024 01 25 12 21 25.77  28.140  10.724  0000.06  01.69  08.06  300.1  009.26  24.537  1018.687  1479.79 
2024 01 25 12 21 26.02  28.142  10.720  0000.05  01.66  08.06  300.1  009.26  24.542  1018.691  1479.78 
2024 01 25 12 21 26.27  28.141  10.721  0000.07  01.64  08.06  300.1  009.26  24.540  1018.690  1479.78 
2024 01 25 12 21 26.52  28.141  10.722  0000.08  01.66  08.06  300.1  009.26  24.539  1018.689  1479.78 
2024 01 25 12 21 26.77  28.143  10.719  0000.20  01.62  08.06  300.1  009.26  24.543  1018.693  1479.78 
2024 01 25 12 21 27.02  28.356  10.580  0000.31  01.55  08.06  300.1  009.26  24.842  1018.947  1479.64 
2024 01 25 12 21 27.27  28.596  10.405  0000.39  01.76  08.06  300.1  009.26  25.193  1019.248  1479.42 
2024 01 25 12 21 27.52  28.937  10.190  0000.48  02.10  08.06  300.1  009.26  25.676  1019.657  1479.22 
2024 01 25 12 21 27.77  29.122  10.087  0000.56  02.18  08.06  301.0  009.26  25.930  1019.870  1479.15 
2024 01 25 12 21 28.02  29.137  10.037  0000.70  02.45  08.06  301.0  009.26  25.981  1019.918  1479.03 
2024 01 25 12 21 28.27  29.157  10.031  0000.77  02.46  08.05  301.0  009.26  26.005  1019.938  1479.04 
2024 01 25 12 21 28.52  29.162  10.041  0000.81  02.63  08.06  301.0  009.26  26.003  1019.935  1479.07 
2024 01 25 12 21 28.77  29.161  10.047  0000.86  02.77  08.06  301.0  009.26  25.998  1019.930  1479.09 
2024 01 25 12 21 29.02  29.165  10.042  0000.91  02.77  08.06  301.0  009.26  26.005  1019.937  1479.08 
2024 01 25 12 21 29.27  29.200  10.001  0000.98  02.78  08.06  301.0  009.26  26.069  1019.994  1479.00 
2024 01 25 12 21 29.52  29.288  09.992  0000.99  02.78  08.06  301.0  009.26  26.162  1020.067  1479.09 
2024 01 25 12 21 29.77  29.348  09.982  0001.01  02.78  08.06  301.0  009.26  26.228  1020.120  1479.13 
2024 01 25 12 21 30.02  29.365  09.983  0001.01  02.84  08.06  301.0  009.26  26.245  1020.133  1479.15 
2024 01 25 12 21 30.27  29.372  09.980  0001.02  02.83  08.06  301.0  009.26  26.253  1020.140  1479.15 
2024 01 25 12 21 30.52  29.376  09.979  0001.05  02.84  08.07  301.0  009.26  26.258  1020.144  1479.16 
2024 01 25 12 21 30.77  29.382  09.977  0001.05  02.83  08.07  308.7  009.26  26.266  1020.151  1479.16 
2024 01 25 12 21 31.02  29.386  09.976  0001.05  02.87  08.07  308.7  009.26  26.270  1020.154  1479.16 
2024 01 25 12 21 31.27  29.387  09.971  0001.06  02.90  08.07  308.7  009.26  26.275  1020.159  1479.15 
2024 01 25 12 21 31.52  29.384  09.966  0001.06  02.90  08.07  308.7  009.26  26.276  1020.160  1479.13 
2024 01 25 12 21 31.77  29.386  09.964  0001.07  03.01  08.07  308.7  009.26  26.279  1020.163  1479.13 
2024 01 25 12 21 32.02  29.382  09.957  0001.08  02.98  08.07  308.7  009.26  26.281  1020.165  1479.10 
2024 01 25 12 21 32.27  29.380  09.956  0001.10  02.94  08.07  308.7  009.26  26.280  1020.165  1479.10 
2024 01 25 12 21 32.52  29.381  09.956  0001.08  02.95  08.07  308.7  009.26  26.280  1020.165  1479.10 
2024 01 25 12 21 32.77  29.380  09.956  0001.09  02.87  08.07  308.7  009.26  26.280  1020.164  1479.10 
2024 01 25 12 21 33.02  29.380  09.957  0001.09  02.90  08.07  308.7  009.26  26.278  1020.163  1479.10 
2024 01 25 12 21 33.27  29.384  09.966  0001.07  02.92  08.07  308.7  009.26  26.275  1020.160  1479.13 
2024 01 25 12 21 33.52  29.382  09.963  0001.07  02.94  08.07  308.7  009.26  26.276  1020.160  1479.12 
2024 01 25 12 21 33.77  29.380  09.959  0001.09  02.95  08.07  313.4  009.26  26.277  1020.162  1479.10 
2024 01 25 12 21 34.02  29.381  09.957  0001.08  02.98  08.07  313.4  009.26  26.279  1020.164  1479.10 
2024 01 25 12 21 34.27  29.384  09.964  0001.06  02.97  08.07  313.4  009.26  26.277  1020.161  1479.12 
2024 01 25 12 21 34.52  29.382  09.964  0001.07  02.97  08.07  313.4  009.26  26.275  1020.160  1479.12 
2024 01 25 12 21 34.77  29.381  09.961  0001.06  02.94  08.07  313.4  009.26  26.276  1020.161  1479.11 
2024 01 25 12 21 35.02  29.380  09.962  0001.05  02.99  08.07  313.4  009.26  26.274  1020.159  1479.11 
2024 01 25 12 21 35.27  29.380  09.961  0001.07  02.93  08.07  313.4  009.26  26.276  1020.161  1479.11 
2024 01 25 12 21 35.52  29.381  09.961  0001.08  02.96  08.07  313.4  009.26  26.276  1020.161  1479.11 
2024 01 25 12 21 35.77  29.379  09.956  0001.08  02.97  08.07  313.4  009.26  26.278  1020.163  1479.10 
2024 01 25 12 21 36.02  29.377  09.956  0001.06  03.03  08.07  313.4  009.26  26.277  1020.162  1479.09 
2024 01 25 12 21 36.27  29.381  09.956  0001.07  02.95  08.07  313.4  009.26  26.280  1020.165  1479.10 
2024 01 25 12 21 36.52  29.379  09.958  0001.06  02.97  08.07  313.4  009.26  26.276  1020.161  1479.10 
2024 01 25 12 21 36.77  29.383  09.957  0001.08  03.05  08.07  315.0  009.26  26.281  1020.165  1479.10 
2024 01 25 12 21 37.02  29.377  09.956  0001.07  03.01  08.07  315.0  009.26  26.276  1020.162  1479.09 
2024 01 25 12 21 37.27  29.377  09.956  0001.05  02.89  08.07  315.0  009.26  26.276  1020.162  1479.09 
2024 01 25 12 21 37.52  29.379  09.957  0001.06  02.92  08.07  315.0  009.26  26.278  1020.163  1479.10 
2024 01 25 12 21 37.77  29.378  09.958  0001.05  02.91  08.07  315.0  009.26  26.276  1020.161  1479.10 
2024 01 25 12 21 38.02  29.377  09.962  0001.06  02.97  08.07  315.0  009.26  26.272  1020.158  1479.11 
2024 01 25 12 21 38.27  29.376  09.959  0001.08  02.93  08.07  315.0  009.26  26.274  1020.159  1479.10 
2024 01 25 12 21 38.52  29.387  09.956  0001.12  02.95  08.07  315.0  009.26  26.286  1020.170  1479.10 
2024 01 25 12 21 38.77  29.400  09.955  0001.19  02.98  08.07  315.0  009.26  26.299  1020.180  1479.12 
2024 01 25 12 21 39.02  29.439  09.943  0001.25  03.10  08.07  315.0  009.26  26.347  1020.220  1479.13 
2024 01 25 12 21 39.27  29.472  09.907  0001.35  03.21  08.07  315.0  009.26  26.406  1020.271  1479.07 
2024 01 25 12 21 39.52  29.603  09.886  0001.47  03.41  08.07  315.0  009.26  26.550  1020.387  1479.17 
2024 01 25 12 21 39.77  29.977  09.954  0001.56  03.91  08.07  315.2  009.26  26.871  1020.627  1479.81 
2024 01 25 12 21 40.02  30.164  09.977  0001.70  03.96  08.07  315.2  009.26  27.039  1020.755  1480.10 
2024 01 25 12 21 40.27  30.365  10.007  0001.81  04.31  08.07  315.2  009.26  27.214  1020.888  1480.43 
2024 01 25 12 21 40.52  30.550  10.039  0001.91  04.60  08.06  315.2  009.26  27.373  1021.006  1480.74 
2024 01 25 12 21 40.77  30.611  10.042  0001.96  04.80  08.06  315.2  009.26  27.431  1021.052  1480.82 
2024 01 25 12 21 41.02  30.481  10.030  0001.95  04.93  08.06  315.2  009.26  27.312  1020.961  1480.63 
2024 01 25 12 21 41.27  30.422  10.020  0001.97  05.05  08.06  315.2  009.26  27.261  1020.923  1480.54 
2024 01 25 12 21 41.52  30.452  10.022  0001.96  05.24  08.06  315.2  009.26  27.289  1020.944  1480.58 
2024 01 25 12 21 41.77  30.566  10.051  0002.00  05.30  08.06  315.2  009.26  27.379  1021.010  1480.79 
2024 01 25 12 21 42.02  30.656  10.065  0002.01  05.32  08.06  315.2  009.26  27.458  1021.069  1480.94 
2024 01 25 12 21 42.27  30.595  10.050  0002.02  05.41  08.06  315.2  009.26  27.409  1021.034  1480.83 
2024 01 25 12 21 42.52  30.630  10.063  0002.03  05.63  08.06  315.2  009.26  27.434  1021.051  1480.90 
2024 01 25 12 21 42.77  30.666  10.064  0002.02  05.60  08.06  315.3  009.26  27.469  1021.078  1480.95 
2024 01 25 12 21 43.02  30.685  10.067  0002.03  05.73  08.06  315.3  009.26  27.486  1021.091  1480.98 
2024 01 25 12 21 43.27  30.718  10.073  0002.03  05.92  08.06  315.3  009.26  27.513  1021.111  1481.04 
2024 01 25 12 21 43.52  30.721  10.075  0002.03  05.74  08.06  315.3  009.26  27.515  1021.112  1481.05 
2024 01 25 12 21 43.77  30.726  10.073  0002.04  05.42  08.06  315.3  009.26  27.522  1021.118  1481.05 
2024 01 25 12 21 44.02  30.730  10.073  0002.04  05.27  08.06  315.3  009.26  27.525  1021.121  1481.05 
2024 01 25 12 21 44.27  30.732  10.072  0002.04  05.17  08.06  315.3  009.26  27.528  1021.123  1481.05 
2024 01 25 12 21 44.52  30.730  10.072  0002.05  05.12  08.06  315.3  009.26  27.526  1021.122  1481.05 
2024 01 25 12 21 44.77  30.730  10.071  0002.04  05.20  08.06  315.3  009.26  27.527  1021.123  1481.05 
2024 01 25 12 21 45.02  30.732  10.071  0002.05  05.29  08.06  315.3  009.26  27.529  1021.124  1481.05 
2024 01 25 12 21 45.27  30.735  10.072  0002.07  05.23  08.06  315.3  009.26  27.531  1021.126  1481.05 
2024 01 25 12 21 45.52  30.736  10.073  0002.04  05.58  08.06  315.3  009.26  27.531  1021.125  1481.06 
2024 01 25 12 21 45.77  30.734  10.074  0002.07  05.98  08.06  314.3  009.26  27.529  1021.124  1481.06 
2024 01 25 12 21 46.02  30.735  10.072  0002.08  06.15  08.06  314.3  009.26  27.531  1021.125  1481.06 
2024 01 25 12 21 46.27  30.738  10.070  0002.09  05.77  08.06  314.3  009.26  27.535  1021.129  1481.05 
2024 01 25 12 21 46.52  30.741  10.074  0002.11  06.12  08.06  314.3  009.26  27.535  1021.129  1481.07 
2024 01 25 12 21 46.77  30.738  10.070  0002.13  06.17  08.06  314.3  009.26  27.535  1021.129  1481.05 
2024 01 25 12 21 47.02  30.738  10.069  0002.14  06.11  08.06  314.3  009.26  27.536  1021.130  1481.05 
2024 01 25 12 21 47.27  30.739  10.072  0002.12  06.30  08.06  314.3  009.26  27.535  1021.129  1481.06 
2024 01 25 12 21 47.52  30.740  10.067  0002.14  05.98  08.06  314.3  009.26  27.540  1021.133  1481.05 
2024 01 25 12 21 47.77  30.743  10.069  0002.15  06.14  08.06  314.3  009.26  27.541  1021.134  1481.06 
2024 01 25 12 21 48.02  30.746  10.067  0002.19  06.27  08.06  314.3  009.26  27.546  1021.138  1481.06 
2024 01 25 12 21 48.27  30.748  10.061  0002.20  06.34  08.06  314.3  009.26  27.552  1021.144  1481.04 
2024 01 25 12 21 48.52  30.745  10.065  0002.23  06.89  08.06  314.3  009.26  27.546  1021.139  1481.05 
2024 01 25 12 21 48.77  30.745  10.067  0002.22  06.80  08.06  314.2  009.26  27.545  1021.138  1481.06 
2024 01 25 12 21 49.02  30.744  10.062  0002.21  06.61  08.06  314.2  009.26  27.547  1021.140  1481.04 
2024 01 25 12 21 49.27  30.746  10.062  0002.24  06.64  08.06  314.2  009.26  27.549  1021.142  1481.05 
2024 01 25 12 21 49.52  30.747  10.066  0002.21  06.42  08.06  314.2  009.26  27.547  1021.140  1481.06 
2024 01 25 12 21 49.77  30.747  10.066  0002.21  06.48  08.06  314.2  009.26  27.547  1021.139  1481.06 
2024 01 25 12 21 50.02  30.749  10.067  0002.25  06.67  08.06  314.2  009.26  27.549  1021.141  1481.06 
2024 01 25 12 21 50.27  30.749  10.065  0002.26  06.30  08.06  314.2  009.26  27.550  1021.142  1481.06 
2024 01 25 12 21 50.52  30.752  10.065  0002.30  06.72  08.06  314.2  009.26  27.553  1021.144  1481.06 
2024 01 25 12 21 50.77  30.755  10.066  0002.31  06.93  08.05  314.2  009.26  27.556  1021.147  1481.07 
2024 01 25 12 21 51.02  30.760  10.060  0002.28  06.50  08.06  314.2  009.26  27.564  1021.154  1481.06 
2024 01 25 12 21 51.27  30.761  10.060  0002.30  06.00  08.06  314.2  009.26  27.566  1021.156  1481.06 
2024 01 25 12 21 51.52  30.760  10.059  0002.33  06.17  08.06  314.2  009.26  27.565  1021.156  1481.05 
2024 01 25 12 21 51.77  30.758  10.061  0002.31  06.26  08.06  313.7  009.26  27.562  1021.153  1481.06 
2024 01 25 12 21 52.02  30.757  10.064  0002.31  06.33  08.06  313.7  009.26  27.559  1021.150  1481.06 
2024 01 25 12 21 52.27  30.761  10.062  0002.30  06.18  08.06  313.7  009.26  27.564  1021.154  1481.06 
2024 01 25 12 21 52.52  30.761  10.060  0002.30  06.22  08.06  313.7  009.26  27.565  1021.155  1481.06 
2024 01 25 12 21 52.77  30.761  10.061  0002.30  06.32  08.06  313.7  009.26  27.566  1021.155  1481.06 
2024 01 25 12 21 53.02  30.763  10.061  0002.31  06.31  08.06  313.7  009.26  27.567  1021.156  1481.06 
2024 01 25 12 21 53.27  30.760  10.059  0002.32  06.15  08.06  313.7  009.26  27.565  1021.155  1481.05 
2024 01 25 12 21 53.52  30.760  10.063  0002.33  06.16  08.06  313.7  009.26  27.562  1021.153  1481.06 
2024 01 25 12 21 53.77  30.759  10.062  0002.32  06.29  08.05  313.7  009.26  27.562  1021.152  1481.06 
2024 01 25 12 21 54.02  30.760  10.061  0002.33  06.36  08.06  313.7  009.26  27.564  1021.154  1481.06 
2024 01 25 12 21 54.27  30.764  10.061  0002.33  06.49  08.06  313.7  009.26  27.568  1021.157  1481.06 
2024 01 25 12 21 54.52  30.766  10.061  0002.33  06.31  08.06  313.7  009.26  27.570  1021.159  1481.07 
2024 01 25 12 21 54.77  30.763  10.064  0002.33  05.96  08.06  312.6  009.26  27.565  1021.154  1481.07 
2024 01 25 12 21 55.02  30.761  10.061  0002.32  05.99  08.06  312.6  009.26  27.565  1021.154  1481.06 
2024 01 25 12 21 55.27  30.760  10.061  0002.32  06.10  08.06  312.6  009.26  27.563  1021.154  1481.06 
2024 01 25 12 21 55.52  30.761  10.060  0002.33  06.08  08.06  312.6  009.26  27.565  1021.155  1481.06 
2024 01 25 12 21 55.77  30.764  10.060  0002.32  05.96  08.06  312.6  009.26  27.569  1021.158  1481.06 
2024 01 25 12 21 56.02  30.762  10.060  0002.32  05.85  08.06  312.6  009.26  27.567  1021.156  1481.06 
2024 01 25 12 21 56.27  30.765  10.061  0002.31  05.81  08.06  312.6  009.26  27.569  1021.158  1481.06 
2024 01 25 12 21 56.52  30.765  10.064  0002.33  06.45  08.06  312.6  009.26  27.567  1021.156  1481.07 
2024 01 25 12 21 56.77  30.768  10.062  0002.34  07.35  08.05  312.6  009.26  27.571  1021.160  1481.07 
2024 01 25 12 21 57.02  30.766  10.061  0002.34  07.71  08.06  312.6  009.26  27.570  1021.159  1481.07 
2024 01 25 12 21 57.27  30.762  10.060  0002.30  07.79  08.06  312.6  009.26  27.567  1021.157  1481.06 
2024 01 25 12 21 57.52  30.764  10.060  0002.31  06.92  08.06  312.6  009.26  27.568  1021.157  1481.06 
2024 01 25 12 21 57.77  30.765  10.061  0002.33  06.22  08.06  312.8  009.29  27.569  1021.158  1481.06 
2024 01 25 12 21 58.02  30.765  10.061  0002.32  06.00  08.06  312.8  009.26  27.568  1021.157  1481.06 
2024 01 25 12 21 58.27  30.764  10.061  0002.34  06.05  08.05  312.8  009.26  27.568  1021.157  1481.06 
2024 01 25 12 21 58.52  30.764  10.061  0002.34  06.10  08.05  312.8  009.26  27.568  1021.157  1481.06 
2024 01 25 12 21 58.77  30.761  10.062  0002.32  06.19  08.06  312.8  009.26  27.565  1021.154  1481.06 
2024 01 25 12 21 59.02  30.761  10.060  0002.31  06.38  08.05  312.8  009.26  27.566  1021.156  1481.06 
2024 01 25 12 21 59.27  30.765  10.061  0002.30  06.23  08.05  312.8  009.26  27.569  1021.158  1481.06 
2024 01 25 12 21 59.52  30.764  10.061  0002.32  06.07  08.05  312.8  009.26  27.568  1021.157  1481.06 
2024 01 25 12 21 59.77  30.766  10.059  0002.33  06.50  08.05  312.8  009.26  27.571  1021.160  1481.06 
2024 01 25 12 22 00.02  30.768  10.060  0002.35  06.68  08.05  312.8  009.26  27.572  1021.161  1481.07 
2024 01 25 12 22 00.27  30.766  10.061  0002.35  06.24  08.05  312.8  009.26  27.570  1021.159  1481.07 
2024 01 25 12 22 00.52  30.762  10.062  0002.34  05.96  08.05  312.8  009.26  27.566  1021.155  1481.06 
2024 01 25 12 22 00.77  30.763  10.062  0002.31  06.18  08.06  312.5  009.26  27.566  1021.156  1481.07 
2024 01 25 12 22 01.02  30.765  10.060  0002.33  06.29  08.05  312.5  009.26  27.569  1021.159  1481.06 
2024 01 25 12 22 01.27  30.763  10.060  0002.33  06.52  08.05  312.5  009.26  27.568  1021.157  1481.06 
2024 01 25 12 22 01.52  30.765  10.060  0002.33  06.43  08.05  312.5  009.26  27.569  1021.158  1481.06 
2024 01 25 12 22 01.77  30.765  10.059  0002.30  06.54  08.05  312.5  009.26  27.571  1021.160  1481.06 
2024 01 25 12 22 02.02  30.765  10.060  0002.32  06.37  08.05  312.5  009.26  27.570  1021.159  1481.06 
2024 01 25 12 22 02.27  30.766  10.059  0002.34  06.59  08.05  312.5  009.29  27.572  1021.161  1481.06 
2024 01 25 12 22 02.52  30.767  10.059  0002.33  06.73  08.05  312.5  009.26  27.572  1021.161  1481.06 
2024 01 25 12 22 02.77  30.765  10.060  0002.32  07.29  08.05  312.5  009.26  27.569  1021.158  1481.06 
2024 01 25 12 22 03.02  30.763  10.060  0002.32  07.42  08.05  312.5  009.26  27.568  1021.157  1481.06 
2024 01 25 12 22 03.27  30.764  10.061  0002.32  07.48  08.05  312.5  009.26  27.568  1021.157  1481.06 
2024 01 25 12 22 03.52  30.762  10.061  0002.34  07.37  08.05  312.5  009.26  27.566  1021.156  1481.06 
2024 01 25 12 22 03.77  30.759  10.063  0002.31  07.04  08.06  312.2  009.26  27.562  1021.152  1481.06 
2024 01 25 12 22 04.02  30.757  10.061  0002.33  07.40  08.05  312.2  009.26  27.561  1021.152  1481.06 
2024 01 25 12 22 04.27  30.757  10.060  0002.31  07.40  08.05  312.2  009.26  27.562  1021.152  1481.05 
2024 01 25 12 22 04.52  30.760  10.060  0002.31  07.31  08.05  312.2  009.26  27.565  1021.154  1481.06 
2024 01 25 12 22 04.77  30.764  10.059  0002.32  07.31  08.05  312.2  009.26  27.569  1021.158  1481.06 
2024 01 25 12 22 05.02  30.769  10.059  0002.37  07.32  08.05  312.2  009.26  27.574  1021.163  1481.07 
2024 01 25 12 22 05.27  30.775  10.063  0002.38  07.29  08.05  312.2  009.26  27.577  1021.164  1481.08 
2024 01 25 12 22 05.52  30.771  10.061  0002.39  07.58  08.05  312.2  009.26  27.575  1021.163  1481.07 
2024 01 25 12 22 05.77  30.772  10.061  0002.41  07.74  08.05  312.2  009.26  27.576  1021.164  1481.07 
2024 01 25 12 22 06.02  30.777  10.060  0002.45  07.23  08.05  312.2  009.26  27.582  1021.169  1481.08 
2024 01 25 12 22 06.27  30.787  10.061  0002.49  07.29  08.05  312.2  009.26  27.591  1021.176  1481.09 
2024 01 25 12 22 06.52  30.788  10.059  0002.55  07.21  08.05  312.2  009.26  27.593  1021.178  1481.09 
2024 01 25 12 22 06.77  30.785  10.060  0002.53  07.13  08.05  312.1  009.26  27.590  1021.175  1481.09 
2024 01 25 12 22 07.02  30.787  10.060  0002.59  06.87  08.05  312.1  009.26  27.591  1021.177  1481.09 
2024 01 25 12 22 07.27  30.830  10.057  0002.65  07.16  08.05  312.1  009.26  27.636  1021.212  1481.14 
2024 01 25 12 22 07.52  30.956  10.055  0002.74  07.57  08.05  312.1  009.26  27.762  1021.311  1481.28 
2024 01 25 12 22 07.77  30.987  10.055  0002.81  07.55  08.05  312.1  009.26  27.793  1021.336  1481.32 
2024 01 25 12 22 08.02  30.979  10.056  0002.82  07.74  08.05  312.1  009.26  27.784  1021.328  1481.32 
2024 01 25 12 22 08.27  30.976  10.055  0002.85  07.85  08.05  312.1  009.26  27.782  1021.327  1481.31 
2024 01 25 12 22 08.52  31.005  10.057  0002.97  08.02  08.05  312.1  009.26  27.809  1021.349  1481.35 
2024 01 25 12 22 08.77  31.118  10.071  0003.05  08.35  08.05  312.1  009.26  27.911  1021.426  1481.53 
2024 01 25 12 22 09.02  31.159  10.075  0003.17  08.92  08.05  312.1  009.26  27.948  1021.455  1481.59 
2024 01 25 12 22 09.27  31.180  10.075  0003.29  09.35  08.05  312.1  009.26  27.969  1021.471  1481.62 
2024 01 25 12 22 09.52  31.191  10.075  0003.40  09.49  08.05  312.1  009.26  27.980  1021.481  1481.63 
2024 01 25 12 22 09.77  31.193  10.074  0003.49  09.99  08.05  312.0  009.26  27.982  1021.483  1481.63 
2024 01 25 12 22 10.02  31.192  10.075  0003.49  10.26  08.05  312.0  009.26  27.981  1021.482  1481.63 
2024 01 25 12 22 10.27  31.188  10.076  0003.52  10.89  08.05  312.0  009.29  27.976  1021.478  1481.63 
2024 01 25 12 22 10.52  31.189  10.076  0003.55  11.32  08.05  312.0  009.26  27.977  1021.479  1481.63 
2024 01 25 12 22 10.77  31.191  10.075  0003.62  11.30  08.05  312.0  009.26  27.980  1021.482  1481.63 
2024 01 25 12 22 11.02  31.198  10.074  0003.74  11.70  08.05  312.0  009.26  27.988  1021.488  1481.64 
2024 01 25 12 22 11.27  31.202  10.074  0003.85  11.83  08.04  312.0  009.26  27.992  1021.492  1481.65 
2024 01 25 12 22 11.52  31.206  10.073  0003.91  11.86  08.04  312.0  009.26  27.996  1021.495  1481.65 
2024 01 25 12 22 11.77  31.204  10.073  0003.97  12.18  08.04  312.0  009.26  27.994  1021.494  1481.65 
2024 01 25 12 22 12.02  31.207  10.073  0004.09  12.86  08.05  312.0  009.26  27.997  1021.497  1481.66 
2024 01 25 12 22 12.27  31.210  10.071  0004.18  13.26  08.04  312.0  009.26  28.002  1021.502  1481.65 
2024 01 25 12 22 12.52  31.212  10.071  0004.28  13.38  08.04  312.0  009.29  28.003  1021.503  1481.66 
2024 01 25 12 22 12.77  31.211  10.073  0004.34  14.10  08.05  310.5  009.26  28.001  1021.502  1481.66 
2024 01 25 12 22 13.02  31.210  10.072  0004.38  14.18  08.04  310.5  009.26  28.001  1021.502  1481.66 
2024 01 25 12 22 13.27  31.213  10.073  0004.42  14.56  08.04  310.5  009.26  28.002  1021.503  1481.67 
2024 01 25 12 22 13.52  31.212  10.072  0004.48  15.26  08.04  310.5  009.26  28.002  1021.503  1481.67 
2024 01 25 12 22 13.77  31.213  10.073  0004.50  15.85  08.04  310.5  009.26  28.003  1021.504  1481.67 
2024 01 25 12 22 14.02  31.214  10.072  0004.56  16.24  08.04  310.5  009.26  28.005  1021.506  1481.67 
2024 01 25 12 22 14.27  31.221  10.072  0004.64  16.63  08.04  310.5  009.26  28.011  1021.511  1481.68 
2024 01 25 12 22 14.52  31.222  10.070  0004.78  15.92  08.04  310.5  009.26  28.014  1021.514  1481.68 
2024 01 25 12 22 14.77  31.225  10.067  0004.88  15.09  08.04  310.5  009.26  28.019  1021.519  1481.67 
2024 01 25 12 22 15.02  31.224  10.067  0005.02  14.76  08.04  310.5  009.26  28.018  1021.519  1481.67 
2024 01 25 12 22 15.27  31.223  10.064  0005.13  15.16  08.04  310.5  009.26  28.019  1021.521  1481.67 
2024 01 25 12 22 15.52  31.223  10.057  0005.21  15.48  08.04  310.5  009.26  28.025  1021.527  1481.65 
2024 01 25 12 22 15.77  31.223  10.063  0005.22  15.25  08.04  309.6  009.26  28.020  1021.522  1481.66 
2024 01 25 12 22 16.02  31.223  10.064  0005.23  15.58  08.04  309.6  009.26  28.020  1021.522  1481.67 
2024 01 25 12 22 16.27  31.224  10.064  0005.22  16.68  08.04  309.6  009.26  28.020  1021.522  1481.67 
2024 01 25 12 22 16.52  31.225  10.058  0005.22  16.72  08.04  309.6  009.26  28.025  1021.527  1481.66 
2024 01 25 12 22 16.77  31.224  10.055  0005.25  15.84  08.04  309.6  009.26  28.027  1021.529  1481.65 
2024 01 25 12 22 17.02  31.225  10.056  0005.31  16.00  08.04  309.6  009.26  28.027  1021.529  1481.65 
2024 01 25 12 22 17.27  31.227  10.054  0005.38  17.15  08.04  309.6  009.26  28.031  1021.533  1481.65 
2024 01 25 12 22 17.52  31.234  10.050  0005.49  17.17  08.04  309.6  009.26  28.041  1021.542  1481.65 
2024 01 25 12 22 17.77  31.240  10.050  0005.58  15.78  08.04  309.6  009.26  28.046  1021.546  1481.66 
2024 01 25 12 22 18.02  31.244  10.049  0005.60  15.42  08.04  309.6  009.26  28.051  1021.550  1481.66 
2024 01 25 12 22 18.27  31.247  10.049  0005.64  15.54  08.04  309.6  009.26  28.055  1021.553  1481.66 
2024 01 25 12 22 18.52  31.255  10.051  0005.61  16.16  08.04  309.6  009.26  28.061  1021.557  1481.68 
2024 01 25 12 22 18.77  31.260  10.049  0005.61  16.50  08.04  309.0  009.26  28.067  1021.562  1481.68 
2024 01 25 12 22 19.02  31.264  10.049  0005.61  16.95  08.04  309.0  009.26  28.072  1021.567  1481.68 
2024 01 25 12 22 19.27  31.268  10.049  0005.59  17.28  08.04  309.0  009.26  28.076  1021.569  1481.69 
2024 01 25 12 22 19.52  31.272  10.048  0005.57  17.37  08.04  309.0  009.26  28.080  1021.572  1481.69 
2024 01 25 12 22 19.77  31.276  10.048  0005.58  16.83  08.04  309.0  009.26  28.084  1021.576  1481.69 
2024 01 25 12 22 20.02  31.285  10.047  0005.54  15.64  08.04  309.0  009.26  28.094  1021.584  1481.70 
2024 01 25 12 22 20.27  31.293  10.047  0005.54  15.65  08.04  309.0  009.26  28.102  1021.590  1481.71 
2024 01 25 12 22 20.52  31.307  10.048  0005.55  16.19  08.04  309.0  009.26  28.115  1021.600  1481.73 
2024 01 25 12 22 20.77  31.312  10.049  0005.56  16.18  08.04  309.0  009.26  28.119  1021.603  1481.74 
2024 01 25 12 22 21.02  31.307  10.048  0005.56  16.63  08.04  309.0  009.26  28.115  1021.600  1481.73 
2024 01 25 12 22 21.27  31.298  10.047  0005.53  16.70  08.04  309.0  009.26  28.107  1021.594  1481.72 
2024 01 25 12 22 21.52  31.291  10.048  0005.55  16.35  08.04  309.0  009.26  28.100  1021.588  1481.71 
2024 01 25 12 22 21.77  31.311  10.049  0005.54  16.15  08.04  308.6  009.26  28.119  1021.603  1481.74 
2024 01 25 12 22 22.02  31.317  10.049  0005.55  16.23  08.04  308.6  009.26  28.124  1021.607  1481.75 
2024 01 25 12 22 22.27  31.292  10.047  0005.53  15.96  08.04  308.6  009.26  28.101  1021.589  1481.71 
2024 01 25 12 22 22.52  31.289  10.048  0005.52  16.63  08.04  308.6  009.26  28.097  1021.586  1481.71 
2024 01 25 12 22 22.77  31.291  10.048  0005.53  15.82  08.04  308.6  009.26  28.099  1021.587  1481.71 
2024 01 25 12 22 23.02  31.290  10.047  0005.51  16.28  08.04  308.6  009.26  28.099  1021.587  1481.71 
2024 01 25 12 22 23.27  31.288  10.047  0005.50  15.90  08.04  308.6  009.26  28.097  1021.586  1481.70 
2024 01 25 12 22 23.52  31.279  10.047  0005.48  15.64  08.04  308.6  009.26  28.087  1021.578  1481.69 
2024 01 25 12 22 23.77  31.276  10.047  0005.49  15.73  08.04  308.6  009.26  28.085  1021.577  1481.69 
2024 01 25 12 22 24.02  31.278  10.046  0005.48  15.96  08.04  308.6  009.26  28.088  1021.579  1481.69 
2024 01 25 12 22 24.27  31.280  10.047  0005.49  15.91  08.04  308.6  009.26  28.089  1021.580  1481.69 
2024 01 25 12 22 24.52  31.283  10.047  0005.50  15.56  08.04  308.6  009.26  28.092  1021.582  1481.70 
2024 01 25 12 22 24.77  31.283  10.046  0005.48  15.38  08.04  308.3  009.26  28.093  1021.582  1481.70 
2024 01 25 12 22 25.02  31.280  10.046  0005.49  15.44  08.04  308.3  009.26  28.090  1021.581  1481.69 
2024 01 25 12 22 25.27  31.278  10.045  0005.47  15.66  08.04  308.3  009.26  28.089  1021.580  1481.69 
2024 01 25 12 22 25.52  31.276  10.044  0005.44  16.09  08.04  308.3  009.26  28.087  1021.578  1481.68 
2024 01 25 12 22 25.77  31.275  10.044  0005.43  16.48  08.04  308.3  009.26  28.086  1021.577  1481.68 
2024 01 25 12 22 26.02  31.272  10.045  0005.42  16.37  08.04  308.3  009.26  28.083  1021.575  1481.68 
2024 01 25 12 22 26.27  31.270  10.045  0005.43  15.35  08.04  308.3  009.26  28.080  1021.573  1481.68 
2024 01 25 12 22 26.52  31.268  10.045  0005.42  15.13  08.04  308.3  009.26  28.078  1021.571  1481.67 
2024 01 25 12 22 26.77  31.264  10.045  0005.40  15.15  08.04  308.3  009.26  28.075  1021.568  1481.67 
2024 01 25 12 22 27.02  31.260  10.045  0005.40  15.01  08.04  308.3  009.26  28.070  1021.564  1481.66 
2024 01 25 12 22 27.27  31.253  10.046  0005.37  14.85  08.04  308.3  009.26  28.063  1021.559  1481.66 
2024 01 25 12 22 27.52  31.250  10.046  0005.38  14.57  08.04  308.3  009.26  28.060  1021.557  1481.65 
2024 01 25 12 22 27.77  31.249  10.047  0005.37  14.68  08.04  308.1  009.26  28.058  1021.554  1481.66 
2024 01 25 12 22 28.02  31.244  10.047  0005.34  14.52  08.04  308.1  009.26  28.053  1021.551  1481.65 
2024 01 25 12 22 28.27  31.240  10.049  0005.36  14.50  08.04  308.1  009.26  28.048  1021.546  1481.65 
2024 01 25 12 22 28.52  31.237  10.049  0005.34  14.31  08.04  308.1  009.26  28.045  1021.545  1481.65 
2024 01 25 12 22 28.77  31.239  10.049  0005.31  14.44  08.04  308.1  009.26  28.047  1021.546  1481.65 
2024 01 25 12 22 29.02  31.238  10.048  0005.34  14.60  08.04  308.1  009.26  28.047  1021.546  1481.64 
2024 01 25 12 22 29.27  31.238  10.049  0005.29  14.55  08.04  308.1  009.26  28.046  1021.545  1481.65 
2024 01 25 12 22 29.52  31.238  10.049  0005.30  14.31  08.04  308.1  009.26  28.046  1021.545  1481.65 
2024 01 25 12 22 29.77  31.237  10.049  0005.28  14.21  08.04  308.1  009.26  28.045  1021.544  1481.65 
2024 01 25 12 22 30.02  31.237  10.050  0005.28  14.24  08.04  308.1  009.26  28.044  1021.543  1481.65 
2024 01 25 12 22 30.27  31.238  10.050  0005.26  14.14  08.04  308.1  009.26  28.045  1021.544  1481.65 
2024 01 25 12 22 30.52  31.237  10.050  0005.28  13.93  08.04  308.1  009.26  28.043  1021.543  1481.65 
2024 01 25 12 22 30.77  31.235  10.051  0005.27  13.86  08.04  307.9  009.26  28.041  1021.541  1481.65 
2024 01 25 12 22 31.02  31.235  10.050  0005.27  14.07  08.04  307.9  009.26  28.042  1021.541  1481.64 
2024 01 25 12 22 31.27  31.233  10.051  0005.27  14.17  08.04  307.9  009.26  28.039  1021.539  1481.64 
2024 01 25 12 22 31.52  31.233  10.052  0005.22  14.29  08.04  307.9  009.26  28.039  1021.539  1481.65 
2024 01 25 12 22 31.77  31.233  10.053  0005.23  14.43  08.04  307.9  009.26  28.037  1021.537  1481.65 
2024 01 25 12 22 32.02  31.232  10.053  0005.23  14.42  08.04  307.9  009.26  28.037  1021.537  1481.65 
2024 01 25 12 22 32.27  31.233  10.055  0005.21  14.33  08.04  307.9  009.26  28.036  1021.536  1481.65 
2024 01 25 12 22 32.52  31.232  10.054  0005.21  13.96  08.04  307.9  009.26  28.036  1021.536  1481.65 
2024 01 25 12 22 32.77  31.231  10.055  0005.21  14.07  08.04  307.9  009.26  28.034  1021.534  1481.65 
2024 01 25 12 22 33.02  31.233  10.052  0005.19  14.19  08.04  307.9  009.26  28.038  1021.538  1481.65 
2024 01 25 12 22 33.27  31.232  10.053  0005.20  14.00  08.04  307.9  009.26  28.036  1021.536  1481.65 
2024 01 25 12 22 33.52  31.230  10.054  0005.19  13.96  08.04  307.9  009.26  28.034  1021.534  1481.65 
2024 01 25 12 22 33.77  31.229  10.055  0005.19  13.83  08.04  308.1  009.26  28.033  1021.533  1481.65 
2024 01 25 12 22 34.02  31.229  10.056  0005.16  13.72  08.04  308.1  009.26  28.031  1021.531  1481.65 
2024 01 25 12 22 34.27  31.229  10.056  0005.18  13.57  08.04  308.1  009.26  28.031  1021.532  1481.65 
2024 01 25 12 22 34.52  31.228  10.056  0005.19  13.75  08.04  308.1  009.26  28.030  1021.531  1481.65 
2024 01 25 12 22 34.77  31.228  10.055  0005.17  13.78  08.04  308.1  009.26  28.031  1021.531  1481.65 
2024 01 25 12 22 35.02  31.228  10.055  0005.16  13.76  08.04  308.1  009.26  28.031  1021.532  1481.65 
2024 01 25 12 22 35.27  31.228  10.057  0005.13  13.75  08.04  308.1  009.26  28.030  1021.530  1481.65 
2024 01 25 12 22 35.52  31.228  10.056  0005.15  14.10  08.04  308.1  009.26  28.030  1021.531  1481.65 
2024 01 25 12 22 35.77  31.227  10.057  0005.17  13.91  08.04  308.1  009.26  28.029  1021.530  1481.65 
2024 01 25 12 22 36.02  31.226  10.056  0005.16  13.66  08.04  308.1  009.26  28.029  1021.529  1481.65 
2024 01 25 12 22 36.27  31.226  10.055  0005.14  13.78  08.04  308.1  009.26  28.029  1021.530  1481.65 
2024 01 25 12 22 36.52  31.227  10.057  0005.12  13.86  08.04  308.1  009.26  28.029  1021.529  1481.65 
2024 01 25 12 22 36.77  31.226  10.056  0005.09  13.88  08.04  307.9  009.26  28.029  1021.529  1481.65 
2024 01 25 12 22 37.02  31.227  10.057  0005.11  13.87  08.04  307.9  009.26  28.029  1021.529  1481.65 
2024 01 25 12 22 37.27  31.226  10.057  0005.14  14.00  08.04  307.9  009.26  28.028  1021.529  1481.65 
2024 01 25 12 22 37.52  31.226  10.057  0005.14  13.84  08.04  307.9  009.26  28.028  1021.529  1481.65 
2024 01 25 12 22 37.77  31.226  10.056  0005.15  13.88  08.04  307.9  009.26  28.029  1021.530  1481.65 
2024 01 25 12 22 38.02  31.225  10.058  0005.15  14.04  08.04  307.9  009.26  28.027  1021.528  1481.65 
2024 01 25 12 22 38.27  31.226  10.056  0005.12  14.13  08.04  307.9  009.26  28.029  1021.529  1481.65 
2024 01 25 12 22 38.52  31.225  10.058  0005.11  14.02  08.04  307.9  009.26  28.026  1021.527  1481.65 
2024 01 25 12 22 38.77  31.225  10.056  0005.11  13.83  08.04  307.9  009.26  28.027  1021.528  1481.65 
2024 01 25 12 22 39.02  31.228  10.057  0005.12  13.86  08.04  307.9  009.26  28.030  1021.530  1481.65 
2024 01 25 12 22 39.27  31.225  10.056  0005.11  13.88  08.04  307.9  009.26  28.028  1021.529  1481.65 
2024 01 25 12 22 39.52  31.225  10.058  0005.11  13.72  08.04  307.9  009.26  28.026  1021.527  1481.65 
2024 01 25 12 22 39.77  31.225  10.058  0005.11  13.79  08.04  308.0  009.26  28.026  1021.527  1481.65 
2024 01 25 12 22 40.02  31.225  10.056  0005.11  13.83  08.04  308.0  009.26  28.028  1021.529  1481.65 
2024 01 25 12 22 40.27  31.226  10.055  0005.10  13.86  08.04  308.0  009.26  28.029  1021.530  1481.65 
2024 01 25 12 22 40.52  31.225  10.055  0005.09  13.87  08.04  308.0  009.26  28.028  1021.529  1481.64 
2024 01 25 12 22 40.77  31.226  10.056  0005.09  13.82  08.04  308.0  009.26  28.029  1021.529  1481.65 
2024 01 25 12 22 41.02  31.225  10.056  0005.11  13.88  08.04  308.0  009.26  28.027  1021.528  1481.65 
2024 01 25 12 22 41.27  31.225  10.055  0005.10  13.94  08.04  308.0  009.26  28.028  1021.529  1481.64 
2024 01 25 12 22 41.52  31.224  10.055  0005.11  13.79  08.04  308.0  009.26  28.027  1021.529  1481.64 
2024 01 25 12 22 41.77  31.225  10.055  0005.10  13.98  08.04  308.0  009.26  28.029  1021.530  1481.64 
2024 01 25 12 22 42.02  31.223  10.055  0005.09  13.79  08.04  308.0  009.26  28.027  1021.528  1481.64 
2024 01 25 12 22 42.27  31.223  10.055  0005.09  13.96  08.04  308.0  009.26  28.026  1021.528  1481.64 
2024 01 25 12 22 42.52  31.224  10.056  0005.09  13.98  08.04  308.0  009.26  28.026  1021.528  1481.65 
2024 01 25 12 22 42.77  31.221  10.057  0005.09  13.88  08.04  308.1  009.26  28.023  1021.525  1481.65 
2024 01 25 12 22 43.02  31.222  10.056  0005.09  13.90  08.04  308.1  009.26  28.025  1021.526  1481.64 
2024 01 25 12 22 43.27  31.223  10.054  0005.09  13.95  08.04  308.1  009.26  28.027  1021.528  1481.64 
2024 01 25 12 22 43.52  31.221  10.055  0005.09  14.07  08.04  308.1  009.26  28.025  1021.527  1481.64 
2024 01 25 12 22 43.77  31.222  10.054  0005.09  14.11  08.04  308.1  009.26  28.026  1021.528  1481.64 
2024 01 25 12 22 44.02  31.221  10.054  0005.09  13.95  08.04  308.1  009.26  28.025  1021.527  1481.64 
2024 01 25 12 22 44.27  31.221  10.054  0005.09  13.88  08.04  308.1  009.26  28.026  1021.527  1481.64 
2024 01 25 12 22 44.52  31.221  10.051  0005.10  14.04  08.04  308.1  009.26  28.027  1021.529  1481.63 
2024 01 25 12 22 44.77  31.222  10.051  0005.09  14.54  08.04  308.1  009.26  28.029  1021.530  1481.63 
2024 01 25 12 22 45.02  31.222  10.052  0005.09  14.44  08.04  308.1  009.26  28.028  1021.530  1481.63 
2024 01 25 12 22 45.27  31.222  10.052  0005.09  14.40  08.04  308.1  009.26  28.028  1021.530  1481.63 
2024 01 25 12 22 45.52  31.221  10.051  0005.09  14.09  08.04  308.1  009.26  28.027  1021.529  1481.63 
2024 01 25 12 22 45.77  31.222  10.051  0005.07  14.13  08.04  308.1  009.26  28.029  1021.530  1481.63 
2024 01 25 12 22 46.02  31.221  10.052  0005.09  13.89  08.04  308.1  009.26  28.027  1021.528  1481.63 
2024 01 25 12 22 46.27  31.221  10.051  0005.10  13.98  08.04  308.1  009.26  28.028  1021.529  1481.63 
2024 01 25 12 22 46.52  31.223  10.051  0005.09  14.08  08.04  308.1  009.26  28.030  1021.531  1481.63 
2024 01 25 12 22 46.77  31.221  10.052  0005.08  13.97  08.04  308.1  009.26  28.026  1021.528  1481.63 
2024 01 25 12 22 47.02  31.219  10.053  0005.08  13.81  08.04  308.1  009.26  28.024  1021.526  1481.63 
2024 01 25 12 22 47.27  31.221  10.053  0005.10  13.96  08.04  308.1  009.26  28.026  1021.528  1481.63 
2024 01 25 12 22 47.52  31.218  10.053  0005.09  13.83  08.04  308.1  009.26  28.023  1021.525  1481.63 
2024 01 25 12 22 47.77  31.218  10.052  0005.12  13.89  08.04  308.1  009.26  28.024  1021.526  1481.63 
2024 01 25 12 22 48.02  31.218  10.052  0005.10  13.89  08.04  308.1  009.26  28.024  1021.526  1481.63 
2024 01 25 12 22 48.27  31.216  10.050  0005.10  13.83  08.04  308.1  009.26  28.023  1021.526  1481.62 
2024 01 25 12 22 48.52  31.217  10.050  0005.10  14.21  08.04  308.1  009.26  28.024  1021.527  1481.62 
2024 01 25 12 22 48.77  31.217  10.049  0005.09  14.04  08.04  308.0  009.26  28.026  1021.528  1481.62 
2024 01 25 12 22 49.02  31.218  10.047  0005.12  14.02  08.04  308.0  009.26  28.028  1021.530  1481.62 
2024 01 25 12 22 49.27  31.217  10.048  0005.10  14.36  08.04  308.0  009.26  28.026  1021.529  1481.62 
2024 01 25 12 22 49.52  31.217  10.048  0005.10  14.34  08.04  308.0  009.26  28.026  1021.528  1481.61 
2024 01 25 12 22 49.77  31.217  10.048  0005.11  14.49  08.04  308.0  009.26  28.026  1021.529  1481.62 
2024 01 25 12 22 50.02  31.217  10.048  0005.12  14.81  08.04  308.0  009.26  28.026  1021.529  1481.61 
2024 01 25 12 22 50.27  31.217  10.047  0005.12  14.64  08.04  308.0  009.26  28.027  1021.529  1481.61 
2024 01 25 12 22 50.52  31.217  10.047  0005.14  14.71  08.04  308.0  009.26  28.027  1021.529  1481.62 
2024 01 25 12 22 50.77  31.216  10.047  0005.12  14.53  08.04  308.0  009.26  28.025  1021.528  1481.61 
2024 01 25 12 22 51.02  31.216  10.048  0005.13  14.33  08.04  308.0  009.26  28.025  1021.528  1481.61 
2024 01 25 12 22 51.27  31.216  10.047  0005.15  14.08  08.04  308.0  009.26  28.026  1021.529  1481.61 
2024 01 25 12 22 51.52  31.217  10.047  0005.14  14.24  08.04  308.0  009.26  28.026  1021.529  1481.61 
2024 01 25 12 22 51.77  31.215  10.048  0005.14  14.34  08.04  307.9  009.26  28.024  1021.527  1481.61 
2024 01 25 12 22 52.02  31.215  10.048  0005.13  14.48  08.04  307.9  009.29  28.024  1021.527  1481.61 
2024 01 25 12 22 52.27  31.214  10.048  0005.14  14.54  08.04  307.9  009.26  28.023  1021.526  1481.61 
2024 01 25 12 22 52.52  31.213  10.048  0005.15  14.57  08.04  307.9  009.26  28.023  1021.526  1481.61 
2024 01 25 12 22 52.77  31.212  10.048  0005.15  14.16  08.04  307.9  009.26  28.021  1021.525  1481.61 
2024 01 25 12 22 53.02  31.213  10.048  0005.15  14.04  08.04  307.9  009.26  28.022  1021.526  1481.61 
2024 01 25 12 22 53.27  31.212  10.049  0005.17  14.64  08.04  307.9  009.26  28.020  1021.524  1481.61 
2024 01 25 12 22 53.52  31.215  10.048  0005.16  14.69  08.04  307.9  009.26  28.024  1021.527  1481.61 
2024 01 25 12 22 53.77  31.217  10.049  0005.17  14.32  08.04  307.9  009.26  28.025  1021.528  1481.62 
2024 01 25 12 22 54.02  31.219  10.049  0005.16  13.96  08.04  307.9  009.26  28.027  1021.529  1481.62 
2024 01 25 12 22 54.27  31.218  10.048  0005.18  14.21  08.04  307.9  009.26  28.027  1021.529  1481.62 
2024 01 25 12 22 54.52  31.217  10.049  0005.19  14.07  08.04  307.9  009.26  28.026  1021.529  1481.62 
2024 01 25 12 22 54.77  31.217  10.048  0005.16  14.11  08.04  308.0  009.26  28.025  1021.528  1481.62 
2024 01 25 12 22 55.02  31.217  10.050  0005.18  14.33  08.04  308.0  009.26  28.024  1021.527  1481.62 
2024 01 25 12 22 55.27  31.216  10.051  0005.16  14.12  08.04  308.0  009.26  28.022  1021.525  1481.62 
2024 01 25 12 22 55.52  31.217  10.051  0005.19  13.89  08.04  308.0  009.26  28.023  1021.526  1481.62 
2024 01 25 12 22 55.77  31.217  10.051  0005.21  14.12  08.04  308.0  009.26  28.023  1021.526  1481.63 
2024 01 25 12 22 56.02  31.217  10.052  0005.20  13.94  08.04  308.0  009.26  28.023  1021.526  1481.63 
2024 01 25 12 22 56.27  31.217  10.052  0005.24  14.28  08.04  308.0  009.26  28.023  1021.526  1481.63 
2024 01 25 12 22 56.52  31.219  10.052  0005.26  14.23  08.04  308.0  009.26  28.025  1021.528  1481.63 
2024 01 25 12 22 56.77  31.221  10.049  0005.25  13.95  08.04  308.0  009.26  28.029  1021.532  1481.63 
2024 01 25 12 22 57.02  31.225  10.049  0005.28  13.53  08.04  308.0  009.26  28.033  1021.534  1481.63 
2024 01 25 12 22 57.27  31.227  10.049  0005.28  13.73  08.04  308.0  009.26  28.035  1021.536  1481.63 
2024 01 25 12 22 57.52  31.227  10.048  0005.28  13.79  08.04  308.0  009.26  28.036  1021.537  1481.63 
2024 01 25 12 22 57.77  31.225  10.048  0005.29  13.73  08.04  308.0  009.26  28.034  1021.536  1481.63 
2024 01 25 12 22 58.02  31.229  10.047  0005.29  14.09  08.04  308.0  009.26  28.038  1021.539  1481.63 
2024 01 25 12 22 58.27  31.231  10.047  0005.31  14.99  08.04  308.0  009.26  28.040  1021.541  1481.63 
2024 01 25 12 22 58.52  31.235  10.046  0005.31  15.57  08.04  308.0  009.26  28.045  1021.544  1481.64 
2024 01 25 12 22 58.77  31.236  10.046  0005.33  15.87  08.04  308.0  009.26  28.046  1021.546  1481.64 
2024 01 25 12 22 59.02  31.234  10.047  0005.32  14.47  08.04  308.0  009.26  28.044  1021.544  1481.64 
2024 01 25 12 22 59.27  31.233  10.047  0005.34  13.63  08.04  308.0  009.26  28.042  1021.542  1481.64 
2024 01 25 12 22 59.52  31.230  10.049  0005.38  13.39  08.04  308.0  009.26  28.038  1021.539  1481.64 
2024 01 25 12 22 59.77  31.233  10.048  0005.39  13.56  08.04  308.0  009.26  28.042  1021.542  1481.64 
2024 01 25 12 23 00.02  31.235  10.046  0005.40  14.69  08.04  308.0  009.26  28.045  1021.545  1481.64 
2024 01 25 12 23 00.27  31.239  10.046  0005.41  15.11  08.04  308.0  009.26  28.049  1021.548  1481.64 
2024 01 25 12 23 00.52  31.249  10.042  0005.43  14.19  08.04  308.0  009.26  28.062  1021.559  1481.64 
2024 01 25 12 23 00.77  31.256  10.043  0005.43  13.54  08.04  307.8  009.26  28.068  1021.563  1481.65 
2024 01 25 12 23 01.02  31.263  10.042  0005.45  13.37  08.04  307.8  009.26  28.076  1021.570  1481.66 
2024 01 25 12 23 01.27  31.272  10.042  0005.45  13.43  08.04  307.8  009.26  28.085  1021.577  1481.67 
2024 01 25 12 23 01.52  31.276  10.041  0005.47  13.62  08.04  307.8  009.26  28.089  1021.580  1481.67 
2024 01 25 12 23 01.77  31.279  10.043  0005.47  13.74  08.04  307.8  009.26  28.091  1021.582  1481.68 
2024 01 25 12 23 02.02  31.280  10.043  0005.48  13.66  08.04  307.8  009.26  28.093  1021.583  1481.68 
2024 01 25 12 23 02.27  31.290  10.045  0005.50  13.81  08.04  307.8  009.26  28.101  1021.589  1481.70 
2024 01 25 12 23 02.52  31.300  10.045  0005.50  13.88  08.04  307.8  009.26  28.111  1021.597  1481.71 
2024 01 25 12 23 02.77  31.307  10.045  0005.51  13.90  08.04  307.8  009.26  28.118  1021.602  1481.72 
2024 01 25 12 23 03.02  31.315  10.046  0005.54  14.04  08.04  307.8  009.26  28.125  1021.608  1481.74 
2024 01 25 12 23 03.27  31.317  10.048  0005.56  14.19  08.04  307.8  009.26  28.125  1021.607  1481.74 
2024 01 25 12 23 03.52  31.327  10.050  0005.57  13.96  08.04  307.8  009.26  28.134  1021.614  1481.76 
2024 01 25 12 23 03.77  31.330  10.051  0005.57  14.46  08.04  307.7  009.26  28.136  1021.616  1481.77 
2024 01 25 12 23 04.02  31.336  10.053  0005.56  14.53  08.04  307.7  009.26  28.140  1021.619  1481.78 
2024 01 25 12 23 04.27  31.341  10.052  0005.56  14.43  08.04  307.7  009.26  28.145  1021.623  1481.78 
2024 01 25 12 23 04.52  31.342  10.053  0005.59  14.45  08.04  307.7  009.26  28.147  1021.624  1481.79 
2024 01 25 12 23 04.77  31.345  10.053  0005.60  14.32  08.04  307.7  009.26  28.148  1021.625  1481.79 
2024 01 25 12 23 05.02  31.348  10.054  0005.61  14.56  08.04  307.7  009.26  28.151  1021.627  1481.80 
2024 01 25 12 23 05.27  31.354  10.054  0005.64  14.25  08.04  307.7  009.26  28.158  1021.633  1481.80 
2024 01 25 12 23 05.52  31.354  10.054  0005.61  14.02  08.04  307.7  009.26  28.157  1021.632  1481.81 
2024 01 25 12 23 05.77  31.356  10.055  0005.62  14.07  08.03  307.7  009.26  28.158  1021.633  1481.81 
2024 01 25 12 23 06.02  31.356  10.055  0005.63  14.36  08.03  307.7  009.26  28.158  1021.633  1481.81 
2024 01 25 12 23 06.27  31.358  10.055  0005.66  14.43  08.03  307.7  009.26  28.161  1021.635  1481.81 
2024 01 25 12 23 06.52  31.360  10.055  0005.66  14.53  08.03  307.7  009.26  28.162  1021.636  1481.81 
2024 01 25 12 23 06.77  31.359  10.055  0005.68  14.27  08.03  307.7  009.26  28.162  1021.636  1481.81 
2024 01 25 12 23 07.02  31.359  10.054  0005.68  14.70  08.03  307.7  009.26  28.162  1021.636  1481.81 
2024 01 25 12 23 07.27  31.359  10.055  0005.66  14.62  08.03  307.7  009.29  28.161  1021.635  1481.81 
2024 01 25 12 23 07.52  31.361  10.056  0005.67  14.97  08.03  307.7  009.26  28.162  1021.636  1481.82 
2024 01 25 12 23 07.77  31.361  10.054  0005.66  14.97  08.03  307.7  009.26  28.163  1021.637  1481.81 
2024 01 25 12 23 08.02  31.362  10.054  0005.68  14.55  08.03  307.7  009.26  28.164  1021.638  1481.81 
2024 01 25 12 23 08.27  31.360  10.055  0005.68  14.43  08.03  307.7  009.26  28.162  1021.636  1481.82 
2024 01 25 12 23 08.52  31.362  10.055  0005.68  14.62  08.03  307.7  009.26  28.163  1021.637  1481.82 
2024 01 25 12 23 08.77  31.362  10.055  0005.67  14.95  08.03  307.7  009.26  28.164  1021.637  1481.82 
2024 01 25 12 23 09.02  31.361  10.054  0005.71  14.97  08.03  307.7  009.26  28.163  1021.637  1481.81 
2024 01 25 12 23 09.27  31.360  10.054  0005.70  15.21  08.03  307.7  009.26  28.163  1021.636  1481.81 
2024 01 25 12 23 09.52  31.362  10.055  0005.73  15.05  08.03  307.7  009.26  28.163  1021.637  1481.82 
2024 01 25 12 23 09.77  31.360  10.054  0005.72  14.82  08.03  306.9  009.29  28.162  1021.636  1481.81 
2024 01 25 12 23 10.02  31.361  10.055  0005.73  15.19  08.03  306.9  009.26  28.163  1021.637  1481.82 
2024 01 25 12 23 10.27  31.362  10.054  0005.73  15.12  08.03  306.9  009.26  28.165  1021.638  1481.82 
2024 01 25 12 23 10.52  31.361  10.055  0005.72  15.14  08.03  306.9  009.26  28.163  1021.637  1481.82 
2024 01 25 12 23 10.77  31.361  10.055  0005.73  14.94  08.03  306.9  009.26  28.163  1021.637  1481.82 
2024 01 25 12 23 11.02  31.360  10.056  0005.72  14.50  08.03  306.9  009.29  28.161  1021.635  1481.82 
2024 01 25 12 23 11.27  31.362  10.055  0005.75  14.73  08.03  306.9  009.26  28.164  1021.638  1481.82 
2024 01 25 12 23 11.52  31.363  10.055  0005.77  15.16  08.03  306.9  009.26  28.165  1021.639  1481.82 
2024 01 25 12 23 11.77  31.362  10.055  0005.75  14.96  08.03  306.9  009.26  28.165  1021.638  1481.82 
2024 01 25 12 23 12.02  31.361  10.055  0005.77  15.15  08.03  306.9  009.26  28.163  1021.637  1481.82 
2024 01 25 12 23 12.27  31.362  10.055  0005.76  15.29  08.03  306.9  009.26  28.164  1021.638  1481.82 
2024 01 25 12 23 12.52  31.362  10.055  0005.76  14.78  08.03  306.9  009.26  28.164  1021.638  1481.82 
2024 01 25 12 23 12.77  31.364  10.055  0005.76  14.95  08.03  306.3  009.26  28.166  1021.639  1481.82 
2024 01 25 12 23 13.02  31.362  10.055  0005.76  15.02  08.03  306.3  009.29  28.164  1021.638  1481.82 
2024 01 25 12 23 13.27  31.361  10.055  0005.79  15.91  08.03  306.3  009.26  28.163  1021.637  1481.82 
2024 01 25 12 23 13.52  31.362  10.055  0005.79  14.87  08.03  306.3  009.26  28.165  1021.639  1481.82 
2024 01 25 12 23 13.77  31.362  10.055  0005.79  15.09  08.03  306.3  009.26  28.164  1021.638  1481.82 
2024 01 25 12 23 14.02  31.362  10.055  0005.80  14.93  08.03  306.3  009.29  28.164  1021.638  1481.82 
2024 01 25 12 23 14.27  31.362  10.056  0005.78  15.84  08.03  306.3  009.26  28.163  1021.637  1481.82 
2024 01 25 12 23 14.52  31.362  10.055  0005.78  15.81  08.03  306.3  009.26  28.165  1021.638  1481.82 
2024 01 25 12 23 14.77  31.363  10.055  0005.79  15.59  08.03  306.3  009.26  28.165  1021.639  1481.82 
2024 01 25 12 23 15.02  31.362  10.055  0005.79  15.41  08.03  306.3  009.26  28.164  1021.638  1481.82 
2024 01 25 12 23 15.27  31.361  10.054  0005.81  15.37  08.03  306.3  009.26  28.164  1021.638  1481.82 
2024 01 25 12 23 15.52  31.362  10.055  0005.81  15.33  08.03  306.3  009.26  28.164  1021.638  1481.82 
2024 01 25 12 23 15.77  31.362  10.055  0005.80  15.37  08.03  306.1  009.26  28.165  1021.639  1481.82 
2024 01 25 12 23 16.02  31.365  10.055  0005.82  15.73  08.03  306.1  009.26  28.167  1021.640  1481.82 
2024 01 25 12 23 16.27  31.362  10.056  0005.82  15.94  08.03  306.1  009.26  28.163  1021.637  1481.82 
2024 01 25 12 23 16.52  31.362  10.057  0005.82  16.47  08.03  306.1  009.26  28.163  1021.637  1481.83 
2024 01 25 12 23 16.77  31.363  10.056  0005.82  16.48  08.03  306.1  009.26  28.165  1021.639  1481.82 
2024 01 25 12 23 17.02  31.362  10.055  0005.82  16.67  08.03  306.1  009.26  28.164  1021.638  1481.82 
2024 01 25 12 23 17.27  31.361  10.055  0005.83  16.48  08.03  306.1  009.26  28.162  1021.637  1481.82 
2024 01 25 12 23 17.52  31.364  10.055  0005.82  16.65  08.03  306.1  009.26  28.166  1021.639  1481.82 
2024 01 25 12 23 17.77  31.362  10.056  0005.82  16.49  08.03  306.1  009.26  28.164  1021.638  1481.82 
2024 01 25 12 23 18.02  31.362  10.055  0005.80  16.46  08.03  306.1  009.26  28.163  1021.638  1481.82 
2024 01 25 12 23 18.27  31.362  10.056  0005.82  16.63  08.03  306.1  009.26  28.163  1021.638  1481.82 
2024 01 25 12 23 18.52  31.365  10.057  0005.82  15.91  08.03  306.1  009.26  28.165  1021.639  1481.83 
2024 01 25 12 23 18.77  31.362  10.056  0005.83  16.40  08.03  305.8  009.29  28.164  1021.638  1481.82 
2024 01 25 12 23 19.02  31.362  10.055  0005.84  15.61  08.03  305.8  009.26  28.165  1021.639  1481.82 
2024 01 25 12 23 19.27  31.363  10.055  0005.84  15.80  08.03  305.8  009.26  28.165  1021.639  1481.82 
2024 01 25 12 23 19.52  31.362  10.056  0005.83  16.09  08.03  305.8  009.26  28.164  1021.638  1481.82 
2024 01 25 12 23 19.77  31.363  10.054  0005.84  16.10  08.03  305.8  009.26  28.166  1021.640  1481.82 
2024 01 25 12 23 20.02  31.363  10.055  0005.83  16.00  08.03  305.8  009.26  28.165  1021.639  1481.82 
2024 01 25 12 23 20.27  31.363  10.056  0005.84  15.99  08.03  305.8  009.26  28.165  1021.639  1481.82 
2024 01 25 12 23 20.52  31.363  10.056  0005.85  15.56  08.03  305.8  009.26  28.165  1021.639  1481.82 
2024 01 25 12 23 20.77  31.363  10.055  0005.86  15.57  08.03  305.8  009.26  28.165  1021.639  1481.82 
2024 01 25 12 23 21.02  31.362  10.056  0005.85  15.46  08.03  305.8  009.26  28.162  1021.637  1481.82 
2024 01 25 12 23 21.27  31.363  10.055  0005.83  15.81  08.03  305.8  009.26  28.165  1021.639  1481.82 
2024 01 25 12 23 21.52  31.361  10.055  0005.84  15.96  08.03  305.8  009.26  28.162  1021.637  1481.82 
2024 01 25 12 23 21.77  31.363  10.055  0005.82  15.98  08.03  305.5  009.26  28.165  1021.639  1481.82 
2024 01 25 12 23 22.02  31.364  10.055  0005.84  15.88  08.03  305.5  009.26  28.166  1021.640  1481.82 
2024 01 25 12 23 22.27  31.362  10.055  0005.84  16.03  08.03  305.5  009.26  28.164  1021.638  1481.82 
2024 01 25 12 23 22.52  31.364  10.054  0005.86  15.42  08.03  305.5  009.26  28.167  1021.640  1481.82 
2024 01 25 12 23 22.77  31.362  10.056  0005.86  15.13  08.03  305.5  009.26  28.164  1021.638  1481.82 
2024 01 25 12 23 23.02  31.364  10.055  0005.86  15.14  08.03  305.5  009.26  28.166  1021.640  1481.82 
2024 01 25 12 23 23.27  31.363  10.057  0005.85  15.37  08.03  305.5  009.26  28.164  1021.638  1481.83 
2024 01 25 12 23 23.52  31.362  10.055  0005.85  15.72  08.03  305.5  009.26  28.164  1021.638  1481.82 
2024 01 25 12 23 23.77  31.364  10.054  0005.84  15.79  08.03  305.5  009.26  28.167  1021.640  1481.82 
2024 01 25 12 23 24.02  31.366  10.056  0005.84  15.50  08.03  305.5  009.26  28.167  1021.640  1481.83 
2024 01 25 12 23 24.27  31.365  10.056  0005.83  15.12  08.03  305.5  009.26  28.166  1021.640  1481.83 
2024 01 25 12 23 24.52  31.362  10.056  0005.86  15.09  08.03  305.5  009.26  28.164  1021.638  1481.82 
2024 01 25 12 23 24.77  31.362  10.055  0005.84  15.40  08.03  305.7  009.26  28.164  1021.638  1481.82 
2024 01 25 12 23 25.02  31.366  10.056  0005.83  15.37  08.03  305.7  009.26  28.167  1021.640  1481.83 
2024 01 25 12 23 25.27  31.364  10.055  0005.84  15.35  08.03  305.7  009.26  28.166  1021.639  1481.82 
2024 01 25 12 23 25.52  31.365  10.055  0005.86  15.01  08.03  305.7  009.26  28.166  1021.640  1481.83 
2024 01 25 12 23 25.77  31.363  10.055  0005.85  14.64  08.03  305.7  009.26  28.165  1021.639  1481.82 
2024 01 25 12 23 26.02  31.365  10.054  0005.84  14.81  08.03  305.7  009.26  28.167  1021.641  1481.82 
2024 01 25 12 23 26.27  31.364  10.055  0005.85  15.84  08.03  305.7  009.26  28.166  1021.640  1481.82 
2024 01 25 12 23 26.52  31.365  10.054  0005.86  15.51  08.03  305.7  009.26  28.167  1021.641  1481.82 
2024 01 25 12 23 26.77  31.364  10.055  0005.86  16.07  08.03  305.7  009.26  28.166  1021.640  1481.82 
2024 01 25 12 23 27.02  31.364  10.055  0005.85  15.97  08.03  305.7  009.26  28.166  1021.640  1481.82 
2024 01 25 12 23 27.27  31.366  10.056  0005.85  16.14  08.03  305.7  009.26  28.167  1021.641  1481.83 
2024 01 25 12 23 27.52  31.366  10.056  0005.86  15.66  08.03  305.7  009.26  28.168  1021.641  1481.83 
2024 01 25 12 23 27.77  31.364  10.055  0005.84  15.47  08.03  305.8  009.26  28.166  1021.640  1481.82 
2024 01 25 12 23 28.02  31.366  10.055  0005.85  16.01  08.03  305.8  009.26  28.168  1021.641  1481.82 
2024 01 25 12 23 28.27  31.364  10.056  0005.84  15.46  08.03  305.8  009.26  28.165  1021.639  1481.83 
2024 01 25 12 23 28.52  31.366  10.057  0005.84  15.59  08.03  305.8  009.26  28.166  1021.640  1481.83 
2024 01 25 12 23 28.77  31.365  10.055  0005.81  15.75  08.03  305.8  009.26  28.166  1021.640  1481.82 
2024 01 25 12 23 29.02  31.363  10.055  0005.84  15.75  08.03  305.8  009.26  28.165  1021.639  1481.82 
2024 01 25 12 23 29.27  31.363  10.055  0005.86  15.94  08.03  305.8  009.26  28.165  1021.639  1481.82 
2024 01 25 12 23 29.52  31.365  10.055  0005.85  15.88  08.03  305.8  009.26  28.167  1021.641  1481.82 
2024 01 25 12 23 29.77  31.364  10.054  0005.86  15.74  08.03  305.8  009.26  28.167  1021.641  1481.82 
2024 01 25 12 23 30.02  31.364  10.057  0005.86  15.76  08.03  305.8  009.26  28.165  1021.639  1481.83 
2024 01 25 12 23 30.27  31.366  10.055  0005.85  15.63  08.03  305.8  009.26  28.168  1021.642  1481.83 
2024 01 25 12 23 30.52  31.365  10.056  0005.83  15.82  08.03  305.8  009.26  28.166  1021.640  1481.83 
2024 01 25 12 23 30.77  31.364  10.056  0005.84  16.07  08.03  305.8  009.26  28.165  1021.639  1481.82 
2024 01 25 12 23 31.02  31.367  10.055  0005.85  15.58  08.03  305.8  009.26  28.169  1021.642  1481.83 
2024 01 25 12 23 31.27  31.366  10.055  0005.85  15.36  08.03  305.8  009.26  28.168  1021.642  1481.83 
2024 01 25 12 23 31.52  31.366  10.056  0005.84  15.57  08.03  305.8  009.26  28.167  1021.640  1481.83 
2024 01 25 12 23 31.77  31.366  10.055  0005.85  15.67  08.03  305.8  009.26  28.168  1021.641  1481.83 
2024 01 25 12 23 32.02  31.366  10.055  0005.82  15.77  08.03  305.8  009.26  28.168  1021.641  1481.82 
2024 01 25 12 23 32.27  31.364  10.056  0005.83  15.69  08.03  305.8  009.29  28.165  1021.639  1481.82 
2024 01 25 12 23 32.52  31.365  10.054  0005.84  16.44  08.03  305.8  009.26  28.168  1021.641  1481.82 
2024 01 25 12 23 32.77  31.363  10.056  0005.84  17.02  08.03  305.8  009.26  28.165  1021.639  1481.82 
2024 01 25 12 23 33.02  31.364  10.054  0005.86  16.86  08.03  305.8  009.26  28.166  1021.640  1481.82 
2024 01 25 12 23 33.27  31.364  10.056  0005.86  16.62  08.03  305.8  009.26  28.165  1021.639  1481.83 
2024 01 25 12 23 33.52  31.366  10.056  0005.85  16.40  08.03  305.8  009.26  28.168  1021.641  1481.83 
2024 01 25 12 23 33.77  31.365  10.055  0005.83  16.34  08.03  305.8  009.26  28.167  1021.640  1481.82 
2024 01 25 12 23 34.02  31.365  10.055  0005.82  15.85  08.03  305.8  009.26  28.167  1021.640  1481.82 
2024 01 25 12 23 34.27  31.366  10.055  0005.83  15.62  08.03  305.8  009.26  28.167  1021.641  1481.83 
2024 01 25 12 23 34.52  31.367  10.054  0005.84  16.21  08.03  305.8  009.26  28.170  1021.643  1481.82 
2024 01 25 12 23 34.77  31.364  10.054  0005.86  16.78  08.03  305.8  009.26  28.166  1021.640  1481.82 
2024 01 25 12 23 35.02  31.366  10.055  0005.85  16.10  08.03  305.8  009.26  28.168  1021.641  1481.83 
2024 01 25 12 23 35.27  31.366  10.055  0005.85  15.78  08.03  305.8  009.26  28.167  1021.641  1481.83 
2024 01 25 12 23 35.52  31.365  10.056  0005.84  15.43  08.03  305.8  009.26  28.166  1021.640  1481.83 
2024 01 25 12 23 35.77  31.365  10.055  0005.83  15.38  08.03  305.8  009.26  28.166  1021.640  1481.82 
2024 01 25 12 23 36.02  31.365  10.054  0005.82  15.72  08.03  305.8  009.26  28.167  1021.641  1481.82 
2024 01 25 12 23 36.27  31.364  10.055  0005.84  15.99  08.03  305.8  009.26  28.166  1021.640  1481.82 
2024 01 25 12 23 36.52  31.365  10.055  0005.86  16.37  08.03  305.8  009.26  28.166  1021.640  1481.83 
2024 01 25 12 23 36.77  31.364  10.054  0005.86  16.58  08.03  305.6  009.26  28.166  1021.640  1481.82 
2024 01 25 12 23 37.02  31.366  10.055  0005.84  15.69  08.03  305.6  009.26  28.167  1021.641  1481.83 
2024 01 25 12 23 37.27  31.366  10.055  0005.84  15.88  08.03  305.6  009.26  28.167  1021.641  1481.82 
2024 01 25 12 23 37.52  31.366  10.055  0005.82  16.28  08.03  305.6  009.26  28.168  1021.641  1481.82 
2024 01 25 12 23 37.77  31.364  10.055  0005.81  16.12  08.03  305.6  009.26  28.166  1021.640  1481.82 
2024 01 25 12 23 38.02  31.366  10.056  0005.82  16.21  08.03  305.6  009.26  28.167  1021.640  1481.83 
2024 01 25 12 23 38.27  31.366  10.055  0005.82  16.15  08.03  305.6  009.26  28.168  1021.641  1481.83 
2024 01 25 12 23 38.52  31.366  10.055  0005.84  15.69  08.03  305.6  009.26  28.167  1021.641  1481.83 
2024 01 25 12 23 38.77  31.365  10.054  0005.86  15.48  08.03  305.6  009.26  28.167  1021.641  1481.82 
2024 01 25 12 23 39.02  31.365  10.055  0005.85  15.69  08.03  305.6  009.26  28.167  1021.641  1481.82 
2024 01 25 12 23 39.27  31.367  10.055  0005.86  15.55  08.03  305.6  009.26  28.169  1021.642  1481.83 
2024 01 25 12 23 39.52  31.366  10.057  0005.82  15.40  08.03  305.6  009.26  28.166  1021.640  1481.83 
2024 01 25 12 23 39.77  31.365  10.056  0005.81  15.38  08.03  305.5  009.26  28.166  1021.639  1481.83 
2024 01 25 12 23 40.02  31.366  10.056  0005.78  15.58  08.03  305.5  009.26  28.168  1021.641  1481.83 
2024 01 25 12 23 40.27  31.366  10.056  0005.79  15.60  08.03  305.5  009.26  28.167  1021.640  1481.83 
2024 01 25 12 23 40.52  31.367  10.055  0005.81  15.32  08.03  305.5  009.26  28.169  1021.642  1481.82 
2024 01 25 12 23 40.77  31.365  10.055  0005.85  16.11  08.03  305.5  009.26  28.167  1021.641  1481.82 
2024 01 25 12 23 41.02  31.365  10.055  0005.85  16.24  08.03  305.5  009.26  28.167  1021.641  1481.82 
2024 01 25 12 23 41.27  31.366  10.055  0005.86  15.62  08.03  305.5  009.26  28.168  1021.642  1481.83 
2024 01 25 12 23 41.52  31.365  10.055  0005.82  15.47  08.03  305.5  009.26  28.166  1021.640  1481.82 
2024 01 25 12 23 41.77  31.363  10.056  0005.80  15.45  08.03  305.5  009.26  28.164  1021.638  1481.82 
2024 01 25 12 23 42.02  31.365  10.055  0005.79  15.36  08.03  305.5  009.26  28.166  1021.640  1481.82 
2024 01 25 12 23 42.27  31.364  10.055  0005.83  15.90  08.03  305.5  009.26  28.166  1021.639  1481.82 
2024 01 25 12 23 42.52  31.364  10.055  0005.84  16.31  08.03  305.5  009.26  28.166  1021.640  1481.82 
2024 01 25 12 23 42.77  31.366  10.055  0005.86  16.00  08.03  305.6  009.26  28.168  1021.642  1481.83 
2024 01 25 12 23 43.02  31.366  10.056  0005.83  15.25  08.03  305.6  009.26  28.167  1021.640  1481.83 
2024 01 25 12 23 43.27  31.365  10.055  0005.79  15.31  08.03  305.6  009.26  28.166  1021.640  1481.82 
2024 01 25 12 23 43.52  31.363  10.055  0005.77  15.90  08.03  305.6  009.26  28.165  1021.638  1481.82 
2024 01 25 12 23 43.77  31.366  10.054  0005.79  15.90  08.03  305.6  009.26  28.168  1021.641  1481.82 
2024 01 25 12 23 44.02  31.363  10.055  0005.80  15.70  08.03  305.6  009.26  28.165  1021.639  1481.82 
2024 01 25 12 23 44.27  31.366  10.054  0005.83  15.45  08.03  305.6  009.26  28.169  1021.642  1481.82 
2024 01 25 12 23 44.52  31.365  10.056  0005.83  15.92  08.03  305.6  009.26  28.166  1021.640  1481.83 
2024 01 25 12 23 44.77  31.366  10.055  0005.83  15.23  08.03  305.6  009.26  28.168  1021.641  1481.83 
2024 01 25 12 23 45.02  31.366  10.056  0005.81  15.62  08.03  305.6  009.26  28.168  1021.641  1481.83 
2024 01 25 12 23 45.27  31.366  10.057  0005.79  15.20  08.03  305.6  009.26  28.167  1021.640  1481.83 
2024 01 25 12 23 45.52  31.366  10.056  0005.81  14.79  08.03  305.6  009.26  28.168  1021.641  1481.83 
2024 01 25 12 23 45.77  31.364  10.055  0005.82  14.88  08.03  305.6  009.26  28.166  1021.640  1481.82 
2024 01 25 12 23 46.02  31.366  10.055  0005.80  15.19  08.03  305.6  009.26  28.168  1021.641  1481.83 
2024 01 25 12 23 46.27  31.364  10.056  0005.81  15.25  08.03  305.6  009.26  28.165  1021.639  1481.82 
2024 01 25 12 23 46.52  31.365  10.056  0005.79  14.86  08.03  305.6  009.26  28.166  1021.640  1481.82 
2024 01 25 12 23 46.77  31.366  10.055  0005.79  15.02  08.03  305.6  009.26  28.168  1021.641  1481.82 
2024 01 25 12 23 47.02  31.365  10.055  0005.77  15.01  08.03  305.6  009.26  28.167  1021.640  1481.82 
2024 01 25 12 23 47.27  31.366  10.055  0005.82  14.73  08.03  305.6  009.29  28.167  1021.641  1481.82 
2024 01 25 12 23 47.52  31.366  10.055  0005.83  14.75  08.03  305.6  009.26  28.167  1021.641  1481.83 
2024 01 25 12 23 47.77  31.368  10.054  0005.83  14.73  08.03  305.6  009.26  28.170  1021.643  1481.83 
2024 01 25 12 23 48.02  31.366  10.055  0005.80  14.33  08.03  305.6  009.26  28.168  1021.641  1481.82 
2024 01 25 12 23 48.27  31.365  10.055  0005.80  15.56  08.03  305.6  009.26  28.167  1021.640  1481.82 
2024 01 25 12 23 48.52  31.365  10.054  0005.79  15.47  08.03  305.6  009.26  28.167  1021.640  1481.82 
2024 01 25 12 23 48.77  31.364  10.055  0005.79  14.77  08.03  305.4  009.26  28.166  1021.640  1481.82 
2024 01 25 12 23 49.02  31.364  10.054  0005.81  14.91  08.03  305.4  009.26  28.166  1021.640  1481.82 
2024 01 25 12 23 49.27  31.366  10.055  0005.81  14.70  08.03  305.4  009.26  28.168  1021.642  1481.82 
2024 01 25 12 23 49.52  31.364  10.054  0005.83  14.16  08.03  305.4  009.26  28.166  1021.640  1481.82 
2024 01 25 12 23 49.77  31.366  10.055  0005.80  13.86  08.03  305.4  009.29  28.168  1021.641  1481.82 
2024 01 25 12 23 50.02  31.366  10.055  0005.79  14.33  08.03  305.4  009.26  28.168  1021.641  1481.83 
2024 01 25 12 23 50.27  31.365  10.055  0005.76  14.30  08.03  305.4  009.26  28.167  1021.640  1481.82 
2024 01 25 12 23 50.52  31.365  10.056  0005.78  14.46  08.03  305.4  009.26  28.166  1021.640  1481.83 
2024 01 25 12 23 50.77  31.366  10.054  0005.79  14.43  08.03  305.4  009.26  28.168  1021.642  1481.82 
2024 01 25 12 23 51.02  31.366  10.054  0005.79  14.64  08.03  305.4  009.26  28.169  1021.642  1481.82 
2024 01 25 12 23 51.27  31.367  10.056  0005.82  14.87  08.03  305.4  009.26  28.169  1021.642  1481.83 
2024 01 25 12 23 51.52  31.368  10.054  0005.81  14.10  08.03  305.4  009.26  28.171  1021.643  1481.82 
2024 01 25 12 23 51.77  31.366  10.056  0005.78  13.91  08.03  305.6  009.26  28.168  1021.641  1481.83 
2024 01 25 12 23 52.02  31.366  10.055  0005.76  14.44  08.03  305.6  009.26  28.168  1021.641  1481.83 
2024 01 25 12 23 52.27  31.366  10.055  0005.74  14.57  08.03  305.6  009.26  28.168  1021.641  1481.82 
2024 01 25 12 23 52.52  31.366  10.055  0005.77  14.74  08.03  305.6  009.26  28.169  1021.642  1481.82 
2024 01 25 12 23 52.77  31.365  10.055  0005.80  15.09  08.03  305.6  009.26  28.167  1021.640  1481.82 
2024 01 25 12 23 53.02  31.366  10.054  0005.82  14.73  08.03  305.6  009.26  28.169  1021.642  1481.82 
2024 01 25 12 23 53.27  31.366  10.055  0005.80  13.53  08.03  305.6  009.26  28.169  1021.642  1481.82 
2024 01 25 12 23 53.52  31.366  10.054  0005.77  14.13  08.03  305.6  009.26  28.168  1021.641  1481.82 
2024 01 25 12 23 53.77  31.367  10.056  0005.75  14.43  08.03  305.6  009.26  28.168  1021.641  1481.83 
2024 01 25 12 23 54.02  31.367  10.056  0005.76  14.04  08.03  305.6  009.26  28.168  1021.641  1481.83 
2024 01 25 12 23 54.27  31.367  10.054  0005.74  13.74  08.03  305.6  009.26  28.170  1021.643  1481.82 
2024 01 25 12 23 54.52  31.367  10.055  0005.76  13.78  08.03  305.6  009.26  28.169  1021.642  1481.83 
2024 01 25 12 23 54.77  31.367  10.054  0005.78  13.93  08.03  305.8  009.26  28.170  1021.643  1481.82 
2024 01 25 12 23 55.02  31.366  10.055  0005.78  13.98  08.03  305.8  009.26  28.169  1021.642  1481.82 
2024 01 25 12 23 55.27  31.367  10.053  0005.76  13.98  08.03  305.8  009.26  28.170  1021.643  1481.82 
2024 01 25 12 23 55.52  31.366  10.055  0005.75  13.41  08.03  305.8  009.26  28.168  1021.641  1481.83 
2024 01 25 12 23 55.77  31.366  10.054  0005.75  13.58  08.03  305.8  009.26  28.168  1021.641  1481.82 
2024 01 25 12 23 56.02  31.367  10.054  0005.79  14.25  08.03  305.8  009.26  28.170  1021.642  1481.82 
2024 01 25 12 23 56.27  31.369  10.054  0005.79  14.10  08.03  305.8  009.26  28.172  1021.644  1481.82 
2024 01 25 12 23 56.52  31.368  10.055  0005.78  14.03  08.03  305.8  009.26  28.170  1021.643  1481.83 
2024 01 25 12 23 56.77  31.367  10.054  0005.78  14.10  08.03  305.8  009.26  28.170  1021.643  1481.82 
2024 01 25 12 23 57.02  31.368  10.055  0005.76  14.29  08.03  305.8  009.26  28.170  1021.642  1481.83 
2024 01 25 12 23 57.27  31.367  10.056  0005.74  14.60  08.03  305.8  009.26  28.169  1021.641  1481.83 
2024 01 25 12 23 57.52  31.367  10.054  0005.76  14.27  08.03  305.8  009.26  28.170  1021.642  1481.82 
2024 01 25 12 23 57.77  31.368  10.053  0005.74  14.06  08.03  305.9  009.26  28.171  1021.643  1481.82 
2024 01 25 12 23 58.02  31.366  10.055  0005.78  13.97  08.03  305.9  009.26  28.168  1021.641  1481.82 
2024 01 25 12 23 58.27  31.367  10.054  0005.79  13.36  08.03  305.9  009.26  28.170  1021.643  1481.82 
2024 01 25 12 23 58.52  31.367  10.055  0005.77  13.17  08.03  305.9  009.26  28.169  1021.642  1481.83 
2024 01 25 12 23 58.77  31.369  10.055  0005.75  13.45  08.03  305.9  009.26  28.171  1021.643  1481.83 
2024 01 25 12 23 59.02  31.366  10.054  0005.74  13.81  08.03  305.9  009.26  28.169  1021.642  1481.82 
2024 01 25 12 23 59.27  31.367  10.054  0005.75  13.91  08.03  305.9  009.26  28.170  1021.643  1481.82 
2024 01 25 12 23 59.52  31.369  10.054  0005.77  13.49  08.03  305.9  009.26  28.171  1021.643  1481.83 
2024 01 25 12 23 59.77  31.368  10.055  0005.78  13.58  08.03  305.9  009.26  28.170  1021.643  1481.83 
2024 01 25 12 24 00.02  31.370  10.054  0005.78  13.17  08.03  305.9  009.26  28.173  1021.645  1481.83 
2024 01 25 12 24 00.27  31.366  10.054  0005.76  13.93  08.03  305.9  009.26  28.169  1021.642  1481.82 
2024 01 25 12 24 00.52  31.366  10.054  0005.73  15.22  08.03  305.9  009.26  28.169  1021.642  1481.82 
2024 01 25 12 24 00.77  31.365  10.054  0005.72  15.33  08.03  306.2  009.26  28.167  1021.640  1481.82 
2024 01 25 12 24 01.02  31.367  10.054  0005.73  14.62  08.03  306.2  009.26  28.170  1021.643  1481.82 
2024 01 25 12 24 01.27  31.367  10.053  0005.78  14.28  08.03  306.2  009.26  28.170  1021.643  1481.82 
2024 01 25 12 24 01.52  31.366  10.054  0005.79  13.77  08.03  306.2  009.26  28.169  1021.642  1481.82 
2024 01 25 12 24 01.77  31.366  10.053  0005.80  13.16  08.03  306.2  009.26  28.170  1021.643  1481.82 
2024 01 25 12 24 02.02  31.366  10.054  0005.77  13.71  08.03  306.2  009.26  28.169  1021.642  1481.82 
2024 01 25 12 24 02.27  31.365  10.055  0005.73  14.54  08.03  306.2  009.26  28.167  1021.640  1481.82 
2024 01 25 12 24 02.52  31.364  10.054  0005.69  15.20  08.03  306.2  009.26  28.167  1021.640  1481.82 
2024 01 25 12 24 02.77  31.363  10.053  0005.70  15.95  08.03  306.2  009.26  28.167  1021.640  1481.81 
2024 01 25 12 24 03.02  31.367  10.054  0005.75  15.05  08.03  306.2  009.26  28.170  1021.643  1481.82 
2024 01 25 12 24 03.27  31.367  10.053  0005.77  14.76  08.03  306.2  009.26  28.171  1021.643  1481.82 
2024 01 25 12 24 03.52  31.369  10.054  0005.78  14.10  08.03  306.2  009.26  28.171  1021.644  1481.83 
2024 01 25 12 24 03.77  31.369  10.054  0005.78  13.58  08.03  306.9  009.29  28.172  1021.645  1481.83 
2024 01 25 12 24 04.02  31.366  10.054  0005.73  14.24  08.03  306.9  009.26  28.169  1021.642  1481.82 
2024 01 25 12 24 04.27  31.363  10.053  0005.70  14.98  08.03  306.9  009.26  28.167  1021.640  1481.81 
2024 01 25 12 24 04.52  31.366  10.054  0005.71  15.61  08.03  306.9  009.26  28.169  1021.642  1481.82 
2024 01 25 12 24 04.77  31.365  10.054  0005.71  15.02  08.03  306.9  009.26  28.167  1021.640  1481.82 
2024 01 25 12 24 05.02  31.366  10.053  0005.73  15.29  08.03  306.9  009.26  28.169  1021.642  1481.82 
2024 01 25 12 24 05.27  31.368  10.054  0005.76  15.02  08.03  306.9  009.26  28.171  1021.643  1481.82 
2024 01 25 12 24 05.52  31.369  10.053  0005.75  14.62  08.03  306.9  009.26  28.172  1021.644  1481.82 
2024 01 25 12 24 05.77  31.367  10.054  0005.74  15.23  08.03  306.9  009.26  28.170  1021.642  1481.82 
2024 01 25 12 24 06.02  31.368  10.055  0005.72  15.53  08.03  306.9  009.26  28.170  1021.643  1481.82 
2024 01 25 12 24 06.27  31.366  10.055  0005.73  15.72  08.03  306.9  009.26  28.168  1021.641  1481.82 
2024 01 25 12 24 06.52  31.368  10.056  0005.71  15.59  08.03  306.9  009.26  28.169  1021.642  1481.83 
2024 01 25 12 24 06.77  31.367  10.054  0005.72  14.54  08.03  307.1  009.26  28.170  1021.643  1481.82 
2024 01 25 12 24 07.02  31.369  10.054  0005.74  14.05  08.03  307.1  009.26  28.172  1021.644  1481.82 
2024 01 25 12 24 07.27  31.369  10.054  0005.74  13.68  08.03  307.1  009.26  28.171  1021.643  1481.83 
2024 01 25 12 24 07.52  31.366  10.055  0005.74  14.01  08.03  307.1  009.26  28.169  1021.641  1481.82 
2024 01 25 12 24 07.77  31.367  10.054  0005.72  13.42  08.03  307.1  009.26  28.170  1021.642  1481.82 
2024 01 25 12 24 08.02  31.369  10.055  0005.72  13.78  08.03  307.1  009.26  28.171  1021.643  1481.83 
2024 01 25 12 24 08.27  31.368  10.055  0005.72  14.72  08.03  307.1  009.29  28.170  1021.642  1481.83 
2024 01 25 12 24 08.52  31.369  10.054  0005.73  14.55  08.03  307.1  009.26  28.172  1021.644  1481.82 
2024 01 25 12 24 08.77  31.369  10.054  0005.74  14.52  08.03  307.1  009.26  28.172  1021.644  1481.83 
2024 01 25 12 24 09.02  31.369  10.054  0005.74  14.45  08.03  307.1  009.26  28.171  1021.643  1481.83 
2024 01 25 12 24 09.27  31.370  10.055  0005.74  14.52  08.03  307.1  009.26  28.173  1021.645  1481.83 
2024 01 25 12 24 09.52  31.367  10.054  0005.74  14.62  08.03  307.1  009.26  28.170  1021.643  1481.82 
2024 01 25 12 24 09.77  31.369  10.054  0005.72  14.91  08.03  307.2  009.29  28.171  1021.644  1481.82 
2024 01 25 12 24 10.02  31.369  10.054  0005.72  15.33  08.03  307.2  009.26  28.171  1021.643  1481.83 
2024 01 25 12 24 10.27  31.369  10.056  0005.71  15.75  08.03  307.2  009.26  28.171  1021.643  1481.83 
2024 01 25 12 24 10.52  31.368  10.054  0005.72  15.48  08.03  307.2  009.26  28.170  1021.643  1481.82 
2024 01 25 12 24 10.77  31.369  10.054  0005.72  15.39  08.03  307.2  009.26  28.171  1021.643  1481.83 
2024 01 25 12 24 11.02  31.371  10.055  0005.73  14.79  08.03  307.2  009.26  28.173  1021.645  1481.83 
2024 01 25 12 24 11.27  31.369  10.055  0005.73  14.62  08.03  307.2  009.26  28.171  1021.643  1481.83 
2024 01 25 12 24 11.52  31.368  10.055  0005.70  14.76  08.03  307.2  009.26  28.170  1021.642  1481.82 
2024 01 25 12 24 11.77  31.367  10.055  0005.71  15.02  08.03  307.2  009.26  28.169  1021.642  1481.83 
2024 01 25 12 24 12.02  31.368  10.053  0005.74  14.89  08.03  307.2  009.26  28.171  1021.643  1481.82 
2024 01 25 12 24 12.27  31.366  10.054  0005.74  14.76  08.03  307.2  009.26  28.169  1021.642  1481.82 
2024 01 25 12 24 12.52  31.366  10.054  0005.73  14.59  08.03  307.2  009.26  28.169  1021.642  1481.82 
2024 01 25 12 24 12.77  31.362  10.052  0005.66  14.79  08.03  307.1  009.26  28.166  1021.639  1481.81 
2024 01 25 12 24 13.02  31.342  10.049  0005.57  15.24  08.03  307.1  009.26  28.149  1021.626  1481.78 
2024 01 25 12 24 13.27  31.292  10.046  0005.45  15.23  08.03  307.1  009.26  28.102  1021.590  1481.70 
2024 01 25 12 24 13.52  31.282  10.047  0005.38  15.52  08.03  307.1  009.26  28.091  1021.581  1481.70 
2024 01 25 12 24 13.77  31.280  10.047  0005.34  15.74  08.03  307.1  009.26  28.089  1021.579  1481.69 
2024 01 25 12 24 14.02  31.268  10.049  0005.27  16.33  08.03  307.1  009.26  28.076  1021.568  1481.68 
2024 01 25 12 24 14.27  31.251  10.052  0005.19  15.80  08.03  307.1  009.26  28.057  1021.552  1481.67 
2024 01 25 12 24 14.52  31.255  10.050  0005.18  14.91  08.03  307.1  009.26  28.062  1021.556  1481.67 
2024 01 25 12 24 14.77  31.256  10.053  0005.14  15.04  08.03  307.1  009.26  28.060  1021.555  1481.68 
2024 01 25 12 24 15.02  31.231  10.055  0005.08  14.88  08.03  307.1  009.26  28.034  1021.534  1481.65 
2024 01 25 12 24 15.27  31.224  10.057  0005.04  14.48  08.03  307.1  009.26  28.026  1021.526  1481.65 
2024 01 25 12 24 15.52  31.223  10.057  0004.95  14.19  08.03  307.1  009.26  28.025  1021.525  1481.65 
2024 01 25 12 24 15.77  31.221  10.057  0004.86  13.83  08.03  307.2  009.26  28.023  1021.523  1481.64 
2024 01 25 12 24 16.02  31.224  10.058  0004.79  14.12  08.03  307.2  009.26  28.025  1021.525  1481.65 
2024 01 25 12 24 16.27  31.222  10.058  0004.74  14.44  08.03  307.2  009.26  28.024  1021.524  1481.64 
2024 01 25 12 24 16.52  31.222  10.058  0004.67  14.96  08.03  307.2  009.26  28.024  1021.523  1481.64 
2024 01 25 12 24 16.77  31.222  10.058  0004.63  14.60  08.03  307.2  009.26  28.023  1021.522  1481.64 
2024 01 25 12 24 17.02  31.223  10.063  0004.55  15.04  08.03  307.2  009.26  28.020  1021.519  1481.66 
2024 01 25 12 24 17.27  31.224  10.066  0004.43  13.96  08.03  307.2  009.29  28.019  1021.517  1481.66 
2024 01 25 12 24 17.52  31.225  10.066  0004.34  13.06  08.03  307.2  009.26  28.020  1021.517  1481.66 
2024 01 25 12 24 17.77  31.223  10.066  0004.30  12.74  08.03  307.2  009.26  28.018  1021.516  1481.66 
2024 01 25 12 24 18.02  31.223  10.066  0004.23  12.78  08.03  307.2  009.26  28.018  1021.515  1481.66 
2024 01 25 12 24 18.27  31.223  10.067  0004.19  13.17  08.03  307.2  009.26  28.017  1021.515  1481.66 
2024 01 25 12 24 18.52  31.222  10.066  0004.12  12.48  08.03  307.2  009.26  28.017  1021.514  1481.66 
2024 01 25 12 24 18.77  31.221  10.068  0004.02  12.06  08.03  307.5  009.26  28.015  1021.512  1481.66 
2024 01 25 12 24 19.02  31.221  10.070  0003.93  11.66  08.03  307.5  009.26  28.013  1021.510  1481.66 
2024 01 25 12 24 19.27  31.221  10.069  0003.86  11.30  08.03  307.5  009.26  28.014  1021.510  1481.66 
2024 01 25 12 24 19.52  31.220  10.069  0003.84  11.67  08.03  307.5  009.26  28.013  1021.509  1481.66 
2024 01 25 12 24 19.77  31.218  10.073  0003.84  11.96  08.03  307.5  009.26  28.008  1021.505  1481.66 
2024 01 25 12 24 20.02  31.220  10.070  0003.79  11.06  08.03  307.5  009.26  28.012  1021.508  1481.66 
2024 01 25 12 24 20.27  31.219  10.073  0003.72  10.62  08.03  307.5  009.26  28.009  1021.505  1481.66 
2024 01 25 12 24 20.52  31.218  10.074  0003.58  10.39  08.03  307.5  009.26  28.007  1021.503  1481.66 
2024 01 25 12 24 20.77  31.218  10.075  0003.49  10.06  08.03  307.5  009.26  28.007  1021.502  1481.66 
2024 01 25 12 24 21.02  31.217  10.075  0003.38  09.80  08.03  307.5  009.26  28.006  1021.501  1481.66 
2024 01 25 12 24 21.27  31.213  10.075  0003.23  09.57  08.03  307.5  009.26  28.002  1021.497  1481.66 
2024 01 25 12 24 21.52  31.211  10.075  0003.06  09.67  08.03  307.5  009.26  28.000  1021.494  1481.65 
2024 01 25 12 24 21.77  31.209  10.076  0002.91  09.35  08.03  307.6  009.26  27.997  1021.492  1481.65 
2024 01 25 12 24 22.02  31.204  10.074  0002.74  08.74  08.03  307.6  009.26  27.993  1021.488  1481.63 
2024 01 25 12 24 22.27  31.190  10.072  0002.61  08.33  08.03  307.6  009.26  27.981  1021.478  1481.61 
2024 01 25 12 24 22.52  31.156  10.067  0002.52  07.85  08.04  307.6  009.26  27.952  1021.456  1481.55 
2024 01 25 12 24 22.77  31.132  10.062  0002.36  07.94  08.04  307.6  009.26  27.932  1021.440  1481.51 
2024 01 25 12 24 23.02  31.013  10.056  0002.23  07.92  08.04  307.6  009.26  27.818  1021.352  1481.35 
2024 01 25 12 24 23.27  30.920  10.058  0002.10  06.86  08.04  307.6  009.26  27.724  1021.278  1481.24 
2024 01 25 12 24 23.52  30.872  10.060  0002.01  06.10  08.04  307.6  009.26  27.676  1021.240  1481.19 
2024 01 25 12 24 23.77  30.841  10.061  0001.92  05.53  08.04  307.6  009.26  27.644  1021.214  1481.15 
2024 01 25 12 24 24.02  30.831  10.068  0001.87  05.53  08.04  307.6  009.26  27.630  1021.202  1481.16 
2024 01 25 12 24 24.27  30.839  10.070  0001.84  05.76  08.04  307.6  009.26  27.635  1021.206  1481.17 
2024 01 25 12 24 24.52  30.759  10.073  0001.74  05.25  08.04  307.6  009.26  27.554  1021.141  1481.08 
2024 01 25 12 24 24.77  30.694  10.064  0001.65  04.69  08.04  307.8  009.26  27.497  1021.098  1480.98 
2024 01 25 12 24 25.02  30.671  10.066  0001.57  04.30  08.04  307.8  009.29  27.473  1021.078  1480.96 
2024 01 25 12 24 25.27  30.624  10.052  0001.49  03.99  08.05  307.8  009.29  27.437  1021.052  1480.86 
2024 01 25 12 24 25.52  30.460  10.016  0001.41  03.87  08.05  307.8  009.26  27.302  1020.952  1480.56 
2024 01 25 12 24 25.77  30.160  09.972  0001.26  03.53  08.05  307.8  009.26  27.037  1020.753  1480.08 
2024 01 25 12 24 26.02  29.856  09.939  0001.13  03.39  08.05  307.8  009.26  26.761  1020.542  1479.62 
2024 01 25 12 24 26.27  29.705  09.927  0001.06  03.27  08.05  307.8  009.26  26.622  1020.435  1479.40 
2024 01 25 12 24 26.52  29.906  09.943  0001.06  03.15  08.06  307.8  009.26  26.808  1020.578  1479.69 
2024 01 25 12 24 26.77  29.816  09.936  0001.06  03.16  08.05  307.8  009.26  26.724  1020.513  1479.56 
2024 01 25 12 24 27.02  29.743  09.936  0001.06  03.16  08.05  307.8  009.26  26.652  1020.458  1479.47 
2024 01 25 12 24 27.27  29.681  09.932  0001.05  03.08  08.05  307.8  009.26  26.593  1020.412  1479.39 
2024 01 25 12 24 27.52  29.636  09.928  0001.05  02.87  08.06  307.8  009.26  26.552  1020.381  1479.32 
2024 01 25 12 24 27.77  29.611  09.926  0001.05  02.75  08.06  309.5  009.26  26.529  1020.363  1479.29 
2024 01 25 12 24 28.02  29.567  09.920  0001.06  02.85  08.06  309.5  009.26  26.491  1020.334  1479.22 
2024 01 25 12 24 28.27  29.441  09.919  0001.11  02.91  08.06  309.5  009.26  26.366  1020.238  1479.07 
2024 01 25 12 24 28.52  29.423  09.917  0001.14  02.99  08.06  309.5  009.26  26.350  1020.226  1479.04 
2024 01 25 12 24 28.77  29.419  09.922  0001.16  02.94  08.06  309.5  009.29  26.342  1020.218  1479.05 
2024 01 25 12 24 29.02  29.404  09.919  0001.16  02.92  08.06  309.5  009.26  26.329  1020.209  1479.02 
2024 01 25 12 24 29.27  29.401  09.908  0001.22  02.93  08.06  309.5  009.26  26.335  1020.216  1478.99 
2024 01 25 12 24 29.52  29.396  09.900  0001.28  02.82  08.06  309.5  009.26  26.336  1020.217  1478.96 
2024 01 25 12 24 29.77  29.411  09.882  0001.38  02.81  08.05  309.5  009.26  26.363  1020.242  1478.93 
2024 01 25 12 24 30.02  29.786  09.928  0001.49  02.89  08.06  309.5  009.26  26.700  1020.498  1479.51 
2024 01 25 12 24 30.27  30.120  09.967  0001.63  03.00  08.05  309.5  009.26  27.002  1020.728  1480.02 
2024 01 25 12 24 30.52  30.426  10.017  0001.77  03.13  08.05  309.5  009.26  27.267  1020.927  1480.53 
2024 01 25 12 24 30.77  30.625  10.049  0001.94  03.22  08.05  312.0  009.26  27.439  1021.057  1480.86 
2024 01 25 12 24 31.02  30.725  10.081  0002.06  03.31  08.05  312.0  009.29  27.514  1021.111  1481.07 
2024 01 25 12 24 31.27  30.743  10.075  0002.22  03.64  08.04  312.0  009.26  27.537  1021.130  1481.07 
2024 01 25 12 24 31.52  30.779  10.063  0002.35  04.06  08.04  312.0  009.26  27.581  1021.167  1481.09 
2024 01 25 12 24 31.77  30.842  10.059  0002.51  04.41  08.04  312.0  009.29  27.647  1021.219  1481.15 
2024 01 25 12 24 32.02  30.931  10.052  0002.67  04.83  08.04  312.0  009.26  27.740  1021.294  1481.24 
2024 01 25 12 24 32.27  31.020  10.055  0002.81  05.44  08.04  312.0  009.26  27.826  1021.361  1481.36 
2024 01 25 12 24 32.52  31.143  10.067  0002.96  06.08  08.04  312.0  009.26  27.939  1021.448  1481.55 
2024 01 25 12 24 32.77  31.178  10.073  0003.13  06.50  08.03  312.0  009.26  27.969  1021.471  1481.61 
2024 01 25 12 24 33.02  31.182  10.074  0003.25  06.99  08.03  312.0  009.26  27.972  1021.474  1481.61 
2024 01 25 12 24 33.27  31.173  10.072  0003.41  07.07  08.03  312.0  009.26  27.964  1021.469  1481.60 
2024 01 25 12 24 33.52  31.202  10.074  0003.55  07.57  08.03  312.0  009.26  27.992  1021.491  1481.64 
2024 01 25 12 24 33.77  31.211  10.074  0003.69  07.94  08.03  312.0  009.26  28.001  1021.498  1481.66 
2024 01 25 12 24 34.02  31.217  10.069  0003.86  08.44  08.03  312.0  009.26  28.009  1021.506  1481.65 
2024 01 25 12 24 34.27  31.214  10.065  0004.03  09.20  08.03  312.0  009.26  28.010  1021.509  1481.64 
2024 01 25 12 24 34.52  31.213  10.062  0004.18  09.95  08.03  312.0  009.29  28.012  1021.511  1481.63 
2024 01 25 12 24 34.77  31.213  10.061  0004.33  10.61  08.03  312.0  009.26  28.012  1021.512  1481.64 
2024 01 25 12 24 35.02  31.214  10.060  0004.50  11.14  08.03  312.0  009.26  28.014  1021.515  1481.64 
2024 01 25 12 24 35.27  31.214  10.057  0004.67  11.49  08.03  312.0  009.26  28.016  1021.517  1481.63 
2024 01 25 12 24 35.52  31.216  10.057  0004.80  12.19  08.03  312.0  009.26  28.018  1021.519  1481.63 
2024 01 25 12 24 35.77  31.218  10.056  0004.96  12.78  08.03  312.0  009.26  28.021  1021.523  1481.64 
2024 01 25 12 24 36.02  31.220  10.056  0005.10  12.69  08.03  312.0  009.26  28.023  1021.525  1481.64 
2024 01 25 12 24 36.27  31.218  10.055  0005.26  13.10  08.03  312.0  009.26  28.021  1021.524  1481.64 
2024 01 25 12 24 36.52  31.217  10.053  0005.41  13.10  08.03  312.0  009.26  28.022  1021.526  1481.64 
2024 01 25 12 24 36.77  31.229  10.050  0005.53  13.36  08.03  310.0  009.26  28.037  1021.538  1481.64 
2024 01 25 12 24 37.02  31.262  10.047  0005.63  13.68  08.03  310.0  009.29  28.071  1021.566  1481.68 
2024 01 25 12 24 37.27  31.301  10.048  0005.75  14.52  08.03  310.0  009.29  28.109  1021.596  1481.73 
2024 01 25 12 24 37.52  31.362  10.052  0005.92  15.12  08.03  310.0  009.26  28.166  1021.641  1481.82 
2024 01 25 12 24 37.77  31.369  10.053  0006.08  15.57  08.03  310.0  009.26  28.173  1021.647  1481.83 
2024 01 25 12 24 38.02  31.369  10.052  0006.25  14.96  08.03  310.0  009.26  28.174  1021.648  1481.83 
2024 01 25 12 24 38.27  31.370  10.052  0006.43  14.52  08.03  310.0  009.26  28.174  1021.649  1481.83 
2024 01 25 12 24 38.52  31.371  10.053  0006.63  13.82  08.03  310.0  009.26  28.174  1021.650  1481.84 
2024 01 25 12 24 38.77  31.371  10.052  0006.79  13.71  08.02  310.0  009.26  28.175  1021.652  1481.84 
2024 01 25 12 24 39.02  31.372  10.050  0006.96  13.78  08.03  310.0  009.26  28.177  1021.655  1481.84 
2024 01 25 12 24 39.27  31.374  10.046  0007.11  13.57  08.03  310.0  009.26  28.182  1021.660  1481.83 
2024 01 25 12 24 39.52  31.375  10.046  0007.25  13.79  08.03  310.0  009.26  28.184  1021.662  1481.83 
2024 01 25 12 24 39.77  31.381  10.044  0007.39  13.95  08.03  308.3  009.26  28.190  1021.668  1481.84 
2024 01 25 12 24 40.02  31.392  10.042  0007.48  14.17  08.03  308.3  009.26  28.203  1021.678  1481.85 
2024 01 25 12 24 40.27  31.397  10.040  0007.58  14.32  08.03  308.3  009.26  28.209  1021.683  1481.85 
2024 01 25 12 24 40.52  31.402  10.040  0007.67  14.56  08.03  308.3  009.29  28.215  1021.688  1481.86 
2024 01 25 12 24 40.77  31.415  10.034  0007.75  14.74  08.03  308.3  009.26  28.232  1021.703  1481.86 
2024 01 25 12 24 41.02  31.417  10.035  0007.82  15.46  08.03  308.3  009.26  28.233  1021.704  1481.87 
2024 01 25 12 24 41.27  31.420  10.032  0007.93  15.34  08.03  308.3  009.26  28.239  1021.710  1481.86 
2024 01 25 12 24 41.52  31.423  10.030  0008.02  15.35  08.03  308.3  009.26  28.243  1021.713  1481.86 
2024 01 25 12 24 41.77  31.424  10.024  0008.12  16.05  08.02  308.3  009.26  28.248  1021.719  1481.85 
2024 01 25 12 24 42.02  31.426  10.025  0008.19  16.02  08.03  308.3  009.26  28.250  1021.721  1481.85 
2024 01 25 12 24 42.27  31.431  10.020  0008.31  16.18  08.03  308.3  009.26  28.259  1021.729  1481.85 
2024 01 25 12 24 42.52  31.440  10.010  0008.42  16.01  08.02  308.3  009.26  28.276  1021.745  1481.83 
2024 01 25 12 24 42.77  31.442  10.011  0008.52  15.89  08.03  307.1  009.26  28.277  1021.745  1481.84 
2024 01 25 12 24 43.02  31.447  10.008  0008.61  16.07  08.02  307.1  009.29  28.284  1021.752  1481.84 
2024 01 25 12 24 43.27  31.452  10.004  0008.75  15.60  08.02  307.1  009.26  28.292  1021.759  1481.84 
2024 01 25 12 24 43.52  31.465  09.998  0008.85  16.24  08.02  307.1  009.26  28.310  1021.775  1481.84 
2024 01 25 12 24 43.77  31.467  09.998  0008.95  16.14  08.02  307.1  009.29  28.311  1021.776  1481.84 
2024 01 25 12 24 44.02  31.473  09.997  0009.06  14.61  08.02  307.1  009.26  28.318  1021.782  1481.85 
2024 01 25 12 24 44.27  31.502  09.996  0009.20  14.29  08.02  307.1  009.26  28.348  1021.806  1481.88 
2024 01 25 12 24 44.52  31.510  09.995  0009.33  14.20  08.02  307.1  009.26  28.357  1021.814  1481.89 
2024 01 25 12 24 44.77  31.528  09.992  0009.45  13.73  08.02  307.1  009.26  28.377  1021.831  1481.91 
2024 01 25 12 24 45.02  31.561  09.972  0009.58  13.05  08.02  307.1  009.26  28.425  1021.871  1481.89 
2024 01 25 12 24 45.27  31.584  09.929  0009.70  12.58  08.02  307.1  009.26  28.482  1021.923  1481.81 
2024 01 25 12 24 45.52  31.607  09.911  0009.87  12.91  08.02  307.1  009.26  28.519  1021.956  1481.79 
2024 01 25 12 24 45.77  31.610  09.903  0010.02  11.46  08.02  306.5  009.26  28.528  1021.965  1481.77 
2024 01 25 12 24 46.02  31.615  09.894  0010.17  10.37  08.02  306.5  009.26  28.540  1021.976  1481.76 
2024 01 25 12 24 46.27  31.616  09.890  0010.29  09.63  08.02  306.5  009.26  28.545  1021.981  1481.75 
2024 01 25 12 24 46.52  31.615  09.890  0010.46  08.76  08.02  306.5  009.26  28.544  1021.981  1481.75 
2024 01 25 12 24 46.77  31.619  09.880  0010.58  08.12  08.02  306.5  009.26  28.555  1021.992  1481.73 
2024 01 25 12 24 47.02  31.623  09.871  0010.70  07.79  08.01  306.5  009.26  28.566  1022.002  1481.71 
2024 01 25 12 24 47.27  31.623  09.872  0010.79  07.41  08.01  306.5  009.26  28.566  1022.002  1481.72 
2024 01 25 12 24 47.52  31.626  09.862  0010.94  07.10  08.01  306.5  009.26  28.576  1022.013  1481.70 
2024 01 25 12 24 47.77  31.635  09.864  0011.07  06.99  08.01  306.5  009.26  28.583  1022.019  1481.71 
2024 01 25 12 24 48.02  31.635  09.844  0011.18  06.95  08.01  306.5  009.26  28.600  1022.035  1481.66 
2024 01 25 12 24 48.27  31.636  09.839  0011.32  06.91  08.01  306.5  009.26  28.604  1022.040  1481.65 
2024 01 25 12 24 48.52  31.641  09.837  0011.45  07.02  08.01  306.5  009.26  28.611  1022.046  1481.65 
2024 01 25 12 24 48.77  31.642  09.834  0011.53  06.97  08.01  305.4  009.26  28.614  1022.049  1481.65 
2024 01 25 12 24 49.02  31.642  09.818  0011.61  07.08  08.01  305.4  009.26  28.628  1022.063  1481.61 
2024 01 25 12 24 49.27  31.646  09.798  0011.71  06.95  08.01  305.4  009.26  28.646  1022.081  1481.56 
2024 01 25 12 24 49.52  31.692  09.834  0011.86  07.02  08.01  305.4  009.26  28.664  1022.090  1481.71 
2024 01 25 12 24 49.77  31.731  09.863  0012.00  07.05  08.01  305.4  009.26  28.680  1022.099  1481.84 
2024 01 25 12 24 50.02  31.747  09.874  0012.14  07.43  08.01  305.4  009.26  28.687  1022.103  1481.89 
2024 01 25 12 24 50.27  31.754  09.879  0012.29  07.86  08.01  305.4  009.26  28.690  1022.105  1481.92 
2024 01 25 12 24 50.52  31.759  09.879  0012.41  07.88  08.01  305.4  009.26  28.695  1022.110  1481.93 
2024 01 25 12 24 50.77  31.778  09.884  0012.54  08.04  08.01  305.4  009.26  28.710  1022.121  1481.97 
2024 01 25 12 24 51.02  31.776  09.882  0012.66  08.44  08.02  305.4  009.26  28.710  1022.122  1481.96 
2024 01 25 12 24 51.27  31.791  09.880  0012.76  08.52  08.02  305.4  009.26  28.726  1022.135  1481.97 
2024 01 25 12 24 51.52  31.788  09.875  0012.88  08.41  08.02  305.4  009.26  28.727  1022.137  1481.96 
2024 01 25 12 24 51.77  31.790  09.873  0013.02  08.05  08.02  305.0  009.29  28.731  1022.141  1481.96 
2024 01 25 12 24 52.02  31.788  09.859  0013.13  08.06  08.02  305.0  009.26  28.740  1022.151  1481.92 
2024 01 25 12 24 52.27  31.787  09.851  0013.28  08.03  08.02  305.0  009.26  28.744  1022.156  1481.90 
2024 01 25 12 24 52.52  31.768  09.822  0013.40  08.20  08.02  305.0  009.29  28.750  1022.166  1481.80 
2024 01 25 12 24 52.77  31.754  09.803  0013.53  08.26  08.02  305.0  009.26  28.750  1022.169  1481.73 
2024 01 25 12 24 53.02  31.751  09.799  0013.58  07.94  08.02  305.0  009.26  28.750  1022.170  1481.72 
2024 01 25 12 24 53.27  31.746  09.790  0013.66  07.68  08.02  305.0  009.26  28.753  1022.174  1481.69 
2024 01 25 12 24 53.52  31.744  09.784  0013.74  07.18  08.01  305.0  009.26  28.755  1022.177  1481.67 
2024 01 25 12 24 53.77  31.730  09.724  0013.84  07.15  08.01  305.0  009.26  28.789  1022.214  1481.49 
2024 01 25 12 24 54.02  31.730  09.714  0013.95  06.86  08.01  305.0  009.26  28.797  1022.221  1481.47 
2024 01 25 12 24 54.27  31.729  09.684  0014.05  06.60  08.01  305.0  009.26  28.820  1022.245  1481.39 
2024 01 25 12 24 54.52  31.749  09.670  0014.15  06.59  08.01  305.0  009.26  28.852  1022.272  1481.38 
2024 01 25 12 24 54.77  31.762  09.663  0014.23  06.11  08.01  304.6  009.26  28.870  1022.288  1481.37 
2024 01 25 12 24 55.02  31.779  09.646  0014.35  05.60  08.00  304.6  009.26  28.900  1022.315  1481.35 
2024 01 25 12 24 55.27  31.786  09.633  0014.43  05.48  08.00  304.6  009.29  28.918  1022.331  1481.33 
2024 01 25 12 24 55.52  31.803  09.616  0014.55  05.19  08.00  304.6  009.26  28.949  1022.358  1481.30 
2024 01 25 12 24 55.77  31.804  09.618  0014.65  05.25  08.00  304.6  009.29  28.948  1022.358  1481.31 
2024 01 25 12 24 56.02  31.806  09.615  0014.74  05.01  08.00  304.6  009.26  28.953  1022.362  1481.31 
2024 01 25 12 24 56.27  31.808  09.608  0014.83  05.00  08.00  304.6  009.26  28.961  1022.370  1481.29 
2024 01 25 12 24 56.52  31.810  09.601  0014.94  04.76  08.00  304.6  009.26  28.968  1022.377  1481.28 
2024 01 25 12 24 56.77  31.812  09.597  0015.04  04.71  08.00  304.6  009.26  28.973  1022.382  1481.27 
2024 01 25 12 24 57.02  31.815  09.586  0015.17  04.62  08.00  304.6  009.26  28.985  1022.394  1481.25 
2024 01 25 12 24 57.27  31.821  09.580  0015.32  04.58  08.00  304.6  009.26  28.996  1022.404  1481.24 
2024 01 25 12 24 57.52  31.826  09.577  0015.46  04.67  08.00  304.6  009.26  29.003  1022.411  1481.24 
2024 01 25 12 24 57.77  31.828  09.577  0015.60  04.70  08.00  304.5  009.26  29.005  1022.413  1481.24 
2024 01 25 12 24 58.02  31.827  09.572  0015.75  04.72  08.00  304.5  009.26  29.008  1022.416  1481.23 
2024 01 25 12 24 58.27  31.826  09.567  0015.91  04.57  08.00  304.5  009.26  29.011  1022.420  1481.22 
2024 01 25 12 24 58.52  31.826  09.566  0016.05  04.77  08.00  304.5  009.26  29.012  1022.422  1481.22 
2024 01 25 12 24 58.77  31.830  09.565  0016.18  04.57  08.00  304.5  009.26  29.016  1022.426  1481.22 
2024 01 25 12 24 59.02  31.831  09.564  0016.35  04.62  08.00  304.5  009.26  29.018  1022.428  1481.22 
2024 01 25 12 24 59.27  31.834  09.562  0016.49  04.56  08.00  304.5  009.26  29.024  1022.434  1481.22 
2024 01 25 12 24 59.52  31.834  09.553  0016.62  04.46  08.00  304.5  009.26  29.030  1022.441  1481.20 
2024 01 25 12 24 59.77  31.835  09.555  0016.70  04.49  07.99  304.5  009.26  29.029  1022.440  1481.21 
2024 01 25 12 25 00.02  31.835  09.551  0016.85  04.46  08.00  304.5  009.26  29.033  1022.444  1481.20 
2024 01 25 12 25 00.27  31.834  09.548  0016.98  04.39  07.99  304.5  009.26  29.034  1022.446  1481.20 
2024 01 25 12 25 00.52  31.834  09.546  0017.12  04.48  08.00  304.5  009.26  29.036  1022.448  1481.19 
2024 01 25 12 25 00.77  31.834  09.546  0017.27  04.46  08.00  302.6  009.26  29.035  1022.448  1481.19 
2024 01 25 12 25 01.02  31.834  09.545  0017.42  04.52  08.00  302.6  009.29  29.036  1022.450  1481.19 
2024 01 25 12 25 01.27  31.835  09.544  0017.51  04.27  07.99  302.6  009.26  29.038  1022.452  1481.19 
2024 01 25 12 25 01.52  31.838  09.538  0017.68  04.10  07.99  302.6  009.26  29.046  1022.460  1481.18 
2024 01 25 12 25 01.77  31.845  09.533  0017.83  04.37  07.99  302.6  009.26  29.058  1022.471  1481.18 
2024 01 25 12 25 02.02  31.850  09.491  0017.96  04.35  07.99  302.6  009.26  29.096  1022.507  1481.08 
2024 01 25 12 25 02.27  31.856  09.449  0018.10  04.27  07.99  302.6  009.26  29.136  1022.546  1480.97 
2024 01 25 12 25 02.52  31.858  09.436  0018.27  04.03  07.99  302.6  009.26  29.149  1022.559  1480.94 
2024 01 25 12 25 02.77  31.854  09.427  0018.40  03.91  07.99  302.6  009.26  29.152  1022.563  1480.91 
2024 01 25 12 25 03.02  31.854  09.421  0018.51  03.75  07.99  302.6  009.26  29.156  1022.568  1480.90 
2024 01 25 12 25 03.27  31.850  09.422  0018.62  03.87  07.99  302.6  009.26  29.152  1022.565  1480.90 
2024 01 25 12 25 03.52  31.849  09.420  0018.70  03.66  07.99  302.6  009.26  29.153  1022.566  1480.89 
2024 01 25 12 25 03.77  31.849  09.409  0018.81  03.75  07.99  300.8  009.29  29.161  1022.575  1480.86 
2024 01 25 12 25 04.02  31.846  09.402  0018.95  03.77  07.99  300.8  009.26  29.164  1022.579  1480.84 
2024 01 25 12 25 04.27  31.845  09.401  0019.09  03.69  07.99  300.8  009.29  29.164  1022.580  1480.84 
2024 01 25 12 25 04.52  31.848  09.399  0019.23  03.60  07.99  300.8  009.26  29.168  1022.584  1480.84 
2024 01 25 12 25 04.77  31.848  09.396  0019.38  03.68  07.99  300.8  009.26  29.170  1022.587  1480.84 
2024 01 25 12 25 05.02  31.852  09.397  0019.50  03.48  07.99  300.8  009.26  29.173  1022.589  1480.85 
2024 01 25 12 25 05.27  31.859  09.400  0019.61  03.52  07.99  300.8  009.26  29.178  1022.593  1480.86 
2024 01 25 12 25 05.52  31.871  09.404  0019.76  03.54  07.99  300.8  009.26  29.187  1022.600  1480.89 
2024 01 25 12 25 05.77  31.878  09.407  0019.88  03.65  07.98  300.8  009.26  29.191  1022.604  1480.91 
2024 01 25 12 25 06.02  31.884  09.408  0020.02  03.91  07.99  300.8  009.26  29.197  1022.608  1480.92 
2024 01 25 12 25 06.27  31.886  09.409  0020.15  03.78  07.99  300.8  009.26  29.198  1022.609  1480.93 
2024 01 25 12 25 06.52  31.886  09.409  0020.28  03.83  07.99  300.8  009.26  29.198  1022.610  1480.93 
2024 01 25 12 25 06.77  31.889  09.409  0020.44  03.59  07.99  300.3  009.26  29.201  1022.613  1480.94 
2024 01 25 12 25 07.02  31.895  09.413  0020.60  03.84  07.99  300.3  009.26  29.203  1022.615  1480.96 
2024 01 25 12 25 07.27  31.892  09.413  0020.78  03.84  07.99  300.3  009.26  29.201  1022.615  1480.96 
2024 01 25 12 25 07.52  31.889  09.410  0020.94  03.86  07.99  300.3  009.26  29.200  1022.615  1480.95 
2024 01 25 12 25 07.77  31.893  09.412  0021.11  03.80  07.99  300.3  009.29  29.202  1022.617  1480.96 
2024 01 25 12 25 08.02  31.909  09.431  0021.28  03.80  07.99  300.3  009.26  29.203  1022.616  1481.04 
2024 01 25 12 25 08.27  31.912  09.433  0021.46  03.80  07.99  300.3  009.26  29.205  1022.618  1481.05 
2024 01 25 12 25 08.52  31.912  09.431  0021.62  03.85  07.99  300.3  009.26  29.205  1022.619  1481.05 
2024 01 25 12 25 08.77  31.910  09.430  0021.78  03.92  07.98  300.3  009.26  29.204  1022.619  1481.04 
2024 01 25 12 25 09.02  31.910  09.428  0021.93  03.94  07.99  300.3  009.26  29.206  1022.621  1481.04 
2024 01 25 12 25 09.27  31.908  09.427  0022.10  03.93  07.99  300.3  009.26  29.205  1022.622  1481.04 
2024 01 25 12 25 09.52  31.904  09.419  0022.30  03.99  07.99  300.3  009.26  29.207  1022.625  1481.01 
2024 01 25 12 25 09.77  31.901  09.418  0022.43  04.08  07.99  299.7  009.26  29.206  1022.625  1481.01 
2024 01 25 12 25 10.02  31.904  09.419  0022.61  03.82  07.99  299.7  009.26  29.208  1022.627  1481.02 
2024 01 25 12 25 10.27  31.908  09.422  0022.77  03.80  07.99  299.7  009.26  29.209  1022.628  1481.04 
2024 01 25 12 25 10.52  31.943  09.452  0022.98  04.07  07.99  299.7  009.26  29.220  1022.633  1481.16 
2024 01 25 12 25 10.77  31.916  09.402  0023.13  03.97  07.99  299.7  009.26  29.232  1022.651  1481.00 
2024 01 25 12 25 11.02  31.914  09.385  0023.34  03.93  07.99  299.7  009.26  29.244  1022.664  1480.95 
2024 01 25 12 25 11.27  31.917  09.373  0023.53  03.93  07.99  299.7  009.26  29.258  1022.677  1480.92 
2024 01 25 12 25 11.52  31.917  09.366  0023.71  03.65  07.99  299.7  009.26  29.264  1022.684  1480.91 
2024 01 25 12 25 11.77  31.899  09.330  0023.90  03.72  07.98  299.7  009.26  29.274  1022.698  1480.79 
2024 01 25 12 25 12.02  31.884  09.278  0024.06  03.58  07.98  299.7  009.26  29.302  1022.729  1480.64 
2024 01 25 12 25 12.27  31.885  09.260  0024.20  03.50  07.98  299.7  009.26  29.318  1022.745  1480.59 
2024 01 25 12 25 12.52  31.880  09.249  0024.37  03.40  07.98  299.7  009.26  29.322  1022.750  1480.56 
2024 01 25 12 25 12.77  31.876  09.238  0024.52  03.45  07.98  299.0  009.29  29.326  1022.756  1480.52 
2024 01 25 12 25 13.02  31.868  09.215  0024.67  03.17  07.98  299.0  009.26  29.337  1022.768  1480.45 
2024 01 25 12 25 13.27  31.820  09.151  0024.81  03.10  07.98  299.0  009.26  29.340  1022.781  1480.22 
2024 01 25 12 25 13.52  31.806  09.132  0024.97  03.08  07.98  299.0  009.26  29.341  1022.785  1480.16 
2024 01 25 12 25 13.77  31.795  09.116  0025.13  02.98  07.98  299.0  009.26  29.343  1022.790  1480.10 
2024 01 25 12 25 14.02  31.795  09.112  0025.29  02.94  07.97  299.0  009.26  29.347  1022.795  1480.09 
2024 01 25 12 25 14.27  31.848  09.148  0025.44  02.93  07.97  299.0  009.26  29.371  1022.809  1480.26 
2024 01 25 12 25 14.52  31.887  09.167  0025.61  02.85  07.97  299.0  009.26  29.395  1022.825  1480.36 
2024 01 25 12 25 14.77  31.896  09.168  0025.78  02.96  07.97  299.0  009.26  29.403  1022.832  1480.38 
2024 01 25 12 25 15.02  31.900  09.166  0025.95  03.06  07.97  299.0  009.26  29.409  1022.838  1480.38 
2024 01 25 12 25 15.27  31.894  09.156  0026.10  03.20  07.97  299.0  009.26  29.411  1022.841  1480.35 
2024 01 25 12 25 15.52  31.884  09.141  0026.25  03.21  07.97  299.0  009.26  29.413  1022.846  1480.30 
2024 01 25 12 25 15.77  31.882  09.131  0026.41  03.20  07.97  298.8  009.29  29.420  1022.854  1480.27 
2024 01 25 12 25 16.02  31.873  09.113  0026.58  03.26  07.97  298.8  009.26  29.424  1022.861  1480.21 
2024 01 25 12 25 16.27  31.859  09.095  0026.72  03.25  07.97  298.8  009.26  29.425  1022.865  1480.15 
2024 01 25 12 25 16.52  31.849  09.081  0026.91  03.08  07.97  298.8  009.29  29.426  1022.868  1480.10 
2024 01 25 12 25 16.77  31.839  09.067  0027.04  03.07  07.97  298.8  009.26  29.428  1022.872  1480.05 
2024 01 25 12 25 17.02  31.797  09.020  0027.19  03.08  07.97  298.8  009.26  29.424  1022.877  1479.87 
2024 01 25 12 25 17.27  31.769  08.979  0027.32  03.02  07.97  298.8  009.26  29.429  1022.888  1479.73 
2024 01 25 12 25 17.52  31.741  08.942  0027.46  02.93  07.97  298.8  009.26  29.431  1022.895  1479.60 
2024 01 25 12 25 17.77  31.770  08.936  0027.62  02.81  07.97  298.8  009.26  29.466  1022.924  1479.62 
2024 01 25 12 25 18.02  31.775  08.902  0027.77  02.85  07.97  298.8  009.26  29.499  1022.956  1479.53 
2024 01 25 12 25 18.27  31.779  08.890  0027.93  02.79  07.96  298.8  009.26  29.513  1022.970  1479.51 
2024 01 25 12 25 18.52  31.775  08.876  0028.05  02.80  07.96  298.8  009.26  29.521  1022.978  1479.47 
2024 01 25 12 25 18.77  31.769  08.854  0028.18  02.66  07.96  297.6  009.26  29.533  1022.991  1479.40 
2024 01 25 12 25 19.02  31.758  08.826  0028.31  02.50  07.96  297.6  009.29  29.544  1023.005  1479.31 
2024 01 25 12 25 19.27  31.736  08.777  0028.47  02.49  07.96  297.6  009.29  29.563  1023.028  1479.15 
2024 01 25 12 25 19.52  31.735  08.776  0028.63  02.51  07.96  297.6  009.26  29.562  1023.028  1479.15 
2024 01 25 12 25 19.77  31.732  08.768  0028.81  02.56  07.96  297.6  009.26  29.565  1023.032  1479.13 
2024 01 25 12 25 20.02  31.724  08.753  0028.97  02.56  07.96  297.6  009.26  29.570  1023.039  1479.08 
2024 01 25 12 25 20.27  31.721  08.746  0029.13  02.54  07.95  297.6  009.26  29.572  1023.042  1479.06 
2024 01 25 12 25 20.52  31.682  08.642  0029.32  02.51  07.95  297.6  009.29  29.618  1023.095  1478.73 
2024 01 25 12 25 20.77  31.665  08.595  0029.43  02.43  07.95  297.6  009.26  29.641  1023.119  1478.58 
2024 01 25 12 25 21.02  31.676  08.574  0029.58  02.42  07.95  297.6  009.26  29.670  1023.146  1478.54 
2024 01 25 12 25 21.27  31.684  08.521  0029.72  02.42  07.95  297.6  009.26  29.722  1023.195  1478.40 
2024 01 25 12 25 21.52  31.679  08.496  0029.84  02.31  07.94  297.6  009.26  29.739  1023.212  1478.33 
2024 01 25 12 25 21.77  31.681  08.479  0029.95  02.28  07.94  296.0  009.29  29.754  1023.227  1478.29 
2024 01 25 12 25 22.02  31.680  08.472  0030.04  02.23  07.94  296.0  009.26  29.759  1023.232  1478.27 
2024 01 25 12 25 22.27  31.677  08.484  0030.17  02.25  07.94  296.0  009.26  29.746  1023.221  1478.30 
2024 01 25 12 25 22.52  31.662  08.388  0030.28  02.26  07.94  296.0  009.26  29.811  1023.286  1478.02 
2024 01 25 12 25 22.77  31.651  08.339  0030.43  02.25  07.93  296.0  009.26  29.841  1023.318  1477.87 
2024 01 25 12 25 23.02  31.600  08.226  0030.58  02.22  07.93  296.0  009.29  29.885  1023.368  1477.50 
2024 01 25 12 25 23.27  31.558  08.142  0030.72  02.17  07.93  296.0  009.26  29.911  1023.402  1477.21 
2024 01 25 12 25 23.52  31.517  08.090  0030.83  02.05  07.93  296.0  009.26  29.912  1023.410  1477.02 
2024 01 25 12 25 23.77  31.490  08.065  0030.97  01.89  07.92  296.0  009.26  29.906  1023.410  1476.92 
2024 01 25 12 25 24.02  31.506  08.068  0031.09  01.78  07.92  296.0  009.26  29.919  1023.420  1476.95 
2024 01 25 12 25 24.27  31.523  08.084  0031.21  01.83  07.92  296.0  009.26  29.924  1023.422  1477.01 
2024 01 25 12 25 24.52  31.533  08.087  0031.36  01.82  07.92  296.0  009.26  29.931  1023.428  1477.04 
2024 01 25 12 25 24.77  31.532  08.086  0031.49  01.75  07.91  292.8  009.26  29.931  1023.428  1477.04 
2024 01 25 12 25 25.02  31.543  08.097  0031.65  01.77  07.91  292.8  009.29  29.934  1023.430  1477.08 
2024 01 25 12 25 25.27  31.551  08.098  0031.79  01.79  07.91  292.8  009.26  29.941  1023.436  1477.10 
2024 01 25 12 25 25.52  31.554  08.096  0031.91  01.81  07.91  292.8  009.26  29.946  1023.441  1477.10 
2024 01 25 12 25 25.77  31.556  08.093  0032.04  01.85  07.91  292.8  009.29  29.950  1023.445  1477.10 
2024 01 25 12 25 26.02  31.573  08.102  0032.16  01.86  07.91  292.8  009.26  29.961  1023.453  1477.15 
2024 01 25 12 25 26.27  31.576  08.102  0032.29  01.88  07.91  292.8  009.26  29.964  1023.456  1477.15 
2024 01 25 12 25 26.52  31.587  08.108  0032.43  01.90  07.91  292.8  009.26  29.970  1023.460  1477.18 
2024 01 25 12 25 26.77  31.592  08.107  0032.56  01.79  07.90  292.8  009.26  29.977  1023.467  1477.19 
2024 01 25 12 25 27.02  31.592  08.109  0032.68  01.79  07.91  292.8  009.26  29.975  1023.465  1477.20 
2024 01 25 12 25 27.27  31.594  08.107  0032.83  01.91  07.91  292.8  009.26  29.978  1023.469  1477.20 
2024 01 25 12 25 27.52  31.600  08.090  0032.94  01.87  07.91  292.8  009.26  29.999  1023.488  1477.16 
2024 01 25 12 25 27.77  31.604  08.068  0033.09  01.93  07.91  290.9  009.26  30.022  1023.510  1477.10 
2024 01 25 12 25 28.02  31.600  08.049  0033.20  01.94  07.91  290.9  009.26  30.033  1023.522  1477.05 
2024 01 25 12 25 28.27  31.592  08.036  0033.34  01.90  07.91  290.9  009.26  30.036  1023.526  1477.00 
2024 01 25 12 25 28.52  31.588  08.028  0033.50  01.88  07.91  290.9  009.26  30.039  1023.531  1476.98 
2024 01 25 12 25 28.77  31.585  08.022  0033.70  01.87  07.91  290.9  009.26  30.042  1023.535  1476.96 
2024 01 25 12 25 29.02  31.580  08.015  0033.85  01.82  07.90  290.9  009.26  30.042  1023.536  1476.94 
2024 01 25 12 25 29.27  31.573  08.005  0034.02  01.86  07.90  290.9  009.26  30.043  1023.539  1476.91 
2024 01 25 12 25 29.52  31.571  08.004  0034.19  01.89  07.90  290.9  009.26  30.041  1023.539  1476.90 
2024 01 25 12 25 29.77  31.565  07.996  0034.36  01.79  07.90  290.9  009.26  30.042  1023.542  1476.88 
2024 01 25 12 25 30.02  31.552  07.975  0034.52  01.74  07.90  290.9  009.26  30.046  1023.548  1476.80 
2024 01 25 12 25 30.27  31.528  07.917  0034.70  01.81  07.90  290.9  009.26  30.070  1023.576  1476.61 
2024 01 25 12 25 30.52  31.465  07.744  0034.87  01.78  07.90  290.9  009.26  30.153  1023.666  1476.05 
2024 01 25 12 25 30.77  31.420  07.579  0035.05  01.80  07.90  288.7  009.26  30.249  1023.764  1475.54 
2024 01 25 12 25 31.02  31.397  07.459  0035.26  01.49  07.90  288.7  009.29  30.328  1023.843  1475.18 
2024 01 25 12 25 31.27  31.459  07.507  0035.44  01.35  07.89  288.7  009.26  30.352  1023.857  1475.39 
2024 01 25 12 25 31.52  31.479  07.503  0035.63  01.31  07.88  288.7  009.26  30.378  1023.878  1475.41 
2024 01 25 12 25 31.77  31.472  07.491  0035.87  01.35  07.88  288.7  009.26  30.380  1023.883  1475.38 
2024 01 25 12 25 32.02  31.475  07.491  0036.05  01.31  07.88  288.7  009.26  30.383  1023.885  1475.38 
2024 01 25 12 25 32.27  31.471  07.481  0036.21  01.33  07.88  288.7  009.26  30.388  1023.892  1475.35 
2024 01 25 12 25 32.52  31.469  07.479  0036.38  01.37  07.88  288.7  009.26  30.387  1023.892  1475.34 
2024 01 25 12 25 32.77  31.509  07.505  0036.52  01.41  07.87  288.7  009.26  30.407  1023.905  1475.47 
2024 01 25 12 25 33.02  31.517  07.511  0036.61  01.52  07.87  288.7  009.26  30.410  1023.907  1475.50 
2024 01 25 12 25 33.27  31.514  07.506  0036.71  01.40  07.87  288.7  009.26  30.412  1023.909  1475.49 
2024 01 25 12 25 33.52  31.492  07.468  0036.87  01.45  07.87  288.7  009.26  30.421  1023.923  1475.35 
2024 01 25 12 25 33.77  31.459  07.425  0036.99  01.47  07.87  287.4  009.29  30.424  1023.931  1475.19 
2024 01 25 12 25 34.02  31.432  07.381  0037.12  01.39  07.87  287.4  009.26  30.433  1023.944  1475.03 
2024 01 25 12 25 34.27  31.405  07.344  0037.29  01.34  07.87  287.4  009.26  30.437  1023.953  1474.90 
2024 01 25 12 25 34.52  31.377  07.308  0037.48  01.39  07.87  287.4  009.26  30.439  1023.961  1474.76 
2024 01 25 12 25 34.77  31.373  07.305  0037.67  01.28  07.87  287.4  009.26  30.436  1023.960  1474.75 
2024 01 25 12 25 35.02  31.416  07.345  0037.85  01.22  07.87  287.4  009.26  30.447  1023.964  1474.92 
2024 01 25 12 25 35.27  31.504  07.424  0038.03  01.16  07.87  287.4  009.29  30.473  1023.974  1475.26 
2024 01 25 12 25 35.52  31.521  07.440  0038.20  01.20  07.86  287.4  009.26  30.476  1023.975  1475.33 
2024 01 25 12 25 35.77  31.532  07.447  0038.37  01.25  07.86  287.4  009.26  30.482  1023.980  1475.37 
2024 01 25 12 25 36.02  31.540  07.452  0038.56  01.30  07.87  287.4  009.26  30.486  1023.983  1475.40 
2024 01 25 12 25 36.27  31.541  07.447  0038.73  01.26  07.87  287.4  009.26  30.491  1023.989  1475.39 
2024 01 25 12 25 36.52  31.540  07.448  0038.91  01.27  07.87  287.4  009.26  30.489  1023.988  1475.39 
2024 01 25 12 25 36.77  31.522  07.407  0039.08  01.28  07.88  286.7  009.26  30.506  1024.008  1475.26 
2024 01 25 12 25 37.02  31.504  07.385  0039.26  01.27  07.88  286.7  009.26  30.506  1024.011  1475.17 
2024 01 25 12 25 37.27  31.479  07.341  0039.47  01.21  07.87  286.7  009.26  30.518  1024.027  1475.02 
2024 01 25 12 25 37.52  31.446  07.273  0039.69  01.16  07.87  286.7  009.26  30.542  1024.056  1474.79 
2024 01 25 12 25 37.77  31.436  07.262  0039.86  01.14  07.87  286.7  009.26  30.541  1024.058  1474.75 
2024 01 25 12 25 38.02  31.432  07.250  0040.06  01.10  07.87  286.7  009.26  30.547  1024.066  1474.72 
2024 01 25 12 25 38.27  31.428  07.241  0040.26  01.06  07.87  286.7  009.26  30.551  1024.070  1474.69 
2024 01 25 12 25 38.52  31.425  07.235  0040.42  01.06  07.87  286.7  009.26  30.553  1024.073  1474.67 
2024 01 25 12 25 38.77  31.410  07.206  0040.64  01.03  07.86  286.7  009.26  30.563  1024.086  1474.57 
2024 01 25 12 25 39.02  31.400  07.179  0040.79  00.97  07.87  286.7  009.26  30.575  1024.100  1474.48 
2024 01 25 12 25 39.27  31.394  07.166  0040.96  00.97  07.87  286.7  009.26  30.580  1024.107  1474.44 
2024 01 25 12 25 39.52  31.398  07.160  0041.15  00.98  07.87  286.7  009.26  30.590  1024.116  1474.43 
2024 01 25 12 25 39.77  31.380  07.109  0041.30  00.95  07.87  286.7  009.26  30.615  1024.143  1474.27 
2024 01 25 12 25 40.02  31.346  07.061  0041.53  00.93  07.86  286.7  009.26  30.621  1024.155  1474.09 
2024 01 25 12 25 40.27  31.337  07.047  0041.71  00.93  07.86  286.7  009.26  30.624  1024.160  1474.04 
2024 01 25 12 25 40.52  31.334  07.047  0041.90  00.86  07.86  286.7  009.26  30.620  1024.158  1474.04 
2024 01 25 12 25 40.77  31.334  07.045  0042.07  00.86  07.86  286.7  009.26  30.622  1024.160  1474.04 
2024 01 25 12 25 41.02  31.330  07.038  0042.24  00.81  07.86  286.7  009.26  30.624  1024.164  1474.02 
2024 01 25 12 25 41.27  31.327  07.033  0042.43  00.84  07.86  286.7  009.26  30.626  1024.166  1474.00 
2024 01 25 12 25 41.52  31.324  07.027  0042.62  00.93  07.86  286.7  009.26  30.627  1024.169  1473.99 
2024 01 25 12 25 41.77  31.317  07.018  0042.80  00.92  07.85  286.7  009.26  30.628  1024.172  1473.95 
2024 01 25 12 25 42.02  31.311  07.011  0043.04  00.88  07.86  286.7  009.26  30.628  1024.174  1473.93 
2024 01 25 12 25 42.27  31.309  07.006  0043.22  00.82  07.86  286.7  009.26  30.629  1024.176  1473.92 
2024 01 25 12 25 42.52  31.306  06.998  0043.42  00.81  07.86  286.7  009.26  30.633  1024.182  1473.89 
2024 01 25 12 25 42.77  31.307  06.998  0043.60  00.87  07.86  287.8  009.26  30.635  1024.184  1473.90 
2024 01 25 12 25 43.02  31.307  06.997  0043.78  00.85  07.86  287.8  009.29  30.635  1024.185  1473.90 
2024 01 25 12 25 43.27  31.304  06.993  0043.94  00.89  07.86  287.8  009.26  30.636  1024.187  1473.88 
2024 01 25 12 25 43.52  31.302  06.990  0044.12  00.85  07.85  287.8  009.26  30.636  1024.188  1473.87 
2024 01 25 12 25 43.77  31.302  06.988  0044.30  00.84  07.85  287.8  009.26  30.637  1024.190  1473.87 
2024 01 25 12 25 44.02  31.297  06.979  0044.52  00.85  07.85  287.8  009.26  30.640  1024.194  1473.84 
2024 01 25 12 25 44.27  31.293  06.973  0044.69  00.85  07.85  287.8  009.26  30.641  1024.197  1473.82 
2024 01 25 12 25 44.52  31.292  06.972  0044.90  00.82  07.85  287.8  009.26  30.641  1024.198  1473.82 
2024 01 25 12 25 44.77  31.288  06.966  0045.10  00.81  07.85  287.8  009.26  30.642  1024.200  1473.80 
2024 01 25 12 25 45.02  31.284  06.960  0045.27  00.75  07.85  287.8  009.26  30.643  1024.203  1473.78 
2024 01 25 12 25 45.27  31.284  06.957  0045.48  00.73  07.85  287.8  009.26  30.644  1024.205  1473.78 
2024 01 25 12 25 45.52  31.287  06.959  0045.68  00.76  07.85  287.8  009.26  30.646  1024.207  1473.79 
2024 01 25 12 25 45.77  31.288  06.960  0045.88  00.78  07.85  287.9  009.29  30.647  1024.208  1473.80 
2024 01 25 12 25 46.02  31.293  06.965  0046.09  00.88  07.85  287.9  009.26  30.647  1024.209  1473.82 
2024 01 25 12 25 46.27  31.295  06.963  0046.28  00.81  07.85  287.9  009.26  30.651  1024.214  1473.82 
2024 01 25 12 25 46.52  31.295  06.963  0046.49  00.74  07.85  287.9  009.26  30.652  1024.215  1473.83 
2024 01 25 12 25 46.77  31.292  06.961  0046.68  00.83  07.85  287.9  009.26  30.649  1024.214  1473.82 
2024 01 25 12 25 47.02  31.291  06.956  0046.88  00.77  07.85  287.9  009.26  30.652  1024.218  1473.81 
2024 01 25 12 25 47.27  31.283  06.942  0047.10  00.73  07.86  287.9  009.26  30.656  1024.224  1473.76 
2024 01 25 12 25 47.52  31.276  06.926  0047.28  00.74  07.85  287.9  009.26  30.663  1024.232  1473.71 
2024 01 25 12 25 47.77  31.272  06.919  0047.43  00.78  07.85  287.9  009.26  30.664  1024.234  1473.69 
2024 01 25 12 25 48.02  31.270  06.915  0047.62  00.73  07.85  287.9  009.26  30.666  1024.237  1473.68 
2024 01 25 12 25 48.27  31.266  06.911  0047.80  00.77  07.85  287.9  009.26  30.665  1024.238  1473.66 
2024 01 25 12 25 48.52  31.263  06.906  0047.99  00.74  07.85  287.9  009.26  30.666  1024.240  1473.65 
2024 01 25 12 25 48.77  31.251  06.889  0048.19  00.71  07.85  289.2  009.26  30.668  1024.245  1473.59 
2024 01 25 12 25 49.02  31.241  06.873  0048.39  00.82  07.85  289.2  009.29  30.671  1024.250  1473.53 
2024 01 25 12 25 49.27  31.244  06.871  0048.62  00.73  07.85  289.2  009.29  30.677  1024.256  1473.53 
2024 01 25 12 25 49.52  31.245  06.870  0048.82  00.73  07.85  289.2  009.26  30.679  1024.259  1473.53 
2024 01 25 12 25 49.77  31.250  06.871  0049.06  00.79  07.85  289.2  009.29  30.683  1024.263  1473.55 
2024 01 25 12 25 50.02  31.249  06.871  0049.26  00.74  07.85  289.2  009.26  30.681  1024.263  1473.55 
2024 01 25 12 25 50.27  31.253  06.869  0049.50  00.71  07.85  289.2  009.26  30.688  1024.269  1473.55 
2024 01 25 12 25 50.52  31.251  06.870  0049.72  00.69  07.85  289.2  009.26  30.685  1024.268  1473.55 
2024 01 25 12 25 50.77  31.250  06.868  0049.94  00.66  07.84  289.2  009.26  30.686  1024.270  1473.55 
2024 01 25 12 25 51.02  31.260  06.873  0050.12  00.72  07.85  289.2  009.26  30.691  1024.274  1473.58 
2024 01 25 12 25 51.27  31.264  06.877  0050.32  00.70  07.84  289.2  009.26  30.692  1024.276  1473.60 
2024 01 25 12 25 51.52  31.264  06.873  0050.54  00.69  07.84  289.2  009.26  30.696  1024.280  1473.60 
2024 01 25 12 25 51.77  31.269  06.877  0050.74  00.68  07.85  289.4  009.29  30.698  1024.282  1473.62 
2024 01 25 12 25 52.02  31.275  06.882  0050.92  00.73  07.84  289.4  009.26  30.699  1024.283  1473.64 
2024 01 25 12 25 52.27  31.277  06.883  0051.13  00.73  07.84  289.4  009.26  30.701  1024.285  1473.65 
2024 01 25 12 25 52.52  31.287  06.892  0051.31  00.69  07.84  289.4  009.26  30.703  1024.287  1473.69 
2024 01 25 12 25 52.77  31.297  06.899  0051.52  00.69  07.85  289.4  009.26  30.708  1024.291  1473.73 
2024 01 25 12 25 53.02  31.298  06.900  0051.75  00.81  07.85  289.4  009.26  30.708  1024.291  1473.74 
2024 01 25 12 25 53.27  31.299  06.903  0051.96  00.70  07.85  289.4  009.26  30.707  1024.292  1473.75 
2024 01 25 12 25 53.52  31.300  06.903  0052.20  00.74  07.85  289.4  009.26  30.708  1024.293  1473.75 
2024 01 25 12 25 53.77  31.302  06.902  0052.43  00.75  07.84  289.4  009.26  30.710  1024.296  1473.76 
2024 01 25 12 25 54.02  31.302  06.901  0052.63  00.67  07.85  289.4  009.26  30.711  1024.297  1473.76 
2024 01 25 12 25 54.27  31.302  06.897  0052.86  00.64  07.85  289.4  009.26  30.715  1024.302  1473.75 
2024 01 25 12 25 54.52  31.298  06.891  0053.07  00.69  07.85  289.4  009.26  30.716  1024.305  1473.73 
2024 01 25 12 25 54.77  31.297  06.889  0053.28  00.68  07.85  288.1  009.26  30.717  1024.307  1473.73 
2024 01 25 12 25 55.02  31.303  06.895  0053.53  00.74  07.85  288.1  009.26  30.718  1024.308  1473.76 
2024 01 25 12 25 55.27  31.303  06.894  0053.73  00.73  07.85  288.1  009.26  30.719  1024.310  1473.76 
2024 01 25 12 25 55.52  31.297  06.885  0053.98  00.72  07.85  288.1  009.26  30.720  1024.313  1473.73 
2024 01 25 12 25 55.77  31.279  06.860  0054.20  00.66  07.85  288.1  009.26  30.722  1024.319  1473.64 
2024 01 25 12 25 56.02  31.268  06.847  0054.44  00.68  07.85  288.1  009.26  30.721  1024.321  1473.59 
2024 01 25 12 25 56.27  31.260  06.837  0054.65  00.72  07.85  288.1  009.26  30.723  1024.325  1473.55 
2024 01 25 12 25 56.52  31.250  06.825  0054.84  00.80  07.85  288.1  009.26  30.722  1024.326  1473.51 
2024 01 25 12 25 56.77  31.237  06.806  0055.11  00.74  07.84  288.1  009.26  30.724  1024.332  1473.44 
2024 01 25 12 25 57.02  31.240  06.807  0055.31  00.74  07.84  288.1  009.26  30.726  1024.334  1473.45 
2024 01 25 12 25 57.27  31.244  06.806  0055.58  00.68  07.84  288.1  009.26  30.732  1024.340  1473.46 
2024 01 25 12 25 57.52  31.241  06.803  0055.79  00.64  07.84  288.1  009.26  30.732  1024.341  1473.45 
2024 01 25 12 25 57.77  31.243  06.802  0056.01  00.63  07.84  287.5  009.26  30.734  1024.344  1473.45 
2024 01 25 12 25 58.02  31.243  06.800  0056.21  00.64  07.84  287.5  009.26  30.736  1024.347  1473.45 
2024 01 25 12 25 58.27  31.241  06.799  0056.44  00.64  07.84  287.5  009.26  30.734  1024.347  1473.44 
2024 01 25 12 25 58.52  31.237  06.793  0056.67  00.60  07.84  287.5  009.26  30.736  1024.350  1473.43 
2024 01 25 12 25 58.77  31.236  06.790  0056.88  00.63  07.84  287.5  009.26  30.736  1024.352  1473.42 
2024 01 25 12 25 59.02  31.231  06.785  0057.06  00.65  07.84  287.5  009.26  30.736  1024.353  1473.40 
2024 01 25 12 25 59.27  31.229  06.780  0057.28  00.62  07.84  287.5  009.26  30.737  1024.355  1473.39 
2024 01 25 12 25 59.52  31.226  06.778  0057.52  00.63  07.84  287.5  009.26  30.736  1024.356  1473.38 
2024 01 25 12 25 59.77  31.226  06.778  0057.74  00.67  07.84  287.5  009.26  30.737  1024.357  1473.39 
2024 01 25 12 26 00.02  31.228  06.778  0057.98  00.69  07.84  287.5  009.26  30.738  1024.359  1473.39 
2024 01 25 12 26 00.27  31.227  06.778  0058.18  00.69  07.84  287.5  009.26  30.737  1024.359  1473.40 
2024 01 25 12 26 00.52  31.227  06.775  0058.41  00.62  07.84  287.5  009.26  30.739  1024.363  1473.39 
2024 01 25 12 26 00.77  31.229  06.776  0058.60  00.58  07.84  287.6  009.26  30.740  1024.364  1473.40 
2024 01 25 12 26 01.02  31.233  06.778  0058.81  00.59  07.84  287.6  009.29  30.743  1024.368  1473.42 
2024 01 25 12 26 01.27  31.232  06.781  0059.00  00.64  07.84  287.6  009.26  30.739  1024.365  1473.42 
2024 01 25 12 26 01.52  31.237  06.783  0059.21  00.64  07.84  287.6  009.26  30.743  1024.368  1473.44 
2024 01 25 12 26 01.77  31.239  06.786  0059.39  00.63  07.84  287.6  009.26  30.742  1024.368  1473.45 
2024 01 25 12 26 02.02  31.243  06.788  0059.60  00.62  07.84  287.6  009.26  30.745  1024.371  1473.47 
2024 01 25 12 26 02.27  31.249  06.791  0059.81  00.64  07.84  287.6  009.26  30.748  1024.374  1473.49 
2024 01 25 12 26 02.52  31.250  06.795  0060.02  00.65  07.84  287.6  009.26  30.746  1024.373  1473.50 
2024 01 25 12 26 02.77  31.252  06.792  0060.22  00.65  07.84  287.6  009.26  30.750  1024.378  1473.50 
2024 01 25 12 26 03.02  31.252  06.791  0060.42  00.62  07.84  287.6  009.26  30.751  1024.379  1473.50 
2024 01 25 12 26 03.27  31.246  06.790  0060.63  00.64  07.84  287.6  009.26  30.746  1024.377  1473.49 
2024 01 25 12 26 03.52  31.245  06.790  0060.84  00.61  07.84  287.6  009.26  30.745  1024.376  1473.49 
2024 01 25 12 26 03.77  31.257  06.800  0061.06  00.62  07.84  287.6  009.26  30.749  1024.380  1473.54 
2024 01 25 12 26 04.02  31.260  06.800  0061.31  00.62  07.84  287.6  009.26  30.752  1024.383  1473.55 
2024 01 25 12 26 04.27  31.262  06.801  0061.53  00.72  07.84  287.6  009.26  30.753  1024.385  1473.56 
2024 01 25 12 26 04.52  31.261  06.801  0061.76  00.69  07.84  287.6  009.26  30.753  1024.386  1473.56 
2024 01 25 12 26 04.77  31.262  06.801  0062.02  00.62  07.84  287.6  009.26  30.753  1024.387  1473.57 
2024 01 25 12 26 05.02  31.261  06.798  0062.22  00.64  07.84  287.6  009.26  30.755  1024.390  1473.56 
2024 01 25 12 26 05.27  31.259  06.794  0062.45  00.63  07.84  287.6  009.29  30.756  1024.392  1473.55 
2024 01 25 12 26 05.52  31.255  06.790  0062.69  00.62  07.84  287.6  009.26  30.754  1024.393  1473.54 
2024 01 25 12 26 05.77  31.243  06.777  0062.90  00.65  07.84  287.6  009.26  30.754  1024.395  1473.49 
2024 01 25 12 26 06.02  31.236  06.763  0063.13  00.62  07.84  287.6  009.26  30.758  1024.401  1473.44 
2024 01 25 12 26 06.27  31.233  06.762  0063.33  00.65  07.84  287.6  009.26  30.756  1024.401  1473.44 
2024 01 25 12 26 06.52  31.235  06.762  0063.58  00.66  07.84  287.6  009.29  30.757  1024.403  1473.45 
2024 01 25 12 26 06.77  31.231  06.756  0063.80  00.65  07.84  287.6  009.26  30.759  1024.406  1473.43 
2024 01 25 12 26 07.02  31.220  06.741  0064.02  00.64  07.84  287.6  009.26  30.760  1024.409  1473.37 
2024 01 25 12 26 07.27  31.211  06.729  0064.28  00.66  07.84  287.6  009.26  30.761  1024.413  1473.33 
2024 01 25 12 26 07.52  31.201  06.715  0064.47  00.63  07.84  287.6  009.26  30.762  1024.416  1473.28 
2024 01 25 12 26 07.77  31.194  06.708  0064.73  00.62  07.84  287.6  009.29  30.760  1024.417  1473.26 
2024 01 25 12 26 08.02  31.188  06.702  0064.94  00.63  07.84  287.6  009.26  30.759  1024.418  1473.23 
2024 01 25 12 26 08.27  31.189  06.701  0065.14  00.66  07.84  287.6  009.26  30.762  1024.421  1473.23 
2024 01 25 12 26 08.52  31.183  06.697  0065.38  00.63  07.84  287.6  009.26  30.759  1024.420  1473.22 
2024 01 25 12 26 08.77  31.182  06.695  0065.58  00.59  07.83  287.6  009.26  30.759  1024.422  1473.22 
2024 01 25 12 26 09.02  31.185  06.695  0065.83  00.59  07.84  287.6  009.26  30.762  1024.425  1473.22 
2024 01 25 12 26 09.27  31.183  06.693  0066.02  00.57  07.83  287.6  009.26  30.762  1024.426  1473.22 
2024 01 25 12 26 09.52  31.185  06.693  0066.28  00.63  07.84  287.6  009.26  30.764  1024.429  1473.22 
2024 01 25 12 26 09.77  31.187  06.696  0066.49  00.63  07.84  287.2  009.26  30.763  1024.429  1473.24 
2024 01 25 12 26 10.02  31.187  06.696  0066.70  00.55  07.83  287.2  009.26  30.763  1024.430  1473.24 
2024 01 25 12 26 10.27  31.187  06.693  0066.95  00.54  07.83  287.2  009.26  30.766  1024.433  1473.24 
2024 01 25 12 26 10.52  31.186  06.693  0067.18  00.59  07.83  287.2  009.26  30.765  1024.434  1473.24 
2024 01 25 12 26 10.77  31.188  06.694  0067.38  00.56  07.83  287.2  009.26  30.766  1024.436  1473.25 
2024 01 25 12 26 11.02  31.184  06.690  0067.58  00.60  07.83  287.2  009.26  30.765  1024.436  1473.24 
2024 01 25 12 26 11.27  31.180  06.687  0067.77  00.54  07.83  287.2  009.26  30.763  1024.436  1473.23 
2024 01 25 12 26 11.52  31.182  06.686  0067.99  00.55  07.83  287.2  009.26  30.765  1024.439  1473.23 
2024 01 25 12 26 11.77  31.177  06.684  0068.17  00.60  07.83  287.2  009.26  30.762  1024.437  1473.22 
2024 01 25 12 26 12.02  31.175  06.681  0068.40  00.60  07.83  287.2  009.26  30.763  1024.440  1473.21 
2024 01 25 12 26 12.27  31.175  06.679  0068.63  00.63  07.83  287.2  009.26  30.765  1024.443  1473.21 
2024 01 25 12 26 12.52  31.171  06.673  0068.83  00.64  07.83  287.2  009.26  30.765  1024.444  1473.19 
2024 01 25 12 26 12.77  31.168  06.670  0068.99  00.60  07.83  287.0  009.26  30.765  1024.445  1473.18 
2024 01 25 12 26 13.02  31.167  06.670  0069.18  00.59  07.83  287.0  009.26  30.764  1024.445  1473.18 
2024 01 25 12 26 13.27  31.168  06.669  0069.33  00.64  07.83  287.0  009.26  30.766  1024.447  1473.18 
2024 01 25 12 26 13.52  31.167  06.669  0069.54  00.59  07.83  287.0  009.26  30.764  1024.447  1473.18 
2024 01 25 12 26 13.77  31.168  06.669  0069.72  00.58  07.83  287.0  009.26  30.765  1024.449  1473.19 
2024 01 25 12 26 14.02  31.171  06.669  0069.91  00.60  07.83  287.0  009.26  30.768  1024.452  1473.19 
2024 01 25 12 26 14.27  31.167  06.667  0070.14  00.61  07.83  287.0  009.26  30.765  1024.451  1473.19 
2024 01 25 12 26 14.52  31.165  06.664  0070.34  00.63  07.83  287.0  009.26  30.766  1024.453  1473.18 
2024 01 25 12 26 14.77  31.164  06.661  0070.51  00.65  07.83  287.0  009.26  30.767  1024.455  1473.17 
2024 01 25 12 26 15.02  31.164  06.661  0070.74  00.56  07.83  287.0  009.26  30.768  1024.457  1473.18 
2024 01 25 12 26 15.27  31.161  06.659  0070.97  00.67  07.83  287.0  009.26  30.766  1024.457  1473.17 
2024 01 25 12 26 15.52  31.162  06.658  0071.20  00.68  07.83  287.0  009.26  30.768  1024.459  1473.17 
2024 01 25 12 26 15.77  31.160  06.657  0071.41  00.59  07.83  286.7  009.26  30.767  1024.460  1473.17 
2024 01 25 12 26 16.02  31.160  06.657  0071.62  00.57  07.83  286.7  009.26  30.767  1024.461  1473.17 
2024 01 25 12 26 16.27  31.157  06.653  0071.89  00.66  07.83  286.7  009.26  30.766  1024.462  1473.16 
2024 01 25 12 26 16.52  31.152  06.646  0072.10  00.64  07.83  286.7  009.29  30.767  1024.464  1473.14 
2024 01 25 12 26 16.77  31.147  06.642  0072.32  00.59  07.83  286.7  009.26  30.766  1024.465  1473.12 
2024 01 25 12 26 17.02  31.144  06.638  0072.58  00.59  07.83  286.7  009.29  30.766  1024.467  1473.11 
2024 01 25 12 26 17.27  31.142  06.636  0072.79  00.64  07.83  286.7  009.26  30.765  1024.468  1473.10 
2024 01 25 12 26 17.52  31.143  06.635  0073.03  00.60  07.83  286.7  009.26  30.767  1024.470  1473.11 
2024 01 25 12 26 17.77  31.143  06.633  0073.21  00.60  07.82  286.7  009.26  30.768  1024.472  1473.11 
2024 01 25 12 26 18.02  31.143  06.633  0073.44  00.59  07.83  286.7  009.26  30.768  1024.473  1473.11 
2024 01 25 12 26 18.27  31.141  06.632  0073.66  00.60  07.83  286.7  009.26  30.767  1024.473  1473.11 
2024 01 25 12 26 18.52  31.142  06.632  0073.86  00.69  07.83  286.7  009.26  30.768  1024.475  1473.11 
2024 01 25 12 26 18.77  31.142  06.632  0074.10  00.60  07.83  286.5  009.29  30.768  1024.476  1473.12 
2024 01 25 12 26 19.02  31.139  06.631  0074.34  00.55  07.83  286.5  009.26  30.766  1024.475  1473.11 
2024 01 25 12 26 19.27  31.142  06.632  0074.57  00.62  07.83  286.5  009.26  30.768  1024.478  1473.12 
2024 01 25 12 26 19.52  31.143  06.632  0074.81  00.61  07.83  286.5  009.26  30.768  1024.480  1473.13 
2024 01 25 12 26 19.77  31.142  06.632  0075.01  00.56  07.83  286.5  009.29  30.768  1024.480  1473.13 
2024 01 25 12 26 20.02  31.143  06.632  0075.27  00.59  07.83  286.5  009.29  30.769  1024.482  1473.14 
2024 01 25 12 26 20.27  31.143  06.632  0075.49  00.63  07.83  286.5  009.26  30.769  1024.483  1473.14 
2024 01 25 12 26 20.52  31.143  06.632  0075.72  00.63  07.83  286.5  009.26  30.769  1024.484  1473.14 
2024 01 25 12 26 20.77  31.143  06.632  0075.97  00.65  07.82  286.5  009.26  30.768  1024.484  1473.15 
2024 01 25 12 26 21.02  31.143  06.633  0076.16  00.62  07.83  286.5  009.26  30.767  1024.485  1473.15 
2024 01 25 12 26 21.27  31.143  06.631  0076.44  00.55  07.83  286.5  009.26  30.769  1024.488  1473.15 
2024 01 25 12 26 21.52  31.139  06.628  0076.64  00.59  07.83  286.5  009.26  30.768  1024.488  1473.14 
2024 01 25 12 26 21.77  31.135  06.625  0076.90  00.66  07.83  286.1  009.29  30.766  1024.489  1473.13 
2024 01 25 12 26 22.02  31.133  06.620  0077.12  00.66  07.83  286.1  009.26  30.768  1024.492  1473.12 
2024 01 25 12 26 22.27  31.132  06.618  0077.34  00.62  07.83  286.1  009.29  30.768  1024.492  1473.11 
2024 01 25 12 26 22.52  31.131  06.617  0077.61  00.59  07.83  286.1  009.26  30.768  1024.494  1473.11 
2024 01 25 12 26 22.77  31.127  06.610  0077.81  00.62  07.83  286.1  009.26  30.769  1024.497  1473.09 
2024 01 25 12 26 23.02  31.120  06.604  0078.02  00.57  07.83  286.1  009.26  30.767  1024.497  1473.07 
2024 01 25 12 26 23.27  31.112  06.596  0078.22  00.59  07.83  286.1  009.26  30.766  1024.498  1473.04 
2024 01 25 12 26 23.52  31.112  06.593  0078.39  00.57  07.82  286.1  009.26  30.769  1024.501  1473.03 
2024 01 25 12 26 23.77  31.111  06.593  0078.63  00.59  07.82  286.1  009.26  30.767  1024.501  1473.03 
2024 01 25 12 26 24.02  31.111  06.593  0078.86  00.55  07.82  286.1  009.26  30.767  1024.502  1473.04 
2024 01 25 12 26 24.27  31.112  06.593  0079.06  00.50  07.82  286.1  009.26  30.768  1024.504  1473.04 
2024 01 25 12 26 24.52  31.112  06.593  0079.29  00.56  07.82  286.1  009.26  30.768  1024.505  1473.05 
2024 01 25 12 26 24.77  31.109  06.592  0079.48  00.59  07.82  285.6  009.29  30.766  1024.504  1473.04 
2024 01 25 12 26 25.02  31.108  06.590  0079.70  00.60  07.82  285.6  009.26  30.766  1024.506  1473.04 
2024 01 25 12 26 25.27  31.106  06.586  0079.95  00.55  07.82  285.6  009.26  30.767  1024.509  1473.03 
2024 01 25 12 26 25.52  31.104  06.583  0080.16  00.56  07.82  285.6  009.29  30.769  1024.511  1473.02 
2024 01 25 12 26 25.77  31.100  06.580  0080.39  00.57  07.82  285.6  009.26  30.767  1024.511  1473.01 
2024 01 25 12 26 26.02  31.100  06.579  0080.60  00.61  07.82  285.6  009.26  30.766  1024.511  1473.01 
2024 01 25 12 26 26.27  31.101  06.579  0080.83  00.60  07.82  285.6  009.26  30.768  1024.514  1473.01 
2024 01 25 12 26 26.52  31.100  06.579  0081.08  00.56  07.82  285.6  009.26  30.766  1024.513  1473.02 
2024 01 25 12 26 26.77  31.102  06.580  0081.29  00.66  07.82  285.6  009.26  30.768  1024.516  1473.03 
2024 01 25 12 26 27.02  31.098  06.578  0081.53  00.63  07.82  285.6  009.26  30.765  1024.515  1473.02 
2024 01 25 12 26 27.27  31.096  06.576  0081.72  00.57  07.82  285.6  009.26  30.765  1024.516  1473.01 
2024 01 25 12 26 27.52  31.096  06.575  0081.99  00.57  07.82  285.6  009.26  30.765  1024.518  1473.01 
2024 01 25 12 26 27.77  31.095  06.572  0082.24  00.52  07.82  285.3  009.26  30.767  1024.521  1473.01 
2024 01 25 12 26 28.02  31.091  06.570  0082.44  00.59  07.82  285.3  009.26  30.764  1024.519  1473.00 
2024 01 25 12 26 28.27  31.091  06.570  0082.68  00.58  07.82  285.3  009.29  30.764  1024.520  1473.00 
2024 01 25 12 26 28.52  31.082  06.558  0082.88  00.56  07.82  285.3  009.26  30.765  1024.523  1472.96 
2024 01 25 12 26 28.77  31.071  06.547  0083.11  00.56  07.82  285.3  009.26  30.763  1024.524  1472.92 
2024 01 25 12 26 29.02  31.068  06.538  0083.38  00.59  07.82  285.3  009.26  30.767  1024.530  1472.89 
2024 01 25 12 26 29.27  31.063  06.537  0083.59  00.59  07.82  285.3  009.29  30.762  1024.527  1472.89 
2024 01 25 12 26 29.52  31.061  06.533  0083.84  00.62  07.82  285.3  009.26  30.764  1024.530  1472.88 
2024 01 25 12 26 29.77  31.056  06.529  0084.08  00.56  07.81  285.3  009.26  30.762  1024.530  1472.86 
2024 01 25 12 26 30.02  31.053  06.526  0084.31  00.50  07.82  285.3  009.26  30.761  1024.531  1472.85 
2024 01 25 12 26 30.27  31.044  06.516  0084.55  00.57  07.81  285.3  009.26  30.761  1024.533  1472.81 
2024 01 25 12 26 30.52  31.032  06.505  0084.78  00.53  07.81  285.3  009.26  30.757  1024.533  1472.77 
2024 01 25 12 26 30.77  31.023  06.489  0085.02  00.53  07.81  284.5  009.29  30.762  1024.539  1472.72 
2024 01 25 12 26 31.02  31.007  06.472  0085.27  00.52  07.81  284.5  009.29  30.760  1024.541  1472.65 
2024 01 25 12 26 31.27  30.991  06.452  0085.49  00.54  07.81  284.5  009.29  30.760  1024.545  1472.58 
2024 01 25 12 26 31.52  30.979  06.441  0085.74  00.71  07.81  284.5  009.29  30.756  1024.544  1472.53 
2024 01 25 12 26 31.77  30.966  06.425  0085.98  00.59  07.81  284.5  009.29  30.756  1024.548  1472.47 
2024 01 25 12 26 32.02  30.958  06.417  0086.24  00.57  07.80  284.5  009.26  30.755  1024.549  1472.44 
2024 01 25 12 26 32.27  30.957  06.416  0086.46  00.54  07.80  284.5  009.26  30.754  1024.550  1472.44 
2024 01 25 12 26 32.52  30.955  06.413  0086.66  00.62  07.80  284.5  009.26  30.754  1024.551  1472.43 
2024 01 25 12 26 32.77  30.956  06.409  0086.89  00.62  07.79  284.5  009.26  30.759  1024.556  1472.43 
2024 01 25 12 26 33.02  30.944  06.398  0087.09  00.59  07.79  284.5  009.26  30.756  1024.556  1472.38 
2024 01 25 12 26 33.27  30.939  06.395  0087.28  00.54  07.79  284.5  009.26  30.753  1024.554  1472.37 
2024 01 25 12 26 33.52  30.941  06.394  0087.52  00.55  07.79  284.5  009.26  30.756  1024.558  1472.37 
2024 01 25 12 26 33.77  30.936  06.388  0087.73  00.55  07.79  282.3  009.29  30.755  1024.560  1472.35 
2024 01 25 12 26 34.02  30.935  06.385  0087.94  00.62  07.79  282.3  009.26  30.757  1024.562  1472.35 
2024 01 25 12 26 34.27  30.937  06.385  0088.18  00.60  07.78  282.3  009.26  30.759  1024.565  1472.35 
2024 01 25 12 26 34.52  30.937  06.384  0088.36  00.57  07.78  282.3  009.26  30.760  1024.566  1472.35 
2024 01 25 12 26 34.77  30.935  06.383  0088.63  00.53  07.78  282.3  009.26  30.758  1024.567  1472.35 
2024 01 25 12 26 35.02  30.933  06.382  0088.86  00.52  07.78  282.3  009.26  30.757  1024.567  1472.35 
2024 01 25 12 26 35.27  30.933  06.382  0089.09  00.58  07.78  282.3  009.26  30.757  1024.568  1472.35 
2024 01 25 12 26 35.52  30.930  06.379  0089.34  00.54  07.78  282.3  009.26  30.757  1024.569  1472.34 
2024 01 25 12 26 35.77  30.931  06.375  0089.54  00.55  07.77  282.3  009.26  30.761  1024.574  1472.34 
2024 01 25 12 26 36.02  30.929  06.372  0089.82  00.52  07.78  282.3  009.26  30.761  1024.576  1472.33 
2024 01 25 12 26 36.27  30.924  06.370  0090.07  00.54  07.78  282.3  009.26  30.757  1024.574  1472.32 
2024 01 25 12 26 36.52  30.926  06.369  0090.29  00.52  07.78  282.3  009.26  30.761  1024.578  1472.33 
2024 01 25 12 26 36.77  30.925  06.367  0090.53  00.52  07.78  277.9  009.29  30.762  1024.580  1472.32 
2024 01 25 12 26 37.02  30.925  06.367  0090.74  00.53  07.77  277.9  009.29  30.762  1024.581  1472.33 
2024 01 25 12 26 37.27  30.925  06.368  0091.00  00.53  07.77  277.9  009.26  30.759  1024.580  1472.33 
2024 01 25 12 26 37.52  30.924  06.367  0091.23  00.52  07.77  277.9  009.26  30.760  1024.582  1472.33 
2024 01 25 12 26 37.77  30.925  06.369  0091.47  00.54  07.77  277.9  009.26  30.758  1024.582  1472.34 
2024 01 25 12 26 38.02  30.928  06.371  0091.72  00.55  07.77  277.9  009.26  30.760  1024.584  1472.35 
2024 01 25 12 26 38.27  30.930  06.373  0091.92  00.55  07.77  277.9  009.29  30.761  1024.585  1472.37 
2024 01 25 12 26 38.52  30.933  06.372  0092.17  00.55  07.77  277.9  009.26  30.765  1024.590  1472.37 
2024 01 25 12 26 38.77  30.931  06.373  0092.40  00.48  07.77  277.9  009.26  30.761  1024.588  1472.38 
2024 01 25 12 26 39.02  30.929  06.373  0092.62  00.47  07.77  277.9  009.26  30.759  1024.587  1472.38 
2024 01 25 12 26 39.27  30.929  06.370  0092.87  00.51  07.77  277.9  009.26  30.761  1024.590  1472.37 
2024 01 25 12 26 39.52  30.928  06.367  0093.11  00.54  07.77  277.9  009.26  30.763  1024.594  1472.36 
2024 01 25 12 26 39.77  30.926  06.366  0093.32  00.49  07.77  274.4  009.26  30.762  1024.594  1472.36 
2024 01 25 12 26 40.02  30.925  06.365  0093.58  00.46  07.77  274.4  009.26  30.762  1024.595  1472.36 
2024 01 25 12 26 40.27  30.924  06.364  0093.79  00.47  07.77  274.4  009.26  30.761  1024.595  1472.36 
2024 01 25 12 26 40.52  30.926  06.364  0094.04  00.52  07.77  274.4  009.26  30.763  1024.598  1472.37 
2024 01 25 12 26 40.77  30.927  06.364  0094.29  00.55  07.77  274.4  009.26  30.764  1024.600  1472.37 
2024 01 25 12 26 41.02  30.925  06.359  0094.50  00.59  07.77  274.4  009.26  30.767  1024.604  1472.36 
2024 01 25 12 26 41.27  30.922  06.354  0094.77  00.64  07.77  274.4  009.26  30.768  1024.607  1472.35 
2024 01 25 12 26 41.52  30.919  06.350  0094.98  00.63  07.77  274.4  009.26  30.768  1024.608  1472.33 
2024 01 25 12 26 41.77  30.918  06.349  0095.23  00.57  07.76  274.4  009.26  30.768  1024.609  1472.33 
2024 01 25 12 26 42.02  30.917  06.346  0095.45  00.51  07.77  274.4  009.26  30.769  1024.611  1472.33 
2024 01 25 12 26 42.27  30.916  06.344  0095.64  00.46  07.77  274.4  009.26  30.769  1024.613  1472.32 
2024 01 25 12 26 42.52  30.916  06.342  0095.86  00.47  07.77  274.4  009.26  30.771  1024.615  1472.32 
2024 01 25 12 26 42.77  30.915  06.342  0096.07  00.55  07.77  272.8  009.29  30.770  1024.616  1472.32 
2024 01 25 12 26 43.02  30.913  06.339  0096.28  00.59  07.77  272.8  009.26  30.770  1024.617  1472.31 
2024 01 25 12 26 43.27  30.912  06.338  0096.50  00.59  07.77  272.8  009.26  30.770  1024.618  1472.31 
2024 01 25 12 26 43.52  30.912  06.334  0096.69  00.53  07.77  272.8  009.26  30.773  1024.622  1472.31 
2024 01 25 12 26 43.77  30.910  06.334  0096.93  00.50  07.76  272.8  009.26  30.772  1024.622  1472.31 
2024 01 25 12 26 44.02  30.913  06.334  0097.18  00.55  07.76  272.8  009.26  30.775  1024.625  1472.32 
2024 01 25 12 26 44.27  30.913  06.336  0097.37  00.50  07.76  272.8  009.26  30.774  1024.625  1472.32 
2024 01 25 12 26 44.52  30.914  06.335  0097.61  00.52  07.76  272.8  009.26  30.775  1024.627  1472.33 
2024 01 25 12 26 44.77  30.912  06.336  0097.84  00.52  07.76  272.8  009.26  30.771  1024.625  1472.33 
2024 01 25 12 26 45.02  30.917  06.336  0098.09  00.46  07.76  272.8  009.26  30.776  1024.630  1472.34 
2024 01 25 12 26 45.27  30.915  06.335  0098.32  00.53  07.76  272.8  009.26  30.776  1024.631  1472.34 
2024 01 25 12 26 45.52  30.916  06.334  0098.54  00.47  07.76  272.8  009.26  30.777  1024.633  1472.34 
2024 01 25 12 26 45.77  30.913  06.333  0098.77  00.50  07.76  271.2  009.29  30.775  1024.633  1472.34 
2024 01 25 12 26 46.02  30.914  06.333  0098.99  00.52  07.76  271.2  009.26  30.776  1024.635  1472.34 
2024 01 25 12 26 46.27  30.915  06.332  0099.21  00.52  07.76  271.2  009.26  30.778  1024.638  1472.34 
2024 01 25 12 26 46.52  30.913  06.331  0099.44  00.52  07.76  271.2  009.26  30.776  1024.637  1472.34 
2024 01 25 12 26 46.77  30.911  06.329  0099.65  00.55  07.76  271.2  009.29  30.776  1024.638  1472.34 
2024 01 25 12 26 47.02  30.912  06.328  0099.90  00.55  07.76  271.2  009.26  30.777  1024.641  1472.34 
2024 01 25 12 26 47.27  30.913  06.328  0100.14  00.56  07.76  271.2  009.29  30.778  1024.642  1472.34 
2024 01 25 12 26 47.52  30.911  06.327  0100.34  00.48  07.76  271.2  009.26  30.777  1024.643  1472.34 
2024 01 25 12 26 47.77  30.909  06.325  0100.59  00.51  07.76  271.2  009.26  30.777  1024.644  1472.34 
2024 01 25 12 26 48.02  30.909  06.323  0100.78  00.52  07.76  271.2  009.26  30.779  1024.647  1472.33 
2024 01 25 12 26 48.27  30.907  06.322  0101.05  00.54  07.76  271.2  009.26  30.777  1024.647  1472.33 
2024 01 25 12 26 48.52  30.909  06.319  0101.29  00.53  07.76  271.2  009.26  30.782  1024.652  1472.33 
2024 01 25 12 26 48.77  30.905  06.317  0101.52  00.55  07.76  270.5  009.26  30.780  1024.652  1472.32 
2024 01 25 12 26 49.02  30.905  06.315  0101.77  00.47  07.76  270.5  009.26  30.782  1024.655  1472.32 
2024 01 25 12 26 49.27  30.902  06.313  0101.97  00.45  07.76  270.5  009.29  30.779  1024.654  1472.32 
2024 01 25 12 26 49.52  30.903  06.310  0102.22  00.54  07.76  270.5  009.26  30.783  1024.658  1472.31 
2024 01 25 12 26 49.77  30.904  06.309  0102.46  00.52  07.76  270.5  009.26  30.785  1024.661  1472.31 
2024 01 25 12 26 50.02  30.900  06.307  0102.67  00.50  07.76  270.5  009.26  30.782  1024.660  1472.31 
2024 01 25 12 26 50.27  30.901  06.307  0102.93  00.55  07.76  270.5  009.26  30.783  1024.661  1472.31 
2024 01 25 12 26 50.52  30.902  06.306  0103.16  00.57  07.76  270.5  009.26  30.786  1024.665  1472.31 
2024 01 25 12 26 50.77  30.900  06.304  0103.38  00.50  07.75  270.5  009.26  30.784  1024.665  1472.31 
2024 01 25 12 26 51.02  30.899  06.304  0103.64  00.47  07.76  270.5  009.26  30.784  1024.666  1472.31 
2024 01 25 12 26 51.27  30.899  06.303  0103.83  00.51  07.76  270.5  009.26  30.785  1024.668  1472.31 
2024 01 25 12 26 51.52  30.899  06.302  0104.08  00.52  07.76  270.5  009.26  30.785  1024.670  1472.31 
2024 01 25 12 26 51.77  30.899  06.301  0104.32  00.55  07.76  269.4  009.29  30.786  1024.671  1472.31 
2024 01 25 12 26 52.02  30.898  06.301  0104.52  00.54  07.76  269.4  009.26  30.784  1024.671  1472.31 
2024 01 25 12 26 52.27  30.898  06.300  0104.79  00.52  07.76  269.4  009.29  30.784  1024.672  1472.32 
2024 01 25 12 26 52.52  30.898  06.301  0105.00  00.52  07.76  269.4  009.29  30.784  1024.673  1472.32 
2024 01 25 12 26 52.77  30.898  06.300  0105.23  00.50  07.75  269.4  009.26  30.785  1024.674  1472.32 
2024 01 25 12 26 53.02  30.897  06.300  0105.42  00.51  07.75  269.4  009.26  30.783  1024.674  1472.32 
2024 01 25 12 26 53.27  30.895  06.300  0105.59  00.50  07.75  269.4  009.26  30.782  1024.674  1472.32 
2024 01 25 12 26 53.52  30.896  06.300  0105.74  00.57  07.75  269.4  009.26  30.783  1024.676  1472.33 
2024 01 25 12 26 53.77  30.897  06.299  0105.95  00.49  07.75  269.4  009.26  30.784  1024.677  1472.33 
2024 01 25 12 26 54.02  30.898  06.299  0106.16  00.55  07.75  269.4  009.26  30.785  1024.679  1472.33 
2024 01 25 12 26 54.27  30.897  06.299  0106.38  00.58  07.75  269.4  009.26  30.784  1024.679  1472.34 
2024 01 25 12 26 54.52  30.896  06.299  0106.58  00.57  07.75  269.4  009.26  30.783  1024.679  1472.34 
2024 01 25 12 26 54.77  30.898  06.298  0106.78  00.65  07.75  268.3  009.29  30.786  1024.682  1472.34 
2024 01 25 12 26 55.02  30.894  06.298  0107.01  00.57  07.75  268.3  009.29  30.782  1024.681  1472.34 
2024 01 25 12 26 55.27  30.895  06.296  0107.22  00.54  07.75  268.3  009.26  30.785  1024.684  1472.34 
2024 01 25 12 26 55.52  30.896  06.295  0107.42  00.52  07.75  268.3  009.26  30.786  1024.687  1472.34 
2024 01 25 12 26 55.77  30.895  06.295  0107.65  00.58  07.75  268.3  009.26  30.786  1024.687  1472.34 
2024 01 25 12 26 56.02  30.894  06.294  0107.86  00.56  07.75  268.3  009.29  30.785  1024.688  1472.34 
2024 01 25 12 26 56.27  30.895  06.293  0108.12  00.53  07.75  268.3  009.26  30.787  1024.691  1472.34 
2024 01 25 12 26 56.52  30.891  06.288  0108.32  00.54  07.75  268.3  009.26  30.787  1024.693  1472.33 
2024 01 25 12 26 56.77  30.890  06.281  0108.56  00.57  07.75  268.3  009.26  30.793  1024.698  1472.31 
2024 01 25 12 26 57.02  30.887  06.278  0108.76  00.65  07.75  268.3  009.26  30.791  1024.698  1472.30 
2024 01 25 12 26 57.27  30.888  06.279  0109.00  00.62  07.75  268.3  009.26  30.791  1024.700  1472.31 
2024 01 25 12 26 57.52  30.887  06.280  0109.22  00.59  07.75  268.3  009.26  30.789  1024.699  1472.31 
2024 01 25 12 26 57.77  30.887  06.278  0109.44  00.63  07.75  267.4  009.29  30.791  1024.701  1472.31 
2024 01 25 12 26 58.02  30.883  06.276  0109.72  00.52  07.75  267.4  009.26  30.789  1024.702  1472.30 
2024 01 25 12 26 58.27  30.882  06.274  0109.93  00.59  07.75  267.4  009.26  30.789  1024.703  1472.30 
2024 01 25 12 26 58.52  30.885  06.273  0110.16  00.58  07.75  267.4  009.26  30.792  1024.707  1472.30 
2024 01 25 12 26 58.77  30.881  06.274  0110.39  00.53  07.75  267.4  009.26  30.787  1024.704  1472.30 
2024 01 25 12 26 59.02  30.882  06.272  0110.61  00.55  07.75  267.4  009.26  30.790  1024.707  1472.30 
2024 01 25 12 26 59.27  30.882  06.271  0110.87  00.55  07.75  267.4  009.26  30.791  1024.709  1472.31 
2024 01 25 12 26 59.52  30.881  06.271  0111.12  00.77  07.75  267.4  009.26  30.790  1024.709  1472.31 
2024 01 25 12 26 59.77  30.881  06.270  0111.34  00.72  07.74  267.4  009.26  30.790  1024.711  1472.31 
2024 01 25 12 27 00.02  30.882  06.269  0111.59  00.62  07.75  267.4  009.26  30.793  1024.714  1472.31 
2024 01 25 12 27 00.27  30.882  06.270  0111.79  00.60  07.75  267.4  009.26  30.792  1024.714  1472.32 
2024 01 25 12 27 00.52  30.880  06.270  0112.04  00.54  07.75  267.4  009.26  30.789  1024.714  1472.32 
2024 01 25 12 27 00.77  30.883  06.270  0112.28  00.50  07.75  266.7  009.29  30.793  1024.718  1472.32 
2024 01 25 12 27 01.02  30.883  06.269  0112.48  00.59  07.75  266.7  009.29  30.794  1024.719  1472.33 
2024 01 25 12 27 01.27  30.882  06.270  0112.73  00.66  07.75  266.7  009.29  30.790  1024.717  1472.33 
2024 01 25 12 27 01.52  30.883  06.269  0112.96  00.61  07.75  266.7  009.26  30.793  1024.721  1472.33 
2024 01 25 12 27 01.77  30.883  06.267  0113.19  00.59  07.75  266.7  009.29  30.795  1024.724  1472.33 
2024 01 25 12 27 02.02  30.884  06.268  0113.42  00.56  07.75  266.7  009.29  30.795  1024.724  1472.34 
2024 01 25 12 27 02.27  30.882  06.267  0113.63  00.54  07.75  266.7  009.26  30.794  1024.724  1472.34 
2024 01 25 12 27 02.52  30.882  06.269  0113.85  00.51  07.75  266.7  009.26  30.792  1024.724  1472.34 
2024 01 25 12 27 02.77  30.882  06.268  0114.11  00.54  07.74  266.7  009.26  30.792  1024.726  1472.35 
2024 01 25 12 27 03.02  30.883  06.267  0114.31  00.58  07.75  266.7  009.26  30.794  1024.728  1472.35 
2024 01 25 12 27 03.27  30.882  06.267  0114.56  00.54  07.75  266.7  009.26  30.792  1024.728  1472.35 
2024 01 25 12 27 03.52  30.882  06.267  0114.79  00.60  07.75  266.7  009.26  30.793  1024.730  1472.36 
2024 01 25 12 27 03.77  30.883  06.267  0115.02  00.68  07.75  266.2  009.26  30.794  1024.732  1472.36 
2024 01 25 12 27 04.02  30.882  06.266  0115.25  00.62  07.75  266.2  009.29  30.793  1024.732  1472.36 
2024 01 25 12 27 04.27  30.882  06.266  0115.48  00.64  07.75  266.2  009.26  30.794  1024.734  1472.36 
2024 01 25 12 27 04.52  30.881  06.264  0115.73  00.62  07.75  266.2  009.26  30.794  1024.735  1472.36 
2024 01 25 12 27 04.77  30.879  06.264  0115.94  00.59  07.75  266.2  009.26  30.792  1024.735  1472.36 
2024 01 25 12 27 05.02  30.880  06.263  0116.16  00.59  07.75  266.2  009.26  30.794  1024.737  1472.36 
2024 01 25 12 27 05.27  30.877  06.256  0116.41  00.61  07.75  266.2  009.26  30.796  1024.741  1472.34 
2024 01 25 12 27 05.52  30.874  06.253  0116.62  00.57  07.75  266.2  009.26  30.796  1024.742  1472.33 
2024 01 25 12 27 05.77  30.875  06.252  0116.86  00.54  07.74  266.2  009.26  30.798  1024.745  1472.33 
2024 01 25 12 27 06.02  30.873  06.250  0117.09  00.57  07.74  266.2  009.26  30.797  1024.745  1472.33 
2024 01 25 12 27 06.27  30.873  06.249  0117.30  00.59  07.74  266.2  009.26  30.798  1024.747  1472.33 
2024 01 25 12 27 06.52  30.873  06.247  0117.54  00.59  07.74  266.2  009.29  30.799  1024.750  1472.33 
2024 01 25 12 27 06.77  30.870  06.247  0117.75  00.59  07.74  265.8  009.26  30.796  1024.748  1472.33 
2024 01 25 12 27 07.02  30.872  06.246  0117.98  00.61  07.74  265.8  009.29  30.800  1024.752  1472.33 
2024 01 25 12 27 07.27  30.869  06.246  0118.20  00.55  07.74  265.8  009.26  30.796  1024.750  1472.33 
2024 01 25 12 27 07.52  30.870  06.244  0118.42  00.52  07.74  265.8  009.26  30.798  1024.753  1472.33 
2024 01 25 12 27 07.77  30.870  06.243  0118.65  00.57  07.74  265.8  009.26  30.799  1024.755  1472.33 
2024 01 25 12 27 08.02  30.869  06.243  0118.86  00.55  07.74  265.8  009.26  30.798  1024.756  1472.33 
2024 01 25 12 27 08.27  30.866  06.243  0119.09  00.57  07.74  265.8  009.26  30.796  1024.755  1472.33 
2024 01 25 12 27 08.52  30.866  06.240  0119.30  00.55  07.74  265.8  009.26  30.798  1024.757  1472.33 
2024 01 25 12 27 08.77  30.865  06.238  0119.50  00.61  07.74  265.8  009.26  30.798  1024.759  1472.32 
2024 01 25 12 27 09.02  30.868  06.239  0119.72  00.62  07.74  265.8  009.26  30.801  1024.762  1472.33 
2024 01 25 12 27 09.27  30.868  06.238  0119.85  00.56  07.74  265.8  009.26  30.802  1024.763  1472.33 
2024 01 25 12 27 09.52  30.867  06.237  0119.94  00.55  07.74  265.8  009.26  30.801  1024.763  1472.33 
2024 01 25 12 27 09.77  30.869  06.239  0119.99  00.52  07.74  265.2  009.29  30.802  1024.764  1472.34 
2024 01 25 12 27 10.02  30.871  06.241  0120.03  00.53  07.74  265.2  009.29  30.803  1024.764  1472.35 
2024 01 25 12 27 10.27  30.873  06.246  0120.06  00.61  07.74  265.2  009.26  30.800  1024.762  1472.36 
2024 01 25 12 27 10.52  30.873  06.242  0120.12  00.57  07.74  265.2  009.29  30.803  1024.765  1472.35 
2024 01 25 12 27 10.77  30.870  06.242  0120.18  00.57  07.74  265.2  009.26  30.800  1024.763  1472.35 
2024 01 25 12 27 11.02  30.868  06.242  0120.26  00.76  07.74  265.2  009.29  30.797  1024.761  1472.35 
2024 01 25 12 27 11.27  30.870  06.238  0120.33  00.70  07.74  265.2  009.29  30.803  1024.766  1472.34 
2024 01 25 12 27 11.52  30.867  06.238  0120.36  00.61  07.74  265.2  009.26  30.800  1024.765  1472.34 
2024 01 25 12 27 11.77  30.868  06.237  0120.41  00.59  07.74  265.2  009.26  30.803  1024.767  1472.34 
2024 01 25 12 27 12.02  30.870  06.237  0120.41  00.61  07.74  265.2  009.26  30.804  1024.767  1472.34 
2024 01 25 12 27 12.27  30.868  06.237  0120.42  00.59  07.74  265.2  009.26  30.802  1024.766  1472.34 
2024 01 25 12 27 12.52  30.871  06.239  0120.40  00.55  07.74  265.2  009.26  30.804  1024.767  1472.35 
2024 01 25 12 27 12.77  30.869  06.238  0120.43  00.57  07.74  265.0  009.29  30.802  1024.766  1472.34 
2024 01 25 12 27 13.02  30.869  06.238  0120.46  00.64  07.74  265.0  009.26  30.802  1024.766  1472.34 
2024 01 25 12 27 13.27  30.869  06.237  0120.50  00.64  07.74  265.0  009.29  30.803  1024.767  1472.34 
2024 01 25 12 27 13.52  30.870  06.237  0120.55  00.62  07.74  265.0  009.26  30.804  1024.768  1472.34 
2024 01 25 12 27 13.77  30.870  06.237  0120.55  00.57  07.74  265.0  009.26  30.804  1024.768  1472.34 
2024 01 25 12 27 14.02  30.869  06.238  0120.55  00.64  07.74  265.0  009.26  30.802  1024.767  1472.34 
2024 01 25 12 27 14.27  30.870  06.239  0120.55  00.59  07.74  265.0  009.26  30.802  1024.766  1472.35 
2024 01 25 12 27 14.52  30.869  06.239  0120.55  00.54  07.74  265.0  009.26  30.801  1024.766  1472.35 
2024 01 25 12 27 14.77  30.870  06.240  0120.56  00.59  07.73  265.0  009.26  30.802  1024.766  1472.35 
2024 01 25 12 27 15.02  30.872  06.239  0120.55  00.57  07.74  265.0  009.26  30.805  1024.769  1472.35 
2024 01 25 12 27 15.27  30.870  06.238  0120.55  00.57  07.74  265.0  009.26  30.804  1024.768  1472.35 
2024 01 25 12 27 15.52  30.871  06.238  0120.53  00.55  07.74  265.0  009.26  30.805  1024.769  1472.35 
2024 01 25 12 27 15.77  30.870  06.239  0120.53  00.52  07.74  265.0  009.29  30.803  1024.767  1472.35 
2024 01 25 12 27 16.02  30.870  06.240  0120.49  00.55  07.74  265.0  009.26  30.802  1024.766  1472.35 
2024 01 25 12 27 16.27  30.870  06.241  0120.40  00.57  07.74  265.0  009.29  30.801  1024.765  1472.35 
2024 01 25 12 27 16.52  30.871  06.241  0120.31  00.53  07.74  265.0  009.29  30.802  1024.765  1472.35 
2024 01 25 12 27 16.77  30.872  06.240  0120.22  00.52  07.74  265.0  009.29  30.804  1024.766  1472.35 
2024 01 25 12 27 17.02  30.873  06.241  0120.17  00.60  07.74  265.0  009.26  30.804  1024.766  1472.35 
2024 01 25 12 27 17.27  30.872  06.239  0120.09  00.59  07.74  265.0  009.29  30.805  1024.767  1472.34 
2024 01 25 12 27 17.52  30.871  06.238  0119.96  00.57  07.74  265.0  009.26  30.805  1024.766  1472.34 
2024 01 25 12 27 17.77  30.871  06.239  0119.87  00.57  07.73  265.0  009.26  30.804  1024.765  1472.34 
2024 01 25 12 27 18.02  30.871  06.240  0119.78  00.54  07.74  265.0  009.26  30.804  1024.764  1472.34 
2024 01 25 12 27 18.27  30.870  06.240  0119.73  00.60  07.74  265.0  009.26  30.802  1024.762  1472.34 
2024 01 25 12 27 18.52  30.871  06.239  0119.72  00.62  07.74  265.0  009.26  30.805  1024.765  1472.34 
2024 01 25 12 27 18.77  30.870  06.237  0119.71  00.60  07.74  264.9  009.29  30.805  1024.765  1472.33 
2024 01 25 12 27 19.02  30.871  06.238  0119.71  00.58  07.74  264.9  009.29  30.805  1024.765  1472.33 
2024 01 25 12 27 19.27  30.870  06.237  0119.71  00.58  07.74  264.9  009.29  30.805  1024.765  1472.33 
2024 01 25 12 27 19.52  30.870  06.237  0119.74  00.53  07.74  264.9  009.29  30.805  1024.765  1472.33 
2024 01 25 12 27 19.77  30.870  06.238  0119.80  00.80  07.74  264.9  009.29  30.804  1024.765  1472.33 
2024 01 25 12 27 20.02  30.870  06.238  0119.83  00.65  07.74  264.9  009.29  30.804  1024.765  1472.34 
2024 01 25 12 27 20.27  30.872  06.238  0119.82  00.59  07.74  264.9  009.26  30.806  1024.766  1472.34 
2024 01 25 12 27 20.52  30.872  06.238  0119.83  00.54  07.74  264.9  009.26  30.806  1024.766  1472.34 
2024 01 25 12 27 20.77  30.870  06.239  0119.81  00.52  07.73  264.9  009.26  30.804  1024.764  1472.34 
2024 01 25 12 27 21.02  30.870  06.239  0119.79  00.62  07.74  264.9  009.26  30.803  1024.764  1472.34 
2024 01 25 12 27 21.27  30.872  06.241  0119.79  00.59  07.74  264.9  009.26  30.804  1024.764  1472.34 
2024 01 25 12 27 21.52  30.870  06.238  0119.80  00.59  07.74  264.9  009.26  30.804  1024.765  1472.33 
2024 01 25 12 27 21.77  30.870  06.239  0119.79  00.58  07.74  264.8  009.26  30.803  1024.764  1472.34 
2024 01 25 12 27 22.02  30.870  06.239  0119.76  00.57  07.74  264.8  009.26  30.804  1024.764  1472.34 
2024 01 25 12 27 22.27  30.872  06.239  0119.75  00.64  07.74  264.8  009.26  30.805  1024.765  1472.34 
2024 01 25 12 27 22.52  30.872  06.237  0119.73  00.63  07.74  264.8  009.29  30.807  1024.767  1472.33 
2024 01 25 12 27 22.77  30.872  06.238  0119.71  00.55  07.74  264.8  009.26  30.806  1024.766  1472.34 
2024 01 25 12 27 23.02  30.872  06.240  0119.68  00.59  07.74  264.8  009.26  30.804  1024.764  1472.34 
2024 01 25 12 27 23.27  30.870  06.240  0119.61  00.57  07.74  264.8  009.26  30.802  1024.762  1472.34 
2024 01 25 12 27 23.52  30.873  06.242  0119.51  00.59  07.74  264.8  009.26  30.803  1024.762  1472.34 
2024 01 25 12 27 23.77  30.870  06.243  0119.41  00.66  07.73  264.8  009.26  30.800  1024.759  1472.34 
2024 01 25 12 27 24.02  30.872  06.239  0119.30  00.69  07.74  264.8  009.26  30.805  1024.763  1472.33 
2024 01 25 12 27 24.27  30.870  06.242  0119.27  00.58  07.74  264.8  009.26  30.800  1024.759  1472.34 
2024 01 25 12 27 24.52  30.872  06.237  0119.23  00.64  07.74  264.8  009.26  30.807  1024.765  1472.32 
2024 01 25 12 27 24.77  30.872  06.239  0119.21  00.68  07.74  264.6  009.29  30.806  1024.763  1472.33 
2024 01 25 12 27 25.02  30.872  06.238  0119.20  00.66  07.74  264.6  009.26  30.806  1024.763  1472.33 
2024 01 25 12 27 25.27  30.871  06.239  0119.20  00.60  07.74  264.6  009.26  30.804  1024.762  1472.33 
2024 01 25 12 27 25.52  30.871  06.238  0119.20  00.60  07.74  264.6  009.26  30.805  1024.763  1472.33 
2024 01 25 12 27 25.77  30.873  06.240  0119.17  00.59  07.74  264.6  009.26  30.806  1024.763  1472.33 
2024 01 25 12 27 26.02  30.871  06.239  0119.13  00.59  07.74  264.6  009.26  30.805  1024.762  1472.33 
2024 01 25 12 27 26.27  30.872  06.240  0119.12  00.59  07.74  264.6  009.26  30.805  1024.762  1472.33 
2024 01 25 12 27 26.52  30.870  06.238  0119.10  00.57  07.74  264.6  009.26  30.803  1024.761  1472.32 
2024 01 25 12 27 26.77  30.872  06.240  0119.11  00.62  07.73  264.6  009.26  30.805  1024.762  1472.33 
2024 01 25 12 27 27.02  30.870  06.239  0119.11  00.66  07.74  264.6  009.26  30.803  1024.761  1472.33 
2024 01 25 12 27 27.27  30.870  06.240  0119.10  00.64  07.74  264.6  009.26  30.803  1024.760  1472.33 
2024 01 25 12 27 27.52  30.872  06.240  0119.08  00.64  07.74  264.6  009.26  30.805  1024.762  1472.33 
2024 01 25 12 27 27.77  30.871  06.240  0119.04  00.59  07.74  264.7  009.29  30.804  1024.761  1472.33 
2024 01 25 12 27 28.02  30.872  06.238  0119.00  00.62  07.74  264.7  009.29  30.806  1024.763  1472.32 
2024 01 25 12 27 28.27  30.869  06.239  0118.98  00.59  07.74  264.7  009.29  30.802  1024.759  1472.32 
2024 01 25 12 27 28.52  30.870  06.239  0118.96  00.56  07.74  264.7  009.26  30.803  1024.760  1472.33 
2024 01 25 12 27 28.77  30.871  06.239  0119.01  00.53  07.74  264.7  009.26  30.804  1024.761  1472.33 
2024 01 25 12 27 29.02  30.870  06.238  0119.10  00.58  07.74  264.7  009.29  30.803  1024.761  1472.32 
2024 01 25 12 27 29.27  30.870  06.237  0119.24  00.59  07.74  264.7  009.29  30.805  1024.763  1472.32 
2024 01 25 12 27 29.52  30.870  06.238  0119.37  00.63  07.74  264.7  009.26  30.805  1024.763  1472.33 
2024 01 25 12 27 29.77  30.870  06.237  0119.47  00.70  07.73  264.7  009.26  30.804  1024.764  1472.32 
2024 01 25 12 27 30.02  30.869  06.237  0119.56  00.81  07.74  264.7  009.26  30.803  1024.763  1472.33 
2024 01 25 12 27 30.27  30.870  06.237  0119.62  00.71  07.74  264.7  009.26  30.805  1024.765  1472.33 
2024 01 25 12 27 30.52  30.871  06.237  0119.67  00.68  07.74  264.7  009.26  30.806  1024.766  1472.33 
2024 01 25 12 27 30.77  30.872  06.237  0119.67  00.59  07.74  264.7  009.26  30.807  1024.767  1472.33 
2024 01 25 12 27 31.02  30.870  06.238  0119.65  00.59  07.74  264.7  009.29  30.804  1024.764  1472.33 
2024 01 25 12 27 31.27  30.872  06.239  0119.62  00.57  07.74  264.7  009.26  30.805  1024.765  1472.34 
2024 01 25 12 27 31.52  30.873  06.239  0119.60  00.65  07.74  264.7  009.26  30.806  1024.766  1472.34 
2024 01 25 12 27 31.77  30.872  06.239  0119.55  00.65  07.74  264.7  009.29  30.805  1024.764  1472.34 
2024 01 25 12 27 32.02  30.872  06.238  0119.54  00.61  07.74  264.7  009.26  30.806  1024.766  1472.33 
2024 01 25 12 27 32.27  30.871  06.239  0119.51  00.63  07.74  264.7  009.26  30.804  1024.764  1472.33 
2024 01 25 12 27 32.52  30.873  06.239  0119.48  00.59  07.74  264.7  009.26  30.806  1024.765  1472.33 
2024 01 25 12 27 32.77  30.872  06.240  0119.47  00.55  07.73  264.7  009.26  30.805  1024.764  1472.34 
2024 01 25 12 27 33.02  30.871  06.237  0119.44  00.55  07.74  264.7  009.26  30.806  1024.765  1472.33 
2024 01 25 12 27 33.27  30.870  06.238  0119.45  00.59  07.74  264.7  009.26  30.804  1024.763  1472.33 
2024 01 25 12 27 33.52  30.873  06.238  0119.41  00.58  07.74  264.7  009.26  30.807  1024.765  1472.33 
2024 01 25 12 27 33.77  30.871  06.238  0119.35  00.56  07.74  264.5  009.29  30.805  1024.763  1472.33 
2024 01 25 12 27 34.02  30.872  06.240  0119.34  00.60  07.74  264.5  009.29  30.804  1024.762  1472.34 
2024 01 25 12 27 34.27  30.873  06.240  0119.33  00.61  07.74  264.5  009.26  30.806  1024.764  1472.33 
2024 01 25 12 27 34.52  30.874  06.238  0119.33  00.62  07.74  264.5  009.26  30.808  1024.765  1472.33 
2024 01 25 12 27 34.77  30.874  06.238  0119.29  00.66  07.74  264.5  009.26  30.808  1024.765  1472.33 
2024 01 25 12 27 35.02  30.872  06.239  0119.28  00.62  07.74  264.5  009.29  30.805  1024.763  1472.33 
2024 01 25 12 27 35.27  30.874  06.238  0119.25  00.59  07.74  264.5  009.26  30.808  1024.765  1472.33 
2024 01 25 12 27 35.52  30.872  06.240  0119.20  00.60  07.74  264.5  009.26  30.804  1024.762  1472.33 
2024 01 25 12 27 35.77  30.874  06.240  0119.18  00.74  07.73  264.5  009.26  30.806  1024.763  1472.33 
2024 01 25 12 27 36.02  30.872  06.238  0119.15  00.63  07.74  264.5  009.26  30.806  1024.763  1472.33 
2024 01 25 12 27 36.27  30.873  06.239  0119.14  00.74  07.74  264.5  009.26  30.806  1024.763  1472.33 
2024 01 25 12 27 36.52  30.872  06.239  0119.12  00.64  07.74  264.5  009.26  30.805  1024.763  1472.33 
2024 01 25 12 27 36.77  30.874  06.238  0119.08  00.64  07.74  264.7  009.26  30.808  1024.764  1472.33 
2024 01 25 12 27 37.02  30.875  06.243  0118.99  00.62  07.74  264.7  009.26  30.805  1024.761  1472.34 
2024 01 25 12 27 37.27  30.872  06.242  0118.87  00.57  07.74  264.7  009.26  30.802  1024.759  1472.33 
2024 01 25 12 27 37.52  30.874  06.241  0118.78  00.62  07.74  264.7  009.29  30.805  1024.760  1472.33 
2024 01 25 12 27 37.77  30.872  06.241  0118.74  00.61  07.74  264.7  009.29  30.804  1024.760  1472.33 
2024 01 25 12 27 38.02  30.874  06.239  0118.73  00.59  07.74  264.7  009.26  30.807  1024.762  1472.32 
2024 01 25 12 27 38.27  30.873  06.239  0118.75  00.70  07.74  264.7  009.26  30.806  1024.762  1472.32 
2024 01 25 12 27 38.52  30.872  06.238  0118.76  00.66  07.74  264.7  009.26  30.806  1024.761  1472.32 
2024 01 25 12 27 38.77  30.873  06.239  0118.76  00.67  07.73  264.7  009.26  30.806  1024.761  1472.33 
2024 01 25 12 27 39.02  30.874  06.240  0118.70  00.69  07.74  264.7  009.26  30.807  1024.762  1472.33 
2024 01 25 12 27 39.27  30.874  06.242  0118.70  00.66  07.74  264.7  009.26  30.806  1024.761  1472.33 
2024 01 25 12 27 39.52  30.874  06.241  0118.71  00.67  07.74  264.7  009.26  30.806  1024.761  1472.33 
2024 01 25 12 27 39.77  30.873  06.239  0118.71  00.65  07.74  264.4  009.29  30.806  1024.761  1472.32 
2024 01 25 12 27 40.02  30.874  06.241  0118.70  00.60  07.74  264.4  009.26  30.806  1024.761  1472.33 
2024 01 25 12 27 40.27  30.872  06.240  0118.70  00.62  07.74  264.4  009.26  30.804  1024.760  1472.33 
2024 01 25 12 27 40.52  30.874  06.242  0118.69  00.85  07.74  264.4  009.29  30.806  1024.760  1472.33 
2024 01 25 12 27 40.77  30.875  06.242  0118.67  00.77  07.74  264.4  009.26  30.806  1024.761  1472.33 
2024 01 25 12 27 41.02  30.874  06.243  0118.65  00.69  07.74  264.4  009.26  30.804  1024.759  1472.33 
2024 01 25 12 27 41.27  30.874  06.244  0118.60  00.69  07.74  264.4  009.26  30.803  1024.758  1472.34 
2024 01 25 12 27 41.52  30.874  06.244  0118.60  00.61  07.74  264.4  009.26  30.804  1024.759  1472.34 
2024 01 25 12 27 41.77  30.876  06.242  0118.59  01.24  07.73  264.4  009.26  30.808  1024.761  1472.33 
2024 01 25 12 27 42.02  30.873  06.241  0118.58  00.88  07.74  264.4  009.26  30.805  1024.760  1472.33 
2024 01 25 12 27 42.27  30.875  06.243  0118.56  00.66  07.74  264.4  009.26  30.806  1024.760  1472.33 
2024 01 25 12 27 42.52  30.874  06.244  0118.53  00.59  07.74  264.4  009.26  30.804  1024.758  1472.34 
2024 01 25 12 27 42.77  30.873  06.244  0118.48  00.61  07.74  264.5  009.29  30.802  1024.757  1472.33 
2024 01 25 12 27 43.02  30.875  06.245  0118.48  00.59  07.74  264.5  009.26  30.804  1024.758  1472.34 
2024 01 25 12 27 43.27  30.875  06.244  0118.45  00.75  07.74  264.5  009.29  30.805  1024.758  1472.34 
2024 01 25 12 27 43.52  30.875  06.244  0118.44  00.64  07.74  264.5  009.26  30.804  1024.758  1472.34 
2024 01 25 12 27 43.77  30.874  06.244  0118.45  00.60  07.74  264.5  009.26  30.803  1024.757  1472.33 
2024 01 25 12 27 44.02  30.875  06.243  0118.44  00.62  07.74  264.5  009.26  30.805  1024.759  1472.33 
2024 01 25 12 27 44.27  30.874  06.243  0118.42  00.60  07.74  264.5  009.29  30.804  1024.758  1472.33 
2024 01 25 12 27 44.52  30.873  06.243  0118.38  00.60  07.74  264.5  009.26  30.803  1024.757  1472.33 
2024 01 25 12 27 44.77  30.874  06.243  0118.33  00.57  07.73  264.5  009.26  30.804  1024.757  1472.33 
2024 01 25 12 27 45.02  30.876  06.244  0118.32  00.66  07.74  264.5  009.26  30.806  1024.759  1472.34 
2024 01 25 12 27 45.27  30.874  06.245  0118.31  00.65  07.74  264.5  009.26  30.802  1024.755  1472.34 
2024 01 25 12 27 45.52  30.876  06.245  0118.28  00.63  07.74  264.5  009.26  30.804  1024.757  1472.34 
2024 01 25 12 27 45.77  30.876  06.245  0118.31  00.58  07.74  264.3  009.29  30.804  1024.757  1472.34 
2024 01 25 12 27 46.02  30.877  06.244  0118.29  00.57  07.74  264.3  009.29  30.807  1024.759  1472.34 
2024 01 25 12 27 46.27  30.874  06.244  0118.30  00.72  07.74  264.3  009.29  30.804  1024.757  1472.33 
2024 01 25 12 27 46.52  30.874  06.244  0118.29  00.64  07.74  264.3  009.26  30.804  1024.757  1472.33 
2024 01 25 12 27 46.77  30.877  06.244  0118.28  00.89  07.74  264.3  009.29  30.806  1024.759  1472.34 
2024 01 25 12 27 47.02  30.875  06.245  0118.26  00.71  07.74  264.3  009.29  30.804  1024.756  1472.34 
2024 01 25 12 27 47.27  30.875  06.245  0118.22  00.70  07.74  264.3  009.26  30.804  1024.757  1472.33 
2024 01 25 12 27 47.52  30.877  06.245  0118.19  00.60  07.74  264.3  009.26  30.805  1024.757  1472.34 
2024 01 25 12 27 47.77  30.875  06.245  0118.08  00.55  07.73  264.3  009.26  30.804  1024.756  1472.33 
2024 01 25 12 27 48.02  30.876  06.245  0117.95  00.51  07.74  264.3  009.26  30.805  1024.756  1472.33 
2024 01 25 12 27 48.27  30.878  06.245  0117.83  00.55  07.74  264.3  009.26  30.807  1024.757  1472.34 
2024 01 25 12 27 48.52  30.874  06.246  0117.72  00.57  07.74  264.3  009.26  30.803  1024.753  1472.33 
2024 01 25 12 27 48.77  30.877  06.246  0117.60  00.75  07.74  264.3  009.26  30.805  1024.754  1472.33 
2024 01 25 12 27 49.02  30.878  06.247  0117.55  00.75  07.74  264.3  009.26  30.805  1024.754  1472.33 
2024 01 25 12 27 49.27  30.877  06.246  0117.50  00.63  07.74  264.3  009.29  30.805  1024.754  1472.33 
2024 01 25 12 27 49.52  30.878  06.247  0117.46  00.64  07.74  264.3  009.26  30.805  1024.754  1472.33 
2024 01 25 12 27 49.77  30.878  06.246  0117.41  00.60  07.74  264.3  009.29  30.806  1024.754  1472.33 
2024 01 25 12 27 50.02  30.878  06.246  0117.38  00.62  07.74  264.3  009.26  30.806  1024.754  1472.33 
2024 01 25 12 27 50.27  30.876  06.247  0117.36  00.62  07.74  264.3  009.26  30.804  1024.752  1472.33 
2024 01 25 12 27 50.52  30.878  06.247  0117.33  00.56  07.74  264.3  009.26  30.805  1024.753  1472.33 
2024 01 25 12 27 50.77  30.877  06.246  0117.30  00.61  07.73  264.3  009.26  30.806  1024.754  1472.33 
2024 01 25 12 27 51.02  30.876  06.248  0117.28  00.57  07.74  264.3  009.26  30.803  1024.751  1472.33 
2024 01 25 12 27 51.27  30.880  06.248  0117.25  00.54  07.74  264.3  009.26  30.807  1024.754  1472.34 
2024 01 25 12 27 51.52  30.878  06.248  0117.26  00.59  07.74  264.3  009.26  30.804  1024.752  1472.33 
2024 01 25 12 27 51.77  30.878  06.248  0117.26  00.71  07.74  264.2  009.29  30.804  1024.752  1472.33 
2024 01 25 12 27 52.02  30.879  06.248  0117.24  00.67  07.74  264.2  009.29  30.806  1024.753  1472.34 
2024 01 25 12 27 52.27  30.878  06.248  0117.24  00.63  07.74  264.2  009.26  30.805  1024.752  1472.33 
2024 01 25 12 27 52.52  30.878  06.248  0117.22  00.57  07.74  264.2  009.29  30.804  1024.751  1472.33 
2024 01 25 12 27 52.77  30.878  06.249  0117.18  00.64  07.74  264.2  009.29  30.804  1024.751  1472.34 
2024 01 25 12 27 53.02  30.881  06.249  0117.11  00.70  07.74  264.2  009.26  30.807  1024.753  1472.34 
2024 01 25 12 27 53.27  30.880  06.252  0117.04  00.63  07.74  264.2  009.26  30.804  1024.750  1472.34 
2024 01 25 12 27 53.52  30.880  06.252  0116.89  00.58  07.74  264.2  009.26  30.804  1024.749  1472.34 
2024 01 25 12 27 53.77  30.882  06.253  0116.70  00.57  07.73  264.2  009.26  30.804  1024.749  1472.34 
2024 01 25 12 27 54.02  30.880  06.254  0116.52  00.62  07.74  264.2  009.26  30.802  1024.746  1472.34 
2024 01 25 12 27 54.27  30.882  06.256  0116.30  00.55  07.74  264.2  009.26  30.802  1024.745  1472.35 
2024 01 25 12 27 54.52  30.882  06.258  0116.10  00.57  07.74  264.2  009.26  30.801  1024.743  1472.35 
2024 01 25 12 27 54.77  30.885  06.259  0115.93  00.57  07.74  264.1  009.26  30.802  1024.743  1472.36 
2024 01 25 12 27 55.02  30.886  06.261  0115.78  00.57  07.74  264.1  009.26  30.802  1024.742  1472.36 
2024 01 25 12 27 55.27  30.886  06.263  0115.67  00.59  07.74  264.1  009.26  30.801  1024.740  1472.36 
2024 01 25 12 27 55.52  30.886  06.263  0115.54  00.62  07.74  264.1  009.29  30.800  1024.739  1472.36 
2024 01 25 12 27 55.77  30.886  06.262  0115.46  00.66  07.74  264.1  009.26  30.802  1024.740  1472.36 
2024 01 25 12 27 56.02  30.887  06.263  0115.40  00.64  07.74  264.1  009.29  30.802  1024.740  1472.36 
2024 01 25 12 27 56.27  30.887  06.263  0115.34  00.58  07.74  264.1  009.26  30.802  1024.739  1472.36 
2024 01 25 12 27 56.52  30.887  06.263  0115.29  00.62  07.74  264.1  009.26  30.802  1024.739  1472.36 
2024 01 25 12 27 56.77  30.887  06.265  0115.22  00.66  07.73  264.1  009.26  30.801  1024.738  1472.36 
2024 01 25 12 27 57.02  30.888  06.265  0115.14  00.63  07.74  264.1  009.26  30.801  1024.737  1472.36 
2024 01 25 12 27 57.27  30.887  06.266  0115.08  00.61  07.74  264.1  009.26  30.799  1024.736  1472.36 
2024 01 25 12 27 57.52  30.887  06.266  0115.01  00.57  07.74  264.1  009.26  30.799  1024.735  1472.36 
2024 01 25 12 27 57.77  30.890  06.266  0114.92  00.58  07.74  264.3  009.26  30.802  1024.737  1472.36 
2024 01 25 12 27 58.02  30.889  06.266  0114.82  00.57  07.74  264.3  009.26  30.801  1024.736  1472.36 
2024 01 25 12 27 58.27  30.890  06.266  0114.67  00.59  07.74  264.3  009.26  30.803  1024.737  1472.36 
2024 01 25 12 27 58.52  30.889  06.266  0114.55  00.59  07.74  264.3  009.26  30.801  1024.735  1472.36 
2024 01 25 12 27 58.77  30.890  06.266  0114.37  00.57  07.74  264.3  009.29  30.803  1024.735  1472.36 
2024 01 25 12 27 59.02  30.890  06.267  0114.24  00.61  07.74  264.3  009.26  30.802  1024.734  1472.36 
2024 01 25 12 27 59.27  30.888  06.267  0114.11  00.67  07.74  264.3  009.26  30.800  1024.732  1472.35 
2024 01 25 12 27 59.52  30.890  06.267  0113.93  00.62  07.74  264.3  009.26  30.801  1024.732  1472.35 
2024 01 25 12 27 59.77  30.889  06.267  0113.77  00.62  07.73  264.3  009.26  30.801  1024.731  1472.35 
2024 01 25 12 28 00.02  30.890  06.268  0113.63  00.62  07.74  264.3  009.26  30.802  1024.731  1472.35 
2024 01 25 12 28 00.27  30.887  06.268  0113.44  00.53  07.74  264.3  009.26  30.798  1024.727  1472.35 
2024 01 25 12 28 00.52  30.887  06.267  0113.29  00.55  07.74  264.3  009.26  30.799  1024.727  1472.34 
2024 01 25 12 28 00.77  30.889  06.267  0113.10  00.63  07.74  264.6  009.29  30.801  1024.728  1472.34 
2024 01 25 12 28 01.02  30.886  06.267  0112.94  00.62  07.74  264.6  009.29  30.798  1024.725  1472.33 
2024 01 25 12 28 01.27  30.887  06.267  0112.80  00.64  07.74  264.6  009.26  30.800  1024.725  1472.33 
2024 01 25 12 28 01.52  30.890  06.267  0112.62  00.62  07.74  264.6  009.26  30.802  1024.726  1472.33 
2024 01 25 12 28 01.77  30.890  06.267  0112.48  00.74  07.74  264.6  009.26  30.802  1024.726  1472.33 
2024 01 25 12 28 02.02  30.889  06.267  0112.32  00.68  07.74  264.6  009.26  30.801  1024.725  1472.33 
2024 01 25 12 28 02.27  30.889  06.267  0112.15  00.63  07.74  264.6  009.29  30.801  1024.724  1472.32 
2024 01 25 12 28 02.52  30.887  06.270  0112.01  00.61  07.74  264.6  009.26  30.798  1024.720  1472.33 
2024 01 25 12 28 02.77  30.888  06.268  0111.86  00.64  07.73  264.6  009.26  30.800  1024.721  1472.32 
2024 01 25 12 28 03.02  30.889  06.269  0111.70  00.62  07.74  264.6  009.26  30.800  1024.721  1472.32 
2024 01 25 12 28 03.27  30.886  06.268  0111.57  00.60  07.74  264.6  009.26  30.798  1024.718  1472.31 
2024 01 25 12 28 03.52  30.889  06.269  0111.43  00.62  07.74  264.6  009.26  30.800  1024.719  1472.32 
2024 01 25 12 28 03.77  30.890  06.268  0111.30  00.59  07.74  264.7  009.29  30.802  1024.721  1472.31 
2024 01 25 12 28 04.02  30.888  06.268  0111.18  00.58  07.74  264.7  009.29  30.800  1024.718  1472.31 
2024 01 25 12 28 04.27  30.887  06.269  0111.04  00.63  07.74  264.7  009.29  30.798  1024.716  1472.31 
2024 01 25 12 28 04.52  30.887  06.268  0110.94  00.66  07.74  264.7  009.29  30.800  1024.717  1472.31 
2024 01 25 12 28 04.77  30.888  06.268  0110.80  00.67  07.74  264.7  009.26  30.800  1024.717  1472.30 
2024 01 25 12 28 05.02  30.889  06.269  0110.68  00.62  07.74  264.7  009.29  30.801  1024.716  1472.31 
2024 01 25 12 28 05.27  30.889  06.269  0110.56  00.58  07.74  264.7  009.29  30.800  1024.715  1472.31 
2024 01 25 12 28 05.52  30.888  06.270  0110.43  00.58  07.74  264.7  009.26  30.799  1024.714  1472.30 
2024 01 25 12 28 05.77  30.888  06.270  0110.31  00.62  07.73  264.7  009.26  30.799  1024.713  1472.30 
2024 01 25 12 28 06.02  30.888  06.271  0110.15  00.55  07.74  264.7  009.26  30.798  1024.711  1472.30 
2024 01 25 12 28 06.27  30.890  06.273  0110.00  00.55  07.74  264.7  009.26  30.798  1024.710  1472.31 
2024 01 25 12 28 06.52  30.890  06.275  0109.87  00.65  07.74  264.7  009.26  30.797  1024.709  1472.31 
2024 01 25 12 28 06.77  30.890  06.274  0109.72  00.59  07.74  265.0  009.29  30.798  1024.709  1472.31 
2024 01 25 12 28 07.02  30.890  06.273  0109.59  00.57  07.74  265.0  009.26  30.799  1024.709  1472.30 
2024 01 25 12 28 07.27  30.890  06.274  0109.45  00.62  07.74  265.0  009.29  30.797  1024.707  1472.30 
2024 01 25 12 28 07.52  30.890  06.274  0109.30  00.54  07.74  265.0  009.26  30.798  1024.707  1472.30 
2024 01 25 12 28 07.77  30.890  06.274  0109.13  00.60  07.74  265.0  009.29  30.798  1024.706  1472.30 
2024 01 25 12 28 08.02  30.891  06.275  0108.98  00.62  07.74  265.0  009.26  30.799  1024.706  1472.30 
2024 01 25 12 28 08.27  30.893  06.276  0108.86  00.57  07.74  265.0  009.29  30.800  1024.706  1472.30 
2024 01 25 12 28 08.52  30.894  06.276  0108.73  00.54  07.74  265.0  009.26  30.800  1024.706  1472.30 
2024 01 25 12 28 08.77  30.892  06.278  0108.57  00.53  07.73  265.0  009.26  30.797  1024.703  1472.30 
2024 01 25 12 28 09.02  30.893  06.278  0108.51  00.53  07.74  265.0  009.26  30.798  1024.703  1472.30 
2024 01 25 12 28 09.27  30.893  06.280  0108.46  00.57  07.74  265.0  009.26  30.796  1024.701  1472.31 
2024 01 25 12 28 09.52  30.894  06.276  0108.44  00.57  07.74  265.0  009.26  30.800  1024.704  1472.30 
2024 01 25 12 28 09.77  30.894  06.280  0108.37  00.55  07.74  265.1  009.29  30.798  1024.702  1472.31 
2024 01 25 12 28 10.02  30.897  06.284  0108.29  00.61  07.74  265.1  009.29  30.797  1024.700  1472.32 
2024 01 25 12 28 10.27  30.898  06.288  0108.17  00.63  07.74  265.1  009.26  30.795  1024.698  1472.33 
2024 01 25 12 28 10.52  30.900  06.290  0108.02  00.58  07.74  265.1  009.26  30.795  1024.697  1472.34 
2024 01 25 12 28 10.77  30.900  06.290  0107.89  00.62  07.74  265.1  009.26  30.795  1024.696  1472.34 
2024 01 25 12 28 11.02  30.900  06.293  0107.76  00.60  07.74  265.1  009.26  30.793  1024.693  1472.34 
2024 01 25 12 28 11.27  30.901  06.292  0107.62  00.60  07.74  265.1  009.26  30.795  1024.694  1472.34 
2024 01 25 12 28 11.52  30.900  06.293  0107.47  00.55  07.74  265.1  009.26  30.792  1024.692  1472.34 
2024 01 25 12 28 11.77  30.900  06.292  0107.33  00.56  07.73  265.1  009.26  30.793  1024.692  1472.34 
2024 01 25 12 28 12.02  30.901  06.293  0107.19  00.56  07.74  265.1  009.26  30.794  1024.692  1472.34 
2024 01 25 12 28 12.27  30.900  06.294  0107.05  00.56  07.74  265.1  009.26  30.792  1024.689  1472.34 
2024 01 25 12 28 12.52  30.901  06.294  0106.89  00.57  07.74  265.1  009.26  30.794  1024.690  1472.34 
2024 01 25 12 28 12.77  30.901  06.294  0106.79  00.52  07.74  265.2  009.29  30.793  1024.689  1472.33 
2024 01 25 12 28 13.02  30.901  06.296  0106.66  00.59  07.74  265.2  009.29  30.791  1024.687  1472.34 
2024 01 25 12 28 13.27  30.902  06.296  0106.52  00.64  07.74  265.2  009.29  30.793  1024.687  1472.34 
2024 01 25 12 28 13.52  30.901  06.297  0106.46  00.62  07.74  265.2  009.26  30.790  1024.685  1472.34 
2024 01 25 12 28 13.77  30.902  06.296  0106.34  00.64  07.75  265.2  009.29  30.793  1024.687  1472.33 
2024 01 25 12 28 14.02  30.903  06.297  0106.21  00.57  07.74  265.2  009.26  30.793  1024.686  1472.34 
2024 01 25 12 28 14.27  30.902  06.297  0106.08  00.54  07.74  265.2  009.29  30.792  1024.685  1472.33 
2024 01 25 12 28 14.52  30.902  06.297  0105.98  00.53  07.75  265.2  009.26  30.793  1024.685  1472.33 
2024 01 25 12 28 14.77  30.902  06.297  0105.85  00.57  07.74  265.2  009.26  30.792  1024.683  1472.33 
2024 01 25 12 28 15.02  30.902  06.297  0105.70  00.62  07.74  265.2  009.26  30.792  1024.683  1472.33 
2024 01 25 12 28 15.27  30.902  06.297  0105.58  00.60  07.74  265.2  009.26  30.793  1024.683  1472.32 
2024 01 25 12 28 15.52  30.901  06.297  0105.46  00.57  07.74  265.2  009.26  30.792  1024.682  1472.32 
2024 01 25 12 28 15.77  30.902  06.298  0105.34  00.59  07.75  265.3  009.29  30.792  1024.681  1472.32 
2024 01 25 12 28 16.02  30.905  06.299  0105.20  00.56  07.75  265.3  009.29  30.793  1024.681  1472.33 
2024 01 25 12 28 16.27  30.905  06.300  0105.06  00.59  07.75  265.3  009.29  30.793  1024.680  1472.33 
2024 01 25 12 28 16.52  30.904  06.299  0104.93  00.57  07.75  265.3  009.26  30.793  1024.679  1472.32 
2024 01 25 12 28 16.77  30.902  06.300  0104.81  00.55  07.75  265.3  009.26  30.790  1024.677  1472.32 
2024 01 25 12 28 17.02  30.904  06.300  0104.65  00.56  07.75  265.3  009.26  30.792  1024.677  1472.32 
2024 01 25 12 28 17.27  30.904  06.300  0104.53  00.59  07.75  265.3  009.29  30.792  1024.677  1472.32 
2024 01 25 12 28 17.52  30.904  06.301  0104.40  00.59  07.75  265.3  009.26  30.791  1024.676  1472.32 
2024 01 25 12 28 17.77  30.905  06.300  0104.26  00.63  07.74  265.3  009.26  30.793  1024.676  1472.32 
2024 01 25 12 28 18.02  30.905  06.300  0104.11  00.59  07.75  265.3  009.26  30.793  1024.676  1472.32 
2024 01 25 12 28 18.27  30.904  06.301  0103.98  00.70  07.75  265.3  009.26  30.792  1024.674  1472.31 
2024 01 25 12 28 18.52  30.904  06.300  0103.83  00.65  07.75  265.3  009.26  30.792  1024.674  1472.31 
2024 01 25 12 28 18.77  30.905  06.301  0103.70  00.62  07.75  265.5  009.29  30.792  1024.673  1472.31 
2024 01 25 12 28 19.02  30.904  06.301  0103.56  00.62  07.75  265.5  009.26  30.792  1024.672  1472.31 
2024 01 25 12 28 19.27  30.904  06.303  0103.42  00.60  07.75  265.5  009.26  30.790  1024.670  1472.31 
2024 01 25 12 28 19.52  30.905  06.302  0103.28  00.57  07.75  265.5  009.26  30.792  1024.671  1472.31 
2024 01 25 12 28 19.77  30.906  06.302  0103.13  00.55  07.75  265.5  009.29  30.794  1024.672  1472.31 
2024 01 25 12 28 20.02  30.906  06.303  0103.00  00.54  07.75  265.5  009.26  30.793  1024.671  1472.31 
2024 01 25 12 28 20.27  30.906  06.302  0102.91  00.52  07.75  265.5  009.26  30.793  1024.671  1472.30 
2024 01 25 12 28 20.52  30.905  06.302  0102.78  00.52  07.75  265.5  009.26  30.792  1024.669  1472.30 
2024 01 25 12 28 20.77  30.905  06.302  0102.64  00.52  07.74  265.5  009.26  30.793  1024.669  1472.30 
2024 01 25 12 28 21.02  30.905  06.303  0102.52  00.57  07.75  265.5  009.26  30.791  1024.667  1472.30 
2024 01 25 12 28 21.27  30.907  06.303  0102.43  00.61  07.75  265.5  009.26  30.794  1024.669  1472.30 
2024 01 25 12 28 21.52  30.906  06.303  0102.31  00.61  07.75  265.5  009.26  30.793  1024.667  1472.30 
2024 01 25 12 28 21.77  30.905  06.303  0102.20  00.66  07.75  265.8  009.29  30.792  1024.666  1472.29 
2024 01 25 12 28 22.02  30.905  06.304  0102.09  00.62  07.75  265.8  009.29  30.792  1024.665  1472.29 
2024 01 25 12 28 22.27  30.905  06.303  0101.99  00.66  07.75  265.8  009.29  30.792  1024.665  1472.29 
2024 01 25 12 28 22.52  30.906  06.305  0101.89  00.61  07.75  265.8  009.29  30.792  1024.664  1472.30 
2024 01 25 12 28 22.77  30.908  06.306  0101.75  00.64  07.75  265.8  009.29  30.792  1024.664  1472.30 
2024 01 25 12 28 23.02  30.906  06.305  0101.63  00.60  07.75  265.8  009.26  30.791  1024.662  1472.29 
2024 01 25 12 28 23.27  30.908  06.307  0101.51  00.55  07.75  265.8  009.26  30.792  1024.662  1472.30 
2024 01 25 12 28 23.52  30.909  06.308  0101.39  00.57  07.75  265.8  009.26  30.792  1024.661  1472.30 
2024 01 25 12 28 23.77  30.908  06.308  0101.24  00.58  07.74  265.8  009.26  30.791  1024.660  1472.30 
2024 01 25 12 28 24.02  30.907  06.307  0101.10  00.52  07.75  265.8  009.26  30.791  1024.659  1472.29 
2024 01 25 12 28 24.27  30.909  06.309  0100.98  00.55  07.75  265.8  009.26  30.791  1024.659  1472.30 
2024 01 25 12 28 24.52  30.908  06.309  0100.84  00.53  07.75  265.8  009.26  30.790  1024.657  1472.29 
2024 01 25 12 28 24.77  30.908  06.310  0100.70  00.50  07.75  266.3  009.29  30.789  1024.656  1472.29 
2024 01 25 12 28 25.02  30.909  06.311  0100.59  00.56  07.75  266.3  009.26  30.789  1024.655  1472.30 
2024 01 25 12 28 25.27  30.909  06.313  0100.46  00.57  07.75  266.3  009.26  30.787  1024.653  1472.30 
2024 01 25 12 28 25.52  30.910  06.314  0100.33  00.57  07.75  266.3  009.26  30.788  1024.653  1472.30 
2024 01 25 12 28 25.77  30.911  06.317  0100.19  00.57  07.75  266.3  009.26  30.787  1024.651  1472.31 
2024 01 25 12 28 26.02  30.913  06.318  0100.08  00.55  07.75  266.3  009.26  30.788  1024.651  1472.32 
2024 01 25 12 28 26.27  30.913  06.319  0099.93  00.57  07.75  266.3  009.26  30.787  1024.650  1472.32 
2024 01 25 12 28 26.52  30.914  06.320  0099.78  00.60  07.75  266.3  009.26  30.788  1024.649  1472.32 
2024 01 25 12 28 26.77  30.913  06.320  0099.64  00.55  07.74  266.3  009.26  30.786  1024.648  1472.31 
2024 01 25 12 28 27.02  30.913  06.322  0099.52  00.57  07.75  266.3  009.26  30.785  1024.646  1472.32 
2024 01 25 12 28 27.27  30.914  06.322  0099.40  00.64  07.75  266.3  009.26  30.786  1024.646  1472.32 
2024 01 25 12 28 27.52  30.916  06.323  0099.23  00.69  07.75  266.3  009.26  30.787  1024.646  1472.32 
2024 01 25 12 28 27.77  30.915  06.324  0099.13  00.70  07.75  266.5  009.29  30.785  1024.644  1472.32 
2024 01 25 12 28 28.02  30.915  06.322  0098.98  00.63  07.75  266.5  009.29  30.787  1024.645  1472.31 
2024 01 25 12 28 28.27  30.915  06.324  0098.90  00.60  07.75  266.5  009.29  30.785  1024.642  1472.32 
2024 01 25 12 28 28.52  30.915  06.326  0098.77  00.60  07.75  266.5  009.29  30.784  1024.641  1472.32 
2024 01 25 12 28 28.77  30.915  06.326  0098.71  00.57  07.75  266.5  009.26  30.783  1024.640  1472.32 
2024 01 25 12 28 29.02  30.915  06.326  0098.59  00.56  07.75  266.5  009.26  30.783  1024.640  1472.32 
2024 01 25 12 28 29.27  30.917  06.328  0098.48  00.57  07.75  266.5  009.26  30.784  1024.639  1472.32 
2024 01 25 12 28 29.52  30.917  06.328  0098.36  00.57  07.75  266.5  009.26  30.784  1024.639  1472.32 
2024 01 25 12 28 29.77  30.917  06.330  0098.23  00.61  07.74  266.5  009.26  30.783  1024.637  1472.32 
2024 01 25 12 28 30.02  30.917  06.329  0098.09  00.64  07.75  266.5  009.26  30.783  1024.637  1472.32 
2024 01 25 12 28 30.27  30.916  06.329  0097.94  00.61  07.75  266.5  009.26  30.782  1024.635  1472.32 
2024 01 25 12 28 30.52  30.919  06.331  0097.79  00.58  07.75  266.5  009.26  30.784  1024.635  1472.32 
2024 01 25 12 28 30.77  30.918  06.332  0097.66  00.60  07.75  267.1  009.29  30.782  1024.633  1472.32 
2024 01 25 12 28 31.02  30.918  06.333  0097.53  00.58  07.75  267.1  009.26  30.781  1024.632  1472.32 
2024 01 25 12 28 31.27  30.921  06.332  0097.39  00.72  07.75  267.1  009.26  30.785  1024.634  1472.32 
2024 01 25 12 28 31.52  30.918  06.333  0097.28  00.60  07.75  267.1  009.26  30.781  1024.631  1472.32 
2024 01 25 12 28 31.77  30.919  06.333  0097.15  00.62  07.75  267.1  009.26  30.782  1024.631  1472.32 
2024 01 25 12 28 32.02  30.919  06.333  0097.02  00.67  07.75  267.1  009.26  30.783  1024.631  1472.32 
2024 01 25 12 28 32.27  30.918  06.333  0096.89  00.73  07.75  267.1  009.29  30.782  1024.630  1472.31 
2024 01 25 12 28 32.52  30.916  06.333  0096.76  00.66  07.75  267.1  009.26  30.779  1024.626  1472.31 
2024 01 25 12 28 32.77  30.916  06.332  0096.63  00.60  07.74  267.1  009.26  30.780  1024.627  1472.31 
2024 01 25 12 28 33.02  30.916  06.333  0096.48  00.55  07.75  267.1  009.26  30.779  1024.626  1472.30 
2024 01 25 12 28 33.27  30.916  06.332  0096.31  00.60  07.75  267.1  009.26  30.780  1024.626  1472.30 
2024 01 25 12 28 33.52  30.917  06.331  0096.17  00.56  07.75  267.1  009.26  30.782  1024.626  1472.30 
2024 01 25 12 28 33.77  30.914  06.332  0096.04  00.57  07.75  267.7  009.29  30.779  1024.623  1472.29 
2024 01 25 12 28 34.02  30.913  06.331  0095.88  00.55  07.75  267.7  009.26  30.777  1024.622  1472.29 
2024 01 25 12 28 34.27  30.913  06.331  0095.74  00.55  07.75  267.7  009.29  30.778  1024.621  1472.28 
2024 01 25 12 28 34.52  30.916  06.331  0095.58  00.56  07.75  267.7  009.26  30.781  1024.624  1472.28 
2024 01 25 12 28 34.77  30.913  06.332  0095.43  00.52  07.75  267.7  009.26  30.777  1024.619  1472.28 
2024 01 25 12 28 35.02  30.916  06.333  0095.25  00.60  07.75  267.7  009.26  30.780  1024.621  1472.28 
2024 01 25 12 28 35.27  30.915  06.333  0095.13  00.61  07.75  267.7  009.26  30.779  1024.620  1472.28 
2024 01 25 12 28 35.52  30.914  06.333  0095.03  00.56  07.75  267.7  009.26  30.778  1024.618  1472.28 
2024 01 25 12 28 35.77  30.914  06.333  0094.89  00.55  07.74  267.7  009.26  30.778  1024.618  1472.28 
2024 01 25 12 28 36.02  30.913  06.334  0094.79  00.57  07.75  267.7  009.26  30.777  1024.616  1472.28 
2024 01 25 12 28 36.27  30.916  06.334  0094.64  00.60  07.75  267.7  009.26  30.779  1024.617  1472.28 
2024 01 25 12 28 36.52  30.917  06.336  0094.53  00.59  07.75  267.7  009.29  30.778  1024.615  1472.28 
2024 01 25 12 28 36.77  30.916  06.336  0094.41  00.55  07.75  267.9  009.26  30.777  1024.614  1472.28 
2024 01 25 12 28 37.02  30.915  06.339  0094.32  00.66  07.75  267.9  009.29  30.774  1024.611  1472.29 
2024 01 25 12 28 37.27  30.917  06.338  0094.20  00.56  07.75  267.9  009.29  30.777  1024.613  1472.28 
2024 01 25 12 28 37.52  30.917  06.340  0094.08  00.62  07.75  267.9  009.26  30.776  1024.611  1472.29 
2024 01 25 12 28 37.77  30.917  06.342  0093.98  00.59  07.75  267.9  009.29  30.774  1024.609  1472.29 
2024 01 25 12 28 38.02  30.919  06.342  0093.87  00.59  07.75  267.9  009.26  30.776  1024.610  1472.29 
2024 01 25 12 28 38.27  30.917  06.342  0093.75  00.58  07.75  267.9  009.26  30.774  1024.608  1472.29 
2024 01 25 12 28 38.52  30.919  06.343  0093.63  00.57  07.75  267.9  009.26  30.774  1024.607  1472.29 
2024 01 25 12 28 38.77  30.918  06.343  0093.54  00.55  07.74  267.9  009.26  30.774  1024.606  1472.29 
2024 01 25 12 28 39.02  30.919  06.345  0093.47  00.53  07.75  267.9  009.26  30.773  1024.606  1472.30 
2024 01 25 12 28 39.27  30.921  06.345  0093.36  00.52  07.75  267.9  009.26  30.775  1024.607  1472.30 
2024 01 25 12 28 39.52  30.918  06.346  0093.25  00.54  07.75  267.9  009.26  30.771  1024.603  1472.29 
2024 01 25 12 28 39.77  30.920  06.348  0093.12  00.58  07.76  268.1  009.26  30.771  1024.602  1472.30 
2024 01 25 12 28 40.02  30.924  06.351  0093.02  00.62  07.75  268.1  009.29  30.773  1024.602  1472.31 
2024 01 25 12 28 40.27  30.925  06.355  0092.87  00.58  07.76  268.1  009.26  30.771  1024.599  1472.32 
2024 01 25 12 28 40.52  30.930  06.360  0092.79  00.55  07.76  268.1  009.29  30.772  1024.600  1472.34 
2024 01 25 12 28 40.77  30.930  06.363  0092.66  00.58  07.76  268.1  009.29  30.770  1024.597  1472.35 
2024 01 25 12 28 41.02  30.932  06.365  0092.57  00.57  07.76  268.1  009.26  30.770  1024.596  1472.36 
2024 01 25 12 28 41.27  30.930  06.365  0092.48  00.57  07.76  268.1  009.29  30.768  1024.594  1472.35 
2024 01 25 12 28 41.52  30.933  06.367  0092.35  00.57  07.76  268.1  009.26  30.769  1024.594  1472.36 
2024 01 25 12 28 41.77  30.933  06.366  0092.23  00.58  07.75  268.1  009.26  30.769  1024.594  1472.36 
2024 01 25 12 28 42.02  30.932  06.367  0092.11  00.68  07.76  268.1  009.26  30.768  1024.592  1472.36 
2024 01 25 12 28 42.27  30.931  06.368  0091.96  00.60  07.76  268.1  009.26  30.767  1024.591  1472.35 
2024 01 25 12 28 42.52  30.933  06.368  0091.85  00.59  07.76  268.1  009.26  30.768  1024.591  1472.36 
2024 01 25 12 28 42.77  30.933  06.370  0091.71  00.54  07.76  268.4  009.29  30.767  1024.589  1472.36 
2024 01 25 12 28 43.02  30.933  06.369  0091.60  00.62  07.76  268.4  009.26  30.767  1024.589  1472.35 
2024 01 25 12 28 43.27  30.936  06.373  0091.46  00.66  07.76  268.4  009.29  30.767  1024.588  1472.37 
2024 01 25 12 28 43.52  30.936  06.372  0091.31  00.63  07.76  268.4  009.29  30.768  1024.588  1472.36 
2024 01 25 12 28 43.77  30.936  06.372  0091.19  00.58  07.76  268.4  009.26  30.768  1024.587  1472.36 
2024 01 25 12 28 44.02  30.937  06.375  0091.07  00.60  07.76  268.4  009.26  30.767  1024.586  1472.37 
2024 01 25 12 28 44.27  30.937  06.375  0090.92  00.60  07.76  268.4  009.26  30.768  1024.586  1472.37 
2024 01 25 12 28 44.52  30.937  06.375  0090.81  00.56  07.76  268.4  009.26  30.768  1024.585  1472.36 
2024 01 25 12 28 44.77  30.937  06.376  0090.70  00.57  07.75  268.4  009.26  30.766  1024.583  1472.37 
2024 01 25 12 28 45.02  30.938  06.375  0090.59  00.56  07.76  268.4  009.26  30.768  1024.584  1472.36 
2024 01 25 12 28 45.27  30.937  06.375  0090.49  00.56  07.76  268.4  009.26  30.767  1024.583  1472.36 
2024 01 25 12 28 45.52  30.938  06.376  0090.40  00.54  07.76  268.4  009.26  30.768  1024.583  1472.36 
2024 01 25 12 28 45.77  30.939  06.378  0090.29  00.56  07.76  269.3  009.29  30.767  1024.582  1472.37 
2024 01 25 12 28 46.02  30.940  06.379  0090.19  00.55  07.76  269.3  009.29  30.767  1024.581  1472.37 
2024 01 25 12 28 46.27  30.940  06.381  0090.11  00.58  07.76  269.3  009.29  30.765  1024.579  1472.37 
2024 01 25 12 28 46.52  30.940  06.381  0090.03  00.63  07.76  269.3  009.29  30.765  1024.579  1472.38 
2024 01 25 12 28 46.77  30.939  06.379  0089.92  00.65  07.76  269.3  009.29  30.766  1024.579  1472.37 
2024 01 25 12 28 47.02  30.940  06.381  0089.83  00.57  07.77  269.3  009.29  30.765  1024.578  1472.37 
2024 01 25 12 28 47.27  30.939  06.381  0089.73  00.61  07.77  269.3  009.26  30.765  1024.577  1472.37 
2024 01 25 12 28 47.52  30.941  06.381  0089.63  00.61  07.77  269.3  009.26  30.767  1024.579  1472.37 
2024 01 25 12 28 47.77  30.940  06.379  0089.54  00.59  07.75  269.3  009.26  30.768  1024.579  1472.36 
2024 01 25 12 28 48.02  30.937  06.379  0089.40  00.62  07.77  269.3  009.26  30.763  1024.575  1472.36 
2024 01 25 12 28 48.27  30.938  06.380  0089.33  00.58  07.76  269.3  009.26  30.764  1024.575  1472.36 
2024 01 25 12 28 48.52  30.939  06.379  0089.23  00.55  07.77  269.3  009.26  30.766  1024.576  1472.35 
2024 01 25 12 28 48.77  30.937  06.380  0089.13  00.58  07.77  270.2  009.26  30.763  1024.573  1472.35 
2024 01 25 12 28 49.02  30.937  06.377  0089.03  00.59  07.76  270.2  009.26  30.766  1024.575  1472.34 
2024 01 25 12 28 49.27  30.933  06.374  0088.90  00.56  07.77  270.2  009.26  30.765  1024.574  1472.33 
2024 01 25 12 28 49.52  30.935  06.374  0088.81  00.54  07.77  270.2  009.29  30.767  1024.575  1472.33 
2024 01 25 12 28 49.77  30.933  06.373  0088.69  00.50  07.76  270.2  009.29  30.765  1024.574  1472.32 
2024 01 25 12 28 50.02  30.933  06.373  0088.62  00.49  07.76  270.2  009.26  30.765  1024.573  1472.32 
2024 01 25 12 28 50.27  30.931  06.373  0088.52  00.56  07.76  270.2  009.29  30.764  1024.572  1472.31 
2024 01 25 12 28 50.52  30.928  06.372  0088.40  00.57  07.76  270.2  009.26  30.761  1024.569  1472.31 
2024 01 25 12 28 50.77  30.930  06.372  0088.32  00.57  07.75  270.2  009.26  30.764  1024.571  1472.31 
2024 01 25 12 28 51.02  30.929  06.371  0088.22  00.52  07.76  270.2  009.26  30.762  1024.569  1472.30 
2024 01 25 12 28 51.27  30.927  06.371  0088.14  00.59  07.76  270.2  009.26  30.761  1024.568  1472.30 
2024 01 25 12 28 51.52  30.928  06.370  0088.01  00.57  07.76  270.2  009.26  30.763  1024.569  1472.29 
2024 01 25 12 28 51.77  30.925  06.369  0087.89  00.58  07.76  270.7  009.29  30.761  1024.567  1472.29 
2024 01 25 12 28 52.02  30.926  06.369  0087.78  00.56  07.76  270.7  009.29  30.762  1024.567  1472.29 
2024 01 25 12 28 52.27  30.928  06.370  0087.66  00.48  07.76  270.7  009.26  30.763  1024.567  1472.29 
2024 01 25 12 28 52.52  30.925  06.371  0087.53  00.56  07.76  270.7  009.26  30.759  1024.564  1472.29 
2024 01 25 12 28 52.77  30.928  06.370  0087.46  00.53  07.76  270.7  009.29  30.763  1024.566  1472.29 
2024 01 25 12 28 53.02  30.929  06.372  0087.38  00.53  07.76  270.7  009.26  30.762  1024.565  1472.29 
2024 01 25 12 28 53.27  30.925  06.373  0087.25  00.51  07.76  270.7  009.26  30.758  1024.561  1472.29 
2024 01 25 12 28 53.52  30.929  06.375  0087.18  00.52  07.76  270.7  009.26  30.760  1024.562  1472.30 
2024 01 25 12 28 53.77  30.929  06.374  0087.11  00.53  07.75  270.7  009.26  30.762  1024.563  1472.29 
2024 01 25 12 28 54.02  30.928  06.376  0086.98  00.50  07.76  270.7  009.26  30.757  1024.559  1472.30 
2024 01 25 12 28 54.27  30.932  06.380  0086.88  00.57  07.76  270.7  009.26  30.758  1024.559  1472.31 
2024 01 25 12 28 54.52  30.933  06.379  0086.75  00.52  07.76  270.7  009.26  30.761  1024.560  1472.31 
2024 01 25 12 28 54.77  30.932  06.381  0086.67  00.53  07.76  270.6  009.29  30.757  1024.557  1472.31 
2024 01 25 12 28 55.02  30.929  06.380  0086.56  00.54  07.76  270.6  009.29  30.755  1024.555  1472.30 
2024 01 25 12 28 55.27  30.932  06.381  0086.48  00.60  07.76  270.6  009.26  30.758  1024.557  1472.31 
2024 01 25 12 28 55.52  30.930  06.382  0086.36  00.58  07.76  270.6  009.26  30.756  1024.554  1472.31 
2024 01 25 12 28 55.77  30.933  06.383  0086.28  00.60  07.76  270.6  009.29  30.757  1024.555  1472.31 
2024 01 25 12 28 56.02  30.932  06.382  0086.21  00.58  07.76  270.6  009.26  30.757  1024.554  1472.31 
2024 01 25 12 28 56.27  30.935  06.383  0086.15  00.57  07.76  270.6  009.29  30.760  1024.557  1472.31 
2024 01 25 12 28 56.52  30.936  06.385  0086.08  00.55  07.76  270.6  009.26  30.759  1024.555  1472.32 
2024 01 25 12 28 56.77  30.933  06.385  0086.05  00.59  07.75  270.6  009.26  30.756  1024.552  1472.31 
2024 01 25 12 28 57.02  30.933  06.385  0086.05  00.60  07.76  270.6  009.26  30.756  1024.553  1472.32 
2024 01 25 12 28 57.27  30.933  06.383  0086.04  00.64  07.76  270.6  009.26  30.758  1024.555  1472.31 
2024 01 25 12 28 57.52  30.934  06.382  0086.06  00.57  07.77  270.6  009.26  30.759  1024.556  1472.31 
2024 01 25 12 28 57.77  30.936  06.383  0086.03  00.59  07.77  270.7  009.26  30.761  1024.557  1472.31 
2024 01 25 12 28 58.02  30.938  06.385  0085.98  00.57  07.77  270.7  009.26  30.762  1024.557  1472.32 
2024 01 25 12 28 58.27  30.935  06.387  0085.92  00.59  07.77  270.7  009.29  30.756  1024.552  1472.32 
2024 01 25 12 28 58.52  30.939  06.392  0085.84  00.57  07.77  270.7  009.29  30.756  1024.551  1472.34 
2024 01 25 12 28 58.77  30.940  06.393  0085.77  00.61  07.77  270.7  009.26  30.757  1024.551  1472.34 
2024 01 25 12 28 59.02  30.940  06.394  0085.71  00.56  07.77  270.7  009.29  30.756  1024.550  1472.35 
2024 01 25 12 28 59.27  30.945  06.397  0085.61  00.53  07.77  270.7  009.26  30.759  1024.551  1472.36 
2024 01 25 12 28 59.52  30.943  06.398  0085.54  00.54  07.77  270.7  009.26  30.755  1024.548  1472.36 
2024 01 25 12 28 59.77  30.946  06.399  0085.48  00.57  07.76  270.7  009.26  30.757  1024.549  1472.36 
2024 01 25 12 29 00.02  30.949  06.401  0085.40  00.54  07.77  270.7  009.26  30.759  1024.550  1472.37 
2024 01 25 12 29 00.27  30.950  06.403  0085.35  00.53  07.77  270.7  009.26  30.759  1024.550  1472.38 
2024 01 25 12 29 00.52  30.948  06.405  0085.30  00.54  07.77  270.7  009.26  30.755  1024.547  1472.38 
2024 01 25 12 29 00.77  30.952  06.405  0085.24  00.60  07.77  271.5  009.26  30.760  1024.549  1472.38 
2024 01 25 12 29 01.02  30.951  06.406  0085.15  00.63  07.77  271.5  009.26  30.757  1024.547  1472.39 
2024 01 25 12 29 01.27  30.950  06.407  0085.08  00.60  07.77  271.5  009.26  30.755  1024.545  1472.38 
2024 01 25 12 29 01.52  30.950  06.406  0085.02  00.57  07.77  271.5  009.29  30.756  1024.545  1472.38 
2024 01 25 12 29 01.77  30.953  06.406  0084.92  00.73  07.77  271.5  009.29  30.759  1024.547  1472.39 
2024 01 25 12 29 02.02  30.949  06.408  0084.86  00.62  07.77  271.5  009.26  30.754  1024.543  1472.38 
2024 01 25 12 29 02.27  30.954  06.408  0084.79  00.57  07.77  271.5  009.26  30.759  1024.547  1472.39 
2024 01 25 12 29 02.52  30.952  06.408  0084.73  00.66  07.77  271.5  009.26  30.756  1024.544  1472.38 
2024 01 25 12 29 02.77  30.951  06.408  0084.67  00.61  07.76  271.5  009.26  30.756  1024.543  1472.38 
2024 01 25 12 29 03.02  30.949  06.407  0084.62  00.59  07.77  271.5  009.26  30.755  1024.542  1472.38 
2024 01 25 12 29 03.27  30.949  06.407  0084.55  00.59  07.77  271.5  009.26  30.755  1024.542  1472.37 
2024 01 25 12 29 03.52  30.951  06.406  0084.50  00.56  07.77  271.5  009.26  30.757  1024.544  1472.37 
2024 01 25 12 29 03.77  30.949  06.407  0084.45  00.51  07.77  272.2  009.29  30.755  1024.542  1472.37 
2024 01 25 12 29 04.02  30.950  06.408  0084.37  00.57  07.77  272.2  009.29  30.755  1024.541  1472.38 
2024 01 25 12 29 04.27  30.947  06.407  0084.30  00.61  07.77  272.2  009.29  30.752  1024.539  1472.37 
2024 01 25 12 29 04.52  30.948  06.407  0084.25  00.57  07.77  272.2  009.29  30.754  1024.540  1472.37 
2024 01 25 12 29 04.77  30.946  06.406  0084.17  00.58  07.77  272.2  009.26  30.752  1024.538  1472.36 
2024 01 25 12 29 05.02  30.948  06.406  0084.10  00.57  07.77  272.2  009.26  30.754  1024.540  1472.37 
2024 01 25 12 29 05.27  30.948  06.405  0084.04  00.57  07.77  272.2  009.29  30.755  1024.540  1472.36 
2024 01 25 12 29 05.52  30.948  06.407  0083.96  00.51  07.77  272.2  009.26  30.753  1024.538  1472.36 
2024 01 25 12 29 05.77  30.949  06.407  0083.89  00.57  07.76  272.2  009.26  30.755  1024.539  1472.37 
2024 01 25 12 29 06.02  30.948  06.407  0083.83  00.56  07.77  272.2  009.26  30.754  1024.538  1472.36 
2024 01 25 12 29 06.27  30.948  06.408  0083.78  00.54  07.77  272.2  009.26  30.753  1024.537  1472.37 
2024 01 25 12 29 06.52  30.950  06.409  0083.70  00.50  07.77  272.2  009.26  30.754  1024.537  1472.37 
2024 01 25 12 29 06.77  30.952  06.411  0083.64  00.50  07.77  272.6  009.29  30.755  1024.538  1472.38 
2024 01 25 12 29 07.02  30.951  06.410  0083.58  00.52  07.77  272.6  009.26  30.754  1024.536  1472.37 
2024 01 25 12 29 07.27  30.949  06.410  0083.53  00.55  07.77  272.6  009.29  30.753  1024.535  1472.37 
2024 01 25 12 29 07.52  30.952  06.410  0083.46  00.57  07.77  272.6  009.29  30.755  1024.536  1472.37 
2024 01 25 12 29 07.77  30.952  06.411  0083.41  00.58  07.77  272.6  009.29  30.754  1024.536  1472.37 
2024 01 25 12 29 08.02  30.952  06.412  0083.36  00.55  07.77  272.6  009.26  30.754  1024.535  1472.38 
2024 01 25 12 29 08.27  30.955  06.414  0083.30  00.55  07.77  272.6  009.29  30.755  1024.535  1472.38 
2024 01 25 12 29 08.52  30.956  06.414  0083.25  00.57  07.77  272.6  009.26  30.755  1024.536  1472.39 
2024 01 25 12 29 08.77  30.954  06.416  0083.18  00.64  07.76  272.6  009.26  30.752  1024.533  1472.39 
2024 01 25 12 29 09.02  30.954  06.416  0083.16  00.57  07.77  272.6  009.26  30.752  1024.532  1472.39 
2024 01 25 12 29 09.27  30.960  06.422  0083.08  00.54  07.77  272.6  009.26  30.754  1024.533  1472.41 
2024 01 25 12 29 09.52  30.961  06.424  0083.03  00.58  07.77  272.6  009.26  30.753  1024.531  1472.42 
2024 01 25 12 29 09.77  30.966  06.432  0082.96  00.59  07.78  272.9  009.29  30.751  1024.529  1472.44 
2024 01 25 12 29 10.02  30.965  06.430  0082.93  00.59  07.77  272.9  009.29  30.752  1024.529  1472.44 
2024 01 25 12 29 10.27  30.973  06.435  0082.89  00.57  07.78  272.9  009.26  30.756  1024.532  1472.46 
2024 01 25 12 29 10.52  30.968  06.432  0082.88  00.58  07.78  272.9  009.29  30.753  1024.530  1472.45 
2024 01 25 12 29 10.77  30.974  06.441  0082.85  00.55  07.78  272.9  009.29  30.752  1024.528  1472.48 
2024 01 25 12 29 11.02  30.979  06.443  0082.82  00.52  07.78  272.9  009.26  30.755  1024.530  1472.49 
2024 01 25 12 29 11.27  30.975  06.440  0082.86  00.54  07.78  272.9  009.26  30.754  1024.530  1472.48 
2024 01 25 12 29 11.52  30.974  06.440  0082.91  00.56  07.78  272.9  009.26  30.753  1024.529  1472.48 
2024 01 25 12 29 11.77  30.972  06.438  0083.03  00.65  07.77  272.9  009.26  30.753  1024.530  1472.47 
2024 01 25 12 29 12.02  30.969  06.433  0083.12  00.66  07.78  272.9  009.26  30.754  1024.532  1472.45 
2024 01 25 12 29 12.27  30.966  06.430  0083.23  00.61  07.78  272.9  009.26  30.753  1024.532  1472.44 
2024 01 25 12 29 12.52  30.962  06.421  0083.34  00.56  07.78  272.9  009.26  30.756  1024.536  1472.42 
2024 01 25 12 29 12.77  30.956  06.418  0083.47  00.55  07.78  274.2  009.29  30.753  1024.535  1472.40 
2024 01 25 12 29 13.02  30.955  06.414  0083.58  00.59  07.78  274.2  009.29  30.755  1024.537  1472.39 
2024 01 25 12 29 13.27  30.952  06.413  0083.71  00.58  07.78  274.2  009.29  30.753  1024.536  1472.38 
2024 01 25 12 29 13.52  30.956  06.412  0083.81  00.54  07.78  274.2  009.26  30.758  1024.541  1472.39 
2024 01 25 12 29 13.77  30.948  06.407  0083.89  00.55  07.78  274.2  009.26  30.754  1024.538  1472.36 
2024 01 25 12 29 14.02  30.948  06.408  0083.90  00.52  07.78  274.2  009.26  30.752  1024.537  1472.37 
2024 01 25 12 29 14.27  30.947  06.407  0083.87  00.51  07.78  274.2  009.26  30.752  1024.537  1472.36 
2024 01 25 12 29 14.52  30.947  06.407  0083.79  00.58  07.77  274.2  009.26  30.752  1024.536  1472.36 
2024 01 25 12 29 14.77  30.946  06.409  0083.69  00.57  07.76  274.2  009.26  30.749  1024.534  1472.36 
2024 01 25 12 29 15.02  30.952  06.412  0083.60  00.56  07.77  274.2  009.26  30.754  1024.537  1472.38 
2024 01 25 12 29 15.27  30.950  06.411  0083.50  00.52  07.77  274.2  009.26  30.752  1024.535  1472.37 
2024 01 25 12 29 15.52  30.949  06.412  0083.41  00.60  07.77  274.2  009.26  30.751  1024.533  1472.37 
2024 01 25 12 29 15.77  30.949  06.411  0083.31  00.72  07.78  274.6  009.29  30.751  1024.533  1472.37 
2024 01 25 12 29 16.02  30.949  06.413  0083.24  00.70  07.78  274.6  009.26  30.750  1024.532  1472.37 
2024 01 25 12 29 16.27  30.950  06.412  0083.15  00.57  07.78  274.6  009.29  30.752  1024.533  1472.37 
2024 01 25 12 29 16.52  30.951  06.414  0083.06  00.54  07.77  274.6  009.29  30.751  1024.531  1472.37 
2024 01 25 12 29 16.77  30.952  06.415  0083.01  00.54  07.77  274.6  009.26  30.752  1024.532  1472.38 
2024 01 25 12 29 17.02  30.952  06.416  0082.97  00.53  07.77  274.6  009.26  30.750  1024.530  1472.38 
2024 01 25 12 29 17.27  30.957  06.418  0082.91  00.52  07.77  274.6  009.26  30.754  1024.533  1472.39 
2024 01 25 12 29 17.52  30.959  06.422  0082.87  00.56  07.78  274.6  009.26  30.752  1024.531  1472.41 
2024 01 25 12 29 17.77  30.962  06.426  0082.78  00.65  07.76  274.6  009.26  30.752  1024.530  1472.42 
2024 01 25 12 29 18.02  30.964  06.427  0082.74  00.61  07.78  274.6  009.26  30.753  1024.530  1472.42 
2024 01 25 12 29 18.27  30.969  06.438  0082.67  00.60  07.78  274.6  009.26  30.749  1024.525  1472.46 
2024 01 25 12 29 18.52  30.971  06.438  0082.61  00.53  07.78  274.6  009.26  30.751  1024.526  1472.46 
2024 01 25 12 29 18.77  30.973  06.439  0082.55  00.52  07.78  274.3  009.29  30.753  1024.527  1472.47 
2024 01 25 12 29 19.02  30.974  06.439  0082.48  00.56  07.78  274.3  009.29  30.754  1024.528  1472.47 
2024 01 25 12 29 19.27  30.978  06.445  0082.47  00.54  07.78  274.3  009.29  30.753  1024.526  1472.49 
2024 01 25 12 29 19.52  30.979  06.448  0082.41  00.52  07.78  274.3  009.29  30.751  1024.524  1472.50 
2024 01 25 12 29 19.77  30.987  06.456  0082.40  00.59  07.78  274.3  009.29  30.753  1024.525  1472.53 
2024 01 25 12 29 20.02  30.983  06.456  0082.36  00.50  07.78  274.3  009.29  30.749  1024.521  1472.53 
2024 01 25 12 29 20.27  30.994  06.463  0082.30  00.50  07.78  274.3  009.26  30.754  1024.524  1472.56 
2024 01 25 12 29 20.52  30.994  06.464  0082.23  00.52  07.78  274.3  009.26  30.754  1024.523  1472.56 
2024 01 25 12 29 20.77  30.992  06.464  0082.13  00.57  07.77  274.3  009.26  30.752  1024.521  1472.56 
2024 01 25 12 29 21.02  30.994  06.465  0082.04  00.59  07.78  274.3  009.26  30.753  1024.522  1472.56 
2024 01 25 12 29 21.27  30.995  06.465  0081.99  00.65  07.78  274.3  009.26  30.754  1024.523  1472.56 
2024 01 25 12 29 21.52  30.998  06.466  0081.93  00.60  07.79  274.3  009.26  30.756  1024.524  1472.57 
2024 01 25 12 29 21.77  31.000  06.468  0081.89  00.61  07.79  275.3  009.29  30.757  1024.524  1472.58 
2024 01 25 12 29 22.02  31.000  06.473  0081.86  00.59  07.79  275.3  009.26  30.753  1024.520  1472.59 
2024 01 25 12 29 22.27  31.001  06.471  0081.84  00.52  07.79  275.3  009.26  30.755  1024.522  1472.59 
2024 01 25 12 29 22.52  31.004  06.475  0081.82  00.54  07.79  275.3  009.26  30.755  1024.521  1472.60 
2024 01 25 12 29 22.77  31.003  06.474  0081.77  00.60  07.79  275.3  009.29  30.755  1024.521  1472.60 
2024 01 25 12 29 23.02  31.008  06.477  0081.73  00.55  07.79  275.3  009.26  30.757  1024.522  1472.61 
2024 01 25 12 29 23.27  31.011  06.477  0081.71  00.58  07.79  275.3  009.26  30.760  1024.524  1472.62 
2024 01 25 12 29 23.52  31.011  06.480  0081.70  00.55  07.79  275.3  009.26  30.758  1024.522  1472.63 
2024 01 25 12 29 23.77  31.011  06.483  0081.66  00.53  07.78  275.3  009.26  30.756  1024.520  1472.63 
2024 01 25 12 29 24.02  31.016  06.487  0081.61  00.56  07.79  275.3  009.26  30.757  1024.520  1472.65 
2024 01 25 12 29 24.27  31.021  06.492  0081.60  00.54  07.79  275.3  009.26  30.758  1024.521  1472.67 
2024 01 25 12 29 24.52  31.020  06.492  0081.57  00.47  07.79  275.3  009.26  30.757  1024.520  1472.67 
2024 01 25 12 29 24.77  31.019  06.491  0081.53  00.51  07.80  277.1  009.26  30.757  1024.520  1472.66 
2024 01 25 12 29 25.02  31.019  06.493  0081.53  00.55  07.79  277.1  009.26  30.755  1024.518  1472.67 
2024 01 25 12 29 25.27  31.018  06.495  0081.49  00.53  07.80  277.1  009.26  30.753  1024.516  1472.67 
2024 01 25 12 29 25.52  31.021  06.494  0081.46  00.57  07.80  277.1  009.29  30.756  1024.518  1472.67 
2024 01 25 12 29 25.77  31.024  06.498  0081.42  00.63  07.79  277.1  009.26  30.756  1024.517  1472.69 
2024 01 25 12 29 26.02  31.025  06.500  0081.38  00.62  07.80  277.1  009.29  30.755  1024.516  1472.69 
2024 01 25 12 29 26.27  31.026  06.501  0081.35  00.57  07.80  277.1  009.26  30.755  1024.516  1472.70 
2024 01 25 12 29 26.52  31.023  06.500  0081.31  00.57  07.80  277.1  009.26  30.753  1024.515  1472.69 
2024 01 25 12 29 26.77  31.028  06.503  0081.27  00.61  07.78  277.1  009.26  30.756  1024.516  1472.71 
2024 01 25 12 29 27.02  31.028  06.503  0081.23  00.52  07.80  277.1  009.26  30.756  1024.516  1472.70 
2024 01 25 12 29 27.27  31.030  06.504  0081.21  00.51  07.80  277.1  009.26  30.758  1024.517  1472.71 
2024 01 25 12 29 27.52  31.029  06.504  0081.17  00.53  07.80  277.1  009.26  30.756  1024.516  1472.71 
2024 01 25 12 29 27.77  31.026  06.504  0081.13  00.57  07.80  278.7  009.29  30.753  1024.513  1472.70 
2024 01 25 12 29 28.02  31.026  06.502  0081.10  00.56  07.80  278.7  009.26  30.755  1024.514  1472.70 
2024 01 25 12 29 28.27  31.030  06.505  0081.07  00.52  07.80  278.7  009.29  30.757  1024.515  1472.71 
2024 01 25 12 29 28.52  31.029  06.504  0081.07  00.53  07.80  278.7  009.26  30.756  1024.516  1472.71 
2024 01 25 12 29 28.77  31.031  06.505  0081.02  00.57  07.80  278.7  009.26  30.758  1024.516  1472.71 
2024 01 25 12 29 29.02  31.032  06.506  0081.00  00.60  07.80  278.7  009.26  30.758  1024.516  1472.71 
2024 01 25 12 29 29.27  31.033  06.507  0081.00  00.52  07.80  278.7  009.26  30.758  1024.516  1472.72 
2024 01 25 12 29 29.52  31.033  06.507  0080.97  00.51  07.80  278.7  009.26  30.758  1024.515  1472.72 
2024 01 25 12 29 29.77  31.032  06.506  0080.92  00.52  07.79  278.7  009.26  30.758  1024.515  1472.71 
2024 01 25 12 29 30.02  31.033  06.507  0080.93  00.53  07.80  278.7  009.26  30.758  1024.516  1472.72 
2024 01 25 12 29 30.27  31.034  06.506  0080.93  00.52  07.80  278.7  009.26  30.760  1024.517  1472.72 
2024 01 25 12 29 30.52  31.033  06.507  0080.92  00.53  07.80  278.7  009.26  30.758  1024.516  1472.72 
2024 01 25 12 29 30.77  31.030  06.505  0080.89  00.49  07.80  279.8  009.29  30.757  1024.515  1472.71 
2024 01 25 12 29 31.02  31.031  06.504  0080.86  00.51  07.80  279.8  009.29  30.759  1024.516  1472.71 
2024 01 25 12 29 31.27  31.032  06.507  0080.81  00.53  07.80  279.8  009.29  30.757  1024.514  1472.72 
2024 01 25 12 29 31.52  31.034  06.510  0080.76  00.52  07.80  279.8  009.29  30.757  1024.514  1472.73 
2024 01 25 12 29 31.77  31.037  06.513  0080.71  00.52  07.80  279.8  009.29  30.757  1024.513  1472.74 
2024 01 25 12 29 32.02  31.037  06.513  0080.68  00.52  07.80  279.8  009.29  30.757  1024.513  1472.74 
2024 01 25 12 29 32.27  31.037  06.513  0080.66  00.56  07.80  279.8  009.26  30.757  1024.513  1472.74 
2024 01 25 12 29 32.52  31.037  06.513  0080.65  00.55  07.80  279.8  009.26  30.757  1024.513  1472.74 
2024 01 25 12 29 32.77  31.038  06.514  0080.63  00.59  07.79  279.8  009.26  30.757  1024.512  1472.74 
2024 01 25 12 29 33.02  31.040  06.517  0080.60  00.55  07.80  279.8  009.26  30.757  1024.512  1472.75 
2024 01 25 12 29 33.27  31.040  06.517  0080.59  00.53  07.80  279.8  009.26  30.757  1024.512  1472.75 
2024 01 25 12 29 33.52  31.040  06.519  0080.53  00.58  07.80  279.8  009.26  30.755  1024.510  1472.76 
2024 01 25 12 29 33.77  31.043  06.521  0080.53  00.56  07.80  280.7  009.26  30.757  1024.511  1472.77 
2024 01 25 12 29 34.02  31.044  06.523  0080.47  00.59  07.80  280.7  009.26  30.756  1024.510  1472.77 
2024 01 25 12 29 34.27  31.046  06.523  0080.44  00.57  07.80  280.7  009.29  30.758  1024.511  1472.77 
2024 01 25 12 29 34.52  31.048  06.525  0080.41  00.54  07.80  280.7  009.29  30.758  1024.511  1472.78 
2024 01 25 12 29 34.77  31.049  06.527  0080.38  00.59  07.80  280.7  009.26  30.757  1024.510  1472.79 
2024 01 25 12 29 35.02  31.048  06.528  0080.36  00.60  07.80  280.7  009.29  30.756  1024.509  1472.79 
2024 01 25 12 29 35.27  31.048  06.526  0080.33  00.60  07.80  280.7  009.26  30.758  1024.510  1472.78 
2024 01 25 12 29 35.52  31.053  06.528  0080.30  00.61  07.80  280.7  009.26  30.761  1024.512  1472.80 
2024 01 25 12 29 35.77  31.054  06.530  0080.23  00.59  07.79  280.7  009.26  30.760  1024.511  1472.80 
2024 01 25 12 29 36.02  31.053  06.531  0080.22  00.60  07.80  280.7  009.26  30.758  1024.509  1472.80 
2024 01 25 12 29 36.27  31.054  06.534  0080.17  00.56  07.80  280.7  009.26  30.757  1024.508  1472.81 
2024 01 25 12 29 36.52  31.057  06.534  0080.12  00.58  07.80  280.7  009.26  30.760  1024.510  1472.81 
2024 01 25 12 29 36.77  31.057  06.535  0080.10  00.56  07.80  281.3  009.26  30.759  1024.509  1472.82 
2024 01 25 12 29 37.02  31.057  06.535  0080.05  00.56  07.80  281.3  009.26  30.759  1024.509  1472.82 
2024 01 25 12 29 37.27  31.058  06.536  0080.02  00.59  07.80  281.3  009.29  30.760  1024.509  1472.82 
2024 01 25 12 29 37.52  31.057  06.536  0080.01  00.58  07.80  281.3  009.29  30.759  1024.508  1472.82 
2024 01 25 12 29 37.77  31.057  06.535  0079.99  00.50  07.80  281.3  009.29  30.759  1024.509  1472.82 
2024 01 25 12 29 38.02  31.057  06.537  0079.99  00.50  07.81  281.3  009.26  30.757  1024.507  1472.82 
2024 01 25 12 29 38.27  31.060  06.537  0079.92  00.57  07.80  281.3  009.26  30.761  1024.509  1472.82 
2024 01 25 12 29 38.52  31.058  06.538  0079.89  00.53  07.80  281.3  009.26  30.759  1024.507  1472.82 
2024 01 25 12 29 38.77  31.058  06.539  0079.85  00.53  07.79  281.3  009.26  30.757  1024.506  1472.83 
2024 01 25 12 29 39.02  31.060  06.540  0079.81  00.52  07.81  281.3  009.26  30.759  1024.507  1472.83 
2024 01 25 12 29 39.27  31.059  06.540  0079.80  00.59  07.80  281.3  009.26  30.757  1024.505  1472.83 
2024 01 25 12 29 39.52  31.059  06.541  0079.76  00.62  07.81  281.3  009.29  30.757  1024.505  1472.83 
2024 01 25 12 29 39.77  31.061  06.540  0079.72  00.56  07.81  281.7  009.29  30.760  1024.507  1472.83 
2024 01 25 12 29 40.02  31.060  06.543  0079.74  00.55  07.81  281.7  009.29  30.756  1024.504  1472.84 
2024 01 25 12 29 40.27  31.064  06.543  0079.67  00.57  07.81  281.7  009.26  30.760  1024.507  1472.84 
2024 01 25 12 29 40.52  31.064  06.545  0079.65  00.58  07.81  281.7  009.26  30.758  1024.505  1472.85 
2024 01 25 12 29 40.77  31.064  06.546  0079.61  00.61  07.81  281.7  009.29  30.757  1024.504  1472.85 
2024 01 25 12 29 41.02  31.065  06.548  0079.58  00.61  07.81  281.7  009.29  30.758  1024.504  1472.86 
2024 01 25 12 29 41.27  31.065  06.546  0079.55  00.62  07.81  281.7  009.26  30.759  1024.505  1472.85 
2024 01 25 12 29 41.52  31.068  06.548  0079.51  00.56  07.81  281.7  009.26  30.760  1024.505  1472.86 
2024 01 25 12 29 41.77  31.067  06.549  0079.47  00.49  07.80  281.7  009.26  30.758  1024.503  1472.86 
2024 01 25 12 29 42.02  31.068  06.549  0079.40  00.51  07.81  281.7  009.26  30.759  1024.504  1472.86 
2024 01 25 12 29 42.27  31.066  06.549  0079.34  00.57  07.81  281.7  009.26  30.757  1024.502  1472.86 
2024 01 25 12 29 42.52  31.069  06.550  0079.31  00.55  07.81  281.7  009.26  30.759  1024.504  1472.86 
2024 01 25 12 29 42.77  31.069  06.551  0079.24  00.53  07.81  282.1  009.29  30.759  1024.503  1472.86 
2024 01 25 12 29 43.02  31.069  06.550  0079.20  00.50  07.81  282.1  009.26  30.759  1024.503  1472.86 
2024 01 25 12 29 43.27  31.069  06.551  0079.15  00.51  07.81  282.1  009.26  30.759  1024.502  1472.87 
2024 01 25 12 29 43.52  31.069  06.551  0079.09  00.50  07.81  282.1  009.26  30.759  1024.503  1472.86 
2024 01 25 12 29 43.77  31.072  06.553  0079.01  00.50  07.81  282.1  009.29  30.760  1024.502  1472.87 
2024 01 25 12 29 44.02  31.073  06.556  0078.97  00.54  07.81  282.1  009.29  30.759  1024.501  1472.88 
2024 01 25 12 29 44.27  31.073  06.556  0078.90  00.62  07.81  282.1  009.29  30.758  1024.500  1472.88 
2024 01 25 12 29 44.52  31.073  06.558  0078.83  00.62  07.81  282.1  009.26  30.757  1024.499  1472.89 
2024 01 25 12 29 44.77  31.077  06.560  0078.76  00.60  07.80  282.1  009.26  30.760  1024.500  1472.90 
2024 01 25 12 29 45.02  31.079  06.563  0078.71  00.58  07.81  282.1  009.26  30.759  1024.499  1472.90 
2024 01 25 12 29 45.27  31.078  06.563  0078.66  00.56  07.81  282.1  009.26  30.758  1024.498  1472.91 
2024 01 25 12 29 45.52  31.082  06.569  0078.57  00.55  07.81  282.1  009.26  30.757  1024.496  1472.92 
2024 01 25 12 29 45.77  31.086  06.573  0078.53  00.52  07.81  282.5  009.29  30.758  1024.496  1472.94 
2024 01 25 12 29 46.02  31.088  06.574  0078.47  00.52  07.81  282.5  009.26  30.759  1024.496  1472.95 
2024 01 25 12 29 46.27  31.089  06.575  0078.40  00.57  07.81  282.5  009.29  30.760  1024.497  1472.95 
2024 01 25 12 29 46.52  31.093  06.580  0078.34  00.57  07.81  282.5  009.26  30.760  1024.496  1472.97 
2024 01 25 12 29 46.77  31.094  06.581  0078.29  00.55  07.81  282.5  009.26  30.759  1024.495  1472.97 
2024 01 25 12 29 47.02  31.093  06.581  0078.24  00.61  07.81  282.5  009.26  30.759  1024.494  1472.97 
2024 01 25 12 29 47.27  31.094  06.581  0078.18  00.64  07.81  282.5  009.29  30.760  1024.495  1472.97 
2024 01 25 12 29 47.52  31.095  06.583  0078.11  00.54  07.81  282.5  009.26  30.759  1024.493  1472.98 
2024 01 25 12 29 47.77  31.096  06.584  0078.01  00.56  07.80  282.5  009.26  30.760  1024.494  1472.98 
2024 01 25 12 29 48.02  31.096  06.583  0077.96  00.55  07.81  282.5  009.26  30.761  1024.495  1472.97 
2024 01 25 12 29 48.27  31.096  06.584  0077.88  00.55  07.81  282.5  009.26  30.760  1024.493  1472.98 
2024 01 25 12 29 48.52  31.096  06.584  0077.77  00.63  07.81  282.5  009.26  30.760  1024.492  1472.98 
2024 01 25 12 29 48.77  31.097  06.584  0077.73  00.70  07.81  282.6  009.29  30.761  1024.493  1472.98 
2024 01 25 12 29 49.02  31.097  06.586  0077.65  00.66  07.81  282.6  009.29  30.759  1024.491  1472.98 
2024 01 25 12 29 49.27  31.098  06.584  0077.59  00.64  07.81  282.6  009.26  30.762  1024.493  1472.97 
2024 01 25 12 29 49.52  31.099  06.589  0077.48  00.64  07.81  282.6  009.26  30.758  1024.489  1472.99 
2024 01 25 12 29 49.77  31.101  06.592  0077.39  00.62  07.81  282.6  009.29  30.758  1024.488  1473.00 
2024 01 25 12 29 50.02  31.104  06.593  0077.29  00.57  07.81  282.6  009.29  30.759  1024.489  1473.00 
2024 01 25 12 29 50.27  31.104  06.593  0077.20  00.59  07.81  282.6  009.26  30.760  1024.489  1473.00 
2024 01 25 12 29 50.52  31.104  06.594  0077.14  00.56  07.81  282.6  009.26  30.760  1024.489  1473.00 
2024 01 25 12 29 50.77  31.106  06.594  0077.10  00.57  07.80  282.6  009.26  30.761  1024.489  1473.01 
2024 01 25 12 29 51.02  31.106  06.596  0077.02  00.59  07.81  282.6  009.26  30.760  1024.488  1473.01 
2024 01 25 12 29 51.27  31.105  06.595  0076.93  00.51  07.81  282.6  009.26  30.760  1024.487  1473.00 
2024 01 25 12 29 51.52  31.106  06.595  0076.84  00.46  07.81  282.6  009.26  30.761  1024.488  1473.00 
2024 01 25 12 29 51.77  31.105  06.594  0076.75  00.51  07.81  282.9  009.26  30.761  1024.488  1473.00 
2024 01 25 12 29 52.02  31.105  06.596  0076.69  00.47  07.81  282.9  009.29  30.759  1024.486  1473.00 
2024 01 25 12 29 52.27  31.108  06.597  0076.62  00.57  07.81  282.9  009.26  30.760  1024.486  1473.01 
2024 01 25 12 29 52.52  31.108  06.598  0076.51  00.55  07.81  282.9  009.29  30.761  1024.486  1473.01 
2024 01 25 12 29 52.77  31.108  06.598  0076.43  00.58  07.81  282.9  009.26  30.761  1024.486  1473.01 
2024 01 25 12 29 53.02  31.109  06.599  0076.35  00.58  07.81  282.9  009.26  30.761  1024.485  1473.01 
2024 01 25 12 29 53.27  31.108  06.598  0076.27  00.64  07.81  282.9  009.26  30.761  1024.485  1473.01 
2024 01 25 12 29 53.52  31.108  06.599  0076.16  00.62  07.81  282.9  009.26  30.760  1024.484  1473.01 
2024 01 25 12 29 53.77  31.108  06.599  0076.06  00.61  07.80  282.9  009.26  30.761  1024.484  1473.01 
2024 01 25 12 29 54.02  31.108  06.599  0075.97  00.55  07.82  282.9  009.26  30.761  1024.483  1473.00 
2024 01 25 12 29 54.27  31.108  06.598  0075.89  00.55  07.81  282.9  009.26  30.761  1024.483  1473.00 
2024 01 25 12 29 54.52  31.109  06.598  0075.76  00.52  07.82  282.9  009.26  30.762  1024.483  1473.00 
2024 01 25 12 29 54.77  31.113  06.605  0075.70  00.54  07.82  283.2  009.29  30.760  1024.481  1473.02 
2024 01 25 12 29 55.02  31.114  06.606  0075.64  00.53  07.82  283.2  009.26  30.760  1024.480  1473.03 
2024 01 25 12 29 55.27  31.116  06.608  0075.54  00.62  07.82  283.2  009.26  30.761  1024.480  1473.04 
2024 01 25 12 29 55.52  31.117  06.608  0075.46  00.55  07.82  283.2  009.26  30.762  1024.480  1473.04 
2024 01 25 12 29 55.77  31.117  06.609  0075.38  00.62  07.82  283.2  009.26  30.761  1024.479  1473.04 
2024 01 25 12 29 56.02  31.117  06.609  0075.29  00.59  07.82  283.2  009.26  30.761  1024.479  1473.04 
2024 01 25 12 29 56.27  31.119  06.609  0075.19  00.59  07.82  283.2  009.26  30.763  1024.480  1473.04 
2024 01 25 12 29 56.52  31.120  06.610  0075.08  00.68  07.82  283.2  009.26  30.763  1024.479  1473.04 
2024 01 25 12 29 56.77  31.120  06.611  0074.98  00.63  07.80  283.2  009.26  30.762  1024.478  1473.04 
2024 01 25 12 29 57.02  31.120  06.612  0074.86  00.65  07.82  283.2  009.26  30.761  1024.477  1473.04 
2024 01 25 12 29 57.27  31.120  06.612  0074.74  00.52  07.82  283.2  009.26  30.763  1024.477  1473.04 
2024 01 25 12 29 57.52  31.120  06.613  0074.63  00.55  07.82  283.2  009.26  30.761  1024.476  1473.04 
2024 01 25 12 29 57.77  31.120  06.611  0074.51  00.57  07.82  283.7  009.29  30.763  1024.477  1473.03 
2024 01 25 12 29 58.02  31.120  06.612  0074.42  00.57  07.82  283.7  009.26  30.762  1024.475  1473.03 
2024 01 25 12 29 58.27  31.120  06.613  0074.32  00.54  07.82  283.7  009.29  30.762  1024.474  1473.03 
2024 01 25 12 29 58.52  31.120  06.614  0074.23  00.52  07.82  283.7  009.29  30.760  1024.473  1473.04 
2024 01 25 12 29 58.77  31.122  06.618  0074.10  00.55  07.82  283.7  009.29  30.759  1024.470  1473.05 
2024 01 25 12 29 59.02  31.123  06.618  0073.98  00.58  07.82  283.7  009.26  30.759  1024.470  1473.05 
2024 01 25 12 29 59.27  31.122  06.618  0073.86  00.61  07.82  283.7  009.29  30.759  1024.469  1473.05 
2024 01 25 12 29 59.52  31.124  06.620  0073.71  00.60  07.82  283.7  009.26  30.759  1024.469  1473.05 
2024 01 25 12 29 59.77  31.124  06.621  0073.56  00.60  07.81  283.7  009.26  30.758  1024.467  1473.05 
2024 01 25 12 30 00.02  31.123  06.620  0073.44  00.59  07.82  283.7  009.26  30.759  1024.467  1473.04 
2024 01 25 12 30 00.27  31.125  06.622  0073.29  00.56  07.82  283.7  009.26  30.759  1024.467  1473.05 
2024 01 25 12 30 00.52  31.125  06.622  0073.13  00.60  07.82  283.7  009.26  30.759  1024.466  1473.05 
2024 01 25 12 30 00.77  31.125  06.622  0072.99  00.52  07.82  283.8  009.29  30.759  1024.466  1473.05 
2024 01 25 12 30 01.02  31.125  06.622  0072.83  00.54  07.82  283.8  009.29  30.759  1024.465  1473.04 
2024 01 25 12 30 01.27  31.126  06.623  0072.67  00.64  07.82  283.8  009.26  30.760  1024.464  1473.04 
2024 01 25 12 30 01.52  31.125  06.622  0072.54  00.60  07.82  283.8  009.29  30.759  1024.463  1473.04 
2024 01 25 12 30 01.77  31.125  06.623  0072.39  00.57  07.82  283.8  009.26  30.759  1024.462  1473.04 
2024 01 25 12 30 02.02  31.124  06.622  0072.24  00.54  07.82  283.8  009.26  30.758  1024.461  1473.03 
2024 01 25 12 30 02.27  31.124  06.622  0072.08  00.55  07.82  283.8  009.26  30.758  1024.460  1473.03 
2024 01 25 12 30 02.52  31.126  06.623  0071.92  00.58  07.82  283.8  009.26  30.759  1024.460  1473.04 
2024 01 25 12 30 02.77  31.125  06.622  0071.79  00.55  07.81  283.8  009.26  30.760  1024.460  1473.03 
2024 01 25 12 30 03.02  31.126  06.622  0071.61  00.55  07.82  283.8  009.26  30.761  1024.460  1473.03 
2024 01 25 12 30 03.27  31.124  06.622  0071.50  00.53  07.82  283.8  009.26  30.759  1024.458  1473.02 
2024 01 25 12 30 03.52  31.124  06.622  0071.36  00.52  07.82  283.8  009.26  30.759  1024.458  1473.02 
2024 01 25 12 30 03.77  31.125  06.623  0071.20  00.61  07.82  284.0  009.26  30.759  1024.457  1473.02 
2024 01 25 12 30 04.02  31.124  06.622  0071.06  00.63  07.82  284.0  009.26  30.758  1024.455  1473.02 
2024 01 25 12 30 04.27  31.123  06.621  0070.90  00.58  07.82  284.0  009.26  30.758  1024.455  1473.01 
2024 01 25 12 30 04.52  31.124  06.622  0070.74  00.59  07.82  284.0  009.26  30.759  1024.455  1473.01 
2024 01 25 12 30 04.77  31.122  06.621  0070.57  00.62  07.82  284.0  009.29  30.758  1024.453  1473.00 
2024 01 25 12 30 05.02  31.123  06.622  0070.40  00.62  07.82  284.0  009.29  30.758  1024.452  1473.00 
2024 01 25 12 30 05.27  31.124  06.621  0070.30  00.58  07.82  284.0  009.29  30.759  1024.453  1473.00 
2024 01 25 12 30 05.52  31.124  06.622  0070.23  00.58  07.82  284.0  009.26  30.758  1024.452  1473.00 
2024 01 25 12 30 05.77  31.124  06.623  0070.12  00.63  07.81  284.0  009.26  30.758  1024.451  1473.00 
2024 01 25 12 30 06.02  31.124  06.624  0069.99  00.60  07.82  284.0  009.26  30.757  1024.450  1473.00 
2024 01 25 12 30 06.27  31.124  06.623  0069.86  00.55  07.82  284.0  009.26  30.758  1024.450  1473.00 
2024 01 25 12 30 06.52  31.125  06.625  0069.75  00.54  07.82  284.0  009.26  30.758  1024.449  1473.01 
2024 01 25 12 30 06.77  31.124  06.625  0069.67  00.68  07.82  284.3  009.26  30.757  1024.448  1473.00 
2024 01 25 12 30 07.02  31.124  06.623  0069.59  00.85  07.82  284.3  009.29  30.759  1024.449  1473.00 
2024 01 25 12 30 07.27  31.132  06.634  0069.46  00.67  07.82  284.3  009.26  30.758  1024.446  1473.04 
2024 01 25 12 30 07.52  31.134  06.638  0069.33  00.62  07.82  284.3  009.29  30.756  1024.444  1473.05 
2024 01 25 12 30 07.77  31.136  06.638  0069.18  00.62  07.82  284.3  009.29  30.758  1024.445  1473.05 
2024 01 25 12 30 08.02  31.136  06.641  0069.04  00.59  07.82  284.3  009.26  30.756  1024.442  1473.05 
2024 01 25 12 30 08.27  31.137  06.641  0068.87  00.55  07.82  284.3  009.26  30.757  1024.442  1473.05 
2024 01 25 12 30 08.52  31.137  06.641  0068.75  00.59  07.82  284.3  009.26  30.757  1024.442  1473.05 
2024 01 25 12 30 08.77  31.139  06.644  0068.59  00.62  07.81  284.3  009.26  30.757  1024.440  1473.06 
2024 01 25 12 30 09.02  31.140  06.644  0068.48  00.57  07.82  284.3  009.26  30.758  1024.441  1473.06 
2024 01 25 12 30 09.27  31.140  06.644  0068.32  00.57  07.82  284.3  009.26  30.758  1024.440  1473.06 
2024 01 25 12 30 09.52  31.141  06.647  0068.17  00.54  07.82  284.3  009.26  30.757  1024.438  1473.06 
2024 01 25 12 30 09.77  31.142  06.649  0068.05  00.58  07.82  284.4  009.29  30.755  1024.436  1473.07 
2024 01 25 12 30 10.02  31.143  06.648  0067.92  00.62  07.82  284.4  009.29  30.757  1024.437  1473.07 
2024 01 25 12 30 10.27  31.142  06.648  0067.85  00.62  07.82  284.4  009.26  30.757  1024.436  1473.06 
2024 01 25 12 30 10.52  31.148  06.657  0067.75  00.66  07.82  284.4  009.26  30.756  1024.434  1473.10 
2024 01 25 12 30 10.77  31.151  06.659  0067.63  00.58  07.82  284.4  009.26  30.756  1024.433  1473.10 
2024 01 25 12 30 11.02  31.151  06.658  0067.55  00.64  07.82  284.4  009.29  30.757  1024.434  1473.10 
2024 01 25 12 30 11.27  31.148  06.656  0067.44  00.61  07.82  284.4  009.26  30.756  1024.433  1473.09 
2024 01 25 12 30 11.52  31.151  06.658  0067.36  00.57  07.82  284.4  009.26  30.757  1024.433  1473.10 
2024 01 25 12 30 11.77  31.152  06.659  0067.27  00.55  07.81  284.4  009.26  30.758  1024.433  1473.10 
2024 01 25 12 30 12.02  31.154  06.661  0067.16  00.55  07.82  284.4  009.26  30.758  1024.432  1473.11 
2024 01 25 12 30 12.27  31.157  06.666  0067.05  00.55  07.82  284.4  009.26  30.757  1024.430  1473.12 
2024 01 25 12 30 12.52  31.160  06.670  0066.94  00.52  07.82  284.4  009.26  30.757  1024.429  1473.14 
2024 01 25 12 30 12.77  31.162  06.674  0066.81  00.50  07.82  284.5  009.29  30.755  1024.427  1473.15 
2024 01 25 12 30 13.02  31.162  06.673  0066.72  00.59  07.82  284.5  009.29  30.756  1024.427  1473.14 
2024 01 25 12 30 13.27  31.163  06.675  0066.63  00.62  07.82  284.5  009.26  30.756  1024.427  1473.15 
2024 01 25 12 30 13.52  31.163  06.673  0066.59  00.60  07.82  284.5  009.26  30.757  1024.428  1473.14 
2024 01 25 12 30 13.77  31.163  06.675  0066.58  00.60  07.82  284.5  009.26  30.757  1024.427  1473.15 
2024 01 25 12 30 14.02  31.163  06.675  0066.52  00.59  07.82  284.5  009.29  30.756  1024.426  1473.15 
2024 01 25 12 30 14.27  31.164  06.678  0066.43  00.63  07.82  284.5  009.26  30.755  1024.424  1473.16 
2024 01 25 12 30 14.52  31.159  06.674  0066.27  00.62  07.82  284.5  009.26  30.752  1024.422  1473.13 
2024 01 25 12 30 14.77  31.159  06.674  0066.12  00.62  07.81  284.5  009.26  30.753  1024.422  1473.13 
2024 01 25 12 30 15.02  31.159  06.674  0066.01  00.55  07.82  284.5  009.26  30.753  1024.422  1473.13 
2024 01 25 12 30 15.27  31.160  06.674  0065.93  00.53  07.82  284.5  009.26  30.754  1024.422  1473.13 
2024 01 25 12 30 15.52  31.158  06.674  0065.84  00.55  07.82  284.5  009.26  30.751  1024.419  1473.13 
2024 01 25 12 30 15.77  31.158  06.674  0065.73  00.55  07.82  284.7  009.29  30.751  1024.419  1473.13 
2024 01 25 12 30 16.02  31.159  06.677  0065.63  00.55  07.82  284.7  009.29  30.751  1024.418  1473.13 
2024 01 25 12 30 16.27  31.160  06.678  0065.52  00.55  07.82  284.7  009.26  30.751  1024.417  1473.14 
2024 01 25 12 30 16.52  31.162  06.682  0065.38  00.58  07.82  284.7  009.29  30.749  1024.415  1473.15 
2024 01 25 12 30 16.77  31.166  06.686  0065.28  00.55  07.82  284.7  009.26  30.750  1024.414  1473.16 
2024 01 25 12 30 17.02  31.167  06.686  0065.16  00.57  07.82  284.7  009.26  30.751  1024.415  1473.16 
2024 01 25 12 30 17.27  31.168  06.689  0065.05  00.55  07.82  284.7  009.26  30.750  1024.413  1473.17 
2024 01 25 12 30 17.52  31.171  06.691  0064.94  00.71  07.82  284.7  009.26  30.751  1024.413  1473.18 
2024 01 25 12 30 17.77  31.171  06.692  0064.84  00.66  07.81  284.7  009.26  30.751  1024.412  1473.18 
2024 01 25 12 30 18.02  31.172  06.693  0064.70  00.66  07.82  284.7  009.26  30.751  1024.411  1473.18 
2024 01 25 12 30 18.27  31.178  06.699  0064.57  00.60  07.82  284.7  009.26  30.751  1024.410  1473.21 
2024 01 25 12 30 18.52  31.179  06.702  0064.45  00.57  07.82  284.7  009.26  30.751  1024.409  1473.21 
2024 01 25 12 30 18.77  31.182  06.705  0064.32  00.56  07.82  284.7  009.29  30.751  1024.408  1473.23 
2024 01 25 12 30 19.02  31.180  06.707  0064.16  00.56  07.82  284.7  009.29  30.747  1024.404  1473.22 
2024 01 25 12 30 19.27  31.176  06.700  0064.05  00.68  07.82  284.7  009.29  30.749  1024.406  1473.20 
2024 01 25 12 30 19.52  31.174  06.699  0063.91  00.75  07.82  284.7  009.26  30.748  1024.405  1473.19 
2024 01 25 12 30 19.77  31.173  06.698  0063.77  00.64  07.82  284.7  009.26  30.748  1024.404  1473.18 
2024 01 25 12 30 20.02  31.178  06.701  0063.66  00.62  07.82  284.7  009.29  30.750  1024.405  1473.20 
2024 01 25 12 30 20.27  31.181  06.709  0063.53  00.62  07.82  284.7  009.29  30.746  1024.400  1473.22 
2024 01 25 12 30 20.52  31.192  06.718  0063.42  00.66  07.82  284.7  009.26  30.751  1024.402  1473.26 
2024 01 25 12 30 20.77  31.198  06.727  0063.28  00.67  07.82  284.7  009.26  30.749  1024.399  1473.29 
2024 01 25 12 30 21.02  31.204  06.734  0063.15  00.64  07.83  284.7  009.26  30.749  1024.397  1473.32 
2024 01 25 12 30 21.27  31.212  06.738  0063.03  00.76  07.82  284.7  009.26  30.755  1024.401  1473.34 
2024 01 25 12 30 21.52  31.214  06.746  0062.91  00.71  07.83  284.7  009.26  30.750  1024.396  1473.36 
2024 01 25 12 30 21.77  31.217  06.749  0062.79  00.60  07.83  284.7  009.29  30.750  1024.395  1473.37 
2024 01 25 12 30 22.02  31.221  06.756  0062.74  00.61  07.83  284.7  009.29  30.749  1024.393  1473.40 
2024 01 25 12 30 22.27  31.218  06.756  0062.65  00.64  07.83  284.7  009.26  30.746  1024.390  1473.39 
2024 01 25 12 30 22.52  31.221  06.761  0062.56  00.64  07.83  284.7  009.26  30.744  1024.388  1473.41 
2024 01 25 12 30 22.77  31.219  06.757  0062.44  00.62  07.83  284.7  009.26  30.746  1024.389  1473.39 
2024 01 25 12 30 23.02  31.210  06.747  0062.30  00.57  07.83  284.7  009.29  30.745  1024.389  1473.35 
2024 01 25 12 30 23.27  31.206  06.746  0062.17  00.60  07.83  284.7  009.26  30.741  1024.385  1473.34 
2024 01 25 12 30 23.52  31.202  06.742  0062.07  00.64  07.83  284.7  009.26  30.741  1024.385  1473.32 
2024 01 25 12 30 23.77  31.202  06.741  0061.93  00.66  07.82  284.7  009.26  30.742  1024.385  1473.32 
2024 01 25 12 30 24.02  31.205  06.742  0061.79  00.61  07.83  284.7  009.26  30.744  1024.386  1473.32 
2024 01 25 12 30 24.27  31.204  06.742  0061.67  00.59  07.83  284.7  009.26  30.743  1024.385  1473.32 
2024 01 25 12 30 24.52  31.204  06.744  0061.55  00.58  07.83  284.7  009.26  30.741  1024.383  1473.32 
2024 01 25 12 30 24.77  31.205  06.745  0061.40  00.65  07.83  284.8  009.29  30.741  1024.382  1473.32 
2024 01 25 12 30 25.02  31.206  06.746  0061.33  00.67  07.83  284.8  009.26  30.741  1024.381  1473.33 
2024 01 25 12 30 25.27  31.205  06.744  0061.32  00.70  07.83  284.8  009.29  30.742  1024.382  1473.32 
2024 01 25 12 30 25.52  31.203  06.743  0061.31  00.64  07.83  284.8  009.26  30.741  1024.382  1473.31 
2024 01 25 12 30 25.77  31.204  06.742  0061.28  00.68  07.83  284.8  009.29  30.742  1024.383  1473.31 
2024 01 25 12 30 26.02  31.205  06.744  0061.17  00.65  07.83  284.8  009.26  30.742  1024.381  1473.32 
2024 01 25 12 30 26.27  31.206  06.747  0061.01  00.63  07.83  284.8  009.26  30.741  1024.380  1473.33 
2024 01 25 12 30 26.52  31.209  06.748  0060.85  00.62  07.83  284.8  009.26  30.743  1024.380  1473.33 
2024 01 25 12 30 26.77  31.212  06.753  0060.72  00.57  07.82  284.8  009.26  30.742  1024.379  1473.34 
2024 01 25 12 30 27.02  31.216  06.760  0060.60  00.64  07.83  284.8  009.26  30.740  1024.376  1473.37 
2024 01 25 12 30 27.27  31.217  06.759  0060.50  00.59  07.83  284.8  009.26  30.742  1024.377  1473.36 
2024 01 25 12 30 27.52  31.219  06.762  0060.40  00.58  07.83  284.8  009.26  30.742  1024.376  1473.38 
2024 01 25 12 30 27.77  31.224  06.771  0060.28  00.56  07.83  285.1  009.29  30.739  1024.371  1473.41 
2024 01 25 12 30 28.02  31.224  06.769  0060.17  00.61  07.83  285.1  009.26  30.741  1024.373  1473.40 
2024 01 25 12 30 28.27  31.229  06.775  0060.07  00.62  07.83  285.1  009.29  30.741  1024.372  1473.42 
2024 01 25 12 30 28.52  31.232  06.779  0059.92  00.59  07.83  285.1  009.29  30.741  1024.371  1473.43 
2024 01 25 12 30 28.77  31.236  06.785  0059.79  00.62  07.83  285.1  009.26  30.740  1024.369  1473.45 
2024 01 25 12 30 29.02  31.236  06.784  0059.65  00.60  07.83  285.1  009.26  30.741  1024.369  1473.45 
2024 01 25 12 30 29.27  31.238  06.788  0059.52  00.63  07.83  285.1  009.26  30.739  1024.366  1473.46 
2024 01 25 12 30 29.52  31.237  06.786  0059.36  00.64  07.83  285.1  009.26  30.740  1024.366  1473.45 
2024 01 25 12 30 29.77  31.234  06.786  0059.24  00.60  07.82  285.1  009.26  30.737  1024.364  1473.44 
2024 01 25 12 30 30.02  31.231  06.784  0059.11  00.59  07.83  285.1  009.26  30.735  1024.362  1473.43 
2024 01 25 12 30 30.27  31.225  06.778  0058.95  00.56  07.83  285.1  009.26  30.735  1024.361  1473.40 
2024 01 25 12 30 30.52  31.220  06.775  0058.83  00.57  07.83  285.1  009.26  30.732  1024.359  1473.39 
2024 01 25 12 30 30.77  31.216  06.770  0058.68  00.67  07.83  285.4  009.26  30.732  1024.359  1473.37 
2024 01 25 12 30 31.02  31.214  06.766  0058.56  00.62  07.83  285.4  009.29  30.734  1024.360  1473.35 
2024 01 25 12 30 31.27  31.214  06.769  0058.43  00.59  07.83  285.4  009.26  30.731  1024.357  1473.36 
2024 01 25 12 30 31.52  31.215  06.767  0058.30  00.61  07.83  285.4  009.26  30.734  1024.359  1473.35 
2024 01 25 12 30 31.77  31.214  06.765  0058.18  00.73  07.83  285.4  009.29  30.735  1024.359  1473.34 
2024 01 25 12 30 32.02  31.208  06.763  0058.05  00.78  07.83  285.4  009.29  30.730  1024.355  1473.33 
2024 01 25 12 30 32.27  31.203  06.759  0057.91  00.65  07.83  285.4  009.26  30.729  1024.354  1473.30 
2024 01 25 12 30 32.52  31.204  06.760  0057.81  00.64  07.83  285.4  009.26  30.729  1024.354  1473.31 
2024 01 25 12 30 32.77  31.202  06.759  0057.65  00.69  07.82  285.4  009.26  30.727  1024.352  1473.30 
2024 01 25 12 30 33.02  31.205  06.760  0057.50  00.68  07.83  285.4  009.26  30.729  1024.353  1473.30 
2024 01 25 12 30 33.27  31.203  06.762  0057.36  00.65  07.83  285.4  009.26  30.726  1024.349  1473.30 
2024 01 25 12 30 33.52  31.203  06.761  0057.23  00.58  07.83  285.4  009.26  30.727  1024.349  1473.30 
2024 01 25 12 30 33.77  31.204  06.762  0057.08  00.55  07.83  285.6  009.29  30.727  1024.348  1473.30 
2024 01 25 12 30 34.02  31.204  06.764  0056.95  00.58  07.83  285.6  009.26  30.725  1024.346  1473.31 
2024 01 25 12 30 34.27  31.207  06.766  0056.81  00.64  07.83  285.6  009.26  30.727  1024.347  1473.31 
2024 01 25 12 30 34.52  31.209  06.770  0056.67  00.66  07.83  285.6  009.26  30.725  1024.344  1473.33 
2024 01 25 12 30 34.77  31.210  06.774  0056.53  00.63  07.83  285.6  009.29  30.723  1024.341  1473.33 
2024 01 25 12 30 35.02  31.212  06.774  0056.43  00.62  07.83  285.6  009.26  30.725  1024.343  1473.34 
2024 01 25 12 30 35.27  31.211  06.776  0056.29  00.67  07.83  285.6  009.26  30.723  1024.340  1473.34 
2024 01 25 12 30 35.52  31.217  06.778  0056.18  00.68  07.83  285.6  009.26  30.727  1024.342  1473.35 
2024 01 25 12 30 35.77  31.219  06.781  0056.04  00.64  07.82  285.6  009.26  30.727  1024.341  1473.36 
2024 01 25 12 30 36.02  31.219  06.781  0055.97  00.60  07.83  285.6  009.26  30.727  1024.341  1473.36 
2024 01 25 12 30 36.27  31.216  06.780  0055.95  00.60  07.83  285.6  009.26  30.724  1024.339  1473.35 
2024 01 25 12 30 36.52  31.217  06.781  0055.95  00.62  07.83  285.6  009.26  30.726  1024.340  1473.35 
2024 01 25 12 30 36.77  31.215  06.779  0055.95  00.59  07.83  285.7  009.29  30.724  1024.339  1473.35 
2024 01 25 12 30 37.02  31.213  06.776  0055.94  00.61  07.83  285.7  009.29  30.725  1024.340  1473.34 
2024 01 25 12 30 37.27  31.216  06.779  0055.84  00.65  07.83  285.7  009.26  30.725  1024.339  1473.35 
2024 01 25 12 30 37.52  31.220  06.786  0055.67  00.63  07.83  285.7  009.29  30.723  1024.336  1473.37 
2024 01 25 12 30 37.77  31.222  06.787  0055.55  00.64  07.83  285.7  009.29  30.725  1024.337  1473.37 
2024 01 25 12 30 38.02  31.225  06.792  0055.40  00.64  07.83  285.7  009.26  30.723  1024.334  1473.39 
2024 01 25 12 30 38.27  31.226  06.792  0055.26  00.61  07.83  285.7  009.26  30.725  1024.335  1473.39 
2024 01 25 12 30 38.52  31.225  06.793  0055.10  00.63  07.83  285.7  009.26  30.724  1024.333  1473.39 
2024 01 25 12 30 38.77  31.226  06.792  0054.97  00.59  07.82  285.7  009.26  30.725  1024.333  1473.39 
2024 01 25 12 30 39.02  31.226  06.794  0054.80  00.62  07.83  285.7  009.26  30.724  1024.332  1473.39 
2024 01 25 12 30 39.27  31.227  06.794  0054.63  00.58  07.83  285.7  009.26  30.724  1024.331  1473.39 
2024 01 25 12 30 39.52  31.227  06.794  0054.51  00.62  07.83  285.7  009.26  30.725  1024.331  1473.38 
2024 01 25 12 30 39.77  31.228  06.796  0054.34  00.64  07.83  285.6  009.29  30.724  1024.329  1473.39 
2024 01 25 12 30 40.02  31.237  06.807  0054.17  00.67  07.83  285.6  009.26  30.724  1024.327  1473.43 
2024 01 25 12 30 40.27  31.233  06.810  0054.03  00.66  07.83  285.6  009.29  30.716  1024.320  1473.43 
2024 01 25 12 30 40.52  31.230  06.808  0053.86  00.68  07.83  285.6  009.29  30.715  1024.319  1473.42 
2024 01 25 12 30 40.77  31.237  06.807  0053.73  00.63  07.83  285.6  009.26  30.723  1024.325  1473.42 
2024 01 25 12 30 41.02  31.239  06.813  0053.58  00.69  07.83  285.6  009.26  30.721  1024.321  1473.44 
2024 01 25 12 30 41.27  31.237  06.813  0053.41  00.69  07.83  285.6  009.26  30.719  1024.319  1473.43 
2024 01 25 12 30 41.52  31.235  06.813  0053.29  00.70  07.83  285.6  009.26  30.716  1024.316  1473.43 
2024 01 25 12 30 41.77  31.235  06.813  0053.14  00.69  07.82  285.6  009.26  30.717  1024.316  1473.43 
2024 01 25 12 30 42.02  31.236  06.816  0053.01  00.66  07.83  285.6  009.26  30.715  1024.314  1473.43 
2024 01 25 12 30 42.27  31.239  06.814  0052.84  00.54  07.83  285.6  009.26  30.720  1024.317  1473.43 
2024 01 25 12 30 42.52  31.238  06.817  0052.70  00.56  07.83  285.6  009.26  30.717  1024.313  1473.44 
2024 01 25 12 30 42.77  31.237  06.817  0052.56  00.56  07.83  285.5  009.29  30.716  1024.313  1473.43 
2024 01 25 12 30 43.02  31.244  06.823  0052.42  00.60  07.83  285.5  009.26  30.718  1024.312  1473.45 
2024 01 25 12 30 43.27  31.251  06.834  0052.24  00.63  07.83  285.5  009.26  30.715  1024.308  1473.49 
2024 01 25 12 30 43.52  31.248  06.832  0052.10  00.66  07.83  285.5  009.26  30.714  1024.307  1473.48 
2024 01 25 12 30 43.77  31.257  06.844  0051.97  00.66  07.83  285.5  009.26  30.714  1024.304  1473.53 
2024 01 25 12 30 44.02  31.272  06.852  0051.84  00.66  07.83  285.5  009.26  30.722  1024.309  1473.57 
2024 01 25 12 30 44.27  31.271  06.862  0051.74  00.73  07.83  285.5  009.29  30.713  1024.300  1473.59 
2024 01 25 12 30 44.52  31.273  06.868  0051.62  00.78  07.83  285.5  009.26  30.710  1024.297  1473.61 
2024 01 25 12 30 44.77  31.274  06.869  0051.52  00.63  07.82  285.5  009.26  30.710  1024.296  1473.61 
2024 01 25 12 30 45.02  31.276  06.873  0051.39  00.59  07.83  285.5  009.26  30.709  1024.294  1473.62 
2024 01 25 12 30 45.27  31.276  06.873  0051.26  00.64  07.83  285.5  009.26  30.708  1024.293  1473.62 
2024 01 25 12 30 45.52  31.268  06.871  0051.11  00.66  07.83  285.5  009.26  30.702  1024.288  1473.60 
2024 01 25 12 30 45.77  31.268  06.869  0051.00  00.66  07.83  285.4  009.26  30.703  1024.288  1473.60 
2024 01 25 12 30 46.02  31.264  06.870  0050.87  00.67  07.83  285.4  009.26  30.699  1024.284  1473.59 
2024 01 25 12 30 46.27  31.257  06.862  0050.70  00.65  07.83  285.4  009.26  30.698  1024.284  1473.56 
2024 01 25 12 30 46.52  31.253  06.859  0050.56  00.69  07.83  285.4  009.26  30.697  1024.283  1473.54 
2024 01 25 12 30 46.77  31.255  06.859  0050.40  00.72  07.83  285.4  009.26  30.698  1024.283  1473.54 
2024 01 25 12 30 47.02  31.254  06.859  0050.22  00.75  07.83  285.4  009.26  30.698  1024.282  1473.54 
2024 01 25 12 30 47.27  31.252  06.855  0050.08  00.93  07.83  285.4  009.26  30.699  1024.283  1473.52 
2024 01 25 12 30 47.52  31.251  06.854  0049.90  00.80  07.83  285.4  009.26  30.698  1024.281  1473.51 
2024 01 25 12 30 47.77  31.243  06.853  0049.74  00.73  07.83  285.4  009.26  30.691  1024.275  1473.50 
2024 01 25 12 30 48.02  31.239  06.849  0049.58  00.72  07.83  285.4  009.26  30.691  1024.274  1473.48 
2024 01 25 12 30 48.27  31.241  06.846  0049.44  00.73  07.83  285.4  009.26  30.696  1024.278  1473.47 
2024 01 25 12 30 48.52  31.238  06.846  0049.30  00.72  07.83  285.4  009.26  30.693  1024.275  1473.46 
2024 01 25 12 30 48.77  31.237  06.845  0049.14  00.67  07.83  285.5  009.29  30.692  1024.274  1473.46 
2024 01 25 12 30 49.02  31.233  06.844  0049.00  00.66  07.83  285.5  009.26  30.688  1024.270  1473.45 
2024 01 25 12 30 49.27  31.235  06.844  0048.87  00.76  07.83  285.5  009.26  30.691  1024.272  1473.45 
2024 01 25 12 30 49.52  31.232  06.845  0048.79  00.78  07.83  285.5  009.26  30.687  1024.269  1473.44 
2024 01 25 12 30 49.77  31.233  06.844  0048.70  00.68  07.83  285.5  009.29  30.689  1024.270  1473.44 
2024 01 25 12 30 50.02  31.233  06.844  0048.59  00.74  07.83  285.5  009.26  30.688  1024.269  1473.44 
2024 01 25 12 30 50.27  31.230  06.845  0048.46  00.74  07.83  285.5  009.29  30.685  1024.265  1473.44 
2024 01 25 12 30 50.52  31.225  06.845  0048.33  00.69  07.83  285.5  009.26  30.680  1024.261  1473.43 
2024 01 25 12 30 50.77  31.222  06.845  0048.18  00.73  07.82  285.5  009.26  30.677  1024.257  1473.42 
2024 01 25 12 30 51.02  31.225  06.847  0048.04  00.72  07.83  285.5  009.26  30.678  1024.257  1473.43 
2024 01 25 12 30 51.27  31.224  06.851  0047.92  00.73  07.83  285.5  009.26  30.673  1024.253  1473.44 
2024 01 25 12 30 51.52  31.225  06.855  0047.79  00.76  07.83  285.5  009.26  30.670  1024.249  1473.45 
2024 01 25 12 30 51.77  31.227  06.855  0047.68  00.69  07.83  285.5  009.26  30.673  1024.251  1473.45 
2024 01 25 12 30 52.02  31.225  06.856  0047.57  00.67  07.83  285.5  009.29  30.671  1024.248  1473.45 
2024 01 25 12 30 52.27  31.229  06.864  0047.42  00.66  07.83  285.5  009.26  30.668  1024.245  1473.47 
2024 01 25 12 30 52.52  31.235  06.872  0047.26  00.66  07.83  285.5  009.26  30.667  1024.242  1473.50 
2024 01 25 12 30 52.77  31.242  06.884  0047.11  00.69  07.83  285.5  009.26  30.664  1024.237  1473.54 
2024 01 25 12 30 53.02  31.246  06.886  0046.94  00.68  07.83  285.5  009.26  30.666  1024.238  1473.55 
2024 01 25 12 30 53.27  31.248  06.890  0046.76  00.71  07.83  285.5  009.26  30.665  1024.236  1473.56 
2024 01 25 12 30 53.52  31.245  06.885  0046.62  00.69  07.83  285.5  009.26  30.667  1024.237  1473.54 
2024 01 25 12 30 53.77  31.246  06.890  0046.47  00.74  07.83  285.5  009.26  30.663  1024.233  1473.55 
2024 01 25 12 30 54.02  31.260  06.906  0046.34  00.69  07.84  285.5  009.26  30.664  1024.231  1473.62 
2024 01 25 12 30 54.27  31.258  06.907  0046.23  00.68  07.83  285.5  009.26  30.661  1024.228  1473.62 
2024 01 25 12 30 54.52  31.262  06.914  0046.10  00.69  07.84  285.5  009.26  30.659  1024.225  1473.64 
2024 01 25 12 30 54.77  31.263  06.911  0045.97  00.66  07.84  285.7  009.26  30.663  1024.228  1473.63 
2024 01 25 12 30 55.02  31.272  06.929  0045.83  00.69  07.84  285.7  009.29  30.657  1024.220  1473.69 
2024 01 25 12 30 55.27  31.275  06.940  0045.67  00.66  07.84  285.7  009.26  30.650  1024.212  1473.72 
2024 01 25 12 30 55.52  31.276  06.942  0045.56  00.70  07.84  285.7  009.29  30.649  1024.211  1473.73 
2024 01 25 12 30 55.77  31.284  06.951  0045.41  00.64  07.84  285.7  009.29  30.650  1024.210  1473.76 
2024 01 25 12 30 56.02  31.280  06.948  0045.25  00.59  07.84  285.7  009.26  30.649  1024.209  1473.74 
2024 01 25 12 30 56.27  31.279  06.941  0045.11  00.74  07.84  285.7  009.26  30.654  1024.213  1473.72 
2024 01 25 12 30 56.52  31.279  06.944  0044.97  00.77  07.84  285.7  009.26  30.651  1024.210  1473.73 
2024 01 25 12 30 56.77  31.285  06.957  0044.83  00.82  07.83  285.7  009.26  30.647  1024.204  1473.77 
2024 01 25 12 30 57.02  31.285  06.959  0044.79  00.81  07.84  285.7  009.26  30.645  1024.202  1473.78 
2024 01 25 12 30 57.27  31.285  06.962  0044.69  00.79  07.84  285.7  009.26  30.642  1024.199  1473.78 
2024 01 25 12 30 57.52  31.288  06.959  0044.63  00.71  07.84  285.7  009.26  30.647  1024.203  1473.78 
2024 01 25 12 30 57.77  31.286  06.960  0044.51  01.66  07.84  286.2  009.29  30.645  1024.200  1473.78 
2024 01 25 12 30 58.02  31.293  06.971  0044.36  01.12  07.84  286.2  009.29  30.643  1024.197  1473.81 
2024 01 25 12 30 58.27  31.294  06.978  0044.22  00.84  07.84  286.2  009.26  30.637  1024.191  1473.83 
2024 01 25 12 30 58.52  31.297  06.982  0044.06  00.77  07.84  286.2  009.26  30.637  1024.190  1473.85 
2024 01 25 12 30 58.77  31.297  06.983  0043.93  00.76  07.84  286.2  009.26  30.636  1024.188  1473.85 
2024 01 25 12 30 59.02  31.302  06.992  0043.80  00.72  07.84  286.2  009.29  30.634  1024.185  1473.87 
2024 01 25 12 30 59.27  31.300  06.993  0043.64  00.70  07.84  286.2  009.26  30.631  1024.182  1473.87 
2024 01 25 12 30 59.52  31.301  06.990  0043.52  00.71  07.84  286.2  009.26  30.635  1024.185  1473.86 
2024 01 25 12 30 59.77  31.302  06.995  0043.40  00.93  07.84  286.2  009.26  30.632  1024.181  1473.88 
2024 01 25 12 31 00.02  31.305  06.997  0043.26  00.82  07.84  286.2  009.26  30.633  1024.181  1473.88 
2024 01 25 12 31 00.27  31.305  07.004  0043.10  00.71  07.84  286.2  009.26  30.627  1024.174  1473.90 
2024 01 25 12 31 00.52  31.304  07.008  0042.98  00.67  07.84  286.2  009.26  30.623  1024.170  1473.91 
2024 01 25 12 31 00.77  31.305  07.004  0042.85  00.71  07.84  286.9  009.29  30.627  1024.173  1473.90 
2024 01 25 12 31 01.02  31.306  07.007  0042.76  00.76  07.84  286.9  009.26  30.626  1024.171  1473.91 
2024 01 25 12 31 01.27  31.306  07.006  0042.69  00.77  07.84  286.9  009.26  30.626  1024.172  1473.90 
2024 01 25 12 31 01.52  31.308  07.008  0042.59  00.74  07.84  286.9  009.26  30.627  1024.172  1473.91 
2024 01 25 12 31 01.77  31.308  07.009  0042.48  00.79  07.84  286.9  009.26  30.626  1024.170  1473.91 
2024 01 25 12 31 02.02  31.307  07.011  0042.40  00.77  07.84  286.9  009.26  30.624  1024.168  1473.91 
2024 01 25 12 31 02.27  31.311  07.012  0042.26  00.78  07.84  286.9  009.26  30.626  1024.169  1473.92 
2024 01 25 12 31 02.52  31.309  07.016  0042.13  00.70  07.84  286.9  009.26  30.621  1024.163  1473.93 
2024 01 25 12 31 02.77  31.313  07.020  0042.01  00.75  07.84  286.9  009.26  30.621  1024.163  1473.94 
2024 01 25 12 31 03.02  31.315  07.021  0041.86  00.75  07.84  286.9  009.26  30.623  1024.163  1473.94 
2024 01 25 12 31 03.27  31.315  07.020  0041.72  00.75  07.84  286.9  009.26  30.623  1024.163  1473.94 
2024 01 25 12 31 03.52  31.315  07.021  0041.62  00.75  07.84  286.9  009.26  30.623  1024.162  1473.94 
2024 01 25 12 31 03.77  31.316  07.024  0041.49  00.78  07.84  287.4  009.29  30.622  1024.160  1473.95 
2024 01 25 12 31 04.02  31.317  07.027  0041.36  00.84  07.84  287.4  009.26  30.621  1024.158  1473.95 
2024 01 25 12 31 04.27  31.323  07.035  0041.22  00.78  07.84  287.4  009.26  30.619  1024.155  1473.98 
2024 01 25 12 31 04.52  31.328  07.044  0041.07  00.79  07.84  287.4  009.29  30.617  1024.152  1474.01 
2024 01 25 12 31 04.77  31.329  07.051  0040.95  00.86  07.84  287.4  009.29  30.612  1024.147  1474.03 
2024 01 25 12 31 05.02  31.334  07.058  0040.80  01.15  07.84  287.4  009.29  30.612  1024.145  1474.06 
2024 01 25 12 31 05.27  31.338  07.062  0040.65  00.96  07.84  287.4  009.29  30.613  1024.144  1474.07 
2024 01 25 12 31 05.52  31.346  07.073  0040.48  00.88  07.84  287.4  009.26  30.611  1024.141  1474.11 
2024 01 25 12 31 05.77  31.345  07.072  0040.33  00.86  07.84  287.4  009.26  30.611  1024.140  1474.10 
2024 01 25 12 31 06.02  31.350  07.080  0040.21  00.89  07.84  287.4  009.26  30.610  1024.138  1474.13 
2024 01 25 12 31 06.27  31.370  07.119  0040.04  00.89  07.84  287.4  009.26  30.597  1024.122  1474.26 
2024 01 25 12 31 06.52  31.378  07.138  0039.89  00.81  07.84  287.4  009.26  30.589  1024.112  1474.32 
2024 01 25 12 31 06.77  31.383  07.150  0039.75  00.86  07.84  287.3  009.26  30.584  1024.106  1474.36 
2024 01 25 12 31 07.02  31.390  07.173  0039.63  00.89  07.84  287.3  009.26  30.570  1024.092  1474.44 
2024 01 25 12 31 07.27  31.394  07.185  0039.54  00.93  07.85  287.3  009.29  30.564  1024.085  1474.47 
2024 01 25 12 31 07.52  31.391  07.177  0039.47  00.93  07.85  287.3  009.29  30.568  1024.089  1474.45 
2024 01 25 12 31 07.77  31.397  07.193  0039.34  00.90  07.85  287.3  009.29  30.561  1024.081  1474.50 
2024 01 25 12 31 08.02  31.415  07.228  0039.26  00.95  07.85  287.3  009.26  30.549  1024.066  1474.62 
2024 01 25 12 31 08.27  31.421  07.237  0039.15  00.93  07.85  287.3  009.26  30.548  1024.064  1474.65 
2024 01 25 12 31 08.52  31.415  07.235  0039.07  00.92  07.85  287.3  009.26  30.542  1024.059  1474.63 
2024 01 25 12 31 08.77  31.421  07.257  0038.97  00.99  07.84  287.3  009.26  30.530  1024.046  1474.70 
2024 01 25 12 31 09.02  31.432  07.273  0038.87  01.29  07.85  287.3  009.26  30.528  1024.042  1474.76 
2024 01 25 12 31 09.27  31.440  07.281  0038.75  01.14  07.85  287.3  009.26  30.529  1024.041  1474.79 
2024 01 25 12 31 09.52  31.444  07.292  0038.66  01.00  07.85  287.3  009.26  30.525  1024.036  1474.83 
2024 01 25 12 31 09.77  31.461  07.312  0038.51  01.04  07.85  286.1  009.26  30.525  1024.032  1474.90 
2024 01 25 12 31 10.02  31.472  07.340  0038.37  01.02  07.85  286.1  009.29  30.512  1024.018  1474.99 
2024 01 25 12 31 10.27  31.473  07.353  0038.27  00.99  07.85  286.1  009.26  30.501  1024.007  1475.03 
2024 01 25 12 31 10.52  31.483  07.365  0038.14  01.01  07.85  286.1  009.26  30.501  1024.005  1475.07 
2024 01 25 12 31 10.77  31.491  07.379  0038.06  01.08  07.85  286.1  009.26  30.498  1024.001  1475.12 
2024 01 25 12 31 11.02  31.502  07.397  0037.92  01.05  07.85  286.1  009.26  30.494  1023.994  1475.18 
2024 01 25 12 31 11.27  31.502  07.405  0037.82  01.09  07.85  286.1  009.26  30.487  1023.987  1475.21 
2024 01 25 12 31 11.52  31.510  07.409  0037.68  01.13  07.85  286.1  009.26  30.492  1023.990  1475.22 
2024 01 25 12 31 11.77  31.514  07.411  0037.58  01.15  07.85  286.1  009.26  30.495  1023.991  1475.23 
2024 01 25 12 31 12.02  31.531  07.436  0037.47  01.21  07.86  286.1  009.26  30.491  1023.984  1475.33 
2024 01 25 12 31 12.27  31.528  07.434  0037.34  01.17  07.86  286.1  009.26  30.489  1023.983  1475.31 
2024 01 25 12 31 12.52  31.529  07.440  0037.22  01.18  07.86  286.1  009.26  30.486  1023.979  1475.33 
2024 01 25 12 31 12.77  31.528  07.441  0037.09  01.26  07.86  284.8  009.29  30.483  1023.976  1475.33 
2024 01 25 12 31 13.02  31.533  07.446  0037.01  01.26  07.86  284.8  009.29  30.485  1023.976  1475.35 
2024 01 25 12 31 13.27  31.525  07.449  0036.88  01.22  07.86  284.8  009.29  30.474  1023.967  1475.34 
2024 01 25 12 31 13.52  31.521  07.451  0036.74  01.20  07.86  284.8  009.26  30.467  1023.961  1475.34 
2024 01 25 12 31 13.77  31.506  07.443  0036.61  01.33  07.86  284.8  009.26  30.459  1023.955  1475.30 
2024 01 25 12 31 14.02  31.502  07.442  0036.48  01.30  07.86  284.8  009.29  30.455  1023.951  1475.29 
2024 01 25 12 31 14.27  31.502  07.445  0036.35  01.16  07.86  284.8  009.26  30.452  1023.947  1475.29 
2024 01 25 12 31 14.52  31.510  07.465  0036.21  01.24  07.86  284.8  009.26  30.444  1023.938  1475.36 
2024 01 25 12 31 14.77  31.488  07.451  0036.06  01.33  07.85  284.8  009.26  30.432  1023.930  1475.29 
2024 01 25 12 31 15.02  31.489  07.455  0035.92  01.29  07.86  284.8  009.26  30.430  1023.927  1475.30 
2024 01 25 12 31 15.27  31.506  07.486  0035.77  01.28  07.85  284.8  009.26  30.421  1023.915  1475.41 
2024 01 25 12 31 15.52  31.516  07.500  0035.63  01.39  07.86  284.8  009.26  30.419  1023.911  1475.45 
2024 01 25 12 31 15.77  31.513  07.498  0035.56  01.33  07.86  284.6  009.29  30.417  1023.910  1475.44 
2024 01 25 12 31 16.02  31.510  07.500  0035.42  01.34  07.86  284.6  009.29  30.414  1023.906  1475.44 
2024 01 25 12 31 16.27  31.508  07.501  0035.30  01.39  07.86  284.6  009.26  30.410  1023.903  1475.44 
2024 01 25 12 31 16.52  31.502  07.505  0035.16  01.46  07.86  284.6  009.26  30.401  1023.894  1475.44 
2024 01 25 12 31 16.77  31.499  07.509  0035.05  01.41  07.86  284.6  009.29  30.394  1023.887  1475.45 
2024 01 25 12 31 17.02  31.494  07.507  0034.91  01.32  07.86  284.6  009.29  30.390  1023.884  1475.43 
2024 01 25 12 31 17.27  31.475  07.496  0034.80  01.45  07.86  284.6  009.26  30.379  1023.876  1475.38 
2024 01 25 12 31 17.52  31.467  07.492  0034.69  01.50  07.86  284.6  009.26  30.375  1023.873  1475.35 
2024 01 25 12 31 17.77  31.466  07.493  0034.62  01.32  07.85  284.6  009.26  30.373  1023.871  1475.35 
2024 01 25 12 31 18.02  31.412  07.462  0034.47  01.33  07.86  284.6  009.26  30.343  1023.851  1475.19 
2024 01 25 12 31 18.27  31.410  07.452  0034.36  01.28  07.85  284.6  009.26  30.349  1023.856  1475.16 
2024 01 25 12 31 18.52  31.413  07.554  0034.27  01.26  07.85  284.6  009.26  30.264  1023.775  1475.45 
2024 01 25 12 31 18.77  31.436  07.691  0034.12  01.26  07.85  283.5  009.26  30.169  1023.682  1475.86 
2024 01 25 12 31 19.02  31.486  07.859  0034.01  01.26  07.85  283.5  009.26  30.077  1023.586  1476.39 
2024 01 25 12 31 19.27  31.495  07.907  0033.88  01.35  07.85  283.5  009.26  30.045  1023.554  1476.53 
2024 01 25 12 31 19.52  31.494  07.872  0033.75  01.54  07.86  283.5  009.29  30.075  1023.581  1476.43 
2024 01 25 12 31 19.77  31.518  07.931  0033.62  01.59  07.86  283.5  009.29  30.049  1023.552  1476.62 
2024 01 25 12 31 20.02  31.533  07.930  0033.51  01.64  07.86  283.5  009.26  30.066  1023.565  1476.64 
2024 01 25 12 31 20.27  31.535  07.934  0033.39  01.59  07.86  283.5  009.29  30.065  1023.563  1476.65 
2024 01 25 12 31 20.52  31.531  07.936  0033.26  01.64  07.86  283.5  009.26  30.058  1023.557  1476.65 
2024 01 25 12 31 20.77  31.552  07.968  0033.14  01.70  07.86  283.5  009.26  30.053  1023.548  1476.76 
2024 01 25 12 31 21.02  31.545  07.978  0033.05  01.70  07.87  283.5  009.26  30.037  1023.534  1476.78 
2024 01 25 12 31 21.27  31.557  07.982  0032.95  01.67  07.87  283.5  009.26  30.046  1023.539  1476.80 
2024 01 25 12 31 21.52  31.551  07.982  0032.84  01.70  07.87  283.5  009.26  30.040  1023.535  1476.79 
2024 01 25 12 31 21.77  31.559  07.998  0032.75  01.83  07.87  282.8  009.26  30.035  1023.528  1476.85 
2024 01 25 12 31 22.02  31.563  08.004  0032.63  01.83  07.87  282.8  009.29  30.034  1023.526  1476.87 
2024 01 25 12 31 22.27  31.572  08.011  0032.53  01.84  07.88  282.8  009.29  30.038  1023.528  1476.90 
2024 01 25 12 31 22.52  31.573  08.025  0032.40  01.90  07.88  282.8  009.26  30.027  1023.517  1476.93 
2024 01 25 12 31 22.77  31.583  08.037  0032.30  01.84  07.88  282.8  009.29  30.027  1023.514  1476.98 
2024 01 25 12 31 23.02  31.579  08.038  0032.25  01.84  07.88  282.8  009.29  30.022  1023.510  1476.98 
2024 01 25 12 31 23.27  31.583  08.039  0032.16  01.77  07.88  282.8  009.26  30.025  1023.512  1476.98 
2024 01 25 12 31 23.52  31.586  08.049  0032.04  01.76  07.88  282.8  009.26  30.019  1023.506  1477.01 
2024 01 25 12 31 23.77  31.581  08.050  0031.91  02.10  07.88  282.8  009.26  30.014  1023.500  1477.01 
2024 01 25 12 31 24.02  31.582  08.048  0031.80  01.92  07.88  282.8  009.26  30.016  1023.502  1477.00 
2024 01 25 12 31 24.27  31.584  08.061  0031.64  01.80  07.88  282.8  009.26  30.008  1023.493  1477.04 
2024 01 25 12 31 24.52  31.582  08.064  0031.54  01.90  07.88  282.8  009.26  30.003  1023.488  1477.04 
2024 01 25 12 31 24.77  31.587  08.076  0031.38  01.90  07.88  280.6  009.26  29.998  1023.482  1477.08 
2024 01 25 12 31 25.02  31.583  08.081  0031.31  01.79  07.88  280.6  009.29  29.989  1023.474  1477.09 
2024 01 25 12 31 25.27  31.583  08.090  0031.17  01.81  07.88  280.6  009.26  29.982  1023.466  1477.11 
2024 01 25 12 31 25.52  31.578  08.101  0031.07  01.82  07.88  280.6  009.26  29.967  1023.453  1477.13 
2024 01 25 12 31 25.77  31.580  08.111  0030.96  01.85  07.89  280.6  009.29  29.961  1023.446  1477.16 
2024 01 25 12 31 26.02  31.579  08.116  0030.85  01.85  07.89  280.6  009.29  29.955  1023.441  1477.17 
2024 01 25 12 31 26.27  31.575  08.116  0030.75  01.88  07.89  280.6  009.29  29.951  1023.437  1477.16 
2024 01 25 12 31 26.52  31.572  08.116  0030.62  01.87  07.89  280.6  009.26  29.949  1023.434  1477.16 
2024 01 25 12 31 26.77  31.569  08.116  0030.52  01.88  07.88  280.6  009.26  29.946  1023.431  1477.15 
2024 01 25 12 31 27.02  31.568  08.115  0030.47  01.88  07.89  280.6  009.26  29.945  1023.430  1477.15 
2024 01 25 12 31 27.27  31.568  08.114  0030.41  01.85  07.89  280.6  009.26  29.946  1023.432  1477.14 
2024 01 25 12 31 27.52  31.568  08.114  0030.32  02.32  07.89  280.6  009.26  29.946  1023.431  1477.14 
2024 01 25 12 31 27.77  31.561  08.114  0030.22  02.30  07.89  280.9  009.26  29.939  1023.425  1477.13 
2024 01 25 12 31 28.02  31.551  08.115  0030.12  01.88  07.89  280.9  009.29  29.928  1023.416  1477.12 
2024 01 25 12 31 28.27  31.549  08.116  0029.99  01.96  07.89  280.9  009.29  29.924  1023.412  1477.12 
2024 01 25 12 31 28.52  31.544  08.116  0029.86  02.12  07.89  280.9  009.29  29.919  1023.407  1477.11 
2024 01 25 12 31 28.77  31.541  08.112  0029.73  02.03  07.89  280.9  009.26  29.920  1023.408  1477.09 
2024 01 25 12 31 29.02  31.540  08.114  0029.63  01.84  07.89  280.9  009.26  29.916  1023.405  1477.10 
2024 01 25 12 31 29.27  31.541  08.113  0029.55  01.78  07.89  280.9  009.26  29.919  1023.406  1477.09 
2024 01 25 12 31 29.52  31.550  08.124  0029.45  01.83  07.89  280.9  009.26  29.919  1023.405  1477.13 
2024 01 25 12 31 29.77  31.559  08.156  0029.33  01.82  07.88  280.9  009.26  29.901  1023.385  1477.23 
2024 01 25 12 31 30.02  31.571  08.184  0029.22  01.95  07.89  280.9  009.26  29.890  1023.372  1477.32 
2024 01 25 12 31 30.27  31.580  08.196  0029.09  01.90  07.89  280.9  009.26  29.889  1023.369  1477.37 
2024 01 25 12 31 30.52  31.608  08.290  0028.97  01.96  07.89  280.9  009.26  29.839  1023.316  1477.66 
2024 01 25 12 31 30.77  31.610  08.297  0028.87  01.92  07.89  281.7  009.29  29.835  1023.311  1477.68 
2024 01 25 12 31 31.02  31.627  08.358  0028.72  01.97  07.89  281.7  009.29  29.800  1023.275  1477.87 
2024 01 25 12 31 31.27  31.628  08.388  0028.58  02.11  07.89  281.7  009.26  29.777  1023.252  1477.95 
2024 01 25 12 31 31.52  31.660  08.482  0028.47  02.11  07.90  281.7  009.26  29.731  1023.202  1478.25 
2024 01 25 12 31 31.77  31.654  08.463  0028.36  02.05  07.90  281.7  009.26  29.740  1023.211  1478.18 
2024 01 25 12 31 32.02  31.658  08.513  0028.21  02.19  07.90  281.7  009.29  29.703  1023.175  1478.32 
2024 01 25 12 31 32.27  31.654  08.578  0028.10  02.35  07.90  281.7  009.29  29.645  1023.119  1478.50 
2024 01 25 12 31 32.52  31.671  08.615  0027.97  02.37  07.91  281.7  009.26  29.631  1023.102  1478.62 
2024 01 25 12 31 32.77  31.697  08.686  0027.87  02.45  07.90  281.7  009.26  29.598  1023.066  1478.85 
2024 01 25 12 31 33.02  31.712  08.732  0027.72  02.49  07.91  281.7  009.26  29.575  1023.040  1478.99 
2024 01 25 12 31 33.27  31.721  08.759  0027.58  02.42  07.91  281.7  009.26  29.562  1023.026  1479.07 
2024 01 25 12 31 33.52  31.722  08.763  0027.46  02.36  07.91  281.7  009.26  29.560  1023.023  1479.08 
2024 01 25 12 31 33.77  31.718  08.763  0027.31  02.39  07.92  282.5  009.26  29.556  1023.019  1479.07 
2024 01 25 12 31 34.02  31.724  08.765  0027.16  02.43  07.92  282.5  009.29  29.561  1023.022  1479.08 
2024 01 25 12 31 34.27  31.758  08.848  0027.04  02.41  07.92  282.5  009.29  29.526  1022.982  1479.35 
2024 01 25 12 31 34.52  31.762  08.868  0026.88  02.44  07.92  282.5  009.29  29.514  1022.968  1479.41 
2024 01 25 12 31 34.77  31.766  08.880  0026.75  02.50  07.92  282.5  009.26  29.508  1022.962  1479.44 
2024 01 25 12 31 35.02  31.759  08.871  0026.61  02.49  07.92  282.5  009.26  29.508  1022.963  1479.41 
2024 01 25 12 31 35.27  31.767  08.904  0026.46  02.66  07.93  282.5  009.29  29.489  1022.942  1479.51 
2024 01 25 12 31 35.52  31.770  08.949  0026.33  02.64  07.93  282.5  009.26  29.455  1022.908  1479.63 
2024 01 25 12 31 35.77  31.775  08.955  0026.23  02.71  07.93  282.5  009.26  29.455  1022.907  1479.65 
2024 01 25 12 31 36.02  31.783  08.974  0026.08  02.82  07.93  282.5  009.26  29.448  1022.897  1479.71 
2024 01 25 12 31 36.27  31.828  09.052  0025.93  02.99  07.93  282.5  009.26  29.430  1022.871  1479.98 
2024 01 25 12 31 36.52  31.826  09.051  0025.81  02.88  07.94  282.5  009.26  29.429  1022.870  1479.97 
2024 01 25 12 31 36.77  31.838  09.059  0025.67  03.03  07.94  283.9  009.26  29.433  1022.872  1480.01 
2024 01 25 12 31 37.02  31.845  09.072  0025.55  03.19  07.94  283.9  009.29  29.431  1022.868  1480.05 
2024 01 25 12 31 37.27  31.869  09.101  0025.38  03.31  07.94  283.9  009.29  29.431  1022.862  1480.16 
2024 01 25 12 31 37.52  31.875  09.117  0025.26  03.17  07.95  283.9  009.26  29.424  1022.854  1480.20 
2024 01 25 12 31 37.77  31.880  09.129  0025.14  03.23  07.95  283.9  009.26  29.420  1022.848  1480.24 
2024 01 25 12 31 38.02  31.880  09.128  0025.03  03.33  07.95  283.9  009.26  29.421  1022.849  1480.24 
2024 01 25 12 31 38.27  31.886  09.139  0024.91  03.32  07.95  283.9  009.29  29.418  1022.844  1480.27 
2024 01 25 12 31 38.52  31.890  09.157  0024.77  03.26  07.95  283.9  009.26  29.407  1022.832  1480.32 
2024 01 25 12 31 38.77  31.883  09.153  0024.65  03.10  07.95  283.9  009.26  29.402  1022.829  1480.30 
2024 01 25 12 31 39.02  31.873  09.150  0024.56  03.01  07.95  283.9  009.26  29.395  1022.823  1480.28 
2024 01 25 12 31 39.27  31.849  09.141  0024.38  03.00  07.95  283.9  009.26  29.378  1022.811  1480.23 
2024 01 25 12 31 39.52  31.818  09.129  0024.27  03.05  07.95  283.9  009.26  29.357  1022.795  1480.15 
2024 01 25 12 31 39.77  31.814  09.135  0024.13  03.06  07.95  286.4  009.29  29.348  1022.786  1480.16 
2024 01 25 12 31 40.02  31.813  09.136  0024.03  03.13  07.95  286.4  009.29  29.346  1022.784  1480.16 
2024 01 25 12 31 40.27  31.817  09.140  0023.90  03.13  07.95  286.4  009.26  29.346  1022.783  1480.17 
2024 01 25 12 31 40.52  31.823  09.145  0023.82  03.13  07.95  286.4  009.26  29.349  1022.784  1480.19 
2024 01 25 12 31 40.77  31.826  09.180  0023.71  03.07  07.95  286.4  009.26  29.323  1022.758  1480.29 
2024 01 25 12 31 41.02  31.846  09.189  0023.60  03.31  07.95  286.4  009.26  29.336  1022.767  1480.34 
2024 01 25 12 31 41.27  31.851  09.206  0023.51  03.39  07.96  286.4  009.26  29.328  1022.757  1480.39 
2024 01 25 12 31 41.52  31.867  09.237  0023.36  03.46  07.96  286.4  009.26  29.318  1022.745  1480.49 
2024 01 25 12 31 41.77  31.863  09.239  0023.25  03.28  07.95  286.4  009.26  29.312  1022.739  1480.49 
2024 01 25 12 31 42.02  31.869  09.252  0023.14  03.20  07.96  286.4  009.26  29.309  1022.734  1480.53 
2024 01 25 12 31 42.27  31.879  09.273  0022.99  03.43  07.96  286.4  009.26  29.301  1022.724  1480.60 
2024 01 25 12 31 42.52  31.900  09.317  0022.85  03.60  07.96  286.4  009.26  29.286  1022.705  1480.74 
2024 01 25 12 31 42.77  31.896  09.324  0022.78  03.63  07.96  288.4  009.29  29.277  1022.696  1480.76 
2024 01 25 12 31 43.02  31.900  09.343  0022.68  03.91  07.96  288.4  009.29  29.265  1022.684  1480.81 
2024 01 25 12 31 43.27  31.908  09.354  0022.56  03.69  07.96  288.4  009.26  29.265  1022.681  1480.85 
2024 01 25 12 31 43.52  31.905  09.359  0022.46  03.74  07.96  288.4  009.29  29.257  1022.674  1480.86 
2024 01 25 12 31 43.77  31.902  09.366  0022.41  03.77  07.97  288.4  009.26  29.248  1022.666  1480.87 
2024 01 25 12 31 44.02  31.903  09.364  0022.36  03.73  07.97  288.4  009.26  29.251  1022.668  1480.86 
2024 01 25 12 31 44.27  31.908  09.372  0022.25  03.65  07.97  288.4  009.26  29.250  1022.665  1480.89 
2024 01 25 12 31 44.52  31.905  09.391  0022.15  04.15  07.97  288.4  009.26  29.231  1022.647  1480.94 
2024 01 25 12 31 44.77  31.899  09.395  0022.04  03.99  07.97  288.4  009.26  29.222  1022.639  1480.94 
2024 01 25 12 31 45.02  31.900  09.396  0021.91  03.84  07.97  288.4  009.26  29.221  1022.638  1480.94 
2024 01 25 12 31 45.27  31.900  09.402  0021.81  03.74  07.97  288.4  009.26  29.218  1022.634  1480.96 
2024 01 25 12 31 45.52  31.898  09.401  0021.70  03.79  07.97  288.4  009.26  29.216  1022.632  1480.95 
2024 01 25 12 31 45.77  31.896  09.401  0021.56  03.78  07.97  290.6  009.26  29.215  1022.631  1480.94 
2024 01 25 12 31 46.02  31.896  09.401  0021.46  03.84  07.97  290.6  009.29  29.213  1022.629  1480.94 
2024 01 25 12 31 46.27  31.894  09.402  0021.34  03.77  07.97  290.6  009.29  29.212  1022.627  1480.94 
2024 01 25 12 31 46.52  31.892  09.403  0021.23  03.75  07.97  290.6  009.26  29.209  1022.624  1480.94 
2024 01 25 12 31 46.77  31.892  09.402  0021.12  03.97  07.97  290.6  009.26  29.210  1022.625  1480.94 
2024 01 25 12 31 47.02  31.892  09.402  0021.01  03.82  07.97  290.6  009.29  29.210  1022.624  1480.94 
2024 01 25 12 31 47.27  31.894  09.403  0020.88  03.98  07.97  290.6  009.26  29.211  1022.624  1480.94 
2024 01 25 12 31 47.52  31.891  09.401  0020.78  03.74  07.97  290.6  009.26  29.209  1022.623  1480.93 
2024 01 25 12 31 47.77  31.891  09.400  0020.61  03.77  07.97  290.6  009.26  29.210  1022.623  1480.92 
2024 01 25 12 31 48.02  31.888  09.401  0020.50  03.80  07.97  290.6  009.26  29.207  1022.620  1480.92 
2024 01 25 12 31 48.27  31.890  09.401  0020.40  03.84  07.97  290.6  009.26  29.209  1022.621  1480.92 
2024 01 25 12 31 48.52  31.889  09.401  0020.38  04.01  07.97  290.6  009.26  29.208  1022.620  1480.92 
2024 01 25 12 31 48.77  31.888  09.402  0020.34  04.08  07.97  292.2  009.29  29.206  1022.618  1480.92 
2024 01 25 12 31 49.02  31.890  09.402  0020.32  03.73  07.97  292.2  009.29  29.208  1022.619  1480.92 
2024 01 25 12 31 49.27  31.888  09.402  0020.29  03.63  07.97  292.2  009.26  29.206  1022.618  1480.92 
2024 01 25 12 31 49.52  31.889  09.403  0020.23  03.55  07.97  292.2  009.26  29.206  1022.618  1480.92 
2024 01 25 12 31 49.77  31.888  09.401  0020.22  03.66  07.97  292.2  009.26  29.207  1022.618  1480.91 
2024 01 25 12 31 50.02  31.889  09.401  0020.21  03.89  07.97  292.2  009.29  29.208  1022.619  1480.92 
2024 01 25 12 31 50.27  31.889  09.402  0020.12  04.03  07.97  292.2  009.26  29.207  1022.618  1480.91 
2024 01 25 12 31 50.52  31.886  09.401  0020.01  04.18  07.97  292.2  009.26  29.204  1022.615  1480.91 
2024 01 25 12 31 50.77  31.887  09.399  0019.92  04.01  07.97  292.2  009.26  29.207  1022.617  1480.90 
2024 01 25 12 31 51.02  31.888  09.399  0019.79  04.07  07.97  292.2  009.26  29.208  1022.617  1480.90 
2024 01 25 12 31 51.27  31.887  09.399  0019.67  04.11  07.97  292.2  009.26  29.207  1022.616  1480.90 
2024 01 25 12 31 51.52  31.888  09.400  0019.54  04.05  07.97  292.2  009.26  29.208  1022.616  1480.90 
2024 01 25 12 31 51.77  31.886  09.401  0019.41  04.00  07.97  293.7  009.26  29.205  1022.613  1480.90 
2024 01 25 12 31 52.02  31.881  09.400  0019.29  03.70  07.97  293.7  009.29  29.201  1022.610  1480.89 
2024 01 25 12 31 52.27  31.869  09.399  0019.15  03.75  07.98  293.7  009.29  29.190  1022.601  1480.87 
2024 01 25 12 31 52.52  31.866  09.398  0019.02  03.75  07.97  293.7  009.26  29.187  1022.598  1480.86 
2024 01 25 12 31 52.77  31.856  09.404  0018.91  03.82  07.97  293.7  009.26  29.172  1022.585  1480.86 
2024 01 25 12 31 53.02  31.855  09.403  0018.78  03.83  07.98  293.7  009.26  29.172  1022.584  1480.86 
2024 01 25 12 31 53.27  31.850  09.405  0018.66  03.94  07.98  293.7  009.26  29.165  1022.578  1480.85 
2024 01 25 12 31 53.52  31.849  09.406  0018.53  03.92  07.98  293.7  009.26  29.163  1022.576  1480.85 
2024 01 25 12 31 53.77  31.847  09.414  0018.39  03.95  07.97  293.7  009.26  29.155  1022.568  1480.87 
2024 01 25 12 31 54.02  31.846  09.435  0018.26  03.82  07.98  293.7  009.23  29.137  1022.550  1480.92 
2024 01 25 12 31 54.27  31.844  09.444  0018.14  03.74  07.97  293.7  009.26  29.128  1022.541  1480.94 
2024 01 25 12 31 54.52  31.844  09.476  0018.02  04.02  07.98  293.7  009.26  29.102  1022.515  1481.03 
2024 01 25 12 31 54.77  31.840  09.495  0017.86  04.19  07.98  294.7  009.29  29.082  1022.496  1481.07 
2024 01 25 12 31 55.02  31.839  09.519  0017.75  04.05  07.98  294.7  009.26  29.062  1022.476  1481.13 
2024 01 25 12 31 55.27  31.834  09.520  0017.63  04.26  07.98  294.7  009.26  29.056  1022.470  1481.13 
2024 01 25 12 31 55.52  31.834  09.525  0017.52  04.37  07.98  294.7  009.26  29.052  1022.466  1481.14 
2024 01 25 12 31 55.77  31.831  09.526  0017.42  04.43  07.98  294.7  009.26  29.049  1022.463  1481.14 
2024 01 25 12 31 56.02  31.830  09.534  0017.31  04.76  07.98  294.7  009.26  29.042  1022.456  1481.16 
2024 01 25 12 31 56.27  31.831  09.534  0017.23  04.75  07.98  294.7  009.26  29.042  1022.456  1481.16 
2024 01 25 12 31 56.52  31.830  09.535  0017.09  04.72  07.98  294.7  009.26  29.040  1022.453  1481.15 
2024 01 25 12 31 56.77  31.829  09.535  0017.01  04.85  07.98  294.7  009.26  29.039  1022.452  1481.15 
2024 01 25 12 31 57.02  31.831  09.541  0016.85  04.67  07.98  294.7  009.26  29.037  1022.448  1481.17 
2024 01 25 12 31 57.27  31.830  09.543  0016.76  04.59  07.98  294.7  009.26  29.034  1022.446  1481.17 
2024 01 25 12 31 57.52  31.831  09.543  0016.60  04.72  07.98  294.7  009.26  29.035  1022.446  1481.17 
2024 01 25 12 31 57.77  31.833  09.545  0016.44  04.70  07.98  295.3  009.26  29.035  1022.445  1481.18 
2024 01 25 12 31 58.02  31.831  09.547  0016.31  04.72  07.98  295.3  009.26  29.032  1022.441  1481.18 
2024 01 25 12 31 58.27  31.833  09.551  0016.19  04.84  07.99  295.3  009.29  29.030  1022.439  1481.19 
2024 01 25 12 31 58.52  31.833  09.554  0016.08  04.85  07.99  295.3  009.26  29.028  1022.436  1481.20 
2024 01 25 12 31 58.77  31.831  09.555  0015.97  05.16  07.99  295.3  009.29  29.026  1022.434  1481.19 
2024 01 25 12 31 59.02  31.830  09.560  0015.86  04.88  07.99  295.3  009.26  29.021  1022.429  1481.21 
2024 01 25 12 31 59.27  31.829  09.563  0015.76  05.29  07.99  295.3  009.26  29.017  1022.425  1481.21 
2024 01 25 12 31 59.52  31.830  09.562  0015.67  05.22  07.99  295.3  009.26  29.019  1022.426  1481.21 
2024 01 25 12 31 59.77  31.829  09.566  0015.56  05.43  07.98  295.3  009.26  29.015  1022.422  1481.21 
2024 01 25 12 32 00.02  31.828  09.566  0015.47  05.06  07.99  295.3  009.26  29.014  1022.420  1481.21 
2024 01 25 12 32 00.27  31.829  09.566  0015.38  04.79  07.98  295.3  009.26  29.015  1022.421  1481.21 
2024 01 25 12 32 00.52  31.830  09.569  0015.29  04.84  07.99  295.3  009.26  29.013  1022.419  1481.22 
2024 01 25 12 32 00.77  31.828  09.578  0015.17  05.01  07.99  295.9  009.26  29.005  1022.410  1481.24 
2024 01 25 12 32 01.02  31.826  09.580  0015.06  04.91  07.99  295.9  009.26  29.000  1022.406  1481.24 
2024 01 25 12 32 01.27  31.819  09.584  0014.95  05.08  07.99  295.9  009.26  28.990  1022.397  1481.24 
2024 01 25 12 32 01.52  31.821  09.584  0014.85  05.01  07.99  295.9  009.26  28.992  1022.398  1481.24 
2024 01 25 12 32 01.77  31.816  09.589  0014.72  05.53  07.99  295.9  009.29  28.983  1022.390  1481.25 
2024 01 25 12 32 02.02  31.815  09.596  0014.60  05.03  07.99  295.9  009.26  28.977  1022.384  1481.26 
2024 01 25 12 32 02.27  31.813  09.604  0014.46  05.13  07.99  295.9  009.26  28.968  1022.375  1481.28 
2024 01 25 12 32 02.52  31.810  09.604  0014.39  05.51  07.99  295.9  009.26  28.966  1022.373  1481.28 
2024 01 25 12 32 02.77  31.794  09.625  0014.23  05.79  07.99  295.9  009.26  28.932  1022.342  1481.31 
2024 01 25 12 32 03.02  31.769  09.646  0014.12  06.10  07.99  295.9  009.26  28.891  1022.306  1481.34 
2024 01 25 12 32 03.27  31.778  09.704  0013.97  06.54  07.99  295.9  009.26  28.853  1022.267  1481.50 
2024 01 25 12 32 03.52  31.783  09.726  0013.88  07.20  07.99  295.9  009.26  28.841  1022.254  1481.57 
2024 01 25 12 32 03.77  31.791  09.742  0013.76  07.99  07.99  296.9  009.29  28.835  1022.246  1481.62 
2024 01 25 12 32 04.02  31.797  09.753  0013.66  08.07  08.00  296.9  009.26  28.834  1022.243  1481.65 
2024 01 25 12 32 04.27  31.819  09.808  0013.52  08.35  08.00  296.9  009.29  28.812  1022.216  1481.83 
2024 01 25 12 32 04.52  31.816  09.819  0013.42  08.27  08.00  296.9  009.29  28.800  1022.205  1481.85 
2024 01 25 12 32 04.77  31.814  09.825  0013.29  08.81  08.00  296.9  009.26  28.793  1022.198  1481.86 
2024 01 25 12 32 05.02  31.812  09.835  0013.20  09.02  08.00  296.9  009.26  28.783  1022.189  1481.88 
2024 01 25 12 32 05.27  31.816  09.853  0013.08  09.22  08.00  296.9  009.26  28.772  1022.177  1481.94 
2024 01 25 12 32 05.52  31.811  09.857  0013.00  09.00  08.00  296.9  009.26  28.765  1022.170  1481.94 
2024 01 25 12 32 05.77  31.796  09.866  0012.89  08.87  08.01  296.9  009.26  28.742  1022.150  1481.94 
2024 01 25 12 32 06.02  31.767  09.877  0012.81  09.14  08.01  296.9  009.26  28.705  1022.119  1481.94 
2024 01 25 12 32 06.27  31.767  09.875  0012.72  09.21  08.01  296.9  009.26  28.706  1022.120  1481.93 
2024 01 25 12 32 06.52  31.756  09.879  0012.65  08.95  08.01  296.9  009.26  28.692  1022.108  1481.93 
2024 01 25 12 32 06.77  31.748  09.879  0012.51  09.28  08.01  297.3  009.26  28.684  1022.102  1481.92 
2024 01 25 12 32 07.02  31.735  09.875  0012.41  08.80  08.01  297.3  009.29  28.674  1022.094  1481.89 
2024 01 25 12 32 07.27  31.727  09.873  0012.26  08.88  08.01  297.3  009.29  28.668  1022.089  1481.87 
2024 01 25 12 32 07.52  31.705  09.864  0012.16  08.39  08.01  297.3  009.26  28.653  1022.078  1481.82 
2024 01 25 12 32 07.77  31.704  09.864  0012.08  08.06  08.01  297.3  009.26  28.652  1022.077  1481.81 
2024 01 25 12 32 08.02  31.694  09.858  0011.98  08.40  08.01  297.3  009.26  28.648  1022.074  1481.78 
2024 01 25 12 32 08.27  31.677  09.855  0011.88  08.22  08.01  297.3  009.26  28.633  1022.062  1481.75 
2024 01 25 12 32 08.52  31.669  09.854  0011.85  08.10  08.01  297.3  009.26  28.625  1022.056  1481.74 
2024 01 25 12 32 08.77  31.666  09.858  0011.82  07.93  08.01  297.3  009.26  28.619  1022.051  1481.75 
2024 01 25 12 32 09.02  31.658  09.861  0011.75  07.80  08.01  297.3  009.26  28.609  1022.042  1481.74 
2024 01 25 12 32 09.27  31.641  09.864  0011.63  07.52  08.01  297.3  009.26  28.590  1022.026  1481.73 
2024 01 25 12 32 09.52  31.644  09.865  0011.61  07.36  08.01  297.3  009.26  28.592  1022.027  1481.74 
2024 01 25 12 32 09.77  31.641  09.865  0011.52  07.19  08.01  299.4  009.26  28.589  1022.025  1481.73 
2024 01 25 12 32 10.02  31.631  09.859  0011.39  07.39  08.01  299.4  009.26  28.584  1022.022  1481.70 
2024 01 25 12 32 10.27  31.626  09.862  0011.29  07.35  08.01  299.4  009.29  28.576  1022.015  1481.70 
2024 01 25 12 32 10.52  31.625  09.863  0011.22  07.11  08.01  299.4  009.29  28.574  1022.012  1481.70 
2024 01 25 12 32 10.77  31.623  09.870  0011.07  07.61  08.01  299.4  009.26  28.567  1022.005  1481.72 
2024 01 25 12 32 11.02  31.620  09.875  0010.98  07.70  08.01  299.4  009.26  28.560  1021.998  1481.73 
2024 01 25 12 32 11.27  31.617  09.882  0010.87  07.57  08.01  299.4  009.26  28.552  1021.990  1481.74 
2024 01 25 12 32 11.52  31.615  09.883  0010.74  07.85  08.01  299.4  009.26  28.549  1021.987  1481.74 
2024 01 25 12 32 11.77  31.614  09.890  0010.62  07.93  08.01  299.4  009.26  28.542  1021.981  1481.75 
2024 01 25 12 32 12.02  31.611  09.891  0010.49  08.50  08.01  299.4  009.26  28.539  1021.977  1481.75 
2024 01 25 12 32 12.27  31.608  09.900  0010.38  09.18  08.01  299.4  009.26  28.529  1021.968  1481.77 
2024 01 25 12 32 12.52  31.605  09.901  0010.25  09.99  08.01  299.4  009.26  28.525  1021.964  1481.76 
2024 01 25 12 32 12.77  31.602  09.909  0010.11  10.68  08.01  300.3  009.26  28.515  1021.954  1481.78 
2024 01 25 12 32 13.02  31.595  09.919  0009.93  10.69  08.01  300.3  009.29  28.501  1021.940  1481.80 
2024 01 25 12 32 13.27  31.582  09.938  0009.81  11.20  08.01  300.3  009.26  28.473  1021.915  1481.83 
2024 01 25 12 32 13.52  31.581  09.944  0009.68  11.86  08.01  300.3  009.29  28.467  1021.909  1481.84 
2024 01 25 12 32 13.77  31.554  09.974  0009.59  13.28  08.01  300.3  009.26  28.417  1021.865  1481.89 
2024 01 25 12 32 14.02  31.539  09.982  0009.48  14.22  08.01  300.3  009.26  28.396  1021.847  1481.89 
2024 01 25 12 32 14.27  31.522  09.987  0009.36  14.14  08.01  300.3  009.26  28.375  1021.829  1481.88 
2024 01 25 12 32 14.52  31.513  09.989  0009.26  14.31  08.02  300.3  009.26  28.364  1021.820  1481.88 
2024 01 25 12 32 14.77  31.503  09.991  0009.15  14.16  08.01  300.3  009.26  28.353  1021.811  1481.87 
2024 01 25 12 32 15.02  31.498  09.990  0009.03  15.27  08.02  300.3  009.26  28.348  1021.807  1481.86 
2024 01 25 12 32 15.27  31.489  09.991  0008.98  15.17  08.02  300.3  009.26  28.339  1021.799  1481.85 
2024 01 25 12 32 15.52  31.487  09.992  0008.93  14.63  08.02  300.3  009.26  28.336  1021.796  1481.85 
2024 01 25 12 32 15.77  31.481  09.993  0008.87  14.52  08.02  300.5  009.29  28.330  1021.791  1481.84 
2024 01 25 12 32 16.02  31.467  09.994  0008.78  14.43  08.02  300.5  009.29  28.315  1021.779  1481.83 
2024 01 25 12 32 16.27  31.463  09.996  0008.65  15.15  08.02  300.5  009.29  28.309  1021.773  1481.83 
2024 01 25 12 32 16.52  31.459  09.996  0008.54  15.31  08.02  300.5  009.29  28.306  1021.771  1481.82 
2024 01 25 12 32 16.77  31.457  09.997  0008.41  15.76  08.02  300.5  009.26  28.303  1021.767  1481.82 
2024 01 25 12 32 17.02  31.455  09.998  0008.26  15.60  08.02  300.5  009.29  28.301  1021.765  1481.82 
2024 01 25 12 32 17.27  31.448  10.004  0008.14  16.04  08.02  300.5  009.26  28.289  1021.754  1481.82 
2024 01 25 12 32 17.52  31.446  10.007  0008.06  16.07  08.02  300.5  009.26  28.284  1021.750  1481.83 
2024 01 25 12 32 17.77  31.439  10.012  0007.93  17.59  08.02  300.5  009.26  28.273  1021.739  1481.83 
2024 01 25 12 32 18.02  31.432  10.017  0007.81  17.41  08.02  300.5  009.26  28.263  1021.730  1481.83 
2024 01 25 12 32 18.27  31.429  10.018  0007.72  16.34  08.02  300.5  009.26  28.259  1021.727  1481.83 
2024 01 25 12 32 18.52  31.428  10.020  0007.61  16.16  08.02  300.5  009.26  28.255  1021.723  1481.83 
2024 01 25 12 32 18.77  31.426  10.022  0007.48  15.96  08.02  301.5  009.26  28.253  1021.720  1481.83 
2024 01 25 12 32 19.02  31.425  10.025  0007.39  16.15  08.02  301.5  009.26  28.249  1021.717  1481.84 
2024 01 25 12 32 19.27  31.422  10.026  0007.26  16.31  08.02  301.5  009.29  28.245  1021.713  1481.84 
2024 01 25 12 32 19.52  31.421  10.027  0007.20  15.31  08.02  301.5  009.26  28.244  1021.712  1481.84 
2024 01 25 12 32 19.77  31.420  10.030  0007.10  15.23  08.02  301.5  009.26  28.241  1021.708  1481.84 
2024 01 25 12 32 20.02  31.407  10.032  0007.02  15.49  08.02  301.5  009.29  28.226  1021.696  1481.83 
2024 01 25 12 32 20.27  31.405  10.033  0006.93  15.13  08.02  301.5  009.26  28.223  1021.692  1481.83 
2024 01 25 12 32 20.52  31.389  10.040  0006.83  15.33  08.02  301.5  009.26  28.202  1021.675  1481.83 
2024 01 25 12 32 20.77  31.386  10.040  0006.72  15.19  08.02  301.5  009.26  28.199  1021.672  1481.82 
2024 01 25 12 32 21.02  31.382  10.041  0006.61  15.99  08.02  301.5  009.26  28.195  1021.668  1481.82 
2024 01 25 12 32 21.27  31.377  10.042  0006.48  15.19  08.02  301.5  009.26  28.189  1021.663  1481.81 
2024 01 25 12 32 21.52  31.376  10.044  0006.37  14.85  08.02  301.5  009.26  28.186  1021.660  1481.82 
2024 01 25 12 32 21.77  31.376  10.043  0006.28  15.11  08.02  302.4  009.26  28.187  1021.660  1481.81 
2024 01 25 12 32 22.02  31.376  10.044  0006.13  15.66  08.02  302.4  009.26  28.186  1021.659  1481.81 
2024 01 25 12 32 22.27  31.376  10.044  0006.02  15.63  08.02  302.4  009.29  28.186  1021.658  1481.81 
2024 01 25 12 32 22.52  31.374  10.044  0005.90  15.08  08.02  302.4  009.26  28.184  1021.656  1481.81 
2024 01 25 12 32 22.77  31.374  10.045  0005.77  15.10  08.02  302.4  009.26  28.184  1021.655  1481.81 
2024 01 25 12 32 23.02  31.355  10.045  0005.65  15.39  08.02  302.4  009.26  28.165  1021.639  1481.78 
2024 01 25 12 32 23.27  31.371  10.047  0005.52  15.76  08.02  302.4  009.26  28.179  1021.650  1481.81 
2024 01 25 12 32 23.52  31.373  10.046  0005.41  16.61  08.02  302.4  009.26  28.182  1021.651  1481.80 
2024 01 25 12 32 23.77  31.373  10.046  0005.29  17.02  08.02  302.4  009.26  28.182  1021.651  1481.80 
2024 01 25 12 32 24.02  31.354  10.047  0005.15  17.88  08.02  302.4  009.26  28.162  1021.635  1481.78 
2024 01 25 12 32 24.27  31.342  10.047  0005.04  17.40  08.02  302.4  009.26  28.150  1021.625  1481.76 
2024 01 25 12 32 24.52  31.315  10.047  0004.90  17.81  08.03  302.4  009.26  28.123  1021.603  1481.73 
2024 01 25 12 32 24.77  31.286  10.050  0004.80  16.59  08.03  303.2  009.26  28.092  1021.578  1481.70 
2024 01 25 12 32 25.02  31.271  10.052  0004.71  16.25  08.03  303.2  009.26  28.076  1021.565  1481.69 
2024 01 25 12 32 25.27  31.248  10.055  0004.60  15.55  08.03  303.2  009.29  28.051  1021.544  1481.66 
2024 01 25 12 32 25.52  31.241  10.059  0004.46  14.36  08.03  303.2  009.26  28.041  1021.536  1481.66 
2024 01 25 12 32 25.77  31.233  10.063  0004.39  14.33  08.03  303.2  009.26  28.031  1021.527  1481.66 
2024 01 25 12 32 26.02  31.229  10.065  0004.26  14.13  08.03  303.2  009.26  28.025  1021.521  1481.66 
2024 01 25 12 32 26.27  31.213  10.066  0004.14  14.04  08.03  303.2  009.26  28.008  1021.507  1481.64 
2024 01 25 12 32 26.52  31.210  10.067  0004.00  13.54  08.03  303.2  009.26  28.005  1021.504  1481.64 
2024 01 25 12 32 26.77  31.207  10.065  0003.85  13.32  08.03  303.2  009.26  28.003  1021.502  1481.63 
2024 01 25 12 32 27.02  31.206  10.065  0003.72  13.32  08.03  303.2  009.26  28.002  1021.501  1481.63 
2024 01 25 12 32 27.27  31.202  10.063  0003.59  12.93  08.03  303.2  009.26  28.000  1021.499  1481.61 
2024 01 25 12 32 27.52  31.202  10.063  0003.48  12.84  08.03  303.2  009.26  28.000  1021.498  1481.61 
2024 01 25 12 32 27.77  31.200  10.061  0003.36  12.80  08.03  304.0  009.26  27.999  1021.498  1481.60 
2024 01 25 12 32 28.02  31.198  10.061  0003.23  12.03  08.03  304.0  009.26  27.998  1021.496  1481.60 
2024 01 25 12 32 28.27  31.196  10.060  0003.08  11.86  08.03  304.0  009.29  27.996  1021.494  1481.59 
2024 01 25 12 32 28.52  31.196  10.061  0002.94  11.22  08.03  304.0  009.26  27.996  1021.493  1481.59 
2024 01 25 12 32 28.77  31.188  10.060  0002.80  11.06  08.03  304.0  009.26  27.989  1021.487  1481.58 
2024 01 25 12 32 29.02  31.178  10.061  0002.70  10.14  08.03  304.0  009.26  27.977  1021.477  1481.57 
2024 01 25 12 32 29.27  31.167  10.063  0002.57  09.09  08.03  304.0  009.26  27.966  1021.468  1481.56 
2024 01 25 12 32 29.52  31.145  10.065  0002.41  08.78  08.03  304.0  009.26  27.942  1021.448  1481.53 
2024 01 25 12 32 29.77  31.098  10.064  0002.28  08.31  08.03  304.0  009.26  27.897  1021.412  1481.47 
2024 01 25 12 32 30.02  31.061  10.064  0002.19  08.19  08.03  304.0  009.26  27.861  1021.384  1481.43 
2024 01 25 12 32 30.27  30.949  10.066  0002.06  08.24  08.03  304.0  009.26  27.748  1021.295  1481.29 
2024 01 25 12 32 30.52  30.843  10.068  0001.93  07.78  08.04  304.0  009.26  27.641  1021.211  1481.17 
2024 01 25 12 32 30.77  30.806  10.069  0001.78  06.75  08.04  305.1  009.26  27.603  1021.181  1481.13 
2024 01 25 12 32 31.02  30.773  10.067  0001.62  06.17  08.04  305.1  009.29  27.573  1021.156  1481.08 
2024 01 25 12 32 31.27  30.667  10.051  0001.47  05.50  08.04  305.1  009.26  27.480  1021.086  1480.91 
2024 01 25 12 32 31.52  30.490  10.014  0001.38  04.79  08.04  305.1  009.26  27.333  1020.977  1480.59 
2024 01 25 12 32 31.77  30.182  09.974  0001.24  04.50  08.05  305.1  009.26  27.058  1020.768  1480.11 
2024 01 25 12 32 32.02  29.707  09.879  0001.12  04.32  08.05  305.1  009.26  26.659  1020.471  1479.27 
2024 01 25 12 32 32.27  29.565  09.875  0001.02  04.22  08.06  305.1  009.26  26.521  1020.364  1479.09 
2024 01 25 12 32 32.52  29.478  09.880  0000.98  03.99  08.06  305.1  009.26  26.432  1020.294  1479.00 
2024 01 25 12 32 32.77  29.550  09.885  0000.99  03.70  08.06  305.1  009.26  26.498  1020.345  1479.10 
2024 01 25 12 32 33.02  29.589  09.910  0000.99  03.77  08.06  305.1  009.26  26.519  1020.357  1479.22 
2024 01 25 12 32 33.27  29.552  09.918  0001.00  03.95  08.06  305.1  009.26  26.476  1020.323  1479.19 
2024 01 25 12 32 33.52  29.543  09.934  0000.99  03.85  08.06  305.1  009.26  26.456  1020.304  1479.23 
2024 01 25 12 32 33.77  29.531  09.946  0000.99  03.85  08.06  307.5  009.26  26.436  1020.287  1479.25 
2024 01 25 12 32 34.02  29.513  09.952  0000.98  03.67  08.06  307.5  009.29  26.414  1020.269  1479.24 
2024 01 25 12 32 34.27  29.493  09.957  0001.01  03.49  08.06  307.5  009.29  26.390  1020.250  1479.23 
2024 01 25 12 32 34.52  29.467  09.957  0000.99  03.41  08.06  307.5  009.29  26.364  1020.230  1479.20 
2024 01 25 12 32 34.77  29.426  09.949  0000.98  03.30  08.06  307.5  009.26  26.329  1020.204  1479.13 
2024 01 25 12 32 35.02  29.396  09.956  0000.99  03.19  08.06  307.5  009.26  26.295  1020.176  1479.11 
2024 01 25 12 32 35.27  29.341  09.962  0000.98  03.16  08.06  307.5  009.29  26.236  1020.129  1479.06 
2024 01 25 12 32 35.52  29.320  09.963  0000.99  03.25  08.06  307.5  009.26  26.215  1020.113  1479.04 
2024 01 25 12 32 35.77  29.313  09.963  0000.99  03.11  08.06  307.5  009.26  26.208  1020.107  1479.03 
2024 01 25 12 32 36.02  29.288  09.966  0000.95  03.09  08.06  307.5  009.26  26.181  1020.086  1479.01 
2024 01 25 12 32 36.27  29.222  09.992  0000.86  03.12  08.05  307.5  009.26  26.098  1020.016  1479.00 
2024 01 25 12 32 36.52  29.076  10.071  0000.75  03.02  08.06  307.5  009.26  25.898  1019.848  1479.05 
2024 01 25 12 32 36.77  29.051  10.109  0000.68  02.90  08.06  308.0  009.29  25.846  1019.802  1479.13 
2024 01 25 12 32 37.02  29.100  10.052  0000.67  02.73  08.06  308.0  009.26  25.935  1019.880  1479.03 
2024 01 25 12 32 37.27  29.121  10.039  0000.68  02.64  08.06  308.0  009.26  25.964  1019.904  1479.02 
2024 01 25 12 32 37.52  29.105  10.056  0000.71  02.83  08.06  308.0  009.29  25.936  1019.880  1479.04 
2024 01 25 12 32 37.77  29.081  10.116  0000.71  02.99  08.06  308.0  009.26  25.870  1019.820  1479.18 
2024 01 25 12 32 38.02  29.000  10.131  0000.69  02.75  08.06  308.0  009.26  25.780  1019.747  1479.13 
2024 01 25 12 32 38.27  28.912  10.228  0000.69  02.58  08.05  308.0  009.26  25.625  1019.612  1479.30 
2024 01 25 12 32 38.52  28.907  10.221  0000.68  02.42  08.05  308.0  009.26  25.625  1019.613  1479.27 
2024 01 25 12 32 38.77  28.920  10.170  0000.70  02.49  08.05  308.0  009.26  25.673  1019.658  1479.15 
2024 01 25 12 32 39.02  28.963  10.144  0000.73  02.47  08.05  308.0  009.26  25.734  1019.710  1479.12 
2024 01 25 12 32 39.27  28.971  10.151  0000.74  02.46  08.05  308.0  009.26  25.737  1019.711  1479.15 
2024 01 25 12 32 39.52  28.901  10.184  0000.72  02.53  08.05  308.0  009.26  25.645  1019.634  1479.16 
2024 01 25 12 32 39.77  28.828  10.184  0000.73  02.56  08.05  306.3  009.29  25.574  1019.579  1479.08 
2024 01 25 12 32 40.02  28.804  10.249  0000.71  02.52  08.05  306.3  009.26  25.505  1019.515  1479.23 
2024 01 25 12 32 40.27  28.804  10.252  0000.73  02.43  08.05  306.3  009.26  25.503  1019.514  1479.24 
2024 01 25 12 32 40.52  28.850  10.199  0000.74  02.42  08.05  306.3  009.26  25.585  1019.585  1479.14 
2024 01 25 12 32 40.77  28.864  10.175  0000.76  02.47  08.05  306.3  009.26  25.616  1019.613  1479.09 
2024 01 25 12 32 41.02  28.864  10.213  0000.78  02.53  08.05  306.3  009.29  25.588  1019.586  1479.20 
2024 01 25 12 32 41.27  28.865  10.167  0000.75  02.57  08.05  306.3  009.26  25.622  1019.619  1479.07 
2024 01 25 12 32 41.52  28.840  10.182  0000.74  02.70  08.05  306.3  009.26  25.587  1019.590  1479.08 
2024 01 25 12 32 41.77  28.826  10.223  0000.75  02.44  08.05  306.3  009.26  25.544  1019.550  1479.19 
2024 01 25 12 32 42.02  28.871  10.192  0000.74  02.42  08.05  306.3  009.26  25.610  1019.606  1479.15 
2024 01 25 12 32 42.27  28.891  10.151  0000.78  02.40  08.05  306.3  009.26  25.659  1019.650  1479.06 
2024 01 25 12 32 42.52  28.772  10.294  0000.69  02.57  08.05  306.3  009.26  25.442  1019.460  1479.32 
2024 01 25 12 32 42.77  28.614  10.386  0000.57  02.51  08.05  304.1  009.29  25.224  1019.275  1479.39 
2024 01 25 12 32 43.02  28.511  10.449  0000.42  02.39  08.05  304.1  009.26  25.082  1019.154  1479.45 
2024 01 25 12 32 43.27  28.382  10.556  0000.29  02.31  08.05  304.1  009.29  24.884  1018.983  1479.60 
2024 01 25 12 32 43.52  28.376  10.533  0000.25  02.09  08.05  304.1  009.26  24.893  1018.994  1479.53 
2024 01 25 12 32 43.77  28.420  10.522  0000.22  02.03  08.05  304.1  009.26  24.943  1019.035  1479.54 
2024 01 25 12 32 44.02  28.434  10.502  0000.16  02.07  08.05  304.1  009.26  24.971  1019.059  1479.50 
2024 01 25 12 32 44.27  28.411  10.526  0000.12  02.12  08.05  304.1  009.26  24.932  1019.024  1479.54 
2024 01 25 12 32 44.52  28.387  10.547  0000.05  02.08  08.05  304.1  009.26  24.895  1018.992  1479.57 
2024 01 25 12 32 44.77  28.360  10.560  0000.01  01.99  08.05  304.1  009.26  24.859  1018.962  1479.58 
2024 01 25 12 32 45.02  28.292  10.617  0000.04  01.80  08.05  304.1  009.26  24.755  1018.872  1479.66 
2024 01 25 12 32 45.27  11.606  10.607  0000.03  01.76  08.05  304.1  009.26  09.380  1006.949  1461.12 
2024 01 25 12 32 45.52  00.241  10.586  0000.03  05.99  08.06  304.1  009.26  00.160  0999.774  1449.79 
2024 01 25 12 32 46.27  00.209  10.487  0000.04  00.34  07.87  300.9  009.26  00.138  0999.766  1449.37 
