2024 01 25 12 54 31.89  27.646  10.418  0000.02  08.79  03.99  287.0  009.26  24.265  1018.523  1478.35 
2024 01 25 12 54 32.14  30.087  10.413  0000.01  13.11  07.96  287.0  009.26  26.641  1020.370  1481.19 
2024 01 25 12 54 32.39  30.016  10.414  0000.03  05.88  08.05  287.0  009.26  26.571  1020.315  1481.11 
2024 01 25 12 54 32.64  30.013  10.411  0000.02  03.49  08.07  287.0  009.26  26.570  1020.315  1481.10 
2024 01 25 12 54 32.89  30.098  10.404  0000.08  05.63  08.06  287.0  009.26  26.658  1020.385  1481.18 
2024 01 25 12 54 33.14  30.095  10.405  0000.12  03.59  08.08  287.0  009.26  26.654  1020.383  1481.18 
2024 01 25 12 54 33.39  30.095  10.405  0000.18  02.66  08.06  287.8  009.26  26.654  1020.382  1481.18 
2024 01 25 12 54 33.64  30.093  10.400  0000.30  02.31  08.08  287.8  009.26  26.655  1020.385  1481.17 
2024 01 25 12 54 33.89  30.096  10.401  0000.34  02.25  08.08  287.8  009.26  26.658  1020.387  1481.17 
2024 01 25 12 54 34.14  30.096  10.400  0000.41  02.23  08.08  287.8  009.26  26.659  1020.388  1481.17 
2024 01 25 12 54 34.39  30.090  10.400  0000.48  02.49  08.08  287.8  009.26  26.653  1020.384  1481.17 
2024 01 25 12 54 34.64  30.090  10.401  0000.57  02.47  08.08  287.8  009.26  26.652  1020.383  1481.17 
2024 01 25 12 54 34.89  30.088  10.391  0000.67  02.42  08.08  287.8  009.26  26.657  1020.389  1481.14 
2024 01 25 12 54 35.14  30.092  10.379  0000.76  02.40  08.08  287.8  009.26  26.670  1020.401  1481.11 
2024 01 25 12 54 35.39  30.088  10.392  0000.87  02.52  08.08  287.8  009.26  26.656  1020.389  1481.15 
2024 01 25 12 54 35.64  30.087  10.399  0000.94  02.62  08.08  287.8  009.26  26.651  1020.384  1481.17 
2024 01 25 12 54 35.89  30.090  10.394  0000.96  02.54  08.08  287.8  009.26  26.657  1020.390  1481.16 
2024 01 25 12 54 36.14  30.089  10.399  0000.96  02.50  08.08  287.8  009.26  26.652  1020.386  1481.17 
2024 01 25 12 54 36.39  30.087  10.402  0000.97  02.39  08.08  301.1  009.26  26.649  1020.382  1481.17 
2024 01 25 12 54 36.64  30.094  10.402  0000.95  02.45  08.08  301.1  009.26  26.655  1020.387  1481.18 
2024 01 25 12 54 36.89  30.093  10.402  0001.00  02.45  08.08  301.1  009.26  26.654  1020.386  1481.18 
2024 01 25 12 54 37.14  30.088  10.401  0001.03  02.53  08.08  301.1  009.26  26.650  1020.383  1481.17 
2024 01 25 12 54 37.39  30.087  10.398  0001.05  02.61  08.08  301.1  009.26  26.652  1020.386  1481.16 
2024 01 25 12 54 37.64  30.090  10.404  0001.05  02.57  08.08  301.1  009.26  26.650  1020.383  1481.18 
2024 01 25 12 54 37.89  30.087  10.403  0001.04  02.47  08.08  301.1  009.26  26.648  1020.382  1481.18 
2024 01 25 12 54 38.14  30.088  10.403  0000.99  02.43  08.08  301.1  009.26  26.648  1020.382  1481.18 
2024 01 25 12 54 38.39  30.088  10.404  0001.02  02.41  08.08  301.1  009.26  26.648  1020.381  1481.18 
2024 01 25 12 54 38.64  30.086  10.403  0001.04  02.49  08.08  301.1  009.26  26.647  1020.381  1481.18 
2024 01 25 12 54 38.89  30.086  10.403  0001.05  02.50  08.08  301.1  009.26  26.646  1020.380  1481.18 
2024 01 25 12 54 39.14  30.086  10.404  0001.05  02.60  08.08  301.1  009.26  26.645  1020.380  1481.18 
2024 01 25 12 54 39.39  30.086  10.404  0001.09  02.57  08.08  305.8  009.26  26.646  1020.380  1481.18 
2024 01 25 12 54 39.64  30.086  10.406  0001.06  02.47  08.08  305.8  009.26  26.644  1020.379  1481.19 
2024 01 25 12 54 39.89  30.086  10.414  0001.02  02.64  08.08  305.8  009.26  26.639  1020.373  1481.21 
2024 01 25 12 54 40.14  30.087  10.413  0001.00  02.62  08.08  305.8  009.26  26.640  1020.374  1481.21 
2024 01 25 12 54 40.39  30.086  10.415  0000.99  02.55  08.08  305.8  009.26  26.638  1020.372  1481.21 
2024 01 25 12 54 40.64  30.089  10.413  0001.01  02.52  08.08  305.8  009.26  26.642  1020.375  1481.21 
2024 01 25 12 54 40.89  30.083  10.416  0001.04  02.80  08.08  305.8  009.26  26.635  1020.370  1481.21 
2024 01 25 12 54 41.14  30.086  10.414  0001.10  02.54  08.08  305.8  009.26  26.638  1020.373  1481.21 
2024 01 25 12 54 41.39  30.082  10.416  0001.24  02.52  08.08  305.8  009.26  26.634  1020.370  1481.21 
2024 01 25 12 54 41.64  30.078  10.420  0001.30  02.56  08.08  305.8  009.26  26.627  1020.364  1481.22 
2024 01 25 12 54 41.89  30.083  10.419  0001.28  02.55  08.08  305.8  009.26  26.632  1020.368  1481.22 
2024 01 25 12 54 42.14  30.085  10.421  0001.24  02.63  08.08  305.8  009.26  26.632  1020.367  1481.23 
2024 01 25 12 54 42.39  30.086  10.418  0001.25  02.49  08.08  307.1  009.26  26.635  1020.370  1481.22 
2024 01 25 12 54 42.64  30.086  10.422  0001.26  02.54  08.08  307.1  009.29  26.632  1020.368  1481.23 
2024 01 25 12 54 42.89  30.086  10.422  0001.28  02.57  08.08  307.1  009.26  26.632  1020.367  1481.23 
2024 01 25 12 54 43.14  30.083  10.423  0001.31  02.54  08.08  307.1  009.26  26.629  1020.366  1481.23 
2024 01 25 12 54 43.39  30.083  10.422  0001.27  02.55  08.08  307.1  009.26  26.629  1020.365  1481.23 
2024 01 25 12 54 43.64  30.086  10.421  0001.29  02.54  08.08  307.1  009.26  26.633  1020.369  1481.23 
2024 01 25 12 54 43.89  30.085  10.419  0001.29  02.50  08.08  307.1  009.26  26.634  1020.369  1481.22 
2024 01 25 12 54 44.14  30.082  10.424  0001.25  02.44  08.08  307.1  009.26  26.628  1020.364  1481.23 
2024 01 25 12 54 44.39  30.081  10.424  0001.27  02.40  08.08  307.1  009.26  26.626  1020.363  1481.23 
2024 01 25 12 54 44.64  30.082  10.420  0001.26  02.40  08.08  307.1  009.26  26.629  1020.366  1481.22 
2024 01 25 12 54 44.89  30.082  10.420  0001.28  02.39  08.08  307.1  009.26  26.630  1020.366  1481.22 
2024 01 25 12 54 45.14  30.083  10.418  0001.31  02.49  08.08  307.1  009.26  26.632  1020.369  1481.22 
2024 01 25 12 54 45.39  30.079  10.421  0001.28  02.48  08.08  309.0  009.26  26.627  1020.363  1481.22 
2024 01 25 12 54 45.64  30.076  10.417  0001.28  02.40  08.08  309.0  009.26  26.627  1020.364  1481.21 
2024 01 25 12 54 45.89  30.078  10.417  0001.27  02.47  08.08  309.0  009.26  26.629  1020.366  1481.21 
2024 01 25 12 54 46.14  30.078  10.417  0001.25  02.61  08.08  309.0  009.26  26.628  1020.365  1481.21 
2024 01 25 12 54 46.39  30.076  10.417  0001.25  02.63  08.08  309.0  009.26  26.626  1020.364  1481.21 
2024 01 25 12 54 46.64  30.075  10.418  0001.25  02.51  08.08  309.0  009.26  26.625  1020.362  1481.21 
2024 01 25 12 54 46.89  30.075  10.419  0001.22  02.49  08.08  309.0  009.26  26.624  1020.362  1481.21 
2024 01 25 12 54 47.14  30.075  10.421  0001.19  02.52  08.08  309.0  009.26  26.622  1020.360  1481.22 
2024 01 25 12 54 47.39  30.076  10.422  0001.18  02.45  08.08  309.0  009.26  26.623  1020.360  1481.22 
2024 01 25 12 54 47.64  30.080  10.420  0001.22  02.41  08.08  309.0  009.26  26.628  1020.365  1481.22 
2024 01 25 12 54 47.89  30.085  10.417  0001.23  02.47  08.08  309.0  009.26  26.635  1020.370  1481.22 
2024 01 25 12 54 48.14  30.084  10.417  0001.25  02.57  08.08  309.0  009.26  26.634  1020.370  1481.22 
2024 01 25 12 54 48.39  30.083  10.417  0001.22  02.49  08.08  308.1  009.26  26.634  1020.369  1481.22 
2024 01 25 12 54 48.64  30.082  10.416  0001.25  02.47  08.08  308.1  009.26  26.633  1020.369  1481.21 
2024 01 25 12 54 48.89  30.083  10.416  0001.27  02.51  08.08  308.1  009.26  26.634  1020.370  1481.21 
2024 01 25 12 54 49.14  30.086  10.416  0001.25  02.58  08.08  308.1  009.26  26.637  1020.372  1481.22 
2024 01 25 12 54 49.39  30.084  10.415  0001.29  02.47  08.08  308.1  009.26  26.636  1020.371  1481.21 
2024 01 25 12 54 49.64  30.086  10.408  0001.28  02.44  08.08  308.1  009.26  26.643  1020.378  1481.19 
2024 01 25 12 54 49.89  30.086  10.411  0001.31  02.44  08.07  308.1  009.26  26.640  1020.376  1481.20 
2024 01 25 12 54 50.14  30.089  10.403  0001.32  02.56  08.08  308.1  009.26  26.649  1020.384  1481.18 
2024 01 25 12 54 50.39  30.102  10.349  0001.33  02.79  08.07  308.1  009.26  26.702  1020.434  1481.05 
2024 01 25 12 54 50.64  30.112  10.360  0001.35  02.77  08.07  308.1  009.26  26.703  1020.433  1481.10 
2024 01 25 12 54 50.89  30.120  10.347  0001.37  02.89  08.07  308.1  009.26  26.721  1020.449  1481.07 
2024 01 25 12 54 51.14  30.121  10.346  0001.34  02.92  08.07  308.1  009.26  26.723  1020.450  1481.07 
2024 01 25 12 54 51.39  30.147  10.312  0001.34  03.04  08.08  308.9  009.26  26.773  1020.495  1481.00 
2024 01 25 12 54 51.64  30.140  10.343  0001.32  03.16  08.07  308.9  009.26  26.743  1020.466  1481.08 
2024 01 25 12 54 51.89  30.148  10.311  0001.30  03.01  08.07  308.9  009.26  26.774  1020.495  1481.00 
2024 01 25 12 54 52.14  30.142  10.318  0001.31  03.01  08.07  308.9  009.26  26.764  1020.487  1481.01 
2024 01 25 12 54 52.39  30.143  10.323  0001.31  02.98  08.07  308.9  009.26  26.760  1020.483  1481.03 
2024 01 25 12 54 52.64  30.135  10.343  0001.32  02.97  08.07  308.9  009.26  26.738  1020.463  1481.07 
2024 01 25 12 54 52.89  30.131  10.344  0001.30  02.80  08.07  308.9  009.26  26.734  1020.459  1481.07 
2024 01 25 12 54 53.14  30.129  10.338  0001.32  02.75  08.07  308.9  009.26  26.736  1020.462  1481.05 
2024 01 25 12 54 53.39  30.133  10.331  0001.32  02.73  08.07  308.9  009.26  26.745  1020.470  1481.04 
2024 01 25 12 54 53.64  30.136  10.339  0001.32  02.76  08.07  308.9  009.26  26.742  1020.466  1481.06 
2024 01 25 12 54 53.89  30.134  10.332  0001.32  02.86  08.07  308.9  009.26  26.746  1020.470  1481.04 
2024 01 25 12 54 54.14  30.134  10.332  0001.32  02.77  08.07  308.9  009.26  26.746  1020.470  1481.04 
2024 01 25 12 54 54.39  30.138  10.323  0001.32  02.86  08.08  309.2  009.26  26.756  1020.480  1481.02 
2024 01 25 12 54 54.64  30.141  10.315  0001.30  02.97  08.07  309.2  009.26  26.764  1020.487  1481.00 
2024 01 25 12 54 54.89  30.143  10.317  0001.31  02.99  08.07  309.2  009.26  26.765  1020.488  1481.01 
2024 01 25 12 54 55.14  30.147  10.312  0001.31  02.87  08.08  309.2  009.26  26.773  1020.494  1481.00 
2024 01 25 12 54 55.39  30.159  10.305  0001.33  02.84  08.08  309.2  009.26  26.790  1020.509  1481.00 
2024 01 25 12 54 55.64  30.160  10.278  0001.33  02.91  08.07  309.2  009.26  26.811  1020.529  1480.93 
2024 01 25 12 54 55.89  30.166  10.286  0001.31  03.18  08.07  309.2  009.26  26.810  1020.528  1480.95 
2024 01 25 12 54 56.14  30.173  10.283  0001.30  03.14  08.07  309.2  009.26  26.820  1020.536  1480.95 
2024 01 25 12 54 56.39  30.175  10.277  0001.30  03.06  08.07  309.2  009.26  26.826  1020.541  1480.94 
2024 01 25 12 54 56.64  30.176  10.282  0001.29  03.08  08.07  309.2  009.26  26.824  1020.539  1480.95 
2024 01 25 12 54 56.89  30.180  10.248  0001.30  03.14  08.07  309.2  009.26  26.853  1020.567  1480.87 
2024 01 25 12 54 57.14  30.186  10.249  0001.32  03.18  08.07  309.2  009.26  26.858  1020.570  1480.87 
2024 01 25 12 54 57.39  30.193  10.232  0001.34  03.24  08.08  310.4  009.26  26.877  1020.589  1480.84 
2024 01 25 12 54 57.64  30.185  10.228  0001.31  03.31  08.07  310.4  009.26  26.872  1020.585  1480.82 
2024 01 25 12 54 57.89  30.167  10.249  0001.32  03.18  08.07  310.4  009.26  26.839  1020.555  1480.85 
2024 01 25 12 54 58.14  30.166  10.258  0001.31  03.15  08.07  310.4  009.26  26.832  1020.549  1480.88 
2024 01 25 12 54 58.39  30.165  10.258  0001.31  03.35  08.08  310.4  009.26  26.830  1020.548  1480.88 
2024 01 25 12 54 58.64  30.165  10.258  0001.29  03.27  08.08  310.4  009.26  26.831  1020.548  1480.88 
2024 01 25 12 54 58.89  30.159  10.261  0001.33  03.13  08.07  310.4  009.26  26.822  1020.541  1480.88 
2024 01 25 12 54 59.14  30.154  10.272  0001.32  03.16  08.08  310.4  009.26  26.810  1020.529  1480.90 
2024 01 25 12 54 59.39  30.154  10.268  0001.32  03.12  08.08  310.4  009.26  26.812  1020.532  1480.89 
2024 01 25 12 54 59.64  30.156  10.270  0001.32  03.04  08.08  310.4  009.26  26.812  1020.532  1480.90 
2024 01 25 12 54 59.89  30.156  10.266  0001.29  03.11  08.08  310.4  009.26  26.816  1020.535  1480.89 
2024 01 25 12 55 00.14  30.154  10.270  0001.31  03.01  08.08  310.4  009.26  26.811  1020.531  1480.89 
2024 01 25 12 55 00.39  30.151  10.280  0001.31  02.97  08.08  311.8  009.26  26.800  1020.521  1480.92 
2024 01 25 12 55 00.64  30.149  10.282  0001.32  02.98  08.08  311.8  009.26  26.797  1020.518  1480.92 
2024 01 25 12 55 00.89  30.146  10.288  0001.30  02.94  08.08  311.8  009.26  26.789  1020.511  1480.94 
2024 01 25 12 55 01.14  30.142  10.294  0001.31  02.99  08.08  311.8  009.26  26.781  1020.504  1480.95 
2024 01 25 12 55 01.39  30.145  10.284  0001.31  03.04  08.07  311.8  009.26  26.792  1020.514  1480.92 
2024 01 25 12 55 01.64  30.149  10.272  0001.32  03.14  08.08  311.8  009.26  26.804  1020.525  1480.90 
2024 01 25 12 55 01.89  30.149  10.268  0001.32  03.24  08.07  311.8  009.26  26.808  1020.529  1480.88 
2024 01 25 12 55 02.14  30.153  10.258  0001.31  03.30  08.08  311.8  009.26  26.818  1020.538  1480.86 
2024 01 25 12 55 02.39  30.156  10.258  0001.30  03.23  08.07  311.8  009.26  26.822  1020.541  1480.87 
2024 01 25 12 55 02.64  30.154  10.270  0001.32  03.21  08.07  311.8  009.26  26.811  1020.530  1480.90 
2024 01 25 12 55 02.89  30.153  10.272  0001.31  03.15  08.07  311.8  009.26  26.808  1020.528  1480.90 
2024 01 25 12 55 03.14  30.154  10.270  0001.31  03.14  08.07  311.8  009.26  26.811  1020.531  1480.89 
2024 01 25 12 55 03.39  30.154  10.269  0001.32  03.23  08.08  312.0  009.26  26.812  1020.531  1480.89 
2024 01 25 12 55 03.64  30.153  10.266  0001.34  03.01  08.07  312.0  009.26  26.813  1020.533  1480.88 
2024 01 25 12 55 03.89  30.150  10.272  0001.32  03.01  08.07  312.0  009.26  26.806  1020.526  1480.89 
2024 01 25 12 55 04.14  30.143  10.290  0001.33  02.99  08.07  312.0  009.26  26.785  1020.508  1480.94 
2024 01 25 12 55 04.39  30.137  10.320  0001.34  02.82  08.07  312.0  009.26  26.757  1020.481  1481.01 
2024 01 25 12 55 04.64  30.131  10.341  0001.30  02.97  08.07  312.0  009.26  26.736  1020.461  1481.06 
2024 01 25 12 55 04.89  30.134  10.325  0001.32  02.90  08.07  312.0  009.26  26.751  1020.475  1481.02 
2024 01 25 12 55 05.14  30.135  10.324  0001.32  03.04  08.07  312.0  009.26  26.752  1020.477  1481.02 
2024 01 25 12 55 05.39  30.137  10.303  0001.34  03.06  08.07  312.0  009.26  26.770  1020.494  1480.97 
2024 01 25 12 55 05.64  30.140  10.297  0001.34  03.08  08.07  312.0  009.26  26.777  1020.500  1480.95 
2024 01 25 12 55 05.89  30.141  10.290  0001.33  02.98  08.07  312.0  009.26  26.783  1020.506  1480.94 
2024 01 25 12 55 06.14  30.144  10.286  0001.33  03.20  08.07  312.0  009.26  26.789  1020.511  1480.93 
2024 01 25 12 55 06.39  30.145  10.287  0001.30  03.16  08.08  312.0  009.26  26.789  1020.511  1480.93 
2024 01 25 12 55 06.64  30.143  10.290  0001.33  03.06  08.07  312.0  009.26  26.785  1020.508  1480.94 
2024 01 25 12 55 06.89  30.144  10.287  0001.30  03.08  08.07  312.0  009.26  26.788  1020.510  1480.93 
2024 01 25 12 55 07.14  30.144  10.287  0001.32  03.07  08.07  312.0  009.26  26.788  1020.510  1480.93 
2024 01 25 12 55 07.39  30.145  10.289  0001.33  03.21  08.07  312.0  009.26  26.787  1020.510  1480.94 
2024 01 25 12 55 07.64  30.142  10.292  0001.33  03.20  08.07  312.0  009.26  26.783  1020.505  1480.94 
2024 01 25 12 55 07.89  30.143  10.293  0001.33  03.01  08.07  312.0  009.26  26.783  1020.506  1480.94 
2024 01 25 12 55 08.14  30.142  10.294  0001.32  03.20  08.07  312.0  009.26  26.781  1020.504  1480.95 
2024 01 25 12 55 08.39  30.141  10.292  0001.33  03.20  08.07  312.0  009.26  26.781  1020.504  1480.94 
2024 01 25 12 55 08.64  30.138  10.298  0001.33  03.08  08.07  312.0  009.26  26.774  1020.498  1480.96 
2024 01 25 12 55 08.89  30.137  10.301  0001.32  03.01  08.07  312.0  009.26  26.771  1020.495  1480.96 
2024 01 25 12 55 09.14  30.136  10.299  0001.31  02.94  08.07  312.0  009.26  26.771  1020.495  1480.96 
2024 01 25 12 55 09.39  30.136  10.300  0001.33  03.14  08.07  312.3  009.26  26.771  1020.495  1480.96 
2024 01 25 12 55 09.64  30.139  10.295  0001.33  03.06  08.07  312.3  009.26  26.778  1020.501  1480.95 
2024 01 25 12 55 09.89  30.139  10.298  0001.33  03.06  08.07  312.3  009.26  26.775  1020.499  1480.95 
2024 01 25 12 55 10.14  30.137  10.300  0001.33  03.03  08.07  312.3  009.26  26.772  1020.496  1480.96 
2024 01 25 12 55 10.39  30.141  10.301  0001.34  03.05  08.07  312.3  009.26  26.775  1020.498  1480.96 
2024 01 25 12 55 10.64  30.135  10.305  0001.32  03.13  08.07  312.3  009.26  26.766  1020.490  1480.97 
2024 01 25 12 55 10.89  30.133  10.313  0001.32  03.57  08.07  312.3  009.26  26.758  1020.483  1480.99 
2024 01 25 12 55 11.14  30.133  10.314  0001.32  03.14  08.07  312.3  009.29  26.757  1020.482  1480.99 
2024 01 25 12 55 11.39  30.134  10.310  0001.33  03.04  08.07  312.3  009.26  26.762  1020.487  1480.98 
2024 01 25 12 55 11.64  30.137  10.307  0001.34  03.03  08.07  312.3  009.26  26.766  1020.490  1480.98 
2024 01 25 12 55 11.89  30.135  10.306  0001.36  03.04  08.07  312.3  009.26  26.765  1020.490  1480.97 
2024 01 25 12 55 12.14  30.133  10.307  0001.36  03.05  08.07  312.3  009.26  26.763  1020.488  1480.97 
2024 01 25 12 55 12.39  30.134  10.302  0001.37  02.96  08.07  312.2  009.26  26.768  1020.492  1480.96 
2024 01 25 12 55 12.64  30.134  10.307  0001.36  02.95  08.07  312.2  009.26  26.764  1020.489  1480.97 
2024 01 25 12 55 12.89  30.133  10.313  0001.36  02.85  08.07  312.2  009.26  26.759  1020.483  1480.99 
2024 01 25 12 55 13.14  30.132  10.325  0001.37  02.93  08.07  312.2  009.26  26.748  1020.473  1481.02 
2024 01 25 12 55 13.39  30.132  10.324  0001.35  02.98  08.07  312.2  009.26  26.749  1020.474  1481.02 
2024 01 25 12 55 13.64  30.130  10.326  0001.36  03.00  08.07  312.2  009.26  26.746  1020.472  1481.02 
2024 01 25 12 55 13.89  30.135  10.312  0001.35  02.93  08.07  312.2  009.26  26.761  1020.486  1480.99 
2024 01 25 12 55 14.14  30.133  10.313  0001.37  02.97  08.07  312.2  009.26  26.758  1020.483  1480.99 
2024 01 25 12 55 14.39  30.131  10.309  0001.36  02.93  08.07  312.2  009.26  26.759  1020.485  1480.98 
2024 01 25 12 55 14.64  30.125  10.325  0001.34  03.04  08.07  312.2  009.26  26.742  1020.469  1481.01 
2024 01 25 12 55 14.89  30.120  10.344  0001.37  02.87  08.07  312.2  009.26  26.723  1020.451  1481.06 
2024 01 25 12 55 15.14  30.121  10.343  0001.37  02.85  08.07  312.2  009.26  26.724  1020.452  1481.06 
2024 01 25 12 55 15.39  30.116  10.350  0001.37  02.85  08.07  312.2  009.26  26.715  1020.444  1481.07 
2024 01 25 12 55 15.64  30.114  10.365  0001.37  02.77  08.07  312.2  009.26  26.701  1020.431  1481.11 
2024 01 25 12 55 15.89  30.113  10.364  0001.37  02.82  08.07  312.2  009.26  26.701  1020.431  1481.11 
2024 01 25 12 55 16.14  30.106  10.366  0001.36  02.73  08.07  312.2  009.26  26.693  1020.424  1481.11 
2024 01 25 12 55 16.39  30.108  10.373  0001.36  02.71  08.07  312.2  009.26  26.690  1020.421  1481.13 
2024 01 25 12 55 16.64  30.107  10.364  0001.36  02.71  08.07  312.2  009.26  26.696  1020.426  1481.10 
2024 01 25 12 55 16.89  30.109  10.366  0001.36  02.67  08.07  312.2  009.26  26.696  1020.426  1481.11 
2024 01 25 12 55 17.14  30.106  10.369  0001.35  02.72  08.07  312.2  009.26  26.691  1020.422  1481.11 
2024 01 25 12 55 17.39  30.107  10.373  0001.34  02.79  08.07  312.2  009.26  26.689  1020.420  1481.12 
2024 01 25 12 55 17.64  30.108  10.372  0001.34  02.86  08.07  312.2  009.26  26.691  1020.421  1481.12 
2024 01 25 12 55 17.89  30.110  10.367  0001.37  02.87  08.07  312.2  009.26  26.696  1020.426  1481.11 
2024 01 25 12 55 18.14  30.110  10.359  0001.38  02.78  08.07  312.2  009.26  26.703  1020.433  1481.09 
2024 01 25 12 55 18.39  30.116  10.362  0001.35  02.80  08.07  311.9  009.26  26.706  1020.435  1481.10 
2024 01 25 12 55 18.64  30.127  10.340  0001.36  02.90  08.07  311.9  009.26  26.733  1020.459  1481.06 
2024 01 25 12 55 18.89  30.136  10.331  0001.36  02.87  08.07  311.9  009.26  26.748  1020.472  1481.04 
2024 01 25 12 55 19.14  30.140  10.320  0001.38  03.16  08.07  311.9  009.26  26.760  1020.484  1481.02 
2024 01 25 12 55 19.39  30.143  10.304  0001.37  03.07  08.07  311.9  009.26  26.775  1020.498  1480.98 
2024 01 25 12 55 19.64  30.141  10.302  0001.34  02.94  08.07  311.9  009.26  26.774  1020.497  1480.97 
2024 01 25 12 55 19.89  30.144  10.303  0001.36  02.97  08.07  311.9  009.26  26.776  1020.499  1480.97 
2024 01 25 12 55 20.14  30.149  10.295  0001.36  03.13  08.07  311.9  009.26  26.788  1020.509  1480.96 
2024 01 25 12 55 20.39  30.146  10.301  0001.36  03.13  08.07  311.9  009.26  26.780  1020.502  1480.97 
2024 01 25 12 55 20.64  30.146  10.302  0001.37  03.12  08.07  311.9  009.26  26.779  1020.501  1480.97 
2024 01 25 12 55 20.89  30.145  10.304  0001.37  03.04  08.07  311.9  009.26  26.776  1020.499  1480.98 
2024 01 25 12 55 21.14  30.145  10.304  0001.37  03.00  08.07  311.9  009.26  26.777  1020.499  1480.98 
2024 01 25 12 55 21.39  30.141  10.319  0001.36  03.06  08.07  312.0  009.26  26.762  1020.485  1481.02 
2024 01 25 12 55 21.64  30.133  10.335  0001.38  02.92  08.07  312.0  009.26  26.743  1020.468  1481.05 
2024 01 25 12 55 21.89  30.129  10.351  0001.37  02.82  08.07  312.0  009.26  26.727  1020.453  1481.09 
2024 01 25 12 55 22.14  30.126  10.359  0001.36  02.90  08.07  312.0  009.26  26.718  1020.444  1481.11 
2024 01 25 12 55 22.39  30.125  10.368  0001.33  02.82  08.07  312.0  009.26  26.709  1020.436  1481.13 
2024 01 25 12 55 22.64  30.125  10.372  0001.37  02.78  08.07  312.0  009.26  26.707  1020.434  1481.14 
2024 01 25 12 55 22.89  30.124  10.370  0001.35  02.76  08.07  312.0  009.26  26.708  1020.435  1481.14 
2024 01 25 12 55 23.14  30.123  10.353  0001.36  02.87  08.07  312.0  009.26  26.719  1020.446  1481.09 
2024 01 25 12 55 23.39  30.127  10.341  0001.35  03.01  08.07  312.0  009.26  26.732  1020.458  1481.06 
2024 01 25 12 55 23.64  30.131  10.342  0001.37  02.94  08.07  312.0  009.26  26.735  1020.461  1481.07 
2024 01 25 12 55 23.89  30.132  10.333  0001.39  02.90  08.07  312.0  009.26  26.742  1020.468  1481.05 
2024 01 25 12 55 24.14  30.123  10.357  0001.35  02.80  08.07  312.0  009.26  26.716  1020.444  1481.10 
2024 01 25 12 55 24.39  30.123  10.386  0001.37  02.80  08.07  311.8  009.26  26.695  1020.423  1481.18 
2024 01 25 12 55 24.64  30.122  10.391  0001.35  02.80  08.07  311.8  009.26  26.691  1020.419  1481.19 
2024 01 25 12 55 24.89  30.119  10.395  0001.36  02.80  08.07  311.8  009.26  26.684  1020.413  1481.20 
2024 01 25 12 55 25.14  30.117  10.398  0001.38  02.72  08.07  311.8  009.26  26.681  1020.410  1481.21 
2024 01 25 12 55 25.39  30.117  10.403  0001.36  02.68  08.07  311.8  009.26  26.676  1020.405  1481.22 
2024 01 25 12 55 25.64  30.118  10.397  0001.36  02.75  08.07  311.8  009.26  26.682  1020.411  1481.20 
2024 01 25 12 55 25.89  30.123  10.367  0001.36  02.74  08.07  311.8  009.26  26.709  1020.436  1481.13 
2024 01 25 12 55 26.14  30.126  10.360  0001.36  02.92  08.07  311.8  009.26  26.717  1020.444  1481.11 
2024 01 25 12 55 26.39  30.130  10.359  0001.37  02.86  08.07  311.8  009.26  26.722  1020.448  1481.11 
2024 01 25 12 55 26.64  30.131  10.344  0001.37  02.92  08.07  311.8  009.26  26.734  1020.459  1481.07 
2024 01 25 12 55 26.89  30.129  10.346  0001.36  02.91  08.07  311.8  009.26  26.730  1020.456  1481.08 
2024 01 25 12 55 27.14  30.129  10.358  0001.37  02.76  08.07  311.8  009.26  26.721  1020.447  1481.11 
2024 01 25 12 55 27.39  30.121  10.393  0001.36  02.73  08.07  311.7  009.26  26.688  1020.416  1481.20 
2024 01 25 12 55 27.64  30.120  10.399  0001.34  02.74  08.07  311.7  009.26  26.682  1020.410  1481.21 
2024 01 25 12 55 27.89  30.121  10.400  0001.35  02.80  08.07  311.7  009.26  26.683  1020.411  1481.22 
2024 01 25 12 55 28.14  30.122  10.393  0001.35  02.84  08.07  311.7  009.26  26.689  1020.417  1481.20 
2024 01 25 12 55 28.39  30.121  10.393  0001.35  02.80  08.07  311.7  009.26  26.688  1020.416  1481.20 
2024 01 25 12 55 28.64  30.121  10.386  0001.38  02.73  08.07  311.7  009.26  26.693  1020.421  1481.18 
2024 01 25 12 55 28.89  30.119  10.391  0001.34  02.70  08.07  311.7  009.26  26.687  1020.416  1481.19 
2024 01 25 12 55 29.14  30.121  10.402  0001.36  02.73  08.07  311.7  009.26  26.681  1020.409  1481.22 
2024 01 25 12 55 29.39  30.124  10.402  0001.36  02.76  08.07  311.7  009.26  26.684  1020.411  1481.22 
2024 01 25 12 55 29.64  30.123  10.399  0001.35  02.76  08.07  311.7  009.26  26.686  1020.413  1481.21 
2024 01 25 12 55 29.89  30.128  10.397  0001.35  02.80  08.07  311.7  009.26  26.691  1020.418  1481.22 
2024 01 25 12 55 30.14  30.128  10.375  0001.34  02.81  08.07  311.7  009.26  26.708  1020.434  1481.15 
2024 01 25 12 55 30.39  30.129  10.369  0001.36  02.83  08.07  311.1  009.26  26.713  1020.439  1481.14 
2024 01 25 12 55 30.64  30.130  10.367  0001.35  02.96  08.07  311.1  009.26  26.716  1020.442  1481.13 
2024 01 25 12 55 30.89  30.133  10.355  0001.37  02.98  08.07  311.1  009.26  26.727  1020.453  1481.11 
2024 01 25 12 55 31.14  30.134  10.345  0001.37  02.89  08.07  311.1  009.26  26.736  1020.461  1481.08 
2024 01 25 12 55 31.39  30.137  10.357  0001.36  02.86  08.07  311.1  009.26  26.729  1020.454  1481.12 
2024 01 25 12 55 31.64  30.136  10.359  0001.35  02.78  08.07  311.1  009.26  26.727  1020.452  1481.12 
2024 01 25 12 55 31.89  30.135  10.360  0001.36  02.80  08.07  311.1  009.26  26.726  1020.451  1481.12 
2024 01 25 12 55 32.14  30.135  10.361  0001.36  02.84  08.07  311.1  009.26  26.725  1020.450  1481.12 
2024 01 25 12 55 32.39  30.133  10.362  0001.36  02.84  08.07  311.1  009.26  26.722  1020.447  1481.12 
2024 01 25 12 55 32.64  30.135  10.361  0001.35  02.88  08.07  311.1  009.26  26.725  1020.450  1481.12 
2024 01 25 12 55 32.89  30.134  10.362  0001.36  02.88  08.07  311.1  009.26  26.724  1020.448  1481.13 
2024 01 25 12 55 33.14  30.135  10.359  0001.36  02.91  08.07  311.1  009.26  26.726  1020.451  1481.12 
2024 01 25 12 55 33.39  30.134  10.355  0001.35  02.99  08.07  311.3  009.26  26.729  1020.454  1481.11 
2024 01 25 12 55 33.64  30.137  10.355  0001.36  03.03  08.07  311.3  009.26  26.731  1020.455  1481.11 
2024 01 25 12 55 33.89  30.138  10.345  0001.37  03.01  08.07  311.3  009.26  26.740  1020.464  1481.08 
2024 01 25 12 55 34.14  30.141  10.338  0001.37  03.01  08.07  311.3  009.26  26.747  1020.471  1481.07 
2024 01 25 12 55 34.39  30.144  10.333  0001.33  02.99  08.07  311.3  009.26  26.754  1020.477  1481.06 
2024 01 25 12 55 34.64  30.144  10.328  0001.36  02.97  08.07  311.3  009.26  26.758  1020.481  1481.04 
2024 01 25 12 55 34.89  30.143  10.327  0001.34  02.94  08.07  311.3  009.26  26.758  1020.481  1481.04 
2024 01 25 12 55 35.14  30.145  10.331  0001.35  03.02  08.07  311.3  009.26  26.757  1020.479  1481.05 
2024 01 25 12 55 35.39  30.143  10.333  0001.35  03.03  08.07  311.3  009.26  26.753  1020.476  1481.06 
2024 01 25 12 55 35.64  30.145  10.336  0001.36  02.94  08.07  311.3  009.26  26.752  1020.475  1481.07 
2024 01 25 12 55 35.89  30.142  10.343  0001.34  02.92  08.07  311.3  009.26  26.745  1020.468  1481.08 
2024 01 25 12 55 36.14  30.142  10.351  0001.35  02.90  08.07  311.3  009.26  26.739  1020.463  1481.11 
2024 01 25 12 55 36.39  30.141  10.359  0001.36  03.00  08.07  311.6  009.26  26.733  1020.456  1481.13 
2024 01 25 12 55 36.64  30.141  10.360  0001.36  02.94  08.07  311.6  009.26  26.731  1020.454  1481.13 
2024 01 25 12 55 36.89  30.139  10.363  0001.36  02.90  08.07  311.6  009.26  26.728  1020.452  1481.13 
2024 01 25 12 55 37.14  30.139  10.362  0001.37  02.86  08.07  311.6  009.26  26.728  1020.452  1481.13 
2024 01 25 12 55 37.39  30.142  10.354  0001.35  02.99  08.07  311.6  009.26  26.737  1020.461  1481.11 
2024 01 25 12 55 37.64  30.145  10.352  0001.38  03.17  08.07  311.6  009.26  26.741  1020.464  1481.11 
2024 01 25 12 55 37.89  30.146  10.350  0001.37  03.16  08.07  311.6  009.26  26.744  1020.466  1481.11 
2024 01 25 12 55 38.14  30.147  10.342  0001.37  02.97  08.07  311.6  009.26  26.751  1020.473  1481.09 
2024 01 25 12 55 38.39  30.145  10.343  0001.33  03.00  08.07  311.6  009.26  26.748  1020.470  1481.08 
2024 01 25 12 55 38.64  30.144  10.352  0001.36  02.93  08.07  311.6  009.26  26.740  1020.463  1481.11 
2024 01 25 12 55 38.89  30.141  10.352  0001.34  02.96  08.07  311.6  009.26  26.737  1020.461  1481.11 
2024 01 25 12 55 39.14  30.143  10.352  0001.35  02.98  08.07  311.6  009.26  26.739  1020.463  1481.11 
2024 01 25 12 55 39.39  30.144  10.351  0001.37  02.95  08.07  311.8  009.26  26.741  1020.464  1481.11 
2024 01 25 12 55 39.64  30.142  10.358  0001.34  03.00  08.07  311.8  009.26  26.734  1020.458  1481.12 
2024 01 25 12 55 39.89  30.143  10.364  0001.33  02.94  08.07  311.8  009.26  26.731  1020.454  1481.14 
2024 01 25 12 55 40.14  30.142  10.364  0001.34  02.93  08.07  311.8  009.26  26.730  1020.453  1481.14 
2024 01 25 12 55 40.39  30.141  10.364  0001.35  02.92  08.07  311.8  009.26  26.728  1020.452  1481.14 
2024 01 25 12 55 40.64  30.142  10.364  0001.35  02.94  08.07  311.8  009.26  26.730  1020.453  1481.14 
2024 01 25 12 55 40.89  30.142  10.354  0001.35  02.93  08.07  311.8  009.26  26.737  1020.460  1481.12 
2024 01 25 12 55 41.14  30.143  10.355  0001.35  02.97  08.07  311.8  009.26  26.737  1020.461  1481.12 
2024 01 25 12 55 41.39  30.145  10.353  0001.33  02.90  08.07  311.8  009.26  26.741  1020.464  1481.11 
2024 01 25 12 55 41.64  30.144  10.352  0001.36  02.97  08.07  311.8  009.26  26.740  1020.463  1481.11 
2024 01 25 12 55 41.89  30.145  10.352  0001.34  02.99  08.07  311.8  009.26  26.741  1020.463  1481.11 
2024 01 25 12 55 42.14  30.145  10.348  0001.35  02.99  08.07  311.8  009.26  26.744  1020.467  1481.10 
2024 01 25 12 55 42.39  30.146  10.344  0001.32  03.04  08.07  311.1  009.26  26.748  1020.470  1481.09 
2024 01 25 12 55 42.64  30.147  10.333  0001.35  03.09  08.07  311.1  009.26  26.758  1020.480  1481.06 
2024 01 25 12 55 42.89  30.150  10.326  0001.35  03.14  08.07  311.1  009.26  26.766  1020.487  1481.04 
2024 01 25 12 55 43.14  30.152  10.321  0001.35  03.16  08.07  311.1  009.26  26.771  1020.492  1481.03 
2024 01 25 12 55 43.39  30.153  10.318  0001.36  03.24  08.07  311.1  009.26  26.775  1020.495  1481.03 
2024 01 25 12 55 43.64  30.153  10.321  0001.36  03.26  08.07  311.1  009.26  26.772  1020.493  1481.04 
2024 01 25 12 55 43.89  30.154  10.322  0001.34  03.12  08.07  311.1  009.26  26.772  1020.493  1481.04 
2024 01 25 12 55 44.14  30.153  10.320  0001.35  03.04  08.07  311.1  009.26  26.773  1020.494  1481.03 
2024 01 25 12 55 44.39  30.153  10.319  0001.35  03.09  08.07  311.1  009.26  26.773  1020.494  1481.03 
2024 01 25 12 55 44.64  30.156  10.318  0001.36  03.16  08.07  311.1  009.26  26.777  1020.497  1481.03 
2024 01 25 12 55 44.89  30.156  10.314  0001.34  03.18  08.07  311.1  009.26  26.780  1020.500  1481.02 
2024 01 25 12 55 45.14  30.157  10.306  0001.36  03.31  08.07  311.1  009.26  26.787  1020.507  1481.00 
2024 01 25 12 55 45.39  30.161  10.283  0001.34  03.40  08.07  311.5  009.26  26.808  1020.526  1480.94 
2024 01 25 12 55 45.64  30.172  10.262  0001.36  03.32  08.07  311.5  009.26  26.834  1020.550  1480.89 
2024 01 25 12 55 45.89  30.177  10.255  0001.38  03.31  08.07  311.5  009.26  26.844  1020.559  1480.88 
2024 01 25 12 55 46.14  30.176  10.257  0001.38  03.34  08.07  311.5  009.26  26.842  1020.558  1480.89 
2024 01 25 12 55 46.39  30.177  10.259  0001.35  03.47  08.07  311.5  009.26  26.841  1020.556  1480.89 
2024 01 25 12 55 46.64  30.174  10.266  0001.37  03.28  08.07  311.5  009.26  26.833  1020.549  1480.91 
2024 01 25 12 55 46.89  30.172  10.271  0001.37  03.39  08.07  311.5  009.26  26.827  1020.543  1480.92 
2024 01 25 12 55 47.14  30.172  10.265  0001.38  03.31  08.07  311.5  009.26  26.831  1020.548  1480.90 
2024 01 25 12 55 47.39  30.172  10.262  0001.38  03.44  08.07  311.5  009.26  26.835  1020.551  1480.90 
2024 01 25 12 55 47.64  30.173  10.261  0001.38  03.44  08.07  311.5  009.26  26.836  1020.552  1480.90 
2024 01 25 12 55 47.89  30.174  10.259  0001.37  03.36  08.07  311.5  009.26  26.838  1020.554  1480.89 
2024 01 25 12 55 48.14  30.173  10.260  0001.35  03.32  08.07  311.5  009.26  26.837  1020.553  1480.89 
2024 01 25 12 55 48.39  30.172  10.277  0001.37  03.24  08.07  311.9  009.26  26.824  1020.540  1480.94 
2024 01 25 12 55 48.64  30.167  10.294  0001.39  03.22  08.07  311.9  009.26  26.805  1020.523  1480.98 
2024 01 25 12 55 48.89  30.164  10.310  0001.37  03.17  08.07  311.9  009.26  26.791  1020.509  1481.02 
2024 01 25 12 55 49.14  30.162  10.307  0001.37  03.12  08.07  311.9  009.26  26.791  1020.510  1481.01 
2024 01 25 12 55 49.39  30.164  10.307  0001.40  03.08  08.07  311.9  009.26  26.794  1020.512  1481.01 
2024 01 25 12 55 49.64  30.165  10.304  0001.37  03.22  08.07  311.9  009.26  26.797  1020.514  1481.00 
2024 01 25 12 55 49.89  30.172  10.294  0001.37  03.37  08.07  311.9  009.26  26.810  1020.526  1480.98 
2024 01 25 12 55 50.14  30.176  10.250  0001.36  03.35  08.07  311.9  009.26  26.846  1020.561  1480.87 
2024 01 25 12 55 50.39  30.180  10.269  0001.38  03.51  08.07  311.9  009.26  26.837  1020.551  1480.92 
2024 01 25 12 55 50.64  30.180  10.268  0001.36  03.60  08.07  311.9  009.26  26.837  1020.551  1480.92 
2024 01 25 12 55 50.89  30.181  10.258  0001.37  03.77  08.07  311.9  009.26  26.846  1020.560  1480.90 
2024 01 25 12 55 51.14  30.190  10.240  0001.37  03.65  08.07  311.9  009.26  26.868  1020.580  1480.85 
2024 01 25 12 55 51.39  30.195  10.233  0001.37  03.56  08.07  313.1  009.26  26.878  1020.589  1480.84 
2024 01 25 12 55 51.64  30.201  10.222  0001.36  03.65  08.07  313.1  009.26  26.892  1020.601  1480.82 
2024 01 25 12 55 51.89  30.204  10.214  0001.36  03.68  08.07  313.1  009.26  26.901  1020.610  1480.80 
2024 01 25 12 55 52.14  30.206  10.207  0001.37  03.61  08.07  313.1  009.26  26.908  1020.617  1480.78 
2024 01 25 12 55 52.39  30.211  10.209  0001.38  03.56  08.07  313.1  009.26  26.911  1020.618  1480.80 
2024 01 25 12 55 52.64  30.219  10.206  0001.37  03.56  08.07  313.1  009.26  26.922  1020.627  1480.80 
2024 01 25 12 55 52.89  30.220  10.203  0001.37  03.75  08.07  313.1  009.26  26.925  1020.630  1480.79 
2024 01 25 12 55 53.14  30.222  10.200  0001.38  03.73  08.07  313.1  009.26  26.929  1020.634  1480.78 
2024 01 25 12 55 53.39  30.223  10.203  0001.38  03.81  08.07  313.1  009.26  26.929  1020.633  1480.79 
2024 01 25 12 55 53.64  30.224  10.202  0001.36  03.92  08.07  313.1  009.26  26.930  1020.634  1480.79 
2024 01 25 12 55 53.89  30.226  10.201  0001.36  03.86  08.07  313.1  009.26  26.932  1020.636  1480.79 
2024 01 25 12 55 54.14  30.233  10.196  0001.37  03.80  08.07  313.1  009.26  26.943  1020.645  1480.79 
2024 01 25 12 55 54.39  30.251  10.185  0001.38  03.94  08.07  313.5  009.26  26.969  1020.667  1480.78 
2024 01 25 12 55 54.64  30.268  10.179  0001.37  03.96  08.07  313.5  009.26  26.990  1020.684  1480.78 
2024 01 25 12 55 54.89  30.272  10.173  0001.38  04.01  08.07  313.5  009.26  26.998  1020.692  1480.77 
2024 01 25 12 55 55.14  30.273  10.171  0001.38  04.05  08.07  313.5  009.26  27.001  1020.694  1480.77 
2024 01 25 12 55 55.39  30.271  10.168  0001.36  04.02  08.07  313.5  009.26  27.001  1020.695  1480.75 
2024 01 25 12 55 55.64  30.275  10.172  0001.36  04.14  08.07  313.5  009.26  27.002  1020.695  1480.77 
2024 01 25 12 55 55.89  30.295  10.160  0001.36  04.06  08.07  313.5  009.26  27.031  1020.719  1480.76 
2024 01 25 12 55 56.14  30.327  10.149  0001.39  04.09  08.07  313.5  009.26  27.070  1020.752  1480.77 
2024 01 25 12 55 56.39  30.341  10.143  0001.38  04.73  08.07  313.5  009.26  27.089  1020.768  1480.77 
2024 01 25 12 55 56.64  30.340  10.141  0001.38  04.32  08.07  313.5  009.26  27.090  1020.768  1480.76 
2024 01 25 12 55 56.89  30.337  10.140  0001.38  04.17  08.07  313.5  009.26  27.087  1020.766  1480.76 
2024 01 25 12 55 57.14  30.341  10.145  0001.36  04.42  08.07  313.5  009.26  27.087  1020.765  1480.77 
2024 01 25 12 55 57.39  30.344  10.144  0001.37  04.54  08.07  314.2  009.26  27.091  1020.769  1480.78 
2024 01 25 12 55 57.64  30.348  10.142  0001.37  04.23  08.07  314.2  009.26  27.096  1020.773  1480.77 
2024 01 25 12 55 57.89  30.344  10.141  0001.37  04.14  08.07  314.2  009.26  27.093  1020.771  1480.77 
2024 01 25 12 55 58.14  30.344  10.140  0001.36  04.30  08.07  314.2  009.26  27.093  1020.771  1480.76 
2024 01 25 12 55 58.39  30.352  10.139  0001.38  04.22  08.07  314.2  009.26  27.103  1020.779  1480.77 
2024 01 25 12 55 58.64  30.363  10.139  0001.39  04.39  08.07  314.2  009.26  27.114  1020.787  1480.78 
2024 01 25 12 55 58.89  30.375  10.133  0001.39  04.56  08.07  314.2  009.26  27.130  1020.801  1480.78 
2024 01 25 12 55 59.14  30.373  10.134  0001.35  04.51  08.07  314.2  009.26  27.127  1020.798  1480.78 
2024 01 25 12 55 59.39  30.368  10.144  0001.38  04.58  08.07  314.2  009.26  27.115  1020.787  1480.80 
2024 01 25 12 55 59.64  30.383  10.131  0001.37  04.18  08.07  314.2  009.26  27.139  1020.808  1480.79 
2024 01 25 12 55 59.89  30.394  10.128  0001.38  04.12  08.07  314.2  009.26  27.152  1020.818  1480.79 
2024 01 25 12 56 00.14  30.407  10.125  0001.38  03.99  08.07  314.2  009.26  27.168  1020.831  1480.80 
2024 01 25 12 56 00.39  30.417  10.125  0001.39  04.33  08.07  314.4  009.26  27.177  1020.839  1480.81 
2024 01 25 12 56 00.64  30.418  10.125  0001.38  04.33  08.07  314.4  009.26  27.179  1020.840  1480.81 
2024 01 25 12 56 00.89  30.420  10.125  0001.39  04.33  08.07  314.4  009.26  27.180  1020.841  1480.81 
2024 01 25 12 56 01.14  30.422  10.125  0001.38  04.37  08.07  314.4  009.26  27.182  1020.842  1480.81 
2024 01 25 12 56 01.39  30.424  10.124  0001.38  04.33  08.07  314.4  009.26  27.185  1020.845  1480.81 
2024 01 25 12 56 01.64  30.424  10.125  0001.38  04.63  08.07  314.4  009.26  27.184  1020.844  1480.82 
2024 01 25 12 56 01.89  30.426  10.123  0001.37  04.62  08.07  314.4  009.26  27.188  1020.847  1480.81 
2024 01 25 12 56 02.14  30.422  10.122  0001.38  04.57  08.07  314.4  009.26  27.185  1020.845  1480.81 
2024 01 25 12 56 02.39  30.421  10.122  0001.37  04.64  08.07  314.4  009.26  27.183  1020.844  1480.80 
2024 01 25 12 56 02.64  30.426  10.121  0001.39  04.59  08.07  314.4  009.26  27.189  1020.848  1480.81 
2024 01 25 12 56 02.89  30.428  10.123  0001.38  04.35  08.07  314.4  009.26  27.190  1020.849  1480.82 
2024 01 25 12 56 03.14  30.433  10.122  0001.40  04.67  08.07  314.4  009.26  27.195  1020.853  1480.82 
2024 01 25 12 56 03.39  30.433  10.123  0001.40  04.67  08.07  314.6  009.26  27.195  1020.852  1480.83 
2024 01 25 12 56 03.64  30.431  10.124  0001.39  04.51  08.07  314.6  009.26  27.192  1020.850  1480.82 
2024 01 25 12 56 03.89  30.426  10.129  0001.39  04.49  08.07  314.6  009.26  27.183  1020.843  1480.83 
2024 01 25 12 56 04.14  30.426  10.127  0001.37  04.36  08.07  314.6  009.26  27.184  1020.844  1480.82 
2024 01 25 12 56 04.39  30.425  10.122  0001.37  04.38  08.07  314.6  009.26  27.187  1020.847  1480.81 
2024 01 25 12 56 04.64  30.428  10.125  0001.37  04.29  08.07  314.6  009.26  27.188  1020.847  1480.82 
2024 01 25 12 56 04.89  30.427  10.122  0001.37  04.30  08.07  314.6  009.26  27.189  1020.848  1480.81 
2024 01 25 12 56 05.14  30.423  10.123  0001.36  04.37  08.07  314.6  009.26  27.184  1020.844  1480.81 
2024 01 25 12 56 05.39  30.421  10.126  0001.36  04.29  08.07  314.6  009.26  27.180  1020.841  1480.82 
2024 01 25 12 56 05.64  30.422  10.129  0001.36  04.22  08.07  314.6  009.26  27.179  1020.839  1480.83 
2024 01 25 12 56 05.89  30.410  10.136  0001.39  04.27  08.07  314.6  009.26  27.162  1020.825  1480.83 
2024 01 25 12 56 06.14  30.406  10.133  0001.38  04.55  08.07  314.6  009.26  27.161  1020.824  1480.82 
2024 01 25 12 56 06.39  30.407  10.132  0001.39  04.35  08.07  314.6  009.26  27.162  1020.826  1480.82 
2024 01 25 12 56 06.64  30.407  10.138  0001.38  04.41  08.07  314.6  009.26  27.158  1020.822  1480.83 
2024 01 25 12 56 06.89  30.393  10.138  0001.37  04.22  08.07  314.6  009.26  27.144  1020.810  1480.82 
2024 01 25 12 56 07.14  30.386  10.138  0001.37  03.95  08.07  314.6  009.26  27.137  1020.805  1480.81 
2024 01 25 12 56 07.39  30.342  10.176  0001.37  03.73  08.07  314.6  009.26  27.065  1020.743  1480.86 
2024 01 25 12 56 07.64  30.319  10.216  0001.38  03.68  08.07  314.6  009.26  27.012  1020.696  1480.94 
2024 01 25 12 56 07.89  30.309  10.207  0001.37  03.56  08.07  314.6  009.26  27.009  1020.695  1480.90 
2024 01 25 12 56 08.14  30.285  10.213  0001.38  03.55  08.07  314.6  009.26  26.981  1020.672  1480.89 
2024 01 25 12 56 08.39  30.274  10.235  0001.39  03.70  08.07  314.6  009.26  26.955  1020.648  1480.94 
2024 01 25 12 56 08.64  30.273  10.224  0001.36  03.52  08.07  314.6  009.26  26.962  1020.656  1480.91 
2024 01 25 12 56 08.89  30.247  10.253  0001.38  03.35  08.07  314.6  009.26  26.915  1020.614  1480.96 
2024 01 25 12 56 09.14  30.225  10.293  0001.39  03.35  08.07  314.6  009.26  26.863  1020.568  1481.04 
2024 01 25 12 56 09.39  30.228  10.298  0001.39  03.30  08.07  312.7  009.26  26.863  1020.567  1481.06 
2024 01 25 12 56 09.64  30.228  10.299  0001.37  03.42  08.07  312.7  009.26  26.862  1020.566  1481.06 
2024 01 25 12 56 09.89  30.219  10.305  0001.37  03.30  08.07  312.7  009.26  26.849  1020.555  1481.07 
2024 01 25 12 56 10.14  30.208  10.304  0001.37  03.35  08.07  312.7  009.26  26.839  1020.547  1481.05 
2024 01 25 12 56 10.39  30.194  10.314  0001.39  03.18  08.07  312.7  009.26  26.817  1020.529  1481.07 
2024 01 25 12 56 10.64  30.189  10.328  0001.38  03.20  08.07  312.7  009.26  26.803  1020.516  1481.10 
2024 01 25 12 56 10.89  30.188  10.332  0001.37  03.27  08.07  312.7  009.26  26.798  1020.511  1481.11 
2024 01 25 12 56 11.14  30.190  10.327  0001.38  03.38  08.07  312.7  009.26  26.803  1020.516  1481.10 
2024 01 25 12 56 11.39  30.180  10.323  0001.37  03.32  08.07  312.7  009.26  26.797  1020.512  1481.07 
2024 01 25 12 56 11.64  30.175  10.324  0001.36  03.29  08.07  312.7  009.26  26.792  1020.507  1481.07 
2024 01 25 12 56 11.89  30.174  10.325  0001.36  03.32  08.07  312.7  009.26  26.789  1020.505  1481.07 
2024 01 25 12 56 12.14  30.173  10.329  0001.37  03.20  08.07  312.7  009.26  26.786  1020.503  1481.08 
2024 01 25 12 56 12.39  30.173  10.342  0001.35  03.21  08.07  312.3  009.26  26.776  1020.493  1481.12 
2024 01 25 12 56 12.64  30.172  10.345  0001.38  03.26  08.07  312.3  009.26  26.773  1020.489  1481.12 
2024 01 25 12 56 12.89  30.170  10.343  0001.36  03.25  08.07  312.3  009.26  26.772  1020.490  1481.12 
2024 01 25 12 56 13.14  30.169  10.341  0001.37  03.49  08.07  312.3  009.26  26.773  1020.491  1481.11 
2024 01 25 12 56 13.39  30.170  10.342  0001.36  03.32  08.07  312.3  009.26  26.774  1020.491  1481.11 
2024 01 25 12 56 13.64  30.168  10.342  0001.36  03.31  08.07  312.3  009.26  26.771  1020.488  1481.11 
2024 01 25 12 56 13.89  30.169  10.340  0001.37  03.11  08.07  312.3  009.26  26.774  1020.491  1481.11 
2024 01 25 12 56 14.14  30.172  10.332  0001.38  03.11  08.07  312.3  009.26  26.782  1020.499  1481.09 
2024 01 25 12 56 14.39  30.172  10.322  0001.38  03.27  08.07  312.3  009.26  26.790  1020.506  1481.06 
2024 01 25 12 56 14.64  30.172  10.310  0001.37  03.47  08.07  312.3  009.26  26.798  1020.515  1481.03 
2024 01 25 12 56 14.89  30.171  10.320  0001.36  03.36  08.07  312.3  009.26  26.790  1020.507  1481.06 
2024 01 25 12 56 15.14  30.173  10.312  0001.36  03.36  08.07  312.3  009.26  26.798  1020.514  1481.04 
2024 01 25 12 56 15.39  30.175  10.303  0001.36  03.40  08.07  312.3  009.26  26.807  1020.522  1481.01 
2024 01 25 12 56 15.64  30.176  10.284  0001.38  03.53  08.07  312.3  009.26  26.822  1020.538  1480.96 
2024 01 25 12 56 15.89  30.176  10.286  0001.36  03.55  08.07  312.3  009.26  26.820  1020.536  1480.97 
2024 01 25 12 56 16.14  30.175  10.310  0001.37  03.49  08.07  312.3  009.26  26.802  1020.518  1481.03 
2024 01 25 12 56 16.39  30.174  10.313  0001.35  03.34  08.07  312.3  009.26  26.798  1020.514  1481.04 
2024 01 25 12 56 16.64  30.171  10.320  0001.38  03.17  08.07  312.3  009.26  26.790  1020.507  1481.05 
2024 01 25 12 56 16.89  30.166  10.338  0001.41  02.96  08.07  312.3  009.26  26.772  1020.491  1481.10 
2024 01 25 12 56 17.14  30.164  10.346  0001.40  03.07  08.07  312.3  009.26  26.765  1020.484  1481.12 
2024 01 25 12 56 17.39  30.164  10.344  0001.38  03.21  08.06  312.3  009.26  26.765  1020.484  1481.11 
2024 01 25 12 56 17.64  30.167  10.344  0001.37  03.21  08.07  312.3  009.26  26.769  1020.487  1481.11 
2024 01 25 12 56 17.89  30.163  10.345  0001.38  03.26  08.07  312.3  009.26  26.764  1020.483  1481.11 
2024 01 25 12 56 18.14  30.164  10.344  0001.37  03.21  08.06  312.3  009.26  26.766  1020.485  1481.11 
2024 01 25 12 56 18.39  30.168  10.318  0001.37  03.27  08.07  311.7  009.26  26.788  1020.506  1481.05 
2024 01 25 12 56 18.64  30.174  10.288  0001.36  03.33  08.07  311.7  009.26  26.817  1020.533  1480.97 
2024 01 25 12 56 18.89  30.177  10.282  0001.38  03.36  08.07  311.7  009.26  26.825  1020.540  1480.96 
2024 01 25 12 56 19.14  30.176  10.286  0001.38  03.49  08.06  311.7  009.26  26.820  1020.536  1480.97 
2024 01 25 12 56 19.39  30.172  10.290  0001.38  03.67  08.06  311.7  009.26  26.814  1020.530  1480.97 
2024 01 25 12 56 19.64  30.175  10.295  0001.38  03.39  08.06  311.7  009.26  26.812  1020.528  1480.99 
2024 01 25 12 56 19.89  30.173  10.301  0001.37  03.22  08.06  311.7  009.26  26.807  1020.523  1481.00 
2024 01 25 12 56 20.14  30.170  10.321  0001.39  03.16  08.06  311.7  009.26  26.789  1020.506  1481.06 
2024 01 25 12 56 20.39  30.171  10.327  0001.37  03.17  08.06  311.7  009.26  26.785  1020.502  1481.07 
2024 01 25 12 56 20.64  30.170  10.326  0001.38  03.18  08.06  311.7  009.26  26.785  1020.502  1481.07 
2024 01 25 12 56 20.89  30.169  10.330  0001.39  03.24  08.06  311.7  009.26  26.782  1020.499  1481.08 
2024 01 25 12 56 21.14  30.168  10.337  0001.40  03.25  08.06  311.7  009.26  26.776  1020.493  1481.10 
2024 01 25 12 56 21.39  30.167  10.344  0001.38  03.20  08.07  311.8  009.26  26.768  1020.486  1481.12 
2024 01 25 12 56 21.64  30.165  10.343  0001.37  03.14  08.06  311.8  009.26  26.768  1020.486  1481.11 
2024 01 25 12 56 21.89  30.164  10.344  0001.36  03.16  08.06  311.8  009.26  26.765  1020.484  1481.11 
2024 01 25 12 56 22.14  30.164  10.357  0001.36  03.24  08.06  311.8  009.26  26.756  1020.475  1481.15 
2024 01 25 12 56 22.39  30.165  10.359  0001.36  03.19  08.06  311.8  009.26  26.756  1020.474  1481.16 
2024 01 25 12 56 22.64  30.164  10.359  0001.40  03.42  08.06  311.8  009.26  26.755  1020.474  1481.15 
2024 01 25 12 56 22.89  30.162  10.356  0001.38  03.26  08.07  311.8  009.26  26.755  1020.474  1481.14 
2024 01 25 12 56 23.14  30.163  10.357  0001.36  03.11  08.06  311.8  009.26  26.755  1020.474  1481.15 
2024 01 25 12 56 23.39  30.161  10.361  0001.36  02.98  08.06  311.8  009.26  26.751  1020.470  1481.16 
2024 01 25 12 56 23.64  30.160  10.360  0001.35  02.86  08.06  311.8  009.26  26.750  1020.470  1481.15 
2024 01 25 12 56 23.89  30.159  10.362  0001.37  02.89  08.06  311.8  009.26  26.748  1020.467  1481.16 
2024 01 25 12 56 24.14  30.158  10.360  0001.38  02.99  08.06  311.8  009.26  26.749  1020.468  1481.15 
2024 01 25 12 56 24.39  30.159  10.359  0001.39  03.06  08.06  311.7  009.26  26.749  1020.469  1481.15 
2024 01 25 12 56 24.64  30.160  10.360  0001.37  03.02  08.06  311.7  009.26  26.751  1020.470  1481.15 
2024 01 25 12 56 24.89  30.160  10.360  0001.38  03.11  08.06  311.7  009.26  26.750  1020.470  1481.15 
2024 01 25 12 56 25.14  30.160  10.360  0001.37  03.38  08.06  311.7  009.26  26.751  1020.470  1481.15 
2024 01 25 12 56 25.39  30.159  10.358  0001.37  03.10  08.06  311.7  009.26  26.751  1020.471  1481.14 
2024 01 25 12 56 25.64  30.160  10.355  0001.37  03.00  08.06  311.7  009.26  26.755  1020.474  1481.14 
2024 01 25 12 56 25.89  30.160  10.358  0001.38  02.99  08.06  311.7  009.26  26.752  1020.471  1481.15 
2024 01 25 12 56 26.14  30.160  10.360  0001.36  03.06  08.06  311.7  009.26  26.750  1020.469  1481.15 
2024 01 25 12 56 26.39  30.161  10.358  0001.37  03.08  08.06  311.7  009.26  26.753  1020.472  1481.15 
2024 01 25 12 56 26.64  30.159  10.359  0001.36  03.08  08.06  311.7  009.26  26.750  1020.469  1481.15 
2024 01 25 12 56 26.89  30.160  10.355  0001.37  03.09  08.06  311.7  009.26  26.753  1020.473  1481.14 
2024 01 25 12 56 27.14  30.158  10.355  0001.38  03.03  08.06  311.7  009.26  26.752  1020.472  1481.14 
2024 01 25 12 56 27.39  30.160  10.365  0001.37  03.01  08.06  312.0  009.26  26.747  1020.467  1481.16 
2024 01 25 12 56 27.64  30.160  10.368  0001.38  03.06  08.06  312.0  009.26  26.744  1020.464  1481.17 
2024 01 25 12 56 27.89  30.160  10.371  0001.40  03.08  08.06  312.0  009.26  26.742  1020.462  1481.18 
2024 01 25 12 56 28.14  30.158  10.371  0001.38  03.13  08.06  312.0  009.26  26.740  1020.460  1481.18 
2024 01 25 12 56 28.39  30.158  10.372  0001.37  03.02  08.06  312.0  009.26  26.739  1020.459  1481.18 
2024 01 25 12 56 28.64  30.156  10.372  0001.37  03.04  08.06  312.0  009.26  26.737  1020.458  1481.18 
2024 01 25 12 56 28.89  30.157  10.374  0001.37  02.87  08.06  312.0  009.26  26.737  1020.457  1481.19 
2024 01 25 12 56 29.14  30.155  10.375  0001.36  02.94  08.06  312.0  009.26  26.735  1020.455  1481.19 
2024 01 25 12 56 29.39  30.157  10.372  0001.37  02.99  08.06  312.0  009.26  26.739  1020.459  1481.18 
2024 01 25 12 56 29.64  30.156  10.376  0001.41  02.99  08.06  312.0  009.26  26.735  1020.456  1481.19 
2024 01 25 12 56 29.89  30.153  10.378  0001.44  03.00  08.06  312.0  009.26  26.731  1020.452  1481.19 
2024 01 25 12 56 30.14  30.154  10.378  0001.43  03.32  08.06  312.0  009.26  26.732  1020.453  1481.19 
2024 01 25 12 56 30.39  30.154  10.377  0001.43  03.30  08.06  311.8  009.26  26.732  1020.453  1481.19 
2024 01 25 12 56 30.64  30.149  10.394  0001.41  03.06  08.06  311.8  009.26  26.715  1020.437  1481.23 
2024 01 25 12 56 30.89  30.149  10.387  0001.44  03.04  08.06  311.8  009.26  26.720  1020.442  1481.22 
2024 01 25 12 56 31.14  30.149  10.403  0001.43  02.93  08.06  311.8  009.26  26.707  1020.430  1481.26 
2024 01 25 12 56 31.39  30.148  10.409  0001.42  02.83  08.06  311.8  009.26  26.702  1020.425  1481.27 
2024 01 25 12 56 31.64  30.149  10.416  0001.44  02.91  08.06  311.8  009.26  26.698  1020.420  1481.29 
2024 01 25 12 56 31.89  30.147  10.418  0001.43  03.10  08.06  311.8  009.26  26.695  1020.418  1481.30 
2024 01 25 12 56 32.14  30.149  10.417  0001.42  03.13  08.06  311.8  009.26  26.697  1020.419  1481.30 
2024 01 25 12 56 32.39  30.148  10.408  0001.41  03.12  08.06  311.8  009.26  26.703  1020.425  1481.27 
2024 01 25 12 56 32.64  30.151  10.384  0001.43  03.11  08.06  311.8  009.26  26.724  1020.445  1481.21 
2024 01 25 12 56 32.89  30.151  10.377  0001.43  03.13  08.06  311.8  009.26  26.729  1020.451  1481.19 
2024 01 25 12 56 33.14  30.150  10.370  0001.43  03.22  08.06  311.8  009.26  26.733  1020.455  1481.17 
2024 01 25 12 56 33.39  30.153  10.370  0001.42  03.25  08.06  311.7  009.26  26.736  1020.457  1481.17 
2024 01 25 12 56 33.64  30.152  10.377  0001.43  03.49  08.06  311.7  009.26  26.730  1020.451  1481.19 
2024 01 25 12 56 33.89  30.154  10.365  0001.43  03.16  08.06  311.7  009.26  26.740  1020.461  1481.16 
2024 01 25 12 56 34.14  30.156  10.363  0001.44  03.12  08.06  311.7  009.26  26.744  1020.464  1481.16 
2024 01 25 12 56 34.39  30.155  10.365  0001.43  03.11  08.06  311.7  009.26  26.742  1020.462  1481.16 
2024 01 25 12 56 34.64  30.154  10.365  0001.43  03.11  08.06  311.7  009.26  26.741  1020.462  1481.16 
2024 01 25 12 56 34.89  30.156  10.364  0001.44  03.13  08.06  311.7  009.26  26.743  1020.464  1481.16 
2024 01 25 12 56 35.14  30.156  10.364  0001.43  03.20  08.06  311.7  009.26  26.744  1020.464  1481.16 
2024 01 25 12 56 35.39  30.156  10.365  0001.42  03.21  08.06  311.7  009.26  26.743  1020.464  1481.16 
2024 01 25 12 56 35.64  30.156  10.360  0001.42  03.18  08.06  311.7  009.26  26.746  1020.467  1481.15 
2024 01 25 12 56 35.89  30.156  10.362  0001.43  03.14  08.06  311.7  009.26  26.746  1020.466  1481.15 
2024 01 25 12 56 36.14  30.160  10.361  0001.43  03.22  08.06  311.7  009.26  26.749  1020.469  1481.16 
2024 01 25 12 56 36.39  30.158  10.363  0001.43  03.07  08.06  311.9  009.26  26.746  1020.466  1481.16 
2024 01 25 12 56 36.64  30.160  10.363  0001.42  03.09  08.06  311.9  009.26  26.747  1020.467  1481.16 
2024 01 25 12 56 36.89  30.161  10.362  0001.43  03.16  08.06  311.9  009.26  26.750  1020.469  1481.16 
2024 01 25 12 56 37.14  30.160  10.357  0001.44  03.18  08.06  311.9  009.26  26.753  1020.473  1481.14 
2024 01 25 12 56 37.39  30.161  10.358  0001.42  03.30  08.06  311.9  009.26  26.753  1020.472  1481.15 
2024 01 25 12 56 37.64  30.164  10.358  0001.43  03.23  08.06  311.9  009.26  26.755  1020.474  1481.15 
2024 01 25 12 56 37.89  30.163  10.358  0001.43  03.24  08.06  311.9  009.26  26.754  1020.473  1481.15 
2024 01 25 12 56 38.14  30.165  10.348  0001.43  03.30  08.06  311.9  009.26  26.764  1020.483  1481.13 
2024 01 25 12 56 38.39  30.170  10.336  0001.43  03.46  08.06  311.9  009.26  26.777  1020.495  1481.10 
2024 01 25 12 56 38.64  30.173  10.327  0001.42  03.36  08.06  311.9  009.26  26.788  1020.504  1481.08 
2024 01 25 12 56 38.89  30.174  10.329  0001.44  03.36  08.06  311.9  009.26  26.787  1020.503  1481.08 
2024 01 25 12 56 39.14  30.174  10.334  0001.43  03.41  08.06  311.9  009.26  26.783  1020.500  1481.10 
2024 01 25 12 56 39.39  30.174  10.334  0001.43  03.30  08.06  311.9  009.26  26.783  1020.500  1481.10 
2024 01 25 12 56 39.64  30.176  10.333  0001.41  03.25  08.06  311.9  009.26  26.786  1020.502  1481.10 
2024 01 25 12 56 39.89  30.174  10.326  0001.42  03.28  08.06  311.9  009.26  26.789  1020.505  1481.08 
2024 01 25 12 56 40.14  30.176  10.322  0001.43  03.59  08.06  311.9  009.26  26.793  1020.509  1481.07 
2024 01 25 12 56 40.39  30.176  10.325  0001.43  03.62  08.06  311.9  009.26  26.792  1020.508  1481.07 
2024 01 25 12 56 40.64  30.176  10.327  0001.43  03.48  08.06  311.9  009.26  26.791  1020.506  1481.08 
2024 01 25 12 56 40.89  30.176  10.326  0001.44  03.31  08.06  311.9  009.26  26.792  1020.507  1481.08 
2024 01 25 12 56 41.14  30.180  10.325  0001.43  03.29  08.06  311.9  009.26  26.795  1020.510  1481.08 
2024 01 25 12 56 41.39  30.180  10.322  0001.43  03.33  08.06  311.9  009.26  26.798  1020.513  1481.07 
2024 01 25 12 56 41.64  30.180  10.319  0001.43  03.35  08.06  311.9  009.26  26.800  1020.515  1481.06 
2024 01 25 12 56 41.89  30.182  10.322  0001.44  03.53  08.06  311.9  009.26  26.800  1020.515  1481.07 
2024 01 25 12 56 42.14  30.182  10.320  0001.44  03.43  08.06  311.9  009.26  26.801  1020.516  1481.07 
2024 01 25 12 56 42.39  30.183  10.321  0001.43  03.42  08.06  312.1  009.26  26.801  1020.516  1481.07 
2024 01 25 12 56 42.64  30.183  10.322  0001.42  03.28  08.06  312.1  009.26  26.800  1020.515  1481.08 
2024 01 25 12 56 42.89  30.184  10.324  0001.43  03.31  08.06  312.1  009.26  26.800  1020.514  1481.08 
2024 01 25 12 56 43.14  30.183  10.323  0001.43  03.46  08.06  312.1  009.26  26.800  1020.514  1481.08 
2024 01 25 12 56 43.39  30.183  10.327  0001.44  03.35  08.06  312.1  009.26  26.797  1020.512  1481.09 
2024 01 25 12 56 43.64  30.183  10.324  0001.42  03.31  08.06  312.1  009.26  26.799  1020.513  1481.08 
2024 01 25 12 56 43.89  30.182  10.330  0001.43  03.35  08.06  312.1  009.26  26.794  1020.509  1481.09 
2024 01 25 12 56 44.14  30.182  10.331  0001.42  03.31  08.06  312.1  009.26  26.793  1020.508  1481.10 
2024 01 25 12 56 44.39  30.182  10.326  0001.44  03.30  08.06  312.1  009.26  26.797  1020.511  1481.08 
2024 01 25 12 56 44.64  30.182  10.321  0001.44  03.27  08.06  312.1  009.26  26.800  1020.515  1481.07 
2024 01 25 12 56 44.89  30.183  10.318  0001.44  03.39  08.06  312.1  009.26  26.803  1020.518  1481.06 
2024 01 25 12 56 45.14  30.183  10.318  0001.43  03.43  08.06  312.1  009.26  26.803  1020.518  1481.06 
2024 01 25 12 56 45.39  30.184  10.315  0001.43  03.42  08.06  312.0  009.26  26.807  1020.521  1481.06 
2024 01 25 12 56 45.64  30.186  10.307  0001.42  03.46  08.06  312.0  009.26  26.814  1020.528  1481.04 
2024 01 25 12 56 45.89  30.190  10.302  0001.41  03.53  08.06  312.0  009.26  26.823  1020.535  1481.03 
2024 01 25 12 56 46.14  30.193  10.294  0001.43  03.65  08.06  312.0  009.26  26.831  1020.543  1481.01 
2024 01 25 12 56 46.39  30.194  10.298  0001.44  03.56  08.06  312.0  009.26  26.829  1020.541  1481.02 
2024 01 25 12 56 46.64  30.199  10.295  0001.42  03.75  08.06  312.0  009.26  26.837  1020.547  1481.02 
2024 01 25 12 56 46.89  30.203  10.296  0001.42  03.63  08.06  312.0  009.26  26.839  1020.549  1481.03 
2024 01 25 12 56 47.14  30.218  10.282  0001.43  03.60  08.06  312.0  009.26  26.864  1020.571  1481.01 
2024 01 25 12 56 47.39  30.224  10.271  0001.43  03.60  08.06  312.0  009.26  26.879  1020.584  1480.98 
2024 01 25 12 56 47.64  30.227  10.268  0001.43  03.68  08.06  312.0  009.26  26.883  1020.588  1480.98 
2024 01 25 12 56 47.89  30.219  10.270  0001.44  03.51  08.06  312.0  009.26  26.875  1020.581  1480.97 
2024 01 25 12 56 48.14  30.213  10.281  0001.42  03.49  08.06  312.0  009.26  26.860  1020.568  1481.00 
2024 01 25 12 56 48.39  30.214  10.286  0001.42  03.37  08.06  311.8  009.26  26.858  1020.565  1481.01 
2024 01 25 12 56 48.64  30.207  10.283  0001.44  03.44  08.06  311.8  009.26  26.853  1020.562  1481.00 
2024 01 25 12 56 48.89  30.207  10.279  0001.43  03.62  08.06  311.8  009.26  26.856  1020.565  1480.99 
2024 01 25 12 56 49.14  30.207  10.284  0001.43  03.60  08.06  311.8  009.26  26.853  1020.562  1481.00 
2024 01 25 12 56 49.39  30.206  10.283  0001.43  03.63  08.06  311.8  009.26  26.852  1020.561  1481.00 
2024 01 25 12 56 49.64  30.207  10.279  0001.42  03.73  08.06  311.8  009.26  26.856  1020.565  1480.98 
2024 01 25 12 56 49.89  30.206  10.280  0001.42  03.54  08.06  311.8  009.26  26.854  1020.563  1480.99 
2024 01 25 12 56 50.14  30.205  10.279  0001.43  03.58  08.06  311.8  009.26  26.854  1020.563  1480.98 
2024 01 25 12 56 50.39  30.208  10.273  0001.42  03.75  08.06  311.8  009.26  26.862  1020.570  1480.97 
2024 01 25 12 56 50.64  30.209  10.272  0001.43  03.68  08.06  311.8  009.26  26.863  1020.572  1480.97 
2024 01 25 12 56 50.89  30.212  10.272  0001.44  03.74  08.06  311.8  009.26  26.866  1020.574  1480.97 
2024 01 25 12 56 51.14  30.217  10.268  0001.43  03.87  08.06  311.8  009.26  26.874  1020.580  1480.97 
2024 01 25 12 56 51.39  30.223  10.268  0001.44  03.95  08.06  312.0  009.26  26.879  1020.584  1480.97 
2024 01 25 12 56 51.64  30.227  10.267  0001.41  03.94  08.06  312.0  009.26  26.885  1020.589  1480.98 
2024 01 25 12 56 51.89  30.231  10.266  0001.41  03.96  08.06  312.0  009.26  26.890  1020.593  1480.98 
2024 01 25 12 56 52.14  30.236  10.260  0001.43  03.88  08.06  312.0  009.26  26.899  1020.601  1480.97 
2024 01 25 12 56 52.39  30.242  10.255  0001.44  03.79  08.06  312.0  009.26  26.908  1020.609  1480.96 
2024 01 25 12 56 52.64  30.250  10.249  0001.42  03.85  08.06  312.0  009.26  26.921  1020.620  1480.95 
2024 01 25 12 56 52.89  30.252  10.249  0001.43  03.84  08.06  312.0  009.26  26.922  1020.621  1480.95 
2024 01 25 12 56 53.14  30.254  10.248  0001.44  03.83  08.06  312.0  009.26  26.925  1020.623  1480.95 
2024 01 25 12 56 53.39  30.261  10.248  0001.42  03.96  08.06  312.0  009.26  26.931  1020.628  1480.96 
2024 01 25 12 56 53.64  30.267  10.240  0001.41  04.03  08.06  312.0  009.26  26.943  1020.639  1480.95 
2024 01 25 12 56 53.89  30.270  10.242  0001.41  03.98  08.06  312.0  009.26  26.946  1020.640  1480.96 
2024 01 25 12 56 54.14  30.285  10.230  0001.44  03.93  08.06  312.0  009.26  26.970  1020.661  1480.94 
2024 01 25 12 56 54.39  30.292  10.224  0001.45  03.95  08.06  313.1  009.26  26.980  1020.670  1480.93 
2024 01 25 12 56 54.64  30.291  10.221  0001.44  04.06  08.06  313.1  009.26  26.981  1020.671  1480.93 
2024 01 25 12 56 54.89  30.293  10.225  0001.43  04.18  08.06  313.1  009.26  26.980  1020.670  1480.94 
2024 01 25 12 56 55.14  30.296  10.222  0001.43  04.12  08.06  313.1  009.26  26.985  1020.674  1480.93 
2024 01 25 12 56 55.39  30.298  10.219  0001.43  04.30  08.06  313.1  009.26  26.990  1020.679  1480.93 
2024 01 25 12 56 55.64  30.298  10.223  0001.42  04.30  08.06  313.1  009.26  26.987  1020.676  1480.94 
2024 01 25 12 56 55.89  30.278  10.225  0001.43  04.06  08.06  313.1  009.26  26.966  1020.659  1480.92 
2024 01 25 12 56 56.14  30.272  10.227  0001.43  03.99  08.06  313.1  009.26  26.958  1020.652  1480.92 
2024 01 25 12 56 56.39  30.277  10.226  0001.42  03.96  08.06  313.1  009.26  26.965  1020.658  1480.92 
2024 01 25 12 56 56.64  30.275  10.227  0001.44  03.99  08.06  313.1  009.26  26.961  1020.655  1480.92 
2024 01 25 12 56 56.89  30.273  10.228  0001.43  03.99  08.06  313.1  009.26  26.959  1020.653  1480.92 
2024 01 25 12 56 57.14  30.276  10.225  0001.43  03.91  08.06  313.1  009.26  26.964  1020.657  1480.92 
2024 01 25 12 56 57.39  30.278  10.225  0001.43  03.89  08.06  313.1  009.26  26.966  1020.658  1480.92 
2024 01 25 12 56 57.64  30.277  10.224  0001.43  03.98  08.06  313.1  009.26  26.966  1020.659  1480.92 
2024 01 25 12 56 57.89  30.276  10.225  0001.42  03.89  08.06  313.1  009.26  26.963  1020.657  1480.92 
2024 01 25 12 56 58.14  30.274  10.225  0001.44  03.96  08.06  313.1  009.26  26.962  1020.656  1480.91 
2024 01 25 12 56 58.39  30.273  10.225  0001.43  03.94  08.06  313.1  009.26  26.961  1020.655  1480.92 
2024 01 25 12 56 58.64  30.273  10.227  0001.43  04.05  08.06  313.1  009.26  26.959  1020.653  1480.92 
2024 01 25 12 56 58.89  30.273  10.227  0001.43  04.08  08.06  313.1  009.26  26.959  1020.653  1480.92 
2024 01 25 12 56 59.14  30.276  10.222  0001.42  04.03  08.06  313.1  009.26  26.966  1020.659  1480.91 
2024 01 25 12 56 59.39  30.281  10.223  0001.43  04.03  08.06  313.1  009.26  26.971  1020.663  1480.92 
2024 01 25 12 56 59.64  30.312  10.210  0001.44  04.06  08.06  313.1  009.26  27.010  1020.696  1480.92 
2024 01 25 12 56 59.89  30.322  10.198  0001.44  04.13  08.06  313.1  009.26  27.029  1020.713  1480.90 
2024 01 25 12 57 00.14  30.319  10.201  0001.44  04.18  08.06  313.1  009.26  27.024  1020.708  1480.90 
2024 01 25 12 57 00.39  30.345  10.191  0001.44  04.36  08.06  313.2  009.26  27.057  1020.735  1480.91 
2024 01 25 12 57 00.64  30.362  10.184  0001.41  04.32  08.06  313.2  009.26  27.078  1020.753  1480.91 
2024 01 25 12 57 00.89  30.370  10.180  0001.43  04.46  08.06  313.2  009.26  27.089  1020.762  1480.91 
2024 01 25 12 57 01.14  30.408  10.159  0001.42  04.44  08.06  313.2  009.26  27.143  1020.807  1480.89 
2024 01 25 12 57 01.39  30.410  10.159  0001.44  04.63  08.06  313.2  009.26  27.144  1020.808  1480.90 
2024 01 25 12 57 01.64  30.402  10.165  0001.44  04.39  08.06  313.2  009.26  27.132  1020.797  1480.90 
2024 01 25 12 57 01.89  30.358  10.186  0001.43  04.19  08.06  313.2  009.26  27.073  1020.748  1480.91 
2024 01 25 12 57 02.14  30.331  10.199  0001.40  04.10  08.06  313.2  009.26  27.037  1020.718  1480.91 
2024 01 25 12 57 02.39  30.340  10.187  0001.44  03.97  08.06  313.2  009.26  27.055  1020.734  1480.89 
2024 01 25 12 57 02.64  30.332  10.209  0001.44  03.90  08.06  313.2  009.26  27.031  1020.712  1480.94 
2024 01 25 12 57 02.89  30.316  10.220  0001.41  04.03  08.06  313.2  009.26  27.007  1020.692  1480.95 
2024 01 25 12 57 03.14  30.302  10.220  0001.43  04.16  08.06  313.2  009.26  26.993  1020.681  1480.94 
2024 01 25 12 57 03.39  30.298  10.217  0001.43  04.16  08.07  313.1  009.26  26.991  1020.680  1480.92 
2024 01 25 12 57 03.64  30.272  10.217  0001.44  03.99  08.06  313.1  009.26  26.966  1020.660  1480.89 
2024 01 25 12 57 03.89  30.263  10.215  0001.42  04.27  08.06  313.1  009.26  26.958  1020.654  1480.88 
2024 01 25 12 57 04.14  30.254  10.215  0001.40  04.03  08.06  313.1  009.26  26.950  1020.648  1480.86 
2024 01 25 12 57 04.39  30.254  10.217  0001.40  03.98  08.06  313.1  009.26  26.949  1020.647  1480.87 
2024 01 25 12 57 04.64  30.251  10.216  0001.43  04.01  08.06  313.1  009.26  26.946  1020.645  1480.86 
2024 01 25 12 57 04.89  30.242  10.212  0001.42  04.18  08.06  313.1  009.29  26.940  1020.641  1480.84 
2024 01 25 12 57 05.14  30.242  10.211  0001.43  04.16  08.06  313.1  009.26  26.941  1020.642  1480.84 
2024 01 25 12 57 05.39  30.246  10.208  0001.43  04.08  08.06  313.1  009.26  26.947  1020.647  1480.84 
2024 01 25 12 57 05.64  30.242  10.209  0001.42  03.99  08.06  313.1  009.26  26.943  1020.643  1480.83 
2024 01 25 12 57 05.89  30.244  10.210  0001.43  03.84  08.06  313.1  009.26  26.943  1020.643  1480.84 
2024 01 25 12 57 06.14  30.245  10.215  0001.43  03.79  08.06  313.1  009.26  26.941  1020.641  1480.85 
2024 01 25 12 57 06.39  30.243  10.221  0001.42  03.83  08.06  313.7  009.26  26.935  1020.635  1480.87 
2024 01 25 12 57 06.64  30.240  10.229  0001.42  03.88  08.06  313.7  009.26  26.925  1020.627  1480.89 
2024 01 25 12 57 06.89  30.240  10.233  0001.43  03.87  08.06  313.7  009.26  26.923  1020.624  1480.90 
2024 01 25 12 57 07.14  30.243  10.228  0001.43  03.89  08.06  313.7  009.26  26.929  1020.630  1480.89 
2024 01 25 12 57 07.39  30.242  10.226  0001.43  03.92  08.06  313.7  009.26  26.930  1020.630  1480.88 
2024 01 25 12 57 07.64  30.246  10.226  0001.42  03.91  08.06  313.7  009.26  26.934  1020.634  1480.88 
2024 01 25 12 57 07.89  30.250  10.223  0001.39  04.04  08.06  313.7  009.26  26.939  1020.638  1480.88 
2024 01 25 12 57 08.14  30.254  10.222  0001.43  04.32  08.06  313.7  009.26  26.944  1020.642  1480.89 
2024 01 25 12 57 08.39  30.260  10.217  0001.43  04.15  08.06  313.7  009.26  26.954  1020.651  1480.88 
2024 01 25 12 57 08.64  30.263  10.214  0001.43  04.12  08.06  313.7  009.26  26.959  1020.655  1480.87 
2024 01 25 12 57 08.89  30.265  10.217  0001.42  04.08  08.06  313.7  009.26  26.958  1020.654  1480.88 
2024 01 25 12 57 09.14  30.273  10.212  0001.43  04.11  08.06  313.7  009.26  26.970  1020.664  1480.88 
2024 01 25 12 57 09.39  30.272  10.198  0001.42  04.00  08.06  313.0  009.26  26.980  1020.674  1480.84 
2024 01 25 12 57 09.64  30.279  10.200  0001.42  03.98  08.06  313.0  009.26  26.985  1020.678  1480.85 
2024 01 25 12 57 09.89  30.286  10.199  0001.40  04.18  08.06  313.0  009.26  26.993  1020.684  1480.86 
2024 01 25 12 57 10.14  30.292  10.195  0001.41  04.34  08.06  313.0  009.26  27.001  1020.691  1480.85 
2024 01 25 12 57 10.39  30.305  10.203  0001.43  04.13  08.06  313.0  009.26  27.008  1020.695  1480.89 
2024 01 25 12 57 10.64  30.297  10.218  0001.42  03.74  08.06  313.0  009.26  26.989  1020.678  1480.92 
2024 01 25 12 57 10.89  30.293  10.236  0001.41  03.80  08.06  313.0  009.26  26.972  1020.662  1480.97 
2024 01 25 12 57 11.14  30.294  10.229  0001.43  03.96  08.06  313.0  009.26  26.979  1020.668  1480.95 
2024 01 25 12 57 11.39  30.298  10.228  0001.42  03.96  08.06  313.0  009.26  26.983  1020.672  1480.95 
2024 01 25 12 57 11.64  30.303  10.219  0001.43  03.95  08.06  313.0  009.26  26.995  1020.682  1480.93 
2024 01 25 12 57 11.89  30.305  10.217  0001.42  03.96  08.06  313.0  009.26  26.998  1020.685  1480.93 
2024 01 25 12 57 12.14  30.308  10.221  0001.42  03.95  08.06  313.0  009.26  26.998  1020.684  1480.95 
2024 01 25 12 57 12.39  30.305  10.219  0001.42  03.95  08.06  312.4  009.26  26.996  1020.683  1480.94 
2024 01 25 12 57 12.64  30.302  10.225  0001.41  03.91  08.06  312.4  009.26  26.989  1020.677  1480.95 
2024 01 25 12 57 12.89  30.302  10.229  0001.41  03.93  08.06  312.4  009.26  26.987  1020.674  1480.96 
2024 01 25 12 57 13.14  30.300  10.224  0001.43  03.99  08.06  312.4  009.26  26.988  1020.676  1480.94 
2024 01 25 12 57 13.39  30.295  10.229  0001.43  03.98  08.06  312.4  009.29  26.979  1020.668  1480.95 
2024 01 25 12 57 13.64  30.289  10.233  0001.41  03.84  08.06  312.4  009.26  26.971  1020.662  1480.95 
2024 01 25 12 57 13.89  30.283  10.239  0001.39  03.87  08.06  312.4  009.26  26.960  1020.652  1480.96 
2024 01 25 12 57 14.14  30.276  10.244  0001.40  03.85  08.06  312.4  009.26  26.949  1020.643  1480.97 
2024 01 25 12 57 14.39  30.271  10.248  0001.41  03.87  08.06  312.4  009.26  26.942  1020.636  1480.98 
2024 01 25 12 57 14.64  30.270  10.248  0001.44  03.96  08.06  312.4  009.26  26.941  1020.636  1480.98 
2024 01 25 12 57 14.89  30.265  10.248  0001.43  03.89  08.06  312.4  009.26  26.935  1020.631  1480.97 
2024 01 25 12 57 15.14  30.264  10.249  0001.42  03.72  08.06  312.4  009.26  26.934  1020.631  1480.97 
2024 01 25 12 57 15.39  30.260  10.250  0001.40  03.83  08.06  312.7  009.26  26.929  1020.626  1480.97 
2024 01 25 12 57 15.64  30.258  10.250  0001.41  03.73  08.06  312.7  009.26  26.927  1020.625  1480.97 
2024 01 25 12 57 15.89  30.254  10.257  0001.41  03.67  08.06  312.7  009.26  26.919  1020.617  1480.98 
2024 01 25 12 57 16.14  30.251  10.258  0001.41  03.84  08.06  312.7  009.26  26.915  1020.614  1480.98 
2024 01 25 12 57 16.39  30.247  10.258  0001.41  03.85  08.06  312.7  009.26  26.911  1020.611  1480.97 
2024 01 25 12 57 16.64  30.243  10.260  0001.42  03.73  08.06  312.7  009.26  26.906  1020.607  1480.97 
2024 01 25 12 57 16.89  30.238  10.266  0001.40  03.65  08.06  312.7  009.26  26.896  1020.598  1480.99 
2024 01 25 12 57 17.14  30.236  10.270  0001.41  03.62  08.06  312.7  009.26  26.891  1020.594  1480.99 
2024 01 25 12 57 17.39  30.229  10.272  0001.42  03.66  08.06  312.7  009.26  26.882  1020.586  1480.99 
2024 01 25 12 57 17.64  30.230  10.271  0001.41  03.74  08.06  312.7  009.26  26.884  1020.588  1480.99 
2024 01 25 12 57 17.89  30.229  10.268  0001.40  03.63  08.06  312.7  009.26  26.886  1020.590  1480.98 
2024 01 25 12 57 18.14  30.227  10.273  0001.42  03.65  08.06  312.7  009.26  26.880  1020.584  1480.99 
2024 01 25 12 57 18.39  30.226  10.271  0001.42  03.68  08.06  312.8  009.26  26.881  1020.585  1480.98 
2024 01 25 12 57 18.64  30.224  10.264  0001.41  03.76  08.06  312.8  009.26  26.884  1020.589  1480.96 
2024 01 25 12 57 18.89  30.223  10.263  0001.40  03.69  08.06  312.8  009.26  26.884  1020.589  1480.96 
2024 01 25 12 57 19.14  30.226  10.266  0001.40  03.75  08.06  312.8  009.26  26.884  1020.588  1480.97 
2024 01 25 12 57 19.39  30.223  10.269  0001.40  03.72  08.06  312.8  009.26  26.879  1020.585  1480.98 
2024 01 25 12 57 19.64  30.220  10.264  0001.41  03.61  08.06  312.8  009.26  26.880  1020.586  1480.96 
2024 01 25 12 57 19.89  30.217  10.271  0001.43  03.78  08.06  312.8  009.26  26.872  1020.578  1480.97 
2024 01 25 12 57 20.14  30.217  10.274  0001.41  03.64  08.06  312.8  009.26  26.869  1020.576  1480.98 
2024 01 25 12 57 20.39  30.214  10.273  0001.42  03.62  08.06  312.8  009.26  26.867  1020.574  1480.98 
2024 01 25 12 57 20.64  30.208  10.273  0001.42  03.60  08.06  312.8  009.26  26.862  1020.570  1480.97 
2024 01 25 12 57 20.89  30.207  10.281  0001.43  03.63  08.06  312.8  009.26  26.855  1020.564  1480.99 
2024 01 25 12 57 21.14  30.207  10.278  0001.44  03.54  08.06  312.8  009.26  26.857  1020.566  1480.98 
2024 01 25 12 57 21.39  30.214  10.272  0001.45  03.46  08.06  312.5  009.26  26.868  1020.575  1480.97 
2024 01 25 12 57 21.64  30.213  10.271  0001.45  03.58  08.06  312.5  009.26  26.868  1020.575  1480.97 
2024 01 25 12 57 21.89  30.211  10.283  0001.45  03.60  08.06  312.5  009.26  26.857  1020.565  1481.00 
2024 01 25 12 57 22.14  30.200  10.284  0001.44  03.56  08.06  312.5  009.26  26.845  1020.556  1480.99 
2024 01 25 12 57 22.39  30.192  10.302  0001.44  03.48  08.06  312.5  009.26  26.825  1020.537  1481.03 
2024 01 25 12 57 22.64  30.189  10.301  0001.45  03.43  08.06  312.5  009.26  26.822  1020.535  1481.02 
2024 01 25 12 57 22.89  30.187  10.304  0001.44  03.45  08.06  312.5  009.26  26.818  1020.531  1481.03 
2024 01 25 12 57 23.14  30.186  10.298  0001.47  03.54  08.06  312.5  009.26  26.821  1020.535  1481.01 
2024 01 25 12 57 23.39  30.202  10.281  0001.49  03.74  08.06  312.5  009.26  26.850  1020.560  1480.98 
2024 01 25 12 57 23.64  30.216  10.254  0001.46  03.96  08.06  312.5  009.26  26.884  1020.591  1480.93 
2024 01 25 12 57 23.89  30.216  10.256  0001.47  03.90  08.06  312.5  009.26  26.882  1020.589  1480.93 
2024 01 25 12 57 24.14  30.222  10.249  0001.45  03.97  08.06  312.5  009.26  26.892  1020.598  1480.92 
2024 01 25 12 57 24.39  30.230  10.247  0001.44  04.06  08.06  312.1  009.26  26.902  1020.606  1480.92 
2024 01 25 12 57 24.64  30.234  10.248  0001.45  03.96  08.06  312.1  009.26  26.905  1020.608  1480.93 
2024 01 25 12 57 24.89  30.231  10.247  0001.46  03.88  08.06  312.1  009.26  26.903  1020.606  1480.93 
2024 01 25 12 57 25.14  30.225  10.293  0001.49  03.81  08.06  312.1  009.26  26.863  1020.569  1481.04 
2024 01 25 12 57 25.39  30.222  10.308  0001.44  03.79  08.06  312.1  009.26  26.849  1020.555  1481.08 
2024 01 25 12 57 25.64  30.218  10.307  0001.46  03.65  08.06  312.1  009.29  26.845  1020.552  1481.08 
2024 01 25 12 57 25.89  30.216  10.301  0001.45  03.60  08.06  312.1  009.26  26.848  1020.555  1481.06 
2024 01 25 12 57 26.14  30.219  10.298  0001.45  03.59  08.06  312.1  009.26  26.854  1020.560  1481.05 
2024 01 25 12 57 26.39  30.214  10.301  0001.46  03.62  08.06  312.1  009.26  26.847  1020.554  1481.05 
2024 01 25 12 57 26.64  30.214  10.297  0001.44  03.89  08.06  312.1  009.26  26.849  1020.557  1481.04 
2024 01 25 12 57 26.89  30.216  10.282  0001.46  03.92  08.06  312.1  009.26  26.863  1020.570  1481.00 
2024 01 25 12 57 27.14  30.226  10.262  0001.45  03.88  08.06  312.1  009.26  26.887  1020.591  1480.96 
2024 01 25 12 57 27.39  30.231  10.260  0001.45  04.00  08.06  311.9  009.26  26.893  1020.597  1480.96 
2024 01 25 12 57 27.64  30.236  10.259  0001.44  03.96  08.06  311.9  009.26  26.899  1020.601  1480.97 
2024 01 25 12 57 27.89  30.238  10.250  0001.44  03.89  08.06  311.9  009.26  26.907  1020.609  1480.94 
2024 01 25 12 57 28.14  30.242  10.243  0001.44  03.87  08.06  311.9  009.26  26.917  1020.618  1480.93 
2024 01 25 12 57 28.39  30.244  10.240  0001.48  03.96  08.06  311.9  009.26  26.921  1020.622  1480.92 
2024 01 25 12 57 28.64  30.243  10.235  0001.46  03.99  08.06  311.9  009.26  26.924  1020.625  1480.91 
2024 01 25 12 57 28.89  30.246  10.235  0001.44  03.99  08.06  311.9  009.26  26.927  1020.627  1480.91 
2024 01 25 12 57 29.14  30.247  10.236  0001.46  03.92  08.06  311.9  009.26  26.927  1020.627  1480.92 
2024 01 25 12 57 29.39  30.244  10.241  0001.44  03.71  08.06  311.9  009.26  26.921  1020.621  1480.92 
2024 01 25 12 57 29.64  30.242  10.250  0001.45  03.82  08.06  311.9  009.26  26.911  1020.612  1480.95 
2024 01 25 12 57 29.89  30.238  10.260  0001.46  03.85  08.06  311.9  009.26  26.901  1020.603  1480.97 
2024 01 25 12 57 30.14  30.227  10.276  0001.46  03.82  08.06  311.9  009.26  26.878  1020.583  1481.00 
2024 01 25 12 57 30.39  30.223  10.271  0001.46  03.81  08.06  312.3  009.26  26.878  1020.583  1480.98 
2024 01 25 12 57 30.64  30.230  10.267  0001.45  03.80  08.06  312.3  009.26  26.887  1020.591  1480.98 
2024 01 25 12 57 30.89  30.234  10.256  0001.44  03.84  08.06  312.3  009.26  26.899  1020.602  1480.95 
2024 01 25 12 57 31.14  30.240  10.250  0001.45  03.98  08.06  312.3  009.26  26.910  1020.611  1480.95 
2024 01 25 12 57 31.39  30.240  10.249  0001.47  03.99  08.06  312.3  009.26  26.910  1020.612  1480.94 
2024 01 25 12 57 31.64  30.242  10.249  0001.46  04.13  08.06  312.3  009.26  26.912  1020.613  1480.94 
2024 01 25 12 57 31.89  30.241  10.252  0001.44  03.94  08.06  312.3  009.26  26.909  1020.611  1480.95 
2024 01 25 12 57 32.14  30.239  10.252  0001.44  03.85  08.06  312.3  009.26  26.908  1020.609  1480.95 
2024 01 25 12 57 32.39  30.237  10.252  0001.44  03.69  08.06  312.3  009.26  26.905  1020.607  1480.95 
2024 01 25 12 57 32.64  30.231  10.269  0001.44  03.65  08.06  312.3  009.26  26.887  1020.591  1480.99 
2024 01 25 12 57 32.89  30.231  10.268  0001.49  03.68  08.06  312.3  009.26  26.888  1020.592  1480.98 
2024 01 25 12 57 33.14  30.228  10.270  0001.50  03.79  08.06  312.3  009.26  26.883  1020.588  1480.99 
2024 01 25 12 57 33.39  30.219  10.284  0001.51  03.79  08.06  312.3  009.26  26.864  1020.570  1481.01 
2024 01 25 12 57 33.64  30.204  10.304  0001.53  03.57  08.06  312.3  009.26  26.835  1020.545  1481.05 
2024 01 25 12 57 33.89  30.222  10.294  0001.57  03.47  08.06  312.3  009.26  26.860  1020.566  1481.04 
2024 01 25 12 57 34.14  30.266  10.237  0001.63  03.77  08.06  312.3  009.26  26.945  1020.641  1480.94 
2024 01 25 12 57 34.39  30.270  10.234  0001.70  03.99  08.06  312.3  009.26  26.951  1020.647  1480.94 
2024 01 25 12 57 34.64  30.281  10.223  0001.79  04.04  08.06  312.3  009.26  26.970  1020.664  1480.92 
2024 01 25 12 57 34.89  30.288  10.218  0001.84  04.08  08.06  312.3  009.26  26.981  1020.673  1480.92 
2024 01 25 12 57 35.14  30.292  10.215  0001.95  04.05  08.06  312.3  009.26  26.987  1020.679  1480.92 
2024 01 25 12 57 35.39  30.313  10.190  0002.06  04.10  08.06  312.3  009.26  27.026  1020.714  1480.88 
2024 01 25 12 57 35.64  30.372  10.174  0002.19  04.23  08.06  312.3  009.26  27.096  1020.771  1480.90 
2024 01 25 12 57 35.89  30.554  10.103  0002.30  04.34  08.06  312.3  009.26  27.329  1020.964  1480.93 
2024 01 25 12 57 36.14  30.624  10.071  0002.42  04.62  08.06  312.3  009.26  27.422  1021.042  1480.92 
2024 01 25 12 57 36.39  30.640  10.062  0002.59  05.10  08.06  313.5  009.26  27.444  1021.061  1480.92 
2024 01 25 12 57 36.64  30.644  10.058  0002.75  05.51  08.06  313.5  009.26  27.451  1021.068  1480.92 
2024 01 25 12 57 36.89  30.648  10.054  0002.85  05.83  08.06  313.5  009.26  27.459  1021.076  1480.91 
2024 01 25 12 57 37.14  30.654  10.047  0002.98  06.25  08.06  313.5  009.26  27.470  1021.086  1480.90 
2024 01 25 12 57 37.39  30.667  10.041  0003.11  06.50  08.06  313.5  009.26  27.487  1021.100  1480.90 
2024 01 25 12 57 37.64  30.695  10.019  0003.23  06.93  08.06  313.5  009.26  27.530  1021.139  1480.88 
2024 01 25 12 57 37.89  30.707  10.005  0003.34  07.15  08.06  313.5  009.26  27.554  1021.160  1480.86 
2024 01 25 12 57 38.14  30.741  10.007  0003.45  07.21  08.06  313.5  009.26  27.586  1021.184  1480.91 
2024 01 25 12 57 38.39  30.889  10.031  0003.57  07.40  08.06  313.5  009.26  27.714  1021.281  1481.15 
2024 01 25 12 57 38.64  31.026  10.058  0003.71  08.06  08.06  313.5  009.26  27.829  1021.367  1481.39 
2024 01 25 12 57 38.89  31.089  10.077  0003.83  08.47  08.05  313.5  009.26  27.877  1021.402  1481.52 
2024 01 25 12 57 39.14  31.155  10.087  0003.96  09.09  08.05  313.5  009.26  27.935  1021.446  1481.63 
2024 01 25 12 57 39.39  31.174  10.082  0004.07  10.23  08.05  317.4  009.26  27.957  1021.465  1481.64 
2024 01 25 12 57 39.64  31.249  10.104  0004.21  11.06  08.05  317.4  009.26  28.014  1021.506  1481.79 
2024 01 25 12 57 39.89  31.302  10.108  0004.33  11.86  08.05  317.4  009.26  28.063  1021.545  1481.87 
2024 01 25 12 57 40.14  31.319  10.083  0004.43  12.65  08.05  317.4  009.26  28.100  1021.577  1481.82 
2024 01 25 12 57 40.39  31.320  10.072  0004.57  12.85  08.05  317.4  009.26  28.110  1021.587  1481.80 
2024 01 25 12 57 40.64  31.329  10.069  0004.70  12.08  08.05  317.4  009.26  28.120  1021.597  1481.80 
2024 01 25 12 57 40.89  31.367  10.060  0004.84  11.36  08.05  317.4  009.26  28.165  1021.634  1481.82 
2024 01 25 12 57 41.14  31.378  10.053  0004.97  10.96  08.04  317.4  009.26  28.182  1021.648  1481.82 
2024 01 25 12 57 41.39  31.384  10.049  0005.11  11.37  08.04  317.4  009.26  28.190  1021.656  1481.82 
2024 01 25 12 57 41.64  31.385  10.046  0005.25  11.60  08.04  317.4  009.26  28.195  1021.661  1481.81 
2024 01 25 12 57 41.89  31.394  10.044  0005.39  12.07  08.04  317.4  009.26  28.205  1021.670  1481.82 
2024 01 25 12 57 42.14  31.397  10.042  0005.51  12.74  08.04  317.4  009.26  28.209  1021.674  1481.82 
2024 01 25 12 57 42.39  31.398  10.040  0005.66  12.55  08.04  317.4  009.26  28.211  1021.677  1481.82 
2024 01 25 12 57 42.64  31.400  10.040  0005.83  12.11  08.04  317.4  009.26  28.213  1021.679  1481.83 
2024 01 25 12 57 42.89  31.401  10.040  0005.92  12.03  08.04  317.4  009.26  28.214  1021.680  1481.83 
2024 01 25 12 57 43.14  31.403  10.039  0006.06  11.65  08.04  317.4  009.26  28.217  1021.683  1481.83 
2024 01 25 12 57 43.39  31.404  10.038  0006.14  12.62  08.04  317.4  009.26  28.218  1021.685  1481.83 
2024 01 25 12 57 43.64  31.400  10.038  0006.21  13.37  08.04  317.4  009.26  28.214  1021.682  1481.83 
2024 01 25 12 57 43.89  31.401  10.038  0006.27  13.40  08.04  317.4  009.26  28.216  1021.683  1481.83 
2024 01 25 12 57 44.14  31.404  10.038  0006.33  13.72  08.04  317.4  009.26  28.218  1021.685  1481.83 
2024 01 25 12 57 44.39  31.404  10.038  0006.32  13.67  08.04  317.4  009.26  28.219  1021.686  1481.83 
2024 01 25 12 57 44.64  31.405  10.037  0006.37  13.81  08.04  317.4  009.26  28.220  1021.687  1481.83 
2024 01 25 12 57 44.89  31.404  10.038  0006.45  14.22  08.04  317.4  009.26  28.219  1021.686  1481.83 
2024 01 25 12 57 45.14  31.407  10.035  0006.59  14.40  08.04  317.4  009.26  28.224  1021.692  1481.83 
2024 01 25 12 57 45.39  31.408  10.034  0006.65  15.01  08.04  318.0  009.26  28.226  1021.693  1481.83 
2024 01 25 12 57 45.64  31.407  10.035  0006.73  14.56  08.04  318.0  009.26  28.224  1021.692  1481.83 
2024 01 25 12 57 45.89  31.408  10.034  0006.82  14.46  08.04  318.0  009.26  28.226  1021.694  1481.84 
2024 01 25 12 57 46.14  31.408  10.033  0006.88  14.85  08.04  318.0  009.26  28.227  1021.695  1481.83 
2024 01 25 12 57 46.39  31.407  10.034  0006.94  14.82  08.04  318.0  009.26  28.225  1021.694  1481.83 
2024 01 25 12 57 46.64  31.408  10.033  0006.99  15.46  08.04  318.0  009.26  28.227  1021.696  1481.83 
2024 01 25 12 57 46.89  31.408  10.031  0007.05  14.97  08.04  318.0  009.26  28.228  1021.698  1481.83 
2024 01 25 12 57 47.14  31.410  10.031  0007.13  16.24  08.04  318.0  009.26  28.230  1021.699  1481.83 
2024 01 25 12 57 47.39  31.411  10.030  0007.18  16.05  08.04  318.0  009.26  28.231  1021.701  1481.83 
2024 01 25 12 57 47.64  31.410  10.030  0007.20  16.05  08.04  318.0  009.26  28.231  1021.700  1481.83 
2024 01 25 12 57 47.89  31.411  10.031  0007.24  15.62  08.04  318.0  009.26  28.231  1021.701  1481.84 
2024 01 25 12 57 48.14  31.408  10.030  0007.27  15.20  08.04  318.0  009.26  28.229  1021.699  1481.83 
2024 01 25 12 57 48.39  31.417  10.024  0007.36  15.43  08.04  319.5  009.26  28.243  1021.711  1481.83 
2024 01 25 12 57 48.64  31.427  10.016  0007.45  16.02  08.04  319.5  009.26  28.258  1021.725  1481.82 
2024 01 25 12 57 48.89  31.430  10.016  0007.53  15.56  08.04  319.5  009.26  28.262  1021.728  1481.82 
2024 01 25 12 57 49.14  31.434  10.011  0007.63  15.56  08.04  319.5  009.26  28.269  1021.735  1481.82 
2024 01 25 12 57 49.39  31.438  10.010  0007.74  14.87  08.04  319.5  009.26  28.274  1021.740  1481.82 
2024 01 25 12 57 49.64  31.445  10.002  0007.84  16.15  08.04  319.5  009.26  28.287  1021.751  1481.81 
2024 01 25 12 57 49.89  31.446  10.002  0007.94  14.83  08.04  319.5  009.26  28.288  1021.753  1481.81 
2024 01 25 12 57 50.14  31.451  09.997  0007.99  14.80  08.04  319.5  009.26  28.297  1021.761  1481.80 
2024 01 25 12 57 50.39  31.457  09.995  0008.05  14.75  08.04  319.5  009.26  28.304  1021.767  1481.81 
2024 01 25 12 57 50.64  31.455  09.997  0008.12  14.85  08.04  319.5  009.26  28.301  1021.764  1481.81 
2024 01 25 12 57 50.89  31.462  09.989  0008.16  15.70  08.04  319.5  009.26  28.314  1021.776  1481.80 
2024 01 25 12 57 51.14  31.469  09.988  0008.23  15.66  08.04  319.5  009.26  28.322  1021.783  1481.80 
2024 01 25 12 57 51.39  31.481  09.982  0008.29  17.13  08.04  321.4  009.26  28.338  1021.797  1481.80 
2024 01 25 12 57 51.64  31.481  09.985  0008.34  18.49  08.04  321.4  009.26  28.336  1021.795  1481.81 
2024 01 25 12 57 51.89  31.483  09.984  0008.40  16.86  08.04  321.4  009.26  28.338  1021.797  1481.81 
2024 01 25 12 57 52.14  31.487  09.982  0008.47  16.92  08.04  321.4  009.26  28.345  1021.803  1481.81 
2024 01 25 12 57 52.39  31.488  09.981  0008.52  16.93  08.04  321.4  009.26  28.346  1021.803  1481.82 
2024 01 25 12 57 52.64  31.490  09.979  0008.59  16.31  08.04  321.4  009.26  28.349  1021.807  1481.81 
2024 01 25 12 57 52.89  31.494  09.972  0008.71  16.24  08.04  321.4  009.26  28.359  1021.816  1481.80 
2024 01 25 12 57 53.14  31.495  09.972  0008.75  15.71  08.04  321.4  009.26  28.360  1021.818  1481.80 
2024 01 25 12 57 53.39  31.496  09.972  0008.78  14.91  08.04  321.4  009.26  28.361  1021.818  1481.80 
2024 01 25 12 57 53.64  31.497  09.972  0008.82  15.42  08.04  321.4  009.26  28.362  1021.819  1481.80 
2024 01 25 12 57 53.89  31.498  09.970  0008.87  14.76  08.04  321.4  009.26  28.365  1021.822  1481.80 
2024 01 25 12 57 54.14  31.526  09.957  0008.94  15.33  08.04  321.4  009.26  28.402  1021.853  1481.80 
2024 01 25 12 57 54.39  31.553  09.950  0009.00  17.12  08.04  323.9  009.26  28.434  1021.880  1481.82 
2024 01 25 12 57 54.64  31.543  09.955  0009.06  15.39  08.04  323.9  009.26  28.421  1021.869  1481.82 
2024 01 25 12 57 54.89  31.553  09.949  0009.17  14.48  08.04  323.9  009.26  28.436  1021.882  1481.82 
2024 01 25 12 57 55.14  31.561  09.945  0009.23  14.77  08.04  323.9  009.26  28.446  1021.891  1481.82 
2024 01 25 12 57 55.39  31.562  09.945  0009.33  14.69  08.04  323.9  009.26  28.448  1021.893  1481.82 
2024 01 25 12 57 55.64  31.564  09.944  0009.41  14.52  08.04  323.9  009.26  28.450  1021.895  1481.82 
2024 01 25 12 57 55.89  31.563  09.946  0009.45  12.80  08.04  323.9  009.26  28.448  1021.893  1481.82 
2024 01 25 12 57 56.14  31.563  09.945  0009.48  12.59  08.04  323.9  009.26  28.449  1021.894  1481.82 
2024 01 25 12 57 56.39  31.564  09.945  0009.54  12.51  08.03  323.9  009.26  28.450  1021.895  1481.82 
2024 01 25 12 57 56.64  31.560  09.943  0009.67  12.32  08.03  323.9  009.26  28.446  1021.893  1481.82 
2024 01 25 12 57 56.89  31.561  09.943  0009.77  12.40  08.03  323.9  009.26  28.449  1021.895  1481.82 
2024 01 25 12 57 57.14  31.562  09.943  0009.91  11.42  08.03  323.9  009.26  28.449  1021.896  1481.82 
2024 01 25 12 57 57.39  31.563  09.944  0010.05  11.75  08.03  324.6  009.26  28.449  1021.897  1481.83 
2024 01 25 12 57 57.64  31.564  09.943  0010.17  11.27  08.03  324.6  009.26  28.451  1021.899  1481.83 
2024 01 25 12 57 57.89  31.564  09.943  0010.29  10.97  08.03  324.6  009.26  28.451  1021.900  1481.83 
2024 01 25 12 57 58.14  31.564  09.943  0010.41  10.84  08.03  324.6  009.26  28.450  1021.899  1481.83 
2024 01 25 12 57 58.39  31.564  09.943  0010.56  10.96  08.03  324.6  009.26  28.451  1021.901  1481.84 
2024 01 25 12 57 58.64  31.565  09.943  0010.67  10.76  08.03  324.6  009.26  28.452  1021.902  1481.84 
2024 01 25 12 57 58.89  31.566  09.944  0010.73  10.16  08.03  324.6  009.26  28.452  1021.902  1481.84 
2024 01 25 12 57 59.14  31.564  09.943  0010.81  10.46  08.03  324.6  009.26  28.451  1021.902  1481.84 
2024 01 25 12 57 59.39  31.565  09.943  0010.87  10.52  08.03  324.6  009.26  28.452  1021.903  1481.84 
2024 01 25 12 57 59.64  31.565  09.944  0010.99  11.99  08.03  324.6  009.26  28.451  1021.903  1481.85 
2024 01 25 12 57 59.89  31.566  09.943  0011.11  10.83  08.03  324.6  009.26  28.453  1021.904  1481.85 
2024 01 25 12 58 00.14  31.564  09.943  0011.25  11.05  08.03  324.6  009.26  28.451  1021.904  1481.85 
2024 01 25 12 58 00.39  31.568  09.944  0011.38  10.35  08.03  322.8  009.26  28.454  1021.907  1481.86 
2024 01 25 12 58 00.64  31.571  09.945  0011.50  10.27  08.03  322.8  009.26  28.456  1021.909  1481.86 
2024 01 25 12 58 00.89  31.568  09.944  0011.64  10.26  08.03  322.8  009.26  28.454  1021.908  1481.86 
2024 01 25 12 58 01.14  31.569  09.944  0011.80  09.81  08.03  322.8  009.26  28.454  1021.909  1481.86 
2024 01 25 12 58 01.39  31.571  09.945  0011.92  09.12  08.03  322.8  009.26  28.456  1021.911  1481.87 
2024 01 25 12 58 01.64  31.576  09.945  0012.09  08.88  08.03  322.8  009.26  28.460  1021.915  1481.88 
2024 01 25 12 58 01.89  31.586  09.942  0012.24  08.79  08.03  322.8  009.26  28.472  1021.925  1481.89 
2024 01 25 12 58 02.14  31.596  09.937  0012.41  08.80  08.03  322.8  009.26  28.487  1021.938  1481.89 
2024 01 25 12 58 02.39  31.618  09.938  0012.53  08.73  08.03  322.8  009.26  28.508  1021.955  1481.92 
2024 01 25 12 58 02.64  31.629  09.940  0012.70  08.69  08.03  322.8  009.26  28.517  1021.963  1481.94 
2024 01 25 12 58 02.89  31.642  09.921  0012.86  08.39  08.03  322.8  009.26  28.544  1021.988  1481.91 
2024 01 25 12 58 03.14  31.650  09.848  0012.99  07.92  08.03  322.8  009.26  28.612  1022.052  1481.72 
2024 01 25 12 58 03.39  31.673  09.804  0013.12  07.93  08.03  321.2  009.26  28.668  1022.104  1481.63 
2024 01 25 12 58 03.64  31.677  09.802  0013.27  07.81  08.03  321.2  009.26  28.674  1022.109  1481.63 
2024 01 25 12 58 03.89  31.677  09.799  0013.41  07.39  08.03  321.2  009.26  28.676  1022.112  1481.63 
2024 01 25 12 58 04.14  31.677  09.798  0013.57  07.34  08.03  321.2  009.26  28.677  1022.113  1481.63 
2024 01 25 12 58 04.39  31.679  09.797  0013.66  07.24  08.03  321.2  009.26  28.680  1022.116  1481.63 
2024 01 25 12 58 04.64  31.682  09.798  0013.74  07.33  08.03  321.2  009.26  28.682  1022.118  1481.63 
2024 01 25 12 58 04.89  31.682  09.799  0013.78  07.94  08.03  321.2  009.26  28.681  1022.117  1481.64 
2024 01 25 12 58 05.14  31.680  09.799  0013.88  07.83  08.02  321.2  009.26  28.679  1022.117  1481.64 
2024 01 25 12 58 05.39  31.683  09.795  0014.01  07.46  08.02  321.2  009.26  28.686  1022.123  1481.63 
2024 01 25 12 58 05.64  31.685  09.789  0014.16  07.26  08.02  321.2  009.26  28.692  1022.129  1481.62 
2024 01 25 12 58 05.89  31.687  09.787  0014.33  06.96  08.02  321.2  009.26  28.696  1022.133  1481.62 
2024 01 25 12 58 06.14  31.686  09.780  0014.47  06.71  08.02  321.2  009.26  28.700  1022.138  1481.60 
2024 01 25 12 58 06.39  31.691  09.772  0014.57  06.91  08.02  321.1  009.26  28.712  1022.149  1481.59 
2024 01 25 12 58 06.64  31.714  09.742  0014.68  06.66  08.02  321.1  009.26  28.759  1022.191  1481.54 
2024 01 25 12 58 06.89  31.721  09.707  0014.77  06.91  08.02  321.1  009.26  28.794  1022.224  1481.45 
2024 01 25 12 58 07.14  31.737  09.689  0014.83  06.67  08.02  321.1  009.26  28.824  1022.251  1481.42 
2024 01 25 12 58 07.39  31.739  09.704  0014.89  06.14  08.02  321.1  009.26  28.814  1022.241  1481.47 
2024 01 25 12 58 07.64  31.735  09.688  0014.96  05.91  08.02  321.1  009.26  28.822  1022.250  1481.42 
2024 01 25 12 58 07.89  31.752  09.629  0015.07  05.97  08.02  321.1  009.26  28.887  1022.310  1481.28 
2024 01 25 12 58 08.14  31.760  09.623  0015.17  05.63  08.02  321.1  009.26  28.900  1022.321  1481.28 
2024 01 25 12 58 08.39  31.769  09.617  0015.29  05.46  08.02  321.1  009.26  28.914  1022.334  1481.27 
2024 01 25 12 58 08.64  31.786  09.595  0015.41  05.36  08.02  321.1  009.26  28.948  1022.364  1481.24 
2024 01 25 12 58 08.89  31.804  09.534  0015.53  05.17  08.01  321.1  009.26  29.016  1022.427  1481.10 
2024 01 25 12 58 09.14  31.795  09.484  0015.66  05.15  08.01  321.1  009.26  29.046  1022.459  1480.95 
2024 01 25 12 58 09.39  31.793  09.476  0015.79  04.63  08.01  320.3  009.26  29.052  1022.465  1480.93 
2024 01 25 12 58 09.64  31.799  09.476  0015.94  04.69  08.01  320.3  009.26  29.057  1022.470  1480.94 
2024 01 25 12 58 09.89  31.799  09.478  0016.03  04.34  08.01  320.3  009.26  29.056  1022.470  1480.95 
2024 01 25 12 58 10.14  31.799  09.474  0016.17  04.30  08.01  320.3  009.26  29.059  1022.473  1480.94 
2024 01 25 12 58 10.39  31.799  09.475  0016.29  04.36  08.01  320.3  009.26  29.058  1022.472  1480.94 
2024 01 25 12 58 10.64  31.812  09.483  0016.41  04.26  08.01  320.3  009.26  29.064  1022.477  1480.98 
2024 01 25 12 58 10.89  31.845  09.507  0016.49  04.23  08.01  320.3  009.26  29.078  1022.485  1481.09 
2024 01 25 12 58 11.14  31.878  09.534  0016.55  04.21  08.01  320.3  009.26  29.090  1022.490  1481.20 
2024 01 25 12 58 11.39  31.894  09.550  0016.57  04.09  08.01  320.3  009.26  29.093  1022.490  1481.27 
2024 01 25 12 58 11.64  31.900  09.561  0016.66  04.00  08.00  320.3  009.26  29.091  1022.487  1481.31 
2024 01 25 12 58 11.89  31.929  09.578  0016.75  04.47  08.01  320.3  009.26  29.105  1022.496  1481.39 
2024 01 25 12 58 12.14  31.935  09.579  0016.86  04.67  08.01  320.3  009.26  29.111  1022.501  1481.40 
2024 01 25 12 58 12.39  31.938  09.576  0016.98  04.69  08.01  323.1  009.26  29.116  1022.505  1481.40 
2024 01 25 12 58 12.64  31.923  09.557  0017.10  04.65  08.01  323.1  009.26  29.117  1022.510  1481.33 
2024 01 25 12 58 12.89  31.912  09.539  0017.27  04.49  08.01  323.1  009.26  29.120  1022.516  1481.27 
2024 01 25 12 58 13.14  31.929  09.547  0017.45  04.32  08.01  323.1  009.26  29.130  1022.523  1481.32 
2024 01 25 12 58 13.39  31.907  09.515  0017.57  04.33  08.01  323.1  009.26  29.134  1022.532  1481.20 
2024 01 25 12 58 13.64  31.884  09.486  0017.69  04.28  08.01  323.1  009.26  29.135  1022.538  1481.10 
2024 01 25 12 58 13.89  31.865  09.453  0017.85  04.40  08.01  323.1  009.26  29.141  1022.548  1480.99 
2024 01 25 12 58 14.14  31.857  09.446  0017.95  04.28  08.01  323.1  009.26  29.139  1022.548  1480.96 
2024 01 25 12 58 14.39  31.857  09.447  0018.10  04.09  08.01  323.1  009.26  29.139  1022.549  1480.97 
2024 01 25 12 58 14.64  31.841  09.426  0018.28  03.94  08.01  323.1  009.26  29.140  1022.553  1480.89 
2024 01 25 12 58 14.89  31.837  09.422  0018.45  03.97  08.01  323.1  009.26  29.139  1022.554  1480.88 
2024 01 25 12 58 15.14  31.827  09.419  0018.63  03.92  08.01  323.1  009.26  29.131  1022.549  1480.86 
2024 01 25 12 58 15.39  31.830  09.417  0018.83  03.91  08.00  321.6  009.26  29.136  1022.554  1480.86 
2024 01 25 12 58 15.64  31.830  09.417  0019.02  03.87  08.00  321.6  009.26  29.136  1022.555  1480.87 
2024 01 25 12 58 15.89  31.830  09.417  0019.21  03.74  08.00  321.6  009.26  29.135  1022.555  1480.87 
2024 01 25 12 58 16.14  31.821  09.401  0019.36  03.79  08.00  321.6  009.26  29.139  1022.562  1480.82 
2024 01 25 12 58 16.39  31.819  09.391  0019.53  03.75  08.00  321.6  009.26  29.145  1022.568  1480.79 
2024 01 25 12 58 16.64  31.824  09.384  0019.70  03.67  08.00  321.6  009.26  29.156  1022.578  1480.78 
2024 01 25 12 58 16.89  31.824  09.380  0019.87  03.72  08.00  321.6  009.26  29.159  1022.582  1480.77 
2024 01 25 12 58 17.14  31.831  09.365  0020.04  03.85  08.00  321.6  009.26  29.178  1022.601  1480.74 
2024 01 25 12 58 17.39  31.839  09.363  0020.22  03.74  08.00  321.6  009.26  29.188  1022.609  1480.75 
2024 01 25 12 58 17.64  31.849  09.363  0020.42  03.56  08.00  321.6  009.26  29.197  1022.617  1480.77 
2024 01 25 12 58 17.89  31.855  09.358  0020.62  03.59  08.00  321.6  009.26  29.208  1022.627  1480.76 
2024 01 25 12 58 18.14  31.854  09.350  0020.82  03.68  08.00  321.6  009.26  29.214  1022.634  1480.74 
2024 01 25 12 58 18.39  31.847  09.342  0020.99  03.74  08.00  319.3  009.26  29.213  1022.636  1480.71 
2024 01 25 12 58 18.64  31.838  09.332  0021.17  03.72  08.00  319.3  009.26  29.212  1022.637  1480.68 
2024 01 25 12 58 18.89  31.823  09.318  0021.34  03.63  08.00  319.3  009.26  29.208  1022.637  1480.63 
2024 01 25 12 58 19.14  31.803  09.294  0021.50  03.47  08.00  319.3  009.26  29.207  1022.641  1480.54 
2024 01 25 12 58 19.39  31.801  09.288  0021.66  03.36  08.00  319.3  009.26  29.210  1022.644  1480.52 
2024 01 25 12 58 19.64  31.795  09.276  0021.77  03.49  08.00  319.3  009.26  29.213  1022.649  1480.48 
2024 01 25 12 58 19.89  31.783  09.218  0021.93  03.55  08.00  319.3  009.26  29.249  1022.686  1480.31 
2024 01 25 12 58 20.14  31.778  09.187  0022.12  03.24  08.00  319.3  009.26  29.269  1022.708  1480.22 
2024 01 25 12 58 20.39  31.773  09.179  0022.27  03.23  07.99  319.3  009.26  29.271  1022.711  1480.20 
2024 01 25 12 58 20.64  31.767  09.168  0022.46  03.13  07.99  319.3  009.26  29.274  1022.716  1480.16 
2024 01 25 12 58 20.89  31.752  09.110  0022.65  03.20  07.99  319.3  009.26  29.306  1022.750  1479.99 
2024 01 25 12 58 21.14  31.739  09.078  0022.82  03.07  07.99  319.3  009.26  29.319  1022.766  1479.89 
2024 01 25 12 58 21.39  31.730  09.062  0023.03  02.93  07.99  316.2  009.26  29.323  1022.773  1479.84 
2024 01 25 12 58 21.64  31.749  09.074  0023.20  02.83  07.99  316.2  009.26  29.332  1022.779  1479.90 
2024 01 25 12 58 21.89  31.761  09.080  0023.40  02.87  07.98  316.2  009.29  29.339  1022.785  1479.93 
2024 01 25 12 58 22.14  31.764  09.080  0023.60  02.86  07.98  316.2  009.26  29.342  1022.788  1479.94 
2024 01 25 12 58 22.39  31.764  09.070  0023.77  02.73  07.98  316.2  009.26  29.350  1022.797  1479.92 
2024 01 25 12 58 22.64  31.799  09.109  0024.01  02.80  07.98  316.2  009.26  29.354  1022.795  1480.07 
2024 01 25 12 58 22.89  31.808  09.114  0024.19  02.80  07.98  316.2  009.26  29.359  1022.798  1480.10 
2024 01 25 12 58 23.14  31.816  09.112  0024.40  02.94  07.98  316.2  009.26  29.368  1022.807  1480.11 
2024 01 25 12 58 23.39  31.809  09.103  0024.61  02.89  07.98  316.2  009.26  29.368  1022.810  1480.07 
2024 01 25 12 58 23.64  31.820  09.110  0024.82  02.87  07.98  316.2  009.26  29.374  1022.814  1480.11 
2024 01 25 12 58 23.89  31.839  09.123  0025.06  02.95  07.98  316.2  009.26  29.382  1022.819  1480.17 
2024 01 25 12 58 24.14  31.846  09.130  0025.28  02.94  07.98  316.2  009.26  29.385  1022.821  1480.20 
2024 01 25 12 58 24.39  31.875  09.141  0025.47  03.09  07.98  316.2  009.26  29.404  1022.836  1480.27 
2024 01 25 12 58 24.64  31.830  09.065  0025.72  03.10  07.98  314.1  009.26  29.421  1022.862  1480.01 
2024 01 25 12 58 24.89  31.811  09.043  0025.92  02.98  07.98  314.1  009.26  29.420  1022.865  1479.93 
2024 01 25 12 58 25.14  31.772  08.972  0026.16  02.85  07.99  314.1  009.26  29.438  1022.891  1479.70 
2024 01 25 12 58 25.39  31.736  08.898  0026.34  02.85  07.98  314.1  009.26  29.462  1022.922  1479.45 
2024 01 25 12 58 25.64  31.701  08.823  0026.54  02.82  07.98  314.1  009.26  29.489  1022.954  1479.21 
2024 01 25 12 58 25.89  31.690  08.801  0026.72  02.63  07.98  314.1  009.26  29.496  1022.964  1479.13 
2024 01 25 12 58 26.14  31.683  08.786  0026.94  02.55  07.98  314.1  009.26  29.501  1022.971  1479.09 
2024 01 25 12 58 26.39  31.675  08.763  0027.12  02.41  07.98  314.1  009.26  29.512  1022.983  1479.02 
2024 01 25 12 58 26.64  31.667  08.747  0027.31  02.41  07.97  314.1  009.26  29.517  1022.991  1478.96 
2024 01 25 12 58 26.89  31.665  08.730  0027.48  02.35  07.97  314.1  009.26  29.528  1023.003  1478.92 
2024 01 25 12 58 27.14  31.657  08.717  0027.65  02.38  07.97  314.1  009.26  29.531  1023.008  1478.87 
2024 01 25 12 58 27.39  31.646  08.690  0027.86  02.29  07.96  314.1  009.26  29.542  1023.021  1478.79 
2024 01 25 12 58 27.64  31.640  08.668  0028.03  02.29  07.96  311.4  009.26  29.554  1023.035  1478.73 
2024 01 25 12 58 27.89  31.633  08.648  0028.23  02.33  07.96  311.4  009.26  29.564  1023.046  1478.66 
2024 01 25 12 58 28.14  31.612  08.596  0028.42  02.30  07.96  311.4  009.26  29.586  1023.072  1478.50 
2024 01 25 12 58 28.39  31.580  08.535  0028.61  02.21  07.96  311.4  009.26  29.603  1023.095  1478.29 
2024 01 25 12 58 28.64  31.556  08.480  0028.82  02.13  07.95  311.4  009.26  29.624  1023.120  1478.11 
2024 01 25 12 58 28.89  31.533  08.433  0029.00  02.00  07.95  311.4  009.26  29.640  1023.140  1477.96 
2024 01 25 12 58 29.14  31.519  08.360  0029.24  01.92  07.95  311.4  009.26  29.687  1023.188  1477.74 
2024 01 25 12 58 29.39  31.497  08.289  0029.44  01.82  07.94  311.4  009.26  29.723  1023.227  1477.52 
2024 01 25 12 58 29.64  31.492  08.273  0029.64  01.77  07.94  311.4  009.26  29.732  1023.238  1477.47 
2024 01 25 12 58 29.89  31.486  08.258  0029.85  01.76  07.94  311.4  009.26  29.737  1023.245  1477.43 
2024 01 25 12 58 30.14  31.498  08.261  0030.04  01.79  07.93  311.4  009.26  29.748  1023.254  1477.45 
2024 01 25 12 58 30.39  31.517  08.246  0030.24  01.76  07.93  311.4  009.26  29.780  1023.282  1477.44 
2024 01 25 12 58 30.64  31.514  08.223  0030.47  01.77  07.93  306.0  009.26  29.797  1023.300  1477.38 
2024 01 25 12 58 30.89  31.507  08.173  0030.69  01.73  07.93  306.0  009.26  29.832  1023.335  1477.23 
2024 01 25 12 58 31.14  31.506  08.162  0030.87  01.69  07.93  306.0  009.26  29.841  1023.344  1477.20 
2024 01 25 12 58 31.39  31.506  08.152  0031.09  01.73  07.92  306.0  009.26  29.848  1023.353  1477.18 
2024 01 25 12 58 31.64  31.506  08.150  0031.27  01.76  07.92  306.0  009.26  29.850  1023.355  1477.18 
2024 01 25 12 58 31.89  31.508  08.146  0031.43  01.74  07.92  306.0  009.26  29.855  1023.360  1477.17 
2024 01 25 12 58 32.14  31.512  08.146  0031.60  01.84  07.92  306.0  009.26  29.860  1023.365  1477.18 
2024 01 25 12 58 32.39  31.512  08.147  0031.76  01.76  07.92  306.0  009.26  29.858  1023.364  1477.18 
2024 01 25 12 58 32.64  31.514  08.144  0031.96  01.79  07.92  306.0  009.26  29.862  1023.369  1477.18 
2024 01 25 12 58 32.89  31.514  08.142  0032.12  02.08  07.92  306.0  009.26  29.865  1023.372  1477.18 
2024 01 25 12 58 33.14  31.514  08.137  0032.30  01.91  07.92  306.0  009.26  29.869  1023.376  1477.17 
2024 01 25 12 58 33.39  31.514  08.140  0032.49  01.82  07.92  306.0  009.26  29.867  1023.375  1477.18 
2024 01 25 12 58 33.64  31.514  08.133  0032.65  01.82  07.92  302.6  009.26  29.872  1023.381  1477.16 
2024 01 25 12 58 33.89  31.511  08.132  0032.82  01.83  07.92  302.6  009.26  29.870  1023.381  1477.16 
2024 01 25 12 58 34.14  31.492  08.095  0033.03  01.83  07.92  302.6  009.26  29.882  1023.396  1477.03 
2024 01 25 12 58 34.39  31.492  08.093  0033.24  01.73  07.92  302.6  009.26  29.883  1023.398  1477.03 
2024 01 25 12 58 34.64  31.493  08.098  0033.47  01.71  07.92  302.6  009.26  29.880  1023.396  1477.05 
2024 01 25 12 58 34.89  31.492  08.100  0033.64  01.67  07.92  302.6  009.26  29.877  1023.394  1477.06 
2024 01 25 12 58 35.14  31.497  08.103  0033.82  01.77  07.92  302.6  009.26  29.880  1023.397  1477.07 
2024 01 25 12 58 35.39  31.479  08.061  0034.03  01.78  07.92  302.6  009.26  29.896  1023.416  1476.94 
2024 01 25 12 58 35.64  31.463  08.010  0034.19  01.72  07.91  302.6  009.26  29.923  1023.445  1476.78 
2024 01 25 12 58 35.89  31.466  07.974  0034.38  01.70  07.91  302.6  009.26  29.957  1023.478  1476.68 
2024 01 25 12 58 36.14  31.467  07.916  0034.59  01.68  07.91  302.6  009.26  30.007  1023.526  1476.53 
2024 01 25 12 58 36.39  31.473  07.900  0034.80  01.64  07.91  302.6  009.26  30.028  1023.545  1476.50 
2024 01 25 12 58 36.64  31.471  07.882  0034.98  01.61  07.91  299.8  009.26  30.040  1023.558  1476.45 
2024 01 25 12 58 36.89  31.447  07.838  0035.21  01.61  07.91  299.8  009.26  30.053  1023.576  1476.30 
2024 01 25 12 58 37.14  31.428  07.799  0035.40  01.71  07.91  299.8  009.26  30.067  1023.593  1476.17 
2024 01 25 12 58 37.39  31.425  07.780  0035.61  01.54  07.91  299.8  009.26  30.080  1023.607  1476.11 
2024 01 25 12 58 37.64  31.422  07.765  0035.82  01.52  07.90  299.8  009.26  30.089  1023.617  1476.07 
2024 01 25 12 58 37.89  31.415  07.746  0036.02  01.51  07.90  299.8  009.26  30.098  1023.627  1476.01 
2024 01 25 12 58 38.14  31.408  07.731  0036.23  01.52  07.90  299.8  009.26  30.103  1023.634  1475.96 
2024 01 25 12 58 38.39  31.396  07.711  0036.43  01.51  07.90  299.8  009.26  30.108  1023.642  1475.89 
2024 01 25 12 58 38.64  31.392  07.690  0036.62  01.42  07.90  299.8  009.26  30.121  1023.656  1475.83 
2024 01 25 12 58 38.89  31.388  07.672  0036.76  01.45  07.90  299.8  009.26  30.133  1023.668  1475.78 
2024 01 25 12 58 39.14  31.383  07.652  0036.92  01.48  07.89  299.8  009.26  30.145  1023.682  1475.72 
2024 01 25 12 58 39.39  31.374  07.634  0037.09  01.59  07.89  299.8  009.26  30.151  1023.689  1475.66 
2024 01 25 12 58 39.64  31.370  07.625  0037.29  01.49  07.89  296.5  009.26  30.154  1023.694  1475.64 
2024 01 25 12 58 39.89  31.364  07.612  0037.44  01.46  07.89  296.5  009.26  30.159  1023.700  1475.59 
2024 01 25 12 58 40.14  31.350  07.587  0037.57  01.67  07.89  296.5  009.26  30.166  1023.709  1475.51 
2024 01 25 12 58 40.39  31.328  07.540  0037.74  01.54  07.89  296.5  009.26  30.184  1023.731  1475.35 
2024 01 25 12 58 40.64  31.305  07.467  0037.89  01.61  07.89  296.5  009.26  30.222  1023.771  1475.12 
2024 01 25 12 58 40.89  31.286  07.409  0038.08  01.38  07.89  296.5  009.26  30.252  1023.803  1474.93 
2024 01 25 12 58 41.14  31.276  07.379  0038.26  01.25  07.88  296.5  009.26  30.267  1023.820  1474.84 
2024 01 25 12 58 41.39  31.274  07.373  0038.44  01.25  07.88  296.5  009.26  30.270  1023.824  1474.82 
2024 01 25 12 58 41.64  31.268  07.341  0038.64  01.28  07.88  296.5  009.26  30.292  1023.846  1474.73 
2024 01 25 12 58 41.89  31.260  07.308  0038.81  01.19  07.88  296.5  009.26  30.312  1023.867  1474.63 
2024 01 25 12 58 42.14  31.260  07.298  0039.01  01.10  07.87  296.5  009.26  30.320  1023.876  1474.60 
2024 01 25 12 58 42.39  31.257  07.289  0039.20  01.07  07.87  296.5  009.26  30.326  1023.882  1474.58 
2024 01 25 12 58 42.64  31.254  07.269  0039.37  01.10  07.87  294.0  009.26  30.339  1023.896  1474.52 
2024 01 25 12 58 42.89  31.246  07.249  0039.58  01.07  07.87  294.0  009.29  30.349  1023.907  1474.46 
2024 01 25 12 58 43.14  31.245  07.247  0039.79  01.04  07.86  294.0  009.26  30.349  1023.909  1474.45 
2024 01 25 12 58 43.39  31.242  07.237  0040.00  01.05  07.86  294.0  009.26  30.355  1023.916  1474.42 
2024 01 25 12 58 43.64  31.240  07.232  0040.18  01.02  07.86  294.0  009.26  30.357  1023.919  1474.41 
2024 01 25 12 58 43.89  31.240  07.230  0040.37  01.17  07.86  294.0  009.26  30.358  1023.921  1474.41 
2024 01 25 12 58 44.14  31.247  07.231  0040.58  01.11  07.86  294.0  009.26  30.365  1023.927  1474.42 
2024 01 25 12 58 44.39  31.249  07.228  0040.79  01.05  07.86  294.0  009.26  30.370  1023.932  1474.42 
2024 01 25 12 58 44.64  31.249  07.216  0040.92  01.06  07.86  294.0  009.26  30.379  1023.942  1474.39 
2024 01 25 12 58 44.89  31.233  07.191  0041.02  01.12  07.86  294.0  009.26  30.385  1023.950  1474.30 
2024 01 25 12 58 45.14  31.225  07.172  0041.20  01.07  07.86  294.0  009.26  30.392  1023.959  1474.24 
2024 01 25 12 58 45.39  31.204  07.104  0041.39  01.03  07.86  294.0  009.26  30.430  1023.999  1474.02 
2024 01 25 12 58 45.64  31.194  07.039  0041.63  01.00  07.86  291.5  009.26  30.477  1024.045  1473.83 
2024 01 25 12 58 45.89  31.192  07.008  0041.84  01.03  07.85  291.5  009.26  30.502  1024.069  1473.74 
2024 01 25 12 58 46.14  31.194  06.994  0042.05  01.02  07.85  291.5  009.26  30.515  1024.083  1473.71 
2024 01 25 12 58 46.39  31.202  06.992  0042.27  00.94  07.85  291.5  009.26  30.526  1024.093  1473.72 
2024 01 25 12 58 46.64  31.200  06.981  0042.43  00.97  07.85  291.5  009.26  30.534  1024.101  1473.69 
2024 01 25 12 58 46.89  31.221  06.995  0042.64  00.91  07.85  291.5  009.26  30.545  1024.109  1473.76 
2024 01 25 12 58 47.14  31.315  07.078  0042.84  00.86  07.85  291.5  009.26  30.572  1024.120  1474.12 
2024 01 25 12 58 47.39  31.350  07.107  0043.04  00.95  07.85  291.5  009.26  30.585  1024.128  1474.25 
2024 01 25 12 58 47.64  31.366  07.104  0043.28  00.92  07.85  291.5  009.26  30.604  1024.144  1474.27 
2024 01 25 12 58 47.89  31.366  07.091  0043.45  00.93  07.85  291.5  009.26  30.616  1024.156  1474.23 
2024 01 25 12 58 48.14  31.358  07.064  0043.67  00.86  07.86  291.5  009.26  30.630  1024.172  1474.15 
2024 01 25 12 58 48.39  31.350  07.047  0043.85  00.85  07.86  291.5  009.26  30.637  1024.180  1474.10 
2024 01 25 12 58 48.64  31.352  07.044  0044.08  00.87  07.86  288.3  009.26  30.641  1024.185  1474.09 
2024 01 25 12 58 48.89  31.364  07.056  0044.30  00.88  07.86  288.3  009.26  30.644  1024.186  1474.15 
2024 01 25 12 58 49.14  31.372  07.061  0044.45  00.86  07.87  288.3  009.26  30.648  1024.190  1474.17 
2024 01 25 12 58 49.39  31.374  07.058  0044.65  00.87  07.87  288.3  009.26  30.654  1024.195  1474.17 
2024 01 25 12 58 49.64  31.364  07.043  0044.90  00.85  07.87  288.3  009.26  30.655  1024.200  1474.12 
2024 01 25 12 58 49.89  31.353  07.026  0045.08  00.81  07.87  288.3  009.26  30.658  1024.205  1474.06 
2024 01 25 12 58 50.14  31.284  06.928  0045.27  00.78  07.87  288.3  009.26  30.671  1024.229  1473.69 
2024 01 25 12 58 50.39  31.262  06.904  0045.44  00.72  07.87  288.3  009.26  30.668  1024.231  1473.60 
2024 01 25 12 58 50.64  31.258  06.898  0045.67  00.76  07.87  288.3  009.26  30.669  1024.233  1473.58 
2024 01 25 12 58 50.89  31.245  06.884  0045.85  00.74  07.87  288.3  009.26  30.667  1024.234  1473.53 
2024 01 25 12 58 51.14  31.241  06.881  0046.05  00.76  07.87  288.3  009.26  30.665  1024.234  1473.52 
2024 01 25 12 58 51.39  31.241  06.878  0046.28  00.70  07.87  288.3  009.26  30.669  1024.238  1473.51 
2024 01 25 12 58 51.64  31.237  06.868  0046.48  00.70  07.86  290.7  009.26  30.673  1024.244  1473.48 
2024 01 25 12 58 51.89  31.217  06.846  0046.71  00.71  07.86  290.7  009.26  30.670  1024.245  1473.40 
2024 01 25 12 58 52.14  31.215  06.840  0046.94  00.70  07.86  290.7  009.26  30.674  1024.250  1473.38 
2024 01 25 12 58 52.39  31.216  06.839  0047.14  00.71  07.86  290.7  009.26  30.675  1024.252  1473.38 
2024 01 25 12 58 52.64  31.216  06.841  0047.38  00.67  07.86  290.7  009.26  30.674  1024.252  1473.39 
2024 01 25 12 58 52.89  31.214  06.838  0047.61  00.75  07.86  290.7  009.26  30.674  1024.254  1473.38 
2024 01 25 12 58 53.14  31.210  06.833  0047.81  00.77  07.86  290.7  009.26  30.675  1024.256  1473.37 
2024 01 25 12 58 53.39  31.209  06.827  0048.04  00.75  07.86  290.7  009.26  30.678  1024.260  1473.35 
2024 01 25 12 58 53.64  31.209  06.827  0048.29  00.69  07.86  290.7  009.26  30.678  1024.261  1473.35 
2024 01 25 12 58 53.89  31.206  06.825  0048.49  00.71  07.86  290.7  009.26  30.677  1024.262  1473.35 
2024 01 25 12 58 54.14  31.201  06.815  0048.71  00.71  07.86  290.7  009.26  30.680  1024.266  1473.32 
2024 01 25 12 58 54.39  31.190  06.802  0048.89  00.72  07.86  290.7  009.26  30.679  1024.268  1473.27 
2024 01 25 12 58 54.64  31.184  06.793  0049.11  00.70  07.86  291.3  009.26  30.681  1024.272  1473.24 
2024 01 25 12 58 54.89  31.177  06.785  0049.35  00.69  07.86  291.3  009.26  30.680  1024.273  1473.21 
2024 01 25 12 58 55.14  31.163  06.763  0049.56  00.73  07.85  291.3  009.26  30.684  1024.280  1473.13 
2024 01 25 12 58 55.39  31.148  06.748  0049.78  00.80  07.85  291.3  009.26  30.682  1024.281  1473.07 
2024 01 25 12 58 55.64  31.143  06.743  0050.02  00.76  07.85  291.3  009.26  30.681  1024.282  1473.06 
2024 01 25 12 58 55.89  31.139  06.735  0050.22  00.74  07.85  291.3  009.26  30.684  1024.287  1473.03 
2024 01 25 12 58 56.14  31.131  06.727  0050.45  00.76  07.85  291.3  009.26  30.682  1024.287  1473.00 
2024 01 25 12 58 56.39  31.126  06.719  0050.67  00.71  07.85  291.3  009.26  30.683  1024.290  1472.97 
2024 01 25 12 58 56.64  31.124  06.717  0050.87  00.75  07.85  291.3  009.26  30.683  1024.291  1472.97 
2024 01 25 12 58 56.89  31.120  06.711  0051.10  00.75  07.85  291.3  009.26  30.685  1024.294  1472.95 
2024 01 25 12 58 57.14  31.117  06.705  0051.31  00.73  07.85  291.3  009.26  30.686  1024.297  1472.93 
2024 01 25 12 58 57.39  31.114  06.698  0051.51  00.72  07.85  291.3  009.26  30.688  1024.301  1472.91 
2024 01 25 12 58 57.64  31.114  06.693  0051.72  00.72  07.85  290.5  009.26  30.693  1024.306  1472.90 
2024 01 25 12 58 57.89  31.120  06.694  0051.93  00.72  07.84  290.5  009.26  30.698  1024.311  1472.91 
2024 01 25 12 58 58.14  31.119  06.694  0052.15  00.66  07.84  290.5  009.26  30.697  1024.311  1472.92 
2024 01 25 12 58 58.39  31.117  06.693  0052.38  00.70  07.84  290.5  009.26  30.696  1024.311  1472.92 
2024 01 25 12 58 58.64  31.116  06.692  0052.60  00.66  07.84  290.5  009.26  30.696  1024.312  1472.92 
2024 01 25 12 58 58.89  31.110  06.683  0052.82  00.62  07.84  290.5  009.26  30.697  1024.315  1472.89 
2024 01 25 12 58 59.14  31.110  06.684  0053.05  00.67  07.84  290.5  009.26  30.696  1024.315  1472.89 
2024 01 25 12 58 59.39  31.108  06.681  0053.30  00.67  07.84  290.5  009.26  30.697  1024.318  1472.89 
2024 01 25 12 58 59.64  31.104  06.678  0053.52  00.68  07.84  290.5  009.26  30.695  1024.318  1472.87 
2024 01 25 12 58 59.89  31.104  06.676  0053.72  00.64  07.84  290.5  009.26  30.696  1024.320  1472.87 
2024 01 25 12 59 00.14  31.100  06.670  0053.92  00.62  07.84  290.5  009.26  30.697  1024.322  1472.85 
2024 01 25 12 59 00.39  31.096  06.667  0054.13  00.61  07.84  290.5  009.26  30.696  1024.323  1472.84 
2024 01 25 12 59 00.64  31.095  06.659  0054.32  00.64  07.84  288.8  009.26  30.701  1024.329  1472.82 
2024 01 25 12 59 00.89  31.091  06.652  0054.51  00.63  07.84  288.8  009.26  30.704  1024.333  1472.80 
2024 01 25 12 59 01.14  31.088  06.647  0054.70  00.63  07.84  288.8  009.26  30.704  1024.334  1472.78 
2024 01 25 12 59 01.39  31.089  06.647  0054.94  00.62  07.84  288.8  009.26  30.706  1024.337  1472.79 
2024 01 25 12 59 01.64  31.091  06.646  0055.14  00.67  07.84  288.8  009.26  30.709  1024.340  1472.79 
2024 01 25 12 59 01.89  31.093  06.646  0055.35  00.64  07.84  288.8  009.26  30.711  1024.342  1472.80 
2024 01 25 12 59 02.14  31.096  06.646  0055.55  00.61  07.84  288.8  009.26  30.714  1024.346  1472.80 
2024 01 25 12 59 02.39  31.096  06.644  0055.76  00.67  07.84  288.8  009.26  30.715  1024.348  1472.80 
2024 01 25 12 59 02.64  31.094  06.644  0055.96  00.64  07.84  288.8  009.26  30.713  1024.347  1472.80 
2024 01 25 12 59 02.89  31.095  06.645  0056.18  00.71  07.84  288.8  009.26  30.713  1024.349  1472.81 
2024 01 25 12 59 03.14  31.096  06.640  0056.37  00.63  07.84  288.8  009.26  30.718  1024.354  1472.80 
2024 01 25 12 59 03.39  31.093  06.636  0056.60  00.65  07.84  288.8  009.26  30.718  1024.356  1472.79 
2024 01 25 12 59 03.64  31.089  06.627  0056.83  00.61  07.84  287.1  009.26  30.722  1024.361  1472.76 
2024 01 25 12 59 03.89  31.087  06.624  0057.01  00.64  07.84  287.1  009.26  30.723  1024.362  1472.75 
2024 01 25 12 59 04.14  31.088  06.624  0057.21  00.64  07.84  287.1  009.26  30.724  1024.364  1472.76 
2024 01 25 12 59 04.39  31.087  06.625  0057.39  00.64  07.84  287.1  009.26  30.722  1024.364  1472.76 
2024 01 25 12 59 04.64  31.074  06.608  0057.63  00.60  07.84  287.1  009.26  30.723  1024.368  1472.70 
2024 01 25 12 59 04.89  31.072  06.603  0057.84  00.64  07.84  287.1  009.26  30.725  1024.370  1472.68 
2024 01 25 12 59 05.14  31.073  06.600  0058.04  00.78  07.84  287.1  009.26  30.729  1024.375  1472.68 
2024 01 25 12 59 05.39  31.081  06.607  0058.27  00.68  07.84  287.1  009.26  30.732  1024.378  1472.71 
2024 01 25 12 59 05.64  31.093  06.621  0058.47  00.64  07.83  287.1  009.26  30.731  1024.376  1472.77 
2024 01 25 12 59 05.89  31.120  06.645  0058.66  00.66  07.83  287.1  009.26  30.740  1024.381  1472.88 
2024 01 25 12 59 06.14  31.147  06.668  0058.86  00.66  07.83  287.1  009.26  30.748  1024.385  1472.99 
2024 01 25 12 59 06.39  31.151  06.672  0059.08  00.69  07.84  287.1  009.26  30.750  1024.387  1473.01 
2024 01 25 12 59 06.64  31.155  06.675  0059.28  00.62  07.84  286.5  009.26  30.751  1024.389  1473.02 
2024 01 25 12 59 06.89  31.159  06.680  0059.47  00.59  07.84  286.5  009.26  30.750  1024.389  1473.05 
2024 01 25 12 59 07.14  31.163  06.682  0059.66  00.56  07.84  286.5  009.26  30.753  1024.391  1473.06 
2024 01 25 12 59 07.39  31.167  06.685  0059.87  00.60  07.84  286.5  009.26  30.754  1024.393  1473.08 
2024 01 25 12 59 07.64  31.170  06.686  0060.10  00.66  07.84  286.5  009.26  30.757  1024.396  1473.09 
2024 01 25 12 59 07.89  31.172  06.686  0060.28  00.58  07.85  286.5  009.26  30.759  1024.398  1473.09 
2024 01 25 12 59 08.14  31.174  06.690  0060.49  00.59  07.85  286.5  009.26  30.757  1024.397  1473.11 
2024 01 25 12 59 08.39  31.174  06.690  0060.68  00.62  07.85  286.5  009.26  30.757  1024.398  1473.11 
2024 01 25 12 59 08.64  31.174  06.688  0060.86  00.57  07.85  286.5  009.26  30.760  1024.401  1473.11 
2024 01 25 12 59 08.89  31.174  06.688  0061.09  00.56  07.85  286.5  009.26  30.759  1024.401  1473.12 
2024 01 25 12 59 09.14  31.175  06.687  0061.30  00.58  07.85  286.5  009.26  30.761  1024.404  1473.12 
2024 01 25 12 59 09.39  31.173  06.685  0061.50  00.56  07.85  286.5  009.26  30.760  1024.405  1473.11 
2024 01 25 12 59 09.64  31.174  06.682  0061.76  00.54  07.85  286.9  009.26  30.763  1024.409  1473.11 
2024 01 25 12 59 09.89  31.173  06.681  0061.98  00.58  07.85  286.9  009.26  30.763  1024.410  1473.11 
2024 01 25 12 59 10.14  31.170  06.676  0062.21  00.61  07.85  286.9  009.26  30.764  1024.413  1473.09 
2024 01 25 12 59 10.39  31.168  06.670  0062.44  00.64  07.85  286.9  009.26  30.768  1024.417  1473.08 
2024 01 25 12 59 10.64  31.167  06.668  0062.62  00.64  07.85  286.9  009.26  30.769  1024.419  1473.07 
2024 01 25 12 59 10.89  31.167  06.667  0062.84  00.66  07.85  286.9  009.26  30.769  1024.421  1473.07 
2024 01 25 12 59 11.14  31.163  06.664  0063.04  00.59  07.85  286.9  009.26  30.767  1024.420  1473.06 
2024 01 25 12 59 11.39  31.163  06.661  0063.26  00.60  07.85  286.9  009.26  30.770  1024.424  1473.06 
2024 01 25 12 59 11.64  31.158  06.655  0063.50  00.57  07.85  286.9  009.26  30.769  1024.425  1473.04 
2024 01 25 12 59 11.89  31.156  06.653  0063.71  00.61  07.85  286.9  009.26  30.770  1024.427  1473.03 
2024 01 25 12 59 12.14  31.155  06.654  0063.97  00.57  07.85  286.9  009.26  30.768  1024.426  1473.04 
2024 01 25 12 59 12.39  31.155  06.652  0064.18  00.56  07.85  286.9  009.26  30.768  1024.428  1473.03 
2024 01 25 12 59 12.64  31.155  06.653  0064.40  00.56  07.85  288.0  009.26  30.768  1024.429  1473.04 
2024 01 25 12 59 12.89  31.152  06.651  0064.62  00.66  07.85  288.0  009.26  30.767  1024.429  1473.03 
2024 01 25 12 59 13.14  31.153  06.648  0064.87  00.62  07.85  288.0  009.26  30.770  1024.433  1473.03 
2024 01 25 12 59 13.39  31.151  06.644  0065.06  00.64  07.85  288.0  009.26  30.771  1024.435  1473.02 
2024 01 25 12 59 13.64  31.145  06.639  0065.26  00.62  07.85  288.0  009.26  30.769  1024.435  1473.00 
2024 01 25 12 59 13.89  31.141  06.634  0065.46  00.61  07.85  288.0  009.26  30.769  1024.437  1472.98 
2024 01 25 12 59 14.14  31.138  06.626  0065.66  00.55  07.85  288.0  009.26  30.773  1024.442  1472.96 
2024 01 25 12 59 14.39  31.124  06.608  0065.84  00.55  07.85  288.0  009.26  30.773  1024.445  1472.89 
2024 01 25 12 59 14.64  31.112  06.597  0066.04  00.55  07.85  288.0  009.26  30.771  1024.446  1472.85 
2024 01 25 12 59 14.89  31.103  06.584  0066.25  00.52  07.85  288.0  009.26  30.772  1024.449  1472.80 
2024 01 25 12 59 15.14  31.100  06.580  0066.46  00.54  07.85  288.0  009.26  30.773  1024.451  1472.79 
2024 01 25 12 59 15.39  31.096  06.574  0066.67  00.54  07.85  288.0  009.26  30.773  1024.453  1472.77 
2024 01 25 12 59 15.64  31.091  06.570  0066.87  00.51  07.85  288.4  009.26  30.771  1024.453  1472.76 
2024 01 25 12 59 15.89  31.084  06.558  0067.12  00.57  07.85  288.4  009.26  30.774  1024.458  1472.72 
2024 01 25 12 59 16.14  31.079  06.555  0067.31  00.55  07.85  288.4  009.26  30.771  1024.457  1472.71 
2024 01 25 12 59 16.39  31.077  06.551  0067.53  00.53  07.84  288.4  009.26  30.772  1024.459  1472.69 
2024 01 25 12 59 16.64  31.077  06.551  0067.74  00.50  07.84  288.4  009.26  30.773  1024.461  1472.70 
2024 01 25 12 59 16.89  31.075  06.551  0067.96  00.54  07.84  288.4  009.26  30.770  1024.459  1472.70 
2024 01 25 12 59 17.14  31.076  06.550  0068.20  00.56  07.84  288.4  009.26  30.772  1024.463  1472.70 
2024 01 25 12 59 17.39  31.076  06.549  0068.42  00.55  07.84  288.4  009.26  30.773  1024.464  1472.70 
2024 01 25 12 59 17.64  31.073  06.550  0068.69  00.62  07.84  288.4  009.26  30.769  1024.463  1472.71 
2024 01 25 12 59 17.89  31.073  06.549  0068.93  00.57  07.84  288.4  009.26  30.769  1024.463  1472.71 
2024 01 25 12 59 18.14  31.075  06.550  0069.14  00.59  07.84  288.4  009.26  30.771  1024.466  1472.71 
2024 01 25 12 59 18.39  31.073  06.549  0069.36  00.62  07.84  288.4  009.26  30.769  1024.466  1472.71 
2024 01 25 12 59 18.64  31.073  06.547  0069.56  00.61  07.84  287.8  009.26  30.771  1024.468  1472.71 
2024 01 25 12 59 18.89  31.070  06.545  0069.79  00.54  07.84  287.8  009.26  30.770  1024.469  1472.70 
2024 01 25 12 59 19.14  31.069  06.546  0070.00  00.56  07.84  287.8  009.26  30.768  1024.468  1472.71 
2024 01 25 12 59 19.39  31.069  06.544  0070.19  00.52  07.84  287.8  009.26  30.769  1024.470  1472.70 
2024 01 25 12 59 19.64  31.069  06.545  0070.40  00.55  07.84  287.8  009.26  30.769  1024.470  1472.71 
2024 01 25 12 59 19.89  31.070  06.545  0070.60  00.55  07.84  287.8  009.26  30.770  1024.472  1472.72 
2024 01 25 12 59 20.14  31.068  06.544  0070.80  00.56  07.84  287.8  009.26  30.768  1024.472  1472.71 
2024 01 25 12 59 20.39  31.068  06.541  0071.04  00.50  07.83  287.8  009.26  30.770  1024.475  1472.71 
2024 01 25 12 59 20.64  31.067  06.541  0071.26  00.55  07.83  287.8  009.26  30.769  1024.475  1472.71 
2024 01 25 12 59 20.89  31.067  06.540  0071.49  00.57  07.83  287.8  009.26  30.770  1024.477  1472.71 
2024 01 25 12 59 21.14  31.065  06.538  0071.73  00.58  07.83  287.8  009.26  30.770  1024.478  1472.71 
2024 01 25 12 59 21.39  31.050  06.517  0071.93  00.50  07.83  287.8  009.26  30.771  1024.483  1472.63 
2024 01 25 12 59 21.64  31.034  06.502  0072.21  00.50  07.83  286.0  009.26  30.767  1024.483  1472.57 
2024 01 25 12 59 21.89  31.029  06.499  0072.45  00.55  07.83  286.0  009.26  30.765  1024.482  1472.56 
2024 01 25 12 59 22.14  31.026  06.493  0072.67  00.55  07.83  286.0  009.26  30.767  1024.487  1472.54 
2024 01 25 12 59 22.39  31.022  06.488  0072.94  00.51  07.83  286.0  009.26  30.766  1024.487  1472.53 
2024 01 25 12 59 22.64  31.006  06.470  0073.18  00.58  07.83  286.0  009.26  30.765  1024.490  1472.46 
2024 01 25 12 59 22.89  30.998  06.463  0073.43  00.54  07.83  286.0  009.26  30.763  1024.490  1472.43 
2024 01 25 12 59 23.14  30.992  06.457  0073.66  00.53  07.82  286.0  009.26  30.762  1024.491  1472.41 
2024 01 25 12 59 23.39  30.990  06.452  0073.88  00.54  07.82  286.0  009.26  30.763  1024.494  1472.39 
2024 01 25 12 59 23.64  30.981  06.443  0074.15  00.64  07.82  286.0  009.26  30.762  1024.495  1472.36 
2024 01 25 12 59 23.89  30.979  06.442  0074.41  00.62  07.82  286.0  009.26  30.760  1024.495  1472.36 
2024 01 25 12 59 24.14  30.976  06.440  0074.62  00.66  07.81  286.0  009.26  30.758  1024.495  1472.35 
2024 01 25 12 59 24.39  30.976  06.438  0074.89  00.54  07.81  286.0  009.26  30.760  1024.498  1472.35 
2024 01 25 12 59 24.64  30.971  06.434  0075.16  00.57  07.81  283.6  009.26  30.758  1024.498  1472.34 
2024 01 25 12 59 24.89  30.968  06.430  0075.42  00.54  07.81  283.6  009.26  30.758  1024.499  1472.32 
2024 01 25 12 59 25.14  30.965  06.426  0075.66  00.54  07.81  283.6  009.26  30.759  1024.502  1472.31 
2024 01 25 12 59 25.39  30.964  06.424  0075.88  00.55  07.81  283.6  009.26  30.759  1024.503  1472.31 
2024 01 25 12 59 25.64  30.963  06.419  0076.11  00.58  07.80  283.6  009.26  30.762  1024.507  1472.30 
2024 01 25 12 59 25.89  30.962  06.420  0076.36  00.64  07.80  283.6  009.26  30.761  1024.508  1472.30 
2024 01 25 12 59 26.14  30.964  06.418  0076.59  00.60  07.80  283.6  009.26  30.764  1024.511  1472.30 
2024 01 25 12 59 26.39  30.961  06.416  0076.88  00.62  07.80  283.6  009.26  30.763  1024.512  1472.30 
2024 01 25 12 59 26.64  30.958  06.412  0077.14  00.63  07.80  283.6  009.26  30.763  1024.514  1472.29 
2024 01 25 12 59 26.89  30.957  06.409  0077.37  00.57  07.80  283.6  009.26  30.765  1024.517  1472.28 
2024 01 25 12 59 27.14  30.954  06.408  0077.64  00.54  07.80  283.6  009.26  30.762  1024.516  1472.28 
2024 01 25 12 59 27.39  30.953  06.406  0077.82  00.57  07.80  283.6  009.26  30.763  1024.517  1472.27 
2024 01 25 12 59 27.64  30.955  06.408  0078.08  00.58  07.80  278.3  009.26  30.763  1024.519  1472.28 
2024 01 25 12 59 27.89  30.956  06.407  0078.33  00.52  07.79  278.3  009.26  30.765  1024.522  1472.29 
2024 01 25 12 59 28.14  30.957  06.407  0078.52  00.55  07.79  278.3  009.26  30.766  1024.523  1472.29 
2024 01 25 12 59 28.39  30.956  06.407  0078.74  00.57  07.79  278.3  009.26  30.764  1024.523  1472.29 
2024 01 25 12 59 28.64  30.956  06.407  0078.96  00.54  07.79  278.3  009.26  30.765  1024.524  1472.30 
2024 01 25 12 59 28.89  30.958  06.408  0079.17  00.56  07.79  278.3  009.26  30.765  1024.525  1472.31 
2024 01 25 12 59 29.14  30.961  06.410  0079.40  00.57  07.79  278.3  009.26  30.768  1024.528  1472.32 
2024 01 25 12 59 29.39  30.960  06.408  0079.63  00.54  07.79  278.3  009.26  30.768  1024.530  1472.32 
2024 01 25 12 59 29.64  30.959  06.405  0079.84  00.56  07.79  278.3  009.26  30.769  1024.532  1472.31 
2024 01 25 12 59 29.89  30.951  06.395  0080.08  00.62  07.79  278.3  009.26  30.769  1024.534  1472.28 
2024 01 25 12 59 30.14  30.948  06.390  0080.30  00.69  07.79  278.3  009.26  30.770  1024.536  1472.26 
2024 01 25 12 59 30.39  30.943  06.387  0080.52  00.60  07.79  278.3  009.26  30.767  1024.536  1472.25 
2024 01 25 12 59 30.64  30.939  06.382  0080.78  00.56  07.79  274.2  009.26  30.767  1024.537  1472.23 
2024 01 25 12 59 30.89  30.942  06.383  0080.99  00.60  07.79  274.2  009.26  30.770  1024.541  1472.24 
2024 01 25 12 59 31.14  30.944  06.381  0081.25  00.62  07.79  274.2  009.26  30.773  1024.544  1472.24 
2024 01 25 12 59 31.39  30.938  06.375  0081.48  00.57  07.79  274.2  009.26  30.773  1024.546  1472.22 
2024 01 25 12 59 31.64  30.937  06.372  0081.74  00.57  07.79  274.2  009.26  30.774  1024.549  1472.22 
2024 01 25 12 59 31.89  30.937  06.370  0081.99  00.58  07.79  274.2  009.26  30.775  1024.551  1472.21 
2024 01 25 12 59 32.14  30.930  06.363  0082.23  00.56  07.79  274.2  009.26  30.774  1024.552  1472.19 
2024 01 25 12 59 32.39  30.927  06.356  0082.50  00.55  07.79  274.2  009.26  30.777  1024.556  1472.17 
2024 01 25 12 59 32.64  30.925  06.355  0082.77  00.52  07.79  274.2  009.26  30.776  1024.557  1472.17 
2024 01 25 12 59 32.89  30.925  06.354  0083.03  00.57  07.79  274.2  009.26  30.776  1024.558  1472.17 
2024 01 25 12 59 33.14  30.925  06.352  0083.28  00.52  07.79  274.2  009.26  30.777  1024.561  1472.17 
2024 01 25 12 59 33.39  30.923  06.350  0083.55  00.62  07.79  274.2  009.26  30.777  1024.562  1472.16 
2024 01 25 12 59 33.64  30.921  06.349  0083.77  00.59  07.79  272.5  009.26  30.776  1024.563  1472.16 
2024 01 25 12 59 33.89  30.921  06.348  0084.04  00.53  07.79  272.5  009.26  30.776  1024.564  1472.16 
2024 01 25 12 59 34.14  30.918  06.345  0084.27  00.52  07.79  272.5  009.26  30.776  1024.566  1472.15 
2024 01 25 12 59 34.39  30.917  06.342  0084.53  00.52  07.79  272.5  009.26  30.777  1024.568  1472.15 
2024 01 25 12 59 34.64  30.917  06.343  0084.79  00.58  07.78  272.5  009.26  30.776  1024.568  1472.15 
2024 01 25 12 59 34.89  30.915  06.338  0085.02  00.59  07.78  272.5  009.26  30.779  1024.572  1472.14 
2024 01 25 12 59 35.14  30.910  06.333  0085.29  00.61  07.78  272.5  009.26  30.778  1024.573  1472.12 
2024 01 25 12 59 35.39  30.910  06.334  0085.54  00.56  07.78  272.5  009.26  30.777  1024.573  1472.13 
2024 01 25 12 59 35.64  30.910  06.334  0085.78  00.60  07.78  272.5  009.26  30.777  1024.574  1472.13 
2024 01 25 12 59 35.89  30.912  06.332  0086.03  00.54  07.78  272.5  009.26  30.780  1024.578  1472.13 
2024 01 25 12 59 36.14  30.906  06.329  0086.29  00.54  07.78  272.5  009.26  30.777  1024.578  1472.12 
2024 01 25 12 59 36.39  30.906  06.326  0086.55  00.55  07.78  272.5  009.26  30.779  1024.581  1472.12 
2024 01 25 12 59 36.64  30.904  06.324  0086.82  00.53  07.78  270.4  009.26  30.778  1024.581  1472.11 
2024 01 25 12 59 36.89  30.904  06.324  0087.06  00.49  07.78  270.4  009.29  30.778  1024.583  1472.12 
2024 01 25 12 59 37.14  30.904  06.324  0087.33  00.57  07.78  270.4  009.26  30.778  1024.584  1472.12 
2024 01 25 12 59 37.39  30.905  06.325  0087.58  00.57  07.78  270.4  009.26  30.779  1024.586  1472.13 
2024 01 25 12 59 37.64  30.905  06.324  0087.83  00.62  07.78  270.4  009.26  30.779  1024.587  1472.13 
2024 01 25 12 59 37.89  30.904  06.324  0088.08  00.61  07.78  270.4  009.29  30.778  1024.587  1472.13 
2024 01 25 12 59 38.14  30.905  06.325  0088.32  00.55  07.78  270.4  009.26  30.778  1024.588  1472.14 
2024 01 25 12 59 38.39  30.906  06.324  0088.55  00.55  07.78  270.4  009.26  30.780  1024.591  1472.14 
2024 01 25 12 59 38.64  30.905  06.323  0088.80  00.55  07.77  270.4  009.26  30.780  1024.592  1472.14 
2024 01 25 12 59 38.89  30.906  06.326  0089.03  00.57  07.78  270.4  009.26  30.779  1024.592  1472.15 
2024 01 25 12 59 39.14  30.907  06.325  0089.25  00.51  07.78  270.4  009.26  30.780  1024.594  1472.16 
2024 01 25 12 59 39.39  30.905  06.323  0089.46  00.50  07.78  270.4  009.26  30.780  1024.595  1472.15 
2024 01 25 12 59 39.64  30.905  06.324  0089.66  00.56  07.78  268.6  009.26  30.778  1024.595  1472.16 
2024 01 25 12 59 39.89  30.906  06.323  0089.89  00.56  07.78  268.6  009.26  30.781  1024.598  1472.16 
2024 01 25 12 59 40.14  30.906  06.322  0090.11  00.53  07.77  268.6  009.26  30.781  1024.599  1472.16 
2024 01 25 12 59 40.39  30.905  06.323  0090.35  00.57  07.77  268.6  009.26  30.780  1024.599  1472.17 
2024 01 25 12 59 40.64  30.905  06.321  0090.60  00.55  07.77  268.6  009.26  30.781  1024.601  1472.17 
2024 01 25 12 59 40.89  30.905  06.320  0090.82  00.52  07.77  268.6  009.26  30.781  1024.603  1472.16 
2024 01 25 12 59 41.14  30.905  06.320  0091.09  00.55  07.77  268.6  009.26  30.782  1024.604  1472.17 
2024 01 25 12 59 41.39  30.905  06.319  0091.31  00.59  07.77  268.6  009.26  30.782  1024.605  1472.17 
2024 01 25 12 59 41.64  30.905  06.318  0091.53  00.62  07.77  268.6  009.26  30.783  1024.608  1472.17 
2024 01 25 12 59 41.89  30.905  06.318  0091.80  00.54  07.77  268.6  009.26  30.782  1024.609  1472.17 
2024 01 25 12 59 42.14  30.905  06.317  0092.00  00.50  07.77  268.6  009.26  30.784  1024.611  1472.18 
2024 01 25 12 59 42.39  30.905  06.317  0092.28  00.51  07.77  268.6  009.26  30.784  1024.612  1472.18 
2024 01 25 12 59 42.64  30.904  06.316  0092.53  00.57  07.77  267.3  009.26  30.783  1024.612  1472.18 
2024 01 25 12 59 42.89  30.903  06.317  0092.75  00.57  07.77  267.3  009.26  30.781  1024.612  1472.18 
2024 01 25 12 59 43.14  30.905  06.316  0093.01  00.54  07.77  267.3  009.26  30.784  1024.616  1472.19 
2024 01 25 12 59 43.39  30.902  06.314  0093.25  00.57  07.77  267.3  009.26  30.783  1024.616  1472.18 
2024 01 25 12 59 43.64  30.902  06.313  0093.47  00.55  07.77  267.3  009.26  30.783  1024.617  1472.18 
2024 01 25 12 59 43.89  30.898  06.308  0093.72  00.49  07.77  267.3  009.26  30.783  1024.619  1472.17 
2024 01 25 12 59 44.14  30.895  06.302  0093.97  00.54  07.77  267.3  009.26  30.786  1024.623  1472.15 
2024 01 25 12 59 44.39  30.894  06.297  0094.21  00.52  07.77  267.3  009.26  30.788  1024.626  1472.14 
2024 01 25 12 59 44.64  30.892  06.294  0094.47  00.51  07.77  267.3  009.26  30.789  1024.629  1472.13 
2024 01 25 12 59 44.89  30.892  06.294  0094.70  00.54  07.77  267.3  009.26  30.789  1024.630  1472.13 
2024 01 25 12 59 45.14  30.891  06.292  0094.96  00.54  07.77  267.3  009.26  30.790  1024.632  1472.13 
2024 01 25 12 59 45.39  30.892  06.293  0095.22  00.55  07.77  267.3  009.26  30.790  1024.633  1472.14 
2024 01 25 12 59 45.64  30.890  06.291  0095.44  00.53  07.77  266.6  009.26  30.789  1024.634  1472.13 
2024 01 25 12 59 45.89  30.891  06.290  0095.71  00.51  07.77  266.6  009.26  30.791  1024.636  1472.14 
2024 01 25 12 59 46.14  30.893  06.289  0095.93  00.57  07.77  266.6  009.26  30.794  1024.640  1472.14 
2024 01 25 12 59 46.39  30.889  06.288  0096.20  00.56  07.77  266.6  009.26  30.790  1024.638  1472.14 
2024 01 25 12 59 46.64  30.889  06.288  0096.45  00.59  07.77  266.6  009.26  30.790  1024.640  1472.14 
2024 01 25 12 59 46.89  30.889  06.287  0096.70  00.54  07.77  266.6  009.26  30.791  1024.642  1472.14 
2024 01 25 12 59 47.14  30.890  06.286  0096.99  00.52  07.77  266.6  009.26  30.792  1024.644  1472.14 
2024 01 25 12 59 47.39  30.888  06.285  0097.21  00.51  07.77  266.6  009.26  30.791  1024.645  1472.14 
2024 01 25 12 59 47.64  30.888  06.284  0097.48  00.50  07.77  266.6  009.26  30.792  1024.647  1472.14 
2024 01 25 12 59 47.89  30.889  06.284  0097.75  00.50  07.77  266.6  009.26  30.793  1024.649  1472.15 
2024 01 25 12 59 48.14  30.886  06.283  0098.05  00.49  07.77  266.6  009.26  30.791  1024.648  1472.15 
2024 01 25 12 59 48.39  30.886  06.283  0098.29  00.53  07.77  266.6  009.26  30.790  1024.649  1472.15 
2024 01 25 12 59 48.64  30.886  06.282  0098.55  00.51  07.77  266.0  009.29  30.792  1024.652  1472.15 
2024 01 25 12 59 48.89  30.886  06.280  0098.81  00.49  07.77  266.0  009.26  30.793  1024.653  1472.15 
2024 01 25 12 59 49.14  30.885  06.278  0099.07  00.53  07.77  266.0  009.26  30.794  1024.656  1472.14 
2024 01 25 12 59 49.39  30.885  06.277  0099.31  00.55  07.77  266.0  009.26  30.794  1024.657  1472.15 
2024 01 25 12 59 49.64  30.884  06.277  0099.56  00.55  07.77  266.0  009.26  30.793  1024.657  1472.15 
2024 01 25 12 59 49.89  30.884  06.276  0099.81  00.52  07.77  266.0  009.26  30.794  1024.659  1472.15 
2024 01 25 12 59 50.14  30.885  06.276  0100.02  00.48  07.77  266.0  009.26  30.795  1024.661  1472.15 
2024 01 25 12 59 50.39  30.886  06.276  0100.25  00.50  07.77  266.0  009.26  30.795  1024.663  1472.16 
2024 01 25 12 59 50.64  30.883  06.276  0100.48  00.49  07.77  266.0  009.26  30.793  1024.662  1472.16 
2024 01 25 12 59 50.89  30.886  06.274  0100.71  00.46  07.77  266.0  009.26  30.797  1024.667  1472.16 
2024 01 25 12 59 51.14  30.882  06.274  0100.95  00.51  07.77  266.0  009.26  30.793  1024.665  1472.16 
2024 01 25 12 59 51.39  30.882  06.275  0101.21  00.46  07.77  266.0  009.26  30.792  1024.665  1472.17 
2024 01 25 12 59 51.64  30.885  06.275  0101.46  00.51  07.77  265.4  009.26  30.795  1024.668  1472.17 
2024 01 25 12 59 51.89  30.883  06.275  0101.68  00.59  07.76  265.4  009.26  30.793  1024.668  1472.18 
2024 01 25 12 59 52.14  30.882  06.275  0101.93  00.55  07.77  265.4  009.26  30.792  1024.668  1472.18 
2024 01 25 12 59 52.39  30.884  06.274  0102.19  00.54  07.77  265.4  009.26  30.794  1024.671  1472.18 
2024 01 25 12 59 52.64  30.886  06.275  0102.44  00.52  07.77  265.4  009.26  30.796  1024.673  1472.19 
2024 01 25 12 59 52.89  30.882  06.274  0102.72  00.50  07.77  265.4  009.26  30.792  1024.672  1472.19 
2024 01 25 12 59 53.14  30.884  06.274  0102.94  00.50  07.77  265.4  009.26  30.794  1024.675  1472.19 
2024 01 25 12 59 53.39  30.883  06.274  0103.20  00.52  07.76  265.4  009.26  30.793  1024.675  1472.20 
2024 01 25 12 59 53.64  30.883  06.274  0103.44  00.49  07.76  265.4  009.26  30.793  1024.677  1472.20 
2024 01 25 12 59 53.89  30.882  06.273  0103.70  00.52  07.76  265.4  009.26  30.793  1024.678  1472.20 
2024 01 25 12 59 54.14  30.882  06.273  0103.95  00.49  07.76  265.4  009.26  30.793  1024.678  1472.20 
2024 01 25 12 59 54.39  30.883  06.271  0104.19  00.50  07.76  265.4  009.26  30.795  1024.682  1472.20 
2024 01 25 12 59 54.64  30.879  06.270  0104.42  00.51  07.76  265.2  009.26  30.792  1024.680  1472.20 
2024 01 25 12 59 54.89  30.880  06.269  0104.67  00.52  07.76  265.2  009.26  30.794  1024.683  1472.20 
2024 01 25 12 59 55.14  30.882  06.268  0104.94  00.52  07.76  265.2  009.26  30.796  1024.686  1472.20 
2024 01 25 12 59 55.39  30.882  06.266  0105.20  00.49  07.76  265.2  009.26  30.798  1024.689  1472.20 
2024 01 25 12 59 55.64  30.879  06.263  0105.44  00.52  07.76  265.2  009.26  30.797  1024.690  1472.20 
2024 01 25 12 59 55.89  30.878  06.261  0105.69  00.51  07.76  265.2  009.26  30.798  1024.692  1472.19 
2024 01 25 12 59 56.14  30.878  06.261  0105.98  00.54  07.76  265.2  009.26  30.798  1024.694  1472.20 
2024 01 25 12 59 56.39  30.879  06.260  0106.24  00.49  07.76  265.2  009.26  30.800  1024.696  1472.20 
2024 01 25 12 59 56.64  30.876  06.258  0106.49  00.52  07.76  265.2  009.26  30.798  1024.696  1472.19 
2024 01 25 12 59 56.89  30.874  06.255  0106.75  00.55  07.76  265.2  009.26  30.799  1024.698  1472.19 
2024 01 25 12 59 57.14  30.875  06.255  0107.03  00.55  07.76  265.2  009.26  30.800  1024.701  1472.19 
2024 01 25 12 59 57.39  30.874  06.254  0107.31  00.55  07.76  265.2  009.26  30.799  1024.701  1472.19 
2024 01 25 12 59 57.64  30.874  06.255  0107.53  00.52  07.76  264.8  009.26  30.799  1024.702  1472.20 
2024 01 25 12 59 57.89  30.872  06.252  0107.79  00.50  07.76  264.8  009.26  30.799  1024.703  1472.19 
2024 01 25 12 59 58.14  30.874  06.253  0108.07  00.52  07.76  264.8  009.26  30.801  1024.706  1472.20 
2024 01 25 12 59 58.39  30.872  06.252  0108.31  00.52  07.76  264.8  009.26  30.798  1024.705  1472.20 
2024 01 25 12 59 58.64  30.872  06.252  0108.57  00.49  07.76  264.8  009.26  30.799  1024.707  1472.20 
2024 01 25 12 59 58.89  30.872  06.252  0108.82  00.50  07.76  264.8  009.26  30.798  1024.708  1472.21 
2024 01 25 12 59 59.14  30.871  06.252  0109.07  00.52  07.76  264.8  009.26  30.797  1024.708  1472.21 
2024 01 25 12 59 59.39  30.874  06.252  0109.35  00.50  07.76  264.8  009.26  30.799  1024.711  1472.22 
2024 01 25 12 59 59.64  30.874  06.251  0109.58  00.48  07.76  264.8  009.26  30.800  1024.713  1472.22 
2024 01 25 12 59 59.89  30.874  06.251  0109.86  00.50  07.76  264.8  009.26  30.800  1024.714  1472.22 
2024 01 25 13 00 00.14  30.874  06.251  0110.10  00.56  07.76  264.8  009.26  30.800  1024.716  1472.22 
2024 01 25 13 00 00.39  30.874  06.251  0110.35  00.57  07.76  264.8  009.26  30.800  1024.716  1472.23 
2024 01 25 13 00 00.64  30.874  06.250  0110.59  00.51  07.76  264.7  009.26  30.801  1024.718  1472.23 
2024 01 25 13 00 00.89  30.874  06.250  0110.83  00.46  07.76  264.7  009.26  30.801  1024.719  1472.23 
2024 01 25 13 00 01.14  30.876  06.250  0111.06  00.52  07.76  264.7  009.26  30.803  1024.722  1472.24 
2024 01 25 13 00 01.39  30.872  06.250  0111.27  00.51  07.76  264.7  009.26  30.799  1024.719  1472.24 
2024 01 25 13 00 01.64  30.874  06.250  0111.49  00.49  07.76  264.7  009.26  30.801  1024.722  1472.24 
2024 01 25 13 00 01.89  30.873  06.250  0111.72  00.47  07.76  264.7  009.26  30.799  1024.722  1472.25 
2024 01 25 13 00 02.14  30.872  06.248  0111.96  00.49  07.76  264.7  009.26  30.801  1024.725  1472.24 
2024 01 25 13 00 02.39  30.873  06.248  0112.17  00.55  07.76  264.7  009.26  30.802  1024.726  1472.25 
2024 01 25 13 00 02.64  30.874  06.248  0112.42  00.68  07.76  264.7  009.26  30.802  1024.728  1472.25 
2024 01 25 13 00 02.89  30.874  06.247  0112.66  00.59  07.76  264.7  009.26  30.803  1024.730  1472.25 
2024 01 25 13 00 03.14  30.870  06.245  0112.87  00.59  07.76  264.7  009.26  30.800  1024.729  1472.25 
2024 01 25 13 00 03.39  30.869  06.242  0113.14  00.50  07.76  264.7  009.26  30.802  1024.732  1472.24 
2024 01 25 13 00 03.64  30.869  06.241  0113.35  00.52  07.76  264.9  009.26  30.803  1024.734  1472.24 
2024 01 25 13 00 03.89  30.869  06.241  0113.61  00.44  07.76  264.9  009.26  30.803  1024.735  1472.24 
2024 01 25 13 00 04.14  30.868  06.239  0113.85  00.50  07.76  264.9  009.26  30.804  1024.737  1472.24 
2024 01 25 13 00 04.39  30.867  06.238  0114.08  00.48  07.76  264.9  009.26  30.804  1024.738  1472.24 
2024 01 25 13 00 04.64  30.868  06.237  0114.34  00.50  07.76  264.9  009.26  30.805  1024.740  1472.24 
2024 01 25 13 00 04.89  30.868  06.235  0114.60  00.57  07.76  264.9  009.26  30.806  1024.743  1472.24 
2024 01 25 13 00 05.14  30.867  06.234  0114.85  00.54  07.76  264.9  009.26  30.807  1024.745  1472.24 
2024 01 25 13 00 05.39  30.865  06.231  0115.08  00.52  07.76  264.9  009.26  30.806  1024.745  1472.23 
2024 01 25 13 00 05.64  30.865  06.231  0115.31  00.52  07.76  264.9  009.26  30.807  1024.747  1472.24 
2024 01 25 13 00 05.89  30.866  06.229  0115.56  00.58  07.76  264.9  009.26  30.809  1024.750  1472.24 
2024 01 25 13 00 06.14  30.863  06.229  0115.84  00.59  07.76  264.9  009.26  30.806  1024.749  1472.24 
2024 01 25 13 00 06.39  30.862  06.225  0116.07  00.52  07.76  264.9  009.26  30.808  1024.752  1472.23 
2024 01 25 13 00 06.64  30.862  06.224  0116.34  00.57  07.76  264.7  009.26  30.810  1024.755  1472.23 
2024 01 25 13 00 06.89  30.861  06.223  0116.58  00.57  07.76  264.7  009.26  30.808  1024.755  1472.23 
2024 01 25 13 00 07.14  30.859  06.223  0116.81  00.50  07.76  264.7  009.26  30.806  1024.755  1472.23 
2024 01 25 13 00 07.39  30.864  06.223  0117.06  00.55  07.76  264.7  009.26  30.812  1024.760  1472.24 
2024 01 25 13 00 07.64  30.861  06.223  0117.29  00.57  07.76  264.7  009.26  30.809  1024.759  1472.24 
2024 01 25 13 00 07.89  30.858  06.219  0117.54  00.55  07.76  264.7  009.26  30.808  1024.760  1472.23 
2024 01 25 13 00 08.14  30.857  06.218  0117.81  00.54  07.76  264.7  009.26  30.809  1024.762  1472.23 
2024 01 25 13 00 08.39  30.856  06.215  0118.05  00.55  07.76  264.7  009.26  30.810  1024.764  1472.22 
2024 01 25 13 00 08.64  30.857  06.215  0118.29  00.55  07.76  264.7  009.26  30.811  1024.766  1472.22 
2024 01 25 13 00 08.89  30.857  06.213  0118.55  00.58  07.76  264.7  009.26  30.812  1024.768  1472.23 
2024 01 25 13 00 09.14  30.855  06.214  0118.78  00.60  07.76  264.7  009.26  30.809  1024.767  1472.23 
2024 01 25 13 00 09.39  30.856  06.212  0119.05  00.59  07.76  264.7  009.26  30.812  1024.771  1472.23 
2024 01 25 13 00 09.64  30.855  06.212  0119.29  00.61  07.76  264.7  009.29  30.812  1024.771  1472.23 
2024 01 25 13 00 09.89  30.856  06.211  0119.53  00.54  07.76  264.7  009.26  30.813  1024.774  1472.23 
2024 01 25 13 00 10.14  30.855  06.210  0119.79  00.55  07.76  264.7  009.26  30.813  1024.775  1472.23 
2024 01 25 13 00 10.39  30.855  06.210  0120.00  00.59  07.76  264.7  009.26  30.813  1024.776  1472.24 
2024 01 25 13 00 10.64  30.853  06.207  0120.28  00.57  07.76  264.7  009.26  30.812  1024.777  1472.23 
2024 01 25 13 00 10.89  30.852  06.204  0120.54  00.55  07.76  264.7  009.26  30.814  1024.780  1472.22 
2024 01 25 13 00 11.14  30.854  06.204  0120.76  00.55  07.76  264.7  009.26  30.816  1024.783  1472.23 
2024 01 25 13 00 11.39  30.852  06.203  0121.05  00.54  07.76  264.7  009.26  30.815  1024.783  1472.23 
2024 01 25 13 00 11.64  30.850  06.199  0121.25  00.57  07.76  264.7  009.26  30.816  1024.786  1472.22 
2024 01 25 13 00 11.89  30.849  06.196  0121.54  00.56  07.76  264.7  009.26  30.818  1024.789  1472.21 
2024 01 25 13 00 12.14  30.849  06.196  0121.74  00.57  07.76  264.7  009.26  30.818  1024.790  1472.21 
2024 01 25 13 00 12.39  30.851  06.198  0121.97  00.63  07.76  264.7  009.26  30.818  1024.790  1472.23 
2024 01 25 13 00 12.64  30.850  06.197  0122.19  00.63  07.76  264.8  009.26  30.817  1024.791  1472.23 
2024 01 25 13 00 12.89  30.849  06.195  0122.43  00.57  07.76  264.8  009.26  30.818  1024.793  1472.22 
2024 01 25 13 00 13.14  30.849  06.195  0122.65  00.54  07.76  264.8  009.26  30.818  1024.794  1472.23 
2024 01 25 13 00 13.39  30.847  06.194  0122.87  00.53  07.76  264.8  009.29  30.816  1024.794  1472.22 
2024 01 25 13 00 13.64  30.849  06.192  0123.12  00.55  07.76  264.8  009.26  30.820  1024.798  1472.23 
2024 01 25 13 00 13.89  30.846  06.191  0123.36  00.55  07.76  264.8  009.26  30.818  1024.798  1472.22 
2024 01 25 13 00 14.14  30.848  06.191  0123.60  00.59  07.76  264.8  009.26  30.820  1024.801  1472.23 
2024 01 25 13 00 14.39  30.846  06.191  0123.81  00.59  07.76  264.8  009.26  30.818  1024.800  1472.23 
2024 01 25 13 00 14.64  30.846  06.189  0124.06  00.60  07.76  264.8  009.26  30.819  1024.802  1472.23 
2024 01 25 13 00 14.89  30.843  06.188  0124.31  00.58  07.76  264.8  009.26  30.817  1024.802  1472.22 
2024 01 25 13 00 15.14  30.847  06.186  0124.55  00.59  07.76  264.8  009.26  30.823  1024.808  1472.23 
2024 01 25 13 00 15.39  30.846  06.185  0124.76  00.59  07.76  264.8  009.26  30.822  1024.809  1472.23 
2024 01 25 13 00 15.64  30.843  06.184  0124.97  00.61  07.76  265.0  009.26  30.820  1024.808  1472.22 
2024 01 25 13 00 15.89  30.843  06.182  0125.23  00.58  07.76  265.0  009.26  30.822  1024.811  1472.22 
2024 01 25 13 00 16.14  30.845  06.182  0125.46  00.56  07.76  265.0  009.26  30.824  1024.814  1472.23 
2024 01 25 13 00 16.39  30.845  06.182  0125.69  00.61  07.76  265.0  009.26  30.824  1024.815  1472.23 
2024 01 25 13 00 16.64  30.843  06.180  0125.93  00.58  07.76  265.0  009.26  30.824  1024.816  1472.23 
2024 01 25 13 00 16.89  30.843  06.181  0126.20  00.58  07.76  265.0  009.26  30.823  1024.817  1472.23 
2024 01 25 13 00 17.14  30.846  06.182  0126.43  00.58  07.76  265.0  009.26  30.825  1024.819  1472.24 
2024 01 25 13 00 17.39  30.843  06.181  0126.69  00.55  07.76  265.0  009.26  30.822  1024.818  1472.24 
2024 01 25 13 00 17.64  30.845  06.181  0126.94  00.59  07.76  265.0  009.26  30.824  1024.821  1472.25 
2024 01 25 13 00 17.89  30.844  06.181  0127.18  00.62  07.76  265.0  009.26  30.823  1024.821  1472.25 
2024 01 25 13 00 18.14  30.844  06.180  0127.44  00.62  07.76  265.0  009.26  30.824  1024.823  1472.25 
2024 01 25 13 00 18.39  30.844  06.181  0127.66  00.62  07.76  265.0  009.26  30.824  1024.824  1472.26 
2024 01 25 13 00 18.64  30.843  06.180  0127.92  00.59  07.76  265.4  009.26  30.823  1024.824  1472.26 
2024 01 25 13 00 18.89  30.844  06.179  0128.17  00.56  07.76  265.4  009.26  30.824  1024.827  1472.26 
2024 01 25 13 00 19.14  30.845  06.179  0128.41  00.56  07.76  265.4  009.26  30.826  1024.829  1472.26 
2024 01 25 13 00 19.39  30.840  06.177  0128.66  00.64  07.76  265.4  009.26  30.822  1024.827  1472.26 
2024 01 25 13 00 19.64  30.840  06.176  0128.92  00.63  07.76  265.4  009.26  30.823  1024.829  1472.26 
2024 01 25 13 00 19.89  30.841  06.176  0129.16  00.61  07.76  265.4  009.26  30.824  1024.831  1472.26 
2024 01 25 13 00 20.14  30.842  06.175  0129.44  00.57  07.76  265.4  009.26  30.825  1024.834  1472.26 
2024 01 25 13 00 20.39  30.837  06.171  0129.66  00.55  07.76  265.4  009.26  30.824  1024.834  1472.25 
2024 01 25 13 00 20.64  30.836  06.169  0129.89  00.57  07.76  265.4  009.26  30.824  1024.836  1472.25 
2024 01 25 13 00 20.89  30.836  06.165  0130.17  00.58  07.76  265.4  009.26  30.827  1024.840  1472.24 
2024 01 25 13 00 21.14  30.834  06.166  0130.42  00.58  07.76  265.4  009.26  30.824  1024.838  1472.24 
2024 01 25 13 00 21.39  30.836  06.167  0130.65  00.59  07.76  265.4  009.26  30.826  1024.841  1472.25 
2024 01 25 13 00 21.64  30.835  06.166  0130.93  00.57  07.76  265.8  009.26  30.824  1024.841  1472.25 
2024 01 25 13 00 21.89  30.836  06.166  0131.16  00.59  07.76  265.8  009.26  30.827  1024.844  1472.26 
2024 01 25 13 00 22.14  30.833  06.164  0131.41  00.59  07.76  265.8  009.26  30.824  1024.843  1472.25 
2024 01 25 13 00 22.39  30.833  06.162  0131.67  00.61  07.76  265.8  009.26  30.826  1024.847  1472.25 
2024 01 25 13 00 22.64  30.832  06.161  0131.96  00.61  07.76  265.8  009.26  30.826  1024.848  1472.25 
2024 01 25 13 00 22.89  30.832  06.159  0132.20  00.59  07.76  265.8  009.26  30.828  1024.850  1472.25 
2024 01 25 13 00 23.14  30.831  06.159  0132.41  00.60  07.76  265.8  009.26  30.826  1024.850  1472.25 
2024 01 25 13 00 23.39  30.833  06.159  0132.68  00.62  07.76  265.8  009.26  30.829  1024.854  1472.26 
2024 01 25 13 00 23.64  30.832  06.159  0132.92  00.61  07.76  265.8  009.26  30.827  1024.853  1472.26 
2024 01 25 13 00 23.89  30.829  06.157  0133.15  00.55  07.76  265.8  009.26  30.825  1024.853  1472.25 
2024 01 25 13 00 24.14  30.830  06.154  0133.39  00.57  07.76  265.8  009.26  30.829  1024.857  1472.25 
2024 01 25 13 00 24.39  30.829  06.154  0133.61  00.57  07.76  265.8  009.26  30.828  1024.858  1472.25 
2024 01 25 13 00 24.64  30.831  06.153  0133.86  00.55  07.76  266.7  009.26  30.831  1024.861  1472.26 
2024 01 25 13 00 24.89  30.827  06.153  0134.09  00.58  07.76  266.7  009.26  30.827  1024.859  1472.26 
2024 01 25 13 00 25.14  30.828  06.153  0134.30  00.57  07.76  266.7  009.26  30.828  1024.861  1472.26 
2024 01 25 13 00 25.39  30.828  06.153  0134.56  00.57  07.76  266.7  009.26  30.828  1024.863  1472.26 
2024 01 25 13 00 25.64  30.830  06.154  0134.81  00.59  07.76  266.7  009.26  30.829  1024.864  1472.27 
2024 01 25 13 00 25.89  30.827  06.153  0135.02  00.62  07.76  266.7  009.26  30.827  1024.864  1472.27 
2024 01 25 13 00 26.14  30.828  06.153  0135.26  00.62  07.76  266.7  009.26  30.828  1024.865  1472.27 
2024 01 25 13 00 26.39  30.828  06.153  0135.49  00.64  07.76  266.7  009.26  30.827  1024.866  1472.28 
2024 01 25 13 00 26.64  30.827  06.152  0135.76  00.68  07.76  266.7  009.26  30.827  1024.867  1472.28 
2024 01 25 13 00 26.89  30.828  06.152  0135.99  00.64  07.76  266.7  009.26  30.828  1024.869  1472.28 
2024 01 25 13 00 27.14  30.828  06.152  0136.21  00.64  07.76  266.7  009.26  30.828  1024.870  1472.29 
2024 01 25 13 00 27.39  30.828  06.153  0136.47  00.64  07.76  266.7  009.26  30.827  1024.871  1472.29 
2024 01 25 13 00 27.64  30.829  06.153  0136.76  00.62  07.76  267.5  009.26  30.828  1024.873  1472.30 
2024 01 25 13 00 27.89  30.831  06.152  0136.99  00.63  07.76  267.5  009.26  30.831  1024.876  1472.30 
2024 01 25 13 00 28.14  30.830  06.154  0137.24  00.61  07.76  267.5  009.26  30.828  1024.875  1472.31 
2024 01 25 13 00 28.39  30.830  06.153  0137.47  00.70  07.76  267.5  009.26  30.828  1024.876  1472.31 
2024 01 25 13 00 28.64  30.831  06.153  0137.74  00.66  07.76  267.5  009.26  30.829  1024.878  1472.32 
2024 01 25 13 00 28.89  30.829  06.151  0138.00  00.59  07.76  267.5  009.26  30.829  1024.879  1472.31 
2024 01 25 13 00 29.14  30.829  06.152  0138.27  00.55  07.76  267.5  009.26  30.828  1024.880  1472.32 
2024 01 25 13 00 29.39  30.829  06.150  0138.53  00.66  07.76  267.5  009.26  30.830  1024.883  1472.32 
2024 01 25 13 00 29.64  30.828  06.149  0138.78  00.64  07.76  267.5  009.26  30.829  1024.883  1472.32 
2024 01 25 13 00 29.89  30.829  06.148  0139.02  00.62  07.76  267.5  009.26  30.831  1024.886  1472.32 
2024 01 25 13 00 30.14  30.829  06.148  0139.28  00.63  07.76  267.5  009.26  30.831  1024.887  1472.32 
2024 01 25 13 00 30.39  30.826  06.148  0139.53  00.62  07.76  267.5  009.26  30.827  1024.885  1472.32 
2024 01 25 13 00 30.64  30.829  06.147  0139.78  00.57  07.77  268.1  009.29  30.831  1024.890  1472.33 
2024 01 25 13 00 30.89  30.827  06.148  0140.04  00.54  07.76  268.1  009.26  30.828  1024.888  1472.33 
2024 01 25 13 00 31.14  30.826  06.146  0140.30  00.61  07.77  268.1  009.26  30.829  1024.890  1472.33 
2024 01 25 13 00 31.39  30.825  06.144  0140.59  00.59  07.76  268.1  009.26  30.829  1024.893  1472.33 
2024 01 25 13 00 31.64  30.826  06.143  0140.84  00.59  07.77  268.1  009.26  30.831  1024.895  1472.33 
2024 01 25 13 00 31.89  30.825  06.142  0141.08  00.64  07.77  268.1  009.26  30.831  1024.896  1472.33 
2024 01 25 13 00 32.14  30.823  06.140  0141.34  00.62  07.77  268.1  009.26  30.831  1024.897  1472.33 
2024 01 25 13 00 32.39  30.823  06.139  0141.60  00.55  07.77  268.1  009.26  30.832  1024.900  1472.32 
2024 01 25 13 00 32.64  30.821  06.137  0141.85  00.56  07.76  268.1  009.26  30.831  1024.900  1472.32 
2024 01 25 13 00 32.89  30.821  06.137  0142.09  00.57  07.76  268.1  009.26  30.831  1024.901  1472.32 
2024 01 25 13 00 33.14  30.823  06.138  0142.34  00.62  07.77  268.1  009.26  30.833  1024.904  1472.33 
2024 01 25 13 00 33.39  30.823  06.136  0142.57  00.58  07.77  268.1  009.26  30.834  1024.906  1472.33 
2024 01 25 13 00 33.64  30.822  06.136  0142.74  00.60  07.77  268.4  009.26  30.832  1024.905  1472.33 
2024 01 25 13 00 33.89  30.820  06.134  0142.86  00.56  07.77  268.4  009.26  30.831  1024.906  1472.33 
2024 01 25 13 00 34.14  30.820  06.135  0142.93  00.51  07.77  268.4  009.26  30.830  1024.905  1472.33 
2024 01 25 13 00 34.39  30.821  06.139  0142.94  00.62  07.77  268.4  009.26  30.829  1024.904  1472.34 
2024 01 25 13 00 34.64  30.824  06.139  0142.91  00.69  07.77  268.4  009.26  30.832  1024.906  1472.35 
2024 01 25 13 00 34.89  30.827  06.141  0142.87  00.66  07.77  268.4  009.26  30.833  1024.906  1472.36 
2024 01 25 13 00 35.14  30.826  06.143  0142.81  00.64  07.77  268.4  009.26  30.831  1024.904  1472.36 
2024 01 25 13 00 35.39  30.826  06.141  0142.79  00.64  07.77  268.4  009.26  30.833  1024.905  1472.35 
2024 01 25 13 00 35.64  30.826  06.138  0142.80  00.58  07.76  268.4  009.26  30.835  1024.908  1472.34 
2024 01 25 13 00 35.89  30.820  06.137  0142.80  00.52  07.76  268.4  009.26  30.828  1024.903  1472.33 
2024 01 25 13 00 36.14  30.825  06.137  0142.78  00.50  07.77  268.4  009.26  30.835  1024.908  1472.34 
2024 01 25 13 00 36.39  30.824  06.141  0142.70  00.56  07.77  268.4  009.26  30.831  1024.904  1472.35 
2024 01 25 13 00 36.64  30.827  06.142  0142.64  00.55  07.77  269.0  009.26  30.832  1024.904  1472.35 
2024 01 25 13 00 36.89  30.827  06.142  0142.63  00.57  07.77  269.0  009.26  30.832  1024.905  1472.35 
2024 01 25 13 00 37.14  30.823  06.138  0142.65  00.62  07.77  269.0  009.26  30.832  1024.905  1472.34 
2024 01 25 13 00 37.39  30.823  06.137  0142.69  00.62  07.77  269.0  009.26  30.833  1024.906  1472.34 
2024 01 25 13 00 37.64  30.823  06.137  0142.73  00.61  07.77  269.0  009.26  30.833  1024.906  1472.34 
2024 01 25 13 00 37.89  30.823  06.137  0142.74  00.62  07.77  269.0  009.26  30.833  1024.906  1472.34 
2024 01 25 13 00 38.14  30.823  06.138  0142.74  00.63  07.77  269.0  009.26  30.832  1024.905  1472.34 
2024 01 25 13 00 38.39  30.824  06.138  0142.73  00.63  07.77  269.0  009.26  30.834  1024.906  1472.34 
2024 01 25 13 00 38.64  30.826  06.138  0142.73  00.61  07.76  269.0  009.26  30.835  1024.907  1472.34 
2024 01 25 13 00 38.89  30.823  06.140  0142.73  00.56  07.77  269.0  009.26  30.830  1024.903  1472.34 
2024 01 25 13 00 39.14  30.826  06.138  0142.72  00.57  07.77  269.0  009.26  30.835  1024.907  1472.34 
2024 01 25 13 00 39.39  30.824  06.138  0142.73  00.61  07.77  269.0  009.26  30.833  1024.906  1472.34 
2024 01 25 13 00 39.64  30.825  06.137  0142.74  00.56  07.77  269.0  009.26  30.835  1024.908  1472.34 
2024 01 25 13 00 39.89  30.825  06.138  0142.73  00.59  07.77  269.0  009.26  30.834  1024.907  1472.34 
2024 01 25 13 00 40.14  30.824  06.138  0142.73  00.55  07.77  269.0  009.26  30.833  1024.906  1472.34 
2024 01 25 13 00 40.39  30.824  06.139  0142.72  00.62  07.77  269.0  009.26  30.832  1024.905  1472.34 
2024 01 25 13 00 40.64  30.823  06.137  0142.75  00.62  07.77  269.0  009.26  30.833  1024.906  1472.34 
2024 01 25 13 00 40.89  30.822  06.136  0142.77  00.61  07.77  269.0  009.26  30.832  1024.906  1472.33 
2024 01 25 13 00 41.14  30.822  06.135  0142.79  00.60  07.77  269.0  009.26  30.833  1024.907  1472.33 
2024 01 25 13 00 41.39  30.824  06.135  0142.80  00.55  07.77  269.0  009.26  30.836  1024.909  1472.33 
2024 01 25 13 00 41.64  30.826  06.136  0142.75  00.59  07.76  269.0  009.26  30.837  1024.909  1472.34 
2024 01 25 13 00 41.89  30.823  06.135  0142.75  00.57  07.77  269.0  009.26  30.835  1024.908  1472.33 
2024 01 25 13 00 42.14  30.823  06.137  0142.78  00.57  07.77  269.0  009.26  30.834  1024.907  1472.34 
2024 01 25 13 00 42.39  30.821  06.136  0142.82  00.57  07.77  269.0  009.26  30.831  1024.905  1472.33 
2024 01 25 13 00 42.64  30.821  06.134  0142.84  00.56  07.77  269.1  009.26  30.834  1024.907  1472.33 
2024 01 25 13 00 42.89  30.822  06.135  0142.87  00.55  07.77  269.1  009.26  30.833  1024.907  1472.33 
2024 01 25 13 00 43.14  30.824  06.135  0142.87  00.57  07.77  269.1  009.26  30.835  1024.909  1472.34 
2024 01 25 13 00 43.39  30.823  06.135  0142.81  00.57  07.77  269.1  009.26  30.835  1024.908  1472.33 
2024 01 25 13 00 43.64  30.825  06.138  0142.67  00.57  07.77  269.1  009.26  30.834  1024.906  1472.34 
2024 01 25 13 00 43.89  30.827  06.140  0142.58  00.52  07.77  269.1  009.26  30.834  1024.906  1472.35 
2024 01 25 13 00 44.14  30.827  06.140  0142.51  00.56  07.77  269.1  009.26  30.834  1024.906  1472.35 
2024 01 25 13 00 44.39  30.825  06.141  0142.50  00.65  07.77  269.1  009.26  30.832  1024.903  1472.35 
2024 01 25 13 00 44.64  30.823  06.136  0142.51  00.61  07.76  269.1  009.26  30.834  1024.906  1472.33 
2024 01 25 13 00 44.89  30.825  06.136  0142.56  00.57  07.77  269.1  009.26  30.836  1024.907  1472.33 
2024 01 25 13 00 45.14  30.823  06.135  0142.60  00.57  07.77  269.1  009.26  30.834  1024.906  1472.33 
2024 01 25 13 00 45.39  30.822  06.135  0142.65  00.61  07.77  269.1  009.26  30.834  1024.906  1472.33 
2024 01 25 13 00 45.64  30.824  06.136  0142.66  00.61  07.77  269.1  009.26  30.835  1024.907  1472.33 
2024 01 25 13 00 45.89  30.823  06.137  0142.69  00.57  07.77  269.1  009.26  30.834  1024.906  1472.34 
2024 01 25 13 00 46.14  30.824  06.138  0142.69  00.57  07.77  269.1  009.26  30.833  1024.906  1472.34 
2024 01 25 13 00 46.39  30.823  06.136  0142.71  00.59  07.77  269.1  009.26  30.834  1024.907  1472.33 
2024 01 25 13 00 46.64  30.823  06.139  0142.69  00.59  07.77  269.1  009.26  30.831  1024.904  1472.34 
2024 01 25 13 00 46.89  30.824  06.138  0142.70  00.55  07.77  269.1  009.26  30.833  1024.906  1472.34 
2024 01 25 13 00 47.14  30.824  06.136  0142.73  00.57  07.77  269.1  009.26  30.835  1024.907  1472.34 
2024 01 25 13 00 47.39  30.823  06.136  0142.74  00.62  07.77  269.1  009.26  30.834  1024.907  1472.34 
2024 01 25 13 00 47.64  30.824  06.135  0142.76  00.62  07.76  269.1  009.26  30.836  1024.908  1472.33 
2024 01 25 13 00 47.89  30.825  06.136  0142.72  00.66  07.77  269.1  009.26  30.836  1024.908  1472.34 
2024 01 25 13 00 48.14  30.823  06.136  0142.72  00.61  07.77  269.1  009.26  30.834  1024.907  1472.34 
2024 01 25 13 00 48.39  30.823  06.136  0142.72  00.71  07.77  269.1  009.26  30.835  1024.907  1472.33 
2024 01 25 13 00 48.64  30.824  06.136  0142.73  00.57  07.77  269.3  009.26  30.835  1024.907  1472.34 
2024 01 25 13 00 48.89  30.826  06.136  0142.73  00.56  07.77  269.3  009.26  30.837  1024.909  1472.34 
2024 01 25 13 00 49.14  30.824  06.135  0142.75  00.57  07.77  269.3  009.26  30.836  1024.908  1472.33 
2024 01 25 13 00 49.39  30.823  06.135  0142.78  00.56  07.77  269.3  009.26  30.834  1024.907  1472.33 
2024 01 25 13 00 49.64  30.823  06.134  0142.81  00.57  07.77  269.3  009.29  30.835  1024.909  1472.33 
2024 01 25 13 00 49.89  30.822  06.134  0142.82  00.59  07.77  269.3  009.26  30.834  1024.907  1472.33 
2024 01 25 13 00 50.14  30.824  06.134  0142.84  00.59  07.77  269.3  009.26  30.836  1024.910  1472.33 
2024 01 25 13 00 50.39  30.823  06.135  0142.85  00.57  07.77  269.3  009.26  30.835  1024.908  1472.33 
2024 01 25 13 00 50.64  30.823  06.135  0142.84  00.59  07.76  269.3  009.26  30.834  1024.907  1472.33 
2024 01 25 13 00 50.89  30.822  06.135  0142.83  00.56  07.77  269.3  009.26  30.833  1024.907  1472.33 
2024 01 25 13 00 51.14  30.823  06.135  0142.80  00.57  07.77  269.3  009.26  30.835  1024.908  1472.33 
2024 01 25 13 00 51.39  30.824  06.135  0142.71  00.55  07.77  269.3  009.26  30.836  1024.908  1472.33 
2024 01 25 13 00 51.64  30.823  06.139  0142.66  00.53  07.77  269.3  009.26  30.831  1024.904  1472.34 
2024 01 25 13 00 51.89  30.823  06.136  0142.67  00.55  07.77  269.3  009.26  30.834  1024.907  1472.33 
2024 01 25 13 00 52.14  30.823  06.135  0142.70  00.63  07.77  269.3  009.26  30.834  1024.907  1472.33 
2024 01 25 13 00 52.39  30.823  06.135  0142.73  00.64  07.77  269.3  009.29  30.835  1024.907  1472.33 
2024 01 25 13 00 52.64  30.823  06.136  0142.77  00.62  07.77  269.3  009.26  30.833  1024.907  1472.33 
2024 01 25 13 00 52.89  30.822  06.134  0142.80  00.54  07.77  269.3  009.26  30.834  1024.907  1472.33 
2024 01 25 13 00 53.14  30.823  06.134  0142.79  00.54  07.77  269.3  009.26  30.835  1024.908  1472.33 
2024 01 25 13 00 53.39  30.824  06.136  0142.69  00.54  07.77  269.3  009.26  30.835  1024.907  1472.34 
2024 01 25 13 00 53.64  30.823  06.137  0142.54  00.58  07.76  269.3  009.26  30.833  1024.906  1472.33 
2024 01 25 13 00 53.89  30.826  06.138  0142.45  00.53  07.77  269.3  009.26  30.835  1024.907  1472.34 
2024 01 25 13 00 54.14  30.827  06.138  0142.35  00.56  07.77  269.3  009.26  30.836  1024.906  1472.34 
2024 01 25 13 00 54.39  30.827  06.137  0142.29  00.53  07.77  269.3  009.26  30.837  1024.907  1472.34 
2024 01 25 13 00 54.64  30.827  06.138  0142.24  00.55  07.77  269.4  009.26  30.836  1024.906  1472.34 
2024 01 25 13 00 54.89  30.826  06.137  0142.22  00.57  07.77  269.4  009.26  30.836  1024.906  1472.33 
2024 01 25 13 00 55.14  30.824  06.136  0142.20  00.57  07.77  269.4  009.26  30.835  1024.906  1472.33 
2024 01 25 13 00 55.39  30.825  06.137  0142.17  00.60  07.77  269.4  009.26  30.835  1024.905  1472.33 
2024 01 25 13 00 55.64  30.825  06.137  0142.05  00.58  07.77  269.4  009.26  30.835  1024.905  1472.33 
2024 01 25 13 00 55.89  30.827  06.141  0141.94  00.54  07.77  269.4  009.26  30.833  1024.902  1472.34 
2024 01 25 13 00 56.14  30.826  06.140  0141.80  00.56  07.77  269.4  009.26  30.834  1024.902  1472.33 
2024 01 25 13 00 56.39  30.825  06.140  0141.65  00.53  07.77  269.4  009.26  30.832  1024.900  1472.33 
2024 01 25 13 00 56.64  30.827  06.138  0141.62  00.57  07.76  269.4  009.26  30.836  1024.903  1472.33 
2024 01 25 13 00 56.89  30.825  06.138  0141.63  00.59  07.77  269.4  009.26  30.835  1024.902  1472.32 
2024 01 25 13 00 57.14  30.825  06.137  0141.69  00.60  07.77  269.4  009.26  30.835  1024.903  1472.32 
2024 01 25 13 00 57.39  30.824  06.137  0141.71  00.61  07.77  269.4  009.26  30.834  1024.902  1472.32 
2024 01 25 13 00 57.64  30.826  06.137  0141.76  00.55  07.77  269.3  009.26  30.836  1024.904  1472.33 
2024 01 25 13 00 57.89  30.826  06.138  0141.76  00.63  07.77  269.3  009.26  30.836  1024.903  1472.33 
2024 01 25 13 00 58.14  30.826  06.137  0141.79  00.57  07.77  269.3  009.26  30.836  1024.904  1472.33 
2024 01 25 13 00 58.39  30.824  06.136  0141.80  00.59  07.77  269.3  009.26  30.835  1024.904  1472.32 
2024 01 25 13 00 58.64  30.824  06.136  0141.77  00.67  07.76  269.3  009.26  30.836  1024.904  1472.32 
2024 01 25 13 00 58.89  30.826  06.136  0141.81  00.66  07.76  269.3  009.26  30.837  1024.905  1472.32 
2024 01 25 13 00 59.14  30.826  06.136  0141.80  00.56  07.77  269.3  009.26  30.837  1024.905  1472.32 
2024 01 25 13 00 59.39  30.826  06.138  0141.77  00.61  07.77  269.3  009.26  30.836  1024.904  1472.33 
2024 01 25 13 00 59.64  30.827  06.142  0141.68  00.59  07.76  269.3  009.26  30.833  1024.900  1472.34 
2024 01 25 13 00 59.89  30.827  06.138  0141.56  00.61  07.77  269.3  009.26  30.836  1024.903  1472.33 
2024 01 25 13 01 00.14  30.827  06.140  0141.40  00.59  07.77  269.3  009.26  30.834  1024.901  1472.33 
2024 01 25 13 01 00.39  30.827  06.141  0141.23  00.54  07.77  269.3  009.26  30.834  1024.899  1472.33 
2024 01 25 13 01 00.64  30.828  06.140  0141.08  00.56  07.77  269.4  009.26  30.836  1024.901  1472.33 
2024 01 25 13 01 00.89  30.827  06.142  0140.90  00.58  07.77  269.4  009.26  30.834  1024.898  1472.33 
2024 01 25 13 01 01.14  30.828  06.142  0140.74  00.53  07.77  269.4  009.26  30.835  1024.897  1472.33 
2024 01 25 13 01 01.39  30.828  06.142  0140.60  00.59  07.77  269.4  009.26  30.835  1024.897  1472.33 
2024 01 25 13 01 01.64  30.828  06.142  0140.51  00.58  07.77  269.4  009.26  30.835  1024.897  1472.32 
2024 01 25 13 01 01.89  30.827  06.141  0140.44  00.56  07.77  269.4  009.26  30.834  1024.896  1472.32 
2024 01 25 13 01 02.14  30.826  06.141  0140.37  00.58  07.77  269.4  009.26  30.833  1024.895  1472.32 
2024 01 25 13 01 02.39  30.827  06.142  0140.23  00.61  07.77  269.4  009.26  30.833  1024.894  1472.32 
2024 01 25 13 01 02.64  30.827  06.144  0140.06  00.59  07.76  269.4  009.26  30.832  1024.892  1472.32 
2024 01 25 13 01 02.89  30.828  06.145  0139.86  00.55  07.77  269.4  009.26  30.832  1024.891  1472.32 
2024 01 25 13 01 03.14  30.829  06.147  0139.69  00.60  07.76  269.4  009.26  30.832  1024.890  1472.33 
2024 01 25 13 01 03.39  30.830  06.146  0139.60  00.57  07.77  269.4  009.26  30.833  1024.891  1472.32 
2024 01 25 13 01 03.64  30.828  06.146  0139.56  00.55  07.76  269.3  009.26  30.832  1024.889  1472.32 
2024 01 25 13 01 03.89  30.828  06.144  0139.55  00.59  07.76  269.3  009.26  30.834  1024.891  1472.31 
2024 01 25 13 01 04.14  30.828  06.145  0139.59  00.59  07.76  269.3  009.26  30.833  1024.891  1472.32 
2024 01 25 13 01 04.39  30.829  06.145  0139.60  00.61  07.76  269.3  009.26  30.833  1024.891  1472.32 
2024 01 25 13 01 04.64  30.829  06.146  0139.59  00.59  07.77  269.3  009.26  30.833  1024.890  1472.32 
2024 01 25 13 01 04.89  30.830  06.146  0139.48  00.58  07.77  269.3  009.26  30.834  1024.891  1472.32 
2024 01 25 13 01 05.14  30.830  06.146  0139.33  00.59  07.76  269.3  009.26  30.833  1024.890  1472.32 
2024 01 25 13 01 05.39  30.831  06.148  0139.16  00.62  07.76  269.3  009.26  30.833  1024.888  1472.32 
2024 01 25 13 01 05.64  30.830  06.149  0138.94  00.54  07.76  269.3  009.26  30.831  1024.886  1472.32 
2024 01 25 13 01 05.89  30.831  06.149  0138.70  00.56  07.76  269.3  009.26  30.833  1024.886  1472.32 
2024 01 25 13 01 06.14  30.831  06.149  0138.45  00.55  07.76  269.3  009.26  30.832  1024.884  1472.32 
2024 01 25 13 01 06.39  30.831  06.148  0138.23  00.56  07.76  269.3  009.26  30.834  1024.885  1472.31 
2024 01 25 13 01 06.64  30.831  06.149  0138.00  00.59  07.76  269.2  009.26  30.832  1024.882  1472.31 
2024 01 25 13 01 06.89  30.831  06.150  0137.79  00.56  07.76  269.2  009.26  30.832  1024.880  1472.31 
2024 01 25 13 01 07.14  30.831  06.150  0137.56  00.52  07.76  269.2  009.26  30.833  1024.880  1472.30 
2024 01 25 13 01 07.39  30.831  06.150  0137.39  00.57  07.76  269.2  009.26  30.832  1024.878  1472.30 
2024 01 25 13 01 07.64  30.831  06.151  0137.22  00.51  07.76  269.2  009.26  30.831  1024.877  1472.30 
2024 01 25 13 01 07.89  30.832  06.150  0137.06  00.56  07.76  269.2  009.26  30.834  1024.879  1472.30 
2024 01 25 13 01 08.14  30.831  06.151  0136.91  00.56  07.76  269.2  009.26  30.832  1024.876  1472.30 
2024 01 25 13 01 08.39  30.831  06.150  0136.73  00.56  07.76  269.2  009.26  30.833  1024.876  1472.29 
2024 01 25 13 01 08.64  30.831  06.151  0136.53  00.59  07.76  269.2  009.26  30.831  1024.874  1472.29 
2024 01 25 13 01 08.89  30.831  06.152  0136.31  00.50  07.76  269.2  009.26  30.831  1024.873  1472.29 
2024 01 25 13 01 09.14  30.829  06.152  0136.11  00.51  07.76  269.2  009.26  30.829  1024.870  1472.29 
2024 01 25 13 01 09.39  30.832  06.152  0135.90  00.53  07.76  269.2  009.29  30.832  1024.872  1472.29 
2024 01 25 13 01 09.64  30.831  06.151  0135.71  00.57  07.76  268.9  009.26  30.832  1024.871  1472.28 
2024 01 25 13 01 09.89  30.831  06.153  0135.50  00.54  07.76  268.9  009.26  30.831  1024.869  1472.28 
2024 01 25 13 01 10.14  30.832  06.154  0135.35  00.57  07.76  268.9  009.26  30.831  1024.869  1472.28 
2024 01 25 13 01 10.39  30.831  06.152  0135.10  00.57  07.76  268.9  009.26  30.832  1024.868  1472.27 
2024 01 25 13 01 10.64  30.832  06.153  0134.92  00.55  07.76  268.9  009.26  30.832  1024.867  1472.27 
2024 01 25 13 01 10.89  30.831  06.153  0134.72  00.54  07.76  268.9  009.26  30.831  1024.866  1472.27 
2024 01 25 13 01 11.14  30.832  06.153  0134.52  00.55  07.76  268.9  009.26  30.832  1024.865  1472.27 
2024 01 25 13 01 11.39  30.832  06.153  0134.33  00.69  07.76  268.9  009.26  30.832  1024.865  1472.26 
2024 01 25 13 01 11.64  30.831  06.152  0134.13  00.65  07.76  268.9  009.26  30.831  1024.863  1472.26 
2024 01 25 13 01 11.89  30.831  06.153  0133.91  00.63  07.76  268.9  009.26  30.831  1024.862  1472.26 
2024 01 25 13 01 12.14  30.831  06.153  0133.69  00.56  07.76  268.9  009.26  30.832  1024.861  1472.25 
2024 01 25 13 01 12.39  30.832  06.154  0133.36  00.56  07.76  268.9  009.26  30.832  1024.860  1472.25 
2024 01 25 13 01 12.64  30.830  06.156  0132.95  00.58  07.76  268.7  009.26  30.828  1024.854  1472.25 
2024 01 25 13 01 12.89  30.833  06.156  0132.52  00.53  07.76  268.7  009.26  30.831  1024.855  1472.25 
2024 01 25 13 01 13.14  30.832  06.156  0132.04  00.56  07.76  268.7  009.26  30.830  1024.852  1472.24 
2024 01 25 13 01 13.39  30.832  06.158  0131.60  00.53  07.76  268.7  009.26  30.829  1024.849  1472.24 
2024 01 25 13 01 13.64  30.834  06.158  0131.07  00.55  07.76  268.7  009.26  30.831  1024.848  1472.23 
2024 01 25 13 01 13.89  30.835  06.160  0130.57  00.55  07.76  268.7  009.26  30.831  1024.845  1472.23 
2024 01 25 13 01 14.14  30.835  06.164  0130.10  00.57  07.76  268.7  009.26  30.828  1024.841  1472.23 
2024 01 25 13 01 14.39  30.837  06.165  0129.57  00.52  07.76  268.7  009.26  30.829  1024.838  1472.23 
2024 01 25 13 01 14.64  30.836  06.167  0129.03  00.50  07.76  268.7  009.26  30.826  1024.834  1472.23 
2024 01 25 13 01 14.89  30.839  06.168  0128.59  00.55  07.76  268.7  009.26  30.829  1024.834  1472.23 
2024 01 25 13 01 15.14  30.839  06.170  0128.07  00.56  07.76  268.7  009.26  30.827  1024.830  1472.23 
2024 01 25 13 01 15.39  30.843  06.177  0127.62  00.60  07.76  268.7  009.26  30.826  1024.826  1472.24 
2024 01 25 13 01 15.64  30.847  06.179  0127.11  00.58  07.76  268.7  009.26  30.828  1024.825  1472.25 
2024 01 25 13 01 15.89  30.847  06.178  0126.67  00.49  07.76  268.7  009.26  30.829  1024.823  1472.24 
2024 01 25 13 01 16.14  30.847  06.180  0126.29  00.57  07.76  268.7  009.26  30.827  1024.820  1472.24 
2024 01 25 13 01 16.39  30.847  06.180  0126.02  00.53  07.76  268.7  009.26  30.828  1024.819  1472.23 
2024 01 25 13 01 16.64  30.847  06.179  0125.81  00.55  07.76  268.7  009.26  30.829  1024.820  1472.23 
2024 01 25 13 01 16.89  30.844  06.179  0125.68  00.52  07.76  268.7  009.26  30.826  1024.816  1472.22 
2024 01 25 13 01 17.14  30.846  06.180  0125.61  00.52  07.76  268.7  009.26  30.826  1024.817  1472.23 
2024 01 25 13 01 17.39  30.847  06.180  0125.58  00.53  07.76  268.7  009.26  30.828  1024.817  1472.23 
2024 01 25 13 01 17.64  30.847  06.180  0125.61  00.55  07.76  268.7  009.26  30.827  1024.817  1472.23 
2024 01 25 13 01 17.89  30.847  06.181  0125.64  00.57  07.76  268.7  009.26  30.827  1024.817  1472.23 
2024 01 25 13 01 18.14  30.845  06.181  0125.68  00.58  07.76  268.7  009.26  30.825  1024.816  1472.23 
2024 01 25 13 01 18.39  30.846  06.180  0125.72  00.54  07.76  268.7  009.26  30.827  1024.817  1472.23 
2024 01 25 13 01 18.64  30.846  06.180  0125.72  00.53  07.76  267.5  009.29  30.827  1024.817  1472.23 
2024 01 25 13 01 18.89  30.848  06.179  0125.70  00.55  07.76  267.5  009.29  30.830  1024.820  1472.23 
2024 01 25 13 01 19.14  30.847  06.181  0125.69  00.60  07.76  267.5  009.26  30.827  1024.817  1472.23 
2024 01 25 13 01 19.39  30.845  06.181  0125.69  00.55  07.76  267.5  009.26  30.825  1024.815  1472.23 
2024 01 25 13 01 19.64  30.846  06.180  0125.68  00.57  07.76  267.5  009.26  30.827  1024.817  1472.23 
2024 01 25 13 01 19.89  30.848  06.182  0125.66  00.55  07.76  267.5  009.26  30.828  1024.818  1472.23 
2024 01 25 13 01 20.14  30.847  06.180  0125.69  00.59  07.76  267.5  009.26  30.828  1024.818  1472.23 
2024 01 25 13 01 20.39  30.848  06.181  0125.77  00.57  07.76  267.5  009.26  30.828  1024.818  1472.23 
2024 01 25 13 01 20.64  30.845  06.181  0125.83  00.58  07.76  267.5  009.26  30.825  1024.816  1472.23 
2024 01 25 13 01 20.89  30.847  06.183  0125.86  00.58  07.76  267.5  009.26  30.825  1024.816  1472.24 
2024 01 25 13 01 21.14  30.847  06.182  0125.92  00.57  07.76  267.5  009.26  30.826  1024.817  1472.24 
2024 01 25 13 01 21.39  30.847  06.183  0125.93  00.54  07.76  267.5  009.26  30.825  1024.817  1472.24 
2024 01 25 13 01 21.64  30.847  06.182  0125.91  00.57  07.76  266.6  009.26  30.826  1024.818  1472.24 
2024 01 25 13 01 21.89  30.847  06.183  0125.89  00.55  07.76  266.6  009.26  30.824  1024.816  1472.24 
2024 01 25 13 01 22.14  30.848  06.183  0125.87  00.54  07.76  266.6  009.26  30.827  1024.818  1472.24 
2024 01 25 13 01 22.39  30.847  06.183  0125.85  00.54  07.76  266.6  009.26  30.826  1024.817  1472.24 
2024 01 25 13 01 22.64  30.847  06.182  0125.85  00.52  07.76  266.6  009.29  30.826  1024.817  1472.23 
2024 01 25 13 01 22.89  30.847  06.181  0125.87  00.55  07.76  266.6  009.26  30.827  1024.818  1472.23 
2024 01 25 13 01 23.14  30.847  06.182  0125.88  00.56  07.76  266.6  009.26  30.826  1024.817  1472.24 
2024 01 25 13 01 23.39  30.848  06.183  0125.89  00.61  07.76  266.6  009.26  30.826  1024.817  1472.24 
2024 01 25 13 01 23.64  30.846  06.181  0125.89  00.58  07.76  266.6  009.26  30.826  1024.817  1472.23 
2024 01 25 13 01 23.89  30.847  06.182  0125.89  00.53  07.76  266.6  009.26  30.826  1024.817  1472.24 
2024 01 25 13 01 24.14  30.847  06.181  0125.90  00.55  07.76  266.6  009.26  30.828  1024.819  1472.23 
2024 01 25 13 01 24.39  30.847  06.182  0125.92  00.57  07.76  266.6  009.26  30.827  1024.818  1472.24 
2024 01 25 13 01 24.64  30.846  06.181  0125.94  00.55  07.76  266.3  009.26  30.826  1024.817  1472.23 
2024 01 25 13 01 24.89  30.848  06.181  0125.93  00.50  07.76  266.3  009.26  30.829  1024.819  1472.24 
2024 01 25 13 01 25.14  30.846  06.181  0125.94  00.61  07.76  266.3  009.26  30.826  1024.817  1472.23 
2024 01 25 13 01 25.39  30.847  06.185  0125.93  01.13  07.76  266.3  009.26  30.824  1024.816  1472.25 
2024 01 25 13 01 25.64  30.847  06.182  0125.93  00.75  07.76  266.3  009.26  30.826  1024.817  1472.24 
2024 01 25 13 01 25.89  30.847  06.181  0125.94  00.64  07.76  266.3  009.26  30.828  1024.819  1472.23 
2024 01 25 13 01 26.14  30.845  06.182  0125.93  00.64  07.76  266.3  009.26  30.824  1024.816  1472.23 
2024 01 25 13 01 26.39  30.847  06.180  0125.94  00.57  07.76  266.3  009.26  30.827  1024.818  1472.23 
2024 01 25 13 01 26.64  30.847  06.182  0125.91  00.58  07.76  266.3  009.26  30.827  1024.818  1472.24 
2024 01 25 13 01 26.89  30.847  06.180  0125.98  00.59  07.76  266.3  009.26  30.827  1024.819  1472.23 
2024 01 25 13 01 27.14  30.847  06.182  0126.02  00.58  07.76  266.3  009.26  30.827  1024.818  1472.24 
2024 01 25 13 01 27.39  30.846  06.182  0126.04  00.55  07.76  266.3  009.26  30.825  1024.817  1472.24 
2024 01 25 13 01 27.64  30.846  06.181  0126.03  00.58  07.76  266.1  009.26  30.826  1024.818  1472.23 
2024 01 25 13 01 27.89  30.847  06.182  0125.98  00.57  07.76  266.1  009.26  30.826  1024.817  1472.24 
2024 01 25 13 01 28.14  30.847  06.182  0125.95  00.57  07.76  266.1  009.26  30.826  1024.817  1472.24 
2024 01 25 13 01 28.39  30.847  06.182  0125.91  00.55  07.76  266.1  009.26  30.826  1024.817  1472.24 
2024 01 25 13 01 28.64  30.847  06.182  0125.89  00.57  07.76  266.1  009.26  30.826  1024.817  1472.24 
2024 01 25 13 01 28.89  30.847  06.181  0125.88  00.57  07.76  266.1  009.26  30.827  1024.818  1472.23 
2024 01 25 13 01 29.14  30.847  06.183  0125.86  00.58  07.76  266.1  009.26  30.826  1024.817  1472.24 
2024 01 25 13 01 29.39  30.849  06.182  0125.83  00.53  07.76  266.1  009.26  30.829  1024.819  1472.24 
2024 01 25 13 01 29.64  30.847  06.183  0125.80  00.57  07.76  266.1  009.26  30.825  1024.816  1472.24 
2024 01 25 13 01 29.89  30.849  06.182  0125.76  00.48  07.76  266.1  009.26  30.828  1024.818  1472.24 
2024 01 25 13 01 30.14  30.848  06.183  0125.75  00.51  07.76  266.1  009.26  30.826  1024.816  1472.24 
2024 01 25 13 01 30.39  30.847  06.181  0125.76  00.49  07.76  266.1  009.26  30.827  1024.817  1472.23 
2024 01 25 13 01 30.64  30.846  06.181  0125.79  00.61  07.76  266.0  009.26  30.826  1024.816  1472.23 
2024 01 25 13 01 30.89  30.845  06.181  0125.81  00.59  07.76  266.0  009.26  30.825  1024.816  1472.23 
2024 01 25 13 01 31.14  30.847  06.181  0125.79  00.61  07.76  266.0  009.26  30.827  1024.818  1472.23 
2024 01 25 13 01 31.39  30.848  06.181  0125.79  00.58  07.76  266.0  009.26  30.829  1024.819  1472.23 
2024 01 25 13 01 31.64  30.849  06.182  0125.77  00.54  07.76  266.0  009.26  30.828  1024.818  1472.24 
2024 01 25 13 01 31.89  30.847  06.182  0125.77  00.58  07.76  266.0  009.26  30.826  1024.816  1472.23 
2024 01 25 13 01 32.14  30.845  06.182  0125.77  00.55  07.76  266.0  009.26  30.824  1024.815  1472.23 
2024 01 25 13 01 32.39  30.845  06.180  0125.79  00.58  07.76  266.0  009.26  30.826  1024.817  1472.23 
2024 01 25 13 01 32.64  30.846  06.181  0125.80  00.53  07.76  266.0  009.26  30.826  1024.817  1472.23 
2024 01 25 13 01 32.89  30.847  06.183  0125.80  00.50  07.76  266.0  009.26  30.825  1024.816  1472.24 
2024 01 25 13 01 33.14  30.845  06.182  0125.79  00.54  07.76  266.0  009.26  30.824  1024.815  1472.23 
2024 01 25 13 01 33.39  30.847  06.182  0125.80  00.50  07.76  266.0  009.26  30.826  1024.817  1472.23 
2024 01 25 13 01 33.64  30.847  06.181  0125.82  00.55  07.76  265.9  009.26  30.826  1024.817  1472.23 
2024 01 25 13 01 33.89  30.844  06.181  0125.84  00.62  07.76  265.9  009.26  30.824  1024.816  1472.23 
2024 01 25 13 01 34.14  30.844  06.182  0125.83  00.61  07.76  265.9  009.26  30.823  1024.814  1472.23 
2024 01 25 13 01 34.39  30.845  06.181  0125.81  00.62  07.76  265.9  009.26  30.825  1024.816  1472.23 
2024 01 25 13 01 34.64  30.842  06.181  0125.81  00.56  07.76  265.9  009.26  30.821  1024.813  1472.23 
2024 01 25 13 01 34.89  30.846  06.181  0125.81  00.51  07.76  265.9  009.26  30.825  1024.816  1472.23 
2024 01 25 13 01 35.14  30.846  06.181  0125.80  00.55  07.76  265.9  009.26  30.826  1024.817  1472.23 
2024 01 25 13 01 35.39  30.846  06.182  0125.83  00.59  07.76  265.9  009.26  30.825  1024.816  1472.23 
2024 01 25 13 01 35.64  30.846  06.181  0125.84  00.58  07.76  265.9  009.26  30.826  1024.817  1472.23 
2024 01 25 13 01 35.89  30.844  06.181  0125.84  00.54  07.76  265.9  009.26  30.824  1024.815  1472.23 
2024 01 25 13 01 36.14  30.845  06.182  0125.85  00.56  07.76  265.9  009.26  30.824  1024.815  1472.23 
2024 01 25 13 01 36.39  30.844  06.182  0125.87  00.54  07.76  265.9  009.26  30.823  1024.815  1472.23 
2024 01 25 13 01 36.64  30.844  06.182  0125.90  00.59  07.76  265.7  009.26  30.823  1024.815  1472.23 
2024 01 25 13 01 36.89  30.846  06.184  0125.90  00.58  07.76  265.7  009.26  30.823  1024.815  1472.24 
2024 01 25 13 01 37.14  30.844  06.183  0125.89  00.60  07.76  265.7  009.26  30.823  1024.814  1472.23 
2024 01 25 13 01 37.39  30.843  06.183  0125.89  00.57  07.76  265.7  009.26  30.822  1024.814  1472.23 
2024 01 25 13 01 37.64  30.844  06.182  0125.89  00.55  07.76  265.7  009.26  30.823  1024.815  1472.23 
2024 01 25 13 01 37.89  30.845  06.183  0125.88  00.56  07.76  265.7  009.26  30.823  1024.815  1472.24 
2024 01 25 13 01 38.14  30.843  06.183  0125.90  00.57  07.76  265.7  009.26  30.821  1024.813  1472.23 
2024 01 25 13 01 38.39  30.846  06.180  0125.95  00.56  07.76  265.7  009.26  30.826  1024.818  1472.23 
2024 01 25 13 01 38.64  30.845  06.181  0125.97  00.57  07.75  265.7  009.26  30.824  1024.816  1472.23 
2024 01 25 13 01 38.89  30.845  06.181  0125.98  00.52  07.76  265.7  009.26  30.825  1024.817  1472.23 
2024 01 25 13 01 39.14  30.845  06.181  0125.96  00.49  07.76  265.7  009.26  30.825  1024.817  1472.23 
2024 01 25 13 01 39.39  30.844  06.182  0125.96  00.49  07.76  265.7  009.26  30.823  1024.815  1472.23 
2024 01 25 13 01 39.64  30.844  06.181  0125.99  00.55  07.76  265.9  009.26  30.824  1024.816  1472.23 
2024 01 25 13 01 39.89  30.844  06.183  0125.99  00.59  07.76  265.9  009.26  30.822  1024.814  1472.24 
2024 01 25 13 01 40.14  30.847  06.182  0125.98  00.54  07.76  265.9  009.26  30.826  1024.817  1472.24 
2024 01 25 13 01 40.39  30.845  06.182  0125.99  00.56  07.76  265.9  009.26  30.823  1024.816  1472.24 
2024 01 25 13 01 40.64  30.846  06.182  0125.97  00.60  07.76  265.9  009.26  30.825  1024.816  1472.24 
2024 01 25 13 01 40.89  30.843  06.184  0125.97  00.62  07.76  265.9  009.26  30.821  1024.813  1472.24 
2024 01 25 13 01 41.14  30.843  06.182  0125.98  00.57  07.76  265.9  009.26  30.822  1024.815  1472.23 
2024 01 25 13 01 41.39  30.843  06.183  0126.01  00.56  07.76  265.9  009.26  30.820  1024.813  1472.24 
2024 01 25 13 01 41.64  30.843  06.182  0126.02  00.61  07.76  265.9  009.26  30.822  1024.815  1472.23 
2024 01 25 13 01 41.89  30.843  06.182  0126.04  00.54  07.76  265.9  009.26  30.821  1024.814  1472.23 
2024 01 25 13 01 42.14  30.843  06.181  0126.05  00.76  07.76  265.9  009.26  30.822  1024.815  1472.23 
2024 01 25 13 01 42.39  30.845  06.181  0126.06  00.62  07.76  265.9  009.26  30.824  1024.817  1472.23 
2024 01 25 13 01 42.64  30.846  06.182  0126.06  00.57  07.76  265.7  009.26  30.824  1024.817  1472.24 
2024 01 25 13 01 42.89  30.847  06.183  0126.05  00.57  07.76  265.7  009.26  30.825  1024.817  1472.24 
2024 01 25 13 01 43.14  30.845  06.182  0126.06  00.59  07.76  265.7  009.26  30.824  1024.817  1472.24 
2024 01 25 13 01 43.39  30.845  06.184  0126.06  00.63  07.76  265.7  009.26  30.822  1024.815  1472.24 
2024 01 25 13 01 43.64  30.845  06.181  0126.09  00.59  07.76  265.7  009.26  30.824  1024.817  1472.24 
2024 01 25 13 01 43.89  30.844  06.183  0126.10  00.58  07.76  265.7  009.26  30.822  1024.815  1472.24 
2024 01 25 13 01 44.14  30.842  06.184  0126.11  00.62  07.76  265.7  009.26  30.819  1024.812  1472.24 
2024 01 25 13 01 44.39  30.846  06.183  0126.11  00.59  07.76  265.7  009.26  30.824  1024.816  1472.24 
2024 01 25 13 01 44.64  30.844  06.181  0126.12  00.59  07.76  265.7  009.26  30.823  1024.816  1472.23 
2024 01 25 13 01 44.89  30.846  06.182  0126.09  00.52  07.76  265.7  009.26  30.825  1024.817  1472.24 
2024 01 25 13 01 45.14  30.846  06.186  0126.05  00.48  07.76  265.7  009.26  30.822  1024.814  1472.25 
2024 01 25 13 01 45.39  30.843  06.184  0125.99  00.52  07.76  265.7  009.26  30.819  1024.812  1472.24 
2024 01 25 13 01 45.64  30.846  06.185  0125.95  00.56  07.76  265.7  009.26  30.822  1024.814  1472.24 
2024 01 25 13 01 45.89  30.847  06.184  0125.93  00.52  07.76  265.7  009.26  30.825  1024.816  1472.24 
2024 01 25 13 01 46.14  30.847  06.184  0125.90  00.58  07.76  265.7  009.26  30.825  1024.816  1472.24 
2024 01 25 13 01 46.39  30.844  06.182  0125.91  00.57  07.76  265.7  009.26  30.823  1024.815  1472.23 
2024 01 25 13 01 46.64  30.843  06.184  0125.93  00.55  07.76  265.7  009.26  30.820  1024.812  1472.24 
2024 01 25 13 01 46.89  30.843  06.183  0125.93  00.58  07.76  265.7  009.26  30.821  1024.813  1472.23 
2024 01 25 13 01 47.14  30.843  06.182  0125.93  00.57  07.76  265.7  009.26  30.821  1024.813  1472.23 
2024 01 25 13 01 47.39  30.845  06.181  0125.96  00.56  07.76  265.7  009.26  30.825  1024.817  1472.23 
2024 01 25 13 01 47.64  30.844  06.183  0125.96  00.57  07.75  265.7  009.26  30.822  1024.815  1472.24 
2024 01 25 13 01 47.89  30.845  06.182  0125.98  00.50  07.76  265.7  009.26  30.824  1024.816  1472.24 
2024 01 25 13 01 48.14  30.843  06.182  0125.96  00.49  07.76  265.7  009.26  30.821  1024.814  1472.23 
2024 01 25 13 01 48.39  30.847  06.183  0125.97  00.51  07.76  265.7  009.26  30.825  1024.817  1472.24 
2024 01 25 13 01 48.64  30.844  06.182  0125.97  00.57  07.76  265.7  009.26  30.823  1024.815  1472.24 
2024 01 25 13 01 48.89  30.843  06.182  0125.95  00.50  07.76  265.7  009.26  30.821  1024.813  1472.23 
2024 01 25 13 01 49.14  30.847  06.182  0125.95  00.48  07.76  265.7  009.29  30.825  1024.817  1472.24 
2024 01 25 13 01 49.39  30.843  06.183  0125.92  00.50  07.76  265.7  009.26  30.821  1024.813  1472.23 
2024 01 25 13 01 49.64  30.843  06.182  0125.90  00.51  07.76  265.7  009.26  30.822  1024.814  1472.23 
2024 01 25 13 01 49.89  30.844  06.185  0125.86  00.52  07.76  265.7  009.26  30.821  1024.812  1472.24 
2024 01 25 13 01 50.14  30.845  06.185  0125.83  00.53  07.76  265.7  009.26  30.822  1024.813  1472.24 
2024 01 25 13 01 50.39  30.842  06.184  0125.79  00.56  07.76  265.7  009.26  30.819  1024.811  1472.23 
2024 01 25 13 01 50.64  30.847  06.183  0125.77  00.54  07.76  265.7  009.26  30.826  1024.817  1472.24 
2024 01 25 13 01 50.89  30.842  06.183  0125.78  00.59  07.76  265.7  009.26  30.819  1024.811  1472.23 
2024 01 25 13 01 51.14  30.840  06.183  0125.84  00.60  07.76  265.7  009.26  30.818  1024.810  1472.23 
2024 01 25 13 01 51.39  30.846  06.183  0125.90  00.61  07.76  265.7  009.26  30.824  1024.816  1472.24 
2024 01 25 13 01 51.64  30.839  06.184  0125.93  00.58  07.76  265.6  009.26  30.815  1024.809  1472.23 
2024 01 25 13 01 51.89  30.842  06.183  0125.96  00.61  07.76  265.6  009.26  30.819  1024.812  1472.23 
2024 01 25 13 01 52.14  30.841  06.182  0125.98  00.62  07.76  265.6  009.26  30.820  1024.813  1472.23 
2024 01 25 13 01 52.39  30.843  06.183  0125.94  00.57  07.76  265.6  009.26  30.821  1024.813  1472.24 
2024 01 25 13 01 52.64  30.843  06.186  0125.92  00.56  07.76  265.6  009.26  30.819  1024.811  1472.24 
2024 01 25 13 01 52.89  30.843  06.185  0125.92  00.57  07.76  265.6  009.26  30.819  1024.812  1472.24 
2024 01 25 13 01 53.14  30.843  06.183  0125.93  00.56  07.76  265.6  009.26  30.820  1024.813  1472.23 
2024 01 25 13 01 53.39  30.842  06.183  0125.92  00.56  07.76  265.6  009.26  30.819  1024.812  1472.23 
2024 01 25 13 01 53.64  30.840  06.183  0125.92  00.54  07.76  265.6  009.26  30.818  1024.811  1472.23 
2024 01 25 13 01 53.89  30.843  06.185  0125.92  00.53  07.76  265.6  009.26  30.819  1024.811  1472.24 
2024 01 25 13 01 54.14  30.844  06.185  0125.93  00.57  07.76  265.6  009.26  30.821  1024.813  1472.24 
2024 01 25 13 01 54.39  30.842  06.182  0125.94  00.53  07.76  265.6  009.26  30.821  1024.813  1472.23 
2024 01 25 13 01 54.64  30.843  06.183  0125.97  00.54  07.76  265.7  009.26  30.821  1024.813  1472.24 
2024 01 25 13 01 54.89  30.841  06.183  0125.93  00.57  07.76  265.7  009.26  30.818  1024.811  1472.23 
2024 01 25 13 01 55.14  30.842  06.183  0125.91  00.56  07.76  265.7  009.26  30.820  1024.812  1472.23 
2024 01 25 13 01 55.39  30.842  06.183  0125.89  00.59  07.76  265.7  009.26  30.819  1024.812  1472.23 
2024 01 25 13 01 55.64  30.840  06.182  0125.90  00.55  07.76  265.7  009.26  30.819  1024.812  1472.23 
2024 01 25 13 01 55.89  30.839  06.184  0125.88  00.54  07.76  265.7  009.26  30.816  1024.809  1472.23 
2024 01 25 13 01 56.14  30.839  06.180  0125.84  00.55  07.76  265.7  009.26  30.819  1024.812  1472.22 
2024 01 25 13 01 56.39  30.841  06.183  0125.74  00.60  07.76  265.7  009.26  30.819  1024.811  1472.23 
2024 01 25 13 01 56.64  30.843  06.183  0125.60  00.63  07.75  265.7  009.26  30.821  1024.812  1472.23 
2024 01 25 13 01 56.89  30.844  06.187  0125.45  00.66  07.76  265.7  009.26  30.819  1024.809  1472.24 
2024 01 25 13 01 57.14  30.845  06.187  0125.31  00.54  07.76  265.7  009.26  30.819  1024.808  1472.24 
2024 01 25 13 01 57.39  30.843  06.186  0125.17  00.56  07.76  265.7  009.26  30.818  1024.807  1472.23 
2024 01 25 13 01 57.64  30.845  06.188  0125.01  00.59  07.76  265.6  009.26  30.819  1024.807  1472.24 
2024 01 25 13 01 57.89  30.844  06.189  0124.85  00.54  07.76  265.6  009.26  30.817  1024.804  1472.24 
2024 01 25 13 01 58.14  30.843  06.190  0124.71  00.51  07.76  265.6  009.26  30.816  1024.803  1472.24 
2024 01 25 13 01 58.39  30.840  06.190  0124.57  00.57  07.76  265.6  009.26  30.812  1024.799  1472.23 
2024 01 25 13 01 58.64  30.843  06.189  0124.44  00.57  07.76  265.6  009.26  30.816  1024.802  1472.23 
2024 01 25 13 01 58.89  30.843  06.190  0124.32  00.62  07.76  265.6  009.26  30.815  1024.800  1472.23 
2024 01 25 13 01 59.14  30.842  06.190  0124.16  00.59  07.76  265.6  009.26  30.814  1024.799  1472.23 
2024 01 25 13 01 59.39  30.843  06.191  0123.95  00.55  07.76  265.6  009.26  30.814  1024.797  1472.23 
2024 01 25 13 01 59.64  30.845  06.192  0123.77  00.53  07.76  265.6  009.26  30.816  1024.798  1472.23 
2024 01 25 13 01 59.89  30.839  06.193  0123.53  00.53  07.76  265.6  009.26  30.809  1024.791  1472.22 
2024 01 25 13 02 00.14  30.844  06.193  0123.29  00.51  07.76  265.6  009.26  30.814  1024.794  1472.22 
2024 01 25 13 02 00.39  30.842  06.192  0123.14  00.52  07.76  265.6  009.26  30.813  1024.793  1472.22 
2024 01 25 13 02 00.64  30.839  06.193  0122.99  00.54  07.76  265.7  009.26  30.809  1024.789  1472.21 
2024 01 25 13 02 00.89  30.842  06.193  0122.84  00.51  07.76  265.7  009.26  30.811  1024.790  1472.21 
2024 01 25 13 02 01.14  30.843  06.193  0122.64  00.53  07.76  265.7  009.26  30.813  1024.790  1472.21 
2024 01 25 13 02 01.39  30.843  06.194  0122.43  00.54  07.76  265.7  009.26  30.812  1024.789  1472.21 
2024 01 25 13 02 01.64  30.840  06.194  0122.24  00.53  07.76  265.7  009.26  30.810  1024.786  1472.20 
2024 01 25 13 02 01.89  30.843  06.194  0122.03  00.58  07.76  265.7  009.26  30.813  1024.788  1472.21 
2024 01 25 13 02 02.14  30.843  06.194  0121.80  00.58  07.76  265.7  009.26  30.813  1024.786  1472.20 
2024 01 25 13 02 02.39  30.840  06.193  0121.62  00.55  07.76  265.7  009.26  30.810  1024.784  1472.19 
2024 01 25 13 02 02.64  30.843  06.193  0121.43  00.61  07.75  265.7  009.26  30.814  1024.786  1472.19 
2024 01 25 13 02 02.89  30.843  06.195  0121.27  00.49  07.76  265.7  009.26  30.812  1024.783  1472.20 
2024 01 25 13 02 03.14  30.843  06.194  0121.07  00.50  07.76  265.7  009.26  30.813  1024.783  1472.19 
2024 01 25 13 02 03.39  30.840  06.194  0120.90  00.53  07.76  265.7  009.26  30.810  1024.780  1472.18 
2024 01 25 13 02 03.64  30.844  06.194  0120.73  00.55  07.76  265.5  009.26  30.815  1024.783  1472.19 
2024 01 25 13 02 03.89  30.842  06.195  0120.52  00.50  07.76  265.5  009.26  30.811  1024.779  1472.18 
2024 01 25 13 02 04.14  30.842  06.195  0120.30  00.58  07.76  265.5  009.26  30.811  1024.778  1472.18 
2024 01 25 13 02 04.39  30.842  06.195  0120.08  00.56  07.76  265.5  009.26  30.811  1024.777  1472.18 
2024 01 25 13 02 04.64  30.844  06.193  0119.84  00.57  07.76  265.5  009.26  30.816  1024.780  1472.17 
2024 01 25 13 02 04.89  30.845  06.195  0119.64  00.57  07.76  265.5  009.26  30.815  1024.778  1472.17 
2024 01 25 13 02 05.14  30.844  06.196  0119.43  00.58  07.76  265.5  009.26  30.813  1024.775  1472.17 
2024 01 25 13 02 05.39  30.843  06.197  0119.24  00.61  07.76  265.5  009.26  30.812  1024.773  1472.17 
2024 01 25 13 02 05.64  30.843  06.198  0119.07  00.68  07.75  265.5  009.26  30.810  1024.771  1472.17 
2024 01 25 13 02 05.89  30.841  06.199  0118.88  00.60  07.76  265.5  009.26  30.807  1024.768  1472.17 
2024 01 25 13 02 06.14  30.846  06.199  0118.70  00.58  07.76  265.5  009.26  30.813  1024.772  1472.17 
2024 01 25 13 02 06.39  30.847  06.204  0118.51  00.52  07.76  265.5  009.26  30.810  1024.767  1472.18 
2024 01 25 13 02 06.64  30.846  06.204  0118.32  00.50  07.76  265.4  009.26  30.808  1024.765  1472.18 
2024 01 25 13 02 06.89  30.848  06.206  0118.12  00.47  07.76  265.4  009.26  30.809  1024.765  1472.19 
2024 01 25 13 02 07.14  30.849  06.209  0117.89  00.48  07.76  265.4  009.26  30.807  1024.762  1472.19 
2024 01 25 13 02 07.39  30.847  06.210  0117.67  00.53  07.76  265.4  009.26  30.805  1024.759  1472.19 
2024 01 25 13 02 07.64  30.849  06.211  0117.48  00.52  07.76  265.4  009.26  30.806  1024.759  1472.19 
2024 01 25 13 02 07.89  30.851  06.212  0117.24  00.55  07.76  265.4  009.26  30.807  1024.759  1472.19 
2024 01 25 13 02 08.14  30.850  06.214  0117.01  00.54  07.76  265.4  009.26  30.804  1024.755  1472.19 
2024 01 25 13 02 08.39  30.848  06.214  0116.81  00.52  07.76  265.4  009.26  30.803  1024.753  1472.19 
2024 01 25 13 02 08.64  30.850  06.216  0116.58  00.47  07.75  265.4  009.26  30.803  1024.751  1472.19 
2024 01 25 13 02 08.89  30.853  06.218  0116.35  00.47  07.76  265.4  009.26  30.805  1024.752  1472.20 
2024 01 25 13 02 09.14  30.851  06.216  0116.11  00.53  07.76  265.4  009.26  30.803  1024.750  1472.19 
2024 01 25 13 02 09.39  30.854  06.220  0115.91  00.53  07.76  265.4  009.26  30.804  1024.749  1472.20 
2024 01 25 13 02 09.64  30.853  06.221  0115.71  00.55  07.76  265.2  009.26  30.802  1024.747  1472.20 
2024 01 25 13 02 09.89  30.852  06.221  0115.50  00.55  07.76  265.2  009.26  30.801  1024.745  1472.19 
2024 01 25 13 02 10.14  30.851  06.222  0115.27  00.53  07.76  265.2  009.26  30.800  1024.742  1472.19 
2024 01 25 13 02 10.39  30.854  06.223  0115.04  00.55  07.76  265.2  009.29  30.801  1024.742  1472.20 
2024 01 25 13 02 10.64  30.856  06.225  0114.82  00.56  07.76  265.2  009.26  30.803  1024.742  1472.20 
2024 01 25 13 02 10.89  30.854  06.223  0114.57  00.55  07.76  265.2  009.26  30.801  1024.740  1472.19 
2024 01 25 13 02 11.14  30.854  06.224  0114.37  00.58  07.76  265.2  009.26  30.800  1024.739  1472.19 
2024 01 25 13 02 11.39  30.856  06.226  0114.16  00.55  07.76  265.2  009.26  30.802  1024.738  1472.19 
2024 01 25 13 02 11.64  30.857  06.226  0113.95  00.59  07.75  265.2  009.26  30.802  1024.738  1472.19 
2024 01 25 13 02 11.89  30.854  06.227  0113.77  00.57  07.76  265.2  009.26  30.799  1024.734  1472.18 
2024 01 25 13 02 12.14  30.855  06.226  0113.60  00.51  07.76  265.2  009.26  30.801  1024.735  1472.18 
2024 01 25 13 02 12.39  30.855  06.230  0113.45  00.50  07.76  265.2  009.26  30.798  1024.731  1472.19 
2024 01 25 13 02 12.64  30.858  06.232  0113.29  00.46  07.76  264.9  009.26  30.799  1024.731  1472.20 
2024 01 25 13 02 12.89  30.858  06.231  0113.14  00.43  07.76  264.9  009.26  30.800  1024.731  1472.19 
2024 01 25 13 02 13.14  30.858  06.232  0113.03  00.53  07.76  264.9  009.26  30.799  1024.730  1472.19 
2024 01 25 13 02 13.39  30.858  06.233  0112.87  00.52  07.76  264.9  009.26  30.798  1024.728  1472.20 
2024 01 25 13 02 13.64  30.858  06.234  0112.70  00.53  07.76  264.9  009.26  30.797  1024.727  1472.20 
2024 01 25 13 02 13.89  30.861  06.235  0112.52  00.62  07.76  264.9  009.26  30.800  1024.728  1472.20 
2024 01 25 13 02 14.14  30.859  06.235  0112.31  00.64  07.76  264.9  009.26  30.797  1024.725  1472.19 
2024 01 25 13 02 14.39  30.862  06.237  0112.09  00.64  07.76  264.9  009.26  30.799  1024.725  1472.20 
2024 01 25 13 02 14.64  30.860  06.239  0111.89  00.54  07.75  264.9  009.26  30.796  1024.722  1472.20 
2024 01 25 13 02 14.89  30.860  06.237  0111.68  00.52  07.76  264.9  009.26  30.798  1024.722  1472.19 
2024 01 25 13 02 15.14  30.861  06.239  0111.48  00.52  07.76  264.9  009.26  30.796  1024.720  1472.19 
2024 01 25 13 02 15.39  30.859  06.239  0111.30  00.50  07.76  264.9  009.26  30.794  1024.717  1472.19 
2024 01 25 13 02 15.64  30.860  06.239  0111.09  00.50  07.76  264.8  009.26  30.796  1024.718  1472.19 
2024 01 25 13 02 15.89  30.859  06.240  0110.90  00.56  07.76  264.8  009.26  30.794  1024.715  1472.19 
2024 01 25 13 02 16.14  30.861  06.241  0110.68  00.56  07.76  264.8  009.26  30.795  1024.715  1472.19 
2024 01 25 13 02 16.39  30.862  06.243  0110.47  00.55  07.76  264.8  009.26  30.794  1024.713  1472.19 
2024 01 25 13 02 16.64  30.862  06.244  0110.25  00.57  07.76  264.8  009.26  30.794  1024.712  1472.19 
2024 01 25 13 02 16.89  30.863  06.246  0110.02  00.52  07.76  264.8  009.26  30.793  1024.710  1472.20 
2024 01 25 13 02 17.14  30.862  06.247  0109.82  00.51  07.76  264.8  009.26  30.791  1024.707  1472.19 
2024 01 25 13 02 17.39  30.863  06.247  0109.63  00.55  07.76  264.8  009.26  30.793  1024.708  1472.19 
2024 01 25 13 02 17.64  30.866  06.247  0109.40  00.57  07.76  264.8  009.26  30.795  1024.708  1472.19 
2024 01 25 13 02 17.89  30.865  06.248  0109.18  00.47  07.76  264.8  009.26  30.794  1024.706  1472.19 
2024 01 25 13 02 18.14  30.865  06.247  0108.95  00.49  07.76  264.8  009.26  30.794  1024.706  1472.18 
2024 01 25 13 02 18.39  30.865  06.249  0108.72  00.53  07.76  264.8  009.26  30.793  1024.703  1472.19 
2024 01 25 13 02 18.64  30.865  06.250  0108.49  00.55  07.76  264.5  009.26  30.793  1024.702  1472.18 
2024 01 25 13 02 18.89  30.864  06.249  0108.28  00.55  07.76  264.5  009.26  30.792  1024.701  1472.18 
2024 01 25 13 02 19.14  30.864  06.250  0108.05  00.50  07.76  264.5  009.26  30.792  1024.699  1472.18 
2024 01 25 13 02 19.39  30.863  06.251  0107.83  00.53  07.76  264.5  009.26  30.790  1024.697  1472.17 
2024 01 25 13 02 19.64  30.865  06.251  0107.62  00.55  07.76  264.5  009.26  30.792  1024.698  1472.17 
2024 01 25 13 02 19.89  30.866  06.251  0107.43  00.55  07.76  264.5  009.26  30.792  1024.697  1472.17 
2024 01 25 13 02 20.14  30.864  06.253  0107.22  00.51  07.76  264.5  009.26  30.790  1024.694  1472.17 
2024 01 25 13 02 20.39  30.863  06.252  0106.99  00.48  07.76  264.5  009.26  30.789  1024.692  1472.17 
2024 01 25 13 02 20.64  30.865  06.253  0106.77  00.49  07.76  264.5  009.26  30.791  1024.692  1472.17 
2024 01 25 13 02 20.89  30.865  06.252  0106.56  00.49  07.76  264.5  009.26  30.791  1024.692  1472.16 
2024 01 25 13 02 21.14  30.865  06.253  0106.31  00.50  07.76  264.5  009.26  30.790  1024.690  1472.16 
2024 01 25 13 02 21.39  30.864  06.253  0106.10  00.54  07.76  264.5  009.26  30.790  1024.689  1472.15 
2024 01 25 13 02 21.64  30.864  06.253  0105.91  00.50  07.76  264.4  009.26  30.790  1024.687  1472.15 
2024 01 25 13 02 21.89  30.866  06.253  0105.70  00.52  07.76  264.4  009.26  30.792  1024.688  1472.15 
2024 01 25 13 02 22.14  30.864  06.252  0105.50  00.53  07.76  264.4  009.26  30.791  1024.686  1472.14 
2024 01 25 13 02 22.39  30.863  06.253  0105.29  00.55  07.76  264.4  009.26  30.790  1024.685  1472.14 
2024 01 25 13 02 22.64  30.864  06.254  0105.11  00.60  07.76  264.4  009.26  30.789  1024.683  1472.14 
2024 01 25 13 02 22.89  30.866  06.254  0104.92  00.54  07.76  264.4  009.26  30.791  1024.684  1472.14 
2024 01 25 13 02 23.14  30.863  06.254  0104.77  00.50  07.76  264.4  009.26  30.789  1024.682  1472.13 
2024 01 25 13 02 23.39  30.865  06.254  0104.60  00.53  07.76  264.4  009.26  30.790  1024.682  1472.14 
2024 01 25 13 02 23.64  30.864  06.255  0104.46  00.60  07.75  264.4  009.26  30.789  1024.680  1472.13 
2024 01 25 13 02 23.89  30.864  06.256  0104.31  00.72  07.76  264.4  009.26  30.788  1024.678  1472.14 
2024 01 25 13 02 24.14  30.866  06.255  0104.17  00.52  07.76  264.4  009.26  30.790  1024.680  1472.13 
2024 01 25 13 02 24.39  30.864  06.255  0104.05  00.45  07.76  264.4  009.26  30.789  1024.678  1472.13 
2024 01 25 13 02 24.64  30.865  06.255  0103.90  00.52  07.76  264.3  009.26  30.790  1024.678  1472.13 
2024 01 25 13 02 24.89  30.863  06.257  0103.78  00.45  07.76  264.3  009.26  30.787  1024.675  1472.13 
2024 01 25 13 02 25.14  30.865  06.256  0103.62  00.46  07.76  264.3  009.26  30.789  1024.676  1472.13 
2024 01 25 13 02 25.39  30.865  06.256  0103.46  00.52  07.76  264.3  009.26  30.789  1024.675  1472.12 
2024 01 25 13 02 25.64  30.866  06.260  0103.34  00.51  07.76  264.3  009.26  30.787  1024.673  1472.14 
2024 01 25 13 02 25.89  30.868  06.262  0103.15  00.54  07.76  264.3  009.26  30.788  1024.672  1472.14 
2024 01 25 13 02 26.14  30.870  06.263  0102.99  00.52  07.76  264.3  009.26  30.788  1024.672  1472.14 
2024 01 25 13 02 26.39  30.868  06.263  0102.84  00.54  07.76  264.3  009.26  30.786  1024.669  1472.14 
2024 01 25 13 02 26.64  30.869  06.264  0102.68  00.53  07.76  264.3  009.26  30.787  1024.669  1472.14 
2024 01 25 13 02 26.89  30.870  06.266  0102.52  00.51  07.76  264.3  009.26  30.786  1024.667  1472.14 
2024 01 25 13 02 27.14  30.870  06.265  0102.35  00.51  07.76  264.3  009.26  30.786  1024.667  1472.14 
2024 01 25 13 02 27.39  30.870  06.265  0102.16  00.52  07.76  264.3  009.26  30.787  1024.667  1472.13 
2024 01 25 13 02 27.64  30.869  06.264  0102.00  00.59  07.76  264.2  009.26  30.787  1024.666  1472.13 
2024 01 25 13 02 27.89  30.868  06.264  0101.81  00.54  07.76  264.2  009.26  30.786  1024.664  1472.12 
2024 01 25 13 02 28.14  30.869  06.264  0101.64  00.57  07.76  264.2  009.26  30.787  1024.664  1472.12 
2024 01 25 13 02 28.39  30.870  06.269  0101.45  00.60  07.76  264.2  009.26  30.785  1024.661  1472.14 
2024 01 25 13 02 28.64  30.870  06.269  0101.28  00.50  07.76  264.2  009.26  30.784  1024.660  1472.13 
2024 01 25 13 02 28.89  30.869  06.267  0101.10  00.53  07.76  264.2  009.26  30.785  1024.660  1472.12 
2024 01 25 13 02 29.14  30.870  06.270  0100.95  00.51  07.76  264.2  009.26  30.784  1024.658  1472.13 
2024 01 25 13 02 29.39  30.871  06.271  0100.79  00.52  07.76  264.2  009.26  30.784  1024.657  1472.13 
2024 01 25 13 02 29.64  30.872  06.273  0100.62  00.49  07.76  264.2  009.26  30.783  1024.655  1472.14 
2024 01 25 13 02 29.89  30.872  06.274  0100.46  00.46  07.76  264.2  009.26  30.782  1024.654  1472.14 
2024 01 25 13 02 30.14  30.874  06.274  0100.28  00.53  07.76  264.2  009.26  30.784  1024.655  1472.14 
2024 01 25 13 02 30.39  30.872  06.274  0100.10  00.51  07.76  264.2  009.26  30.782  1024.652  1472.13 
2024 01 25 13 02 30.64  30.872  06.274  0099.93  00.47  07.76  264.2  009.26  30.782  1024.651  1472.13 
2024 01 25 13 02 30.89  30.872  06.273  0099.74  00.54  07.76  264.2  009.26  30.783  1024.651  1472.12 
2024 01 25 13 02 31.14  30.873  06.274  0099.60  00.56  07.76  264.2  009.29  30.784  1024.651  1472.13 
2024 01 25 13 02 31.39  30.872  06.274  0099.42  00.51  07.76  264.2  009.26  30.783  1024.650  1472.12 
2024 01 25 13 02 31.64  30.871  06.274  0099.26  00.52  07.76  264.2  009.26  30.782  1024.648  1472.12 
2024 01 25 13 02 31.89  30.872  06.273  0099.10  00.52  07.76  264.2  009.26  30.783  1024.649  1472.11 
2024 01 25 13 02 32.14  30.872  06.275  0098.91  00.55  07.76  264.2  009.26  30.782  1024.646  1472.12 
2024 01 25 13 02 32.39  30.872  06.275  0098.72  00.57  07.76  264.2  009.26  30.783  1024.646  1472.11 
2024 01 25 13 02 32.64  30.872  06.274  0098.56  00.54  07.76  264.2  009.26  30.783  1024.646  1472.11 
2024 01 25 13 02 32.89  30.871  06.275  0098.37  00.55  07.76  264.2  009.26  30.782  1024.644  1472.11 
2024 01 25 13 02 33.14  30.874  06.274  0098.19  00.50  07.76  264.2  009.26  30.786  1024.646  1472.11 
2024 01 25 13 02 33.39  30.874  06.275  0098.02  00.56  07.76  264.2  009.26  30.784  1024.644  1472.11 
2024 01 25 13 02 33.64  30.872  06.276  0097.86  00.55  07.76  264.1  009.26  30.782  1024.641  1472.10 
2024 01 25 13 02 33.89  30.874  06.277  0097.69  00.56  07.76  264.1  009.26  30.782  1024.641  1472.11 
2024 01 25 13 02 34.14  30.873  06.277  0097.50  00.60  07.76  264.1  009.26  30.782  1024.639  1472.10 
2024 01 25 13 02 34.39  30.873  06.277  0097.33  00.59  07.76  264.1  009.26  30.782  1024.638  1472.10 
2024 01 25 13 02 34.64  30.874  06.278  0097.15  00.56  07.76  264.1  009.26  30.782  1024.638  1472.10 
2024 01 25 13 02 34.89  30.874  06.278  0096.97  00.59  07.76  264.1  009.26  30.783  1024.638  1472.10 
2024 01 25 13 02 35.14  30.874  06.279  0096.78  00.56  07.76  264.1  009.26  30.782  1024.636  1472.10 
2024 01 25 13 02 35.39  30.875  06.280  0096.63  00.54  07.76  264.1  009.26  30.782  1024.635  1472.10 
2024 01 25 13 02 35.64  30.876  06.284  0096.42  00.48  07.76  264.1  009.26  30.779  1024.631  1472.11 
2024 01 25 13 02 35.89  30.876  06.285  0096.23  00.52  07.76  264.1  009.26  30.779  1024.630  1472.11 
2024 01 25 13 02 36.14  30.878  06.286  0096.07  00.51  07.76  264.1  009.26  30.780  1024.630  1472.11 
2024 01 25 13 02 36.39  30.877  06.286  0095.89  00.46  07.76  264.1  009.26  30.779  1024.628  1472.11 
2024 01 25 13 02 36.64  30.876  06.286  0095.71  00.50  07.76  264.2  009.26  30.778  1024.627  1472.10 
2024 01 25 13 02 36.89  30.878  06.287  0095.56  00.54  07.76  264.2  009.26  30.779  1024.627  1472.11 
2024 01 25 13 02 37.14  30.877  06.286  0095.39  00.57  07.76  264.2  009.26  30.779  1024.626  1472.10 
2024 01 25 13 02 37.39  30.877  06.288  0095.23  00.52  07.76  264.2  009.26  30.778  1024.624  1472.10 
2024 01 25 13 02 37.64  30.879  06.288  0095.04  00.62  07.76  264.2  009.26  30.780  1024.625  1472.10 
2024 01 25 13 02 37.89  30.878  06.290  0094.84  00.59  07.76  264.2  009.26  30.777  1024.622  1472.11 
2024 01 25 13 02 38.14  30.879  06.291  0094.65  00.55  07.76  264.2  009.26  30.777  1024.621  1472.11 
2024 01 25 13 02 38.39  30.880  06.293  0094.45  00.61  07.76  264.2  009.26  30.776  1024.619  1472.11 
2024 01 25 13 02 38.64  30.882  06.295  0094.28  00.54  07.76  264.2  009.26  30.777  1024.618  1472.11 
2024 01 25 13 02 38.89  30.881  06.293  0094.15  00.48  07.76  264.2  009.26  30.777  1024.619  1472.11 
2024 01 25 13 02 39.14  30.883  06.297  0093.96  00.53  07.76  264.2  009.26  30.777  1024.617  1472.12 
2024 01 25 13 02 39.39  30.885  06.300  0093.80  00.52  07.76  264.2  009.26  30.776  1024.615  1472.13 
2024 01 25 13 02 39.64  30.887  06.304  0093.66  00.50  07.76  264.1  009.26  30.775  1024.613  1472.14 
2024 01 25 13 02 39.89  30.886  06.303  0093.52  00.55  07.76  264.1  009.26  30.774  1024.612  1472.13 
2024 01 25 13 02 40.14  30.887  06.306  0093.33  00.52  07.76  264.1  009.26  30.774  1024.610  1472.14 
2024 01 25 13 02 40.39  30.887  06.305  0093.17  00.52  07.76  264.1  009.26  30.774  1024.610  1472.13 
2024 01 25 13 02 40.64  30.888  06.307  0093.00  00.52  07.76  264.1  009.26  30.774  1024.609  1472.14 
2024 01 25 13 02 40.89  30.889  06.309  0092.86  00.54  07.76  264.1  009.26  30.773  1024.607  1472.14 
2024 01 25 13 02 41.14  30.890  06.310  0092.72  00.55  07.76  264.1  009.26  30.773  1024.606  1472.14 
2024 01 25 13 02 41.39  30.890  06.312  0092.55  00.57  07.76  264.1  009.26  30.772  1024.605  1472.15 
2024 01 25 13 02 41.64  30.890  06.312  0092.35  00.53  07.76  264.1  009.26  30.771  1024.603  1472.14 
2024 01 25 13 02 41.89  30.891  06.312  0092.18  00.49  07.76  264.1  009.26  30.773  1024.603  1472.14 
2024 01 25 13 02 42.14  30.892  06.313  0091.99  00.52  07.76  264.1  009.26  30.773  1024.602  1472.15 
2024 01 25 13 02 42.39  30.892  06.314  0091.85  00.53  07.76  264.1  009.26  30.772  1024.601  1472.14 
2024 01 25 13 02 42.64  30.891  06.314  0091.67  00.52  07.76  264.2  009.26  30.771  1024.600  1472.14 
2024 01 25 13 02 42.89  30.890  06.313  0091.52  00.53  07.76  264.2  009.26  30.771  1024.599  1472.13 
2024 01 25 13 02 43.14  30.891  06.313  0091.32  00.53  07.76  264.2  009.26  30.772  1024.599  1472.13 
2024 01 25 13 02 43.39  30.891  06.315  0091.13  00.58  07.76  264.2  009.26  30.771  1024.597  1472.14 
2024 01 25 13 02 43.64  30.892  06.314  0090.98  00.55  07.76  264.2  009.26  30.772  1024.597  1472.13 
2024 01 25 13 02 43.89  30.893  06.316  0090.79  00.55  07.76  264.2  009.26  30.772  1024.596  1472.13 
2024 01 25 13 02 44.14  30.893  06.314  0090.60  00.54  07.76  264.2  009.26  30.773  1024.596  1472.13 
2024 01 25 13 02 44.39  30.891  06.314  0090.42  00.51  07.76  264.2  009.26  30.772  1024.594  1472.12 
2024 01 25 13 02 44.64  30.893  06.315  0090.21  00.48  07.76  264.2  009.26  30.773  1024.594  1472.12 
2024 01 25 13 02 44.89  30.893  06.317  0090.02  00.47  07.76  264.2  009.26  30.771  1024.591  1472.13 
2024 01 25 13 02 45.14  30.892  06.316  0089.84  00.49  07.76  264.2  009.26  30.771  1024.590  1472.12 
2024 01 25 13 02 45.39  30.893  06.317  0089.63  00.50  07.76  264.2  009.26  30.771  1024.590  1472.12 
2024 01 25 13 02 45.64  30.893  06.317  0089.45  00.53  07.76  264.6  009.26  30.771  1024.589  1472.12 
2024 01 25 13 02 45.89  30.893  06.317  0089.27  00.58  07.76  264.6  009.26  30.771  1024.588  1472.12 
2024 01 25 13 02 46.14  30.893  06.317  0089.07  00.59  07.76  264.6  009.26  30.771  1024.587  1472.11 
2024 01 25 13 02 46.39  30.894  06.318  0088.90  00.64  07.76  264.6  009.26  30.773  1024.588  1472.11 
2024 01 25 13 02 46.64  30.892  06.319  0088.70  00.60  07.76  264.6  009.26  30.769  1024.583  1472.11 
2024 01 25 13 02 46.89  30.893  06.318  0088.50  00.57  07.76  264.6  009.26  30.771  1024.584  1472.11 
2024 01 25 13 02 47.14  30.893  06.318  0088.37  00.57  07.76  264.6  009.26  30.771  1024.583  1472.10 
2024 01 25 13 02 47.39  30.893  06.318  0088.18  00.62  07.76  264.6  009.26  30.771  1024.583  1472.10 
2024 01 25 13 02 47.64  30.892  06.318  0088.02  00.56  07.76  264.6  009.26  30.770  1024.581  1472.10 
2024 01 25 13 02 47.89  30.892  06.318  0087.84  00.55  07.76  264.6  009.26  30.770  1024.580  1472.10 
2024 01 25 13 02 48.14  30.892  06.318  0087.65  00.47  07.76  264.6  009.26  30.770  1024.580  1472.09 
2024 01 25 13 02 48.39  30.892  06.319  0087.47  00.49  07.76  264.6  009.26  30.770  1024.578  1472.09 
2024 01 25 13 02 48.64  30.892  06.318  0087.29  00.50  07.76  264.6  009.26  30.770  1024.578  1472.09 
2024 01 25 13 02 48.89  30.892  06.319  0087.14  00.55  07.76  264.6  009.26  30.770  1024.577  1472.09 
2024 01 25 13 02 49.14  30.891  06.319  0086.98  00.50  07.76  264.6  009.26  30.769  1024.576  1472.08 
2024 01 25 13 02 49.39  30.891  06.320  0086.79  00.56  07.76  264.6  009.26  30.768  1024.574  1472.08 
2024 01 25 13 02 49.64  30.892  06.320  0086.65  00.53  07.76  264.6  009.26  30.769  1024.574  1472.08 
2024 01 25 13 02 49.89  30.894  06.322  0086.48  00.62  07.76  264.6  009.26  30.769  1024.573  1472.09 
2024 01 25 13 02 50.14  30.892  06.322  0086.34  00.60  07.76  264.6  009.26  30.767  1024.571  1472.08 
2024 01 25 13 02 50.39  30.893  06.323  0086.19  00.59  07.76  264.6  009.26  30.767  1024.570  1472.09 
2024 01 25 13 02 50.64  30.894  06.323  0086.03  00.55  07.76  264.6  009.26  30.769  1024.570  1472.08 
2024 01 25 13 02 50.89  30.894  06.325  0085.85  00.47  07.76  264.6  009.26  30.767  1024.568  1472.09 
2024 01 25 13 02 51.14  30.892  06.324  0085.71  00.45  07.76  264.6  009.26  30.766  1024.566  1472.08 
2024 01 25 13 02 51.39  30.894  06.327  0085.54  00.47  07.76  264.6  009.26  30.766  1024.565  1472.09 
2024 01 25 13 02 51.64  30.896  06.330  0085.39  00.46  07.77  264.9  009.26  30.765  1024.563  1472.10 
2024 01 25 13 02 51.89  30.899  06.331  0085.25  00.47  07.76  264.9  009.26  30.767  1024.565  1472.10 
2024 01 25 13 02 52.14  30.898  06.332  0085.12  00.50  07.77  264.9  009.26  30.765  1024.562  1472.10 
2024 01 25 13 02 52.39  30.898  06.332  0084.94  00.55  07.77  264.9  009.26  30.765  1024.562  1472.10 
2024 01 25 13 02 52.64  30.898  06.332  0084.81  00.57  07.77  264.9  009.26  30.765  1024.561  1472.09 
2024 01 25 13 02 52.89  30.898  06.334  0084.66  00.54  07.77  264.9  009.26  30.764  1024.559  1472.10 
2024 01 25 13 02 53.14  30.900  06.335  0084.51  00.51  07.77  264.9  009.26  30.765  1024.559  1472.10 
2024 01 25 13 02 53.39  30.902  06.338  0084.35  00.55  07.77  264.9  009.26  30.766  1024.558  1472.11 
2024 01 25 13 02 53.64  30.902  06.340  0084.18  00.53  07.76  264.9  009.26  30.764  1024.556  1472.11 
2024 01 25 13 02 53.89  30.903  06.339  0084.04  00.51  07.77  264.9  009.26  30.765  1024.556  1472.11 
2024 01 25 13 02 54.14  30.905  06.340  0083.89  00.52  07.77  264.9  009.26  30.766  1024.556  1472.11 
2024 01 25 13 02 54.39  30.907  06.343  0083.72  00.50  07.77  264.9  009.26  30.766  1024.555  1472.12 
2024 01 25 13 02 54.64  30.905  06.343  0083.57  00.51  07.77  265.2  009.26  30.764  1024.553  1472.12 
2024 01 25 13 02 54.89  30.905  06.344  0083.44  00.56  07.77  265.2  009.26  30.764  1024.552  1472.12 
2024 01 25 13 02 55.14  30.907  06.346  0083.26  00.59  07.77  265.2  009.26  30.764  1024.551  1472.12 
2024 01 25 13 02 55.39  30.909  06.346  0083.14  00.51  07.77  265.2  009.26  30.765  1024.552  1472.12 
2024 01 25 13 02 55.64  30.909  06.350  0082.98  00.50  07.77  265.2  009.26  30.762  1024.548  1472.14 
2024 01 25 13 02 55.89  30.910  06.353  0082.82  00.53  07.77  265.2  009.26  30.761  1024.546  1472.14 
2024 01 25 13 02 56.14  30.912  06.353  0082.68  00.55  07.77  265.2  009.26  30.763  1024.547  1472.14 
2024 01 25 13 02 56.39  30.913  06.356  0082.53  00.56  07.77  265.2  009.26  30.761  1024.544  1472.15 
2024 01 25 13 02 56.64  30.918  06.362  0082.38  00.56  07.77  265.2  009.26  30.762  1024.543  1472.17 
2024 01 25 13 02 56.89  30.923  06.367  0082.22  00.59  07.77  265.2  009.26  30.763  1024.542  1472.19 
2024 01 25 13 02 57.14  30.924  06.370  0082.06  00.53  07.77  265.2  009.26  30.761  1024.540  1472.20 
2024 01 25 13 02 57.39  30.925  06.370  0081.92  00.50  07.77  265.2  009.26  30.762  1024.540  1472.20 
2024 01 25 13 02 57.64  30.925  06.372  0081.78  00.48  07.77  265.6  009.26  30.760  1024.538  1472.20 
2024 01 25 13 02 57.89  30.926  06.373  0081.63  00.57  07.77  265.6  009.26  30.761  1024.538  1472.20 
2024 01 25 13 02 58.14  30.927  06.375  0081.48  00.54  07.77  265.6  009.26  30.760  1024.536  1472.21 
2024 01 25 13 02 58.39  30.929  06.376  0081.34  00.50  07.78  265.6  009.26  30.762  1024.537  1472.21 
2024 01 25 13 02 58.64  30.929  06.378  0081.19  00.55  07.78  265.6  009.26  30.759  1024.534  1472.21 
2024 01 25 13 02 58.89  30.929  06.378  0081.02  00.54  07.78  265.6  009.26  30.760  1024.533  1472.21 
2024 01 25 13 02 59.14  30.930  06.380  0080.86  00.55  07.78  265.6  009.26  30.760  1024.532  1472.21 
2024 01 25 13 02 59.39  30.931  06.383  0080.72  00.63  07.78  265.6  009.26  30.758  1024.530  1472.22 
2024 01 25 13 02 59.64  30.937  06.390  0080.59  00.58  07.78  265.6  009.26  30.758  1024.528  1472.25 
2024 01 25 13 02 59.89  30.940  06.393  0080.45  00.50  07.78  265.6  009.26  30.759  1024.528  1472.26 
2024 01 25 13 03 00.14  30.947  06.400  0080.31  00.48  07.78  265.6  009.26  30.760  1024.528  1472.29 
2024 01 25 13 03 00.39  30.948  06.399  0080.14  00.48  07.78  265.6  009.26  30.762  1024.528  1472.28 
2024 01 25 13 03 00.64  30.948  06.405  0079.99  00.52  07.78  266.6  009.26  30.757  1024.523  1472.30 
2024 01 25 13 03 00.89  30.948  06.407  0079.86  00.50  07.78  266.6  009.26  30.756  1024.522  1472.30 
2024 01 25 13 03 01.14  30.948  06.406  0079.71  00.47  07.78  266.6  009.26  30.756  1024.521  1472.29 
2024 01 25 13 03 01.39  30.947  06.406  0079.55  00.51  07.78  266.6  009.26  30.755  1024.519  1472.29 
2024 01 25 13 03 01.64  30.947  06.407  0079.40  00.52  07.78  266.6  009.26  30.755  1024.518  1472.29 
2024 01 25 13 03 01.89  30.948  06.408  0079.23  00.52  07.78  266.6  009.26  30.755  1024.518  1472.29 
2024 01 25 13 03 02.14  30.945  06.407  0079.09  00.54  07.78  266.6  009.26  30.753  1024.515  1472.29 
2024 01 25 13 03 02.39  30.942  06.406  0078.92  00.47  07.78  266.6  009.26  30.750  1024.513  1472.27 
2024 01 25 13 03 02.64  30.942  06.405  0078.76  00.50  07.78  266.6  009.26  30.751  1024.512  1472.27 
2024 01 25 13 03 02.89  30.942  06.405  0078.64  00.43  07.78  266.6  009.26  30.751  1024.512  1472.27 
2024 01 25 13 03 03.14  30.942  06.404  0078.46  00.44  07.78  266.6  009.26  30.752  1024.512  1472.26 
2024 01 25 13 03 03.39  30.940  06.405  0078.33  00.43  07.78  266.6  009.26  30.748  1024.509  1472.26 
2024 01 25 13 03 03.64  30.941  06.405  0078.21  00.45  07.78  267.6  009.26  30.750  1024.510  1472.26 
2024 01 25 13 03 03.89  30.944  06.407  0078.06  00.49  07.78  267.6  009.26  30.751  1024.509  1472.27 
2024 01 25 13 03 04.14  30.946  06.410  0077.93  00.59  07.78  267.6  009.26  30.751  1024.508  1472.28 
2024 01 25 13 03 04.39  30.945  06.409  0077.78  00.68  07.78  267.6  009.26  30.751  1024.508  1472.27 
2024 01 25 13 03 04.64  30.944  06.411  0077.63  00.61  07.78  267.6  009.26  30.748  1024.505  1472.27 
2024 01 25 13 03 04.89  30.949  06.415  0077.48  00.55  07.78  267.6  009.26  30.751  1024.505  1472.29 
2024 01 25 13 03 05.14  30.948  06.415  0077.33  00.55  07.78  267.6  009.26  30.750  1024.504  1472.28 
2024 01 25 13 03 05.39  30.949  06.415  0077.16  00.54  07.78  267.6  009.26  30.751  1024.504  1472.28 
2024 01 25 13 03 05.64  30.949  06.416  0077.02  00.55  07.78  267.6  009.26  30.749  1024.502  1472.29 
2024 01 25 13 03 05.89  30.949  06.416  0076.87  00.54  07.78  267.6  009.26  30.750  1024.501  1472.28 
2024 01 25 13 03 06.14  30.949  06.417  0076.72  00.55  07.78  267.6  009.26  30.749  1024.500  1472.28 
2024 01 25 13 03 06.39  30.949  06.417  0076.57  00.50  07.78  267.6  009.26  30.749  1024.499  1472.28 
2024 01 25 13 03 06.64  30.950  06.419  0076.41  00.47  07.78  268.6  009.26  30.748  1024.497  1472.29 
2024 01 25 13 03 06.89  30.951  06.420  0076.25  00.48  07.78  268.6  009.26  30.748  1024.497  1472.29 
2024 01 25 13 03 07.14  30.956  06.425  0076.08  00.56  07.78  268.6  009.26  30.750  1024.497  1472.30 
2024 01 25 13 03 07.39  30.953  06.424  0075.98  00.57  07.78  268.6  009.26  30.748  1024.495  1472.30 
2024 01 25 13 03 07.64  30.955  06.427  0075.85  00.53  07.78  268.6  009.26  30.747  1024.493  1472.30 
2024 01 25 13 03 07.89  30.955  06.427  0075.75  00.54  07.78  268.6  009.26  30.746  1024.492  1472.30 
2024 01 25 13 03 08.14  30.958  06.431  0075.66  00.57  07.78  268.6  009.26  30.747  1024.492  1472.32 
2024 01 25 13 03 08.39  30.963  06.436  0075.52  00.54  07.78  268.6  009.26  30.747  1024.491  1472.34 
2024 01 25 13 03 08.64  30.970  06.442  0075.37  00.53  07.78  268.6  009.26  30.750  1024.491  1472.36 
2024 01 25 13 03 08.89  30.971  06.445  0075.21  00.50  07.79  268.6  009.26  30.748  1024.489  1472.37 
2024 01 25 13 03 09.14  30.974  06.449  0075.06  00.53  07.79  268.6  009.26  30.748  1024.488  1472.38 
2024 01 25 13 03 09.39  30.982  06.458  0074.90  00.46  07.79  268.6  009.26  30.749  1024.487  1472.41 
2024 01 25 13 03 09.64  30.984  06.461  0074.76  00.49  07.79  268.7  009.26  30.749  1024.486  1472.42 
2024 01 25 13 03 09.89  30.990  06.467  0074.61  00.56  07.79  268.7  009.26  30.749  1024.484  1472.45 
2024 01 25 13 03 10.14  30.995  06.472  0074.47  00.51  07.79  268.7  009.26  30.752  1024.485  1472.47 
2024 01 25 13 03 10.39  31.003  06.480  0074.31  00.52  07.79  268.7  009.26  30.752  1024.483  1472.50 
2024 01 25 13 03 10.64  31.004  06.482  0074.17  00.55  07.79  268.7  009.26  30.752  1024.483  1472.50 
2024 01 25 13 03 10.89  31.007  06.484  0074.05  00.52  07.79  268.7  009.26  30.753  1024.482  1472.51 
2024 01 25 13 03 11.14  31.008  06.487  0073.86  00.54  07.80  268.7  009.29  30.752  1024.481  1472.52 
2024 01 25 13 03 11.39  31.020  06.500  0073.72  00.50  07.80  268.7  009.26  30.754  1024.479  1472.57 
2024 01 25 13 03 11.64  31.027  06.510  0073.56  00.57  07.79  268.7  009.26  30.753  1024.477  1472.60 
2024 01 25 13 03 11.89  31.031  06.510  0073.39  00.50  07.80  268.7  009.26  30.757  1024.479  1472.61 
2024 01 25 13 03 12.14  31.041  06.524  0073.25  00.45  07.80  268.7  009.26  30.755  1024.475  1472.66 
2024 01 25 13 03 12.39  31.041  06.523  0073.08  00.52  07.80  268.7  009.26  30.756  1024.476  1472.65 
2024 01 25 13 03 12.64  31.041  06.523  0072.97  00.47  07.80  270.4  009.26  30.756  1024.475  1472.65 
2024 01 25 13 03 12.89  31.046  06.525  0072.81  00.49  07.80  270.4  009.26  30.760  1024.477  1472.66 
2024 01 25 13 03 13.14  31.059  06.542  0072.64  00.55  07.81  270.4  009.26  30.759  1024.474  1472.72 
2024 01 25 13 03 13.39  31.057  06.541  0072.49  00.56  07.81  270.4  009.26  30.758  1024.472  1472.72 
2024 01 25 13 03 13.64  31.061  06.546  0072.32  00.52  07.81  270.4  009.26  30.758  1024.471  1472.73 
2024 01 25 13 03 13.89  31.060  06.546  0072.18  00.49  07.81  270.4  009.26  30.756  1024.469  1472.73 
2024 01 25 13 03 14.14  31.059  06.546  0072.03  00.52  07.81  270.4  009.26  30.756  1024.468  1472.73 
2024 01 25 13 03 14.39  31.063  06.548  0071.86  00.52  07.81  270.4  009.26  30.758  1024.468  1472.74 
2024 01 25 13 03 14.64  31.065  06.548  0071.72  00.46  07.81  270.4  009.26  30.760  1024.469  1472.74 
2024 01 25 13 03 14.89  31.066  06.550  0071.57  00.40  07.81  270.4  009.26  30.760  1024.468  1472.74 
2024 01 25 13 03 15.14  31.065  06.549  0071.42  00.44  07.82  270.4  009.26  30.759  1024.467  1472.73 
2024 01 25 13 03 15.39  31.067  06.550  0071.27  00.43  07.82  270.4  009.26  30.761  1024.468  1472.74 
2024 01 25 13 03 15.64  31.065  06.550  0071.12  00.51  07.82  273.1  009.26  30.759  1024.466  1472.73 
2024 01 25 13 03 15.89  31.069  06.550  0070.96  00.53  07.82  273.1  009.26  30.763  1024.468  1472.74 
2024 01 25 13 03 16.14  31.066  06.551  0070.80  00.54  07.82  273.1  009.26  30.760  1024.465  1472.73 
2024 01 25 13 03 16.39  31.069  06.552  0070.64  00.62  07.82  273.1  009.26  30.761  1024.465  1472.73 
2024 01 25 13 03 16.64  31.070  06.552  0070.46  00.53  07.82  273.1  009.26  30.763  1024.465  1472.73 
2024 01 25 13 03 16.89  31.070  06.556  0070.32  00.51  07.82  273.1  009.26  30.759  1024.461  1472.74 
2024 01 25 13 03 17.14  31.070  06.555  0070.15  00.47  07.82  273.1  009.26  30.761  1024.462  1472.74 
2024 01 25 13 03 17.39  31.070  06.555  0070.02  00.52  07.82  273.1  009.26  30.760  1024.461  1472.74 
2024 01 25 13 03 17.64  31.073  06.557  0069.86  00.52  07.82  273.1  009.26  30.762  1024.461  1472.74 
2024 01 25 13 03 17.89  31.073  06.559  0069.68  00.48  07.82  273.1  009.26  30.761  1024.459  1472.75 
2024 01 25 13 03 18.14  31.072  06.558  0069.52  00.49  07.82  273.1  009.26  30.760  1024.457  1472.74 
2024 01 25 13 03 18.39  31.073  06.559  0069.34  00.50  07.82  273.1  009.26  30.761  1024.458  1472.74 
2024 01 25 13 03 18.64  31.074  06.561  0069.18  00.48  07.82  275.6  009.26  30.760  1024.456  1472.74 
2024 01 25 13 03 18.89  31.076  06.563  0069.06  00.47  07.82  275.6  009.26  30.760  1024.455  1472.75 
2024 01 25 13 03 19.14  31.077  06.563  0068.90  00.53  07.82  275.6  009.26  30.761  1024.455  1472.75 
2024 01 25 13 03 19.39  31.077  06.565  0068.76  00.55  07.82  275.6  009.26  30.760  1024.454  1472.75 
2024 01 25 13 03 19.64  31.078  06.566  0068.63  00.50  07.82  275.6  009.26  30.760  1024.453  1472.76 
2024 01 25 13 03 19.89  31.081  06.566  0068.47  00.47  07.82  275.6  009.26  30.762  1024.454  1472.76 
2024 01 25 13 03 20.14  31.080  06.567  0068.29  00.54  07.82  275.6  009.26  30.761  1024.452  1472.76 
2024 01 25 13 03 20.39  31.081  06.570  0068.13  00.56  07.82  275.6  009.26  30.761  1024.450  1472.76 
2024 01 25 13 03 20.64  31.083  06.569  0067.96  00.52  07.82  275.6  009.26  30.763  1024.451  1472.76 
2024 01 25 13 03 20.89  31.083  06.571  0067.81  00.50  07.82  275.6  009.26  30.762  1024.450  1472.76 
2024 01 25 13 03 21.14  31.082  06.573  0067.65  00.50  07.82  275.6  009.26  30.759  1024.447  1472.77 
2024 01 25 13 03 21.39  31.085  06.573  0067.46  00.41  07.83  275.6  009.29  30.762  1024.448  1472.77 
2024 01 25 13 03 21.64  31.089  06.576  0067.29  00.42  07.83  278.2  009.26  30.763  1024.448  1472.78 
2024 01 25 13 03 21.89  31.099  06.592  0067.07  00.56  07.83  278.2  009.26  30.761  1024.443  1472.83 
2024 01 25 13 03 22.14  31.105  06.599  0066.88  00.58  07.83  278.2  009.26  30.761  1024.441  1472.86 
2024 01 25 13 03 22.39  31.110  06.605  0066.72  00.55  07.83  278.2  009.26  30.761  1024.440  1472.88 
2024 01 25 13 03 22.64  31.114  06.612  0066.54  00.53  07.83  278.2  009.26  30.759  1024.436  1472.90 
2024 01 25 13 03 22.89  31.125  06.626  0066.36  00.53  07.83  278.2  009.26  30.759  1024.434  1472.95 
2024 01 25 13 03 23.14  31.128  06.628  0066.23  00.53  07.83  278.2  009.26  30.759  1024.433  1472.96 
2024 01 25 13 03 23.39  31.129  06.631  0066.08  00.56  07.83  278.2  009.26  30.758  1024.432  1472.97 
2024 01 25 13 03 23.64  31.133  06.635  0065.93  00.50  07.83  278.2  009.26  30.759  1024.431  1472.99 
2024 01 25 13 03 23.89  31.134  06.635  0065.76  00.47  07.83  278.2  009.26  30.760  1024.431  1472.98 
2024 01 25 13 03 24.14  31.135  06.641  0065.58  00.44  07.83  278.2  009.26  30.757  1024.427  1473.00 
2024 01 25 13 03 24.39  31.138  06.643  0065.45  00.49  07.83  278.2  009.26  30.758  1024.427  1473.01 
2024 01 25 13 03 24.64  31.140  06.646  0065.29  00.50  07.83  280.2  009.29  30.758  1024.426  1473.01 
2024 01 25 13 03 24.89  31.143  06.650  0065.13  00.51  07.84  280.2  009.26  30.756  1024.423  1473.03 
2024 01 25 13 03 25.14  31.147  06.652  0064.96  00.57  07.84  280.2  009.26  30.760  1024.425  1473.04 
2024 01 25 13 03 25.39  31.148  06.657  0064.78  00.57  07.84  280.2  009.26  30.757  1024.421  1473.05 
2024 01 25 13 03 25.64  31.151  06.658  0064.63  00.57  07.84  280.2  009.26  30.759  1024.422  1473.05 
2024 01 25 13 03 25.89  31.151  06.660  0064.49  00.55  07.84  280.2  009.29  30.757  1024.419  1473.06 
2024 01 25 13 03 26.14  31.149  06.659  0064.28  00.59  07.84  280.2  009.26  30.756  1024.418  1473.05 
2024 01 25 13 03 26.39  31.151  06.660  0064.11  00.56  07.84  280.2  009.26  30.758  1024.418  1473.05 
2024 01 25 13 03 26.64  31.151  06.660  0063.96  00.55  07.84  280.2  009.26  30.757  1024.417  1473.05 
2024 01 25 13 03 26.89  31.151  06.661  0063.76  00.51  07.84  280.2  009.26  30.756  1024.415  1473.05 
2024 01 25 13 03 27.14  31.154  06.666  0063.58  00.53  07.84  280.2  009.26  30.755  1024.413  1473.06 
2024 01 25 13 03 27.39  31.155  06.667  0063.40  00.53  07.84  280.2  009.26  30.756  1024.412  1473.06 
2024 01 25 13 03 27.64  31.159  06.672  0063.24  00.54  07.84  282.1  009.26  30.755  1024.411  1473.08 
2024 01 25 13 03 27.89  31.161  06.678  0063.09  00.51  07.84  282.1  009.26  30.752  1024.407  1473.10 
2024 01 25 13 03 28.14  31.161  06.680  0062.92  00.52  07.84  282.1  009.26  30.751  1024.405  1473.10 
2024 01 25 13 03 28.39  31.163  06.682  0062.78  00.54  07.84  282.1  009.26  30.751  1024.404  1473.11 
2024 01 25 13 03 28.64  31.163  06.682  0062.66  00.55  07.84  282.1  009.26  30.752  1024.404  1473.11 
2024 01 25 13 03 28.89  31.163  06.685  0062.52  00.54  07.84  282.1  009.26  30.750  1024.401  1473.11 
2024 01 25 13 03 29.14  31.165  06.684  0062.37  00.55  07.84  282.1  009.26  30.752  1024.402  1473.11 
2024 01 25 13 03 29.39  31.164  06.685  0062.25  00.56  07.84  282.1  009.26  30.750  1024.400  1473.11 
2024 01 25 13 03 29.64  31.162  06.685  0062.09  00.54  07.84  282.1  009.26  30.748  1024.398  1473.10 
2024 01 25 13 03 29.89  31.162  06.684  0061.95  00.49  07.84  282.1  009.26  30.748  1024.398  1473.10 
2024 01 25 13 03 30.14  31.160  06.684  0061.81  00.46  07.84  282.1  009.26  30.747  1024.396  1473.09 
2024 01 25 13 03 30.39  31.159  06.681  0061.65  00.41  07.84  282.1  009.26  30.748  1024.396  1473.08 
2024 01 25 13 03 30.64  31.151  06.678  0061.48  00.46  07.84  283.6  009.26  30.743  1024.392  1473.06 
2024 01 25 13 03 30.89  31.150  06.674  0061.33  00.53  07.84  283.6  009.26  30.745  1024.394  1473.05 
2024 01 25 13 03 31.14  31.147  06.673  0061.18  00.56  07.84  283.6  009.26  30.743  1024.391  1473.04 
2024 01 25 13 03 31.39  31.146  06.670  0061.04  00.56  07.84  283.6  009.26  30.744  1024.392  1473.02 
2024 01 25 13 03 31.64  31.143  06.669  0060.91  00.55  07.84  283.6  009.26  30.742  1024.390  1473.02 
2024 01 25 13 03 31.89  31.142  06.668  0060.78  00.59  07.84  283.6  009.26  30.741  1024.389  1473.01 
2024 01 25 13 03 32.14  31.139  06.664  0060.61  00.64  07.84  283.6  009.26  30.742  1024.389  1472.99 
2024 01 25 13 03 32.39  31.132  06.661  0060.48  00.51  07.84  283.6  009.26  30.738  1024.385  1472.97 
2024 01 25 13 03 32.64  31.132  06.659  0060.33  00.51  07.84  283.6  009.26  30.739  1024.386  1472.96 
2024 01 25 13 03 32.89  31.108  06.637  0060.21  00.51  07.84  283.6  009.26  30.732  1024.383  1472.87 
2024 01 25 13 03 33.14  31.090  06.624  0060.07  00.53  07.83  283.6  009.26  30.725  1024.379  1472.80 
2024 01 25 13 03 33.39  31.083  06.616  0059.92  00.47  07.83  283.6  009.26  30.724  1024.378  1472.77 
2024 01 25 13 03 33.64  31.082  06.612  0059.82  00.50  07.83  284.4  009.26  30.728  1024.381  1472.75 
2024 01 25 13 03 33.89  31.074  06.607  0059.68  00.46  07.83  284.4  009.26  30.723  1024.377  1472.73 
2024 01 25 13 03 34.14  31.074  06.609  0059.56  00.48  07.83  284.4  009.26  30.721  1024.375  1472.73 
2024 01 25 13 03 34.39  31.073  06.606  0059.41  00.51  07.83  284.4  009.26  30.722  1024.375  1472.72 
2024 01 25 13 03 34.64  31.070  06.606  0059.26  00.55  07.83  284.4  009.26  30.720  1024.373  1472.71 
2024 01 25 13 03 34.89  31.072  06.607  0059.13  00.58  07.83  284.4  009.26  30.720  1024.372  1472.72 
2024 01 25 13 03 35.14  31.072  06.606  0059.01  00.52  07.82  284.4  009.26  30.722  1024.373  1472.71 
2024 01 25 13 03 35.39  31.073  06.611  0058.88  00.52  07.82  284.4  009.26  30.718  1024.369  1472.72 
2024 01 25 13 03 35.64  31.075  06.611  0058.75  00.52  07.82  284.4  009.26  30.720  1024.370  1472.73 
2024 01 25 13 03 35.89  31.074  06.618  0058.64  00.51  07.82  284.4  009.26  30.714  1024.364  1472.74 
2024 01 25 13 03 36.14  31.076  06.619  0058.50  00.59  07.82  284.4  009.26  30.715  1024.364  1472.74 
2024 01 25 13 03 36.39  31.078  06.621  0058.36  00.54  07.82  284.4  009.26  30.715  1024.363  1472.75 
2024 01 25 13 03 36.64  31.077  06.623  0058.23  00.67  07.82  284.3  009.29  30.712  1024.360  1472.75 
2024 01 25 13 03 36.89  31.078  06.625  0058.05  00.66  07.82  284.3  009.26  30.712  1024.359  1472.76 
2024 01 25 13 03 37.14  31.077  06.627  0057.91  00.57  07.82  284.3  009.26  30.710  1024.356  1472.76 
2024 01 25 13 03 37.39  31.084  06.638  0057.75  00.58  07.82  284.3  009.26  30.707  1024.351  1472.80 
2024 01 25 13 03 37.64  31.085  06.638  0057.63  00.53  07.82  284.3  009.26  30.708  1024.352  1472.80 
2024 01 25 13 03 37.89  31.085  06.640  0057.45  00.57  07.82  284.3  009.26  30.707  1024.350  1472.80 
2024 01 25 13 03 38.14  31.088  06.642  0057.30  00.60  07.82  284.3  009.26  30.707  1024.350  1472.81 
2024 01 25 13 03 38.39  31.086  06.642  0057.17  00.57  07.82  284.3  009.26  30.706  1024.348  1472.80 
2024 01 25 13 03 38.64  31.086  06.642  0057.03  00.50  07.82  284.3  009.26  30.706  1024.347  1472.80 
2024 01 25 13 03 38.89  31.086  06.642  0056.91  00.53  07.82  284.3  009.26  30.706  1024.347  1472.80 
2024 01 25 13 03 39.14  31.085  06.642  0056.76  00.58  07.82  284.3  009.26  30.704  1024.344  1472.80 
2024 01 25 13 03 39.39  31.085  06.641  0056.61  00.58  07.82  284.3  009.26  30.706  1024.345  1472.79 
2024 01 25 13 03 39.64  31.085  06.642  0056.46  00.52  07.82  283.2  009.26  30.706  1024.344  1472.79 
2024 01 25 13 03 39.89  31.085  06.642  0056.35  00.57  07.82  283.2  009.26  30.706  1024.344  1472.79 
2024 01 25 13 03 40.14  31.078  06.642  0056.17  00.62  07.82  283.2  009.26  30.698  1024.337  1472.78 
2024 01 25 13 03 40.39  31.079  06.642  0056.02  00.62  07.82  283.2  009.26  30.698  1024.336  1472.78 
2024 01 25 13 03 40.64  31.079  06.644  0055.87  00.57  07.82  283.2  009.26  30.697  1024.334  1472.78 
2024 01 25 13 03 40.89  31.083  06.652  0055.69  00.61  07.82  283.2  009.26  30.694  1024.330  1472.81 
2024 01 25 13 03 41.14  31.084  06.655  0055.54  00.64  07.82  283.2  009.26  30.692  1024.328  1472.81 
2024 01 25 13 03 41.39  31.086  06.659  0055.41  00.59  07.82  283.2  009.26  30.691  1024.326  1472.83 
2024 01 25 13 03 41.64  31.089  06.665  0055.30  00.60  07.82  283.2  009.26  30.689  1024.323  1472.84 
2024 01 25 13 03 41.89  31.090  06.668  0055.15  00.57  07.82  283.2  009.26  30.687  1024.320  1472.85 
2024 01 25 13 03 42.14  31.091  06.669  0055.02  00.54  07.82  283.2  009.26  30.687  1024.320  1472.85 
2024 01 25 13 03 42.39  31.091  06.671  0054.89  00.55  07.82  283.2  009.26  30.686  1024.318  1472.86 
2024 01 25 13 03 42.64  31.093  06.671  0054.79  00.58  07.82  282.3  009.26  30.689  1024.320  1472.86 
2024 01 25 13 03 42.89  31.092  06.671  0054.69  00.65  07.82  282.3  009.26  30.687  1024.318  1472.85 
2024 01 25 13 03 43.14  31.091  06.671  0054.63  00.64  07.82  282.3  009.26  30.686  1024.317  1472.85 
2024 01 25 13 03 43.39  31.092  06.673  0054.53  00.63  07.82  282.3  009.26  30.685  1024.316  1472.86 
2024 01 25 13 03 43.64  31.094  06.675  0054.43  00.62  07.82  282.3  009.26  30.686  1024.316  1472.86 
2024 01 25 13 03 43.89  31.094  06.677  0054.31  00.69  07.82  282.3  009.26  30.684  1024.313  1472.87 
2024 01 25 13 03 44.14  31.096  06.678  0054.13  00.71  07.82  282.3  009.26  30.686  1024.314  1472.87 
2024 01 25 13 03 44.39  31.097  06.681  0053.99  00.66  07.82  282.3  009.26  30.684  1024.311  1472.88 
2024 01 25 13 03 44.64  31.102  06.682  0053.83  00.62  07.82  282.3  009.26  30.689  1024.314  1472.89 
2024 01 25 13 03 44.89  31.104  06.686  0053.68  00.60  07.82  282.3  009.26  30.687  1024.311  1472.90 
2024 01 25 13 03 45.14  31.105  06.686  0053.55  00.60  07.82  282.3  009.26  30.688  1024.312  1472.90 
2024 01 25 13 03 45.39  31.108  06.690  0053.41  00.64  07.82  282.3  009.26  30.688  1024.310  1472.91 
2024 01 25 13 03 45.64  31.106  06.689  0053.25  00.65  07.82  281.2  009.29  30.687  1024.309  1472.90 
2024 01 25 13 03 45.89  31.105  06.690  0053.15  00.62  07.82  281.2  009.29  30.686  1024.307  1472.90 
2024 01 25 13 03 46.14  31.101  06.689  0053.01  00.64  07.82  281.2  009.26  30.682  1024.303  1472.89 
2024 01 25 13 03 46.39  31.104  06.690  0052.88  00.60  07.82  281.2  009.26  30.684  1024.305  1472.90 
2024 01 25 13 03 46.64  31.107  06.695  0052.74  00.58  07.82  281.2  009.26  30.683  1024.302  1472.91 
2024 01 25 13 03 46.89  31.108  06.702  0052.60  00.61  07.82  281.2  009.26  30.678  1024.297  1472.93 
2024 01 25 13 03 47.14  31.112  06.707  0052.44  00.64  07.82  281.2  009.26  30.679  1024.296  1472.95 
2024 01 25 13 03 47.39  31.113  06.708  0052.32  00.62  07.82  281.2  009.26  30.678  1024.295  1472.95 
2024 01 25 13 03 47.64  31.114  06.710  0052.20  00.64  07.82  281.2  009.26  30.678  1024.294  1472.96 
2024 01 25 13 03 47.89  31.114  06.711  0052.06  00.64  07.82  281.2  009.26  30.676  1024.292  1472.96 
2024 01 25 13 03 48.14  31.116  06.714  0051.94  00.60  07.82  281.2  009.26  30.675  1024.291  1472.97 
2024 01 25 13 03 48.39  31.118  06.718  0051.81  00.59  07.82  281.2  009.26  30.675  1024.289  1472.98 
2024 01 25 13 03 48.64  31.125  06.725  0051.68  00.55  07.82  280.6  009.26  30.677  1024.289  1473.01 
2024 01 25 13 03 48.89  31.125  06.731  0051.56  00.64  07.82  280.6  009.26  30.671  1024.283  1473.02 
2024 01 25 13 03 49.14  31.133  06.737  0051.42  00.63  07.83  280.6  009.26  30.675  1024.285  1473.05 
2024 01 25 13 03 49.39  31.135  06.743  0051.29  00.63  07.83  280.6  009.26  30.671  1024.280  1473.06 
2024 01 25 13 03 49.64  31.143  06.751  0051.17  00.71  07.83  280.6  009.26  30.672  1024.280  1473.10 
2024 01 25 13 03 49.89  31.147  06.759  0051.04  00.62  07.83  280.6  009.26  30.670  1024.277  1473.12 
2024 01 25 13 03 50.14  31.155  06.765  0050.94  00.71  07.83  280.6  009.26  30.674  1024.278  1473.15 
2024 01 25 13 03 50.39  31.162  06.777  0050.81  00.65  07.83  280.6  009.26  30.670  1024.273  1473.19 
2024 01 25 13 03 50.64  31.171  06.785  0050.68  00.63  07.82  280.6  009.26  30.673  1024.274  1473.22 
2024 01 25 13 03 50.89  31.174  06.789  0050.55  00.64  07.83  280.6  009.26  30.674  1024.273  1473.24 
2024 01 25 13 03 51.14  31.179  06.797  0050.41  00.62  07.83  280.6  009.26  30.672  1024.270  1473.26 
2024 01 25 13 03 51.39  31.185  06.805  0050.27  00.55  07.83  280.6  009.26  30.671  1024.267  1473.29 
2024 01 25 13 03 51.64  31.187  06.806  0050.19  00.59  07.83  280.4  009.26  30.672  1024.268  1473.30 
2024 01 25 13 03 51.89  31.186  06.808  0050.09  00.65  07.83  280.4  009.26  30.670  1024.266  1473.30 
2024 01 25 13 03 52.14  31.190  06.809  0050.00  00.67  07.83  280.4  009.26  30.673  1024.268  1473.31 
2024 01 25 13 03 52.39  31.189  06.814  0049.85  00.59  07.83  280.4  009.26  30.667  1024.262  1473.31 
2024 01 25 13 03 52.64  31.189  06.812  0049.72  00.63  07.83  280.4  009.26  30.669  1024.263  1473.31 
2024 01 25 13 03 52.89  31.193  06.818  0049.55  00.67  07.83  280.4  009.26  30.668  1024.261  1473.33 
2024 01 25 13 03 53.14  31.200  06.825  0049.42  00.64  07.83  280.4  009.26  30.670  1024.260  1473.35 
2024 01 25 13 03 53.39  31.203  06.830  0049.29  00.66  07.83  280.4  009.26  30.668  1024.258  1473.37 
2024 01 25 13 03 53.64  31.202  06.832  0049.18  00.62  07.83  280.4  009.26  30.666  1024.255  1473.37 
2024 01 25 13 03 53.89  31.204  06.832  0049.03  00.62  07.84  280.4  009.26  30.668  1024.256  1473.37 
2024 01 25 13 03 54.14  31.205  06.833  0048.94  00.62  07.84  280.4  009.26  30.668  1024.256  1473.38 
2024 01 25 13 03 54.39  31.207  06.835  0048.80  00.61  07.84  280.4  009.26  30.669  1024.255  1473.38 
2024 01 25 13 03 54.64  31.205  06.835  0048.65  00.66  07.84  280.5  009.26  30.666  1024.252  1473.38 
2024 01 25 13 03 54.89  31.204  06.836  0048.52  00.73  07.84  280.5  009.26  30.665  1024.251  1473.38 
2024 01 25 13 03 55.14  31.204  06.839  0048.38  00.62  07.84  280.5  009.26  30.662  1024.248  1473.38 
2024 01 25 13 03 55.39  31.206  06.841  0048.22  00.61  07.84  280.5  009.26  30.663  1024.247  1473.39 
2024 01 25 13 03 55.64  31.214  06.851  0048.09  00.61  07.84  280.5  009.26  30.662  1024.245  1473.43 
2024 01 25 13 03 55.89  31.216  06.852  0047.96  00.62  07.84  280.5  009.26  30.663  1024.245  1473.43 
2024 01 25 13 03 56.14  31.219  06.854  0047.81  00.64  07.84  280.5  009.26  30.665  1024.245  1473.44 
2024 01 25 13 03 56.39  31.222  06.859  0047.68  00.69  07.84  280.5  009.26  30.664  1024.243  1473.45 
2024 01 25 13 03 56.64  31.233  06.871  0047.57  00.68  07.84  280.5  009.26  30.665  1024.242  1473.50 
2024 01 25 13 03 56.89  31.238  06.883  0047.41  00.60  07.84  280.5  009.26  30.660  1024.236  1473.54 
2024 01 25 13 03 57.14  31.246  06.889  0047.27  00.58  07.84  280.5  009.26  30.664  1024.237  1473.56 
2024 01 25 13 03 57.39  31.248  06.893  0047.11  00.53  07.84  280.5  009.26  30.662  1024.235  1473.57 
2024 01 25 13 03 57.64  31.257  06.903  0046.99  00.69  07.84  281.0  009.26  30.664  1024.234  1473.61 
2024 01 25 13 03 57.89  31.266  06.917  0046.85  00.71  07.84  281.0  009.29  30.660  1024.229  1473.66 
2024 01 25 13 03 58.14  31.291  06.943  0046.72  00.73  07.84  281.0  009.26  30.664  1024.228  1473.77 
2024 01 25 13 03 58.39  31.291  06.951  0046.60  00.71  07.84  281.0  009.26  30.658  1024.221  1473.79 
2024 01 25 13 03 58.64  31.286  06.941  0046.42  00.78  07.84  281.0  009.26  30.661  1024.224  1473.75 
2024 01 25 13 03 58.89  31.293  06.947  0046.31  00.73  07.85  281.0  009.26  30.663  1024.225  1473.78 
2024 01 25 13 03 59.14  31.313  06.973  0046.17  00.74  07.85  281.0  009.26  30.662  1024.220  1473.87 
2024 01 25 13 03 59.39  31.320  06.980  0046.04  00.71  07.85  281.0  009.26  30.664  1024.220  1473.90 
2024 01 25 13 03 59.64  31.324  06.986  0045.90  00.67  07.85  281.0  009.26  30.663  1024.218  1473.92 
2024 01 25 13 03 59.89  31.324  06.989  0045.75  00.69  07.85  281.0  009.26  30.660  1024.214  1473.93 
2024 01 25 13 04 00.14  31.325  06.990  0045.63  00.71  07.85  281.0  009.26  30.660  1024.213  1473.93 
2024 01 25 13 04 00.39  31.326  06.991  0045.50  00.76  07.85  281.0  009.26  30.660  1024.213  1473.93 
2024 01 25 13 04 00.64  31.325  06.991  0045.34  00.68  07.85  281.9  009.26  30.659  1024.211  1473.93 
2024 01 25 13 04 00.89  31.328  06.992  0045.19  00.69  07.85  281.9  009.26  30.662  1024.213  1473.93 
2024 01 25 13 04 01.14  31.326  06.992  0045.03  00.77  07.85  281.9  009.26  30.659  1024.210  1473.93 
2024 01 25 13 04 01.39  31.325  06.992  0044.86  00.81  07.85  281.9  009.26  30.658  1024.209  1473.92 
2024 01 25 13 04 01.64  31.328  06.996  0044.71  00.72  07.85  281.9  009.26  30.658  1024.207  1473.94 
2024 01 25 13 04 01.89  31.337  07.013  0044.58  00.75  07.85  281.9  009.26  30.652  1024.200  1473.99 
2024 01 25 13 04 02.14  31.337  07.016  0044.43  00.78  07.85  281.9  009.26  30.650  1024.197  1474.00 
2024 01 25 13 04 02.39  31.343  07.025  0044.34  00.72  07.85  281.9  009.26  30.649  1024.195  1474.03 
2024 01 25 13 04 02.64  31.346  07.031  0044.23  00.74  07.85  281.9  009.26  30.646  1024.191  1474.05 
2024 01 25 13 04 02.89  31.354  07.038  0044.06  00.67  07.85  281.9  009.26  30.649  1024.191  1474.08 
2024 01 25 13 04 03.14  31.357  07.046  0043.95  00.76  07.86  281.9  009.26  30.645  1024.187  1474.10 
2024 01 25 13 04 03.39  31.357  07.047  0043.87  00.81  07.86  281.9  009.26  30.645  1024.186  1474.10 
2024 01 25 13 04 03.64  31.357  07.046  0043.83  00.81  07.86  283.1  009.29  30.645  1024.186  1474.10 
2024 01 25 13 04 03.89  31.360  07.048  0043.74  00.82  07.86  283.1  009.29  30.647  1024.187  1474.11 
2024 01 25 13 04 04.14  31.357  07.049  0043.59  00.77  07.86  283.1  009.26  30.643  1024.183  1474.11 
2024 01 25 13 04 04.39  31.355  07.047  0043.44  00.75  07.86  283.1  009.26  30.643  1024.183  1474.10 
2024 01 25 13 04 04.64  31.353  07.045  0043.30  00.74  07.86  283.1  009.26  30.643  1024.182  1474.08 
2024 01 25 13 04 04.89  31.351  07.047  0043.15  00.80  07.86  283.1  009.26  30.639  1024.178  1474.09 
2024 01 25 13 04 05.14  31.354  07.056  0043.01  00.81  07.86  283.1  009.26  30.634  1024.173  1474.11 
2024 01 25 13 04 05.39  31.355  07.062  0042.91  00.76  07.86  283.1  009.26  30.630  1024.168  1474.13 
2024 01 25 13 04 05.64  31.356  07.079  0042.77  00.78  07.85  283.1  009.26  30.615  1024.154  1474.18 
2024 01 25 13 04 05.89  31.364  07.097  0042.65  00.78  07.86  283.1  009.26  30.608  1024.145  1474.24 
2024 01 25 13 04 06.14  31.359  07.097  0042.57  00.79  07.86  283.1  009.26  30.603  1024.141  1474.23 
2024 01 25 13 04 06.39  31.342  07.093  0042.45  00.78  07.86  283.1  009.26  30.588  1024.129  1474.19 
2024 01 25 13 04 06.64  31.334  07.088  0042.35  00.86  07.86  284.4  009.26  30.584  1024.126  1474.16 
2024 01 25 13 04 06.89  31.305  07.069  0042.22  00.89  07.85  284.4  009.26  30.570  1024.117  1474.07 
2024 01 25 13 04 07.14  31.281  07.052  0042.07  00.81  07.85  284.4  009.26  30.559  1024.110  1473.99 
2024 01 25 13 04 07.39  31.236  07.023  0041.92  00.87  07.85  284.4  009.26  30.536  1024.095  1473.84 
2024 01 25 13 04 07.64  31.241  07.027  0041.78  00.87  07.85  284.4  009.26  30.538  1024.096  1473.86 
2024 01 25 13 04 07.89  31.264  07.049  0041.64  00.83  07.84  284.4  009.26  30.543  1024.095  1473.95 
2024 01 25 13 04 08.14  31.277  07.072  0041.51  00.85  07.85  284.4  009.26  30.537  1024.088  1474.03 
2024 01 25 13 04 08.39  31.304  07.113  0041.41  00.83  07.85  284.4  009.26  30.530  1024.076  1474.18 
2024 01 25 13 04 08.64  31.307  07.126  0041.29  00.85  07.84  284.4  009.26  30.521  1024.067  1474.22 
2024 01 25 13 04 08.89  31.278  07.106  0041.17  00.86  07.85  284.4  009.26  30.508  1024.059  1474.12 
2024 01 25 13 04 09.14  31.240  07.074  0041.05  00.88  07.84  284.4  009.26  30.496  1024.053  1473.98 
2024 01 25 13 04 09.39  31.206  07.057  0040.93  00.93  07.84  284.4  009.26  30.473  1024.037  1473.88 
2024 01 25 13 04 09.64  31.201  07.070  0040.81  00.81  07.84  283.9  009.26  30.457  1024.022  1473.91 
2024 01 25 13 04 09.89  31.197  07.086  0040.72  00.86  07.84  283.9  009.26  30.439  1024.005  1473.95 
2024 01 25 13 04 10.14  31.200  07.098  0040.64  00.89  07.84  283.9  009.26  30.432  1023.997  1473.98 
2024 01 25 13 04 10.39  31.200  07.104  0040.55  00.84  07.83  283.9  009.26  30.426  1023.992  1474.00 
2024 01 25 13 04 10.64  31.201  07.104  0040.47  00.85  07.83  283.9  009.26  30.427  1023.992  1474.00 
2024 01 25 13 04 10.89  31.202  07.112  0040.42  00.87  07.83  283.9  009.26  30.421  1023.986  1474.02 
2024 01 25 13 04 11.14  31.202  07.124  0040.36  00.85  07.83  283.9  009.26  30.410  1023.976  1474.06 
2024 01 25 13 04 11.39  31.203  07.130  0040.31  00.89  07.83  283.9  009.26  30.407  1023.972  1474.08 
2024 01 25 13 04 11.64  31.212  07.141  0040.27  00.87  07.83  283.9  009.26  30.406  1023.970  1474.12 
2024 01 25 13 04 11.89  31.230  07.160  0040.18  00.86  07.83  283.9  009.26  30.409  1023.969  1474.19 
2024 01 25 13 04 12.14  31.261  07.198  0040.06  00.84  07.83  283.9  009.26  30.410  1023.964  1474.34 
2024 01 25 13 04 12.39  31.280  07.232  0039.93  00.93  07.84  283.9  009.26  30.400  1023.951  1474.46 
2024 01 25 13 04 12.64  31.278  07.250  0039.80  00.95  07.84  279.6  009.29  30.382  1023.934  1474.50 
2024 01 25 13 04 12.89  31.281  07.254  0039.69  01.02  07.84  279.6  009.26  30.382  1023.933  1474.52 
2024 01 25 13 04 13.14  31.272  07.249  0039.60  01.07  07.84  279.6  009.26  30.377  1023.929  1474.49 
2024 01 25 13 04 13.39  31.252  07.236  0039.49  00.98  07.84  279.6  009.26  30.367  1023.923  1474.43 
2024 01 25 13 04 13.64  31.245  07.228  0039.41  01.17  07.84  279.6  009.26  30.366  1023.923  1474.39 
2024 01 25 13 04 13.89  31.235  07.225  0039.29  01.07  07.84  279.6  009.26  30.358  1023.916  1474.37 
2024 01 25 13 04 14.14  31.234  07.225  0039.18  01.03  07.83  279.6  009.26  30.357  1023.915  1474.37 
2024 01 25 13 04 14.39  31.235  07.228  0039.08  01.01  07.83  279.6  009.26  30.355  1023.913  1474.37 
2024 01 25 13 04 14.64  31.236  07.234  0038.95  01.00  07.83  279.6  009.26  30.351  1023.908  1474.39 
2024 01 25 13 04 14.89  31.244  07.246  0038.86  00.96  07.83  279.6  009.26  30.349  1023.905  1474.43 
2024 01 25 13 04 15.14  31.244  07.263  0038.73  00.97  07.84  279.6  009.26  30.334  1023.890  1474.48 
2024 01 25 13 04 15.39  31.248  07.279  0038.59  01.04  07.84  279.6  009.26  30.325  1023.880  1474.52 
2024 01 25 13 04 15.64  31.250  07.289  0038.49  01.02  07.84  276.5  009.26  30.318  1023.873  1474.56 
2024 01 25 13 04 15.89  31.260  07.323  0038.36  01.06  07.84  276.5  009.26  30.299  1023.853  1474.66 
2024 01 25 13 04 16.14  31.265  07.347  0038.24  01.07  07.84  276.5  009.26  30.284  1023.837  1474.74 
2024 01 25 13 04 16.39  31.279  07.394  0038.16  01.16  07.84  276.5  009.26  30.258  1023.810  1474.88 
2024 01 25 13 04 16.64  31.284  07.404  0038.08  01.12  07.84  276.5  009.26  30.255  1023.806  1474.92 
2024 01 25 13 04 16.89  31.286  07.425  0037.95  01.17  07.84  276.5  009.29  30.238  1023.790  1474.97 
2024 01 25 13 04 17.14  31.284  07.421  0037.87  01.15  07.84  276.5  009.26  30.239  1023.790  1474.96 
2024 01 25 13 04 17.39  31.284  07.428  0037.78  01.17  07.84  276.5  009.26  30.233  1023.784  1474.98 
2024 01 25 13 04 17.64  31.284  07.434  0037.68  01.18  07.84  276.5  009.26  30.229  1023.780  1474.99 
2024 01 25 13 04 17.89  31.294  07.455  0037.60  01.42  07.84  276.5  009.26  30.221  1023.770  1475.06 
2024 01 25 13 04 18.14  31.295  07.460  0037.48  01.27  07.85  276.5  009.26  30.217  1023.766  1475.08 
2024 01 25 13 04 18.39  31.307  07.497  0037.39  01.26  07.85  276.5  009.26  30.198  1023.746  1475.20 
2024 01 25 13 04 18.64  31.327  07.546  0037.29  01.30  07.85  274.9  009.26  30.178  1023.723  1475.36 
2024 01 25 13 04 18.89  31.334  07.567  0037.20  01.36  07.85  274.9  009.26  30.166  1023.711  1475.42 
2024 01 25 13 04 19.14  31.347  07.580  0037.07  01.38  07.85  274.9  009.26  30.169  1023.711  1475.47 
2024 01 25 13 04 19.39  31.349  07.591  0036.98  01.43  07.85  274.9  009.26  30.162  1023.703  1475.51 
2024 01 25 13 04 19.64  31.359  07.607  0036.88  01.48  07.86  274.9  009.26  30.158  1023.698  1475.56 
2024 01 25 13 04 19.89  31.362  07.609  0036.77  01.48  07.86  274.9  009.26  30.159  1023.698  1475.57 
2024 01 25 13 04 20.14  31.370  07.634  0036.66  01.38  07.86  274.9  009.26  30.147  1023.684  1475.65 
2024 01 25 13 04 20.39  31.373  07.650  0036.55  01.36  07.86  274.9  009.26  30.136  1023.673  1475.70 
2024 01 25 13 04 20.64  31.381  07.664  0036.44  01.42  07.86  274.9  009.26  30.133  1023.668  1475.74 
2024 01 25 13 04 20.89  31.391  07.702  0036.32  01.42  07.86  274.9  009.26  30.110  1023.644  1475.86 
2024 01 25 13 04 21.14  31.394  07.705  0036.18  01.35  07.86  274.9  009.26  30.111  1023.644  1475.87 
2024 01 25 13 04 21.39  31.405  07.742  0036.07  01.41  07.86  274.9  009.26  30.090  1023.622  1475.99 
2024 01 25 13 04 21.64  31.419  07.764  0035.93  01.53  07.87  274.4  009.26  30.086  1023.615  1476.07 
2024 01 25 13 04 21.89  31.429  07.791  0035.86  01.53  07.87  274.4  009.26  30.074  1023.602  1476.15 
2024 01 25 13 04 22.14  31.442  07.816  0035.70  01.46  07.87  274.4  009.26  30.066  1023.592  1476.24 
2024 01 25 13 04 22.39  31.451  07.825  0035.60  01.53  07.87  274.4  009.26  30.067  1023.591  1476.27 
2024 01 25 13 04 22.64  31.467  07.859  0035.47  01.60  07.87  274.4  009.26  30.056  1023.576  1476.39 
2024 01 25 13 04 22.89  31.464  07.865  0035.38  01.61  07.87  274.4  009.26  30.048  1023.569  1476.40 
2024 01 25 13 04 23.14  31.471  07.868  0035.26  01.66  07.87  274.4  009.26  30.052  1023.571  1476.41 
2024 01 25 13 04 23.39  31.470  07.871  0035.18  01.57  07.87  274.4  009.26  30.048  1023.567  1476.42 
2024 01 25 13 04 23.64  31.487  07.897  0035.07  01.57  07.87  274.4  009.26  30.045  1023.561  1476.51 
2024 01 25 13 04 23.89  31.494  07.910  0035.00  01.58  07.88  274.4  009.26  30.040  1023.555  1476.55 
2024 01 25 13 04 24.14  31.506  07.938  0034.87  01.57  07.88  274.4  009.26  30.030  1023.543  1476.65 
2024 01 25 13 04 24.39  31.509  07.950  0034.77  01.49  07.88  274.4  009.26  30.022  1023.534  1476.68 
2024 01 25 13 04 24.64  31.506  07.974  0034.62  01.52  07.88  275.2  009.26  29.999  1023.512  1476.74 
2024 01 25 13 04 24.89  31.498  07.979  0034.55  01.53  07.88  275.2  009.26  29.986  1023.500  1476.74 
2024 01 25 13 04 25.14  31.496  07.989  0034.42  01.46  07.88  275.2  009.26  29.975  1023.490  1476.77 
2024 01 25 13 04 25.39  31.493  07.994  0034.33  01.54  07.88  275.2  009.26  29.968  1023.484  1476.77 
2024 01 25 13 04 25.64  31.489  08.002  0034.22  01.62  07.88  275.2  009.26  29.957  1023.474  1476.79 
2024 01 25 13 04 25.89  31.487  08.001  0034.14  01.58  07.88  275.2  009.26  29.956  1023.472  1476.79 
2024 01 25 13 04 26.14  31.489  08.002  0034.08  01.61  07.88  275.2  009.26  29.957  1023.473  1476.79 
2024 01 25 13 04 26.39  31.489  08.009  0033.99  01.65  07.89  275.2  009.26  29.951  1023.467  1476.81 
2024 01 25 13 04 26.64  31.490  08.009  0033.93  01.64  07.88  275.2  009.26  29.952  1023.467  1476.81 
2024 01 25 13 04 26.89  31.486  08.011  0033.79  01.52  07.88  275.2  009.26  29.946  1023.461  1476.81 
2024 01 25 13 04 27.14  31.483  08.012  0033.68  01.60  07.89  275.2  009.26  29.942  1023.457  1476.80 
2024 01 25 13 04 27.39  31.479  08.009  0033.55  01.57  07.89  275.2  009.26  29.941  1023.456  1476.79 
2024 01 25 13 04 27.64  31.477  08.010  0033.46  01.54  07.89  276.2  009.26  29.938  1023.454  1476.78 
2024 01 25 13 04 27.89  31.477  08.008  0033.34  01.56  07.88  276.2  009.29  29.940  1023.455  1476.78 
2024 01 25 13 04 28.14  31.469  08.013  0033.23  01.66  07.89  276.2  009.26  29.927  1023.443  1476.78 
2024 01 25 13 04 28.39  31.465  08.020  0033.10  01.56  07.89  276.2  009.26  29.917  1023.434  1476.79 
2024 01 25 13 04 28.64  31.464  08.017  0033.03  01.64  07.89  276.2  009.26  29.918  1023.435  1476.78 
2024 01 25 13 04 28.89  31.460  08.023  0032.94  01.85  07.89  276.2  009.26  29.909  1023.427  1476.79 
2024 01 25 13 04 29.14  31.464  08.035  0032.82  01.80  07.89  276.2  009.26  29.904  1023.420  1476.83 
2024 01 25 13 04 29.39  31.480  08.068  0032.71  01.67  07.89  276.2  009.26  29.892  1023.406  1476.94 
2024 01 25 13 04 29.64  31.482  08.073  0032.61  01.72  07.88  276.2  009.26  29.890  1023.403  1476.95 
2024 01 25 13 04 29.89  31.493  08.096  0032.46  01.82  07.89  276.2  009.26  29.882  1023.393  1477.03 
2024 01 25 13 04 30.14  31.500  08.114  0032.35  01.83  07.89  276.2  009.26  29.874  1023.384  1477.09 
2024 01 25 13 04 30.39  31.505  08.132  0032.22  01.73  07.89  276.2  009.26  29.864  1023.373  1477.14 
2024 01 25 13 04 30.64  31.508  08.134  0032.11  01.77  07.89  277.5  009.29  29.865  1023.373  1477.15 
2024 01 25 13 04 30.89  31.510  08.138  0031.98  01.72  07.89  277.5  009.26  29.864  1023.371  1477.16 
2024 01 25 13 04 31.14  31.510  08.135  0031.87  01.66  07.89  277.5  009.26  29.867  1023.373  1477.15 
2024 01 25 13 04 31.39  31.512  08.139  0031.73  01.63  07.89  277.5  009.26  29.866  1023.371  1477.16 
2024 01 25 13 04 31.64  31.511  08.139  0031.62  01.64  07.89  277.5  009.26  29.865  1023.370  1477.16 
2024 01 25 13 04 31.89  31.510  08.138  0031.50  01.72  07.89  277.5  009.26  29.865  1023.369  1477.15 
2024 01 25 13 04 32.14  31.510  08.136  0031.39  01.71  07.89  277.5  009.26  29.865  1023.369  1477.15 
2024 01 25 13 04 32.39  31.505  08.135  0031.28  01.66  07.89  277.5  009.26  29.861  1023.366  1477.14 
2024 01 25 13 04 32.64  31.504  08.135  0031.15  01.60  07.89  277.5  009.26  29.861  1023.365  1477.13 
2024 01 25 13 04 32.89  31.501  08.134  0031.04  01.71  07.89  277.5  009.26  29.858  1023.363  1477.12 
2024 01 25 13 04 33.14  31.505  08.137  0030.96  01.69  07.89  277.5  009.26  29.859  1023.363  1477.14 
2024 01 25 13 04 33.39  31.503  08.142  0030.86  01.68  07.89  277.5  009.26  29.854  1023.357  1477.15 
2024 01 25 13 04 33.64  31.507  08.151  0030.72  01.66  07.89  278.1  009.29  29.850  1023.353  1477.17 
2024 01 25 13 04 33.89  31.506  08.156  0030.65  01.92  07.90  278.1  009.26  29.845  1023.348  1477.18 
2024 01 25 13 04 34.14  31.509  08.159  0030.53  01.76  07.90  278.1  009.26  29.845  1023.347  1477.19 
2024 01 25 13 04 34.39  31.506  08.159  0030.43  01.66  07.90  278.1  009.26  29.842  1023.344  1477.19 
2024 01 25 13 04 34.64  31.506  08.159  0030.31  01.71  07.90  278.1  009.26  29.843  1023.344  1477.19 
2024 01 25 13 04 34.89  31.506  08.165  0030.21  01.78  07.90  278.1  009.26  29.838  1023.339  1477.20 
2024 01 25 13 04 35.14  31.506  08.171  0030.09  01.68  07.90  278.1  009.26  29.833  1023.333  1477.22 
2024 01 25 13 04 35.39  31.505  08.181  0029.99  01.74  07.90  278.1  009.26  29.823  1023.324  1477.24 
2024 01 25 13 04 35.64  31.506  08.189  0029.89  01.78  07.89  278.1  009.26  29.817  1023.317  1477.26 
2024 01 25 13 04 35.89  31.506  08.194  0029.84  01.75  07.90  278.1  009.26  29.814  1023.314  1477.28 
2024 01 25 13 04 36.14  31.506  08.195  0029.75  01.84  07.90  278.1  009.26  29.812  1023.312  1477.28 
2024 01 25 13 04 36.39  31.509  08.211  0029.67  01.85  07.90  278.1  009.26  29.802  1023.302  1477.32 
2024 01 25 13 04 36.64  31.510  08.240  0029.58  01.85  07.90  278.7  009.26  29.778  1023.278  1477.40 
2024 01 25 13 04 36.89  31.506  08.249  0029.46  01.83  07.90  278.7  009.26  29.766  1023.267  1477.42 
2024 01 25 13 04 37.14  31.506  08.257  0029.37  01.79  07.90  278.7  009.26  29.760  1023.260  1477.44 
2024 01 25 13 04 37.39  31.495  08.262  0029.23  01.81  07.90  278.7  009.26  29.744  1023.247  1477.44 
2024 01 25 13 04 37.64  31.491  08.268  0029.11  01.77  07.90  278.7  009.26  29.736  1023.239  1477.45 
2024 01 25 13 04 37.89  31.489  08.267  0029.00  01.95  07.90  278.7  009.26  29.734  1023.237  1477.44 
2024 01 25 13 04 38.14  31.490  08.267  0028.89  01.84  07.90  278.7  009.26  29.734  1023.237  1477.44 
2024 01 25 13 04 38.39  31.486  08.270  0028.80  01.84  07.90  278.7  009.26  29.728  1023.231  1477.44 
2024 01 25 13 04 38.64  31.490  08.294  0028.71  01.93  07.90  278.7  009.26  29.712  1023.215  1477.51 
2024 01 25 13 04 38.89  31.498  08.316  0028.57  01.83  07.90  278.7  009.26  29.701  1023.203  1477.58 
2024 01 25 13 04 39.14  31.504  08.331  0028.44  01.73  07.90  278.7  009.26  29.696  1023.196  1477.63 
2024 01 25 13 04 39.39  31.504  08.337  0028.35  01.66  07.90  278.7  009.26  29.691  1023.191  1477.64 
2024 01 25 13 04 39.64  31.509  08.357  0028.20  01.85  07.90  279.1  009.26  29.679  1023.177  1477.71 
2024 01 25 13 04 39.89  31.510  08.372  0028.07  01.80  07.90  279.1  009.26  29.667  1023.165  1477.75 
2024 01 25 13 04 40.14  31.515  08.384  0027.99  01.84  07.91  279.1  009.26  29.663  1023.161  1477.78 
2024 01 25 13 04 40.39  31.516  08.404  0027.85  01.91  07.91  279.1  009.26  29.647  1023.145  1477.84 
2024 01 25 13 04 40.64  31.548  08.470  0027.71  01.95  07.91  279.1  009.26  29.625  1023.117  1478.06 
2024 01 25 13 04 40.89  31.555  08.485  0027.63  01.93  07.91  279.1  009.26  29.619  1023.110  1478.11 
2024 01 25 13 04 41.14  31.565  08.508  0027.54  02.25  07.91  279.1  009.26  29.611  1023.100  1478.18 
2024 01 25 13 04 41.39  31.572  08.534  0027.45  02.06  07.91  279.1  009.26  29.596  1023.084  1478.26 
2024 01 25 13 04 41.64  31.598  08.589  0027.35  01.98  07.91  279.1  009.26  29.577  1023.061  1478.44 
2024 01 25 13 04 41.89  31.611  08.610  0027.19  01.99  07.92  279.1  009.26  29.573  1023.054  1478.52 
2024 01 25 13 04 42.14  31.629  08.652  0027.08  02.16  07.92  279.1  009.26  29.557  1023.035  1478.65 
2024 01 25 13 04 42.39  31.635  08.675  0027.03  02.09  07.92  279.1  009.26  29.544  1023.021  1478.72 
2024 01 25 13 04 42.64  31.638  08.672  0026.92  02.24  07.92  279.3  009.26  29.549  1023.025  1478.71 
2024 01 25 13 04 42.89  31.662  08.717  0026.84  02.40  07.93  279.3  009.26  29.536  1023.008  1478.87 
2024 01 25 13 04 43.14  31.661  08.727  0026.70  02.26  07.93  279.3  009.26  29.527  1022.999  1478.89 
2024 01 25 13 04 43.39  31.669  08.738  0026.57  02.38  07.93  279.3  009.26  29.526  1022.995  1478.93 
2024 01 25 13 04 43.64  31.666  08.743  0026.47  02.44  07.93  279.3  009.26  29.520  1022.990  1478.94 
2024 01 25 13 04 43.89  31.671  08.768  0026.34  02.54  07.93  279.3  009.26  29.504  1022.973  1479.01 
2024 01 25 13 04 44.14  31.670  08.765  0026.24  02.39  07.93  279.3  009.26  29.505  1022.974  1479.00 
2024 01 25 13 04 44.39  31.677  08.778  0026.13  02.38  07.93  279.3  009.26  29.501  1022.968  1479.04 
2024 01 25 13 04 44.64  31.678  08.783  0026.02  02.31  07.93  279.3  009.26  29.499  1022.965  1479.06 
2024 01 25 13 04 44.89  31.697  08.818  0025.89  02.48  07.94  279.3  009.26  29.489  1022.952  1479.17 
2024 01 25 13 04 45.14  31.709  08.856  0025.77  02.50  07.94  279.3  009.26  29.470  1022.931  1479.29 
2024 01 25 13 04 45.39  31.732  08.898  0025.62  02.45  07.94  279.3  009.26  29.458  1022.915  1479.43 
2024 01 25 13 04 45.64  31.740  08.918  0025.49  02.57  07.94  280.3  009.26  29.450  1022.905  1479.50 
2024 01 25 13 04 45.89  31.789  08.993  0025.36  02.62  07.94  280.3  009.26  29.438  1022.884  1479.76 
2024 01 25 13 04 46.14  31.791  09.011  0025.26  02.72  07.95  280.3  009.26  29.426  1022.871  1479.81 
2024 01 25 13 04 46.39  31.830  09.068  0025.14  02.78  07.95  280.3  009.26  29.419  1022.857  1480.01 
2024 01 25 13 04 46.64  31.853  09.113  0025.02  02.83  07.95  280.3  009.26  29.406  1022.839  1480.16 
2024 01 25 13 04 46.89  31.826  09.101  0024.91  02.88  07.96  280.3  009.26  29.387  1022.826  1480.09 
2024 01 25 13 04 47.14  31.826  09.101  0024.79  02.94  07.96  280.3  009.26  29.388  1022.826  1480.09 
2024 01 25 13 04 47.39  31.821  09.102  0024.73  02.89  07.96  280.3  009.26  29.382  1022.821  1480.09 
2024 01 25 13 04 47.64  31.806  09.089  0024.59  03.00  07.96  280.3  009.26  29.377  1022.818  1480.03 
2024 01 25 13 04 47.89  31.791  09.074  0024.49  02.82  07.96  280.3  009.26  29.374  1022.818  1479.97 
2024 01 25 13 04 48.14  31.789  09.073  0024.36  02.83  07.96  280.3  009.26  29.373  1022.816  1479.96 
2024 01 25 13 04 48.39  31.787  09.072  0024.28  02.84  07.96  280.3  009.26  29.372  1022.815  1479.96 
2024 01 25 13 04 48.64  31.788  09.077  0024.19  02.93  07.96  283.1  009.26  29.369  1022.812  1479.97 
2024 01 25 13 04 48.89  31.792  09.084  0024.07  02.80  07.96  283.1  009.26  29.367  1022.809  1479.99 
2024 01 25 13 04 49.14  31.783  09.080  0023.95  02.81  07.96  283.1  009.26  29.361  1022.804  1479.97 
2024 01 25 13 04 49.39  31.773  09.070  0023.85  02.82  07.96  283.1  009.26  29.359  1022.804  1479.93 
2024 01 25 13 04 49.64  31.766  09.066  0023.71  02.84  07.96  283.1  009.26  29.355  1022.801  1479.90 
2024 01 25 13 04 49.89  31.763  09.067  0023.61  02.83  07.96  283.1  009.26  29.352  1022.797  1479.90 
2024 01 25 13 04 50.14  31.762  09.067  0023.47  02.92  07.96  283.1  009.26  29.351  1022.796  1479.90 
2024 01 25 13 04 50.39  31.756  09.066  0023.36  02.90  07.96  283.1  009.26  29.345  1022.791  1479.89 
2024 01 25 13 04 50.64  31.753  09.067  0023.27  02.86  07.96  283.1  009.26  29.342  1022.788  1479.88 
2024 01 25 13 04 50.89  31.748  09.063  0023.21  02.73  07.96  283.1  009.26  29.340  1022.787  1479.87 
2024 01 25 13 04 51.14  31.741  09.056  0023.09  02.78  07.96  283.1  009.26  29.338  1022.786  1479.84 
2024 01 25 13 04 51.39  31.738  09.055  0022.97  02.68  07.96  283.1  009.26  29.336  1022.784  1479.83 
2024 01 25 13 04 51.64  31.734  09.053  0022.86  02.64  07.96  286.0  009.26  29.334  1022.782  1479.82 
2024 01 25 13 04 51.89  31.731  09.053  0022.74  02.76  07.96  286.0  009.26  29.331  1022.779  1479.81 
2024 01 25 13 04 52.14  31.732  09.062  0022.62  02.74  07.96  286.0  009.26  29.325  1022.773  1479.84 
2024 01 25 13 04 52.39  31.736  09.067  0022.51  02.78  07.96  286.0  009.26  29.325  1022.771  1479.85 
2024 01 25 13 04 52.64  31.747  09.104  0022.41  02.75  07.96  286.0  009.26  29.305  1022.750  1479.97 
2024 01 25 13 04 52.89  31.748  09.100  0022.31  02.85  07.96  286.0  009.26  29.309  1022.753  1479.95 
2024 01 25 13 04 53.14  31.751  09.115  0022.20  02.94  07.96  286.0  009.26  29.300  1022.743  1480.00 
2024 01 25 13 04 53.39  31.758  09.135  0022.08  02.90  07.96  286.0  009.26  29.291  1022.733  1480.06 
2024 01 25 13 04 53.64  31.767  09.164  0021.97  02.90  07.96  286.0  009.26  29.277  1022.717  1480.15 
2024 01 25 13 04 53.89  31.767  09.169  0021.89  02.98  07.97  286.0  009.26  29.273  1022.712  1480.16 
2024 01 25 13 04 54.14  31.772  09.185  0021.76  03.01  07.97  286.0  009.26  29.265  1022.703  1480.21 
2024 01 25 13 04 54.39  31.771  09.193  0021.63  03.05  07.97  286.0  009.26  29.258  1022.696  1480.23 
2024 01 25 13 04 54.64  31.784  09.235  0021.51  02.84  07.97  288.8  009.26  29.236  1022.672  1480.35 
2024 01 25 13 04 54.89  31.785  09.230  0021.44  02.95  07.97  288.8  009.26  29.241  1022.677  1480.34 
2024 01 25 13 04 55.14  31.787  09.254  0021.35  03.01  07.97  288.8  009.26  29.224  1022.659  1480.41 
2024 01 25 13 04 55.39  31.788  09.264  0021.25  03.09  07.97  288.8  009.26  29.217  1022.651  1480.43 
2024 01 25 13 04 55.64  31.791  09.268  0021.07  03.23  07.97  288.8  009.26  29.216  1022.649  1480.44 
2024 01 25 13 04 55.89  31.791  09.269  0020.99  03.22  07.97  288.8  009.26  29.216  1022.649  1480.45 
2024 01 25 13 04 56.14  31.792  09.270  0020.90  03.13  07.97  288.8  009.26  29.216  1022.648  1480.45 
2024 01 25 13 04 56.39  31.791  09.273  0020.82  03.30  07.97  288.8  009.26  29.213  1022.645  1480.45 
2024 01 25 13 04 56.64  31.797  09.280  0020.65  03.30  07.97  288.8  009.26  29.213  1022.643  1480.48 
2024 01 25 13 04 56.89  31.795  09.283  0020.59  03.18  07.98  288.8  009.26  29.209  1022.640  1480.48 
2024 01 25 13 04 57.14  31.797  09.282  0020.55  03.09  07.98  288.8  009.26  29.211  1022.641  1480.48 
2024 01 25 13 04 57.39  31.800  09.292  0020.51  03.14  07.98  288.8  009.26  29.207  1022.636  1480.51 
2024 01 25 13 04 57.64  31.823  09.315  0020.42  03.16  07.98  289.5  009.29  29.211  1022.636  1480.60 
2024 01 25 13 04 57.89  31.837  09.326  0020.35  03.27  07.98  289.5  009.26  29.215  1022.637  1480.65 
2024 01 25 13 04 58.14  31.845  09.337  0020.19  03.49  07.98  289.5  009.26  29.215  1022.634  1480.69 
2024 01 25 13 04 58.39  31.838  09.334  0020.08  03.50  07.98  289.5  009.26  29.210  1022.630  1480.67 
2024 01 25 13 04 58.64  31.838  09.338  0020.00  03.55  07.98  289.5  009.26  29.207  1022.626  1480.68 
2024 01 25 13 04 58.89  31.838  09.338  0019.90  03.53  07.98  289.5  009.26  29.208  1022.627  1480.68 
2024 01 25 13 04 59.14  31.845  09.342  0019.77  03.49  07.98  289.5  009.26  29.211  1022.628  1480.69 
2024 01 25 13 04 59.39  31.841  09.343  0019.68  03.57  07.98  289.5  009.26  29.206  1022.624  1480.69 
2024 01 25 13 04 59.64  31.838  09.352  0019.56  03.58  07.98  289.5  009.26  29.197  1022.615  1480.71 
2024 01 25 13 04 59.89  31.834  09.360  0019.45  03.47  07.98  289.5  009.26  29.186  1022.605  1480.72 
2024 01 25 13 05 00.14  31.834  09.370  0019.35  03.68  07.98  289.5  009.26  29.178  1022.596  1480.75 
2024 01 25 13 05 00.39  31.832  09.372  0019.22  03.80  07.98  289.5  009.26  29.174  1022.592  1480.75 
2024 01 25 13 05 00.64  31.829  09.382  0019.14  03.73  07.98  291.4  009.26  29.162  1022.582  1480.77 
2024 01 25 13 05 00.89  31.829  09.385  0019.02  03.51  07.98  291.4  009.26  29.160  1022.578  1480.78 
2024 01 25 13 05 01.14  31.831  09.392  0018.90  03.58  07.98  291.4  009.26  29.157  1022.574  1480.80 
2024 01 25 13 05 01.39  31.833  09.395  0018.80  03.59  07.99  291.4  009.26  29.156  1022.573  1480.81 
2024 01 25 13 05 01.64  31.835  09.399  0018.70  03.58  07.99  291.4  009.26  29.155  1022.571  1480.82 
2024 01 25 13 05 01.89  31.833  09.398  0018.59  03.49  07.99  291.4  009.26  29.154  1022.570  1480.81 
2024 01 25 13 05 02.14  31.834  09.396  0018.50  03.58  07.99  291.4  009.26  29.157  1022.573  1480.81 
2024 01 25 13 05 02.39  31.833  09.398  0018.37  03.56  07.99  291.4  009.26  29.154  1022.569  1480.81 
2024 01 25 13 05 02.64  31.846  09.416  0018.25  03.59  07.98  291.4  009.26  29.153  1022.565  1480.87 
2024 01 25 13 05 02.89  31.849  09.413  0018.17  03.56  07.99  291.4  009.26  29.158  1022.569  1480.87 
2024 01 25 13 05 03.14  31.859  09.421  0018.05  03.74  07.99  291.4  009.26  29.162  1022.570  1480.90 
2024 01 25 13 05 03.39  31.863  09.432  0017.95  03.74  07.99  291.4  009.26  29.157  1022.564  1480.93 
2024 01 25 13 05 03.64  31.873  09.453  0017.84  03.81  07.99  292.9  009.26  29.151  1022.555  1481.00 
2024 01 25 13 05 03.89  31.875  09.452  0017.73  03.78  07.99  292.9  009.26  29.153  1022.557  1480.99 
2024 01 25 13 05 04.14  31.887  09.469  0017.63  03.89  07.99  292.9  009.26  29.151  1022.553  1481.05 
2024 01 25 13 05 04.39  31.900  09.498  0017.55  03.80  07.99  292.9  009.26  29.141  1022.540  1481.15 
2024 01 25 13 05 04.64  31.915  09.523  0017.45  03.99  07.99  292.9  009.26  29.135  1022.531  1481.23 
2024 01 25 13 05 04.89  31.926  09.539  0017.34  04.14  07.99  292.9  009.26  29.134  1022.527  1481.29 
2024 01 25 13 05 05.14  31.932  09.557  0017.24  04.20  08.00  292.9  009.26  29.125  1022.517  1481.34 
2024 01 25 13 05 05.39  31.930  09.563  0017.15  04.29  08.00  292.9  009.26  29.119  1022.510  1481.35 
2024 01 25 13 05 05.64  31.934  09.574  0017.05  04.30  07.99  292.9  009.26  29.114  1022.504  1481.39 
2024 01 25 13 05 05.89  31.931  09.575  0016.94  04.52  08.00  292.9  009.26  29.110  1022.501  1481.39 
2024 01 25 13 05 06.14  31.920  09.572  0016.82  04.58  08.00  292.9  009.26  29.102  1022.494  1481.36 
2024 01 25 13 05 06.39  31.917  09.569  0016.71  04.50  08.00  292.9  009.26  29.101  1022.494  1481.35 
2024 01 25 13 05 06.64  31.909  09.564  0016.59  04.63  08.00  293.8  009.26  29.097  1022.491  1481.32 
2024 01 25 13 05 06.89  31.897  09.554  0016.47  04.65  08.00  293.8  009.26  29.093  1022.489  1481.28 
2024 01 25 13 05 07.14  31.880  09.542  0016.35  04.50  08.00  293.8  009.26  29.086  1022.484  1481.22 
2024 01 25 13 05 07.39  31.873  09.535  0016.22  04.48  08.00  293.8  009.26  29.085  1022.484  1481.20 
2024 01 25 13 05 07.64  31.865  09.530  0016.09  04.29  08.00  293.8  009.26  29.080  1022.481  1481.17 
2024 01 25 13 05 07.89  31.849  09.519  0015.98  04.30  08.00  293.8  009.26  29.074  1022.477  1481.12 
2024 01 25 13 05 08.14  31.838  09.512  0015.87  04.09  08.00  293.8  009.26  29.068  1022.473  1481.08 
2024 01 25 13 05 08.39  31.834  09.508  0015.76  04.24  08.00  293.8  009.26  29.068  1022.473  1481.07 
2024 01 25 13 05 08.64  31.817  09.496  0015.66  04.27  07.99  293.8  009.26  29.059  1022.468  1481.01 
2024 01 25 13 05 08.89  31.805  09.492  0015.52  04.20  08.00  293.8  009.26  29.051  1022.461  1480.98 
2024 01 25 13 05 09.14  31.801  09.489  0015.45  04.11  07.99  293.8  009.26  29.049  1022.459  1480.97 
2024 01 25 13 05 09.39  31.799  09.487  0015.33  04.22  07.99  293.8  009.26  29.048  1022.459  1480.96 
2024 01 25 13 05 09.64  31.796  09.485  0015.20  03.98  07.99  295.1  009.26  29.047  1022.458  1480.95 
2024 01 25 13 05 09.89  31.793  09.484  0015.10  04.12  07.99  295.1  009.26  29.045  1022.456  1480.94 
2024 01 25 13 05 10.14  31.792  09.483  0014.98  04.15  07.99  295.1  009.26  29.045  1022.455  1480.94 
2024 01 25 13 05 10.39  31.795  09.486  0014.86  04.28  07.99  295.1  009.26  29.045  1022.455  1480.94 
2024 01 25 13 05 10.64  31.796  09.489  0014.74  04.34  07.99  295.1  009.26  29.044  1022.453  1480.95 
2024 01 25 13 05 10.89  31.796  09.530  0014.61  04.30  08.00  295.1  009.26  29.011  1022.420  1481.06 
2024 01 25 13 05 11.14  31.792  09.546  0014.54  04.39  08.00  295.1  009.26  28.995  1022.404  1481.10 
2024 01 25 13 05 11.39  31.777  09.579  0014.40  04.45  08.00  295.1  009.26  28.952  1022.366  1481.17 
2024 01 25 13 05 11.64  31.767  09.583  0014.28  04.48  07.99  295.1  009.26  28.939  1022.354  1481.17 
2024 01 25 13 05 11.89  31.758  09.609  0014.16  04.67  08.00  295.1  009.26  28.909  1022.327  1481.22 
2024 01 25 13 05 12.14  31.755  09.608  0014.05  04.92  08.00  295.1  009.26  28.907  1022.325  1481.21 
2024 01 25 13 05 12.39  31.736  09.663  0013.94  04.97  08.00  295.1  009.26  28.845  1022.267  1481.34 
2024 01 25 13 05 12.64  31.728  09.690  0013.81  05.35  08.00  296.2  009.26  28.814  1022.238  1481.40 
2024 01 25 13 05 12.89  31.718  09.711  0013.70  05.63  08.00  296.2  009.29  28.788  1022.214  1481.44 
2024 01 25 13 05 13.14  31.705  09.738  0013.59  05.58  08.01  296.2  009.26  28.753  1022.182  1481.50 
2024 01 25 13 05 13.39  31.696  09.755  0013.43  05.79  08.01  296.2  009.29  28.730  1022.161  1481.53 
2024 01 25 13 05 13.64  31.693  09.758  0013.34  05.72  08.01  296.2  009.26  28.725  1022.156  1481.53 
2024 01 25 13 05 13.89  31.693  09.762  0013.20  05.97  08.01  296.2  009.26  28.722  1022.153  1481.54 
2024 01 25 13 05 14.14  31.693  09.767  0013.08  05.88  08.01  296.2  009.26  28.719  1022.149  1481.55 
2024 01 25 13 05 14.39  31.693  09.767  0012.98  06.11  08.01  296.2  009.26  28.718  1022.147  1481.55 
2024 01 25 13 05 14.64  31.690  09.773  0012.87  06.11  08.01  296.2  009.26  28.710  1022.140  1481.56 
2024 01 25 13 05 14.89  31.692  09.774  0012.78  06.32  08.01  296.2  009.26  28.712  1022.140  1481.57 
2024 01 25 13 05 15.14  31.690  09.775  0012.64  06.51  08.01  296.2  009.26  28.709  1022.138  1481.57 
2024 01 25 13 05 15.39  31.691  09.779  0012.54  06.27  08.01  296.2  009.26  28.707  1022.135  1481.57 
2024 01 25 13 05 15.64  31.688  09.780  0012.44  06.23  08.01  296.0  009.26  28.703  1022.131  1481.57 
2024 01 25 13 05 15.89  31.688  09.783  0012.33  06.31  08.01  296.0  009.26  28.701  1022.129  1481.58 
2024 01 25 13 05 16.14  31.686  09.783  0012.24  06.32  08.01  296.0  009.26  28.699  1022.126  1481.58 
2024 01 25 13 05 16.39  31.686  09.785  0012.17  06.55  08.01  296.0  009.26  28.697  1022.125  1481.58 
2024 01 25 13 05 16.64  31.683  09.782  0012.07  06.63  08.01  296.0  009.26  28.696  1022.124  1481.57 
2024 01 25 13 05 16.89  31.682  09.789  0011.94  06.85  08.01  296.0  009.26  28.690  1022.117  1481.58 
2024 01 25 13 05 17.14  31.669  09.799  0011.84  06.93  08.01  296.0  009.26  28.669  1022.099  1481.59 
2024 01 25 13 05 17.39  31.666  09.797  0011.77  06.98  08.01  296.0  009.26  28.667  1022.097  1481.58 
2024 01 25 13 05 17.64  31.657  09.812  0011.69  07.48  08.01  296.0  009.26  28.646  1022.079  1481.61 
2024 01 25 13 05 17.89  31.658  09.861  0011.65  07.42  08.01  296.0  009.26  28.609  1022.042  1481.74 
2024 01 25 13 05 18.14  31.642  09.911  0011.56  07.31  08.01  296.0  009.26  28.553  1021.990  1481.86 
2024 01 25 13 05 18.39  31.628  09.922  0011.48  07.87  08.02  296.0  009.26  28.531  1021.971  1481.87 
2024 01 25 13 05 18.64  31.607  09.928  0011.37  07.85  08.02  297.5  009.26  28.506  1021.950  1481.86 
2024 01 25 13 05 18.89  31.603  09.929  0011.28  07.98  08.02  297.5  009.29  28.500  1021.945  1481.85 
2024 01 25 13 05 19.14  31.588  09.931  0011.20  07.92  08.02  297.5  009.26  28.484  1021.932  1481.84 
2024 01 25 13 05 19.39  31.587  09.932  0011.10  08.08  08.02  297.5  009.26  28.482  1021.929  1481.84 
2024 01 25 13 05 19.64  31.581  09.933  0010.98  08.27  08.02  297.5  009.26  28.475  1021.923  1481.84 
2024 01 25 13 05 19.89  31.580  09.933  0010.89  08.14  08.02  297.5  009.26  28.474  1021.922  1481.83 
2024 01 25 13 05 20.14  31.574  09.933  0010.78  08.14  08.02  297.5  009.26  28.469  1021.917  1481.82 
2024 01 25 13 05 20.39  31.572  09.932  0010.68  08.31  08.02  297.5  009.26  28.468  1021.916  1481.82 
2024 01 25 13 05 20.64  31.571  09.933  0010.58  08.46  08.02  297.5  009.26  28.465  1021.914  1481.82 
2024 01 25 13 05 20.89  31.570  09.933  0010.45  08.54  08.02  297.5  009.26  28.465  1021.913  1481.81 
2024 01 25 13 05 21.14  31.572  09.933  0010.32  08.74  08.02  297.5  009.26  28.466  1021.913  1481.81 
2024 01 25 13 05 21.39  31.568  09.933  0010.20  08.83  08.02  297.5  009.26  28.463  1021.910  1481.81 
2024 01 25 13 05 21.64  31.568  09.933  0010.05  09.08  08.02  298.1  009.26  28.464  1021.910  1481.80 
2024 01 25 13 05 21.89  31.567  09.933  0009.92  09.28  08.02  298.1  009.26  28.462  1021.908  1481.80 
2024 01 25 13 05 22.14  31.568  09.933  0009.80  09.47  08.02  298.1  009.26  28.462  1021.908  1481.80 
2024 01 25 13 05 22.39  31.565  09.933  0009.67  10.10  08.02  298.1  009.26  28.460  1021.906  1481.80 
2024 01 25 13 05 22.64  31.566  09.933  0009.60  10.43  08.02  298.1  009.26  28.461  1021.906  1481.80 
2024 01 25 13 05 22.89  31.567  09.933  0009.50  10.61  08.02  298.1  009.26  28.462  1021.906  1481.79 
2024 01 25 13 05 23.14  31.567  09.933  0009.40  11.20  08.02  298.1  009.26  28.462  1021.905  1481.79 
2024 01 25 13 05 23.39  31.567  09.934  0009.31  11.50  08.02  298.1  009.26  28.461  1021.905  1481.79 
2024 01 25 13 05 23.64  31.566  09.933  0009.21  11.40  08.02  298.1  009.26  28.461  1021.904  1481.79 
2024 01 25 13 05 23.89  31.564  09.936  0009.12  11.69  08.02  298.1  009.26  28.457  1021.900  1481.79 
2024 01 25 13 05 24.14  31.566  09.934  0009.02  12.49  08.02  298.1  009.26  28.460  1021.902  1481.79 
2024 01 25 13 05 24.39  31.565  09.936  0008.91  12.27  08.02  298.1  009.26  28.458  1021.900  1481.79 
2024 01 25 13 05 24.64  31.564  09.936  0008.84  12.91  08.03  299.1  009.26  28.457  1021.898  1481.79 
2024 01 25 13 05 24.89  31.563  09.938  0008.73  13.07  08.03  299.1  009.26  28.455  1021.896  1481.79 
2024 01 25 13 05 25.14  31.558  09.941  0008.61  12.77  08.03  299.1  009.26  28.448  1021.890  1481.79 
2024 01 25 13 05 25.39  31.519  09.956  0008.49  13.31  08.03  299.1  009.26  28.396  1021.847  1481.78 
2024 01 25 13 05 25.64  31.502  09.960  0008.39  13.55  08.03  299.1  009.26  28.376  1021.830  1481.77 
2024 01 25 13 05 25.89  31.499  09.970  0008.29  13.81  08.03  299.1  009.26  28.366  1021.820  1481.79 
2024 01 25 13 05 26.14  31.495  09.972  0008.17  14.76  08.03  299.1  009.26  28.361  1021.815  1481.79 
2024 01 25 13 05 26.39  31.481  09.982  0008.04  16.05  08.03  299.1  009.26  28.338  1021.796  1481.80 
2024 01 25 13 05 26.64  31.474  09.982  0007.96  14.98  08.03  299.1  009.26  28.331  1021.789  1481.79 
2024 01 25 13 05 26.89  31.462  09.986  0007.85  14.72  08.03  299.1  009.26  28.317  1021.777  1481.78 
2024 01 25 13 05 27.14  31.460  09.985  0007.76  15.21  08.03  299.1  009.26  28.316  1021.776  1481.78 
2024 01 25 13 05 27.39  31.452  09.992  0007.67  15.04  08.03  299.1  009.26  28.302  1021.764  1481.79 
2024 01 25 13 05 27.64  31.439  10.004  0007.57  15.39  08.03  300.7  009.26  28.279  1021.744  1481.80 
2024 01 25 13 05 27.89  31.435  10.008  0007.47  15.58  08.03  300.7  009.26  28.272  1021.737  1481.81 
2024 01 25 13 05 28.14  31.426  10.016  0007.35  15.98  08.03  300.7  009.26  28.258  1021.724  1481.81 
2024 01 25 13 05 28.39  31.421  10.021  0007.22  15.85  08.03  300.7  009.26  28.249  1021.716  1481.82 
2024 01 25 13 05 28.64  31.409  10.025  0007.06  15.78  08.03  300.7  009.26  28.233  1021.703  1481.82 
2024 01 25 13 05 28.89  31.406  10.028  0006.95  14.82  08.03  300.7  009.29  28.229  1021.698  1481.82 
2024 01 25 13 05 29.14  31.418  10.020  0006.93  15.21  08.03  300.7  009.26  28.246  1021.713  1481.81 
2024 01 25 13 05 29.39  31.408  10.029  0006.85  15.52  08.03  300.7  009.26  28.230  1021.698  1481.82 
2024 01 25 13 05 29.64  31.394  10.036  0006.69  15.10  08.03  300.7  009.26  28.211  1021.681  1481.82 
2024 01 25 13 05 29.89  31.394  10.036  0006.60  14.49  08.03  300.7  009.26  28.211  1021.681  1481.82 
2024 01 25 13 05 30.14  31.394  10.040  0006.47  13.70  08.04  300.7  009.26  28.208  1021.677  1481.83 
2024 01 25 13 05 30.39  31.393  10.039  0006.40  13.38  08.03  300.7  009.26  28.206  1021.676  1481.82 
2024 01 25 13 05 30.64  31.393  10.040  0006.28  12.86  08.03  301.8  009.26  28.206  1021.675  1481.82 
2024 01 25 13 05 30.89  31.392  10.040  0006.19  12.39  08.04  301.8  009.26  28.205  1021.674  1481.82 
2024 01 25 13 05 31.14  31.393  10.041  0006.09  12.82  08.03  301.8  009.26  28.206  1021.674  1481.82 
2024 01 25 13 05 31.39  31.392  10.040  0006.01  13.15  08.04  301.8  009.26  28.205  1021.673  1481.82 
2024 01 25 13 05 31.64  31.391  10.041  0005.89  13.32  08.04  301.8  009.26  28.204  1021.672  1481.82 
2024 01 25 13 05 31.89  31.391  10.041  0005.81  13.16  08.04  301.8  009.26  28.204  1021.671  1481.82 
2024 01 25 13 05 32.14  31.393  10.041  0005.69  12.51  08.04  301.8  009.26  28.205  1021.672  1481.82 
2024 01 25 13 05 32.39  31.393  10.043  0005.56  12.39  08.04  301.8  009.26  28.203  1021.669  1481.82 
2024 01 25 13 05 32.64  31.392  10.045  0005.45  12.13  08.03  301.8  009.26  28.201  1021.667  1481.82 
2024 01 25 13 05 32.89  31.392  10.045  0005.31  11.97  08.04  301.8  009.26  28.201  1021.667  1481.82 
2024 01 25 13 05 33.14  31.391  10.045  0005.21  12.15  08.04  301.8  009.26  28.201  1021.666  1481.82 
2024 01 25 13 05 33.39  31.391  10.046  0005.09  12.20  08.04  301.8  009.26  28.200  1021.664  1481.82 
2024 01 25 13 05 33.64  31.389  10.047  0004.99  11.89  08.04  302.7  009.26  28.197  1021.661  1481.82 
2024 01 25 13 05 33.89  31.385  10.049  0004.87  12.17  08.04  302.7  009.26  28.192  1021.656  1481.82 
2024 01 25 13 05 34.14  31.381  10.051  0004.83  12.13  08.04  302.7  009.26  28.187  1021.652  1481.82 
2024 01 25 13 05 34.39  31.377  10.057  0004.71  11.90  08.04  302.7  009.26  28.178  1021.644  1481.82 
2024 01 25 13 05 34.64  31.363  10.071  0004.63  11.63  08.04  302.7  009.26  28.153  1021.622  1481.85 
2024 01 25 13 05 34.89  31.349  10.085  0004.52  10.94  08.04  302.7  009.26  28.128  1021.600  1481.86 
2024 01 25 13 05 35.14  31.335  10.093  0004.41  11.06  08.04  302.7  009.26  28.109  1021.583  1481.87 
2024 01 25 13 05 35.39  31.327  10.106  0004.32  10.70  08.04  302.7  009.26  28.089  1021.565  1481.89 
2024 01 25 13 05 35.64  31.322  10.108  0004.23  10.18  08.04  302.7  009.26  28.084  1021.560  1481.89 
2024 01 25 13 05 35.89  31.306  10.112  0004.11  09.92  08.04  302.7  009.26  28.065  1021.544  1481.88 
2024 01 25 13 05 36.14  31.299  10.112  0004.01  09.93  08.04  302.7  009.26  28.058  1021.538  1481.87 
2024 01 25 13 05 36.39  31.280  10.107  0003.89  10.34  08.04  302.7  009.26  28.043  1021.527  1481.83 
2024 01 25 13 05 36.64  31.202  10.096  0003.82  10.30  08.04  303.3  009.26  27.974  1021.475  1481.71 
2024 01 25 13 05 36.89  31.180  10.089  0003.72  09.82  08.04  303.3  009.26  27.958  1021.463  1481.66 
2024 01 25 13 05 37.14  31.153  10.083  0003.64  08.76  08.04  303.3  009.26  27.936  1021.446  1481.61 
2024 01 25 13 05 37.39  31.114  10.071  0003.55  08.00  08.04  303.3  009.26  27.907  1021.425  1481.53 
2024 01 25 13 05 37.64  30.974  10.044  0003.44  07.41  08.05  303.3  009.26  27.789  1021.337  1481.29 
2024 01 25 13 05 37.89  30.917  10.029  0003.30  06.72  08.05  303.3  009.26  27.744  1021.303  1481.18 
2024 01 25 13 05 38.14  30.746  10.010  0003.18  06.10  08.05  303.3  009.26  27.589  1021.186  1480.91 
2024 01 25 13 05 38.39  30.727  10.009  0003.10  05.77  08.05  303.3  009.26  27.571  1021.171  1480.89 
2024 01 25 13 05 38.64  30.707  10.014  0002.99  05.43  08.05  303.3  009.26  27.547  1021.151  1480.88 
2024 01 25 13 05 38.89  30.708  10.013  0002.88  05.32  08.05  303.3  009.26  27.549  1021.152  1480.87 
2024 01 25 13 05 39.14  30.670  10.035  0002.77  05.29  08.05  303.3  009.26  27.494  1021.106  1480.89 
2024 01 25 13 05 39.39  30.657  10.044  0002.64  04.77  08.06  303.3  009.26  27.475  1021.089  1480.89 
2024 01 25 13 05 39.64  30.419  10.157  0002.52  04.59  08.06  304.6  009.26  27.155  1020.822  1480.92 
2024 01 25 13 05 39.89  30.423  10.124  0002.40  04.18  08.06  304.6  009.26  27.184  1020.849  1480.83 
2024 01 25 13 05 40.14  30.270  10.213  0002.29  03.88  08.06  304.6  009.26  26.966  1020.664  1480.89 
2024 01 25 13 05 40.39  30.149  10.272  0002.22  03.58  08.06  304.6  009.26  26.804  1020.529  1480.91 
2024 01 25 13 05 40.64  30.115  10.288  0002.08  03.19  08.06  304.6  009.26  26.759  1020.491  1480.91 
2024 01 25 13 05 40.89  30.086  10.306  0001.99  03.08  08.06  304.6  009.26  26.717  1020.455  1480.93 
2024 01 25 13 05 41.14  30.086  10.301  0001.87  02.94  08.06  304.6  009.26  26.721  1020.458  1480.91 
2024 01 25 13 05 41.39  30.080  10.301  0001.74  03.02  08.06  304.6  009.26  26.715  1020.453  1480.90 
2024 01 25 13 05 41.64  30.067  10.313  0001.63  03.00  08.06  304.6  009.26  26.693  1020.434  1480.92 
2024 01 25 13 05 41.89  30.057  10.314  0001.59  02.96  08.06  304.6  009.26  26.683  1020.426  1480.91 
2024 01 25 13 05 42.14  30.052  10.316  0001.54  03.01  08.06  304.6  009.26  26.677  1020.420  1480.91 
2024 01 25 13 05 42.39  30.051  10.318  0001.51  02.92  08.06  304.6  009.26  26.674  1020.418  1480.91 
2024 01 25 13 05 42.64  30.047  10.325  0001.52  02.79  08.06  307.2  009.26  26.666  1020.410  1480.92 
2024 01 25 13 05 42.89  30.044  10.333  0001.48  02.62  08.06  307.2  009.26  26.657  1020.402  1480.94 
2024 01 25 13 05 43.14  30.019  10.336  0001.40  02.66  08.06  307.2  009.26  26.630  1020.380  1480.92 
2024 01 25 13 05 43.39  30.014  10.336  0001.25  02.76  08.06  307.2  009.26  26.625  1020.376  1480.91 
2024 01 25 13 05 43.64  30.003  10.339  0001.11  02.63  08.06  307.2  009.26  26.612  1020.364  1480.90 
2024 01 25 13 05 43.89  29.998  10.339  0001.06  02.66  08.06  307.2  009.26  26.607  1020.360  1480.90 
2024 01 25 13 05 44.14  29.998  10.337  0001.03  02.74  08.07  307.2  009.26  26.609  1020.361  1480.89 
2024 01 25 13 05 44.39  29.994  10.342  0000.98  02.71  08.06  307.2  009.26  26.601  1020.355  1480.90 
2024 01 25 13 05 44.64  29.992  10.344  0000.92  02.64  08.06  307.2  009.26  26.597  1020.351  1480.90 
2024 01 25 13 05 44.89  29.983  10.346  0000.82  02.62  08.06  307.2  009.26  26.587  1020.343  1480.90 
2024 01 25 13 05 45.14  29.967  10.357  0000.65  02.59  08.06  307.2  009.26  26.564  1020.322  1480.91 
2024 01 25 13 05 45.39  29.968  10.366  0000.53  02.44  08.07  307.2  009.26  26.558  1020.316  1480.93 
2024 01 25 13 05 45.64  29.965  10.362  0000.35  02.30  08.06  307.8  009.26  26.559  1020.316  1480.91 
2024 01 25 13 05 45.89  29.966  10.361  0000.27  02.27  08.06  307.8  009.26  26.560  1020.317  1480.91 
2024 01 25 13 05 46.14  29.964  10.362  0000.24  02.25  08.06  307.8  009.26  26.557  1020.314  1480.91 
2024 01 25 13 05 46.39  29.961  10.364  0000.25  02.16  08.06  307.8  009.26  26.553  1020.311  1480.91 
2024 01 25 13 05 46.64  29.960  10.363  0000.20  02.30  08.06  307.8  009.26  26.553  1020.310  1480.91 
2024 01 25 13 05 46.89  29.959  10.362  0000.05  02.24  08.06  307.8  009.26  26.552  1020.309  1480.90 
2024 01 25 13 05 47.14  29.463  10.362  0000.01  02.26  08.06  307.8  009.26  26.068  1019.933  1480.31 
2024 01 25 13 05 47.39  07.643  10.351  0000.03  03.77  08.07  307.8  009.26  06.024  1004.372  1456.07 
2024 01 25 13 05 47.64  01.532  10.336  0000.01  27.10  08.06  307.8  009.26  01.095  1000.531  1449.98 
2024 01 25 13 05 47.89  00.897  10.313  0000.02  21.87  08.07  307.8  009.26  00.625  1000.165  1449.30 
2024 01 25 13 05 48.14  00.116  10.302  0000.03  06.91  08.06  307.8  009.26  00.076  0999.734  1448.57 
2024 01 25 13 05 48.39  00.120  10.269  0000.03  01.91  08.06  307.8  009.26  00.079  0999.740  1448.45 
2024 01 25 13 05 51.14  00.119  10.108  0000.04  00.38  06.89  307.6  009.26  00.078  0999.754  1447.81 
2024 01 25 13 05 51.39  00.112  10.138  0000.03  02.26  07.95  307.6  009.26  00.074  0999.747  1447.92 
