2024 01 25 22 00 04.51  08.498  11.452  0000.02  00.30  02.75  293.4  009.26  06.552  1004.654  1460.92 
2024 01 25 22 00 04.76  26.180  11.626  0000.12  10.41  07.98  293.4  009.26  22.117  1016.669  1480.15 
2024 01 25 22 00 05.01  28.932  11.637  0000.13  30.28  08.16  293.4  009.23  24.681  1018.651  1483.24 
2024 01 25 22 00 05.26  28.779  11.632  0000.21  15.91  08.15  293.4  009.23  24.540  1018.543  1483.06 
2024 01 25 22 00 05.51  28.898  11.632  0000.26  10.20  08.16  293.4  009.23  24.652  1018.631  1483.19 
2024 01 25 22 00 05.76  28.965  11.638  0000.32  07.17  08.16  293.4  009.23  24.711  1018.675  1483.29 
2024 01 25 22 00 06.01  28.970  11.640  0000.42  06.03  08.15  293.4  009.26  24.714  1018.678  1483.30 
2024 01 25 22 00 06.26  28.970  11.640  0000.45  05.72  08.15  297.7  009.23  24.714  1018.678  1483.30 
2024 01 25 22 00 06.51  28.971  11.641  0000.51  05.36  08.15  297.7  009.26  24.715  1018.679  1483.31 
2024 01 25 22 00 06.76  28.975  11.643  0000.65  05.28  08.15  297.7  009.26  24.717  1018.681  1483.32 
2024 01 25 22 00 07.01  28.986  11.644  0000.73  05.46  08.15  297.7  009.26  24.726  1018.688  1483.33 
2024 01 25 22 00 07.26  28.983  11.642  0000.82  05.46  08.15  297.7  009.26  24.725  1018.688  1483.33 
2024 01 25 22 00 07.51  28.979  11.640  0000.86  05.24  08.15  297.7  009.26  24.723  1018.687  1483.31 
2024 01 25 22 00 07.76  28.982  11.640  0000.86  05.29  08.15  297.7  009.26  24.725  1018.689  1483.32 
2024 01 25 22 00 08.01  28.983  11.640  0000.89  05.15  08.14  297.7  009.23  24.727  1018.690  1483.32 
2024 01 25 22 00 08.26  28.986  11.644  0000.94  05.22  08.14  297.7  009.23  24.726  1018.689  1483.34 
2024 01 25 22 00 08.51  28.989  11.644  0001.02  05.45  08.14  297.7  009.23  24.729  1018.692  1483.34 
2024 01 25 22 00 08.76  28.998  11.642  0001.11  05.20  08.14  297.7  009.26  24.740  1018.701  1483.35 
2024 01 25 22 00 09.01  28.999  11.641  0001.11  05.32  08.14  297.7  009.26  24.741  1018.702  1483.35 
2024 01 25 22 00 09.26  29.002  11.641  0001.05  05.33  08.14  297.1  009.26  24.744  1018.704  1483.35 
2024 01 25 22 00 09.51  29.002  11.639  0001.06  05.36  08.14  297.1  009.26  24.744  1018.704  1483.34 
2024 01 25 22 00 09.76  29.006  11.641  0001.12  05.37  08.14  297.1  009.26  24.748  1018.707  1483.35 
2024 01 25 22 00 10.01  29.007  11.640  0001.20  05.41  08.14  297.1  009.26  24.749  1018.708  1483.35 
2024 01 25 22 00 10.26  29.008  11.643  0001.25  05.56  08.14  297.1  009.26  24.748  1018.708  1483.36 
2024 01 25 22 00 10.51  29.007  11.640  0001.25  05.49  08.14  297.1  009.26  24.749  1018.709  1483.35 
2024 01 25 22 00 10.76  29.006  11.639  0001.21  05.35  08.14  297.1  009.26  24.748  1018.708  1483.35 
2024 01 25 22 00 11.01  29.007  11.641  0001.12  05.17  08.13  297.1  009.26  24.748  1018.708  1483.35 
2024 01 25 22 00 11.26  29.003  11.638  0001.07  05.07  08.13  297.1  009.26  24.746  1018.706  1483.34 
2024 01 25 22 00 11.51  29.002  11.639  0001.09  05.10  08.14  297.1  009.26  24.745  1018.705  1483.34 
2024 01 25 22 00 11.76  29.005  11.639  0001.10  05.23  08.13  297.1  009.26  24.747  1018.707  1483.35 
2024 01 25 22 00 12.01  28.998  11.639  0001.15  05.25  08.13  297.1  009.26  24.741  1018.703  1483.34 
2024 01 25 22 00 12.26  28.998  11.639  0001.16  05.51  08.13  299.5  009.26  24.740  1018.702  1483.34 
2024 01 25 22 00 12.51  29.002  11.639  0001.19  05.41  08.13  299.5  009.26  24.744  1018.705  1483.34 
2024 01 25 22 00 12.76  28.998  11.639  0001.21  05.19  08.13  299.5  009.26  24.741  1018.702  1483.34 
2024 01 25 22 00 13.01  29.006  11.639  0001.18  05.12  08.13  299.5  009.26  24.748  1018.708  1483.35 
2024 01 25 22 00 13.26  29.003  11.639  0001.14  05.24  08.13  299.5  009.26  24.745  1018.706  1483.35 
2024 01 25 22 00 13.51  29.004  11.640  0001.13  05.29  08.13  299.5  009.26  24.746  1018.706  1483.35 
2024 01 25 22 00 13.76  29.013  11.641  0001.13  05.43  08.13  299.5  009.26  24.753  1018.711  1483.36 
2024 01 25 22 00 14.01  29.018  11.644  0001.16  05.52  08.13  299.5  009.26  24.757  1018.714  1483.37 
2024 01 25 22 00 14.26  29.018  11.644  0001.20  05.32  08.12  299.5  009.26  24.757  1018.714  1483.38 
2024 01 25 22 00 14.51  29.014  11.644  0001.23  05.39  08.13  299.5  009.26  24.753  1018.711  1483.37 
2024 01 25 22 00 14.76  29.013  11.643  0001.22  06.02  08.13  299.5  009.26  24.752  1018.711  1483.37 
2024 01 25 22 00 15.01  29.013  11.642  0001.22  05.69  08.13  299.5  009.26  24.753  1018.712  1483.36 
2024 01 25 22 00 15.26  29.015  11.642  0001.21  05.59  08.13  300.5  009.26  24.755  1018.713  1483.37 
2024 01 25 22 00 15.51  29.022  11.645  0001.20  05.52  08.13  300.5  009.26  24.760  1018.716  1483.38 
2024 01 25 22 00 15.76  29.027  11.646  0001.18  05.35  08.13  300.5  009.26  24.764  1018.719  1483.39 
2024 01 25 22 00 16.01  29.033  11.645  0001.14  05.50  08.13  300.5  009.26  24.769  1018.723  1483.40 
2024 01 25 22 00 16.26  29.040  11.647  0001.14  05.59  08.13  300.5  009.26  24.775  1018.727  1483.41 
2024 01 25 22 00 16.51  29.057  11.652  0001.18  05.94  08.13  300.5  009.26  24.788  1018.737  1483.44 
2024 01 25 22 00 16.76  29.061  11.651  0001.20  05.89  08.13  300.5  009.26  24.793  1018.741  1483.44 
2024 01 25 22 00 17.01  29.057  11.649  0001.20  05.62  08.13  300.5  009.26  24.789  1018.738  1483.43 
2024 01 25 22 00 17.26  29.058  11.649  0001.20  05.51  08.12  300.5  009.26  24.791  1018.740  1483.43 
2024 01 25 22 00 17.51  29.052  11.648  0001.14  05.37  08.13  300.5  009.26  24.785  1018.735  1483.42 
2024 01 25 22 00 17.76  29.046  11.649  0001.10  05.24  08.13  300.5  009.26  24.780  1018.731  1483.42 
2024 01 25 22 00 18.01  29.056  11.650  0001.15  05.41  08.13  300.5  009.26  24.788  1018.737  1483.43 
2024 01 25 22 00 18.26  29.054  11.651  0001.24  05.42  08.13  301.3  009.26  24.786  1018.735  1483.44 
2024 01 25 22 00 18.51  29.049  11.650  0001.29  05.32  08.12  301.3  009.26  24.781  1018.733  1483.43 
2024 01 25 22 00 18.76  29.049  11.649  0001.31  05.48  08.12  301.3  009.26  24.782  1018.733  1483.43 
2024 01 25 22 00 19.01  29.042  11.647  0001.26  05.67  08.12  301.3  009.26  24.777  1018.729  1483.41 
2024 01 25 22 00 19.26  29.037  11.646  0001.21  05.34  08.13  301.3  009.26  24.772  1018.726  1483.40 
2024 01 25 22 00 19.51  29.031  11.644  0001.15  05.36  08.12  301.3  009.26  24.768  1018.723  1483.39 
2024 01 25 22 00 19.76  29.030  11.644  0001.12  05.25  08.12  301.3  009.26  24.768  1018.722  1483.39 
2024 01 25 22 00 20.01  29.033  11.645  0001.16  05.58  08.12  301.3  009.26  24.769  1018.724  1483.39 
2024 01 25 22 00 20.26  29.023  11.643  0001.23  05.54  08.12  301.3  009.26  24.762  1018.718  1483.38 
2024 01 25 22 00 20.51  29.030  11.643  0001.23  05.41  08.12  301.3  009.26  24.769  1018.724  1483.39 
2024 01 25 22 00 20.76  29.028  11.643  0001.21  05.81  08.12  301.3  009.26  24.766  1018.722  1483.38 
2024 01 25 22 00 21.01  29.027  11.643  0001.20  07.21  08.12  301.3  009.26  24.765  1018.721  1483.38 
2024 01 25 22 00 21.26  29.024  11.642  0001.18  06.02  08.12  301.6  009.26  24.763  1018.720  1483.38 
2024 01 25 22 00 21.51  29.025  11.645  0001.19  05.66  08.12  301.6  009.26  24.763  1018.718  1483.39 
2024 01 25 22 00 21.76  29.030  11.646  0001.20  05.30  08.12  301.6  009.26  24.766  1018.721  1483.40 
2024 01 25 22 00 22.01  29.045  11.648  0001.25  05.04  08.12  301.6  009.26  24.779  1018.731  1483.42 
2024 01 25 22 00 22.26  29.045  11.646  0001.26  05.19  08.12  301.6  009.26  24.780  1018.732  1483.41 
2024 01 25 22 00 22.51  29.038  11.646  0001.27  05.15  08.12  301.6  009.26  24.774  1018.728  1483.40 
2024 01 25 22 00 22.76  29.035  11.645  0001.24  05.24  08.12  301.6  009.26  24.772  1018.726  1483.40 
2024 01 25 22 00 23.01  29.037  11.646  0001.18  05.39  08.12  301.6  009.26  24.772  1018.726  1483.40 
2024 01 25 22 00 23.26  29.037  11.646  0001.12  05.20  08.11  301.6  009.26  24.774  1018.726  1483.40 
2024 01 25 22 00 23.51  29.035  11.645  0001.12  05.39  08.12  301.6  009.26  24.772  1018.725  1483.40 
2024 01 25 22 00 23.76  29.049  11.647  0001.18  05.91  08.12  301.6  009.26  24.784  1018.734  1483.42 
2024 01 25 22 00 24.01  29.091  11.650  0001.24  05.72  08.12  301.6  009.26  24.820  1018.763  1483.48 
2024 01 25 22 00 24.26  29.094  11.651  0001.29  05.51  08.12  302.2  009.26  24.823  1018.765  1483.48 
2024 01 25 22 00 24.51  29.087  11.649  0001.30  05.56  08.12  302.2  009.26  24.818  1018.761  1483.47 
2024 01 25 22 00 24.76  29.086  11.649  0001.28  05.56  08.12  302.2  009.26  24.817  1018.760  1483.47 
2024 01 25 22 00 25.01  29.083  11.648  0001.19  05.48  08.12  302.2  009.26  24.814  1018.758  1483.46 
2024 01 25 22 00 25.26  29.067  11.648  0001.13  05.19  08.12  302.2  009.26  24.800  1018.746  1483.44 
2024 01 25 22 00 25.51  29.059  11.647  0001.08  05.26  08.12  302.2  009.26  24.793  1018.741  1483.43 
2024 01 25 22 00 25.76  29.064  11.647  0001.09  05.59  08.12  302.2  009.26  24.798  1018.745  1483.43 
2024 01 25 22 00 26.01  29.063  11.649  0001.19  05.58  08.12  302.2  009.26  24.795  1018.743  1483.44 
2024 01 25 22 00 26.26  29.060  11.649  0001.25  05.50  08.11  302.2  009.26  24.793  1018.742  1483.44 
2024 01 25 22 00 26.51  29.075  11.650  0001.29  05.43  08.12  302.2  009.26  24.806  1018.752  1483.46 
2024 01 25 22 00 26.76  29.065  11.648  0001.26  05.53  08.12  302.2  009.26  24.798  1018.746  1483.44 
2024 01 25 22 00 27.01  29.072  11.649  0001.21  05.51  08.12  302.2  009.26  24.803  1018.750  1483.45 
2024 01 25 22 00 27.26  29.075  11.649  0001.14  05.31  08.12  302.5  009.26  24.807  1018.752  1483.45 
2024 01 25 22 00 27.51  29.073  11.648  0001.13  05.24  08.12  302.5  009.26  24.806  1018.751  1483.45 
2024 01 25 22 00 27.76  29.079  11.650  0001.17  05.19  08.12  302.5  009.26  24.809  1018.754  1483.46 
2024 01 25 22 00 28.01  29.082  11.649  0001.22  05.34  08.12  302.5  009.26  24.813  1018.757  1483.46 
2024 01 25 22 00 28.26  29.079  11.650  0001.24  05.57  08.12  302.5  009.26  24.810  1018.754  1483.46 
2024 01 25 22 00 28.51  29.066  11.649  0001.23  05.80  08.12  302.5  009.26  24.798  1018.745  1483.44 
2024 01 25 22 00 28.76  29.091  11.650  0001.20  05.53  08.12  302.5  009.26  24.820  1018.762  1483.47 
2024 01 25 22 00 29.01  29.101  11.651  0001.19  05.35  08.12  302.5  009.26  24.830  1018.770  1483.49 
2024 01 25 22 00 29.26  29.094  11.650  0001.19  05.22  08.11  302.5  009.26  24.824  1018.765  1483.48 
2024 01 25 22 00 29.51  29.107  11.651  0001.20  05.16  08.12  302.5  009.26  24.836  1018.774  1483.50 
2024 01 25 22 00 29.76  29.119  11.652  0001.25  05.43  08.12  302.5  009.26  24.846  1018.782  1483.51 
2024 01 25 22 00 30.01  29.118  11.652  0001.24  05.79  08.12  302.5  009.26  24.845  1018.781  1483.51 
2024 01 25 22 00 30.26  29.099  11.651  0001.22  05.58  08.12  302.5  009.26  24.828  1018.768  1483.49 
2024 01 25 22 00 30.51  29.082  11.650  0001.20  05.32  08.12  302.5  009.26  24.813  1018.757  1483.46 
2024 01 25 22 00 30.76  29.078  11.650  0001.17  05.39  08.12  302.5  009.26  24.809  1018.753  1483.46 
2024 01 25 22 00 31.01  29.084  11.651  0001.17  05.15  08.12  302.5  009.26  24.813  1018.757  1483.47 
2024 01 25 22 00 31.26  29.095  11.652  0001.20  05.61  08.12  302.5  009.26  24.823  1018.764  1483.48 
2024 01 25 22 00 31.51  29.097  11.652  0001.25  05.99  08.12  302.5  009.26  24.825  1018.766  1483.49 
2024 01 25 22 00 31.76  29.093  11.651  0001.25  05.67  08.12  302.5  009.26  24.822  1018.764  1483.48 
2024 01 25 22 00 32.01  29.096  11.651  0001.25  05.69  08.11  302.5  009.26  24.825  1018.766  1483.48 
2024 01 25 22 00 32.26  29.088  11.652  0001.23  05.59  08.11  302.5  009.26  24.816  1018.759  1483.48 
2024 01 25 22 00 32.51  29.091  11.654  0001.20  05.49  08.11  302.5  009.26  24.818  1018.760  1483.49 
2024 01 25 22 00 32.76  29.095  11.653  0001.19  05.26  08.11  302.5  009.26  24.823  1018.763  1483.49 
2024 01 25 22 00 33.01  29.102  11.653  0001.20  05.35  08.11  302.5  009.26  24.829  1018.769  1483.50 
2024 01 25 22 00 33.26  29.105  11.653  0001.21  05.65  08.11  303.0  009.26  24.832  1018.771  1483.50 
2024 01 25 22 00 33.51  29.108  11.653  0001.24  05.42  08.11  303.0  009.26  24.835  1018.773  1483.50 
2024 01 25 22 00 33.76  29.108  11.653  0001.25  05.27  08.11  303.0  009.26  24.835  1018.773  1483.50 
2024 01 25 22 00 34.01  29.105  11.653  0001.28  05.17  08.11  303.0  009.26  24.832  1018.772  1483.50 
2024 01 25 22 00 34.26  29.104  11.652  0001.25  05.24  08.11  303.0  009.26  24.832  1018.771  1483.50 
2024 01 25 22 00 34.51  29.096  11.653  0001.21  05.27  08.11  303.0  009.26  24.824  1018.765  1483.49 
2024 01 25 22 00 34.76  29.096  11.653  0001.17  05.29  08.11  303.0  009.26  24.824  1018.765  1483.49 
2024 01 25 22 00 35.01  29.093  11.652  0001.16  05.08  08.11  303.0  009.26  24.821  1018.763  1483.48 
2024 01 25 22 00 35.26  29.093  11.652  0001.18  05.21  08.11  303.0  009.26  24.821  1018.763  1483.48 
2024 01 25 22 00 35.51  29.093  11.652  0001.21  05.68  08.11  303.0  009.26  24.822  1018.763  1483.48 
2024 01 25 22 00 35.76  29.092  11.651  0001.24  05.74  08.11  303.0  009.26  24.821  1018.763  1483.48 
2024 01 25 22 00 36.01  29.093  11.651  0001.23  05.61  08.11  303.0  009.29  24.822  1018.764  1483.48 
2024 01 25 22 00 36.26  29.082  11.651  0001.24  05.48  08.11  302.9  009.26  24.812  1018.756  1483.47 
2024 01 25 22 00 36.51  29.079  11.650  0001.22  06.10  08.11  302.9  009.26  24.810  1018.754  1483.46 
2024 01 25 22 00 36.76  29.079  11.650  0001.17  05.58  08.11  302.9  009.26  24.810  1018.754  1483.46 
2024 01 25 22 00 37.01  29.080  11.650  0001.17  05.31  08.11  302.9  009.26  24.811  1018.755  1483.46 
2024 01 25 22 00 37.26  29.086  11.649  0001.22  05.17  08.11  302.9  009.26  24.817  1018.760  1483.47 
2024 01 25 22 00 37.51  29.095  11.649  0001.21  05.17  08.11  302.9  009.26  24.825  1018.766  1483.48 
2024 01 25 22 00 37.76  29.116  11.651  0001.21  05.07  08.11  302.9  009.26  24.844  1018.781  1483.50 
2024 01 25 22 00 38.01  29.123  11.651  0001.23  05.13  08.11  302.9  009.26  24.850  1018.785  1483.51 
2024 01 25 22 00 38.26  29.131  11.651  0001.23  05.04  08.11  302.9  009.26  24.858  1018.791  1483.52 
2024 01 25 22 00 38.51  29.139  11.651  0001.20  05.03  08.11  302.9  009.26  24.865  1018.797  1483.53 
2024 01 25 22 00 38.76  29.132  11.650  0001.20  05.01  08.11  302.9  009.26  24.860  1018.793  1483.52 
2024 01 25 22 00 39.01  29.135  11.650  0001.22  05.23  08.11  302.9  009.29  24.863  1018.795  1483.52 
2024 01 25 22 00 39.26  29.142  11.652  0001.25  05.30  08.11  303.0  009.26  24.868  1018.799  1483.54 
2024 01 25 22 00 39.51  29.138  11.652  0001.25  05.29  08.11  303.0  009.26  24.864  1018.796  1483.53 
2024 01 25 22 00 39.76  29.135  11.653  0001.23  05.22  08.11  303.0  009.26  24.861  1018.793  1483.53 
2024 01 25 22 00 40.01  29.129  11.652  0001.19  05.35  08.11  303.0  009.26  24.855  1018.789  1483.52 
2024 01 25 22 00 40.26  29.123  11.652  0001.17  05.25  08.11  303.0  009.26  24.850  1018.785  1483.51 
2024 01 25 22 00 40.51  29.127  11.651  0001.16  05.28  08.11  303.0  009.26  24.854  1018.788  1483.52 
2024 01 25 22 00 40.76  29.132  11.652  0001.19  05.07  08.11  303.0  009.26  24.858  1018.791  1483.53 
2024 01 25 22 00 41.01  29.131  11.654  0001.20  05.41  08.11  303.0  009.26  24.856  1018.790  1483.53 
2024 01 25 22 00 41.26  29.128  11.653  0001.23  05.23  08.10  303.0  009.26  24.854  1018.788  1483.52 
2024 01 25 22 00 41.51  29.127  11.653  0001.23  05.17  08.11  303.0  009.26  24.852  1018.787  1483.52 
2024 01 25 22 00 41.76  29.117  11.652  0001.25  05.15  08.11  303.0  009.26  24.844  1018.781  1483.51 
2024 01 25 22 00 42.01  29.101  11.650  0001.22  05.15  08.11  303.0  009.26  24.831  1018.771  1483.48 
2024 01 25 22 00 42.26  29.099  11.650  0001.19  05.15  08.11  303.2  009.26  24.828  1018.768  1483.48 
2024 01 25 22 00 42.51  29.097  11.649  0001.17  05.13  08.11  303.2  009.26  24.827  1018.768  1483.48 
2024 01 25 22 00 42.76  29.089  11.649  0001.14  05.08  08.11  303.2  009.26  24.820  1018.762  1483.47 
2024 01 25 22 00 43.01  29.091  11.648  0001.15  05.10  08.11  303.2  009.26  24.822  1018.764  1483.47 
2024 01 25 22 00 43.26  29.097  11.651  0001.18  05.38  08.11  303.2  009.26  24.826  1018.767  1483.48 
2024 01 25 22 00 43.51  29.100  11.650  0001.17  05.71  08.11  303.2  009.26  24.829  1018.769  1483.49 
2024 01 25 22 00 43.76  29.094  11.650  0001.20  05.30  08.11  303.2  009.26  24.824  1018.765  1483.48 
2024 01 25 22 00 44.01  29.095  11.651  0001.19  05.10  08.11  303.2  009.26  24.824  1018.765  1483.48 
2024 01 25 22 00 44.26  29.111  11.650  0001.15  05.19  08.10  303.2  009.26  24.840  1018.777  1483.50 
2024 01 25 22 00 44.51  29.138  11.650  0001.14  05.12  08.11  303.2  009.26  24.865  1018.797  1483.53 
2024 01 25 22 00 44.76  29.143  11.649  0001.15  05.12  08.11  303.2  009.26  24.871  1018.801  1483.53 
2024 01 25 22 00 45.01  29.155  11.651  0001.16  05.08  08.11  303.2  009.26  24.881  1018.809  1483.55 
2024 01 25 22 00 45.26  29.170  11.652  0001.18  05.06  08.11  303.4  009.26  24.894  1018.819  1483.57 
2024 01 25 22 00 45.51  29.177  11.652  0001.22  05.11  08.11  303.4  009.26  24.900  1018.824  1483.58 
2024 01 25 22 00 45.76  29.182  11.652  0001.22  05.07  08.11  303.4  009.26  24.905  1018.828  1483.58 
2024 01 25 22 00 46.01  29.194  11.652  0001.21  05.02  08.11  303.4  009.26  24.917  1018.837  1483.59 
2024 01 25 22 00 46.26  29.193  11.651  0001.20  05.10  08.11  303.4  009.26  24.917  1018.837  1483.59 
2024 01 25 22 00 46.51  29.187  11.652  0001.14  05.24  08.11  303.4  009.26  24.910  1018.831  1483.59 
2024 01 25 22 00 46.76  29.177  11.652  0001.13  05.11  08.11  303.4  009.26  24.900  1018.823  1483.58 
2024 01 25 22 00 47.01  29.183  11.653  0001.14  05.06  08.11  303.4  009.26  24.906  1018.828  1483.58 
2024 01 25 22 00 47.26  29.194  11.651  0001.15  05.60  08.10  303.4  009.26  24.917  1018.837  1483.59 
2024 01 25 22 00 47.51  29.198  11.651  0001.18  05.81  08.11  303.4  009.26  24.921  1018.840  1483.60 
2024 01 25 22 00 47.76  29.205  11.650  0001.21  05.60  08.11  303.4  009.26  24.928  1018.845  1483.60 
2024 01 25 22 00 48.01  29.190  11.651  0001.21  05.23  08.11  303.4  009.26  24.914  1018.835  1483.59 
2024 01 25 22 00 48.26  29.170  11.652  0001.17  05.16  08.11  303.2  009.26  24.895  1018.819  1483.57 
2024 01 25 22 00 48.51  29.151  11.653  0001.17  05.27  08.11  303.2  009.26  24.875  1018.804  1483.55 
2024 01 25 22 00 48.76  29.150  11.653  0001.15  05.05  08.11  303.2  009.26  24.874  1018.803  1483.55 
2024 01 25 22 00 49.01  29.146  11.654  0001.13  04.95  08.11  303.2  009.26  24.870  1018.800  1483.54 
2024 01 25 22 00 49.26  29.144  11.654  0001.15  04.96  08.11  303.2  009.26  24.868  1018.799  1483.54 
2024 01 25 22 00 49.51  29.146  11.654  0001.14  04.94  08.11  303.2  009.26  24.871  1018.800  1483.55 
2024 01 25 22 00 49.76  29.142  11.653  0001.17  05.08  08.11  303.2  009.26  24.867  1018.798  1483.54 
2024 01 25 22 00 50.01  29.132  11.654  0001.19  05.20  08.11  303.2  009.26  24.857  1018.790  1483.53 
2024 01 25 22 00 50.26  29.123  11.654  0001.20  05.69  08.10  303.2  009.26  24.849  1018.784  1483.52 
2024 01 25 22 00 50.51  29.115  11.654  0001.20  05.29  08.11  303.2  009.26  24.841  1018.778  1483.51 
2024 01 25 22 00 50.76  29.111  11.652  0001.19  05.42  08.11  303.2  009.26  24.838  1018.775  1483.50 
2024 01 25 22 00 51.01  29.104  11.654  0001.14  05.48  08.11  303.2  009.26  24.831  1018.770  1483.50 
2024 01 25 22 00 51.26  29.109  11.653  0001.16  05.06  08.11  303.3  009.26  24.836  1018.774  1483.50 
2024 01 25 22 00 51.51  29.113  11.652  0001.17  05.17  08.11  303.3  009.29  24.841  1018.778  1483.50 
2024 01 25 22 00 51.76  29.115  11.652  0001.17  05.37  08.11  303.3  009.26  24.842  1018.778  1483.51 
2024 01 25 22 00 52.01  29.126  11.652  0001.16  05.17  08.11  303.3  009.26  24.853  1018.787  1483.52 
2024 01 25 22 00 52.26  29.140  11.651  0001.16  05.17  08.11  303.3  009.26  24.866  1018.798  1483.53 
2024 01 25 22 00 52.51  29.142  11.651  0001.14  04.86  08.11  303.3  009.29  24.868  1018.799  1483.53 
2024 01 25 22 00 52.76  29.145  11.651  0001.18  04.90  08.11  303.3  009.26  24.871  1018.801  1483.54 
2024 01 25 22 00 53.01  29.143  11.651  0001.17  04.90  08.11  303.3  009.26  24.870  1018.800  1483.53 
2024 01 25 22 00 53.26  29.150  11.652  0001.17  04.96  08.10  303.3  009.26  24.875  1018.804  1483.54 
2024 01 25 22 00 53.51  29.156  11.652  0001.15  04.98  08.11  303.3  009.26  24.881  1018.808  1483.55 
2024 01 25 22 00 53.76  29.150  11.652  0001.14  05.10  08.11  303.3  009.26  24.876  1018.805  1483.54 
2024 01 25 22 00 54.01  29.161  11.651  0001.14  05.22  08.11  303.3  009.26  24.886  1018.813  1483.55 
2024 01 25 22 00 54.26  29.177  11.652  0001.18  05.33  08.11  303.5  009.26  24.900  1018.824  1483.57 
2024 01 25 22 00 54.51  29.188  11.652  0001.21  05.22  08.11  303.5  009.26  24.911  1018.832  1483.59 
2024 01 25 22 00 54.76  29.189  11.652  0001.22  05.06  08.11  303.5  009.26  24.912  1018.833  1483.59 
2024 01 25 22 00 55.01  29.195  11.651  0001.20  05.06  08.11  303.5  009.26  24.918  1018.838  1483.59 
2024 01 25 22 00 55.26  29.207  11.651  0001.17  05.05  08.11  303.5  009.26  24.929  1018.846  1483.61 
2024 01 25 22 00 55.51  29.205  11.651  0001.14  05.22  08.10  303.5  009.26  24.928  1018.845  1483.60 
2024 01 25 22 00 55.76  29.204  11.650  0001.14  04.98  08.10  303.5  009.26  24.927  1018.844  1483.60 
2024 01 25 22 00 56.01  29.206  11.651  0001.16  05.04  08.10  303.5  009.26  24.929  1018.846  1483.61 
2024 01 25 22 00 56.26  29.204  11.651  0001.18  05.07  08.10  303.5  009.26  24.926  1018.844  1483.60 
2024 01 25 22 00 56.51  29.199  11.651  0001.21  05.55  08.10  303.5  009.26  24.922  1018.841  1483.60 
2024 01 25 22 00 56.76  29.190  11.650  0001.20  05.16  08.11  303.5  009.26  24.914  1018.835  1483.59 
2024 01 25 22 00 57.01  29.178  11.651  0001.21  05.27  08.10  303.5  009.26  24.902  1018.826  1483.58 
2024 01 25 22 00 57.26  29.167  11.651  0001.20  05.15  08.11  303.5  009.26  24.892  1018.818  1483.56 
2024 01 25 22 00 57.51  29.157  11.652  0001.19  04.98  08.11  303.5  009.26  24.882  1018.809  1483.55 
2024 01 25 22 00 57.76  29.152  11.653  0001.15  04.97  08.11  303.5  009.26  24.877  1018.805  1483.55 
2024 01 25 22 00 58.01  29.143  11.652  0001.12  05.06  08.10  303.5  009.26  24.869  1018.799  1483.54 
2024 01 25 22 00 58.26  29.145  11.651  0001.14  05.15  08.11  303.5  009.26  24.871  1018.801  1483.54 
2024 01 25 22 00 58.51  29.145  11.653  0001.19  05.24  08.10  303.5  009.26  24.870  1018.800  1483.54 
2024 01 25 22 00 58.76  29.138  11.652  0001.20  05.32  08.10  303.5  009.26  24.864  1018.796  1483.53 
2024 01 25 22 00 59.01  29.138  11.652  0001.19  05.46  08.11  303.5  009.26  24.865  1018.796  1483.53 
2024 01 25 22 00 59.26  29.158  11.651  0001.19  05.43  08.10  303.5  009.26  24.883  1018.811  1483.55 
2024 01 25 22 00 59.51  29.160  11.652  0001.15  05.40  08.10  303.5  009.26  24.884  1018.811  1483.56 
2024 01 25 22 00 59.76  29.154  11.652  0001.17  05.27  08.10  303.5  009.26  24.879  1018.807  1483.55 
2024 01 25 22 01 00.01  29.160  11.651  0001.19  05.04  08.10  303.5  009.26  24.885  1018.812  1483.55 
2024 01 25 22 01 00.26  29.162  11.652  0001.19  04.98  08.10  303.8  009.26  24.886  1018.813  1483.56 
2024 01 25 22 01 00.51  29.156  11.651  0001.18  04.96  08.10  303.8  009.26  24.881  1018.809  1483.55 
2024 01 25 22 01 00.76  29.142  11.652  0001.18  05.08  08.10  303.8  009.26  24.868  1018.799  1483.54 
2024 01 25 22 01 01.01  29.130  11.650  0001.18  04.94  08.10  303.8  009.26  24.857  1018.791  1483.52 
2024 01 25 22 01 01.26  29.134  11.651  0001.17  05.08  08.10  303.8  009.26  24.860  1018.793  1483.53 
2024 01 25 22 01 01.51  29.135  11.652  0001.18  05.01  08.10  303.8  009.26  24.861  1018.793  1483.53 
2024 01 25 22 01 01.76  29.128  11.650  0001.20  04.98  08.10  303.8  009.26  24.856  1018.790  1483.52 
2024 01 25 22 01 02.01  29.121  11.651  0001.18  04.98  08.10  303.8  009.26  24.849  1018.784  1483.51 
2024 01 25 22 01 02.26  29.119  11.651  0001.18  05.04  08.10  303.8  009.26  24.847  1018.783  1483.51 
2024 01 25 22 01 02.51  29.127  11.651  0001.17  05.21  08.10  303.8  009.26  24.853  1018.788  1483.52 
2024 01 25 22 01 02.76  29.144  11.650  0001.14  05.32  08.10  303.8  009.26  24.871  1018.801  1483.53 
2024 01 25 22 01 03.01  29.150  11.650  0001.17  05.13  08.10  303.8  009.26  24.877  1018.806  1483.54 
2024 01 25 22 01 03.26  29.157  11.651  0001.20  05.19  08.10  303.6  009.26  24.882  1018.810  1483.55 
2024 01 25 22 01 03.51  29.166  11.652  0001.23  05.54  08.10  303.6  009.26  24.890  1018.816  1483.56 
2024 01 25 22 01 03.76  29.184  11.652  0001.22  05.34  08.10  303.6  009.26  24.907  1018.829  1483.58 
2024 01 25 22 01 04.01  29.179  11.652  0001.17  05.17  08.10  303.6  009.26  24.903  1018.826  1483.58 
2024 01 25 22 01 04.26  29.149  11.652  0001.14  05.15  08.10  303.6  009.26  24.874  1018.804  1483.54 
2024 01 25 22 01 04.51  29.154  11.651  0001.11  05.20  08.10  303.6  009.26  24.880  1018.808  1483.55 
2024 01 25 22 01 04.76  29.164  11.652  0001.15  05.18  08.10  303.6  009.26  24.888  1018.815  1483.56 
2024 01 25 22 01 05.01  29.176  11.652  0001.17  05.71  08.10  303.6  009.26  24.899  1018.823  1483.57 
2024 01 25 22 01 05.26  29.172  11.652  0001.21  05.63  08.10  303.6  009.26  24.896  1018.821  1483.57 
2024 01 25 22 01 05.51  29.177  11.653  0001.19  05.91  08.10  303.6  009.26  24.900  1018.823  1483.58 
2024 01 25 22 01 05.76  29.185  11.654  0001.18  05.26  08.10  303.6  009.26  24.907  1018.829  1483.59 
2024 01 25 22 01 06.01  29.189  11.653  0001.20  05.04  08.10  303.6  009.26  24.911  1018.832  1483.59 
2024 01 25 22 01 06.26  29.189  11.653  0001.18  05.01  08.10  303.6  009.26  24.912  1018.833  1483.59 
2024 01 25 22 01 06.51  29.189  11.652  0001.19  04.87  08.10  303.6  009.26  24.912  1018.833  1483.59 
2024 01 25 22 01 06.76  29.189  11.652  0001.22  05.03  08.10  303.6  009.26  24.912  1018.833  1483.59 
2024 01 25 22 01 07.01  29.185  11.653  0001.20  05.11  08.10  303.6  009.26  24.907  1018.829  1483.59 
2024 01 25 22 01 07.26  29.183  11.653  0001.17  05.19  08.10  303.6  009.26  24.906  1018.828  1483.58 
2024 01 25 22 01 07.51  29.181  11.653  0001.12  05.31  08.10  303.6  009.26  24.903  1018.826  1483.58 
2024 01 25 22 01 07.76  29.181  11.652  0001.08  05.22  08.10  303.6  009.26  24.904  1018.826  1483.58 
2024 01 25 22 01 08.01  29.182  11.653  0001.11  05.31  08.10  303.6  009.26  24.905  1018.827  1483.58 
2024 01 25 22 01 08.26  29.179  11.653  0001.17  05.70  08.10  303.6  009.26  24.902  1018.824  1483.58 
2024 01 25 22 01 08.51  29.175  11.652  0001.20  05.69  08.10  303.6  009.26  24.899  1018.823  1483.57 
2024 01 25 22 01 08.76  29.172  11.653  0001.20  05.69  08.10  303.6  009.26  24.895  1018.820  1483.57 
2024 01 25 22 01 09.01  29.174  11.653  0001.22  05.96  08.10  303.6  009.26  24.896  1018.821  1483.58 
2024 01 25 22 01 09.26  29.167  11.652  0001.19  05.49  08.10  303.8  009.26  24.891  1018.817  1483.57 
2024 01 25 22 01 09.51  29.160  11.653  0001.18  05.06  08.10  303.8  009.26  24.884  1018.811  1483.56 
2024 01 25 22 01 09.76  29.162  11.654  0001.17  05.01  08.10  303.8  009.26  24.886  1018.812  1483.56 
2024 01 25 22 01 10.01  29.164  11.653  0001.18  04.92  08.10  303.8  009.26  24.888  1018.814  1483.56 
2024 01 25 22 01 10.26  29.157  11.654  0001.18  05.05  08.10  303.8  009.26  24.880  1018.808  1483.56 
2024 01 25 22 01 10.51  29.142  11.654  0001.17  05.17  08.10  303.8  009.26  24.866  1018.797  1483.54 
2024 01 25 22 01 10.76  29.138  11.653  0001.15  05.11  08.10  303.8  009.26  24.863  1018.795  1483.54 
2024 01 25 22 01 11.01  29.134  11.653  0001.15  05.10  08.10  303.8  009.26  24.860  1018.792  1483.53 
2024 01 25 22 01 11.26  29.135  11.653  0001.16  05.15  08.09  303.8  009.26  24.860  1018.792  1483.53 
2024 01 25 22 01 11.51  29.185  11.642  0001.16  05.07  08.10  303.8  009.26  24.915  1018.837  1483.56 
2024 01 25 22 01 11.76  29.236  11.644  0001.18  05.02  08.10  303.8  009.26  24.962  1018.873  1483.62 
2024 01 25 22 01 12.01  29.238  11.642  0001.18  05.16  08.10  303.8  009.26  24.965  1018.875  1483.62 
2024 01 25 22 01 12.26  29.251  11.643  0001.16  05.29  08.10  303.8  009.26  24.976  1018.884  1483.63 
2024 01 25 22 01 12.51  29.209  11.646  0001.15  05.29  08.10  303.8  009.26  24.934  1018.851  1483.59 
2024 01 25 22 01 12.76  29.182  11.647  0001.14  05.09  08.10  303.8  009.26  24.909  1018.831  1483.57 
2024 01 25 22 01 13.01  29.182  11.647  0001.14  05.81  08.10  303.8  009.26  24.909  1018.831  1483.57 
2024 01 25 22 01 13.26  29.189  11.646  0001.18  05.67  08.10  303.8  009.26  24.916  1018.837  1483.57 
2024 01 25 22 01 13.51  29.185  11.646  0001.19  05.28  08.10  303.8  009.26  24.912  1018.834  1483.57 
2024 01 25 22 01 13.76  29.233  11.641  0001.18  05.22  08.10  303.8  009.26  24.961  1018.872  1483.61 
2024 01 25 22 01 14.01  29.234  11.644  0001.14  05.44  08.10  303.8  009.26  24.960  1018.871  1483.62 
2024 01 25 22 01 14.26  29.201  11.645  0001.15  05.52  08.09  303.8  009.26  24.928  1018.846  1483.58 
2024 01 25 22 01 14.51  29.176  11.647  0001.18  05.44  08.10  303.8  009.26  24.903  1018.827  1483.56 
2024 01 25 22 01 14.76  29.174  11.645  0001.17  05.07  08.10  303.8  009.26  24.903  1018.827  1483.55 
2024 01 25 22 01 15.01  29.186  11.645  0001.14  05.04  08.10  303.8  009.26  24.914  1018.836  1483.57 
2024 01 25 22 01 15.26  29.217  11.644  0001.12  05.04  08.10  303.8  009.26  24.944  1018.858  1483.60 
2024 01 25 22 01 15.51  29.246  11.642  0001.15  05.45  08.10  303.8  009.26  24.972  1018.881  1483.62 
2024 01 25 22 01 15.76  29.253  11.643  0001.14  05.30  08.10  303.8  009.26  24.978  1018.885  1483.64 
2024 01 25 22 01 16.01  29.263  11.642  0001.15  05.03  08.10  303.8  009.26  24.988  1018.893  1483.64 
2024 01 25 22 01 16.26  29.289  11.639  0001.13  04.90  08.10  303.8  009.26  25.014  1018.914  1483.67 
2024 01 25 22 01 16.51  29.300  11.639  0001.14  04.93  08.10  303.8  009.26  25.025  1018.922  1483.68 
2024 01 25 22 01 16.76  29.317  11.639  0001.16  04.89  08.10  303.8  009.26  25.041  1018.935  1483.70 
2024 01 25 22 01 17.01  29.341  11.638  0001.17  05.06  08.10  303.8  009.26  25.064  1018.953  1483.72 
2024 01 25 22 01 17.26  29.352  11.638  0001.17  04.91  08.09  303.8  009.26  25.075  1018.961  1483.73 
2024 01 25 22 01 17.51  29.353  11.637  0001.17  04.96  08.10  303.8  009.26  25.076  1018.962  1483.73 
2024 01 25 22 01 17.76  29.355  11.638  0001.16  04.96  08.10  303.8  009.26  25.078  1018.963  1483.74 
2024 01 25 22 01 18.01  29.358  11.638  0001.16  05.07  08.10  303.8  009.26  25.081  1018.966  1483.74 
2024 01 25 22 01 18.26  29.358  11.638  0001.17  05.12  08.10  303.7  009.26  25.081  1018.966  1483.74 
2024 01 25 22 01 18.51  29.360  11.639  0001.16  05.10  08.10  303.7  009.26  25.082  1018.966  1483.74 
2024 01 25 22 01 18.76  29.357  11.638  0001.14  04.96  08.10  303.7  009.26  25.079  1018.965  1483.74 
2024 01 25 22 01 19.01  29.357  11.640  0001.13  04.82  08.10  303.7  009.26  25.078  1018.963  1483.74 
2024 01 25 22 01 19.26  29.355  11.639  0001.14  04.90  08.10  303.7  009.26  25.077  1018.963  1483.74 
2024 01 25 22 01 19.51  29.354  11.639  0001.13  05.03  08.10  303.7  009.26  25.076  1018.962  1483.74 
2024 01 25 22 01 19.76  29.353  11.638  0001.15  05.01  08.10  303.7  009.26  25.075  1018.961  1483.74 
2024 01 25 22 01 20.01  29.352  11.639  0001.18  05.12  08.10  303.7  009.26  25.074  1018.960  1483.74 
2024 01 25 22 01 20.26  29.351  11.639  0001.20  05.04  08.09  303.7  009.26  25.073  1018.960  1483.73 
2024 01 25 22 01 20.51  29.351  11.639  0001.19  05.08  08.10  303.7  009.26  25.073  1018.960  1483.73 
2024 01 25 22 01 20.76  29.355  11.639  0001.18  05.09  08.10  303.7  009.26  25.077  1018.963  1483.74 
2024 01 25 22 01 21.01  29.350  11.639  0001.14  04.97  08.10  303.7  009.26  25.072  1018.959  1483.73 
2024 01 25 22 01 21.26  29.351  11.639  0001.13  05.62  08.10  304.2  009.26  25.073  1018.959  1483.74 
2024 01 25 22 01 21.51  29.350  11.638  0001.11  05.43  08.10  304.2  009.26  25.073  1018.959  1483.73 
2024 01 25 22 01 21.76  29.351  11.639  0001.13  05.14  08.10  304.2  009.26  25.073  1018.960  1483.73 
2024 01 25 22 01 22.01  29.340  11.639  0001.14  05.23  08.10  304.2  009.26  25.063  1018.952  1483.72 
2024 01 25 22 01 22.26  29.332  11.640  0001.16  05.10  08.10  304.2  009.26  25.055  1018.945  1483.72 
2024 01 25 22 01 22.51  29.328  11.640  0001.16  05.07  08.10  304.2  009.26  25.051  1018.942  1483.71 
2024 01 25 22 01 22.76  29.322  11.640  0001.15  05.10  08.10  304.2  009.26  25.045  1018.938  1483.70 
2024 01 25 22 01 23.01  29.302  11.641  0001.15  04.98  08.10  304.2  009.26  25.025  1018.922  1483.69 
2024 01 25 22 01 23.26  29.304  11.640  0001.16  04.89  08.09  304.2  009.26  25.028  1018.924  1483.69 
2024 01 25 22 01 23.51  29.301  11.641  0001.18  04.83  08.10  304.2  009.26  25.024  1018.922  1483.69 
2024 01 25 22 01 23.76  29.300  11.640  0001.16  05.34  08.10  304.2  009.26  25.024  1018.922  1483.68 
2024 01 25 22 01 24.01  29.295  11.641  0001.20  05.23  08.10  304.2  009.26  25.019  1018.918  1483.68 
2024 01 25 22 01 24.26  29.297  11.642  0001.20  05.06  08.10  304.3  009.26  25.020  1018.919  1483.68 
2024 01 25 22 01 24.51  29.303  11.641  0001.18  05.08  08.10  304.3  009.26  25.027  1018.924  1483.69 
2024 01 25 22 01 24.76  29.320  11.639  0001.12  05.21  08.10  304.3  009.26  25.044  1018.937  1483.70 
2024 01 25 22 01 25.01  29.284  11.642  0001.09  05.28  08.10  304.3  009.26  25.008  1018.909  1483.67 
2024 01 25 22 01 25.26  29.287  11.640  0001.08  05.16  08.10  304.3  009.26  25.011  1018.911  1483.67 
2024 01 25 22 01 25.51  29.294  11.641  0001.09  05.18  08.10  304.3  009.26  25.018  1018.916  1483.67 
2024 01 25 22 01 25.76  29.288  11.641  0001.12  05.48  08.10  304.3  009.26  25.012  1018.912  1483.67 
2024 01 25 22 01 26.01  29.279  11.642  0001.13  05.55  08.10  304.3  009.26  25.003  1018.904  1483.66 
2024 01 25 22 01 26.26  29.266  11.645  0001.17  05.50  08.09  304.3  009.26  24.989  1018.894  1483.66 
2024 01 25 22 01 26.51  29.267  11.644  0001.19  05.20  08.10  304.3  009.26  24.990  1018.895  1483.65 
2024 01 25 22 01 26.76  29.277  11.643  0001.19  05.04  08.10  304.3  009.26  25.001  1018.903  1483.66 
2024 01 25 22 01 27.01  29.287  11.640  0001.18  05.18  08.10  304.3  009.26  25.012  1018.912  1483.67 
2024 01 25 22 01 27.26  29.314  11.639  0001.14  05.02  08.10  304.1  009.26  25.038  1018.933  1483.69 
2024 01 25 22 01 27.51  29.316  11.640  0001.11  05.20  08.10  304.1  009.26  25.039  1018.933  1483.70 
2024 01 25 22 01 27.76  29.320  11.640  0001.11  05.15  08.10  304.1  009.26  25.043  1018.936  1483.70 
2024 01 25 22 01 28.01  29.316  11.640  0001.14  05.38  08.10  304.1  009.26  25.040  1018.934  1483.70 
2024 01 25 22 01 28.26  29.314  11.639  0001.17  05.77  08.10  304.1  009.26  25.038  1018.933  1483.70 
2024 01 25 22 01 28.51  29.320  11.639  0001.17  05.86  08.10  304.1  009.26  25.044  1018.937  1483.70 
2024 01 25 22 01 28.76  29.349  11.638  0001.18  05.43  08.10  304.1  009.26  25.072  1018.959  1483.73 
2024 01 25 22 01 29.01  29.367  11.638  0001.16  05.10  08.10  304.1  009.26  25.089  1018.972  1483.75 
2024 01 25 22 01 29.26  29.379  11.638  0001.13  05.10  08.09  304.1  009.26  25.100  1018.980  1483.76 
2024 01 25 22 01 29.51  29.362  11.638  0001.10  05.26  08.10  304.1  009.26  25.084  1018.968  1483.74 
2024 01 25 22 01 29.76  29.357  11.639  0001.08  05.16  08.10  304.1  009.26  25.079  1018.964  1483.74 
2024 01 25 22 01 30.01  29.345  11.638  0001.09  05.03  08.10  304.1  009.26  25.068  1018.956  1483.73 
2024 01 25 22 01 30.26  29.330  11.640  0001.08  05.22  08.10  304.0  009.26  25.053  1018.944  1483.71 
2024 01 25 22 01 30.51  29.305  11.641  0001.08  05.14  08.10  304.0  009.26  25.028  1018.924  1483.69 
2024 01 25 22 01 30.76  29.299  11.641  0001.06  05.12  08.10  304.0  009.26  25.023  1018.920  1483.68 
2024 01 25 22 01 31.01  29.276  11.644  0001.06  05.35  08.10  304.0  009.26  24.999  1018.901  1483.66 
2024 01 25 22 01 31.26  29.264  11.644  0001.04  05.55  08.10  304.0  009.26  24.988  1018.892  1483.65 
2024 01 25 22 01 31.51  29.265  11.645  0001.03  05.66  08.10  304.0  009.26  24.988  1018.893  1483.65 
2024 01 25 22 01 31.76  29.256  11.644  0001.00  05.43  08.10  304.0  009.26  24.980  1018.886  1483.64 
2024 01 25 22 01 32.01  29.257  11.644  0001.02  05.19  08.10  304.0  009.26  24.981  1018.887  1483.64 
2024 01 25 22 01 32.26  29.276  11.643  0001.07  05.18  08.09  304.0  009.26  25.000  1018.902  1483.66 
2024 01 25 22 01 32.51  29.286  11.642  0001.10  05.20  08.10  304.0  009.26  25.010  1018.910  1483.67 
2024 01 25 22 01 32.76  29.304  11.640  0001.11  05.02  08.10  304.0  009.26  25.028  1018.924  1483.68 
2024 01 25 22 01 33.01  29.331  11.639  0001.08  05.03  08.10  304.0  009.26  25.054  1018.945  1483.71 
2024 01 25 22 01 33.26  29.310  11.640  0001.05  04.90  08.10  304.0  009.26  25.034  1018.929  1483.69 
2024 01 25 22 01 33.51  29.313  11.640  0001.03  05.25  08.10  304.0  009.26  25.036  1018.931  1483.69 
2024 01 25 22 01 33.76  29.322  11.638  0001.05  05.16  08.10  304.0  009.26  25.046  1018.939  1483.70 
2024 01 25 22 01 34.01  29.337  11.638  0001.08  05.10  08.10  304.0  009.26  25.060  1018.949  1483.72 
2024 01 25 22 01 34.26  29.331  11.638  0001.10  05.11  08.10  304.0  009.26  25.055  1018.946  1483.71 
2024 01 25 22 01 34.51  29.322  11.638  0001.14  05.10  08.10  304.0  009.26  25.047  1018.939  1483.70 
2024 01 25 22 01 34.76  29.312  11.639  0001.18  04.96  08.10  304.0  009.26  25.036  1018.931  1483.69 
2024 01 25 22 01 35.01  29.318  11.639  0001.18  05.07  08.10  304.0  009.26  25.041  1018.935  1483.70 
2024 01 25 22 01 35.26  29.333  11.638  0001.14  05.07  08.09  304.0  009.26  25.057  1018.948  1483.71 
2024 01 25 22 01 35.51  29.336  11.639  0001.11  05.15  08.10  304.0  009.26  25.059  1018.949  1483.72 
2024 01 25 22 01 35.76  29.329  11.639  0001.08  05.05  08.10  304.0  009.26  25.052  1018.943  1483.71 
2024 01 25 22 01 36.01  29.330  11.639  0001.11  05.25  08.10  304.0  009.29  25.054  1018.945  1483.71 
2024 01 25 22 01 36.26  29.330  11.639  0001.16  05.61  08.10  304.2  009.26  25.053  1018.944  1483.71 
2024 01 25 22 01 36.51  29.325  11.639  0001.16  05.57  08.10  304.2  009.26  25.048  1018.940  1483.71 
2024 01 25 22 01 36.76  29.319  11.638  0001.17  05.41  08.10  304.2  009.26  25.044  1018.937  1483.70 
2024 01 25 22 01 37.01  29.318  11.639  0001.15  05.25  08.10  304.2  009.26  25.042  1018.936  1483.70 
2024 01 25 22 01 37.26  29.319  11.639  0001.11  05.15  08.10  304.2  009.26  25.043  1018.936  1483.70 
2024 01 25 22 01 37.51  29.306  11.639  0001.07  06.00  08.10  304.2  009.26  25.031  1018.927  1483.68 
2024 01 25 22 01 37.76  29.310  11.639  0001.09  05.53  08.10  304.2  009.26  25.035  1018.930  1483.69 
2024 01 25 22 01 38.01  29.315  11.639  0001.15  05.43  08.10  304.2  009.26  25.039  1018.934  1483.69 
2024 01 25 22 01 38.26  29.303  11.641  0001.22  05.43  08.09  304.2  009.26  25.027  1018.924  1483.69 
2024 01 25 22 01 38.51  29.320  11.640  0001.33  05.50  08.10  304.2  009.26  25.043  1018.937  1483.70 
2024 01 25 22 01 38.76  29.342  11.638  0001.42  05.22  08.10  304.2  009.26  25.066  1018.955  1483.73 
2024 01 25 22 01 39.01  29.361  11.638  0001.52  05.07  08.10  304.2  009.26  25.082  1018.969  1483.75 
2024 01 25 22 01 39.26  29.389  11.637  0001.60  05.20  08.10  304.1  009.26  25.110  1018.990  1483.78 
2024 01 25 22 01 39.51  29.466  11.638  0001.73  05.29  08.10  304.1  009.26  25.182  1019.047  1483.87 
2024 01 25 22 01 39.76  29.649  11.639  0001.81  05.40  08.10  304.1  009.26  25.353  1019.179  1484.08 
2024 01 25 22 01 40.01  29.678  11.638  0001.87  05.40  08.10  304.1  009.26  25.382  1019.202  1484.11 
2024 01 25 22 01 40.26  29.698  11.639  0001.94  05.64  08.10  304.1  009.26  25.400  1019.216  1484.14 
2024 01 25 22 01 40.51  29.731  11.639  0002.01  05.51  08.09  304.1  009.26  25.430  1019.240  1484.18 
2024 01 25 22 01 40.76  29.785  11.640  0002.08  06.11  08.09  304.1  009.26  25.481  1019.280  1484.24 
2024 01 25 22 01 41.01  29.788  11.640  0002.15  05.75  08.09  304.1  009.26  25.484  1019.282  1484.24 
2024 01 25 22 01 41.26  29.844  11.642  0002.18  05.99  08.09  304.1  009.26  25.535  1019.321  1484.31 
2024 01 25 22 01 41.51  29.903  11.645  0002.21  05.77  08.09  304.1  009.26  25.589  1019.363  1484.39 
2024 01 25 22 01 41.76  29.916  11.646  0002.24  05.39  08.09  304.1  009.26  25.601  1019.372  1484.41 
2024 01 25 22 01 42.01  29.983  11.647  0002.31  05.79  08.09  304.1  009.26  25.663  1019.421  1484.48 
2024 01 25 22 01 42.26  30.019  11.615  0002.41  05.61  08.09  304.8  009.26  25.719  1019.470  1484.44 
2024 01 25 22 01 42.51  30.211  11.520  0002.56  05.85  08.09  304.8  009.26  25.967  1019.678  1484.40 
2024 01 25 22 01 42.76  30.356  11.408  0002.71  06.05  08.09  304.8  009.26  26.184  1019.866  1484.26 
2024 01 25 22 01 43.01  30.293  11.053  0002.88  05.94  08.09  304.8  009.26  26.377  1020.075  1483.23 
2024 01 25 22 01 43.26  30.081  10.329  0003.00  06.51  08.09  304.8  009.26  26.695  1020.439  1481.00 
2024 01 25 22 01 43.51  29.997  09.991  0003.18  07.26  08.09  304.8  009.26  26.862  1020.622  1479.97 
2024 01 25 22 01 43.76  29.890  09.766  0003.36  07.40  08.09  304.8  009.26  26.923  1020.704  1479.21 
2024 01 25 22 01 44.01  29.825  09.645  0003.50  07.74  08.09  304.8  009.26  26.949  1020.744  1478.80 
2024 01 25 22 01 44.26  29.781  09.548  0003.67  07.55  08.08  304.8  009.26  26.977  1020.781  1478.48 
2024 01 25 22 01 44.51  29.784  09.487  0003.80  07.33  08.09  304.8  009.26  27.027  1020.829  1478.31 
2024 01 25 22 01 44.76  29.777  09.492  0003.97  07.48  08.10  304.8  009.26  27.016  1020.821  1478.32 
2024 01 25 22 01 45.01  29.791  09.331  0004.12  07.73  08.10  304.8  009.26  27.151  1020.951  1477.89 
2024 01 25 22 01 45.26  29.863  09.399  0004.26  08.04  08.10  305.4  009.26  27.172  1020.958  1478.17 
2024 01 25 22 01 45.51  29.981  09.458  0004.38  08.02  08.10  305.4  009.26  27.246  1021.007  1478.48 
2024 01 25 22 01 45.76  30.191  09.528  0004.56  08.27  08.10  305.4  009.26  27.402  1021.120  1478.93 
2024 01 25 22 01 46.01  30.272  09.576  0004.72  09.17  08.10  305.4  009.26  27.447  1021.148  1479.17 
2024 01 25 22 01 46.26  30.325  09.614  0004.84  09.08  08.10  305.4  009.26  27.472  1021.162  1479.34 
2024 01 25 22 01 46.51  30.446  09.691  0005.01  09.02  08.10  305.4  009.26  27.533  1021.199  1479.70 
2024 01 25 22 01 46.76  30.504  09.746  0005.15  09.46  08.10  305.4  009.26  27.548  1021.203  1479.93 
2024 01 25 22 01 47.01  30.494  09.723  0005.27  09.35  08.10  305.4  009.26  27.556  1021.214  1479.85 
2024 01 25 22 01 47.26  30.559  09.785  0005.39  09.03  08.09  305.4  009.26  27.574  1021.218  1480.11 
2024 01 25 22 01 47.51  30.593  09.822  0005.54  09.81  08.10  305.4  009.26  27.580  1021.218  1480.25 
2024 01 25 22 01 47.76  30.629  09.840  0005.67  10.61  08.10  305.4  009.26  27.601  1021.233  1480.35 
2024 01 25 22 01 48.01  30.644  09.848  0005.84  09.98  08.10  305.4  009.26  27.611  1021.239  1480.39 
2024 01 25 22 01 48.26  30.714  09.921  0005.97  09.67  08.10  325.8  009.26  27.623  1021.239  1480.68 
2024 01 25 22 01 48.51  30.741  09.951  0006.10  10.01  08.10  325.8  009.26  27.627  1021.237  1480.79 
2024 01 25 22 01 48.76  30.788  09.987  0006.24  09.86  08.10  325.8  009.26  27.647  1021.248  1480.95 
2024 01 25 22 01 49.01  30.888  10.059  0006.38  10.45  08.10  325.8  009.26  27.690  1021.271  1481.27 
2024 01 25 22 01 49.26  30.999  10.103  0006.53  09.79  08.10  325.8  009.26  27.767  1021.325  1481.53 
2024 01 25 22 01 49.51  31.080  10.106  0006.65  10.16  08.10  325.8  009.26  27.845  1021.385  1481.63 
2024 01 25 22 01 49.76  31.173  10.109  0006.82  09.96  08.10  325.8  009.26  27.934  1021.455  1481.76 
2024 01 25 22 01 50.01  31.213  10.109  0006.96  10.27  08.09  325.8  009.26  27.975  1021.487  1481.81 
2024 01 25 22 01 50.26  31.225  10.108  0007.11  10.61  08.08  325.8  009.26  27.987  1021.498  1481.82 
2024 01 25 22 01 50.51  31.254  10.095  0007.27  10.89  08.09  325.8  009.26  28.025  1021.531  1481.82 
2024 01 25 22 01 50.76  31.319  10.103  0007.42  11.13  08.09  325.8  009.26  28.083  1021.575  1481.93 
2024 01 25 22 01 51.01  31.248  10.106  0007.54  11.13  08.09  325.8  009.26  28.010  1021.518  1481.85 
2024 01 25 22 01 51.26  31.303  10.108  0007.68  11.14  08.09  321.5  009.26  28.064  1021.560  1481.92 
2024 01 25 22 01 51.51  31.418  10.105  0007.82  11.58  08.09  321.5  009.26  28.180  1021.652  1482.05 
2024 01 25 22 01 51.76  31.454  10.092  0007.98  11.34  08.09  321.5  009.26  28.226  1021.690  1482.06 
2024 01 25 22 01 52.01  31.459  10.092  0008.15  11.36  08.09  321.5  009.26  28.230  1021.694  1482.07 
2024 01 25 22 01 52.26  31.467  10.095  0008.31  11.99  08.09  321.5  009.26  28.235  1021.699  1482.09 
2024 01 25 22 01 52.51  31.475  10.094  0008.47  12.33  08.09  321.5  009.26  28.244  1021.706  1482.10 
2024 01 25 22 01 52.76  31.472  10.083  0008.65  12.98  08.09  321.5  009.26  28.250  1021.714  1482.07 
2024 01 25 22 01 53.01  31.465  10.060  0008.82  13.77  08.09  321.5  009.26  28.261  1021.727  1482.01 
2024 01 25 22 01 53.26  31.468  10.033  0008.99  13.67  08.08  321.5  009.26  28.286  1021.751  1481.94 
2024 01 25 22 01 53.51  31.485  10.014  0009.13  13.81  08.08  321.5  009.26  28.317  1021.779  1481.91 
2024 01 25 22 01 53.76  31.496  10.008  0009.30  13.97  08.08  321.5  009.26  28.332  1021.792  1481.91 
2024 01 25 22 01 54.01  31.502  10.001  0009.46  13.82  08.08  321.5  009.26  28.344  1021.803  1481.90 
2024 01 25 22 01 54.26  31.511  09.985  0009.60  14.11  08.08  315.9  009.26  28.365  1021.823  1481.87 
2024 01 25 22 01 54.51  31.526  09.944  0009.78  14.03  08.08  315.9  009.26  28.412  1021.867  1481.78 
2024 01 25 22 01 54.76  31.546  09.920  0009.94  13.43  08.08  315.9  009.26  28.452  1021.902  1481.74 
2024 01 25 22 01 55.01  31.598  09.904  0010.10  13.35  08.08  315.9  009.26  28.515  1021.955  1481.76 
2024 01 25 22 01 55.26  31.658  09.871  0010.31  13.04  08.08  315.9  009.26  28.602  1022.029  1481.75 
2024 01 25 22 01 55.51  31.689  09.836  0010.47  13.00  08.07  315.9  009.26  28.660  1022.080  1481.69 
2024 01 25 22 01 55.76  31.700  09.824  0010.65  12.53  08.07  315.9  009.26  28.680  1022.098  1481.68 
2024 01 25 22 01 56.01  31.703  09.808  0010.82  12.15  08.07  315.9  009.26  28.696  1022.114  1481.64 
2024 01 25 22 01 56.26  31.719  09.792  0010.98  11.58  08.05  315.9  009.26  28.725  1022.140  1481.62 
2024 01 25 22 01 56.51  31.725  09.767  0011.15  11.98  08.06  315.9  009.26  28.751  1022.165  1481.56 
2024 01 25 22 01 56.76  31.731  09.757  0011.31  11.87  08.06  315.9  009.26  28.765  1022.178  1481.55 
2024 01 25 22 01 57.01  31.732  09.754  0011.45  11.04  08.06  315.9  009.26  28.768  1022.182  1481.54 
2024 01 25 22 01 57.26  31.733  09.753  0011.57  10.66  08.06  311.8  009.26  28.770  1022.184  1481.54 
2024 01 25 22 01 57.51  31.737  09.747  0011.73  10.80  08.06  311.8  009.26  28.779  1022.193  1481.53 
2024 01 25 22 01 57.76  31.750  09.729  0011.88  11.02  08.05  311.8  009.26  28.806  1022.217  1481.50 
2024 01 25 22 01 58.01  31.755  09.721  0012.04  10.93  08.05  311.8  009.26  28.817  1022.227  1481.49 
2024 01 25 22 01 58.26  31.753  09.712  0012.23  10.54  08.05  311.8  009.26  28.823  1022.234  1481.46 
2024 01 25 22 01 58.51  31.750  09.706  0012.41  10.20  08.05  311.8  009.26  28.824  1022.237  1481.45 
2024 01 25 22 01 58.76  31.751  09.704  0012.61  10.10  08.05  311.8  009.26  28.826  1022.240  1481.45 
2024 01 25 22 01 59.01  31.746  09.701  0012.78  10.29  08.05  311.8  009.26  28.824  1022.239  1481.44 
2024 01 25 22 01 59.26  31.740  09.692  0012.96  10.35  08.04  311.8  009.26  28.825  1022.242  1481.41 
2024 01 25 22 01 59.51  31.727  09.668  0013.13  10.21  08.05  311.8  009.26  28.831  1022.252  1481.33 
2024 01 25 22 01 59.76  31.717  09.661  0013.29  09.82  08.05  311.8  009.26  28.827  1022.251  1481.30 
2024 01 25 22 02 00.01  31.718  09.655  0013.44  09.58  08.05  311.8  009.26  28.833  1022.257  1481.29 
2024 01 25 22 02 00.26  31.728  09.650  0013.58  09.20  08.05  307.2  009.26  28.846  1022.268  1481.29 
2024 01 25 22 02 00.51  31.728  09.638  0013.76  09.24  08.05  307.2  009.26  28.856  1022.279  1481.26 
2024 01 25 22 02 00.76  31.742  09.613  0013.94  09.03  08.05  307.2  009.26  28.890  1022.310  1481.21 
2024 01 25 22 02 01.01  31.752  09.589  0014.08  08.59  08.04  307.2  009.26  28.919  1022.337  1481.16 
2024 01 25 22 02 01.26  31.767  09.562  0014.29  07.90  08.04  307.2  009.26  28.956  1022.371  1481.11 
2024 01 25 22 02 01.51  31.784  09.524  0014.45  07.50  08.04  307.2  009.26  29.004  1022.415  1481.03 
2024 01 25 22 02 01.76  31.806  09.512  0014.65  06.88  08.04  307.2  009.26  29.037  1022.443  1481.03 
2024 01 25 22 02 02.01  31.834  09.518  0014.80  06.57  08.04  307.2  009.26  29.059  1022.460  1481.08 
2024 01 25 22 02 02.26  31.851  09.519  0014.99  06.92  08.03  307.2  009.23  29.075  1022.473  1481.11 
2024 01 25 22 02 02.51  31.857  09.521  0015.18  07.40  08.04  307.2  009.26  29.080  1022.478  1481.12 
2024 01 25 22 02 02.76  31.873  09.522  0015.35  07.39  08.04  307.2  009.26  29.094  1022.490  1481.15 
2024 01 25 22 02 03.01  31.900  09.532  0015.53  07.09  08.04  307.2  009.26  29.114  1022.504  1481.21 
2024 01 25 22 02 03.26  31.907  09.531  0015.76  07.33  08.04  303.1  009.26  29.122  1022.512  1481.22 
2024 01 25 22 02 03.51  31.908  09.530  0015.92  07.51  08.04  303.1  009.26  29.124  1022.514  1481.22 
2024 01 25 22 02 03.76  31.937  09.544  0016.13  07.44  08.04  303.1  009.26  29.142  1022.527  1481.30 
2024 01 25 22 02 04.01  31.994  09.569  0016.36  07.30  08.04  303.1  009.26  29.178  1022.552  1481.44 
2024 01 25 22 02 04.26  32.053  09.602  0016.55  07.18  08.04  303.1  009.26  29.212  1022.575  1481.60 
2024 01 25 22 02 04.51  32.068  09.601  0016.75  07.12  08.04  303.1  009.26  29.226  1022.587  1481.62 
2024 01 25 22 02 04.76  32.065  09.596  0016.98  06.91  08.04  303.1  009.26  29.228  1022.590  1481.61 
2024 01 25 22 02 05.01  32.069  09.601  0017.17  06.89  08.04  303.1  009.26  29.228  1022.590  1481.63 
2024 01 25 22 02 05.26  32.040  09.574  0017.38  07.29  08.03  303.1  009.26  29.221  1022.590  1481.52 
2024 01 25 22 02 05.51  32.035  09.569  0017.59  07.20  08.04  303.1  009.26  29.219  1022.590  1481.51 
2024 01 25 22 02 05.76  32.021  09.557  0017.85  06.98  08.04  303.1  009.26  29.216  1022.590  1481.46 
2024 01 25 22 02 06.01  31.954  09.476  0018.06  06.98  08.04  303.1  009.26  29.213  1022.602  1481.16 
2024 01 25 22 02 06.26  31.872  09.397  0018.27  06.42  08.04  302.5  009.26  29.195  1022.600  1480.85 
2024 01 25 22 02 06.51  31.865  09.381  0018.49  05.92  08.04  302.5  009.26  29.200  1022.608  1480.80 
2024 01 25 22 02 06.76  31.857  09.362  0018.70  05.76  08.04  302.5  009.26  29.208  1022.618  1480.75 
2024 01 25 22 02 07.01  31.857  09.353  0018.90  05.22  08.03  302.5  009.26  29.214  1022.625  1480.72 
2024 01 25 22 02 07.26  31.853  09.349  0019.14  05.13  08.03  302.5  009.26  29.214  1022.627  1480.71 
2024 01 25 22 02 07.51  31.853  09.346  0019.32  04.98  08.03  302.5  009.26  29.216  1022.630  1480.71 
2024 01 25 22 02 07.76  31.853  09.338  0019.55  04.81  08.03  302.5  009.26  29.223  1022.637  1480.69 
2024 01 25 22 02 08.01  31.851  09.328  0019.77  04.51  08.03  302.5  009.26  29.229  1022.645  1480.66 
2024 01 25 22 02 08.26  31.843  09.311  0019.98  04.42  08.02  302.5  009.26  29.234  1022.652  1480.61 
2024 01 25 22 02 08.51  31.833  09.273  0020.20  04.10  08.03  302.5  009.26  29.255  1022.675  1480.50 
2024 01 25 22 02 08.76  31.825  09.225  0020.42  03.63  08.03  302.5  009.26  29.286  1022.708  1480.36 
2024 01 25 22 02 09.01  31.836  09.218  0020.63  03.34  08.02  302.5  009.26  29.303  1022.723  1480.36 
2024 01 25 22 02 09.26  31.824  09.191  0020.85  03.26  08.02  301.4  009.26  29.313  1022.736  1480.27 
2024 01 25 22 02 09.51  31.816  09.160  0021.07  03.24  08.02  301.4  009.26  29.330  1022.755  1480.18 
2024 01 25 22 02 09.76  31.816  09.150  0021.28  03.13  08.02  301.4  009.26  29.339  1022.764  1480.16 
2024 01 25 22 02 10.01  31.816  09.144  0021.54  03.00  08.02  301.4  009.26  29.343  1022.770  1480.15 
2024 01 25 22 02 10.26  31.814  09.139  0021.72  03.09  08.02  301.4  009.26  29.345  1022.773  1480.13 
2024 01 25 22 02 10.51  31.807  09.122  0021.95  03.11  08.02  301.4  009.26  29.352  1022.782  1480.08 
2024 01 25 22 02 10.76  31.804  09.094  0022.16  03.04  08.02  301.4  009.26  29.372  1022.803  1480.00 
2024 01 25 22 02 11.01  31.797  09.065  0022.37  03.03  08.02  301.4  009.26  29.389  1022.821  1479.92 
2024 01 25 22 02 11.26  31.793  09.053  0022.62  02.92  08.01  301.4  009.26  29.394  1022.828  1479.89 
2024 01 25 22 02 11.51  31.773  09.028  0022.79  02.96  08.01  301.4  009.26  29.394  1022.832  1479.80 
2024 01 25 22 02 11.76  31.760  09.010  0023.03  02.84  08.01  301.4  009.26  29.395  1022.837  1479.73 
2024 01 25 22 02 12.01  31.743  08.964  0023.26  02.84  08.01  301.4  009.26  29.416  1022.862  1479.59 
2024 01 25 22 02 12.26  31.698  08.842  0023.47  02.83  08.01  298.8  009.26  29.471  1022.923  1479.21 
2024 01 25 22 02 12.51  31.674  08.777  0023.67  02.69  08.01  298.8  009.26  29.500  1022.956  1479.00 
2024 01 25 22 02 12.76  31.652  08.708  0023.90  02.50  08.00  298.8  009.26  29.535  1022.995  1478.78 
2024 01 25 22 02 13.01  31.635  08.667  0024.10  02.45  08.00  298.8  009.26  29.551  1023.015  1478.65 
2024 01 25 22 02 13.26  31.609  08.622  0024.34  02.28  07.99  298.8  009.26  29.562  1023.031  1478.50 
2024 01 25 22 02 13.51  31.592  08.571  0024.56  02.17  07.99  298.8  009.26  29.587  1023.058  1478.34 
2024 01 25 22 02 13.76  31.568  08.518  0024.79  02.09  07.98  298.8  009.26  29.607  1023.082  1478.17 
2024 01 25 22 02 14.01  31.562  08.476  0024.95  02.11  07.98  298.8  009.26  29.636  1023.112  1478.05 
2024 01 25 22 02 14.26  31.561  08.447  0025.21  02.01  07.97  298.8  009.26  29.658  1023.135  1477.97 
2024 01 25 22 02 14.51  31.561  08.409  0025.44  01.94  07.97  298.8  009.26  29.691  1023.167  1477.87 
2024 01 25 22 02 14.76  31.535  08.344  0025.66  01.85  07.97  298.8  009.26  29.718  1023.199  1477.66 
2024 01 25 22 02 15.01  31.525  08.305  0025.88  01.85  07.97  298.8  009.26  29.741  1023.223  1477.55 
2024 01 25 22 02 15.26  31.495  08.238  0026.13  01.86  07.96  294.6  009.26  29.766  1023.254  1477.33 
2024 01 25 22 02 15.51  31.461  08.125  0026.32  01.79  07.96  294.6  009.26  29.826  1023.317  1476.97 
2024 01 25 22 02 15.76  31.427  08.036  0026.57  01.70  07.96  294.6  009.26  29.866  1023.362  1476.68 
2024 01 25 22 02 16.01  31.401  07.962  0026.80  01.60  07.95  294.6  009.26  29.901  1023.401  1476.45 
2024 01 25 22 02 16.26  31.377  07.888  0027.04  01.46  07.94  294.6  009.26  29.940  1023.443  1476.22 
2024 01 25 22 02 16.51  31.376  07.859  0027.29  01.46  07.94  294.6  009.26  29.963  1023.466  1476.14 
2024 01 25 22 02 16.76  31.359  07.821  0027.53  01.43  07.94  294.6  009.26  29.978  1023.484  1476.01 
2024 01 25 22 02 17.01  31.351  07.789  0027.76  01.39  07.93  294.6  009.26  29.997  1023.505  1475.92 
2024 01 25 22 02 17.26  31.330  07.736  0027.98  01.39  07.92  294.6  009.26  30.020  1023.531  1475.75 
2024 01 25 22 02 17.51  31.315  07.707  0028.21  01.33  07.93  294.6  009.26  30.029  1023.543  1475.65 
2024 01 25 22 02 17.76  31.311  07.693  0028.46  01.26  07.92  294.6  009.26  30.038  1023.553  1475.61 
2024 01 25 22 02 18.01  31.304  07.679  0028.67  01.29  07.92  294.6  009.26  30.041  1023.558  1475.56 
2024 01 25 22 02 18.26  31.305  07.677  0028.91  01.26  07.92  290.5  009.26  30.044  1023.562  1475.56 
2024 01 25 22 02 18.51  31.305  07.672  0029.13  01.29  07.92  290.5  009.26  30.048  1023.566  1475.55 
2024 01 25 22 02 18.76  31.309  07.663  0029.35  01.26  07.91  290.5  009.26  30.060  1023.578  1475.54 
2024 01 25 22 02 19.01  31.292  07.625  0029.58  01.32  07.91  290.5  009.26  30.075  1023.596  1475.41 
2024 01 25 22 02 19.26  31.291  07.606  0029.80  01.28  07.91  290.5  009.26  30.090  1023.612  1475.36 
2024 01 25 22 02 19.51  31.289  07.589  0030.03  01.28  07.91  290.5  009.26  30.103  1023.625  1475.31 
2024 01 25 22 02 19.76  31.296  07.565  0030.24  01.22  07.91  290.5  009.26  30.131  1023.651  1475.26 
2024 01 25 22 02 20.01  31.300  07.537  0030.47  01.23  07.91  290.5  009.26  30.159  1023.678  1475.19 
2024 01 25 22 02 20.26  31.295  07.509  0030.71  01.24  07.90  290.5  009.26  30.179  1023.698  1475.11 
2024 01 25 22 02 20.51  31.296  07.503  0030.94  01.21  07.91  290.5  009.26  30.184  1023.705  1475.10 
2024 01 25 22 02 20.76  31.297  07.502  0031.16  01.15  07.91  290.5  009.26  30.186  1023.707  1475.10 
2024 01 25 22 02 21.01  31.299  07.501  0031.36  01.10  07.91  290.5  009.26  30.190  1023.711  1475.10 
2024 01 25 22 02 21.26  31.303  07.493  0031.61  01.09  07.90  284.4  009.26  30.201  1023.722  1475.09 
2024 01 25 22 02 21.51  31.307  07.469  0031.86  01.13  07.90  284.4  009.26  30.225  1023.745  1475.03 
2024 01 25 22 02 21.76  31.310  07.463  0032.09  01.21  07.90  284.4  009.26  30.233  1023.753  1475.02 
2024 01 25 22 02 22.01  31.310  07.459  0032.33  01.18  07.90  284.4  009.26  30.237  1023.758  1475.01 
2024 01 25 22 02 22.26  31.307  07.453  0032.58  01.11  07.90  284.4  009.26  30.239  1023.762  1475.00 
2024 01 25 22 02 22.51  31.309  07.447  0032.81  01.10  07.90  284.4  009.26  30.246  1023.769  1474.99 
2024 01 25 22 02 22.76  31.264  07.310  0033.04  01.24  07.90  284.4  009.26  30.317  1023.844  1474.55 
2024 01 25 22 02 23.01  31.212  07.190  0033.30  01.15  07.90  284.4  009.26  30.367  1023.901  1474.14 
2024 01 25 22 02 23.26  31.206  07.166  0033.53  01.07  07.89  284.4  009.26  30.381  1023.916  1474.08 
2024 01 25 22 02 23.51  31.206  07.158  0033.78  01.02  07.89  284.4  009.26  30.388  1023.924  1474.06 
2024 01 25 22 02 23.76  31.198  07.131  0034.04  00.94  07.89  284.4  009.26  30.402  1023.939  1473.97 
2024 01 25 22 02 24.01  31.192  07.111  0034.30  00.97  07.89  284.4  009.26  30.414  1023.952  1473.91 
2024 01 25 22 02 24.26  31.182  07.072  0034.56  00.95  07.89  281.2  009.26  30.437  1023.977  1473.79 
2024 01 25 22 02 24.51  31.178  07.014  0034.80  00.93  07.88  281.2  009.26  30.484  1024.022  1473.63 
2024 01 25 22 02 24.76  31.185  06.998  0035.07  00.88  07.88  281.2  009.26  30.505  1024.042  1473.60 
2024 01 25 22 02 25.01  31.198  06.992  0035.31  00.82  07.88  281.2  009.26  30.526  1024.061  1473.60 
2024 01 25 22 02 25.26  31.197  06.986  0035.55  00.81  07.88  281.2  009.26  30.529  1024.065  1473.59 
2024 01 25 22 02 25.51  31.193  06.975  0035.82  00.78  07.88  281.2  009.26  30.535  1024.072  1473.55 
2024 01 25 22 02 25.76  31.190  06.969  0036.07  00.82  07.88  281.2  009.26  30.536  1024.075  1473.54 
2024 01 25 22 02 26.01  31.188  06.961  0036.31  00.80  07.88  281.2  009.26  30.541  1024.081  1473.52 
2024 01 25 22 02 26.26  31.187  06.947  0036.58  00.83  07.87  281.2  009.26  30.553  1024.094  1473.48 
2024 01 25 22 02 26.51  31.195  06.939  0036.80  00.81  07.88  281.2  009.26  30.569  1024.108  1473.47 
2024 01 25 22 02 26.76  31.209  06.947  0037.06  00.78  07.88  281.2  009.26  30.576  1024.114  1473.52 
2024 01 25 22 02 27.01  31.276  06.994  0037.31  00.81  07.88  281.2  009.26  30.608  1024.134  1473.74 
2024 01 25 22 02 27.26  31.308  07.019  0037.54  00.79  07.88  282.0  009.26  30.619  1024.141  1473.86 
2024 01 25 22 02 27.51  31.323  07.033  0037.77  00.75  07.88  282.0  009.26  30.624  1024.144  1473.92 
2024 01 25 22 02 27.76  31.345  07.029  0037.99  00.80  07.89  282.0  009.26  30.650  1024.165  1473.95 
2024 01 25 22 02 28.01  31.322  06.984  0038.27  00.83  07.89  282.0  009.26  30.665  1024.184  1473.79 
2024 01 25 22 02 28.26  31.302  06.959  0038.51  00.74  07.89  282.0  009.26  30.666  1024.189  1473.70 
2024 01 25 22 02 28.51  31.294  06.949  0038.74  00.76  07.89  282.0  009.26  30.666  1024.192  1473.67 
2024 01 25 22 02 28.76  31.301  06.952  0038.99  00.72  07.89  282.0  009.26  30.671  1024.197  1473.69 
2024 01 25 22 02 29.01  31.297  06.947  0039.23  00.71  07.89  282.0  009.26  30.671  1024.198  1473.67 
2024 01 25 22 02 29.26  31.293  06.944  0039.49  00.69  07.89  282.0  009.26  30.669  1024.198  1473.66 
2024 01 25 22 02 29.51  31.287  06.937  0039.77  00.74  07.89  282.0  009.26  30.668  1024.200  1473.64 
2024 01 25 22 02 29.76  31.280  06.928  0040.01  00.75  07.89  282.0  009.26  30.670  1024.203  1473.61 
2024 01 25 22 02 30.01  31.280  06.928  0040.27  00.76  07.89  282.0  009.26  30.668  1024.203  1473.61 
2024 01 25 22 02 30.26  31.275  06.921  0040.52  00.69  07.89  283.3  009.26  30.669  1024.206  1473.59 
2024 01 25 22 02 30.51  31.215  06.855  0040.78  00.67  07.89  283.3  009.26  30.663  1024.211  1473.33 
2024 01 25 22 02 30.76  31.172  06.794  0041.02  00.68  07.89  283.3  009.26  30.671  1024.226  1473.10 
2024 01 25 22 02 31.01  31.153  06.765  0041.25  00.65  07.89  283.3  009.26  30.676  1024.235  1472.99 
2024 01 25 22 02 31.26  31.159  06.768  0041.48  00.73  07.89  283.3  009.26  30.680  1024.239  1473.01 
2024 01 25 22 02 31.51  31.164  06.770  0041.73  00.70  07.88  283.3  009.26  30.684  1024.243  1473.03 
2024 01 25 22 02 31.76  31.163  06.766  0041.97  00.64  07.88  283.3  009.26  30.685  1024.246  1473.02 
2024 01 25 22 02 32.01  31.161  06.764  0042.22  00.64  07.88  283.3  009.26  30.685  1024.247  1473.02 
2024 01 25 22 02 32.26  31.154  06.755  0042.43  00.65  07.87  283.3  009.26  30.685  1024.249  1472.98 
2024 01 25 22 02 32.51  31.151  06.747  0042.69  00.71  07.88  283.3  009.26  30.689  1024.254  1472.96 
2024 01 25 22 02 32.76  31.147  06.744  0042.94  00.72  07.88  283.3  009.26  30.687  1024.254  1472.95 
2024 01 25 22 02 33.01  31.143  06.741  0043.17  00.76  07.88  283.3  009.26  30.685  1024.254  1472.94 
2024 01 25 22 02 33.26  31.139  06.736  0043.44  00.68  07.88  284.8  009.26  30.685  1024.256  1472.93 
2024 01 25 22 02 33.51  31.139  06.733  0043.68  00.62  07.88  284.8  009.26  30.689  1024.260  1472.92 
2024 01 25 22 02 33.76  31.136  06.731  0043.90  00.67  07.88  284.8  009.26  30.687  1024.260  1472.92 
2024 01 25 22 02 34.01  31.134  06.727  0044.18  00.67  07.88  284.8  009.26  30.687  1024.262  1472.91 
2024 01 25 22 02 34.26  31.129  06.720  0044.43  00.63  07.88  284.8  009.26  30.689  1024.266  1472.88 
2024 01 25 22 02 34.51  31.124  06.713  0044.69  00.62  07.88  284.8  009.26  30.689  1024.268  1472.86 
2024 01 25 22 02 34.76  31.116  06.700  0044.96  00.57  07.88  284.8  009.26  30.693  1024.273  1472.82 
2024 01 25 22 02 35.01  31.108  06.680  0045.24  00.61  07.87  284.8  009.26  30.702  1024.284  1472.76 
2024 01 25 22 02 35.26  31.108  06.670  0045.53  00.66  07.86  284.8  009.26  30.709  1024.293  1472.73 
2024 01 25 22 02 35.51  31.104  06.669  0045.78  00.64  07.87  284.8  009.26  30.706  1024.292  1472.73 
2024 01 25 22 02 35.76  31.102  06.666  0046.03  00.64  07.87  284.8  009.26  30.707  1024.294  1472.72 
2024 01 25 22 02 36.01  31.100  06.666  0046.30  00.57  07.87  284.8  009.26  30.705  1024.294  1472.72 
2024 01 25 22 02 36.26  31.100  06.661  0046.50  00.62  07.87  284.5  009.26  30.708  1024.298  1472.71 
2024 01 25 22 02 36.51  31.099  06.658  0046.79  00.75  07.87  284.5  009.26  30.710  1024.301  1472.70 
2024 01 25 22 02 36.76  31.097  06.654  0047.03  00.71  07.87  284.5  009.26  30.712  1024.304  1472.69 
2024 01 25 22 02 37.01  31.096  06.649  0047.28  00.64  07.87  284.5  009.26  30.715  1024.309  1472.68 
2024 01 25 22 02 37.26  31.090  06.643  0047.55  00.60  07.87  284.5  009.26  30.714  1024.309  1472.66 
2024 01 25 22 02 37.51  31.089  06.641  0047.79  00.61  07.87  284.5  009.26  30.714  1024.311  1472.66 
2024 01 25 22 02 37.76  31.089  06.639  0048.07  00.59  07.87  284.5  009.26  30.716  1024.314  1472.66 
2024 01 25 22 02 38.01  31.086  06.634  0048.30  00.65  07.87  284.5  009.26  30.717  1024.316  1472.64 
2024 01 25 22 02 38.26  31.085  06.631  0048.59  00.66  07.86  284.5  009.26  30.717  1024.318  1472.64 
2024 01 25 22 02 38.51  31.081  06.628  0048.82  00.64  07.87  284.5  009.26  30.717  1024.320  1472.63 
2024 01 25 22 02 38.76  31.080  06.625  0049.12  00.68  07.87  284.5  009.26  30.718  1024.322  1472.62 
2024 01 25 22 02 39.01  31.079  06.626  0049.38  00.61  07.87  284.5  009.26  30.716  1024.322  1472.63 
2024 01 25 22 02 39.26  31.070  06.611  0049.62  00.64  07.87  284.9  009.26  30.720  1024.328  1472.58 
2024 01 25 22 02 39.51  31.068  06.607  0049.85  00.65  07.87  284.9  009.26  30.721  1024.330  1472.57 
2024 01 25 22 02 39.76  31.065  06.602  0050.11  00.60  07.86  284.9  009.26  30.721  1024.332  1472.55 
2024 01 25 22 02 40.01  31.063  06.598  0050.36  00.60  07.86  284.9  009.26  30.723  1024.336  1472.54 
2024 01 25 22 02 40.26  31.057  06.593  0050.60  00.60  07.86  284.9  009.26  30.722  1024.336  1472.52 
2024 01 25 22 02 40.51  31.060  06.595  0050.86  00.61  07.86  284.9  009.26  30.722  1024.337  1472.54 
2024 01 25 22 02 40.76  31.065  06.596  0051.09  00.52  07.86  284.9  009.26  30.726  1024.341  1472.55 
2024 01 25 22 02 41.01  31.065  06.596  0051.31  00.52  07.86  284.9  009.26  30.727  1024.343  1472.55 
2024 01 25 22 02 41.26  31.073  06.604  0051.54  00.58  07.85  284.9  009.26  30.728  1024.344  1472.59 
2024 01 25 22 02 41.51  31.086  06.611  0051.79  00.64  07.86  284.9  009.26  30.736  1024.351  1472.63 
2024 01 25 22 02 41.76  31.096  06.626  0052.03  00.64  07.86  284.9  009.26  30.734  1024.348  1472.69 
2024 01 25 22 02 42.01  31.119  06.643  0052.26  00.59  07.86  284.9  009.26  30.743  1024.354  1472.77 
2024 01 25 22 02 42.26  31.132  06.654  0052.49  00.59  07.86  284.5  009.26  30.748  1024.357  1472.83 
2024 01 25 22 02 42.51  31.144  06.663  0052.73  00.59  07.87  284.5  009.26  30.753  1024.361  1472.87 
2024 01 25 22 02 42.76  31.152  06.668  0052.96  00.65  07.87  284.5  009.26  30.757  1024.365  1472.90 
2024 01 25 22 02 43.01  31.158  06.673  0053.22  00.65  07.87  284.5  009.26  30.758  1024.367  1472.93 
2024 01 25 22 02 43.26  31.163  06.674  0053.44  00.60  07.87  284.5  009.26  30.763  1024.372  1472.94 
2024 01 25 22 02 43.51  31.157  06.669  0053.68  00.62  07.88  284.5  009.26  30.761  1024.372  1472.92 
2024 01 25 22 02 43.76  31.157  06.664  0053.94  00.54  07.88  284.5  009.26  30.765  1024.376  1472.91 
2024 01 25 22 02 44.01  31.157  06.662  0054.17  00.57  07.88  284.5  009.26  30.767  1024.379  1472.91 
2024 01 25 22 02 44.26  31.157  06.662  0054.42  00.58  07.87  284.5  009.26  30.766  1024.380  1472.92 
2024 01 25 22 02 44.51  31.157  06.661  0054.64  00.60  07.88  284.5  009.26  30.767  1024.382  1472.92 
2024 01 25 22 02 44.76  31.156  06.660  0054.89  00.57  07.88  284.5  009.26  30.767  1024.383  1472.91 
2024 01 25 22 02 45.01  31.155  06.657  0055.16  00.61  07.88  284.5  009.26  30.769  1024.386  1472.91 
2024 01 25 22 02 45.26  31.154  06.655  0055.41  00.57  07.88  284.2  009.26  30.769  1024.388  1472.91 
2024 01 25 22 02 45.51  31.152  06.655  0055.65  00.59  07.88  284.2  009.26  30.767  1024.387  1472.91 
2024 01 25 22 02 45.76  31.153  06.655  0055.91  00.64  07.88  284.2  009.26  30.768  1024.389  1472.91 
2024 01 25 22 02 46.01  31.150  06.652  0056.18  00.64  07.88  284.2  009.26  30.767  1024.390  1472.90 
2024 01 25 22 02 46.26  31.152  06.650  0056.45  00.62  07.88  284.2  009.26  30.771  1024.395  1472.91 
2024 01 25 22 02 46.51  31.151  06.648  0056.67  00.61  07.88  284.2  009.26  30.772  1024.397  1472.90 
2024 01 25 22 02 46.76  31.147  06.646  0056.92  00.62  07.88  284.2  009.26  30.769  1024.396  1472.89 
2024 01 25 22 02 47.01  31.146  06.643  0057.17  00.59  07.88  284.2  009.26  30.770  1024.398  1472.89 
2024 01 25 22 02 47.26  31.147  06.641  0057.42  00.62  07.87  284.2  009.26  30.773  1024.402  1472.89 
2024 01 25 22 02 47.51  31.140  06.637  0057.68  00.58  07.88  284.2  009.26  30.769  1024.400  1472.87 
2024 01 25 22 02 47.76  31.139  06.634  0057.92  00.53  07.88  284.2  009.26  30.771  1024.403  1472.87 
2024 01 25 22 02 48.01  31.139  06.632  0058.20  00.57  07.88  284.2  009.26  30.773  1024.406  1472.86 
2024 01 25 22 02 48.26  31.138  06.630  0058.46  00.56  07.88  285.3  009.26  30.773  1024.408  1472.86 
2024 01 25 22 02 48.51  31.134  06.628  0058.74  00.58  07.88  285.3  009.26  30.770  1024.407  1472.85 
2024 01 25 22 02 48.76  31.128  06.619  0059.03  00.60  07.88  285.3  009.26  30.771  1024.411  1472.82 
2024 01 25 22 02 49.01  31.123  06.609  0059.26  00.59  07.88  285.3  009.26  30.774  1024.415  1472.79 
2024 01 25 22 02 49.26  31.116  06.601  0059.58  00.59  07.88  285.3  009.26  30.775  1024.418  1472.77 
2024 01 25 22 02 49.51  31.110  06.593  0059.86  00.53  07.88  285.3  009.26  30.775  1024.420  1472.74 
2024 01 25 22 02 49.76  31.104  06.587  0060.11  00.55  07.88  285.3  009.26  30.773  1024.421  1472.72 
2024 01 25 22 02 50.01  31.096  06.578  0060.38  00.57  07.87  285.3  009.26  30.773  1024.423  1472.68 
2024 01 25 22 02 50.26  31.092  06.575  0060.64  00.67  07.86  285.3  009.26  30.771  1024.423  1472.67 
2024 01 25 22 02 50.51  31.094  06.575  0060.92  00.64  07.87  285.3  009.26  30.773  1024.426  1472.68 
2024 01 25 22 02 50.76  31.092  06.572  0061.17  00.60  07.87  285.3  009.26  30.773  1024.427  1472.68 
2024 01 25 22 02 51.01  31.090  06.571  0061.45  00.56  07.87  285.3  009.26  30.772  1024.428  1472.68 
2024 01 25 22 02 51.26  31.089  06.569  0061.70  00.59  07.87  286.3  009.26  30.773  1024.431  1472.67 
2024 01 25 22 02 51.51  31.089  06.568  0061.96  00.56  07.87  286.3  009.26  30.773  1024.432  1472.67 
2024 01 25 22 02 51.76  31.077  06.555  0062.24  00.55  07.87  286.3  009.26  30.771  1024.433  1472.62 
2024 01 25 22 02 52.01  31.072  06.549  0062.49  00.59  07.87  286.3  009.26  30.771  1024.435  1472.60 
2024 01 25 22 02 52.26  31.071  06.547  0062.76  00.61  07.87  286.3  009.26  30.772  1024.437  1472.60 
2024 01 25 22 02 52.51  31.064  06.536  0063.06  00.59  07.87  286.3  009.26  30.774  1024.442  1472.56 
2024 01 25 22 02 52.76  31.058  06.534  0063.33  00.62  07.87  286.3  009.26  30.770  1024.440  1472.56 
2024 01 25 22 02 53.01  31.057  06.531  0063.58  00.55  07.86  286.3  009.26  30.770  1024.442  1472.55 
2024 01 25 22 02 53.26  31.058  06.531  0063.86  00.55  07.85  286.3  009.26  30.772  1024.445  1472.55 
2024 01 25 22 02 53.51  31.053  06.525  0064.12  00.53  07.86  286.3  009.26  30.771  1024.446  1472.54 
2024 01 25 22 02 53.76  31.051  06.523  0064.40  00.55  07.86  286.3  009.26  30.771  1024.447  1472.53 
2024 01 25 22 02 54.01  31.052  06.523  0064.68  00.58  07.86  286.3  009.26  30.772  1024.449  1472.54 
2024 01 25 22 02 54.26  31.054  06.522  0064.92  00.59  07.86  286.5  009.26  30.774  1024.452  1472.54 
2024 01 25 22 02 54.51  31.051  06.523  0065.20  00.61  07.86  286.5  009.26  30.771  1024.451  1472.54 
2024 01 25 22 02 54.76  31.039  06.507  0065.46  00.57  07.86  286.5  009.26  30.772  1024.455  1472.49 
2024 01 25 22 02 55.01  31.031  06.499  0065.72  00.53  07.86  286.5  009.26  30.770  1024.456  1472.46 
2024 01 25 22 02 55.26  31.025  06.491  0065.98  00.55  07.86  286.5  009.26  30.770  1024.458  1472.43 
2024 01 25 22 02 55.51  31.020  06.488  0066.23  00.53  07.86  286.5  009.26  30.767  1024.457  1472.42 
2024 01 25 22 02 55.76  31.018  06.485  0066.48  00.56  07.85  286.5  009.26  30.768  1024.459  1472.41 
2024 01 25 22 02 56.01  31.014  06.479  0066.73  00.54  07.85  286.5  009.26  30.768  1024.462  1472.39 
2024 01 25 22 02 56.26  31.015  06.482  0067.00  00.57  07.84  286.5  009.26  30.767  1024.461  1472.40 
2024 01 25 22 02 56.51  31.015  06.481  0067.30  00.56  07.85  286.5  009.26  30.767  1024.463  1472.41 
2024 01 25 22 02 56.76  31.015  06.481  0067.53  00.54  07.85  286.5  009.26  30.768  1024.465  1472.41 
2024 01 25 22 02 57.01  31.015  06.479  0067.80  00.55  07.85  286.5  009.26  30.770  1024.468  1472.41 
2024 01 25 22 02 57.26  31.007  06.468  0068.07  00.50  07.85  286.0  009.26  30.771  1024.471  1472.37 
2024 01 25 22 02 57.51  31.003  06.465  0068.30  00.52  07.85  286.0  009.26  30.769  1024.471  1472.36 
2024 01 25 22 02 57.76  31.001  06.463  0068.59  00.55  07.84  286.0  009.26  30.768  1024.472  1472.36 
2024 01 25 22 02 58.01  30.992  06.455  0068.85  00.50  07.84  286.0  009.26  30.765  1024.472  1472.33 
2024 01 25 22 02 58.26  30.985  06.446  0069.15  00.54  07.84  286.0  009.26  30.765  1024.474  1472.30 
2024 01 25 22 02 58.51  30.988  06.448  0069.40  00.54  07.84  286.0  009.26  30.767  1024.477  1472.31 
2024 01 25 22 02 58.76  30.991  06.451  0069.66  00.56  07.84  286.0  009.26  30.768  1024.478  1472.33 
2024 01 25 22 02 59.01  30.997  06.456  0069.91  00.58  07.84  286.0  009.26  30.770  1024.480  1472.35 
2024 01 25 22 02 59.26  30.989  06.445  0070.16  00.52  07.83  286.0  009.26  30.771  1024.484  1472.31 
2024 01 25 22 02 59.51  30.991  06.444  0070.41  00.54  07.84  286.0  009.26  30.773  1024.487  1472.32 
2024 01 25 22 02 59.76  31.006  06.461  0070.68  00.55  07.84  286.0  009.26  30.774  1024.486  1472.39 
2024 01 25 22 03 00.01  31.012  06.468  0070.93  00.54  07.84  286.0  009.26  30.775  1024.488  1472.42 
2024 01 25 22 03 00.26  31.016  06.468  0071.19  00.50  07.84  284.0  009.26  30.779  1024.492  1472.43 
2024 01 25 22 03 00.51  31.018  06.470  0071.48  00.53  07.84  284.0  009.26  30.780  1024.494  1472.45 
2024 01 25 22 03 00.76  31.017  06.468  0071.74  00.52  07.85  284.0  009.26  30.779  1024.495  1472.44 
2024 01 25 22 03 01.01  31.015  06.467  0071.98  00.53  07.85  284.0  009.26  30.778  1024.495  1472.44 
2024 01 25 22 03 01.26  31.015  06.467  0072.25  00.51  07.85  284.0  009.26  30.778  1024.496  1472.45 
2024 01 25 22 03 01.51  31.015  06.463  0072.48  00.53  07.85  284.0  009.26  30.781  1024.500  1472.44 
2024 01 25 22 03 01.76  31.010  06.460  0072.79  00.53  07.85  284.0  009.26  30.778  1024.500  1472.43 
2024 01 25 22 03 02.01  31.002  06.451  0073.02  00.56  07.85  284.0  009.26  30.778  1024.502  1472.39 
2024 01 25 22 03 02.26  31.005  06.452  0073.30  00.52  07.84  284.0  009.26  30.780  1024.504  1472.41 
2024 01 25 22 03 02.51  30.999  06.442  0073.55  00.54  07.85  284.0  009.26  30.783  1024.509  1472.37 
2024 01 25 22 03 02.76  30.991  06.439  0073.81  00.50  07.85  284.0  009.26  30.776  1024.505  1472.36 
2024 01 25 22 03 03.01  30.996  06.439  0074.08  00.54  07.84  284.0  009.26  30.782  1024.511  1472.37 
2024 01 25 22 03 03.26  30.989  06.437  0074.31  00.49  07.84  281.9  009.26  30.776  1024.507  1472.36 
2024 01 25 22 03 03.51  30.982  06.426  0074.57  00.50  07.84  281.9  009.26  30.778  1024.512  1472.32 
2024 01 25 22 03 03.76  30.968  06.407  0074.84  00.51  07.84  281.9  009.26  30.779  1024.516  1472.25 
2024 01 25 22 03 04.01  30.965  06.406  0075.06  00.54  07.84  281.9  009.26  30.778  1024.516  1472.25 
2024 01 25 22 03 04.26  30.964  06.402  0075.31  00.56  07.84  281.9  009.26  30.779  1024.519  1472.24 
2024 01 25 22 03 04.51  30.958  06.394  0075.53  00.58  07.83  281.9  009.26  30.780  1024.522  1472.21 
2024 01 25 22 03 04.76  30.948  06.388  0075.83  00.59  07.83  281.9  009.26  30.775  1024.520  1472.18 
2024 01 25 22 03 05.01  30.941  06.380  0076.09  00.55  07.83  281.9  009.26  30.774  1024.522  1472.16 
2024 01 25 22 03 05.26  30.940  06.375  0076.31  00.59  07.82  281.9  009.26  30.776  1024.525  1472.14 
2024 01 25 22 03 05.51  30.935  06.372  0076.57  00.62  07.83  281.9  009.26  30.774  1024.525  1472.13 
2024 01 25 22 03 05.76  30.934  06.371  0076.81  00.54  07.82  281.9  009.26  30.774  1024.526  1472.13 
2024 01 25 22 03 06.01  30.933  06.371  0077.07  00.55  07.82  281.9  009.26  30.773  1024.526  1472.13 
2024 01 25 22 03 06.26  30.932  06.367  0077.36  00.57  07.82  281.1  009.26  30.774  1024.529  1472.13 
2024 01 25 22 03 06.51  30.930  06.368  0077.62  00.51  07.82  281.1  009.26  30.772  1024.529  1472.13 
2024 01 25 22 03 06.76  30.929  06.366  0077.86  00.54  07.82  281.1  009.26  30.773  1024.530  1472.13 
2024 01 25 22 03 07.01  30.929  06.365  0078.15  00.49  07.82  281.1  009.26  30.773  1024.532  1472.13 
2024 01 25 22 03 07.26  30.925  06.360  0078.41  00.54  07.82  281.1  009.26  30.773  1024.534  1472.11 
2024 01 25 22 03 07.51  30.927  06.357  0078.68  00.51  07.81  281.1  009.26  30.778  1024.539  1472.11 
2024 01 25 22 03 07.76  30.924  06.356  0078.93  00.59  07.81  281.1  009.26  30.775  1024.539  1472.11 
2024 01 25 22 03 08.01  30.926  06.355  0079.17  00.72  07.81  281.1  009.26  30.778  1024.542  1472.11 
2024 01 25 22 03 08.26  30.926  06.355  0079.45  00.64  07.80  281.1  009.26  30.778  1024.543  1472.12 
2024 01 25 22 03 08.51  30.927  06.355  0079.68  00.54  07.81  281.1  009.26  30.779  1024.546  1472.12 
2024 01 25 22 03 08.76  30.927  06.356  0079.96  00.55  07.81  281.1  009.26  30.779  1024.546  1472.13 
2024 01 25 22 03 09.01  30.925  06.353  0080.20  00.56  07.81  281.1  009.26  30.778  1024.547  1472.12 
2024 01 25 22 03 09.26  30.925  06.349  0080.48  00.52  07.81  279.0  009.26  30.781  1024.551  1472.11 
2024 01 25 22 03 09.51  30.922  06.346  0080.72  00.54  07.81  279.0  009.26  30.781  1024.553  1472.11 
2024 01 25 22 03 09.76  30.921  06.346  0080.97  00.57  07.81  279.0  009.26  30.780  1024.553  1472.11 
2024 01 25 22 03 10.01  30.921  06.344  0081.22  00.57  07.81  279.0  009.26  30.782  1024.556  1472.11 
2024 01 25 22 03 10.26  30.920  06.344  0081.49  00.51  07.81  279.0  009.26  30.781  1024.556  1472.11 
2024 01 25 22 03 10.51  30.917  06.342  0081.77  00.47  07.81  279.0  009.26  30.779  1024.556  1472.10 
2024 01 25 22 03 10.76  30.917  06.341  0082.04  00.55  07.81  279.0  009.26  30.780  1024.558  1472.11 
2024 01 25 22 03 11.01  30.919  06.341  0082.27  00.58  07.81  279.0  009.26  30.782  1024.561  1472.11 
2024 01 25 22 03 11.26  30.917  06.341  0082.56  00.55  07.80  279.0  009.26  30.779  1024.560  1472.11 
2024 01 25 22 03 11.51  30.918  06.340  0082.83  00.61  07.81  279.0  009.26  30.782  1024.564  1472.11 
2024 01 25 22 03 11.76  30.918  06.340  0083.07  00.53  07.81  279.0  009.26  30.782  1024.565  1472.12 
2024 01 25 22 03 12.01  30.917  06.338  0083.33  00.51  07.81  279.0  009.26  30.782  1024.566  1472.12 
2024 01 25 22 03 12.26  30.920  06.338  0083.59  00.56  07.81  274.6  009.26  30.785  1024.570  1472.12 
2024 01 25 22 03 12.51  30.918  06.336  0083.86  00.57  07.81  274.6  009.26  30.785  1024.571  1472.12 
2024 01 25 22 03 12.76  30.916  06.335  0084.09  00.51  07.81  274.6  009.26  30.783  1024.571  1472.12 
2024 01 25 22 03 13.01  30.916  06.334  0084.33  00.52  07.81  274.6  009.26  30.783  1024.573  1472.12 
2024 01 25 22 03 13.26  30.914  06.332  0084.60  00.59  07.81  274.6  009.26  30.783  1024.574  1472.12 
2024 01 25 22 03 13.51  30.917  06.331  0084.83  00.61  07.80  274.6  009.26  30.788  1024.578  1472.12 
2024 01 25 22 03 13.76  30.916  06.332  0085.10  00.57  07.80  274.6  009.29  30.785  1024.578  1472.12 
2024 01 25 22 03 14.01  30.916  06.331  0085.34  00.54  07.80  274.6  009.23  30.786  1024.580  1472.13 
2024 01 25 22 03 14.26  30.914  06.329  0085.58  00.61  07.79  274.6  009.26  30.785  1024.581  1472.12 
2024 01 25 22 03 14.51  30.913  06.329  0085.86  00.55  07.80  274.6  009.26  30.785  1024.582  1472.12 
2024 01 25 22 03 14.76  30.914  06.327  0086.12  00.55  07.80  274.6  009.26  30.787  1024.585  1472.13 
2024 01 25 22 03 15.01  30.913  06.326  0086.36  00.53  07.80  274.6  009.26  30.787  1024.586  1472.12 
2024 01 25 22 03 15.26  30.916  06.326  0086.60  00.50  07.80  271.9  009.26  30.790  1024.589  1472.13 
2024 01 25 22 03 15.51  30.913  06.325  0086.84  00.50  07.80  271.9  009.26  30.788  1024.589  1472.13 
2024 01 25 22 03 15.76  30.913  06.324  0087.10  00.55  07.80  271.9  009.26  30.788  1024.590  1472.13 
2024 01 25 22 03 16.01  30.913  06.323  0087.37  00.51  07.80  271.9  009.26  30.789  1024.592  1472.13 
2024 01 25 22 03 16.26  30.914  06.323  0087.60  00.57  07.80  271.9  009.26  30.791  1024.595  1472.13 
2024 01 25 22 03 16.51  30.909  06.320  0087.85  00.53  07.80  271.9  009.26  30.787  1024.594  1472.12 
2024 01 25 22 03 16.76  30.911  06.318  0088.09  00.52  07.80  271.9  009.26  30.791  1024.598  1472.12 
2024 01 25 22 03 17.01  30.913  06.318  0088.37  00.53  07.80  271.9  009.26  30.793  1024.601  1472.13 
2024 01 25 22 03 17.26  30.909  06.318  0088.63  00.63  07.79  271.9  009.26  30.789  1024.599  1472.13 
2024 01 25 22 03 17.51  30.909  06.317  0088.86  00.61  07.80  271.9  009.26  30.790  1024.601  1472.13 
2024 01 25 22 03 17.76  30.909  06.316  0089.12  00.56  07.80  271.9  009.26  30.790  1024.602  1472.13 
2024 01 25 22 03 18.01  30.908  06.315  0089.34  00.58  07.80  271.9  009.26  30.789  1024.603  1472.13 
2024 01 25 22 03 18.26  30.909  06.316  0089.62  00.55  07.80  269.6  009.26  30.790  1024.605  1472.14 
2024 01 25 22 03 18.51  30.910  06.316  0089.87  00.53  07.80  269.6  009.26  30.792  1024.607  1472.14 
2024 01 25 22 03 18.76  30.911  06.315  0090.11  00.52  07.80  269.6  009.26  30.793  1024.610  1472.15 
2024 01 25 22 03 19.01  30.912  06.315  0090.39  00.51  07.80  269.6  009.26  30.794  1024.611  1472.15 
2024 01 25 22 03 19.26  30.909  06.315  0090.65  00.57  07.80  269.6  009.26  30.791  1024.610  1472.15 
2024 01 25 22 03 19.51  30.911  06.315  0090.89  00.57  07.80  269.6  009.26  30.793  1024.613  1472.16 
2024 01 25 22 03 19.76  30.910  06.312  0091.13  00.55  07.80  269.6  009.26  30.794  1024.615  1472.16 
2024 01 25 22 03 20.01  30.908  06.313  0091.37  00.57  07.80  269.6  009.26  30.791  1024.614  1472.16 
2024 01 25 22 03 20.26  30.905  06.312  0091.60  00.58  07.79  269.6  009.26  30.789  1024.614  1472.15 
2024 01 25 22 03 20.51  30.904  06.308  0091.84  00.54  07.80  269.6  009.26  30.790  1024.616  1472.15 
2024 01 25 22 03 20.76  30.905  06.306  0092.06  00.49  07.80  269.6  009.26  30.794  1024.620  1472.14 
2024 01 25 22 03 21.01  30.904  06.301  0092.32  00.55  07.80  269.6  009.26  30.796  1024.624  1472.13 
2024 01 25 22 03 21.26  30.902  06.302  0092.54  00.61  07.80  268.6  009.26  30.794  1024.623  1472.14 
2024 01 25 22 03 21.51  30.902  06.298  0092.76  00.55  07.80  268.6  009.26  30.797  1024.627  1472.13 
2024 01 25 22 03 21.76  30.902  06.298  0092.99  00.50  07.80  268.6  009.26  30.797  1024.628  1472.13 
2024 01 25 22 03 22.01  30.901  06.297  0093.19  00.53  07.80  268.6  009.26  30.796  1024.628  1472.13 
2024 01 25 22 03 22.26  30.901  06.297  0093.43  00.52  07.80  268.6  009.26  30.797  1024.630  1472.13 
2024 01 25 22 03 22.51  30.900  06.296  0093.68  00.58  07.80  268.6  009.26  30.796  1024.631  1472.13 
2024 01 25 22 03 22.76  30.898  06.295  0093.90  00.62  07.80  268.6  009.26  30.794  1024.630  1472.13 
2024 01 25 22 03 23.01  30.897  06.292  0094.15  00.59  07.80  268.6  009.26  30.796  1024.633  1472.13 
2024 01 25 22 03 23.26  30.896  06.290  0094.35  00.56  07.79  268.6  009.26  30.797  1024.635  1472.12 
2024 01 25 22 03 23.51  30.898  06.289  0094.59  00.58  07.80  268.6  009.26  30.800  1024.639  1472.12 
2024 01 25 22 03 23.76  30.897  06.288  0094.77  00.57  07.79  268.6  009.26  30.799  1024.639  1472.12 
2024 01 25 22 03 24.01  30.898  06.288  0094.97  00.55  07.80  268.6  009.26  30.800  1024.641  1472.13 
2024 01 25 22 03 24.26  30.897  06.288  0095.13  00.54  07.80  267.6  009.26  30.799  1024.641  1472.13 
2024 01 25 22 03 24.51  30.895  06.288  0095.28  00.55  07.79  267.6  009.26  30.798  1024.640  1472.13 
2024 01 25 22 03 24.76  30.895  06.288  0095.49  00.57  07.80  267.6  009.26  30.797  1024.641  1472.13 
2024 01 25 22 03 25.01  30.897  06.288  0095.71  00.52  07.80  267.6  009.26  30.799  1024.643  1472.14 
2024 01 25 22 03 25.26  30.897  06.287  0095.91  00.51  07.80  267.6  009.26  30.800  1024.645  1472.14 
2024 01 25 22 03 25.51  30.898  06.287  0096.16  00.53  07.79  267.6  009.26  30.801  1024.647  1472.14 
2024 01 25 22 03 25.76  30.894  06.285  0096.40  00.53  07.79  267.6  009.26  30.798  1024.646  1472.14 
2024 01 25 22 03 26.01  30.894  06.285  0096.61  00.55  07.79  267.6  009.26  30.798  1024.647  1472.14 
2024 01 25 22 03 26.26  30.896  06.285  0096.83  00.58  07.78  267.6  009.26  30.800  1024.650  1472.15 
2024 01 25 22 03 26.51  30.891  06.279  0097.05  00.58  07.79  267.6  009.26  30.800  1024.652  1472.13 
2024 01 25 22 03 26.76  30.887  06.272  0097.26  00.59  07.79  267.6  009.26  30.802  1024.655  1472.10 
2024 01 25 22 03 27.01  30.886  06.271  0097.50  00.53  07.79  267.6  009.26  30.801  1024.655  1472.10 
2024 01 25 22 03 27.26  30.887  06.271  0097.70  00.57  07.79  267.1  009.26  30.803  1024.657  1472.11 
2024 01 25 22 03 27.51  30.886  06.268  0097.92  00.55  07.79  267.1  009.26  30.804  1024.660  1472.10 
2024 01 25 22 03 27.76  30.882  06.263  0098.13  00.57  07.79  267.1  009.26  30.803  1024.661  1472.08 
2024 01 25 22 03 28.01  30.882  06.262  0098.36  00.55  07.79  267.1  009.26  30.805  1024.663  1472.08 
2024 01 25 22 03 28.26  30.882  06.260  0098.57  00.56  07.79  267.1  009.26  30.807  1024.666  1472.08 
2024 01 25 22 03 28.51  30.879  06.254  0098.80  00.58  07.79  267.1  009.26  30.809  1024.670  1472.07 
2024 01 25 22 03 28.76  30.879  06.254  0099.02  00.58  07.79  267.1  009.26  30.809  1024.671  1472.07 
2024 01 25 22 03 29.01  30.877  06.251  0099.28  00.55  07.79  267.1  009.26  30.809  1024.672  1472.06 
2024 01 25 22 03 29.26  30.875  06.250  0099.47  00.58  07.78  267.1  009.26  30.808  1024.672  1472.06 
2024 01 25 22 03 29.51  30.875  06.251  0099.72  00.51  07.79  267.1  009.26  30.807  1024.673  1472.06 
2024 01 25 22 03 29.76  30.877  06.251  0099.93  00.53  07.79  267.1  009.26  30.809  1024.675  1472.07 
2024 01 25 22 03 30.01  30.878  06.250  0100.18  00.52  07.79  267.1  009.26  30.811  1024.678  1472.07 
2024 01 25 22 03 30.26  30.877  06.250  0100.42  00.50  07.79  266.8  009.26  30.810  1024.678  1472.07 
2024 01 25 22 03 30.51  30.876  06.249  0100.64  00.50  07.79  266.8  009.26  30.810  1024.679  1472.07 
2024 01 25 22 03 30.76  30.877  06.248  0100.88  00.50  07.79  266.8  009.26  30.811  1024.682  1472.08 
2024 01 25 22 03 31.01  30.874  06.248  0101.07  00.49  07.79  266.8  009.26  30.808  1024.680  1472.08 
2024 01 25 22 03 31.26  30.874  06.246  0101.28  00.51  07.79  266.8  009.26  30.809  1024.682  1472.08 
2024 01 25 22 03 31.51  30.876  06.246  0101.53  00.51  07.79  266.8  009.26  30.812  1024.685  1472.08 
2024 01 25 22 03 31.76  30.875  06.245  0101.74  00.50  07.79  266.8  009.26  30.812  1024.686  1472.08 
2024 01 25 22 03 32.01  30.873  06.242  0101.99  00.51  07.79  266.8  009.26  30.811  1024.687  1472.07 
2024 01 25 22 03 32.26  30.872  06.242  0102.20  00.57  07.78  266.8  009.26  30.810  1024.688  1472.07 
2024 01 25 22 03 32.51  30.875  06.241  0102.41  00.52  07.79  266.8  009.26  30.815  1024.693  1472.08 
2024 01 25 22 03 32.76  30.874  06.240  0102.63  00.51  07.79  266.8  009.26  30.815  1024.694  1472.08 
2024 01 25 22 03 33.01  30.874  06.239  0102.84  00.54  07.79  266.8  009.26  30.814  1024.694  1472.08 
2024 01 25 22 03 33.26  30.874  06.238  0103.07  00.52  07.79  266.5  009.26  30.815  1024.696  1472.08 
2024 01 25 22 03 33.51  30.871  06.238  0103.27  00.57  07.79  266.5  009.26  30.812  1024.695  1472.08 
2024 01 25 22 03 33.76  30.873  06.238  0103.48  00.59  07.79  266.5  009.26  30.815  1024.698  1472.08 
2024 01 25 22 03 34.01  30.875  06.238  0103.72  00.56  07.79  266.5  009.26  30.817  1024.701  1472.09 
2024 01 25 22 03 34.26  30.875  06.238  0103.93  00.52  07.79  266.5  009.26  30.817  1024.701  1472.09 
2024 01 25 22 03 34.51  30.871  06.237  0104.15  00.50  07.79  266.5  009.26  30.813  1024.699  1472.09 
2024 01 25 22 03 34.76  30.873  06.239  0104.39  00.47  07.79  266.5  009.26  30.813  1024.701  1472.10 
2024 01 25 22 03 35.01  30.873  06.237  0104.59  00.50  07.79  266.5  009.26  30.815  1024.703  1472.10 
2024 01 25 22 03 35.26  30.872  06.238  0104.84  00.54  07.78  266.5  009.26  30.813  1024.703  1472.10 
2024 01 25 22 03 35.51  30.872  06.236  0105.07  00.52  07.79  266.5  009.26  30.814  1024.705  1472.10 
2024 01 25 22 03 35.76  30.874  06.237  0105.26  00.51  07.79  266.5  009.26  30.816  1024.707  1472.11 
2024 01 25 22 03 36.01  30.874  06.236  0105.47  00.47  07.79  266.5  009.26  30.816  1024.708  1472.11 
2024 01 25 22 03 36.26  30.872  06.236  0105.68  00.52  07.79  266.2  009.26  30.814  1024.708  1472.11 
2024 01 25 22 03 36.51  30.871  06.237  0105.90  00.53  07.79  266.2  009.26  30.812  1024.707  1472.12 
2024 01 25 22 03 36.76  30.873  06.238  0106.14  00.56  07.79  266.2  009.26  30.813  1024.709  1472.12 
2024 01 25 22 03 37.01  30.872  06.236  0106.33  00.52  07.79  266.2  009.26  30.814  1024.710  1472.12 
2024 01 25 22 03 37.26  30.874  06.233  0106.60  00.52  07.79  266.2  009.26  30.819  1024.716  1472.12 
2024 01 25 22 03 37.51  30.874  06.236  0106.83  00.54  07.79  266.2  009.26  30.816  1024.714  1472.13 
2024 01 25 22 03 37.76  30.873  06.235  0107.05  00.48  07.79  266.2  009.26  30.816  1024.715  1472.13 
2024 01 25 22 03 38.01  30.873  06.235  0107.29  00.52  07.79  266.2  009.26  30.815  1024.716  1472.13 
2024 01 25 22 03 38.26  30.873  06.234  0107.50  00.55  07.78  266.2  009.26  30.816  1024.718  1472.13 
2024 01 25 22 03 38.51  30.874  06.234  0107.75  00.46  07.79  266.2  009.26  30.817  1024.719  1472.14 
2024 01 25 22 03 38.76  30.870  06.235  0107.99  00.47  07.79  266.2  009.26  30.813  1024.717  1472.14 
2024 01 25 22 03 39.01  30.874  06.235  0108.20  00.47  07.79  266.2  009.26  30.816  1024.721  1472.15 
2024 01 25 22 03 39.26  30.872  06.234  0108.42  00.50  07.79  265.8  009.26  30.815  1024.721  1472.15 
2024 01 25 22 03 39.51  30.873  06.235  0108.62  00.48  07.79  265.8  009.26  30.815  1024.722  1472.15 
2024 01 25 22 03 39.76  30.871  06.233  0108.85  00.53  07.79  265.8  009.26  30.814  1024.723  1472.15 
2024 01 25 22 03 40.01  30.872  06.232  0109.08  00.52  07.79  265.8  009.26  30.816  1024.726  1472.15 
2024 01 25 22 03 40.26  30.871  06.233  0109.27  00.51  07.79  265.8  009.26  30.815  1024.725  1472.16 
2024 01 25 22 03 40.51  30.870  06.226  0109.50  00.55  07.79  265.8  009.26  30.820  1024.731  1472.14 
2024 01 25 22 03 40.76  30.866  06.221  0109.74  00.55  07.79  265.8  009.26  30.820  1024.733  1472.12 
2024 01 25 22 03 41.01  30.864  06.220  0109.97  00.55  07.79  265.8  009.26  30.818  1024.733  1472.12 
2024 01 25 22 03 41.26  30.866  06.219  0110.19  00.52  07.78  265.8  009.26  30.821  1024.736  1472.13 
2024 01 25 22 03 41.51  30.865  06.218  0110.40  00.51  07.79  265.8  009.26  30.820  1024.737  1472.12 
2024 01 25 22 03 41.76  30.865  06.218  0110.63  00.52  07.79  265.8  009.26  30.820  1024.738  1472.13 
2024 01 25 22 03 42.01  30.866  06.216  0110.85  00.52  07.79  265.8  009.26  30.823  1024.741  1472.13 
2024 01 25 22 03 42.26  30.862  06.216  0111.08  00.50  07.79  265.7  009.26  30.819  1024.739  1472.12 
2024 01 25 22 03 42.51  30.862  06.213  0111.30  00.50  07.79  265.7  009.26  30.822  1024.743  1472.12 
2024 01 25 22 03 42.76  30.862  06.213  0111.54  00.49  07.79  265.7  009.26  30.821  1024.743  1472.12 
2024 01 25 22 03 43.01  30.862  06.212  0111.73  00.52  07.79  265.7  009.26  30.822  1024.745  1472.12 
2024 01 25 22 03 43.26  30.862  06.212  0111.99  00.46  07.79  265.7  009.26  30.821  1024.745  1472.13 
2024 01 25 22 03 43.51  30.862  06.213  0112.18  00.55  07.79  265.7  009.26  30.822  1024.747  1472.13 
2024 01 25 22 03 43.76  30.862  06.211  0112.42  00.50  07.79  265.7  009.26  30.822  1024.748  1472.13 
2024 01 25 22 03 44.01  30.863  06.212  0112.68  00.47  07.79  265.7  009.26  30.823  1024.750  1472.14 
2024 01 25 22 03 44.26  30.862  06.213  0112.92  00.46  07.78  265.7  009.26  30.821  1024.749  1472.14 
2024 01 25 22 03 44.51  30.861  06.211  0113.14  00.45  07.79  265.7  009.26  30.821  1024.751  1472.14 
2024 01 25 22 03 44.76  30.858  06.211  0113.35  00.52  07.79  265.7  009.26  30.818  1024.749  1472.14 
2024 01 25 22 03 45.01  30.861  06.211  0113.60  00.52  07.79  265.7  009.26  30.821  1024.753  1472.15 
2024 01 25 22 03 45.26  30.862  06.210  0113.85  00.55  07.79  265.9  009.26  30.823  1024.756  1472.15 
2024 01 25 22 03 45.51  30.862  06.211  0114.06  00.52  07.79  265.9  009.26  30.822  1024.756  1472.15 
2024 01 25 22 03 45.76  30.862  06.210  0114.32  00.52  07.79  265.9  009.26  30.824  1024.758  1472.16 
2024 01 25 22 03 46.01  30.859  06.210  0114.53  00.45  07.79  265.9  009.26  30.820  1024.756  1472.16 
2024 01 25 22 03 46.26  30.862  06.208  0114.78  00.53  07.79  265.9  009.26  30.825  1024.762  1472.16 
2024 01 25 22 03 46.51  30.861  06.209  0115.02  00.58  07.79  265.9  009.26  30.822  1024.761  1472.16 
2024 01 25 22 03 46.76  30.861  06.208  0115.22  00.47  07.79  265.9  009.26  30.823  1024.762  1472.16 
2024 01 25 22 03 47.01  30.859  06.208  0115.46  00.50  07.79  265.9  009.26  30.821  1024.762  1472.16 
2024 01 25 22 03 47.26  30.862  06.208  0115.69  00.47  07.78  265.9  009.26  30.824  1024.765  1472.17 
2024 01 25 22 03 47.51  30.862  06.209  0115.88  00.50  07.79  265.9  009.26  30.822  1024.765  1472.18 
2024 01 25 22 03 47.76  30.862  06.209  0116.04  00.46  07.79  265.9  009.26  30.822  1024.765  1472.18 
2024 01 25 22 03 48.01  30.859  06.208  0116.21  00.51  07.79  265.9  009.26  30.820  1024.765  1472.18 
2024 01 25 22 03 48.26  30.859  06.209  0116.43  00.50  07.79  266.2  009.26  30.820  1024.766  1472.18 
2024 01 25 22 03 48.51  30.863  06.209  0116.67  00.52  07.79  266.2  009.26  30.824  1024.770  1472.19 
2024 01 25 22 03 48.76  30.861  06.209  0116.82  00.48  07.79  266.2  009.26  30.822  1024.768  1472.19 
2024 01 25 22 03 49.01  30.861  06.208  0117.07  00.48  07.79  266.2  009.26  30.822  1024.770  1472.19 
2024 01 25 22 03 49.26  30.862  06.208  0117.28  00.50  07.79  266.2  009.26  30.824  1024.772  1472.20 
2024 01 25 22 03 49.51  30.860  06.207  0117.46  00.48  07.79  266.2  009.26  30.822  1024.771  1472.20 
2024 01 25 22 03 49.76  30.862  06.208  0117.69  00.50  07.79  266.2  009.26  30.824  1024.774  1472.20 
2024 01 25 22 03 50.01  30.862  06.205  0117.89  00.48  07.79  266.2  009.26  30.825  1024.777  1472.20 
2024 01 25 22 03 50.26  30.859  06.205  0118.12  00.49  07.78  266.2  009.26  30.822  1024.775  1472.20 
2024 01 25 22 03 50.51  30.858  06.203  0118.35  00.50  07.79  266.2  009.26  30.822  1024.777  1472.20 
2024 01 25 22 03 50.76  30.859  06.202  0118.53  00.51  07.79  266.2  009.26  30.824  1024.779  1472.20 
2024 01 25 22 03 51.01  30.856  06.202  0118.79  00.54  07.79  266.2  009.26  30.821  1024.778  1472.20 
2024 01 25 22 03 51.26  30.856  06.198  0118.97  00.45  07.79  266.8  009.26  30.825  1024.782  1472.19 
2024 01 25 22 03 51.51  30.857  06.195  0119.22  00.47  07.79  266.8  009.26  30.828  1024.786  1472.18 
2024 01 25 22 03 51.76  30.857  06.196  0119.42  00.49  07.79  266.8  009.26  30.828  1024.787  1472.19 
2024 01 25 22 03 52.01  30.854  06.195  0119.65  00.50  07.79  266.8  009.26  30.825  1024.786  1472.19 
2024 01 25 22 03 52.26  30.855  06.194  0119.87  00.48  07.79  266.8  009.26  30.827  1024.789  1472.19 
2024 01 25 22 03 52.51  30.855  06.194  0120.10  00.50  07.79  266.8  009.26  30.827  1024.790  1472.19 
2024 01 25 22 03 52.76  30.856  06.194  0120.31  00.46  07.79  266.8  009.26  30.828  1024.792  1472.20 
2024 01 25 22 03 53.01  30.855  06.194  0120.56  00.47  07.79  266.8  009.26  30.827  1024.792  1472.20 
2024 01 25 22 03 53.26  30.855  06.193  0120.76  00.53  07.78  266.8  009.26  30.827  1024.792  1472.20 
2024 01 25 22 03 53.51  30.855  06.194  0120.98  00.50  07.79  266.8  009.26  30.826  1024.793  1472.20 
2024 01 25 22 03 53.76  30.855  06.193  0121.22  00.53  07.79  266.8  009.26  30.828  1024.796  1472.21 
2024 01 25 22 03 54.01  30.854  06.193  0121.40  00.55  07.79  266.8  009.26  30.826  1024.795  1472.21 
2024 01 25 22 03 54.26  30.855  06.193  0121.64  00.50  07.79  267.4  009.26  30.826  1024.796  1472.21 
2024 01 25 22 03 54.51  30.855  06.193  0121.86  00.51  07.79  267.4  009.26  30.826  1024.797  1472.22 
2024 01 25 22 03 54.76  30.854  06.193  0122.08  00.50  07.79  267.4  009.26  30.826  1024.798  1472.22 
2024 01 25 22 03 55.01  30.854  06.194  0122.29  00.49  07.79  267.4  009.26  30.824  1024.798  1472.22 
2024 01 25 22 03 55.26  30.856  06.193  0122.48  00.45  07.79  267.4  009.26  30.828  1024.801  1472.23 
2024 01 25 22 03 55.51  30.857  06.193  0122.68  00.47  07.79  267.4  009.26  30.828  1024.803  1472.23 
2024 01 25 22 03 55.76  30.855  06.194  0122.87  00.47  07.79  267.4  009.26  30.825  1024.801  1472.23 
2024 01 25 22 03 56.01  30.854  06.193  0123.09  00.49  07.79  267.4  009.26  30.825  1024.802  1472.23 
2024 01 25 22 03 56.26  30.855  06.194  0123.30  00.57  07.78  267.4  009.26  30.826  1024.804  1472.24 
2024 01 25 22 03 56.51  30.855  06.193  0123.48  00.60  07.79  267.4  009.26  30.826  1024.804  1472.24 
2024 01 25 22 03 56.76  30.855  06.191  0123.66  00.53  07.79  267.4  009.26  30.828  1024.807  1472.24 
2024 01 25 22 03 57.01  30.854  06.190  0123.83  00.55  07.79  267.4  009.26  30.827  1024.808  1472.24 
2024 01 25 22 03 57.26  30.853  06.190  0123.99  00.54  07.79  267.8  009.26  30.826  1024.808  1472.24 
2024 01 25 22 03 57.51  30.854  06.189  0124.18  00.52  07.79  267.8  009.26  30.828  1024.810  1472.24 
2024 01 25 22 03 57.76  30.852  06.187  0124.35  00.56  07.79  267.8  009.26  30.828  1024.811  1472.23 
2024 01 25 22 03 58.01  30.851  06.181  0124.56  00.53  07.79  267.8  009.26  30.832  1024.816  1472.22 
2024 01 25 22 03 58.26  30.850  06.180  0124.74  00.49  07.79  267.8  009.26  30.832  1024.817  1472.22 
2024 01 25 22 03 58.51  30.848  06.180  0124.89  00.50  07.79  267.8  009.26  30.830  1024.816  1472.22 
2024 01 25 22 03 58.76  30.847  06.176  0125.08  00.52  07.79  267.8  009.26  30.831  1024.818  1472.21 
2024 01 25 22 03 59.01  30.847  06.176  0125.25  00.48  07.79  267.8  009.26  30.831  1024.819  1472.21 
2024 01 25 22 03 59.26  30.846  06.174  0125.42  00.50  07.78  267.8  009.26  30.832  1024.821  1472.21 
2024 01 25 22 03 59.51  30.843  06.173  0125.61  00.59  07.79  267.8  009.26  30.830  1024.820  1472.20 
2024 01 25 22 03 59.76  30.846  06.173  0125.76  00.54  07.79  267.8  009.26  30.833  1024.823  1472.21 
2024 01 25 22 04 00.01  30.847  06.174  0125.85  00.59  07.79  267.8  009.26  30.834  1024.824  1472.21 
2024 01 25 22 04 00.26  30.846  06.172  0125.94  00.57  07.79  268.1  009.26  30.834  1024.825  1472.21 
2024 01 25 22 04 00.51  30.845  06.174  0126.04  00.56  07.79  268.1  009.26  30.831  1024.823  1472.21 
2024 01 25 22 04 00.76  30.843  06.172  0126.18  00.60  07.79  268.1  009.26  30.831  1024.824  1472.21 
2024 01 25 22 04 01.01  30.845  06.172  0126.31  00.59  07.79  268.1  009.29  30.833  1024.826  1472.21 
2024 01 25 22 04 01.26  30.843  06.172  0126.46  00.57  07.79  268.1  009.26  30.831  1024.825  1472.21 
2024 01 25 22 04 01.51  30.845  06.172  0126.59  00.51  07.79  268.1  009.26  30.833  1024.827  1472.22 
2024 01 25 22 04 01.76  30.844  06.172  0126.68  00.49  07.79  268.1  009.26  30.832  1024.826  1472.22 
2024 01 25 22 04 02.01  30.845  06.170  0126.75  00.49  07.79  268.1  009.26  30.834  1024.829  1472.21 
2024 01 25 22 04 02.26  30.842  06.172  0126.81  00.59  07.78  268.1  009.26  30.829  1024.825  1472.21 
2024 01 25 22 04 02.51  30.843  06.173  0126.86  00.58  07.79  268.1  009.26  30.829  1024.825  1472.22 
2024 01 25 22 04 02.76  30.849  06.175  0126.90  00.54  07.79  268.1  009.26  30.835  1024.829  1472.23 
2024 01 25 22 04 03.01  30.847  06.175  0126.93  00.59  07.79  268.1  009.26  30.832  1024.827  1472.23 
2024 01 25 22 04 03.26  30.847  06.172  0127.01  00.57  07.79  268.3  009.26  30.834  1024.830  1472.22 
2024 01 25 22 04 03.51  30.843  06.173  0127.08  00.53  07.79  268.3  009.26  30.829  1024.826  1472.22 
2024 01 25 22 04 03.76  30.845  06.174  0127.14  00.51  07.79  268.3  009.26  30.830  1024.827  1472.23 
2024 01 25 22 04 04.01  30.847  06.174  0127.19  00.56  07.79  268.3  009.26  30.833  1024.829  1472.23 
2024 01 25 22 04 04.26  30.844  06.172  0127.26  00.50  07.79  268.3  009.26  30.831  1024.829  1472.23 
2024 01 25 22 04 04.51  30.844  06.173  0127.31  00.52  07.79  268.3  009.26  30.831  1024.829  1472.23 
2024 01 25 22 04 04.76  30.847  06.172  0127.38  00.69  07.79  268.3  009.26  30.835  1024.832  1472.23 
2024 01 25 22 04 05.01  30.845  06.171  0127.44  00.66  07.79  268.3  009.26  30.833  1024.831  1472.23 
2024 01 25 22 04 05.26  30.844  06.173  0127.51  00.64  07.78  268.3  009.26  30.831  1024.830  1472.23 
2024 01 25 22 04 05.51  30.847  06.172  0127.58  00.90  07.79  268.3  009.26  30.834  1024.833  1472.23 
2024 01 25 22 04 05.76  30.845  06.174  0127.64  00.73  07.79  268.3  009.26  30.831  1024.830  1472.24 
2024 01 25 22 04 06.01  30.847  06.174  0127.67  00.68  07.79  268.3  009.26  30.832  1024.831  1472.24 
2024 01 25 22 04 06.26  30.847  06.175  0127.74  00.60  07.79  268.4  009.26  30.832  1024.832  1472.24 
2024 01 25 22 04 06.51  30.846  06.172  0127.79  00.57  07.79  268.4  009.26  30.833  1024.833  1472.24 
2024 01 25 22 04 06.76  30.845  06.172  0127.87  00.58  07.79  268.4  009.26  30.832  1024.833  1472.23 
2024 01 25 22 04 07.01  30.846  06.172  0127.93  00.63  07.79  268.4  009.26  30.833  1024.834  1472.24 
2024 01 25 22 04 07.26  30.847  06.171  0128.01  00.61  07.79  268.4  009.26  30.834  1024.835  1472.24 
2024 01 25 22 04 07.51  30.844  06.171  0128.11  00.59  07.79  268.4  009.26  30.832  1024.833  1472.24 
2024 01 25 22 04 07.76  30.846  06.171  0128.17  00.57  07.79  268.4  009.26  30.834  1024.835  1472.24 
2024 01 25 22 04 08.01  30.845  06.171  0128.27  00.57  07.79  268.4  009.26  30.833  1024.835  1472.24 
2024 01 25 22 04 08.26  30.847  06.172  0128.32  00.55  07.78  268.4  009.26  30.834  1024.836  1472.24 
2024 01 25 22 04 08.51  30.845  06.171  0128.37  00.59  07.79  268.4  009.26  30.833  1024.835  1472.24 
2024 01 25 22 04 08.76  30.845  06.171  0128.43  00.58  07.79  268.4  009.26  30.833  1024.835  1472.24 
2024 01 25 22 04 09.01  30.845  06.171  0128.49  00.58  07.79  268.4  009.26  30.833  1024.836  1472.24 
2024 01 25 22 04 09.26  30.843  06.174  0128.59  00.56  07.79  268.4  009.26  30.828  1024.832  1472.25 
2024 01 25 22 04 09.51  30.847  06.175  0128.65  00.62  07.79  268.4  009.26  30.832  1024.836  1472.26 
2024 01 25 22 04 09.76  30.845  06.174  0128.77  00.56  07.79  268.4  009.26  30.830  1024.834  1472.26 
2024 01 25 22 04 10.01  30.845  06.173  0128.88  00.54  07.79  268.4  009.26  30.831  1024.836  1472.25 
2024 01 25 22 04 10.26  30.846  06.173  0128.99  00.57  07.79  268.4  009.26  30.831  1024.837  1472.26 
2024 01 25 22 04 10.51  30.844  06.174  0129.08  00.59  07.79  268.4  009.26  30.829  1024.835  1472.26 
2024 01 25 22 04 10.76  30.847  06.172  0129.15  00.62  07.79  268.4  009.26  30.833  1024.839  1472.26 
2024 01 25 22 04 11.01  30.847  06.172  0129.22  00.66  07.79  268.4  009.26  30.834  1024.840  1472.26 
2024 01 25 22 04 11.26  30.847  06.175  0129.29  00.57  07.78  268.4  009.26  30.830  1024.837  1472.27 
2024 01 25 22 04 11.51  30.847  06.174  0129.35  00.57  07.79  268.4  009.26  30.831  1024.838  1472.27 
2024 01 25 22 04 11.76  30.847  06.173  0129.40  00.64  07.79  268.4  009.26  30.832  1024.839  1472.27 
2024 01 25 22 04 12.01  30.845  06.174  0129.48  00.66  07.79  268.4  009.26  30.829  1024.837  1472.27 
2024 01 25 22 04 12.26  30.843  06.173  0129.57  00.71  07.79  268.5  009.26  30.828  1024.837  1472.26 
2024 01 25 22 04 12.51  30.845  06.171  0129.65  00.62  07.79  268.5  009.26  30.833  1024.841  1472.26 
2024 01 25 22 04 12.76  30.843  06.166  0129.76  00.57  07.79  268.5  009.26  30.834  1024.844  1472.24 
2024 01 25 22 04 13.01  30.843  06.169  0129.81  00.61  07.79  268.5  009.26  30.831  1024.841  1472.25 
2024 01 25 22 04 13.26  30.843  06.170  0129.84  00.53  07.79  268.5  009.26  30.832  1024.841  1472.26 
2024 01 25 22 04 13.51  30.843  06.168  0129.87  00.57  07.79  268.5  009.26  30.833  1024.843  1472.25 
2024 01 25 22 04 13.76  30.841  06.167  0129.94  00.57  07.79  268.5  009.26  30.832  1024.842  1472.25 
2024 01 25 22 04 14.01  30.843  06.165  0129.96  00.59  07.79  268.5  009.26  30.834  1024.845  1472.25 
2024 01 25 22 04 14.26  30.841  06.167  0130.02  00.58  07.78  268.5  009.26  30.831  1024.842  1472.25 
2024 01 25 22 04 14.51  30.843  06.166  0130.02  00.65  07.79  268.5  009.26  30.834  1024.845  1472.25 
2024 01 25 22 04 14.76  30.839  06.166  0130.05  00.66  07.79  268.5  009.26  30.830  1024.841  1472.25 
2024 01 25 22 04 15.01  30.842  06.166  0130.08  00.59  07.79  268.5  009.26  30.833  1024.844  1472.25 
2024 01 25 22 04 15.26  30.840  06.164  0130.13  00.59  07.79  268.6  009.26  30.833  1024.844  1472.24 
2024 01 25 22 04 15.51  30.841  06.164  0130.15  00.58  07.79  268.6  009.26  30.834  1024.845  1472.24 
2024 01 25 22 04 15.76  30.839  06.159  0130.20  00.59  07.79  268.6  009.26  30.835  1024.847  1472.23 
2024 01 25 22 04 16.01  30.839  06.160  0130.23  00.61  07.79  268.6  009.26  30.836  1024.848  1472.23 
2024 01 25 22 04 16.26  30.838  06.158  0130.24  00.58  07.79  268.6  009.26  30.835  1024.848  1472.22 
2024 01 25 22 04 16.51  30.840  06.159  0130.28  00.52  07.79  268.6  009.26  30.837  1024.849  1472.23 
2024 01 25 22 04 16.76  30.839  06.161  0130.33  00.51  07.79  268.6  009.26  30.835  1024.847  1472.23 
2024 01 25 22 04 17.01  30.838  06.157  0130.41  00.51  07.79  268.6  009.26  30.836  1024.849  1472.22 
2024 01 25 22 04 17.26  30.837  06.158  0130.50  00.58  07.78  268.6  009.26  30.835  1024.849  1472.22 
2024 01 25 22 04 17.51  30.837  06.158  0130.59  00.60  07.79  268.6  009.26  30.835  1024.849  1472.23 
2024 01 25 22 04 17.76  30.838  06.159  0130.70  00.64  07.79  268.6  009.26  30.835  1024.849  1472.23 
2024 01 25 22 04 18.01  30.837  06.157  0130.80  00.64  07.79  268.6  009.26  30.836  1024.851  1472.23 
2024 01 25 22 04 18.26  30.836  06.157  0130.91  00.57  07.79  268.5  009.26  30.835  1024.850  1472.23 
2024 01 25 22 04 18.51  30.837  06.158  0130.98  00.60  07.79  268.5  009.26  30.835  1024.851  1472.23 
2024 01 25 22 04 18.76  30.836  06.156  0131.05  00.58  07.79  268.5  009.26  30.835  1024.851  1472.23 
2024 01 25 22 04 19.01  30.837  06.157  0131.06  00.58  07.79  268.5  009.26  30.835  1024.851  1472.23 
2024 01 25 22 04 19.26  30.836  06.158  0130.98  00.58  07.79  268.5  009.26  30.834  1024.850  1472.23 
2024 01 25 22 04 19.51  30.838  06.159  0130.93  00.61  07.79  268.5  009.26  30.834  1024.850  1472.24 
2024 01 25 22 04 19.76  30.839  06.163  0130.79  00.57  07.79  268.5  009.26  30.832  1024.847  1472.25 
2024 01 25 22 04 20.01  30.838  06.162  0130.69  00.55  07.79  268.5  009.26  30.831  1024.846  1472.24 
2024 01 25 22 04 20.26  30.835  06.160  0130.57  00.52  07.78  268.5  009.26  30.831  1024.846  1472.23 
2024 01 25 22 04 20.51  30.836  06.160  0130.52  00.54  07.79  268.5  009.26  30.832  1024.846  1472.23 
2024 01 25 22 04 20.76  30.835  06.160  0130.49  00.57  07.79  268.5  009.26  30.830  1024.844  1472.23 
2024 01 25 22 04 21.01  30.835  06.159  0130.52  00.59  07.79  268.5  009.26  30.832  1024.846  1472.23 
2024 01 25 22 04 21.26  30.836  06.158  0130.58  00.60  07.79  268.7  009.26  30.834  1024.848  1472.23 
2024 01 25 22 04 21.51  30.833  06.157  0130.58  00.59  07.79  268.7  009.26  30.831  1024.846  1472.22 
2024 01 25 22 04 21.76  30.836  06.158  0130.58  00.57  07.79  268.7  009.26  30.834  1024.848  1472.23 
2024 01 25 22 04 22.01  30.834  06.159  0130.52  00.57  07.79  268.7  009.26  30.830  1024.845  1472.22 
2024 01 25 22 04 22.26  30.835  06.158  0130.38  00.54  07.79  268.7  009.26  30.833  1024.846  1472.22 
2024 01 25 22 04 22.51  30.837  06.159  0130.28  00.55  07.79  268.7  009.26  30.834  1024.847  1472.23 
2024 01 25 22 04 22.76  30.837  06.158  0130.16  00.57  07.79  268.7  009.26  30.835  1024.847  1472.22 
2024 01 25 22 04 23.01  30.835  06.158  0130.03  00.63  07.79  268.7  009.26  30.832  1024.844  1472.22 
2024 01 25 22 04 23.26  30.837  06.158  0129.94  00.59  07.78  268.7  009.26  30.835  1024.846  1472.22 
2024 01 25 22 04 23.51  30.835  06.159  0129.81  00.62  07.79  268.7  009.26  30.832  1024.843  1472.22 
2024 01 25 22 04 23.76  30.834  06.159  0129.70  00.62  07.79  268.7  009.26  30.831  1024.842  1472.21 
2024 01 25 22 04 24.01  30.834  06.160  0129.57  00.61  07.79  268.7  009.26  30.830  1024.840  1472.21 
2024 01 25 22 04 24.26  30.835  06.159  0129.46  00.58  07.79  268.6  009.26  30.831  1024.841  1472.21 
2024 01 25 22 04 24.51  30.837  06.164  0129.39  00.66  07.79  268.6  009.26  30.830  1024.839  1472.23 
2024 01 25 22 04 24.76  30.839  06.162  0129.37  00.60  07.79  268.6  009.26  30.834  1024.842  1472.22 
2024 01 25 22 04 25.01  30.835  06.160  0129.34  00.60  07.79  268.6  009.26  30.830  1024.839  1472.21 
2024 01 25 22 04 25.26  30.837  06.164  0129.31  00.59  07.79  268.6  009.26  30.830  1024.839  1472.22 
2024 01 25 22 04 25.51  30.835  06.165  0129.24  00.57  07.79  268.6  009.26  30.827  1024.836  1472.22 
2024 01 25 22 04 25.76  30.839  06.167  0129.16  00.55  07.79  268.6  009.26  30.830  1024.837  1472.23 
2024 01 25 22 04 26.01  30.843  06.170  0129.06  00.54  07.79  268.6  009.26  30.831  1024.837  1472.25 
2024 01 25 22 04 26.26  30.843  06.174  0128.93  00.60  07.78  268.6  009.26  30.827  1024.833  1472.26 
2024 01 25 22 04 26.51  30.842  06.173  0128.81  00.57  07.79  268.6  009.26  30.827  1024.833  1472.25 
2024 01 25 22 04 26.76  30.843  06.173  0128.67  00.57  07.79  268.6  009.26  30.828  1024.833  1472.25 
2024 01 25 22 04 27.01  30.843  06.173  0128.53  00.64  07.79  268.6  009.26  30.828  1024.832  1472.25 
2024 01 25 22 04 27.26  30.843  06.174  0128.40  00.64  07.79  268.7  009.26  30.828  1024.832  1472.25 
2024 01 25 22 04 27.51  30.842  06.175  0128.25  00.62  07.79  268.7  009.26  30.826  1024.829  1472.25 
2024 01 25 22 04 27.76  30.843  06.176  0128.13  00.57  07.79  268.7  009.26  30.827  1024.829  1472.25 
2024 01 25 22 04 28.01  30.844  06.174  0128.02  00.66  07.79  268.7  009.26  30.829  1024.831  1472.24 
2024 01 25 22 04 28.26  30.843  06.176  0127.90  00.62  07.79  268.7  009.26  30.826  1024.827  1472.24 
2024 01 25 22 04 28.51  30.843  06.174  0127.77  00.57  07.79  268.7  009.26  30.828  1024.828  1472.24 
2024 01 25 22 04 28.76  30.841  06.172  0127.67  00.60  07.79  268.7  009.26  30.828  1024.828  1472.23 
2024 01 25 22 04 29.01  30.843  06.172  0127.56  00.59  07.79  268.7  009.26  30.830  1024.829  1472.23 
2024 01 25 22 04 29.26  30.839  06.172  0127.47  00.59  07.78  268.7  009.26  30.826  1024.826  1472.22 
2024 01 25 22 04 29.51  30.841  06.171  0127.45  00.66  07.79  268.7  009.26  30.829  1024.828  1472.22 
2024 01 25 22 04 29.76  30.843  06.173  0127.48  00.56  07.79  268.7  009.26  30.829  1024.828  1472.23 
2024 01 25 22 04 30.01  30.839  06.172  0127.51  00.59  07.79  268.7  009.29  30.826  1024.826  1472.22 
2024 01 25 22 04 30.26  30.840  06.171  0127.55  00.60  07.79  268.4  009.26  30.827  1024.827  1472.22 
2024 01 25 22 04 30.51  30.843  06.171  0127.63  00.60  07.79  268.4  009.26  30.830  1024.830  1472.23 
2024 01 25 22 04 30.76  30.844  06.172  0127.69  00.59  07.79  268.4  009.26  30.832  1024.831  1472.23 
2024 01 25 22 04 31.01  30.844  06.172  0127.73  00.57  07.79  268.4  009.26  30.831  1024.831  1472.23 
2024 01 25 22 04 31.26  30.841  06.173  0127.68  00.55  07.79  268.4  009.26  30.827  1024.827  1472.23 
2024 01 25 22 04 31.51  30.843  06.174  0127.59  00.58  07.79  268.4  009.26  30.828  1024.827  1472.23 
2024 01 25 22 04 31.76  30.843  06.174  0127.50  00.55  07.79  268.4  009.26  30.828  1024.827  1472.23 
2024 01 25 22 04 32.01  30.842  06.175  0127.36  00.54  07.79  268.4  009.26  30.826  1024.825  1472.23 
2024 01 25 22 04 32.26  30.840  06.174  0127.21  00.56  07.78  268.4  009.26  30.825  1024.824  1472.22 
2024 01 25 22 04 32.51  30.840  06.174  0127.03  00.57  07.79  268.4  009.26  30.826  1024.823  1472.22 
2024 01 25 22 04 32.76  30.839  06.172  0126.85  00.64  07.79  268.4  009.26  30.826  1024.823  1472.21 
2024 01 25 22 04 33.01  30.840  06.173  0126.68  00.60  07.79  268.4  009.26  30.827  1024.822  1472.21 
2024 01 25 22 04 33.26  30.841  06.172  0126.52  00.52  07.79  268.7  009.26  30.828  1024.823  1472.21 
2024 01 25 22 04 33.51  30.841  06.172  0126.39  00.59  07.79  268.7  009.26  30.829  1024.823  1472.21 
2024 01 25 22 04 33.76  30.841  06.172  0126.25  00.62  07.79  268.7  009.26  30.828  1024.821  1472.21 
2024 01 25 22 04 34.01  30.840  06.173  0126.10  00.57  07.79  268.7  009.26  30.826  1024.820  1472.21 
2024 01 25 22 04 34.26  30.840  06.173  0125.99  00.55  07.79  268.7  009.26  30.827  1024.819  1472.20 
2024 01 25 22 04 34.51  30.841  06.174  0125.84  00.61  07.79  268.7  009.26  30.827  1024.818  1472.21 
2024 01 25 22 04 34.76  30.839  06.176  0125.70  00.62  07.79  268.7  009.26  30.823  1024.814  1472.20 
2024 01 25 22 04 35.01  30.841  06.177  0125.52  00.89  07.79  268.7  009.26  30.825  1024.815  1472.21 
2024 01 25 22 04 35.26  30.838  06.176  0125.37  00.68  07.78  268.7  009.26  30.822  1024.812  1472.20 
2024 01 25 22 04 35.51  30.838  06.176  0125.19  00.59  07.79  268.7  009.26  30.821  1024.811  1472.20 
2024 01 25 22 04 35.76  30.841  06.178  0124.99  00.53  07.79  268.7  009.26  30.824  1024.812  1472.20 
2024 01 25 22 04 36.01  30.839  06.179  0124.80  00.57  07.79  268.7  009.26  30.820  1024.808  1472.20 
2024 01 25 22 04 36.26  30.844  06.179  0124.67  00.60  07.79  268.5  009.26  30.826  1024.812  1472.20 
2024 01 25 22 04 36.51  30.849  06.184  0124.47  00.55  07.79  268.5  009.26  30.827  1024.811  1472.22 
2024 01 25 22 04 36.76  30.844  06.186  0124.31  00.59  07.79  268.5  009.26  30.820  1024.804  1472.22 
2024 01 25 22 04 37.01  30.847  06.186  0124.09  00.60  07.79  268.5  009.26  30.823  1024.806  1472.22 
2024 01 25 22 04 37.26  30.847  06.187  0123.86  00.64  07.79  268.5  009.26  30.822  1024.804  1472.22 
2024 01 25 22 04 37.51  30.848  06.190  0123.68  00.62  07.79  268.5  009.26  30.821  1024.802  1472.23 
2024 01 25 22 04 37.76  30.847  06.191  0123.46  00.60  07.79  268.5  009.26  30.819  1024.799  1472.22 
2024 01 25 22 04 38.01  30.850  06.191  0123.30  00.59  07.79  268.5  009.26  30.822  1024.801  1472.22 
2024 01 25 22 04 38.26  30.848  06.191  0123.10  00.59  07.78  268.5  009.26  30.820  1024.799  1472.22 
2024 01 25 22 04 38.51  30.848  06.191  0122.95  00.59  07.79  268.5  009.26  30.820  1024.798  1472.22 
2024 01 25 22 04 38.76  30.850  06.190  0122.81  00.57  07.79  268.5  009.26  30.823  1024.800  1472.22 
2024 01 25 22 04 39.01  30.847  06.190  0122.66  00.60  07.79  268.5  009.26  30.821  1024.797  1472.21 
2024 01 25 22 04 39.26  30.847  06.192  0122.49  00.58  07.79  268.5  009.26  30.819  1024.795  1472.21 
2024 01 25 22 04 39.51  30.848  06.191  0122.34  00.55  07.79  268.5  009.26  30.820  1024.795  1472.21 
2024 01 25 22 04 39.76  30.849  06.192  0122.15  00.62  07.79  268.5  009.26  30.821  1024.795  1472.21 
2024 01 25 22 04 40.01  30.849  06.192  0121.98  00.62  07.79  268.5  009.26  30.821  1024.794  1472.21 
2024 01 25 22 04 40.26  30.847  06.191  0121.78  00.57  07.79  268.5  009.26  30.819  1024.792  1472.20 
2024 01 25 22 04 40.51  30.847  06.192  0121.60  00.57  07.79  268.5  009.26  30.820  1024.791  1472.20 
2024 01 25 22 04 40.76  30.847  06.192  0121.43  00.57  07.79  268.5  009.26  30.820  1024.790  1472.20 
2024 01 25 22 04 41.01  30.846  06.192  0121.27  00.66  07.79  268.5  009.26  30.818  1024.788  1472.19 
2024 01 25 22 04 41.26  30.847  06.193  0121.12  00.59  07.78  268.5  009.26  30.819  1024.789  1472.19 
2024 01 25 22 04 41.51  30.848  06.193  0120.95  00.63  07.79  268.5  009.26  30.820  1024.788  1472.19 
2024 01 25 22 04 41.76  30.846  06.192  0120.80  00.61  07.79  268.5  009.26  30.818  1024.786  1472.18 
2024 01 25 22 04 42.01  30.846  06.192  0120.66  00.56  07.79  268.5  009.26  30.818  1024.786  1472.18 
2024 01 25 22 04 42.26  30.847  06.192  0120.49  00.57  07.79  268.3  009.26  30.820  1024.786  1472.18 
2024 01 25 22 04 42.51  30.849  06.193  0120.31  00.53  07.79  268.3  009.26  30.821  1024.786  1472.18 
2024 01 25 22 04 42.76  30.847  06.193  0120.13  00.56  07.79  268.3  009.26  30.820  1024.784  1472.18 
2024 01 25 22 04 43.01  30.849  06.193  0119.93  00.58  07.79  268.3  009.26  30.821  1024.784  1472.18 
2024 01 25 22 04 43.26  30.849  06.192  0119.75  00.56  07.79  268.3  009.26  30.822  1024.784  1472.17 
2024 01 25 22 04 43.51  30.848  06.193  0119.60  00.53  07.79  268.3  009.26  30.821  1024.783  1472.17 
2024 01 25 22 04 43.76  30.847  06.194  0119.44  00.56  07.79  268.3  009.26  30.818  1024.779  1472.17 
2024 01 25 22 04 44.01  30.847  06.192  0119.30  00.51  07.79  268.3  009.26  30.820  1024.781  1472.16 
2024 01 25 22 04 44.26  30.846  06.193  0119.14  00.55  07.78  268.3  009.26  30.818  1024.778  1472.16 
2024 01 25 22 04 44.51  30.849  06.194  0119.01  00.61  07.79  268.3  009.26  30.821  1024.780  1472.17 
2024 01 25 22 04 44.76  30.846  06.194  0118.83  00.53  07.79  268.3  009.26  30.817  1024.776  1472.16 
2024 01 25 22 04 45.01  30.847  06.195  0118.61  00.53  07.79  268.3  009.26  30.817  1024.775  1472.16 
2024 01 25 22 04 45.26  30.847  06.195  0118.41  00.55  07.79  268.2  009.26  30.817  1024.774  1472.16 
2024 01 25 22 04 45.51  30.848  06.195  0118.18  00.58  07.79  268.2  009.26  30.820  1024.775  1472.15 
2024 01 25 22 04 45.76  30.848  06.195  0118.00  00.68  07.79  268.2  009.26  30.819  1024.774  1472.15 
2024 01 25 22 04 46.01  30.846  06.196  0117.81  00.65  07.79  268.2  009.26  30.816  1024.770  1472.15 
2024 01 25 22 04 46.26  30.850  06.197  0117.64  00.57  07.79  268.2  009.26  30.819  1024.772  1472.16 
2024 01 25 22 04 46.51  30.847  06.201  0117.51  00.55  07.79  268.2  009.26  30.814  1024.766  1472.16 
2024 01 25 22 04 46.76  30.849  06.201  0117.36  00.57  07.79  268.2  009.26  30.815  1024.767  1472.16 
2024 01 25 22 04 47.01  30.853  06.203  0117.21  00.53  07.79  268.2  009.26  30.817  1024.767  1472.17 
2024 01 25 22 04 47.26  30.851  06.204  0117.07  00.63  07.78  268.2  009.26  30.814  1024.764  1472.17 
2024 01 25 22 04 47.51  30.851  06.204  0116.91  00.58  07.79  268.2  009.26  30.814  1024.764  1472.17 
2024 01 25 22 04 47.76  30.852  06.204  0116.77  00.52  07.79  268.2  009.26  30.816  1024.764  1472.16 
2024 01 25 22 04 48.01  30.854  06.207  0116.62  00.50  07.79  268.2  009.26  30.815  1024.763  1472.17 
2024 01 25 22 04 48.26  30.853  06.206  0116.46  00.55  07.79  268.4  009.26  30.815  1024.762  1472.17 
2024 01 25 22 04 48.51  30.853  06.206  0116.32  00.62  07.79  268.4  009.26  30.816  1024.762  1472.16 
2024 01 25 22 04 48.76  30.851  06.207  0116.16  00.61  07.79  268.4  009.26  30.811  1024.758  1472.16 
2024 01 25 22 04 49.01  30.854  06.208  0115.99  00.58  07.79  268.4  009.26  30.815  1024.760  1472.17 
2024 01 25 22 04 49.26  30.853  06.209  0115.83  00.53  07.79  268.4  009.26  30.813  1024.757  1472.16 
2024 01 25 22 04 49.51  30.856  06.209  0115.64  00.54  07.79  268.4  009.26  30.817  1024.759  1472.17 
2024 01 25 22 04 49.76  30.854  06.210  0115.48  00.56  07.79  268.4  009.26  30.813  1024.755  1472.16 
2024 01 25 22 04 50.01  30.853  06.207  0115.32  00.53  07.79  268.4  009.26  30.815  1024.756  1472.15 
2024 01 25 22 04 50.26  30.852  06.208  0115.16  00.56  07.78  268.4  009.26  30.813  1024.755  1472.15 
2024 01 25 22 04 50.51  30.851  06.208  0115.03  00.57  07.79  268.4  009.26  30.813  1024.753  1472.15 
2024 01 25 22 04 50.76  30.852  06.207  0114.90  00.57  07.79  268.4  009.26  30.814  1024.754  1472.15 
2024 01 25 22 04 51.01  30.851  06.208  0114.83  00.52  07.79  268.4  009.26  30.813  1024.753  1472.14 
2024 01 25 22 04 51.26  30.851  06.208  0114.70  00.55  07.79  268.0  009.26  30.812  1024.751  1472.14 
2024 01 25 22 04 51.51  30.854  06.208  0114.59  00.57  07.79  268.0  009.26  30.816  1024.754  1472.14 
2024 01 25 22 04 51.76  30.851  06.208  0114.47  00.60  07.79  268.0  009.26  30.812  1024.750  1472.14 
2024 01 25 22 04 52.01  30.851  06.208  0114.35  00.64  07.79  268.0  009.26  30.812  1024.750  1472.14 
2024 01 25 22 04 52.26  30.852  06.208  0114.18  00.57  07.79  268.0  009.26  30.813  1024.750  1472.14 
2024 01 25 22 04 52.51  30.853  06.209  0114.06  00.58  07.79  268.0  009.26  30.814  1024.749  1472.14 
2024 01 25 22 04 52.76  30.855  06.209  0114.00  00.56  07.79  268.0  009.26  30.816  1024.751  1472.14 
2024 01 25 22 04 53.01  30.851  06.209  0114.01  00.58  07.79  268.0  009.26  30.812  1024.748  1472.13 
2024 01 25 22 04 53.26  30.854  06.209  0114.03  00.57  07.78  268.0  009.26  30.815  1024.750  1472.14 
2024 01 25 22 04 53.51  30.851  06.209  0114.00  00.59  07.79  268.0  009.26  30.811  1024.747  1472.13 
2024 01 25 22 04 53.76  30.853  06.208  0113.92  00.57  07.79  268.0  009.26  30.815  1024.750  1472.13 
2024 01 25 22 04 54.01  30.852  06.209  0113.82  00.55  07.79  268.0  009.26  30.813  1024.748  1472.13 
2024 01 25 22 04 54.26  30.852  06.209  0113.67  00.54  07.79  267.9  009.26  30.813  1024.747  1472.13 
2024 01 25 22 04 54.51  30.852  06.209  0113.52  00.58  07.79  267.9  009.26  30.813  1024.747  1472.13 
2024 01 25 22 04 54.76  30.852  06.209  0113.36  00.58  07.79  267.9  009.26  30.813  1024.746  1472.13 
2024 01 25 22 04 55.01  30.851  06.209  0113.20  00.56  07.79  267.9  009.26  30.812  1024.744  1472.12 
2024 01 25 22 04 55.26  30.855  06.211  0113.03  00.52  07.79  267.9  009.26  30.815  1024.746  1472.13 
2024 01 25 22 04 55.51  30.851  06.210  0112.86  00.48  07.79  267.9  009.26  30.810  1024.741  1472.12 
2024 01 25 22 04 55.76  30.852  06.211  0112.70  00.56  07.79  267.9  009.26  30.812  1024.742  1472.12 
2024 01 25 22 04 56.01  30.852  06.210  0112.50  00.62  07.79  267.9  009.26  30.812  1024.741  1472.12 
2024 01 25 22 04 56.26  30.852  06.210  0112.32  00.59  07.78  267.9  009.26  30.812  1024.740  1472.11 
2024 01 25 22 04 56.51  30.852  06.211  0112.12  00.51  07.79  267.9  009.26  30.812  1024.739  1472.11 
2024 01 25 22 04 56.76  30.852  06.211  0111.92  00.54  07.79  267.9  009.26  30.812  1024.738  1472.11 
2024 01 25 22 04 57.01  30.853  06.211  0111.74  00.58  07.79  267.9  009.26  30.813  1024.738  1472.11 
2024 01 25 22 04 57.26  30.852  06.210  0111.63  00.48  07.79  267.8  009.26  30.813  1024.738  1472.10 
2024 01 25 22 04 57.51  30.851  06.211  0111.52  00.55  07.79  267.8  009.26  30.812  1024.736  1472.10 
2024 01 25 22 04 57.76  30.852  06.212  0111.42  00.71  07.79  267.8  009.26  30.811  1024.735  1472.10 
2024 01 25 22 04 58.01  30.854  06.213  0111.29  00.67  07.79  267.8  009.26  30.812  1024.735  1472.11 
2024 01 25 22 04 58.26  30.854  06.213  0111.15  00.60  07.79  267.8  009.26  30.812  1024.735  1472.10 
2024 01 25 22 04 58.51  30.853  06.214  0110.96  00.56  07.79  267.8  009.26  30.810  1024.732  1472.11 
2024 01 25 22 04 58.76  30.852  06.215  0110.78  00.51  07.79  267.8  009.26  30.808  1024.729  1472.10 
2024 01 25 22 04 59.01  30.855  06.216  0110.58  00.56  07.79  267.8  009.26  30.811  1024.730  1472.10 
2024 01 25 22 04 59.26  30.855  06.215  0110.39  00.52  07.78  267.8  009.26  30.812  1024.730  1472.10 
2024 01 25 22 04 59.51  30.855  06.216  0110.21  00.57  07.79  267.8  009.26  30.811  1024.729  1472.10 
2024 01 25 22 04 59.76  30.855  06.217  0110.01  00.53  07.79  267.8  009.26  30.810  1024.727  1472.10 
2024 01 25 22 05 00.01  30.857  06.217  0109.83  00.50  07.79  267.8  009.26  30.813  1024.728  1472.10 
2024 01 25 22 05 00.26  30.854  06.218  0109.67  00.50  07.79  267.7  009.26  30.809  1024.724  1472.10 
2024 01 25 22 05 00.51  30.857  06.217  0109.51  00.55  07.79  267.7  009.26  30.813  1024.726  1472.10 
2024 01 25 22 05 00.76  30.854  06.219  0109.35  00.60  07.79  267.7  009.26  30.808  1024.722  1472.09 
2024 01 25 22 05 01.01  30.854  06.220  0109.19  00.56  07.79  267.7  009.26  30.807  1024.721  1472.09 
2024 01 25 22 05 01.26  30.857  06.219  0109.02  00.54  07.79  267.7  009.26  30.811  1024.723  1472.09 
2024 01 25 22 05 01.51  30.856  06.220  0108.87  00.50  07.79  267.7  009.26  30.810  1024.721  1472.09 
2024 01 25 22 05 01.76  30.855  06.220  0108.69  00.51  07.79  267.7  009.26  30.809  1024.720  1472.09 
2024 01 25 22 05 02.01  30.855  06.221  0108.48  00.58  07.79  267.7  009.26  30.808  1024.717  1472.09 
2024 01 25 22 05 02.26  30.855  06.222  0108.29  00.57  07.78  267.7  009.26  30.807  1024.716  1472.09 
2024 01 25 22 05 02.51  30.856  06.223  0108.06  00.59  07.79  267.7  009.26  30.807  1024.715  1472.09 
2024 01 25 22 05 02.76  30.858  06.224  0107.88  00.57  07.79  267.7  009.26  30.808  1024.714  1472.09 
2024 01 25 22 05 03.01  30.861  06.228  0107.68  00.51  07.79  267.7  009.26  30.809  1024.714  1472.10 
2024 01 25 22 05 03.26  30.864  06.232  0107.51  00.53  07.79  267.3  009.26  30.809  1024.712  1472.12 
2024 01 25 22 05 03.51  30.861  06.233  0107.34  00.53  07.79  267.3  009.26  30.804  1024.708  1472.11 
2024 01 25 22 05 03.76  30.863  06.233  0107.18  00.53  07.79  267.3  009.26  30.807  1024.709  1472.11 
2024 01 25 22 05 04.01  30.862  06.233  0107.12  00.51  07.79  267.3  009.26  30.806  1024.708  1472.11 
2024 01 25 22 05 04.26  30.861  06.230  0107.11  00.55  07.78  267.3  009.26  30.807  1024.709  1472.10 
2024 01 25 22 05 04.51  30.859  06.230  0107.12  00.59  07.78  267.3  009.26  30.805  1024.708  1472.10 
2024 01 25 22 05 04.76  30.860  06.232  0107.07  00.59  07.78  267.3  009.26  30.804  1024.707  1472.10 
2024 01 25 22 05 05.01  30.862  06.234  0106.97  00.58  07.78  267.3  009.26  30.804  1024.706  1472.11 
2024 01 25 22 05 05.26  30.862  06.234  0106.81  00.57  07.78  267.3  009.26  30.804  1024.706  1472.11 
2024 01 25 22 05 05.51  30.862  06.234  0106.68  00.48  07.78  267.3  009.26  30.805  1024.705  1472.11 
2024 01 25 22 05 05.76  30.862  06.235  0106.54  00.51  07.78  267.3  009.26  30.804  1024.703  1472.11 
2024 01 25 22 05 06.01  30.862  06.234  0106.39  00.52  07.78  267.3  009.26  30.804  1024.703  1472.10 
2024 01 25 22 05 06.26  30.862  06.234  0106.27  00.61  07.78  266.6  009.26  30.804  1024.703  1472.10 
2024 01 25 22 05 06.51  30.861  06.233  0106.10  00.56  07.78  266.6  009.26  30.804  1024.702  1472.09 
2024 01 25 22 05 06.76  30.861  06.235  0105.95  00.52  07.78  266.6  009.26  30.803  1024.700  1472.10 
2024 01 25 22 05 07.01  30.861  06.235  0105.79  00.61  07.78  266.6  009.26  30.803  1024.699  1472.09 
2024 01 25 22 05 07.26  30.863  06.235  0105.65  00.55  07.78  266.6  009.26  30.806  1024.701  1472.09 
2024 01 25 22 05 07.51  30.861  06.235  0105.49  00.56  07.78  266.6  009.26  30.803  1024.698  1472.09 
2024 01 25 22 05 07.76  30.863  06.235  0105.33  00.56  07.78  266.6  009.26  30.805  1024.699  1472.09 
2024 01 25 22 05 08.01  30.862  06.235  0105.22  00.59  07.78  266.6  009.26  30.804  1024.698  1472.09 
2024 01 25 22 05 08.26  30.860  06.235  0105.08  00.61  07.77  266.6  009.26  30.802  1024.695  1472.08 
2024 01 25 22 05 08.51  30.862  06.236  0104.96  00.56  07.78  266.6  009.26  30.804  1024.697  1472.09 
2024 01 25 22 05 08.76  30.863  06.236  0104.82  00.55  07.78  266.6  009.26  30.805  1024.697  1472.09 
2024 01 25 22 05 09.01  30.862  06.237  0104.64  00.53  07.78  266.6  009.26  30.803  1024.694  1472.08 
2024 01 25 22 05 09.26  30.862  06.236  0104.46  00.52  07.78  266.0  009.26  30.803  1024.693  1472.08 
2024 01 25 22 05 09.51  30.864  06.238  0104.22  00.55  07.78  266.0  009.26  30.805  1024.693  1472.08 
2024 01 25 22 05 09.76  30.863  06.237  0104.00  00.52  07.78  266.0  009.26  30.804  1024.692  1472.08 
2024 01 25 22 05 10.01  30.864  06.238  0103.80  00.53  07.78  266.0  009.29  30.804  1024.691  1472.08 
2024 01 25 22 05 10.26  30.864  06.238  0103.59  00.56  07.78  266.0  009.26  30.805  1024.691  1472.07 
2024 01 25 22 05 10.51  30.864  06.238  0103.43  00.62  07.78  266.0  009.26  30.804  1024.689  1472.07 
2024 01 25 22 05 10.76  30.863  06.239  0103.25  00.61  07.78  266.0  009.26  30.803  1024.687  1472.07 
2024 01 25 22 05 11.01  30.862  06.238  0103.08  00.56  07.78  266.0  009.26  30.803  1024.686  1472.06 
2024 01 25 22 05 11.26  30.862  06.238  0102.90  00.62  07.77  266.0  009.26  30.803  1024.686  1472.06 
2024 01 25 22 05 11.51  30.861  06.238  0102.71  00.55  07.78  266.0  009.26  30.801  1024.684  1472.05 
2024 01 25 22 05 11.76  30.864  06.238  0102.49  00.51  07.78  266.0  009.26  30.805  1024.686  1472.06 
2024 01 25 22 05 12.01  30.863  06.240  0102.28  00.54  07.78  266.0  009.29  30.803  1024.682  1472.06 
2024 01 25 22 05 12.26  30.864  06.240  0102.05  00.53  07.78  265.5  009.26  30.804  1024.682  1472.05 
2024 01 25 22 05 12.51  30.862  06.241  0101.83  00.55  07.78  265.5  009.26  30.801  1024.679  1472.05 
2024 01 25 22 05 12.76  30.864  06.245  0101.61  00.56  07.78  265.5  009.26  30.799  1024.676  1472.06 
2024 01 25 22 05 13.01  30.865  06.245  0101.41  00.55  07.78  265.5  009.26  30.800  1024.676  1472.06 
2024 01 25 22 05 13.26  30.864  06.246  0101.25  00.57  07.78  265.5  009.26  30.799  1024.674  1472.06 
2024 01 25 22 05 13.51  30.866  06.245  0101.07  00.59  07.78  265.5  009.26  30.801  1024.675  1472.06 
2024 01 25 22 05 13.76  30.865  06.247  0100.93  00.56  07.78  265.5  009.26  30.799  1024.672  1472.06 
2024 01 25 22 05 14.01  30.866  06.248  0100.77  00.56  07.78  265.5  009.26  30.799  1024.671  1472.06 
2024 01 25 22 05 14.26  30.866  06.248  0100.61  00.57  07.77  265.5  009.26  30.799  1024.671  1472.06 
2024 01 25 22 05 14.51  30.867  06.249  0100.45  00.55  07.78  265.5  009.26  30.799  1024.670  1472.06 
2024 01 25 22 05 14.76  30.866  06.249  0100.27  00.54  07.78  265.5  009.26  30.799  1024.669  1472.06 
2024 01 25 22 05 15.01  30.867  06.251  0100.10  00.53  07.78  265.5  009.26  30.798  1024.668  1472.06 
2024 01 25 22 05 15.26  30.866  06.251  0099.89  00.55  07.78  265.1  009.26  30.797  1024.666  1472.06 
2024 01 25 22 05 15.51  30.868  06.252  0099.67  00.52  07.78  265.1  009.26  30.799  1024.666  1472.06 
2024 01 25 22 05 15.76  30.868  06.250  0099.47  00.57  07.78  265.1  009.26  30.800  1024.666  1472.05 
2024 01 25 22 05 16.01  30.867  06.253  0099.30  00.58  07.78  265.1  009.26  30.796  1024.662  1472.05 
2024 01 25 22 05 16.26  30.868  06.254  0099.12  00.53  07.78  265.1  009.26  30.796  1024.661  1472.06 
2024 01 25 22 05 16.51  30.870  06.259  0098.98  00.49  07.78  265.1  009.26  30.795  1024.658  1472.07 
2024 01 25 22 05 16.76  30.875  06.264  0098.82  00.53  07.78  265.1  009.26  30.795  1024.658  1472.09 
2024 01 25 22 05 17.01  30.874  06.266  0098.65  00.60  07.78  265.1  009.26  30.793  1024.655  1472.09 
2024 01 25 22 05 17.26  30.875  06.268  0098.44  00.57  07.77  265.1  009.26  30.792  1024.653  1472.09 
2024 01 25 22 05 17.51  30.877  06.272  0098.23  00.60  07.78  265.1  009.26  30.790  1024.650  1472.10 
2024 01 25 22 05 17.76  30.877  06.274  0098.04  00.61  07.78  265.1  009.26  30.789  1024.648  1472.11 
2024 01 25 22 05 18.01  30.878  06.275  0097.81  00.59  07.78  265.1  009.26  30.789  1024.646  1472.11 
2024 01 25 22 05 18.26  30.878  06.275  0097.65  00.60  07.78  264.9  009.29  30.790  1024.647  1472.11 
2024 01 25 22 05 18.51  30.880  06.277  0097.48  00.58  07.78  264.9  009.26  30.789  1024.645  1472.11 
2024 01 25 22 05 18.76  30.881  06.278  0097.30  00.52  07.78  264.9  009.26  30.790  1024.645  1472.11 
2024 01 25 22 05 19.01  30.882  06.279  0097.17  00.53  07.78  264.9  009.26  30.790  1024.644  1472.11 
2024 01 25 22 05 19.26  30.882  06.280  0097.02  00.52  07.78  264.9  009.26  30.790  1024.643  1472.11 
2024 01 25 22 05 19.51  30.882  06.280  0096.83  00.57  07.78  264.9  009.26  30.790  1024.642  1472.11 
2024 01 25 22 05 19.76  30.882  06.281  0096.68  00.55  07.78  264.9  009.26  30.789  1024.640  1472.11 
2024 01 25 22 05 20.01  30.882  06.281  0096.43  00.70  07.78  264.9  009.26  30.788  1024.639  1472.11 
2024 01 25 22 05 20.26  30.882  06.282  0096.23  00.57  07.78  264.9  009.26  30.788  1024.638  1472.11 
2024 01 25 22 05 20.51  30.882  06.282  0095.99  00.62  07.78  264.9  009.26  30.788  1024.637  1472.11 
2024 01 25 22 05 20.76  30.882  06.282  0095.80  00.57  07.78  264.9  009.26  30.787  1024.635  1472.10 
2024 01 25 22 05 21.01  30.882  06.282  0095.66  00.57  07.78  264.9  009.26  30.789  1024.636  1472.10 
2024 01 25 22 05 21.26  30.884  06.283  0095.48  00.54  07.78  264.9  009.26  30.789  1024.635  1472.10 
2024 01 25 22 05 21.51  30.884  06.285  0095.34  00.56  07.78  264.9  009.26  30.788  1024.633  1472.11 
2024 01 25 22 05 21.76  30.882  06.285  0095.20  00.58  07.78  264.9  009.26  30.786  1024.631  1472.10 
2024 01 25 22 05 22.01  30.883  06.284  0095.05  00.59  07.78  264.9  009.26  30.788  1024.632  1472.10 
2024 01 25 22 05 22.26  30.883  06.285  0094.91  00.52  07.78  264.9  009.26  30.787  1024.630  1472.10 
2024 01 25 22 05 22.51  30.883  06.285  0094.80  00.59  07.78  264.9  009.26  30.788  1024.631  1472.10 
2024 01 25 22 05 22.76  30.883  06.285  0094.68  00.59  07.78  264.9  009.26  30.787  1024.629  1472.10 
2024 01 25 22 05 23.01  30.884  06.285  0094.58  00.58  07.78  264.9  009.26  30.788  1024.630  1472.09 
2024 01 25 22 05 23.26  30.884  06.287  0094.47  00.57  07.78  264.9  009.26  30.787  1024.628  1472.10 
2024 01 25 22 05 23.51  30.885  06.286  0094.34  00.57  07.78  264.9  009.26  30.788  1024.629  1472.09 
2024 01 25 22 05 23.76  30.886  06.289  0094.16  00.54  07.78  264.9  009.26  30.788  1024.627  1472.10 
2024 01 25 22 05 24.01  30.886  06.288  0094.00  00.53  07.79  264.9  009.26  30.787  1024.626  1472.10 
2024 01 25 22 05 24.26  30.886  06.291  0093.82  00.53  07.79  264.9  009.26  30.785  1024.623  1472.10 
2024 01 25 22 05 24.51  30.886  06.291  0093.64  00.54  07.79  264.9  009.26  30.785  1024.623  1472.10 
2024 01 25 22 05 24.76  30.886  06.293  0093.49  00.54  07.79  264.9  009.26  30.784  1024.621  1472.10 
2024 01 25 22 05 25.01  30.886  06.294  0093.32  00.53  07.79  264.9  009.26  30.783  1024.619  1472.10 
2024 01 25 22 05 25.26  30.888  06.293  0093.17  00.53  07.79  264.9  009.26  30.786  1024.621  1472.10 
2024 01 25 22 05 25.51  30.888  06.294  0093.03  00.52  07.79  264.9  009.26  30.785  1024.619  1472.10 
2024 01 25 22 05 25.76  30.889  06.297  0092.86  00.55  07.79  264.9  009.26  30.783  1024.616  1472.11 
2024 01 25 22 05 26.01  30.891  06.298  0092.72  00.56  07.79  264.9  009.26  30.785  1024.617  1472.11 
2024 01 25 22 05 26.26  30.889  06.299  0092.55  00.50  07.78  264.9  009.26  30.782  1024.614  1472.11 
2024 01 25 22 05 26.51  30.890  06.299  0092.40  00.52  07.79  264.9  009.26  30.783  1024.614  1472.11 
2024 01 25 22 05 26.76  30.891  06.300  0092.26  00.56  07.79  264.9  009.26  30.784  1024.614  1472.11 
2024 01 25 22 05 27.01  30.892  06.301  0092.14  00.52  07.79  264.9  009.26  30.783  1024.613  1472.11 
2024 01 25 22 05 27.26  30.892  06.303  0091.98  00.51  07.79  265.0  009.26  30.782  1024.611  1472.12 
2024 01 25 22 05 27.51  30.894  06.303  0091.82  00.63  07.79  265.0  009.26  30.785  1024.612  1472.12 
2024 01 25 22 05 27.76  30.894  06.305  0091.64  00.57  07.79  265.0  009.26  30.783  1024.610  1472.12 
2024 01 25 22 05 28.01  30.894  06.307  0091.45  00.52  07.79  265.0  009.26  30.781  1024.607  1472.12 
2024 01 25 22 05 28.26  30.895  06.307  0091.24  00.54  07.79  265.0  009.26  30.782  1024.607  1472.12 
2024 01 25 22 05 28.51  30.894  06.307  0091.05  00.55  07.79  265.0  009.26  30.781  1024.605  1472.12 
2024 01 25 22 05 28.76  30.895  06.308  0090.90  00.57  07.79  265.0  009.26  30.782  1024.605  1472.12 
2024 01 25 22 05 29.01  30.896  06.308  0090.72  00.58  07.79  265.0  009.26  30.783  1024.605  1472.12 
2024 01 25 22 05 29.26  30.898  06.310  0090.58  00.61  07.78  265.0  009.26  30.782  1024.604  1472.12 
2024 01 25 22 05 29.51  30.898  06.311  0090.43  00.57  07.79  265.0  009.26  30.782  1024.603  1472.12 
2024 01 25 22 05 29.76  30.898  06.312  0090.27  00.56  07.79  265.0  009.26  30.781  1024.601  1472.12 
2024 01 25 22 05 30.01  30.898  06.311  0090.14  00.60  07.79  265.0  009.26  30.782  1024.602  1472.12 
2024 01 25 22 05 30.26  30.898  06.313  0089.99  00.60  07.79  264.9  009.26  30.779  1024.598  1472.12 
2024 01 25 22 05 30.51  30.898  06.314  0089.82  00.59  07.79  264.9  009.26  30.780  1024.598  1472.12 
2024 01 25 22 05 30.76  30.899  06.312  0089.67  00.62  07.79  264.9  009.26  30.782  1024.599  1472.12 
2024 01 25 22 05 31.01  30.898  06.314  0089.51  00.61  07.79  264.9  009.26  30.780  1024.596  1472.12 
2024 01 25 22 05 31.26  30.898  06.313  0089.34  00.66  07.79  264.9  009.26  30.781  1024.596  1472.11 
2024 01 25 22 05 31.51  30.898  06.314  0089.18  00.57  07.79  264.9  009.26  30.781  1024.595  1472.11 
2024 01 25 22 05 31.76  30.898  06.313  0089.01  00.62  07.79  264.9  009.26  30.781  1024.595  1472.11 
2024 01 25 22 05 32.01  30.899  06.314  0088.83  00.60  07.79  264.9  009.29  30.781  1024.594  1472.11 
2024 01 25 22 05 32.26  30.898  06.314  0088.63  00.59  07.78  264.9  009.26  30.781  1024.593  1472.10 
2024 01 25 22 05 32.51  30.900  06.314  0088.44  00.55  07.79  264.9  009.26  30.782  1024.593  1472.10 
2024 01 25 22 05 32.76  30.898  06.314  0088.23  00.57  07.79  264.9  009.26  30.779  1024.590  1472.10 
2024 01 25 22 05 33.01  30.898  06.314  0088.04  00.59  07.79  264.9  009.26  30.780  1024.589  1472.10 
2024 01 25 22 05 33.26  30.898  06.314  0087.85  00.57  07.79  265.2  009.26  30.781  1024.590  1472.09 
2024 01 25 22 05 33.51  30.898  06.315  0087.68  00.55  07.79  265.2  009.26  30.780  1024.588  1472.09 
2024 01 25 22 05 33.76  30.899  06.315  0087.49  00.59  07.79  265.2  009.26  30.781  1024.588  1472.09 
2024 01 25 22 05 34.01  30.900  06.317  0087.33  00.54  07.79  265.2  009.26  30.780  1024.586  1472.09 
2024 01 25 22 05 34.26  30.899  06.317  0087.17  00.56  07.79  265.2  009.26  30.779  1024.584  1472.09 
2024 01 25 22 05 34.51  30.900  06.317  0087.01  00.58  07.79  265.2  009.26  30.780  1024.584  1472.09 
2024 01 25 22 05 34.76  30.901  06.320  0086.82  00.59  07.79  265.2  009.26  30.778  1024.582  1472.10 
2024 01 25 22 05 35.01  30.901  06.320  0086.63  00.60  07.79  265.2  009.26  30.778  1024.581  1472.09 
2024 01 25 22 05 35.26  30.901  06.322  0086.46  00.62  07.78  265.2  009.26  30.778  1024.579  1472.10 
2024 01 25 22 05 35.51  30.902  06.323  0086.23  00.57  07.79  265.2  009.26  30.777  1024.578  1472.10 
2024 01 25 22 05 35.76  30.904  06.324  0086.06  00.57  07.79  265.2  009.26  30.779  1024.578  1472.10 
2024 01 25 22 05 36.01  30.903  06.324  0085.86  00.55  07.79  265.2  009.26  30.778  1024.576  1472.10 
2024 01 25 22 05 36.26  30.902  06.324  0085.65  00.56  07.79  265.5  009.29  30.777  1024.575  1472.09 
2024 01 25 22 05 36.51  30.903  06.325  0085.48  00.55  07.79  265.5  009.26  30.777  1024.574  1472.09 
2024 01 25 22 05 36.76  30.903  06.326  0085.27  00.53  07.79  265.5  009.26  30.777  1024.573  1472.09 
2024 01 25 22 05 37.01  30.903  06.325  0085.06  00.58  07.79  265.5  009.26  30.778  1024.573  1472.09 
2024 01 25 22 05 37.26  30.902  06.325  0084.86  00.61  07.79  265.5  009.26  30.776  1024.571  1472.08 
2024 01 25 22 05 37.51  30.902  06.326  0084.63  00.57  07.79  265.5  009.26  30.776  1024.569  1472.08 
2024 01 25 22 05 37.76  30.902  06.325  0084.45  00.58  07.79  265.5  009.26  30.777  1024.569  1472.08 
2024 01 25 22 05 38.01  30.903  06.326  0084.24  00.59  07.79  265.5  009.26  30.777  1024.568  1472.08 
2024 01 25 22 05 38.26  30.904  06.327  0084.09  00.63  07.78  265.5  009.26  30.777  1024.567  1472.08 
2024 01 25 22 05 38.51  30.904  06.326  0083.96  00.55  07.79  265.5  009.26  30.778  1024.567  1472.07 
2024 01 25 22 05 38.76  30.904  06.328  0083.83  00.56  07.79  265.5  009.26  30.776  1024.566  1472.08 
2024 01 25 22 05 39.01  30.905  06.328  0083.75  00.58  07.79  265.5  009.26  30.777  1024.566  1472.08 
2024 01 25 22 05 39.26  30.904  06.328  0083.65  00.55  07.79  265.5  009.26  30.776  1024.564  1472.08 
2024 01 25 22 05 39.51  30.904  06.328  0083.52  00.57  07.79  265.5  009.26  30.776  1024.564  1472.07 
2024 01 25 22 05 39.76  30.905  06.329  0083.38  00.55  07.79  265.5  009.26  30.777  1024.564  1472.07 
2024 01 25 22 05 40.01  30.904  06.329  0083.25  00.55  07.79  265.5  009.26  30.776  1024.562  1472.07 
2024 01 25 22 05 40.26  30.903  06.330  0083.12  00.53  07.79  265.5  009.26  30.773  1024.560  1472.07 
2024 01 25 22 05 40.51  30.904  06.330  0082.96  00.53  07.79  265.5  009.26  30.775  1024.560  1472.07 
2024 01 25 22 05 40.76  30.904  06.329  0082.82  00.55  07.79  265.5  009.26  30.775  1024.560  1472.07 
2024 01 25 22 05 41.01  30.905  06.330  0082.68  00.57  07.79  265.5  009.26  30.776  1024.559  1472.07 
2024 01 25 22 05 41.26  30.905  06.330  0082.54  00.52  07.78  265.5  009.23  30.776  1024.559  1472.07 
2024 01 25 22 05 41.51  30.906  06.332  0082.43  00.50  07.79  265.5  009.26  30.776  1024.558  1472.07 
2024 01 25 22 05 41.76  30.905  06.331  0082.36  00.46  07.79  265.5  009.26  30.776  1024.558  1472.07 
2024 01 25 22 05 42.01  30.906  06.332  0082.26  00.53  07.79  265.5  009.26  30.776  1024.558  1472.07 
2024 01 25 22 05 42.26  30.905  06.331  0082.20  00.53  07.79  265.6  009.26  30.776  1024.557  1472.06 
2024 01 25 22 05 42.51  30.905  06.333  0082.07  00.53  07.79  265.6  009.26  30.774  1024.555  1472.07 
2024 01 25 22 05 42.76  30.905  06.333  0081.95  00.55  07.79  265.6  009.26  30.774  1024.554  1472.06 
2024 01 25 22 05 43.01  30.906  06.333  0081.83  00.54  07.79  265.6  009.26  30.775  1024.555  1472.06 
2024 01 25 22 05 43.26  30.906  06.333  0081.66  00.59  07.79  265.6  009.26  30.775  1024.554  1472.06 
2024 01 25 22 05 43.51  30.906  06.335  0081.49  00.62  07.79  265.6  009.26  30.774  1024.552  1472.06 
2024 01 25 22 05 43.76  30.906  06.336  0081.32  00.62  07.79  265.6  009.26  30.772  1024.550  1472.06 
2024 01 25 22 05 44.01  30.906  06.338  0081.13  00.56  07.79  265.6  009.26  30.771  1024.548  1472.07 
2024 01 25 22 05 44.26  30.909  06.338  0080.94  00.47  07.78  265.6  009.26  30.775  1024.550  1472.07 
2024 01 25 22 05 44.51  30.909  06.341  0080.75  00.47  07.79  265.6  009.26  30.771  1024.546  1472.07 
2024 01 25 22 05 44.76  30.912  06.343  0080.56  00.52  07.79  265.6  009.26  30.773  1024.546  1472.08 
2024 01 25 22 05 45.01  30.913  06.344  0080.41  00.50  07.79  265.6  009.26  30.773  1024.545  1472.08 
2024 01 25 22 05 45.26  30.913  06.345  0080.26  00.56  07.79  265.8  009.26  30.772  1024.543  1472.08 
2024 01 25 22 05 45.51  30.913  06.345  0080.13  00.69  07.79  265.8  009.26  30.772  1024.543  1472.08 
2024 01 25 22 05 45.76  30.913  06.346  0079.98  00.60  07.79  265.8  009.26  30.771  1024.542  1472.08 
2024 01 25 22 05 46.01  30.913  06.346  0079.80  00.56  07.79  265.8  009.26  30.771  1024.541  1472.08 
2024 01 25 22 05 46.26  30.913  06.346  0079.64  00.52  07.79  265.8  009.26  30.771  1024.540  1472.08 
2024 01 25 22 05 46.51  30.913  06.347  0079.46  00.57  07.79  265.8  009.26  30.771  1024.539  1472.08 
2024 01 25 22 05 46.76  30.913  06.347  0079.35  00.59  07.79  265.8  009.26  30.771  1024.538  1472.08 
2024 01 25 22 05 47.01  30.913  06.348  0079.16  00.50  07.79  265.8  009.26  30.770  1024.537  1472.08 
2024 01 25 22 05 47.26  30.914  06.349  0078.99  00.50  07.79  265.8  009.26  30.771  1024.536  1472.08 
2024 01 25 22 05 47.51  30.913  06.350  0078.80  00.55  07.79  265.8  009.26  30.769  1024.534  1472.07 
2024 01 25 22 05 47.76  30.915  06.351  0078.62  00.53  07.79  265.8  009.26  30.770  1024.533  1472.08 
2024 01 25 22 05 48.01  30.916  06.351  0078.41  00.53  07.79  265.8  009.26  30.771  1024.533  1472.07 
2024 01 25 22 05 48.26  30.916  06.353  0078.25  00.52  07.79  266.0  009.26  30.769  1024.531  1472.08 
2024 01 25 22 05 48.51  30.915  06.353  0078.05  00.55  07.79  266.0  009.26  30.768  1024.530  1472.07 
2024 01 25 22 05 48.76  30.917  06.353  0077.88  00.52  07.79  266.0  009.26  30.770  1024.530  1472.07 
2024 01 25 22 05 49.01  30.916  06.353  0077.74  00.54  07.79  266.0  009.26  30.770  1024.529  1472.07 
2024 01 25 22 05 49.26  30.915  06.354  0077.59  00.62  07.79  266.0  009.26  30.768  1024.527  1472.07 
2024 01 25 22 05 49.51  30.915  06.355  0077.48  00.63  07.79  266.0  009.26  30.767  1024.526  1472.07 
2024 01 25 22 05 49.76  30.915  06.355  0077.31  00.59  07.79  266.0  009.26  30.767  1024.525  1472.07 
2024 01 25 22 05 50.01  30.919  06.362  0077.17  00.54  07.79  266.0  009.26  30.765  1024.522  1472.09 
2024 01 25 22 05 50.26  30.921  06.364  0076.96  00.65  07.79  266.0  009.26  30.765  1024.521  1472.09 
2024 01 25 22 05 50.51  30.921  06.364  0076.75  00.60  07.79  266.0  009.26  30.765  1024.519  1472.09 
2024 01 25 22 05 50.76  30.924  06.365  0076.60  00.60  07.79  266.0  009.26  30.768  1024.521  1472.10 
2024 01 25 22 05 51.01  30.921  06.365  0076.44  00.58  07.79  266.0  009.26  30.766  1024.518  1472.09 
2024 01 25 22 05 51.26  30.922  06.365  0076.33  00.55  07.79  266.3  009.26  30.767  1024.519  1472.09 
2024 01 25 22 05 51.51  30.921  06.366  0076.23  00.51  07.79  266.3  009.26  30.764  1024.516  1472.09 
2024 01 25 22 05 51.76  30.922  06.365  0076.10  00.53  07.79  266.3  009.26  30.766  1024.517  1472.09 
2024 01 25 22 05 52.01  30.923  06.367  0076.00  00.51  07.79  266.3  009.26  30.766  1024.516  1472.09 
2024 01 25 22 05 52.26  30.925  06.368  0075.87  00.56  07.79  266.3  009.26  30.767  1024.516  1472.09 
2024 01 25 22 05 52.51  30.925  06.370  0075.72  00.58  07.79  266.3  009.26  30.765  1024.514  1472.10 
2024 01 25 22 05 52.76  30.929  06.373  0075.58  00.59  07.79  266.3  009.26  30.767  1024.514  1472.11 
2024 01 25 22 05 53.01  30.932  06.379  0075.43  00.57  07.79  266.3  009.26  30.765  1024.512  1472.13 
2024 01 25 22 05 53.26  30.934  06.380  0075.29  00.57  07.79  266.3  009.26  30.766  1024.512  1472.13 
2024 01 25 22 05 53.51  30.935  06.380  0075.17  00.61  07.80  266.3  009.26  30.767  1024.512  1472.13 
2024 01 25 22 05 53.76  30.935  06.383  0075.05  00.55  07.80  266.3  009.26  30.765  1024.509  1472.14 
2024 01 25 22 05 54.01  30.937  06.382  0074.91  00.57  07.80  266.3  009.26  30.768  1024.511  1472.14 
2024 01 25 22 05 54.26  30.938  06.383  0074.75  00.53  07.80  266.6  009.26  30.769  1024.511  1472.14 
2024 01 25 22 05 54.51  30.937  06.383  0074.61  00.51  07.80  266.6  009.26  30.768  1024.509  1472.14 
2024 01 25 22 05 54.76  30.935  06.383  0074.45  00.56  07.80  266.6  009.26  30.765  1024.507  1472.13 
2024 01 25 22 05 55.01  30.947  06.394  0074.30  00.55  07.80  266.6  009.26  30.768  1024.507  1472.18 
2024 01 25 22 05 55.26  30.946  06.395  0074.20  00.55  07.80  266.6  009.26  30.766  1024.505  1472.18 
2024 01 25 22 05 55.51  30.949  06.396  0074.09  00.54  07.80  266.6  009.26  30.769  1024.507  1472.18 
2024 01 25 22 05 55.76  30.949  06.395  0074.03  00.55  07.80  266.6  009.26  30.770  1024.507  1472.18 
2024 01 25 22 05 56.01  30.947  06.394  0074.03  00.53  07.80  266.6  009.26  30.768  1024.505  1472.17 
2024 01 25 22 05 56.26  30.948  06.394  0073.96  00.59  07.80  266.6  009.26  30.769  1024.506  1472.17 
2024 01 25 22 05 56.51  30.956  06.402  0073.84  00.53  07.81  266.6  009.26  30.771  1024.506  1472.21 
2024 01 25 22 05 56.76  30.964  06.412  0073.65  00.56  07.81  266.6  009.26  30.772  1024.504  1472.24 
2024 01 25 22 05 57.01  30.964  06.413  0073.42  00.50  07.81  266.6  009.26  30.770  1024.502  1472.24 
2024 01 25 22 05 57.26  30.965  06.415  0073.22  00.49  07.81  267.8  009.26  30.770  1024.500  1472.24 
2024 01 25 22 05 57.51  30.968  06.418  0073.01  00.50  07.81  267.8  009.26  30.771  1024.500  1472.25 
2024 01 25 22 05 57.76  30.972  06.426  0072.83  00.51  07.81  267.8  009.26  30.768  1024.496  1472.28 
2024 01 25 22 05 58.01  30.979  06.435  0072.70  00.57  07.81  267.8  009.26  30.768  1024.494  1472.31 
2024 01 25 22 05 58.26  30.985  06.441  0072.54  00.54  07.81  267.8  009.26  30.769  1024.493  1472.33 
2024 01 25 22 05 58.51  30.991  06.443  0072.40  00.52  07.81  267.8  009.26  30.774  1024.496  1472.35 
2024 01 25 22 05 58.76  30.999  06.456  0072.24  00.66  07.82  267.8  009.26  30.771  1024.492  1472.39 
2024 01 25 22 05 59.01  31.005  06.462  0072.08  00.57  07.82  267.8  009.26  30.772  1024.491  1472.41 
2024 01 25 22 05 59.26  31.008  06.464  0071.94  00.58  07.81  267.8  009.26  30.774  1024.492  1472.42 
2024 01 25 22 05 59.51  31.009  06.465  0071.79  00.59  07.82  267.8  009.26  30.774  1024.491  1472.42 
2024 01 25 22 05 59.76  31.009  06.467  0071.66  00.67  07.82  267.8  009.26  30.772  1024.488  1472.43 
2024 01 25 22 06 00.01  31.011  06.470  0071.52  00.56  07.83  267.8  009.26  30.771  1024.487  1472.44 
2024 01 25 22 06 00.26  31.012  06.470  0071.39  00.55  07.83  270.9  009.26  30.773  1024.488  1472.44 
2024 01 25 22 06 00.51  31.012  06.471  0071.27  00.50  07.83  270.9  009.26  30.772  1024.486  1472.44 
2024 01 25 22 06 00.76  31.009  06.466  0071.11  00.53  07.83  270.9  009.26  30.773  1024.487  1472.42 
2024 01 25 22 06 01.01  31.000  06.460  0070.95  00.51  07.83  270.9  009.26  30.769  1024.484  1472.38 
2024 01 25 22 06 01.26  30.999  06.459  0070.80  00.52  07.83  270.9  009.26  30.769  1024.483  1472.38 
2024 01 25 22 06 01.51  31.003  06.463  0070.65  00.55  07.83  270.9  009.26  30.769  1024.482  1472.39 
2024 01 25 22 06 01.76  31.000  06.461  0070.50  00.55  07.83  270.9  009.26  30.768  1024.481  1472.38 
2024 01 25 22 06 02.01  30.997  06.461  0070.37  00.52  07.83  270.9  009.26  30.765  1024.478  1472.37 
2024 01 25 22 06 02.26  30.996  06.459  0070.19  00.49  07.82  270.9  009.26  30.765  1024.478  1472.37 
2024 01 25 22 06 02.51  30.994  06.456  0070.06  00.53  07.83  270.9  009.26  30.766  1024.478  1472.35 
2024 01 25 22 06 02.76  30.993  06.456  0069.92  00.51  07.83  270.9  009.26  30.765  1024.476  1472.35 
2024 01 25 22 06 03.01  30.994  06.458  0069.77  00.52  07.83  270.9  009.26  30.764  1024.475  1472.35 
2024 01 25 22 06 03.26  30.983  06.450  0069.59  00.53  07.83  273.4  009.26  30.760  1024.472  1472.31 
2024 01 25 22 06 03.51  30.983  06.447  0069.41  00.51  07.83  273.4  009.26  30.763  1024.474  1472.30 
2024 01 25 22 06 03.76  30.981  06.445  0069.28  00.50  07.82  273.4  009.26  30.762  1024.473  1472.29 
2024 01 25 22 06 04.01  30.979  06.444  0069.14  00.48  07.82  273.4  009.26  30.762  1024.472  1472.28 
2024 01 25 22 06 04.26  30.979  06.444  0069.00  00.46  07.82  273.4  009.26  30.761  1024.471  1472.28 
2024 01 25 22 06 04.51  30.980  06.449  0068.89  00.58  07.82  273.4  009.26  30.758  1024.467  1472.30 
2024 01 25 22 06 04.76  30.983  06.451  0068.73  00.58  07.82  273.4  009.26  30.760  1024.468  1472.30 
2024 01 25 22 06 05.01  30.992  06.460  0068.58  00.52  07.82  273.4  009.26  30.761  1024.467  1472.34 
2024 01 25 22 06 05.26  30.992  06.462  0068.40  00.65  07.81  273.4  009.26  30.759  1024.464  1472.34 
2024 01 25 22 06 05.51  30.993  06.461  0068.19  00.59  07.82  273.4  009.26  30.762  1024.465  1472.33 
2024 01 25 22 06 05.76  30.995  06.462  0067.97  00.54  07.82  273.4  009.26  30.763  1024.465  1472.34 
2024 01 25 22 06 06.01  31.003  06.475  0067.76  00.47  07.82  273.4  009.26  30.760  1024.460  1472.38 
2024 01 25 22 06 06.26  31.009  06.480  0067.53  00.58  07.82  274.7  009.26  30.762  1024.460  1472.40 
2024 01 25 22 06 06.51  31.011  06.479  0067.33  00.55  07.82  274.7  009.26  30.764  1024.461  1472.40 
2024 01 25 22 06 06.76  31.010  06.481  0067.15  00.54  07.82  274.7  009.26  30.762  1024.458  1472.40 
2024 01 25 22 06 07.01  31.012  06.484  0067.02  00.52  07.82  274.7  009.26  30.763  1024.458  1472.41 
2024 01 25 22 06 07.26  31.013  06.483  0066.89  00.55  07.82  274.7  009.26  30.764  1024.459  1472.40 
2024 01 25 22 06 07.51  31.019  06.493  0066.80  00.54  07.83  274.7  009.26  30.762  1024.455  1472.44 
2024 01 25 22 06 07.76  31.018  06.492  0066.69  00.56  07.83  274.7  009.26  30.762  1024.454  1472.44 
2024 01 25 22 06 08.01  31.022  06.495  0066.57  00.54  07.83  274.7  009.26  30.764  1024.455  1472.45 
2024 01 25 22 06 08.26  31.022  06.492  0066.50  00.51  07.82  274.7  009.26  30.766  1024.457  1472.44 
2024 01 25 22 06 08.51  31.020  06.492  0066.37  00.52  07.83  274.7  009.26  30.764  1024.455  1472.43 
2024 01 25 22 06 08.76  31.024  06.493  0066.25  00.63  07.83  274.7  009.26  30.767  1024.457  1472.44 
2024 01 25 22 06 09.01  31.030  06.502  0066.11  00.59  07.83  274.7  009.26  30.766  1024.454  1472.47 
2024 01 25 22 06 09.26  31.030  06.504  0065.98  00.57  07.83  275.4  009.26  30.765  1024.452  1472.47 
2024 01 25 22 06 09.51  31.031  06.506  0065.82  00.57  07.83  275.4  009.26  30.764  1024.450  1472.48 
2024 01 25 22 06 09.76  31.034  06.509  0065.62  00.48  07.83  275.4  009.26  30.765  1024.450  1472.49 
2024 01 25 22 06 10.01  31.036  06.510  0065.45  00.50  07.83  275.4  009.26  30.765  1024.449  1472.49 
2024 01 25 22 06 10.26  31.038  06.511  0065.27  00.50  07.83  275.4  009.26  30.767  1024.449  1472.49 
2024 01 25 22 06 10.51  31.042  06.516  0065.06  00.55  07.83  275.4  009.26  30.767  1024.448  1472.51 
2024 01 25 22 06 10.76  31.042  06.517  0064.89  00.55  07.83  275.4  009.26  30.767  1024.447  1472.51 
2024 01 25 22 06 11.01  31.042  06.516  0064.72  00.56  07.83  275.4  009.26  30.767  1024.446  1472.50 
2024 01 25 22 06 11.26  31.042  06.517  0064.56  00.48  07.83  275.4  009.26  30.766  1024.445  1472.50 
2024 01 25 22 06 11.51  31.040  06.516  0064.44  00.52  07.84  275.4  009.26  30.765  1024.444  1472.50 
2024 01 25 22 06 11.76  31.044  06.518  0064.31  00.46  07.84  275.4  009.26  30.767  1024.445  1472.51 
2024 01 25 22 06 12.01  31.043  06.519  0064.17  00.48  07.84  275.4  009.26  30.766  1024.443  1472.51 
2024 01 25 22 06 12.26  31.042  06.519  0064.03  00.54  07.84  276.9  009.26  30.765  1024.442  1472.50 
2024 01 25 22 06 12.51  31.042  06.517  0063.88  00.52  07.84  276.9  009.26  30.767  1024.442  1472.50 
2024 01 25 22 06 12.76  31.042  06.518  0063.70  00.58  07.84  276.9  009.26  30.765  1024.440  1472.49 
2024 01 25 22 06 13.01  31.044  06.518  0063.53  00.50  07.84  276.9  009.26  30.768  1024.442  1472.49 
2024 01 25 22 06 13.26  31.042  06.518  0063.32  00.53  07.84  276.9  009.26  30.766  1024.439  1472.49 
2024 01 25 22 06 13.51  31.041  06.517  0063.14  00.51  07.84  276.9  009.26  30.766  1024.438  1472.48 
2024 01 25 22 06 13.76  31.041  06.518  0062.99  00.56  07.84  276.9  009.26  30.765  1024.437  1472.48 
2024 01 25 22 06 14.01  31.040  06.517  0062.81  00.54  07.84  276.9  009.26  30.765  1024.436  1472.47 
2024 01 25 22 06 14.26  31.041  06.517  0062.65  00.63  07.83  276.9  009.26  30.766  1024.436  1472.47 
2024 01 25 22 06 14.51  31.042  06.517  0062.48  00.50  07.84  276.9  009.26  30.767  1024.436  1472.47 
2024 01 25 22 06 14.76  31.040  06.518  0062.29  00.53  07.84  276.9  009.26  30.765  1024.433  1472.47 
2024 01 25 22 06 15.01  31.041  06.517  0062.10  00.53  07.84  276.9  009.26  30.767  1024.434  1472.46 
2024 01 25 22 06 15.26  31.041  06.518  0061.91  00.51  07.84  278.6  009.26  30.765  1024.432  1472.46 
2024 01 25 22 06 15.51  31.042  06.518  0061.73  00.55  07.84  278.6  009.26  30.767  1024.432  1472.46 
2024 01 25 22 06 15.76  31.050  06.529  0061.58  00.54  07.84  278.6  009.26  30.766  1024.430  1472.50 
2024 01 25 22 06 16.01  31.054  06.529  0061.43  00.52  07.84  278.6  009.26  30.770  1024.432  1472.51 
2024 01 25 22 06 16.26  31.061  06.537  0061.29  00.51  07.84  278.6  009.26  30.771  1024.431  1472.54 
2024 01 25 22 06 16.51  31.065  06.547  0061.15  00.50  07.84  278.6  009.26  30.767  1024.426  1472.57 
2024 01 25 22 06 16.76  31.068  06.548  0061.03  00.51  07.84  278.6  009.26  30.768  1024.426  1472.57 
2024 01 25 22 06 17.01  31.075  06.558  0060.88  00.52  07.84  278.6  009.26  30.768  1024.424  1472.61 
2024 01 25 22 06 17.26  31.076  06.556  0060.79  00.47  07.84  278.6  009.26  30.770  1024.426  1472.60 
2024 01 25 22 06 17.51  31.077  06.554  0060.68  00.52  07.84  278.6  009.26  30.772  1024.427  1472.60 
2024 01 25 22 06 17.76  31.081  06.563  0060.55  00.50  07.84  278.6  009.26  30.770  1024.424  1472.63 
2024 01 25 22 06 18.01  31.082  06.565  0060.40  00.51  07.85  278.6  009.26  30.769  1024.422  1472.63 
2024 01 25 22 06 18.26  31.086  06.568  0060.24  00.52  07.85  279.9  009.26  30.771  1024.422  1472.64 
2024 01 25 22 06 18.51  31.091  06.574  0060.07  00.47  07.85  279.9  009.26  30.771  1024.421  1472.66 
2024 01 25 22 06 18.76  31.097  06.584  0059.92  00.46  07.85  279.9  009.26  30.769  1024.417  1472.70 
2024 01 25 22 06 19.01  31.104  06.592  0059.72  00.50  07.85  279.9  009.26  30.770  1024.416  1472.73 
2024 01 25 22 06 19.26  31.106  06.593  0059.58  00.51  07.85  279.9  009.26  30.771  1024.416  1472.73 
2024 01 25 22 06 19.51  31.105  06.593  0059.44  00.54  07.85  279.9  009.26  30.770  1024.415  1472.73 
2024 01 25 22 06 19.76  31.105  06.592  0059.31  00.51  07.85  279.9  009.26  30.771  1024.415  1472.72 
2024 01 25 22 06 20.01  31.107  06.594  0059.20  00.52  07.85  279.9  009.26  30.771  1024.414  1472.73 
2024 01 25 22 06 20.26  31.108  06.593  0059.08  00.53  07.85  279.9  009.26  30.772  1024.415  1472.73 
2024 01 25 22 06 20.51  31.107  06.594  0058.98  00.49  07.85  279.9  009.26  30.771  1024.413  1472.72 
2024 01 25 22 06 20.76  31.110  06.594  0058.87  00.54  07.85  279.9  009.26  30.775  1024.416  1472.73 
2024 01 25 22 06 21.01  31.108  06.595  0058.76  00.56  07.85  279.9  009.26  30.772  1024.413  1472.73 
2024 01 25 22 06 21.26  31.108  06.594  0058.68  00.51  07.85  281.4  009.26  30.772  1024.412  1472.72 
2024 01 25 22 06 21.51  31.108  06.596  0058.58  00.54  07.85  281.4  009.26  30.771  1024.411  1472.73 
2024 01 25 22 06 21.76  31.112  06.598  0058.46  00.56  07.85  281.4  009.26  30.773  1024.412  1472.73 
2024 01 25 22 06 22.01  31.111  06.597  0058.29  00.50  07.85  281.4  009.26  30.773  1024.411  1472.73 
2024 01 25 22 06 22.26  31.111  06.596  0058.12  00.51  07.85  281.4  009.26  30.774  1024.411  1472.72 
2024 01 25 22 06 22.51  31.111  06.597  0057.98  00.54  07.85  281.4  009.26  30.773  1024.410  1472.72 
2024 01 25 22 06 22.76  31.112  06.600  0057.82  00.55  07.85  281.4  009.26  30.771  1024.407  1472.73 
2024 01 25 22 06 23.01  31.112  06.599  0057.66  00.50  07.85  281.4  009.26  30.772  1024.407  1472.73 
2024 01 25 22 06 23.26  31.112  06.602  0057.54  00.54  07.85  281.4  009.26  30.770  1024.405  1472.73 
2024 01 25 22 06 23.51  31.118  06.607  0057.42  00.59  07.86  281.4  009.26  30.772  1024.405  1472.75 
2024 01 25 22 06 23.76  31.125  06.618  0057.27  00.60  07.86  281.4  009.26  30.770  1024.402  1472.79 
2024 01 25 22 06 24.01  31.132  06.625  0057.12  00.57  07.86  281.4  009.26  30.771  1024.401  1472.82 
2024 01 25 22 06 24.26  31.134  06.626  0057.01  00.54  07.86  282.7  009.26  30.772  1024.401  1472.82 
2024 01 25 22 06 24.51  31.135  06.628  0056.89  00.52  07.86  282.7  009.26  30.772  1024.400  1472.83 
2024 01 25 22 06 24.76  31.136  06.627  0056.84  00.47  07.86  282.7  009.26  30.774  1024.402  1472.82 
2024 01 25 22 06 25.01  31.135  06.631  0056.77  00.55  07.86  282.7  009.26  30.770  1024.397  1472.83 
2024 01 25 22 06 25.26  31.139  06.635  0056.67  00.53  07.86  282.7  009.26  30.770  1024.397  1472.85 
2024 01 25 22 06 25.51  31.141  06.637  0056.53  00.51  07.86  282.7  009.26  30.771  1024.396  1472.85 
2024 01 25 22 06 25.76  31.141  06.638  0056.44  00.57  07.86  282.7  009.26  30.770  1024.395  1472.86 
2024 01 25 22 06 26.01  31.140  06.639  0056.29  00.57  07.86  282.7  009.26  30.768  1024.393  1472.85 
2024 01 25 22 06 26.26  31.143  06.639  0056.15  00.52  07.86  282.7  009.26  30.771  1024.395  1472.86 
2024 01 25 22 06 26.51  31.143  06.639  0056.06  00.55  07.86  282.7  009.26  30.771  1024.394  1472.86 
2024 01 25 22 06 26.76  31.143  06.639  0055.93  00.52  07.86  282.7  009.26  30.771  1024.393  1472.85 
2024 01 25 22 06 27.01  31.146  06.641  0055.82  00.50  07.86  282.7  009.26  30.772  1024.394  1472.86 
2024 01 25 22 06 27.26  31.147  06.643  0055.66  00.50  07.86  283.9  009.26  30.773  1024.393  1472.87 
2024 01 25 22 06 27.51  31.147  06.644  0055.54  00.58  07.86  283.9  009.26  30.771  1024.391  1472.87 
2024 01 25 22 06 27.76  31.148  06.646  0055.39  00.59  07.86  283.9  009.26  30.771  1024.390  1472.87 
2024 01 25 22 06 28.01  31.148  06.647  0055.24  00.55  07.86  283.9  009.26  30.770  1024.389  1472.87 
2024 01 25 22 06 28.26  31.147  06.648  0055.09  00.56  07.86  283.9  009.26  30.768  1024.386  1472.87 
2024 01 25 22 06 28.51  31.152  06.651  0054.94  00.57  07.86  283.9  009.26  30.771  1024.388  1472.88 
2024 01 25 22 06 28.76  31.153  06.653  0054.82  00.57  07.86  283.9  009.26  30.770  1024.386  1472.89 
2024 01 25 22 06 29.01  31.153  06.654  0054.67  00.56  07.86  283.9  009.26  30.769  1024.384  1472.89 
2024 01 25 22 06 29.26  31.154  06.655  0054.56  00.56  07.86  283.9  009.26  30.769  1024.384  1472.89 
2024 01 25 22 06 29.51  31.155  06.655  0054.44  00.61  07.86  283.9  009.26  30.770  1024.384  1472.89 
2024 01 25 22 06 29.76  31.155  06.655  0054.35  00.53  07.86  283.9  009.26  30.770  1024.383  1472.89 
2024 01 25 22 06 30.01  31.155  06.657  0054.25  00.58  07.86  283.9  009.26  30.768  1024.381  1472.89 
2024 01 25 22 06 30.26  31.155  06.658  0054.15  00.55  07.86  284.6  009.26  30.768  1024.381  1472.90 
2024 01 25 22 06 30.51  31.155  06.659  0054.05  00.54  07.86  284.6  009.26  30.768  1024.380  1472.90 
2024 01 25 22 06 30.76  31.154  06.659  0053.90  00.55  07.86  284.6  009.26  30.766  1024.378  1472.89 
2024 01 25 22 06 31.01  31.156  06.659  0053.73  00.53  07.86  284.6  009.26  30.768  1024.379  1472.90 
2024 01 25 22 06 31.26  31.157  06.663  0053.54  00.52  07.86  284.6  009.26  30.766  1024.375  1472.90 
2024 01 25 22 06 31.51  31.161  06.668  0053.37  00.68  07.86  284.6  009.26  30.766  1024.375  1472.92 
2024 01 25 22 06 31.76  31.162  06.669  0053.24  00.67  07.86  284.6  009.26  30.766  1024.374  1472.92 
2024 01 25 22 06 32.01  31.159  06.668  0053.13  00.63  07.87  284.6  009.26  30.763  1024.371  1472.91 
2024 01 25 22 06 32.26  31.159  06.668  0053.05  00.59  07.86  284.6  009.26  30.764  1024.371  1472.91 
2024 01 25 22 06 32.51  31.155  06.667  0052.97  00.56  07.87  284.6  009.26  30.760  1024.367  1472.90 
2024 01 25 22 06 32.76  31.153  06.667  0052.84  00.57  07.86  284.6  009.26  30.759  1024.366  1472.90 
2024 01 25 22 06 33.01  31.148  06.664  0052.76  00.59  07.86  284.6  009.26  30.756  1024.364  1472.88 
2024 01 25 22 06 33.26  31.145  06.660  0052.64  00.51  07.86  285.5  009.26  30.756  1024.364  1472.86 
2024 01 25 22 06 33.51  31.147  06.659  0052.57  00.49  07.86  285.5  009.26  30.759  1024.366  1472.86 
2024 01 25 22 06 33.76  31.143  06.658  0052.46  00.53  07.86  285.5  009.26  30.756  1024.363  1472.85 
2024 01 25 22 06 34.01  31.141  06.654  0052.33  00.69  07.86  285.5  009.26  30.757  1024.364  1472.84 
2024 01 25 22 06 34.26  31.139  06.654  0052.23  00.67  07.86  285.5  009.26  30.756  1024.363  1472.83 
2024 01 25 22 06 34.51  31.139  06.655  0052.14  00.67  07.86  285.5  009.26  30.755  1024.361  1472.83 
2024 01 25 22 06 34.76  31.137  06.655  0052.02  00.57  07.86  285.5  009.26  30.752  1024.358  1472.83 
2024 01 25 22 06 35.01  31.136  06.656  0051.91  00.53  07.86  285.5  009.26  30.751  1024.357  1472.83 
2024 01 25 22 06 35.26  31.137  06.655  0051.83  00.55  07.86  285.5  009.26  30.752  1024.358  1472.83 
2024 01 25 22 06 35.51  31.122  06.642  0051.76  00.49  07.86  285.5  009.26  30.747  1024.355  1472.77 
2024 01 25 22 06 35.76  31.121  06.639  0051.65  00.66  07.86  285.5  009.26  30.749  1024.356  1472.76 
2024 01 25 22 06 36.01  31.104  06.625  0051.58  00.59  07.86  285.5  009.26  30.743  1024.353  1472.69 
2024 01 25 22 06 36.26  31.093  06.615  0051.49  00.57  07.86  285.7  009.26  30.740  1024.352  1472.65 
2024 01 25 22 06 36.51  31.089  06.610  0051.40  00.62  07.86  285.7  009.26  30.740  1024.352  1472.63 
2024 01 25 22 06 36.76  31.081  06.607  0051.28  00.57  07.85  285.7  009.26  30.734  1024.347  1472.61 
2024 01 25 22 06 37.01  31.077  06.605  0051.18  00.57  07.85  285.7  009.26  30.732  1024.346  1472.59 
2024 01 25 22 06 37.26  31.075  06.602  0051.06  00.59  07.85  285.7  009.26  30.732  1024.345  1472.58 
2024 01 25 22 06 37.51  31.073  06.601  0050.95  00.57  07.85  285.7  009.26  30.731  1024.344  1472.57 
2024 01 25 22 06 37.76  31.073  06.602  0050.85  00.59  07.85  285.7  009.26  30.730  1024.343  1472.57 
2024 01 25 22 06 38.01  31.072  06.602  0050.76  00.78  07.85  285.7  009.26  30.729  1024.341  1472.57 
2024 01 25 22 06 38.26  31.074  06.603  0050.70  00.64  07.84  285.7  009.26  30.731  1024.342  1472.58 
2024 01 25 22 06 38.51  31.073  06.604  0050.62  00.55  07.85  285.7  009.26  30.729  1024.340  1472.57 
2024 01 25 22 06 38.76  31.074  06.604  0050.54  00.62  07.85  285.7  009.26  30.730  1024.341  1472.58 
2024 01 25 22 06 39.01  31.074  06.605  0050.42  00.59  07.85  285.7  009.26  30.729  1024.339  1472.58 
2024 01 25 22 06 39.26  31.074  06.609  0050.31  00.66  07.85  284.5  009.26  30.725  1024.335  1472.59 
2024 01 25 22 06 39.51  31.077  06.609  0050.19  00.52  07.85  284.5  009.26  30.728  1024.337  1472.59 
2024 01 25 22 06 39.76  31.076  06.610  0050.05  00.60  07.85  284.5  009.26  30.727  1024.335  1472.59 
2024 01 25 22 06 40.01  31.073  06.608  0049.90  00.63  07.85  284.5  009.26  30.725  1024.333  1472.58 
2024 01 25 22 06 40.26  31.073  06.608  0049.79  00.66  07.85  284.5  009.26  30.726  1024.333  1472.58 
2024 01 25 22 06 40.51  31.071  06.608  0049.67  00.63  07.85  284.5  009.26  30.723  1024.331  1472.57 
2024 01 25 22 06 40.76  31.073  06.607  0049.57  00.63  07.85  284.5  009.26  30.726  1024.332  1472.57 
2024 01 25 22 06 41.01  31.072  06.607  0049.47  00.62  07.85  284.5  009.26  30.725  1024.332  1472.57 
2024 01 25 22 06 41.26  31.070  06.606  0049.36  00.62  07.84  284.5  009.26  30.724  1024.331  1472.56 
2024 01 25 22 06 41.51  31.073  06.608  0049.24  00.56  07.84  284.5  009.26  30.725  1024.330  1472.57 
2024 01 25 22 06 41.76  31.071  06.607  0049.09  00.54  07.84  284.5  009.26  30.724  1024.329  1472.56 
2024 01 25 22 06 42.01  31.071  06.607  0048.94  00.60  07.84  284.5  009.26  30.725  1024.329  1472.55 
2024 01 25 22 06 42.26  31.073  06.611  0048.81  00.62  07.84  282.9  009.26  30.724  1024.327  1472.57 
2024 01 25 22 06 42.51  31.076  06.616  0048.68  00.60  07.84  282.9  009.26  30.721  1024.324  1472.58 
2024 01 25 22 06 42.76  31.081  06.620  0048.57  00.55  07.84  282.9  009.26  30.723  1024.324  1472.60 
2024 01 25 22 06 43.01  31.081  06.621  0048.44  00.66  07.84  282.9  009.26  30.722  1024.323  1472.60 
2024 01 25 22 06 43.26  31.077  06.620  0048.38  00.60  07.84  282.9  009.26  30.720  1024.321  1472.59 
2024 01 25 22 06 43.51  31.079  06.621  0048.37  00.62  07.85  282.9  009.26  30.721  1024.322  1472.60 
2024 01 25 22 06 43.76  31.078  06.616  0048.39  00.60  07.84  282.9  009.26  30.724  1024.325  1472.58 
2024 01 25 22 06 44.01  31.081  06.624  0048.34  00.58  07.85  282.9  009.26  30.721  1024.321  1472.61 
2024 01 25 22 06 44.26  31.081  06.625  0048.22  00.62  07.84  282.9  009.26  30.719  1024.319  1472.61 
2024 01 25 22 06 44.51  31.084  06.628  0048.04  00.61  07.84  282.9  009.26  30.720  1024.318  1472.62 
2024 01 25 22 06 44.76  31.086  06.630  0047.85  00.64  07.84  282.9  009.26  30.721  1024.318  1472.62 
2024 01 25 22 06 45.01  31.086  06.631  0047.70  00.61  07.85  282.9  009.26  30.720  1024.317  1472.62 
2024 01 25 22 06 45.26  31.088  06.633  0047.55  00.62  07.85  282.0  009.26  30.720  1024.315  1472.63 
2024 01 25 22 06 45.51  31.088  06.637  0047.41  00.64  07.85  282.0  009.26  30.716  1024.311  1472.64 
2024 01 25 22 06 45.76  31.089  06.640  0047.24  00.65  07.85  282.0  009.26  30.716  1024.310  1472.65 
2024 01 25 22 06 46.01  31.091  06.640  0047.15  00.63  07.85  282.0  009.26  30.717  1024.310  1472.65 
2024 01 25 22 06 46.26  31.093  06.640  0047.04  00.59  07.85  282.0  009.26  30.719  1024.312  1472.65 
2024 01 25 22 06 46.51  31.092  06.640  0046.95  00.56  07.85  282.0  009.26  30.718  1024.310  1472.65 
2024 01 25 22 06 46.76  31.092  06.640  0046.87  00.69  07.85  282.0  009.26  30.718  1024.310  1472.65 
2024 01 25 22 06 47.01  31.092  06.641  0046.74  00.66  07.85  282.0  009.26  30.717  1024.308  1472.65 
2024 01 25 22 06 47.26  31.092  06.643  0046.68  00.66  07.84  282.0  009.26  30.716  1024.307  1472.65 
2024 01 25 22 06 47.51  31.093  06.643  0046.53  00.64  07.85  282.0  009.26  30.716  1024.307  1472.65 
2024 01 25 22 06 47.76  31.093  06.644  0046.41  00.55  07.85  282.0  009.26  30.715  1024.305  1472.65 
2024 01 25 22 06 48.01  31.096  06.647  0046.27  00.50  07.85  282.0  009.26  30.717  1024.306  1472.66 
2024 01 25 22 06 48.26  31.097  06.653  0046.13  00.55  07.85  281.6  009.26  30.713  1024.301  1472.68 
2024 01 25 22 06 48.51  31.103  06.658  0045.99  00.57  07.85  281.6  009.26  30.714  1024.301  1472.70 
2024 01 25 22 06 48.76  31.105  06.667  0045.85  00.59  07.85  281.6  009.26  30.709  1024.295  1472.72 
2024 01 25 22 06 49.01  31.107  06.669  0045.72  00.54  07.85  281.6  009.26  30.709  1024.294  1472.73 
2024 01 25 22 06 49.26  31.108  06.669  0045.60  00.56  07.85  281.6  009.26  30.710  1024.294  1472.73 
2024 01 25 22 06 49.51  31.108  06.672  0045.49  00.58  07.85  281.6  009.26  30.708  1024.292  1472.74 
2024 01 25 22 06 49.76  31.111  06.676  0045.36  00.61  07.85  281.6  009.26  30.708  1024.290  1472.75 
2024 01 25 22 06 50.01  31.109  06.679  0045.23  00.60  07.85  281.6  009.26  30.704  1024.286  1472.75 
2024 01 25 22 06 50.26  31.111  06.680  0045.07  00.63  07.84  281.6  009.26  30.704  1024.286  1472.76 
2024 01 25 22 06 50.51  31.114  06.685  0044.96  00.66  07.85  281.6  009.26  30.703  1024.284  1472.77 
2024 01 25 22 06 50.76  31.116  06.691  0044.85  00.64  07.85  281.6  009.26  30.700  1024.280  1472.79 
2024 01 25 22 06 51.01  31.117  06.693  0044.76  00.60  07.85  281.6  009.26  30.700  1024.279  1472.80 
2024 01 25 22 06 51.26  31.120  06.694  0044.69  00.59  07.85  281.4  009.26  30.701  1024.280  1472.80 
2024 01 25 22 06 51.51  31.119  06.698  0044.58  00.61  07.85  281.4  009.26  30.697  1024.276  1472.81 
2024 01 25 22 06 51.76  31.122  06.698  0044.49  00.61  07.85  281.4  009.26  30.700  1024.278  1472.81 
2024 01 25 22 06 52.01  31.122  06.700  0044.42  00.63  07.85  281.4  009.26  30.699  1024.276  1472.82 
2024 01 25 22 06 52.26  31.122  06.703  0044.29  00.62  07.85  281.4  009.26  30.696  1024.273  1472.82 
2024 01 25 22 06 52.51  31.124  06.704  0044.15  00.62  07.85  281.4  009.26  30.698  1024.273  1472.83 
2024 01 25 22 06 52.76  31.127  06.709  0043.98  00.61  07.85  281.4  009.26  30.696  1024.270  1472.84 
2024 01 25 22 06 53.01  31.130  06.710  0043.83  00.59  07.85  281.4  009.26  30.698  1024.271  1472.85 
2024 01 25 22 06 53.26  31.130  06.714  0043.68  00.62  07.85  281.4  009.26  30.696  1024.268  1472.86 
2024 01 25 22 06 53.51  31.135  06.718  0043.58  00.64  07.85  281.4  009.26  30.697  1024.268  1472.87 
2024 01 25 22 06 53.76  31.134  06.719  0043.45  00.64  07.85  281.4  009.26  30.695  1024.266  1472.87 
2024 01 25 22 06 54.01  31.136  06.721  0043.37  00.61  07.85  281.4  009.29  30.696  1024.266  1472.88 
2024 01 25 22 06 54.26  31.137  06.722  0043.27  00.66  07.85  281.1  009.26  30.696  1024.265  1472.88 
2024 01 25 22 06 54.51  31.135  06.722  0043.19  00.63  07.85  281.1  009.26  30.693  1024.263  1472.88 
2024 01 25 22 06 54.76  31.138  06.726  0043.11  00.65  07.85  281.1  009.26  30.693  1024.262  1472.89 
2024 01 25 22 06 55.01  31.139  06.729  0042.99  00.66  07.85  281.1  009.26  30.693  1024.261  1472.90 
2024 01 25 22 06 55.26  31.141  06.731  0042.87  00.59  07.85  281.1  009.26  30.692  1024.260  1472.91 
2024 01 25 22 06 55.51  31.143  06.733  0042.73  00.58  07.85  281.1  009.26  30.694  1024.260  1472.91 
2024 01 25 22 06 55.76  31.143  06.732  0042.64  00.60  07.85  281.1  009.26  30.694  1024.260  1472.91 
2024 01 25 22 06 56.01  31.143  06.734  0042.53  00.60  07.85  281.1  009.26  30.691  1024.257  1472.91 
2024 01 25 22 06 56.26  31.147  06.735  0042.39  00.62  07.85  281.1  009.26  30.696  1024.260  1472.92 
2024 01 25 22 06 56.51  31.147  06.736  0042.27  00.61  07.85  281.1  009.26  30.695  1024.258  1472.92 
2024 01 25 22 06 56.76  31.149  06.741  0042.06  00.61  07.85  281.1  009.26  30.692  1024.255  1472.93 
2024 01 25 22 06 57.01  31.151  06.744  0041.89  00.67  07.85  281.1  009.26  30.693  1024.254  1472.94 
2024 01 25 22 06 57.26  31.152  06.745  0041.72  00.62  07.85  281.0  009.26  30.693  1024.253  1472.94 
2024 01 25 22 06 57.51  31.153  06.744  0041.59  00.65  07.85  281.0  009.26  30.694  1024.254  1472.94 
2024 01 25 22 06 57.76  31.155  06.752  0041.46  00.58  07.85  281.0  009.26  30.690  1024.249  1472.96 
2024 01 25 22 06 58.01  31.157  06.752  0041.34  00.65  07.85  281.0  009.26  30.692  1024.250  1472.96 
2024 01 25 22 06 58.26  31.154  06.755  0041.21  00.61  07.85  281.0  009.26  30.686  1024.244  1472.97 
2024 01 25 22 06 58.51  31.157  06.754  0041.12  00.64  07.85  281.0  009.26  30.690  1024.247  1472.97 
2024 01 25 22 06 58.76  31.155  06.754  0041.02  00.69  07.85  281.0  009.26  30.688  1024.245  1472.96 
2024 01 25 22 06 59.01  31.155  06.754  0040.93  00.71  07.85  281.0  009.26  30.689  1024.245  1472.96 
2024 01 25 22 06 59.26  31.155  06.753  0040.86  00.67  07.85  281.0  009.26  30.688  1024.244  1472.96 
2024 01 25 22 06 59.51  31.151  06.754  0040.75  00.60  07.85  281.0  009.26  30.684  1024.241  1472.95 
2024 01 25 22 06 59.76  31.151  06.754  0040.65  00.70  07.85  281.0  009.26  30.683  1024.239  1472.95 
2024 01 25 22 07 00.01  31.148  06.755  0040.51  00.64  07.85  281.0  009.26  30.680  1024.236  1472.95 
2024 01 25 22 07 00.26  31.150  06.757  0040.37  00.71  07.85  281.1  009.26  30.680  1024.235  1472.95 
2024 01 25 22 07 00.51  31.157  06.765  0040.23  00.81  07.85  281.1  009.29  30.680  1024.234  1472.98 
2024 01 25 22 07 00.76  31.213  06.839  0040.06  00.71  07.85  281.1  009.26  30.675  1024.219  1473.27 
2024 01 25 22 07 01.01  31.229  06.873  0039.97  00.66  07.85  281.1  009.26  30.663  1024.205  1473.38 
2024 01 25 22 07 01.26  31.245  06.897  0039.83  00.67  07.86  281.1  009.26  30.659  1024.199  1473.47 
2024 01 25 22 07 01.51  31.257  06.907  0039.66  00.71  07.86  281.1  009.26  30.663  1024.199  1473.51 
2024 01 25 22 07 01.76  31.264  06.914  0039.56  00.73  07.86  281.1  009.29  30.664  1024.199  1473.54 
2024 01 25 22 07 02.01  31.270  06.921  0039.41  00.69  07.86  281.1  009.26  30.664  1024.198  1473.56 
2024 01 25 22 07 02.26  31.284  06.935  0039.27  00.69  07.86  281.1  009.26  30.667  1024.197  1473.62 
2024 01 25 22 07 02.51  31.288  06.936  0039.20  00.69  07.86  281.1  009.26  30.671  1024.200  1473.63 
2024 01 25 22 07 02.76  31.280  06.930  0039.11  00.69  07.86  281.1  009.26  30.667  1024.197  1473.60 
2024 01 25 22 07 03.01  31.291  06.944  0039.04  00.69  07.87  281.1  009.26  30.667  1024.195  1473.65 
2024 01 25 22 07 03.26  31.295  06.947  0038.95  00.73  07.87  281.2  009.26  30.669  1024.195  1473.66 
2024 01 25 22 07 03.51  31.298  06.950  0038.86  00.74  07.87  281.2  009.26  30.669  1024.195  1473.68 
2024 01 25 22 07 03.76  31.295  06.945  0038.75  00.77  07.87  281.2  009.26  30.671  1024.196  1473.66 
2024 01 25 22 07 04.01  31.299  06.950  0038.63  00.71  07.87  281.2  009.26  30.671  1024.195  1473.67 
2024 01 25 22 07 04.26  31.303  06.955  0038.54  00.72  07.87  281.2  009.26  30.671  1024.194  1473.69 
2024 01 25 22 07 04.51  31.305  06.958  0038.41  00.75  07.87  281.2  009.26  30.670  1024.192  1473.70 
2024 01 25 22 07 04.76  31.315  06.967  0038.30  00.75  07.87  281.2  009.26  30.673  1024.193  1473.74 
2024 01 25 22 07 05.01  31.334  06.992  0038.21  00.71  07.87  281.2  009.26  30.672  1024.188  1473.83 
2024 01 25 22 07 05.26  31.344  07.024  0038.11  00.69  07.87  281.2  009.26  30.654  1024.170  1473.93 
2024 01 25 22 07 05.51  31.342  07.027  0038.01  00.73  07.87  281.2  009.26  30.648  1024.165  1473.94 
2024 01 25 22 07 05.76  31.342  07.037  0037.90  00.74  07.87  281.2  009.26  30.639  1024.156  1473.96 
2024 01 25 22 07 06.01  31.339  07.036  0037.78  00.75  07.87  281.2  009.26  30.638  1024.155  1473.95 
2024 01 25 22 07 06.26  31.336  07.033  0037.64  00.76  07.87  282.1  009.26  30.637  1024.153  1473.94 
2024 01 25 22 07 06.51  31.320  07.021  0037.51  00.79  07.87  282.1  009.26  30.630  1024.149  1473.88 
2024 01 25 22 07 06.76  31.310  07.014  0037.38  00.74  07.87  282.1  009.26  30.626  1024.146  1473.85 
2024 01 25 22 07 07.01  31.290  07.005  0037.27  00.77  07.87  282.1  009.26  30.613  1024.136  1473.79 
2024 01 25 22 07 07.26  31.254  06.972  0037.20  00.70  07.87  282.1  009.26  30.603  1024.133  1473.65 
2024 01 25 22 07 07.51  31.255  06.976  0037.12  00.69  07.87  282.1  009.26  30.600  1024.129  1473.66 
2024 01 25 22 07 07.76  31.214  06.949  0037.08  00.76  07.86  282.1  009.26  30.581  1024.117  1473.53 
2024 01 25 22 07 08.01  31.202  06.930  0036.96  00.78  07.86  282.1  009.26  30.584  1024.122  1473.46 
2024 01 25 22 07 08.26  31.193  06.927  0036.87  00.73  07.86  282.1  009.26  30.576  1024.116  1473.44 
2024 01 25 22 07 08.51  31.190  06.934  0036.76  00.70  07.86  282.1  009.26  30.567  1024.107  1473.45 
2024 01 25 22 07 08.76  31.190  06.936  0036.60  00.78  07.86  282.1  009.26  30.565  1024.104  1473.45 
2024 01 25 22 07 09.01  31.192  06.942  0036.49  00.76  07.86  282.1  009.26  30.563  1024.102  1473.47 
2024 01 25 22 07 09.26  31.190  06.946  0036.39  00.83  07.86  282.1  009.26  30.556  1024.095  1473.48 
2024 01 25 22 07 09.51  31.191  06.945  0036.30  00.81  07.86  282.1  009.26  30.559  1024.097  1473.48 
2024 01 25 22 07 09.76  31.190  06.951  0036.21  00.81  07.86  282.1  009.26  30.553  1024.091  1473.49 
2024 01 25 22 07 10.01  31.191  06.955  0036.10  00.79  07.86  282.1  009.26  30.550  1024.088  1473.50 
2024 01 25 22 07 10.26  31.193  06.961  0035.99  00.78  07.85  282.1  009.26  30.547  1024.084  1473.52 
2024 01 25 22 07 10.51  31.196  06.970  0035.86  00.76  07.85  282.1  009.26  30.542  1024.079  1473.55 
2024 01 25 22 07 10.76  31.198  06.974  0035.72  00.86  07.85  282.1  009.26  30.541  1024.077  1473.56 
2024 01 25 22 07 11.01  31.199  06.977  0035.61  00.98  07.85  282.1  009.26  30.540  1024.074  1473.57 
2024 01 25 22 07 11.26  31.200  06.979  0035.49  00.84  07.85  282.1  009.26  30.539  1024.073  1473.57 
2024 01 25 22 07 11.51  31.200  06.981  0035.35  00.76  07.85  282.1  009.26  30.537  1024.071  1473.58 
2024 01 25 22 07 11.76  31.200  06.984  0035.26  00.78  07.85  282.1  009.26  30.534  1024.068  1473.58 
2024 01 25 22 07 12.01  31.199  06.988  0035.12  00.81  07.85  282.1  009.26  30.530  1024.063  1473.59 
2024 01 25 22 07 12.26  31.196  06.989  0035.05  00.78  07.85  279.9  009.26  30.525  1024.059  1473.59 
2024 01 25 22 07 12.51  31.194  06.991  0034.98  00.83  07.85  279.9  009.26  30.523  1024.057  1473.59 
2024 01 25 22 07 12.76  31.196  06.991  0034.90  00.92  07.85  279.9  009.26  30.524  1024.057  1473.59 
2024 01 25 22 07 13.01  31.190  07.004  0034.80  01.06  07.85  279.9  009.26  30.507  1024.042  1473.62 
2024 01 25 22 07 13.26  31.191  07.023  0034.70  00.90  07.85  279.9  009.26  30.490  1024.026  1473.67 
2024 01 25 22 07 13.51  31.192  07.041  0034.59  00.85  07.85  279.9  009.26  30.475  1024.011  1473.72 
2024 01 25 22 07 13.76  31.193  07.068  0034.46  00.93  07.85  279.9  009.26  30.453  1023.990  1473.79 
2024 01 25 22 07 14.01  31.190  07.072  0034.36  00.84  07.85  279.9  009.26  30.446  1023.983  1473.80 
2024 01 25 22 07 14.26  31.190  07.069  0034.36  00.90  07.85  279.9  009.26  30.449  1023.986  1473.79 
2024 01 25 22 07 14.51  31.190  07.065  0034.36  00.90  07.85  279.9  009.26  30.452  1023.989  1473.78 
2024 01 25 22 07 14.76  31.191  07.075  0034.36  00.93  07.85  279.9  009.26  30.445  1023.982  1473.81 
2024 01 25 22 07 15.01  31.192  07.088  0034.34  00.86  07.85  279.9  009.26  30.434  1023.971  1473.85 
2024 01 25 22 07 15.26  31.193  07.099  0034.29  00.90  07.85  278.0  009.26  30.426  1023.963  1473.88 
2024 01 25 22 07 15.51  31.200  07.118  0034.19  00.90  07.85  278.0  009.26  30.417  1023.953  1473.94 
2024 01 25 22 07 15.76  31.207  07.138  0034.05  00.88  07.85  278.0  009.26  30.407  1023.942  1474.00 
2024 01 25 22 07 16.01  31.213  07.143  0033.92  00.94  07.85  278.0  009.26  30.408  1023.942  1474.02 
2024 01 25 22 07 16.26  31.214  07.148  0033.77  00.89  07.85  278.0  009.26  30.406  1023.939  1474.04 
2024 01 25 22 07 16.51  31.213  07.145  0033.69  01.26  07.85  278.0  009.26  30.407  1023.940  1474.03 
2024 01 25 22 07 16.76  31.213  07.151  0033.61  01.02  07.85  278.0  009.26  30.402  1023.935  1474.04 
2024 01 25 22 07 17.01  31.213  07.153  0033.53  00.92  07.85  278.0  009.26  30.401  1023.933  1474.05 
2024 01 25 22 07 17.26  31.213  07.157  0033.45  00.88  07.85  278.0  009.26  30.397  1023.929  1474.06 
2024 01 25 22 07 17.51  31.217  07.171  0033.34  00.86  07.85  278.0  009.26  30.390  1023.921  1474.10 
2024 01 25 22 07 17.76  31.227  07.192  0033.24  00.91  07.85  278.0  009.26  30.381  1023.911  1474.17 
2024 01 25 22 07 18.01  31.271  07.291  0033.10  00.90  07.85  278.0  009.26  30.341  1023.866  1474.50 
2024 01 25 22 07 18.26  31.291  07.369  0032.97  00.96  07.86  274.6  009.26  30.295  1023.819  1474.75 
2024 01 25 22 07 18.51  31.295  07.370  0032.86  01.05  07.86  274.6  009.26  30.298  1023.821  1474.76 
2024 01 25 22 07 18.76  31.302  07.394  0032.76  01.08  07.86  274.6  009.26  30.284  1023.806  1474.83 
2024 01 25 22 07 19.01  31.303  07.403  0032.67  01.04  07.86  274.6  009.26  30.279  1023.800  1474.85 
2024 01 25 22 07 19.26  31.306  07.403  0032.57  01.05  07.86  274.6  009.26  30.281  1023.801  1474.86 
2024 01 25 22 07 19.51  31.298  07.403  0032.44  01.07  07.86  274.6  009.26  30.272  1023.794  1474.85 
2024 01 25 22 07 19.76  31.290  07.400  0032.32  01.07  07.86  274.6  009.26  30.267  1023.789  1474.82 
2024 01 25 22 07 20.01  31.291  07.400  0032.22  01.07  07.86  274.6  009.26  30.269  1023.790  1474.82 
2024 01 25 22 07 20.26  31.290  07.398  0032.15  01.06  07.86  274.6  009.26  30.268  1023.790  1474.82 
2024 01 25 22 07 20.51  31.287  07.398  0032.04  01.03  07.86  274.6  009.26  30.266  1023.788  1474.81 
2024 01 25 22 07 20.76  31.285  07.396  0031.95  01.08  07.86  274.6  009.26  30.265  1023.787  1474.80 
2024 01 25 22 07 21.01  31.284  07.395  0031.80  01.07  07.86  274.6  009.26  30.265  1023.786  1474.79 
2024 01 25 22 07 21.26  31.273  07.391  0031.68  01.13  07.86  273.7  009.26  30.257  1023.780  1474.77 
2024 01 25 22 07 21.51  31.268  07.390  0031.56  01.11  07.86  273.7  009.26  30.252  1023.775  1474.75 
2024 01 25 22 07 21.76  31.267  07.390  0031.46  01.08  07.86  273.7  009.29  30.251  1023.774  1474.75 
2024 01 25 22 07 22.01  31.267  07.391  0031.40  01.07  07.86  273.7  009.26  30.250  1023.773  1474.75 
2024 01 25 22 07 22.26  31.268  07.391  0031.35  01.12  07.86  273.7  009.26  30.251  1023.774  1474.75 
2024 01 25 22 07 22.51  31.267  07.403  0031.27  01.18  07.86  273.7  009.26  30.240  1023.763  1474.78 
2024 01 25 22 07 22.76  31.270  07.414  0031.16  01.06  07.86  273.7  009.26  30.233  1023.756  1474.82 
2024 01 25 22 07 23.01  31.281  07.450  0031.06  01.04  07.86  273.7  009.26  30.214  1023.736  1474.93 
2024 01 25 22 07 23.26  31.289  07.476  0030.92  01.06  07.86  273.7  009.26  30.200  1023.720  1475.01 
2024 01 25 22 07 23.51  31.287  07.496  0030.78  01.07  07.87  273.7  009.26  30.180  1023.702  1475.06 
2024 01 25 22 07 23.76  31.300  07.523  0030.67  01.08  07.87  273.7  009.26  30.171  1023.690  1475.16 
2024 01 25 22 07 24.01  31.308  07.553  0030.55  01.16  07.87  273.7  009.26  30.154  1023.672  1475.25 
2024 01 25 22 07 24.26  31.303  07.563  0030.38  01.19  07.87  273.1  009.26  30.140  1023.660  1475.27 
2024 01 25 22 07 24.51  31.301  07.572  0030.25  01.17  07.87  273.1  009.26  30.130  1023.650  1475.29 
2024 01 25 22 07 24.76  31.302  07.582  0030.14  01.21  07.87  273.1  009.26  30.122  1023.641  1475.31 
2024 01 25 22 07 25.01  31.302  07.593  0030.04  01.22  07.87  273.1  009.26  30.113  1023.632  1475.34 
2024 01 25 22 07 25.26  31.302  07.606  0029.96  01.18  07.87  273.1  009.26  30.101  1023.621  1475.38 
2024 01 25 22 07 25.51  31.302  07.603  0029.92  01.14  07.87  273.1  009.26  30.104  1023.624  1475.37 
2024 01 25 22 07 25.76  31.309  07.633  0029.82  01.21  07.87  273.1  009.26  30.086  1023.605  1475.46 
2024 01 25 22 07 26.01  31.315  07.654  0029.73  01.20  07.87  273.1  009.26  30.074  1023.592  1475.52 
2024 01 25 22 07 26.26  31.318  07.655  0029.63  01.22  07.87  273.1  009.26  30.077  1023.594  1475.53 
2024 01 25 22 07 26.51  31.311  07.652  0029.51  01.23  07.87  273.1  009.26  30.071  1023.589  1475.51 
2024 01 25 22 07 26.76  31.309  07.653  0029.39  01.26  07.87  273.1  009.26  30.069  1023.587  1475.51 
2024 01 25 22 07 27.01  31.308  07.655  0029.25  01.26  07.88  273.1  009.26  30.066  1023.583  1475.51 
2024 01 25 22 07 27.26  31.315  07.669  0029.15  01.18  07.88  272.9  009.26  30.061  1023.578  1475.56 
2024 01 25 22 07 27.51  31.315  07.676  0029.00  01.24  07.88  272.9  009.26  30.055  1023.571  1475.58 
2024 01 25 22 07 27.76  31.319  07.682  0028.88  01.31  07.88  272.9  009.26  30.055  1023.569  1475.60 
2024 01 25 22 07 28.01  31.320  07.684  0028.81  01.33  07.88  272.9  009.26  30.054  1023.568  1475.60 
2024 01 25 22 07 28.26  31.320  07.684  0028.67  01.31  07.88  272.9  009.26  30.054  1023.568  1475.60 
2024 01 25 22 07 28.51  31.320  07.690  0028.57  01.28  07.88  272.9  009.26  30.049  1023.562  1475.61 
2024 01 25 22 07 28.76  31.322  07.692  0028.44  01.28  07.88  272.9  009.26  30.049  1023.561  1475.62 
2024 01 25 22 07 29.01  31.322  07.695  0028.34  01.21  07.88  272.9  009.26  30.046  1023.558  1475.63 
2024 01 25 22 07 29.26  31.325  07.701  0028.24  01.23  07.88  272.9  009.26  30.045  1023.556  1475.65 
2024 01 25 22 07 29.51  31.327  07.702  0028.14  01.19  07.88  272.9  009.26  30.046  1023.556  1475.65 
2024 01 25 22 07 29.76  31.327  07.700  0028.09  01.20  07.88  272.9  009.26  30.048  1023.558  1475.64 
2024 01 25 22 07 30.01  31.327  07.703  0028.03  01.26  07.88  272.9  009.26  30.045  1023.555  1475.65 
2024 01 25 22 07 30.26  31.330  07.706  0027.94  01.26  07.88  272.5  009.26  30.045  1023.555  1475.66 
2024 01 25 22 07 30.51  31.330  07.707  0027.81  01.26  07.88  272.5  009.26  30.045  1023.554  1475.66 
2024 01 25 22 07 30.76  31.331  07.710  0027.72  01.25  07.88  272.5  009.26  30.044  1023.552  1475.67 
2024 01 25 22 07 31.01  31.334  07.713  0027.60  01.26  07.88  272.5  009.26  30.044  1023.550  1475.68 
2024 01 25 22 07 31.26  31.338  07.716  0027.51  01.33  07.88  272.5  009.26  30.046  1023.551  1475.69 
2024 01 25 22 07 31.51  31.334  07.716  0027.44  01.37  07.88  272.5  009.26  30.042  1023.548  1475.69 
2024 01 25 22 07 31.76  31.338  07.720  0027.37  01.34  07.88  272.5  009.26  30.042  1023.547  1475.70 
2024 01 25 22 07 32.01  31.341  07.728  0027.27  01.31  07.88  272.5  009.26  30.039  1023.543  1475.73 
2024 01 25 22 07 32.26  31.347  07.750  0027.13  01.31  07.88  272.5  009.26  30.027  1023.530  1475.79 
2024 01 25 22 07 32.51  31.350  07.761  0027.01  01.35  07.88  272.5  009.26  30.021  1023.523  1475.83 
2024 01 25 22 07 32.76  31.364  07.778  0026.85  01.33  07.88  272.5  009.26  30.021  1023.520  1475.89 
2024 01 25 22 07 33.01  31.362  07.786  0026.76  01.33  07.88  272.5  009.26  30.012  1023.512  1475.91 
2024 01 25 22 07 33.26  31.362  07.780  0026.72  01.41  07.88  273.1  009.26  30.016  1023.516  1475.89 
2024 01 25 22 07 33.51  31.364  07.788  0026.65  01.24  07.88  273.1  009.26  30.012  1023.511  1475.91 
2024 01 25 22 07 33.76  31.369  07.797  0026.58  01.26  07.89  273.1  009.26  30.010  1023.508  1475.95 
2024 01 25 22 07 34.01  31.374  07.808  0026.49  01.39  07.89  273.1  009.26  30.006  1023.503  1475.98 
2024 01 25 22 07 34.26  31.373  07.802  0026.47  01.38  07.89  273.1  009.26  30.009  1023.506  1475.96 
2024 01 25 22 07 34.51  31.369  07.804  0026.41  01.31  07.89  273.1  009.26  30.004  1023.502  1475.96 
2024 01 25 22 07 34.76  31.369  07.811  0026.32  01.28  07.89  273.1  009.26  29.997  1023.495  1475.98 
2024 01 25 22 07 35.01  31.373  07.818  0026.20  01.33  07.89  273.1  009.26  29.997  1023.493  1476.00 
2024 01 25 22 07 35.26  31.387  07.838  0026.04  01.34  07.89  273.1  009.26  29.994  1023.487  1476.07 
2024 01 25 22 07 35.51  31.388  07.863  0025.93  01.34  07.89  273.1  009.26  29.973  1023.467  1476.14 
2024 01 25 22 07 35.76  31.389  07.866  0025.83  01.38  07.89  273.1  009.26  29.971  1023.465  1476.15 
2024 01 25 22 07 36.01  31.415  07.925  0025.77  01.33  07.89  273.1  009.26  29.949  1023.438  1476.35 
2024 01 25 22 07 36.26  31.415  07.911  0025.70  01.45  07.89  273.5  009.26  29.961  1023.449  1476.31 
2024 01 25 22 07 36.51  31.451  08.027  0025.66  01.56  07.90  273.5  009.26  29.899  1023.385  1476.68 
2024 01 25 22 07 36.76  31.486  08.125  0025.60  01.59  07.90  273.5  009.26  29.852  1023.334  1476.99 
2024 01 25 22 07 37.01  31.478  08.097  0025.56  01.61  07.91  273.5  009.26  29.868  1023.350  1476.90 
2024 01 25 22 07 37.26  31.466  08.086  0025.56  01.64  07.91  273.5  009.26  29.864  1023.349  1476.86 
2024 01 25 22 07 37.51  31.481  08.138  0025.54  01.64  07.91  273.5  009.26  29.837  1023.320  1477.02 
2024 01 25 22 07 37.76  31.498  08.193  0025.46  01.69  07.91  273.5  009.26  29.808  1023.290  1477.19 
2024 01 25 22 07 38.01  31.522  08.235  0025.31  01.60  07.91  273.5  009.26  29.797  1023.275  1477.34 
2024 01 25 22 07 38.26  31.525  08.251  0025.18  01.64  07.91  273.5  009.26  29.787  1023.263  1477.38 
2024 01 25 22 07 38.51  31.538  08.280  0025.08  01.70  07.91  273.5  009.26  29.776  1023.251  1477.48 
2024 01 25 22 07 38.76  31.540  08.271  0025.00  01.74  07.91  273.5  009.26  29.785  1023.258  1477.46 
2024 01 25 22 07 39.01  31.549  08.289  0024.94  01.66  07.92  273.5  009.26  29.780  1023.252  1477.52 
2024 01 25 22 07 39.26  31.544  08.281  0024.91  01.63  07.92  274.7  009.26  29.781  1023.254  1477.49 
2024 01 25 22 07 39.51  31.561  08.325  0024.86  01.73  07.92  274.7  009.26  29.761  1023.231  1477.63 
2024 01 25 22 07 39.76  31.573  08.352  0024.76  01.83  07.92  274.7  009.26  29.752  1023.220  1477.72 
2024 01 25 22 07 40.01  31.569  08.378  0024.66  01.85  07.92  274.7  009.26  29.725  1023.195  1477.78 
2024 01 25 22 07 40.26  31.572  08.392  0024.52  01.90  07.92  274.7  009.26  29.717  1023.186  1477.82 
2024 01 25 22 07 40.51  31.573  08.394  0024.39  01.78  07.92  274.7  009.26  29.716  1023.184  1477.83 
2024 01 25 22 07 40.76  31.576  08.408  0024.25  01.81  07.93  274.7  009.26  29.707  1023.174  1477.87 
2024 01 25 22 07 41.01  31.575  08.408  0024.13  01.82  07.93  274.7  009.26  29.706  1023.173  1477.87 
2024 01 25 22 07 41.26  31.582  08.435  0024.06  01.93  07.92  274.7  009.26  29.691  1023.157  1477.95 
2024 01 25 22 07 41.51  31.587  08.462  0023.99  01.97  07.93  274.7  009.26  29.674  1023.139  1478.03 
2024 01 25 22 07 41.76  31.604  08.487  0023.93  01.95  07.93  274.7  009.26  29.670  1023.132  1478.12 
2024 01 25 22 07 42.01  31.599  08.470  0023.92  01.99  07.93  274.7  009.26  29.679  1023.142  1478.06 
2024 01 25 22 07 42.26  31.623  08.559  0023.89  01.98  07.94  277.2  009.26  29.629  1023.090  1478.34 
2024 01 25 22 07 42.51  31.624  08.567  0023.81  02.14  07.94  277.2  009.26  29.624  1023.085  1478.36 
2024 01 25 22 07 42.76  31.635  08.597  0023.71  02.09  07.94  277.2  009.26  29.610  1023.069  1478.45 
2024 01 25 22 07 43.01  31.636  08.613  0023.58  02.21  07.94  277.2  009.26  29.598  1023.056  1478.50 
2024 01 25 22 07 43.26  31.646  08.637  0023.50  02.27  07.94  277.2  009.26  29.589  1023.046  1478.58 
2024 01 25 22 07 43.51  31.655  08.655  0023.38  02.23  07.94  277.2  009.26  29.583  1023.037  1478.64 
2024 01 25 22 07 43.76  31.658  08.666  0023.26  02.20  07.94  277.2  009.26  29.577  1023.031  1478.67 
2024 01 25 22 07 44.01  31.670  08.689  0023.18  02.12  07.95  277.2  009.26  29.569  1023.021  1478.74 
2024 01 25 22 07 44.26  31.673  08.700  0023.08  02.23  07.94  277.2  009.26  29.564  1023.015  1478.78 
2024 01 25 22 07 44.51  31.679  08.718  0022.95  02.18  07.95  277.2  009.26  29.555  1023.004  1478.83 
2024 01 25 22 07 44.76  31.690  08.762  0022.87  02.23  07.95  277.2  009.26  29.530  1022.979  1478.96 
2024 01 25 22 07 45.01  31.709  08.813  0022.75  02.40  07.95  277.2  009.26  29.506  1022.952  1479.13 
2024 01 25 22 07 45.26  31.748  08.933  0022.62  02.49  07.96  280.3  009.26  29.447  1022.887  1479.50 
2024 01 25 22 07 45.51  31.753  08.953  0022.47  02.78  07.96  280.3  009.26  29.436  1022.875  1479.56 
2024 01 25 22 07 45.76  31.754  08.963  0022.34  02.79  07.96  280.3  009.26  29.428  1022.867  1479.59 
2024 01 25 22 07 46.01  31.771  08.983  0022.20  02.80  07.96  280.3  009.26  29.429  1022.864  1479.66 
2024 01 25 22 07 46.26  31.777  08.986  0022.10  02.70  07.96  280.3  009.26  29.433  1022.866  1479.68 
2024 01 25 22 07 46.51  31.789  09.001  0021.96  02.89  07.97  280.3  009.26  29.434  1022.864  1479.73 
2024 01 25 22 07 46.76  31.795  09.013  0021.90  02.90  07.97  280.3  009.26  29.429  1022.858  1479.77 
2024 01 25 22 07 47.01  31.790  09.003  0021.82  02.89  07.97  280.3  009.26  29.433  1022.862  1479.73 
2024 01 25 22 07 47.26  31.799  09.019  0021.75  02.75  07.97  280.3  009.26  29.429  1022.856  1479.79 
2024 01 25 22 07 47.51  31.800  09.024  0021.68  02.71  07.97  280.3  009.26  29.426  1022.853  1479.80 
2024 01 25 22 07 47.76  31.801  09.027  0021.66  02.75  07.97  280.3  009.26  29.424  1022.851  1479.81 
2024 01 25 22 07 48.01  31.800  09.028  0021.62  02.76  07.98  280.3  009.26  29.423  1022.849  1479.81 
2024 01 25 22 07 48.26  31.813  09.056  0021.56  02.74  07.98  282.7  009.26  29.413  1022.837  1479.90 
2024 01 25 22 07 48.51  31.820  09.077  0021.46  02.66  07.98  282.7  009.26  29.402  1022.825  1479.97 
2024 01 25 22 07 48.76  31.816  09.078  0021.36  02.82  07.98  282.7  009.26  29.398  1022.821  1479.96 
2024 01 25 22 07 49.01  31.817  09.081  0021.30  02.75  07.98  282.7  009.26  29.396  1022.819  1479.97 
2024 01 25 22 07 49.26  31.818  09.092  0021.21  02.66  07.98  282.7  009.26  29.388  1022.811  1480.00 
2024 01 25 22 07 49.51  31.824  09.120  0021.08  02.74  07.98  282.7  009.26  29.371  1022.793  1480.08 
2024 01 25 22 07 49.76  31.831  09.151  0020.95  02.78  07.98  282.7  009.26  29.353  1022.774  1480.17 
2024 01 25 22 07 50.01  31.840  09.169  0020.86  02.91  07.98  282.7  009.26  29.348  1022.766  1480.23 
2024 01 25 22 07 50.26  31.836  09.170  0020.78  03.03  07.98  282.7  009.26  29.342  1022.762  1480.23 
2024 01 25 22 07 50.51  31.834  09.179  0020.77  03.17  07.99  282.7  009.26  29.334  1022.753  1480.25 
2024 01 25 22 07 50.76  31.834  09.171  0020.70  03.10  07.99  282.7  009.26  29.340  1022.759  1480.23 
2024 01 25 22 07 51.01  31.846  09.241  0020.66  03.27  07.99  282.7  009.26  29.295  1022.713  1480.43 
2024 01 25 22 07 51.26  31.857  09.279  0020.54  03.46  07.99  286.8  009.26  29.274  1022.691  1480.55 
2024 01 25 22 07 51.51  31.861  09.304  0020.41  03.71  07.99  286.8  009.26  29.258  1022.674  1480.62 
2024 01 25 22 07 51.76  31.867  09.313  0020.28  04.04  07.99  286.8  009.26  29.257  1022.671  1480.65 
2024 01 25 22 07 52.01  31.869  09.318  0020.19  04.18  07.99  286.8  009.26  29.255  1022.669  1480.67 
2024 01 25 22 07 52.26  31.872  09.326  0020.04  04.20  07.99  286.8  009.26  29.252  1022.664  1480.69 
2024 01 25 22 07 52.51  31.870  09.328  0019.92  04.31  08.00  286.8  009.26  29.248  1022.660  1480.69 
2024 01 25 22 07 52.76  31.873  09.327  0019.84  04.54  08.00  286.8  009.26  29.252  1022.663  1480.69 
2024 01 25 22 07 53.01  31.870  09.329  0019.76  04.50  08.00  286.8  009.26  29.247  1022.659  1480.69 
2024 01 25 22 07 53.26  31.870  09.330  0019.69  04.51  08.00  286.8  009.26  29.247  1022.658  1480.69 
2024 01 25 22 07 53.51  31.869  09.329  0019.67  04.37  08.00  286.8  009.26  29.246  1022.657  1480.68 
2024 01 25 22 07 53.76  31.870  09.330  0019.61  04.57  08.00  286.8  009.26  29.247  1022.657  1480.69 
2024 01 25 22 07 54.01  31.869  09.330  0019.52  04.62  08.00  286.8  009.26  29.246  1022.656  1480.69 
2024 01 25 22 07 54.26  31.871  09.331  0019.40  04.52  08.00  289.5  009.26  29.246  1022.656  1480.69 
2024 01 25 22 07 54.51  31.871  09.331  0019.28  04.80  08.00  289.5  009.26  29.247  1022.656  1480.69 
2024 01 25 22 07 54.76  31.870  09.331  0019.19  04.91  08.00  289.5  009.26  29.246  1022.655  1480.69 
2024 01 25 22 07 55.01  31.869  09.331  0019.09  04.86  08.00  289.5  009.29  29.244  1022.653  1480.68 
2024 01 25 22 07 55.26  31.871  09.331  0019.03  04.91  08.00  289.5  009.26  29.247  1022.655  1480.68 
2024 01 25 22 07 55.51  31.869  09.331  0019.02  04.74  08.00  289.5  009.26  29.245  1022.654  1480.68 
2024 01 25 22 07 55.76  31.869  09.331  0018.95  04.63  08.00  289.5  009.26  29.245  1022.653  1480.68 
2024 01 25 22 07 56.01  31.870  09.332  0018.82  04.79  08.00  289.5  009.26  29.245  1022.652  1480.68 
2024 01 25 22 07 56.26  31.871  09.333  0018.68  05.15  08.00  289.5  009.26  29.246  1022.652  1480.68 
2024 01 25 22 07 56.51  31.872  09.334  0018.63  05.39  08.00  289.5  009.26  29.246  1022.651  1480.69 
2024 01 25 22 07 56.76  31.881  09.351  0018.54  05.64  08.00  289.5  009.26  29.242  1022.645  1480.74 
2024 01 25 22 07 57.01  31.902  09.385  0018.47  05.46  08.00  289.5  009.26  29.235  1022.634  1480.86 
2024 01 25 22 07 57.26  31.883  09.396  0018.39  05.67  08.00  292.0  009.26  29.206  1022.610  1480.86 
2024 01 25 22 07 57.51  31.877  09.386  0018.31  05.55  08.00  292.0  009.26  29.208  1022.612  1480.83 
2024 01 25 22 07 57.76  31.865  09.379  0018.25  05.83  08.00  292.0  009.26  29.202  1022.609  1480.80 
2024 01 25 22 07 58.01  31.847  09.361  0018.15  05.86  08.00  292.0  009.26  29.198  1022.608  1480.72 
2024 01 25 22 07 58.26  31.852  09.367  0018.00  05.76  08.00  292.0  009.26  29.199  1022.607  1480.74 
2024 01 25 22 07 58.51  31.866  09.382  0017.89  06.09  08.00  292.0  009.26  29.201  1022.606  1480.80 
2024 01 25 22 07 58.76  31.876  09.397  0017.75  06.47  08.00  292.0  009.26  29.199  1022.601  1480.85 
2024 01 25 22 07 59.01  31.911  09.433  0017.62  06.11  08.00  292.0  009.26  29.205  1022.600  1480.99 
2024 01 25 22 07 59.26  31.931  09.460  0017.47  06.53  08.00  292.0  009.26  29.204  1022.594  1481.08 
2024 01 25 22 07 59.51  31.947  09.457  0017.35  06.89  08.01  292.0  009.26  29.222  1022.608  1481.09 
2024 01 25 22 07 59.76  31.971  09.528  0017.21  06.71  08.01  292.0  009.26  29.189  1022.571  1481.31 
2024 01 25 22 08 00.01  31.976  09.536  0017.12  06.67  08.01  292.0  009.26  29.187  1022.568  1481.34 
2024 01 25 22 08 00.26  31.974  09.540  0017.07  06.60  08.01  293.7  009.26  29.182  1022.563  1481.35 
2024 01 25 22 08 00.51  31.970  09.536  0016.98  06.68  08.01  293.7  009.26  29.181  1022.563  1481.33 
2024 01 25 22 08 00.76  31.966  09.543  0016.94  06.60  08.01  293.7  009.26  29.171  1022.554  1481.34 
2024 01 25 22 08 01.01  31.962  09.536  0016.94  06.49  08.01  293.7  009.26  29.173  1022.556  1481.32 
2024 01 25 22 08 01.26  31.964  09.545  0016.90  06.28  08.01  293.7  009.26  29.167  1022.550  1481.35 
2024 01 25 22 08 01.51  31.964  09.542  0016.90  06.28  08.01  293.7  009.26  29.170  1022.553  1481.34 
2024 01 25 22 08 01.76  31.963  09.543  0016.88  06.44  08.02  293.7  009.26  29.169  1022.552  1481.34 
2024 01 25 22 08 02.01  31.964  09.546  0016.84  06.55  08.02  293.7  009.26  29.167  1022.549  1481.35 
2024 01 25 22 08 02.26  31.966  09.547  0016.74  07.01  08.01  293.7  009.26  29.167  1022.549  1481.35 
2024 01 25 22 08 02.51  31.966  09.547  0016.59  06.91  08.02  293.7  009.26  29.168  1022.548  1481.35 
2024 01 25 22 08 02.76  31.966  09.547  0016.51  06.67  08.02  293.7  009.26  29.168  1022.549  1481.35 
2024 01 25 22 08 03.01  31.966  09.550  0016.37  06.84  08.02  293.7  009.26  29.167  1022.546  1481.35 
2024 01 25 22 08 03.26  31.964  09.549  0016.28  06.55  08.02  295.2  009.26  29.164  1022.544  1481.35 
2024 01 25 22 08 03.51  31.962  09.549  0016.25  06.57  08.02  295.2  009.26  29.163  1022.543  1481.34 
2024 01 25 22 08 03.76  31.962  09.549  0016.22  06.52  08.02  295.2  009.26  29.162  1022.542  1481.34 
2024 01 25 22 08 04.01  31.961  09.550  0016.14  06.60  08.02  295.2  009.26  29.161  1022.541  1481.34 
2024 01 25 22 08 04.26  31.947  09.538  0016.04  06.61  08.02  295.2  009.26  29.156  1022.538  1481.29 
2024 01 25 22 08 04.51  31.943  09.535  0015.96  07.07  08.02  295.2  009.26  29.154  1022.537  1481.28 
2024 01 25 22 08 04.76  31.942  09.535  0015.87  06.49  08.02  295.2  009.26  29.153  1022.536  1481.28 
2024 01 25 22 08 05.01  31.933  09.529  0015.72  06.45  08.02  295.2  009.26  29.150  1022.534  1481.24 
2024 01 25 22 08 05.26  31.927  09.519  0015.66  06.78  08.02  295.2  009.26  29.151  1022.536  1481.21 
2024 01 25 22 08 05.51  31.928  09.522  0015.56  06.20  08.02  295.2  009.26  29.150  1022.534  1481.22 
2024 01 25 22 08 05.76  31.887  09.497  0015.45  06.21  08.02  295.2  009.26  29.130  1022.522  1481.10 
2024 01 25 22 08 06.01  31.869  09.478  0015.31  06.72  08.02  295.2  009.26  29.127  1022.522  1481.02 
2024 01 25 22 08 06.26  31.863  09.475  0015.22  06.37  08.02  296.8  009.26  29.123  1022.518  1481.01 
2024 01 25 22 08 06.51  31.857  09.474  0015.19  05.96  08.02  296.8  009.26  29.119  1022.515  1480.99 
2024 01 25 22 08 06.76  31.868  09.475  0015.19  05.76  08.02  296.8  009.26  29.128  1022.522  1481.01 
2024 01 25 22 08 07.01  31.832  09.478  0015.18  05.73  08.02  296.8  009.26  29.090  1022.492  1480.97 
2024 01 25 22 08 07.26  31.801  09.483  0015.09  06.23  08.02  296.8  009.26  29.054  1022.463  1480.95 
2024 01 25 22 08 07.51  31.792  09.499  0014.97  05.83  08.02  296.8  009.26  29.032  1022.443  1480.98 
2024 01 25 22 08 07.76  31.791  09.501  0014.86  05.96  08.02  296.8  009.26  29.029  1022.440  1480.98 
2024 01 25 22 08 08.01  31.786  09.511  0014.75  05.96  08.02  296.8  009.26  29.016  1022.427  1481.00 
2024 01 25 22 08 08.26  31.783  09.511  0014.64  05.93  08.01  296.8  009.26  29.014  1022.425  1481.00 
2024 01 25 22 08 08.51  31.783  09.518  0014.55  05.93  08.02  296.8  009.26  29.007  1022.419  1481.01 
2024 01 25 22 08 08.76  31.779  09.519  0014.48  06.00  08.02  296.8  009.26  29.004  1022.415  1481.01 
2024 01 25 22 08 09.01  31.779  09.520  0014.41  06.43  08.02  296.8  009.26  29.002  1022.414  1481.01 
2024 01 25 22 08 09.26  31.779  09.522  0014.34  06.33  08.02  297.3  009.26  29.000  1022.412  1481.01 
2024 01 25 22 08 09.51  31.776  09.521  0014.30  06.24  08.02  297.3  009.26  28.998  1022.410  1481.01 
2024 01 25 22 08 09.76  31.777  09.524  0014.20  06.42  08.02  297.3  009.26  28.997  1022.408  1481.02 
2024 01 25 22 08 10.01  31.779  09.529  0014.13  06.09  08.02  297.3  009.26  28.995  1022.405  1481.03 
2024 01 25 22 08 10.26  31.772  09.535  0013.97  06.20  08.02  297.3  009.26  28.983  1022.395  1481.04 
2024 01 25 22 08 10.51  31.766  09.542  0013.83  06.67  08.02  297.3  009.26  28.971  1022.383  1481.05 
2024 01 25 22 08 10.76  31.766  09.545  0013.72  06.75  08.02  297.3  009.26  28.969  1022.380  1481.05 
2024 01 25 22 08 11.01  31.763  09.575  0013.62  06.92  08.02  297.3  009.26  28.942  1022.355  1481.13 
2024 01 25 22 08 11.26  31.746  09.616  0013.53  07.04  08.02  297.3  009.26  28.892  1022.309  1481.22 
2024 01 25 22 08 11.51  31.743  09.630  0013.44  07.44  08.02  297.3  009.26  28.877  1022.295  1481.25 
2024 01 25 22 08 11.76  31.742  09.635  0013.38  08.21  08.02  297.3  009.26  28.873  1022.290  1481.26 
2024 01 25 22 08 12.01  31.743  09.642  0013.31  08.08  08.02  297.3  009.26  28.868  1022.285  1481.28 
2024 01 25 22 08 12.26  31.740  09.651  0013.30  08.18  08.02  297.0  009.26  28.857  1022.275  1481.30 
2024 01 25 22 08 12.51  31.744  09.645  0013.31  07.67  08.02  297.0  009.26  28.866  1022.283  1481.29 
2024 01 25 22 08 12.76  31.741  09.647  0013.28  08.23  08.02  297.0  009.26  28.862  1022.280  1481.29 
2024 01 25 22 08 13.01  31.736  09.652  0013.22  08.30  08.02  297.0  009.26  28.853  1022.271  1481.30 
2024 01 25 22 08 13.26  31.742  09.667  0013.07  08.04  08.02  297.0  009.26  28.847  1022.264  1481.34 
2024 01 25 22 08 13.51  31.755  09.697  0012.89  07.87  08.02  297.0  009.26  28.836  1022.250  1481.44 
2024 01 25 22 08 13.76  31.754  09.699  0012.79  08.21  08.03  297.0  009.26  28.833  1022.247  1481.44 
2024 01 25 22 08 14.01  31.753  09.707  0012.67  08.96  08.03  297.0  009.26  28.826  1022.240  1481.46 
2024 01 25 22 08 14.26  31.751  09.718  0012.58  09.74  08.03  297.0  009.26  28.815  1022.229  1481.48 
2024 01 25 22 08 14.51  31.748  09.724  0012.55  09.96  08.03  297.0  009.26  28.808  1022.222  1481.50 
2024 01 25 22 08 14.76  31.747  09.723  0012.50  09.39  08.03  297.0  009.26  28.807  1022.222  1481.49 
2024 01 25 22 08 15.01  31.748  09.733  0012.47  09.48  08.03  297.0  009.26  28.800  1022.215  1481.52 
2024 01 25 22 08 15.26  31.745  09.730  0012.43  10.18  08.03  297.3  009.26  28.800  1022.214  1481.51 
2024 01 25 22 08 15.51  31.744  09.734  0012.42  09.83  08.03  297.3  009.26  28.795  1022.210  1481.52 
2024 01 25 22 08 15.76  31.745  09.732  0012.42  09.53  08.03  297.3  009.26  28.799  1022.213  1481.51 
2024 01 25 22 08 16.01  31.745  09.736  0012.39  09.81  08.03  297.3  009.26  28.795  1022.210  1481.52 
2024 01 25 22 08 16.26  31.745  09.740  0012.31  09.75  08.03  297.3  009.26  28.792  1022.206  1481.53 
2024 01 25 22 08 16.51  31.748  09.744  0012.23  09.85  08.03  297.3  009.26  28.792  1022.205  1481.55 
2024 01 25 22 08 16.76  31.748  09.745  0012.15  09.96  08.03  297.3  009.26  28.791  1022.204  1481.55 
2024 01 25 22 08 17.01  31.748  09.745  0012.08  09.78  08.03  297.3  009.26  28.792  1022.204  1481.55 
2024 01 25 22 08 17.26  31.746  09.744  0012.02  10.75  08.03  297.3  009.26  28.790  1022.202  1481.54 
2024 01 25 22 08 17.51  31.746  09.748  0011.88  10.25  08.03  297.3  009.26  28.787  1022.199  1481.55 
2024 01 25 22 08 17.76  31.745  09.751  0011.78  10.20  08.03  297.3  009.26  28.783  1022.195  1481.55 
2024 01 25 22 08 18.01  31.745  09.752  0011.67  09.98  08.03  297.3  009.26  28.783  1022.194  1481.55 
2024 01 25 22 08 18.26  31.745  09.754  0011.57  10.16  08.03  298.7  009.26  28.782  1022.193  1481.56 
2024 01 25 22 08 18.51  31.742  09.755  0011.45  09.30  08.03  298.7  009.26  28.778  1022.189  1481.55 
2024 01 25 22 08 18.76  31.737  09.764  0011.29  09.59  08.03  298.7  009.26  28.766  1022.178  1481.57 
2024 01 25 22 08 19.01  31.732  09.765  0011.20  09.52  08.03  298.7  009.26  28.760  1022.173  1481.57 
2024 01 25 22 08 19.26  31.728  09.775  0011.07  09.59  08.03  298.7  009.26  28.748  1022.161  1481.59 
2024 01 25 22 08 19.51  31.722  09.782  0010.92  10.16  08.03  298.7  009.26  28.736  1022.150  1481.60 
2024 01 25 22 08 19.76  31.718  09.781  0010.85  09.90  08.03  298.7  009.26  28.733  1022.147  1481.59 
2024 01 25 22 08 20.01  31.723  09.780  0010.86  10.21  08.04  298.7  009.26  28.738  1022.152  1481.59 
2024 01 25 22 08 20.26  31.724  09.775  0010.89  11.10  08.03  298.7  009.26  28.744  1022.157  1481.58 
2024 01 25 22 08 20.51  31.720  09.785  0010.94  10.68  08.04  298.7  009.26  28.731  1022.146  1481.60 
2024 01 25 22 08 20.76  31.717  09.788  0010.94  10.28  08.04  298.7  009.26  28.726  1022.141  1481.61 
2024 01 25 22 08 21.01  31.714  09.792  0010.91  10.27  08.04  298.7  009.26  28.720  1022.136  1481.61 
2024 01 25 22 08 21.26  31.713  09.792  0010.88  10.55  08.04  300.3  009.26  28.720  1022.135  1481.61 
2024 01 25 22 08 21.51  31.713  09.792  0010.88  11.16  08.04  300.3  009.26  28.718  1022.134  1481.61 
2024 01 25 22 08 21.76  31.712  09.792  0010.87  11.35  08.04  300.3  009.26  28.718  1022.134  1481.61 
2024 01 25 22 08 22.01  31.711  09.793  0010.78  11.55  08.04  300.3  009.26  28.716  1022.132  1481.61 
2024 01 25 22 08 22.26  31.709  09.799  0010.64  10.89  08.04  300.3  009.26  28.709  1022.125  1481.62 
2024 01 25 22 08 22.51  31.708  09.811  0010.53  10.68  08.04  300.3  009.26  28.699  1022.114  1481.65 
2024 01 25 22 08 22.76  31.705  09.821  0010.41  10.96  08.04  300.3  009.26  28.688  1022.104  1481.67 
2024 01 25 22 08 23.01  31.691  09.845  0010.29  11.14  08.04  300.3  009.26  28.655  1022.074  1481.72 
2024 01 25 22 08 23.26  31.682  09.853  0010.14  11.29  08.04  300.3  009.26  28.639  1022.060  1481.73 
2024 01 25 22 08 23.51  31.673  09.857  0010.06  11.44  08.04  300.3  009.26  28.627  1022.049  1481.73 
2024 01 25 22 08 23.76  31.666  09.865  0009.95  11.58  08.04  300.3  009.26  28.614  1022.038  1481.74 
2024 01 25 22 08 24.01  31.665  09.865  0009.87  12.36  08.04  300.3  009.26  28.613  1022.037  1481.73 
2024 01 25 22 08 24.26  31.653  09.873  0009.79  12.52  08.04  300.4  009.26  28.595  1022.021  1481.74 
2024 01 25 22 08 24.51  31.650  09.874  0009.71  12.15  08.04  300.4  009.26  28.591  1022.017  1481.74 
2024 01 25 22 08 24.76  31.641  09.878  0009.62  12.84  08.04  300.4  009.26  28.579  1022.006  1481.74 
2024 01 25 22 08 25.01  31.635  09.880  0009.54  12.47  08.04  300.4  009.26  28.572  1022.000  1481.74 
2024 01 25 22 08 25.26  31.625  09.887  0009.48  12.16  08.05  300.4  009.26  28.556  1021.987  1481.74 
2024 01 25 22 08 25.51  31.605  09.920  0009.38  13.81  08.05  300.4  009.26  28.510  1021.945  1481.80 
2024 01 25 22 08 25.76  31.561  09.954  0009.29  13.06  08.05  300.4  009.26  28.439  1021.884  1481.84 
2024 01 25 22 08 26.01  31.544  09.978  0009.15  12.54  08.05  300.4  009.26  28.404  1021.852  1481.88 
2024 01 25 22 08 26.26  31.537  09.986  0009.03  12.28  08.05  300.4  009.26  28.391  1021.841  1481.89 
2024 01 25 22 08 26.51  31.530  09.993  0008.90  13.29  08.06  300.4  009.26  28.378  1021.829  1481.90 
2024 01 25 22 08 26.76  31.530  09.993  0008.81  12.61  08.06  300.4  009.26  28.379  1021.829  1481.90 
2024 01 25 22 08 27.01  31.525  09.998  0008.73  12.30  08.06  300.4  009.26  28.370  1021.821  1481.91 
2024 01 25 22 08 27.26  31.516  10.007  0008.60  12.77  08.06  301.4  009.26  28.354  1021.806  1481.92 
2024 01 25 22 08 27.51  31.505  10.021  0008.51  12.95  08.06  301.4  009.26  28.331  1021.786  1481.94 
2024 01 25 22 08 27.76  31.500  10.035  0008.40  12.80  08.06  301.4  009.26  28.316  1021.771  1481.97 
2024 01 25 22 08 28.01  31.495  10.040  0008.28  12.81  08.06  301.4  009.26  28.307  1021.763  1481.98 
2024 01 25 22 08 28.26  31.483  10.054  0008.18  12.45  08.06  301.4  009.26  28.283  1021.742  1482.00 
2024 01 25 22 08 28.51  31.481  10.049  0008.09  11.90  08.06  301.4  009.26  28.286  1021.745  1481.98 
2024 01 25 22 08 28.76  31.475  10.063  0008.00  12.24  08.06  301.4  009.26  28.268  1021.728  1482.01 
2024 01 25 22 08 29.01  31.473  10.076  0007.91  11.57  08.07  301.4  009.26  28.257  1021.716  1482.04 
2024 01 25 22 08 29.26  31.467  10.103  0007.87  11.13  08.06  301.4  009.26  28.230  1021.691  1482.11 
2024 01 25 22 08 29.51  31.462  10.109  0007.76  11.26  08.07  301.4  009.26  28.220  1021.682  1482.12 
2024 01 25 22 08 29.76  31.452  10.114  0007.70  11.58  08.07  301.4  009.26  28.207  1021.671  1482.12 
2024 01 25 22 08 30.01  31.441  10.124  0007.58  11.46  08.07  301.4  009.26  28.188  1021.654  1482.13 
2024 01 25 22 08 30.26  31.434  10.125  0007.46  11.03  08.07  304.0  009.26  28.180  1021.647  1482.12 
2024 01 25 22 08 30.51  31.407  10.132  0007.32  10.82  08.07  304.0  009.26  28.148  1021.621  1482.11 
2024 01 25 22 08 30.76  31.377  10.126  0007.17  10.32  08.07  304.0  009.26  28.123  1021.601  1482.05 
2024 01 25 22 08 31.01  31.299  10.112  0007.04  10.25  08.07  304.0  009.26  28.056  1021.551  1481.92 
2024 01 25 22 08 31.26  31.264  10.104  0006.89  10.33  08.07  304.0  009.26  28.029  1021.530  1481.85 
2024 01 25 22 08 31.51  31.132  10.059  0006.81  11.19  08.07  304.0  009.26  27.933  1021.462  1481.57 
2024 01 25 22 08 31.76  31.059  10.042  0006.64  10.84  08.07  304.0  009.26  27.874  1021.418  1481.43 
2024 01 25 22 08 32.01  31.018  10.036  0006.53  10.75  08.07  304.0  009.26  27.837  1021.389  1481.37 
2024 01 25 22 08 32.26  31.003  10.030  0006.46  10.81  08.08  304.0  009.26  27.828  1021.383  1481.33 
2024 01 25 22 08 32.51  30.963  10.012  0006.42  10.87  08.08  304.0  009.26  27.801  1021.365  1481.23 
2024 01 25 22 08 32.76  30.881  09.957  0006.33  11.04  08.08  304.0  009.26  27.762  1021.343  1480.98 
2024 01 25 22 08 33.01  30.832  09.913  0006.24  10.71  08.08  304.0  009.26  27.748  1021.338  1480.80 
2024 01 25 22 08 33.26  30.762  09.859  0006.17  10.62  08.08  305.8  009.26  27.719  1021.323  1480.57 
2024 01 25 22 08 33.51  30.734  09.840  0006.07  10.35  08.08  305.8  009.26  27.706  1021.316  1480.48 
2024 01 25 22 08 33.76  30.687  09.809  0005.94  10.22  08.08  305.8  009.26  27.683  1021.302  1480.34 
2024 01 25 22 08 34.01  30.657  09.780  0005.82  09.94  08.08  305.8  009.26  27.675  1021.300  1480.22 
2024 01 25 22 08 34.26  30.644  09.768  0005.69  09.99  08.08  305.8  009.26  27.672  1021.299  1480.17 
2024 01 25 22 08 34.51  30.632  09.760  0005.54  10.24  08.08  305.8  009.26  27.666  1021.295  1480.13 
2024 01 25 22 08 34.76  30.614  09.745  0005.40  10.46  08.08  305.8  009.29  27.660  1021.291  1480.06 
2024 01 25 22 08 35.01  30.581  09.717  0005.28  10.20  08.08  305.8  009.26  27.647  1021.285  1479.94 
2024 01 25 22 08 35.26  30.558  09.702  0005.18  10.06  08.08  305.8  009.26  27.637  1021.279  1479.87 
2024 01 25 22 08 35.51  30.513  09.661  0005.06  09.90  08.08  305.8  009.26  27.623  1021.274  1479.70 
2024 01 25 22 08 35.76  30.462  09.647  0004.95  09.85  08.08  305.8  009.26  27.583  1021.244  1479.60 
2024 01 25 22 08 36.01  30.415  09.613  0004.85  10.17  08.09  305.8  009.26  27.562  1021.233  1479.45 
2024 01 25 22 08 36.26  30.336  09.581  0004.72  09.67  08.09  311.4  009.26  27.508  1021.195  1479.26 
2024 01 25 22 08 36.51  30.211  09.550  0004.59  09.61  08.09  311.4  009.26  27.406  1021.120  1479.02 
2024 01 25 22 08 36.76  30.195  09.553  0004.48  08.90  08.09  311.4  009.26  27.387  1021.104  1479.01 
2024 01 25 22 08 37.01  30.160  09.554  0004.41  08.66  08.09  311.4  009.26  27.352  1021.076  1478.97 
2024 01 25 22 08 37.26  30.141  09.560  0004.32  08.77  08.09  311.4  009.26  27.328  1021.056  1478.96 
2024 01 25 22 08 37.51  30.080  09.515  0004.25  08.55  08.09  311.4  009.26  27.302  1021.042  1478.76 
2024 01 25 22 08 37.76  30.028  09.483  0004.15  08.57  08.09  311.4  009.26  27.273  1021.024  1478.60 
2024 01 25 22 08 38.01  29.888  09.388  0004.05  08.90  08.10  311.4  009.26  27.206  1020.985  1478.16 
2024 01 25 22 08 38.26  29.820  09.373  0003.93  08.80  08.09  311.4  009.26  27.148  1020.942  1478.04 
2024 01 25 22 08 38.51  29.817  09.474  0003.81  08.37  08.10  311.4  009.26  27.068  1020.864  1478.31 
2024 01 25 22 08 38.76  29.800  09.523  0003.68  07.85  08.10  311.4  009.26  27.016  1020.815  1478.43 
2024 01 25 22 08 39.01  29.806  09.597  0003.53  07.91  08.10  311.4  009.26  26.966  1020.764  1478.64 
2024 01 25 22 08 39.26  29.818  09.663  0003.44  07.64  08.10  317.8  009.26  26.929  1020.725  1478.84 
2024 01 25 22 08 39.51  29.822  09.689  0003.33  07.58  08.10  317.8  009.26  26.913  1020.709  1478.91 
2024 01 25 22 08 39.76  29.843  09.760  0003.23  07.53  08.10  317.8  009.26  26.881  1020.672  1479.14 
2024 01 25 22 08 40.01  29.852  09.802  0003.13  07.36  08.10  317.8  009.26  26.858  1020.648  1479.26 
2024 01 25 22 08 40.26  29.877  09.880  0003.03  07.33  08.10  317.8  009.26  26.825  1020.610  1479.51 
2024 01 25 22 08 40.51  29.911  10.007  0002.90  06.91  08.10  317.8  009.26  26.765  1020.543  1479.90 
2024 01 25 22 08 40.76  30.008  10.628  0002.78  07.00  08.10  317.8  009.26  26.406  1020.166  1481.73 
2024 01 25 22 08 41.01  30.063  11.027  0002.69  07.16  08.10  317.8  009.26  26.173  1019.921  1482.89 
2024 01 25 22 08 41.26  30.043  11.317  0002.59  06.57  08.10  317.8  009.26  25.950  1019.700  1483.66 
2024 01 25 22 08 41.51  29.980  11.359  0002.53  05.77  08.10  317.8  009.26  25.860  1019.622  1483.70 
2024 01 25 22 08 41.76  29.891  11.551  0002.42  06.01  08.09  317.8  009.26  25.643  1019.421  1484.12 
2024 01 25 22 08 42.01  29.858  11.570  0002.36  06.16  08.09  317.8  009.26  25.598  1019.383  1484.14 
2024 01 25 22 08 42.26  29.774  11.610  0002.32  05.96  08.09  325.5  009.26  25.492  1019.294  1484.15 
2024 01 25 22 08 42.51  29.684  11.624  0002.24  05.84  08.09  325.5  009.26  25.396  1019.218  1484.09 
2024 01 25 22 08 42.76  29.518  11.626  0002.14  05.44  08.09  325.5  009.26  25.239  1019.095  1483.90 
2024 01 25 22 08 43.01  29.470  11.631  0002.02  05.40  08.09  325.5  009.26  25.190  1019.055  1483.86 
2024 01 25 22 08 43.26  29.396  11.635  0001.88  05.23  08.09  325.5  009.26  25.118  1018.999  1483.79 
2024 01 25 22 08 43.51  29.316  11.640  0001.73  04.96  08.09  325.5  009.26  25.039  1018.936  1483.71 
2024 01 25 22 08 43.76  29.250  11.641  0001.59  05.14  08.08  325.5  009.26  24.977  1018.887  1483.63 
2024 01 25 22 08 44.01  29.252  11.638  0001.48  05.11  08.09  325.5  009.26  24.981  1018.890  1483.63 
2024 01 25 22 08 44.26  29.163  11.633  0001.42  05.18  08.08  325.5  009.26  24.900  1018.828  1483.51 
2024 01 25 22 08 44.51  29.111  11.625  0001.37  05.10  08.09  325.5  009.26  24.857  1018.795  1483.43 
2024 01 25 22 08 44.76  29.094  11.625  0001.35  05.15  08.09  325.5  009.26  24.841  1018.783  1483.41 
2024 01 25 22 08 45.01  29.065  11.621  0001.35  05.02  08.09  325.5  009.26  24.816  1018.765  1483.37 
2024 01 25 22 08 45.26  29.034  11.617  0001.37  04.89  08.09  306.9  009.26  24.789  1018.745  1483.32 
2024 01 25 22 08 45.51  29.036  11.620  0001.42  05.51  08.08  306.9  009.26  24.789  1018.744  1483.33 
2024 01 25 22 08 45.76  29.019  11.619  0001.50  05.91  08.08  306.9  009.26  24.774  1018.733  1483.31 
2024 01 25 22 08 46.01  29.029  11.621  0001.57  05.55  08.08  306.9  009.26  24.782  1018.739  1483.33 
2024 01 25 22 08 46.26  29.067  11.626  0001.62  05.38  08.08  306.9  009.26  24.814  1018.764  1483.39 
2024 01 25 22 08 46.51  29.106  11.633  0001.61  05.22  08.08  306.9  009.26  24.846  1018.787  1483.45 
2024 01 25 22 08 46.76  29.103  11.632  0001.61  05.21  08.08  306.9  009.26  24.844  1018.786  1483.44 
2024 01 25 22 08 47.01  29.082  11.628  0001.59  04.99  08.08  306.9  009.26  24.827  1018.773  1483.41 
2024 01 25 22 08 47.26  29.071  11.628  0001.52  04.93  08.08  306.9  009.26  24.817  1018.765  1483.40 
2024 01 25 22 08 47.51  29.078  11.630  0001.50  05.20  08.08  306.9  009.26  24.822  1018.768  1483.41 
2024 01 25 22 08 47.76  29.085  11.630  0001.49  05.33  08.08  306.9  009.26  24.829  1018.774  1483.42 
2024 01 25 22 08 48.01  29.080  11.623  0001.52  05.01  08.08  306.9  009.26  24.829  1018.775  1483.39 
2024 01 25 22 08 48.26  29.091  11.623  0001.52  05.21  08.08  303.4  009.26  24.839  1018.783  1483.40 
2024 01 25 22 08 48.51  29.116  11.633  0001.46  05.37  08.08  303.4  009.26  24.856  1018.794  1483.46 
2024 01 25 22 08 48.76  29.087  11.631  0001.37  05.51  08.08  303.4  009.26  24.829  1018.773  1483.42 
2024 01 25 22 08 49.01  29.021  11.620  0001.29  05.34  08.08  303.4  009.26  24.775  1018.733  1483.31 
2024 01 25 22 08 49.26  29.014  11.618  0001.25  05.51  08.08  303.4  009.26  24.770  1018.729  1483.30 
2024 01 25 22 08 49.51  29.030  11.623  0001.24  05.42  08.08  303.4  009.26  24.782  1018.737  1483.33 
2024 01 25 22 08 49.76  29.007  11.621  0001.22  05.13  08.08  303.4  009.26  24.761  1018.722  1483.30 
2024 01 25 22 08 50.01  29.004  11.616  0001.25  05.43  08.08  303.4  009.26  24.762  1018.723  1483.28 
2024 01 25 22 08 50.26  28.994  11.616  0001.28  05.36  08.08  303.4  009.26  24.752  1018.716  1483.27 
2024 01 25 22 08 50.51  29.000  11.617  0001.28  05.20  08.08  303.4  009.26  24.757  1018.719  1483.28 
2024 01 25 22 08 50.76  28.986  11.615  0001.23  05.26  08.08  303.4  009.26  24.745  1018.710  1483.26 
2024 01 25 22 08 51.01  28.984  11.615  0001.13  05.34  08.08  303.4  009.26  24.744  1018.708  1483.26 
2024 01 25 22 08 51.26  28.982  11.615  0001.06  05.19  08.08  302.7  009.26  24.742  1018.707  1483.25 
2024 01 25 22 08 51.51  28.980  11.615  0001.00  05.15  08.08  302.7  009.26  24.740  1018.705  1483.25 
2024 01 25 22 08 51.76  28.978  11.613  0000.81  05.43  08.08  302.7  009.26  24.739  1018.704  1483.24 
2024 01 25 22 08 52.01  28.971  11.611  0000.64  05.29  08.08  302.7  009.26  24.735  1018.700  1483.22 
2024 01 25 22 08 52.26  28.975  11.612  0000.53  05.31  08.08  302.7  009.26  24.738  1018.702  1483.23 
2024 01 25 22 08 52.51  28.974  11.612  0000.41  05.32  08.08  302.7  009.26  24.736  1018.700  1483.22 
2024 01 25 22 08 52.76  28.971  11.611  0000.31  05.48  08.08  302.7  009.26  24.734  1018.698  1483.22 
2024 01 25 22 08 53.01  28.962  11.609  0000.21  05.41  08.08  302.7  009.26  24.727  1018.692  1483.20 
2024 01 25 22 08 53.26  28.961  11.611  0000.16  05.46  08.08  302.7  009.26  24.725  1018.691  1483.20 
2024 01 25 22 08 53.51  28.951  11.607  0000.13  05.35  08.08  302.7  009.26  24.718  1018.685  1483.18 
2024 01 25 22 08 53.76  28.947  11.607  0000.07  05.12  08.08  302.7  009.26  24.715  1018.683  1483.18 
2024 01 25 22 08 54.01  28.946  11.604  0000.03  05.75  08.08  302.7  009.26  24.715  1018.683  1483.17 
2024 01 25 22 08 54.26  28.216  11.601  0000.02  05.55  08.08  301.8  009.26  24.032  1018.154  1482.34 
2024 01 25 22 08 54.51  02.507  11.568  0000.04  06.16  08.08  301.8  009.26  01.779  1000.936  1455.58 
2024 01 25 22 08 54.76  00.479  11.546  0000.04  02.85  08.08  301.8  009.26  00.316  0999.797  1453.70 
2024 01 25 22 08 55.01  00.143  11.431  0000.04  01.04  08.03  301.8  009.26  00.091  0999.634  1452.98 
2024 01 25 22 08 55.26  00.118  11.331  0000.04  00.44  07.90  301.8  009.26  00.075  0999.632  1452.57 
2024 01 25 22 08 55.51  00.106  11.306  0000.02  00.25  07.94  301.8  009.26  00.068  0999.629  1452.47 
2024 01 25 22 08 55.76  00.123  11.129  0000.05  00.22  07.77  301.8  009.26  00.080  0999.657  1451.80 
