2024 01 26 13 16 09.62  03.245  10.046  0000.00  00.35  03.40  297.2  009.23  02.436  1001.607  1450.49 
2024 01 26 13 16 09.87  26.653  10.243  0000.02  02.35  07.83  297.2  009.23  23.421  1017.893  1476.68 
2024 01 26 13 16 10.12  29.006  10.243  0000.14  05.60  08.16  297.2  009.26  25.706  1019.670  1479.44 
2024 01 26 13 16 10.37  29.008  10.243  0000.15  05.10  08.17  297.2  009.23  25.708  1019.672  1479.45 
2024 01 26 13 16 10.62  29.002  10.243  0000.17  04.23  08.18  297.8  009.26  25.702  1019.667  1479.44 
2024 01 26 13 16 10.87  29.009  10.245  0000.15  04.18  08.17  297.8  009.29  25.708  1019.672  1479.45 
2024 01 26 13 16 11.12  29.004  10.246  0000.16  04.17  08.17  297.8  009.26  25.703  1019.667  1479.45 
2024 01 26 13 16 11.37  29.015  10.246  0000.29  03.94  08.17  297.8  009.26  25.713  1019.676  1479.47 
2024 01 26 13 16 11.62  29.033  10.240  0000.39  03.93  08.17  297.8  009.26  25.735  1019.694  1479.47 
2024 01 26 13 16 11.87  29.041  10.225  0000.46  03.82  08.17  297.8  009.26  25.753  1019.711  1479.44 
2024 01 26 13 16 12.12  29.029  10.242  0000.55  03.70  08.17  297.8  009.26  25.730  1019.690  1479.47 
2024 01 26 13 16 12.37  29.035  10.235  0000.63  03.97  08.17  297.8  009.26  25.741  1019.701  1479.46 
2024 01 26 13 16 12.62  29.103  10.184  0000.74  04.06  08.17  297.8  009.26  25.843  1019.789  1479.40 
2024 01 26 13 16 12.87  29.125  10.165  0000.75  04.18  08.16  297.8  009.26  25.878  1019.819  1479.37 
2024 01 26 13 16 13.12  29.110  10.164  0000.75  04.39  08.17  297.8  009.26  25.864  1019.808  1479.35 
2024 01 26 13 16 13.37  29.117  10.158  0000.78  04.36  08.17  297.8  009.26  25.875  1019.818  1479.35 
2024 01 26 13 16 13.62  29.135  10.140  0000.83  04.33  08.16  306.7  009.26  25.905  1019.844  1479.32 
2024 01 26 13 16 13.87  29.145  10.135  0000.91  04.27  08.16  306.7  009.26  25.919  1019.856  1479.32 
2024 01 26 13 16 14.12  29.158  10.129  0001.00  04.34  08.16  306.7  009.26  25.935  1019.870  1479.32 
2024 01 26 13 16 14.37  29.159  10.125  0001.06  04.46  08.16  306.7  009.26  25.940  1019.875  1479.31 
2024 01 26 13 16 14.62  29.162  10.126  0001.10  04.36  08.16  306.7  009.26  25.942  1019.876  1479.31 
2024 01 26 13 16 14.87  29.164  10.126  0001.13  04.39  08.16  306.7  009.26  25.944  1019.877  1479.32 
2024 01 26 13 16 15.12  29.158  10.131  0001.09  04.48  08.16  306.7  009.26  25.935  1019.869  1479.32 
2024 01 26 13 16 15.37  29.158  10.130  0001.09  04.46  08.16  306.7  009.26  25.936  1019.870  1479.32 
2024 01 26 13 16 15.62  29.158  10.132  0001.12  04.37  08.16  306.7  009.26  25.934  1019.869  1479.33 
2024 01 26 13 16 15.87  29.160  10.126  0001.11  04.45  08.16  306.7  009.26  25.940  1019.874  1479.31 
2024 01 26 13 16 16.12  29.160  10.125  0001.13  04.34  08.16  306.7  009.26  25.941  1019.875  1479.31 
2024 01 26 13 16 16.37  29.159  10.130  0001.15  04.35  08.16  306.7  009.26  25.936  1019.871  1479.32 
2024 01 26 13 16 16.62  29.157  10.134  0001.16  04.51  08.16  313.3  009.26  25.931  1019.867  1479.33 
2024 01 26 13 16 16.87  29.162  10.130  0001.22  04.45  08.16  313.3  009.26  25.940  1019.874  1479.33 
2024 01 26 13 16 17.12  29.205  10.086  0001.21  04.45  08.16  313.3  009.26  26.013  1019.937  1479.25 
2024 01 26 13 16 17.37  29.185  10.113  0001.20  04.46  08.16  313.3  009.26  25.975  1019.904  1479.31 
2024 01 26 13 16 17.62  29.228  10.049  0001.18  04.53  08.16  313.3  009.26  26.063  1019.982  1479.18 
2024 01 26 13 16 17.87  29.240  10.041  0001.19  04.53  08.16  313.3  009.26  26.080  1019.997  1479.17 
2024 01 26 13 16 18.12  29.236  10.067  0001.20  04.55  08.16  313.3  009.26  26.057  1019.975  1479.24 
2024 01 26 13 16 18.37  29.242  10.073  0001.22  04.52  08.16  313.3  009.26  26.059  1019.975  1479.26 
2024 01 26 13 16 18.62  29.248  10.063  0001.23  04.65  08.15  313.3  009.26  26.071  1019.986  1479.24 
2024 01 26 13 16 18.87  29.251  10.056  0001.25  04.67  08.15  313.3  009.26  26.079  1019.994  1479.23 
2024 01 26 13 16 19.12  29.257  10.047  0001.21  04.77  08.15  313.3  009.26  26.092  1020.005  1479.21 
2024 01 26 13 16 19.37  29.276  10.041  0001.21  04.65  08.15  313.3  009.26  26.115  1020.024  1479.21 
2024 01 26 13 16 19.62  29.270  10.046  0001.21  04.67  08.15  316.0  009.26  26.105  1020.016  1479.22 
2024 01 26 13 16 19.87  29.268  10.045  0001.21  04.79  08.15  316.0  009.26  26.104  1020.015  1479.22 
2024 01 26 13 16 20.12  29.270  10.039  0001.23  04.87  08.15  316.0  009.26  26.111  1020.021  1479.20 
2024 01 26 13 16 20.37  29.270  10.037  0001.23  04.83  08.15  316.0  009.26  26.112  1020.023  1479.19 
2024 01 26 13 16 20.62  29.270  10.043  0001.24  04.91  08.15  316.0  009.26  26.108  1020.018  1479.21 
2024 01 26 13 16 20.87  29.274  10.035  0001.26  04.89  08.15  316.0  009.26  26.117  1020.027  1479.19 
2024 01 26 13 16 21.12  29.298  10.010  0001.32  05.30  08.15  316.0  009.26  26.159  1020.064  1479.15 
2024 01 26 13 16 21.37  29.314  09.988  0001.36  05.09  08.15  316.0  009.26  26.191  1020.092  1479.11 
2024 01 26 13 16 21.62  29.344  09.973  0001.40  04.79  08.15  316.0  009.26  26.231  1020.126  1479.10 
2024 01 26 13 16 21.87  29.367  09.964  0001.39  05.06  08.15  316.0  009.26  26.260  1020.149  1479.11 
2024 01 26 13 16 22.12  29.331  09.967  0001.35  04.93  08.15  316.0  009.26  26.223  1020.120  1479.07 
2024 01 26 13 16 22.37  29.297  10.012  0001.32  04.79  08.15  316.0  009.26  26.156  1020.061  1479.16 
2024 01 26 13 16 22.62  29.308  10.013  0001.31  04.77  08.15  316.5  009.26  26.167  1020.069  1479.17 
2024 01 26 13 16 22.87  29.330  09.976  0001.32  04.87  08.15  316.5  009.26  26.215  1020.112  1479.10 
2024 01 26 13 16 23.12  29.351  09.968  0001.37  05.13  08.15  316.5  009.26  26.242  1020.135  1479.10 
2024 01 26 13 16 23.37  29.361  09.972  0001.40  04.94  08.15  316.5  009.26  26.249  1020.140  1479.12 
2024 01 26 13 16 23.62  29.363  09.974  0001.41  04.73  08.15  316.5  009.26  26.249  1020.140  1479.13 
2024 01 26 13 16 23.87  29.366  09.969  0001.38  04.75  08.15  316.5  009.26  26.256  1020.145  1479.12 
2024 01 26 13 16 24.12  29.364  09.973  0001.35  04.71  08.15  316.5  009.26  26.250  1020.140  1479.13 
2024 01 26 13 16 24.37  29.356  09.977  0001.33  04.76  08.15  316.5  009.26  26.240  1020.131  1479.13 
2024 01 26 13 16 24.62  29.353  09.984  0001.33  04.68  08.15  316.5  009.26  26.232  1020.124  1479.15 
2024 01 26 13 16 24.87  29.355  09.977  0001.34  04.74  08.15  316.5  009.26  26.239  1020.131  1479.13 
2024 01 26 13 16 25.12  29.355  09.973  0001.34  04.76  08.15  316.5  009.26  26.242  1020.134  1479.12 
2024 01 26 13 16 25.37  29.345  09.995  0001.37  04.65  08.15  316.5  009.26  26.217  1020.111  1479.17 
2024 01 26 13 16 25.62  29.337  09.998  0001.35  04.77  08.15  317.8  009.26  26.206  1020.102  1479.17 
2024 01 26 13 16 25.87  29.333  09.998  0001.36  04.72  08.15  317.8  009.26  26.202  1020.099  1479.16 
2024 01 26 13 16 26.12  29.334  09.995  0001.38  04.60  08.14  317.8  009.26  26.206  1020.102  1479.16 
2024 01 26 13 16 26.37  29.332  09.994  0001.40  04.66  08.15  317.8  009.26  26.204  1020.102  1479.15 
2024 01 26 13 16 26.62  29.322  10.007  0001.36  04.66  08.14  317.8  009.26  26.184  1020.084  1479.17 
2024 01 26 13 16 26.87  29.322  10.006  0001.33  04.70  08.14  317.8  009.26  26.186  1020.085  1479.17 
2024 01 26 13 16 27.12  29.298  10.023  0001.28  04.80  08.14  317.8  009.26  26.149  1020.054  1479.19 
2024 01 26 13 16 27.37  29.289  10.032  0001.28  04.75  08.14  317.8  009.26  26.134  1020.041  1479.20 
2024 01 26 13 16 27.62  29.297  10.022  0001.33  04.69  08.14  317.8  009.26  26.150  1020.054  1479.19 
2024 01 26 13 16 27.87  29.280  10.038  0001.40  04.69  08.14  317.8  009.26  26.121  1020.030  1479.21 
2024 01 26 13 16 28.12  29.280  10.043  0001.44  04.66  08.14  317.8  009.26  26.118  1020.027  1479.23 
2024 01 26 13 16 28.37  29.326  09.996  0001.46  04.67  08.14  317.8  009.26  26.197  1020.096  1479.15 
2024 01 26 13 16 28.62  29.349  09.981  0001.39  04.74  08.14  318.8  009.26  26.230  1020.123  1479.13 
2024 01 26 13 16 28.87  29.271  10.045  0001.29  04.81  08.14  318.8  009.26  26.107  1020.018  1479.22 
2024 01 26 13 16 29.12  29.250  10.057  0001.25  04.76  08.14  318.8  009.26  26.078  1019.993  1479.23 
2024 01 26 13 16 29.37  29.251  10.061  0001.25  04.85  08.14  318.8  009.26  26.076  1019.991  1479.24 
2024 01 26 13 16 29.62  29.285  10.025  0001.30  04.75  08.14  318.8  009.26  26.136  1020.043  1479.18 
2024 01 26 13 16 29.87  29.243  10.079  0001.39  04.69  08.14  318.8  009.26  26.055  1019.973  1479.28 
2024 01 26 13 16 30.12  29.228  10.083  0001.44  04.56  08.14  318.8  009.26  26.038  1019.959  1479.28 
2024 01 26 13 16 30.37  29.287  10.022  0001.44  04.58  08.14  318.8  009.26  26.140  1020.048  1479.18 
2024 01 26 13 16 30.62  29.325  09.996  0001.38  04.60  08.14  318.8  009.26  26.195  1020.094  1479.15 
2024 01 26 13 16 30.87  29.274  10.045  0001.32  04.71  08.14  318.8  009.26  26.110  1020.020  1479.22 
2024 01 26 13 16 31.12  29.212  10.099  0001.29  04.72  08.14  318.8  009.26  26.010  1019.934  1479.30 
2024 01 26 13 16 31.37  29.205  10.097  0001.29  04.65  08.14  318.8  009.26  26.005  1019.930  1479.29 
2024 01 26 13 16 31.62  29.225  10.056  0001.32  04.59  08.14  318.3  009.26  26.054  1019.975  1479.20 
2024 01 26 13 16 31.87  29.216  10.071  0001.38  04.62  08.14  318.3  009.26  26.034  1019.957  1479.23 
2024 01 26 13 16 32.12  29.202  10.094  0001.41  04.53  08.14  318.3  009.26  26.004  1019.931  1479.28 
2024 01 26 13 16 32.37  29.201  10.106  0001.42  04.57  08.14  318.3  009.26  25.994  1019.921  1479.31 
2024 01 26 13 16 32.62  29.226  10.078  0001.41  04.59  08.14  318.3  009.26  26.040  1019.961  1479.26 
2024 01 26 13 16 32.87  29.230  10.076  0001.37  04.65  08.14  318.3  009.26  26.044  1019.964  1479.26 
2024 01 26 13 16 33.12  29.215  10.093  0001.34  04.71  08.14  318.3  009.26  26.017  1019.941  1479.29 
2024 01 26 13 16 33.37  29.215  10.095  0001.33  04.65  08.14  318.3  009.26  26.016  1019.939  1479.29 
2024 01 26 13 16 33.62  29.218  10.085  0001.33  04.56  08.14  318.3  009.26  26.027  1019.949  1479.27 
2024 01 26 13 16 33.87  29.218  10.088  0001.35  04.60  08.14  318.3  009.26  26.024  1019.947  1479.28 
2024 01 26 13 16 34.12  29.220  10.089  0001.39  04.51  08.14  318.3  009.26  26.025  1019.947  1479.28 
2024 01 26 13 16 34.37  29.221  10.084  0001.42  04.57  08.14  318.3  009.26  26.030  1019.952  1479.27 
2024 01 26 13 16 34.62  29.221  10.088  0001.41  04.56  08.14  317.8  009.26  26.027  1019.950  1479.28 
2024 01 26 13 16 34.87  29.224  10.088  0001.40  04.58  08.14  317.8  009.26  26.030  1019.951  1479.29 
2024 01 26 13 16 35.12  29.217  10.089  0001.37  04.63  08.14  317.8  009.26  26.022  1019.945  1479.28 
2024 01 26 13 16 35.37  29.212  10.097  0001.34  04.63  08.14  317.8  009.26  26.012  1019.936  1479.29 
2024 01 26 13 16 35.62  29.216  10.094  0001.35  04.63  08.13  317.8  009.26  26.018  1019.941  1479.29 
2024 01 26 13 16 35.87  29.219  10.084  0001.35  04.63  08.13  317.8  009.26  26.028  1019.950  1479.27 
2024 01 26 13 16 36.12  29.215  10.083  0001.36  04.55  08.14  317.8  009.26  26.025  1019.948  1479.26 
2024 01 26 13 16 36.37  29.205  10.094  0001.37  04.58  08.13  317.8  009.26  26.006  1019.932  1479.28 
2024 01 26 13 16 36.62  29.211  10.097  0001.38  04.48  08.13  317.8  009.26  26.011  1019.935  1479.30 
2024 01 26 13 16 36.87  29.211  10.079  0001.38  04.58  08.13  317.8  009.26  26.024  1019.948  1479.24 
2024 01 26 13 16 37.12  29.203  10.091  0001.39  04.69  08.13  317.8  009.26  26.007  1019.933  1479.27 
2024 01 26 13 16 37.37  29.205  10.097  0001.39  04.63  08.13  317.8  009.26  26.004  1019.930  1479.29 
2024 01 26 13 16 37.62  29.201  10.103  0001.40  04.51  08.13  317.5  009.26  25.997  1019.924  1479.30 
2024 01 26 13 16 37.87  29.190  10.113  0001.37  04.51  08.13  317.5  009.26  25.979  1019.908  1479.31 
2024 01 26 13 16 38.12  29.185  10.121  0001.37  04.57  08.13  317.5  009.26  25.968  1019.898  1479.33 
2024 01 26 13 16 38.37  29.185  10.121  0001.35  04.56  08.13  317.5  009.26  25.969  1019.899  1479.33 
2024 01 26 13 16 38.62  29.184  10.124  0001.34  04.55  08.13  317.5  009.26  25.965  1019.895  1479.34 
2024 01 26 13 16 38.87  29.183  10.124  0001.37  04.54  08.13  317.5  009.26  25.964  1019.895  1479.34 
2024 01 26 13 16 39.12  29.187  10.114  0001.37  04.58  08.13  317.5  009.26  25.975  1019.905  1479.31 
2024 01 26 13 16 39.37  29.191  10.113  0001.37  04.58  08.13  317.5  009.26  25.979  1019.908  1479.32 
2024 01 26 13 16 39.62  29.213  10.112  0001.39  04.68  08.13  317.5  009.26  26.002  1019.926  1479.34 
2024 01 26 13 16 39.87  29.261  10.068  0001.39  04.72  08.13  317.5  009.26  26.081  1019.994  1479.27 
2024 01 26 13 16 40.12  29.290  10.022  0001.38  04.68  08.13  317.5  009.26  26.142  1020.049  1479.18 
2024 01 26 13 16 40.37  29.303  10.011  0001.39  04.70  08.13  317.5  009.26  26.163  1020.067  1479.17 
2024 01 26 13 16 40.62  29.317  10.009  0001.36  04.74  08.13  317.1  009.26  26.178  1020.079  1479.17 
2024 01 26 13 16 40.87  29.316  10.008  0001.35  04.71  08.13  317.1  009.26  26.178  1020.079  1479.17 
2024 01 26 13 16 41.12  29.306  10.026  0001.36  04.66  08.13  317.1  009.26  26.156  1020.059  1479.21 
2024 01 26 13 16 41.37  29.317  10.034  0001.36  04.66  08.13  317.1  009.26  26.160  1020.061  1479.24 
2024 01 26 13 16 41.62  29.330  10.026  0001.37  04.68  08.13  317.1  009.26  26.179  1020.077  1479.24 
2024 01 26 13 16 41.87  29.336  10.020  0001.37  04.75  08.13  317.1  009.26  26.189  1020.085  1479.23 
2024 01 26 13 16 42.12  29.350  09.985  0001.37  04.75  08.13  317.1  009.26  26.229  1020.122  1479.15 
2024 01 26 13 16 42.37  29.374  09.973  0001.37  04.73  08.13  317.1  009.26  26.261  1020.149  1479.14 
2024 01 26 13 16 42.62  29.388  09.951  0001.36  04.72  08.13  317.1  009.26  26.291  1020.175  1479.10 
2024 01 26 13 16 42.87  29.384  09.950  0001.34  04.71  08.13  317.1  009.23  26.288  1020.173  1479.09 
2024 01 26 13 16 43.12  29.391  09.949  0001.34  04.71  08.13  317.1  009.26  26.294  1020.178  1479.09 
2024 01 26 13 16 43.37  29.391  09.955  0001.35  04.70  08.13  317.1  009.26  26.291  1020.174  1479.11 
2024 01 26 13 16 43.62  29.391  09.953  0001.38  04.76  08.13  317.6  009.26  26.292  1020.176  1479.11 
2024 01 26 13 16 43.87  29.390  09.958  0001.40  04.75  08.13  317.6  009.26  26.288  1020.172  1479.12 
2024 01 26 13 16 44.12  29.388  09.960  0001.39  04.87  08.13  317.6  009.26  26.283  1020.168  1479.12 
2024 01 26 13 16 44.37  29.392  09.954  0001.38  04.80  08.13  317.6  009.26  26.292  1020.175  1479.11 
2024 01 26 13 16 44.62  29.373  09.970  0001.35  04.69  08.13  317.6  009.26  26.262  1020.150  1479.13 
2024 01 26 13 16 44.87  29.365  09.978  0001.32  04.67  08.13  317.6  009.26  26.249  1020.138  1479.14 
2024 01 26 13 16 45.12  29.363  09.979  0001.30  04.77  08.13  317.6  009.26  26.245  1020.135  1479.14 
2024 01 26 13 16 45.37  29.362  09.974  0001.31  04.70  08.13  317.6  009.26  26.248  1020.138  1479.13 
2024 01 26 13 16 45.62  29.363  09.976  0001.36  04.77  08.13  317.6  009.26  26.248  1020.138  1479.14 
2024 01 26 13 16 45.87  29.362  09.977  0001.39  04.75  08.13  317.6  009.26  26.246  1020.136  1479.14 
2024 01 26 13 16 46.12  29.356  09.978  0001.41  04.63  08.13  317.6  009.26  26.239  1020.131  1479.14 
2024 01 26 13 16 46.37  29.345  09.990  0001.40  04.69  08.13  317.6  009.26  26.219  1020.114  1479.15 
2024 01 26 13 16 46.62  29.335  10.001  0001.37  04.84  08.13  317.6  009.26  26.202  1020.099  1479.17 
2024 01 26 13 16 46.87  29.328  10.004  0001.35  04.76  08.13  317.6  009.26  26.192  1020.091  1479.17 
2024 01 26 13 16 47.12  29.322  10.011  0001.31  04.78  08.13  317.6  009.26  26.182  1020.081  1479.18 
2024 01 26 13 16 47.37  29.311  10.015  0001.29  04.74  08.13  317.6  009.26  26.169  1020.070  1479.18 
2024 01 26 13 16 47.62  29.317  10.009  0001.32  04.68  08.13  317.6  009.26  26.178  1020.079  1479.17 
2024 01 26 13 16 47.87  29.318  10.013  0001.36  04.82  08.13  317.6  009.26  26.176  1020.077  1479.19 
2024 01 26 13 16 48.12  29.311  10.018  0001.39  04.82  08.13  317.6  009.26  26.166  1020.069  1479.19 
2024 01 26 13 16 48.37  29.314  10.019  0001.42  04.66  08.13  317.6  009.26  26.168  1020.070  1479.20 
2024 01 26 13 16 48.62  29.345  10.009  0001.42  04.71  08.13  317.6  009.26  26.205  1020.100  1479.21 
2024 01 26 13 16 48.87  29.462  09.918  0001.33  04.61  08.13  317.6  009.26  26.387  1020.255  1479.09 
2024 01 26 13 16 49.12  29.443  09.919  0001.29  04.66  08.13  317.6  009.26  26.368  1020.240  1479.07 
2024 01 26 13 16 49.37  29.396  09.962  0001.23  04.65  08.13  317.6  009.26  26.291  1020.173  1479.14 
2024 01 26 13 16 49.62  29.401  09.964  0001.27  04.69  08.13  319.4  009.26  26.294  1020.176  1479.15 
2024 01 26 13 16 49.87  29.433  09.931  0001.35  04.77  08.13  319.4  009.26  26.349  1020.224  1479.09 
2024 01 26 13 16 50.12  29.411  09.957  0001.42  04.69  08.13  319.4  009.26  26.309  1020.188  1479.14 
2024 01 26 13 16 50.37  29.424  09.959  0001.47  04.63  08.13  319.4  009.26  26.320  1020.198  1479.16 
2024 01 26 13 16 50.62  29.370  09.983  0001.43  04.75  08.13  319.4  009.26  26.250  1020.139  1479.16 
2024 01 26 13 16 50.87  29.363  09.985  0001.32  04.94  08.13  319.4  009.26  26.241  1020.131  1479.16 
2024 01 26 13 16 51.12  29.293  10.036  0001.21  04.97  08.13  319.4  009.26  26.135  1020.040  1479.22 
2024 01 26 13 16 51.37  29.287  10.042  0001.18  04.92  08.13  319.4  009.26  26.125  1020.031  1479.23 
2024 01 26 13 16 51.62  29.291  10.040  0001.24  04.82  08.13  319.4  009.26  26.131  1020.036  1479.23 
2024 01 26 13 16 51.87  29.291  10.034  0001.33  04.70  08.13  319.4  009.26  26.135  1020.041  1479.21 
2024 01 26 13 16 52.12  29.322  10.008  0001.44  04.66  08.13  319.4  009.26  26.184  1020.084  1479.18 
2024 01 26 13 16 52.37  29.313  10.029  0001.44  04.57  08.12  319.4  009.26  26.160  1020.062  1479.23 
2024 01 26 13 16 52.62  29.304  10.034  0001.39  04.60  08.12  320.2  009.26  26.147  1020.051  1479.23 
2024 01 26 13 16 52.87  29.279  10.047  0001.25  04.67  08.12  320.2  009.26  26.114  1020.022  1479.23 
2024 01 26 13 16 53.12  29.243  10.071  0001.19  04.78  08.12  320.2  009.26  26.061  1019.977  1479.26 
2024 01 26 13 16 53.37  29.227  10.095  0001.19  04.86  08.12  320.2  009.26  26.028  1019.948  1479.31 
2024 01 26 13 16 53.62  29.233  10.089  0001.25  04.75  08.12  320.2  009.26  26.039  1019.958  1479.30 
2024 01 26 13 16 53.87  29.256  10.058  0001.37  04.64  08.12  320.2  009.26  26.083  1019.997  1479.24 
2024 01 26 13 16 54.12  29.310  10.017  0001.43  04.65  08.12  320.2  009.26  26.166  1020.068  1479.19 
2024 01 26 13 16 54.37  29.390  09.963  0001.44  04.64  08.12  320.2  009.26  26.283  1020.168  1479.13 
2024 01 26 13 16 54.62  29.397  09.967  0001.36  04.67  08.12  320.2  009.26  26.288  1020.170  1479.15 
2024 01 26 13 16 54.87  29.376  09.981  0001.28  04.83  08.12  320.2  009.26  26.257  1020.144  1479.17 
2024 01 26 13 16 55.12  29.366  09.990  0001.22  04.84  08.12  320.2  009.26  26.240  1020.129  1479.18 
2024 01 26 13 16 55.37  29.358  09.996  0001.25  04.72  08.12  320.2  009.26  26.228  1020.119  1479.19 
2024 01 26 13 16 55.62  29.352  09.999  0001.30  04.55  08.12  318.9  009.26  26.220  1020.113  1479.19 
2024 01 26 13 16 55.87  29.353  10.003  0001.39  04.61  08.12  318.9  009.26  26.219  1020.112  1479.20 
2024 01 26 13 16 56.12  29.368  09.997  0001.41  04.62  08.12  318.9  009.26  26.237  1020.127  1479.20 
2024 01 26 13 16 56.37  29.376  09.982  0001.40  04.62  08.12  318.9  009.26  26.256  1020.144  1479.17 
2024 01 26 13 16 56.62  29.430  09.942  0001.36  04.65  08.12  318.9  009.26  26.338  1020.213  1479.12 
2024 01 26 13 16 56.87  29.404  09.960  0001.30  04.65  08.12  318.9  009.26  26.300  1020.181  1479.14 
2024 01 26 13 16 57.12  29.415  09.950  0001.27  04.77  08.12  318.9  009.26  26.318  1020.196  1479.12 
2024 01 26 13 16 57.37  29.446  09.943  0001.27  04.77  08.12  318.9  009.26  26.353  1020.225  1479.14 
2024 01 26 13 16 57.62  29.450  09.941  0001.31  04.61  08.12  318.9  009.26  26.359  1020.229  1479.14 
2024 01 26 13 16 57.87  29.482  09.909  0001.35  04.63  08.12  318.9  009.26  26.413  1020.277  1479.09 
2024 01 26 13 16 58.12  29.510  09.883  0001.40  04.64  08.12  318.9  009.26  26.461  1020.318  1479.05 
2024 01 26 13 16 58.37  29.538  09.862  0001.37  04.55  08.12  318.9  009.26  26.504  1020.355  1479.03 
2024 01 26 13 16 58.62  29.587  09.829  0001.38  04.72  08.12  319.4  009.26  26.577  1020.417  1478.99 
2024 01 26 13 16 58.87  29.580  09.845  0001.32  04.70  08.12  319.4  009.26  26.558  1020.399  1479.03 
2024 01 26 13 16 59.12  29.573  09.848  0001.28  04.63  08.12  319.4  009.26  26.549  1020.391  1479.03 
2024 01 26 13 16 59.37  29.560  09.867  0001.26  04.72  08.12  319.4  009.26  26.521  1020.367  1479.06 
2024 01 26 13 16 59.62  29.557  09.860  0001.30  04.62  08.12  319.4  009.26  26.524  1020.370  1479.04 
2024 01 26 13 16 59.87  29.563  09.849  0001.36  04.61  08.12  319.4  009.26  26.538  1020.383  1479.02 
2024 01 26 13 17 00.12  29.558  09.851  0001.37  04.58  08.12  319.4  009.26  26.532  1020.378  1479.02 
2024 01 26 13 17 00.37  29.540  09.871  0001.39  04.66  08.12  319.4  009.26  26.500  1020.350  1479.05 
2024 01 26 13 17 00.62  29.521  09.897  0001.36  04.71  08.12  319.4  009.26  26.462  1020.316  1479.10 
2024 01 26 13 17 00.87  29.575  09.852  0001.33  04.65  08.12  319.4  009.26  26.548  1020.390  1479.04 
2024 01 26 13 17 01.12  29.554  09.876  0001.28  04.76  08.12  319.4  009.26  26.509  1020.356  1479.08 
2024 01 26 13 17 01.37  29.552  09.871  0001.28  04.84  08.12  319.4  009.26  26.511  1020.359  1479.07 
2024 01 26 13 17 01.62  29.558  09.861  0001.29  04.79  08.12  321.1  009.26  26.524  1020.370  1479.05 
2024 01 26 13 17 01.87  29.562  09.857  0001.33  04.64  08.12  321.1  009.26  26.531  1020.376  1479.04 
2024 01 26 13 17 02.12  29.544  09.866  0001.36  04.62  08.12  321.1  009.26  26.507  1020.357  1479.04 
2024 01 26 13 17 02.37  29.490  09.915  0001.37  04.63  08.12  321.1  009.26  26.417  1020.279  1479.12 
2024 01 26 13 17 02.62  29.492  09.922  0001.36  04.63  08.12  321.1  009.26  26.414  1020.275  1479.14 
2024 01 26 13 17 02.87  29.463  09.938  0001.33  04.76  08.12  321.1  009.26  26.374  1020.242  1479.15 
2024 01 26 13 17 03.12  29.459  09.929  0001.30  04.66  08.12  321.1  009.26  26.377  1020.245  1479.12 
2024 01 26 13 17 03.37  29.426  09.959  0001.28  04.62  08.12  321.1  009.26  26.322  1020.198  1479.16 
2024 01 26 13 17 03.62  29.420  09.951  0001.33  04.47  08.12  321.1  009.26  26.322  1020.199  1479.14 
2024 01 26 13 17 03.87  29.409  09.952  0001.34  04.53  08.12  321.1  009.26  26.310  1020.190  1479.12 
2024 01 26 13 17 04.12  29.385  09.960  0001.41  04.58  08.12  321.1  009.26  26.281  1020.167  1479.12 
2024 01 26 13 17 04.37  29.362  09.998  0001.40  04.57  08.12  321.1  009.26  26.231  1020.121  1479.20 
2024 01 26 13 17 04.62  29.329  10.028  0001.38  04.69  08.12  320.5  009.26  26.176  1020.074  1479.24 
2024 01 26 13 17 04.87  29.291  10.048  0001.32  04.65  08.12  320.5  009.26  26.125  1020.031  1479.25 
2024 01 26 13 17 05.12  29.290  10.048  0001.27  04.70  08.12  320.5  009.26  26.123  1020.029  1479.25 
2024 01 26 13 17 05.37  29.289  10.047  0001.26  04.66  08.12  320.5  009.26  26.123  1020.030  1479.25 
2024 01 26 13 17 05.62  29.289  10.047  0001.32  04.67  08.12  320.5  009.26  26.123  1020.030  1479.25 
2024 01 26 13 17 05.87  29.284  10.055  0001.36  04.65  08.12  320.5  009.26  26.113  1020.021  1479.26 
2024 01 26 13 17 06.12  29.284  10.057  0001.42  04.62  08.12  320.5  009.26  26.111  1020.020  1479.27 
2024 01 26 13 17 06.37  29.298  10.048  0001.40  04.64  08.12  320.5  009.26  26.131  1020.036  1479.26 
2024 01 26 13 17 06.62  29.303  10.040  0001.37  04.70  08.12  320.5  009.26  26.143  1020.047  1479.24 
2024 01 26 13 17 06.87  29.297  10.052  0001.32  04.66  08.12  320.5  009.26  26.127  1020.033  1479.27 
2024 01 26 13 17 07.12  29.302  10.043  0001.29  04.76  08.12  320.5  009.26  26.139  1020.043  1479.25 
2024 01 26 13 17 07.37  29.301  10.040  0001.31  04.67  08.12  320.5  009.26  26.140  1020.044  1479.24 
2024 01 26 13 17 07.62  29.298  10.045  0001.34  04.67  08.12  319.8  009.26  26.134  1020.038  1479.25 
2024 01 26 13 17 07.87  29.291  10.050  0001.38  04.70  08.12  319.8  009.26  26.123  1020.030  1479.26 
2024 01 26 13 17 08.12  29.277  10.062  0001.41  04.69  08.12  319.8  009.26  26.101  1020.011  1479.28 
2024 01 26 13 17 08.37  29.260  10.076  0001.40  04.64  08.12  319.8  009.26  26.074  1019.988  1479.29 
2024 01 26 13 17 08.62  29.255  10.077  0001.38  04.65  08.12  319.8  009.26  26.068  1019.983  1479.29 
2024 01 26 13 17 08.87  29.257  10.074  0001.31  04.66  08.12  319.8  009.26  26.073  1019.986  1479.28 
2024 01 26 13 17 09.12  29.268  10.070  0001.30  04.70  08.12  319.8  009.26  26.086  1019.998  1479.29 
2024 01 26 13 17 09.37  29.265  10.071  0001.32  04.75  08.12  319.8  009.26  26.083  1019.995  1479.29 
2024 01 26 13 17 09.62  29.256  10.074  0001.35  04.67  08.12  319.8  009.26  26.072  1019.986  1479.28 
2024 01 26 13 17 09.87  29.250  10.089  0001.40  04.74  08.12  319.8  009.26  26.054  1019.970  1479.32 
2024 01 26 13 17 10.12  29.236  10.094  0001.42  04.69  08.12  319.8  009.26  26.037  1019.956  1479.32 
2024 01 26 13 17 10.37  29.221  10.100  0001.41  04.61  08.12  319.8  009.26  26.019  1019.941  1479.32 
2024 01 26 13 17 10.62  29.236  10.098  0001.40  04.55  08.12  319.0  009.26  26.034  1019.953  1479.33 
2024 01 26 13 17 10.87  29.262  10.072  0001.36  04.67  08.12  319.0  009.26  26.079  1019.992  1479.29 
2024 01 26 13 17 11.12  29.250  10.075  0001.32  04.70  08.12  319.0  009.26  26.065  1019.980  1479.28 
2024 01 26 13 17 11.37  29.218  10.106  0001.29  04.60  08.12  319.0  009.26  26.011  1019.934  1479.33 
2024 01 26 13 17 11.62  29.221  10.101  0001.32  04.58  08.12  319.0  009.26  26.018  1019.940  1479.32 
2024 01 26 13 17 11.87  29.217  10.106  0001.35  04.51  08.12  319.0  009.26  26.011  1019.934  1479.33 
2024 01 26 13 17 12.12  29.209  10.113  0001.41  04.56  08.12  319.0  009.26  25.998  1019.923  1479.34 
2024 01 26 13 17 12.37  29.208  10.116  0001.44  04.62  08.12  319.0  009.26  25.994  1019.919  1479.35 
2024 01 26 13 17 12.62  29.211  10.118  0001.44  04.61  08.12  319.0  009.26  25.996  1019.920  1479.36 
2024 01 26 13 17 12.87  29.209  10.118  0001.38  04.64  08.12  319.0  009.26  25.994  1019.919  1479.35 
2024 01 26 13 17 13.12  29.184  10.127  0001.32  04.76  08.12  319.0  009.26  25.963  1019.893  1479.35 
2024 01 26 13 17 13.37  29.156  10.151  0001.28  04.60  08.12  319.0  009.26  25.918  1019.854  1479.38 
2024 01 26 13 17 13.62  29.147  10.157  0001.26  04.61  08.12  318.3  009.26  25.905  1019.843  1479.39 
2024 01 26 13 17 13.87  29.158  10.139  0001.33  04.55  08.12  318.3  009.26  25.929  1019.865  1479.35 
2024 01 26 13 17 14.12  29.138  10.163  0001.39  04.47  08.12  318.3  009.26  25.892  1019.833  1479.39 
2024 01 26 13 17 14.37  29.152  10.143  0001.44  04.49  08.12  318.3  009.26  25.920  1019.858  1479.36 
2024 01 26 13 17 14.62  29.226  10.091  0001.44  04.58  08.12  318.3  009.26  26.030  1019.951  1479.30 
2024 01 26 13 17 14.87  29.368  09.984  0001.40  04.58  08.12  318.3  009.26  26.246  1020.136  1479.17 
2024 01 26 13 17 15.12  29.356  10.007  0001.31  04.70  08.11  318.3  009.26  26.218  1020.110  1479.21 
2024 01 26 13 17 15.37  29.263  10.066  0001.25  04.71  08.12  318.3  009.26  26.084  1019.996  1479.27 
2024 01 26 13 17 15.62  29.244  10.090  0001.26  04.75  08.11  318.3  009.26  26.048  1019.965  1479.31 
2024 01 26 13 17 15.87  29.250  10.082  0001.29  04.70  08.11  318.3  009.26  26.060  1019.975  1479.30 
2024 01 26 13 17 16.12  29.222  10.108  0001.38  04.69  08.11  318.3  009.26  26.014  1019.936  1479.34 
2024 01 26 13 17 16.37  29.233  10.109  0001.44  04.61  08.11  318.3  009.26  26.024  1019.944  1479.36 
2024 01 26 13 17 16.62  29.299  10.053  0001.44  04.63  08.11  317.6  009.26  26.129  1020.034  1479.28 
2024 01 26 13 17 16.87  29.337  10.028  0001.40  04.53  08.11  317.6  009.26  26.184  1020.080  1479.25 
2024 01 26 13 17 17.12  29.248  10.103  0001.33  04.73  08.11  317.6  009.26  26.042  1019.959  1479.35 
2024 01 26 13 17 17.37  29.187  10.127  0001.25  04.87  08.11  317.6  009.26  25.966  1019.895  1479.35 
2024 01 26 13 17 17.62  29.183  10.134  0001.24  04.91  08.11  317.6  009.26  25.957  1019.887  1479.36 
2024 01 26 13 17 17.87  29.217  10.097  0001.26  04.75  08.11  317.6  009.26  26.017  1019.939  1479.30 
2024 01 26 13 17 18.12  29.241  10.076  0001.35  04.67  08.11  317.6  009.26  26.056  1019.973  1479.27 
2024 01 26 13 17 18.37  29.271  10.055  0001.44  04.65  08.11  317.6  009.26  26.100  1020.011  1479.25 
2024 01 26 13 17 18.62  29.380  09.992  0001.47  04.63  08.11  317.6  009.26  26.253  1020.140  1479.20 
2024 01 26 13 17 18.87  29.504  09.908  0001.43  04.59  08.11  317.6  009.26  26.436  1020.295  1479.12 
2024 01 26 13 17 19.12  29.513  09.906  0001.35  04.65  08.11  317.6  009.26  26.447  1020.304  1479.12 
2024 01 26 13 17 19.37  29.378  09.997  0001.28  04.78  08.11  317.6  009.26  26.248  1020.134  1479.21 
2024 01 26 13 17 19.62  29.363  10.023  0001.25  04.82  08.11  317.1  009.26  26.213  1020.103  1479.27 
2024 01 26 13 17 19.87  29.380  09.971  0001.29  04.70  08.11  317.1  009.26  26.269  1020.155  1479.14 
2024 01 26 13 17 20.12  29.380  09.995  0001.36  04.67  08.11  317.1  009.26  26.250  1020.137  1479.21 
2024 01 26 13 17 20.37  29.336  10.040  0001.44  04.69  08.11  317.1  009.26  26.175  1020.071  1479.28 
2024 01 26 13 17 20.62  29.283  10.069  0001.46  04.64  08.11  317.1  009.26  26.101  1020.010  1479.30 
2024 01 26 13 17 20.87  29.243  10.094  0001.43  04.62  08.11  317.1  009.26  26.044  1019.962  1479.32 
2024 01 26 13 17 21.12  29.236  10.096  0001.34  04.73  08.11  317.1  009.26  26.037  1019.955  1479.32 
2024 01 26 13 17 21.37  29.220  10.108  0001.28  04.77  08.11  317.1  009.26  26.012  1019.934  1479.34 
2024 01 26 13 17 21.62  29.218  10.109  0001.29  04.75  08.11  317.1  009.26  26.009  1019.932  1479.34 
2024 01 26 13 17 21.87  29.235  10.094  0001.33  04.67  08.11  317.1  009.26  26.036  1019.955  1479.32 
2024 01 26 13 17 22.12  29.280  10.035  0001.38  04.69  08.11  317.1  009.26  26.124  1020.033  1479.20 
2024 01 26 13 17 22.37  29.333  10.001  0001.42  04.63  08.11  317.1  009.23  26.200  1020.098  1479.17 
2024 01 26 13 17 22.62  29.387  09.981  0001.42  04.67  08.11  318.4  009.26  26.267  1020.153  1479.18 
2024 01 26 13 17 22.87  29.373  09.996  0001.38  04.62  08.11  318.4  009.26  26.243  1020.132  1479.21 
2024 01 26 13 17 23.12  29.367  10.004  0001.33  04.88  08.11  318.4  009.26  26.231  1020.120  1479.22 
2024 01 26 13 17 23.37  29.371  10.003  0001.31  04.91  08.11  318.4  009.26  26.236  1020.124  1479.22 
2024 01 26 13 17 23.62  29.372  09.997  0001.33  04.79  08.11  318.4  009.26  26.241  1020.129  1479.21 
2024 01 26 13 17 23.87  29.380  09.991  0001.37  04.70  08.11  318.4  009.26  26.253  1020.140  1479.20 
2024 01 26 13 17 24.12  29.373  09.996  0001.38  04.63  08.11  318.4  009.26  26.243  1020.132  1479.20 
2024 01 26 13 17 24.37  29.365  10.006  0001.38  04.61  08.11  318.4  009.26  26.227  1020.118  1479.22 
2024 01 26 13 17 24.62  29.365  10.010  0001.38  04.91  08.11  318.4  009.26  26.225  1020.115  1479.23 
2024 01 26 13 17 24.87  29.381  09.999  0001.37  04.82  08.11  318.4  009.26  26.249  1020.135  1479.22 
2024 01 26 13 17 25.12  29.392  09.991  0001.36  04.66  08.11  318.4  009.26  26.266  1020.150  1479.21 
2024 01 26 13 17 25.37  29.385  09.984  0001.37  04.65  08.11  318.4  009.26  26.264  1020.149  1479.18 
2024 01 26 13 17 25.62  29.389  09.986  0001.36  04.72  08.11  318.8  009.26  26.266  1020.151  1479.19 
2024 01 26 13 17 25.87  29.392  09.985  0001.39  04.69  08.11  318.8  009.26  26.270  1020.154  1479.19 
2024 01 26 13 17 26.12  29.367  09.994  0001.39  04.65  08.11  318.8  009.26  26.238  1020.128  1479.19 
2024 01 26 13 17 26.37  29.353  10.017  0001.35  04.64  08.11  318.8  009.26  26.208  1020.101  1479.24 
2024 01 26 13 17 26.62  29.339  10.021  0001.37  04.70  08.11  318.8  009.26  26.191  1020.087  1479.23 
2024 01 26 13 17 26.87  29.337  10.021  0001.37  04.79  08.11  318.8  009.26  26.189  1020.085  1479.23 
2024 01 26 13 17 27.12  29.339  10.023  0001.39  04.63  08.11  318.8  009.26  26.190  1020.086  1479.24 
2024 01 26 13 17 27.37  29.336  10.012  0001.38  04.51  08.11  318.8  009.26  26.195  1020.091  1479.21 
2024 01 26 13 17 27.62  29.318  10.023  0001.41  04.59  08.11  318.8  009.26  26.170  1020.070  1479.22 
2024 01 26 13 17 27.87  29.330  10.036  0001.38  04.68  08.11  318.8  009.26  26.171  1020.070  1479.26 
2024 01 26 13 17 28.12  29.392  09.985  0001.38  04.67  08.11  318.8  009.26  26.269  1020.153  1479.20 
2024 01 26 13 17 28.37  29.390  09.984  0001.35  04.66  08.11  318.8  009.26  26.268  1020.153  1479.19 
2024 01 26 13 17 28.62  29.397  09.978  0001.36  04.65  08.11  319.1  009.26  26.280  1020.162  1479.18 
2024 01 26 13 17 28.87  29.401  09.974  0001.37  04.57  08.11  319.1  009.26  26.287  1020.169  1479.18 
2024 01 26 13 17 29.12  29.416  09.972  0001.40  04.58  08.11  319.1  009.26  26.303  1020.181  1479.19 
2024 01 26 13 17 29.37  29.431  09.967  0001.41  04.63  08.11  319.1  009.26  26.322  1020.197  1479.19 
2024 01 26 13 17 29.62  29.447  09.949  0001.42  04.59  08.11  319.1  009.29  26.350  1020.222  1479.16 
2024 01 26 13 17 29.87  29.481  09.914  0001.41  04.67  08.11  319.1  009.26  26.409  1020.273  1479.10 
2024 01 26 13 17 30.12  29.505  09.906  0001.37  04.74  08.11  319.1  009.26  26.438  1020.297  1479.11 
2024 01 26 13 17 30.37  29.477  09.929  0001.36  04.69  08.11  319.1  009.26  26.394  1020.259  1479.14 
2024 01 26 13 17 30.62  29.459  09.942  0001.34  04.68  08.11  319.1  009.26  26.368  1020.236  1479.15 
2024 01 26 13 17 30.87  29.453  09.942  0001.34  04.58  08.11  319.1  009.26  26.361  1020.231  1479.15 
2024 01 26 13 17 31.12  29.445  09.946  0001.38  04.57  08.11  319.1  009.26  26.350  1020.222  1479.15 
2024 01 26 13 17 31.37  29.429  09.956  0001.39  04.52  08.11  319.1  009.26  26.327  1020.203  1479.16 
2024 01 26 13 17 31.62  29.419  09.960  0001.40  04.58  08.11  319.4  009.26  26.314  1020.192  1479.16 
2024 01 26 13 17 31.87  29.411  09.973  0001.39  04.65  08.11  319.4  009.26  26.297  1020.177  1479.18 
2024 01 26 13 17 32.12  29.402  09.984  0001.39  04.70  08.11  319.4  009.26  26.280  1020.162  1479.21 
2024 01 26 13 17 32.37  29.390  09.997  0001.38  04.65  08.11  319.4  009.26  26.259  1020.144  1479.23 
2024 01 26 13 17 32.62  29.361  10.009  0001.37  04.67  08.11  319.4  009.26  26.221  1020.113  1479.23 
2024 01 26 13 17 32.87  29.361  10.015  0001.34  04.69  08.11  319.4  009.26  26.218  1020.109  1479.24 
2024 01 26 13 17 33.12  29.367  10.012  0001.34  04.65  08.11  319.4  009.26  26.225  1020.115  1479.24 
2024 01 26 13 17 33.37  29.373  10.011  0001.33  04.64  08.11  319.4  009.26  26.232  1020.120  1479.25 
2024 01 26 13 17 33.62  29.387  09.993  0001.36  04.65  08.11  319.4  009.26  26.259  1020.144  1479.21 
2024 01 26 13 17 33.87  29.383  09.986  0001.40  04.63  08.11  319.4  009.26  26.260  1020.146  1479.19 
2024 01 26 13 17 34.12  29.372  09.999  0001.43  04.62  08.11  319.4  009.26  26.241  1020.129  1479.21 
2024 01 26 13 17 34.37  29.366  10.007  0001.43  04.65  08.11  319.4  009.26  26.228  1020.118  1479.23 
2024 01 26 13 17 34.62  29.369  10.002  0001.41  04.66  08.11  319.4  009.26  26.235  1020.125  1479.22 
2024 01 26 13 17 34.87  29.364  10.009  0001.36  04.72  08.11  319.4  009.26  26.225  1020.115  1479.23 
2024 01 26 13 17 35.12  29.333  10.028  0001.33  04.65  08.11  319.4  009.26  26.180  1020.078  1479.24 
2024 01 26 13 17 35.37  29.323  10.034  0001.28  04.81  08.11  319.4  009.26  26.166  1020.065  1479.25 
2024 01 26 13 17 35.62  29.321  10.020  0001.30  04.76  08.11  319.4  009.26  26.174  1020.073  1479.21 
2024 01 26 13 17 35.87  29.326  10.019  0001.35  04.60  08.11  319.4  009.26  26.180  1020.079  1479.21 
2024 01 26 13 17 36.12  29.325  10.029  0001.41  04.66  08.11  319.4  009.26  26.172  1020.071  1479.24 
2024 01 26 13 17 36.37  29.319  10.033  0001.45  04.67  08.11  319.4  009.26  26.163  1020.064  1479.25 
2024 01 26 13 17 36.62  29.355  10.009  0001.44  04.64  08.11  319.4  009.26  26.216  1020.109  1479.22 
2024 01 26 13 17 36.87  29.363  10.003  0001.40  04.59  08.11  319.4  009.26  26.228  1020.119  1479.21 
2024 01 26 13 17 37.12  29.324  10.024  0001.34  04.67  08.11  319.4  009.26  26.175  1020.074  1479.22 
2024 01 26 13 17 37.37  29.326  10.024  0001.25  04.74  08.11  319.4  009.26  26.176  1020.075  1479.22 
2024 01 26 13 17 37.62  29.328  10.027  0001.26  04.81  08.11  319.4  009.26  26.176  1020.074  1479.23 
2024 01 26 13 17 37.87  29.337  10.019  0001.32  04.65  08.11  319.4  009.26  26.191  1020.087  1479.22 
2024 01 26 13 17 38.12  29.366  10.007  0001.40  04.76  08.11  319.4  009.26  26.228  1020.118  1479.23 
2024 01 26 13 17 38.37  29.402  09.973  0001.45  04.63  08.11  319.4  009.26  26.288  1020.170  1479.18 
2024 01 26 13 17 38.62  29.428  09.962  0001.46  04.58  08.11  319.4  009.26  26.322  1020.198  1479.18 
2024 01 26 13 17 38.87  29.427  09.969  0001.40  04.57  08.11  319.4  009.26  26.316  1020.192  1479.19 
2024 01 26 13 17 39.12  29.408  09.981  0001.29  04.76  08.11  319.4  009.26  26.288  1020.168  1479.20 
2024 01 26 13 17 39.37  29.392  09.985  0001.25  04.79  08.11  319.4  009.26  26.270  1020.153  1479.20 
2024 01 26 13 17 39.62  29.392  09.991  0001.28  04.93  08.11  319.4  009.26  26.265  1020.149  1479.21 
2024 01 26 13 17 39.87  29.380  09.998  0001.31  04.70  08.11  319.4  009.26  26.249  1020.135  1479.22 
2024 01 26 13 17 40.12  29.372  10.004  0001.39  04.70  08.11  319.4  009.26  26.236  1020.124  1479.23 
2024 01 26 13 17 40.37  29.363  10.019  0001.45  04.59  08.11  319.4  009.26  26.217  1020.108  1479.26 
2024 01 26 13 17 40.62  29.379  10.000  0001.46  04.64  08.11  319.5  009.26  26.246  1020.134  1479.22 
2024 01 26 13 17 40.87  29.392  09.983  0001.42  04.71  08.11  319.5  009.26  26.271  1020.155  1479.19 
2024 01 26 13 17 41.12  29.369  10.006  0001.33  04.72  08.11  319.5  009.26  26.232  1020.121  1479.23 
2024 01 26 13 17 41.37  29.304  10.037  0001.25  04.81  08.11  319.5  009.26  26.145  1020.048  1479.24 
2024 01 26 13 17 41.62  29.283  10.068  0001.22  04.87  08.11  319.5  009.26  26.102  1020.010  1479.30 
2024 01 26 13 17 41.87  29.299  10.047  0001.25  04.75  08.11  319.5  009.26  26.134  1020.038  1479.26 
2024 01 26 13 17 42.12  29.320  10.037  0001.35  04.67  08.11  319.5  009.26  26.161  1020.061  1479.26 
2024 01 26 13 17 42.37  29.337  10.020  0001.44  04.65  08.11  319.5  009.26  26.190  1020.087  1479.23 
2024 01 26 13 17 42.62  29.368  10.003  0001.49  04.58  08.11  319.5  009.26  26.232  1020.122  1479.22 
2024 01 26 13 17 42.87  29.415  09.965  0001.45  04.76  08.11  319.5  009.26  26.307  1020.186  1479.17 
2024 01 26 13 17 43.12  29.420  09.968  0001.38  04.64  08.11  319.5  009.26  26.310  1020.187  1479.18 
2024 01 26 13 17 43.37  29.368  10.010  0001.28  04.85  08.11  319.5  009.26  26.227  1020.116  1479.24 
2024 01 26 13 17 43.62  29.331  10.039  0001.24  04.77  08.11  318.7  009.26  26.171  1020.068  1479.27 
2024 01 26 13 17 43.87  29.336  10.038  0001.25  04.77  08.11  318.7  009.26  26.176  1020.072  1479.28 
2024 01 26 13 17 44.12  29.345  10.015  0001.31  04.78  08.11  318.7  009.26  26.202  1020.096  1479.22 
2024 01 26 13 17 44.37  29.355  10.013  0001.40  04.86  08.11  318.7  009.26  26.213  1020.105  1479.23 
2024 01 26 13 17 44.62  29.367  09.997  0001.44  04.71  08.11  318.7  009.26  26.237  1020.127  1479.20 
2024 01 26 13 17 44.87  29.392  09.983  0001.43  04.65  08.11  318.7  009.26  26.271  1020.155  1479.19 
2024 01 26 13 17 45.12  29.393  09.984  0001.34  04.80  08.10  318.7  009.26  26.271  1020.155  1479.20 
2024 01 26 13 17 45.37  29.357  10.013  0001.28  04.72  08.11  318.7  009.26  26.215  1020.106  1479.23 
2024 01 26 13 17 45.62  29.337  10.026  0001.25  04.79  08.11  318.7  009.26  26.186  1020.082  1479.25 
2024 01 26 13 17 45.87  29.339  10.030  0001.28  04.72  08.11  318.7  009.26  26.185  1020.081  1479.26 
2024 01 26 13 17 46.12  29.349  10.019  0001.34  04.63  08.11  318.7  009.26  26.203  1020.096  1479.24 
2024 01 26 13 17 46.37  29.376  09.992  0001.42  04.64  08.11  318.7  009.26  26.249  1020.136  1479.20 
2024 01 26 13 17 46.62  29.400  09.984  0001.44  04.59  08.11  319.2  009.26  26.278  1020.161  1479.20 
2024 01 26 13 17 46.87  29.450  09.942  0001.41  04.57  08.11  319.2  009.26  26.359  1020.230  1479.15 
2024 01 26 13 17 47.12  29.450  09.944  0001.35  04.75  08.11  319.2  009.26  26.357  1020.228  1479.15 
2024 01 26 13 17 47.37  29.388  09.995  0001.30  04.86  08.11  319.2  009.26  26.259  1020.143  1479.22 
2024 01 26 13 17 47.62  29.345  10.023  0001.27  04.79  08.11  319.2  009.26  26.196  1020.090  1479.25 
2024 01 26 13 17 47.87  29.356  10.008  0001.28  04.84  08.11  319.2  009.26  26.217  1020.109  1479.22 
2024 01 26 13 17 48.12  29.386  09.977  0001.31  04.84  08.11  319.2  009.26  26.270  1020.154  1479.17 
2024 01 26 13 17 48.37  29.381  09.988  0001.37  04.82  08.11  319.2  009.26  26.257  1020.143  1479.19 
2024 01 26 13 17 48.62  29.382  09.989  0001.41  04.78  08.11  319.2  009.26  26.257  1020.143  1479.20 
2024 01 26 13 17 48.87  29.406  09.981  0001.43  04.69  08.11  319.2  009.26  26.286  1020.167  1479.20 
2024 01 26 13 17 49.12  29.419  09.960  0001.40  04.75  08.11  319.2  009.26  26.314  1020.192  1479.16 
2024 01 26 13 17 49.37  29.427  09.961  0001.38  04.72  08.11  319.2  009.26  26.322  1020.198  1479.17 
2024 01 26 13 17 49.62  29.415  09.970  0001.34  04.77  08.11  319.4  009.26  26.303  1020.181  1479.18 
2024 01 26 13 17 49.87  29.415  09.974  0001.30  04.57  08.11  319.4  009.26  26.300  1020.179  1479.19 
2024 01 26 13 17 50.12  29.417  09.968  0001.31  04.65  08.11  319.4  009.26  26.307  1020.185  1479.18 
2024 01 26 13 17 50.37  29.419  09.968  0001.36  04.76  08.11  319.4  009.26  26.308  1020.186  1479.18 
2024 01 26 13 17 50.62  29.416  09.966  0001.38  04.82  08.11  319.4  009.26  26.307  1020.186  1479.17 
2024 01 26 13 17 50.87  29.423  09.966  0001.42  04.78  08.11  319.4  009.26  26.314  1020.191  1479.18 
2024 01 26 13 17 51.12  29.429  09.955  0001.41  04.88  08.11  319.4  009.29  26.328  1020.204  1479.16 
2024 01 26 13 17 51.37  29.431  09.957  0001.39  04.76  08.11  319.4  009.26  26.329  1020.204  1479.17 
2024 01 26 13 17 51.62  29.424  09.962  0001.37  04.69  08.11  319.4  009.26  26.318  1020.195  1479.17 
2024 01 26 13 17 51.87  29.408  09.978  0001.32  04.76  08.11  319.4  009.26  26.291  1020.171  1479.20 
2024 01 26 13 17 52.12  29.400  09.979  0001.31  04.78  08.11  319.4  009.26  26.281  1020.163  1479.19 
2024 01 26 13 17 52.37  29.407  09.969  0001.33  04.68  08.11  319.4  009.26  26.296  1020.176  1479.17 
2024 01 26 13 17 52.62  29.404  09.975  0001.39  04.78  08.11  318.8  009.26  26.288  1020.170  1479.18 
2024 01 26 13 17 52.87  29.389  09.984  0001.44  04.79  08.10  318.8  009.26  26.268  1020.153  1479.19 
2024 01 26 13 17 53.12  29.380  09.994  0001.45  04.71  08.11  318.8  009.26  26.251  1020.138  1479.21 
2024 01 26 13 17 53.37  29.373  09.999  0001.43  04.71  08.10  318.8  009.26  26.241  1020.129  1479.22 
2024 01 26 13 17 53.62  29.353  10.006  0001.36  04.76  08.10  318.8  009.26  26.215  1020.108  1479.21 
2024 01 26 13 17 53.87  29.341  10.019  0001.29  04.82  08.11  318.8  009.26  26.195  1020.090  1479.23 
2024 01 26 13 17 54.12  29.333  10.022  0001.25  04.89  08.10  318.8  009.26  26.185  1020.082  1479.23 
2024 01 26 13 17 54.37  29.337  10.022  0001.26  04.78  08.11  318.8  009.26  26.189  1020.085  1479.23 
2024 01 26 13 17 54.62  29.336  10.024  0001.33  04.71  08.11  318.8  009.26  26.186  1020.083  1479.24 
2024 01 26 13 17 54.87  29.322  10.034  0001.44  04.88  08.11  318.8  009.26  26.164  1020.065  1479.25 
2024 01 26 13 17 55.12  29.312  10.043  0001.47  04.74  08.11  318.8  009.26  26.149  1020.051  1479.27 
2024 01 26 13 17 55.37  29.321  10.030  0001.47  04.73  08.11  318.8  009.26  26.167  1020.067  1479.24 
2024 01 26 13 17 55.62  29.307  10.042  0001.40  04.91  08.10  319.3  009.26  26.145  1020.048  1479.25 
2024 01 26 13 17 55.87  29.290  10.053  0001.29  05.03  08.11  319.3  009.26  26.120  1020.026  1479.26 
2024 01 26 13 17 56.12  29.291  10.052  0001.21  04.94  08.11  319.3  009.26  26.122  1020.027  1479.26 
2024 01 26 13 17 56.37  29.285  10.057  0001.20  04.80  08.11  319.3  009.26  26.112  1020.019  1479.27 
2024 01 26 13 17 56.62  29.278  10.062  0001.25  04.75  08.10  319.3  009.26  26.102  1020.011  1479.27 
2024 01 26 13 17 56.87  29.256  10.083  0001.34  04.82  08.11  319.3  009.26  26.065  1019.979  1479.31 
2024 01 26 13 17 57.12  29.271  10.056  0001.45  04.72  08.11  319.3  009.26  26.099  1020.011  1479.25 
2024 01 26 13 17 57.37  29.288  10.046  0001.49  04.70  08.11  319.3  009.26  26.123  1020.031  1479.25 
2024 01 26 13 17 57.62  29.283  10.055  0001.46  04.72  08.10  319.3  009.26  26.112  1020.021  1479.26 
2024 01 26 13 17 57.87  29.255  10.079  0001.32  04.70  08.10  319.3  009.26  26.066  1019.981  1479.30 
2024 01 26 13 17 58.12  29.243  10.087  0001.23  04.75  08.11  319.3  009.26  26.049  1019.966  1479.30 
2024 01 26 13 17 58.37  29.232  10.094  0001.16  04.84  08.11  319.3  009.26  26.033  1019.952  1479.31 
2024 01 26 13 17 58.62  29.228  10.113  0001.19  04.81  08.11  319.0  009.26  26.017  1019.937  1479.36 
2024 01 26 13 17 58.87  29.227  10.098  0001.28  04.70  08.11  319.0  009.26  26.025  1019.946  1479.32 
2024 01 26 13 17 59.12  29.209  10.114  0001.40  04.67  08.10  319.0  009.26  25.997  1019.922  1479.34 
2024 01 26 13 17 59.37  29.266  10.046  0001.49  04.59  08.10  319.0  009.26  26.102  1020.014  1479.22 
2024 01 26 13 17 59.62  29.315  10.010  0001.48  04.58  08.10  319.0  009.26  26.176  1020.077  1479.18 
2024 01 26 13 17 59.87  29.283  10.054  0001.39  04.64  08.10  319.0  009.26  26.113  1020.021  1479.26 
2024 01 26 13 18 00.12  29.244  10.075  0001.28  04.87  08.10  319.0  009.26  26.059  1019.976  1479.27 
2024 01 26 13 18 00.37  29.209  10.112  0001.21  04.75  08.10  319.0  009.26  25.998  1019.922  1479.33 
2024 01 26 13 18 00.62  29.207  10.130  0001.18  04.86  08.11  319.0  009.26  25.983  1019.908  1479.38 
2024 01 26 13 18 00.87  29.206  10.114  0001.23  04.75  08.10  319.0  009.26  25.994  1019.919  1479.33 
2024 01 26 13 18 01.12  29.195  10.116  0001.33  04.61  08.10  319.0  009.26  25.981  1019.909  1479.33 
2024 01 26 13 18 01.37  29.197  10.106  0001.43  04.72  08.10  319.0  009.26  25.990  1019.918  1479.30 
2024 01 26 13 18 01.62  29.304  10.013  0001.46  04.62  08.10  319.0  009.26  26.162  1020.066  1479.17 
2024 01 26 13 18 01.87  29.385  09.970  0001.44  04.75  08.10  318.8  009.26  26.274  1020.159  1479.15 
2024 01 26 13 18 02.12  29.399  09.956  0001.36  04.73  08.10  318.8  009.26  26.297  1020.179  1479.12 
2024 01 26 13 18 02.37  29.357  10.002  0001.27  04.87  08.10  318.8  009.26  26.222  1020.114  1479.20 
2024 01 26 13 18 02.62  29.337  10.019  0001.22  04.87  08.10  318.8  009.26  26.190  1020.086  1479.22 
2024 01 26 13 18 02.87  29.334  10.022  0001.22  04.78  08.10  318.8  009.26  26.186  1020.082  1479.23 
2024 01 26 13 18 03.12  29.342  10.009  0001.27  04.70  08.10  318.8  009.26  26.203  1020.098  1479.20 
2024 01 26 13 18 03.37  29.349  10.006  0001.38  04.64  08.10  318.8  009.26  26.213  1020.106  1479.20 
2024 01 26 13 18 03.62  29.364  09.990  0001.44  04.64  08.10  318.8  009.26  26.238  1020.129  1479.18 
2024 01 26 13 18 03.87  29.388  09.968  0001.47  04.72  08.10  318.8  009.26  26.279  1020.164  1479.14 
2024 01 26 13 18 04.12  29.401  09.952  0001.46  04.83  08.10  318.8  009.26  26.303  1020.185  1479.12 
2024 01 26 13 18 04.37  29.408  09.948  0001.44  04.87  08.10  318.8  009.26  26.313  1020.193  1479.11 
2024 01 26 13 18 04.62  29.416  09.947  0001.48  04.96  08.10  318.8  009.26  26.321  1020.200  1479.12 
2024 01 26 13 18 04.87  29.437  09.937  0001.51  04.87  08.10  317.9  009.26  26.349  1020.223  1479.12 
2024 01 26 13 18 05.12  29.460  09.911  0001.63  04.92  08.10  317.9  009.26  26.390  1020.260  1479.08 
2024 01 26 13 18 05.37  29.528  09.867  0001.70  04.86  08.10  317.9  009.26  26.491  1020.345  1479.03 
2024 01 26 13 18 05.62  29.657  09.749  0001.82  04.85  08.10  317.9  009.26  26.705  1020.531  1478.86 
2024 01 26 13 18 05.87  29.755  09.677  0001.98  04.98  08.10  317.9  009.26  26.855  1020.659  1478.78 
2024 01 26 13 18 06.12  29.861  09.613  0002.11  05.44  08.10  317.9  009.26  27.010  1020.790  1478.73 
2024 01 26 13 18 06.37  29.921  09.612  0002.25  05.82  08.10  317.9  009.26  27.070  1020.837  1478.80 
2024 01 26 13 18 06.62  29.950  09.616  0002.36  06.49  08.10  317.9  009.26  27.095  1020.857  1478.85 
2024 01 26 13 18 06.87  29.956  09.617  0002.46  06.73  08.10  317.9  009.26  27.101  1020.862  1478.86 
2024 01 26 13 18 07.12  29.964  09.606  0002.52  06.90  08.10  317.9  009.26  27.117  1020.876  1478.84 
2024 01 26 13 18 07.37  29.969  09.602  0002.57  06.82  08.10  317.9  009.26  27.125  1020.883  1478.84 
2024 01 26 13 18 07.62  29.980  09.605  0002.61  06.73  08.10  320.7  009.26  27.134  1020.890  1478.86 
2024 01 26 13 18 07.87  29.989  09.610  0002.62  06.97  08.10  320.7  009.26  27.139  1020.893  1478.88 
2024 01 26 13 18 08.12  29.993  09.610  0002.64  07.12  08.10  320.7  009.26  27.143  1020.896  1478.89 
2024 01 26 13 18 08.37  29.989  09.604  0002.63  07.13  08.10  320.7  009.26  27.144  1020.898  1478.87 
2024 01 26 13 18 08.62  29.981  09.601  0002.62  07.00  08.10  320.7  009.26  27.138  1020.894  1478.85 
2024 01 26 13 18 08.87  29.976  09.596  0002.61  07.09  08.10  320.7  009.26  27.136  1020.893  1478.83 
2024 01 26 13 18 09.12  29.974  09.597  0002.63  07.22  08.10  320.7  009.26  27.134  1020.891  1478.83 
2024 01 26 13 18 09.37  29.974  09.598  0002.64  07.06  08.10  320.7  009.26  27.133  1020.890  1478.83 
2024 01 26 13 18 09.62  29.974  09.601  0002.67  06.85  08.10  320.7  009.26  27.131  1020.888  1478.84 
2024 01 26 13 18 09.87  29.975  09.602  0002.74  06.97  08.10  320.7  009.26  27.131  1020.889  1478.85 
2024 01 26 13 18 10.12  29.975  09.601  0002.77  06.87  08.10  320.7  009.26  27.132  1020.889  1478.85 
2024 01 26 13 18 10.37  29.987  09.602  0002.82  06.81  08.10  320.7  009.26  27.143  1020.898  1478.86 
2024 01 26 13 18 10.62  30.000  09.605  0002.83  06.96  08.10  323.9  009.26  27.153  1020.906  1478.89 
2024 01 26 13 18 10.87  30.007  09.604  0002.83  07.00  08.10  323.9  009.26  27.162  1020.913  1478.89 
2024 01 26 13 18 11.12  30.012  09.606  0002.83  07.16  08.10  323.9  009.26  27.164  1020.914  1478.91 
2024 01 26 13 18 11.37  30.020  09.608  0002.83  07.51  08.10  323.9  009.26  27.171  1020.919  1478.92 
2024 01 26 13 18 11.62  30.027  09.610  0002.87  07.55  08.10  323.9  009.26  27.177  1020.924  1478.94 
2024 01 26 13 18 11.87  30.033  09.612  0002.97  07.30  08.10  323.9  009.26  27.182  1020.928  1478.95 
2024 01 26 13 18 12.12  30.106  09.653  0003.10  07.61  08.10  323.9  009.26  27.223  1020.954  1479.15 
2024 01 26 13 18 12.37  30.127  09.654  0003.22  07.88  08.10  323.9  009.26  27.243  1020.970  1479.19 
2024 01 26 13 18 12.62  30.133  09.654  0003.32  07.67  08.10  323.9  009.26  27.249  1020.976  1479.19 
2024 01 26 13 18 12.87  30.137  09.651  0003.41  07.40  08.10  323.9  009.26  27.256  1020.982  1479.19 
2024 01 26 13 18 13.12  30.135  09.623  0003.54  07.13  08.10  323.9  009.26  27.275  1021.001  1479.11 
2024 01 26 13 18 13.37  30.187  09.669  0003.68  07.19  08.10  323.9  009.26  27.291  1021.008  1479.31 
2024 01 26 13 18 13.62  30.238  09.717  0003.81  07.12  08.10  323.9  009.26  27.306  1021.013  1479.51 
2024 01 26 13 18 13.87  30.298  09.752  0003.96  07.17  08.10  324.2  009.26  27.340  1021.034  1479.68 
2024 01 26 13 18 14.12  30.313  09.740  0004.12  07.13  08.10  324.2  009.26  27.364  1021.056  1479.66 
2024 01 26 13 18 14.37  30.267  09.571  0004.26  07.11  08.10  324.2  009.26  27.446  1021.146  1479.14 
2024 01 26 13 18 14.62  30.164  09.432  0004.42  07.31  08.09  324.2  009.26  27.448  1021.169  1478.63 
2024 01 26 13 18 14.87  30.133  09.382  0004.60  07.39  08.09  324.2  009.26  27.455  1021.183  1478.46 
2024 01 26 13 18 15.12  30.195  09.387  0004.75  07.55  08.09  324.2  009.26  27.515  1021.229  1478.55 
2024 01 26 13 18 15.37  30.232  09.360  0004.93  07.66  08.09  324.2  009.26  27.573  1021.279  1478.52 
2024 01 26 13 18 15.62  30.276  09.341  0005.09  07.90  08.09  324.2  009.26  27.631  1021.328  1478.53 
2024 01 26 13 18 15.87  30.292  09.325  0005.28  08.08  08.09  324.2  009.26  27.660  1021.354  1478.50 
2024 01 26 13 18 16.12  30.305  09.318  0005.47  08.33  08.09  324.2  009.26  27.677  1021.369  1478.50 
2024 01 26 13 18 16.37  30.312  09.282  0005.63  08.93  08.09  324.2  009.26  27.714  1021.404  1478.41 
2024 01 26 13 18 16.62  30.337  09.232  0005.83  09.50  08.09  324.2  009.26  27.777  1021.461  1478.31 
2024 01 26 13 18 16.87  30.371  09.193  0006.00  09.92  08.09  323.1  009.26  27.842  1021.519  1478.24 
2024 01 26 13 18 17.12  30.476  09.263  0006.19  10.35  08.09  323.1  009.26  27.893  1021.549  1478.57 
2024 01 26 13 18 17.37  30.543  09.298  0006.37  10.63  08.09  323.1  009.26  27.934  1021.577  1478.75 
2024 01 26 13 18 17.62  30.643  09.391  0006.56  11.29  08.08  323.1  009.26  27.962  1021.586  1479.14 
2024 01 26 13 18 17.87  30.760  09.477  0006.72  11.58  08.08  323.1  009.26  28.012  1021.613  1479.52 
2024 01 26 13 18 18.12  30.894  09.581  0006.89  12.47  08.08  323.1  009.26  28.066  1021.640  1479.98 
2024 01 26 13 18 18.37  31.050  09.700  0007.07  13.67  08.08  323.1  009.26  28.129  1021.672  1480.49 
2024 01 26 13 18 18.62  31.132  09.749  0007.25  13.86  08.08  323.1  009.26  28.174  1021.700  1480.73 
2024 01 26 13 18 18.87  31.171  09.766  0007.42  14.64  08.08  323.1  009.26  28.199  1021.717  1480.83 
2024 01 26 13 18 19.12  31.188  09.768  0007.60  15.68  08.08  323.1  009.26  28.214  1021.730  1480.86 
2024 01 26 13 18 19.37  31.207  09.772  0007.78  16.22  08.08  323.1  009.26  28.230  1021.743  1480.89 
2024 01 26 13 18 19.62  31.249  09.776  0007.94  15.89  08.08  323.1  009.26  28.268  1021.773  1480.96 
2024 01 26 13 18 19.87  31.283  09.793  0008.14  16.44  08.08  324.3  009.26  28.289  1021.787  1481.05 
2024 01 26 13 18 20.12  31.335  09.828  0008.29  17.32  08.07  324.3  009.26  28.314  1021.802  1481.21 
2024 01 26 13 18 20.37  31.344  09.830  0008.46  17.16  08.07  324.3  009.26  28.321  1021.808  1481.23 
2024 01 26 13 18 20.62  31.346  09.830  0008.63  17.14  08.07  324.3  009.26  28.322  1021.810  1481.23 
2024 01 26 13 18 20.87  31.370  09.847  0008.79  17.88  08.07  324.3  009.26  28.334  1021.816  1481.31 
2024 01 26 13 18 21.12  31.377  09.851  0008.94  18.43  08.07  324.3  009.26  28.338  1021.820  1481.33 
2024 01 26 13 18 21.37  31.390  09.859  0009.10  19.12  08.07  324.3  009.26  28.344  1021.824  1481.37 
2024 01 26 13 18 21.62  31.425  09.885  0009.26  20.05  08.07  324.3  009.26  28.359  1021.832  1481.49 
2024 01 26 13 18 21.87  31.467  09.899  0009.42  18.96  08.07  324.3  009.26  28.390  1021.855  1481.58 
2024 01 26 13 18 22.12  31.483  09.900  0009.57  18.64  08.07  324.3  009.26  28.405  1021.867  1481.60 
2024 01 26 13 18 22.37  31.491  09.900  0009.71  17.89  08.07  324.3  009.26  28.413  1021.874  1481.62 
2024 01 26 13 18 22.62  31.500  09.898  0009.87  17.37  08.07  324.3  009.26  28.422  1021.882  1481.63 
2024 01 26 13 18 22.87  31.510  09.898  0010.01  18.01  08.07  315.3  009.26  28.433  1021.891  1481.64 
2024 01 26 13 18 23.12  31.514  09.897  0010.14  17.91  08.07  315.3  009.26  28.437  1021.895  1481.64 
2024 01 26 13 18 23.37  31.519  09.898  0010.31  18.01  08.07  315.3  009.26  28.442  1021.900  1481.65 
2024 01 26 13 18 23.62  31.529  09.898  0010.45  17.70  08.06  315.3  009.26  28.451  1021.907  1481.67 
2024 01 26 13 18 23.87  31.546  09.899  0010.59  17.42  08.06  315.3  009.26  28.467  1021.921  1481.70 
2024 01 26 13 18 24.12  31.578  09.895  0010.73  16.90  08.06  315.3  009.26  28.503  1021.950  1481.72 
2024 01 26 13 18 24.37  31.642  09.872  0010.87  16.22  08.06  315.3  009.26  28.584  1022.017  1481.74 
2024 01 26 13 18 24.62  31.709  09.820  0011.01  16.18  08.06  315.3  009.26  28.693  1022.110  1481.69 
2024 01 26 13 18 24.87  31.724  09.812  0011.12  15.26  08.06  315.3  009.26  28.713  1022.128  1481.68 
2024 01 26 13 18 25.12  31.724  09.816  0011.22  14.18  08.06  315.3  009.26  28.711  1022.127  1481.70 
2024 01 26 13 18 25.37  31.725  09.814  0011.32  12.63  08.06  315.3  009.26  28.713  1022.129  1481.69 
2024 01 26 13 18 25.62  31.727  09.806  0011.45  12.21  08.06  315.3  009.26  28.722  1022.137  1481.67 
2024 01 26 13 18 25.87  31.730  09.798  0011.59  11.99  08.05  310.1  009.26  28.731  1022.147  1481.66 
2024 01 26 13 18 26.12  31.730  09.788  0011.72  11.47  08.05  310.1  009.26  28.739  1022.155  1481.64 
2024 01 26 13 18 26.37  31.737  09.786  0011.85  11.12  08.05  310.1  009.26  28.748  1022.163  1481.64 
2024 01 26 13 18 26.62  31.744  09.785  0011.98  10.50  08.05  310.1  009.26  28.755  1022.169  1481.65 
2024 01 26 13 18 26.87  31.749  09.787  0012.10  10.16  08.05  310.1  009.26  28.759  1022.172  1481.66 
2024 01 26 13 18 27.12  31.752  09.791  0012.15  09.67  08.05  310.1  009.26  28.759  1022.172  1481.68 
2024 01 26 13 18 27.37  31.759  09.792  0012.22  09.50  08.05  310.1  009.26  28.764  1022.176  1481.69 
2024 01 26 13 18 27.62  31.767  09.796  0012.23  09.40  08.05  310.1  009.26  28.770  1022.180  1481.71 
2024 01 26 13 18 27.87  31.768  09.797  0012.23  09.04  08.05  310.1  009.26  28.770  1022.180  1481.71 
2024 01 26 13 18 28.12  31.770  09.798  0012.25  09.31  08.05  310.1  009.26  28.771  1022.180  1481.72 
2024 01 26 13 18 28.37  31.775  09.799  0012.29  09.06  08.05  310.1  009.26  28.775  1022.184  1481.73 
2024 01 26 13 18 28.62  31.783  09.806  0012.38  08.97  08.05  310.1  009.26  28.777  1022.184  1481.76 
2024 01 26 13 18 28.87  31.787  09.808  0012.42  08.57  08.05  306.5  009.26  28.780  1022.186  1481.77 
2024 01 26 13 18 29.12  31.793  09.808  0012.45  08.57  08.05  306.5  009.26  28.785  1022.191  1481.78 
2024 01 26 13 18 29.37  31.800  09.814  0012.46  08.47  08.05  306.5  009.26  28.788  1022.192  1481.80 
2024 01 26 13 18 29.62  31.804  09.814  0012.46  08.60  08.05  306.5  009.26  28.792  1022.195  1481.81 
2024 01 26 13 18 29.87  31.805  09.814  0012.48  08.68  08.05  306.5  009.26  28.793  1022.196  1481.81 
2024 01 26 13 18 30.12  31.808  09.815  0012.51  08.65  08.05  306.5  009.26  28.795  1022.198  1481.81 
2024 01 26 13 18 30.37  31.811  09.816  0012.52  08.50  08.05  306.5  009.26  28.798  1022.200  1481.82 
2024 01 26 13 18 30.62  31.818  09.820  0012.56  08.57  08.05  306.5  009.26  28.801  1022.202  1481.84 
2024 01 26 13 18 30.87  31.822  09.822  0012.55  08.67  08.05  306.5  009.26  28.803  1022.203  1481.85 
2024 01 26 13 18 31.12  31.828  09.823  0012.56  08.77  08.05  306.5  009.26  28.809  1022.208  1481.86 
2024 01 26 13 18 31.37  31.830  09.823  0012.59  08.86  08.05  306.5  009.26  28.811  1022.209  1481.87 
2024 01 26 13 18 31.62  31.831  09.823  0012.61  08.85  08.05  306.5  009.26  28.812  1022.210  1481.87 
2024 01 26 13 18 31.87  31.834  09.823  0012.63  08.56  08.05  304.4  009.26  28.814  1022.212  1481.87 
2024 01 26 13 18 32.12  31.834  09.824  0012.67  08.53  08.05  304.4  009.26  28.814  1022.212  1481.87 
2024 01 26 13 18 32.37  31.837  09.826  0012.72  08.58  08.05  304.4  009.26  28.815  1022.213  1481.88 
2024 01 26 13 18 32.62  31.838  09.826  0012.77  08.60  08.05  304.4  009.26  28.816  1022.213  1481.89 
2024 01 26 13 18 32.87  31.841  09.830  0012.80  08.52  08.05  304.4  009.26  28.816  1022.213  1481.90 
2024 01 26 13 18 33.12  31.848  09.833  0012.81  08.55  08.05  304.4  009.26  28.820  1022.216  1481.92 
2024 01 26 13 18 33.37  31.858  09.837  0012.82  08.50  08.05  304.4  009.26  28.828  1022.221  1481.94 
2024 01 26 13 18 33.62  31.860  09.839  0012.83  08.67  08.05  304.4  009.26  28.828  1022.221  1481.95 
2024 01 26 13 18 33.87  31.862  09.839  0012.82  09.17  08.05  304.4  009.26  28.830  1022.223  1481.95 
2024 01 26 13 18 34.12  31.861  09.839  0012.82  09.51  08.05  304.4  009.26  28.829  1022.222  1481.95 
2024 01 26 13 18 34.37  31.865  09.840  0012.82  09.50  08.05  304.4  009.26  28.833  1022.225  1481.96 
2024 01 26 13 18 34.62  31.865  09.840  0012.84  09.14  08.05  304.4  009.26  28.833  1022.225  1481.96 
2024 01 26 13 18 34.87  31.866  09.840  0012.86  09.01  08.05  303.5  009.26  28.834  1022.226  1481.96 
2024 01 26 13 18 35.12  31.870  09.840  0012.90  08.71  08.05  303.5  009.26  28.837  1022.229  1481.96 
2024 01 26 13 18 35.37  31.873  09.840  0012.93  08.60  08.05  303.5  009.26  28.840  1022.231  1481.97 
2024 01 26 13 18 35.62  31.877  09.839  0012.96  08.47  08.05  303.5  009.26  28.845  1022.235  1481.97 
2024 01 26 13 18 35.87  31.881  09.838  0012.97  08.56  08.05  303.5  009.26  28.850  1022.239  1481.97 
2024 01 26 13 18 36.12  31.888  09.836  0012.97  08.59  08.05  303.5  009.26  28.858  1022.246  1481.97 
2024 01 26 13 18 36.37  31.887  09.835  0012.97  08.67  08.05  303.5  009.26  28.858  1022.246  1481.97 
2024 01 26 13 18 36.62  31.884  09.836  0012.95  09.43  08.05  303.5  009.26  28.854  1022.243  1481.97 
2024 01 26 13 18 36.87  31.885  09.836  0012.96  10.16  08.05  303.5  009.26  28.856  1022.244  1481.97 
2024 01 26 13 18 37.12  31.888  09.836  0013.00  09.47  08.05  303.5  009.26  28.859  1022.246  1481.98 
2024 01 26 13 18 37.37  31.889  09.835  0013.00  08.88  08.05  303.5  009.26  28.860  1022.248  1481.98 
2024 01 26 13 18 37.62  31.892  09.833  0013.00  08.69  08.05  303.5  009.26  28.864  1022.251  1481.97 
2024 01 26 13 18 37.87  31.895  09.832  0013.00  08.71  08.05  303.5  009.26  28.868  1022.255  1481.97 
2024 01 26 13 18 38.12  31.893  09.836  0012.98  09.35  08.05  303.5  009.26  28.864  1022.250  1481.98 
2024 01 26 13 18 38.37  31.893  09.834  0012.97  09.43  08.05  303.5  009.26  28.866  1022.252  1481.98 
2024 01 26 13 18 38.62  31.896  09.832  0013.00  09.11  08.05  303.5  009.26  28.870  1022.256  1481.98 
2024 01 26 13 18 38.87  31.896  09.832  0013.03  08.83  08.05  303.5  009.26  28.869  1022.255  1481.98 
2024 01 26 13 18 39.12  31.897  09.832  0013.05  08.65  08.05  303.5  009.26  28.871  1022.257  1481.98 
2024 01 26 13 18 39.37  31.898  09.830  0013.07  08.50  08.05  303.5  009.26  28.873  1022.259  1481.97 
2024 01 26 13 18 39.62  31.900  09.829  0013.08  08.69  08.05  303.5  009.26  28.876  1022.261  1481.97 
2024 01 26 13 18 39.87  31.900  09.829  0013.08  08.67  08.05  303.5  009.26  28.876  1022.261  1481.98 
2024 01 26 13 18 40.12  31.902  09.829  0013.04  09.19  08.05  303.5  009.26  28.878  1022.263  1481.98 
2024 01 26 13 18 40.37  31.900  09.829  0013.06  09.34  08.05  303.5  009.26  28.875  1022.261  1481.97 
2024 01 26 13 18 40.62  31.899  09.829  0013.06  09.51  08.05  303.5  009.26  28.875  1022.260  1481.97 
2024 01 26 13 18 40.87  31.901  09.829  0013.09  08.90  08.05  303.7  009.26  28.877  1022.262  1481.98 
2024 01 26 13 18 41.12  31.902  09.830  0013.13  08.76  08.05  303.7  009.26  28.877  1022.263  1481.98 
2024 01 26 13 18 41.37  31.906  09.830  0013.20  08.65  08.05  303.7  009.26  28.881  1022.266  1481.98 
2024 01 26 13 18 41.62  31.911  09.830  0013.27  08.78  08.05  303.7  009.26  28.885  1022.269  1481.99 
2024 01 26 13 18 41.87  31.923  09.832  0013.38  08.83  08.05  303.7  009.26  28.896  1022.278  1482.01 
2024 01 26 13 18 42.12  31.935  09.830  0013.45  09.09  08.05  303.7  009.26  28.910  1022.289  1482.02 
2024 01 26 13 18 42.37  31.948  09.827  0013.56  09.50  08.05  303.7  009.26  28.926  1022.303  1482.03 
2024 01 26 13 18 42.62  31.953  09.821  0013.65  09.50  08.05  303.7  009.26  28.935  1022.312  1482.02 
2024 01 26 13 18 42.87  31.958  09.818  0013.74  08.86  08.05  303.7  009.26  28.943  1022.318  1482.02 
2024 01 26 13 18 43.12  31.970  09.816  0013.84  08.82  08.05  303.7  009.26  28.956  1022.329  1482.03 
2024 01 26 13 18 43.37  31.990  09.805  0013.92  08.96  08.05  303.7  009.26  28.985  1022.354  1482.03 
2024 01 26 13 18 43.62  32.007  09.776  0014.02  09.24  08.05  303.7  009.26  29.025  1022.390  1481.98 
2024 01 26 13 18 43.87  31.994  09.734  0014.15  09.72  08.05  303.8  009.26  29.046  1022.414  1481.85 
2024 01 26 13 18 44.12  31.953  09.671  0014.30  09.37  08.05  303.8  009.26  29.056  1022.432  1481.63 
2024 01 26 13 18 44.37  31.930  09.624  0014.40  08.22  08.05  303.8  009.26  29.070  1022.451  1481.48 
2024 01 26 13 18 44.62  31.932  09.625  0014.55  07.81  08.04  303.8  009.26  29.072  1022.452  1481.49 
2024 01 26 13 18 44.87  31.952  09.641  0014.66  07.12  08.04  303.8  009.26  29.078  1022.456  1481.56 
2024 01 26 13 18 45.12  31.969  09.654  0014.74  07.10  08.04  303.8  009.26  29.085  1022.459  1481.61 
2024 01 26 13 18 45.37  31.974  09.662  0014.83  06.61  08.04  303.8  009.26  29.084  1022.458  1481.64 
2024 01 26 13 18 45.62  31.990  09.668  0014.93  06.45  08.04  303.8  009.26  29.095  1022.466  1481.68 
2024 01 26 13 18 45.87  31.999  09.664  0015.00  06.55  08.04  303.8  009.26  29.107  1022.476  1481.68 
2024 01 26 13 18 46.12  31.990  09.642  0015.08  07.06  08.04  303.8  009.26  29.116  1022.487  1481.61 
2024 01 26 13 18 46.37  31.982  09.634  0015.13  06.95  08.04  303.8  009.26  29.114  1022.487  1481.58 
2024 01 26 13 18 46.62  31.977  09.630  0015.18  06.58  08.04  303.8  009.26  29.112  1022.486  1481.56 
2024 01 26 13 18 46.87  31.962  09.604  0015.25  06.24  08.04  304.0  009.26  29.119  1022.495  1481.48 
2024 01 26 13 18 47.12  31.953  09.601  0015.32  06.20  08.04  304.0  009.26  29.112  1022.491  1481.46 
2024 01 26 13 18 47.37  31.948  09.595  0015.36  06.22  08.04  304.0  009.26  29.112  1022.492  1481.44 
2024 01 26 13 18 47.62  31.939  09.586  0015.43  06.03  08.04  304.0  009.26  29.110  1022.493  1481.40 
2024 01 26 13 18 47.87  31.939  09.586  0015.48  06.27  08.03  304.0  009.26  29.110  1022.492  1481.40 
2024 01 26 13 18 48.12  31.939  09.586  0015.51  06.11  08.03  304.0  009.26  29.110  1022.492  1481.40 
2024 01 26 13 18 48.37  31.938  09.585  0015.58  05.88  08.03  304.0  009.26  29.109  1022.493  1481.40 
2024 01 26 13 18 48.62  31.937  09.584  0015.63  05.79  08.03  304.0  009.26  29.109  1022.493  1481.40 
2024 01 26 13 18 48.87  31.936  09.583  0015.69  05.86  08.03  304.0  009.26  29.110  1022.494  1481.39 
2024 01 26 13 18 49.12  31.939  09.582  0015.77  05.92  08.03  304.0  009.26  29.112  1022.496  1481.40 
2024 01 26 13 18 49.37  31.940  09.582  0015.81  05.96  08.03  304.0  009.26  29.114  1022.498  1481.40 
2024 01 26 13 18 49.62  31.942  09.582  0015.88  05.94  08.03  304.0  009.26  29.116  1022.499  1481.40 
2024 01 26 13 18 49.87  31.947  09.579  0015.94  06.02  08.03  302.8  009.26  29.123  1022.505  1481.40 
2024 01 26 13 18 50.12  31.952  09.581  0016.03  06.38  08.03  302.8  009.26  29.127  1022.509  1481.41 
2024 01 26 13 18 50.37  31.955  09.573  0016.11  06.54  08.03  302.8  009.26  29.136  1022.518  1481.40 
2024 01 26 13 18 50.62  31.951  09.563  0016.16  06.35  08.03  302.8  009.26  29.141  1022.523  1481.37 
2024 01 26 13 18 50.87  31.951  09.561  0016.23  06.02  08.03  302.8  009.26  29.141  1022.524  1481.36 
2024 01 26 13 18 51.12  31.952  09.564  0016.25  06.19  08.03  302.8  009.26  29.141  1022.523  1481.37 
2024 01 26 13 18 51.37  31.954  09.565  0016.30  06.12  08.03  302.8  009.26  29.142  1022.524  1481.38 
2024 01 26 13 18 51.62  31.956  09.568  0016.33  06.03  08.03  302.8  009.26  29.141  1022.524  1481.39 
2024 01 26 13 18 51.87  31.962  09.570  0016.38  05.96  08.03  302.8  009.26  29.146  1022.528  1481.40 
2024 01 26 13 18 52.12  31.966  09.574  0016.44  05.90  08.03  302.8  009.26  29.147  1022.528  1481.42 
2024 01 26 13 18 52.37  31.969  09.571  0016.49  05.99  08.03  302.8  009.26  29.152  1022.532  1481.41 
2024 01 26 13 18 52.62  31.962  09.561  0016.54  05.96  08.03  302.8  009.26  29.153  1022.535  1481.38 
2024 01 26 13 18 52.87  31.956  09.552  0016.58  05.96  08.03  302.1  009.26  29.154  1022.537  1481.35 
2024 01 26 13 18 53.12  31.953  09.544  0016.60  05.86  08.03  302.1  009.26  29.157  1022.541  1481.32 
2024 01 26 13 18 53.37  31.948  09.544  0016.64  05.91  08.03  302.1  009.29  29.153  1022.538  1481.32 
2024 01 26 13 18 53.62  31.947  09.536  0016.67  05.73  08.03  302.1  009.26  29.157  1022.542  1481.30 
2024 01 26 13 18 53.87  31.943  09.530  0016.70  05.53  08.03  302.1  009.26  29.159  1022.545  1481.27 
2024 01 26 13 18 54.12  31.941  09.527  0016.74  05.38  08.03  302.1  009.26  29.159  1022.546  1481.26 
2024 01 26 13 18 54.37  31.937  09.521  0016.77  05.27  08.03  302.1  009.26  29.160  1022.548  1481.24 
2024 01 26 13 18 54.62  31.934  09.518  0016.81  05.28  08.03  302.1  009.26  29.159  1022.547  1481.23 
2024 01 26 13 18 54.87  31.929  09.516  0016.84  05.24  08.03  302.1  009.26  29.156  1022.545  1481.22 
2024 01 26 13 18 55.12  31.929  09.513  0016.85  05.48  08.03  302.1  009.26  29.158  1022.548  1481.21 
2024 01 26 13 18 55.37  31.927  09.511  0016.88  05.66  08.03  302.1  009.26  29.158  1022.547  1481.21 
2024 01 26 13 18 55.62  31.924  09.509  0016.90  05.49  08.03  302.1  009.26  29.157  1022.548  1481.20 
2024 01 26 13 18 55.87  31.923  09.509  0016.92  05.24  08.03  301.9  009.26  29.156  1022.547  1481.20 
2024 01 26 13 18 56.12  31.923  09.510  0016.94  05.32  08.03  301.9  009.26  29.154  1022.545  1481.20 
2024 01 26 13 18 56.37  31.923  09.510  0016.97  05.40  08.03  301.9  009.26  29.154  1022.545  1481.20 
2024 01 26 13 18 56.62  31.920  09.510  0016.99  05.29  08.03  301.9  009.26  29.152  1022.544  1481.20 
2024 01 26 13 18 56.87  31.919  09.506  0016.98  05.24  08.03  301.9  009.26  29.154  1022.546  1481.19 
2024 01 26 13 18 57.12  31.919  09.504  0016.97  05.26  08.03  301.9  009.26  29.156  1022.548  1481.18 
2024 01 26 13 18 57.37  31.918  09.502  0016.97  05.39  08.03  301.9  009.26  29.156  1022.548  1481.17 
2024 01 26 13 18 57.62  31.919  09.502  0016.99  05.33  08.03  301.9  009.26  29.157  1022.549  1481.17 
2024 01 26 13 18 57.87  31.919  09.499  0017.00  05.26  08.03  301.9  009.26  29.160  1022.552  1481.17 
2024 01 26 13 18 58.12  31.916  09.499  0017.03  05.21  08.03  301.9  009.26  29.156  1022.549  1481.16 
2024 01 26 13 18 58.37  31.916  09.500  0017.05  05.13  08.03  301.9  009.26  29.155  1022.548  1481.16 
2024 01 26 13 18 58.62  31.914  09.498  0017.06  05.04  08.03  301.9  009.26  29.156  1022.549  1481.16 
2024 01 26 13 18 58.87  31.919  09.500  0017.08  04.99  08.03  301.7  009.26  29.158  1022.551  1481.17 
2024 01 26 13 18 59.12  31.927  09.499  0017.11  04.99  08.03  301.7  009.26  29.168  1022.558  1481.18 
2024 01 26 13 18 59.37  31.934  09.511  0017.12  05.24  08.03  301.7  009.26  29.165  1022.554  1481.22 
2024 01 26 13 18 59.62  31.947  09.525  0017.12  05.36  08.03  301.7  009.26  29.167  1022.554  1481.27 
2024 01 26 13 18 59.87  31.955  09.534  0017.13  05.28  08.03  301.7  009.26  29.167  1022.552  1481.31 
2024 01 26 13 19 00.12  31.962  09.538  0017.13  05.19  08.03  301.7  009.26  29.171  1022.555  1481.33 
2024 01 26 13 19 00.37  31.967  09.545  0017.14  05.36  08.03  301.7  009.26  29.171  1022.554  1481.35 
2024 01 26 13 19 00.62  31.966  09.543  0017.18  05.36  08.03  301.7  009.26  29.171  1022.554  1481.35 
2024 01 26 13 19 00.87  31.967  09.542  0017.20  05.45  08.03  301.7  009.26  29.173  1022.557  1481.34 
2024 01 26 13 19 01.12  31.970  09.544  0017.22  05.74  08.03  301.7  009.26  29.175  1022.557  1481.36 
2024 01 26 13 19 01.37  31.972  09.548  0017.22  05.51  08.03  301.7  009.26  29.173  1022.555  1481.37 
2024 01 26 13 19 01.62  31.974  09.548  0017.25  05.60  08.03  301.7  009.26  29.176  1022.558  1481.37 
2024 01 26 13 19 01.87  31.978  09.549  0017.24  05.56  08.03  301.5  009.26  29.178  1022.559  1481.38 
2024 01 26 13 19 02.12  31.985  09.553  0017.27  05.81  08.03  301.5  009.26  29.182  1022.562  1481.40 
2024 01 26 13 19 02.37  31.990  09.568  0017.29  06.22  08.03  301.5  009.26  29.175  1022.555  1481.45 
2024 01 26 13 19 02.62  32.009  09.568  0017.30  06.25  08.03  301.5  009.26  29.194  1022.569  1481.47 
2024 01 26 13 19 02.87  32.025  09.576  0017.29  06.41  08.03  301.5  009.26  29.204  1022.576  1481.51 
2024 01 26 13 19 03.12  32.025  09.576  0017.29  06.75  08.03  301.5  009.26  29.204  1022.576  1481.51 
2024 01 26 13 19 03.37  32.026  09.581  0017.28  06.32  08.03  301.5  009.26  29.201  1022.573  1481.52 
2024 01 26 13 19 03.62  32.029  09.595  0017.31  06.67  08.03  301.5  009.26  29.192  1022.564  1481.56 
2024 01 26 13 19 03.87  32.034  09.595  0017.32  06.76  08.03  301.5  009.26  29.197  1022.568  1481.57 
2024 01 26 13 19 04.12  32.039  09.591  0017.34  06.75  08.03  301.5  009.26  29.206  1022.575  1481.57 
2024 01 26 13 19 04.37  32.035  09.593  0017.33  06.98  08.03  301.5  009.26  29.200  1022.570  1481.57 
2024 01 26 13 19 04.62  32.037  09.597  0017.33  07.34  08.03  301.5  009.26  29.199  1022.569  1481.58 
2024 01 26 13 19 04.87  32.044  09.598  0017.34  06.99  08.03  300.8  009.26  29.205  1022.573  1481.59 
2024 01 26 13 19 05.12  32.045  09.596  0017.33  06.86  08.03  300.8  009.26  29.208  1022.576  1481.59 
2024 01 26 13 19 05.37  32.055  09.603  0017.34  07.61  08.03  300.8  009.26  29.212  1022.578  1481.62 
2024 01 26 13 19 05.62  32.056  09.604  0017.38  07.26  08.03  300.8  009.26  29.212  1022.578  1481.62 
2024 01 26 13 19 05.87  32.056  09.604  0017.36  07.26  08.03  300.8  009.26  29.212  1022.578  1481.62 
2024 01 26 13 19 06.12  32.054  09.603  0017.37  07.52  08.03  300.8  009.26  29.211  1022.577  1481.62 
2024 01 26 13 19 06.37  32.056  09.603  0017.37  07.07  08.03  300.8  009.26  29.213  1022.579  1481.62 
2024 01 26 13 19 06.62  32.057  09.603  0017.37  07.49  08.03  300.8  009.26  29.214  1022.580  1481.62 
2024 01 26 13 19 06.87  32.064  09.613  0017.41  07.26  08.03  300.8  009.26  29.214  1022.578  1481.66 
2024 01 26 13 19 07.12  32.068  09.614  0017.41  07.53  08.03  300.8  009.26  29.216  1022.580  1481.67 
2024 01 26 13 19 07.37  32.068  09.615  0017.45  08.02  08.03  300.8  009.26  29.215  1022.579  1481.67 
2024 01 26 13 19 07.62  32.068  09.613  0017.47  07.58  08.03  300.8  009.26  29.216  1022.580  1481.67 
2024 01 26 13 19 07.87  32.069  09.614  0017.51  07.54  08.03  300.5  009.26  29.217  1022.581  1481.67 
2024 01 26 13 19 08.12  32.072  09.615  0017.59  08.33  08.03  300.5  009.26  29.219  1022.583  1481.68 
2024 01 26 13 19 08.37  32.071  09.615  0017.69  07.89  08.03  300.5  009.26  29.218  1022.583  1481.68 
2024 01 26 13 19 08.62  32.069  09.610  0017.80  07.58  08.03  300.5  009.26  29.221  1022.586  1481.66 
2024 01 26 13 19 08.87  32.043  09.574  0017.92  07.23  08.03  300.5  009.26  29.223  1022.594  1481.54 
2024 01 26 13 19 09.12  32.017  09.540  0018.04  06.79  08.03  300.5  009.26  29.225  1022.601  1481.42 
2024 01 26 13 19 09.37  31.984  09.504  0018.19  06.55  08.03  300.5  009.26  29.220  1022.604  1481.28 
2024 01 26 13 19 09.62  31.899  09.397  0018.34  06.54  08.03  300.5  009.26  29.222  1022.622  1480.89 
2024 01 26 13 19 09.87  31.868  09.366  0018.48  05.78  08.03  300.5  009.26  29.215  1022.622  1480.77 
2024 01 26 13 19 10.12  31.853  09.357  0018.65  05.15  08.03  300.5  009.26  29.207  1022.618  1480.73 
2024 01 26 13 19 10.37  31.842  09.339  0018.83  04.77  08.03  300.5  009.26  29.212  1022.625  1480.67 
2024 01 26 13 19 10.62  31.830  09.321  0019.00  04.59  08.02  300.5  009.26  29.214  1022.630  1480.61 
2024 01 26 13 19 10.87  31.830  09.317  0019.18  04.43  08.02  300.5  009.26  29.216  1022.633  1480.60 
2024 01 26 13 19 11.12  31.836  09.316  0019.36  04.27  08.02  300.5  009.26  29.223  1022.640  1480.61 
2024 01 26 13 19 11.37  31.841  09.316  0019.55  04.30  08.02  300.5  009.26  29.228  1022.644  1480.61 
2024 01 26 13 19 11.62  31.845  09.315  0019.75  04.33  08.02  300.5  009.26  29.234  1022.650  1480.62 
2024 01 26 13 19 11.87  31.844  09.303  0019.93  04.13  08.02  300.5  009.26  29.242  1022.659  1480.59 
2024 01 26 13 19 12.12  31.859  09.299  0020.15  04.08  08.02  300.5  009.26  29.261  1022.675  1480.60 
2024 01 26 13 19 12.37  31.867  09.277  0020.35  03.96  08.02  300.5  009.26  29.287  1022.700  1480.55 
2024 01 26 13 19 12.62  31.865  09.262  0020.58  04.01  08.02  300.5  009.26  29.297  1022.711  1480.51 
2024 01 26 13 19 12.87  31.851  09.204  0020.79  03.71  08.02  300.5  009.26  29.330  1022.747  1480.34 
2024 01 26 13 19 13.12  31.841  09.169  0021.00  03.42  08.02  300.5  009.26  29.348  1022.767  1480.24 
2024 01 26 13 19 13.37  31.824  09.121  0021.22  03.16  08.02  300.5  009.26  29.370  1022.793  1480.09 
2024 01 26 13 19 13.62  31.827  09.071  0021.46  02.94  08.01  300.5  009.26  29.415  1022.836  1479.96 
2024 01 26 13 19 13.87  31.800  08.993  0021.68  02.66  08.01  300.9  009.26  29.451  1022.877  1479.72 
2024 01 26 13 19 14.12  31.810  08.979  0021.91  02.63  08.01  300.9  009.26  29.473  1022.898  1479.69 
2024 01 26 13 19 14.37  31.744  08.867  0022.13  02.67  08.01  300.9  009.26  29.498  1022.934  1479.31 
2024 01 26 13 19 14.62  31.701  08.801  0022.36  02.61  08.00  300.9  009.26  29.509  1022.954  1479.08 
2024 01 26 13 19 14.87  31.679  08.771  0022.60  02.43  08.00  300.9  009.26  29.511  1022.961  1478.97 
2024 01 26 13 19 15.12  31.675  08.745  0022.81  02.28  07.99  300.9  009.26  29.529  1022.980  1478.90 
2024 01 26 13 19 15.37  31.676  08.703  0023.02  02.31  07.99  300.9  009.26  29.564  1023.014  1478.79 
2024 01 26 13 19 15.62  31.671  08.686  0023.26  02.58  07.99  300.9  009.26  29.573  1023.025  1478.74 
2024 01 26 13 19 15.87  31.665  08.671  0023.49  02.49  07.99  300.9  009.26  29.579  1023.033  1478.69 
2024 01 26 13 19 16.12  31.633  08.627  0023.70  02.24  07.98  300.9  009.26  29.583  1023.043  1478.54 
2024 01 26 13 19 16.37  31.592  08.531  0023.95  02.16  07.98  300.9  009.26  29.621  1023.088  1478.22 
2024 01 26 13 19 16.62  31.611  08.502  0024.21  02.07  07.98  300.9  009.26  29.665  1023.128  1478.17 
2024 01 26 13 19 16.87  31.654  08.534  0024.46  02.00  07.97  298.3  009.26  29.682  1023.138  1478.32 
2024 01 26 13 19 17.12  31.646  08.506  0024.67  02.04  07.97  298.3  009.26  29.698  1023.156  1478.24 
2024 01 26 13 19 17.37  31.631  08.479  0024.93  02.01  07.97  298.3  009.26  29.704  1023.165  1478.15 
2024 01 26 13 19 17.62  31.634  08.466  0025.16  01.99  07.97  298.3  009.26  29.718  1023.179  1478.12 
2024 01 26 13 19 17.87  31.588  08.382  0025.41  02.02  07.97  298.3  009.26  29.741  1023.210  1477.83 
2024 01 26 13 19 18.12  31.549  08.310  0025.65  01.92  07.97  298.3  009.26  29.762  1023.238  1477.59 
2024 01 26 13 19 18.37  31.530  08.269  0025.86  01.87  07.96  298.3  009.26  29.776  1023.256  1477.45 
2024 01 26 13 19 18.62  31.509  08.222  0026.12  01.79  07.96  298.3  009.26  29.794  1023.278  1477.30 
2024 01 26 13 19 18.87  31.445  08.111  0026.36  01.78  07.96  298.3  009.26  29.821  1023.315  1476.91 
2024 01 26 13 19 19.12  31.408  08.022  0026.60  01.66  07.95  298.3  009.26  29.858  1023.358  1476.62 
2024 01 26 13 19 19.37  31.400  07.990  0026.86  01.54  07.95  298.3  009.26  29.877  1023.378  1476.53 
2024 01 26 13 19 19.62  31.392  07.952  0027.09  01.48  07.94  298.3  009.26  29.900  1023.403  1476.41 
2024 01 26 13 19 19.87  31.437  07.963  0027.36  01.41  07.94  293.7  009.26  29.939  1023.433  1476.51 
2024 01 26 13 19 20.12  31.430  07.911  0027.63  01.49  07.93  293.7  009.26  29.976  1023.470  1476.36 
2024 01 26 13 19 20.37  31.409  07.774  0027.89  01.49  07.93  293.7  009.26  30.071  1023.565  1475.96 
2024 01 26 13 19 20.62  31.395  07.712  0028.17  01.50  07.93  293.7  009.26  30.109  1023.605  1475.77 
2024 01 26 13 19 20.87  31.393  07.667  0028.44  01.40  07.92  293.7  009.26  30.146  1023.641  1475.64 
2024 01 26 13 19 21.12  31.411  07.645  0028.69  01.29  07.92  293.7  009.26  30.184  1023.675  1475.61 
2024 01 26 13 19 21.37  31.457  07.653  0028.97  01.21  07.92  293.7  009.26  30.226  1023.708  1475.70 
2024 01 26 13 19 21.62  31.468  07.565  0029.21  01.26  07.92  293.7  009.26  30.315  1023.791  1475.47 
2024 01 26 13 19 21.87  31.477  07.534  0029.48  01.28  07.92  293.7  009.26  30.351  1023.825  1475.40 
2024 01 26 13 19 22.12  31.460  07.473  0029.72  01.21  07.92  293.7  009.26  30.386  1023.861  1475.21 
2024 01 26 13 19 22.37  31.518  07.480  0029.98  01.21  07.92  293.7  009.26  30.442  1023.906  1475.31 
2024 01 26 13 19 22.62  31.606  07.553  0030.22  01.20  07.92  293.7  009.26  30.472  1023.920  1475.64 
2024 01 26 13 19 22.87  31.710  07.612  0030.46  01.21  07.92  288.4  009.26  30.531  1023.960  1475.94 
2024 01 26 13 19 23.12  31.678  07.554  0030.71  01.29  07.92  288.4  009.26  30.547  1023.981  1475.74 
2024 01 26 13 19 23.37  31.662  07.531  0030.99  01.28  07.92  288.4  009.26  30.551  1023.989  1475.66 
2024 01 26 13 19 23.62  31.717  07.575  0031.23  01.22  07.93  288.4  009.26  30.570  1023.999  1475.86 
2024 01 26 13 19 23.87  31.762  07.610  0031.52  01.28  07.92  288.4  009.26  30.587  1024.009  1476.02 
2024 01 26 13 19 24.12  31.788  07.618  0031.78  01.29  07.93  288.4  009.26  30.608  1024.025  1476.08 
2024 01 26 13 19 24.37  31.803  07.623  0032.03  01.27  07.93  288.4  009.26  30.620  1024.035  1476.12 
2024 01 26 13 19 24.62  31.795  07.610  0032.34  01.23  07.93  288.4  009.26  30.622  1024.040  1476.08 
2024 01 26 13 19 24.87  31.788  07.597  0032.60  01.28  07.93  288.4  009.26  30.626  1024.046  1476.04 
2024 01 26 13 19 25.12  31.790  07.586  0032.88  01.22  07.93  288.4  009.26  30.637  1024.058  1476.01 
2024 01 26 13 19 25.37  31.769  07.541  0033.18  01.21  07.93  288.4  009.26  30.655  1024.079  1475.87 
2024 01 26 13 19 25.62  31.768  07.527  0033.44  01.21  07.93  288.4  009.26  30.666  1024.091  1475.83 
2024 01 26 13 19 25.87  31.765  07.516  0033.73  01.14  07.93  289.1  009.26  30.672  1024.099  1475.80 
2024 01 26 13 19 26.12  31.756  07.503  0033.99  01.08  07.93  289.1  009.26  30.675  1024.104  1475.76 
2024 01 26 13 19 26.37  31.755  07.497  0034.25  01.02  07.93  289.1  009.26  30.678  1024.109  1475.74 
2024 01 26 13 19 26.62  31.749  07.483  0034.48  01.06  07.93  289.1  009.26  30.684  1024.116  1475.70 
2024 01 26 13 19 26.87  31.744  07.474  0034.73  01.03  07.93  289.1  009.26  30.686  1024.120  1475.67 
2024 01 26 13 19 27.12  31.736  07.459  0034.96  01.00  07.93  289.1  009.26  30.691  1024.127  1475.62 
2024 01 26 13 19 27.37  31.767  07.483  0035.22  01.00  07.93  289.1  009.26  30.702  1024.134  1475.73 
2024 01 26 13 19 27.62  31.758  07.469  0035.45  01.07  07.93  289.1  009.26  30.706  1024.139  1475.69 
2024 01 26 13 19 27.87  31.723  07.427  0035.70  01.10  07.93  289.1  009.26  30.705  1024.146  1475.53 
2024 01 26 13 19 28.12  31.679  07.382  0036.00  00.97  07.93  289.1  009.26  30.698  1024.148  1475.35 
2024 01 26 13 19 28.37  31.615  07.310  0036.24  00.96  07.93  289.1  009.26  30.693  1024.155  1475.07 
2024 01 26 13 19 28.62  31.588  07.274  0036.51  00.89  07.93  289.1  009.26  30.695  1024.162  1474.94 
2024 01 26 13 19 28.87  31.587  07.268  0036.76  00.91  07.93  291.3  009.26  30.699  1024.167  1474.92 
2024 01 26 13 19 29.12  31.589  07.262  0037.06  00.84  07.92  291.3  009.26  30.707  1024.176  1474.91 
2024 01 26 13 19 29.37  31.565  07.230  0037.32  00.81  07.92  291.3  009.26  30.710  1024.183  1474.79 
2024 01 26 13 19 29.62  31.529  07.196  0037.59  00.81  07.92  291.3  009.26  30.701  1024.182  1474.66 
2024 01 26 13 19 29.87  31.525  07.195  0037.87  00.76  07.92  291.3  009.26  30.698  1024.181  1474.65 
2024 01 26 13 19 30.12  31.541  07.210  0038.14  00.78  07.92  291.3  009.26  30.702  1024.183  1474.72 
2024 01 26 13 19 30.37  31.550  07.209  0038.43  00.79  07.92  291.3  009.26  30.712  1024.193  1474.73 
2024 01 26 13 19 30.62  31.539  07.186  0038.71  00.78  07.92  291.3  009.26  30.720  1024.203  1474.66 
2024 01 26 13 19 30.87  31.539  07.180  0038.96  00.73  07.92  291.3  009.26  30.725  1024.210  1474.64 
2024 01 26 13 19 31.12  31.565  07.206  0039.22  00.74  07.92  291.3  009.26  30.730  1024.211  1474.76 
2024 01 26 13 19 31.37  31.589  07.225  0039.47  00.68  07.92  291.3  009.26  30.739  1024.217  1474.85 
2024 01 26 13 19 31.62  31.580  07.213  0039.68  00.71  07.92  291.3  009.26  30.740  1024.220  1474.80 
2024 01 26 13 19 31.87  31.561  07.190  0039.97  00.71  07.92  291.7  009.26  30.740  1024.225  1474.72 
2024 01 26 13 19 32.12  31.543  07.169  0040.21  00.71  07.92  291.7  009.26  30.738  1024.227  1474.64 
2024 01 26 13 19 32.37  31.538  07.162  0040.46  00.71  07.92  291.7  009.26  30.740  1024.230  1474.62 
2024 01 26 13 19 32.62  31.537  07.161  0040.74  00.72  07.92  291.7  009.26  30.739  1024.231  1474.62 
2024 01 26 13 19 32.87  31.542  07.164  0040.99  00.76  07.92  291.7  009.26  30.742  1024.234  1474.64 
2024 01 26 13 19 33.12  31.545  07.166  0041.25  00.70  07.92  291.7  009.26  30.743  1024.236  1474.65 
2024 01 26 13 19 33.37  31.542  07.163  0041.50  00.66  07.92  291.7  009.26  30.742  1024.237  1474.64 
2024 01 26 13 19 33.62  31.541  07.155  0041.80  00.69  07.92  291.7  009.26  30.748  1024.244  1474.62 
2024 01 26 13 19 33.87  31.525  07.136  0042.08  00.65  07.92  291.7  009.26  30.748  1024.247  1474.55 
2024 01 26 13 19 34.12  31.500  07.108  0042.35  00.71  07.92  291.7  009.26  30.746  1024.251  1474.44 
2024 01 26 13 19 34.37  31.471  07.073  0042.64  00.71  07.91  291.7  009.26  30.745  1024.256  1474.31 
2024 01 26 13 19 34.62  31.438  07.041  0042.93  00.65  07.91  291.7  009.26  30.738  1024.256  1474.18 
2024 01 26 13 19 34.87  31.334  06.928  0043.20  00.64  07.91  291.0  009.26  30.726  1024.263  1473.73 
2024 01 26 13 19 35.12  31.244  06.832  0043.50  00.65  07.91  291.0  009.26  30.714  1024.267  1473.34 
2024 01 26 13 19 35.37  31.230  06.819  0043.76  00.63  07.90  291.0  009.26  30.711  1024.267  1473.29 
2024 01 26 13 19 35.62  31.204  06.787  0044.03  00.67  07.90  291.0  009.26  30.710  1024.272  1473.17 
2024 01 26 13 19 35.87  31.189  06.765  0044.28  00.63  07.90  291.0  009.26  30.713  1024.278  1473.09 
2024 01 26 13 19 36.12  31.179  06.757  0044.53  00.67  07.89  291.0  009.26  30.710  1024.278  1473.06 
2024 01 26 13 19 36.37  31.171  06.742  0044.79  00.57  07.89  291.0  009.26  30.715  1024.285  1473.01 
2024 01 26 13 19 36.62  31.173  06.738  0045.05  00.64  07.89  291.0  009.26  30.720  1024.291  1473.00 
2024 01 26 13 19 36.87  31.163  06.728  0045.30  00.74  07.89  291.0  009.26  30.718  1024.292  1472.97 
2024 01 26 13 19 37.12  31.147  06.705  0045.56  00.64  07.89  291.0  009.26  30.721  1024.298  1472.89 
2024 01 26 13 19 37.37  31.143  06.700  0045.83  00.60  07.89  291.0  009.26  30.721  1024.300  1472.87 
2024 01 26 13 19 37.62  31.146  06.702  0046.07  00.60  07.88  291.0  009.26  30.722  1024.302  1472.88 
2024 01 26 13 19 37.87  31.150  06.707  0046.34  00.62  07.88  290.0  009.26  30.722  1024.302  1472.91 
2024 01 26 13 19 38.12  31.153  06.708  0046.60  00.64  07.88  290.0  009.26  30.725  1024.306  1472.92 
2024 01 26 13 19 38.37  31.160  06.717  0046.86  00.58  07.88  290.0  009.29  30.724  1024.305  1472.96 
2024 01 26 13 19 38.62  31.169  06.724  0047.11  00.62  07.88  290.0  009.26  30.727  1024.308  1472.99 
2024 01 26 13 19 38.87  31.174  06.729  0047.42  00.66  07.88  290.0  009.26  30.728  1024.309  1473.02 
2024 01 26 13 19 39.12  31.174  06.729  0047.70  00.63  07.88  290.0  009.26  30.728  1024.310  1473.02 
2024 01 26 13 19 39.37  31.172  06.725  0047.98  00.64  07.88  290.0  009.26  30.729  1024.313  1473.01 
2024 01 26 13 19 39.62  31.168  06.719  0048.27  00.64  07.88  290.0  009.26  30.731  1024.316  1472.99 
2024 01 26 13 19 39.87  31.163  06.712  0048.54  00.62  07.88  290.0  009.26  30.731  1024.319  1472.97 
2024 01 26 13 19 40.12  31.160  06.708  0048.80  00.62  07.88  290.0  009.26  30.731  1024.320  1472.96 
2024 01 26 13 19 40.37  31.149  06.699  0049.07  00.55  07.88  290.0  009.26  30.727  1024.320  1472.93 
2024 01 26 13 19 40.62  31.139  06.687  0049.30  00.54  07.88  290.0  009.26  30.727  1024.322  1472.88 
2024 01 26 13 19 40.87  31.129  06.674  0049.58  00.55  07.88  288.0  009.26  30.727  1024.325  1472.84 
2024 01 26 13 19 41.12  31.121  06.664  0049.86  00.59  07.88  288.0  009.26  30.728  1024.328  1472.80 
2024 01 26 13 19 41.37  31.112  06.653  0050.12  00.61  07.87  288.0  009.26  30.727  1024.331  1472.76 
2024 01 26 13 19 41.62  31.099  06.637  0050.38  00.62  07.87  288.0  009.26  30.727  1024.334  1472.70 
2024 01 26 13 19 41.87  31.096  06.634  0050.63  00.63  07.87  288.0  009.26  30.726  1024.334  1472.69 
2024 01 26 13 19 42.12  31.092  06.626  0050.92  00.62  07.87  288.0  009.26  30.729  1024.339  1472.67 
2024 01 26 13 19 42.37  31.089  06.622  0051.21  00.60  07.87  288.0  009.26  30.729  1024.341  1472.66 
2024 01 26 13 19 42.62  31.080  06.612  0051.46  00.61  07.87  288.0  009.26  30.728  1024.342  1472.62 
2024 01 26 13 19 42.87  31.081  06.610  0051.72  00.59  07.87  288.0  009.26  30.732  1024.347  1472.62 
2024 01 26 13 19 43.12  31.077  06.601  0051.97  00.64  07.87  288.0  009.26  30.734  1024.351  1472.59 
2024 01 26 13 19 43.37  31.074  06.598  0052.25  00.60  07.87  288.0  009.26  30.734  1024.353  1472.59 
2024 01 26 13 19 43.62  31.073  06.595  0052.56  00.61  07.87  288.0  009.29  30.735  1024.355  1472.58 
2024 01 26 13 19 43.87  31.069  06.592  0052.81  00.63  07.86  286.2  009.26  30.735  1024.357  1472.57 
2024 01 26 13 19 44.12  31.062  06.584  0053.09  00.60  07.86  286.2  009.26  30.734  1024.358  1472.54 
2024 01 26 13 19 44.37  31.053  06.571  0053.39  00.60  07.86  286.2  009.26  30.735  1024.362  1472.50 
2024 01 26 13 19 44.62  31.040  06.559  0053.62  00.62  07.86  286.2  009.26  30.732  1024.362  1472.45 
2024 01 26 13 19 44.87  31.038  06.550  0053.91  00.58  07.86  286.2  009.26  30.736  1024.368  1472.43 
2024 01 26 13 19 45.12  31.035  06.548  0054.14  00.60  07.86  286.2  009.26  30.735  1024.369  1472.42 
2024 01 26 13 19 45.37  31.034  06.548  0054.41  00.62  07.86  286.2  009.26  30.734  1024.369  1472.42 
2024 01 26 13 19 45.62  31.034  06.546  0054.68  00.56  07.86  286.2  009.26  30.736  1024.372  1472.42 
2024 01 26 13 19 45.87  31.030  06.543  0054.94  00.57  07.86  286.2  009.26  30.735  1024.372  1472.41 
2024 01 26 13 19 46.12  31.028  06.537  0055.24  00.54  07.86  286.2  009.26  30.737  1024.377  1472.40 
2024 01 26 13 19 46.37  31.026  06.532  0055.44  00.53  07.86  286.2  009.26  30.739  1024.380  1472.38 
2024 01 26 13 19 46.62  31.026  06.531  0055.71  00.52  07.85  286.2  009.26  30.740  1024.381  1472.38 
2024 01 26 13 19 46.87  31.025  06.531  0055.98  00.57  07.85  284.0  009.26  30.739  1024.382  1472.39 
2024 01 26 13 19 47.12  31.023  06.530  0056.25  00.56  07.85  284.0  009.26  30.738  1024.383  1472.38 
2024 01 26 13 19 47.37  31.022  06.527  0056.52  00.54  07.85  284.0  009.26  30.739  1024.385  1472.38 
2024 01 26 13 19 47.62  31.023  06.524  0056.80  00.53  07.85  284.0  009.26  30.743  1024.390  1472.38 
2024 01 26 13 19 47.87  31.022  06.523  0057.05  00.62  07.85  284.0  009.26  30.742  1024.391  1472.38 
2024 01 26 13 19 48.12  31.032  06.531  0057.36  00.57  07.85  284.0  009.29  30.746  1024.394  1472.42 
2024 01 26 13 19 48.37  31.036  06.533  0057.62  00.52  07.85  284.0  009.26  30.748  1024.397  1472.43 
2024 01 26 13 19 48.62  31.037  06.535  0057.90  00.54  07.85  284.0  009.26  30.747  1024.397  1472.45 
2024 01 26 13 19 48.87  31.038  06.536  0058.19  00.57  07.85  284.0  009.26  30.748  1024.399  1472.46 
2024 01 26 13 19 49.12  31.043  06.539  0058.45  00.53  07.86  284.0  009.26  30.751  1024.402  1472.47 
2024 01 26 13 19 49.37  31.046  06.544  0058.73  00.57  07.85  284.0  009.26  30.749  1024.401  1472.49 
2024 01 26 13 19 49.62  31.050  06.547  0059.02  00.57  07.86  284.0  009.26  30.750  1024.403  1472.51 
2024 01 26 13 19 49.87  31.075  06.573  0059.27  00.46  07.86  282.6  009.26  30.755  1024.404  1472.63 
2024 01 26 13 19 50.12  31.096  06.595  0059.55  00.44  07.86  282.6  009.26  30.758  1024.405  1472.72 
2024 01 26 13 19 50.37  31.107  06.602  0059.81  00.56  07.86  282.6  009.26  30.763  1024.410  1472.76 
2024 01 26 13 19 50.62  31.112  06.606  0060.10  00.58  07.86  282.6  009.26  30.765  1024.412  1472.78 
2024 01 26 13 19 50.87  31.112  06.606  0060.39  00.55  07.86  282.6  009.26  30.765  1024.414  1472.79 
2024 01 26 13 19 51.12  31.116  06.609  0060.63  00.64  07.87  282.6  009.26  30.766  1024.415  1472.81 
2024 01 26 13 19 51.37  31.114  06.605  0060.91  00.61  07.87  282.6  009.26  30.768  1024.418  1472.80 
2024 01 26 13 19 51.62  31.109  06.601  0061.17  00.70  07.87  282.6  009.26  30.766  1024.419  1472.78 
2024 01 26 13 19 51.87  31.110  06.599  0061.45  00.66  07.87  282.6  009.26  30.769  1024.422  1472.78 
2024 01 26 13 19 52.12  31.108  06.598  0061.72  00.62  07.87  282.6  009.26  30.767  1024.423  1472.78 
2024 01 26 13 19 52.37  31.107  06.596  0062.00  00.57  07.87  282.6  009.26  30.768  1024.424  1472.78 
2024 01 26 13 19 52.62  31.104  06.594  0062.27  00.58  07.87  282.6  009.26  30.766  1024.425  1472.77 
2024 01 26 13 19 52.87  31.101  06.590  0062.54  00.53  07.87  284.0  009.26  30.767  1024.427  1472.76 
2024 01 26 13 19 53.12  31.100  06.589  0062.80  00.52  07.87  284.0  009.26  30.767  1024.428  1472.76 
2024 01 26 13 19 53.37  31.100  06.583  0063.09  00.55  07.87  284.0  009.26  30.772  1024.435  1472.75 
2024 01 26 13 19 53.62  31.095  06.578  0063.34  00.56  07.87  284.0  009.26  30.770  1024.434  1472.73 
2024 01 26 13 19 53.87  31.083  06.565  0063.65  00.53  07.87  284.0  009.26  30.768  1024.437  1472.68 
2024 01 26 13 19 54.12  31.076  06.558  0063.91  00.52  07.87  284.0  009.26  30.767  1024.438  1472.66 
2024 01 26 13 19 54.37  31.074  06.555  0064.18  00.55  07.87  284.0  009.26  30.768  1024.440  1472.65 
2024 01 26 13 19 54.62  31.073  06.553  0064.46  00.52  07.86  284.0  009.23  30.768  1024.441  1472.65 
2024 01 26 13 19 54.87  31.066  06.546  0064.71  00.55  07.86  284.0  009.26  30.767  1024.442  1472.62 
2024 01 26 13 19 55.12  31.062  06.539  0064.95  00.47  07.86  284.0  009.26  30.769  1024.446  1472.60 
2024 01 26 13 19 55.37  31.056  06.532  0065.21  00.51  07.86  284.0  009.26  30.768  1024.448  1472.58 
2024 01 26 13 19 55.62  31.054  06.529  0065.46  00.51  07.86  284.0  009.26  30.767  1024.449  1472.57 
2024 01 26 13 19 55.87  31.046  06.524  0065.71  00.50  07.86  285.3  009.26  30.764  1024.448  1472.55 
2024 01 26 13 19 56.12  31.042  06.520  0065.98  00.51  07.86  285.3  009.26  30.763  1024.448  1472.53 
2024 01 26 13 19 56.37  31.040  06.516  0066.21  00.48  07.86  285.3  009.26  30.764  1024.451  1472.52 
2024 01 26 13 19 56.62  31.039  06.516  0066.46  00.53  07.86  285.3  009.26  30.763  1024.452  1472.53 
2024 01 26 13 19 56.87  31.038  06.512  0066.72  00.55  07.86  285.3  009.26  30.765  1024.455  1472.52 
2024 01 26 13 19 57.12  31.036  06.510  0066.99  00.55  07.86  285.3  009.26  30.765  1024.456  1472.51 
2024 01 26 13 19 57.37  31.036  06.510  0067.26  00.46  07.86  285.3  009.26  30.765  1024.458  1472.52 
2024 01 26 13 19 57.62  31.034  06.508  0067.50  00.52  07.85  285.3  009.26  30.765  1024.459  1472.51 
2024 01 26 13 19 57.87  31.034  06.507  0067.80  00.55  07.85  285.3  009.26  30.765  1024.460  1472.51 
2024 01 26 13 19 58.12  31.028  06.501  0068.08  00.51  07.85  285.3  009.26  30.764  1024.462  1472.49 
2024 01 26 13 19 58.37  31.024  06.493  0068.33  00.54  07.85  285.3  009.26  30.767  1024.466  1472.47 
2024 01 26 13 19 58.62  31.018  06.488  0068.60  00.59  07.85  285.3  009.26  30.764  1024.466  1472.45 
2024 01 26 13 19 58.87  31.015  06.487  0068.87  00.55  07.85  284.5  009.26  30.762  1024.466  1472.45 
2024 01 26 13 19 59.12  31.015  06.483  0069.16  00.51  07.85  284.5  009.26  30.765  1024.470  1472.44 
2024 01 26 13 19 59.37  31.015  06.484  0069.40  00.49  07.85  284.5  009.26  30.764  1024.470  1472.45 
2024 01 26 13 19 59.62  31.016  06.484  0069.67  00.52  07.85  284.5  009.26  30.765  1024.472  1472.45 
2024 01 26 13 19 59.87  31.014  06.482  0069.91  00.54  07.85  284.5  009.26  30.764  1024.472  1472.45 
2024 01 26 13 20 00.12  31.003  06.471  0070.14  00.52  07.85  284.5  009.26  30.763  1024.474  1472.41 
2024 01 26 13 20 00.37  31.000  06.466  0070.38  00.57  07.85  284.5  009.26  30.764  1024.476  1472.39 
2024 01 26 13 20 00.62  31.001  06.466  0070.61  00.57  07.85  284.5  009.26  30.764  1024.478  1472.40 
2024 01 26 13 20 00.87  30.997  06.462  0070.87  00.61  07.84  284.5  009.26  30.763  1024.479  1472.39 
2024 01 26 13 20 01.12  30.992  06.458  0071.13  00.63  07.84  284.5  009.26  30.762  1024.480  1472.37 
2024 01 26 13 20 01.37  30.974  06.435  0071.41  00.64  07.84  284.5  009.26  30.762  1024.484  1472.29 
2024 01 26 13 20 01.62  30.957  06.414  0071.66  00.51  07.84  284.5  009.26  30.763  1024.488  1472.21 
2024 01 26 13 20 01.87  30.948  06.406  0071.94  00.48  07.84  283.1  009.26  30.760  1024.488  1472.18 
2024 01 26 13 20 02.12  30.944  06.403  0072.18  00.51  07.83  283.1  009.26  30.759  1024.489  1472.16 
2024 01 26 13 20 02.37  30.941  06.397  0072.46  00.55  07.83  283.1  009.26  30.760  1024.492  1472.15 
2024 01 26 13 20 02.62  30.938  06.392  0072.74  00.53  07.83  283.1  009.29  30.761  1024.494  1472.13 
2024 01 26 13 20 02.87  30.933  06.383  0072.99  00.59  07.82  283.1  009.26  30.763  1024.498  1472.10 
2024 01 26 13 20 03.12  30.927  06.373  0073.25  00.57  07.82  283.1  009.26  30.766  1024.503  1472.07 
2024 01 26 13 20 03.37  30.926  06.372  0073.51  00.55  07.82  283.1  009.26  30.766  1024.504  1472.07 
2024 01 26 13 20 03.62  30.926  06.370  0073.76  00.59  07.82  283.1  009.26  30.767  1024.507  1472.07 
2024 01 26 13 20 03.87  30.918  06.356  0074.04  00.58  07.82  283.1  009.26  30.771  1024.513  1472.02 
2024 01 26 13 20 04.12  30.905  06.343  0074.24  00.54  07.82  283.1  009.26  30.768  1024.513  1471.97 
2024 01 26 13 20 04.37  30.908  06.343  0074.51  00.53  07.82  283.1  009.26  30.772  1024.517  1471.98 
2024 01 26 13 20 04.62  30.904  06.340  0074.75  00.52  07.81  283.1  009.26  30.769  1024.516  1471.97 
2024 01 26 13 20 04.87  30.907  06.339  0074.96  00.52  07.81  277.1  009.26  30.774  1024.521  1471.97 
2024 01 26 13 20 05.12  30.905  06.341  0075.23  00.57  07.81  277.1  009.26  30.770  1024.519  1471.98 
2024 01 26 13 20 05.37  30.904  06.338  0075.48  00.59  07.81  277.1  009.26  30.771  1024.522  1471.97 
2024 01 26 13 20 05.62  30.903  06.337  0075.73  00.51  07.81  277.1  009.26  30.771  1024.523  1471.97 
2024 01 26 13 20 05.87  30.905  06.336  0076.02  00.49  07.81  277.1  009.26  30.773  1024.526  1471.98 
2024 01 26 13 20 06.12  30.904  06.335  0076.28  00.59  07.81  277.1  009.26  30.773  1024.527  1471.98 
2024 01 26 13 20 06.37  30.905  06.335  0076.52  00.57  07.81  277.1  009.26  30.774  1024.529  1471.98 
2024 01 26 13 20 06.62  30.904  06.336  0076.77  00.57  07.81  277.1  009.26  30.772  1024.528  1471.99 
2024 01 26 13 20 06.87  30.905  06.336  0077.03  00.52  07.80  277.1  009.26  30.774  1024.531  1472.00 
2024 01 26 13 20 07.12  30.902  06.333  0077.32  00.54  07.81  277.1  009.26  30.773  1024.532  1471.99 
2024 01 26 13 20 07.37  30.901  06.331  0077.55  00.53  07.80  277.1  009.26  30.774  1024.534  1471.98 
2024 01 26 13 20 07.62  30.901  06.332  0077.82  00.53  07.80  277.1  009.26  30.772  1024.533  1471.99 
2024 01 26 13 20 07.87  30.903  06.333  0078.08  00.55  07.80  272.1  009.26  30.774  1024.536  1472.00 
2024 01 26 13 20 08.12  30.900  06.330  0078.33  00.55  07.80  272.1  009.26  30.773  1024.537  1471.99 
2024 01 26 13 20 08.37  30.900  06.331  0078.56  00.55  07.80  272.1  009.26  30.772  1024.537  1472.00 
2024 01 26 13 20 08.62  30.901  06.330  0078.77  00.55  07.80  272.1  009.26  30.773  1024.539  1472.00 
2024 01 26 13 20 08.87  30.900  06.331  0078.99  00.58  07.80  272.1  009.26  30.772  1024.539  1472.00 
2024 01 26 13 20 09.12  30.901  06.331  0079.27  00.52  07.80  272.1  009.26  30.772  1024.541  1472.01 
2024 01 26 13 20 09.37  30.901  06.332  0079.48  00.55  07.80  272.1  009.26  30.772  1024.542  1472.02 
2024 01 26 13 20 09.62  30.901  06.330  0079.75  00.57  07.80  272.1  009.26  30.774  1024.545  1472.02 
2024 01 26 13 20 09.87  30.900  06.330  0079.99  00.54  07.80  272.1  009.26  30.771  1024.544  1472.02 
2024 01 26 13 20 10.12  30.900  06.330  0080.23  00.54  07.80  272.1  009.26  30.772  1024.545  1472.02 
2024 01 26 13 20 10.37  30.899  06.327  0080.50  00.58  07.80  272.1  009.26  30.773  1024.548  1472.02 
2024 01 26 13 20 10.62  30.898  06.324  0080.75  00.53  07.80  272.1  009.26  30.774  1024.550  1472.01 
2024 01 26 13 20 10.87  30.896  06.320  0081.00  00.52  07.80  269.6  009.26  30.776  1024.553  1472.00 
2024 01 26 13 20 11.12  30.895  06.319  0081.27  00.50  07.80  269.6  009.26  30.776  1024.555  1472.00 
2024 01 26 13 20 11.37  30.894  06.319  0081.52  00.55  07.80  269.6  009.26  30.775  1024.555  1472.00 
2024 01 26 13 20 11.62  30.895  06.317  0081.77  00.53  07.80  269.6  009.26  30.777  1024.558  1472.00 
2024 01 26 13 20 11.87  30.894  06.317  0082.04  00.51  07.80  269.6  009.26  30.776  1024.558  1472.01 
2024 01 26 13 20 12.12  30.896  06.319  0082.28  00.45  07.80  269.6  009.26  30.777  1024.560  1472.02 
2024 01 26 13 20 12.37  30.896  06.317  0082.54  00.47  07.80  269.6  009.26  30.778  1024.562  1472.01 
2024 01 26 13 20 12.62  30.896  06.317  0082.76  00.53  07.80  269.6  009.26  30.778  1024.563  1472.02 
2024 01 26 13 20 12.87  30.896  06.317  0083.02  00.59  07.80  269.6  009.26  30.778  1024.564  1472.02 
2024 01 26 13 20 13.12  30.895  06.317  0083.26  00.52  07.80  269.6  009.26  30.777  1024.564  1472.03 
2024 01 26 13 20 13.37  30.896  06.316  0083.49  00.50  07.80  269.6  009.26  30.778  1024.567  1472.03 
2024 01 26 13 20 13.62  30.894  06.317  0083.74  00.49  07.80  269.6  009.26  30.776  1024.566  1472.03 
2024 01 26 13 20 13.87  30.894  06.317  0083.97  00.46  07.80  268.1  009.26  30.776  1024.567  1472.03 
2024 01 26 13 20 14.12  30.896  06.316  0084.22  00.50  07.80  268.1  009.26  30.778  1024.570  1472.04 
2024 01 26 13 20 14.37  30.896  06.316  0084.49  00.52  07.80  268.1  009.26  30.778  1024.571  1472.04 
2024 01 26 13 20 14.62  30.895  06.316  0084.72  00.53  07.80  268.1  009.26  30.777  1024.572  1472.04 
2024 01 26 13 20 14.87  30.894  06.316  0084.97  00.56  07.80  268.1  009.26  30.776  1024.572  1472.05 
2024 01 26 13 20 15.12  30.896  06.316  0085.26  00.61  07.80  268.1  009.26  30.778  1024.575  1472.05 
2024 01 26 13 20 15.37  30.894  06.316  0085.50  00.51  07.80  268.1  009.26  30.776  1024.574  1472.06 
2024 01 26 13 20 15.62  30.897  06.315  0085.78  00.49  07.80  268.1  009.26  30.779  1024.578  1472.06 
2024 01 26 13 20 15.87  30.895  06.315  0085.99  00.55  07.79  268.1  009.26  30.777  1024.578  1472.06 
2024 01 26 13 20 16.12  30.894  06.315  0086.24  00.57  07.80  268.1  009.26  30.777  1024.579  1472.06 
2024 01 26 13 20 16.37  30.894  06.314  0086.49  00.56  07.80  268.1  009.26  30.776  1024.579  1472.06 
2024 01 26 13 20 16.62  30.893  06.312  0086.71  00.53  07.80  268.1  009.26  30.777  1024.581  1472.06 
2024 01 26 13 20 16.87  30.890  06.307  0086.96  00.50  07.80  267.3  009.26  30.779  1024.584  1472.05 
2024 01 26 13 20 17.12  30.890  06.304  0087.19  00.50  07.80  267.3  009.29  30.782  1024.588  1472.04 
2024 01 26 13 20 17.37  30.888  06.303  0087.42  00.50  07.80  267.3  009.26  30.780  1024.588  1472.04 
2024 01 26 13 20 17.62  30.886  06.302  0087.69  00.52  07.80  267.3  009.26  30.779  1024.589  1472.04 
2024 01 26 13 20 17.87  30.886  06.301  0087.92  00.57  07.80  267.3  009.26  30.779  1024.590  1472.04 
2024 01 26 13 20 18.12  30.886  06.299  0088.17  00.57  07.80  267.3  009.26  30.780  1024.592  1472.04 
2024 01 26 13 20 18.37  30.884  06.298  0088.44  00.57  07.79  267.3  009.26  30.779  1024.593  1472.04 
2024 01 26 13 20 18.62  30.885  06.297  0088.65  00.50  07.80  267.3  009.26  30.781  1024.595  1472.04 
2024 01 26 13 20 18.87  30.884  06.296  0088.92  00.54  07.79  267.3  009.26  30.781  1024.596  1472.04 
2024 01 26 13 20 19.12  30.882  06.295  0089.17  00.51  07.79  267.3  009.26  30.780  1024.597  1472.04 
2024 01 26 13 20 19.37  30.884  06.296  0089.42  00.48  07.79  267.3  009.26  30.781  1024.599  1472.04 
2024 01 26 13 20 19.62  30.885  06.295  0089.69  00.50  07.79  267.3  009.26  30.782  1024.601  1472.05 
2024 01 26 13 20 19.87  30.883  06.293  0089.93  00.49  07.79  266.9  009.26  30.782  1024.603  1472.04 
2024 01 26 13 20 20.12  30.882  06.293  0090.18  00.50  07.79  266.9  009.26  30.781  1024.603  1472.05 
2024 01 26 13 20 20.37  30.883  06.293  0090.43  00.50  07.79  266.9  009.26  30.782  1024.605  1472.05 
2024 01 26 13 20 20.62  30.882  06.293  0090.67  00.49  07.79  266.9  009.26  30.781  1024.605  1472.05 
2024 01 26 13 20 20.87  30.882  06.291  0090.91  00.49  07.79  266.9  009.26  30.782  1024.608  1472.05 
2024 01 26 13 20 21.12  30.882  06.293  0091.15  00.49  07.79  266.9  009.26  30.780  1024.607  1472.06 
2024 01 26 13 20 21.37  30.882  06.292  0091.40  00.50  07.79  266.9  009.26  30.781  1024.609  1472.06 
2024 01 26 13 20 21.62  30.882  06.293  0091.66  00.52  07.79  266.9  009.26  30.781  1024.610  1472.07 
2024 01 26 13 20 21.87  30.882  06.292  0091.89  00.56  07.79  266.9  009.26  30.781  1024.611  1472.07 
2024 01 26 13 20 22.12  30.882  06.291  0092.15  00.52  07.79  266.9  009.26  30.782  1024.614  1472.07 
2024 01 26 13 20 22.37  30.882  06.290  0092.41  00.52  07.79  266.9  009.26  30.782  1024.614  1472.07 
2024 01 26 13 20 22.62  30.882  06.290  0092.65  00.49  07.79  266.9  009.26  30.782  1024.615  1472.07 
2024 01 26 13 20 22.87  30.882  06.287  0092.90  00.52  07.79  266.5  009.26  30.784  1024.619  1472.07 
2024 01 26 13 20 23.12  30.882  06.287  0093.16  00.50  07.79  266.5  009.26  30.784  1024.620  1472.07 
2024 01 26 13 20 23.37  30.882  06.287  0093.39  00.50  07.79  266.5  009.26  30.784  1024.621  1472.08 
2024 01 26 13 20 23.62  30.882  06.287  0093.65  00.52  07.79  266.5  009.26  30.784  1024.622  1472.08 
2024 01 26 13 20 23.87  30.882  06.287  0093.88  00.50  07.79  266.5  009.26  30.784  1024.623  1472.09 
2024 01 26 13 20 24.12  30.880  06.287  0094.12  00.50  07.79  266.5  009.26  30.782  1024.623  1472.09 
2024 01 26 13 20 24.37  30.879  06.282  0094.34  00.51  07.79  266.5  009.26  30.785  1024.627  1472.08 
2024 01 26 13 20 24.62  30.878  06.280  0094.58  00.48  07.79  266.5  009.26  30.786  1024.629  1472.07 
2024 01 26 13 20 24.87  30.877  06.275  0094.83  00.56  07.79  266.5  009.26  30.789  1024.633  1472.06 
2024 01 26 13 20 25.12  30.875  06.274  0095.07  00.54  07.79  266.5  009.26  30.788  1024.634  1472.06 
2024 01 26 13 20 25.37  30.874  06.274  0095.32  00.54  07.79  266.5  009.26  30.787  1024.634  1472.06 
2024 01 26 13 20 25.62  30.873  06.273  0095.54  00.52  07.79  266.5  009.26  30.786  1024.634  1472.06 
2024 01 26 13 20 25.87  30.872  06.271  0095.79  00.52  07.79  266.4  009.26  30.787  1024.637  1472.06 
2024 01 26 13 20 26.12  30.872  06.271  0096.06  00.52  07.79  266.4  009.26  30.787  1024.638  1472.06 
2024 01 26 13 20 26.37  30.873  06.270  0096.29  00.59  07.79  266.4  009.26  30.789  1024.640  1472.06 
2024 01 26 13 20 26.62  30.871  06.269  0096.54  00.58  07.79  266.4  009.26  30.787  1024.640  1472.06 
2024 01 26 13 20 26.87  30.869  06.265  0096.82  00.49  07.79  266.4  009.26  30.788  1024.643  1472.05 
2024 01 26 13 20 27.12  30.870  06.263  0097.04  00.51  07.79  266.4  009.26  30.791  1024.646  1472.05 
2024 01 26 13 20 27.37  30.868  06.260  0097.31  00.48  07.79  266.4  009.26  30.792  1024.649  1472.04 
2024 01 26 13 20 27.62  30.865  06.256  0097.53  00.52  07.79  266.4  009.26  30.792  1024.650  1472.03 
2024 01 26 13 20 27.87  30.864  06.254  0097.78  00.48  07.79  266.4  009.26  30.793  1024.652  1472.03 
2024 01 26 13 20 28.12  30.865  06.253  0098.04  00.49  07.79  266.4  009.23  30.794  1024.654  1472.03 
2024 01 26 13 20 28.37  30.864  06.252  0098.25  00.53  07.79  266.4  009.26  30.795  1024.656  1472.03 
2024 01 26 13 20 28.62  30.864  06.250  0098.51  00.53  07.79  266.4  009.26  30.796  1024.659  1472.03 
2024 01 26 13 20 28.87  30.864  06.250  0098.77  00.50  07.79  266.1  009.26  30.796  1024.660  1472.03 
2024 01 26 13 20 29.12  30.862  06.250  0098.98  00.53  07.79  266.1  009.26  30.794  1024.660  1472.03 
2024 01 26 13 20 29.37  30.863  06.249  0099.24  00.44  07.79  266.1  009.26  30.795  1024.661  1472.04 
2024 01 26 13 20 29.62  30.863  06.249  0099.48  00.44  07.79  266.1  009.26  30.796  1024.663  1472.04 
2024 01 26 13 20 29.87  30.863  06.249  0099.74  00.43  07.78  266.1  009.26  30.795  1024.664  1472.04 
2024 01 26 13 20 30.12  30.864  06.249  0099.99  00.47  07.79  266.1  009.26  30.796  1024.666  1472.05 
2024 01 26 13 20 30.37  30.865  06.250  0100.22  00.47  07.79  266.1  009.26  30.796  1024.667  1472.06 
2024 01 26 13 20 30.62  30.863  06.249  0100.47  00.49  07.79  266.1  009.26  30.795  1024.667  1472.05 
2024 01 26 13 20 30.87  30.865  06.249  0100.70  00.47  07.79  266.1  009.26  30.797  1024.670  1472.06 
2024 01 26 13 20 31.12  30.864  06.248  0100.97  00.52  07.79  266.1  009.26  30.797  1024.671  1472.06 
2024 01 26 13 20 31.37  30.862  06.247  0101.25  00.59  07.79  266.1  009.26  30.796  1024.672  1472.06 
2024 01 26 13 20 31.62  30.863  06.246  0101.48  00.53  07.79  266.1  009.26  30.798  1024.674  1472.06 
2024 01 26 13 20 31.87  30.863  06.247  0101.70  00.55  07.79  265.8  009.26  30.797  1024.674  1472.07 
2024 01 26 13 20 32.12  30.862  06.246  0101.94  00.48  07.79  265.8  009.26  30.796  1024.675  1472.07 
2024 01 26 13 20 32.37  30.863  06.246  0102.18  00.49  07.79  265.8  009.26  30.797  1024.677  1472.07 
2024 01 26 13 20 32.62  30.864  06.247  0102.42  00.50  07.79  265.8  009.26  30.797  1024.678  1472.08 
2024 01 26 13 20 32.87  30.863  06.246  0102.64  00.54  07.79  265.8  009.26  30.797  1024.679  1472.08 
2024 01 26 13 20 33.12  30.864  06.246  0102.87  00.52  07.79  265.8  009.26  30.798  1024.681  1472.08 
2024 01 26 13 20 33.37  30.863  06.246  0103.14  00.51  07.79  265.8  009.26  30.797  1024.681  1472.09 
2024 01 26 13 20 33.62  30.861  06.246  0103.36  00.46  07.79  265.8  009.26  30.794  1024.680  1472.09 
2024 01 26 13 20 33.87  30.862  06.245  0103.61  00.43  07.79  265.8  009.26  30.796  1024.683  1472.09 
2024 01 26 13 20 34.12  30.862  06.244  0103.86  00.51  07.79  265.8  009.26  30.797  1024.685  1472.09 
2024 01 26 13 20 34.37  30.860  06.243  0104.11  00.52  07.79  265.8  009.26  30.796  1024.685  1472.09 
2024 01 26 13 20 34.62  30.862  06.240  0104.36  00.53  07.79  265.8  009.26  30.799  1024.689  1472.09 
2024 01 26 13 20 34.87  30.859  06.241  0104.61  00.46  07.79  265.7  009.26  30.795  1024.687  1472.09 
2024 01 26 13 20 35.12  30.860  06.239  0104.88  00.51  07.79  265.7  009.26  30.799  1024.692  1472.09 
2024 01 26 13 20 35.37  30.860  06.240  0105.11  00.52  07.79  265.7  009.26  30.798  1024.692  1472.10 
2024 01 26 13 20 35.62  30.859  06.237  0105.37  00.49  07.79  265.7  009.26  30.800  1024.695  1472.09 
2024 01 26 13 20 35.87  30.857  06.235  0105.61  00.50  07.79  265.7  009.26  30.799  1024.695  1472.09 
2024 01 26 13 20 36.12  30.857  06.234  0105.83  00.55  07.79  265.7  009.26  30.800  1024.697  1472.09 
2024 01 26 13 20 36.37  30.856  06.233  0106.07  00.52  07.79  265.7  009.26  30.800  1024.698  1472.09 
2024 01 26 13 20 36.62  30.858  06.233  0106.32  00.52  07.79  265.7  009.26  30.801  1024.701  1472.09 
2024 01 26 13 20 36.87  30.857  06.232  0106.55  00.54  07.79  265.7  009.26  30.801  1024.702  1472.09 
2024 01 26 13 20 37.12  30.856  06.232  0106.80  00.53  07.79  265.7  009.26  30.800  1024.702  1472.09 
2024 01 26 13 20 37.37  30.858  06.232  0107.01  00.60  07.79  265.7  009.26  30.801  1024.704  1472.10 
2024 01 26 13 20 37.62  30.857  06.232  0107.25  00.59  07.79  265.7  009.26  30.800  1024.704  1472.10 
2024 01 26 13 20 37.87  30.856  06.232  0107.50  00.55  07.79  266.6  009.26  30.800  1024.705  1472.10 
2024 01 26 13 20 38.12  30.855  06.227  0107.72  00.48  07.79  266.6  009.26  30.803  1024.710  1472.09 
2024 01 26 13 20 38.37  30.855  06.227  0107.99  00.49  07.79  266.6  009.26  30.802  1024.710  1472.10 
2024 01 26 13 20 38.62  30.855  06.226  0108.24  00.47  07.79  266.6  009.26  30.803  1024.712  1472.10 
2024 01 26 13 20 38.87  30.855  06.225  0108.47  00.52  07.79  266.6  009.26  30.804  1024.714  1472.10 
2024 01 26 13 20 39.12  30.855  06.226  0108.72  00.51  07.79  266.6  009.26  30.803  1024.714  1472.11 
2024 01 26 13 20 39.37  30.855  06.225  0108.96  00.52  07.79  266.6  009.26  30.803  1024.715  1472.11 
2024 01 26 13 20 39.62  30.855  06.226  0109.20  00.55  07.79  266.6  009.26  30.803  1024.717  1472.11 
2024 01 26 13 20 39.87  30.855  06.226  0109.46  00.49  07.79  266.6  009.26  30.803  1024.718  1472.12 
2024 01 26 13 20 40.12  30.856  06.225  0109.67  00.55  07.79  266.6  009.26  30.804  1024.720  1472.12 
2024 01 26 13 20 40.37  30.856  06.227  0109.93  00.57  07.79  266.6  009.26  30.802  1024.719  1472.13 
2024 01 26 13 20 40.62  30.856  06.227  0110.17  00.54  07.79  266.6  009.26  30.803  1024.721  1472.13 
2024 01 26 13 20 40.87  30.857  06.228  0110.41  00.57  07.79  267.6  009.26  30.802  1024.721  1472.14 
2024 01 26 13 20 41.12  30.857  06.229  0110.66  00.56  07.79  267.6  009.26  30.802  1024.722  1472.15 
2024 01 26 13 20 41.37  30.856  06.228  0110.89  00.56  07.79  267.6  009.26  30.801  1024.723  1472.15 
2024 01 26 13 20 41.62  30.855  06.227  0111.14  00.54  07.79  267.6  009.26  30.801  1024.723  1472.15 
2024 01 26 13 20 41.87  30.855  06.225  0111.39  00.48  07.79  267.6  009.26  30.802  1024.726  1472.14 
2024 01 26 13 20 42.12  30.856  06.224  0111.63  00.52  07.79  267.6  009.26  30.805  1024.730  1472.15 
2024 01 26 13 20 42.37  30.851  06.220  0111.88  00.51  07.79  267.6  009.29  30.802  1024.729  1472.13 
2024 01 26 13 20 42.62  30.851  06.217  0112.14  00.50  07.79  267.6  009.26  30.804  1024.732  1472.13 
2024 01 26 13 20 42.87  30.850  06.216  0112.38  00.53  07.79  267.6  009.26  30.805  1024.734  1472.13 
2024 01 26 13 20 43.12  30.850  06.214  0112.65  00.59  07.79  267.6  009.26  30.806  1024.736  1472.13 
2024 01 26 13 20 43.37  30.848  06.212  0112.87  00.59  07.79  267.6  009.26  30.806  1024.738  1472.12 
2024 01 26 13 20 43.62  30.848  06.211  0113.15  00.59  07.79  267.6  009.26  30.807  1024.740  1472.12 
2024 01 26 13 20 43.87  30.847  06.209  0113.34  00.52  07.79  268.1  009.26  30.808  1024.741  1472.12 
2024 01 26 13 20 44.12  30.847  06.209  0113.60  00.52  07.79  268.1  009.26  30.807  1024.742  1472.12 
2024 01 26 13 20 44.37  30.848  06.210  0113.84  00.53  07.79  268.1  009.26  30.808  1024.744  1472.13 
2024 01 26 13 20 44.62  30.849  06.207  0114.07  00.54  07.79  268.1  009.26  30.811  1024.747  1472.13 
2024 01 26 13 20 44.87  30.845  06.204  0114.34  00.57  07.79  268.1  009.26  30.809  1024.748  1472.12 
2024 01 26 13 20 45.12  30.843  06.206  0114.59  00.57  07.79  268.1  009.26  30.806  1024.746  1472.12 
2024 01 26 13 20 45.37  30.843  06.203  0114.82  00.54  07.79  268.1  009.26  30.808  1024.749  1472.12 
2024 01 26 13 20 45.62  30.839  06.197  0115.06  00.57  07.79  268.1  009.26  30.809  1024.752  1472.10 
2024 01 26 13 20 45.87  30.839  06.195  0115.29  00.78  07.79  268.1  009.26  30.810  1024.754  1472.10 
2024 01 26 13 20 46.12  30.839  06.195  0115.55  00.64  07.79  268.1  009.26  30.810  1024.755  1472.10 
2024 01 26 13 20 46.37  30.837  06.194  0115.81  00.67  07.79  268.1  009.26  30.809  1024.755  1472.10 
2024 01 26 13 20 46.62  30.836  06.192  0116.04  00.58  07.79  268.1  009.26  30.809  1024.757  1472.10 
2024 01 26 13 20 46.87  30.835  06.191  0116.31  00.57  07.79  268.4  009.26  30.809  1024.758  1472.10 
2024 01 26 13 20 47.12  30.835  06.190  0116.57  00.57  07.79  268.4  009.26  30.810  1024.761  1472.10 
2024 01 26 13 20 47.37  30.836  06.190  0116.80  00.54  07.79  268.4  009.26  30.811  1024.762  1472.10 
2024 01 26 13 20 47.62  30.835  06.189  0117.07  00.53  07.79  268.4  009.26  30.811  1024.763  1472.10 
2024 01 26 13 20 47.87  30.834  06.187  0117.28  00.52  07.79  268.4  009.26  30.811  1024.765  1472.10 
2024 01 26 13 20 48.12  30.834  06.185  0117.58  00.56  07.79  268.4  009.26  30.812  1024.768  1472.10 
2024 01 26 13 20 48.37  30.834  06.186  0117.81  00.54  07.79  268.4  009.26  30.811  1024.768  1472.11 
2024 01 26 13 20 48.62  30.832  06.185  0118.07  00.52  07.79  268.4  009.26  30.811  1024.769  1472.10 
2024 01 26 13 20 48.87  30.834  06.186  0118.34  00.52  07.79  268.4  009.26  30.811  1024.770  1472.11 
2024 01 26 13 20 49.12  30.831  06.180  0118.56  00.49  07.79  268.4  009.26  30.814  1024.774  1472.09 
2024 01 26 13 20 49.37  30.831  06.179  0118.81  00.52  07.79  268.4  009.26  30.815  1024.776  1472.10 
2024 01 26 13 20 49.62  30.830  06.179  0119.02  00.54  07.79  268.4  009.26  30.813  1024.776  1472.10 
2024 01 26 13 20 49.87  30.828  06.177  0119.24  00.59  07.79  268.8  009.26  30.813  1024.777  1472.09 
2024 01 26 13 20 50.12  30.827  06.174  0119.48  00.58  07.79  268.8  009.26  30.814  1024.779  1472.09 
2024 01 26 13 20 50.37  30.824  06.170  0119.74  00.55  07.79  268.8  009.26  30.815  1024.781  1472.07 
2024 01 26 13 20 50.62  30.823  06.165  0119.95  00.57  07.79  268.8  009.26  30.817  1024.785  1472.06 
2024 01 26 13 20 50.87  30.821  06.165  0120.23  00.51  07.79  268.8  009.26  30.815  1024.785  1472.06 
2024 01 26 13 20 51.12  30.820  06.165  0120.44  00.53  07.79  268.8  009.26  30.814  1024.785  1472.06 
2024 01 26 13 20 51.37  30.821  06.163  0120.66  00.51  07.79  268.8  009.26  30.817  1024.789  1472.06 
2024 01 26 13 20 51.62  30.819  06.161  0120.89  00.57  07.79  268.8  009.26  30.816  1024.789  1472.06 
2024 01 26 13 20 51.87  30.819  06.159  0121.06  00.60  07.79  268.8  009.26  30.818  1024.791  1472.06 
2024 01 26 13 20 52.12  30.820  06.159  0121.21  00.60  07.79  268.8  009.26  30.819  1024.793  1472.06 
2024 01 26 13 20 52.37  30.818  06.157  0121.36  00.61  07.79  268.8  009.26  30.818  1024.793  1472.06 
2024 01 26 13 20 52.62  30.817  06.156  0121.48  00.65  07.79  268.8  009.26  30.818  1024.794  1472.05 
2024 01 26 13 20 52.87  30.816  06.156  0121.61  00.59  07.79  269.5  009.26  30.818  1024.794  1472.05 
2024 01 26 13 20 53.12  30.817  06.156  0121.70  00.55  07.79  269.5  009.26  30.818  1024.795  1472.06 
2024 01 26 13 20 53.37  30.816  06.157  0121.80  00.57  07.79  269.5  009.26  30.817  1024.794  1472.06 
2024 01 26 13 20 53.62  30.816  06.155  0121.84  00.52  07.79  269.5  009.26  30.818  1024.796  1472.05 
2024 01 26 13 20 53.87  30.816  06.154  0121.90  00.53  07.79  269.5  009.26  30.820  1024.797  1472.05 
2024 01 26 13 20 54.12  30.816  06.153  0121.96  00.58  07.79  269.5  009.26  30.820  1024.798  1472.05 
2024 01 26 13 20 54.37  30.816  06.152  0122.01  00.54  07.79  269.5  009.26  30.820  1024.798  1472.05 
2024 01 26 13 20 54.62  30.815  06.150  0122.05  00.55  07.79  269.5  009.26  30.821  1024.799  1472.04 
2024 01 26 13 20 54.87  30.816  06.152  0122.09  00.56  07.79  269.5  009.26  30.821  1024.799  1472.05 
2024 01 26 13 20 55.12  30.817  06.155  0122.05  00.50  07.79  269.5  009.26  30.819  1024.798  1472.06 
2024 01 26 13 20 55.37  30.817  06.154  0122.03  00.56  07.79  269.5  009.26  30.820  1024.798  1472.06 
2024 01 26 13 20 55.62  30.817  06.156  0121.99  00.62  07.79  269.5  009.26  30.818  1024.796  1472.06 
2024 01 26 13 20 55.87  30.820  06.159  0121.93  00.60  07.79  270.0  009.26  30.820  1024.797  1472.07 
2024 01 26 13 20 56.12  30.820  06.159  0121.86  00.58  07.79  270.0  009.26  30.818  1024.795  1472.07 
2024 01 26 13 20 56.37  30.819  06.158  0121.84  00.65  07.79  270.0  009.26  30.818  1024.795  1472.07 
2024 01 26 13 20 56.62  30.818  06.157  0121.82  00.56  07.79  270.0  009.26  30.819  1024.796  1472.06 
2024 01 26 13 20 56.87  30.820  06.158  0121.80  00.52  07.79  270.0  009.26  30.820  1024.796  1472.07 
2024 01 26 13 20 57.12  30.817  06.156  0121.82  00.55  07.79  270.0  009.26  30.818  1024.796  1472.06 
2024 01 26 13 20 57.37  30.816  06.155  0121.82  00.59  07.79  270.0  009.26  30.819  1024.796  1472.05 
2024 01 26 13 20 57.62  30.816  06.151  0121.84  00.56  07.79  270.0  009.26  30.822  1024.799  1472.04 
2024 01 26 13 20 57.87  30.815  06.151  0121.86  00.60  07.79  270.0  009.26  30.821  1024.798  1472.04 
2024 01 26 13 20 58.12  30.816  06.152  0121.88  00.59  07.79  270.0  009.26  30.822  1024.799  1472.04 
2024 01 26 13 20 58.37  30.816  06.152  0121.89  00.57  07.79  270.0  009.26  30.820  1024.798  1472.04 
2024 01 26 13 20 58.62  30.816  06.151  0121.94  00.63  07.79  270.0  009.26  30.821  1024.799  1472.04 
2024 01 26 13 20 58.87  30.816  06.151  0121.96  00.55  07.79  270.2  009.26  30.821  1024.799  1472.04 
2024 01 26 13 20 59.12  30.815  06.149  0121.99  00.60  07.79  270.2  009.26  30.822  1024.800  1472.04 
2024 01 26 13 20 59.37  30.815  06.149  0122.01  00.55  07.79  270.2  009.26  30.822  1024.800  1472.04 
2024 01 26 13 20 59.62  30.814  06.149  0122.05  00.57  07.79  270.2  009.26  30.821  1024.800  1472.04 
2024 01 26 13 20 59.87  30.815  06.150  0122.06  00.56  07.79  270.2  009.26  30.821  1024.799  1472.04 
2024 01 26 13 21 00.12  30.815  06.151  0122.10  00.56  07.79  270.2  009.26  30.821  1024.799  1472.04 
2024 01 26 13 21 00.37  30.816  06.151  0122.12  00.59  07.79  270.2  009.26  30.821  1024.799  1472.05 
2024 01 26 13 21 00.62  30.816  06.151  0122.13  00.61  07.79  270.2  009.26  30.822  1024.800  1472.05 
2024 01 26 13 21 00.87  30.815  06.152  0122.16  00.59  07.79  270.2  009.26  30.819  1024.798  1472.05 
2024 01 26 13 21 01.12  30.816  06.152  0122.17  00.59  07.79  270.2  009.26  30.821  1024.800  1472.05 
2024 01 26 13 21 01.37  30.816  06.151  0122.19  00.64  07.79  270.2  009.26  30.821  1024.800  1472.05 
2024 01 26 13 21 01.62  30.816  06.148  0122.21  00.60  07.79  270.2  009.26  30.825  1024.803  1472.04 
2024 01 26 13 21 01.87  30.816  06.147  0122.22  00.59  07.79  270.4  009.26  30.825  1024.804  1472.04 
2024 01 26 13 21 02.12  30.817  06.151  0122.21  00.52  07.79  270.4  009.26  30.823  1024.802  1472.05 
2024 01 26 13 21 02.37  30.815  06.149  0122.20  00.56  07.79  270.4  009.26  30.822  1024.801  1472.04 
2024 01 26 13 21 02.62  30.813  06.149  0122.18  00.62  07.79  270.4  009.26  30.820  1024.800  1472.04 
2024 01 26 13 21 02.87  30.814  06.148  0122.16  00.56  07.79  270.4  009.26  30.822  1024.801  1472.04 
2024 01 26 13 21 03.12  30.813  06.147  0122.15  00.57  07.79  270.4  009.26  30.822  1024.801  1472.03 
2024 01 26 13 21 03.37  30.815  06.148  0122.16  00.59  07.79  270.4  009.26  30.823  1024.801  1472.04 
2024 01 26 13 21 03.62  30.813  06.148  0122.19  00.61  07.79  270.4  009.26  30.821  1024.800  1472.03 
2024 01 26 13 21 03.87  30.813  06.149  0122.22  00.60  07.79  270.4  009.26  30.820  1024.800  1472.04 
2024 01 26 13 21 04.12  30.814  06.148  0122.15  00.63  07.79  270.4  009.26  30.822  1024.801  1472.03 
2024 01 26 13 21 04.37  30.814  06.149  0122.07  00.67  07.79  270.4  009.26  30.822  1024.800  1472.04 
2024 01 26 13 21 04.62  30.817  06.151  0122.02  00.66  07.79  270.4  009.29  30.823  1024.800  1472.05 
2024 01 26 13 21 04.87  30.815  06.152  0121.98  00.59  07.79  270.5  009.26  30.819  1024.797  1472.05 
2024 01 26 13 21 05.12  30.816  06.150  0121.94  00.62  07.79  270.5  009.26  30.823  1024.801  1472.04 
2024 01 26 13 21 05.37  30.816  06.150  0121.91  00.63  07.79  270.5  009.26  30.823  1024.801  1472.04 
2024 01 26 13 21 05.62  30.816  06.150  0121.90  00.65  07.79  270.5  009.26  30.822  1024.799  1472.04 
2024 01 26 13 21 05.87  30.815  06.152  0121.89  00.67  07.79  270.5  009.26  30.820  1024.797  1472.04 
2024 01 26 13 21 06.12  30.814  06.150  0121.81  00.59  07.79  270.5  009.26  30.820  1024.797  1472.04 
2024 01 26 13 21 06.37  30.813  06.149  0121.74  00.59  07.79  270.5  009.26  30.821  1024.798  1472.03 
2024 01 26 13 21 06.62  30.813  06.149  0121.68  00.61  07.79  270.5  009.26  30.821  1024.797  1472.03 
2024 01 26 13 21 06.87  30.815  06.150  0121.61  00.57  07.79  270.5  009.26  30.822  1024.798  1472.03 
2024 01 26 13 21 07.12  30.816  06.154  0121.52  00.56  07.79  270.5  009.26  30.819  1024.795  1472.04 
2024 01 26 13 21 07.37  30.817  06.154  0121.41  00.79  07.79  270.5  009.26  30.821  1024.796  1472.05 
2024 01 26 13 21 07.62  30.817  06.156  0121.34  00.68  07.79  270.5  009.26  30.819  1024.794  1472.05 
2024 01 26 13 21 07.87  30.818  06.157  0121.24  00.60  07.79  270.7  009.26  30.819  1024.793  1472.05 
2024 01 26 13 21 08.12  30.819  06.157  0121.13  00.56  07.79  270.7  009.26  30.819  1024.793  1472.05 
2024 01 26 13 21 08.37  30.820  06.157  0121.01  00.64  07.79  270.7  009.26  30.821  1024.794  1472.05 
2024 01 26 13 21 08.62  30.819  06.159  0120.89  00.66  07.79  270.7  009.26  30.818  1024.791  1472.05 
2024 01 26 13 21 08.87  30.820  06.161  0120.76  00.57  07.79  270.7  009.26  30.817  1024.789  1472.06 
2024 01 26 13 21 09.12  30.819  06.161  0120.61  00.61  07.79  270.7  009.26  30.816  1024.788  1472.06 
2024 01 26 13 21 09.37  30.820  06.161  0120.49  00.63  07.79  270.7  009.26  30.818  1024.789  1472.06 
2024 01 26 13 21 09.62  30.820  06.162  0120.37  00.64  07.79  270.7  009.26  30.817  1024.787  1472.06 
2024 01 26 13 21 09.87  30.820  06.162  0120.26  00.58  07.79  270.7  009.26  30.817  1024.787  1472.05 
2024 01 26 13 21 10.12  30.820  06.162  0120.13  00.62  07.79  270.7  009.26  30.817  1024.786  1472.05 
2024 01 26 13 21 10.37  30.821  06.163  0120.03  00.59  07.79  270.7  009.26  30.818  1024.786  1472.05 
2024 01 26 13 21 10.62  30.820  06.164  0119.89  00.61  07.79  270.7  009.26  30.816  1024.784  1472.05 
2024 01 26 13 21 10.87  30.820  06.165  0119.78  00.57  07.79  270.6  009.26  30.815  1024.782  1472.05 
2024 01 26 13 21 11.12  30.823  06.165  0119.68  00.62  07.79  270.6  009.26  30.817  1024.784  1472.06 
2024 01 26 13 21 11.37  30.823  06.165  0119.55  00.61  07.79  270.6  009.26  30.819  1024.784  1472.06 
2024 01 26 13 21 11.62  30.823  06.166  0119.45  00.62  07.79  270.6  009.26  30.817  1024.782  1472.06 
2024 01 26 13 21 11.87  30.823  06.167  0119.36  00.58  07.79  270.6  009.26  30.817  1024.782  1472.06 
2024 01 26 13 21 12.12  30.823  06.168  0119.27  00.58  07.79  270.6  009.26  30.816  1024.781  1472.06 
2024 01 26 13 21 12.37  30.824  06.168  0119.14  00.63  07.79  270.6  009.26  30.817  1024.780  1472.06 
2024 01 26 13 21 12.62  30.824  06.169  0119.01  00.62  07.79  270.6  009.26  30.816  1024.779  1472.06 
2024 01 26 13 21 12.87  30.825  06.170  0118.87  00.58  07.79  270.6  009.26  30.816  1024.779  1472.06 
2024 01 26 13 21 13.12  30.827  06.171  0118.73  00.66  07.79  270.6  009.26  30.817  1024.778  1472.07 
2024 01 26 13 21 13.37  30.828  06.176  0118.60  00.59  07.79  270.6  009.26  30.814  1024.775  1472.08 
2024 01 26 13 21 13.62  30.829  06.177  0118.44  00.59  07.79  270.6  009.26  30.814  1024.774  1472.08 
2024 01 26 13 21 13.87  30.831  06.178  0118.32  00.59  07.79  270.5  009.26  30.815  1024.774  1472.09 
2024 01 26 13 21 14.12  30.831  06.181  0118.18  00.57  07.79  270.5  009.26  30.813  1024.771  1472.09 
2024 01 26 13 21 14.37  30.831  06.181  0118.02  00.56  07.79  270.5  009.26  30.814  1024.771  1472.09 
2024 01 26 13 21 14.62  30.833  06.181  0117.88  00.63  07.79  270.5  009.26  30.815  1024.772  1472.09 
2024 01 26 13 21 14.87  30.832  06.183  0117.75  00.64  07.79  270.5  009.26  30.813  1024.769  1472.09 
2024 01 26 13 21 15.12  30.832  06.183  0117.60  00.60  07.79  270.5  009.26  30.813  1024.768  1472.09 
2024 01 26 13 21 15.37  30.834  06.184  0117.47  00.62  07.79  270.5  009.26  30.814  1024.768  1472.09 
2024 01 26 13 21 15.62  30.834  06.184  0117.35  00.62  07.79  270.5  009.26  30.814  1024.768  1472.09 
2024 01 26 13 21 15.87  30.835  06.185  0117.21  00.55  07.79  270.5  009.26  30.814  1024.767  1472.09 
2024 01 26 13 21 16.12  30.835  06.186  0117.09  00.56  07.79  270.5  009.26  30.813  1024.766  1472.09 
2024 01 26 13 21 16.37  30.834  06.186  0116.92  00.57  07.79  270.5  009.26  30.812  1024.764  1472.09 
2024 01 26 13 21 16.62  30.835  06.187  0116.76  00.57  07.79  270.5  009.26  30.812  1024.764  1472.09 
2024 01 26 13 21 16.87  30.834  06.186  0116.61  00.62  07.79  270.4  009.26  30.812  1024.763  1472.09 
2024 01 26 13 21 17.12  30.835  06.186  0116.49  00.61  07.79  270.4  009.26  30.814  1024.764  1472.09 
2024 01 26 13 21 17.37  30.835  06.187  0116.37  00.57  07.79  270.4  009.26  30.813  1024.763  1472.09 
2024 01 26 13 21 17.62  30.836  06.188  0116.22  00.61  07.79  270.4  009.26  30.813  1024.761  1472.09 
2024 01 26 13 21 17.87  30.836  06.190  0116.10  00.60  07.79  270.4  009.26  30.811  1024.759  1472.09 
2024 01 26 13 21 18.12  30.836  06.189  0115.97  00.62  07.79  270.4  009.26  30.812  1024.760  1472.09 
2024 01 26 13 21 18.37  30.836  06.189  0115.83  00.57  07.79  270.4  009.26  30.812  1024.759  1472.09 
2024 01 26 13 21 18.62  30.839  06.192  0115.71  00.59  07.79  270.4  009.26  30.813  1024.758  1472.09 
2024 01 26 13 21 18.87  30.837  06.192  0115.60  00.65  07.79  270.4  009.26  30.811  1024.756  1472.09 
2024 01 26 13 21 19.12  30.838  06.193  0115.49  00.60  07.79  270.4  009.26  30.811  1024.756  1472.09 
2024 01 26 13 21 19.37  30.838  06.194  0115.38  00.59  07.79  270.4  009.26  30.810  1024.755  1472.09 
2024 01 26 13 21 19.62  30.838  06.193  0115.25  00.58  07.79  270.4  009.26  30.811  1024.755  1472.09 
2024 01 26 13 21 19.87  30.839  06.194  0115.11  00.59  07.79  270.1  009.26  30.812  1024.755  1472.09 
2024 01 26 13 21 20.12  30.840  06.194  0115.00  00.53  07.79  270.1  009.26  30.813  1024.755  1472.09 
2024 01 26 13 21 20.37  30.839  06.195  0114.86  00.54  07.79  270.1  009.26  30.811  1024.753  1472.09 
2024 01 26 13 21 20.62  30.839  06.195  0114.75  00.56  07.79  270.1  009.26  30.811  1024.752  1472.09 
2024 01 26 13 21 20.87  30.839  06.196  0114.61  00.62  07.79  270.1  009.26  30.810  1024.751  1472.09 
2024 01 26 13 21 21.12  30.841  06.196  0114.47  00.58  07.79  270.1  009.26  30.812  1024.752  1472.09 
2024 01 26 13 21 21.37  30.841  06.198  0114.38  00.62  07.79  270.1  009.26  30.810  1024.750  1472.09 
2024 01 26 13 21 21.62  30.841  06.199  0114.23  00.60  07.79  270.1  009.26  30.809  1024.748  1472.10 
2024 01 26 13 21 21.87  30.844  06.202  0114.11  00.57  07.79  270.1  009.26  30.810  1024.748  1472.11 
2024 01 26 13 21 22.12  30.845  06.203  0114.00  00.59  07.79  270.1  009.26  30.810  1024.747  1472.11 
2024 01 26 13 21 22.37  30.843  06.204  0113.85  00.52  07.79  270.1  009.26  30.808  1024.745  1472.11 
2024 01 26 13 21 22.62  30.846  06.205  0113.72  00.48  07.79  270.1  009.26  30.810  1024.745  1472.11 
2024 01 26 13 21 22.87  30.844  06.205  0113.58  00.50  07.79  269.8  009.26  30.808  1024.743  1472.11 
2024 01 26 13 21 23.12  30.845  06.205  0113.44  00.52  07.79  269.8  009.26  30.808  1024.743  1472.11 
2024 01 26 13 21 23.37  30.847  06.206  0113.29  00.59  07.79  269.8  009.26  30.810  1024.744  1472.11 
2024 01 26 13 21 23.62  30.847  06.208  0113.16  00.65  07.79  269.8  009.26  30.809  1024.742  1472.11 
2024 01 26 13 21 23.87  30.848  06.209  0113.02  00.63  07.79  269.8  009.26  30.809  1024.741  1472.12 
2024 01 26 13 21 24.12  30.847  06.210  0112.89  00.59  07.79  269.8  009.26  30.808  1024.739  1472.11 
2024 01 26 13 21 24.37  30.848  06.210  0112.73  00.65  07.79  269.8  009.26  30.808  1024.739  1472.11 
2024 01 26 13 21 24.62  30.849  06.211  0112.62  00.62  07.79  269.8  009.26  30.809  1024.739  1472.11 
2024 01 26 13 21 24.87  30.849  06.211  0112.49  00.59  07.78  269.8  009.26  30.808  1024.737  1472.11 
2024 01 26 13 21 25.12  30.851  06.211  0112.35  00.58  07.79  269.8  009.26  30.811  1024.739  1472.11 
2024 01 26 13 21 25.37  30.851  06.213  0112.23  00.62  07.79  269.8  009.26  30.809  1024.737  1472.12 
2024 01 26 13 21 25.62  30.851  06.214  0112.10  00.63  07.79  269.8  009.26  30.808  1024.736  1472.12 
2024 01 26 13 21 25.87  30.851  06.215  0111.94  00.54  07.79  269.6  009.26  30.807  1024.734  1472.12 
2024 01 26 13 21 26.12  30.851  06.215  0111.78  00.52  07.79  269.6  009.26  30.807  1024.733  1472.12 
2024 01 26 13 21 26.37  30.851  06.214  0111.64  00.54  07.79  269.6  009.26  30.808  1024.733  1472.11 
2024 01 26 13 21 26.62  30.851  06.215  0111.51  00.54  07.79  269.6  009.26  30.808  1024.732  1472.11 
2024 01 26 13 21 26.87  30.853  06.217  0111.37  00.55  07.79  269.6  009.26  30.808  1024.732  1472.12 
2024 01 26 13 21 27.12  30.852  06.220  0111.27  00.54  07.79  269.6  009.26  30.804  1024.728  1472.12 
2024 01 26 13 21 27.37  30.855  06.222  0111.11  00.57  07.79  269.6  009.26  30.805  1024.727  1472.13 
2024 01 26 13 21 27.62  30.857  06.224  0110.99  00.54  07.79  269.6  009.26  30.806  1024.727  1472.14 
2024 01 26 13 21 27.87  30.856  06.223  0110.86  00.56  07.78  269.6  009.26  30.806  1024.727  1472.13 
2024 01 26 13 21 28.12  30.856  06.223  0110.71  00.59  07.79  269.6  009.26  30.806  1024.726  1472.13 
2024 01 26 13 21 28.37  30.855  06.224  0110.56  00.55  07.79  269.6  009.26  30.804  1024.724  1472.13 
2024 01 26 13 21 28.62  30.855  06.224  0110.44  00.58  07.79  269.6  009.26  30.805  1024.724  1472.13 
2024 01 26 13 21 28.87  30.857  06.224  0110.31  00.60  07.79  269.4  009.26  30.806  1024.724  1472.13 
2024 01 26 13 21 29.12  30.858  06.225  0110.19  00.61  07.79  269.4  009.26  30.806  1024.724  1472.13 
2024 01 26 13 21 29.37  30.857  06.225  0110.04  00.59  07.79  269.4  009.26  30.805  1024.722  1472.13 
2024 01 26 13 21 29.62  30.858  06.225  0109.89  00.55  07.79  269.4  009.26  30.806  1024.722  1472.13 
2024 01 26 13 21 29.87  30.858  06.229  0109.75  00.61  07.79  269.4  009.26  30.803  1024.719  1472.13 
2024 01 26 13 21 30.12  30.859  06.230  0109.60  00.61  07.79  269.4  009.26  30.803  1024.718  1472.14 
2024 01 26 13 21 30.37  30.858  06.230  0109.46  00.60  07.79  269.4  009.26  30.802  1024.716  1472.13 
2024 01 26 13 21 30.62  30.859  06.230  0109.33  00.61  07.79  269.4  009.26  30.804  1024.718  1472.13 
2024 01 26 13 21 30.87  30.860  06.231  0109.18  00.58  07.79  269.4  009.26  30.804  1024.717  1472.13 
2024 01 26 13 21 31.12  30.860  06.229  0109.03  00.54  07.79  269.4  009.26  30.806  1024.717  1472.13 
2024 01 26 13 21 31.37  30.859  06.229  0108.88  00.54  07.79  269.4  009.26  30.805  1024.716  1472.12 
2024 01 26 13 21 31.62  30.860  06.232  0108.74  00.54  07.79  269.4  009.26  30.804  1024.714  1472.13 
2024 01 26 13 21 31.87  30.862  06.233  0108.59  00.56  07.79  268.9  009.26  30.805  1024.714  1472.13 
2024 01 26 13 21 32.12  30.859  06.233  0108.43  00.52  07.79  268.9  009.26  30.802  1024.711  1472.13 
2024 01 26 13 21 32.37  30.862  06.232  0108.30  00.56  07.79  268.9  009.26  30.806  1024.714  1472.13 
2024 01 26 13 21 32.62  30.862  06.233  0108.16  00.60  07.79  268.9  009.26  30.804  1024.712  1472.13 
2024 01 26 13 21 32.87  30.862  06.233  0108.00  00.67  07.79  268.9  009.26  30.804  1024.711  1472.13 
2024 01 26 13 21 33.12  30.864  06.235  0107.87  00.61  07.79  268.9  009.26  30.806  1024.711  1472.13 
2024 01 26 13 21 33.37  30.862  06.234  0107.72  00.61  07.79  268.9  009.26  30.804  1024.709  1472.12 
2024 01 26 13 21 33.62  30.861  06.234  0107.56  00.52  07.79  268.9  009.26  30.803  1024.708  1472.12 
2024 01 26 13 21 33.87  30.862  06.233  0107.43  00.57  07.78  268.9  009.26  30.805  1024.709  1472.12 
2024 01 26 13 21 34.12  30.862  06.236  0107.30  00.57  07.79  268.9  009.26  30.802  1024.706  1472.12 
2024 01 26 13 21 34.37  30.862  06.235  0107.15  00.58  07.79  268.9  009.26  30.804  1024.707  1472.12 
2024 01 26 13 21 34.62  30.862  06.235  0107.02  00.57  07.79  268.9  009.26  30.803  1024.705  1472.11 
2024 01 26 13 21 34.87  30.862  06.233  0106.90  00.54  07.79  268.7  009.26  30.806  1024.707  1472.11 
2024 01 26 13 21 35.12  30.859  06.233  0106.77  00.52  07.79  268.7  009.26  30.802  1024.703  1472.10 
2024 01 26 13 21 35.37  30.862  06.234  0106.62  00.55  07.79  268.7  009.26  30.804  1024.704  1472.11 
2024 01 26 13 21 35.62  30.861  06.235  0106.46  00.57  07.79  268.7  009.26  30.802  1024.702  1472.10 
2024 01 26 13 21 35.87  30.862  06.235  0106.33  00.57  07.79  268.7  009.26  30.803  1024.702  1472.10 
2024 01 26 13 21 36.12  30.863  06.236  0106.17  00.55  07.79  268.7  009.26  30.805  1024.702  1472.11 
2024 01 26 13 21 36.37  30.862  06.235  0106.04  00.54  07.79  268.7  009.26  30.804  1024.701  1472.10 
2024 01 26 13 21 36.62  30.862  06.236  0105.89  00.55  07.79  268.7  009.26  30.803  1024.700  1472.10 
2024 01 26 13 21 36.87  30.862  06.236  0105.76  00.59  07.78  268.7  009.26  30.802  1024.699  1472.10 
2024 01 26 13 21 37.12  30.861  06.235  0105.62  00.60  07.79  268.7  009.26  30.802  1024.698  1472.09 
2024 01 26 13 21 37.37  30.862  06.237  0105.46  00.55  07.79  268.7  009.26  30.802  1024.697  1472.10 
2024 01 26 13 21 37.62  30.864  06.237  0105.33  00.51  07.79  268.7  009.26  30.805  1024.699  1472.10 
2024 01 26 13 21 37.87  30.862  06.237  0105.16  00.50  07.79  268.5  009.26  30.802  1024.696  1472.09 
2024 01 26 13 21 38.12  30.861  06.236  0105.04  00.55  07.79  268.5  009.26  30.802  1024.695  1472.09 
2024 01 26 13 21 38.37  30.862  06.237  0104.90  00.58  07.79  268.5  009.26  30.802  1024.695  1472.09 
2024 01 26 13 21 38.62  30.862  06.235  0104.77  00.57  07.79  268.5  009.26  30.804  1024.695  1472.08 
2024 01 26 13 21 38.87  30.861  06.238  0104.64  00.57  07.79  268.5  009.26  30.801  1024.692  1472.08 
2024 01 26 13 21 39.12  30.862  06.236  0104.52  00.57  07.78  268.5  009.26  30.804  1024.694  1472.08 
2024 01 26 13 21 39.37  30.862  06.238  0104.36  00.54  07.79  268.5  009.26  30.802  1024.692  1472.08 
2024 01 26 13 21 39.62  30.862  06.237  0104.22  00.58  07.78  268.5  009.26  30.803  1024.692  1472.08 
2024 01 26 13 21 39.87  30.864  06.237  0104.07  00.57  07.78  268.5  009.26  30.805  1024.693  1472.08 
2024 01 26 13 21 40.12  30.863  06.237  0103.92  00.52  07.78  268.5  009.26  30.804  1024.692  1472.07 
2024 01 26 13 21 40.37  30.862  06.238  0103.81  00.54  07.78  268.5  009.26  30.802  1024.689  1472.07 
2024 01 26 13 21 40.62  30.862  06.238  0103.65  00.56  07.78  268.5  009.26  30.803  1024.689  1472.07 
2024 01 26 13 21 40.87  30.862  06.238  0103.56  00.55  07.78  268.3  009.26  30.803  1024.689  1472.07 
2024 01 26 13 21 41.12  30.862  06.239  0103.41  00.57  07.78  268.3  009.26  30.802  1024.687  1472.07 
2024 01 26 13 21 41.37  30.862  06.241  0103.32  00.53  07.78  268.3  009.26  30.800  1024.685  1472.07 
2024 01 26 13 21 41.62  30.865  06.241  0103.18  00.60  07.78  268.3  009.26  30.803  1024.686  1472.08 
2024 01 26 13 21 41.87  30.865  06.243  0103.08  00.57  07.78  268.3  009.26  30.802  1024.685  1472.08 
2024 01 26 13 21 42.12  30.865  06.243  0102.96  00.60  07.78  268.3  009.26  30.801  1024.684  1472.08 
2024 01 26 13 21 42.37  30.864  06.245  0102.85  00.57  07.78  268.3  009.26  30.799  1024.682  1472.08 
2024 01 26 13 21 42.62  30.866  06.244  0102.74  00.53  07.78  268.3  009.26  30.801  1024.683  1472.08 
2024 01 26 13 21 42.87  30.867  06.245  0102.62  00.57  07.78  268.3  009.26  30.802  1024.683  1472.08 
2024 01 26 13 21 43.12  30.867  06.246  0102.51  00.57  07.78  268.3  009.26  30.802  1024.682  1472.08 
2024 01 26 13 21 43.37  30.866  06.245  0102.38  00.54  07.78  268.3  009.26  30.801  1024.681  1472.08 
2024 01 26 13 21 43.62  30.866  06.246  0102.24  00.55  07.78  268.3  009.26  30.800  1024.679  1472.08 
2024 01 26 13 21 43.87  30.865  06.246  0102.11  00.57  07.78  268.0  009.26  30.799  1024.678  1472.07 
2024 01 26 13 21 44.12  30.867  06.245  0101.99  00.55  07.78  268.0  009.26  30.802  1024.680  1472.07 
2024 01 26 13 21 44.37  30.867  06.245  0101.86  00.56  07.78  268.0  009.26  30.802  1024.680  1472.07 
2024 01 26 13 21 44.62  30.866  06.245  0101.71  00.56  07.78  268.0  009.26  30.802  1024.679  1472.07 
2024 01 26 13 21 44.87  30.866  06.245  0101.57  00.61  07.78  268.0  009.26  30.801  1024.677  1472.06 
2024 01 26 13 21 45.12  30.866  06.245  0101.45  00.53  07.78  268.0  009.26  30.801  1024.676  1472.06 
2024 01 26 13 21 45.37  30.866  06.246  0101.33  00.52  07.78  268.0  009.26  30.801  1024.676  1472.06 
2024 01 26 13 21 45.62  30.866  06.246  0101.20  00.56  07.78  268.0  009.26  30.800  1024.675  1472.06 
2024 01 26 13 21 45.87  30.866  06.245  0101.07  00.55  07.78  268.0  009.26  30.801  1024.675  1472.06 
2024 01 26 13 21 46.12  30.866  06.246  0100.93  00.53  07.78  268.0  009.26  30.801  1024.674  1472.06 
2024 01 26 13 21 46.37  30.867  06.246  0100.80  00.57  07.78  268.0  009.26  30.802  1024.675  1472.06 
2024 01 26 13 21 46.62  30.866  06.246  0100.67  00.55  07.78  268.0  009.26  30.801  1024.673  1472.05 
2024 01 26 13 21 46.87  30.867  06.247  0100.55  00.57  07.78  267.5  009.26  30.802  1024.673  1472.05 
2024 01 26 13 21 47.12  30.866  06.248  0100.43  00.54  07.78  267.5  009.26  30.800  1024.671  1472.05 
2024 01 26 13 21 47.37  30.867  06.248  0100.31  00.59  07.78  267.5  009.26  30.801  1024.671  1472.05 
2024 01 26 13 21 47.62  30.866  06.246  0100.19  00.59  07.78  267.5  009.26  30.800  1024.670  1472.05 
2024 01 26 13 21 47.87  30.867  06.247  0100.05  00.58  07.78  267.5  009.26  30.801  1024.670  1472.05 
2024 01 26 13 21 48.12  30.867  06.247  0099.90  00.52  07.78  267.5  009.26  30.802  1024.670  1472.05 
2024 01 26 13 21 48.37  30.866  06.247  0099.75  00.54  07.78  267.5  009.26  30.801  1024.668  1472.04 
2024 01 26 13 21 48.62  30.868  06.248  0099.63  00.55  07.78  267.5  009.26  30.802  1024.669  1472.04 
2024 01 26 13 21 48.87  30.867  06.248  0099.50  00.53  07.78  267.5  009.26  30.801  1024.667  1472.04 
2024 01 26 13 21 49.12  30.867  06.249  0099.38  00.53  07.78  267.5  009.26  30.800  1024.666  1472.04 
2024 01 26 13 21 49.37  30.867  06.248  0099.24  00.57  07.78  267.5  009.26  30.801  1024.666  1472.04 
2024 01 26 13 21 49.62  30.868  06.248  0099.13  00.54  07.78  267.5  009.26  30.802  1024.667  1472.04 
2024 01 26 13 21 49.87  30.867  06.248  0099.00  00.54  07.78  266.9  009.26  30.801  1024.665  1472.04 
2024 01 26 13 21 50.12  30.866  06.249  0098.88  00.54  07.78  266.9  009.26  30.800  1024.663  1472.03 
2024 01 26 13 21 50.37  30.866  06.249  0098.75  00.55  07.78  266.9  009.26  30.799  1024.662  1472.03 
2024 01 26 13 21 50.62  30.867  06.249  0098.61  00.52  07.78  266.9  009.26  30.801  1024.663  1472.03 
2024 01 26 13 21 50.87  30.869  06.249  0098.48  00.55  07.78  266.9  009.26  30.802  1024.664  1472.03 
2024 01 26 13 21 51.12  30.866  06.249  0098.36  00.58  07.78  266.9  009.26  30.800  1024.661  1472.03 
2024 01 26 13 21 51.37  30.866  06.250  0098.25  00.60  07.78  266.9  009.26  30.799  1024.660  1472.03 
2024 01 26 13 21 51.62  30.866  06.249  0098.12  00.60  07.78  266.9  009.26  30.799  1024.660  1472.02 
2024 01 26 13 21 51.87  30.867  06.250  0097.99  00.57  07.78  266.9  009.26  30.800  1024.659  1472.02 
2024 01 26 13 21 52.12  30.868  06.250  0097.88  00.59  07.78  266.9  009.26  30.801  1024.659  1472.02 
2024 01 26 13 21 52.37  30.869  06.255  0097.74  00.56  07.78  266.9  009.26  30.797  1024.656  1472.04 
2024 01 26 13 21 52.62  30.870  06.255  0097.61  00.57  07.78  266.9  009.26  30.798  1024.656  1472.03 
2024 01 26 13 21 52.87  30.869  06.256  0097.49  00.66  07.78  266.4  009.26  30.796  1024.653  1472.04 
2024 01 26 13 21 53.12  30.871  06.257  0097.37  00.65  07.78  266.4  009.26  30.798  1024.654  1472.04 
2024 01 26 13 21 53.37  30.870  06.258  0097.27  00.56  07.78  266.4  009.26  30.795  1024.651  1472.04 
2024 01 26 13 21 53.62  30.871  06.258  0097.15  00.55  07.78  266.4  009.26  30.798  1024.653  1472.04 
2024 01 26 13 21 53.87  30.873  06.261  0097.06  00.59  07.78  266.4  009.26  30.797  1024.651  1472.05 
2024 01 26 13 21 54.12  30.876  06.263  0096.94  00.60  07.78  266.4  009.26  30.798  1024.651  1472.06 
2024 01 26 13 21 54.37  30.875  06.264  0096.84  00.52  07.78  266.4  009.26  30.796  1024.649  1472.06 
2024 01 26 13 21 54.62  30.874  06.265  0096.70  00.56  07.78  266.4  009.26  30.794  1024.647  1472.06 
2024 01 26 13 21 54.87  30.875  06.265  0096.59  00.56  07.78  266.4  009.26  30.795  1024.647  1472.06 
2024 01 26 13 21 55.12  30.876  06.266  0096.48  00.52  07.78  266.4  009.26  30.796  1024.647  1472.06 
2024 01 26 13 21 55.37  30.874  06.266  0096.37  00.55  07.78  266.4  009.26  30.794  1024.646  1472.05 
2024 01 26 13 21 55.62  30.875  06.266  0096.25  00.56  07.78  266.4  009.26  30.795  1024.645  1472.05 
2024 01 26 13 21 55.87  30.875  06.267  0096.12  00.54  07.78  265.9  009.26  30.794  1024.644  1472.05 
2024 01 26 13 21 56.12  30.877  06.267  0096.01  00.51  07.78  265.9  009.26  30.796  1024.645  1472.06 
2024 01 26 13 21 56.37  30.878  06.267  0095.91  00.50  07.78  265.9  009.26  30.796  1024.645  1472.06 
2024 01 26 13 21 56.62  30.877  06.268  0095.78  00.47  07.78  265.9  009.26  30.795  1024.643  1472.06 
2024 01 26 13 21 56.87  30.876  06.268  0095.66  00.51  07.78  265.9  009.26  30.794  1024.642  1472.05 
2024 01 26 13 21 57.12  30.877  06.271  0095.55  00.52  07.78  265.9  009.26  30.792  1024.639  1472.06 
2024 01 26 13 21 57.37  30.878  06.274  0095.45  00.52  07.78  265.9  009.29  30.791  1024.638  1472.07 
2024 01 26 13 21 57.62  30.880  06.277  0095.33  00.56  07.78  265.9  009.26  30.791  1024.637  1472.08 
2024 01 26 13 21 57.87  30.881  06.278  0095.19  00.55  07.78  265.9  009.26  30.791  1024.636  1472.08 
2024 01 26 13 21 58.12  30.883  06.279  0095.08  00.52  07.78  265.9  009.26  30.793  1024.636  1472.08 
2024 01 26 13 21 58.37  30.883  06.280  0094.96  00.56  07.78  265.9  009.26  30.791  1024.635  1472.09 
2024 01 26 13 21 58.62  30.883  06.279  0094.84  00.55  07.78  265.9  009.26  30.792  1024.635  1472.08 
2024 01 26 13 21 58.87  30.884  06.279  0094.72  00.57  07.78  265.8  009.26  30.793  1024.635  1472.08 
2024 01 26 13 21 59.12  30.884  06.280  0094.62  00.62  07.78  265.8  009.26  30.793  1024.634  1472.08 
2024 01 26 13 21 59.37  30.884  06.280  0094.52  00.57  07.78  265.8  009.26  30.793  1024.634  1472.08 
2024 01 26 13 21 59.62  30.883  06.279  0094.41  00.58  07.78  265.8  009.26  30.793  1024.633  1472.07 
2024 01 26 13 21 59.87  30.882  06.281  0094.28  00.60  07.78  265.8  009.26  30.790  1024.630  1472.08 
2024 01 26 13 22 00.12  30.884  06.283  0094.14  00.62  07.78  265.8  009.26  30.790  1024.630  1472.08 
2024 01 26 13 22 00.37  30.884  06.284  0094.02  00.58  07.78  265.8  009.26  30.789  1024.628  1472.08 
2024 01 26 13 22 00.62  30.886  06.286  0093.90  00.57  07.78  265.8  009.26  30.790  1024.628  1472.09 
2024 01 26 13 22 00.87  30.885  06.287  0093.79  00.52  07.78  265.8  009.26  30.787  1024.625  1472.09 
2024 01 26 13 22 01.12  30.886  06.286  0093.68  00.51  07.78  265.8  009.26  30.789  1024.626  1472.09 
2024 01 26 13 22 01.37  30.887  06.287  0093.58  00.52  07.78  265.8  009.26  30.790  1024.627  1472.09 
2024 01 26 13 22 01.62  30.886  06.288  0093.46  00.55  07.78  265.8  009.26  30.789  1024.625  1472.09 
2024 01 26 13 22 01.87  30.888  06.287  0093.33  00.54  07.78  265.7  009.26  30.791  1024.626  1472.09 
2024 01 26 13 22 02.12  30.886  06.287  0093.19  00.55  07.78  265.7  009.26  30.789  1024.624  1472.08 
2024 01 26 13 22 02.37  30.886  06.288  0093.07  00.52  07.78  265.7  009.26  30.788  1024.622  1472.08 
2024 01 26 13 22 02.62  30.889  06.288  0092.97  00.52  07.78  265.7  009.26  30.791  1024.625  1472.08 
2024 01 26 13 22 02.87  30.888  06.288  0092.84  00.50  07.78  265.7  009.26  30.790  1024.623  1472.08 
2024 01 26 13 22 03.12  30.887  06.289  0092.73  00.54  07.78  265.7  009.26  30.789  1024.622  1472.08 
2024 01 26 13 22 03.37  30.887  06.288  0092.61  00.55  07.78  265.7  009.26  30.790  1024.621  1472.08 
2024 01 26 13 22 03.62  30.887  06.289  0092.53  00.55  07.78  265.7  009.26  30.789  1024.620  1472.08 
2024 01 26 13 22 03.87  30.889  06.289  0092.42  00.55  07.78  265.7  009.26  30.791  1024.622  1472.08 
2024 01 26 13 22 04.12  30.889  06.288  0092.36  00.56  07.78  265.7  009.26  30.792  1024.622  1472.08 
2024 01 26 13 22 04.37  30.890  06.288  0092.30  00.49  07.78  265.7  009.26  30.793  1024.622  1472.07 
2024 01 26 13 22 04.62  30.888  06.289  0092.27  00.53  07.78  265.7  009.26  30.790  1024.620  1472.07 
2024 01 26 13 22 04.87  30.888  06.289  0092.18  00.56  07.78  265.6  009.26  30.790  1024.620  1472.07 
2024 01 26 13 22 05.12  30.887  06.289  0092.11  00.57  07.78  265.6  009.26  30.789  1024.619  1472.07 
2024 01 26 13 22 05.37  30.889  06.290  0091.94  00.56  07.78  265.6  009.26  30.791  1024.619  1472.07 
2024 01 26 13 22 05.62  30.887  06.288  0091.81  00.52  07.78  265.6  009.26  30.790  1024.618  1472.06 
2024 01 26 13 22 05.87  30.888  06.289  0091.65  00.53  07.78  265.6  009.26  30.790  1024.618  1472.07 
2024 01 26 13 22 06.12  30.886  06.289  0091.52  00.53  07.78  265.6  009.26  30.789  1024.616  1472.06 
2024 01 26 13 22 06.37  30.890  06.289  0091.37  00.55  07.78  265.6  009.26  30.792  1024.618  1472.06 
2024 01 26 13 22 06.62  30.887  06.289  0091.23  00.59  07.78  265.6  009.26  30.790  1024.615  1472.06 
2024 01 26 13 22 06.87  30.888  06.288  0091.10  00.57  07.78  265.6  009.26  30.791  1024.616  1472.05 
2024 01 26 13 22 07.12  30.886  06.289  0090.97  00.55  07.78  265.6  009.26  30.789  1024.614  1472.05 
2024 01 26 13 22 07.37  30.889  06.288  0090.83  00.48  07.78  265.6  009.26  30.792  1024.615  1472.05 
2024 01 26 13 22 07.62  30.886  06.289  0090.69  00.51  07.78  265.6  009.26  30.789  1024.612  1472.05 
2024 01 26 13 22 07.87  30.888  06.290  0090.56  00.55  07.78  265.6  009.26  30.790  1024.612  1472.05 
2024 01 26 13 22 08.12  30.889  06.289  0090.44  00.54  07.78  265.6  009.26  30.792  1024.613  1472.05 
2024 01 26 13 22 08.37  30.888  06.288  0090.31  00.50  07.78  265.6  009.26  30.791  1024.612  1472.04 
2024 01 26 13 22 08.62  30.890  06.290  0090.17  00.57  07.78  265.6  009.26  30.792  1024.612  1472.05 
2024 01 26 13 22 08.87  30.889  06.289  0090.05  00.58  07.78  265.6  009.26  30.792  1024.611  1472.04 
2024 01 26 13 22 09.12  30.888  06.289  0089.93  00.52  07.78  265.6  009.26  30.791  1024.610  1472.04 
2024 01 26 13 22 09.37  30.886  06.288  0089.80  00.57  07.78  265.6  009.26  30.789  1024.608  1472.03 
2024 01 26 13 22 09.62  30.888  06.289  0089.69  00.53  07.78  265.6  009.26  30.791  1024.610  1472.03 
2024 01 26 13 22 09.87  30.888  06.291  0089.55  00.48  07.78  265.6  009.26  30.790  1024.607  1472.04 
2024 01 26 13 22 10.12  30.888  06.291  0089.44  00.53  07.78  265.6  009.26  30.790  1024.607  1472.04 
2024 01 26 13 22 10.37  30.889  06.291  0089.30  00.54  07.78  265.6  009.26  30.790  1024.606  1472.04 
2024 01 26 13 22 10.62  30.889  06.292  0089.17  00.57  07.78  265.6  009.26  30.790  1024.605  1472.04 
2024 01 26 13 22 10.87  30.889  06.293  0089.07  00.57  07.78  265.7  009.26  30.789  1024.604  1472.04 
2024 01 26 13 22 11.12  30.890  06.293  0088.96  00.56  07.78  265.7  009.26  30.790  1024.604  1472.04 
2024 01 26 13 22 11.37  30.889  06.293  0088.86  00.57  07.78  265.7  009.26  30.789  1024.603  1472.03 
2024 01 26 13 22 11.62  30.888  06.293  0088.76  00.57  07.78  265.7  009.26  30.788  1024.602  1472.03 
2024 01 26 13 22 11.87  30.889  06.294  0088.63  00.53  07.78  265.7  009.26  30.788  1024.601  1472.03 
2024 01 26 13 22 12.12  30.889  06.293  0088.52  00.57  07.78  265.7  009.26  30.789  1024.602  1472.03 
2024 01 26 13 22 12.37  30.889  06.294  0088.44  00.53  07.78  265.7  009.26  30.788  1024.600  1472.03 
2024 01 26 13 22 12.62  30.886  06.294  0088.38  00.61  07.78  265.7  009.26  30.786  1024.598  1472.03 
2024 01 26 13 22 12.87  30.890  06.293  0088.34  00.57  07.78  265.7  009.26  30.790  1024.601  1472.03 
2024 01 26 13 22 13.12  30.890  06.294  0088.26  00.57  07.78  265.7  009.26  30.790  1024.601  1472.03 
2024 01 26 13 22 13.37  30.888  06.294  0088.17  00.53  07.78  265.7  009.26  30.788  1024.599  1472.03 
2024 01 26 13 22 13.62  30.890  06.295  0088.04  00.55  07.78  265.7  009.26  30.789  1024.599  1472.03 
2024 01 26 13 22 13.87  30.890  06.295  0087.92  00.55  07.78  265.7  009.26  30.788  1024.598  1472.03 
2024 01 26 13 22 14.12  30.892  06.297  0087.78  00.52  07.78  265.7  009.26  30.789  1024.598  1472.03 
2024 01 26 13 22 14.37  30.893  06.297  0087.64  00.54  07.78  265.7  009.26  30.790  1024.598  1472.03 
2024 01 26 13 22 14.62  30.890  06.298  0087.51  00.59  07.78  265.7  009.26  30.787  1024.594  1472.03 
2024 01 26 13 22 14.87  30.890  06.297  0087.39  00.54  07.78  265.7  009.26  30.787  1024.594  1472.03 
2024 01 26 13 22 15.12  30.894  06.298  0087.27  00.56  07.78  265.7  009.26  30.790  1024.596  1472.03 
2024 01 26 13 22 15.37  30.893  06.300  0087.12  00.53  07.78  265.7  009.26  30.788  1024.593  1472.03 
2024 01 26 13 22 15.62  30.894  06.302  0087.02  00.57  07.78  265.7  009.26  30.788  1024.593  1472.04 
2024 01 26 13 22 15.87  30.894  06.302  0086.88  00.59  07.78  265.7  009.26  30.788  1024.592  1472.04 
2024 01 26 13 22 16.12  30.896  06.302  0086.77  00.55  07.78  265.7  009.26  30.789  1024.593  1472.04 
2024 01 26 13 22 16.37  30.894  06.303  0086.66  00.55  07.78  265.7  009.26  30.787  1024.590  1472.04 
2024 01 26 13 22 16.62  30.896  06.304  0086.54  00.58  07.78  265.7  009.26  30.788  1024.590  1472.04 
2024 01 26 13 22 16.87  30.899  06.308  0086.42  00.54  07.78  265.8  009.26  30.788  1024.589  1472.05 
2024 01 26 13 22 17.12  30.898  06.309  0086.31  00.56  07.78  265.8  009.26  30.786  1024.587  1472.06 
2024 01 26 13 22 17.37  30.900  06.313  0086.17  00.59  07.78  265.8  009.26  30.785  1024.585  1472.06 
2024 01 26 13 22 17.62  30.901  06.312  0086.07  00.57  07.78  265.8  009.26  30.787  1024.586  1472.06 
2024 01 26 13 22 17.87  30.901  06.313  0085.96  00.58  07.78  265.8  009.26  30.786  1024.585  1472.06 
2024 01 26 13 22 18.12  30.901  06.314  0085.85  00.56  07.78  265.8  009.26  30.785  1024.583  1472.06 
2024 01 26 13 22 18.37  30.903  06.313  0085.74  00.57  07.78  265.8  009.26  30.788  1024.586  1472.06 
2024 01 26 13 22 18.62  30.901  06.313  0085.63  00.58  07.78  265.8  009.26  30.785  1024.582  1472.06 
2024 01 26 13 22 18.87  30.901  06.313  0085.53  00.55  07.78  265.8  009.26  30.786  1024.583  1472.06 
2024 01 26 13 22 19.12  30.902  06.314  0085.40  00.58  07.78  265.8  009.26  30.787  1024.583  1472.06 
2024 01 26 13 22 19.37  30.903  06.314  0085.29  00.58  07.78  265.8  009.26  30.788  1024.583  1472.06 
2024 01 26 13 22 19.62  30.901  06.313  0085.18  00.59  07.78  265.8  009.26  30.786  1024.581  1472.05 
2024 01 26 13 22 19.87  30.901  06.314  0085.06  00.57  07.78  265.8  009.26  30.785  1024.579  1472.05 
2024 01 26 13 22 20.12  30.901  06.314  0084.96  00.59  07.78  265.8  009.26  30.786  1024.580  1472.05 
2024 01 26 13 22 20.37  30.902  06.314  0084.86  00.62  07.78  265.8  009.26  30.787  1024.581  1472.05 
2024 01 26 13 22 20.62  30.903  06.314  0084.72  00.60  07.78  265.8  009.26  30.788  1024.581  1472.05 
2024 01 26 13 22 20.87  30.902  06.313  0084.60  00.61  07.78  265.8  009.26  30.787  1024.580  1472.04 
2024 01 26 13 22 21.12  30.901  06.313  0084.49  00.57  07.78  265.8  009.26  30.787  1024.579  1472.04 
2024 01 26 13 22 21.37  30.903  06.313  0084.36  00.57  07.78  265.8  009.26  30.788  1024.579  1472.04 
2024 01 26 13 22 21.62  30.901  06.314  0084.24  00.57  07.78  265.8  009.26  30.786  1024.577  1472.04 
2024 01 26 13 22 21.87  30.901  06.315  0084.16  00.61  07.78  265.8  009.26  30.786  1024.576  1472.04 
2024 01 26 13 22 22.12  30.901  06.314  0084.05  00.59  07.78  265.8  009.26  30.786  1024.576  1472.03 
2024 01 26 13 22 22.37  30.903  06.314  0083.94  00.55  07.78  265.8  009.26  30.788  1024.577  1472.04 
2024 01 26 13 22 22.62  30.903  06.315  0083.84  00.50  07.78  265.8  009.26  30.787  1024.576  1472.04 
2024 01 26 13 22 22.87  30.901  06.316  0083.71  00.51  07.78  265.8  009.26  30.785  1024.573  1472.04 
2024 01 26 13 22 23.12  30.901  06.316  0083.60  00.57  07.78  265.8  009.26  30.785  1024.573  1472.04 
2024 01 26 13 22 23.37  30.904  06.315  0083.48  00.58  07.78  265.8  009.26  30.788  1024.575  1472.04 
2024 01 26 13 22 23.62  30.903  06.316  0083.33  00.56  07.78  265.8  009.29  30.786  1024.573  1472.03 
2024 01 26 13 22 23.87  30.902  06.315  0083.20  00.54  07.78  265.8  009.26  30.787  1024.572  1472.03 
2024 01 26 13 22 24.12  30.904  06.316  0083.08  00.62  07.78  265.8  009.26  30.787  1024.572  1472.03 
2024 01 26 13 22 24.37  30.904  06.316  0082.94  00.60  07.78  265.8  009.26  30.787  1024.572  1472.03 
2024 01 26 13 22 24.62  30.904  06.316  0082.81  00.55  07.78  265.8  009.26  30.788  1024.571  1472.03 
2024 01 26 13 22 24.87  30.902  06.316  0082.67  00.52  07.78  265.8  009.26  30.786  1024.569  1472.02 
2024 01 26 13 22 25.12  30.905  06.316  0082.51  00.51  07.78  265.8  009.26  30.788  1024.570  1472.02 
2024 01 26 13 22 25.37  30.902  06.316  0082.37  00.53  07.78  265.8  009.26  30.786  1024.568  1472.02 
2024 01 26 13 22 25.62  30.901  06.316  0082.27  00.55  07.78  265.8  009.26  30.785  1024.567  1472.02 
2024 01 26 13 22 25.87  30.904  06.315  0082.13  00.56  07.78  265.8  009.26  30.789  1024.569  1472.01 
2024 01 26 13 22 26.12  30.904  06.317  0082.04  00.57  07.78  265.8  009.26  30.787  1024.567  1472.02 
2024 01 26 13 22 26.37  30.902  06.317  0081.93  00.60  07.78  265.8  009.26  30.785  1024.565  1472.01 
2024 01 26 13 22 26.62  30.903  06.316  0081.83  00.79  07.78  265.8  009.26  30.787  1024.566  1472.01 
2024 01 26 13 22 26.87  30.901  06.316  0081.72  00.70  07.78  265.8  009.26  30.785  1024.564  1472.01 
2024 01 26 13 22 27.12  30.901  06.317  0081.58  00.60  07.78  265.8  009.26  30.783  1024.562  1472.01 
2024 01 26 13 22 27.37  30.900  06.316  0081.48  00.58  07.78  265.8  009.26  30.784  1024.562  1472.00 
2024 01 26 13 22 27.62  30.902  06.317  0081.35  01.63  07.78  265.8  009.26  30.786  1024.563  1472.00 
2024 01 26 13 22 27.87  30.905  06.317  0081.24  00.91  07.78  265.8  009.26  30.788  1024.564  1472.01 
2024 01 26 13 22 28.12  30.901  06.317  0081.15  00.66  07.78  265.8  009.26  30.785  1024.561  1472.00 
2024 01 26 13 22 28.37  30.902  06.317  0081.04  00.61  07.78  265.8  009.26  30.785  1024.561  1472.00 
2024 01 26 13 22 28.62  30.903  06.316  0080.95  00.54  07.78  265.8  009.26  30.787  1024.562  1472.00 
2024 01 26 13 22 28.87  30.902  06.317  0080.82  00.58  07.78  265.9  009.26  30.786  1024.560  1472.00 
2024 01 26 13 22 29.12  30.901  06.316  0080.69  00.58  07.78  265.9  009.26  30.786  1024.560  1471.99 
2024 01 26 13 22 29.37  30.902  06.317  0080.59  00.55  07.78  265.9  009.26  30.786  1024.560  1471.99 
2024 01 26 13 22 29.62  30.901  06.317  0080.47  00.56  07.78  265.9  009.26  30.785  1024.558  1471.99 
2024 01 26 13 22 29.87  30.903  06.318  0080.35  00.52  07.78  265.9  009.26  30.786  1024.558  1471.99 
2024 01 26 13 22 30.12  30.904  06.317  0080.24  00.61  07.78  265.9  009.26  30.788  1024.560  1471.99 
2024 01 26 13 22 30.37  30.903  06.318  0080.15  00.55  07.78  265.9  009.26  30.786  1024.558  1471.99 
2024 01 26 13 22 30.62  30.903  06.318  0080.05  00.60  07.78  265.9  009.26  30.786  1024.557  1471.99 
2024 01 26 13 22 30.87  30.903  06.317  0079.96  00.59  07.78  265.9  009.26  30.787  1024.557  1471.98 
2024 01 26 13 22 31.12  30.905  06.318  0079.86  00.56  07.78  265.9  009.26  30.789  1024.558  1471.99 
2024 01 26 13 22 31.37  30.905  06.318  0079.75  00.54  07.78  265.9  009.26  30.789  1024.558  1471.99 
2024 01 26 13 22 31.62  30.905  06.318  0079.64  00.50  07.78  265.9  009.26  30.789  1024.558  1471.98 
2024 01 26 13 22 31.87  30.903  06.319  0079.51  00.55  07.78  266.0  009.26  30.786  1024.554  1471.98 
2024 01 26 13 22 32.12  30.905  06.318  0079.38  00.57  07.78  266.0  009.26  30.789  1024.556  1471.98 
2024 01 26 13 22 32.37  30.906  06.323  0079.25  00.56  07.78  266.0  009.26  30.785  1024.552  1472.00 
2024 01 26 13 22 32.62  30.905  06.323  0079.15  00.53  07.78  266.0  009.26  30.784  1024.551  1471.99 
2024 01 26 13 22 32.87  30.907  06.323  0079.04  00.57  07.79  266.0  009.26  30.787  1024.552  1471.99 
2024 01 26 13 22 33.12  30.907  06.325  0078.94  00.52  07.78  266.0  009.26  30.785  1024.550  1472.00 
2024 01 26 13 22 33.37  30.906  06.325  0078.83  00.54  07.78  266.0  009.26  30.784  1024.549  1471.99 
2024 01 26 13 22 33.62  30.909  06.326  0078.72  00.57  07.79  266.0  009.26  30.785  1024.549  1472.00 
2024 01 26 13 22 33.87  30.908  06.327  0078.61  00.59  07.78  266.0  009.26  30.784  1024.548  1472.00 
2024 01 26 13 22 34.12  30.908  06.327  0078.51  00.57  07.78  266.0  009.26  30.784  1024.547  1472.00 
2024 01 26 13 22 34.37  30.909  06.327  0078.40  00.59  07.79  266.0  009.26  30.785  1024.547  1472.00 
2024 01 26 13 22 34.62  30.909  06.326  0078.26  00.51  07.79  266.0  009.26  30.785  1024.547  1471.99 
2024 01 26 13 22 34.87  30.910  06.327  0078.13  00.48  07.79  266.1  009.26  30.786  1024.547  1472.00 
2024 01 26 13 22 35.12  30.909  06.328  0078.00  00.49  07.79  266.1  009.26  30.785  1024.545  1471.99 
2024 01 26 13 22 35.37  30.911  06.328  0077.88  00.57  07.79  266.1  009.26  30.787  1024.546  1471.99 
2024 01 26 13 22 35.62  30.910  06.328  0077.75  00.58  07.79  266.1  009.26  30.786  1024.545  1471.99 
2024 01 26 13 22 35.87  30.909  06.329  0077.65  00.56  07.79  266.1  009.26  30.784  1024.543  1471.99 
2024 01 26 13 22 36.12  30.911  06.330  0077.52  00.54  07.79  266.1  009.26  30.785  1024.543  1471.99 
2024 01 26 13 22 36.37  30.910  06.328  0077.41  00.53  07.79  266.1  009.26  30.786  1024.543  1471.99 
2024 01 26 13 22 36.62  30.910  06.330  0077.26  00.57  07.79  266.1  009.26  30.785  1024.542  1471.99 
2024 01 26 13 22 36.87  30.909  06.331  0077.12  00.56  07.78  266.1  009.26  30.782  1024.539  1471.99 
2024 01 26 13 22 37.12  30.911  06.332  0077.00  00.49  07.78  266.1  009.26  30.784  1024.540  1471.99 
2024 01 26 13 22 37.37  30.913  06.332  0076.90  00.51  07.79  266.1  009.26  30.785  1024.540  1471.99 
2024 01 26 13 22 37.62  30.909  06.333  0076.77  00.52  07.79  266.1  009.26  30.781  1024.536  1471.99 
2024 01 26 13 22 37.87  30.911  06.333  0076.63  00.52  07.79  266.1  009.26  30.783  1024.537  1471.99 
2024 01 26 13 22 38.12  30.910  06.334  0076.48  00.52  07.79  266.1  009.26  30.781  1024.535  1471.99 
2024 01 26 13 22 38.37  30.915  06.334  0076.34  00.52  07.79  266.1  009.26  30.786  1024.538  1471.99 
2024 01 26 13 22 38.62  30.914  06.334  0076.21  00.55  07.79  266.1  009.26  30.786  1024.537  1471.99 
2024 01 26 13 22 38.87  30.916  06.335  0076.09  00.53  07.79  266.1  009.26  30.786  1024.537  1471.99 
2024 01 26 13 22 39.12  30.913  06.335  0075.95  00.59  07.79  266.1  009.26  30.784  1024.534  1471.99 
2024 01 26 13 22 39.37  30.915  06.335  0075.81  00.57  07.79  266.1  009.26  30.786  1024.535  1471.99 
2024 01 26 13 22 39.62  30.913  06.336  0075.69  00.54  07.79  266.1  009.26  30.783  1024.533  1471.99 
2024 01 26 13 22 39.87  30.916  06.337  0075.54  00.56  07.78  266.1  009.26  30.785  1024.533  1471.99 
2024 01 26 13 22 40.12  30.915  06.338  0075.40  00.60  07.79  266.1  009.26  30.783  1024.531  1471.99 
2024 01 26 13 22 40.37  30.914  06.338  0075.25  00.60  07.79  266.1  009.26  30.782  1024.529  1471.99 
2024 01 26 13 22 40.62  30.915  06.337  0075.11  00.59  07.79  266.1  009.26  30.784  1024.530  1471.98 
2024 01 26 13 22 40.87  30.912  06.338  0074.98  00.54  07.79  266.3  009.26  30.780  1024.526  1471.98 
2024 01 26 13 22 41.12  30.917  06.337  0074.87  00.57  07.79  266.3  009.26  30.786  1024.531  1471.98 
2024 01 26 13 22 41.37  30.913  06.338  0074.76  00.52  07.79  266.3  009.26  30.782  1024.526  1471.98 
2024 01 26 13 22 41.62  30.914  06.339  0074.63  00.47  07.79  266.3  009.26  30.782  1024.526  1471.98 
2024 01 26 13 22 41.87  30.914  06.340  0074.49  00.50  07.79  266.3  009.26  30.781  1024.525  1471.98 
2024 01 26 13 22 42.12  30.917  06.341  0074.38  00.47  07.79  266.3  009.26  30.783  1024.526  1471.98 
2024 01 26 13 22 42.37  30.924  06.355  0074.23  00.52  07.79  266.3  009.26  30.778  1024.519  1472.03 
2024 01 26 13 22 42.62  30.929  06.361  0074.10  00.54  07.79  266.3  009.26  30.778  1024.517  1472.05 
2024 01 26 13 22 42.87  30.928  06.364  0074.00  00.56  07.79  266.3  009.26  30.774  1024.514  1472.06 
2024 01 26 13 22 43.12  30.933  06.365  0073.87  00.54  07.79  266.3  009.26  30.779  1024.517  1472.07 
2024 01 26 13 22 43.37  30.933  06.366  0073.72  00.46  07.79  266.3  009.26  30.779  1024.517  1472.07 
2024 01 26 13 22 43.62  30.933  06.367  0073.60  00.49  07.79  266.3  009.26  30.777  1024.514  1472.07 
2024 01 26 13 22 43.87  30.934  06.368  0073.46  00.53  07.79  266.5  009.26  30.778  1024.514  1472.07 
2024 01 26 13 22 44.12  30.937  06.371  0073.33  00.48  07.79  266.5  009.26  30.778  1024.513  1472.08 
2024 01 26 13 22 44.37  30.937  06.376  0073.18  00.55  07.79  266.5  009.26  30.774  1024.509  1472.09 
2024 01 26 13 22 44.62  30.939  06.380  0073.04  00.55  07.79  266.5  009.26  30.773  1024.506  1472.11 
2024 01 26 13 22 44.87  30.941  06.382  0072.91  00.59  07.79  266.5  009.26  30.774  1024.506  1472.11 
2024 01 26 13 22 45.12  30.941  06.384  0072.79  00.57  07.79  266.5  009.26  30.772  1024.504  1472.12 
2024 01 26 13 22 45.37  30.943  06.386  0072.64  00.56  07.79  266.5  009.26  30.772  1024.504  1472.12 
2024 01 26 13 22 45.62  30.946  06.386  0072.54  00.52  07.79  266.5  009.26  30.776  1024.505  1472.12 
2024 01 26 13 22 45.87  30.948  06.395  0072.43  00.57  07.79  266.5  009.26  30.769  1024.499  1472.15 
2024 01 26 13 22 46.12  30.952  06.399  0072.30  00.58  07.79  266.5  009.26  30.770  1024.499  1472.16 
2024 01 26 13 22 46.37  30.954  06.398  0072.18  00.50  07.79  266.5  009.26  30.774  1024.501  1472.16 
2024 01 26 13 22 46.62  30.952  06.398  0072.04  00.60  07.79  266.5  009.26  30.771  1024.498  1472.16 
2024 01 26 13 22 46.87  30.953  06.400  0071.92  00.54  07.80  267.2  009.26  30.771  1024.497  1472.16 
2024 01 26 13 22 47.12  30.955  06.402  0071.80  00.57  07.80  267.2  009.26  30.771  1024.497  1472.17 
2024 01 26 13 22 47.37  30.956  06.403  0071.70  00.57  07.80  267.2  009.26  30.771  1024.496  1472.17 
2024 01 26 13 22 47.62  30.961  06.411  0071.57  00.54  07.80  267.2  009.26  30.770  1024.494  1472.20 
2024 01 26 13 22 47.87  30.965  06.414  0071.48  00.57  07.80  267.2  009.26  30.771  1024.494  1472.21 
2024 01 26 13 22 48.12  30.968  06.423  0071.35  00.55  07.80  267.2  009.26  30.767  1024.489  1472.24 
2024 01 26 13 22 48.37  30.983  06.436  0071.25  00.54  07.80  267.2  009.26  30.772  1024.491  1472.30 
2024 01 26 13 22 48.62  30.985  06.440  0071.17  00.60  07.80  267.2  009.26  30.770  1024.488  1472.31 
2024 01 26 13 22 48.87  30.988  06.442  0071.05  00.56  07.80  267.2  009.26  30.772  1024.489  1472.32 
2024 01 26 13 22 49.12  30.992  06.443  0070.94  00.50  07.80  267.2  009.26  30.775  1024.491  1472.33 
2024 01 26 13 22 49.37  30.995  06.448  0070.86  00.52  07.81  267.2  009.26  30.774  1024.489  1472.34 
2024 01 26 13 22 49.62  30.995  06.450  0070.74  00.50  07.81  267.2  009.26  30.772  1024.487  1472.35 
2024 01 26 13 22 49.87  30.997  06.451  0070.62  00.55  07.81  267.9  009.26  30.774  1024.487  1472.35 
2024 01 26 13 22 50.12  31.000  06.451  0070.52  00.50  07.81  267.9  009.26  30.778  1024.490  1472.35 
2024 01 26 13 22 50.37  30.998  06.453  0070.40  00.46  07.81  267.9  009.26  30.773  1024.485  1472.35 
2024 01 26 13 22 50.62  30.999  06.452  0070.31  00.51  07.81  267.9  009.26  30.774  1024.486  1472.35 
2024 01 26 13 22 50.87  31.003  06.457  0070.20  00.50  07.81  267.9  009.26  30.774  1024.485  1472.37 
2024 01 26 13 22 51.12  31.005  06.462  0070.09  00.54  07.81  267.9  009.26  30.772  1024.482  1472.38 
2024 01 26 13 22 51.37  31.007  06.462  0070.00  00.52  07.81  267.9  009.29  30.775  1024.484  1472.38 
2024 01 26 13 22 51.62  31.008  06.463  0069.86  00.51  07.82  267.9  009.26  30.775  1024.483  1472.39 
2024 01 26 13 22 51.87  31.008  06.465  0069.79  00.51  07.81  267.9  009.26  30.774  1024.482  1472.39 
2024 01 26 13 22 52.12  31.010  06.463  0069.68  00.48  07.82  267.9  009.26  30.777  1024.484  1472.39 
2024 01 26 13 22 52.37  31.009  06.466  0069.60  00.51  07.82  267.9  009.26  30.774  1024.481  1472.39 
2024 01 26 13 22 52.62  31.010  06.467  0069.51  00.50  07.82  267.9  009.26  30.774  1024.480  1472.40 
2024 01 26 13 22 52.87  31.011  06.468  0069.42  00.55  07.82  270.8  009.26  30.774  1024.480  1472.40 
2024 01 26 13 22 53.12  31.013  06.469  0069.33  00.58  07.82  270.8  009.26  30.776  1024.481  1472.40 
2024 01 26 13 22 53.37  31.012  06.469  0069.23  00.52  07.82  270.8  009.26  30.775  1024.479  1472.40 
2024 01 26 13 22 53.62  31.014  06.469  0069.13  00.53  07.82  270.8  009.26  30.776  1024.480  1472.40 
2024 01 26 13 22 53.87  31.018  06.473  0069.02  00.52  07.82  270.8  009.26  30.777  1024.480  1472.42 
2024 01 26 13 22 54.12  31.020  06.475  0068.91  00.51  07.82  270.8  009.26  30.778  1024.480  1472.42 
2024 01 26 13 22 54.37  31.021  06.476  0068.83  00.53  07.82  270.8  009.26  30.778  1024.479  1472.43 
2024 01 26 13 22 54.62  31.024  06.480  0068.72  00.59  07.82  270.8  009.26  30.778  1024.478  1472.44 
2024 01 26 13 22 54.87  31.023  06.479  0068.63  00.50  07.82  270.8  009.26  30.778  1024.478  1472.44 
2024 01 26 13 22 55.12  31.026  06.484  0068.53  00.50  07.82  270.8  009.26  30.777  1024.476  1472.45 
2024 01 26 13 22 55.37  31.029  06.485  0068.44  00.47  07.83  270.8  009.26  30.779  1024.477  1472.46 
2024 01 26 13 22 55.62  31.030  06.488  0068.35  00.46  07.83  270.8  009.26  30.777  1024.475  1472.46 
2024 01 26 13 22 55.87  31.031  06.490  0068.26  00.50  07.83  274.3  009.26  30.777  1024.474  1472.47 
2024 01 26 13 22 56.12  31.031  06.490  0068.17  00.51  07.83  274.3  009.26  30.778  1024.474  1472.47 
2024 01 26 13 22 56.37  31.033  06.490  0068.07  00.54  07.83  274.3  009.26  30.779  1024.474  1472.47 
2024 01 26 13 22 56.62  31.038  06.494  0067.96  00.57  07.83  274.3  009.26  30.780  1024.475  1472.49 
2024 01 26 13 22 56.87  31.037  06.498  0067.86  00.59  07.83  274.3  009.26  30.776  1024.470  1472.50 
2024 01 26 13 22 57.12  31.042  06.504  0067.76  00.67  07.83  274.3  009.26  30.777  1024.470  1472.52 
2024 01 26 13 22 57.37  31.048  06.507  0067.65  00.52  07.83  274.3  009.26  30.780  1024.472  1472.53 
2024 01 26 13 22 57.62  31.047  06.506  0067.55  00.52  07.83  274.3  009.26  30.781  1024.472  1472.53 
2024 01 26 13 22 57.87  31.046  06.507  0067.48  00.52  07.83  274.3  009.26  30.779  1024.470  1472.53 
2024 01 26 13 22 58.12  31.049  06.507  0067.37  00.47  07.83  274.3  009.26  30.781  1024.471  1472.53 
2024 01 26 13 22 58.37  31.049  06.508  0067.27  00.48  07.83  274.3  009.26  30.781  1024.470  1472.53 
2024 01 26 13 22 58.62  31.049  06.506  0067.17  00.58  07.83  274.3  009.26  30.783  1024.471  1472.52 
2024 01 26 13 22 58.87  31.047  06.507  0067.09  00.53  07.83  277.1  009.26  30.780  1024.469  1472.52 
2024 01 26 13 22 59.12  31.050  06.506  0067.00  00.53  07.83  277.1  009.26  30.783  1024.471  1472.52 
2024 01 26 13 22 59.37  31.049  06.506  0066.90  00.54  07.83  277.1  009.26  30.782  1024.470  1472.52 
2024 01 26 13 22 59.62  31.046  06.506  0066.82  00.54  07.83  277.1  009.26  30.779  1024.467  1472.51 
2024 01 26 13 22 59.87  31.047  06.505  0066.73  00.52  07.83  277.1  009.26  30.781  1024.469  1472.51 
2024 01 26 13 23 00.12  31.046  06.507  0066.66  00.55  07.84  277.1  009.26  30.778  1024.465  1472.51 
2024 01 26 13 23 00.37  31.047  06.508  0066.58  00.55  07.84  277.1  009.26  30.779  1024.466  1472.52 
2024 01 26 13 23 00.62  31.050  06.508  0066.51  00.53  07.84  277.1  009.26  30.782  1024.468  1472.52 
2024 01 26 13 23 00.87  31.049  06.509  0066.41  00.50  07.83  277.1  009.26  30.780  1024.465  1472.52 
2024 01 26 13 23 01.12  31.050  06.510  0066.33  00.50  07.84  277.1  009.26  30.781  1024.466  1472.52 
2024 01 26 13 23 01.37  31.050  06.511  0066.24  00.47  07.84  277.1  009.26  30.779  1024.464  1472.53 
2024 01 26 13 23 01.62  31.050  06.510  0066.16  00.49  07.84  277.1  009.26  30.782  1024.465  1472.52 
2024 01 26 13 23 01.87  31.050  06.511  0066.08  00.47  07.84  279.2  009.26  30.780  1024.464  1472.52 
2024 01 26 13 23 02.12  31.050  06.510  0065.98  00.51  07.84  279.2  009.26  30.781  1024.464  1472.52 
2024 01 26 13 23 02.37  31.051  06.514  0065.89  00.59  07.84  279.2  009.26  30.778  1024.461  1472.53 
2024 01 26 13 23 02.62  31.053  06.515  0065.80  00.56  07.84  279.2  009.26  30.780  1024.462  1472.53 
2024 01 26 13 23 02.87  31.059  06.524  0065.72  00.62  07.84  279.2  009.26  30.778  1024.459  1472.57 
2024 01 26 13 23 03.12  31.062  06.527  0065.57  00.59  07.84  279.2  009.26  30.779  1024.458  1472.58 
2024 01 26 13 23 03.37  31.065  06.528  0065.46  00.56  07.84  279.2  009.26  30.781  1024.460  1472.58 
2024 01 26 13 23 03.62  31.064  06.529  0065.37  00.58  07.84  279.2  009.26  30.779  1024.458  1472.58 
2024 01 26 13 23 03.87  31.065  06.531  0065.26  00.54  07.84  279.2  009.26  30.780  1024.457  1472.59 
2024 01 26 13 23 04.12  31.067  06.530  0065.17  00.49  07.84  279.2  009.26  30.782  1024.458  1472.59 
2024 01 26 13 23 04.37  31.068  06.532  0065.11  00.53  07.84  279.2  009.26  30.781  1024.458  1472.59 
2024 01 26 13 23 04.62  31.069  06.533  0065.01  00.52  07.84  279.2  009.26  30.781  1024.456  1472.59 
2024 01 26 13 23 04.87  31.069  06.535  0064.91  00.52  07.84  280.9  009.26  30.779  1024.454  1472.60 
2024 01 26 13 23 05.12  31.071  06.537  0064.80  00.56  07.84  280.9  009.26  30.780  1024.455  1472.60 
2024 01 26 13 23 05.37  31.077  06.544  0064.71  00.63  07.84  280.9  009.26  30.781  1024.454  1472.63 
2024 01 26 13 23 05.62  31.081  06.548  0064.62  00.58  07.84  280.9  009.26  30.781  1024.453  1472.65 
2024 01 26 13 23 05.87  31.082  06.545  0064.55  00.56  07.84  280.9  009.26  30.785  1024.456  1472.64 
2024 01 26 13 23 06.12  31.082  06.544  0064.48  00.57  07.84  280.9  009.26  30.787  1024.457  1472.63 
2024 01 26 13 23 06.37  31.084  06.554  0064.42  00.56  07.84  280.9  009.26  30.778  1024.449  1472.67 
2024 01 26 13 23 06.62  31.088  06.560  0064.31  00.53  07.84  280.9  009.26  30.778  1024.447  1472.69 
2024 01 26 13 23 06.87  31.091  06.560  0064.22  00.52  07.84  280.9  009.26  30.782  1024.450  1472.69 
2024 01 26 13 23 07.12  31.096  06.571  0064.11  00.53  07.85  280.9  009.26  30.778  1024.445  1472.72 
2024 01 26 13 23 07.37  31.100  06.572  0064.02  00.60  07.85  280.9  009.26  30.780  1024.447  1472.73 
2024 01 26 13 23 07.62  31.100  06.572  0063.92  00.61  07.85  280.9  009.26  30.781  1024.447  1472.73 
2024 01 26 13 23 07.87  31.104  06.577  0063.83  00.57  07.85  282.4  009.26  30.781  1024.446  1472.75 
2024 01 26 13 23 08.12  31.104  06.576  0063.73  00.57  07.85  282.4  009.26  30.781  1024.445  1472.74 
2024 01 26 13 23 08.37  31.106  06.578  0063.64  00.50  07.85  282.4  009.26  30.783  1024.446  1472.75 
2024 01 26 13 23 08.62  31.107  06.580  0063.53  00.47  07.85  282.4  009.26  30.781  1024.444  1472.76 
2024 01 26 13 23 08.87  31.108  06.580  0063.46  00.55  07.85  282.4  009.26  30.783  1024.445  1472.76 
2024 01 26 13 23 09.12  31.107  06.581  0063.36  00.58  07.85  282.4  009.26  30.780  1024.442  1472.76 
2024 01 26 13 23 09.37  31.112  06.583  0063.24  00.58  07.85  282.4  009.26  30.785  1024.445  1472.77 
2024 01 26 13 23 09.62  31.111  06.583  0063.16  00.51  07.85  282.4  009.26  30.783  1024.443  1472.77 
2024 01 26 13 23 09.87  31.113  06.588  0063.08  00.49  07.85  282.4  009.26  30.782  1024.441  1472.78 
2024 01 26 13 23 10.12  31.112  06.589  0062.99  00.50  07.85  282.4  009.26  30.780  1024.439  1472.78 
2024 01 26 13 23 10.37  31.114  06.588  0062.90  00.70  07.85  282.4  009.26  30.782  1024.441  1472.78 
2024 01 26 13 23 10.62  31.113  06.589  0062.80  00.59  07.85  282.4  009.26  30.780  1024.439  1472.78 
2024 01 26 13 23 10.87  31.114  06.590  0062.71  00.55  07.85  283.5  009.26  30.780  1024.438  1472.78 
2024 01 26 13 23 11.12  31.116  06.591  0062.61  00.55  07.85  283.5  009.26  30.781  1024.439  1472.78 
2024 01 26 13 23 11.37  31.116  06.590  0062.53  00.57  07.85  283.5  009.26  30.782  1024.439  1472.78 
2024 01 26 13 23 11.62  31.115  06.592  0062.43  00.57  07.85  283.5  009.26  30.780  1024.436  1472.78 
2024 01 26 13 23 11.87  31.116  06.592  0062.35  00.58  07.85  283.5  009.26  30.781  1024.437  1472.78 
2024 01 26 13 23 12.12  31.117  06.593  0062.25  00.49  07.85  283.5  009.26  30.782  1024.437  1472.79 
2024 01 26 13 23 12.37  31.118  06.594  0062.16  00.49  07.85  283.5  009.26  30.782  1024.437  1472.79 
2024 01 26 13 23 12.62  31.120  06.595  0062.05  00.49  07.85  283.5  009.26  30.783  1024.437  1472.79 
2024 01 26 13 23 12.87  31.120  06.596  0061.95  00.53  07.85  283.5  009.26  30.782  1024.435  1472.79 
2024 01 26 13 23 13.12  31.121  06.598  0061.87  00.51  07.85  283.5  009.26  30.781  1024.434  1472.80 
2024 01 26 13 23 13.37  31.121  06.598  0061.76  00.46  07.85  283.5  009.26  30.782  1024.434  1472.80 
2024 01 26 13 23 13.62  31.124  06.600  0061.68  00.47  07.85  283.5  009.26  30.782  1024.434  1472.81 
2024 01 26 13 23 13.87  31.125  06.601  0061.55  00.49  07.85  284.4  009.26  30.783  1024.434  1472.81 
2024 01 26 13 23 14.12  31.124  06.603  0061.46  00.56  07.85  284.4  009.26  30.780  1024.431  1472.81 
2024 01 26 13 23 14.37  31.124  06.603  0061.38  00.56  07.85  284.4  009.26  30.780  1024.431  1472.81 
2024 01 26 13 23 14.62  31.125  06.605  0061.26  00.58  07.85  284.4  009.26  30.780  1024.430  1472.82 
2024 01 26 13 23 14.87  31.125  06.604  0061.19  00.55  07.85  284.4  009.26  30.781  1024.430  1472.81 
2024 01 26 13 23 15.12  31.126  06.603  0061.12  00.57  07.85  284.4  009.26  30.783  1024.432  1472.81 
2024 01 26 13 23 15.37  31.126  06.604  0061.03  00.58  07.85  284.4  009.26  30.782  1024.430  1472.81 
2024 01 26 13 23 15.62  31.125  06.603  0060.94  00.56  07.85  284.4  009.26  30.782  1024.430  1472.81 
2024 01 26 13 23 15.87  31.127  06.603  0060.88  00.48  07.85  284.4  009.26  30.784  1024.431  1472.81 
2024 01 26 13 23 16.12  31.126  06.605  0060.80  00.53  07.85  284.4  009.26  30.781  1024.428  1472.81 
2024 01 26 13 23 16.37  31.126  06.604  0060.70  00.59  07.85  284.4  009.26  30.782  1024.428  1472.81 
2024 01 26 13 23 16.62  31.126  06.604  0060.65  00.54  07.85  284.4  009.26  30.781  1024.428  1472.81 
2024 01 26 13 23 16.87  31.126  06.604  0060.54  00.54  07.85  285.2  009.26  30.782  1024.428  1472.80 
2024 01 26 13 23 17.12  31.127  06.605  0060.44  00.56  07.86  285.2  009.26  30.782  1024.427  1472.81 
2024 01 26 13 23 17.37  31.125  06.605  0060.35  00.54  07.86  285.2  009.26  30.780  1024.425  1472.80 
2024 01 26 13 23 17.62  31.126  06.605  0060.25  00.55  07.86  285.2  009.26  30.781  1024.426  1472.80 
2024 01 26 13 23 17.87  31.126  06.604  0060.15  00.53  07.86  285.2  009.26  30.782  1024.426  1472.80 
2024 01 26 13 23 18.12  31.125  06.605  0060.07  00.59  07.86  285.2  009.26  30.780  1024.424  1472.80 
2024 01 26 13 23 18.37  31.126  06.604  0059.99  00.55  07.86  285.2  009.26  30.782  1024.426  1472.79 
2024 01 26 13 23 18.62  31.125  06.605  0059.93  00.54  07.86  285.2  009.26  30.780  1024.424  1472.80 
2024 01 26 13 23 18.87  31.126  06.605  0059.86  00.58  07.85  285.2  009.26  30.782  1024.424  1472.79 
2024 01 26 13 23 19.12  31.124  06.604  0059.76  00.56  07.86  285.2  009.26  30.781  1024.423  1472.79 
2024 01 26 13 23 19.37  31.126  06.604  0059.67  00.56  07.86  285.2  009.26  30.782  1024.424  1472.79 
2024 01 26 13 23 19.62  31.125  06.605  0059.59  00.66  07.86  285.2  009.26  30.781  1024.422  1472.79 
2024 01 26 13 23 19.87  31.126  06.605  0059.48  00.65  07.86  285.5  009.26  30.782  1024.423  1472.79 
2024 01 26 13 23 20.12  31.125  06.604  0059.40  00.53  07.86  285.5  009.26  30.782  1024.422  1472.78 
2024 01 26 13 23 20.37  31.126  06.605  0059.30  00.55  07.86  285.5  009.26  30.782  1024.422  1472.79 
2024 01 26 13 23 20.62  31.124  06.604  0059.23  00.57  07.86  285.5  009.26  30.781  1024.421  1472.78 
2024 01 26 13 23 20.87  31.124  06.605  0059.13  00.59  07.86  285.5  009.26  30.779  1024.419  1472.78 
2024 01 26 13 23 21.12  31.125  06.604  0059.04  00.54  07.86  285.5  009.26  30.781  1024.421  1472.78 
2024 01 26 13 23 21.37  31.125  06.606  0058.95  00.53  07.86  285.5  009.26  30.780  1024.419  1472.78 
2024 01 26 13 23 21.62  31.125  06.605  0058.86  00.55  07.86  285.5  009.26  30.781  1024.419  1472.78 
2024 01 26 13 23 21.87  31.125  06.604  0058.77  00.54  07.85  285.5  009.26  30.782  1024.419  1472.78 
2024 01 26 13 23 22.12  31.124  06.606  0058.70  00.51  07.86  285.5  009.26  30.780  1024.417  1472.78 
2024 01 26 13 23 22.37  31.125  06.606  0058.60  00.49  07.86  285.5  009.26  30.780  1024.417  1472.78 
2024 01 26 13 23 22.62  31.126  06.606  0058.51  00.50  07.86  285.5  009.26  30.781  1024.418  1472.78 
2024 01 26 13 23 22.87  31.126  06.604  0058.44  00.50  07.86  285.9  009.26  30.783  1024.419  1472.77 
2024 01 26 13 23 23.12  31.120  06.599  0058.37  00.51  07.86  285.9  009.26  30.782  1024.418  1472.75 
2024 01 26 13 23 23.37  31.115  06.594  0058.27  00.50  07.86  285.9  009.26  30.780  1024.417  1472.72 
2024 01 26 13 23 23.62  31.098  06.577  0058.18  00.52  07.85  285.9  009.26  30.777  1024.416  1472.65 
2024 01 26 13 23 23.87  31.094  06.578  0058.13  00.55  07.85  285.9  009.26  30.772  1024.412  1472.65 
2024 01 26 13 23 24.12  31.089  06.569  0058.04  00.49  07.85  285.9  009.26  30.773  1024.414  1472.62 
2024 01 26 13 23 24.37  31.083  06.564  0057.97  00.52  07.85  285.9  009.26  30.772  1024.414  1472.59 
2024 01 26 13 23 24.62  31.081  06.568  0057.90  00.56  07.85  285.9  009.26  30.767  1024.409  1472.60 
2024 01 26 13 23 24.87  31.084  06.566  0057.86  00.55  07.85  285.9  009.26  30.771  1024.412  1472.60 
2024 01 26 13 23 25.12  31.077  06.557  0057.78  00.57  07.85  285.9  009.26  30.771  1024.413  1472.56 
2024 01 26 13 23 25.37  31.054  06.533  0057.71  00.59  07.85  285.9  009.26  30.768  1024.413  1472.46 
2024 01 26 13 23 25.62  31.050  06.531  0057.63  00.52  07.84  285.9  009.26  30.766  1024.411  1472.45 
2024 01 26 13 23 25.87  31.050  06.532  0057.53  00.53  07.84  285.2  009.26  30.765  1024.410  1472.45 
2024 01 26 13 23 26.12  31.047  06.530  0057.44  00.61  07.84  285.2  009.26  30.763  1024.408  1472.44 
2024 01 26 13 23 26.37  31.046  06.531  0057.35  00.57  07.84  285.2  009.26  30.762  1024.407  1472.44 
2024 01 26 13 23 26.62  31.050  06.532  0057.25  00.52  07.84  285.2  009.26  30.764  1024.408  1472.44 
2024 01 26 13 23 26.87  31.048  06.531  0057.17  00.59  07.84  285.2  009.26  30.764  1024.407  1472.44 
2024 01 26 13 23 27.12  31.044  06.526  0057.05  00.57  07.84  285.2  009.26  30.764  1024.407  1472.42 
2024 01 26 13 23 27.37  31.041  06.524  0056.96  00.57  07.84  285.2  009.26  30.762  1024.406  1472.41 
2024 01 26 13 23 27.62  31.040  06.524  0056.85  00.52  07.84  285.2  009.26  30.761  1024.405  1472.40 
2024 01 26 13 23 27.87  31.041  06.525  0056.75  00.52  07.84  285.2  009.26  30.761  1024.404  1472.40 
2024 01 26 13 23 28.12  31.040  06.524  0056.68  00.59  07.84  285.2  009.26  30.761  1024.404  1472.40 
2024 01 26 13 23 28.37  31.039  06.525  0056.60  00.60  07.84  285.2  009.26  30.760  1024.402  1472.40 
2024 01 26 13 23 28.62  31.038  06.524  0056.54  00.55  07.84  285.2  009.26  30.760  1024.402  1472.39 
2024 01 26 13 23 28.87  31.035  06.522  0056.44  00.51  07.84  283.5  009.26  30.758  1024.401  1472.38 
2024 01 26 13 23 29.12  31.034  06.522  0056.39  00.51  07.84  283.5  009.26  30.757  1024.400  1472.38 
2024 01 26 13 23 29.37  31.037  06.522  0056.31  00.53  07.84  283.5  009.26  30.760  1024.401  1472.38 
2024 01 26 13 23 29.62  31.033  06.520  0056.24  00.47  07.84  283.5  009.26  30.758  1024.400  1472.37 
2024 01 26 13 23 29.87  31.034  06.520  0056.16  00.56  07.84  283.5  009.26  30.760  1024.401  1472.37 
2024 01 26 13 23 30.12  31.033  06.517  0056.07  00.55  07.84  283.5  009.26  30.760  1024.401  1472.36 
2024 01 26 13 23 30.37  31.033  06.519  0056.00  00.51  07.84  283.5  009.26  30.759  1024.399  1472.36 
2024 01 26 13 23 30.62  31.032  06.518  0055.91  00.55  07.84  283.5  009.26  30.759  1024.399  1472.36 
2024 01 26 13 23 30.87  31.031  06.518  0055.85  00.55  07.83  283.5  009.26  30.758  1024.398  1472.36 
2024 01 26 13 23 31.12  31.033  06.518  0055.74  00.48  07.83  283.5  009.26  30.759  1024.398  1472.36 
2024 01 26 13 23 31.37  31.031  06.518  0055.64  00.48  07.83  283.5  009.26  30.757  1024.397  1472.35 
2024 01 26 13 23 31.62  31.033  06.519  0055.58  00.55  07.84  283.5  009.26  30.759  1024.398  1472.36 
2024 01 26 13 23 31.87  31.033  06.518  0055.50  00.61  07.83  282.2  009.26  30.760  1024.398  1472.35 
2024 01 26 13 23 32.12  31.032  06.516  0055.44  00.53  07.83  282.2  009.26  30.760  1024.398  1472.35 
2024 01 26 13 23 32.37  31.032  06.516  0055.36  00.51  07.83  282.2  009.26  30.760  1024.398  1472.35 
2024 01 26 13 23 32.62  31.030  06.517  0055.26  00.60  07.83  282.2  009.26  30.758  1024.396  1472.34 
2024 01 26 13 23 32.87  31.033  06.523  0055.19  00.57  07.83  282.2  009.26  30.756  1024.393  1472.36 
2024 01 26 13 23 33.12  31.033  06.526  0055.09  00.54  07.83  282.2  009.26  30.753  1024.390  1472.37 
2024 01 26 13 23 33.37  31.034  06.526  0054.99  00.53  07.83  282.2  009.26  30.754  1024.390  1472.37 
2024 01 26 13 23 33.62  31.035  06.530  0054.89  00.57  07.83  282.2  009.26  30.752  1024.387  1472.38 
2024 01 26 13 23 33.87  31.037  06.530  0054.83  00.53  07.83  282.2  009.26  30.754  1024.389  1472.38 
2024 01 26 13 23 34.12  31.036  06.530  0054.76  00.55  07.83  282.2  009.26  30.753  1024.387  1472.38 
2024 01 26 13 23 34.37  31.037  06.531  0054.70  00.52  07.83  282.2  009.26  30.753  1024.387  1472.38 
2024 01 26 13 23 34.62  31.037  06.531  0054.63  00.51  07.83  282.2  009.26  30.753  1024.387  1472.38 
2024 01 26 13 23 34.87  31.040  06.534  0054.57  00.50  07.83  281.3  009.26  30.754  1024.387  1472.39 
2024 01 26 13 23 35.12  31.040  06.535  0054.47  00.51  07.83  281.3  009.26  30.752  1024.385  1472.40 
2024 01 26 13 23 35.37  31.044  06.537  0054.39  00.54  07.83  281.3  009.26  30.755  1024.387  1472.41 
2024 01 26 13 23 35.62  31.041  06.538  0054.32  00.57  07.83  281.3  009.26  30.751  1024.383  1472.40 
2024 01 26 13 23 35.87  31.042  06.538  0054.23  00.58  07.83  281.3  009.26  30.753  1024.384  1472.40 
2024 01 26 13 23 36.12  31.043  06.538  0054.15  00.61  07.83  281.3  009.26  30.753  1024.384  1472.40 
2024 01 26 13 23 36.37  31.044  06.539  0054.05  00.59  07.83  281.3  009.26  30.753  1024.384  1472.41 
2024 01 26 13 23 36.62  31.043  06.538  0053.98  00.56  07.83  281.3  009.26  30.754  1024.384  1472.40 
2024 01 26 13 23 36.87  31.044  06.540  0053.89  00.55  07.83  281.3  009.26  30.753  1024.382  1472.41 
2024 01 26 13 23 37.12  31.046  06.541  0053.81  00.56  07.83  281.3  009.26  30.754  1024.383  1472.41 
2024 01 26 13 23 37.37  31.046  06.542  0053.70  00.57  07.83  281.3  009.26  30.753  1024.381  1472.41 
2024 01 26 13 23 37.62  31.046  06.547  0053.63  00.52  07.83  281.3  009.26  30.749  1024.377  1472.43 
2024 01 26 13 23 37.87  31.050  06.548  0053.54  00.57  07.83  280.6  009.26  30.753  1024.380  1472.43 
2024 01 26 13 23 38.12  31.050  06.545  0053.47  00.57  07.83  280.6  009.26  30.756  1024.382  1472.42 
2024 01 26 13 23 38.37  31.056  06.556  0053.40  00.57  07.83  280.6  009.26  30.752  1024.377  1472.46 
2024 01 26 13 23 38.62  31.056  06.557  0053.30  00.55  07.83  280.6  009.26  30.751  1024.376  1472.46 
2024 01 26 13 23 38.87  31.058  06.558  0053.23  00.57  07.83  280.6  009.26  30.753  1024.377  1472.47 
2024 01 26 13 23 39.12  31.065  06.569  0053.12  00.56  07.83  280.6  009.26  30.751  1024.374  1472.51 
2024 01 26 13 23 39.37  31.068  06.570  0053.03  00.60  07.84  280.6  009.26  30.752  1024.374  1472.51 
2024 01 26 13 23 39.62  31.065  06.567  0052.95  00.66  07.84  280.6  009.26  30.753  1024.375  1472.50 
2024 01 26 13 23 39.87  31.071  06.574  0052.86  00.55  07.83  280.6  009.26  30.752  1024.373  1472.52 
2024 01 26 13 23 40.12  31.074  06.579  0052.76  00.55  07.84  280.6  009.26  30.751  1024.371  1472.54 
2024 01 26 13 23 40.37  31.076  06.582  0052.67  00.52  07.84  280.6  009.26  30.751  1024.370  1472.55 
2024 01 26 13 23 40.62  31.079  06.588  0052.58  00.49  07.84  280.6  009.26  30.749  1024.367  1472.57 
2024 01 26 13 23 40.87  31.083  06.590  0052.49  00.51  07.84  280.2  009.26  30.751  1024.368  1472.58 
2024 01 26 13 23 41.12  31.083  06.591  0052.40  00.53  07.84  280.2  009.26  30.751  1024.367  1472.58 
2024 01 26 13 23 41.37  31.084  06.592  0052.34  00.58  07.84  280.2  009.26  30.750  1024.366  1472.58 
2024 01 26 13 23 41.62  31.082  06.590  0052.24  00.56  07.84  280.2  009.26  30.750  1024.366  1472.58 
2024 01 26 13 23 41.87  31.081  06.591  0052.18  00.57  07.84  280.2  009.26  30.749  1024.365  1472.58 
2024 01 26 13 23 42.12  31.081  06.592  0052.10  00.54  07.84  280.2  009.26  30.747  1024.363  1472.58 
2024 01 26 13 23 42.37  31.081  06.593  0052.01  00.57  07.84  280.2  009.26  30.746  1024.362  1472.58 
2024 01 26 13 23 42.62  31.081  06.593  0051.94  00.50  07.84  280.2  009.26  30.746  1024.362  1472.58 
2024 01 26 13 23 42.87  31.080  06.594  0051.85  00.52  07.84  280.2  009.26  30.744  1024.359  1472.58 
2024 01 26 13 23 43.12  31.081  06.595  0051.77  00.61  07.84  280.2  009.26  30.746  1024.360  1472.58 
2024 01 26 13 23 43.37  31.081  06.594  0051.68  00.55  07.84  280.2  009.26  30.745  1024.359  1472.58 
2024 01 26 13 23 43.62  31.080  06.596  0051.61  00.47  07.84  280.2  009.26  30.743  1024.357  1472.58 
2024 01 26 13 23 43.87  31.080  06.597  0051.50  00.58  07.84  280.6  009.26  30.742  1024.355  1472.58 
2024 01 26 13 23 44.12  31.081  06.597  0051.41  00.55  07.84  280.6  009.26  30.743  1024.356  1472.58 
2024 01 26 13 23 44.37  31.080  06.598  0051.32  00.59  07.84  280.6  009.26  30.741  1024.354  1472.58 
2024 01 26 13 23 44.62  31.079  06.596  0051.26  00.60  07.84  280.6  009.26  30.742  1024.354  1472.57 
2024 01 26 13 23 44.87  31.080  06.597  0051.18  00.56  07.84  280.6  009.26  30.742  1024.354  1472.57 
2024 01 26 13 23 45.12  31.081  06.597  0051.12  00.61  07.84  280.6  009.26  30.743  1024.355  1472.58 
2024 01 26 13 23 45.37  31.081  06.597  0051.08  00.57  07.84  280.6  009.26  30.744  1024.355  1472.57 
2024 01 26 13 23 45.62  31.081  06.597  0051.02  00.52  07.84  280.6  009.26  30.743  1024.354  1472.57 
2024 01 26 13 23 45.87  31.084  06.603  0050.97  00.50  07.84  280.6  009.26  30.741  1024.351  1472.59 
2024 01 26 13 23 46.12  31.085  06.605  0050.89  00.60  07.84  280.6  009.26  30.741  1024.351  1472.60 
2024 01 26 13 23 46.37  31.086  06.606  0050.82  00.56  07.84  280.6  009.26  30.741  1024.350  1472.60 
2024 01 26 13 23 46.62  31.090  06.609  0050.78  00.55  07.84  280.6  009.26  30.742  1024.351  1472.62 
2024 01 26 13 23 46.87  31.092  06.611  0050.70  00.59  07.84  281.1  009.26  30.743  1024.351  1472.62 
2024 01 26 13 23 47.12  31.095  06.616  0050.63  00.57  07.84  281.1  009.26  30.742  1024.349  1472.64 
2024 01 26 13 23 47.37  31.098  06.624  0050.57  00.54  07.84  281.1  009.26  30.738  1024.345  1472.67 
2024 01 26 13 23 47.62  31.102  06.623  0050.49  00.52  07.84  281.1  009.26  30.743  1024.349  1472.67 
2024 01 26 13 23 47.87  31.100  06.622  0050.43  00.55  07.84  281.1  009.26  30.743  1024.348  1472.66 
2024 01 26 13 23 48.12  31.104  06.628  0050.39  00.58  07.84  281.1  009.26  30.741  1024.346  1472.68 
2024 01 26 13 23 48.37  31.107  06.632  0050.31  00.57  07.84  281.1  009.26  30.740  1024.344  1472.70 
2024 01 26 13 23 48.62  31.110  06.633  0050.23  00.58  07.84  281.1  009.26  30.743  1024.346  1472.70 
2024 01 26 13 23 48.87  31.111  06.638  0050.17  00.59  07.84  281.1  009.26  30.740  1024.343  1472.72 
2024 01 26 13 23 49.12  31.111  06.640  0050.07  00.57  07.84  281.1  009.26  30.738  1024.341  1472.72 
2024 01 26 13 23 49.37  31.114  06.641  0050.02  00.59  07.84  281.1  009.26  30.741  1024.342  1472.73 
2024 01 26 13 23 49.62  31.118  06.647  0049.95  00.55  07.84  281.1  009.26  30.740  1024.340  1472.75 
2024 01 26 13 23 49.87  31.121  06.652  0049.88  00.53  07.85  281.7  009.26  30.738  1024.338  1472.77 
2024 01 26 13 23 50.12  31.124  06.655  0049.82  00.55  07.85  281.7  009.26  30.740  1024.339  1472.78 
2024 01 26 13 23 50.37  31.135  06.669  0049.76  00.55  07.85  281.7  009.26  30.739  1024.336  1472.83 
2024 01 26 13 23 50.62  31.138  06.670  0049.71  00.57  07.85  281.7  009.26  30.741  1024.337  1472.84 
2024 01 26 13 23 50.87  31.140  06.669  0049.64  00.63  07.85  281.7  009.26  30.744  1024.340  1472.84 
2024 01 26 13 23 51.12  31.148  06.685  0049.60  00.59  07.85  281.7  009.26  30.739  1024.333  1472.89 
2024 01 26 13 23 51.37  31.153  06.686  0049.53  00.61  07.85  281.7  009.26  30.743  1024.336  1472.90 
2024 01 26 13 23 51.62  31.157  06.691  0049.47  00.56  07.85  281.7  009.26  30.742  1024.334  1472.92 
2024 01 26 13 23 51.87  31.166  06.707  0049.41  00.55  07.85  281.7  009.26  30.738  1024.329  1472.97 
2024 01 26 13 23 52.12  31.170  06.702  0049.36  00.60  07.85  281.7  009.26  30.747  1024.337  1472.96 
2024 01 26 13 23 52.37  31.170  06.703  0049.30  00.58  07.85  281.7  009.26  30.746  1024.335  1472.97 
2024 01 26 13 23 52.62  31.178  06.715  0049.25  00.59  07.85  281.7  009.26  30.744  1024.332  1473.01 
2024 01 26 13 23 52.87  31.181  06.717  0049.21  00.55  07.85  282.5  009.26  30.746  1024.333  1473.02 
2024 01 26 13 23 53.12  31.182  06.717  0049.14  00.57  07.85  282.5  009.26  30.748  1024.334  1473.02 
2024 01 26 13 23 53.37  31.188  06.728  0049.07  00.55  07.85  282.5  009.26  30.743  1024.329  1473.06 
2024 01 26 13 23 53.62  31.187  06.730  0049.03  00.59  07.85  282.5  009.26  30.741  1024.327  1473.06 
2024 01 26 13 23 53.87  31.189  06.722  0049.00  00.55  07.85  282.5  009.26  30.750  1024.334  1473.04 
2024 01 26 13 23 54.12  31.194  06.735  0048.93  00.59  07.85  282.5  009.26  30.744  1024.328  1473.09 
2024 01 26 13 23 54.37  31.194  06.735  0048.89  00.55  07.85  282.5  009.26  30.744  1024.328  1473.09 
2024 01 26 13 23 54.62  31.196  06.734  0048.87  00.60  07.85  282.5  009.26  30.747  1024.330  1473.09 
2024 01 26 13 23 54.87  31.198  06.737  0048.81  00.64  07.85  282.5  009.26  30.746  1024.328  1473.09 
2024 01 26 13 23 55.12  31.198  06.738  0048.76  00.50  07.85  282.5  009.26  30.746  1024.328  1473.10 
2024 01 26 13 23 55.37  31.199  06.741  0048.70  00.49  07.85  282.5  009.26  30.744  1024.326  1473.11 
2024 01 26 13 23 55.62  31.206  06.748  0048.61  00.47  07.86  282.5  009.26  30.746  1024.326  1473.13 
2024 01 26 13 23 55.87  31.210  06.753  0048.54  00.58  07.85  283.1  009.26  30.746  1024.326  1473.15 
2024 01 26 13 23 56.12  31.212  06.755  0048.46  00.57  07.86  283.1  009.26  30.745  1024.324  1473.16 
2024 01 26 13 23 56.37  31.210  06.756  0048.37  00.57  07.85  283.1  009.26  30.743  1024.322  1473.16 
2024 01 26 13 23 56.62  31.210  06.755  0048.30  00.52  07.85  283.1  009.29  30.744  1024.323  1473.15 
2024 01 26 13 23 56.87  31.211  06.752  0048.23  00.63  07.86  283.1  009.26  30.748  1024.325  1473.15 
2024 01 26 13 23 57.12  31.207  06.749  0048.17  00.61  07.86  283.1  009.26  30.746  1024.324  1473.13 
2024 01 26 13 23 57.37  31.206  06.750  0048.13  00.60  07.86  283.1  009.26  30.744  1024.323  1473.13 
2024 01 26 13 23 57.62  31.203  06.747  0048.08  00.63  07.86  283.1  009.26  30.744  1024.322  1473.12 
2024 01 26 13 23 57.87  31.200  06.745  0048.00  00.63  07.85  283.1  009.26  30.742  1024.321  1473.11 
2024 01 26 13 23 58.12  31.200  06.746  0047.96  00.58  07.86  283.1  009.26  30.741  1024.319  1473.11 
2024 01 26 13 23 58.37  31.198  06.745  0047.92  00.59  07.86  283.1  009.26  30.741  1024.319  1473.10 
2024 01 26 13 23 58.62  31.187  06.735  0047.85  00.61  07.86  283.1  009.26  30.737  1024.318  1473.06 
2024 01 26 13 23 58.87  31.186  06.732  0047.80  00.54  07.86  283.7  009.26  30.738  1024.318  1473.05 
2024 01 26 13 23 59.12  31.182  06.731  0047.71  00.56  07.86  283.7  009.26  30.735  1024.315  1473.04 
2024 01 26 13 23 59.37  31.182  06.730  0047.65  00.57  07.86  283.7  009.26  30.736  1024.316  1473.03 
2024 01 26 13 23 59.62  31.178  06.728  0047.61  00.56  07.86  283.7  009.26  30.733  1024.314  1473.03 
2024 01 26 13 23 59.87  31.178  06.725  0047.52  00.64  07.86  283.7  009.26  30.736  1024.316  1473.01 
2024 01 26 13 24 00.12  31.171  06.717  0047.45  00.61  07.86  283.7  009.26  30.736  1024.317  1472.98 
2024 01 26 13 24 00.37  31.171  06.717  0047.37  00.58  07.85  283.7  009.26  30.735  1024.316  1472.98 
2024 01 26 13 24 00.62  31.171  06.719  0047.28  00.64  07.85  283.7  009.26  30.735  1024.315  1472.98 
2024 01 26 13 24 00.87  31.174  06.723  0047.23  00.64  07.85  283.7  009.26  30.733  1024.313  1473.00 
2024 01 26 13 24 01.12  31.174  06.724  0047.20  00.57  07.86  283.7  009.26  30.733  1024.313  1473.00 
2024 01 26 13 24 01.37  31.180  06.729  0047.16  00.54  07.86  283.7  009.26  30.735  1024.313  1473.02 
2024 01 26 13 24 01.62  31.195  06.752  0047.09  00.59  07.86  283.7  009.26  30.731  1024.307  1473.11 
2024 01 26 13 24 01.87  31.203  06.762  0047.01  00.62  07.86  284.4  009.26  30.731  1024.305  1473.14 
2024 01 26 13 24 02.12  31.205  06.764  0046.94  00.59  07.86  284.4  009.26  30.731  1024.305  1473.15 
2024 01 26 13 24 02.37  31.202  06.761  0046.87  00.58  07.86  284.4  009.26  30.730  1024.305  1473.14 
2024 01 26 13 24 02.62  31.198  06.757  0046.79  00.56  07.86  284.4  009.26  30.729  1024.304  1473.12 
2024 01 26 13 24 02.87  31.198  06.759  0046.76  00.61  07.86  284.4  009.26  30.728  1024.303  1473.12 
2024 01 26 13 24 03.12  31.199  06.762  0046.68  00.59  07.86  284.4  009.26  30.726  1024.300  1473.13 
2024 01 26 13 24 03.37  31.205  06.767  0046.63  00.59  07.86  284.4  009.26  30.728  1024.301  1473.15 
2024 01 26 13 24 03.62  31.207  06.773  0046.55  00.60  07.86  284.4  009.26  30.725  1024.297  1473.17 
2024 01 26 13 24 03.87  31.214  06.785  0046.48  00.63  07.86  284.4  009.26  30.723  1024.293  1473.22 
2024 01 26 13 24 04.12  31.222  06.791  0046.39  00.57  07.86  284.4  009.26  30.726  1024.295  1473.24 
2024 01 26 13 24 04.37  31.223  06.791  0046.32  00.58  07.86  284.4  009.26  30.727  1024.295  1473.24 
2024 01 26 13 24 04.62  31.226  06.793  0046.23  00.57  07.86  284.4  009.26  30.729  1024.296  1473.25 
2024 01 26 13 24 04.87  31.229  06.799  0046.16  00.62  07.86  284.6  009.26  30.726  1024.293  1473.27 
2024 01 26 13 24 05.12  31.236  06.802  0046.08  00.69  07.86  284.6  009.26  30.730  1024.295  1473.29 
2024 01 26 13 24 05.37  31.259  06.825  0046.01  00.59  07.86  284.6  009.26  30.735  1024.296  1473.38 
2024 01 26 13 24 05.62  31.268  06.832  0045.90  00.63  07.86  284.6  009.26  30.738  1024.297  1473.41 
2024 01 26 13 24 05.87  31.266  06.826  0045.83  00.60  07.86  284.6  009.26  30.742  1024.300  1473.39 
2024 01 26 13 24 06.12  31.273  06.825  0045.75  00.64  07.86  284.6  009.26  30.751  1024.307  1473.40 
2024 01 26 13 24 06.37  31.291  06.869  0045.64  00.62  07.86  284.6  009.26  30.731  1024.285  1473.54 
2024 01 26 13 24 06.62  31.285  06.859  0045.59  00.58  07.86  284.6  009.26  30.734  1024.289  1473.51 
2024 01 26 13 24 06.87  31.288  06.860  0045.50  00.63  07.86  284.6  009.26  30.736  1024.290  1473.51 
2024 01 26 13 24 07.12  31.292  06.866  0045.43  00.63  07.86  284.6  009.26  30.735  1024.288  1473.53 
2024 01 26 13 24 07.37  31.293  06.864  0045.38  00.59  07.87  284.6  009.26  30.738  1024.290  1473.53 
2024 01 26 13 24 07.62  31.293  06.865  0045.32  00.56  07.87  284.6  009.26  30.737  1024.289  1473.53 
2024 01 26 13 24 07.87  31.303  06.870  0045.23  00.57  07.87  284.7  009.26  30.743  1024.293  1473.55 
2024 01 26 13 24 08.12  31.307  06.878  0045.19  00.58  07.87  284.7  009.26  30.741  1024.290  1473.58 
2024 01 26 13 24 08.37  31.313  06.883  0045.15  00.58  07.87  284.7  009.26  30.743  1024.291  1473.60 
2024 01 26 13 24 08.62  31.344  06.911  0045.05  00.63  07.87  284.7  009.26  30.751  1024.293  1473.72 
2024 01 26 13 24 08.87  31.355  06.914  0045.01  00.62  07.87  284.7  009.26  30.761  1024.300  1473.75 
2024 01 26 13 24 09.12  31.365  06.944  0044.96  00.60  07.87  284.7  009.26  30.744  1024.283  1473.84 
2024 01 26 13 24 09.37  31.405  06.990  0044.88  00.76  07.87  284.7  009.26  30.747  1024.279  1474.03 
2024 01 26 13 24 09.62  31.412  06.998  0044.83  00.74  07.87  284.7  009.26  30.747  1024.278  1474.06 
2024 01 26 13 24 09.87  31.420  07.001  0044.79  00.67  07.87  284.7  009.26  30.753  1024.282  1474.07 
2024 01 26 13 24 10.12  31.444  07.027  0044.69  00.67  07.87  284.7  009.26  30.755  1024.279  1474.18 
2024 01 26 13 24 10.37  31.448  07.033  0044.62  00.59  07.87  284.7  009.26  30.756  1024.279  1474.20 
2024 01 26 13 24 10.62  31.452  07.034  0044.53  00.60  07.88  284.7  009.26  30.759  1024.281  1474.21 
2024 01 26 13 24 10.87  31.466  07.047  0044.44  00.73  07.88  285.5  009.26  30.762  1024.281  1474.26 
2024 01 26 13 24 11.12  31.466  07.050  0044.38  00.79  07.88  285.5  009.26  30.759  1024.278  1474.27 
2024 01 26 13 24 11.37  31.467  07.053  0044.27  00.62  07.88  285.5  009.26  30.759  1024.277  1474.28 
2024 01 26 13 24 11.62  31.471  07.056  0044.21  00.61  07.88  285.5  009.26  30.760  1024.277  1474.29 
2024 01 26 13 24 11.87  31.471  07.056  0044.12  00.61  07.88  285.5  009.26  30.760  1024.277  1474.29 
2024 01 26 13 24 12.12  31.475  07.060  0044.04  00.63  07.88  285.5  009.26  30.760  1024.276  1474.30 
2024 01 26 13 24 12.37  31.476  07.061  0043.93  00.63  07.88  285.5  009.26  30.761  1024.276  1474.31 
2024 01 26 13 24 12.62  31.477  07.062  0043.88  00.68  07.88  285.5  009.26  30.761  1024.276  1474.31 
2024 01 26 13 24 12.87  31.478  07.062  0043.81  00.63  07.88  285.5  009.26  30.762  1024.276  1474.31 
2024 01 26 13 24 13.12  31.478  07.066  0043.73  00.65  07.88  285.5  009.26  30.758  1024.272  1474.32 
2024 01 26 13 24 13.37  31.480  07.066  0043.66  00.63  07.88  285.5  009.26  30.761  1024.274  1474.32 
2024 01 26 13 24 13.62  31.480  07.067  0043.59  00.58  07.88  285.5  009.26  30.760  1024.273  1474.32 
2024 01 26 13 24 13.87  31.494  07.083  0043.52  00.62  07.88  286.0  009.26  30.762  1024.272  1474.38 
2024 01 26 13 24 14.12  31.495  07.087  0043.45  00.66  07.88  286.0  009.26  30.759  1024.269  1474.40 
2024 01 26 13 24 14.37  31.500  07.092  0043.39  00.65  07.88  286.0  009.26  30.759  1024.268  1474.42 
2024 01 26 13 24 14.62  31.510  07.101  0043.31  00.70  07.88  286.0  009.26  30.762  1024.269  1474.45 
2024 01 26 13 24 14.87  31.511  07.104  0043.22  00.64  07.89  286.0  009.26  30.760  1024.267  1474.46 
2024 01 26 13 24 15.12  31.512  07.110  0043.14  00.62  07.89  286.0  009.26  30.756  1024.262  1474.48 
2024 01 26 13 24 15.37  31.518  07.112  0043.07  00.66  07.89  286.0  009.26  30.760  1024.265  1474.49 
2024 01 26 13 24 15.62  31.517  07.111  0043.03  00.69  07.89  286.0  009.26  30.761  1024.265  1474.49 
2024 01 26 13 24 15.87  31.520  07.113  0042.94  00.69  07.89  286.0  009.26  30.763  1024.266  1474.49 
2024 01 26 13 24 16.12  31.522  07.117  0042.87  00.63  07.89  286.0  009.26  30.761  1024.264  1474.51 
2024 01 26 13 24 16.37  31.523  07.117  0042.82  00.63  07.89  286.0  009.26  30.763  1024.265  1474.51 
2024 01 26 13 24 16.62  31.523  07.117  0042.77  00.69  07.89  286.0  009.26  30.763  1024.265  1474.51 
2024 01 26 13 24 16.87  31.524  07.121  0042.70  00.72  07.89  286.7  009.26  30.759  1024.261  1474.52 
2024 01 26 13 24 17.12  31.525  07.120  0042.64  00.72  07.89  286.7  009.26  30.761  1024.262  1474.52 
2024 01 26 13 24 17.37  31.525  07.120  0042.58  00.67  07.89  286.7  009.26  30.762  1024.263  1474.52 
2024 01 26 13 24 17.62  31.525  07.123  0042.51  00.69  07.89  286.7  009.26  30.760  1024.261  1474.52 
2024 01 26 13 24 17.87  31.524  07.122  0042.44  00.65  07.89  286.7  009.26  30.759  1024.260  1474.52 
2024 01 26 13 24 18.12  31.525  07.122  0042.42  00.69  07.89  286.7  009.26  30.761  1024.261  1474.52 
2024 01 26 13 24 18.37  31.526  07.123  0042.32  00.65  07.89  286.7  009.26  30.761  1024.260  1474.52 
2024 01 26 13 24 18.62  31.527  07.125  0042.25  00.61  07.89  286.7  009.26  30.760  1024.259  1474.53 
2024 01 26 13 24 18.87  31.526  07.125  0042.15  00.63  07.89  286.7  009.26  30.759  1024.258  1474.52 
2024 01 26 13 24 19.12  31.528  07.127  0042.10  00.64  07.89  286.7  009.26  30.759  1024.258  1474.53 
2024 01 26 13 24 19.37  31.528  07.127  0042.00  00.66  07.89  286.7  009.26  30.759  1024.257  1474.53 
2024 01 26 13 24 19.62  31.528  07.129  0041.95  00.69  07.89  286.7  009.26  30.757  1024.255  1474.54 
2024 01 26 13 24 19.87  31.529  07.132  0041.88  00.68  07.89  287.5  009.26  30.756  1024.254  1474.54 
2024 01 26 13 24 20.12  31.534  07.133  0041.81  00.72  07.89  287.5  009.26  30.761  1024.257  1474.55 
2024 01 26 13 24 20.37  31.533  07.133  0041.76  00.65  07.89  287.5  009.26  30.760  1024.256  1474.55 
2024 01 26 13 24 20.62  31.533  07.134  0041.68  00.62  07.89  287.5  009.26  30.759  1024.254  1474.55 
2024 01 26 13 24 20.87  31.537  07.139  0041.62  00.65  07.89  287.5  009.26  30.759  1024.254  1474.57 
2024 01 26 13 24 21.12  31.537  07.139  0041.54  00.60  07.89  287.5  009.26  30.759  1024.253  1474.57 
2024 01 26 13 24 21.37  31.537  07.141  0041.47  00.64  07.89  287.5  009.26  30.756  1024.250  1474.57 
2024 01 26 13 24 21.62  31.538  07.143  0041.40  00.59  07.89  287.5  009.26  30.756  1024.250  1474.58 
2024 01 26 13 24 21.87  31.540  07.143  0041.33  00.68  07.89  287.5  009.26  30.758  1024.251  1474.58 
2024 01 26 13 24 22.12  31.537  07.143  0041.28  00.68  07.89  287.5  009.26  30.756  1024.249  1474.58 
2024 01 26 13 24 22.37  31.533  07.139  0041.18  00.62  07.89  287.5  009.26  30.753  1024.247  1474.56 
2024 01 26 13 24 22.62  31.533  07.140  0041.10  00.67  07.89  287.5  009.26  30.754  1024.247  1474.56 
2024 01 26 13 24 22.87  31.532  07.141  0041.00  00.66  07.89  288.0  009.26  30.751  1024.245  1474.56 
2024 01 26 13 24 23.12  31.536  07.145  0040.91  00.70  07.89  288.0  009.26  30.752  1024.244  1474.57 
2024 01 26 13 24 23.37  31.535  07.147  0040.84  00.74  07.89  288.0  009.26  30.750  1024.242  1474.58 
2024 01 26 13 24 23.62  31.538  07.150  0040.78  00.73  07.89  288.0  009.26  30.750  1024.242  1474.59 
2024 01 26 13 24 23.87  31.545  07.155  0040.71  00.69  07.89  288.0  009.26  30.753  1024.243  1474.61 
2024 01 26 13 24 24.12  31.546  07.160  0040.66  00.71  07.89  288.0  009.26  30.750  1024.240  1474.63 
2024 01 26 13 24 24.37  31.547  07.164  0040.58  00.69  07.89  288.0  009.26  30.748  1024.237  1474.64 
2024 01 26 13 24 24.62  31.554  07.169  0040.50  00.69  07.89  288.0  009.26  30.750  1024.238  1474.66 
2024 01 26 13 24 24.87  31.556  07.169  0040.42  00.69  07.89  288.0  009.26  30.752  1024.238  1474.66 
2024 01 26 13 24 25.12  31.557  07.170  0040.34  00.66  07.89  288.0  009.26  30.753  1024.239  1474.66 
2024 01 26 13 24 25.37  31.561  07.175  0040.28  00.66  07.89  288.0  009.26  30.752  1024.238  1474.68 
2024 01 26 13 24 25.62  31.559  07.175  0040.21  00.69  07.89  288.0  009.26  30.750  1024.236  1474.68 
2024 01 26 13 24 25.87  31.560  07.176  0040.11  00.66  07.89  288.1  009.26  30.751  1024.235  1474.68 
2024 01 26 13 24 26.12  31.567  07.181  0040.06  00.68  07.89  288.1  009.26  30.754  1024.237  1474.70 
2024 01 26 13 24 26.37  31.564  07.181  0039.97  00.66  07.89  288.1  009.26  30.750  1024.234  1474.70 
2024 01 26 13 24 26.62  31.561  07.178  0039.90  00.63  07.89  288.1  009.26  30.750  1024.233  1474.68 
2024 01 26 13 24 26.87  31.552  07.170  0039.84  00.69  07.89  288.1  009.26  30.747  1024.232  1474.65 
2024 01 26 13 24 27.12  31.549  07.170  0039.74  00.65  07.89  288.1  009.26  30.745  1024.230  1474.64 
2024 01 26 13 24 27.37  31.549  07.168  0039.69  00.66  07.89  288.1  009.26  30.746  1024.231  1474.64 
2024 01 26 13 24 27.62  31.545  07.166  0039.62  00.67  07.89  288.1  009.26  30.744  1024.229  1474.63 
2024 01 26 13 24 27.87  31.541  07.165  0039.56  00.77  07.89  288.1  009.26  30.740  1024.226  1474.61 
2024 01 26 13 24 28.12  31.537  07.166  0039.50  00.78  07.89  288.1  009.26  30.735  1024.222  1474.61 
2024 01 26 13 24 28.37  31.543  07.169  0039.43  00.71  07.89  288.1  009.26  30.739  1024.224  1474.63 
2024 01 26 13 24 28.62  31.555  07.181  0039.34  00.66  07.89  288.1  009.26  30.741  1024.224  1474.68 
2024 01 26 13 24 28.87  31.558  07.187  0039.28  00.69  07.89  288.2  009.26  30.739  1024.221  1474.70 
2024 01 26 13 24 29.12  31.564  07.193  0039.21  00.71  07.89  288.2  009.26  30.740  1024.220  1474.72 
2024 01 26 13 24 29.37  31.584  07.220  0039.14  00.73  07.89  288.2  009.26  30.738  1024.215  1474.82 
2024 01 26 13 24 29.62  31.585  07.211  0039.07  00.76  07.90  288.2  009.26  30.747  1024.223  1474.80 
2024 01 26 13 24 29.87  31.581  07.202  0039.04  00.78  07.90  288.2  009.26  30.751  1024.227  1474.76 
2024 01 26 13 24 30.12  31.599  07.239  0038.95  00.71  07.90  288.2  009.26  30.737  1024.211  1474.89 
2024 01 26 13 24 30.37  31.607  07.245  0038.87  00.69  07.90  288.2  009.26  30.742  1024.213  1474.92 
2024 01 26 13 24 30.62  31.606  07.244  0038.79  00.76  07.90  288.2  009.26  30.741  1024.212  1474.91 
2024 01 26 13 24 30.87  31.607  07.247  0038.69  00.76  07.89  288.2  009.26  30.739  1024.210  1474.92 
2024 01 26 13 24 31.12  31.606  07.248  0038.62  00.69  07.90  288.2  009.23  30.737  1024.208  1474.92 
2024 01 26 13 24 31.37  31.608  07.250  0038.57  00.68  07.90  288.2  009.26  30.737  1024.208  1474.93 
2024 01 26 13 24 31.62  31.611  07.251  0038.49  00.73  07.90  288.2  009.26  30.739  1024.209  1474.93 
2024 01 26 13 24 31.87  31.616  07.259  0038.41  00.69  07.90  288.2  009.26  30.739  1024.207  1474.96 
2024 01 26 13 24 32.12  31.617  07.261  0038.32  00.71  07.90  288.2  009.26  30.738  1024.205  1474.97 
2024 01 26 13 24 32.37  31.621  07.265  0038.23  00.74  07.90  288.2  009.26  30.738  1024.205  1474.98 
2024 01 26 13 24 32.62  31.627  07.272  0038.11  00.75  07.90  288.2  009.26  30.739  1024.204  1475.01 
2024 01 26 13 24 32.87  31.626  07.272  0038.04  00.74  07.90  288.2  009.26  30.737  1024.203  1475.00 
2024 01 26 13 24 33.12  31.627  07.273  0037.95  00.76  07.90  288.2  009.26  30.738  1024.203  1475.01 
2024 01 26 13 24 33.37  31.626  07.279  0037.88  00.77  07.90  288.2  009.26  30.731  1024.196  1475.02 
2024 01 26 13 24 33.62  31.622  07.282  0037.81  00.73  07.90  288.2  009.26  30.724  1024.190  1475.02 
2024 01 26 13 24 33.87  31.626  07.290  0037.74  00.76  07.90  288.2  009.26  30.722  1024.187  1475.05 
2024 01 26 13 24 34.12  31.631  07.303  0037.64  00.76  07.90  288.2  009.26  30.715  1024.179  1475.09 
2024 01 26 13 24 34.37  31.640  07.308  0037.56  00.78  07.90  288.2  009.26  30.721  1024.182  1475.12 
2024 01 26 13 24 34.62  31.646  07.311  0037.48  00.83  07.90  288.2  009.26  30.725  1024.185  1475.13 
2024 01 26 13 24 34.87  31.665  07.345  0037.38  00.84  07.90  288.2  009.26  30.715  1024.172  1475.25 
2024 01 26 13 24 35.12  31.666  07.343  0037.29  00.85  07.90  288.2  009.26  30.718  1024.175  1475.24 
2024 01 26 13 24 35.37  31.662  07.342  0037.19  00.84  07.90  288.2  009.26  30.714  1024.171  1475.24 
2024 01 26 13 24 35.62  31.666  07.345  0037.11  00.82  07.90  288.2  009.26  30.716  1024.172  1475.25 
2024 01 26 13 24 35.87  31.685  07.357  0037.02  00.83  07.90  288.2  009.26  30.725  1024.177  1475.30 
2024 01 26 13 24 36.12  31.713  07.417  0036.96  00.79  07.90  288.2  009.26  30.703  1024.151  1475.51 
2024 01 26 13 24 36.37  31.765  07.476  0036.86  00.82  07.90  288.2  009.26  30.706  1024.146  1475.74 
2024 01 26 13 24 36.62  31.790  07.488  0036.77  00.87  07.90  288.2  009.26  30.722  1024.156  1475.80 
2024 01 26 13 24 36.87  31.787  07.487  0036.69  00.87  07.90  288.2  009.26  30.720  1024.154  1475.80 
2024 01 26 13 24 37.12  31.783  07.482  0036.62  00.91  07.91  288.2  009.26  30.720  1024.154  1475.77 
2024 01 26 13 24 37.37  31.787  07.483  0036.52  00.88  07.91  288.2  009.26  30.724  1024.157  1475.78 
2024 01 26 13 24 37.62  31.786  07.485  0036.46  00.88  07.91  288.2  009.26  30.721  1024.154  1475.78 
2024 01 26 13 24 37.87  31.781  07.479  0036.35  00.85  07.91  288.3  009.26  30.721  1024.154  1475.76 
2024 01 26 13 24 38.12  31.772  07.475  0036.28  00.90  07.91  288.3  009.26  30.715  1024.150  1475.73 
2024 01 26 13 24 38.37  31.764  07.462  0036.23  01.04  07.91  288.3  009.26  30.718  1024.153  1475.69 
2024 01 26 13 24 38.62  31.763  07.458  0036.13  00.90  07.91  288.3  009.26  30.720  1024.155  1475.67 
2024 01 26 13 24 38.87  31.760  07.459  0036.03  00.88  07.91  288.3  009.26  30.716  1024.151  1475.67 
2024 01 26 13 24 39.12  31.756  07.458  0035.96  00.89  07.91  288.3  009.26  30.712  1024.149  1475.66 
2024 01 26 13 24 39.37  31.752  07.458  0035.90  00.83  07.91  288.3  009.26  30.708  1024.145  1475.66 
2024 01 26 13 24 39.62  31.742  07.442  0035.82  00.87  07.91  288.3  009.26  30.712  1024.150  1475.60 
2024 01 26 13 24 39.87  31.740  07.442  0035.74  00.85  07.91  288.3  009.26  30.711  1024.148  1475.59 
2024 01 26 13 24 40.12  31.740  07.442  0035.68  00.87  07.91  288.3  009.26  30.711  1024.148  1475.59 
2024 01 26 13 24 40.37  31.726  07.431  0035.61  00.83  07.91  288.3  009.26  30.705  1024.145  1475.54 
2024 01 26 13 24 40.62  31.728  07.432  0035.51  00.82  07.91  288.3  009.26  30.706  1024.145  1475.55 
2024 01 26 13 24 40.87  31.728  07.433  0035.45  00.87  07.91  288.1  009.26  30.706  1024.144  1475.55 
2024 01 26 13 24 41.12  31.729  07.439  0035.38  00.95  07.91  288.1  009.26  30.701  1024.139  1475.57 
2024 01 26 13 24 41.37  31.728  07.439  0035.30  00.90  07.91  288.1  009.26  30.699  1024.138  1475.56 
2024 01 26 13 24 41.62  31.725  07.439  0035.23  00.83  07.91  288.1  009.26  30.697  1024.136  1475.56 
2024 01 26 13 24 41.87  31.723  07.436  0035.16  00.85  07.91  288.1  009.26  30.698  1024.136  1475.54 
2024 01 26 13 24 42.12  31.722  07.437  0035.09  00.85  07.91  288.1  009.26  30.695  1024.134  1475.55 
2024 01 26 13 24 42.37  31.722  07.439  0035.03  00.85  07.91  288.1  009.26  30.694  1024.132  1475.55 
2024 01 26 13 24 42.62  31.724  07.440  0034.95  00.92  07.91  288.1  009.26  30.696  1024.133  1475.55 
2024 01 26 13 24 42.87  31.725  07.444  0034.88  00.93  07.91  288.1  009.26  30.693  1024.130  1475.57 
2024 01 26 13 24 43.12  31.726  07.444  0034.80  00.86  07.91  288.1  009.26  30.693  1024.130  1475.57 
2024 01 26 13 24 43.37  31.725  07.445  0034.75  00.85  07.91  288.1  009.26  30.692  1024.129  1475.56 
2024 01 26 13 24 43.62  31.727  07.448  0034.65  00.88  07.91  288.1  009.26  30.691  1024.127  1475.58 
2024 01 26 13 24 43.87  31.728  07.448  0034.60  00.93  07.91  288.8  009.26  30.692  1024.127  1475.58 
2024 01 26 13 24 44.12  31.728  07.449  0034.55  00.88  07.91  288.8  009.26  30.692  1024.127  1475.58 
2024 01 26 13 24 44.37  31.729  07.452  0034.50  00.94  07.91  288.8  009.26  30.690  1024.125  1475.59 
2024 01 26 13 24 44.62  31.727  07.452  0034.43  01.00  07.91  288.8  009.26  30.688  1024.123  1475.58 
2024 01 26 13 24 44.87  31.729  07.451  0034.37  00.94  07.91  288.8  009.29  30.691  1024.125  1475.58 
2024 01 26 13 24 45.12  31.732  07.456  0034.26  00.93  07.91  288.8  009.26  30.689  1024.123  1475.60 
2024 01 26 13 24 45.37  31.741  07.469  0034.17  00.96  07.91  288.8  009.26  30.688  1024.120  1475.64 
2024 01 26 13 24 45.62  31.748  07.478  0034.08  00.96  07.91  288.8  009.26  30.688  1024.118  1475.68 
2024 01 26 13 24 45.87  31.749  07.480  0034.00  01.01  07.91  288.8  009.26  30.687  1024.117  1475.68 
2024 01 26 13 24 46.12  31.764  07.500  0033.92  00.94  07.91  288.8  009.26  30.685  1024.112  1475.76 
2024 01 26 13 24 46.37  31.765  07.501  0033.86  00.93  07.91  288.8  009.26  30.686  1024.112  1475.76 
2024 01 26 13 24 46.62  31.771  07.512  0033.81  00.92  07.91  288.8  009.26  30.683  1024.108  1475.80 
2024 01 26 13 24 46.87  31.781  07.526  0033.73  00.97  07.91  289.0  009.26  30.680  1024.104  1475.85 
2024 01 26 13 24 47.12  31.779  07.526  0033.64  00.97  07.91  289.0  009.26  30.679  1024.102  1475.85 
2024 01 26 13 24 47.37  31.778  07.527  0033.59  00.95  07.91  289.0  009.26  30.676  1024.100  1475.85 
2024 01 26 13 24 47.62  31.779  07.529  0033.47  00.94  07.91  289.0  009.26  30.676  1024.099  1475.85 
2024 01 26 13 24 47.87  31.779  07.528  0033.41  00.93  07.91  289.0  009.26  30.678  1024.100  1475.85 
2024 01 26 13 24 48.12  31.778  07.528  0033.34  01.06  07.91  289.0  009.26  30.676  1024.098  1475.84 
2024 01 26 13 24 48.37  31.778  07.528  0033.29  01.06  07.91  289.0  009.26  30.675  1024.098  1475.84 
2024 01 26 13 24 48.62  31.778  07.527  0033.22  01.12  07.91  289.0  009.26  30.676  1024.098  1475.84 
2024 01 26 13 24 48.87  31.778  07.526  0033.14  01.09  07.91  289.0  009.26  30.677  1024.099  1475.84 
2024 01 26 13 24 49.12  31.775  07.526  0033.03  01.10  07.91  289.0  009.26  30.674  1024.095  1475.83 
2024 01 26 13 24 49.37  31.776  07.526  0032.95  01.05  07.91  289.0  009.26  30.676  1024.097  1475.83 
2024 01 26 13 24 49.62  31.774  07.525  0032.89  00.95  07.91  289.0  009.26  30.674  1024.095  1475.82 
2024 01 26 13 24 49.87  31.775  07.527  0032.84  00.95  07.91  289.0  009.26  30.673  1024.094  1475.83 
2024 01 26 13 24 50.12  31.773  07.530  0032.78  00.97  07.91  289.0  009.26  30.669  1024.090  1475.83 
2024 01 26 13 24 50.37  31.773  07.530  0032.70  01.00  07.91  289.0  009.26  30.669  1024.090  1475.83 
2024 01 26 13 24 50.62  31.773  07.531  0032.67  00.96  07.91  289.0  009.26  30.668  1024.089  1475.83 
2024 01 26 13 24 50.87  31.775  07.531  0032.59  01.00  07.91  289.0  009.26  30.670  1024.090  1475.84 
2024 01 26 13 24 51.12  31.779  07.539  0032.52  01.03  07.91  289.0  009.26  30.668  1024.087  1475.86 
2024 01 26 13 24 51.37  31.779  07.541  0032.45  01.03  07.91  289.0  009.26  30.666  1024.084  1475.87 
2024 01 26 13 24 51.62  31.779  07.542  0032.38  01.07  07.91  289.0  009.26  30.664  1024.083  1475.87 
2024 01 26 13 24 51.87  31.783  07.550  0032.30  01.01  07.91  289.0  009.26  30.661  1024.079  1475.90 
2024 01 26 13 24 52.12  31.783  07.549  0032.22  01.15  07.91  289.0  009.26  30.664  1024.081  1475.89 
2024 01 26 13 24 52.37  31.785  07.550  0032.16  01.07  07.91  289.0  009.26  30.664  1024.080  1475.90 
2024 01 26 13 24 52.62  31.790  07.559  0032.10  01.18  07.91  289.0  009.26  30.661  1024.077  1475.93 
2024 01 26 13 24 52.87  31.787  07.557  0032.01  01.07  07.91  289.1  009.26  30.661  1024.076  1475.92 
2024 01 26 13 24 53.12  31.789  07.561  0031.97  01.09  07.91  289.1  009.26  30.659  1024.074  1475.93 
2024 01 26 13 24 53.37  31.791  07.569  0031.91  01.10  07.91  289.1  009.26  30.655  1024.070  1475.95 
2024 01 26 13 24 53.62  31.794  07.581  0031.85  01.05  07.91  289.1  009.26  30.646  1024.061  1475.99 
2024 01 26 13 24 53.87  31.800  07.591  0031.79  01.14  07.92  289.1  009.26  30.645  1024.058  1476.02 
2024 01 26 13 24 54.12  31.801  07.594  0031.71  01.09  07.91  289.1  009.26  30.642  1024.055  1476.03 
2024 01 26 13 24 54.37  31.814  07.613  0031.61  01.09  07.92  289.1  009.26  30.640  1024.051  1476.10 
2024 01 26 13 24 54.62  31.810  07.614  0031.55  01.10  07.92  289.1  009.26  30.636  1024.047  1476.10 
2024 01 26 13 24 54.87  31.809  07.614  0031.51  01.16  07.91  289.1  009.26  30.634  1024.045  1476.09 
2024 01 26 13 24 55.12  31.809  07.623  0031.42  01.19  07.92  289.1  009.26  30.626  1024.037  1476.12 
2024 01 26 13 24 55.37  31.810  07.625  0031.32  01.52  07.92  289.1  009.26  30.625  1024.036  1476.12 
2024 01 26 13 24 55.62  31.807  07.626  0031.27  01.35  07.92  289.1  009.26  30.621  1024.032  1476.12 
2024 01 26 13 24 55.87  31.808  07.626  0031.19  01.27  07.92  289.4  009.26  30.622  1024.033  1476.12 
2024 01 26 13 24 56.12  31.810  07.633  0031.13  01.17  07.92  289.4  009.26  30.618  1024.029  1476.14 
2024 01 26 13 24 56.37  31.810  07.637  0031.07  01.23  07.92  289.4  009.26  30.614  1024.025  1476.15 
2024 01 26 13 24 56.62  31.810  07.639  0030.98  01.30  07.92  289.4  009.26  30.613  1024.023  1476.16 
2024 01 26 13 24 56.87  31.816  07.655  0030.91  01.33  07.92  289.4  009.26  30.606  1024.015  1476.21 
2024 01 26 13 24 57.12  31.813  07.653  0030.85  01.35  07.92  289.4  009.26  30.604  1024.013  1476.20 
2024 01 26 13 24 57.37  31.810  07.651  0030.80  01.31  07.92  289.4  009.26  30.604  1024.013  1476.19 
2024 01 26 13 24 57.62  31.781  07.628  0030.71  01.31  07.92  289.4  009.26  30.592  1024.006  1476.08 
2024 01 26 13 24 57.87  31.750  07.606  0030.62  01.31  07.91  289.4  009.26  30.578  1023.998  1475.98 
2024 01 26 13 24 58.12  31.724  07.581  0030.57  01.19  07.92  289.4  009.26  30.573  1023.998  1475.88 
2024 01 26 13 24 58.37  31.716  07.576  0030.47  01.17  07.91  289.4  009.26  30.568  1023.994  1475.85 
2024 01 26 13 24 58.62  31.679  07.552  0030.37  01.14  07.91  289.4  009.26  30.550  1023.982  1475.73 
2024 01 26 13 24 58.87  31.674  07.542  0030.33  01.17  07.91  289.3  009.26  30.554  1023.987  1475.70 
2024 01 26 13 24 59.12  31.669  07.540  0030.23  01.20  07.91  289.3  009.26  30.550  1023.983  1475.68 
2024 01 26 13 24 59.37  31.658  07.541  0030.18  01.19  07.91  289.3  009.26  30.538  1023.974  1475.67 
2024 01 26 13 24 59.62  31.664  07.545  0030.11  01.12  07.91  289.3  009.26  30.540  1023.975  1475.69 
2024 01 26 13 24 59.87  31.663  07.547  0030.06  01.15  07.91  289.3  009.26  30.538  1023.973  1475.69 
2024 01 26 13 25 00.12  31.668  07.562  0029.99  01.19  07.91  289.3  009.26  30.530  1023.964  1475.74 
2024 01 26 13 25 00.37  31.676  07.567  0029.93  01.22  07.91  289.3  009.26  30.534  1023.966  1475.76 
2024 01 26 13 25 00.62  31.682  07.577  0029.87  01.17  07.91  289.3  009.26  30.532  1023.963  1475.80 
2024 01 26 13 25 00.87  31.716  07.650  0029.82  01.21  07.91  289.3  009.26  30.504  1023.930  1476.04 
2024 01 26 13 25 01.12  31.691  07.642  0029.73  01.35  07.91  289.3  009.26  30.485  1023.916  1475.99 
2024 01 26 13 25 01.37  31.645  07.609  0029.70  01.33  07.91  289.3  009.26  30.464  1023.904  1475.84 
2024 01 26 13 25 01.62  31.576  07.544  0029.65  01.22  07.91  289.3  009.26  30.447  1023.900  1475.56 
2024 01 26 13 25 01.87  31.465  07.504  0029.60  01.17  07.90  288.8  009.26  30.365  1023.840  1475.30 
2024 01 26 13 25 02.12  31.478  07.516  0029.59  01.12  07.90  288.8  009.26  30.368  1023.841  1475.35 
2024 01 26 13 25 02.37  31.475  07.543  0029.56  01.16  07.90  288.8  009.26  30.341  1023.816  1475.42 
2024 01 26 13 25 02.62  31.473  07.565  0029.49  01.28  07.90  288.8  009.26  30.319  1023.795  1475.48 
2024 01 26 13 25 02.87  31.459  07.583  0029.41  01.18  07.90  288.8  009.26  30.289  1023.769  1475.51 
2024 01 26 13 25 03.12  31.455  07.586  0029.37  01.12  07.90  288.8  009.26  30.281  1023.762  1475.52 
2024 01 26 13 25 03.37  31.445  07.590  0029.31  01.15  07.90  288.8  009.26  30.268  1023.751  1475.51 
2024 01 26 13 25 03.62  31.433  07.606  0029.24  01.22  07.90  288.8  009.26  30.241  1023.728  1475.54 
2024 01 26 13 25 03.87  31.432  07.599  0029.20  01.26  07.89  288.8  009.26  30.246  1023.732  1475.52 
2024 01 26 13 25 04.12  31.430  07.601  0029.19  01.18  07.89  288.8  009.26  30.242  1023.729  1475.52 
2024 01 26 13 25 04.37  31.431  07.601  0029.15  01.22  07.89  288.8  009.26  30.243  1023.729  1475.52 
2024 01 26 13 25 04.62  31.419  07.612  0029.12  01.39  07.89  288.8  009.26  30.221  1023.711  1475.53 
2024 01 26 13 25 04.87  31.416  07.610  0029.08  01.32  07.89  285.0  009.26  30.219  1023.709  1475.53 
2024 01 26 13 25 05.12  31.422  07.610  0029.09  01.26  07.89  285.0  009.26  30.226  1023.714  1475.54 
2024 01 26 13 25 05.37  31.420  07.610  0029.14  01.28  07.89  285.0  009.26  30.224  1023.713  1475.53 
2024 01 26 13 25 05.62  31.422  07.610  0029.13  01.30  07.89  285.0  009.26  30.227  1023.715  1475.53 
2024 01 26 13 25 05.87  31.421  07.616  0029.13  01.26  07.89  285.0  009.26  30.220  1023.709  1475.55 
2024 01 26 13 25 06.12  31.419  07.622  0029.05  01.26  07.89  285.0  009.26  30.213  1023.702  1475.56 
2024 01 26 13 25 06.37  31.416  07.638  0028.94  01.40  07.89  285.0  009.26  30.196  1023.686  1475.60 
2024 01 26 13 25 06.62  31.417  07.636  0028.84  01.42  07.89  285.0  009.26  30.199  1023.688  1475.60 
2024 01 26 13 25 06.87  31.418  07.670  0028.81  01.27  07.89  285.0  009.26  30.170  1023.661  1475.69 
2024 01 26 13 25 07.12  31.418  07.681  0028.70  01.25  07.89  285.0  009.26  30.161  1023.652  1475.72 
2024 01 26 13 25 07.37  31.417  07.679  0028.61  01.47  07.89  285.0  009.26  30.162  1023.653  1475.71 
2024 01 26 13 25 07.62  31.417  07.688  0028.59  01.47  07.89  285.0  009.26  30.154  1023.645  1475.74 
2024 01 26 13 25 07.87  31.418  07.702  0028.51  01.34  07.89  281.5  009.26  30.142  1023.633  1475.78 
2024 01 26 13 25 08.12  31.414  07.715  0028.42  01.28  07.89  281.5  009.26  30.127  1023.620  1475.81 
2024 01 26 13 25 08.37  31.405  07.729  0028.34  01.19  07.89  281.5  009.26  30.104  1023.599  1475.83 
2024 01 26 13 25 08.62  31.394  07.742  0028.24  01.15  07.89  281.5  009.26  30.083  1023.580  1475.85 
2024 01 26 13 25 08.87  31.381  07.764  0028.11  01.18  07.89  281.5  009.26  30.049  1023.550  1475.89 
2024 01 26 13 25 09.12  31.384  07.760  0028.03  01.24  07.89  281.5  009.26  30.056  1023.556  1475.89 
2024 01 26 13 25 09.37  31.383  07.770  0027.98  01.22  07.89  281.5  009.26  30.047  1023.547  1475.91 
2024 01 26 13 25 09.62  31.403  07.844  0027.92  01.21  07.89  281.5  009.26  30.005  1023.504  1476.14 
2024 01 26 13 25 09.87  31.409  07.858  0027.83  01.30  07.89  281.5  009.26  29.999  1023.496  1476.19 
2024 01 26 13 25 10.12  31.406  07.875  0027.81  01.36  07.90  281.5  009.26  29.981  1023.480  1476.23 
2024 01 26 13 25 10.37  31.387  07.867  0027.71  01.34  07.89  281.5  009.26  29.967  1023.470  1476.18 
2024 01 26 13 25 10.62  31.368  07.866  0027.60  01.31  07.89  281.5  009.26  29.949  1023.455  1476.15 
2024 01 26 13 25 10.87  31.366  07.866  0027.55  01.39  07.89  279.4  009.26  29.947  1023.454  1476.15 
2024 01 26 13 25 11.12  31.366  07.871  0027.50  01.40  07.89  279.4  009.26  29.943  1023.450  1476.16 
2024 01 26 13 25 11.37  31.365  07.884  0027.43  01.34  07.89  279.4  009.26  29.930  1023.437  1476.20 
2024 01 26 13 25 11.62  31.363  07.888  0027.36  01.30  07.89  279.4  009.26  29.925  1023.432  1476.20 
2024 01 26 13 25 11.87  31.361  07.894  0027.27  01.31  07.89  279.4  009.26  29.917  1023.425  1476.21 
2024 01 26 13 25 12.12  31.364  07.903  0027.17  01.25  07.90  279.4  009.26  29.913  1023.420  1476.24 
2024 01 26 13 25 12.37  31.363  07.901  0027.08  01.33  07.89  279.4  009.26  29.914  1023.420  1476.24 
2024 01 26 13 25 12.62  31.365  07.915  0026.99  01.36  07.89  279.4  009.26  29.904  1023.410  1476.27 
2024 01 26 13 25 12.87  31.372  07.945  0026.90  01.31  07.89  279.4  009.26  29.886  1023.392  1476.37 
2024 01 26 13 25 13.12  31.372  07.953  0026.83  01.35  07.89  279.4  009.26  29.879  1023.385  1476.39 
2024 01 26 13 25 13.37  31.372  07.965  0026.75  01.36  07.89  279.4  009.26  29.869  1023.375  1476.42 
2024 01 26 13 25 13.62  31.381  07.996  0026.67  01.28  07.90  279.4  009.26  29.851  1023.357  1476.52 
2024 01 26 13 25 13.87  31.386  08.005  0026.58  01.37  07.90  277.3  009.26  29.850  1023.354  1476.55 
2024 01 26 13 25 14.12  31.386  08.008  0026.53  01.39  07.90  277.3  009.26  29.847  1023.351  1476.55 
2024 01 26 13 25 14.37  31.397  08.039  0026.47  01.37  07.90  277.3  009.26  29.832  1023.334  1476.65 
2024 01 26 13 25 14.62  31.412  08.062  0026.37  01.44  07.90  277.3  009.26  29.829  1023.328  1476.73 
2024 01 26 13 25 14.87  31.416  08.061  0026.33  01.52  07.90  277.3  009.26  29.834  1023.332  1476.74 
2024 01 26 13 25 15.12  31.419  08.068  0026.28  01.53  07.90  277.3  009.26  29.830  1023.328  1476.76 
2024 01 26 13 25 15.37  31.432  08.097  0026.21  01.51  07.90  277.3  009.26  29.819  1023.315  1476.85 
2024 01 26 13 25 15.62  31.434  08.102  0026.14  01.50  07.90  277.3  009.26  29.817  1023.313  1476.87 
2024 01 26 13 25 15.87  31.442  08.115  0026.07  01.53  07.90  277.3  009.26  29.814  1023.308  1476.92 
2024 01 26 13 25 16.12  31.463  08.145  0026.00  01.51  07.91  277.3  009.26  29.811  1023.301  1477.03 
2024 01 26 13 25 16.37  31.468  08.155  0025.92  01.60  07.91  277.3  009.26  29.808  1023.297  1477.06 
2024 01 26 13 25 16.62  31.474  08.166  0025.88  01.66  07.91  277.3  009.26  29.805  1023.293  1477.09 
2024 01 26 13 25 16.87  31.487  08.197  0025.81  01.60  07.91  276.4  009.26  29.793  1023.279  1477.20 
2024 01 26 13 25 17.12  31.506  08.225  0025.74  01.56  07.91  276.4  009.26  29.788  1023.270  1477.30 
2024 01 26 13 25 17.37  31.509  08.241  0025.67  01.61  07.91  276.4  009.26  29.778  1023.260  1477.35 
2024 01 26 13 25 17.62  31.518  08.276  0025.63  01.66  07.91  276.4  009.26  29.757  1023.239  1477.45 
2024 01 26 13 25 17.87  31.550  08.321  0025.53  01.61  07.92  276.4  009.26  29.753  1023.229  1477.62 
2024 01 26 13 25 18.12  31.554  08.325  0025.45  01.65  07.92  276.4  009.26  29.754  1023.229  1477.63 
2024 01 26 13 25 18.37  31.562  08.336  0025.38  01.61  07.92  276.4  009.26  29.753  1023.226  1477.67 
2024 01 26 13 25 18.62  31.576  08.362  0025.32  01.68  07.92  276.4  009.26  29.746  1023.217  1477.76 
2024 01 26 13 25 18.87  31.581  08.363  0025.21  01.67  07.92  276.4  009.26  29.751  1023.219  1477.77 
2024 01 26 13 25 19.12  31.582  08.372  0025.16  01.76  07.92  276.4  009.26  29.744  1023.212  1477.79 
2024 01 26 13 25 19.37  31.600  08.405  0025.09  01.79  07.93  276.4  009.26  29.735  1023.201  1477.90 
2024 01 26 13 25 19.62  31.611  08.423  0025.05  01.83  07.93  276.4  009.26  29.730  1023.194  1477.97 
2024 01 26 13 25 19.87  31.618  08.423  0025.02  01.85  07.93  277.8  009.26  29.738  1023.200  1477.98 
2024 01 26 13 25 20.12  31.630  08.469  0024.96  01.90  07.93  277.8  009.26  29.712  1023.172  1478.12 
2024 01 26 13 25 20.37  31.646  08.500  0024.88  01.92  07.94  277.8  009.26  29.703  1023.161  1478.22 
2024 01 26 13 25 20.62  31.643  08.507  0024.85  01.92  07.94  277.8  009.26  29.694  1023.152  1478.24 
2024 01 26 13 25 20.87  31.644  08.507  0024.77  01.90  07.94  277.8  009.26  29.695  1023.153  1478.24 
2024 01 26 13 25 21.12  31.646  08.516  0024.71  01.84  07.94  277.8  009.26  29.690  1023.148  1478.26 
2024 01 26 13 25 21.37  31.641  08.513  0024.67  01.98  07.94  277.8  009.26  29.686  1023.145  1478.25 
2024 01 26 13 25 21.62  31.639  08.513  0024.58  01.88  07.94  277.8  009.26  29.685  1023.143  1478.24 
2024 01 26 13 25 21.87  31.636  08.514  0024.53  01.87  07.94  277.8  009.26  29.681  1023.140  1478.24 
2024 01 26 13 25 22.12  31.634  08.512  0024.48  01.83  07.94  277.8  009.26  29.680  1023.139  1478.23 
2024 01 26 13 25 22.37  31.635  08.514  0024.45  01.82  07.94  277.8  009.26  29.679  1023.138  1478.24 
2024 01 26 13 25 22.62  31.636  08.516  0024.37  01.82  07.94  277.8  009.26  29.679  1023.137  1478.25 
2024 01 26 13 25 22.87  31.635  08.517  0024.32  01.85  07.94  281.1  009.26  29.677  1023.135  1478.24 
2024 01 26 13 25 23.12  31.632  08.516  0024.23  01.92  07.94  281.1  009.26  29.675  1023.134  1478.24 
2024 01 26 13 25 23.37  31.633  08.515  0024.16  01.89  07.94  281.1  009.26  29.677  1023.135  1478.24 
2024 01 26 13 25 23.62  31.607  08.516  0024.10  01.90  07.94  281.1  009.26  29.649  1023.112  1478.20 
2024 01 26 13 25 23.87  31.597  08.514  0024.02  01.85  07.94  281.1  009.26  29.640  1023.106  1478.19 
2024 01 26 13 25 24.12  31.592  08.514  0023.98  01.83  07.94  281.1  009.26  29.635  1023.101  1478.18 
2024 01 26 13 25 24.37  31.583  08.528  0023.92  01.83  07.94  281.1  009.26  29.614  1023.083  1478.20 
2024 01 26 13 25 24.62  31.580  08.531  0023.86  01.94  07.94  281.1  009.26  29.608  1023.077  1478.21 
2024 01 26 13 25 24.87  31.584  08.542  0023.81  01.88  07.94  281.1  009.26  29.604  1023.072  1478.24 
2024 01 26 13 25 25.12  31.592  08.555  0023.76  01.97  07.94  281.1  009.26  29.601  1023.068  1478.29 
2024 01 26 13 25 25.37  31.605  08.577  0023.70  01.94  07.94  281.1  009.26  29.596  1023.061  1478.36 
2024 01 26 13 25 25.62  31.604  08.570  0023.66  01.96  07.94  281.1  009.26  29.600  1023.065  1478.34 
2024 01 26 13 25 25.87  31.604  08.575  0023.61  01.91  07.94  283.1  009.26  29.596  1023.061  1478.35 
2024 01 26 13 25 26.12  31.606  08.584  0023.55  01.90  07.94  283.1  009.26  29.591  1023.055  1478.38 
2024 01 26 13 25 26.37  31.603  08.582  0023.50  01.88  07.94  283.1  009.26  29.590  1023.054  1478.37 
2024 01 26 13 25 26.62  31.601  08.584  0023.50  01.98  07.94  283.1  009.26  29.586  1023.051  1478.37 
2024 01 26 13 25 26.87  31.606  08.587  0023.43  01.92  07.94  283.1  009.26  29.589  1023.052  1478.39 
2024 01 26 13 25 27.12  31.615  08.598  0023.35  01.97  07.94  283.1  009.26  29.588  1023.050  1478.43 
2024 01 26 13 25 27.37  31.615  08.605  0023.29  02.02  07.94  283.1  009.29  29.583  1023.045  1478.45 
2024 01 26 13 25 27.62  31.619  08.610  0023.23  02.00  07.94  283.1  009.26  29.583  1023.043  1478.46 
2024 01 26 13 25 27.87  31.642  08.645  0023.16  01.95  07.94  283.1  009.26  29.577  1023.033  1478.59 
2024 01 26 13 25 28.12  31.640  08.645  0023.09  01.97  07.95  283.1  009.26  29.576  1023.032  1478.58 
2024 01 26 13 25 28.37  31.644  08.656  0023.07  02.07  07.95  283.1  009.26  29.571  1023.026  1478.62 
2024 01 26 13 25 28.62  31.646  08.676  0023.00  01.96  07.95  283.1  009.26  29.556  1023.012  1478.67 
2024 01 26 13 25 28.87  31.647  08.679  0022.96  02.01  07.95  284.0  009.26  29.555  1023.010  1478.68 
2024 01 26 13 25 29.12  31.649  08.689  0022.91  01.99  07.95  284.0  009.26  29.548  1023.003  1478.71 
2024 01 26 13 25 29.37  31.649  08.694  0022.82  02.02  07.95  284.0  009.26  29.544  1022.999  1478.73 
2024 01 26 13 25 29.62  31.646  08.698  0022.77  02.04  07.95  284.0  009.26  29.537  1022.993  1478.73 
2024 01 26 13 25 29.87  31.646  08.695  0022.71  02.05  07.95  284.0  009.26  29.541  1022.996  1478.72 
2024 01 26 13 25 30.12  31.646  08.696  0022.70  02.02  07.95  284.0  009.26  29.539  1022.994  1478.72 
2024 01 26 13 25 30.37  31.648  08.708  0022.65  02.05  07.95  284.0  009.26  29.532  1022.986  1478.76 
2024 01 26 13 25 30.62  31.651  08.704  0022.59  02.05  07.95  284.0  009.26  29.538  1022.991  1478.75 
2024 01 26 13 25 30.87  31.653  08.718  0022.54  02.13  07.95  284.0  009.26  29.528  1022.981  1478.79 
2024 01 26 13 25 31.12  31.659  08.733  0022.44  02.09  07.95  284.0  009.26  29.522  1022.974  1478.84 
2024 01 26 13 25 31.37  31.658  08.736  0022.37  02.13  07.95  284.0  009.26  29.518  1022.971  1478.84 
2024 01 26 13 25 31.62  31.659  08.730  0022.34  02.06  07.95  284.0  009.26  29.525  1022.977  1478.83 
2024 01 26 13 25 31.87  31.664  08.753  0022.27  02.06  07.96  285.0  009.26  29.511  1022.962  1478.90 
2024 01 26 13 25 32.12  31.668  08.775  0022.20  02.03  07.96  285.0  009.26  29.496  1022.947  1478.96 
2024 01 26 13 25 32.37  31.669  08.774  0022.15  02.23  07.96  285.0  009.26  29.498  1022.948  1478.96 
2024 01 26 13 25 32.62  31.676  08.777  0022.09  02.30  07.96  285.0  009.26  29.503  1022.951  1478.98 
2024 01 26 13 25 32.87  31.700  08.816  0022.03  02.16  07.96  285.0  009.26  29.495  1022.939  1479.11 
2024 01 26 13 25 33.12  31.699  08.816  0021.95  02.22  07.96  285.0  009.26  29.495  1022.938  1479.11 
2024 01 26 13 25 33.37  31.702  08.821  0021.93  02.23  07.96  285.0  009.26  29.493  1022.937  1479.13 
2024 01 26 13 25 33.62  31.714  08.841  0021.88  02.21  07.96  285.0  009.26  29.489  1022.930  1479.20 
2024 01 26 13 25 33.87  31.721  08.843  0021.83  02.16  07.96  285.0  009.26  29.494  1022.934  1479.21 
2024 01 26 13 25 34.12  31.721  08.849  0021.76  02.11  07.96  285.0  009.26  29.489  1022.929  1479.22 
2024 01 26 13 25 34.37  31.727  08.873  0021.70  02.08  07.97  285.0  009.26  29.475  1022.914  1479.30 
2024 01 26 13 25 34.62  31.732  08.885  0021.62  02.25  07.97  285.0  009.26  29.471  1022.909  1479.34 
2024 01 26 13 25 34.87  31.736  08.887  0021.58  02.51  07.97  286.4  009.26  29.474  1022.910  1479.35 
2024 01 26 13 25 35.12  31.736  08.898  0021.50  02.37  07.97  286.4  009.26  29.464  1022.900  1479.37 
2024 01 26 13 25 35.37  31.738  08.913  0021.44  02.30  07.97  286.4  009.26  29.454  1022.890  1479.42 
2024 01 26 13 25 35.62  31.737  08.909  0021.37  02.31  07.97  286.4  009.26  29.457  1022.892  1479.40 
2024 01 26 13 25 35.87  31.737  08.912  0021.33  02.44  07.97  286.4  009.26  29.454  1022.890  1479.41 
2024 01 26 13 25 36.12  31.748  08.940  0021.30  02.37  07.97  286.4  009.26  29.442  1022.876  1479.50 
2024 01 26 13 25 36.37  31.748  08.947  0021.23  02.39  07.97  286.4  009.26  29.436  1022.870  1479.52 
2024 01 26 13 25 36.62  31.755  08.960  0021.16  02.45  07.97  286.4  009.26  29.433  1022.865  1479.56 
2024 01 26 13 25 36.87  31.763  08.981  0021.13  02.37  07.97  286.4  009.26  29.424  1022.855  1479.63 
2024 01 26 13 25 37.12  31.767  08.984  0021.06  02.52  07.97  286.4  009.26  29.425  1022.855  1479.64 
2024 01 26 13 25 37.37  31.771  08.991  0021.05  02.55  07.98  286.4  009.26  29.423  1022.853  1479.66 
2024 01 26 13 25 37.62  31.784  09.007  0021.00  02.57  07.98  286.4  009.26  29.424  1022.851  1479.72 
2024 01 26 13 25 37.87  31.806  09.036  0020.95  02.54  07.98  288.5  009.26  29.422  1022.845  1479.83 
2024 01 26 13 25 38.12  31.810  09.038  0020.89  02.50  07.98  288.5  009.26  29.424  1022.846  1479.84 
2024 01 26 13 25 38.37  31.814  09.056  0020.83  02.53  07.98  288.5  009.26  29.414  1022.835  1479.89 
2024 01 26 13 25 38.62  31.814  09.068  0020.76  02.53  07.98  288.5  009.26  29.404  1022.825  1479.92 
2024 01 26 13 25 38.87  31.816  09.078  0020.69  02.49  07.98  288.5  009.26  29.398  1022.818  1479.95 
2024 01 26 13 25 39.12  31.815  09.080  0020.61  02.49  07.98  288.5  009.26  29.395  1022.816  1479.96 
2024 01 26 13 25 39.37  31.814  09.083  0020.54  02.45  07.98  288.5  009.26  29.392  1022.812  1479.96 
2024 01 26 13 25 39.62  31.811  09.083  0020.47  02.41  07.98  288.5  009.26  29.389  1022.809  1479.96 
2024 01 26 13 25 39.87  31.806  09.080  0020.39  02.44  07.98  288.5  009.26  29.386  1022.808  1479.94 
2024 01 26 13 25 40.12  31.804  09.078  0020.35  02.53  07.98  288.5  009.26  29.386  1022.807  1479.93 
2024 01 26 13 25 40.37  31.796  09.077  0020.28  02.49  07.98  288.5  009.26  29.379  1022.802  1479.92 
2024 01 26 13 25 40.62  31.790  09.078  0020.18  02.70  07.98  288.5  009.26  29.371  1022.795  1479.91 
2024 01 26 13 25 40.87  31.790  09.083  0020.14  02.86  07.98  290.4  009.26  29.367  1022.791  1479.93 
2024 01 26 13 25 41.12  31.791  09.087  0020.05  02.82  07.98  290.4  009.26  29.365  1022.788  1479.94 
2024 01 26 13 25 41.37  31.794  09.096  0019.97  02.72  07.98  290.4  009.26  29.360  1022.783  1479.96 
2024 01 26 13 25 41.62  31.796  09.100  0019.93  02.78  07.98  290.4  009.26  29.360  1022.782  1479.98 
2024 01 26 13 25 41.87  31.798  09.106  0019.86  02.81  07.98  290.4  009.26  29.357  1022.778  1479.99 
2024 01 26 13 25 42.12  31.810  09.126  0019.80  02.83  07.99  290.4  009.26  29.352  1022.772  1480.06 
2024 01 26 13 25 42.37  31.814  09.123  0019.74  02.84  07.99  290.4  009.29  29.359  1022.777  1480.06 
2024 01 26 13 25 42.62  31.818  09.137  0019.70  02.82  07.99  290.4  009.26  29.352  1022.769  1480.10 
2024 01 26 13 25 42.87  31.818  09.147  0019.62  02.78  07.98  290.4  009.26  29.343  1022.760  1480.13 
2024 01 26 13 25 43.12  31.810  09.155  0019.55  02.88  07.99  290.4  009.26  29.329  1022.748  1480.14 
2024 01 26 13 25 43.37  31.808  09.164  0019.50  03.03  07.99  290.4  009.26  29.319  1022.739  1480.16 
2024 01 26 13 25 43.62  31.805  09.167  0019.41  03.03  07.99  290.4  009.26  29.314  1022.734  1480.16 
2024 01 26 13 25 43.87  31.807  09.186  0019.33  02.99  07.99  292.0  009.26  29.301  1022.720  1480.22 
2024 01 26 13 25 44.12  31.806  09.185  0019.23  03.05  07.99  292.0  009.26  29.301  1022.720  1480.21 
2024 01 26 13 25 44.37  31.806  09.187  0019.21  03.01  07.99  292.0  009.26  29.299  1022.718  1480.22 
2024 01 26 13 25 44.62  31.810  09.195  0019.12  03.02  07.99  292.0  009.26  29.296  1022.714  1480.24 
2024 01 26 13 25 44.87  31.809  09.196  0019.02  03.24  07.99  292.0  009.26  29.295  1022.712  1480.24 
2024 01 26 13 25 45.12  31.810  09.196  0018.97  03.18  07.99  292.0  009.26  29.295  1022.712  1480.24 
2024 01 26 13 25 45.37  31.811  09.197  0018.87  03.17  07.99  292.0  009.26  29.296  1022.713  1480.24 
2024 01 26 13 25 45.62  31.823  09.233  0018.83  03.15  07.99  292.0  009.26  29.278  1022.693  1480.36 
2024 01 26 13 25 45.87  31.830  09.233  0018.73  03.47  07.99  292.0  009.26  29.285  1022.698  1480.36 
2024 01 26 13 25 46.12  31.873  09.284  0018.68  03.87  07.99  292.0  009.26  29.287  1022.691  1480.55 
2024 01 26 13 25 46.37  31.930  09.370  0018.60  03.84  08.00  292.0  009.26  29.275  1022.669  1480.85 
2024 01 26 13 25 46.62  31.951  09.378  0018.50  04.09  08.00  292.0  009.26  29.290  1022.679  1480.90 
2024 01 26 13 25 46.87  31.954  09.390  0018.44  04.23  08.00  292.9  009.26  29.283  1022.671  1480.94 
2024 01 26 13 25 47.12  31.956  09.389  0018.38  04.34  08.00  292.9  009.26  29.286  1022.674  1480.94 
2024 01 26 13 25 47.37  31.970  09.402  0018.30  04.41  08.00  292.9  009.26  29.290  1022.674  1480.99 
2024 01 26 13 25 47.62  31.970  09.400  0018.22  04.50  08.00  292.9  009.26  29.292  1022.676  1480.98 
2024 01 26 13 25 47.87  31.979  09.413  0018.15  04.51  08.00  292.9  009.26  29.290  1022.672  1481.02 
2024 01 26 13 25 48.12  31.982  09.417  0018.08  04.41  08.00  292.9  009.26  29.290  1022.671  1481.04 
2024 01 26 13 25 48.37  31.978  09.410  0018.03  04.20  08.00  292.9  009.26  29.292  1022.673  1481.01 
2024 01 26 13 25 48.62  31.988  09.422  0017.94  04.11  08.00  292.9  009.26  29.291  1022.671  1481.06 
2024 01 26 13 25 48.87  31.994  09.429  0017.86  04.24  08.00  292.9  009.26  29.292  1022.670  1481.08 
2024 01 26 13 25 49.12  32.007  09.444  0017.75  04.54  08.01  292.9  009.26  29.293  1022.668  1481.14 
2024 01 26 13 25 49.37  32.009  09.447  0017.67  04.51  08.01  292.9  009.26  29.293  1022.667  1481.15 
2024 01 26 13 25 49.62  32.030  09.484  0017.62  04.48  08.01  292.9  009.26  29.284  1022.654  1481.27 
2024 01 26 13 25 49.87  32.042  09.492  0017.53  04.76  08.01  294.9  009.26  29.290  1022.657  1481.31 
2024 01 26 13 25 50.12  32.058  09.509  0017.45  04.87  08.01  294.9  009.26  29.292  1022.655  1481.37 
2024 01 26 13 25 50.37  32.064  09.535  0017.40  04.96  08.01  294.9  009.26  29.277  1022.639  1481.45 
2024 01 26 13 25 50.62  32.074  09.543  0017.32  05.15  08.01  294.9  009.26  29.280  1022.640  1481.48 
2024 01 26 13 25 50.87  32.089  09.572  0017.22  05.39  08.01  294.9  009.26  29.272  1022.629  1481.58 
2024 01 26 13 25 51.12  32.089  09.565  0017.14  05.58  08.01  294.9  009.26  29.277  1022.634  1481.56 
2024 01 26 13 25 51.37  32.088  09.569  0017.08  05.74  08.02  294.9  009.26  29.273  1022.630  1481.57 
2024 01 26 13 25 51.62  32.091  09.578  0017.01  05.73  08.02  294.9  009.26  29.269  1022.625  1481.59 
2024 01 26 13 25 51.87  32.089  09.602  0016.93  05.72  08.01  294.9  009.26  29.248  1022.604  1481.65 
2024 01 26 13 25 52.12  32.093  09.628  0016.87  06.01  08.02  294.9  009.26  29.230  1022.586  1481.73 
2024 01 26 13 25 52.37  32.099  09.642  0016.82  06.11  08.02  294.9  009.26  29.226  1022.580  1481.77 
2024 01 26 13 25 52.62  32.114  09.666  0016.74  06.21  08.02  294.9  009.26  29.221  1022.572  1481.85 
2024 01 26 13 25 52.87  32.111  09.661  0016.67  06.55  08.02  297.6  009.26  29.222  1022.574  1481.84 
2024 01 26 13 25 53.12  32.113  09.668  0016.66  06.37  08.02  297.6  009.26  29.218  1022.570  1481.86 
2024 01 26 13 25 53.37  32.114  09.676  0016.57  06.33  08.02  297.6  009.26  29.213  1022.564  1481.88 
2024 01 26 13 25 53.62  32.124  09.697  0016.53  06.48  08.02  297.6  009.26  29.205  1022.555  1481.95 
2024 01 26 13 25 53.87  32.124  09.701  0016.48  06.92  08.02  297.6  009.26  29.203  1022.552  1481.95 
2024 01 26 13 25 54.12  32.137  09.716  0016.45  06.94  08.02  297.6  009.26  29.203  1022.549  1482.01 
2024 01 26 13 25 54.37  32.144  09.732  0016.34  06.89  08.02  297.6  009.26  29.197  1022.542  1482.06 
2024 01 26 13 25 54.62  32.142  09.732  0016.26  07.21  08.02  297.6  009.26  29.196  1022.540  1482.06 
2024 01 26 13 25 54.87  32.144  09.737  0016.22  07.48  08.02  297.6  009.26  29.194  1022.538  1482.07 
2024 01 26 13 25 55.12  32.148  09.732  0016.17  07.16  08.03  297.6  009.26  29.202  1022.545  1482.06 
2024 01 26 13 25 55.37  32.163  09.767  0016.11  07.33  08.03  297.6  009.26  29.188  1022.528  1482.17 
2024 01 26 13 25 55.62  32.159  09.765  0016.03  07.59  08.03  297.6  009.26  29.186  1022.526  1482.16 
2024 01 26 13 25 55.87  32.161  09.771  0015.98  07.52  08.03  300.0  009.26  29.183  1022.523  1482.18 
2024 01 26 13 25 56.12  32.162  09.779  0015.91  07.44  08.03  300.0  009.26  29.178  1022.517  1482.20 
2024 01 26 13 25 56.37  32.165  09.782  0015.81  07.40  08.03  300.0  009.26  29.178  1022.516  1482.21 
2024 01 26 13 25 56.62  32.166  09.786  0015.77  07.74  08.03  300.0  009.26  29.176  1022.515  1482.22 
2024 01 26 13 25 56.87  32.168  09.781  0015.74  07.76  08.03  300.0  009.26  29.182  1022.519  1482.21 
2024 01 26 13 25 57.12  32.180  09.807  0015.70  07.68  08.03  300.0  009.26  29.173  1022.508  1482.30 
2024 01 26 13 25 57.37  32.180  09.807  0015.64  08.09  08.03  300.0  009.26  29.173  1022.508  1482.30 
2024 01 26 13 25 57.62  32.181  09.809  0015.61  08.59  08.03  300.0  009.26  29.172  1022.507  1482.30 
2024 01 26 13 25 57.87  32.181  09.811  0015.53  08.36  08.03  300.0  009.26  29.170  1022.505  1482.31 
2024 01 26 13 25 58.12  32.181  09.816  0015.46  08.04  08.03  300.0  009.26  29.166  1022.501  1482.32 
2024 01 26 13 25 58.37  32.181  09.816  0015.38  08.60  08.03  300.0  009.26  29.167  1022.501  1482.32 
2024 01 26 13 25 58.62  32.181  09.820  0015.33  08.64  08.03  300.0  009.26  29.163  1022.497  1482.33 
2024 01 26 13 25 58.87  32.184  09.821  0015.24  08.26  08.03  302.0  009.26  29.165  1022.498  1482.33 
2024 01 26 13 25 59.12  32.181  09.822  0015.16  08.21  08.03  302.0  009.26  29.162  1022.495  1482.33 
2024 01 26 13 25 59.37  32.183  09.821  0015.15  08.69  08.03  302.0  009.29  29.165  1022.498  1482.33 
2024 01 26 13 25 59.62  32.180  09.820  0015.14  08.66  08.03  302.0  009.26  29.162  1022.495  1482.32 
2024 01 26 13 25 59.87  32.180  09.821  0015.12  08.73  08.03  302.0  009.26  29.162  1022.495  1482.32 
2024 01 26 13 26 00.12  32.180  09.821  0015.00  08.82  08.03  302.0  009.26  29.162  1022.494  1482.32 
2024 01 26 13 26 00.37  32.182  09.825  0014.91  08.40  08.03  302.0  009.26  29.161  1022.493  1482.33 
2024 01 26 13 26 00.62  32.181  09.824  0014.82  08.73  08.03  302.0  009.26  29.160  1022.491  1482.33 
2024 01 26 13 26 00.87  32.181  09.827  0014.81  08.59  08.03  302.0  009.26  29.158  1022.489  1482.34 
2024 01 26 13 26 01.12  32.182  09.828  0014.82  08.44  08.03  302.0  009.26  29.159  1022.490  1482.34 
2024 01 26 13 26 01.37  32.180  09.825  0014.84  08.78  08.03  302.0  009.26  29.159  1022.491  1482.33 
2024 01 26 13 26 01.62  32.181  09.828  0014.85  08.79  08.03  302.0  009.26  29.157  1022.489  1482.34 
2024 01 26 13 26 01.87  32.182  09.830  0014.86  08.76  08.03  303.3  009.26  29.157  1022.488  1482.35 
2024 01 26 13 26 02.12  32.183  09.828  0014.85  08.65  08.03  303.3  009.26  29.159  1022.490  1482.34 
2024 01 26 13 26 02.37  32.181  09.828  0014.79  08.25  08.03  303.3  009.26  29.157  1022.488  1482.34 
2024 01 26 13 26 02.62  32.183  09.833  0014.67  08.42  08.04  303.3  009.26  29.156  1022.486  1482.35 
2024 01 26 13 26 02.87  32.181  09.831  0014.55  08.48  08.03  303.3  009.26  29.155  1022.485  1482.34 
2024 01 26 13 26 03.12  32.183  09.833  0014.47  08.95  08.03  303.3  009.26  29.155  1022.485  1482.35 
2024 01 26 13 26 03.37  32.181  09.833  0014.39  08.91  08.03  303.3  009.26  29.154  1022.483  1482.35 
2024 01 26 13 26 03.62  32.179  09.832  0014.30  08.64  08.03  303.3  009.26  29.153  1022.482  1482.34 
2024 01 26 13 26 03.87  32.171  09.829  0014.21  08.59  08.03  303.3  009.26  29.147  1022.478  1482.32 
2024 01 26 13 26 04.12  32.156  09.835  0014.10  08.66  08.03  303.3  009.26  29.127  1022.460  1482.32 
2024 01 26 13 26 04.37  32.130  09.837  0013.99  08.46  08.03  303.3  009.26  29.100  1022.439  1482.29 
2024 01 26 13 26 04.62  32.099  09.852  0013.94  08.56  08.04  303.3  009.26  29.056  1022.402  1482.29 
2024 01 26 13 26 04.87  32.036  09.853  0013.82  08.63  08.04  304.2  009.26  28.992  1022.352  1482.21 
2024 01 26 13 26 05.12  31.985  09.850  0013.72  08.87  08.04  304.2  009.26  28.944  1022.314  1482.14 
2024 01 26 13 26 05.37  31.971  09.845  0013.67  09.04  08.04  304.2  009.26  28.934  1022.307  1482.11 
2024 01 26 13 26 05.62  31.953  09.842  0013.57  08.89  08.04  304.2  009.26  28.918  1022.295  1482.08 
2024 01 26 13 26 05.87  31.930  09.834  0013.50  09.06  08.04  304.2  009.26  28.901  1022.282  1482.03 
2024 01 26 13 26 06.12  31.919  09.829  0013.42  08.94  08.04  304.2  009.26  28.895  1022.278  1482.00 
2024 01 26 13 26 06.37  31.915  09.827  0013.30  08.73  08.04  304.2  009.26  28.892  1022.276  1481.99 
2024 01 26 13 26 06.62  31.912  09.827  0013.21  08.89  08.04  304.2  009.26  28.889  1022.273  1481.98 
2024 01 26 13 26 06.87  31.912  09.826  0013.12  08.76  08.03  304.2  009.26  28.890  1022.273  1481.98 
2024 01 26 13 26 07.12  31.912  09.824  0013.08  09.12  08.03  304.2  009.26  28.892  1022.275  1481.98 
2024 01 26 13 26 07.37  31.912  09.825  0013.02  09.23  08.04  304.2  009.26  28.891  1022.273  1481.98 
2024 01 26 13 26 07.62  31.911  09.825  0012.96  09.10  08.03  304.2  009.26  28.890  1022.273  1481.97 
2024 01 26 13 26 07.87  31.908  09.820  0012.91  09.35  08.04  303.9  009.26  28.892  1022.274  1481.96 
2024 01 26 13 26 08.12  31.904  09.818  0012.83  09.05  08.03  303.9  009.26  28.889  1022.273  1481.94 
2024 01 26 13 26 08.37  31.899  09.817  0012.76  09.27  08.03  303.9  009.26  28.884  1022.268  1481.93 
2024 01 26 13 26 08.62  31.891  09.812  0012.70  09.62  08.03  303.9  009.26  28.881  1022.266  1481.91 
2024 01 26 13 26 08.87  31.877  09.810  0012.63  09.74  08.03  303.9  009.26  28.869  1022.257  1481.89 
2024 01 26 13 26 09.12  31.858  09.803  0012.52  09.71  08.03  303.9  009.26  28.855  1022.246  1481.84 
2024 01 26 13 26 09.37  31.858  09.803  0012.45  10.01  08.03  303.9  009.26  28.855  1022.246  1481.84 
2024 01 26 13 26 09.62  31.855  09.804  0012.41  10.18  08.03  303.9  009.26  28.851  1022.243  1481.84 
2024 01 26 13 26 09.87  31.841  09.805  0012.31  10.45  08.03  303.9  009.26  28.837  1022.231  1481.83 
2024 01 26 13 26 10.12  31.833  09.800  0012.24  10.72  08.03  303.9  009.26  28.832  1022.228  1481.80 
2024 01 26 13 26 10.37  31.820  09.794  0012.16  10.73  08.03  303.9  009.26  28.824  1022.222  1481.77 
2024 01 26 13 26 10.62  31.802  09.786  0012.05  10.39  08.03  303.9  009.26  28.813  1022.214  1481.72 
2024 01 26 13 26 10.87  31.790  09.788  0011.97  10.61  08.04  303.4  009.26  28.799  1022.202  1481.71 
2024 01 26 13 26 11.12  31.784  09.785  0011.90  11.02  08.03  303.4  009.26  28.795  1022.200  1481.70 
2024 01 26 13 26 11.37  31.768  09.784  0011.81  11.13  08.03  303.4  009.26  28.780  1022.188  1481.67 
2024 01 26 13 26 11.62  31.742  09.787  0011.78  11.39  08.03  303.4  009.26  28.752  1022.165  1481.65 
2024 01 26 13 26 11.87  31.744  09.790  0011.73  11.86  08.03  303.4  009.26  28.752  1022.164  1481.66 
2024 01 26 13 26 12.12  31.725  09.796  0011.69  12.13  08.03  303.4  009.26  28.727  1022.144  1481.65 
2024 01 26 13 26 12.37  31.721  09.807  0011.60  12.64  08.03  303.4  009.26  28.715  1022.132  1481.67 
2024 01 26 13 26 12.62  31.717  09.808  0011.53  12.67  08.03  303.4  009.26  28.710  1022.128  1481.67 
2024 01 26 13 26 12.87  31.717  09.816  0011.48  13.50  08.03  303.4  009.26  28.704  1022.122  1481.69 
2024 01 26 13 26 13.12  31.713  09.819  0011.43  12.87  08.03  303.4  009.26  28.697  1022.116  1481.69 
2024 01 26 13 26 13.37  31.709  09.829  0011.33  13.35  08.03  303.4  009.26  28.685  1022.104  1481.71 
2024 01 26 13 26 13.62  31.708  09.830  0011.30  13.36  08.04  303.4  009.26  28.683  1022.103  1481.72 
2024 01 26 13 26 13.87  31.708  09.832  0011.22  13.17  08.04  302.5  009.26  28.682  1022.101  1481.72 
2024 01 26 13 26 14.12  31.708  09.837  0011.15  13.14  08.04  302.5  009.26  28.678  1022.097  1481.73 
2024 01 26 13 26 14.37  31.708  09.837  0011.05  13.59  08.04  302.5  009.26  28.678  1022.097  1481.73 
2024 01 26 13 26 14.62  31.693  09.848  0010.95  14.09  08.04  302.5  009.26  28.654  1022.076  1481.74 
2024 01 26 13 26 14.87  31.627  09.901  0010.89  14.45  08.04  302.5  009.26  28.547  1021.984  1481.80 
2024 01 26 13 26 15.12  31.607  09.886  0010.82  14.26  08.04  302.5  009.26  28.538  1021.979  1481.74 
2024 01 26 13 26 15.37  31.589  09.920  0010.75  13.99  08.04  302.5  009.26  28.494  1021.939  1481.81 
2024 01 26 13 26 15.62  31.581  09.931  0010.68  14.36  08.05  302.5  009.26  28.478  1021.924  1481.82 
2024 01 26 13 26 15.87  31.569  09.939  0010.62  15.06  08.04  302.5  009.26  28.459  1021.908  1481.83 
2024 01 26 13 26 16.12  31.554  09.950  0010.54  15.12  08.05  302.5  009.26  28.435  1021.887  1481.84 
2024 01 26 13 26 16.37  31.529  09.958  0010.47  15.96  08.05  302.5  009.26  28.404  1021.862  1481.83 
2024 01 26 13 26 16.62  31.514  09.958  0010.36  17.16  08.05  302.5  009.26  28.389  1021.849  1481.81 
2024 01 26 13 26 16.87  31.510  09.957  0010.29  17.63  08.05  302.7  009.26  28.387  1021.847  1481.80 
2024 01 26 13 26 17.12  31.496  09.952  0010.23  18.12  08.05  302.7  009.26  28.376  1021.839  1481.77 
2024 01 26 13 26 17.37  31.469  09.940  0010.17  17.98  08.05  302.7  009.26  28.359  1021.828  1481.70 
2024 01 26 13 26 17.62  31.464  09.937  0010.09  17.61  08.05  302.7  009.26  28.356  1021.826  1481.69 
2024 01 26 13 26 17.87  31.463  09.935  0010.05  17.64  08.05  302.7  009.26  28.356  1021.826  1481.68 
2024 01 26 13 26 18.12  31.456  09.932  0009.98  17.32  08.05  302.7  009.26  28.352  1021.823  1481.67 
2024 01 26 13 26 18.37  31.445  09.928  0009.90  17.39  08.06  302.7  009.26  28.345  1021.817  1481.64 
2024 01 26 13 26 18.62  31.444  09.925  0009.85  17.54  08.06  302.7  009.26  28.346  1021.819  1481.63 
2024 01 26 13 26 18.87  31.440  09.923  0009.78  17.57  08.05  302.7  009.26  28.343  1021.816  1481.62 
2024 01 26 13 26 19.12  31.435  09.921  0009.71  17.37  08.06  302.7  009.26  28.339  1021.813  1481.61 
2024 01 26 13 26 19.37  31.433  09.922  0009.65  17.68  08.06  302.7  009.26  28.337  1021.812  1481.60 
2024 01 26 13 26 19.62  31.428  09.919  0009.57  17.39  08.06  302.7  009.26  28.334  1021.809  1481.59 
2024 01 26 13 26 19.87  31.430  09.918  0009.53  17.44  08.06  305.0  009.26  28.337  1021.811  1481.59 
2024 01 26 13 26 20.12  31.425  09.917  0009.47  17.56  08.06  305.0  009.26  28.333  1021.808  1481.58 
2024 01 26 13 26 20.37  31.407  09.912  0009.41  17.39  08.06  305.0  009.29  28.319  1021.797  1481.54 
2024 01 26 13 26 20.62  31.392  09.908  0009.33  18.46  08.06  305.0  009.26  28.307  1021.789  1481.51 
2024 01 26 13 26 20.87  31.364  09.895  0009.30  17.92  08.06  305.0  009.26  28.289  1021.776  1481.44 
2024 01 26 13 26 21.12  31.364  09.896  0009.27  17.47  08.06  305.0  009.26  28.288  1021.776  1481.45 
2024 01 26 13 26 21.37  31.366  09.897  0009.20  17.28  08.06  305.0  009.26  28.289  1021.776  1481.45 
2024 01 26 13 26 21.62  31.366  09.895  0009.13  17.31  08.06  305.0  009.26  28.291  1021.777  1481.44 
2024 01 26 13 26 21.87  31.349  09.885  0009.04  17.84  08.05  305.0  009.26  28.282  1021.771  1481.39 
2024 01 26 13 26 22.12  31.361  09.892  0008.98  17.12  08.06  305.0  009.26  28.289  1021.775  1481.43 
2024 01 26 13 26 22.37  31.363  09.895  0008.90  17.42  08.06  305.0  009.26  28.288  1021.774  1481.44 
2024 01 26 13 26 22.62  31.351  09.889  0008.83  17.32  08.06  305.0  009.26  28.282  1021.770  1481.40 
2024 01 26 13 26 22.87  31.347  09.885  0008.79  16.77  08.06  306.9  009.26  28.281  1021.769  1481.39 
2024 01 26 13 26 23.12  31.341  09.881  0008.73  16.65  08.06  306.9  009.26  28.277  1021.767  1481.37 
2024 01 26 13 26 23.37  31.331  09.879  0008.62  16.52  08.06  306.9  009.26  28.269  1021.761  1481.35 
2024 01 26 13 26 23.62  31.333  09.879  0008.55  16.76  08.06  306.9  009.26  28.271  1021.762  1481.35 
2024 01 26 13 26 23.87  31.331  09.878  0008.49  16.62  08.06  306.9  009.26  28.271  1021.761  1481.34 
2024 01 26 13 26 24.12  31.331  09.879  0008.40  17.30  08.06  306.9  009.26  28.269  1021.759  1481.35 
2024 01 26 13 26 24.37  31.330  09.878  0008.35  17.49  08.06  306.9  009.26  28.270  1021.759  1481.34 
2024 01 26 13 26 24.62  31.331  09.879  0008.28  17.00  08.06  306.9  009.26  28.270  1021.760  1481.34 
2024 01 26 13 26 24.87  31.330  09.878  0008.22  17.22  08.06  306.9  009.26  28.270  1021.759  1481.34 
2024 01 26 13 26 25.12  31.328  09.878  0008.14  18.03  08.06  306.9  009.26  28.267  1021.757  1481.34 
2024 01 26 13 26 25.37  31.329  09.876  0008.02  17.11  08.06  306.9  009.26  28.270  1021.759  1481.33 
2024 01 26 13 26 25.62  31.330  09.880  0007.98  17.28  08.06  306.9  009.26  28.268  1021.756  1481.34 
2024 01 26 13 26 25.87  31.327  09.878  0007.88  17.06  08.06  308.7  009.26  28.267  1021.755  1481.33 
2024 01 26 13 26 26.12  31.327  09.875  0007.77  17.78  08.06  308.7  009.26  28.269  1021.757  1481.32 
2024 01 26 13 26 26.37  31.327  09.874  0007.70  17.53  08.06  308.7  009.26  28.270  1021.757  1481.32 
2024 01 26 13 26 26.62  31.311  09.866  0007.61  16.87  08.06  308.7  009.26  28.260  1021.751  1481.27 
2024 01 26 13 26 26.87  31.280  09.844  0007.50  16.70  08.06  308.7  009.26  28.247  1021.743  1481.17 
2024 01 26 13 26 27.12  31.284  09.846  0007.42  16.09  08.06  308.7  009.26  28.249  1021.745  1481.18 
2024 01 26 13 26 27.37  31.288  09.848  0007.33  16.21  08.06  308.7  009.26  28.252  1021.746  1481.19 
2024 01 26 13 26 27.62  31.294  09.852  0007.21  16.11  08.06  308.7  009.26  28.254  1021.746  1481.21 
2024 01 26 13 26 27.87  31.299  09.854  0007.17  16.25  08.06  308.7  009.26  28.257  1021.748  1481.22 
2024 01 26 13 26 28.12  31.283  09.845  0007.01  16.17  08.06  308.7  009.26  28.248  1021.742  1481.17 
2024 01 26 13 26 28.37  31.269  09.835  0006.91  16.39  08.06  308.7  009.26  28.243  1021.739  1481.13 
2024 01 26 13 26 28.62  31.239  09.820  0006.82  15.57  08.06  308.7  009.26  28.224  1021.726  1481.05 
2024 01 26 13 26 28.87  31.239  09.818  0006.78  16.35  08.06  309.5  009.26  28.226  1021.728  1481.04 
2024 01 26 13 26 29.12  31.225  09.810  0006.70  16.10  08.06  309.5  009.26  28.218  1021.723  1481.00 
2024 01 26 13 26 29.37  31.197  09.797  0006.60  15.97  08.06  309.5  009.26  28.200  1021.710  1480.93 
2024 01 26 13 26 29.62  31.164  09.782  0006.51  14.95  08.06  309.5  009.26  28.180  1021.696  1480.85 
2024 01 26 13 26 29.87  31.138  09.766  0006.43  14.29  08.06  309.5  009.26  28.165  1021.687  1480.77 
2024 01 26 13 26 30.12  31.096  09.744  0006.31  13.49  08.07  309.5  009.26  28.141  1021.670  1480.66 
2024 01 26 13 26 30.37  31.085  09.736  0006.24  12.72  08.07  309.5  009.26  28.137  1021.668  1480.62 
2024 01 26 13 26 30.62  31.066  09.725  0006.21  13.00  08.07  309.5  009.26  28.126  1021.662  1480.57 
2024 01 26 13 26 30.87  31.014  09.689  0006.08  12.19  08.06  309.5  009.26  28.102  1021.647  1480.40 
2024 01 26 13 26 31.12  30.885  09.582  0006.00  11.65  08.07  309.5  009.26  28.056  1021.628  1479.95 
2024 01 26 13 26 31.37  30.829  09.531  0005.94  11.61  08.07  309.5  009.26  28.040  1021.623  1479.74 
2024 01 26 13 26 31.62  30.798  09.501  0005.83  12.02  08.07  309.5  009.26  28.032  1021.621  1479.62 
2024 01 26 13 26 31.87  30.718  09.429  0005.72  11.17  08.07  310.7  009.26  28.009  1021.613  1479.32 
2024 01 26 13 26 32.12  30.668  09.405  0005.63  12.49  08.07  310.7  009.26  27.977  1021.591  1479.19 
2024 01 26 13 26 32.37  30.518  09.308  0005.52  11.65  08.07  310.7  009.26  27.900  1021.545  1478.74 
2024 01 26 13 26 32.62  30.454  09.269  0005.42  11.42  08.07  310.7  009.26  27.867  1021.524  1478.55 
2024 01 26 13 26 32.87  30.434  09.265  0005.32  12.24  08.07  310.7  009.26  27.850  1021.511  1478.51 
2024 01 26 13 26 33.12  30.359  09.268  0005.24  11.18  08.07  310.7  009.26  27.771  1021.449  1478.42 
2024 01 26 13 26 33.37  30.331  09.302  0005.10  10.50  08.08  310.7  009.26  27.717  1021.401  1478.48 
2024 01 26 13 26 33.62  30.320  09.326  0005.01  10.30  08.08  310.7  009.26  27.687  1021.374  1478.53 
2024 01 26 13 26 33.87  30.314  09.327  0004.92  10.02  08.07  310.7  009.26  27.680  1021.368  1478.53 
2024 01 26 13 26 34.12  30.297  09.332  0004.82  09.31  08.08  310.7  009.26  27.660  1021.351  1478.52 
2024 01 26 13 26 34.37  30.240  09.344  0004.70  08.99  08.08  310.7  009.26  27.593  1021.296  1478.48 
2024 01 26 13 26 34.62  30.234  09.353  0004.63  08.47  08.08  310.7  009.26  27.580  1021.285  1478.50 
2024 01 26 13 26 34.87  30.236  09.368  0004.55  08.23  08.08  316.3  009.26  27.571  1021.275  1478.54 
2024 01 26 13 26 35.12  30.187  09.358  0004.47  07.68  08.08  316.3  009.26  27.528  1021.243  1478.45 
2024 01 26 13 26 35.37  30.145  09.350  0004.35  07.69  08.08  316.3  009.26  27.492  1021.215  1478.38 
2024 01 26 13 26 35.62  30.118  09.325  0004.26  07.52  08.09  316.3  009.26  27.485  1021.213  1478.27 
2024 01 26 13 26 35.87  30.119  09.383  0004.17  07.44  08.09  316.3  009.26  27.441  1021.170  1478.43 
2024 01 26 13 26 36.12  30.162  09.447  0004.05  07.33  08.09  316.3  009.26  27.436  1021.155  1478.66 
2024 01 26 13 26 36.37  30.170  09.469  0003.96  07.34  08.08  316.3  009.26  27.427  1021.145  1478.73 
2024 01 26 13 26 36.62  30.167  09.443  0003.89  07.23  08.08  316.3  009.26  27.444  1021.161  1478.66 
2024 01 26 13 26 36.87  30.221  09.539  0003.80  07.08  08.08  316.3  009.26  27.425  1021.132  1478.99 
2024 01 26 13 26 37.12  30.222  09.553  0003.73  06.86  08.08  316.3  009.26  27.415  1021.122  1479.03 
2024 01 26 13 26 37.37  30.227  09.578  0003.66  06.71  08.09  316.3  009.26  27.401  1021.107  1479.10 
2024 01 26 13 26 37.62  30.235  09.614  0003.56  06.77  08.09  316.3  009.26  27.381  1021.086  1479.21 
2024 01 26 13 26 37.87  30.245  09.692  0003.44  06.64  08.09  320.6  009.26  27.332  1021.035  1479.44 
2024 01 26 13 26 38.12  30.248  09.700  0003.33  06.58  08.09  320.6  009.26  27.329  1021.031  1479.46 
2024 01 26 13 26 38.37  30.246  09.738  0003.23  06.39  08.09  320.6  009.26  27.298  1021.001  1479.56 
2024 01 26 13 26 38.62  30.208  09.741  0003.13  06.29  08.09  320.6  009.26  27.259  1020.969  1479.52 
2024 01 26 13 26 38.87  30.169  09.709  0003.01  06.48  08.09  320.6  009.26  27.244  1020.962  1479.39 
2024 01 26 13 26 39.12  30.085  09.682  0002.92  06.54  08.09  320.6  009.26  27.180  1020.916  1479.21 
2024 01 26 13 26 39.37  30.019  09.635  0002.83  06.84  08.09  320.6  009.26  27.150  1020.899  1479.00 
2024 01 26 13 26 39.62  30.006  09.641  0002.71  06.57  08.09  320.6  009.26  27.133  1020.884  1478.99 
2024 01 26 13 26 39.87  30.005  09.647  0002.61  06.46  08.08  320.6  009.26  27.127  1020.878  1479.01 
2024 01 26 13 26 40.12  29.984  09.650  0002.47  06.60  08.09  320.6  009.26  27.104  1020.859  1478.99 
2024 01 26 13 26 40.37  29.897  09.641  0002.36  06.41  08.09  320.6  009.26  27.024  1020.798  1478.85 
2024 01 26 13 26 40.62  29.880  09.639  0002.26  06.36  08.09  320.6  009.26  27.009  1020.786  1478.83 
2024 01 26 13 26 40.87  29.858  09.635  0002.16  06.17  08.09  320.4  009.26  26.990  1020.771  1478.79 
2024 01 26 13 26 41.12  29.821  09.626  0002.09  06.38  08.09  320.4  009.26  26.959  1020.748  1478.72 
2024 01 26 13 26 41.37  29.813  09.624  0001.99  06.26  08.09  320.4  009.26  26.954  1020.744  1478.70 
2024 01 26 13 26 41.62  29.801  09.622  0001.88  06.18  08.09  320.4  009.26  26.943  1020.735  1478.68 
2024 01 26 13 26 41.87  29.771  09.636  0001.81  05.96  08.09  320.4  009.26  26.903  1020.701  1478.68 
2024 01 26 13 26 42.12  29.735  09.657  0001.71  05.78  08.09  320.4  009.26  26.850  1020.657  1478.69 
2024 01 26 13 26 42.37  29.638  09.722  0001.61  05.61  08.09  320.4  009.26  26.706  1020.535  1478.76 
2024 01 26 13 26 42.62  29.582  09.754  0001.52  05.45  08.09  320.4  009.26  26.626  1020.467  1478.78 
2024 01 26 13 26 42.87  29.486  09.825  0001.43  05.40  08.09  320.4  009.26  26.479  1020.341  1478.86 
2024 01 26 13 26 43.12  29.454  09.845  0001.31  05.28  08.10  320.4  009.26  26.432  1020.301  1478.88 
2024 01 26 13 26 43.37  29.428  09.858  0001.25  05.21  08.09  320.4  009.26  26.398  1020.272  1478.88 
2024 01 26 13 26 43.62  29.413  09.865  0001.20  05.05  08.09  320.4  009.26  26.378  1020.256  1478.88 
2024 01 26 13 26 43.87  29.423  09.862  0001.20  05.08  08.09  322.6  009.26  26.389  1020.264  1478.89 
2024 01 26 13 26 44.12  29.405  09.890  0001.21  05.08  08.09  322.6  009.26  26.352  1020.232  1478.94 
2024 01 26 13 26 44.37  29.376  09.914  0001.21  05.19  08.09  322.6  009.26  26.305  1020.192  1478.97 
2024 01 26 13 26 44.62  29.357  09.930  0001.23  05.08  08.09  322.6  009.26  26.275  1020.166  1479.00 
2024 01 26 13 26 44.87  29.345  09.937  0001.21  04.91  08.09  322.6  009.26  26.258  1020.151  1479.00 
2024 01 26 13 26 45.12  29.332  09.937  0001.25  04.82  08.09  322.6  009.26  26.246  1020.142  1478.99 
2024 01 26 13 26 45.37  29.325  09.940  0001.27  04.80  08.09  322.6  009.26  26.236  1020.134  1478.99 
2024 01 26 13 26 45.62  29.318  09.952  0001.29  04.92  08.09  322.6  009.26  26.221  1020.121  1479.01 
2024 01 26 13 26 45.87  29.311  09.952  0001.31  04.94  08.09  322.6  009.26  26.214  1020.115  1479.01 
2024 01 26 13 26 46.12  29.306  09.958  0001.30  04.89  08.09  322.6  009.26  26.205  1020.107  1479.02 
2024 01 26 13 26 46.37  29.304  09.955  0001.32  04.92  08.09  322.6  009.26  26.205  1020.107  1479.01 
2024 01 26 13 26 46.62  29.308  09.944  0001.31  04.71  08.09  322.6  009.26  26.216  1020.118  1478.98 
2024 01 26 13 26 46.87  29.304  09.962  0001.27  04.87  08.09  319.8  009.26  26.199  1020.102  1479.03 
2024 01 26 13 26 47.12  29.335  09.921  0001.19  04.87  08.09  319.8  009.26  26.260  1020.155  1478.94 
2024 01 26 13 26 47.37  29.314  09.937  0001.07  05.01  08.09  319.8  009.26  26.227  1020.127  1478.96 
2024 01 26 13 26 47.62  29.322  09.936  0001.02  04.97  08.09  319.8  009.26  26.237  1020.134  1478.97 
2024 01 26 13 26 47.87  29.329  09.932  0001.01  05.21  08.09  319.8  009.26  26.246  1020.141  1478.97 
2024 01 26 13 26 48.12  29.324  09.935  0001.01  05.03  08.09  319.8  009.26  26.239  1020.136  1478.97 
2024 01 26 13 26 48.37  29.325  09.934  0001.03  04.98  08.09  319.8  009.26  26.240  1020.137  1478.97 
2024 01 26 13 26 48.62  29.326  09.933  0001.03  04.94  08.09  319.8  009.26  26.242  1020.138  1478.96 
2024 01 26 13 26 48.87  29.316  09.940  0001.05  04.86  08.09  319.8  009.26  26.228  1020.126  1478.97 
2024 01 26 13 26 49.12  29.298  09.960  0001.06  04.85  08.09  319.8  009.26  26.196  1020.099  1479.01 
2024 01 26 13 26 49.37  29.279  09.983  0001.10  04.85  08.09  319.8  009.26  26.160  1020.068  1479.05 
2024 01 26 13 26 49.62  29.228  10.027  0001.07  04.84  08.09  319.8  009.26  26.078  1019.997  1479.12 
2024 01 26 13 26 49.87  29.198  10.049  0001.05  04.69  08.09  318.9  009.26  26.033  1019.958  1479.14 
2024 01 26 13 26 50.12  29.172  10.067  0001.00  04.67  08.09  318.9  009.26  25.994  1019.925  1479.16 
2024 01 26 13 26 50.37  29.177  10.055  0000.95  04.82  08.09  318.9  009.26  26.008  1019.937  1479.13 
2024 01 26 13 26 50.62  29.174  10.050  0000.84  04.91  08.09  318.9  009.26  26.008  1019.937  1479.11 
2024 01 26 13 26 50.87  29.161  10.058  0000.67  04.98  08.09  318.9  009.26  25.989  1019.921  1479.12 
2024 01 26 13 26 51.12  29.136  10.076  0000.54  04.77  08.09  318.9  009.26  25.953  1019.889  1479.13 
2024 01 26 13 26 51.37  29.122  10.092  0000.40  04.54  08.09  318.9  009.26  25.927  1019.866  1479.16 
2024 01 26 13 26 51.62  29.117  10.091  0000.27  04.67  08.09  318.9  009.26  25.924  1019.863  1479.15 
2024 01 26 13 26 51.87  29.112  10.097  0000.12  04.69  08.09  318.9  009.26  25.914  1019.854  1479.16 
2024 01 26 13 26 52.12  29.114  10.095  0000.04  04.53  08.09  318.9  009.26  25.917  1019.856  1479.15 
2024 01 26 13 26 52.37  28.133  10.094  0000.04  04.42  08.09  318.9  009.26  24.958  1019.110  1477.99 
2024 01 26 13 26 52.62  03.344  10.078  0000.03  06.62  08.09  318.9  009.26  02.512  1001.664  1450.71 
2024 01 26 13 26 52.87  02.058  10.068  0000.03  04.89  08.09  318.2  009.26  01.503  1000.876  1449.43 
2024 01 26 13 26 53.12  13.398  10.076  0000.03  14.29  08.11  318.2  009.26  11.117  1008.359  1461.19 
2024 01 26 13 26 53.37  01.023  10.049  0000.03  06.02  08.08  318.2  009.26  00.722  1000.266  1448.38 
2024 01 26 13 26 53.62  00.587  09.983  0000.03  02.29  08.04  318.2  009.26  00.406  1000.023  1447.72 
2024 01 26 13 26 53.87  00.106  09.908  0000.03  00.84  07.88  318.2  009.26  00.070  0999.765  1447.00 
2024 01 26 13 26 54.12  00.462  09.943  0000.04  00.43  07.74  318.2  009.26  00.317  0999.956  1447.45 
2024 01 26 13 26 54.37  00.168  09.852  0000.04  00.27  07.62  318.2  009.26  00.113  0999.803  1446.83 
