2024 01 26 10 07 47.01  02.011  10.045  0000.03  00.28  04.00  296.7  009.23  01.469  1000.851  1449.30 
2024 01 26 10 07 47.26  27.218  10.506  0000.03  00.24  05.40  296.7  009.23  23.795  1018.144  1478.10 
2024 01 26 10 07 47.51  28.713  10.519  0000.07  05.09  08.09  296.7  009.23  25.229  1019.256  1479.88 
2024 01 26 10 07 47.76  28.744  10.520  0000.12  04.02  08.15  297.5  009.23  25.258  1019.279  1479.91 
2024 01 26 10 07 48.01  28.776  10.517  0000.14  03.58  08.15  297.5  009.23  25.291  1019.305  1479.94 
2024 01 26 10 07 48.26  28.791  10.518  0000.28  03.69  08.16  297.5  009.26  25.305  1019.316  1479.97 
2024 01 26 10 07 48.51  28.790  10.519  0000.38  03.77  08.16  297.5  009.26  25.303  1019.315  1479.97 
2024 01 26 10 07 48.76  28.793  10.519  0000.48  03.76  08.16  297.5  009.26  25.306  1019.318  1479.98 
2024 01 26 10 07 49.01  28.804  10.518  0000.60  03.87  08.15  297.5  009.26  25.317  1019.327  1479.99 
2024 01 26 10 07 49.26  28.806  10.518  0000.67  03.95  08.16  297.5  009.26  25.319  1019.329  1479.99 
2024 01 26 10 07 49.51  28.827  10.513  0000.74  04.05  08.16  297.5  009.23  25.344  1019.349  1480.00 
2024 01 26 10 07 49.76  28.865  10.504  0000.84  04.08  08.16  297.5  009.23  25.386  1019.384  1480.02 
2024 01 26 10 07 50.01  28.880  10.501  0000.88  04.01  08.16  297.5  009.23  25.402  1019.397  1480.03 
2024 01 26 10 07 50.26  28.896  10.499  0000.96  04.01  08.16  297.5  009.23  25.420  1019.412  1480.05 
2024 01 26 10 07 50.51  28.905  10.498  0001.01  04.14  08.16  297.5  009.26  25.429  1019.419  1480.06 
2024 01 26 10 07 50.76  28.916  10.493  0001.05  04.09  08.16  301.3  009.26  25.443  1019.431  1480.05 
2024 01 26 10 07 51.01  28.912  10.492  0001.10  04.15  08.16  301.3  009.23  25.440  1019.429  1480.05 
2024 01 26 10 07 51.26  28.917  10.490  0001.14  04.19  08.16  301.3  009.26  25.446  1019.435  1480.05 
2024 01 26 10 07 51.51  28.919  10.490  0001.15  04.27  08.16  301.3  009.26  25.448  1019.436  1480.05 
2024 01 26 10 07 51.76  28.891  10.495  0001.14  04.20  08.16  301.3  009.26  25.417  1019.411  1480.03 
2024 01 26 10 07 52.01  28.872  10.498  0001.12  04.13  08.16  301.3  009.26  25.397  1019.395  1480.02 
2024 01 26 10 07 52.26  28.876  10.496  0001.12  04.20  08.16  301.3  009.26  25.402  1019.399  1480.02 
2024 01 26 10 07 52.51  28.905  10.490  0001.12  04.20  08.16  301.3  009.26  25.435  1019.425  1480.04 
2024 01 26 10 07 52.76  28.961  10.475  0001.15  04.39  08.15  301.3  009.26  25.499  1019.478  1480.06 
2024 01 26 10 07 53.01  28.966  10.476  0001.18  04.28  08.16  301.3  009.26  25.503  1019.481  1480.07 
2024 01 26 10 07 53.26  28.979  10.470  0001.17  04.25  08.15  301.3  009.26  25.520  1019.495  1480.06 
2024 01 26 10 07 53.51  28.975  10.472  0001.17  04.47  08.15  301.3  009.26  25.514  1019.490  1480.07 
2024 01 26 10 07 53.76  28.964  10.476  0001.15  04.31  08.15  304.6  009.26  25.502  1019.480  1480.06 
2024 01 26 10 07 54.01  28.969  10.470  0001.12  04.30  08.15  304.6  009.26  25.510  1019.487  1480.05 
2024 01 26 10 07 54.26  28.979  10.467  0001.14  04.30  08.15  304.6  009.26  25.523  1019.497  1480.06 
2024 01 26 10 07 54.51  29.003  10.463  0001.18  04.25  08.15  304.6  009.26  25.549  1019.518  1480.07 
2024 01 26 10 07 54.76  29.030  10.456  0001.17  04.33  08.15  304.6  009.26  25.580  1019.544  1480.09 
2024 01 26 10 07 55.01  29.049  10.446  0001.19  04.59  08.15  304.6  009.26  25.605  1019.565  1480.08 
2024 01 26 10 07 55.26  29.041  10.458  0001.20  04.57  08.15  304.6  009.26  25.589  1019.550  1480.10 
2024 01 26 10 07 55.51  29.056  10.448  0001.16  04.43  08.15  304.6  009.26  25.610  1019.569  1480.09 
2024 01 26 10 07 55.76  29.054  10.447  0001.15  04.37  08.15  304.6  009.26  25.609  1019.568  1480.09 
2024 01 26 10 07 56.01  29.054  10.446  0001.16  04.30  08.15  304.6  009.26  25.610  1019.569  1480.09 
2024 01 26 10 07 56.26  29.079  10.451  0001.17  04.34  08.15  304.6  009.26  25.630  1019.584  1480.13 
2024 01 26 10 07 56.51  29.099  10.444  0001.18  04.29  08.15  304.6  009.26  25.655  1019.604  1480.13 
2024 01 26 10 07 56.76  29.111  10.433  0001.22  04.23  08.15  306.2  009.26  25.675  1019.621  1480.12 
2024 01 26 10 07 57.01  29.092  10.435  0001.19  04.27  08.15  306.2  009.26  25.655  1019.605  1480.10 
2024 01 26 10 07 57.26  29.082  10.445  0001.19  04.40  08.15  306.2  009.26  25.638  1019.590  1480.12 
2024 01 26 10 07 57.51  29.083  10.446  0001.20  04.48  08.15  306.2  009.26  25.638  1019.590  1480.12 
2024 01 26 10 07 57.76  29.090  10.445  0001.19  04.50  08.15  306.2  009.26  25.645  1019.596  1480.13 
2024 01 26 10 07 58.01  29.095  10.443  0001.17  04.28  08.15  306.2  009.26  25.652  1019.602  1480.12 
2024 01 26 10 07 58.26  29.101  10.430  0001.19  04.28  08.15  306.2  009.26  25.667  1019.616  1480.10 
2024 01 26 10 07 58.51  29.108  10.428  0001.20  04.41  08.14  306.2  009.26  25.675  1019.623  1480.10 
2024 01 26 10 07 58.76  29.116  10.421  0001.17  04.34  08.14  306.2  009.26  25.688  1019.633  1480.09 
2024 01 26 10 07 59.01  29.132  10.420  0001.20  04.77  08.14  306.2  009.26  25.704  1019.646  1480.11 
2024 01 26 10 07 59.26  29.132  10.422  0001.20  04.57  08.14  306.2  009.26  25.703  1019.645  1480.11 
2024 01 26 10 07 59.51  29.123  10.420  0001.20  04.48  08.14  306.2  009.26  25.696  1019.640  1480.09 
2024 01 26 10 07 59.76  29.128  10.425  0001.18  04.45  08.14  306.8  009.26  25.697  1019.639  1480.11 
2024 01 26 10 08 00.01  29.127  10.422  0001.18  04.48  08.14  306.8  009.26  25.698  1019.641  1480.10 
2024 01 26 10 08 00.26  29.127  10.417  0001.18  04.85  08.14  306.8  009.26  25.701  1019.644  1480.09 
2024 01 26 10 08 00.51  29.131  10.417  0001.19  04.72  08.14  306.8  009.26  25.706  1019.648  1480.09 
2024 01 26 10 08 00.76  29.136  10.417  0001.19  04.68  08.14  306.8  009.26  25.710  1019.651  1480.10 
2024 01 26 10 08 01.01  29.142  10.416  0001.19  04.46  08.14  306.8  009.26  25.716  1019.656  1480.11 
2024 01 26 10 08 01.26  29.146  10.417  0001.20  04.56  08.14  306.8  009.26  25.720  1019.659  1480.11 
2024 01 26 10 08 01.51  29.150  10.415  0001.20  04.56  08.14  306.8  009.26  25.725  1019.663  1480.11 
2024 01 26 10 08 01.76  29.150  10.411  0001.20  04.44  08.14  306.8  009.26  25.727  1019.665  1480.10 
2024 01 26 10 08 02.01  29.147  10.414  0001.20  04.44  08.14  306.8  009.26  25.723  1019.662  1480.11 
2024 01 26 10 08 02.26  29.149  10.416  0001.20  04.43  08.14  306.8  009.26  25.723  1019.661  1480.11 
2024 01 26 10 08 02.51  29.152  10.414  0001.17  04.45  08.14  306.8  009.26  25.728  1019.665  1480.11 
2024 01 26 10 08 02.76  29.151  10.417  0001.17  04.51  08.14  307.4  009.26  25.725  1019.662  1480.12 
2024 01 26 10 08 03.01  29.154  10.413  0001.18  04.48  08.14  307.4  009.26  25.730  1019.667  1480.11 
2024 01 26 10 08 03.26  29.159  10.413  0001.21  04.58  08.14  307.4  009.26  25.735  1019.671  1480.12 
2024 01 26 10 08 03.51  29.166  10.411  0001.20  04.40  08.14  307.4  009.26  25.744  1019.679  1480.12 
2024 01 26 10 08 03.76  29.162  10.410  0001.20  04.39  08.14  307.4  009.26  25.740  1019.676  1480.11 
2024 01 26 10 08 04.01  29.158  10.414  0001.21  04.52  08.13  307.4  009.26  25.734  1019.670  1480.12 
2024 01 26 10 08 04.26  29.161  10.417  0001.22  04.46  08.13  307.4  009.26  25.734  1019.670  1480.13 
2024 01 26 10 08 04.51  29.158  10.414  0001.18  04.55  08.13  307.4  009.26  25.734  1019.670  1480.12 
2024 01 26 10 08 04.76  29.162  10.415  0001.19  04.42  08.13  307.4  009.26  25.737  1019.673  1480.13 
2024 01 26 10 08 05.01  29.157  10.414  0001.16  04.27  08.13  307.4  009.26  25.732  1019.669  1480.12 
2024 01 26 10 08 05.26  29.151  10.414  0001.16  04.30  08.13  307.4  009.26  25.727  1019.665  1480.11 
2024 01 26 10 08 05.51  29.161  10.407  0001.15  04.43  08.13  307.4  009.26  25.741  1019.677  1480.10 
2024 01 26 10 08 05.76  29.164  10.412  0001.21  04.67  08.13  307.8  009.26  25.741  1019.676  1480.12 
2024 01 26 10 08 06.01  29.169  10.409  0001.21  04.69  08.13  307.8  009.26  25.747  1019.681  1480.12 
2024 01 26 10 08 06.26  29.172  10.407  0001.22  04.53  08.13  307.8  009.26  25.752  1019.685  1480.12 
2024 01 26 10 08 06.51  29.170  10.410  0001.22  04.76  08.13  307.8  009.26  25.748  1019.682  1480.12 
2024 01 26 10 08 06.76  29.170  10.410  0001.21  04.50  08.13  307.8  009.26  25.748  1019.682  1480.12 
2024 01 26 10 08 07.01  29.170  10.408  0001.19  04.75  08.13  307.8  009.26  25.749  1019.683  1480.11 
2024 01 26 10 08 07.26  29.166  10.409  0001.20  04.49  08.13  307.8  009.26  25.745  1019.680  1480.11 
2024 01 26 10 08 07.51  29.164  10.408  0001.18  04.50  08.13  307.8  009.26  25.743  1019.678  1480.11 
2024 01 26 10 08 07.76  29.167  10.408  0001.16  04.40  08.13  307.8  009.26  25.747  1019.681  1480.11 
2024 01 26 10 08 08.01  29.179  10.403  0001.18  04.48  08.13  307.8  009.26  25.762  1019.693  1480.11 
2024 01 26 10 08 08.26  29.177  10.404  0001.20  04.39  08.13  307.8  009.26  25.760  1019.692  1480.11 
2024 01 26 10 08 08.51  29.188  10.402  0001.21  04.41  08.13  307.8  009.26  25.771  1019.701  1480.12 
2024 01 26 10 08 08.76  29.184  10.401  0001.23  04.49  08.13  307.9  009.26  25.768  1019.698  1480.11 
2024 01 26 10 08 09.01  29.181  10.407  0001.22  04.53  08.13  307.9  009.29  25.760  1019.692  1480.13 
2024 01 26 10 08 09.26  29.179  10.406  0001.19  04.37  08.13  307.9  009.26  25.759  1019.691  1480.12 
2024 01 26 10 08 09.51  29.178  10.404  0001.19  04.34  08.13  307.9  009.26  25.760  1019.692  1480.11 
2024 01 26 10 08 09.76  29.187  10.403  0001.19  04.46  08.13  307.9  009.29  25.770  1019.700  1480.12 
2024 01 26 10 08 10.01  29.196  10.402  0001.20  04.60  08.13  307.9  009.26  25.779  1019.707  1480.13 
2024 01 26 10 08 10.26  29.197  10.402  0001.21  04.57  08.13  307.9  009.26  25.780  1019.708  1480.13 
2024 01 26 10 08 10.51  29.197  10.400  0001.21  04.53  08.13  307.9  009.26  25.781  1019.709  1480.12 
2024 01 26 10 08 10.76  29.194  10.401  0001.20  04.50  08.13  307.9  009.26  25.778  1019.707  1480.12 
2024 01 26 10 08 11.01  29.189  10.404  0001.19  04.55  08.13  307.9  009.26  25.771  1019.701  1480.13 
2024 01 26 10 08 11.26  29.185  10.405  0001.14  05.15  08.13  307.9  009.26  25.766  1019.696  1480.12 
2024 01 26 10 08 11.51  29.188  10.404  0001.16  04.86  08.13  307.9  009.26  25.770  1019.699  1480.13 
2024 01 26 10 08 11.76  29.191  10.403  0001.19  04.57  08.13  308.2  009.26  25.773  1019.703  1480.13 
2024 01 26 10 08 12.01  29.196  10.402  0001.21  04.48  08.13  308.2  009.26  25.778  1019.707  1480.13 
2024 01 26 10 08 12.26  29.196  10.402  0001.21  04.79  08.13  308.2  009.26  25.779  1019.707  1480.13 
2024 01 26 10 08 12.51  29.191  10.403  0001.19  04.77  08.13  308.2  009.26  25.774  1019.703  1480.13 
2024 01 26 10 08 12.76  29.189  10.403  0001.19  04.47  08.13  308.2  009.26  25.772  1019.701  1480.13 
2024 01 26 10 08 13.01  29.186  10.403  0001.17  04.58  08.13  308.2  009.26  25.769  1019.699  1480.12 
2024 01 26 10 08 13.26  29.190  10.402  0001.17  04.57  08.13  308.2  009.26  25.773  1019.702  1480.12 
2024 01 26 10 08 13.51  29.201  10.403  0001.19  04.72  08.13  308.2  009.26  25.783  1019.710  1480.14 
2024 01 26 10 08 13.76  29.203  10.403  0001.20  04.68  08.13  308.2  009.26  25.785  1019.712  1480.14 
2024 01 26 10 08 14.01  29.196  10.404  0001.18  04.74  08.13  308.2  009.26  25.778  1019.706  1480.13 
2024 01 26 10 08 14.26  29.193  10.403  0001.17  04.64  08.13  308.2  009.26  25.776  1019.704  1480.13 
2024 01 26 10 08 14.51  29.197  10.403  0001.15  04.39  08.13  308.2  009.26  25.779  1019.707  1480.13 
2024 01 26 10 08 14.76  29.197  10.403  0001.17  04.32  08.13  308.2  009.26  25.779  1019.707  1480.13 
2024 01 26 10 08 15.01  29.200  10.402  0001.21  04.68  08.13  308.2  009.26  25.782  1019.710  1480.14 
2024 01 26 10 08 15.26  29.201  10.402  0001.20  04.77  08.13  308.2  009.26  25.784  1019.711  1480.14 
2024 01 26 10 08 15.51  29.201  10.403  0001.23  05.38  08.13  308.2  009.26  25.783  1019.710  1480.14 
2024 01 26 10 08 15.76  29.201  10.402  0001.20  05.20  08.13  308.2  009.26  25.784  1019.711  1480.14 
2024 01 26 10 08 16.01  29.200  10.404  0001.19  04.83  08.13  308.2  009.26  25.781  1019.709  1480.14 
2024 01 26 10 08 16.26  29.200  10.403  0001.19  04.55  08.12  308.2  009.26  25.782  1019.709  1480.14 
2024 01 26 10 08 16.51  29.206  10.403  0001.18  04.39  08.13  308.2  009.26  25.788  1019.714  1480.14 
2024 01 26 10 08 16.76  29.208  10.402  0001.19  04.54  08.12  308.2  009.26  25.790  1019.716  1480.14 
2024 01 26 10 08 17.01  29.212  10.403  0001.19  04.70  08.13  308.2  009.26  25.794  1019.719  1480.15 
2024 01 26 10 08 17.26  29.220  10.402  0001.19  04.51  08.12  308.2  009.26  25.802  1019.725  1480.16 
2024 01 26 10 08 17.51  29.224  10.404  0001.19  04.70  08.12  308.2  009.26  25.804  1019.726  1480.17 
2024 01 26 10 08 17.76  29.226  10.405  0001.19  04.48  08.13  308.2  009.26  25.806  1019.728  1480.17 
2024 01 26 10 08 18.01  29.228  10.406  0001.19  04.28  08.12  308.2  009.26  25.808  1019.729  1480.18 
2024 01 26 10 08 18.26  29.225  10.404  0001.19  04.37  08.12  308.2  009.29  25.806  1019.728  1480.17 
2024 01 26 10 08 18.51  29.225  10.405  0001.19  04.82  08.12  308.2  009.26  25.805  1019.727  1480.17 
2024 01 26 10 08 18.76  29.219  10.406  0001.20  04.82  08.12  308.2  009.29  25.799  1019.722  1480.17 
2024 01 26 10 08 19.01  29.222  10.404  0001.19  04.57  08.12  308.2  009.26  25.803  1019.725  1480.17 
2024 01 26 10 08 19.26  29.221  10.402  0001.22  04.44  08.12  308.2  009.26  25.803  1019.726  1480.16 
2024 01 26 10 08 19.51  29.219  10.403  0001.21  04.35  08.12  308.2  009.26  25.801  1019.724  1480.16 
2024 01 26 10 08 19.76  29.219  10.403  0001.21  04.83  08.12  308.2  009.26  25.801  1019.724  1480.16 
2024 01 26 10 08 20.01  29.210  10.402  0001.18  04.67  08.12  308.2  009.26  25.793  1019.718  1480.15 
2024 01 26 10 08 20.26  29.205  10.402  0001.19  04.72  08.12  308.2  009.26  25.788  1019.714  1480.14 
2024 01 26 10 08 20.51  29.208  10.403  0001.18  04.58  08.12  308.2  009.26  25.790  1019.715  1480.15 
2024 01 26 10 08 20.76  29.216  10.402  0001.19  04.48  08.12  308.1  009.26  25.798  1019.722  1480.15 
2024 01 26 10 08 21.01  29.215  10.404  0001.17  04.28  08.12  308.1  009.26  25.796  1019.720  1480.16 
2024 01 26 10 08 21.26  29.236  10.408  0001.18  04.46  08.12  308.1  009.26  25.814  1019.734  1480.19 
2024 01 26 10 08 21.51  29.277  10.418  0001.21  04.47  08.12  308.1  009.26  25.847  1019.757  1480.27 
2024 01 26 10 08 21.76  29.280  10.415  0001.21  04.62  08.12  308.1  009.26  25.852  1019.762  1480.27 
2024 01 26 10 08 22.01  29.271  10.412  0001.22  04.67  08.12  308.1  009.26  25.845  1019.757  1480.25 
2024 01 26 10 08 22.26  29.263  10.408  0001.23  04.78  08.12  308.1  009.26  25.840  1019.754  1480.23 
2024 01 26 10 08 22.51  29.254  10.408  0001.20  04.89  08.12  308.1  009.26  25.831  1019.746  1480.22 
2024 01 26 10 08 22.76  29.234  10.404  0001.19  04.79  08.12  308.1  009.26  25.814  1019.734  1480.18 
2024 01 26 10 08 23.01  29.244  10.404  0001.18  04.63  08.12  308.1  009.26  25.824  1019.742  1480.19 
2024 01 26 10 08 23.26  29.315  10.418  0001.17  04.49  08.12  308.1  009.26  25.884  1019.786  1480.31 
2024 01 26 10 08 23.51  29.378  10.428  0001.19  04.39  08.12  308.1  009.26  25.938  1019.826  1480.42 
2024 01 26 10 08 23.76  29.401  10.431  0001.22  04.47  08.12  308.3  009.26  25.958  1019.842  1480.45 
2024 01 26 10 08 24.01  29.383  10.426  0001.20  04.60  08.12  308.3  009.26  25.944  1019.832  1480.42 
2024 01 26 10 08 24.26  29.363  10.421  0001.20  04.85  08.12  308.3  009.26  25.928  1019.820  1480.38 
2024 01 26 10 08 24.51  29.350  10.420  0001.21  04.87  08.12  308.3  009.26  25.916  1019.811  1480.36 
2024 01 26 10 08 24.76  29.344  10.419  0001.21  04.88  08.12  308.3  009.26  25.911  1019.807  1480.35 
2024 01 26 10 08 25.01  29.334  10.417  0001.23  04.77  08.12  308.3  009.26  25.903  1019.801  1480.34 
2024 01 26 10 08 25.26  29.328  10.418  0001.23  04.77  08.12  308.3  009.26  25.896  1019.796  1480.33 
2024 01 26 10 08 25.51  29.310  10.413  0001.22  04.73  08.12  308.3  009.26  25.882  1019.786  1480.29 
2024 01 26 10 08 25.76  29.271  10.410  0001.19  04.66  08.12  308.3  009.26  25.846  1019.758  1480.24 
2024 01 26 10 08 26.01  29.261  10.410  0001.14  04.67  08.12  308.3  009.26  25.836  1019.750  1480.23 
2024 01 26 10 08 26.26  29.281  10.411  0001.17  04.62  08.12  308.3  009.26  25.856  1019.765  1480.25 
2024 01 26 10 08 26.51  29.316  10.421  0001.18  04.54  08.12  308.3  009.26  25.882  1019.784  1480.32 
2024 01 26 10 08 26.76  29.370  10.425  0001.24  04.75  08.12  308.6  009.26  25.932  1019.823  1480.40 
2024 01 26 10 08 27.01  29.384  10.427  0001.25  04.86  08.12  308.6  009.26  25.944  1019.832  1480.42 
2024 01 26 10 08 27.26  29.360  10.422  0001.22  05.02  08.12  308.6  009.29  25.924  1019.817  1480.38 
2024 01 26 10 08 27.51  29.341  10.419  0001.21  04.79  08.12  308.6  009.26  25.909  1019.805  1480.35 
2024 01 26 10 08 27.76  29.321  10.417  0001.17  04.66  08.12  308.6  009.26  25.890  1019.791  1480.32 
2024 01 26 10 08 28.01  29.362  10.423  0001.17  04.66  08.12  308.6  009.26  25.926  1019.818  1480.38 
2024 01 26 10 08 28.26  29.437  10.427  0001.20  05.01  08.12  308.6  009.26  25.996  1019.872  1480.48 
2024 01 26 10 08 28.51  29.444  10.441  0001.20  04.96  08.12  308.6  009.26  25.993  1019.867  1480.53 
2024 01 26 10 08 28.76  29.464  10.441  0001.23  04.72  08.12  308.6  009.26  26.012  1019.882  1480.55 
2024 01 26 10 08 29.01  29.460  10.437  0001.20  04.82  08.12  308.6  009.26  26.011  1019.882  1480.54 
2024 01 26 10 08 29.26  29.446  10.438  0001.20  04.90  08.12  308.6  009.26  25.996  1019.870  1480.52 
2024 01 26 10 08 29.51  29.443  10.437  0001.18  04.83  08.12  308.6  009.26  25.995  1019.870  1480.52 
2024 01 26 10 08 29.76  29.420  10.433  0001.21  04.89  08.12  308.8  009.26  25.975  1019.855  1480.48 
2024 01 26 10 08 30.01  29.408  10.429  0001.23  05.05  08.12  308.8  009.26  25.967  1019.849  1480.45 
2024 01 26 10 08 30.26  29.407  10.428  0001.20  05.13  08.12  308.8  009.26  25.966  1019.849  1480.45 
2024 01 26 10 08 30.51  29.404  10.428  0001.19  04.82  08.12  308.8  009.26  25.964  1019.846  1480.45 
2024 01 26 10 08 30.76  29.396  10.419  0001.19  04.79  08.12  308.8  009.26  25.962  1019.847  1480.41 
2024 01 26 10 08 31.01  29.398  10.421  0001.20  04.88  08.12  308.8  009.26  25.962  1019.846  1480.42 
2024 01 26 10 08 31.26  29.400  10.429  0001.20  04.97  08.12  308.8  009.26  25.959  1019.843  1480.44 
2024 01 26 10 08 31.51  29.411  10.433  0001.21  04.98  08.12  308.8  009.26  25.967  1019.848  1480.47 
2024 01 26 10 08 31.76  29.418  10.429  0001.19  04.91  08.12  308.8  009.26  25.976  1019.856  1480.47 
2024 01 26 10 08 32.01  29.419  10.429  0001.20  04.91  08.12  308.8  009.26  25.977  1019.857  1480.47 
2024 01 26 10 08 32.26  29.422  10.431  0001.22  04.86  08.12  308.8  009.26  25.978  1019.857  1480.48 
2024 01 26 10 08 32.51  29.427  10.433  0001.20  05.03  08.12  308.8  009.26  25.981  1019.859  1480.49 
2024 01 26 10 08 32.76  29.427  10.433  0001.22  05.06  08.12  309.1  009.26  25.982  1019.861  1480.49 
2024 01 26 10 08 33.01  29.435  10.432  0001.23  04.75  08.12  309.1  009.26  25.990  1019.867  1480.49 
2024 01 26 10 08 33.26  29.434  10.431  0001.22  04.70  08.12  309.1  009.26  25.990  1019.867  1480.49 
2024 01 26 10 08 33.51  29.422  10.431  0001.22  04.96  08.12  309.1  009.26  25.978  1019.858  1480.48 
2024 01 26 10 08 33.76  29.385  10.423  0001.19  04.97  08.12  309.1  009.26  25.948  1019.835  1480.41 
2024 01 26 10 08 34.01  29.346  10.427  0001.17  05.36  08.12  309.1  009.26  25.907  1019.803  1480.38 
2024 01 26 10 08 34.26  29.330  10.424  0001.18  05.06  08.12  309.1  009.26  25.894  1019.793  1480.35 
2024 01 26 10 08 34.51  29.355  10.421  0001.19  04.95  08.12  309.1  009.26  25.921  1019.814  1480.37 
2024 01 26 10 08 34.76  29.367  10.422  0001.21  04.67  08.12  309.1  009.26  25.931  1019.822  1480.39 
2024 01 26 10 08 35.01  29.383  10.422  0001.23  04.71  08.12  309.1  009.26  25.947  1019.835  1480.41 
2024 01 26 10 08 35.26  29.372  10.421  0001.23  04.88  08.12  309.1  009.26  25.937  1019.827  1480.39 
2024 01 26 10 08 35.51  29.387  10.424  0001.19  04.67  08.12  309.1  009.26  25.949  1019.836  1480.41 
2024 01 26 10 08 35.76  29.424  10.429  0001.20  04.66  08.12  309.3  009.26  25.982  1019.861  1480.47 
2024 01 26 10 08 36.01  29.471  10.434  0001.23  04.64  08.12  309.3  009.26  26.024  1019.893  1480.54 
2024 01 26 10 08 36.26  29.474  10.435  0001.22  04.78  08.12  309.3  009.26  26.026  1019.894  1480.55 
2024 01 26 10 08 36.51  29.438  10.426  0001.20  04.80  08.12  309.3  009.26  25.997  1019.873  1480.48 
2024 01 26 10 08 36.76  29.405  10.430  0001.16  04.82  08.12  309.3  009.26  25.963  1019.845  1480.45 
2024 01 26 10 08 37.01  29.408  10.428  0001.16  04.76  08.11  309.3  009.26  25.967  1019.849  1480.45 
2024 01 26 10 08 37.26  29.435  10.433  0001.20  04.71  08.12  309.3  009.26  25.989  1019.866  1480.50 
2024 01 26 10 08 37.51  29.479  10.437  0001.23  04.69  08.11  309.3  009.26  26.030  1019.897  1480.56 
2024 01 26 10 08 37.76  29.485  10.434  0001.25  04.86  08.11  309.3  009.26  26.037  1019.903  1480.56 
2024 01 26 10 08 38.01  29.479  10.434  0001.25  04.77  08.11  309.3  009.26  26.032  1019.899  1480.55 
2024 01 26 10 08 38.26  29.466  10.434  0001.21  04.60  08.11  309.3  009.26  26.019  1019.889  1480.53 
2024 01 26 10 08 38.51  29.437  10.431  0001.18  04.70  08.11  309.3  009.26  25.993  1019.868  1480.49 
2024 01 26 10 08 38.76  29.501  10.439  0001.17  05.12  08.11  309.4  009.26  26.050  1019.912  1480.59 
2024 01 26 10 08 39.01  29.614  10.443  0001.18  05.01  08.11  309.4  009.26  26.157  1019.995  1480.74 
2024 01 26 10 08 39.26  29.575  10.439  0001.20  05.01  08.11  309.4  009.26  26.121  1019.968  1480.68 
2024 01 26 10 08 39.51  29.514  10.434  0001.22  04.83  08.11  309.4  009.26  26.066  1019.926  1480.59 
2024 01 26 10 08 39.76  29.503  10.435  0001.23  05.12  08.11  309.4  009.26  26.054  1019.916  1480.58 
2024 01 26 10 08 40.01  29.514  10.434  0001.22  05.01  08.11  309.4  009.26  26.066  1019.925  1480.59 
2024 01 26 10 08 40.26  29.518  10.435  0001.22  04.74  08.11  309.4  009.26  26.069  1019.928  1480.60 
2024 01 26 10 08 40.51  29.513  10.436  0001.20  04.56  08.11  309.4  009.26  26.064  1019.923  1480.60 
2024 01 26 10 08 40.76  29.505  10.436  0001.19  04.53  08.11  309.4  009.26  26.056  1019.917  1480.59 
2024 01 26 10 08 41.01  29.517  10.436  0001.19  04.60  08.11  309.4  009.26  26.067  1019.926  1480.60 
2024 01 26 10 08 41.26  29.532  10.442  0001.19  05.01  08.11  309.4  009.26  26.078  1019.933  1480.64 
2024 01 26 10 08 41.51  29.542  10.442  0001.21  04.83  08.11  309.4  009.26  26.087  1019.941  1480.65 
2024 01 26 10 08 41.76  29.545  10.441  0001.21  04.56  08.11  309.4  009.26  26.091  1019.944  1480.65 
2024 01 26 10 08 42.01  29.537  10.437  0001.21  04.61  08.11  309.4  009.26  26.086  1019.941  1480.63 
2024 01 26 10 08 42.26  29.528  10.437  0001.21  04.67  08.11  309.4  009.26  26.078  1019.934  1480.62 
2024 01 26 10 08 42.51  29.532  10.440  0001.20  05.00  08.11  309.4  009.26  26.079  1019.934  1480.63 
2024 01 26 10 08 42.76  29.541  10.441  0001.22  05.04  08.11  309.4  009.26  26.087  1019.941  1480.64 
2024 01 26 10 08 43.01  29.538  10.441  0001.20  04.95  08.11  309.4  009.26  26.084  1019.938  1480.64 
2024 01 26 10 08 43.26  29.528  10.438  0001.18  04.90  08.11  309.4  009.26  26.077  1019.933  1480.62 
2024 01 26 10 08 43.51  29.515  10.439  0001.20  05.09  08.11  309.4  009.26  26.063  1019.922  1480.61 
2024 01 26 10 08 43.76  29.528  10.439  0001.18  04.95  08.11  309.4  009.29  26.076  1019.932  1480.62 
2024 01 26 10 08 44.01  29.556  10.439  0001.21  04.84  08.11  309.4  009.26  26.103  1019.953  1480.65 
2024 01 26 10 08 44.26  29.599  10.442  0001.24  04.94  08.11  309.4  009.26  26.143  1019.984  1480.72 
2024 01 26 10 08 44.51  29.609  10.442  0001.22  05.10  08.11  309.4  009.26  26.153  1019.992  1480.73 
2024 01 26 10 08 44.76  29.567  10.439  0001.23  04.77  08.11  309.7  009.26  26.113  1019.961  1480.67 
2024 01 26 10 08 45.01  29.540  10.442  0001.21  04.80  08.11  309.7  009.26  26.086  1019.940  1480.65 
2024 01 26 10 08 45.26  29.511  10.439  0001.19  04.72  08.11  309.7  009.26  26.060  1019.919  1480.60 
2024 01 26 10 08 45.51  29.501  10.434  0001.18  04.67  08.11  309.7  009.26  26.053  1019.915  1480.58 
2024 01 26 10 08 45.76  29.513  10.438  0001.19  04.58  08.11  309.7  009.26  26.063  1019.922  1480.60 
2024 01 26 10 08 46.01  29.552  10.440  0001.22  04.83  08.11  309.7  009.26  26.099  1019.950  1480.65 
2024 01 26 10 08 46.26  29.647  10.440  0001.22  04.85  08.11  309.7  009.26  26.191  1020.022  1480.77 
2024 01 26 10 08 46.51  29.630  10.440  0001.20  04.82  08.11  309.7  009.26  26.175  1020.009  1480.75 
2024 01 26 10 08 46.76  29.606  10.438  0001.21  04.81  08.11  309.7  009.26  26.153  1019.992  1480.71 
2024 01 26 10 08 47.01  29.591  10.440  0001.20  04.96  08.11  309.7  009.26  26.137  1019.979  1480.70 
2024 01 26 10 08 47.26  29.605  10.440  0001.20  04.89  08.11  309.7  009.26  26.150  1019.990  1480.72 
2024 01 26 10 08 47.51  29.610  10.440  0001.20  04.63  08.11  309.7  009.26  26.155  1019.994  1480.72 
2024 01 26 10 08 47.76  29.604  10.440  0001.21  04.69  08.11  310.3  009.26  26.149  1019.989  1480.72 
2024 01 26 10 08 48.01  29.614  10.440  0001.20  04.79  08.11  310.3  009.26  26.159  1019.997  1480.73 
2024 01 26 10 08 48.26  29.630  10.443  0001.20  04.98  08.11  310.3  009.26  26.172  1020.007  1480.75 
2024 01 26 10 08 48.51  29.661  10.443  0001.21  04.98  08.11  310.3  009.26  26.202  1020.030  1480.79 
2024 01 26 10 08 48.76  29.675  10.443  0001.21  05.01  08.11  310.3  009.26  26.217  1020.041  1480.81 
2024 01 26 10 08 49.01  29.623  10.441  0001.21  05.00  08.11  310.3  009.26  26.167  1020.003  1480.74 
2024 01 26 10 08 49.26  29.611  10.440  0001.20  05.14  08.11  310.3  009.26  26.156  1019.994  1480.72 
2024 01 26 10 08 49.51  29.630  10.442  0001.20  04.81  08.11  310.3  009.26  26.174  1020.008  1480.75 
2024 01 26 10 08 49.76  29.689  10.443  0001.22  04.80  08.11  310.3  009.26  26.230  1020.052  1480.82 
2024 01 26 10 08 50.01  29.709  10.442  0001.24  04.86  08.11  310.3  009.26  26.250  1020.067  1480.84 
2024 01 26 10 08 50.26  29.634  10.441  0001.21  04.52  08.11  310.3  009.26  26.177  1020.011  1480.75 
2024 01 26 10 08 50.51  29.567  10.443  0001.17  04.47  08.11  310.3  009.26  26.111  1019.959  1480.68 
2024 01 26 10 08 50.76  29.489  10.438  0001.17  04.64  08.11  310.3  009.26  26.039  1019.903  1480.57 
2024 01 26 10 08 51.01  29.548  10.442  0001.18  04.61  08.11  310.3  009.26  26.093  1019.945  1480.65 
2024 01 26 10 08 51.26  29.594  10.443  0001.21  04.70  08.11  310.3  009.26  26.137  1019.979  1480.71 
2024 01 26 10 08 51.51  29.731  10.445  0001.25  04.70  08.11  310.3  009.26  26.269  1020.082  1480.88 
2024 01 26 10 08 51.76  29.700  10.444  0001.24  04.68  08.11  310.3  009.26  26.241  1020.060  1480.84 
2024 01 26 10 08 52.01  29.647  10.442  0001.24  04.75  08.11  310.3  009.26  26.189  1020.020  1480.77 
2024 01 26 10 08 52.26  29.604  10.441  0001.22  04.64  08.11  310.3  009.26  26.148  1019.988  1480.72 
2024 01 26 10 08 52.51  29.554  10.437  0001.18  04.64  08.11  310.3  009.26  26.103  1019.953  1480.65 
2024 01 26 10 08 52.76  29.590  10.439  0001.18  04.70  08.11  310.3  009.26  26.136  1019.979  1480.69 
2024 01 26 10 08 53.01  29.736  10.443  0001.20  04.64  08.11  310.3  009.26  26.276  1020.087  1480.88 
2024 01 26 10 08 53.26  29.795  10.443  0001.20  04.67  08.11  310.3  009.26  26.333  1020.132  1480.95 
2024 01 26 10 08 53.51  29.843  10.443  0001.22  04.96  08.11  310.3  009.26  26.380  1020.168  1481.00 
2024 01 26 10 08 53.76  29.830  10.443  0001.22  04.89  08.11  310.4  009.26  26.368  1020.159  1480.99 
2024 01 26 10 08 54.01  29.751  10.441  0001.22  04.68  08.11  310.4  009.26  26.292  1020.100  1480.89 
2024 01 26 10 08 54.26  29.688  10.434  0001.20  04.60  08.11  310.4  009.26  26.236  1020.057  1480.80 
2024 01 26 10 08 54.51  29.667  10.439  0001.20  04.56  08.11  310.4  009.26  26.211  1020.037  1480.79 
2024 01 26 10 08 54.76  29.618  10.440  0001.20  04.64  08.11  310.4  009.26  26.163  1020.000  1480.73 
2024 01 26 10 08 55.01  29.575  10.443  0001.22  04.77  08.11  310.4  009.26  26.120  1019.966  1480.69 
2024 01 26 10 08 55.26  29.561  10.442  0001.21  04.64  08.11  310.4  009.26  26.106  1019.955  1480.67 
2024 01 26 10 08 55.51  29.545  10.441  0001.21  04.87  08.11  310.4  009.26  26.091  1019.944  1480.65 
2024 01 26 10 08 55.76  29.539  10.440  0001.21  05.38  08.11  310.4  009.26  26.086  1019.940  1480.64 
2024 01 26 10 08 56.01  29.536  10.440  0001.20  05.03  08.11  310.4  009.26  26.084  1019.938  1480.64 
2024 01 26 10 08 56.26  29.538  10.439  0001.21  04.91  08.11  310.4  009.26  26.086  1019.940  1480.64 
2024 01 26 10 08 56.51  29.536  10.438  0001.20  04.77  08.11  310.4  009.26  26.084  1019.939  1480.63 
2024 01 26 10 08 56.76  29.526  10.434  0001.17  04.49  08.11  310.4  009.26  26.077  1019.934  1480.61 
2024 01 26 10 08 57.01  29.505  10.435  0001.17  04.72  08.11  310.4  009.26  26.057  1019.918  1480.58 
2024 01 26 10 08 57.26  29.508  10.434  0001.18  04.65  08.11  310.4  009.26  26.060  1019.920  1480.58 
2024 01 26 10 08 57.51  29.506  10.435  0001.20  04.67  08.11  310.4  009.26  26.057  1019.918  1480.59 
2024 01 26 10 08 57.76  29.521  10.436  0001.22  04.70  08.11  310.4  009.26  26.072  1019.930  1480.61 
2024 01 26 10 08 58.01  29.547  10.441  0001.23  04.84  08.11  310.4  009.26  26.093  1019.945  1480.65 
2024 01 26 10 08 58.26  29.539  10.437  0001.23  04.72  08.11  310.4  009.26  26.088  1019.942  1480.63 
2024 01 26 10 08 58.51  29.499  10.433  0001.20  04.56  08.11  310.4  009.26  26.052  1019.914  1480.57 
2024 01 26 10 08 58.76  29.460  10.432  0001.16  04.51  08.11  310.4  009.26  26.015  1019.885  1480.52 
2024 01 26 10 08 59.01  29.460  10.433  0001.16  04.64  08.11  310.4  009.26  26.014  1019.885  1480.52 
2024 01 26 10 08 59.26  29.481  10.434  0001.16  04.67  08.11  310.4  009.26  26.033  1019.899  1480.55 
2024 01 26 10 08 59.51  29.485  10.434  0001.21  04.91  08.11  310.4  009.26  26.037  1019.903  1480.56 
2024 01 26 10 08 59.76  29.514  10.440  0001.23  04.85  08.11  310.5  009.26  26.062  1019.922  1480.61 
2024 01 26 10 09 00.01  29.525  10.441  0001.24  04.74  08.11  310.5  009.26  26.072  1019.929  1480.63 
2024 01 26 10 09 00.26  29.508  10.438  0001.23  04.63  08.11  310.5  009.26  26.057  1019.917  1480.60 
2024 01 26 10 09 00.51  29.502  10.438  0001.18  04.60  08.11  310.5  009.26  26.052  1019.913  1480.59 
2024 01 26 10 09 00.76  29.497  10.438  0001.15  04.52  08.11  310.5  009.26  26.047  1019.910  1480.58 
2024 01 26 10 09 01.01  29.502  10.439  0001.18  04.96  08.11  310.5  009.26  26.051  1019.912  1480.59 
2024 01 26 10 09 01.26  29.509  10.439  0001.18  04.86  08.11  310.5  009.26  26.058  1019.918  1480.60 
2024 01 26 10 09 01.51  29.536  10.440  0001.20  04.75  08.10  310.5  009.26  26.084  1019.938  1480.64 
2024 01 26 10 09 01.76  29.578  10.438  0001.23  04.77  08.10  310.5  009.26  26.125  1019.971  1480.68 
2024 01 26 10 09 02.01  29.560  10.439  0001.25  04.65  08.10  310.5  009.26  26.107  1019.957  1480.66 
2024 01 26 10 09 02.26  29.555  10.441  0001.21  04.84  08.10  310.5  009.26  26.101  1019.951  1480.66 
2024 01 26 10 09 02.51  29.552  10.442  0001.19  04.55  08.10  310.5  009.26  26.097  1019.948  1480.66 
2024 01 26 10 09 02.76  29.555  10.441  0001.17  04.53  08.10  310.5  009.26  26.100  1019.951  1480.66 
2024 01 26 10 09 03.01  29.587  10.443  0001.16  04.53  08.10  310.5  009.26  26.131  1019.974  1480.70 
2024 01 26 10 09 03.26  29.632  10.445  0001.20  04.62  08.10  310.5  009.26  26.173  1020.007  1480.76 
2024 01 26 10 09 03.51  29.653  10.444  0001.21  04.62  08.10  310.5  009.26  26.194  1020.023  1480.78 
2024 01 26 10 09 03.76  29.662  10.443  0001.21  04.61  08.10  310.5  009.26  26.204  1020.031  1480.79 
2024 01 26 10 09 04.01  29.640  10.443  0001.19  04.79  08.10  310.5  009.26  26.182  1020.014  1480.77 
2024 01 26 10 09 04.26  29.608  10.442  0001.20  04.73  08.10  310.5  009.26  26.152  1019.991  1480.72 
2024 01 26 10 09 04.51  29.613  10.442  0001.18  04.94  08.10  310.5  009.26  26.157  1019.994  1480.73 
2024 01 26 10 09 04.76  29.642  10.442  0001.19  04.88  08.10  310.5  009.26  26.184  1020.016  1480.77 
2024 01 26 10 09 05.01  29.685  10.442  0001.20  04.82  08.10  310.5  009.26  26.226  1020.049  1480.82 
2024 01 26 10 09 05.26  29.697  10.443  0001.20  04.77  08.10  310.5  009.26  26.238  1020.057  1480.83 
2024 01 26 10 09 05.51  29.663  10.442  0001.20  04.72  08.10  310.5  009.26  26.205  1020.032  1480.79 
2024 01 26 10 09 05.76  29.648  10.443  0001.18  04.73  08.10  310.5  009.26  26.190  1020.020  1480.77 
2024 01 26 10 09 06.01  29.669  10.442  0001.19  04.51  08.10  310.5  009.26  26.211  1020.036  1480.80 
2024 01 26 10 09 06.26  29.778  10.448  0001.21  04.75  08.10  310.5  009.26  26.313  1020.115  1480.94 
2024 01 26 10 09 06.51  29.868  10.449  0001.23  04.67  08.10  310.5  009.26  26.400  1020.182  1481.05 
2024 01 26 10 09 06.76  29.804  10.446  0001.21  04.89  08.10  310.5  009.26  26.340  1020.136  1480.97 
2024 01 26 10 09 07.01  29.703  10.444  0001.18  05.10  08.10  310.5  009.26  26.243  1020.061  1480.84 
2024 01 26 10 09 07.26  29.595  10.438  0001.15  04.71  08.10  310.5  009.26  26.142  1019.984  1480.70 
2024 01 26 10 09 07.51  29.563  10.442  0001.15  04.48  08.10  310.5  009.26  26.108  1019.956  1480.67 
2024 01 26 10 09 07.76  29.729  10.444  0001.18  04.49  08.10  310.5  009.26  26.268  1020.081  1480.87 
2024 01 26 10 09 08.01  29.841  10.449  0001.21  04.86  08.10  310.5  009.26  26.374  1020.162  1481.02 
2024 01 26 10 09 08.26  29.911  10.456  0001.23  04.78  08.10  310.5  009.26  26.437  1020.210  1481.12 
2024 01 26 10 09 08.51  29.810  10.451  0001.25  04.82  08.10  310.5  009.26  26.342  1020.138  1480.99 
2024 01 26 10 09 08.76  29.711  10.444  0001.20  04.58  08.10  310.3  009.26  26.251  1020.067  1480.85 
2024 01 26 10 09 09.01  29.670  10.442  0001.17  04.44  08.10  310.3  009.26  26.213  1020.038  1480.80 
2024 01 26 10 09 09.26  29.825  10.460  0001.15  04.37  08.10  310.3  009.29  26.350  1020.142  1481.03 
2024 01 26 10 09 09.51  29.965  10.458  0001.18  04.43  08.10  310.3  009.26  26.487  1020.249  1481.19 
2024 01 26 10 09 09.76  29.942  10.452  0001.21  04.66  08.10  310.3  009.29  26.470  1020.237  1481.15 
2024 01 26 10 09 10.01  29.966  10.454  0001.24  04.57  08.10  310.3  009.26  26.492  1020.254  1481.18 
2024 01 26 10 09 10.26  29.910  10.456  0001.21  04.84  08.10  310.3  009.26  26.436  1020.209  1481.12 
2024 01 26 10 09 10.51  29.796  10.450  0001.20  04.62  08.10  310.3  009.26  26.329  1020.127  1480.97 
2024 01 26 10 09 10.76  29.711  10.443  0001.18  04.51  08.10  310.3  009.26  26.251  1020.067  1480.85 
2024 01 26 10 09 11.01  29.716  10.443  0001.16  04.44  08.10  310.3  009.26  26.257  1020.072  1480.85 
2024 01 26 10 09 11.26  29.786  10.450  0001.17  04.77  08.10  310.3  009.26  26.319  1020.119  1480.96 
2024 01 26 10 09 11.51  29.776  10.447  0001.21  04.92  08.10  310.3  009.26  26.312  1020.114  1480.94 
2024 01 26 10 09 11.76  29.755  10.453  0001.23  04.82  08.10  309.8  009.26  26.287  1020.094  1480.93 
2024 01 26 10 09 12.01  29.739  10.453  0001.22  04.86  08.10  309.8  009.26  26.272  1020.082  1480.91 
2024 01 26 10 09 12.26  29.665  10.441  0001.21  04.62  08.10  309.8  009.26  26.208  1020.034  1480.79 
2024 01 26 10 09 12.51  29.594  10.432  0001.19  04.72  08.10  309.8  009.26  26.145  1019.987  1480.68 
2024 01 26 10 09 12.76  29.563  10.431  0001.18  04.64  08.10  309.8  009.26  26.115  1019.964  1480.64 
2024 01 26 10 09 13.01  29.558  10.436  0001.17  04.51  08.10  309.8  009.26  26.108  1019.957  1480.65 
2024 01 26 10 09 13.26  29.548  10.438  0001.19  04.68  08.10  309.8  009.26  26.096  1019.948  1480.64 
2024 01 26 10 09 13.51  29.539  10.442  0001.21  05.00  08.10  309.8  009.26  26.084  1019.938  1480.64 
2024 01 26 10 09 13.76  29.556  10.443  0001.21  04.81  08.10  309.8  009.26  26.101  1019.951  1480.67 
2024 01 26 10 09 14.01  29.557  10.441  0001.23  04.65  08.10  309.8  009.26  26.103  1019.953  1480.66 
2024 01 26 10 09 14.26  29.544  10.435  0001.22  04.91  08.10  309.8  009.26  26.094  1019.947  1480.63 
2024 01 26 10 09 14.51  29.486  10.431  0001.18  04.68  08.10  309.8  009.26  26.040  1019.906  1480.55 
2024 01 26 10 09 14.76  29.482  10.428  0001.19  04.65  08.10  310.2  009.26  26.038  1019.905  1480.54 
2024 01 26 10 09 15.01  29.486  10.430  0001.19  04.78  08.10  310.2  009.26  26.041  1019.906  1480.55 
2024 01 26 10 09 15.26  29.465  10.429  0001.20  04.91  08.10  310.2  009.26  26.022  1019.892  1480.52 
2024 01 26 10 09 15.51  29.435  10.423  0001.20  04.98  08.10  310.2  009.26  25.996  1019.873  1480.47 
2024 01 26 10 09 15.76  29.410  10.423  0001.21  04.72  08.10  310.2  009.26  25.973  1019.854  1480.44 
2024 01 26 10 09 16.01  29.403  10.422  0001.22  04.73  08.10  310.2  009.26  25.966  1019.850  1480.43 
2024 01 26 10 09 16.26  29.379  10.416  0001.18  04.64  08.10  310.2  009.26  25.947  1019.835  1480.38 
2024 01 26 10 09 16.51  29.347  10.416  0001.19  04.72  08.10  310.2  009.26  25.916  1019.812  1480.35 
2024 01 26 10 09 16.76  29.333  10.409  0001.18  04.57  08.10  310.2  009.26  25.907  1019.806  1480.31 
2024 01 26 10 09 17.01  29.322  10.410  0001.20  04.72  08.10  310.2  009.26  25.896  1019.797  1480.30 
2024 01 26 10 09 17.26  29.314  10.416  0001.21  04.67  08.10  310.2  009.26  25.884  1019.786  1480.31 
2024 01 26 10 09 17.51  29.314  10.410  0001.21  04.77  08.10  310.2  009.26  25.888  1019.791  1480.29 
2024 01 26 10 09 17.76  29.306  10.410  0001.19  04.46  08.10  310.1  009.26  25.880  1019.784  1480.28 
2024 01 26 10 09 18.01  29.285  10.412  0001.17  04.54  08.10  310.1  009.26  25.859  1019.767  1480.26 
2024 01 26 10 09 18.26  29.277  10.408  0001.18  04.46  08.10  310.1  009.26  25.853  1019.764  1480.24 
2024 01 26 10 09 18.51  29.255  10.405  0001.20  04.43  08.10  310.1  009.26  25.834  1019.749  1480.21 
2024 01 26 10 09 18.76  29.245  10.402  0001.21  04.41  08.10  310.1  009.26  25.827  1019.744  1480.19 
2024 01 26 10 09 19.01  29.240  10.401  0001.22  04.69  08.11  310.1  009.26  25.823  1019.741  1480.18 
2024 01 26 10 09 19.26  29.236  10.400  0001.20  04.79  08.11  310.1  009.26  25.819  1019.738  1480.17 
2024 01 26 10 09 19.51  29.227  10.401  0001.21  04.91  08.11  310.1  009.26  25.810  1019.731  1480.16 
2024 01 26 10 09 19.76  29.202  10.406  0001.20  04.63  08.10  310.1  009.26  25.782  1019.709  1480.15 
2024 01 26 10 09 20.01  29.150  10.406  0001.19  04.40  08.10  310.1  009.26  25.731  1019.669  1480.09 
2024 01 26 10 09 20.26  29.110  10.432  0001.19  04.37  08.11  310.1  009.26  25.674  1019.621  1480.11 
2024 01 26 10 09 20.51  29.137  10.424  0001.16  04.33  08.11  310.1  009.26  25.706  1019.646  1480.12 
2024 01 26 10 09 20.76  29.168  10.407  0001.20  04.72  08.11  309.6  009.26  25.748  1019.682  1480.11 
2024 01 26 10 09 21.01  29.194  10.406  0001.20  04.70  08.11  309.6  009.26  25.774  1019.703  1480.14 
2024 01 26 10 09 21.26  29.198  10.403  0001.21  04.78  08.11  309.6  009.26  25.780  1019.708  1480.14 
2024 01 26 10 09 21.51  29.195  10.406  0001.21  04.76  08.11  309.6  009.26  25.775  1019.704  1480.14 
2024 01 26 10 09 21.76  29.197  10.412  0001.20  04.48  08.10  309.6  009.26  25.773  1019.701  1480.16 
2024 01 26 10 09 22.01  29.213  10.404  0001.20  04.35  08.10  309.6  009.26  25.794  1019.719  1480.16 
2024 01 26 10 09 22.26  29.235  10.404  0001.22  04.22  08.10  309.6  009.26  25.815  1019.735  1480.18 
2024 01 26 10 09 22.51  29.249  10.405  0001.22  04.20  08.10  309.6  009.26  25.829  1019.745  1480.20 
2024 01 26 10 09 22.76  29.219  10.404  0001.19  04.63  08.10  309.6  009.26  25.800  1019.723  1480.16 
2024 01 26 10 09 23.01  29.205  10.403  0001.17  04.58  08.10  309.6  009.26  25.788  1019.713  1480.14 
2024 01 26 10 09 23.26  29.206  10.404  0001.15  04.54  08.10  309.6  009.26  25.788  1019.714  1480.15 
2024 01 26 10 09 23.51  29.245  10.406  0001.18  04.44  08.10  309.6  009.26  25.824  1019.741  1480.20 
2024 01 26 10 09 23.76  29.322  10.416  0001.23  04.35  08.10  309.7  009.26  25.891  1019.792  1480.32 
2024 01 26 10 09 24.01  29.335  10.416  0001.24  04.44  08.10  309.7  009.26  25.905  1019.803  1480.33 
2024 01 26 10 09 24.26  29.288  10.412  0001.23  04.75  08.10  309.7  009.26  25.862  1019.770  1480.27 
2024 01 26 10 09 24.51  29.263  10.408  0001.18  04.54  08.10  309.7  009.26  25.840  1019.753  1480.22 
2024 01 26 10 09 24.76  29.255  10.408  0001.16  04.65  08.10  309.7  009.26  25.833  1019.748  1480.22 
2024 01 26 10 09 25.01  29.343  10.423  0001.18  04.58  08.10  309.7  009.26  25.907  1019.803  1480.36 
2024 01 26 10 09 25.26  29.375  10.419  0001.22  04.81  08.10  309.7  009.26  25.941  1019.831  1480.39 
2024 01 26 10 09 25.51  29.399  10.422  0001.23  04.73  08.10  309.7  009.26  25.962  1019.846  1480.43 
2024 01 26 10 09 25.76  29.394  10.421  0001.25  04.68  08.10  309.7  009.26  25.958  1019.844  1480.42 
2024 01 26 10 09 26.01  29.343  10.415  0001.21  04.67  08.10  309.7  009.26  25.913  1019.809  1480.34 
2024 01 26 10 09 26.26  29.300  10.410  0001.18  04.59  08.10  309.7  009.26  25.874  1019.780  1480.28 
2024 01 26 10 09 26.51  29.294  10.412  0001.15  04.93  08.10  309.7  009.26  25.868  1019.774  1480.27 
2024 01 26 10 09 26.76  29.325  10.417  0001.18  04.72  08.10  309.5  009.26  25.894  1019.794  1480.32 
2024 01 26 10 09 27.01  29.413  10.429  0001.21  04.65  08.10  309.5  009.26  25.971  1019.852  1480.46 
2024 01 26 10 09 27.26  29.422  10.429  0001.23  04.63  08.10  309.5  009.26  25.980  1019.859  1480.47 
2024 01 26 10 09 27.51  29.412  10.426  0001.23  04.67  08.10  309.5  009.26  25.972  1019.854  1480.45 
2024 01 26 10 09 27.76  29.365  10.416  0001.22  04.52  08.10  309.5  009.26  25.934  1019.825  1480.37 
2024 01 26 10 09 28.01  29.330  10.415  0001.19  04.37  08.10  309.5  009.26  25.900  1019.799  1480.32 
2024 01 26 10 09 28.26  29.338  10.416  0001.17  04.49  08.10  309.5  009.26  25.908  1019.805  1480.34 
2024 01 26 10 09 28.51  29.393  10.424  0001.17  04.43  08.10  309.5  009.26  25.955  1019.841  1480.42 
2024 01 26 10 09 28.76  29.415  10.430  0001.21  04.53  08.10  309.5  009.26  25.973  1019.853  1480.47 
2024 01 26 10 09 29.01  29.431  10.428  0001.23  04.65  08.10  309.5  009.26  25.990  1019.867  1480.48 
2024 01 26 10 09 29.26  29.421  10.425  0001.23  04.82  08.10  309.5  009.23  25.982  1019.862  1480.46 
2024 01 26 10 09 29.51  29.376  10.420  0001.21  04.82  08.10  309.5  009.26  25.942  1019.831  1480.39 
2024 01 26 10 09 29.76  29.326  10.416  0001.17  04.71  08.10  309.6  009.26  25.895  1019.795  1480.32 
2024 01 26 10 09 30.01  29.316  10.418  0001.16  04.79  08.10  309.6  009.26  25.885  1019.787  1480.31 
2024 01 26 10 09 30.26  29.361  10.418  0001.18  04.77  08.10  309.6  009.26  25.928  1019.820  1480.37 
2024 01 26 10 09 30.51  29.397  10.420  0001.20  04.54  08.10  309.6  009.26  25.962  1019.847  1480.42 
2024 01 26 10 09 30.76  29.418  10.425  0001.23  04.67  08.10  309.6  009.26  25.979  1019.859  1480.45 
2024 01 26 10 09 31.01  29.411  10.426  0001.25  04.98  08.10  309.6  009.26  25.971  1019.853  1480.45 
2024 01 26 10 09 31.26  29.369  10.418  0001.22  04.73  08.10  309.6  009.26  25.936  1019.827  1480.38 
2024 01 26 10 09 31.51  29.314  10.413  0001.22  04.46  08.10  309.6  009.26  25.886  1019.788  1480.30 
2024 01 26 10 09 31.76  29.320  10.416  0001.22  04.56  08.10  309.6  009.26  25.890  1019.791  1480.31 
2024 01 26 10 09 32.01  29.339  10.416  0001.21  04.45  08.10  309.6  009.26  25.908  1019.805  1480.34 
2024 01 26 10 09 32.26  29.336  10.417  0001.20  04.66  08.10  309.6  009.26  25.904  1019.802  1480.34 
2024 01 26 10 09 32.51  29.296  10.415  0001.17  04.49  08.10  309.6  009.26  25.867  1019.773  1480.28 
2024 01 26 10 09 32.76  29.243  10.409  0001.16  04.42  08.10  309.5  009.26  25.819  1019.737  1480.20 
2024 01 26 10 09 33.01  29.289  10.416  0001.17  04.51  08.10  309.5  009.26  25.859  1019.767  1480.28 
2024 01 26 10 09 33.26  29.365  10.420  0001.20  04.71  08.10  309.5  009.26  25.930  1019.822  1480.38 
2024 01 26 10 09 33.51  29.367  10.420  0001.23  04.53  08.10  309.5  009.26  25.933  1019.824  1480.38 
2024 01 26 10 09 33.76  29.376  10.423  0001.24  04.72  08.10  309.5  009.26  25.939  1019.828  1480.40 
2024 01 26 10 09 34.01  29.344  10.417  0001.24  04.74  08.10  309.5  009.26  25.912  1019.809  1480.35 
2024 01 26 10 09 34.26  29.310  10.410  0001.23  04.57  08.10  309.5  009.26  25.885  1019.788  1480.29 
2024 01 26 10 09 34.51  29.279  10.407  0001.22  04.69  08.10  309.5  009.26  25.856  1019.766  1480.24 
2024 01 26 10 09 34.76  29.283  10.410  0001.19  04.51  08.10  309.5  009.26  25.858  1019.768  1480.25 
2024 01 26 10 09 35.01  29.326  10.419  0001.19  04.32  08.10  309.5  009.26  25.893  1019.793  1480.33 
2024 01 26 10 09 35.26  29.364  10.423  0001.17  04.37  08.10  309.5  009.26  25.927  1019.819  1480.39 
2024 01 26 10 09 35.51  29.355  10.423  0001.19  04.43  08.10  309.5  009.26  25.919  1019.813  1480.37 
2024 01 26 10 09 35.76  29.349  10.417  0001.20  04.39  08.10  309.6  009.26  25.917  1019.812  1480.35 
2024 01 26 10 09 36.01  29.353  10.418  0001.23  04.45  08.10  309.6  009.26  25.920  1019.814  1480.36 
2024 01 26 10 09 36.26  29.326  10.416  0001.25  04.71  08.10  309.6  009.26  25.895  1019.795  1480.32 
2024 01 26 10 09 36.51  29.317  10.416  0001.23  04.79  08.10  309.6  009.26  25.887  1019.789  1480.31 
2024 01 26 10 09 36.76  29.303  10.413  0001.25  04.70  08.10  309.6  009.26  25.875  1019.781  1480.29 
2024 01 26 10 09 37.01  29.368  10.418  0001.31  04.61  08.10  309.6  009.26  25.935  1019.826  1480.38 
2024 01 26 10 09 37.26  29.490  10.437  0001.36  04.74  08.10  309.6  009.26  26.040  1019.906  1480.58 
2024 01 26 10 09 37.51  29.832  10.450  0001.45  04.59  08.10  309.6  009.26  26.364  1020.155  1481.01 
2024 01 26 10 09 37.76  30.185  10.557  0001.59  04.48  08.10  309.6  009.26  26.630  1020.346  1481.73 
2024 01 26 10 09 38.01  30.334  10.543  0001.74  04.52  08.09  309.6  009.26  26.786  1020.470  1481.86 
2024 01 26 10 09 38.26  30.402  10.515  0001.95  04.73  08.09  309.6  009.26  26.872  1020.542  1481.87 
2024 01 26 10 09 38.51  30.435  10.484  0002.13  04.83  08.08  309.6  009.26  26.928  1020.592  1481.83 
2024 01 26 10 09 38.76  30.419  10.375  0002.39  04.83  08.08  309.6  009.26  26.993  1020.661  1481.51 
2024 01 26 10 09 39.01  30.262  09.966  0002.61  05.06  08.09  309.6  009.26  27.143  1020.842  1480.20 
2024 01 26 10 09 39.26  30.281  09.931  0002.89  05.53  08.09  309.6  009.26  27.187  1020.883  1480.13 
2024 01 26 10 09 39.51  30.350  09.936  0003.17  06.19  08.09  309.6  009.26  27.252  1020.935  1480.23 
2024 01 26 10 09 39.76  30.472  09.975  0003.42  06.83  08.09  309.6  009.26  27.344  1021.001  1480.49 
2024 01 26 10 09 40.01  30.498  09.977  0003.73  07.69  08.09  309.6  009.26  27.367  1021.020  1480.54 
2024 01 26 10 09 40.26  30.493  09.916  0004.02  07.97  08.09  309.6  009.26  27.409  1021.063  1480.37 
2024 01 26 10 09 40.51  30.499  09.712  0004.31  08.47  08.09  309.6  009.26  27.570  1021.221  1479.81 
2024 01 26 10 09 40.76  30.355  09.476  0004.60  08.92  08.09  309.6  009.26  27.608  1021.288  1478.99 
2024 01 26 10 09 41.01  30.280  09.400  0004.89  08.26  08.09  309.6  009.26  27.590  1021.286  1478.69 
2024 01 26 10 09 41.26  30.133  09.190  0005.17  08.00  08.09  309.6  009.26  27.604  1021.330  1477.93 
2024 01 26 10 09 41.51  30.143  09.136  0005.44  07.98  08.09  309.6  009.26  27.655  1021.379  1477.79 
2024 01 26 10 09 41.76  30.221  09.110  0005.66  07.94  08.09  311.0  009.26  27.754  1021.461  1477.82 
2024 01 26 10 09 42.01  30.332  09.181  0005.92  08.66  08.09  311.0  009.26  27.811  1021.496  1478.16 
2024 01 26 10 09 42.26  30.411  09.234  0006.17  08.99  08.09  311.0  009.26  27.851  1021.520  1478.41 
2024 01 26 10 09 42.51  30.441  09.254  0006.39  09.17  08.09  311.0  009.26  27.865  1021.529  1478.51 
2024 01 26 10 09 42.76  30.467  09.272  0006.62  09.16  08.09  311.0  009.26  27.877  1021.537  1478.59 
2024 01 26 10 09 43.01  30.482  09.282  0006.82  09.62  08.09  311.0  009.26  27.884  1021.542  1478.64 
2024 01 26 10 09 43.26  30.633  09.412  0007.05  09.86  08.09  311.0  009.26  27.935  1021.564  1479.19 
2024 01 26 10 09 43.51  30.803  09.536  0007.29  10.05  08.09  311.0  009.26  28.009  1021.604  1479.75 
2024 01 26 10 09 43.76  30.877  09.583  0007.51  10.44  08.09  311.0  009.26  28.047  1021.628  1479.97 
2024 01 26 10 09 44.01  30.901  09.595  0007.71  10.70  08.08  311.0  009.26  28.062  1021.638  1480.04 
2024 01 26 10 09 44.26  30.942  09.620  0007.93  11.44  08.09  311.0  009.26  28.083  1021.652  1480.16 
2024 01 26 10 09 44.51  30.979  09.641  0008.17  12.20  08.09  311.0  009.26  28.103  1021.666  1480.26 
2024 01 26 10 09 44.76  31.019  09.670  0008.38  12.50  08.09  321.9  009.26  28.121  1021.676  1480.39 
2024 01 26 10 09 45.01  31.032  09.679  0008.58  12.84  08.09  321.9  009.26  28.127  1021.680  1480.44 
2024 01 26 10 09 45.26  31.037  09.678  0008.78  12.71  08.09  321.9  009.26  28.133  1021.686  1480.44 
2024 01 26 10 09 45.51  31.087  09.717  0009.04  12.55  08.09  321.9  009.26  28.152  1021.696  1480.62 
2024 01 26 10 09 45.76  31.175  09.772  0009.24  12.86  08.09  321.9  009.26  28.198  1021.724  1480.88 
2024 01 26 10 09 46.01  31.217  09.790  0009.45  13.60  08.08  321.9  009.26  28.225  1021.743  1480.98 
2024 01 26 10 09 46.26  31.231  09.789  0009.64  14.21  08.08  321.9  009.26  28.240  1021.756  1481.00 
2024 01 26 10 09 46.51  31.233  09.787  0009.89  15.51  08.08  321.9  009.26  28.243  1021.760  1481.00 
2024 01 26 10 09 46.76  31.241  09.792  0010.10  16.52  08.08  321.9  009.26  28.246  1021.763  1481.03 
2024 01 26 10 09 47.01  31.268  09.809  0010.29  17.40  08.08  321.9  009.26  28.261  1021.772  1481.11 
2024 01 26 10 09 47.26  31.286  09.802  0010.50  18.06  08.08  321.9  009.26  28.284  1021.792  1481.11 
2024 01 26 10 09 47.51  31.303  09.786  0010.70  18.31  08.08  321.9  009.26  28.314  1021.819  1481.09 
2024 01 26 10 09 47.76  31.331  09.808  0010.92  17.73  08.08  317.2  009.26  28.325  1021.825  1481.19 
2024 01 26 10 09 48.01  31.373  09.824  0011.13  17.40  08.07  317.2  009.26  28.354  1021.847  1481.29 
2024 01 26 10 09 48.26  31.385  09.816  0011.33  17.06  08.07  317.2  009.26  28.372  1021.863  1481.29 
2024 01 26 10 09 48.51  31.406  09.818  0011.55  16.29  08.07  317.2  009.26  28.391  1021.879  1481.32 
2024 01 26 10 09 48.76  31.439  09.826  0011.78  15.35  08.07  317.2  009.26  28.417  1021.898  1481.38 
2024 01 26 10 09 49.01  31.452  09.827  0011.97  14.49  08.07  317.2  009.26  28.430  1021.909  1481.41 
2024 01 26 10 09 49.26  31.459  09.830  0012.19  13.98  08.07  317.2  009.26  28.434  1021.913  1481.43 
2024 01 26 10 09 49.51  31.503  09.828  0012.36  13.15  08.07  317.2  009.26  28.480  1021.950  1481.48 
2024 01 26 10 09 49.76  31.633  09.808  0012.59  12.71  08.07  317.2  009.26  28.625  1022.067  1481.58 
2024 01 26 10 09 50.01  31.692  09.763  0012.81  11.74  08.06  317.2  009.26  28.720  1022.149  1481.54 
2024 01 26 10 09 50.26  31.726  09.740  0013.00  10.37  08.06  317.2  009.26  28.773  1022.194  1481.52 
2024 01 26 10 09 50.51  31.736  09.718  0013.21  09.23  08.06  317.2  009.26  28.799  1022.220  1481.48 
2024 01 26 10 09 50.76  31.748  09.694  0013.41  08.65  08.06  310.6  009.26  28.832  1022.249  1481.43 
2024 01 26 10 09 51.01  31.752  09.687  0013.62  08.49  08.06  310.6  009.26  28.841  1022.259  1481.42 
2024 01 26 10 09 51.26  31.760  09.668  0013.84  08.45  08.05  310.6  009.26  28.864  1022.281  1481.38 
2024 01 26 10 09 51.51  31.764  09.664  0014.03  08.15  08.05  310.6  009.26  28.872  1022.288  1481.38 
2024 01 26 10 09 51.76  31.767  09.658  0014.23  08.06  08.05  310.6  009.26  28.878  1022.295  1481.37 
2024 01 26 10 09 52.01  31.768  09.654  0014.45  08.09  08.05  310.6  009.26  28.883  1022.300  1481.36 
2024 01 26 10 09 52.26  31.766  09.656  0014.66  07.85  08.05  310.6  009.26  28.879  1022.298  1481.37 
2024 01 26 10 09 52.51  31.766  09.660  0014.88  08.00  08.05  310.6  009.26  28.876  1022.296  1481.38 
2024 01 26 10 09 52.76  31.773  09.644  0015.05  08.05  08.05  310.6  009.26  28.896  1022.315  1481.35 
2024 01 26 10 09 53.01  31.783  09.627  0015.27  08.14  08.05  310.6  009.26  28.919  1022.336  1481.32 
2024 01 26 10 09 53.26  31.787  09.611  0015.50  08.15  08.05  310.6  009.26  28.937  1022.354  1481.28 
2024 01 26 10 09 53.51  31.787  09.609  0015.68  08.24  08.05  310.6  009.26  28.938  1022.356  1481.28 
2024 01 26 10 09 53.76  31.787  09.607  0015.90  07.94  08.05  305.8  009.26  28.940  1022.359  1481.28 
2024 01 26 10 09 54.01  31.795  09.591  0016.09  08.03  08.05  305.8  009.26  28.960  1022.378  1481.25 
2024 01 26 10 09 54.26  31.803  09.576  0016.30  08.07  08.05  305.8  009.26  28.981  1022.397  1481.22 
2024 01 26 10 09 54.51  31.819  09.551  0016.50  07.46  08.04  305.8  009.26  29.017  1022.430  1481.18 
2024 01 26 10 09 54.76  31.829  09.525  0016.72  07.24  08.04  305.8  009.26  29.047  1022.458  1481.12 
2024 01 26 10 09 55.01  31.839  09.502  0016.91  07.05  08.04  305.8  009.26  29.076  1022.486  1481.08 
2024 01 26 10 09 55.26  31.857  09.497  0017.15  06.60  08.04  305.8  009.26  29.098  1022.505  1481.09 
2024 01 26 10 09 55.51  31.884  09.491  0017.34  06.24  08.04  305.8  009.26  29.130  1022.531  1481.11 
2024 01 26 10 09 55.76  31.881  09.465  0017.56  06.04  08.04  305.8  009.26  29.148  1022.551  1481.04 
2024 01 26 10 09 56.01  31.882  09.459  0017.76  05.47  08.04  305.8  009.26  29.155  1022.557  1481.02 
2024 01 26 10 09 56.26  31.877  09.437  0017.98  05.29  08.04  305.8  009.26  29.166  1022.571  1480.96 
2024 01 26 10 09 56.51  31.870  09.398  0018.20  05.08  08.04  305.8  009.26  29.192  1022.597  1480.85 
2024 01 26 10 09 56.76  31.869  09.395  0018.40  05.09  08.04  301.7  009.26  29.193  1022.600  1480.85 
2024 01 26 10 09 57.01  31.857  09.343  0018.63  05.05  08.04  301.7  009.26  29.223  1022.632  1480.69 
2024 01 26 10 09 57.26  31.843  09.295  0018.83  04.80  08.04  301.7  009.26  29.248  1022.660  1480.55 
2024 01 26 10 09 57.51  31.833  09.285  0019.03  04.51  08.03  301.7  009.26  29.246  1022.661  1480.51 
2024 01 26 10 09 57.76  31.826  09.255  0019.25  04.20  08.03  301.7  009.26  29.264  1022.680  1480.43 
2024 01 26 10 09 58.01  31.837  09.254  0019.44  03.91  08.03  301.7  009.26  29.275  1022.690  1480.44 
2024 01 26 10 09 58.26  31.841  09.240  0019.68  03.84  08.03  301.7  009.26  29.291  1022.706  1480.41 
2024 01 26 10 09 58.51  31.839  09.232  0019.90  03.78  08.03  301.7  009.26  29.295  1022.711  1480.39 
2024 01 26 10 09 58.76  31.838  09.216  0020.08  03.54  08.03  301.7  009.26  29.308  1022.724  1480.35 
2024 01 26 10 09 59.01  31.831  09.203  0020.32  03.41  08.03  301.7  009.26  29.310  1022.729  1480.31 
2024 01 26 10 09 59.26  31.823  09.179  0020.51  03.32  08.03  301.7  009.26  29.322  1022.743  1480.24 
2024 01 26 10 09 59.51  31.802  09.145  0020.73  03.31  08.03  301.7  009.26  29.328  1022.754  1480.12 
2024 01 26 10 09 59.76  31.787  09.117  0020.96  03.18  08.03  299.8  009.26  29.337  1022.766  1480.03 
2024 01 26 10 10 00.01  31.782  09.103  0021.13  03.06  08.02  299.8  009.26  29.342  1022.773  1479.99 
2024 01 26 10 10 00.26  31.774  09.072  0021.36  02.99  08.02  299.8  009.26  29.360  1022.793  1479.89 
2024 01 26 10 10 00.51  31.762  09.036  0021.56  02.89  08.02  299.8  009.26  29.377  1022.813  1479.78 
2024 01 26 10 10 00.76  31.736  08.925  0021.76  02.87  08.02  299.8  009.26  29.442  1022.880  1479.45 
2024 01 26 10 10 01.01  31.723  08.877  0021.96  02.70  08.02  299.8  009.26  29.468  1022.909  1479.31 
2024 01 26 10 10 01.26  31.717  08.847  0022.16  02.54  08.01  299.8  009.26  29.488  1022.930  1479.22 
2024 01 26 10 10 01.51  31.728  08.843  0022.36  02.54  08.01  299.8  009.26  29.502  1022.942  1479.23 
2024 01 26 10 10 01.76  31.732  08.821  0022.61  02.59  08.01  299.8  009.26  29.524  1022.964  1479.18 
2024 01 26 10 10 02.01  31.732  08.750  0022.76  02.73  08.01  299.8  009.26  29.583  1023.021  1478.98 
2024 01 26 10 10 02.26  31.654  08.490  0023.03  02.59  08.00  299.8  009.26  29.721  1023.168  1478.18 
2024 01 26 10 10 02.51  31.577  08.250  0023.21  02.30  08.00  299.8  009.26  29.843  1023.299  1477.42 
2024 01 26 10 10 02.76  31.459  07.914  0023.42  02.17  07.99  296.7  009.26  30.006  1023.474  1476.34 
2024 01 26 10 10 03.01  31.424  07.834  0023.65  01.82  07.98  296.7  009.29  30.038  1023.511  1476.07 
2024 01 26 10 10 03.26  31.409  07.801  0023.85  01.63  07.97  296.7  009.26  30.050  1023.526  1475.97 
2024 01 26 10 10 03.51  31.405  07.793  0024.07  01.50  07.96  296.7  009.26  30.052  1023.530  1475.94 
2024 01 26 10 10 03.76  31.392  07.767  0024.28  01.42  07.95  296.7  009.26  30.060  1023.541  1475.86 
2024 01 26 10 10 04.01  31.375  07.727  0024.50  01.47  07.95  296.7  009.26  30.077  1023.561  1475.73 
2024 01 26 10 10 04.26  31.358  07.673  0024.69  01.38  07.94  296.7  009.26  30.105  1023.591  1475.56 
2024 01 26 10 10 04.51  31.342  07.624  0024.93  01.35  07.94  296.7  009.26  30.130  1023.618  1475.40 
2024 01 26 10 10 04.76  31.338  07.598  0025.16  01.29  07.93  296.7  009.26  30.149  1023.637  1475.33 
2024 01 26 10 10 05.01  31.328  07.542  0025.39  01.28  07.93  296.7  009.26  30.186  1023.676  1475.16 
2024 01 26 10 10 05.26  31.331  07.530  0025.61  01.23  07.93  296.7  009.26  30.201  1023.689  1475.14 
2024 01 26 10 10 05.51  31.375  07.570  0025.83  01.31  07.92  296.7  009.26  30.212  1023.694  1475.31 
2024 01 26 10 10 05.76  31.446  07.644  0026.08  01.37  07.92  293.4  009.26  30.223  1023.694  1475.61 
2024 01 26 10 10 06.01  31.475  07.611  0026.32  01.27  07.92  293.4  009.26  30.283  1023.746  1475.56 
2024 01 26 10 10 06.26  31.464  07.591  0026.59  01.26  07.93  293.4  009.26  30.289  1023.755  1475.50 
2024 01 26 10 10 06.51  31.467  07.588  0026.82  01.23  07.93  293.4  009.26  30.294  1023.760  1475.50 
2024 01 26 10 10 06.76  31.469  07.585  0027.08  01.21  07.93  293.4  009.26  30.299  1023.766  1475.49 
2024 01 26 10 10 07.01  31.459  07.568  0027.35  01.19  07.93  293.4  009.26  30.304  1023.773  1475.44 
2024 01 26 10 10 07.26  31.435  07.528  0027.60  01.21  07.93  293.4  009.26  30.312  1023.786  1475.30 
2024 01 26 10 10 07.51  31.394  07.474  0027.87  01.18  07.93  293.4  009.26  30.315  1023.797  1475.10 
2024 01 26 10 10 07.76  31.364  07.442  0028.12  01.18  07.93  293.4  009.26  30.311  1023.800  1474.97 
2024 01 26 10 10 08.01  31.323  07.394  0028.39  01.21  07.92  293.4  009.26  30.309  1023.805  1474.79 
2024 01 26 10 10 08.26  31.288  07.340  0028.66  01.18  07.92  293.4  009.26  30.318  1023.821  1474.59 
2024 01 26 10 10 08.51  31.223  07.212  0028.93  01.10  07.92  293.4  009.26  30.361  1023.873  1474.15 
2024 01 26 10 10 08.76  31.218  07.178  0029.20  01.04  07.91  288.3  009.26  30.385  1023.898  1474.06 
2024 01 26 10 10 09.01  31.171  07.081  0029.50  01.02  07.91  288.3  009.26  30.420  1023.939  1473.73 
2024 01 26 10 10 09.26  31.166  07.070  0029.73  01.01  07.90  288.3  009.26  30.424  1023.945  1473.69 
2024 01 26 10 10 09.51  31.152  07.047  0030.03  00.95  07.90  288.3  009.26  30.430  1023.953  1473.61 
2024 01 26 10 10 09.76  31.141  06.991  0030.28  00.89  07.90  288.3  009.26  30.467  1023.991  1473.44 
2024 01 26 10 10 10.01  31.145  06.971  0030.58  00.87  07.89  288.3  009.26  30.489  1024.013  1473.40 
2024 01 26 10 10 10.26  31.151  06.973  0030.83  00.91  07.89  288.3  009.26  30.494  1024.017  1473.41 
2024 01 26 10 10 10.51  31.148  06.962  0031.07  00.88  07.89  288.3  009.26  30.500  1024.024  1473.38 
2024 01 26 10 10 10.76  31.149  06.943  0031.36  00.86  07.89  288.3  009.26  30.517  1024.042  1473.34 
2024 01 26 10 10 11.01  31.167  06.957  0031.57  00.79  07.89  288.3  009.26  30.525  1024.047  1473.40 
2024 01 26 10 10 11.26  31.183  06.956  0031.86  00.77  07.89  288.3  009.26  30.543  1024.063  1473.43 
2024 01 26 10 10 11.51  31.168  06.922  0032.11  00.81  07.89  288.3  009.26  30.556  1024.079  1473.32 
2024 01 26 10 10 11.76  31.155  06.905  0032.35  00.78  07.89  284.5  009.26  30.557  1024.083  1473.25 
2024 01 26 10 10 12.01  31.146  06.892  0032.61  00.77  07.89  284.5  009.26  30.558  1024.086  1473.21 
2024 01 26 10 10 12.26  31.128  06.859  0032.85  00.71  07.89  284.5  009.26  30.568  1024.100  1473.09 
2024 01 26 10 10 12.51  31.124  06.841  0033.10  00.76  07.89  284.5  009.26  30.581  1024.113  1473.04 
2024 01 26 10 10 12.76  31.126  06.839  0033.39  00.75  07.88  284.5  009.26  30.584  1024.117  1473.04 
2024 01 26 10 10 13.01  31.128  06.840  0033.65  00.71  07.88  284.5  009.26  30.586  1024.120  1473.05 
2024 01 26 10 10 13.26  31.133  06.838  0033.91  00.74  07.88  284.5  009.26  30.592  1024.126  1473.06 
2024 01 26 10 10 13.51  31.132  06.830  0034.20  00.77  07.88  284.5  009.26  30.599  1024.133  1473.04 
2024 01 26 10 10 13.76  31.135  06.823  0034.45  00.69  07.88  284.5  009.26  30.607  1024.142  1473.03 
2024 01 26 10 10 14.01  31.132  06.816  0034.72  00.68  07.88  284.5  009.26  30.611  1024.147  1473.01 
2024 01 26 10 10 14.26  31.130  06.807  0034.96  00.70  07.88  284.5  009.26  30.616  1024.154  1472.98 
2024 01 26 10 10 14.51  31.126  06.792  0035.25  00.70  07.88  284.5  009.26  30.625  1024.164  1472.94 
2024 01 26 10 10 14.76  31.132  06.790  0035.51  00.72  07.88  280.5  009.26  30.634  1024.172  1472.95 
2024 01 26 10 10 15.01  31.133  06.790  0035.76  00.69  07.88  280.5  009.26  30.635  1024.174  1472.95 
2024 01 26 10 10 15.26  31.135  06.790  0036.05  00.69  07.88  280.5  009.26  30.636  1024.177  1472.96 
2024 01 26 10 10 15.51  31.137  06.788  0036.28  00.70  07.88  280.5  009.26  30.640  1024.181  1472.96 
2024 01 26 10 10 15.76  31.161  06.787  0036.53  00.64  07.88  280.5  009.29  30.667  1024.203  1473.00 
2024 01 26 10 10 16.01  31.141  06.761  0036.78  00.74  07.88  280.5  009.26  30.668  1024.209  1472.90 
2024 01 26 10 10 16.26  31.138  06.755  0037.02  00.69  07.88  280.5  009.26  30.670  1024.212  1472.88 
2024 01 26 10 10 16.51  31.130  06.746  0037.29  00.64  07.88  280.5  009.26  30.669  1024.214  1472.85 
2024 01 26 10 10 16.76  31.124  06.738  0037.53  00.70  07.88  280.5  009.26  30.670  1024.216  1472.82 
2024 01 26 10 10 17.01  31.107  06.711  0037.82  00.70  07.88  280.5  009.26  30.675  1024.225  1472.73 
2024 01 26 10 10 17.26  31.106  06.701  0038.08  00.67  07.88  280.5  009.26  30.683  1024.234  1472.70 
2024 01 26 10 10 17.51  31.097  06.682  0038.35  00.69  07.88  280.5  009.26  30.691  1024.244  1472.64 
2024 01 26 10 10 17.76  31.092  06.671  0038.63  00.64  07.88  280.5  009.26  30.694  1024.249  1472.61 
2024 01 26 10 10 18.01  31.095  06.677  0038.89  00.64  07.88  280.5  009.26  30.692  1024.248  1472.63 
2024 01 26 10 10 18.26  31.096  06.679  0039.16  00.67  07.88  280.5  009.26  30.691  1024.248  1472.64 
2024 01 26 10 10 18.51  31.094  06.678  0039.48  00.62  07.88  280.5  009.26  30.690  1024.249  1472.64 
2024 01 26 10 10 18.76  31.094  06.680  0039.74  00.66  07.88  280.5  009.26  30.688  1024.248  1472.65 
2024 01 26 10 10 19.01  31.079  06.654  0040.03  00.68  07.88  280.5  009.26  30.695  1024.258  1472.56 
2024 01 26 10 10 19.26  31.065  06.626  0040.31  00.74  07.88  280.5  009.26  30.704  1024.270  1472.47 
2024 01 26 10 10 19.51  31.062  06.623  0040.57  00.66  07.88  280.5  009.26  30.704  1024.272  1472.46 
2024 01 26 10 10 19.76  31.062  06.621  0040.86  00.65  07.87  280.5  009.26  30.706  1024.275  1472.46 
2024 01 26 10 10 20.01  31.061  06.621  0041.11  00.60  07.87  280.5  009.26  30.704  1024.275  1472.46 
2024 01 26 10 10 20.26  31.061  06.620  0041.39  00.65  07.87  280.5  009.26  30.706  1024.277  1472.46 
2024 01 26 10 10 20.51  31.060  06.621  0041.66  00.57  07.87  280.5  009.26  30.703  1024.276  1472.47 
2024 01 26 10 10 20.76  31.061  06.620  0041.88  00.58  07.87  281.9  009.26  30.705  1024.279  1472.47 
2024 01 26 10 10 21.01  31.061  06.619  0042.15  00.67  07.87  281.9  009.26  30.705  1024.281  1472.47 
2024 01 26 10 10 21.26  31.060  06.619  0042.44  00.69  07.87  281.9  009.26  30.705  1024.282  1472.47 
2024 01 26 10 10 21.51  31.060  06.616  0042.68  00.72  07.87  281.9  009.26  30.707  1024.285  1472.47 
2024 01 26 10 10 21.76  31.059  06.615  0042.97  00.68  07.87  281.9  009.26  30.707  1024.286  1472.47 
2024 01 26 10 10 22.01  31.058  06.614  0043.21  00.63  07.87  281.9  009.26  30.707  1024.287  1472.47 
2024 01 26 10 10 22.26  31.059  06.614  0043.49  00.55  07.87  281.9  009.26  30.707  1024.289  1472.47 
2024 01 26 10 10 22.51  31.059  06.613  0043.78  00.57  07.87  281.9  009.26  30.708  1024.291  1472.48 
2024 01 26 10 10 22.76  31.059  06.612  0044.01  00.59  07.87  281.9  009.26  30.709  1024.293  1472.48 
2024 01 26 10 10 23.01  31.058  06.611  0044.29  00.59  07.87  281.9  009.26  30.709  1024.295  1472.48 
2024 01 26 10 10 23.26  31.058  06.610  0044.58  00.69  07.87  281.9  009.26  30.710  1024.297  1472.48 
2024 01 26 10 10 23.51  31.058  06.610  0044.83  00.68  07.87  281.9  009.26  30.710  1024.298  1472.48 
2024 01 26 10 10 23.76  31.058  06.610  0045.10  00.67  07.87  281.5  009.26  30.709  1024.299  1472.49 
2024 01 26 10 10 24.01  31.058  06.610  0045.36  00.67  07.87  281.5  009.26  30.709  1024.300  1472.49 
2024 01 26 10 10 24.26  31.057  06.609  0045.61  00.62  07.87  281.5  009.26  30.709  1024.301  1472.49 
2024 01 26 10 10 24.51  31.057  06.608  0045.88  00.60  07.87  281.5  009.26  30.710  1024.303  1472.49 
2024 01 26 10 10 24.76  31.057  06.609  0046.12  00.59  07.87  281.5  009.26  30.709  1024.303  1472.50 
2024 01 26 10 10 25.01  31.057  06.608  0046.37  00.59  07.87  281.5  009.26  30.709  1024.304  1472.50 
2024 01 26 10 10 25.26  31.057  06.609  0046.62  00.63  07.87  281.5  009.26  30.709  1024.305  1472.51 
2024 01 26 10 10 25.51  31.057  06.607  0046.89  00.66  07.87  281.5  009.26  30.710  1024.308  1472.51 
2024 01 26 10 10 25.76  31.057  06.608  0047.14  00.62  07.87  281.5  009.26  30.709  1024.308  1472.51 
2024 01 26 10 10 26.01  31.057  06.608  0047.38  00.55  07.87  281.5  009.26  30.709  1024.309  1472.52 
2024 01 26 10 10 26.26  31.058  06.608  0047.66  00.60  07.87  281.5  009.26  30.710  1024.311  1472.52 
2024 01 26 10 10 26.51  31.058  06.608  0047.91  00.56  07.87  281.5  009.26  30.710  1024.312  1472.53 
2024 01 26 10 10 26.76  31.058  06.609  0048.19  00.52  07.87  280.7  009.26  30.709  1024.313  1472.53 
2024 01 26 10 10 27.01  31.061  06.610  0048.45  00.60  07.87  280.7  009.26  30.711  1024.315  1472.54 
2024 01 26 10 10 27.26  31.061  06.610  0048.71  00.65  07.87  280.7  009.26  30.711  1024.317  1472.55 
2024 01 26 10 10 27.51  31.064  06.610  0048.97  00.57  07.87  280.7  009.26  30.714  1024.320  1472.55 
2024 01 26 10 10 27.76  31.066  06.612  0049.25  00.55  07.86  280.7  009.26  30.715  1024.322  1472.57 
2024 01 26 10 10 28.01  31.068  06.613  0049.50  00.63  07.87  280.7  009.26  30.716  1024.324  1472.58 
2024 01 26 10 10 28.26  31.067  06.613  0049.76  00.57  07.87  280.7  009.26  30.714  1024.324  1472.58 
2024 01 26 10 10 28.51  31.067  06.612  0050.00  00.59  07.87  280.7  009.26  30.715  1024.326  1472.58 
2024 01 26 10 10 28.76  31.066  06.610  0050.26  00.63  07.86  280.7  009.26  30.716  1024.328  1472.58 
2024 01 26 10 10 29.01  31.062  06.605  0050.47  00.65  07.87  280.7  009.26  30.716  1024.329  1472.56 
2024 01 26 10 10 29.26  31.055  06.591  0050.72  00.68  07.87  280.7  009.26  30.720  1024.336  1472.52 
2024 01 26 10 10 29.51  31.045  06.575  0051.00  00.70  07.86  280.7  009.26  30.724  1024.342  1472.46 
2024 01 26 10 10 29.76  31.035  06.558  0051.21  00.66  07.86  280.9  009.26  30.728  1024.348  1472.40 
2024 01 26 10 10 30.01  31.034  06.558  0051.47  00.61  07.86  280.9  009.26  30.727  1024.349  1472.41 
2024 01 26 10 10 30.26  31.035  06.558  0051.72  00.55  07.86  280.9  009.26  30.728  1024.351  1472.41 
2024 01 26 10 10 30.51  31.034  06.558  0051.99  00.61  07.86  280.9  009.26  30.727  1024.351  1472.42 
2024 01 26 10 10 30.76  31.031  06.551  0052.27  00.63  07.86  280.9  009.26  30.730  1024.355  1472.39 
2024 01 26 10 10 31.01  31.032  06.552  0052.55  00.63  07.86  280.9  009.26  30.729  1024.356  1472.40 
2024 01 26 10 10 31.26  31.033  06.558  0052.76  00.61  07.86  280.9  009.26  30.725  1024.353  1472.42 
2024 01 26 10 10 31.51  31.036  06.558  0053.03  00.62  07.86  280.9  009.26  30.729  1024.357  1472.43 
2024 01 26 10 10 31.76  31.032  06.550  0053.25  00.56  07.86  280.9  009.26  30.731  1024.361  1472.41 
2024 01 26 10 10 32.01  31.030  06.550  0053.51  00.57  07.86  280.9  009.26  30.729  1024.360  1472.41 
2024 01 26 10 10 32.26  31.030  06.550  0053.80  00.61  07.86  280.9  009.26  30.728  1024.361  1472.41 
2024 01 26 10 10 32.51  31.031  06.551  0054.00  00.65  07.86  280.9  009.26  30.729  1024.363  1472.42 
2024 01 26 10 10 32.76  31.030  06.549  0054.27  00.60  07.86  279.9  009.26  30.728  1024.364  1472.42 
2024 01 26 10 10 33.01  31.027  06.548  0054.50  00.56  07.86  279.9  009.26  30.727  1024.364  1472.42 
2024 01 26 10 10 33.26  31.026  06.544  0054.76  00.52  07.86  279.9  009.26  30.728  1024.366  1472.41 
2024 01 26 10 10 33.51  31.012  06.524  0054.99  00.56  07.86  279.9  009.26  30.732  1024.373  1472.33 
2024 01 26 10 10 33.76  31.004  06.513  0055.23  00.63  07.85  279.9  009.26  30.733  1024.376  1472.29 
2024 01 26 10 10 34.01  31.004  06.513  0055.49  00.64  07.85  279.9  009.26  30.733  1024.377  1472.30 
2024 01 26 10 10 34.26  31.005  06.513  0055.76  00.59  07.85  279.9  009.26  30.733  1024.379  1472.31 
2024 01 26 10 10 34.51  31.006  06.513  0056.02  00.55  07.85  279.9  009.26  30.734  1024.380  1472.31 
2024 01 26 10 10 34.76  31.003  06.510  0056.28  00.55  07.85  279.9  009.26  30.734  1024.382  1472.30 
2024 01 26 10 10 35.01  31.003  06.510  0056.53  00.57  07.85  279.9  009.26  30.733  1024.382  1472.31 
2024 01 26 10 10 35.26  31.004  06.512  0056.80  00.61  07.85  279.9  009.26  30.733  1024.384  1472.32 
2024 01 26 10 10 35.51  31.005  06.512  0057.06  00.53  07.85  279.9  009.26  30.733  1024.385  1472.32 
2024 01 26 10 10 35.76  31.005  06.513  0057.34  00.48  07.85  278.8  009.26  30.733  1024.386  1472.33 
2024 01 26 10 10 36.01  31.006  06.511  0057.61  00.55  07.85  278.8  009.26  30.735  1024.389  1472.33 
2024 01 26 10 10 36.26  31.006  06.511  0057.87  00.53  07.85  278.8  009.26  30.735  1024.390  1472.33 
2024 01 26 10 10 36.51  31.004  06.509  0058.12  00.57  07.85  278.8  009.26  30.735  1024.391  1472.33 
2024 01 26 10 10 36.76  31.004  06.507  0058.40  00.55  07.85  278.8  009.26  30.736  1024.394  1472.33 
2024 01 26 10 10 37.01  31.002  06.507  0058.61  00.55  07.85  278.8  009.26  30.734  1024.393  1472.33 
2024 01 26 10 10 37.26  31.003  06.507  0058.87  00.61  07.85  278.8  009.26  30.735  1024.396  1472.34 
2024 01 26 10 10 37.51  31.003  06.506  0059.11  00.60  07.85  278.8  009.26  30.736  1024.398  1472.34 
2024 01 26 10 10 37.76  31.001  06.505  0059.34  00.62  07.85  278.8  009.26  30.734  1024.397  1472.33 
2024 01 26 10 10 38.01  31.001  06.503  0059.57  00.58  07.85  278.8  009.26  30.736  1024.400  1472.33 
2024 01 26 10 10 38.26  30.999  06.499  0059.82  00.56  07.85  278.8  009.26  30.737  1024.402  1472.32 
2024 01 26 10 10 38.51  30.995  06.494  0060.09  00.54  07.85  278.8  009.26  30.738  1024.405  1472.30 
2024 01 26 10 10 38.76  30.993  06.495  0060.36  00.57  07.85  278.0  009.26  30.735  1024.403  1472.31 
2024 01 26 10 10 39.01  30.992  06.492  0060.60  00.57  07.85  278.0  009.26  30.736  1024.406  1472.30 
2024 01 26 10 10 39.26  30.991  06.492  0060.88  00.55  07.85  278.0  009.26  30.736  1024.407  1472.31 
2024 01 26 10 10 39.51  30.994  06.491  0061.11  00.54  07.85  278.0  009.26  30.738  1024.410  1472.31 
2024 01 26 10 10 39.76  30.994  06.491  0061.39  00.57  07.85  278.0  009.26  30.739  1024.412  1472.31 
2024 01 26 10 10 40.01  30.995  06.491  0061.66  00.57  07.84  278.0  009.26  30.740  1024.414  1472.32 
2024 01 26 10 10 40.26  30.995  06.491  0061.91  00.58  07.84  278.0  009.26  30.740  1024.415  1472.32 
2024 01 26 10 10 40.51  30.993  06.491  0062.16  00.64  07.84  278.0  009.26  30.737  1024.415  1472.32 
2024 01 26 10 10 40.76  30.995  06.491  0062.42  00.59  07.84  278.0  009.26  30.740  1024.418  1472.33 
2024 01 26 10 10 41.01  30.995  06.489  0062.65  00.59  07.84  278.0  009.26  30.741  1024.420  1472.33 
2024 01 26 10 10 41.26  30.995  06.490  0062.91  00.53  07.84  278.0  009.26  30.741  1024.421  1472.34 
2024 01 26 10 10 41.51  30.995  06.490  0063.14  00.56  07.84  278.0  009.26  30.739  1024.421  1472.34 
2024 01 26 10 10 41.76  30.994  06.490  0063.41  00.57  07.84  276.9  009.26  30.738  1024.421  1472.34 
2024 01 26 10 10 42.01  30.996  06.490  0063.68  00.56  07.84  276.9  009.26  30.741  1024.424  1472.35 
2024 01 26 10 10 42.26  30.997  06.490  0063.91  00.58  07.84  276.9  009.26  30.742  1024.426  1472.36 
2024 01 26 10 10 42.51  30.993  06.481  0064.17  00.52  07.84  276.9  009.26  30.745  1024.431  1472.33 
2024 01 26 10 10 42.76  30.985  06.471  0064.42  00.52  07.84  276.9  009.26  30.745  1024.434  1472.29 
2024 01 26 10 10 43.01  30.983  06.466  0064.69  00.54  07.84  276.9  009.26  30.747  1024.437  1472.28 
2024 01 26 10 10 43.26  30.981  06.465  0064.96  00.55  07.84  276.9  009.26  30.746  1024.438  1472.28 
2024 01 26 10 10 43.51  30.980  06.461  0065.19  00.56  07.84  276.9  009.26  30.749  1024.441  1472.27 
2024 01 26 10 10 43.76  30.981  06.463  0065.48  00.53  07.84  276.9  009.26  30.748  1024.442  1472.28 
2024 01 26 10 10 44.01  30.975  06.457  0065.69  00.57  07.84  276.9  009.26  30.746  1024.442  1472.26 
2024 01 26 10 10 44.26  30.972  06.451  0065.98  00.62  07.84  276.9  009.26  30.748  1024.445  1472.24 
2024 01 26 10 10 44.51  30.971  06.445  0066.24  00.56  07.84  276.9  009.26  30.752  1024.451  1472.23 
2024 01 26 10 10 44.76  30.968  06.441  0066.47  00.52  07.84  275.8  009.26  30.753  1024.453  1472.22 
2024 01 26 10 10 45.01  30.971  06.444  0066.73  00.59  07.84  275.8  009.26  30.753  1024.454  1472.23 
2024 01 26 10 10 45.26  30.980  06.450  0066.98  00.56  07.84  275.8  009.26  30.758  1024.458  1472.27 
2024 01 26 10 10 45.51  30.972  06.440  0067.22  00.58  07.84  275.8  009.26  30.758  1024.460  1472.23 
2024 01 26 10 10 45.76  30.971  06.437  0067.47  00.61  07.84  275.8  009.26  30.759  1024.462  1472.23 
2024 01 26 10 10 46.01  30.972  06.438  0067.73  00.60  07.84  275.8  009.26  30.759  1024.464  1472.23 
2024 01 26 10 10 46.26  30.972  06.438  0068.00  00.62  07.84  275.8  009.26  30.759  1024.465  1472.24 
2024 01 26 10 10 46.51  30.971  06.437  0068.24  00.59  07.84  275.8  009.26  30.758  1024.466  1472.24 
2024 01 26 10 10 46.76  30.969  06.437  0068.50  00.59  07.84  275.8  009.26  30.756  1024.465  1472.24 
2024 01 26 10 10 47.01  30.968  06.434  0068.76  00.58  07.84  275.8  009.26  30.758  1024.469  1472.23 
2024 01 26 10 10 47.26  30.960  06.424  0069.00  00.53  07.84  275.8  009.26  30.758  1024.471  1472.20 
2024 01 26 10 10 47.51  30.956  06.416  0069.26  00.55  07.84  275.8  009.26  30.761  1024.475  1472.17 
2024 01 26 10 10 47.76  30.951  06.411  0069.53  00.55  07.84  275.0  009.26  30.760  1024.476  1472.15 
2024 01 26 10 10 48.01  30.944  06.400  0069.79  00.52  07.83  275.0  009.26  30.762  1024.480  1472.12 
2024 01 26 10 10 48.26  30.937  06.393  0070.04  00.54  07.83  275.0  009.26  30.760  1024.481  1472.09 
2024 01 26 10 10 48.51  30.936  06.389  0070.27  00.57  07.83  275.0  009.26  30.762  1024.484  1472.08 
2024 01 26 10 10 48.76  30.934  06.388  0070.51  00.58  07.83  275.0  009.26  30.761  1024.485  1472.08 
2024 01 26 10 10 49.01  30.933  06.385  0070.81  00.55  07.83  275.0  009.26  30.762  1024.487  1472.08 
2024 01 26 10 10 49.26  30.931  06.383  0071.01  00.59  07.83  275.0  009.26  30.762  1024.489  1472.07 
2024 01 26 10 10 49.51  30.929  06.382  0071.29  00.56  07.82  275.0  009.26  30.761  1024.489  1472.07 
2024 01 26 10 10 49.76  30.929  06.381  0071.51  00.54  07.82  275.0  009.26  30.762  1024.491  1472.07 
2024 01 26 10 10 50.01  30.929  06.381  0071.76  00.54  07.82  275.0  009.26  30.761  1024.491  1472.07 
2024 01 26 10 10 50.26  30.929  06.379  0072.03  00.55  07.82  275.0  009.26  30.762  1024.494  1472.07 
2024 01 26 10 10 50.51  30.927  06.376  0072.26  00.52  07.82  275.0  009.26  30.763  1024.496  1472.07 
2024 01 26 10 10 50.76  30.922  06.370  0072.53  00.55  07.82  273.3  009.26  30.764  1024.498  1472.05 
2024 01 26 10 10 51.01  30.921  06.370  0072.77  00.55  07.82  273.3  009.26  30.763  1024.499  1472.05 
2024 01 26 10 10 51.26  30.923  06.370  0073.03  00.57  07.82  273.3  009.26  30.764  1024.501  1472.05 
2024 01 26 10 10 51.51  30.922  06.369  0073.26  00.55  07.82  273.3  009.26  30.764  1024.502  1472.05 
2024 01 26 10 10 51.76  30.922  06.370  0073.52  00.55  07.82  273.3  009.26  30.764  1024.503  1472.06 
2024 01 26 10 10 52.01  30.923  06.370  0073.78  00.51  07.82  273.3  009.26  30.764  1024.504  1472.07 
2024 01 26 10 10 52.26  30.923  06.368  0074.03  00.51  07.82  273.3  009.26  30.766  1024.507  1472.06 
2024 01 26 10 10 52.51  30.921  06.364  0074.30  00.52  07.82  273.3  009.26  30.767  1024.509  1472.05 
2024 01 26 10 10 52.76  30.920  06.364  0074.54  00.57  07.82  273.3  009.26  30.765  1024.509  1472.06 
2024 01 26 10 10 53.01  30.918  06.363  0074.74  00.59  07.82  273.3  009.26  30.764  1024.510  1472.06 
2024 01 26 10 10 53.26  30.917  06.358  0074.98  00.57  07.82  273.3  009.26  30.768  1024.514  1472.04 
2024 01 26 10 10 53.51  30.914  06.355  0075.23  00.55  07.82  273.3  009.26  30.767  1024.515  1472.03 
2024 01 26 10 10 53.76  30.913  06.354  0075.48  00.60  07.82  270.7  009.26  30.767  1024.517  1472.03 
2024 01 26 10 10 54.01  30.913  06.353  0075.73  00.57  07.82  270.7  009.26  30.767  1024.517  1472.04 
2024 01 26 10 10 54.26  30.913  06.354  0076.01  00.54  07.81  270.7  009.26  30.766  1024.518  1472.04 
2024 01 26 10 10 54.51  30.912  06.353  0076.24  00.53  07.81  270.7  009.26  30.766  1024.519  1472.04 
2024 01 26 10 10 54.76  30.913  06.353  0076.52  00.51  07.81  270.7  009.26  30.767  1024.521  1472.05 
2024 01 26 10 10 55.01  30.913  06.353  0076.73  00.54  07.81  270.7  009.26  30.767  1024.522  1472.05 
2024 01 26 10 10 55.26  30.913  06.351  0076.99  00.52  07.81  270.7  009.26  30.768  1024.525  1472.05 
2024 01 26 10 10 55.51  30.912  06.351  0077.27  00.56  07.81  270.7  009.26  30.767  1024.525  1472.05 
2024 01 26 10 10 55.76  30.911  06.350  0077.53  00.52  07.81  270.7  009.26  30.767  1024.527  1472.05 
2024 01 26 10 10 56.01  30.911  06.347  0077.79  00.52  07.81  270.7  009.26  30.769  1024.530  1472.05 
2024 01 26 10 10 56.26  30.911  06.345  0078.03  00.55  07.81  270.7  009.26  30.771  1024.532  1472.05 
2024 01 26 10 10 56.51  30.909  06.345  0078.30  00.57  07.81  270.7  009.26  30.769  1024.532  1472.05 
2024 01 26 10 10 56.76  30.909  06.344  0078.56  00.53  07.81  268.8  009.26  30.770  1024.534  1472.05 
2024 01 26 10 10 57.01  30.908  06.344  0078.78  00.52  07.81  268.8  009.26  30.768  1024.534  1472.05 
2024 01 26 10 10 57.26  30.907  06.344  0079.05  00.50  07.81  268.8  009.26  30.767  1024.535  1472.05 
2024 01 26 10 10 57.51  30.909  06.342  0079.27  00.55  07.81  268.8  009.26  30.770  1024.538  1472.05 
2024 01 26 10 10 57.76  30.906  06.342  0079.53  00.54  07.81  268.8  009.26  30.768  1024.537  1472.05 
2024 01 26 10 10 58.01  30.907  06.341  0079.79  00.53  07.81  268.8  009.26  30.770  1024.540  1472.06 
2024 01 26 10 10 58.26  30.905  06.341  0080.01  00.55  07.81  268.8  009.26  30.768  1024.540  1472.06 
2024 01 26 10 10 58.51  30.905  06.338  0080.28  00.60  07.81  268.8  009.26  30.769  1024.542  1472.05 
2024 01 26 10 10 58.76  30.905  06.337  0080.53  00.57  07.81  268.8  009.26  30.771  1024.545  1472.05 
2024 01 26 10 10 59.01  30.905  06.337  0080.78  00.52  07.81  268.8  009.26  30.771  1024.546  1472.06 
2024 01 26 10 10 59.26  30.905  06.337  0081.03  00.62  07.81  268.8  009.26  30.770  1024.546  1472.06 
2024 01 26 10 10 59.51  30.906  06.335  0081.26  00.55  07.81  268.8  009.26  30.774  1024.551  1472.06 
2024 01 26 10 10 59.76  30.906  06.337  0081.52  00.57  07.81  267.7  009.26  30.771  1024.550  1472.07 
2024 01 26 10 11 00.01  30.905  06.336  0081.78  00.55  07.81  267.7  009.26  30.771  1024.551  1472.07 
2024 01 26 10 11 00.26  30.905  06.334  0082.02  00.53  07.81  267.7  009.26  30.773  1024.554  1472.07 
2024 01 26 10 11 00.51  30.903  06.332  0082.24  00.54  07.81  267.7  009.26  30.773  1024.555  1472.06 
2024 01 26 10 11 00.76  30.902  06.332  0082.47  00.50  07.81  267.7  009.26  30.772  1024.555  1472.06 
2024 01 26 10 11 01.01  30.903  06.330  0082.72  00.52  07.81  267.7  009.26  30.774  1024.559  1472.06 
2024 01 26 10 11 01.26  30.901  06.327  0082.96  00.49  07.81  267.7  009.26  30.774  1024.560  1472.06 
2024 01 26 10 11 01.51  30.895  06.318  0083.19  00.48  07.81  267.7  009.26  30.776  1024.563  1472.03 
2024 01 26 10 11 01.76  30.893  06.316  0083.45  00.53  07.81  267.7  009.26  30.775  1024.564  1472.02 
2024 01 26 10 11 02.01  30.893  06.315  0083.69  00.49  07.81  267.7  009.26  30.776  1024.566  1472.02 
2024 01 26 10 11 02.26  30.892  06.313  0083.91  00.50  07.81  267.7  009.26  30.776  1024.568  1472.02 
2024 01 26 10 11 02.51  30.892  06.313  0084.18  00.52  07.81  267.7  009.26  30.777  1024.569  1472.02 
2024 01 26 10 11 02.76  30.892  06.313  0084.40  00.55  07.81  267.3  009.26  30.776  1024.570  1472.03 
2024 01 26 10 11 03.01  30.890  06.312  0084.68  00.53  07.81  267.3  009.26  30.776  1024.571  1472.03 
2024 01 26 10 11 03.26  30.890  06.309  0084.93  00.53  07.81  267.3  009.26  30.777  1024.573  1472.02 
2024 01 26 10 11 03.51  30.888  06.306  0085.16  00.52  07.81  267.3  009.26  30.778  1024.576  1472.01 
2024 01 26 10 11 03.76  30.887  06.302  0085.42  00.54  07.81  267.3  009.26  30.781  1024.579  1472.00 
2024 01 26 10 11 04.01  30.886  06.300  0085.66  00.54  07.81  267.3  009.26  30.780  1024.581  1472.00 
2024 01 26 10 11 04.26  30.883  06.298  0085.93  00.62  07.81  267.3  009.26  30.779  1024.581  1472.00 
2024 01 26 10 11 04.51  30.882  06.299  0086.18  00.54  07.81  267.3  009.26  30.778  1024.581  1472.00 
2024 01 26 10 11 04.76  30.884  06.298  0086.41  00.52  07.80  267.3  009.26  30.780  1024.584  1472.01 
2024 01 26 10 11 05.01  30.883  06.298  0086.64  00.50  07.80  267.3  009.26  30.779  1024.584  1472.01 
2024 01 26 10 11 05.26  30.884  06.298  0086.87  00.51  07.80  267.3  009.26  30.780  1024.586  1472.01 
2024 01 26 10 11 05.51  30.883  06.299  0087.11  00.45  07.80  267.3  009.26  30.778  1024.586  1472.02 
2024 01 26 10 11 05.76  30.883  06.298  0087.36  00.51  07.80  267.0  009.26  30.779  1024.587  1472.02 
2024 01 26 10 11 06.01  30.885  06.296  0087.57  00.50  07.80  267.0  009.26  30.782  1024.591  1472.02 
2024 01 26 10 11 06.26  30.883  06.297  0087.85  00.54  07.80  267.0  009.26  30.779  1024.590  1472.02 
2024 01 26 10 11 06.51  30.882  06.297  0088.10  00.53  07.80  267.0  009.26  30.779  1024.591  1472.02 
2024 01 26 10 11 06.76  30.885  06.297  0088.35  00.53  07.80  267.0  009.26  30.781  1024.594  1472.03 
2024 01 26 10 11 07.01  30.881  06.290  0088.59  00.59  07.80  267.0  009.26  30.783  1024.597  1472.01 
2024 01 26 10 11 07.26  30.882  06.291  0088.82  00.54  07.80  267.0  009.26  30.783  1024.598  1472.02 
2024 01 26 10 11 07.51  30.879  06.287  0089.10  00.53  07.80  267.0  009.26  30.784  1024.601  1472.01 
2024 01 26 10 11 07.76  30.878  06.283  0089.35  00.47  07.80  267.0  009.26  30.785  1024.603  1472.00 
2024 01 26 10 11 08.01  30.876  06.281  0089.56  00.44  07.80  267.0  009.26  30.785  1024.605  1471.99 
2024 01 26 10 11 08.26  30.875  06.279  0089.84  00.46  07.80  267.0  009.26  30.786  1024.607  1471.99 
2024 01 26 10 11 08.51  30.874  06.278  0090.08  00.46  07.80  267.0  009.26  30.786  1024.608  1471.99 
2024 01 26 10 11 08.76  30.874  06.277  0090.32  00.50  07.80  266.5  009.26  30.787  1024.610  1471.99 
2024 01 26 10 11 09.01  30.874  06.276  0090.58  00.52  07.80  266.5  009.26  30.786  1024.611  1471.99 
2024 01 26 10 11 09.26  30.874  06.275  0090.80  00.52  07.80  266.5  009.26  30.787  1024.613  1471.99 
2024 01 26 10 11 09.51  30.875  06.276  0091.05  00.50  07.80  266.5  009.26  30.788  1024.615  1472.00 
2024 01 26 10 11 09.76  30.874  06.276  0091.29  00.52  07.80  266.5  009.26  30.787  1024.615  1472.00 
2024 01 26 10 11 10.01  30.874  06.275  0091.53  00.51  07.80  266.5  009.26  30.788  1024.617  1472.01 
2024 01 26 10 11 10.26  30.876  06.275  0091.80  00.50  07.80  266.5  009.26  30.790  1024.620  1472.01 
2024 01 26 10 11 10.51  30.871  06.270  0092.04  00.56  07.80  266.5  009.29  30.789  1024.620  1471.99 
2024 01 26 10 11 10.76  30.869  06.266  0092.28  00.48  07.80  266.5  009.26  30.790  1024.623  1471.98 
2024 01 26 10 11 11.01  30.863  06.254  0092.53  00.45  07.80  266.5  009.26  30.794  1024.629  1471.94 
2024 01 26 10 11 11.26  30.855  06.237  0092.79  00.38  07.80  266.5  009.26  30.801  1024.637  1471.89 
2024 01 26 10 11 11.51  30.847  06.225  0093.02  00.48  07.80  266.5  009.26  30.803  1024.642  1471.85 
2024 01 26 10 11 11.76  30.849  06.227  0093.27  00.47  07.80  266.1  009.26  30.803  1024.643  1471.86 
2024 01 26 10 11 12.01  30.849  06.225  0093.52  00.47  07.80  266.1  009.26  30.804  1024.645  1471.86 
2024 01 26 10 11 12.26  30.847  06.225  0093.80  00.45  07.80  266.1  009.26  30.802  1024.645  1471.86 
2024 01 26 10 11 12.51  30.846  06.223  0094.01  00.47  07.80  266.1  009.26  30.802  1024.646  1471.86 
2024 01 26 10 11 12.76  30.846  06.223  0094.27  00.48  07.80  266.1  009.26  30.803  1024.647  1471.86 
2024 01 26 10 11 13.01  30.846  06.221  0094.49  00.47  07.80  266.1  009.26  30.804  1024.650  1471.86 
2024 01 26 10 11 13.26  30.843  06.220  0094.74  00.43  07.80  266.1  009.26  30.802  1024.650  1471.85 
2024 01 26 10 11 13.51  30.845  06.220  0095.00  00.45  07.80  266.1  009.26  30.804  1024.652  1471.86 
2024 01 26 10 11 13.76  30.840  06.211  0095.25  00.48  07.80  266.1  009.26  30.807  1024.657  1471.83 
2024 01 26 10 11 14.01  30.835  06.204  0095.53  00.50  07.80  266.1  009.26  30.807  1024.659  1471.81 
2024 01 26 10 11 14.26  30.835  06.201  0095.76  00.48  07.80  266.1  009.26  30.810  1024.663  1471.80 
2024 01 26 10 11 14.51  30.835  06.203  0096.05  00.46  07.80  266.1  009.26  30.808  1024.663  1471.82 
2024 01 26 10 11 14.76  30.835  06.206  0096.31  00.49  07.80  266.0  009.26  30.806  1024.661  1471.83 
2024 01 26 10 11 15.01  30.836  06.205  0096.56  00.47  07.80  266.0  009.26  30.807  1024.664  1471.83 
2024 01 26 10 11 15.26  30.835  06.202  0096.83  00.45  07.80  266.0  009.26  30.808  1024.666  1471.82 
2024 01 26 10 11 15.51  30.834  06.201  0097.07  00.43  07.80  266.0  009.26  30.808  1024.667  1471.82 
2024 01 26 10 11 15.76  30.831  06.197  0097.34  00.46  07.80  266.0  009.26  30.808  1024.669  1471.81 
2024 01 26 10 11 16.01  30.832  06.196  0097.61  00.53  07.80  266.0  009.26  30.810  1024.672  1471.82 
2024 01 26 10 11 16.26  30.831  06.193  0097.86  00.47  07.80  266.0  009.26  30.812  1024.675  1471.81 
2024 01 26 10 11 16.51  30.830  06.193  0098.12  00.50  07.80  266.0  009.26  30.810  1024.675  1471.81 
2024 01 26 10 11 16.76  30.831  06.193  0098.34  00.52  07.79  266.0  009.26  30.810  1024.676  1471.82 
2024 01 26 10 11 17.01  30.831  06.192  0098.58  00.54  07.80  266.0  009.26  30.811  1024.678  1471.82 
2024 01 26 10 11 17.26  30.831  06.192  0098.82  00.50  07.80  266.0  009.26  30.812  1024.680  1471.82 
2024 01 26 10 11 17.51  30.829  06.193  0099.08  00.50  07.80  266.0  009.26  30.809  1024.678  1471.83 
2024 01 26 10 11 17.76  30.831  06.193  0099.31  00.50  07.80  266.3  009.26  30.811  1024.681  1471.83 
2024 01 26 10 11 18.01  30.824  06.178  0099.57  00.53  07.80  266.3  009.26  30.817  1024.689  1471.78 
2024 01 26 10 11 18.26  30.822  06.177  0099.81  00.56  07.80  266.3  009.26  30.815  1024.689  1471.78 
2024 01 26 10 11 18.51  30.822  06.178  0100.08  00.50  07.80  266.3  009.26  30.814  1024.689  1471.79 
2024 01 26 10 11 18.76  30.821  06.176  0100.34  00.50  07.80  266.3  009.26  30.815  1024.691  1471.79 
2024 01 26 10 11 19.01  30.817  06.172  0100.60  00.48  07.80  266.3  009.26  30.814  1024.692  1471.77 
2024 01 26 10 11 19.26  30.818  06.173  0100.86  00.59  07.80  266.3  009.26  30.814  1024.693  1471.78 
2024 01 26 10 11 19.51  30.820  06.175  0101.10  00.47  07.80  266.3  009.26  30.815  1024.695  1471.79 
2024 01 26 10 11 19.76  30.820  06.173  0101.36  00.52  07.80  266.3  009.26  30.815  1024.697  1471.79 
2024 01 26 10 11 20.01  30.817  06.169  0101.58  00.48  07.80  266.3  009.26  30.816  1024.699  1471.78 
2024 01 26 10 11 20.26  30.814  06.163  0101.85  00.49  07.80  266.3  009.26  30.818  1024.702  1471.76 
2024 01 26 10 11 20.51  30.816  06.164  0102.11  00.51  07.80  266.3  009.26  30.820  1024.704  1471.77 
2024 01 26 10 11 20.76  30.815  06.164  0102.34  00.50  07.80  266.9  009.26  30.818  1024.704  1471.77 
2024 01 26 10 11 21.01  30.816  06.164  0102.59  00.51  07.80  266.9  009.26  30.819  1024.706  1471.78 
2024 01 26 10 11 21.26  30.815  06.164  0102.80  00.49  07.80  266.9  009.26  30.817  1024.706  1471.78 
2024 01 26 10 11 21.51  30.816  06.164  0103.06  00.49  07.80  266.9  009.26  30.818  1024.708  1471.79 
2024 01 26 10 11 21.76  30.814  06.164  0103.31  00.51  07.80  266.9  009.26  30.816  1024.707  1471.79 
2024 01 26 10 11 22.01  30.815  06.164  0103.52  00.47  07.80  266.9  009.26  30.818  1024.709  1471.79 
2024 01 26 10 11 22.26  30.815  06.164  0103.76  00.46  07.80  266.9  009.26  30.817  1024.710  1471.80 
2024 01 26 10 11 22.51  30.816  06.164  0104.01  00.46  07.80  266.9  009.26  30.818  1024.712  1471.80 
2024 01 26 10 11 22.76  30.815  06.160  0104.26  00.46  07.80  266.9  009.26  30.820  1024.715  1471.79 
2024 01 26 10 11 23.01  30.813  06.160  0104.51  00.55  07.80  266.9  009.26  30.819  1024.715  1471.79 
2024 01 26 10 11 23.26  30.813  06.159  0104.76  00.53  07.80  266.9  009.26  30.819  1024.717  1471.80 
2024 01 26 10 11 23.51  30.813  06.159  0104.97  00.53  07.80  266.9  009.26  30.819  1024.718  1471.80 
2024 01 26 10 11 23.76  30.812  06.158  0105.23  00.55  07.80  267.4  009.26  30.819  1024.719  1471.80 
2024 01 26 10 11 24.01  30.811  06.158  0105.47  00.52  07.80  267.4  009.26  30.818  1024.719  1471.80 
2024 01 26 10 11 24.26  30.812  06.156  0105.72  00.51  07.80  267.4  009.26  30.821  1024.723  1471.80 
2024 01 26 10 11 24.51  30.812  06.155  0105.95  00.54  07.80  267.4  009.26  30.821  1024.724  1471.80 
2024 01 26 10 11 24.76  30.811  06.155  0106.21  00.54  07.80  267.4  009.26  30.820  1024.724  1471.80 
2024 01 26 10 11 25.01  30.810  06.154  0106.44  00.52  07.80  267.4  009.26  30.819  1024.725  1471.80 
2024 01 26 10 11 25.26  30.811  06.154  0106.67  00.48  07.80  267.4  009.26  30.821  1024.728  1471.81 
2024 01 26 10 11 25.51  30.810  06.154  0106.91  00.46  07.80  267.4  009.26  30.819  1024.728  1471.81 
2024 01 26 10 11 25.76  30.811  06.153  0107.13  00.52  07.80  267.4  009.26  30.821  1024.730  1471.81 
2024 01 26 10 11 26.01  30.811  06.153  0107.38  00.52  07.80  267.4  009.26  30.821  1024.731  1471.82 
2024 01 26 10 11 26.26  30.811  06.154  0107.64  00.59  07.80  267.4  009.26  30.820  1024.732  1471.82 
2024 01 26 10 11 26.51  30.810  06.151  0107.87  00.60  07.80  267.4  009.26  30.822  1024.734  1471.82 
2024 01 26 10 11 26.76  30.809  06.149  0108.13  00.56  07.80  267.9  009.26  30.822  1024.736  1471.81 
2024 01 26 10 11 27.01  30.808  06.149  0108.37  00.53  07.80  267.9  009.26  30.822  1024.737  1471.82 
2024 01 26 10 11 27.26  30.808  06.149  0108.64  00.50  07.80  267.9  009.26  30.821  1024.737  1471.82 
2024 01 26 10 11 27.51  30.805  06.146  0108.90  00.50  07.80  267.9  009.26  30.820  1024.738  1471.81 
2024 01 26 10 11 27.76  30.807  06.145  0109.12  00.45  07.80  267.9  009.26  30.823  1024.742  1471.81 
2024 01 26 10 11 28.01  30.805  06.143  0109.39  00.47  07.80  267.9  009.26  30.823  1024.743  1471.81 
2024 01 26 10 11 28.26  30.805  06.142  0109.63  00.54  07.80  267.9  009.26  30.823  1024.745  1471.81 
2024 01 26 10 11 28.51  30.803  06.141  0109.88  00.52  07.80  267.9  009.26  30.822  1024.745  1471.81 
2024 01 26 10 11 28.76  30.803  06.138  0110.16  00.51  07.80  267.9  009.26  30.824  1024.748  1471.81 
2024 01 26 10 11 29.01  30.802  06.138  0110.39  00.47  07.80  267.9  009.26  30.824  1024.749  1471.81 
2024 01 26 10 11 29.26  30.804  06.138  0110.63  00.50  07.80  267.9  009.26  30.825  1024.751  1471.81 
2024 01 26 10 11 29.51  30.801  06.136  0110.87  00.53  07.80  267.9  009.26  30.824  1024.752  1471.81 
2024 01 26 10 11 29.76  30.801  06.136  0111.09  00.47  07.80  268.6  009.26  30.824  1024.753  1471.81 
2024 01 26 10 11 30.01  30.803  06.137  0111.32  00.47  07.80  268.6  009.26  30.825  1024.754  1471.82 
2024 01 26 10 11 30.26  30.804  06.136  0111.54  00.48  07.80  268.6  009.26  30.826  1024.757  1471.82 
2024 01 26 10 11 30.51  30.801  06.136  0111.81  00.50  07.80  268.6  009.26  30.824  1024.756  1471.82 
2024 01 26 10 11 30.76  30.804  06.136  0112.04  00.49  07.80  268.6  009.26  30.827  1024.760  1471.83 
2024 01 26 10 11 31.01  30.802  06.136  0112.26  00.55  07.80  268.6  009.26  30.825  1024.759  1471.83 
2024 01 26 10 11 31.26  30.804  06.137  0112.53  00.55  07.80  268.6  009.26  30.825  1024.760  1471.84 
2024 01 26 10 11 31.51  30.802  06.136  0112.75  00.51  07.80  268.6  009.26  30.824  1024.761  1471.84 
2024 01 26 10 11 31.76  30.803  06.136  0113.00  00.53  07.80  268.6  009.26  30.825  1024.762  1471.84 
2024 01 26 10 11 32.01  30.801  06.135  0113.24  00.54  07.80  268.6  009.26  30.824  1024.763  1471.84 
2024 01 26 10 11 32.26  30.801  06.133  0113.49  00.59  07.80  268.6  009.26  30.826  1024.766  1471.84 
2024 01 26 10 11 32.51  30.802  06.136  0113.76  00.54  07.80  268.6  009.26  30.824  1024.765  1471.85 
2024 01 26 10 11 32.76  30.804  06.137  0114.00  00.52  07.80  269.4  009.26  30.824  1024.766  1471.86 
2024 01 26 10 11 33.01  30.802  06.135  0114.24  00.52  07.80  269.4  009.26  30.824  1024.768  1471.86 
2024 01 26 10 11 33.26  30.804  06.136  0114.49  00.48  07.80  269.4  009.26  30.825  1024.769  1471.87 
2024 01 26 10 11 33.51  30.803  06.135  0114.72  00.48  07.80  269.4  009.26  30.825  1024.770  1471.87 
2024 01 26 10 11 33.76  30.803  06.136  0114.95  00.46  07.80  269.4  009.26  30.824  1024.771  1471.87 
2024 01 26 10 11 34.01  30.802  06.136  0115.16  00.50  07.80  269.4  009.26  30.823  1024.771  1471.87 
2024 01 26 10 11 34.26  30.802  06.135  0115.42  00.53  07.80  269.4  009.26  30.824  1024.772  1471.88 
2024 01 26 10 11 34.51  30.803  06.136  0115.67  00.54  07.80  269.4  009.26  30.824  1024.774  1471.88 
2024 01 26 10 11 34.76  30.803  06.134  0115.87  00.59  07.80  269.4  009.26  30.825  1024.776  1471.88 
2024 01 26 10 11 35.01  30.802  06.133  0116.11  00.62  07.80  269.4  009.26  30.825  1024.777  1471.88 
2024 01 26 10 11 35.26  30.801  06.133  0116.34  00.61  07.80  269.4  009.26  30.824  1024.778  1471.88 
2024 01 26 10 11 35.51  30.800  06.132  0116.58  00.55  07.80  269.4  009.26  30.824  1024.779  1471.88 
2024 01 26 10 11 35.76  30.801  06.133  0116.82  00.57  07.80  269.7  009.26  30.824  1024.780  1471.89 
2024 01 26 10 11 36.01  30.801  06.133  0117.06  00.59  07.80  269.7  009.26  30.824  1024.781  1471.89 
2024 01 26 10 11 36.26  30.801  06.131  0117.32  00.57  07.80  269.7  009.26  30.825  1024.783  1471.89 
2024 01 26 10 11 36.51  30.801  06.132  0117.56  00.55  07.80  269.7  009.26  30.824  1024.783  1471.90 
2024 01 26 10 11 36.76  30.803  06.132  0117.80  00.53  07.80  269.7  009.26  30.826  1024.786  1471.91 
2024 01 26 10 11 37.01  30.801  06.132  0118.01  00.50  07.80  269.7  009.26  30.825  1024.786  1471.91 
2024 01 26 10 11 37.26  30.800  06.129  0118.25  00.53  07.80  269.7  009.26  30.826  1024.789  1471.90 
2024 01 26 10 11 37.51  30.800  06.129  0118.47  00.56  07.80  269.7  009.26  30.825  1024.789  1471.90 
2024 01 26 10 11 37.76  30.800  06.129  0118.71  00.57  07.80  269.7  009.26  30.826  1024.790  1471.91 
2024 01 26 10 11 38.01  30.800  06.129  0118.94  00.55  07.80  269.7  009.26  30.825  1024.791  1471.91 
2024 01 26 10 11 38.26  30.800  06.127  0119.20  00.54  07.80  269.7  009.26  30.828  1024.794  1471.91 
2024 01 26 10 11 38.51  30.799  06.126  0119.41  00.55  07.80  269.7  009.26  30.827  1024.794  1471.91 
2024 01 26 10 11 38.76  30.800  06.126  0119.70  00.50  07.80  269.9  009.26  30.828  1024.797  1471.92 
2024 01 26 10 11 39.01  30.800  06.126  0119.96  00.53  07.80  269.9  009.26  30.827  1024.798  1471.92 
2024 01 26 10 11 39.26  30.800  06.127  0120.17  00.57  07.80  269.9  009.26  30.827  1024.798  1471.93 
2024 01 26 10 11 39.51  30.801  06.129  0120.42  00.58  07.80  269.9  009.26  30.826  1024.799  1471.94 
2024 01 26 10 11 39.76  30.801  06.127  0120.67  00.55  07.80  269.9  009.29  30.828  1024.801  1471.93 
2024 01 26 10 11 40.01  30.800  06.127  0120.93  00.55  07.80  269.9  009.26  30.827  1024.802  1471.94 
2024 01 26 10 11 40.26  30.801  06.127  0121.19  00.54  07.80  269.9  009.26  30.827  1024.803  1471.94 
2024 01 26 10 11 40.51  30.802  06.128  0121.43  00.49  07.80  269.9  009.26  30.828  1024.804  1471.95 
2024 01 26 10 11 40.76  30.800  06.127  0121.66  00.52  07.80  269.9  009.26  30.826  1024.805  1471.95 
2024 01 26 10 11 41.01  30.800  06.126  0121.90  00.54  07.80  269.9  009.26  30.827  1024.806  1471.95 
2024 01 26 10 11 41.26  30.802  06.126  0122.11  00.56  07.80  269.9  009.26  30.829  1024.809  1471.95 
2024 01 26 10 11 41.51  30.800  06.126  0122.37  00.55  07.80  269.9  009.26  30.827  1024.808  1471.96 
2024 01 26 10 11 41.76  30.801  06.125  0122.59  00.51  07.80  270.4  009.26  30.828  1024.811  1471.96 
2024 01 26 10 11 42.01  30.800  06.125  0122.83  00.52  07.80  270.4  009.26  30.827  1024.811  1471.96 
2024 01 26 10 11 42.26  30.799  06.124  0123.07  00.57  07.80  270.4  009.26  30.827  1024.812  1471.96 
2024 01 26 10 11 42.51  30.799  06.123  0123.30  00.52  07.80  270.4  009.26  30.827  1024.813  1471.96 
2024 01 26 10 11 42.76  30.800  06.122  0123.55  00.57  07.80  270.4  009.26  30.829  1024.816  1471.96 
2024 01 26 10 11 43.01  30.799  06.124  0123.78  00.52  07.80  270.4  009.26  30.826  1024.814  1471.97 
2024 01 26 10 11 43.26  30.799  06.123  0124.01  00.55  07.80  270.4  009.26  30.827  1024.816  1471.97 
2024 01 26 10 11 43.51  30.799  06.124  0124.27  00.58  07.80  270.4  009.26  30.827  1024.817  1471.98 
2024 01 26 10 11 43.76  30.799  06.121  0124.51  00.56  07.80  270.4  009.26  30.829  1024.820  1471.97 
2024 01 26 10 11 44.01  30.799  06.123  0124.74  00.63  07.80  270.4  009.26  30.827  1024.820  1471.98 
2024 01 26 10 11 44.26  30.799  06.123  0124.99  00.57  07.80  270.4  009.26  30.827  1024.821  1471.99 
2024 01 26 10 11 44.51  30.800  06.122  0125.23  00.56  07.80  270.4  009.26  30.829  1024.824  1471.99 
2024 01 26 10 11 44.76  30.797  06.121  0125.47  00.55  07.80  270.6  009.26  30.826  1024.823  1471.99 
2024 01 26 10 11 45.01  30.800  06.122  0125.70  00.55  07.80  270.6  009.26  30.829  1024.826  1472.00 
2024 01 26 10 11 45.26  30.800  06.121  0125.93  00.50  07.80  270.6  009.26  30.829  1024.827  1472.00 
2024 01 26 10 11 45.51  30.799  06.122  0126.13  00.61  07.80  270.6  009.26  30.828  1024.827  1472.00 
2024 01 26 10 11 45.76  30.799  06.122  0126.37  00.58  07.80  270.6  009.26  30.827  1024.828  1472.01 
2024 01 26 10 11 46.01  30.800  06.121  0126.64  00.54  07.80  270.6  009.26  30.828  1024.830  1472.01 
2024 01 26 10 11 46.26  30.799  06.122  0126.86  00.48  07.80  270.6  009.26  30.827  1024.829  1472.01 
2024 01 26 10 11 46.51  30.799  06.121  0127.11  00.50  07.80  270.6  009.26  30.827  1024.831  1472.02 
2024 01 26 10 11 46.76  30.800  06.121  0127.35  00.52  07.80  270.6  009.26  30.828  1024.833  1472.02 
2024 01 26 10 11 47.01  30.794  06.115  0127.59  00.55  07.80  270.6  009.26  30.828  1024.835  1472.00 
2024 01 26 10 11 47.26  30.789  06.106  0127.83  00.54  07.80  270.6  009.26  30.830  1024.839  1471.97 
2024 01 26 10 11 47.51  30.791  06.108  0128.06  00.60  07.80  270.6  009.26  30.830  1024.840  1471.98 
2024 01 26 10 11 47.76  30.791  06.109  0128.30  00.55  07.80  270.8  009.26  30.829  1024.839  1471.99 
2024 01 26 10 11 48.01  30.793  06.109  0128.55  00.60  07.80  270.8  009.26  30.832  1024.843  1471.99 
2024 01 26 10 11 48.26  30.791  06.108  0128.78  00.55  07.80  270.8  009.26  30.830  1024.843  1471.99 
2024 01 26 10 11 48.51  30.790  06.104  0129.03  00.56  07.80  270.8  009.26  30.833  1024.846  1471.98 
2024 01 26 10 11 48.76  30.789  06.104  0129.24  00.56  07.80  270.8  009.26  30.831  1024.846  1471.99 
2024 01 26 10 11 49.01  30.788  06.102  0129.47  00.59  07.80  270.8  009.26  30.831  1024.848  1471.98 
2024 01 26 10 11 49.26  30.784  06.097  0129.70  00.52  07.80  270.8  009.26  30.832  1024.850  1471.96 
2024 01 26 10 11 49.51  30.784  06.098  0129.90  00.59  07.80  270.8  009.26  30.831  1024.850  1471.97 
2024 01 26 10 11 49.76  30.784  06.095  0130.14  00.61  07.80  270.8  009.26  30.833  1024.853  1471.97 
2024 01 26 10 11 50.01  30.782  06.095  0130.35  00.59  07.80  270.8  009.26  30.832  1024.853  1471.97 
2024 01 26 10 11 50.26  30.781  06.092  0130.60  00.56  07.80  270.8  009.26  30.833  1024.855  1471.96 
2024 01 26 10 11 50.51  30.782  06.094  0130.85  00.55  07.80  270.8  009.26  30.831  1024.855  1471.97 
2024 01 26 10 11 50.76  30.784  06.100  0131.09  00.63  07.81  271.4  009.26  30.829  1024.853  1472.00 
2024 01 26 10 11 51.01  30.784  06.095  0131.33  00.54  07.80  271.4  009.26  30.832  1024.858  1471.99 
2024 01 26 10 11 51.26  30.784  06.097  0131.55  00.53  07.81  271.4  009.26  30.831  1024.857  1471.99 
2024 01 26 10 11 51.51  30.785  06.097  0131.78  00.58  07.81  271.4  009.26  30.832  1024.859  1472.00 
2024 01 26 10 11 51.76  30.788  06.102  0132.06  00.54  07.81  271.4  009.26  30.831  1024.859  1472.02 
2024 01 26 10 11 52.01  30.788  06.103  0132.27  00.58  07.80  271.4  009.26  30.829  1024.859  1472.03 
2024 01 26 10 11 52.26  30.796  06.117  0132.53  00.60  07.80  271.4  009.26  30.826  1024.856  1472.08 
2024 01 26 10 11 52.51  30.797  06.115  0132.80  00.56  07.80  271.4  009.26  30.829  1024.860  1472.08 
2024 01 26 10 11 52.76  30.793  06.112  0133.04  00.56  07.80  271.4  009.26  30.827  1024.859  1472.07 
2024 01 26 10 11 53.01  30.788  06.100  0133.27  00.57  07.80  271.4  009.26  30.831  1024.866  1472.03 
2024 01 26 10 11 53.26  30.787  06.098  0133.50  00.58  07.80  271.4  009.26  30.832  1024.867  1472.03 
2024 01 26 10 11 53.51  30.786  06.099  0133.76  00.57  07.80  271.4  009.26  30.830  1024.867  1472.04 
2024 01 26 10 11 53.76  30.786  06.098  0134.02  00.51  07.80  272.7  009.29  30.831  1024.869  1472.04 
2024 01 26 10 11 54.01  30.787  06.098  0134.25  00.50  07.80  272.7  009.26  30.832  1024.871  1472.04 
2024 01 26 10 11 54.26  30.786  06.099  0134.50  00.50  07.80  272.7  009.26  30.830  1024.870  1472.05 
2024 01 26 10 11 54.51  30.788  06.101  0134.74  00.51  07.80  272.7  009.26  30.830  1024.871  1472.06 
2024 01 26 10 11 54.76  30.791  06.103  0134.99  00.53  07.80  272.7  009.26  30.831  1024.873  1472.07 
2024 01 26 10 11 55.01  30.802  06.120  0135.24  00.57  07.80  272.7  009.26  30.828  1024.869  1472.14 
2024 01 26 10 11 55.26  30.797  06.116  0135.48  00.55  07.80  272.7  009.26  30.827  1024.870  1472.13 
2024 01 26 10 11 55.51  30.799  06.117  0135.75  00.58  07.80  272.7  009.26  30.827  1024.871  1472.14 
2024 01 26 10 11 55.76  30.797  06.113  0135.98  00.55  07.80  272.7  009.26  30.829  1024.874  1472.13 
2024 01 26 10 11 56.01  30.796  06.109  0136.23  00.52  07.80  272.7  009.26  30.830  1024.877  1472.12 
2024 01 26 10 11 56.26  30.799  06.114  0136.48  00.49  07.80  272.7  009.26  30.830  1024.877  1472.14 
2024 01 26 10 11 56.51  30.800  06.116  0136.72  00.54  07.80  272.7  009.26  30.828  1024.877  1472.15 
2024 01 26 10 11 56.76  30.797  06.115  0136.97  00.60  07.80  272.5  009.26  30.827  1024.878  1472.15 
2024 01 26 10 11 57.01  30.792  06.103  0137.22  00.58  07.80  272.5  009.26  30.832  1024.884  1472.11 
2024 01 26 10 11 57.26  30.788  06.100  0137.45  00.53  07.80  272.5  009.26  30.830  1024.884  1472.10 
2024 01 26 10 11 57.51  30.799  06.115  0137.67  00.55  07.80  272.5  009.26  30.828  1024.881  1472.16 
2024 01 26 10 11 57.76  30.799  06.114  0137.91  00.55  07.80  272.5  009.26  30.829  1024.884  1472.16 
2024 01 26 10 11 58.01  30.797  06.114  0138.14  00.56  07.80  272.5  009.26  30.827  1024.883  1472.16 
2024 01 26 10 11 58.26  30.803  06.119  0138.36  00.54  07.80  272.5  009.26  30.828  1024.884  1472.19 
2024 01 26 10 11 58.51  30.804  06.120  0138.61  00.64  07.80  272.5  009.26  30.829  1024.886  1472.20 
2024 01 26 10 11 58.76  30.803  06.119  0138.84  00.59  07.80  272.5  009.26  30.828  1024.887  1472.20 
2024 01 26 10 11 59.01  30.802  06.120  0139.07  00.64  07.80  272.5  009.26  30.827  1024.886  1472.20 
2024 01 26 10 11 59.26  30.803  06.119  0139.32  00.59  07.80  272.5  009.26  30.829  1024.889  1472.20 
2024 01 26 10 11 59.51  30.803  06.118  0139.57  00.62  07.80  272.5  009.26  30.829  1024.891  1472.21 
2024 01 26 10 11 59.76  30.801  06.117  0139.78  00.61  07.80  272.0  009.26  30.828  1024.891  1472.20 
2024 01 26 10 12 00.01  30.801  06.116  0140.05  00.55  07.80  272.0  009.26  30.829  1024.893  1472.20 
2024 01 26 10 12 00.26  30.802  06.117  0140.26  00.55  07.80  272.0  009.26  30.829  1024.894  1472.21 
2024 01 26 10 12 00.51  30.803  06.117  0140.50  00.59  07.80  272.0  009.26  30.829  1024.895  1472.22 
2024 01 26 10 12 00.76  30.802  06.118  0140.75  00.56  07.80  272.0  009.26  30.828  1024.895  1472.22 
2024 01 26 10 12 01.01  30.804  06.121  0140.98  00.53  07.80  272.0  009.26  30.828  1024.896  1472.24 
2024 01 26 10 12 01.26  30.804  06.119  0141.21  00.54  07.80  272.0  009.26  30.828  1024.897  1472.24 
2024 01 26 10 12 01.51  30.804  06.119  0141.47  00.57  07.80  272.0  009.26  30.829  1024.899  1472.24 
2024 01 26 10 12 01.76  30.803  06.120  0141.70  00.54  07.80  272.0  009.26  30.826  1024.898  1472.24 
2024 01 26 10 12 02.01  30.803  06.116  0141.96  00.54  07.80  272.0  009.26  30.830  1024.903  1472.24 
2024 01 26 10 12 02.26  30.804  06.118  0142.17  00.52  07.80  272.0  009.26  30.828  1024.902  1472.25 
2024 01 26 10 12 02.51  30.805  06.120  0142.43  00.52  07.80  272.0  009.26  30.829  1024.903  1472.26 
2024 01 26 10 12 02.76  30.804  06.119  0142.69  00.56  07.80  271.5  009.26  30.828  1024.904  1472.26 
2024 01 26 10 12 03.01  30.804  06.117  0142.92  00.55  07.80  271.5  009.26  30.829  1024.906  1472.26 
2024 01 26 10 12 03.26  30.803  06.117  0143.18  00.57  07.80  271.5  009.26  30.829  1024.907  1472.26 
2024 01 26 10 12 03.51  30.804  06.116  0143.42  00.57  07.80  271.5  009.26  30.830  1024.909  1472.26 
2024 01 26 10 12 03.76  30.803  06.116  0143.67  00.57  07.80  271.5  009.26  30.829  1024.910  1472.26 
2024 01 26 10 12 04.01  30.803  06.115  0143.93  00.59  07.80  271.5  009.26  30.830  1024.911  1472.26 
2024 01 26 10 12 04.26  30.799  06.109  0144.15  00.57  07.80  271.5  009.26  30.830  1024.914  1472.25 
2024 01 26 10 12 04.51  30.798  06.109  0144.37  00.57  07.80  271.5  009.26  30.830  1024.914  1472.25 
2024 01 26 10 12 04.76  30.798  06.110  0144.59  00.56  07.80  271.5  009.26  30.828  1024.914  1472.25 
2024 01 26 10 12 05.01  30.799  06.110  0144.84  00.58  07.80  271.5  009.26  30.830  1024.917  1472.26 
2024 01 26 10 12 05.26  30.798  06.110  0145.09  00.56  07.80  271.5  009.26  30.829  1024.917  1472.26 
2024 01 26 10 12 05.51  30.799  06.110  0145.33  00.58  07.80  271.5  009.26  30.829  1024.918  1472.27 
2024 01 26 10 12 05.76  30.797  06.109  0145.57  00.57  07.80  271.2  009.26  30.828  1024.919  1472.27 
2024 01 26 10 12 06.01  30.800  06.109  0145.83  00.57  07.80  271.2  009.26  30.830  1024.922  1472.27 
2024 01 26 10 12 06.26  30.800  06.111  0146.06  00.52  07.80  271.2  009.26  30.829  1024.922  1472.28 
2024 01 26 10 12 06.51  30.801  06.112  0146.30  00.55  07.80  271.2  009.26  30.829  1024.923  1472.29 
2024 01 26 10 12 06.76  30.800  06.111  0146.52  00.54  07.80  271.2  009.26  30.829  1024.924  1472.29 
2024 01 26 10 12 07.01  30.800  06.112  0146.78  00.51  07.80  271.2  009.26  30.829  1024.925  1472.30 
2024 01 26 10 12 07.26  30.798  06.109  0147.02  00.54  07.80  271.2  009.26  30.829  1024.926  1472.29 
2024 01 26 10 12 07.51  30.800  06.113  0147.24  00.55  07.80  271.2  009.26  30.828  1024.926  1472.31 
2024 01 26 10 12 07.76  30.799  06.109  0147.48  00.59  07.80  271.2  009.26  30.829  1024.928  1472.30 
2024 01 26 10 12 08.01  30.801  06.113  0147.63  00.54  07.80  271.2  009.26  30.828  1024.928  1472.31 
2024 01 26 10 12 08.26  30.801  06.111  0147.72  00.50  07.80  271.2  009.26  30.830  1024.930  1472.31 
2024 01 26 10 12 08.51  30.802  06.112  0147.73  00.50  07.80  271.2  009.26  30.830  1024.930  1472.31 
2024 01 26 10 12 08.76  30.801  06.113  0147.73  00.49  07.80  271.6  009.26  30.828  1024.928  1472.32 
2024 01 26 10 12 09.01  30.802  06.112  0147.70  00.55  07.80  271.6  009.26  30.830  1024.930  1472.31 
2024 01 26 10 12 09.26  30.802  06.112  0147.70  00.56  07.80  271.6  009.26  30.830  1024.929  1472.31 
2024 01 26 10 12 09.51  30.802  06.112  0147.68  00.62  07.80  271.6  009.26  30.830  1024.930  1472.31 
2024 01 26 10 12 09.76  30.801  06.111  0147.69  00.59  07.80  271.6  009.26  30.829  1024.929  1472.31 
2024 01 26 10 12 10.01  30.801  06.111  0147.69  00.68  07.80  271.6  009.26  30.830  1024.930  1472.31 
2024 01 26 10 12 10.26  30.801  06.112  0147.74  00.65  07.80  271.6  009.26  30.829  1024.929  1472.31 
2024 01 26 10 12 10.51  30.800  06.110  0147.76  00.61  07.80  271.6  009.26  30.829  1024.929  1472.31 
2024 01 26 10 12 10.76  30.800  06.109  0147.80  00.59  07.80  271.6  009.26  30.831  1024.931  1472.30 
2024 01 26 10 12 11.01  30.800  06.111  0147.81  00.57  07.80  271.6  009.26  30.829  1024.930  1472.31 
2024 01 26 10 12 11.26  30.802  06.110  0147.81  00.54  07.80  271.6  009.26  30.831  1024.931  1472.31 
2024 01 26 10 12 11.51  30.801  06.111  0147.80  00.52  07.80  271.6  009.26  30.830  1024.930  1472.31 
2024 01 26 10 12 11.76  30.802  06.113  0147.76  00.53  07.80  271.8  009.26  30.829  1024.929  1472.32 
2024 01 26 10 12 12.01  30.804  06.114  0147.68  00.53  07.80  271.8  009.26  30.830  1024.930  1472.32 
2024 01 26 10 12 12.26  30.804  06.113  0147.54  00.57  07.80  271.8  009.26  30.832  1024.930  1472.32 
2024 01 26 10 12 12.51  30.803  06.114  0147.48  00.57  07.80  271.8  009.26  30.829  1024.927  1472.32 
2024 01 26 10 12 12.76  30.803  06.114  0147.44  00.57  07.80  271.8  009.26  30.829  1024.927  1472.32 
2024 01 26 10 12 13.01  30.802  06.114  0147.38  00.52  07.80  271.8  009.26  30.828  1024.926  1472.31 
2024 01 26 10 12 13.26  30.802  06.114  0147.32  00.54  07.80  271.8  009.26  30.829  1024.927  1472.31 
2024 01 26 10 12 13.51  30.803  06.114  0147.29  00.55  07.80  271.8  009.26  30.829  1024.927  1472.31 
2024 01 26 10 12 13.76  30.803  06.113  0147.29  00.55  07.80  271.8  009.26  30.830  1024.927  1472.31 
2024 01 26 10 12 14.01  30.804  06.113  0147.34  00.56  07.80  271.8  009.26  30.831  1024.929  1472.31 
2024 01 26 10 12 14.26  30.802  06.111  0147.38  00.56  07.80  271.8  009.26  30.831  1024.929  1472.31 
2024 01 26 10 12 14.51  30.803  06.110  0147.42  00.55  07.80  271.8  009.26  30.832  1024.930  1472.31 
2024 01 26 10 12 14.76  30.802  06.111  0147.47  00.59  07.80  271.7  009.26  30.831  1024.929  1472.31 
2024 01 26 10 12 15.01  30.803  06.113  0147.46  00.54  07.80  271.7  009.26  30.830  1024.928  1472.31 
2024 01 26 10 12 15.26  30.803  06.113  0147.47  00.55  07.80  271.7  009.26  30.830  1024.929  1472.31 
2024 01 26 10 12 15.51  30.803  06.112  0147.52  00.60  07.80  271.7  009.26  30.830  1024.929  1472.31 
2024 01 26 10 12 15.76  30.803  06.113  0147.56  00.61  07.80  271.7  009.26  30.829  1024.928  1472.32 
2024 01 26 10 12 16.01  30.802  06.113  0147.58  00.57  07.80  271.7  009.26  30.829  1024.928  1472.32 
2024 01 26 10 12 16.26  30.804  06.114  0147.59  00.51  07.80  271.7  009.26  30.830  1024.929  1472.32 
2024 01 26 10 12 16.51  30.804  06.116  0147.58  00.50  07.80  271.7  009.26  30.828  1024.927  1472.33 
2024 01 26 10 12 16.76  30.804  06.114  0147.58  00.54  07.80  271.7  009.26  30.830  1024.928  1472.32 
2024 01 26 10 12 17.01  30.804  06.114  0147.56  00.62  07.80  271.7  009.26  30.829  1024.928  1472.32 
2024 01 26 10 12 17.26  30.804  06.115  0147.60  00.57  07.80  271.7  009.26  30.829  1024.928  1472.32 
2024 01 26 10 12 17.51  30.803  06.113  0147.60  00.58  07.80  271.7  009.26  30.829  1024.929  1472.32 
2024 01 26 10 12 17.76  30.803  06.113  0147.65  00.60  07.80  271.8  009.26  30.830  1024.929  1472.32 
2024 01 26 10 12 18.01  30.803  06.114  0147.65  00.63  07.80  271.8  009.26  30.829  1024.928  1472.32 
2024 01 26 10 12 18.26  30.802  06.112  0147.62  00.61  07.80  271.8  009.26  30.830  1024.929  1472.31 
2024 01 26 10 12 18.51  30.804  06.114  0147.61  00.63  07.80  271.8  009.26  30.830  1024.929  1472.32 
2024 01 26 10 12 18.76  30.804  06.114  0147.61  00.57  07.80  271.8  009.26  30.829  1024.928  1472.32 
2024 01 26 10 12 19.01  30.804  06.113  0147.63  00.58  07.80  271.8  009.26  30.831  1024.930  1472.32 
2024 01 26 10 12 19.26  30.804  06.113  0147.64  00.59  07.80  271.8  009.26  30.830  1024.930  1472.32 
2024 01 26 10 12 19.51  30.804  06.112  0147.67  00.57  07.80  271.8  009.26  30.831  1024.931  1472.32 
2024 01 26 10 12 19.76  30.804  06.114  0147.64  00.57  07.80  271.8  009.26  30.830  1024.929  1472.32 
2024 01 26 10 12 20.01  30.804  06.112  0147.65  00.55  07.80  271.8  009.26  30.833  1024.932  1472.32 
2024 01 26 10 12 20.26  30.803  06.112  0147.66  00.50  07.80  271.8  009.26  30.831  1024.930  1472.31 
2024 01 26 10 12 20.51  30.803  06.111  0147.65  00.57  07.80  271.8  009.26  30.832  1024.931  1472.31 
2024 01 26 10 12 20.76  30.802  06.113  0147.66  00.52  07.80  271.7  009.26  30.829  1024.928  1472.32 
2024 01 26 10 12 21.01  30.804  06.112  0147.67  00.56  07.80  271.7  009.26  30.831  1024.931  1472.32 
2024 01 26 10 12 21.26  30.803  06.112  0147.67  00.58  07.80  271.7  009.26  30.830  1024.930  1472.32 
2024 01 26 10 12 21.51  30.804  06.113  0147.67  00.58  07.80  271.7  009.26  30.831  1024.930  1472.32 
2024 01 26 10 12 21.76  30.801  06.111  0147.65  00.57  07.80  271.7  009.26  30.830  1024.930  1472.31 
2024 01 26 10 12 22.01  30.800  06.111  0147.66  00.58  07.80  271.7  009.26  30.829  1024.929  1472.31 
2024 01 26 10 12 22.26  30.802  06.111  0147.67  00.56  07.80  271.7  009.26  30.831  1024.930  1472.31 
2024 01 26 10 12 22.51  30.801  06.112  0147.69  00.56  07.80  271.7  009.26  30.829  1024.929  1472.31 
2024 01 26 10 12 22.76  30.800  06.111  0147.74  00.56  07.80  271.7  009.26  30.829  1024.929  1472.31 
2024 01 26 10 12 23.01  30.802  06.109  0147.75  00.55  07.80  271.7  009.26  30.832  1024.932  1472.31 
2024 01 26 10 12 23.26  30.804  06.112  0147.75  00.51  07.80  271.7  009.26  30.833  1024.932  1472.32 
2024 01 26 10 12 23.51  30.800  06.110  0147.75  00.59  07.80  271.7  009.26  30.830  1024.930  1472.31 
2024 01 26 10 12 23.76  30.801  06.108  0147.71  00.75  07.80  271.7  009.26  30.832  1024.932  1472.30 
2024 01 26 10 12 24.01  30.803  06.112  0147.64  00.63  07.80  271.7  009.26  30.831  1024.930  1472.31 
2024 01 26 10 12 24.26  30.802  06.112  0147.56  00.57  07.80  271.7  009.26  30.829  1024.929  1472.31 
2024 01 26 10 12 24.51  30.803  06.112  0147.46  00.55  07.80  271.7  009.26  30.830  1024.929  1472.31 
2024 01 26 10 12 24.76  30.803  06.113  0147.36  00.48  07.80  271.7  009.26  30.830  1024.928  1472.31 
2024 01 26 10 12 25.01  30.804  06.114  0147.29  00.49  07.80  271.7  009.26  30.830  1024.928  1472.31 
2024 01 26 10 12 25.26  30.804  06.115  0147.24  00.49  07.80  271.7  009.26  30.830  1024.927  1472.32 
2024 01 26 10 12 25.51  30.805  06.113  0147.22  00.53  07.80  271.7  009.26  30.832  1024.929  1472.31 
2024 01 26 10 12 25.76  30.804  06.112  0147.23  00.55  07.80  271.7  009.26  30.832  1024.929  1472.31 
2024 01 26 10 12 26.01  30.802  06.111  0147.24  00.57  07.80  271.7  009.26  30.831  1024.929  1472.30 
2024 01 26 10 12 26.26  30.802  06.111  0147.23  00.50  07.80  271.7  009.26  30.831  1024.928  1472.30 
2024 01 26 10 12 26.51  30.802  06.109  0147.22  00.47  07.80  271.7  009.26  30.833  1024.930  1472.30 
2024 01 26 10 12 26.76  30.802  06.110  0147.24  00.56  07.80  271.7  009.26  30.832  1024.929  1472.30 
2024 01 26 10 12 27.01  30.802  06.112  0147.24  00.59  07.80  271.7  009.26  30.830  1024.928  1472.31 
2024 01 26 10 12 27.26  30.802  06.110  0147.24  00.49  07.80  271.7  009.26  30.832  1024.929  1472.30 
2024 01 26 10 12 27.51  30.802  06.111  0147.26  00.52  07.80  271.7  009.26  30.831  1024.929  1472.30 
2024 01 26 10 12 27.76  30.802  06.110  0147.29  00.52  07.80  271.7  009.26  30.832  1024.929  1472.30 
2024 01 26 10 12 28.01  30.804  06.111  0147.33  00.57  07.80  271.7  009.26  30.833  1024.930  1472.31 
2024 01 26 10 12 28.26  30.804  06.110  0147.37  00.57  07.80  271.7  009.26  30.833  1024.931  1472.31 
2024 01 26 10 12 28.51  30.803  06.112  0147.36  00.52  07.80  271.7  009.26  30.830  1024.928  1472.31 
2024 01 26 10 12 28.76  30.803  06.112  0147.26  00.54  07.80  271.7  009.26  30.831  1024.928  1472.31 
2024 01 26 10 12 29.01  30.803  06.114  0147.16  00.51  07.80  271.7  009.26  30.829  1024.927  1472.31 
2024 01 26 10 12 29.26  30.804  06.113  0147.06  00.55  07.80  271.7  009.26  30.831  1024.927  1472.31 
2024 01 26 10 12 29.51  30.803  06.114  0147.00  00.50  07.80  271.7  009.26  30.829  1024.926  1472.31 
2024 01 26 10 12 29.76  30.803  06.112  0146.96  00.51  07.80  271.8  009.26  30.831  1024.927  1472.30 
2024 01 26 10 12 30.01  30.804  06.111  0146.93  00.54  07.80  271.8  009.26  30.832  1024.928  1472.30 
2024 01 26 10 12 30.26  30.802  06.111  0146.91  00.49  07.80  271.8  009.26  30.831  1024.927  1472.30 
2024 01 26 10 12 30.51  30.802  06.113  0146.81  00.50  07.80  271.8  009.26  30.829  1024.925  1472.30 
2024 01 26 10 12 30.76  30.804  06.113  0146.71  00.51  07.80  271.8  009.26  30.831  1024.926  1472.30 
2024 01 26 10 12 31.01  30.805  06.115  0146.62  00.52  07.80  271.8  009.26  30.831  1024.925  1472.31 
2024 01 26 10 12 31.26  30.805  06.115  0146.55  00.57  07.80  271.8  009.26  30.831  1024.925  1472.31 
2024 01 26 10 12 31.51  30.804  06.113  0146.53  00.55  07.80  271.8  009.26  30.832  1024.926  1472.30 
2024 01 26 10 12 31.76  30.804  06.113  0146.56  00.59  07.80  271.8  009.26  30.831  1024.925  1472.30 
2024 01 26 10 12 32.01  30.802  06.114  0146.62  00.51  07.80  271.8  009.26  30.829  1024.923  1472.30 
2024 01 26 10 12 32.26  30.804  06.113  0146.64  00.54  07.80  271.8  009.26  30.831  1024.925  1472.30 
2024 01 26 10 12 32.51  30.804  06.113  0146.60  00.50  07.80  271.8  009.26  30.831  1024.926  1472.30 
2024 01 26 10 12 32.76  30.804  06.114  0146.57  00.55  07.80  271.8  009.26  30.831  1024.925  1472.30 
2024 01 26 10 12 33.01  30.805  06.114  0146.52  00.51  07.80  271.8  009.26  30.832  1024.926  1472.31 
2024 01 26 10 12 33.26  30.804  06.114  0146.48  00.50  07.80  271.8  009.26  30.831  1024.924  1472.30 
2024 01 26 10 12 33.51  30.804  06.114  0146.37  00.55  07.80  271.8  009.26  30.831  1024.924  1472.30 
2024 01 26 10 12 33.76  30.806  06.114  0146.22  00.54  07.80  271.8  009.26  30.833  1024.925  1472.30 
2024 01 26 10 12 34.01  30.806  06.115  0146.10  00.53  07.80  271.8  009.26  30.832  1024.924  1472.30 
2024 01 26 10 12 34.26  30.806  06.116  0146.04  00.53  07.80  271.8  009.26  30.832  1024.923  1472.30 
2024 01 26 10 12 34.51  30.807  06.115  0145.98  00.57  07.80  271.8  009.26  30.833  1024.923  1472.30 
2024 01 26 10 12 34.76  30.806  06.114  0145.91  00.58  07.80  271.8  009.26  30.833  1024.924  1472.30 
2024 01 26 10 12 35.01  30.807  06.115  0145.87  00.62  07.80  271.8  009.26  30.834  1024.924  1472.30 
2024 01 26 10 12 35.26  30.807  06.116  0145.81  00.58  07.80  271.8  009.26  30.833  1024.923  1472.30 
2024 01 26 10 12 35.51  30.804  06.116  0145.72  00.50  07.80  271.8  009.26  30.830  1024.920  1472.30 
2024 01 26 10 12 35.76  30.804  06.115  0145.59  00.50  07.80  271.8  009.26  30.831  1024.920  1472.29 
2024 01 26 10 12 36.01  30.805  06.113  0145.51  00.56  07.80  271.8  009.26  30.833  1024.922  1472.29 
2024 01 26 10 12 36.26  30.804  06.115  0145.49  00.54  07.80  271.8  009.26  30.831  1024.920  1472.29 
2024 01 26 10 12 36.51  30.804  06.114  0145.48  00.51  07.80  271.8  009.26  30.831  1024.920  1472.29 
2024 01 26 10 12 36.76  30.804  06.114  0145.48  00.58  07.80  271.8  009.26  30.831  1024.920  1472.29 
2024 01 26 10 12 37.01  30.804  06.113  0145.50  00.55  07.80  271.8  009.26  30.831  1024.920  1472.29 
2024 01 26 10 12 37.26  30.804  06.114  0145.48  00.48  07.80  271.8  009.26  30.832  1024.921  1472.29 
2024 01 26 10 12 37.51  30.804  06.115  0145.38  00.55  07.80  271.8  009.26  30.831  1024.919  1472.29 
2024 01 26 10 12 37.76  30.803  06.115  0145.23  00.55  07.80  271.8  009.26  30.829  1024.917  1472.29 
2024 01 26 10 12 38.01  30.803  06.114  0145.02  00.56  07.80  271.8  009.26  30.831  1024.917  1472.28 
2024 01 26 10 12 38.26  30.803  06.111  0144.79  00.57  07.80  271.8  009.26  30.833  1024.918  1472.27 
2024 01 26 10 12 38.51  30.802  06.113  0144.53  00.61  07.80  271.8  009.26  30.830  1024.915  1472.27 
2024 01 26 10 12 38.76  30.804  06.112  0144.25  00.58  07.80  271.6  009.26  30.833  1024.916  1472.26 
2024 01 26 10 12 39.01  30.802  06.112  0144.00  00.58  07.80  271.6  009.26  30.832  1024.914  1472.25 
2024 01 26 10 12 39.26  30.804  06.112  0143.73  00.56  07.80  271.6  009.26  30.833  1024.914  1472.25 
2024 01 26 10 12 39.51  30.801  06.111  0143.47  00.56  07.80  271.6  009.26  30.831  1024.911  1472.24 
2024 01 26 10 12 39.76  30.803  06.112  0143.20  00.55  07.80  271.6  009.26  30.833  1024.911  1472.25 
2024 01 26 10 12 40.01  30.803  06.113  0142.94  00.57  07.80  271.6  009.26  30.832  1024.909  1472.24 
2024 01 26 10 12 40.26  30.802  06.113  0142.67  00.54  07.80  271.6  009.26  30.831  1024.907  1472.24 
2024 01 26 10 12 40.51  30.803  06.113  0142.39  00.55  07.80  271.6  009.26  30.832  1024.907  1472.23 
2024 01 26 10 12 40.76  30.801  06.114  0142.16  00.59  07.80  271.6  009.26  30.830  1024.904  1472.23 
2024 01 26 10 12 41.01  30.802  06.114  0141.90  00.52  07.80  271.6  009.26  30.831  1024.903  1472.23 
2024 01 26 10 12 41.26  30.804  06.114  0141.65  00.54  07.80  271.6  009.26  30.833  1024.904  1472.23 
2024 01 26 10 12 41.51  30.801  06.111  0141.43  00.59  07.80  271.6  009.26  30.832  1024.903  1472.21 
2024 01 26 10 12 41.76  30.800  06.112  0141.21  00.48  07.80  271.7  009.26  30.830  1024.900  1472.21 
2024 01 26 10 12 42.01  30.799  06.110  0140.94  00.50  07.80  271.7  009.26  30.831  1024.900  1472.20 
2024 01 26 10 12 42.26  30.800  06.109  0140.71  00.55  07.80  271.7  009.26  30.833  1024.900  1472.19 
2024 01 26 10 12 42.51  30.798  06.108  0140.46  00.55  07.80  271.7  009.26  30.832  1024.898  1472.18 
2024 01 26 10 12 42.76  30.796  06.106  0140.24  00.51  07.80  271.7  009.26  30.832  1024.898  1472.17 
2024 01 26 10 12 43.01  30.796  06.105  0140.00  00.52  07.80  271.7  009.26  30.833  1024.897  1472.16 
2024 01 26 10 12 43.26  30.797  06.104  0139.79  00.51  07.80  271.7  009.26  30.835  1024.898  1472.16 
2024 01 26 10 12 43.51  30.796  06.105  0139.54  00.58  07.80  271.7  009.26  30.833  1024.895  1472.16 
2024 01 26 10 12 43.76  30.797  06.105  0139.31  00.53  07.80  271.7  009.26  30.835  1024.896  1472.16 
2024 01 26 10 12 44.01  30.796  06.106  0139.11  00.50  07.80  271.7  009.26  30.833  1024.894  1472.15 
2024 01 26 10 12 44.26  30.796  06.106  0138.88  00.56  07.80  271.7  009.26  30.832  1024.891  1472.15 
2024 01 26 10 12 44.51  30.799  06.110  0138.64  00.58  07.80  271.7  009.26  30.832  1024.890  1472.16 
2024 01 26 10 12 44.76  30.798  06.109  0138.42  00.56  07.80  271.8  009.26  30.833  1024.889  1472.15 
2024 01 26 10 12 45.01  30.801  06.112  0138.20  00.50  07.80  271.8  009.26  30.833  1024.888  1472.17 
2024 01 26 10 12 45.26  30.800  06.111  0137.98  00.55  07.80  271.8  009.26  30.832  1024.887  1472.16 
2024 01 26 10 12 45.51  30.800  06.113  0137.77  00.57  07.80  271.8  009.26  30.831  1024.885  1472.16 
2024 01 26 10 12 45.76  30.800  06.113  0137.52  00.52  07.80  271.8  009.26  30.832  1024.884  1472.16 
2024 01 26 10 12 46.01  30.802  06.115  0137.32  00.53  07.80  271.8  009.26  30.832  1024.883  1472.16 
2024 01 26 10 12 46.26  30.800  06.114  0137.11  00.52  07.80  271.8  009.26  30.831  1024.881  1472.15 
2024 01 26 10 12 46.51  30.801  06.112  0136.89  00.58  07.80  271.8  009.26  30.834  1024.883  1472.14 
2024 01 26 10 12 46.76  30.799  06.110  0136.70  00.62  07.80  271.8  009.26  30.833  1024.882  1472.13 
2024 01 26 10 12 47.01  30.800  06.113  0136.50  00.56  07.80  271.8  009.26  30.833  1024.880  1472.14 
2024 01 26 10 12 47.26  30.800  06.112  0136.37  00.55  07.80  271.8  009.26  30.833  1024.880  1472.14 
2024 01 26 10 12 47.51  30.800  06.113  0136.22  00.52  07.80  271.8  009.26  30.833  1024.879  1472.13 
2024 01 26 10 12 47.76  30.800  06.113  0136.07  00.54  07.80  271.8  009.26  30.832  1024.878  1472.13 
2024 01 26 10 12 48.01  30.799  06.112  0135.92  00.54  07.80  271.8  009.26  30.832  1024.876  1472.13 
2024 01 26 10 12 48.26  30.802  06.113  0135.81  00.50  07.80  271.8  009.26  30.835  1024.878  1472.13 
2024 01 26 10 12 48.51  30.800  06.113  0135.65  00.51  07.80  271.8  009.26  30.832  1024.875  1472.12 
2024 01 26 10 12 48.76  30.800  06.113  0135.54  00.53  07.80  271.8  009.26  30.833  1024.876  1472.12 
2024 01 26 10 12 49.01  30.802  06.112  0135.44  00.53  07.80  271.8  009.26  30.836  1024.877  1472.12 
2024 01 26 10 12 49.26  30.800  06.112  0135.36  00.53  07.80  271.8  009.26  30.833  1024.875  1472.12 
2024 01 26 10 12 49.51  30.800  06.113  0135.28  00.56  07.80  271.8  009.26  30.833  1024.875  1472.12 
2024 01 26 10 12 49.76  30.800  06.113  0135.19  00.61  07.80  271.8  009.26  30.833  1024.874  1472.12 
2024 01 26 10 12 50.01  30.800  06.112  0135.08  00.53  07.80  271.8  009.26  30.834  1024.875  1472.11 
2024 01 26 10 12 50.26  30.801  06.114  0134.95  00.55  07.80  271.8  009.26  30.833  1024.873  1472.12 
2024 01 26 10 12 50.51  30.801  06.115  0134.83  00.52  07.80  271.8  009.26  30.832  1024.872  1472.12 
2024 01 26 10 12 50.76  30.803  06.115  0134.75  00.56  07.80  271.8  009.26  30.834  1024.872  1472.12 
2024 01 26 10 12 51.01  30.801  06.115  0134.76  00.51  07.80  271.8  009.26  30.832  1024.871  1472.12 
2024 01 26 10 12 51.26  30.800  06.114  0134.76  00.51  07.80  271.8  009.26  30.833  1024.872  1472.11 
2024 01 26 10 12 51.51  30.799  06.113  0134.79  00.57  07.80  271.8  009.26  30.832  1024.871  1472.11 
2024 01 26 10 12 51.76  30.800  06.114  0134.83  00.56  07.80  271.8  009.26  30.832  1024.871  1472.12 
2024 01 26 10 12 52.01  30.799  06.113  0134.89  00.55  07.80  271.8  009.26  30.832  1024.872  1472.11 
2024 01 26 10 12 52.26  30.800  06.112  0134.92  00.49  07.80  271.8  009.26  30.833  1024.873  1472.11 
2024 01 26 10 12 52.51  30.802  06.115  0134.97  00.51  07.80  271.8  009.26  30.833  1024.873  1472.12 
2024 01 26 10 12 52.76  30.800  06.113  0135.01  00.53  07.80  271.8  009.26  30.833  1024.873  1472.12 
2024 01 26 10 12 53.01  30.802  06.115  0134.99  00.52  07.80  271.8  009.26  30.833  1024.873  1472.12 
2024 01 26 10 12 53.26  30.802  06.116  0134.93  00.55  07.80  271.8  009.26  30.832  1024.872  1472.12 
2024 01 26 10 12 53.51  30.800  06.114  0134.87  00.55  07.80  271.8  009.26  30.832  1024.871  1472.12 
2024 01 26 10 12 53.76  30.804  06.115  0134.83  00.53  07.80  271.5  009.26  30.835  1024.873  1472.12 
2024 01 26 10 12 54.01  30.801  06.115  0134.85  00.52  07.80  271.5  009.26  30.832  1024.872  1472.12 
2024 01 26 10 12 54.26  30.801  06.114  0134.90  00.59  07.80  271.5  009.29  30.833  1024.872  1472.12 
2024 01 26 10 12 54.51  30.800  06.112  0134.92  00.53  07.80  271.5  009.26  30.834  1024.873  1472.11 
2024 01 26 10 12 54.76  30.801  06.114  0134.90  00.53  07.80  271.5  009.26  30.833  1024.873  1472.12 
2024 01 26 10 12 55.01  30.800  06.115  0134.81  00.57  07.80  271.5  009.26  30.831  1024.870  1472.12 
2024 01 26 10 12 55.26  30.801  06.116  0134.71  00.53  07.80  271.5  009.26  30.832  1024.870  1472.12 
2024 01 26 10 12 55.51  30.803  06.117  0134.57  00.50  07.80  271.5  009.26  30.833  1024.870  1472.12 
2024 01 26 10 12 55.76  30.805  06.117  0134.43  00.52  07.80  271.5  009.26  30.835  1024.871  1472.13 
2024 01 26 10 12 56.01  30.803  06.119  0134.22  00.50  07.80  271.5  009.26  30.830  1024.867  1472.13 
2024 01 26 10 12 56.26  30.803  06.118  0134.03  00.48  07.80  271.5  009.26  30.831  1024.867  1472.12 
2024 01 26 10 12 56.51  30.803  06.116  0133.85  00.49  07.80  271.5  009.26  30.833  1024.868  1472.11 
2024 01 26 10 12 56.76  30.804  06.116  0133.60  00.55  07.80  271.6  009.26  30.834  1024.867  1472.11 
2024 01 26 10 12 57.01  30.804  06.118  0133.43  00.57  07.80  271.6  009.26  30.833  1024.865  1472.11 
2024 01 26 10 12 57.26  30.803  06.119  0133.19  00.56  07.80  271.6  009.26  30.831  1024.863  1472.11 
2024 01 26 10 12 57.51  30.802  06.118  0132.97  00.56  07.80  271.6  009.26  30.831  1024.862  1472.10 
2024 01 26 10 12 57.76  30.803  06.116  0132.75  00.56  07.80  271.6  009.26  30.834  1024.863  1472.09 
2024 01 26 10 12 58.01  30.804  06.117  0132.54  00.55  07.80  271.6  009.26  30.834  1024.862  1472.09 
2024 01 26 10 12 58.26  30.800  06.115  0132.31  00.52  07.80  271.6  009.26  30.833  1024.860  1472.08 
2024 01 26 10 12 58.51  30.800  06.115  0132.08  00.57  07.80  271.6  009.26  30.833  1024.859  1472.08 
2024 01 26 10 12 58.76  30.797  06.109  0131.86  00.61  07.80  271.6  009.26  30.835  1024.860  1472.05 
2024 01 26 10 12 59.01  30.797  06.109  0131.67  00.57  07.80  271.6  009.26  30.835  1024.860  1472.05 
2024 01 26 10 12 59.26  30.793  06.105  0131.46  00.55  07.80  271.6  009.26  30.834  1024.858  1472.03 
2024 01 26 10 12 59.51  30.793  06.102  0131.26  00.53  07.80  271.6  009.26  30.837  1024.860  1472.02 
2024 01 26 10 12 59.76  30.792  06.100  0131.04  00.52  07.80  271.4  009.26  30.837  1024.860  1472.01 
2024 01 26 10 13 00.01  30.792  06.102  0130.82  00.50  07.80  271.4  009.26  30.836  1024.857  1472.01 
2024 01 26 10 13 00.26  30.793  06.102  0130.60  00.54  07.80  271.4  009.26  30.837  1024.857  1472.01 
2024 01 26 10 13 00.51  30.795  06.104  0130.36  00.54  07.80  271.4  009.26  30.837  1024.856  1472.01 
2024 01 26 10 13 00.76  30.794  06.104  0130.11  00.52  07.80  271.4  009.26  30.836  1024.854  1472.01 
2024 01 26 10 13 01.01  30.792  06.104  0129.91  00.53  07.80  271.4  009.26  30.835  1024.853  1472.00 
2024 01 26 10 13 01.26  30.792  06.103  0129.70  00.59  07.80  271.4  009.26  30.835  1024.852  1472.00 
2024 01 26 10 13 01.51  30.794  06.104  0129.52  00.57  07.80  271.4  009.26  30.836  1024.851  1472.00 
2024 01 26 10 13 01.76  30.795  06.104  0129.29  00.58  07.80  271.4  009.26  30.838  1024.852  1471.99 
2024 01 26 10 13 02.01  30.795  06.107  0129.06  00.52  07.80  271.4  009.26  30.835  1024.848  1472.00 
2024 01 26 10 13 02.26  30.793  06.107  0128.84  00.55  07.80  271.4  009.26  30.833  1024.845  1471.99 
2024 01 26 10 13 02.51  30.797  06.109  0128.60  00.58  07.80  271.4  009.26  30.836  1024.847  1472.00 
2024 01 26 10 13 02.76  30.799  06.112  0128.37  00.55  07.80  271.7  009.26  30.835  1024.844  1472.01 
2024 01 26 10 13 03.01  30.798  06.114  0128.14  00.53  07.80  271.7  009.26  30.833  1024.841  1472.01 
2024 01 26 10 13 03.26  30.801  06.116  0127.89  00.53  07.80  271.7  009.26  30.835  1024.841  1472.01 
2024 01 26 10 13 03.51  30.802  06.115  0127.69  00.52  07.80  271.7  009.26  30.836  1024.841  1472.01 
2024 01 26 10 13 03.76  30.800  06.116  0127.44  00.52  07.80  271.7  009.26  30.833  1024.838  1472.01 
2024 01 26 10 13 04.01  30.802  06.117  0127.23  00.52  07.80  271.7  009.26  30.834  1024.838  1472.01 
2024 01 26 10 13 04.26  30.803  06.118  0127.00  00.58  07.80  271.7  009.26  30.835  1024.837  1472.01 
2024 01 26 10 13 04.51  30.801  06.117  0126.76  00.55  07.80  271.7  009.26  30.834  1024.835  1472.00 
2024 01 26 10 13 04.76  30.803  06.119  0126.55  00.57  07.80  271.7  009.26  30.834  1024.834  1472.01 
2024 01 26 10 13 05.01  30.802  06.119  0126.33  00.57  07.80  271.7  009.26  30.833  1024.833  1472.00 
2024 01 26 10 13 05.26  30.804  06.120  0126.13  00.55  07.80  271.7  009.26  30.835  1024.833  1472.00 
2024 01 26 10 13 05.51  30.802  06.119  0125.93  00.60  07.80  271.7  009.26  30.834  1024.831  1471.99 
2024 01 26 10 13 05.76  30.800  06.119  0125.76  00.59  07.80  271.8  009.26  30.832  1024.829  1471.99 
2024 01 26 10 13 06.01  30.802  06.120  0125.55  00.50  07.80  271.8  009.26  30.833  1024.828  1471.99 
2024 01 26 10 13 06.26  30.805  06.121  0125.37  00.55  07.80  271.8  009.26  30.835  1024.830  1472.00 
2024 01 26 10 13 06.51  30.804  06.120  0125.09  00.54  07.80  271.8  009.26  30.834  1024.827  1471.99 
2024 01 26 10 13 06.76  30.803  06.121  0124.89  00.53  07.80  271.8  009.26  30.833  1024.826  1471.98 
2024 01 26 10 13 07.01  30.801  06.120  0124.69  00.56  07.80  271.8  009.26  30.832  1024.824  1471.98 
2024 01 26 10 13 07.26  30.804  06.121  0124.49  00.54  07.80  271.8  009.26  30.834  1024.825  1471.98 
2024 01 26 10 13 07.51  30.804  06.120  0124.24  00.57  07.80  271.8  009.26  30.836  1024.825  1471.97 
2024 01 26 10 13 07.76  30.803  06.121  0124.00  00.56  07.80  271.8  009.26  30.834  1024.822  1471.97 
2024 01 26 10 13 08.01  30.803  06.121  0123.78  00.58  07.80  271.8  009.26  30.834  1024.821  1471.97 
2024 01 26 10 13 08.26  30.805  06.120  0123.54  00.58  07.80  271.8  009.26  30.837  1024.823  1471.97 
2024 01 26 10 13 08.51  30.804  06.120  0123.31  00.51  07.80  271.8  009.26  30.835  1024.820  1471.96 
2024 01 26 10 13 08.76  30.804  06.122  0123.12  00.52  07.80  271.6  009.26  30.835  1024.818  1471.96 
2024 01 26 10 13 09.01  30.802  06.121  0122.90  00.53  07.80  271.6  009.26  30.833  1024.817  1471.95 
2024 01 26 10 13 09.26  30.803  06.121  0122.69  00.49  07.80  271.6  009.26  30.834  1024.816  1471.95 
2024 01 26 10 13 09.51  30.805  06.123  0122.46  00.53  07.80  271.6  009.26  30.835  1024.816  1471.95 
2024 01 26 10 13 09.76  30.803  06.123  0122.24  00.55  07.80  271.6  009.26  30.833  1024.813  1471.95 
2024 01 26 10 13 10.01  30.805  06.123  0122.07  00.54  07.80  271.6  009.26  30.835  1024.814  1471.95 
2024 01 26 10 13 10.26  30.803  06.122  0121.98  00.56  07.80  271.6  009.26  30.833  1024.812  1471.94 
2024 01 26 10 13 10.51  30.803  06.122  0121.93  00.53  07.80  271.6  009.26  30.834  1024.812  1471.94 
2024 01 26 10 13 10.76  30.801  06.122  0121.92  00.50  07.80  271.6  009.26  30.832  1024.810  1471.94 
2024 01 26 10 13 11.01  30.802  06.120  0121.90  00.50  07.80  271.6  009.26  30.834  1024.813  1471.93 
2024 01 26 10 13 11.26  30.804  06.121  0121.83  00.54  07.80  271.6  009.26  30.835  1024.813  1471.94 
2024 01 26 10 13 11.51  30.805  06.124  0121.69  00.53  07.80  271.6  009.26  30.835  1024.812  1471.95 
2024 01 26 10 13 11.76  30.805  06.123  0121.50  00.54  07.80  271.2  009.26  30.835  1024.812  1471.94 
2024 01 26 10 13 12.01  30.804  06.123  0121.31  00.48  07.80  271.2  009.26  30.833  1024.809  1471.94 
2024 01 26 10 13 12.26  30.804  06.125  0121.06  00.52  07.80  271.2  009.26  30.833  1024.807  1471.94 
2024 01 26 10 13 12.51  30.804  06.123  0120.87  00.57  07.80  271.2  009.26  30.835  1024.808  1471.93 
2024 01 26 10 13 12.76  30.807  06.124  0120.65  00.61  07.80  271.2  009.26  30.836  1024.808  1471.93 
2024 01 26 10 13 13.01  30.804  06.125  0120.42  00.52  07.80  271.2  009.26  30.833  1024.804  1471.93 
2024 01 26 10 13 13.26  30.804  06.125  0120.22  00.53  07.80  271.2  009.26  30.833  1024.804  1471.93 
2024 01 26 10 13 13.51  30.805  06.125  0120.02  00.57  07.80  271.2  009.26  30.834  1024.803  1471.92 
2024 01 26 10 13 13.76  30.804  06.124  0119.84  00.55  07.79  271.2  009.26  30.834  1024.803  1471.92 
2024 01 26 10 13 14.01  30.805  06.125  0119.63  00.50  07.80  271.2  009.26  30.835  1024.802  1471.92 
2024 01 26 10 13 14.26  30.805  06.125  0119.39  00.58  07.80  271.2  009.26  30.835  1024.801  1471.91 
2024 01 26 10 13 14.51  30.805  06.126  0119.16  00.51  07.80  271.2  009.26  30.833  1024.799  1471.91 
2024 01 26 10 13 14.76  30.805  06.126  0118.95  00.52  07.80  271.1  009.26  30.834  1024.798  1471.91 
2024 01 26 10 13 15.01  30.804  06.126  0118.73  00.53  07.80  271.1  009.26  30.833  1024.797  1471.91 
2024 01 26 10 13 15.26  30.805  06.126  0118.50  00.58  07.80  271.1  009.26  30.834  1024.796  1471.90 
2024 01 26 10 13 15.51  30.806  06.126  0118.27  00.59  07.80  271.1  009.26  30.835  1024.796  1471.90 
2024 01 26 10 13 15.76  30.806  06.126  0118.04  00.60  07.80  271.1  009.26  30.835  1024.795  1471.90 
2024 01 26 10 13 16.01  30.807  06.127  0117.81  00.58  07.80  271.1  009.26  30.836  1024.794  1471.90 
2024 01 26 10 13 16.26  30.805  06.127  0117.60  00.59  07.80  271.1  009.26  30.833  1024.791  1471.89 
2024 01 26 10 13 16.51  30.805  06.127  0117.36  00.59  07.80  271.1  009.26  30.833  1024.790  1471.89 
2024 01 26 10 13 16.76  30.808  06.128  0117.11  00.55  07.79  271.1  009.26  30.837  1024.792  1471.89 
2024 01 26 10 13 17.01  30.808  06.130  0116.88  00.46  07.80  271.1  009.26  30.834  1024.788  1471.89 
2024 01 26 10 13 17.26  30.808  06.130  0116.65  00.47  07.80  271.1  009.26  30.834  1024.787  1471.89 
2024 01 26 10 13 17.51  30.807  06.131  0116.43  00.50  07.80  271.1  009.26  30.833  1024.785  1471.89 
2024 01 26 10 13 17.76  30.808  06.132  0116.22  00.53  07.80  270.9  009.26  30.833  1024.784  1471.89 
2024 01 26 10 13 18.01  30.808  06.132  0116.00  00.56  07.80  270.9  009.26  30.833  1024.783  1471.89 
2024 01 26 10 13 18.26  30.809  06.132  0115.77  00.58  07.80  270.9  009.26  30.834  1024.783  1471.88 
2024 01 26 10 13 18.51  30.809  06.133  0115.52  00.63  07.80  270.9  009.26  30.834  1024.782  1471.88 
2024 01 26 10 13 18.76  30.808  06.132  0115.29  00.60  07.80  270.9  009.26  30.834  1024.780  1471.88 
2024 01 26 10 13 19.01  30.808  06.133  0115.07  00.57  07.80  270.9  009.26  30.833  1024.778  1471.87 
2024 01 26 10 13 19.26  30.810  06.134  0114.85  00.55  07.80  270.9  009.26  30.834  1024.778  1471.87 
2024 01 26 10 13 19.51  30.808  06.133  0114.63  00.57  07.80  270.9  009.26  30.833  1024.777  1471.87 
2024 01 26 10 13 19.76  30.810  06.133  0114.42  00.52  07.79  270.9  009.26  30.835  1024.777  1471.87 
2024 01 26 10 13 20.01  30.807  06.134  0114.19  00.51  07.80  270.9  009.26  30.830  1024.772  1471.86 
2024 01 26 10 13 20.26  30.810  06.133  0113.98  00.51  07.79  270.9  009.26  30.835  1024.775  1471.86 
2024 01 26 10 13 20.51  30.808  06.134  0113.72  00.53  07.80  270.9  009.26  30.832  1024.772  1471.86 
2024 01 26 10 13 20.76  30.809  06.133  0113.49  00.58  07.80  270.7  009.26  30.835  1024.773  1471.85 
2024 01 26 10 13 21.01  30.808  06.134  0113.27  00.51  07.79  270.7  009.26  30.832  1024.769  1471.85 
2024 01 26 10 13 21.26  30.809  06.135  0113.05  00.92  07.80  270.7  009.26  30.833  1024.769  1471.85 
2024 01 26 10 13 21.51  30.807  06.135  0112.83  01.00  07.80  270.7  009.26  30.830  1024.766  1471.84 
2024 01 26 10 13 21.76  30.808  06.135  0112.63  00.65  07.80  270.7  009.26  30.832  1024.766  1471.84 
2024 01 26 10 13 22.01  30.809  06.136  0112.41  00.56  07.80  270.7  009.26  30.832  1024.765  1471.84 
2024 01 26 10 13 22.26  30.808  06.135  0112.19  00.59  07.80  270.7  009.26  30.832  1024.764  1471.83 
2024 01 26 10 13 22.51  30.809  06.137  0111.97  00.59  07.80  270.7  009.26  30.832  1024.763  1471.84 
2024 01 26 10 13 22.76  30.808  06.136  0111.77  00.55  07.79  270.7  009.26  30.831  1024.761  1471.83 
2024 01 26 10 13 23.01  30.809  06.136  0111.57  00.46  07.79  270.7  009.26  30.833  1024.762  1471.83 
2024 01 26 10 13 23.26  30.809  06.135  0111.29  00.49  07.79  270.7  009.26  30.833  1024.761  1471.82 
2024 01 26 10 13 23.51  30.808  06.135  0111.08  00.50  07.79  270.7  009.26  30.832  1024.759  1471.82 
2024 01 26 10 13 23.76  30.810  06.137  0110.82  00.47  07.79  270.3  009.26  30.833  1024.759  1471.82 
2024 01 26 10 13 24.01  30.809  06.136  0110.60  00.48  07.79  270.3  009.26  30.833  1024.757  1471.82 
2024 01 26 10 13 24.26  30.808  06.137  0110.37  00.57  07.80  270.3  009.26  30.831  1024.755  1471.81 
2024 01 26 10 13 24.51  30.811  06.136  0110.14  00.57  07.79  270.3  009.26  30.835  1024.757  1471.81 
2024 01 26 10 13 24.76  30.809  06.136  0109.91  00.57  07.79  270.3  009.26  30.833  1024.755  1471.80 
2024 01 26 10 13 25.01  30.811  06.136  0109.70  00.55  07.79  270.3  009.26  30.835  1024.755  1471.80 
2024 01 26 10 13 25.26  30.811  06.136  0109.49  00.55  07.79  270.3  009.26  30.835  1024.754  1471.80 
2024 01 26 10 13 25.51  30.810  06.137  0109.29  00.52  07.79  270.3  009.26  30.834  1024.752  1471.80 
2024 01 26 10 13 25.76  30.809  06.136  0109.07  00.52  07.79  270.3  009.26  30.834  1024.751  1471.79 
2024 01 26 10 13 26.01  30.809  06.140  0108.88  00.55  07.80  270.3  009.26  30.831  1024.747  1471.80 
2024 01 26 10 13 26.26  30.812  06.141  0108.66  00.52  07.79  270.3  009.26  30.833  1024.748  1471.80 
2024 01 26 10 13 26.51  30.811  06.140  0108.47  00.56  07.79  270.3  009.26  30.832  1024.747  1471.79 
2024 01 26 10 13 26.76  30.814  06.142  0108.24  00.53  07.79  270.2  009.26  30.834  1024.746  1471.80 
2024 01 26 10 13 27.01  30.814  06.144  0107.95  00.53  07.79  270.2  009.26  30.832  1024.744  1471.80 
2024 01 26 10 13 27.26  30.815  06.147  0107.72  00.49  07.79  270.2  009.26  30.831  1024.741  1471.81 
2024 01 26 10 13 27.51  30.813  06.147  0107.48  00.52  07.80  270.2  009.26  30.829  1024.739  1471.80 
2024 01 26 10 13 27.76  30.814  06.146  0107.23  00.51  07.79  270.2  009.26  30.831  1024.739  1471.80 
2024 01 26 10 13 28.01  30.816  06.147  0107.03  00.52  07.79  270.2  009.26  30.831  1024.738  1471.80 
2024 01 26 10 13 28.26  30.816  06.147  0106.84  00.55  07.79  270.2  009.26  30.833  1024.738  1471.80 
2024 01 26 10 13 28.51  30.816  06.147  0106.67  00.49  07.79  270.2  009.26  30.832  1024.737  1471.79 
2024 01 26 10 13 28.76  30.816  06.148  0106.46  00.52  07.79  270.2  009.26  30.831  1024.735  1471.79 
2024 01 26 10 13 29.01  30.816  06.149  0106.26  00.49  07.79  270.2  009.26  30.830  1024.734  1471.79 
2024 01 26 10 13 29.26  30.818  06.148  0106.05  00.51  07.79  270.2  009.26  30.834  1024.735  1471.79 
2024 01 26 10 13 29.51  30.818  06.151  0105.79  00.54  07.79  270.2  009.26  30.831  1024.732  1471.80 
2024 01 26 10 13 29.76  30.817  06.150  0105.55  00.52  07.79  269.8  009.26  30.831  1024.731  1471.79 
2024 01 26 10 13 30.01  30.818  06.152  0105.32  00.57  07.79  269.8  009.26  30.830  1024.729  1471.79 
2024 01 26 10 13 30.26  30.817  06.153  0105.09  00.57  07.79  269.8  009.26  30.829  1024.727  1471.79 
2024 01 26 10 13 30.51  30.818  06.151  0104.88  00.54  07.79  269.8  009.26  30.831  1024.728  1471.78 
2024 01 26 10 13 30.76  30.818  06.152  0104.63  00.50  07.79  269.8  009.26  30.831  1024.727  1471.78 
2024 01 26 10 13 31.01  30.818  06.154  0104.41  00.51  07.79  269.8  009.26  30.830  1024.724  1471.78 
2024 01 26 10 13 31.26  30.818  06.154  0104.29  00.55  07.79  269.8  009.26  30.830  1024.724  1471.78 
2024 01 26 10 13 31.51  30.817  06.152  0104.24  00.49  07.79  269.8  009.26  30.830  1024.724  1471.77 
2024 01 26 10 13 31.76  30.816  06.154  0104.24  00.50  07.79  269.8  009.26  30.828  1024.722  1471.78 
2024 01 26 10 13 32.01  30.820  06.153  0104.20  00.53  07.79  269.8  009.26  30.833  1024.726  1471.78 
2024 01 26 10 13 32.26  30.819  06.154  0104.10  00.52  07.79  269.8  009.26  30.831  1024.724  1471.78 
2024 01 26 10 13 32.51  30.819  06.154  0103.88  00.56  07.79  269.8  009.26  30.830  1024.722  1471.78 
2024 01 26 10 13 32.76  30.820  06.156  0103.60  00.54  07.79  269.4  009.26  30.830  1024.720  1471.78 
2024 01 26 10 13 33.01  30.820  06.157  0103.36  00.52  07.79  269.4  009.26  30.830  1024.719  1471.78 
2024 01 26 10 13 33.26  30.821  06.157  0103.15  00.50  07.79  269.4  009.26  30.830  1024.719  1471.78 
2024 01 26 10 13 33.51  30.823  06.159  0102.88  00.50  07.79  269.4  009.26  30.831  1024.717  1471.78 
2024 01 26 10 13 33.76  30.822  06.159  0102.65  00.52  07.79  269.4  009.26  30.830  1024.716  1471.77 
2024 01 26 10 13 34.01  30.820  06.159  0102.46  00.55  07.79  269.4  009.26  30.829  1024.714  1471.77 
2024 01 26 10 13 34.26  30.822  06.160  0102.29  00.55  07.79  269.4  009.26  30.830  1024.714  1471.77 
2024 01 26 10 13 34.51  30.823  06.161  0102.09  00.55  07.79  269.4  009.26  30.830  1024.713  1471.77 
2024 01 26 10 13 34.76  30.822  06.161  0101.94  00.50  07.79  269.4  009.26  30.829  1024.711  1471.77 
2024 01 26 10 13 35.01  30.822  06.162  0101.71  00.54  07.79  269.4  009.26  30.828  1024.709  1471.77 
2024 01 26 10 13 35.26  30.822  06.163  0101.49  00.50  07.79  269.4  009.26  30.827  1024.707  1471.77 
2024 01 26 10 13 35.51  30.822  06.162  0101.28  00.47  07.79  269.4  009.26  30.828  1024.707  1471.76 
2024 01 26 10 13 35.76  30.821  06.163  0101.04  00.55  07.79  268.9  009.26  30.827  1024.705  1471.76 
2024 01 26 10 13 36.01  30.823  06.163  0100.80  00.51  07.79  268.9  009.26  30.828  1024.705  1471.76 
2024 01 26 10 13 36.26  30.823  06.163  0100.57  00.57  07.79  268.9  009.26  30.829  1024.705  1471.76 
2024 01 26 10 13 36.51  30.822  06.164  0100.32  00.60  07.79  268.9  009.26  30.826  1024.702  1471.75 
2024 01 26 10 13 36.76  30.823  06.164  0100.10  00.56  07.79  268.9  009.26  30.827  1024.701  1471.75 
2024 01 26 10 13 37.01  30.824  06.164  0099.87  00.48  07.79  268.9  009.26  30.829  1024.702  1471.75 
2024 01 26 10 13 37.26  30.823  06.164  0099.64  00.51  07.79  268.9  009.26  30.828  1024.700  1471.74 
2024 01 26 10 13 37.51  30.821  06.165  0099.40  00.53  07.79  268.9  009.26  30.825  1024.696  1471.74 
2024 01 26 10 13 37.76  30.825  06.165  0099.19  00.52  07.79  268.9  009.26  30.829  1024.698  1471.74 
2024 01 26 10 13 38.01  30.826  06.166  0098.93  00.55  07.79  268.9  009.26  30.830  1024.698  1471.74 
2024 01 26 10 13 38.26  30.827  06.168  0098.72  00.55  07.79  268.9  009.26  30.829  1024.695  1471.75 
2024 01 26 10 13 38.51  30.827  06.169  0098.50  00.48  07.79  268.9  009.26  30.828  1024.694  1471.74 
2024 01 26 10 13 38.76  30.827  06.170  0098.29  00.48  07.79  268.5  009.26  30.827  1024.692  1471.74 
2024 01 26 10 13 39.01  30.825  06.170  0098.06  00.55  07.79  268.5  009.26  30.826  1024.690  1471.74 
2024 01 26 10 13 39.26  30.828  06.175  0097.83  00.52  07.79  268.5  009.26  30.824  1024.687  1471.75 
2024 01 26 10 13 39.51  30.830  06.177  0097.59  00.51  07.79  268.5  009.26  30.825  1024.686  1471.76 
2024 01 26 10 13 39.76  30.832  06.181  0097.39  00.49  07.79  268.5  009.26  30.824  1024.683  1471.77 
2024 01 26 10 13 40.01  30.835  06.186  0097.18  00.50  07.79  268.5  009.26  30.823  1024.682  1471.78 
2024 01 26 10 13 40.26  30.835  06.189  0096.96  00.53  07.79  268.5  009.26  30.820  1024.677  1471.79 
2024 01 26 10 13 40.51  30.838  06.192  0096.77  00.49  07.79  268.5  009.26  30.820  1024.677  1471.80 
2024 01 26 10 13 40.76  30.840  06.193  0096.53  00.50  07.79  268.5  009.26  30.822  1024.677  1471.80 
2024 01 26 10 13 41.01  30.844  06.200  0096.31  00.47  07.79  268.5  009.26  30.820  1024.674  1471.82 
2024 01 26 10 13 41.26  30.846  06.205  0096.08  00.44  07.79  268.5  009.26  30.817  1024.670  1471.84 
2024 01 26 10 13 41.51  30.847  06.205  0095.87  00.47  07.79  268.5  009.26  30.819  1024.670  1471.84 
2024 01 26 10 13 41.76  30.847  06.204  0095.67  00.52  07.79  268.2  009.26  30.820  1024.670  1471.83 
2024 01 26 10 13 42.01  30.846  06.204  0095.50  00.56  07.79  268.2  009.26  30.818  1024.668  1471.83 
2024 01 26 10 13 42.26  30.850  06.207  0095.31  00.55  07.79  268.2  009.26  30.821  1024.669  1471.83 
2024 01 26 10 13 42.51  30.848  06.208  0095.15  00.55  07.79  268.2  009.26  30.818  1024.665  1471.83 
2024 01 26 10 13 42.76  30.848  06.208  0095.00  00.57  07.79  268.2  009.26  30.819  1024.665  1471.83 
2024 01 26 10 13 43.01  30.851  06.211  0094.83  00.49  07.79  268.2  009.26  30.818  1024.664  1471.84 
2024 01 26 10 13 43.26  30.850  06.211  0094.66  00.52  07.79  268.2  009.26  30.817  1024.662  1471.84 
2024 01 26 10 13 43.51  30.851  06.212  0094.50  00.53  07.79  268.2  009.26  30.818  1024.662  1471.84 
2024 01 26 10 13 43.76  30.849  06.212  0094.35  00.51  07.79  268.2  009.26  30.816  1024.660  1471.83 
2024 01 26 10 13 44.01  30.851  06.213  0094.16  00.50  07.79  268.2  009.26  30.817  1024.659  1471.84 
2024 01 26 10 13 44.26  30.850  06.214  0094.01  00.52  07.79  268.2  009.26  30.815  1024.657  1471.84 
2024 01 26 10 13 44.51  30.851  06.216  0093.83  00.50  07.79  268.2  009.26  30.815  1024.656  1471.84 
2024 01 26 10 13 44.76  30.855  06.218  0093.63  00.50  07.79  267.4  009.26  30.817  1024.657  1471.85 
2024 01 26 10 13 45.01  30.854  06.221  0093.45  00.50  07.79  267.4  009.26  30.813  1024.652  1471.85 
2024 01 26 10 13 45.26  30.855  06.222  0093.26  00.51  07.79  267.4  009.26  30.814  1024.652  1471.86 
2024 01 26 10 13 45.51  30.857  06.225  0093.13  00.47  07.79  267.4  009.26  30.813  1024.650  1471.86 
2024 01 26 10 13 45.76  30.861  06.230  0092.93  00.47  07.79  267.4  009.26  30.813  1024.649  1471.88 
2024 01 26 10 13 46.01  30.864  06.237  0092.76  00.48  07.79  267.4  009.26  30.810  1024.645  1471.90 
2024 01 26 10 13 46.26  30.866  06.244  0092.57  00.52  07.79  267.4  009.26  30.806  1024.640  1471.92 
2024 01 26 10 13 46.51  30.866  06.241  0092.36  00.55  07.79  267.4  009.26  30.809  1024.642  1471.91 
2024 01 26 10 13 46.76  30.863  06.237  0092.18  00.52  07.79  267.4  009.26  30.810  1024.641  1471.89 
2024 01 26 10 13 47.01  30.862  06.234  0092.02  00.50  07.79  267.4  009.26  30.812  1024.643  1471.88 
2024 01 26 10 13 47.26  30.865  06.238  0091.83  00.49  07.79  267.4  009.26  30.811  1024.641  1471.89 
2024 01 26 10 13 47.51  30.866  06.242  0091.71  00.50  07.79  267.4  009.26  30.809  1024.638  1471.90 
2024 01 26 10 13 47.76  30.871  06.253  0091.52  00.50  07.79  267.0  009.26  30.805  1024.633  1471.94 
2024 01 26 10 13 48.01  30.876  06.262  0091.36  00.53  07.79  267.0  009.26  30.802  1024.629  1471.97 
2024 01 26 10 13 48.26  30.878  06.263  0091.23  00.56  07.79  267.0  009.26  30.803  1024.629  1471.97 
2024 01 26 10 13 48.51  30.879  06.264  0091.04  00.51  07.79  267.0  009.26  30.803  1024.628  1471.97 
2024 01 26 10 13 48.76  30.878  06.265  0090.90  00.56  07.79  267.0  009.26  30.802  1024.626  1471.97 
2024 01 26 10 13 49.01  30.879  06.264  0090.71  00.54  07.79  267.0  009.26  30.803  1024.626  1471.97 
2024 01 26 10 13 49.26  30.878  06.265  0090.52  00.55  07.79  267.0  009.26  30.802  1024.624  1471.97 
2024 01 26 10 13 49.51  30.880  06.269  0090.38  00.53  07.79  267.0  009.26  30.800  1024.622  1471.98 
2024 01 26 10 13 49.76  30.878  06.268  0090.22  00.52  07.79  267.0  009.26  30.799  1024.620  1471.97 
2024 01 26 10 13 50.01  30.881  06.269  0090.08  00.50  07.79  267.0  009.26  30.801  1024.621  1471.97 
2024 01 26 10 13 50.26  30.882  06.272  0089.90  00.50  07.79  267.0  009.26  30.801  1024.620  1471.98 
2024 01 26 10 13 50.51  30.882  06.272  0089.72  00.52  07.79  267.0  009.26  30.800  1024.619  1471.98 
2024 01 26 10 13 50.76  30.885  06.273  0089.53  00.55  07.79  266.3  009.26  30.802  1024.619  1471.98 
2024 01 26 10 13 51.01  30.884  06.273  0089.36  00.56  07.79  266.3  009.26  30.801  1024.617  1471.98 
2024 01 26 10 13 51.26  30.883  06.274  0089.23  00.60  07.79  266.3  009.26  30.800  1024.616  1471.98 
2024 01 26 10 13 51.51  30.884  06.275  0089.08  00.56  07.79  266.3  009.26  30.800  1024.615  1471.98 
2024 01 26 10 13 51.76  30.883  06.275  0088.94  00.52  07.79  266.3  009.26  30.799  1024.614  1471.98 
2024 01 26 10 13 52.01  30.884  06.277  0088.80  00.51  07.79  266.3  009.26  30.798  1024.612  1471.98 
2024 01 26 10 13 52.26  30.884  06.278  0088.61  00.60  07.79  266.3  009.26  30.797  1024.610  1471.98 
2024 01 26 10 13 52.51  30.886  06.277  0088.40  00.58  07.79  266.3  009.26  30.800  1024.611  1471.98 
2024 01 26 10 13 52.76  30.886  06.277  0088.19  00.54  07.79  266.3  009.26  30.800  1024.610  1471.97 
2024 01 26 10 13 53.01  30.887  06.280  0087.99  00.50  07.79  266.3  009.26  30.799  1024.609  1471.98 
2024 01 26 10 13 53.26  30.889  06.280  0087.82  00.46  07.79  266.3  009.26  30.801  1024.609  1471.98 
2024 01 26 10 13 53.51  30.890  06.286  0087.64  00.45  07.79  266.3  009.26  30.798  1024.605  1472.00 
2024 01 26 10 13 53.76  30.892  06.288  0087.49  00.51  07.79  265.9  009.26  30.797  1024.604  1472.00 
2024 01 26 10 13 54.01  30.893  06.288  0087.34  00.51  07.79  265.9  009.26  30.799  1024.604  1472.00 
2024 01 26 10 13 54.26  30.892  06.288  0087.18  00.52  07.79  265.9  009.26  30.797  1024.603  1472.00 
2024 01 26 10 13 54.51  30.892  06.289  0087.03  00.52  07.79  265.9  009.26  30.797  1024.602  1472.00 
2024 01 26 10 13 54.76  30.890  06.289  0086.86  00.52  07.79  265.9  009.26  30.794  1024.598  1471.99 
2024 01 26 10 13 55.01  30.894  06.292  0086.72  00.52  07.79  265.9  009.26  30.797  1024.599  1472.01 
2024 01 26 10 13 55.26  30.892  06.292  0086.53  00.58  07.79  265.9  009.26  30.794  1024.597  1472.00 
2024 01 26 10 13 55.51  30.890  06.290  0086.32  00.57  07.79  265.9  009.26  30.795  1024.596  1471.99 
2024 01 26 10 13 55.76  30.894  06.292  0086.14  00.52  07.79  265.9  009.26  30.797  1024.597  1472.00 
2024 01 26 10 13 56.01  30.894  06.293  0085.99  00.52  07.79  265.9  009.26  30.795  1024.594  1472.00 
2024 01 26 10 13 56.26  30.895  06.293  0085.82  00.48  07.79  265.9  009.26  30.797  1024.595  1472.00 
2024 01 26 10 13 56.51  30.894  06.294  0085.63  00.47  07.79  265.9  009.26  30.795  1024.593  1471.99 
2024 01 26 10 13 56.76  30.896  06.295  0085.46  00.47  07.79  265.8  009.26  30.796  1024.593  1472.00 
2024 01 26 10 13 57.01  30.894  06.296  0085.30  00.50  07.79  265.8  009.26  30.793  1024.590  1471.99 
2024 01 26 10 13 57.26  30.894  06.296  0085.13  00.56  07.79  265.8  009.26  30.793  1024.589  1471.99 
2024 01 26 10 13 57.51  30.896  06.296  0084.92  00.64  07.79  265.8  009.26  30.796  1024.590  1471.99 
2024 01 26 10 13 57.76  30.894  06.297  0084.75  00.57  07.79  265.8  009.26  30.794  1024.587  1471.99 
2024 01 26 10 13 58.01  30.896  06.295  0084.52  00.74  07.79  265.8  009.26  30.796  1024.589  1471.98 
2024 01 26 10 13 58.26  30.895  06.298  0084.32  00.64  07.79  265.8  009.26  30.794  1024.585  1471.99 
2024 01 26 10 13 58.51  30.894  06.298  0084.11  00.56  07.79  265.8  009.26  30.792  1024.583  1471.98 
2024 01 26 10 13 58.76  30.895  06.300  0083.94  00.52  07.79  265.8  009.26  30.792  1024.582  1471.99 
2024 01 26 10 13 59.01  30.895  06.300  0083.80  00.54  07.79  265.8  009.26  30.792  1024.582  1471.98 
2024 01 26 10 13 59.26  30.897  06.301  0083.61  00.52  07.79  265.8  009.26  30.793  1024.581  1471.99 
2024 01 26 10 13 59.51  30.896  06.301  0083.42  00.55  07.79  265.8  009.26  30.792  1024.580  1471.98 
2024 01 26 10 13 59.76  30.898  06.302  0083.23  00.51  07.79  265.7  009.26  30.794  1024.580  1471.98 
2024 01 26 10 14 00.01  30.898  06.303  0083.04  00.51  07.79  265.7  009.26  30.793  1024.578  1471.98 
2024 01 26 10 14 00.26  30.896  06.304  0082.86  00.55  07.79  265.7  009.26  30.790  1024.575  1471.98 
2024 01 26 10 14 00.51  30.898  06.302  0082.66  00.49  07.79  265.7  009.26  30.793  1024.577  1471.98 
2024 01 26 10 14 00.76  30.899  06.305  0082.47  00.53  07.79  265.7  009.26  30.793  1024.575  1471.98 
2024 01 26 10 14 01.01  30.901  06.308  0082.29  00.53  07.79  265.7  009.26  30.792  1024.574  1471.99 
2024 01 26 10 14 01.26  30.903  06.310  0082.11  00.54  07.79  265.7  009.26  30.792  1024.572  1472.00 
2024 01 26 10 14 01.51  30.902  06.312  0081.94  00.53  07.79  265.7  009.23  30.789  1024.569  1472.00 
2024 01 26 10 14 01.76  30.902  06.314  0081.77  00.57  07.79  265.7  009.26  30.788  1024.567  1472.00 
2024 01 26 10 14 02.01  30.905  06.317  0081.58  00.54  07.79  265.7  009.26  30.789  1024.567  1472.01 
2024 01 26 10 14 02.26  30.906  06.317  0081.39  00.49  07.79  265.7  009.26  30.790  1024.566  1472.01 
2024 01 26 10 14 02.51  30.908  06.318  0081.18  00.44  07.79  265.7  009.26  30.791  1024.566  1472.01 
2024 01 26 10 14 02.76  30.906  06.319  0080.99  00.49  07.79  265.8  009.26  30.788  1024.563  1472.01 
2024 01 26 10 14 03.01  30.909  06.319  0080.74  00.45  07.79  265.8  009.26  30.791  1024.564  1472.01 
2024 01 26 10 14 03.26  30.912  06.325  0080.55  00.50  07.79  265.8  009.26  30.789  1024.561  1472.03 
2024 01 26 10 14 03.51  30.914  06.330  0080.38  00.54  07.79  265.8  009.26  30.787  1024.558  1472.04 
2024 01 26 10 14 03.76  30.913  06.330  0080.20  00.54  07.79  265.8  009.26  30.787  1024.557  1472.04 
2024 01 26 10 14 04.01  30.912  06.330  0080.02  00.53  07.79  265.8  009.26  30.785  1024.555  1472.03 
2024 01 26 10 14 04.26  30.913  06.329  0079.83  00.50  07.79  265.8  009.26  30.788  1024.556  1472.03 
2024 01 26 10 14 04.51  30.914  06.329  0079.65  00.49  07.79  265.8  009.26  30.788  1024.555  1472.03 
2024 01 26 10 14 04.76  30.915  06.330  0079.41  00.52  07.79  265.8  009.26  30.789  1024.554  1472.03 
2024 01 26 10 14 05.01  30.914  06.331  0079.28  00.54  07.79  265.8  009.26  30.787  1024.553  1472.03 
2024 01 26 10 14 05.26  30.915  06.333  0079.09  00.49  07.79  265.8  009.26  30.786  1024.551  1472.03 
2024 01 26 10 14 05.51  30.917  06.334  0078.90  00.54  07.79  265.8  009.26  30.787  1024.551  1472.03 
2024 01 26 10 14 05.76  30.914  06.335  0078.77  00.57  07.80  265.8  009.26  30.784  1024.547  1472.03 
2024 01 26 10 14 06.01  30.916  06.334  0078.57  00.59  07.79  265.8  009.26  30.787  1024.549  1472.03 
2024 01 26 10 14 06.26  30.916  06.334  0078.36  00.61  07.79  265.8  009.26  30.787  1024.548  1472.03 
2024 01 26 10 14 06.51  30.915  06.335  0078.19  00.57  07.79  265.8  009.26  30.785  1024.545  1472.02 
2024 01 26 10 14 06.76  30.915  06.334  0077.97  00.55  07.79  265.8  009.26  30.786  1024.545  1472.02 
2024 01 26 10 14 07.01  30.917  06.334  0077.78  00.54  07.80  265.8  009.26  30.788  1024.546  1472.02 
2024 01 26 10 14 07.26  30.917  06.337  0077.58  00.50  07.80  265.8  009.26  30.786  1024.543  1472.02 
2024 01 26 10 14 07.51  30.917  06.339  0077.40  00.50  07.80  265.8  009.26  30.784  1024.540  1472.02 
2024 01 26 10 14 07.76  30.918  06.338  0077.26  00.53  07.79  265.8  009.26  30.786  1024.542  1472.02 
2024 01 26 10 14 08.01  30.919  06.339  0077.06  00.47  07.79  265.8  009.26  30.786  1024.541  1472.02 
2024 01 26 10 14 08.26  30.918  06.342  0076.92  00.48  07.79  265.8  009.26  30.783  1024.537  1472.03 
2024 01 26 10 14 08.51  30.920  06.341  0076.75  00.52  07.79  265.8  009.26  30.785  1024.538  1472.03 
2024 01 26 10 14 08.76  30.920  06.343  0076.56  00.48  07.80  266.0  009.26  30.783  1024.536  1472.03 
2024 01 26 10 14 09.01  30.920  06.343  0076.42  00.47  07.80  266.0  009.26  30.784  1024.535  1472.03 
2024 01 26 10 14 09.26  30.921  06.344  0076.25  00.53  07.80  266.0  009.26  30.784  1024.535  1472.03 
2024 01 26 10 14 09.51  30.921  06.344  0076.10  00.69  07.80  266.0  009.26  30.784  1024.534  1472.03 
2024 01 26 10 14 09.76  30.920  06.344  0075.98  00.62  07.80  266.0  009.26  30.783  1024.532  1472.02 
2024 01 26 10 14 10.01  30.923  06.345  0075.83  00.66  07.80  266.0  009.26  30.786  1024.534  1472.03 
2024 01 26 10 14 10.26  30.924  06.345  0075.70  00.59  07.80  266.0  009.26  30.786  1024.534  1472.03 
2024 01 26 10 14 10.51  30.922  06.348  0075.54  00.61  07.80  266.0  009.26  30.782  1024.529  1472.03 
2024 01 26 10 14 10.76  30.923  06.348  0075.36  00.58  07.79  266.0  009.26  30.783  1024.529  1472.03 
2024 01 26 10 14 11.01  30.922  06.346  0075.20  00.55  07.80  266.0  009.26  30.784  1024.529  1472.02 
2024 01 26 10 14 11.26  30.923  06.346  0075.01  00.51  07.80  266.0  009.26  30.785  1024.530  1472.02 
2024 01 26 10 14 11.51  30.921  06.345  0074.86  00.52  07.80  266.0  009.26  30.784  1024.528  1472.01 
2024 01 26 10 14 11.76  30.922  06.347  0074.72  00.62  07.80  266.0  009.26  30.783  1024.526  1472.02 
2024 01 26 10 14 12.01  30.924  06.348  0074.57  00.62  07.80  266.0  009.26  30.784  1024.526  1472.02 
2024 01 26 10 14 12.26  30.925  06.349  0074.42  00.54  07.80  266.0  009.26  30.785  1024.526  1472.02 
2024 01 26 10 14 12.51  30.924  06.350  0074.27  00.54  07.80  266.0  009.26  30.783  1024.524  1472.02 
2024 01 26 10 14 12.76  30.923  06.350  0074.07  00.54  07.80  266.0  009.26  30.782  1024.522  1472.01 
2024 01 26 10 14 13.01  30.925  06.349  0073.91  00.53  07.80  266.0  009.26  30.786  1024.524  1472.01 
2024 01 26 10 14 13.26  30.925  06.348  0073.70  00.54  07.80  266.0  009.26  30.786  1024.524  1472.01 
2024 01 26 10 14 13.51  30.924  06.350  0073.53  00.53  07.80  266.0  009.26  30.783  1024.520  1472.01 
2024 01 26 10 14 13.76  30.928  06.353  0073.33  00.48  07.79  266.0  009.26  30.784  1024.520  1472.02 
2024 01 26 10 14 14.01  30.926  06.355  0073.14  00.47  07.80  266.0  009.26  30.781  1024.516  1472.02 
2024 01 26 10 14 14.26  30.930  06.357  0073.01  00.52  07.80  266.0  009.26  30.784  1024.518  1472.03 
2024 01 26 10 14 14.51  30.929  06.359  0072.83  00.52  07.80  266.0  009.26  30.781  1024.514  1472.03 
2024 01 26 10 14 14.76  30.930  06.359  0072.65  00.48  07.80  266.2  009.26  30.782  1024.515  1472.03 
2024 01 26 10 14 15.01  30.930  06.361  0072.44  00.52  07.80  266.2  009.26  30.780  1024.512  1472.03 
2024 01 26 10 14 15.26  30.931  06.363  0072.23  00.57  07.80  266.2  009.26  30.780  1024.510  1472.03 
2024 01 26 10 14 15.51  30.933  06.362  0072.06  00.48  07.80  266.2  009.26  30.783  1024.512  1472.03 
2024 01 26 10 14 15.76  30.932  06.363  0071.87  00.47  07.80  266.2  009.26  30.781  1024.510  1472.03 
2024 01 26 10 14 16.01  30.930  06.364  0071.71  00.46  07.80  266.2  009.26  30.778  1024.506  1472.03 
2024 01 26 10 14 16.26  30.932  06.364  0071.53  00.50  07.80  266.2  009.26  30.780  1024.507  1472.03 
2024 01 26 10 14 16.51  30.933  06.365  0071.35  00.54  07.80  266.2  009.26  30.780  1024.506  1472.03 
2024 01 26 10 14 16.76  30.935  06.366  0071.19  00.55  07.80  266.2  009.26  30.782  1024.507  1472.03 
2024 01 26 10 14 17.01  30.937  06.367  0070.98  00.51  07.80  266.2  009.26  30.783  1024.507  1472.03 
2024 01 26 10 14 17.26  30.935  06.368  0070.81  00.48  07.80  266.2  009.26  30.780  1024.503  1472.03 
2024 01 26 10 14 17.51  30.935  06.368  0070.63  00.50  07.80  266.2  009.26  30.780  1024.503  1472.03 
2024 01 26 10 14 17.76  30.936  06.369  0070.41  00.53  07.80  266.4  009.26  30.781  1024.502  1472.03 
2024 01 26 10 14 18.01  30.935  06.370  0070.25  00.50  07.80  266.4  009.26  30.779  1024.500  1472.03 
2024 01 26 10 14 18.26  30.935  06.368  0070.11  00.57  07.80  266.4  009.26  30.780  1024.500  1472.02 
2024 01 26 10 14 18.51  30.936  06.369  0069.97  00.59  07.80  266.4  009.26  30.781  1024.500  1472.02 
2024 01 26 10 14 18.76  30.938  06.370  0069.80  00.58  07.80  266.4  009.26  30.782  1024.500  1472.03 
2024 01 26 10 14 19.01  30.937  06.374  0069.61  00.51  07.80  266.4  009.26  30.778  1024.496  1472.03 
2024 01 26 10 14 19.26  30.940  06.374  0069.45  00.50  07.80  266.4  009.26  30.782  1024.498  1472.03 
2024 01 26 10 14 19.51  30.939  06.376  0069.21  00.50  07.80  266.4  009.26  30.778  1024.493  1472.04 
2024 01 26 10 14 19.76  30.939  06.376  0069.02  00.52  07.80  266.4  009.26  30.779  1024.493  1472.03 
2024 01 26 10 14 20.01  30.938  06.376  0068.83  00.49  07.80  266.4  009.26  30.778  1024.492  1472.03 
2024 01 26 10 14 20.26  30.941  06.378  0068.65  00.50  07.80  266.4  009.26  30.779  1024.492  1472.03 
2024 01 26 10 14 20.51  30.942  06.382  0068.52  00.48  07.80  266.4  009.26  30.777  1024.488  1472.04 
2024 01 26 10 14 20.76  30.943  06.381  0068.36  00.53  07.80  266.9  009.26  30.778  1024.489  1472.04 
2024 01 26 10 14 21.01  30.945  06.383  0068.20  00.46  07.80  266.9  009.26  30.779  1024.489  1472.05 
2024 01 26 10 14 21.26  30.946  06.386  0068.07  00.50  07.80  266.9  009.26  30.777  1024.486  1472.06 
2024 01 26 10 14 21.51  30.948  06.386  0067.93  00.52  07.80  266.9  009.26  30.780  1024.488  1472.05 
2024 01 26 10 14 21.76  30.949  06.391  0067.79  00.56  07.80  266.9  009.29  30.777  1024.484  1472.07 
2024 01 26 10 14 22.01  30.951  06.394  0067.62  00.52  07.80  266.9  009.26  30.776  1024.482  1472.08 
2024 01 26 10 14 22.26  30.954  06.393  0067.47  00.55  07.80  266.9  009.26  30.780  1024.485  1472.08 
2024 01 26 10 14 22.51  30.956  06.396  0067.28  00.59  07.80  266.9  009.26  30.779  1024.483  1472.09 
2024 01 26 10 14 22.76  30.959  06.401  0067.11  00.56  07.80  266.9  009.26  30.778  1024.481  1472.10 
2024 01 26 10 14 23.01  30.960  06.403  0066.96  00.53  07.81  266.9  009.26  30.778  1024.479  1472.10 
2024 01 26 10 14 23.26  30.962  06.409  0066.80  00.56  07.81  266.9  009.26  30.775  1024.476  1472.12 
2024 01 26 10 14 23.51  30.965  06.411  0066.61  00.47  07.81  266.9  009.26  30.776  1024.475  1472.13 
2024 01 26 10 14 23.76  30.968  06.416  0066.44  00.44  07.81  267.3  009.26  30.775  1024.474  1472.15 
2024 01 26 10 14 24.01  30.968  06.416  0066.28  00.50  07.81  267.3  009.26  30.776  1024.473  1472.14 
2024 01 26 10 14 24.26  30.968  06.414  0066.13  00.45  07.81  267.3  009.26  30.776  1024.473  1472.14 
2024 01 26 10 14 24.51  30.966  06.412  0065.96  00.53  07.81  267.3  009.26  30.777  1024.473  1472.12 
2024 01 26 10 14 24.76  30.973  06.419  0065.79  00.50  07.81  267.3  009.26  30.779  1024.473  1472.15 
2024 01 26 10 14 25.01  30.976  06.425  0065.64  00.50  07.81  267.3  009.26  30.776  1024.469  1472.17 
2024 01 26 10 14 25.26  30.976  06.430  0065.46  00.49  07.81  267.3  009.26  30.772  1024.464  1472.18 
2024 01 26 10 14 25.51  30.976  06.427  0065.33  00.51  07.81  267.3  009.26  30.775  1024.467  1472.17 
2024 01 26 10 14 25.76  30.980  06.436  0065.17  00.56  07.81  267.3  009.26  30.771  1024.462  1472.20 
2024 01 26 10 14 26.01  30.979  06.435  0065.01  00.49  07.81  267.3  009.26  30.771  1024.461  1472.19 
2024 01 26 10 14 26.26  30.980  06.436  0064.90  00.49  07.81  267.3  009.26  30.771  1024.461  1472.20 
2024 01 26 10 14 26.51  30.980  06.438  0064.75  00.47  07.81  267.3  009.26  30.770  1024.459  1472.20 
2024 01 26 10 14 26.76  30.979  06.440  0064.62  00.49  07.81  268.1  009.26  30.767  1024.455  1472.20 
2024 01 26 10 14 27.01  30.982  06.441  0064.43  00.52  07.81  268.1  009.26  30.769  1024.456  1472.20 
2024 01 26 10 14 27.26  30.979  06.441  0064.25  00.47  07.81  268.1  009.26  30.766  1024.453  1472.20 
2024 01 26 10 14 27.51  30.980  06.439  0064.11  00.50  07.81  268.1  009.26  30.769  1024.455  1472.19 
2024 01 26 10 14 27.76  30.980  06.441  0063.91  00.54  07.81  268.1  009.26  30.768  1024.453  1472.19 
2024 01 26 10 14 28.01  30.981  06.441  0063.74  00.58  07.82  268.1  009.26  30.768  1024.452  1472.19 
2024 01 26 10 14 28.26  30.984  06.442  0063.57  00.57  07.82  268.1  009.29  30.771  1024.454  1472.20 
2024 01 26 10 14 28.51  30.982  06.442  0063.38  00.59  07.82  268.1  009.26  30.769  1024.451  1472.19 
2024 01 26 10 14 28.76  30.984  06.448  0063.22  00.59  07.81  268.1  009.26  30.766  1024.447  1472.21 
2024 01 26 10 14 29.01  30.986  06.450  0063.03  00.52  07.82  268.1  009.26  30.766  1024.446  1472.21 
2024 01 26 10 14 29.26  30.985  06.450  0062.90  00.48  07.82  268.1  009.26  30.765  1024.445  1472.21 
2024 01 26 10 14 29.51  30.987  06.450  0062.75  00.52  07.82  268.1  009.26  30.767  1024.446  1472.21 
2024 01 26 10 14 29.76  30.991  06.455  0062.57  00.52  07.82  269.3  009.26  30.768  1024.445  1472.23 
2024 01 26 10 14 30.01  30.996  06.466  0062.42  00.49  07.82  269.3  009.26  30.763  1024.439  1472.26 
2024 01 26 10 14 30.26  30.996  06.467  0062.22  00.48  07.82  269.3  009.26  30.762  1024.437  1472.26 
2024 01 26 10 14 30.51  30.997  06.470  0062.08  00.49  07.82  269.3  009.26  30.761  1024.435  1472.27 
2024 01 26 10 14 30.76  30.996  06.469  0061.90  00.55  07.82  269.3  009.26  30.761  1024.435  1472.26 
2024 01 26 10 14 31.01  30.999  06.471  0061.72  00.58  07.82  269.3  009.26  30.761  1024.434  1472.27 
2024 01 26 10 14 31.26  31.002  06.474  0061.58  00.54  07.82  269.3  009.26  30.762  1024.433  1472.28 
2024 01 26 10 14 31.51  31.000  06.474  0061.43  00.52  07.82  269.3  009.26  30.761  1024.432  1472.28 
2024 01 26 10 14 31.76  31.003  06.479  0061.28  00.50  07.82  269.3  009.26  30.760  1024.430  1472.29 
2024 01 26 10 14 32.01  31.003  06.478  0061.13  00.50  07.82  269.3  009.26  30.760  1024.429  1472.29 
2024 01 26 10 14 32.26  31.003  06.479  0061.00  00.51  07.82  269.3  009.26  30.759  1024.428  1472.29 
2024 01 26 10 14 32.51  31.003  06.481  0060.88  00.58  07.82  269.3  009.26  30.758  1024.426  1472.29 
2024 01 26 10 14 32.76  31.005  06.483  0060.74  00.64  07.82  270.3  009.26  30.758  1024.425  1472.30 
2024 01 26 10 14 33.01  31.007  06.485  0060.55  00.59  07.82  270.3  009.26  30.758  1024.424  1472.30 
2024 01 26 10 14 33.26  31.005  06.486  0060.38  00.58  07.82  270.3  009.26  30.756  1024.422  1472.30 
2024 01 26 10 14 33.51  31.005  06.485  0060.20  00.58  07.82  270.3  009.26  30.757  1024.422  1472.29 
2024 01 26 10 14 33.76  31.007  06.488  0060.02  00.57  07.82  270.3  009.26  30.756  1024.419  1472.30 
2024 01 26 10 14 34.01  31.008  06.487  0059.83  00.53  07.82  270.3  009.26  30.758  1024.420  1472.30 
2024 01 26 10 14 34.26  31.011  06.492  0059.66  00.48  07.82  270.3  009.26  30.757  1024.418  1472.31 
2024 01 26 10 14 34.51  31.009  06.492  0059.49  00.50  07.82  270.3  009.26  30.755  1024.416  1472.31 
2024 01 26 10 14 34.76  31.008  06.493  0059.33  00.52  07.82  270.3  009.26  30.753  1024.413  1472.31 
2024 01 26 10 14 35.01  31.009  06.493  0059.15  00.50  07.82  270.3  009.26  30.755  1024.414  1472.31 
2024 01 26 10 14 35.26  31.010  06.493  0058.99  00.40  07.82  270.3  009.26  30.755  1024.413  1472.31 
2024 01 26 10 14 35.51  31.010  06.495  0058.81  00.45  07.82  270.3  009.26  30.753  1024.411  1472.31 
2024 01 26 10 14 35.76  31.011  06.498  0058.65  00.47  07.82  271.3  009.26  30.752  1024.409  1472.32 
2024 01 26 10 14 36.01  31.013  06.500  0058.46  00.52  07.82  271.3  009.26  30.752  1024.408  1472.32 
2024 01 26 10 14 36.26  31.015  06.502  0058.28  00.48  07.83  271.3  009.26  30.753  1024.408  1472.33 
2024 01 26 10 14 36.51  31.017  06.505  0058.12  00.53  07.82  271.3  009.26  30.753  1024.406  1472.34 
2024 01 26 10 14 36.76  31.018  06.506  0057.96  00.53  07.83  271.3  009.26  30.753  1024.405  1472.34 
2024 01 26 10 14 37.01  31.018  06.506  0057.80  00.51  07.83  271.3  009.26  30.753  1024.405  1472.34 
2024 01 26 10 14 37.26  31.018  06.505  0057.64  00.50  07.83  271.3  009.26  30.754  1024.405  1472.33 
2024 01 26 10 14 37.51  31.018  06.508  0057.45  00.49  07.83  271.3  009.26  30.751  1024.401  1472.33 
2024 01 26 10 14 37.76  31.016  06.506  0057.28  00.45  07.82  271.3  009.26  30.751  1024.401  1472.32 
2024 01 26 10 14 38.01  31.017  06.508  0057.12  00.45  07.83  271.3  009.26  30.750  1024.399  1472.33 
2024 01 26 10 14 38.26  31.018  06.508  0056.96  00.54  07.83  271.3  009.26  30.752  1024.400  1472.33 
2024 01 26 10 14 38.51  31.018  06.509  0056.81  00.55  07.83  271.3  009.26  30.751  1024.398  1472.33 
2024 01 26 10 14 38.76  31.020  06.509  0056.64  00.50  07.83  272.3  009.26  30.753  1024.399  1472.33 
2024 01 26 10 14 39.01  31.018  06.509  0056.44  00.52  07.83  272.3  009.26  30.750  1024.396  1472.32 
2024 01 26 10 14 39.26  31.018  06.510  0056.26  00.59  07.83  272.3  009.26  30.751  1024.396  1472.32 
2024 01 26 10 14 39.51  31.019  06.512  0056.07  00.57  07.83  272.3  009.26  30.750  1024.393  1472.33 
2024 01 26 10 14 39.76  31.019  06.514  0055.88  00.56  07.83  272.3  009.26  30.749  1024.391  1472.33 
2024 01 26 10 14 40.01  31.020  06.513  0055.71  00.79  07.83  272.3  009.26  30.750  1024.391  1472.33 
2024 01 26 10 14 40.26  31.022  06.516  0055.56  00.61  07.83  272.3  009.26  30.749  1024.390  1472.33 
2024 01 26 10 14 40.51  31.021  06.517  0055.38  00.56  07.83  272.3  009.26  30.748  1024.388  1472.33 
2024 01 26 10 14 40.76  31.022  06.517  0055.22  00.59  07.83  272.3  009.26  30.748  1024.388  1472.33 
2024 01 26 10 14 41.01  31.021  06.516  0055.03  00.53  07.83  272.3  009.26  30.748  1024.387  1472.32 
2024 01 26 10 14 41.26  31.020  06.516  0054.81  00.52  07.83  272.3  009.26  30.748  1024.386  1472.32 
2024 01 26 10 14 41.51  31.021  06.515  0054.65  00.43  07.83  272.3  009.26  30.749  1024.386  1472.32 
2024 01 26 10 14 41.76  31.022  06.516  0054.49  00.45  07.83  273.1  009.26  30.750  1024.386  1472.32 
2024 01 26 10 14 42.01  31.023  06.517  0054.33  00.65  07.83  273.1  009.26  30.750  1024.385  1472.32 
2024 01 26 10 14 42.26  31.023  06.518  0054.17  00.56  07.83  273.1  009.26  30.749  1024.384  1472.32 
2024 01 26 10 14 42.51  31.024  06.523  0053.97  00.55  07.83  273.1  009.26  30.747  1024.380  1472.33 
2024 01 26 10 14 42.76  31.022  06.521  0053.79  00.48  07.83  273.1  009.26  30.746  1024.379  1472.32 
2024 01 26 10 14 43.01  31.023  06.521  0053.60  00.48  07.83  273.1  009.26  30.748  1024.379  1472.32 
2024 01 26 10 14 43.26  31.026  06.524  0053.39  00.51  07.83  273.1  009.26  30.748  1024.379  1472.33 
2024 01 26 10 14 43.51  31.027  06.526  0053.20  00.49  07.83  273.1  009.26  30.748  1024.377  1472.33 
2024 01 26 10 14 43.76  31.029  06.529  0053.01  00.52  07.83  273.1  009.26  30.746  1024.375  1472.34 
2024 01 26 10 14 44.01  31.032  06.534  0052.82  00.53  07.83  273.1  009.26  30.745  1024.372  1472.36 
2024 01 26 10 14 44.26  31.034  06.536  0052.63  00.50  07.83  273.1  009.26  30.746  1024.372  1472.36 
2024 01 26 10 14 44.51  31.032  06.536  0052.49  00.54  07.83  273.1  009.26  30.744  1024.369  1472.36 
2024 01 26 10 14 44.76  31.035  06.538  0052.29  00.58  07.83  274.2  009.26  30.746  1024.369  1472.36 
2024 01 26 10 14 45.01  31.036  06.542  0052.12  00.56  07.83  274.2  009.26  30.743  1024.366  1472.37 
2024 01 26 10 14 45.26  31.039  06.540  0051.90  00.55  07.83  274.2  009.26  30.748  1024.370  1472.37 
2024 01 26 10 14 45.51  31.039  06.545  0051.69  00.59  07.83  274.2  009.26  30.744  1024.365  1472.38 
2024 01 26 10 14 45.76  31.038  06.546  0051.52  00.57  07.83  274.2  009.26  30.741  1024.361  1472.38 
2024 01 26 10 14 46.01  31.040  06.547  0051.33  00.53  07.83  274.2  009.26  30.743  1024.362  1472.38 
2024 01 26 10 14 46.26  31.041  06.548  0051.17  00.59  07.83  274.2  009.26  30.743  1024.361  1472.38 
2024 01 26 10 14 46.51  31.043  06.551  0050.99  00.56  07.83  274.2  009.26  30.743  1024.360  1472.39 
2024 01 26 10 14 46.76  31.043  06.548  0050.80  00.56  07.83  274.2  009.26  30.746  1024.362  1472.38 
2024 01 26 10 14 47.01  31.048  06.557  0050.60  00.52  07.83  274.2  009.26  30.743  1024.357  1472.41 
2024 01 26 10 14 47.26  31.050  06.557  0050.42  00.44  07.83  274.2  009.26  30.746  1024.359  1472.41 
2024 01 26 10 14 47.51  31.048  06.557  0050.25  00.48  07.83  274.2  009.26  30.744  1024.356  1472.40 
2024 01 26 10 14 47.76  31.046  06.553  0050.17  00.58  07.83  274.9  009.26  30.744  1024.356  1472.39 
2024 01 26 10 14 48.01  31.046  06.551  0050.08  00.59  07.83  274.9  009.26  30.747  1024.359  1472.38 
2024 01 26 10 14 48.26  31.046  06.554  0049.97  00.52  07.84  274.9  009.26  30.745  1024.356  1472.39 
2024 01 26 10 14 48.51  31.053  06.569  0049.82  00.56  07.84  274.9  009.26  30.738  1024.348  1472.44 
2024 01 26 10 14 48.76  31.054  06.571  0049.67  00.54  07.84  274.9  009.26  30.738  1024.347  1472.44 
2024 01 26 10 14 49.01  31.056  06.573  0049.54  00.51  07.84  274.9  009.26  30.738  1024.347  1472.45 
2024 01 26 10 14 49.26  31.057  06.573  0049.42  00.61  07.84  274.9  009.26  30.740  1024.347  1472.45 
2024 01 26 10 14 49.51  31.058  06.572  0049.29  00.64  07.84  274.9  009.26  30.741  1024.348  1472.45 
2024 01 26 10 14 49.76  31.057  06.573  0049.20  00.62  07.83  274.9  009.26  30.740  1024.346  1472.45 
2024 01 26 10 14 50.01  31.056  06.571  0049.15  00.55  07.84  274.9  009.26  30.740  1024.346  1472.44 
2024 01 26 10 14 50.26  31.061  06.576  0049.03  00.52  07.84  274.9  009.26  30.741  1024.346  1472.46 
2024 01 26 10 14 50.51  31.065  06.582  0048.88  00.55  07.84  274.9  009.26  30.740  1024.344  1472.48 
2024 01 26 10 14 50.76  31.068  06.591  0048.72  00.52  07.84  275.8  009.26  30.736  1024.339  1472.50 
2024 01 26 10 14 51.01  31.070  06.594  0048.57  00.55  07.84  275.8  009.26  30.735  1024.337  1472.51 
2024 01 26 10 14 51.26  31.069  06.600  0048.34  00.53  07.84  275.8  009.26  30.728  1024.330  1472.52 
2024 01 26 10 14 51.51  31.071  06.599  0048.14  00.64  07.84  275.8  009.26  30.732  1024.332  1472.52 
2024 01 26 10 14 51.76  31.071  06.597  0047.93  00.57  07.84  275.8  009.26  30.734  1024.333  1472.51 
2024 01 26 10 14 52.01  31.071  06.599  0047.76  00.57  07.84  275.8  009.26  30.732  1024.331  1472.51 
2024 01 26 10 14 52.26  31.070  06.599  0047.62  00.64  07.84  275.8  009.26  30.732  1024.329  1472.51 
2024 01 26 10 14 52.51  31.069  06.600  0047.51  00.69  07.84  275.8  009.26  30.729  1024.327  1472.51 
2024 01 26 10 14 52.76  31.070  06.599  0047.43  00.61  07.84  275.8  009.26  30.731  1024.328  1472.51 
2024 01 26 10 14 53.01  31.070  06.600  0047.27  00.64  07.84  275.8  009.26  30.731  1024.327  1472.51 
2024 01 26 10 14 53.26  31.070  06.601  0047.12  00.64  07.84  275.8  009.26  30.730  1024.325  1472.51 
2024 01 26 10 14 53.51  31.070  06.603  0046.95  00.61  07.84  275.8  009.26  30.728  1024.323  1472.51 
2024 01 26 10 14 53.76  31.071  06.604  0046.83  00.55  07.84  276.5  009.26  30.728  1024.322  1472.52 
2024 01 26 10 14 54.01  31.070  06.604  0046.78  00.56  07.84  276.5  009.26  30.728  1024.322  1472.51 
2024 01 26 10 14 54.26  31.069  06.603  0046.71  00.54  07.84  276.5  009.26  30.727  1024.321  1472.51 
2024 01 26 10 14 54.51  31.071  06.603  0046.58  00.55  07.84  276.5  009.26  30.729  1024.322  1472.51 
2024 01 26 10 14 54.76  31.072  06.603  0046.52  00.55  07.84  276.5  009.26  30.730  1024.323  1472.51 
2024 01 26 10 14 55.01  31.072  06.604  0046.39  00.57  07.84  276.5  009.26  30.730  1024.321  1472.51 
2024 01 26 10 14 55.26  31.070  06.605  0046.24  00.58  07.84  276.5  009.26  30.727  1024.318  1472.51 
2024 01 26 10 14 55.51  31.070  06.605  0046.10  00.58  07.84  276.5  009.26  30.727  1024.318  1472.50 
2024 01 26 10 14 55.76  31.071  06.606  0045.91  00.61  07.84  276.5  009.26  30.727  1024.317  1472.51 
2024 01 26 10 14 56.01  31.070  06.605  0045.76  00.62  07.84  276.5  009.26  30.727  1024.317  1472.50 
2024 01 26 10 14 56.26  31.070  06.605  0045.60  00.58  07.84  276.5  009.26  30.727  1024.315  1472.50 
2024 01 26 10 14 56.51  31.070  06.604  0045.39  00.63  07.84  276.5  009.26  30.727  1024.315  1472.49 
2024 01 26 10 14 56.76  31.071  06.606  0045.27  00.62  07.84  277.1  009.26  30.727  1024.314  1472.50 
2024 01 26 10 14 57.01  31.070  06.606  0045.07  00.63  07.84  277.1  009.26  30.726  1024.313  1472.49 
2024 01 26 10 14 57.26  31.069  06.606  0044.91  00.61  07.84  277.1  009.26  30.726  1024.311  1472.49 
2024 01 26 10 14 57.51  31.069  06.607  0044.72  00.58  07.84  277.1  009.26  30.725  1024.309  1472.49 
2024 01 26 10 14 57.76  31.070  06.604  0044.52  00.60  07.84  277.1  009.26  30.728  1024.311  1472.48 
2024 01 26 10 14 58.01  31.070  06.605  0044.33  00.56  07.84  277.1  009.26  30.728  1024.310  1472.48 
2024 01 26 10 14 58.26  31.069  06.606  0044.17  00.57  07.84  277.1  009.26  30.726  1024.308  1472.48 
2024 01 26 10 14 58.51  31.070  06.608  0043.99  00.58  07.84  277.1  009.26  30.725  1024.306  1472.48 
2024 01 26 10 14 58.76  31.070  06.608  0043.82  00.56  07.84  277.1  009.26  30.725  1024.306  1472.48 
2024 01 26 10 14 59.01  31.070  06.608  0043.63  00.56  07.84  277.1  009.26  30.725  1024.305  1472.47 
2024 01 26 10 14 59.26  31.070  06.608  0043.47  00.52  07.84  277.1  009.26  30.725  1024.304  1472.47 
2024 01 26 10 14 59.51  31.069  06.609  0043.31  00.58  07.84  277.1  009.26  30.724  1024.302  1472.47 
2024 01 26 10 14 59.76  31.071  06.609  0043.09  00.60  07.84  277.6  009.26  30.725  1024.302  1472.47 
2024 01 26 10 15 00.01  31.072  06.609  0042.91  00.54  07.84  277.6  009.29  30.727  1024.302  1472.47 
2024 01 26 10 15 00.26  31.070  06.609  0042.71  00.62  07.84  277.6  009.26  30.724  1024.300  1472.46 
2024 01 26 10 15 00.51  31.071  06.610  0042.52  00.59  07.84  277.6  009.26  30.725  1024.299  1472.46 
2024 01 26 10 15 00.76  31.071  06.611  0042.31  00.62  07.84  277.6  009.26  30.724  1024.297  1472.46 
2024 01 26 10 15 01.01  31.071  06.610  0042.14  00.56  07.84  277.6  009.26  30.725  1024.297  1472.46 
2024 01 26 10 15 01.26  31.070  06.609  0041.96  00.58  07.84  277.6  009.26  30.725  1024.296  1472.45 
2024 01 26 10 15 01.51  31.072  06.611  0041.75  00.57  07.84  277.6  009.26  30.725  1024.296  1472.45 
2024 01 26 10 15 01.76  31.070  06.610  0041.60  00.55  07.84  277.6  009.26  30.724  1024.294  1472.45 
2024 01 26 10 15 02.01  31.071  06.610  0041.40  00.56  07.84  277.6  009.26  30.725  1024.294  1472.45 
2024 01 26 10 15 02.26  31.072  06.614  0041.19  00.53  07.84  277.6  009.26  30.723  1024.291  1472.46 
2024 01 26 10 15 02.51  31.072  06.613  0041.04  00.56  07.84  277.6  009.26  30.723  1024.290  1472.45 
2024 01 26 10 15 02.76  31.073  06.613  0040.85  00.57  07.84  278.0  009.26  30.724  1024.290  1472.45 
2024 01 26 10 15 03.01  31.072  06.614  0040.66  00.60  07.84  278.0  009.26  30.723  1024.288  1472.45 
2024 01 26 10 15 03.26  31.073  06.613  0040.55  00.56  07.84  278.0  009.26  30.726  1024.290  1472.44 
2024 01 26 10 15 03.51  31.073  06.613  0040.43  00.55  07.84  278.0  009.26  30.724  1024.288  1472.44 
2024 01 26 10 15 03.76  31.071  06.612  0040.37  00.71  07.84  278.0  009.26  30.723  1024.287  1472.44 
2024 01 26 10 15 04.01  31.071  06.612  0040.29  00.58  07.84  278.0  009.26  30.724  1024.287  1472.44 
2024 01 26 10 15 04.26  31.073  06.613  0040.25  00.85  07.84  278.0  009.26  30.725  1024.288  1472.44 
2024 01 26 10 15 04.51  31.072  06.614  0040.14  00.75  07.84  278.0  009.26  30.723  1024.286  1472.44 
2024 01 26 10 15 04.76  31.074  06.614  0040.03  00.75  07.84  278.0  009.26  30.726  1024.288  1472.44 
2024 01 26 10 15 05.01  31.074  06.617  0039.88  00.65  07.84  278.0  009.26  30.723  1024.284  1472.45 
2024 01 26 10 15 05.26  31.073  06.617  0039.72  00.57  07.84  278.0  009.26  30.721  1024.282  1472.44 
2024 01 26 10 15 05.51  31.073  06.617  0039.60  00.55  07.84  278.0  009.26  30.721  1024.281  1472.44 
2024 01 26 10 15 05.76  31.074  06.617  0039.49  00.55  07.84  278.4  009.26  30.723  1024.282  1472.44 
2024 01 26 10 15 06.01  31.073  06.619  0039.37  00.60  07.84  278.4  009.26  30.720  1024.280  1472.45 
2024 01 26 10 15 06.26  31.076  06.622  0039.20  00.69  07.84  278.4  009.26  30.720  1024.279  1472.45 
2024 01 26 10 15 06.51  31.077  06.626  0039.00  00.61  07.84  278.4  009.26  30.719  1024.276  1472.46 
2024 01 26 10 15 06.76  31.080  06.629  0038.79  00.60  07.84  278.4  009.26  30.719  1024.275  1472.47 
2024 01 26 10 15 07.01  31.078  06.627  0038.61  00.59  07.84  278.4  009.26  30.719  1024.274  1472.46 
2024 01 26 10 15 07.26  31.077  06.628  0038.41  00.69  07.84  278.4  009.26  30.718  1024.272  1472.46 
2024 01 26 10 15 07.51  31.078  06.628  0038.22  00.62  07.84  278.4  009.26  30.719  1024.272  1472.46 
2024 01 26 10 15 07.76  31.082  06.635  0038.01  00.57  07.84  278.4  009.26  30.716  1024.268  1472.48 
2024 01 26 10 15 08.01  31.089  06.643  0037.82  00.58  07.84  278.4  009.26  30.716  1024.266  1472.51 
2024 01 26 10 15 08.26  31.099  06.665  0037.60  00.55  07.85  278.4  009.26  30.708  1024.256  1472.58 
2024 01 26 10 15 08.51  31.100  06.667  0037.42  00.50  07.84  278.4  009.26  30.707  1024.254  1472.59 
2024 01 26 10 15 08.76  31.100  06.665  0037.27  00.54  07.84  278.7  009.26  30.709  1024.255  1472.58 
2024 01 26 10 15 09.01  31.100  06.670  0037.09  00.59  07.85  278.7  009.26  30.704  1024.250  1472.59 
2024 01 26 10 15 09.26  31.104  06.676  0036.92  00.64  07.84  278.7  009.26  30.704  1024.248  1472.61 
2024 01 26 10 15 09.51  31.105  06.681  0036.77  00.63  07.85  278.7  009.26  30.701  1024.245  1472.62 
2024 01 26 10 15 09.76  31.104  06.679  0036.69  00.62  07.85  278.7  009.26  30.701  1024.244  1472.61 
2024 01 26 10 15 10.01  31.104  06.679  0036.65  00.67  07.85  278.7  009.26  30.701  1024.244  1472.61 
2024 01 26 10 15 10.26  31.112  06.691  0036.62  00.59  07.85  278.7  009.26  30.700  1024.242  1472.66 
2024 01 26 10 15 10.51  31.113  06.694  0036.55  00.67  07.85  278.7  009.26  30.698  1024.240  1472.67 
2024 01 26 10 15 10.76  31.115  06.699  0036.44  00.56  07.84  278.7  009.26  30.696  1024.237  1472.68 
2024 01 26 10 15 11.01  31.116  06.705  0036.26  00.68  07.85  278.7  009.26  30.691  1024.231  1472.70 
2024 01 26 10 15 11.26  31.124  06.712  0036.07  00.61  07.85  278.7  009.26  30.694  1024.232  1472.72 
2024 01 26 10 15 11.51  31.136  06.731  0035.91  00.58  07.85  278.7  009.26  30.690  1024.226  1472.79 
2024 01 26 10 15 11.76  31.141  06.740  0035.73  00.57  07.85  278.9  009.26  30.688  1024.222  1472.82 
2024 01 26 10 15 12.01  31.137  06.743  0035.58  00.55  07.85  278.9  009.26  30.681  1024.215  1472.82 
2024 01 26 10 15 12.26  31.132  06.730  0035.54  00.57  07.85  278.9  009.26  30.686  1024.221  1472.78 
2024 01 26 10 15 12.51  31.135  06.734  0035.54  00.59  07.85  278.9  009.26  30.687  1024.222  1472.79 
2024 01 26 10 15 12.76  31.135  06.728  0035.51  00.59  07.85  278.9  009.26  30.692  1024.226  1472.78 
2024 01 26 10 15 13.01  31.135  06.730  0035.43  00.64  07.85  278.9  009.26  30.691  1024.225  1472.78 
2024 01 26 10 15 13.26  31.133  06.736  0035.29  00.70  07.85  278.9  009.26  30.683  1024.217  1472.79 
2024 01 26 10 15 13.51  31.135  06.737  0035.11  00.59  07.85  278.9  009.26  30.685  1024.217  1472.80 
2024 01 26 10 15 13.76  31.134  06.739  0034.90  00.58  07.85  278.9  009.26  30.682  1024.213  1472.79 
2024 01 26 10 15 14.01  31.135  06.744  0034.70  00.61  07.85  278.9  009.26  30.678  1024.209  1472.81 
2024 01 26 10 15 14.26  31.135  06.749  0034.54  00.59  07.85  278.9  009.26  30.674  1024.204  1472.82 
2024 01 26 10 15 14.51  31.135  06.747  0034.40  00.60  07.85  278.9  009.26  30.675  1024.205  1472.81 
2024 01 26 10 15 14.76  31.135  06.749  0034.25  00.57  07.85  278.8  009.26  30.674  1024.203  1472.81 
2024 01 26 10 15 15.01  31.137  06.767  0034.10  00.56  07.85  278.8  009.26  30.660  1024.189  1472.87 
2024 01 26 10 15 15.26  31.139  06.780  0033.97  00.62  07.85  278.8  009.26  30.650  1024.179  1472.90 
2024 01 26 10 15 15.51  31.140  06.788  0033.83  00.62  07.85  278.8  009.26  30.645  1024.174  1472.93 
2024 01 26 10 15 15.76  31.138  06.795  0033.67  00.80  07.85  278.8  009.26  30.636  1024.165  1472.94 
2024 01 26 10 15 16.01  31.135  06.783  0033.48  00.73  07.85  278.8  009.26  30.644  1024.172  1472.90 
2024 01 26 10 15 16.26  31.137  06.798  0033.32  00.62  07.85  278.8  009.26  30.632  1024.160  1472.94 
2024 01 26 10 15 16.51  31.140  06.801  0033.14  00.68  07.85  278.8  009.26  30.634  1024.160  1472.95 
2024 01 26 10 15 16.76  31.138  06.798  0032.97  00.62  07.85  278.8  009.26  30.633  1024.159  1472.94 
2024 01 26 10 15 17.01  31.137  06.804  0032.81  00.61  07.85  278.8  009.26  30.628  1024.153  1472.95 
2024 01 26 10 15 17.26  31.138  06.821  0032.68  00.63  07.85  278.8  009.26  30.613  1024.139  1473.00 
2024 01 26 10 15 17.51  31.137  06.828  0032.53  00.65  07.85  278.8  009.26  30.606  1024.132  1473.01 
2024 01 26 10 15 17.76  31.135  06.835  0032.38  00.73  07.85  278.8  009.26  30.598  1024.123  1473.03 
2024 01 26 10 15 18.01  31.137  06.836  0032.20  00.86  07.85  278.8  009.26  30.599  1024.124  1473.03 
2024 01 26 10 15 18.26  31.139  06.839  0032.05  00.78  07.85  278.8  009.26  30.599  1024.122  1473.04 
2024 01 26 10 15 18.51  31.143  06.854  0031.91  00.66  07.85  278.8  009.26  30.591  1024.113  1473.09 
2024 01 26 10 15 18.76  31.147  06.860  0031.75  00.64  07.85  278.8  009.26  30.589  1024.111  1473.10 
2024 01 26 10 15 19.01  31.147  06.860  0031.59  00.64  07.85  278.8  009.26  30.589  1024.110  1473.10 
2024 01 26 10 15 19.26  31.155  06.877  0031.42  00.64  07.85  278.8  009.29  30.582  1024.102  1473.16 
2024 01 26 10 15 19.51  31.156  06.879  0031.27  00.75  07.85  278.8  009.26  30.582  1024.100  1473.17 
2024 01 26 10 15 19.76  31.164  06.884  0031.17  00.76  07.85  278.8  009.26  30.586  1024.103  1473.19 
2024 01 26 10 15 20.01  31.155  06.871  0031.15  00.73  07.85  278.8  009.26  30.588  1024.106  1473.14 
2024 01 26 10 15 20.26  31.152  06.860  0031.17  00.75  07.85  278.8  009.26  30.595  1024.113  1473.10 
2024 01 26 10 15 20.51  31.151  06.858  0031.18  00.77  07.85  278.8  009.26  30.595  1024.113  1473.10 
2024 01 26 10 15 20.76  31.154  06.870  0031.17  00.77  07.85  277.9  009.26  30.588  1024.105  1473.13 
2024 01 26 10 15 21.01  31.161  06.894  0031.03  00.77  07.85  277.9  009.26  30.574  1024.091  1473.21 
2024 01 26 10 15 21.26  31.161  06.913  0030.85  00.77  07.85  277.9  009.26  30.557  1024.074  1473.26 
2024 01 26 10 15 21.51  31.161  06.928  0030.66  00.76  07.85  277.9  009.26  30.544  1024.062  1473.30 
2024 01 26 10 15 21.76  31.163  06.925  0030.53  00.76  07.85  277.9  009.26  30.548  1024.065  1473.29 
2024 01 26 10 15 22.01  31.157  06.933  0030.36  00.79  07.85  277.9  009.26  30.535  1024.052  1473.30 
2024 01 26 10 15 22.26  31.154  06.941  0030.20  00.81  07.85  277.9  009.26  30.525  1024.042  1473.32 
2024 01 26 10 15 22.51  31.152  06.961  0030.09  00.81  07.85  277.9  009.26  30.506  1024.024  1473.37 
2024 01 26 10 15 22.76  31.153  06.958  0029.98  00.78  07.85  277.9  009.26  30.509  1024.027  1473.36 
2024 01 26 10 15 23.01  31.154  06.960  0029.87  00.69  07.85  277.9  009.26  30.509  1024.026  1473.37 
2024 01 26 10 15 23.26  31.156  06.998  0029.72  00.78  07.85  277.9  009.26  30.477  1023.996  1473.47 
2024 01 26 10 15 23.51  31.159  07.008  0029.60  00.76  07.85  277.9  009.26  30.471  1023.989  1473.51 
2024 01 26 10 15 23.76  31.159  07.015  0029.47  00.72  07.85  276.4  009.26  30.465  1023.983  1473.52 
2024 01 26 10 15 24.01  31.163  07.017  0029.29  00.79  07.85  276.4  009.26  30.468  1023.984  1473.53 
2024 01 26 10 15 24.26  31.180  07.067  0029.09  00.80  07.85  276.4  009.26  30.442  1023.956  1473.69 
2024 01 26 10 15 24.51  31.176  07.058  0028.94  00.75  07.85  276.4  009.26  30.446  1023.959  1473.66 
2024 01 26 10 15 24.76  31.178  07.063  0028.78  00.80  07.85  276.4  009.26  30.443  1023.956  1473.67 
2024 01 26 10 15 25.01  31.183  07.084  0028.62  00.82  07.85  276.4  009.26  30.431  1023.943  1473.74 
2024 01 26 10 15 25.26  31.195  07.116  0028.44  00.82  07.85  276.4  009.26  30.415  1023.926  1473.84 
2024 01 26 10 15 25.51  31.201  07.127  0028.27  00.85  07.85  276.4  009.26  30.412  1023.921  1473.88 
2024 01 26 10 15 25.76  31.213  07.160  0028.14  00.91  07.85  276.4  009.26  30.397  1023.904  1473.98 
2024 01 26 10 15 26.01  31.235  07.229  0027.98  00.93  07.85  276.4  009.26  30.359  1023.865  1474.20 
2024 01 26 10 15 26.26  31.251  07.260  0027.81  00.98  07.85  276.4  009.26  30.350  1023.852  1474.31 
2024 01 26 10 15 26.51  31.258  07.263  0027.62  00.95  07.85  276.4  009.26  30.355  1023.855  1474.32 
2024 01 26 10 15 26.76  31.262  07.271  0027.45  00.90  07.85  275.1  009.26  30.352  1023.851  1474.35 
2024 01 26 10 15 27.01  31.291  07.300  0027.28  01.00  07.85  275.1  009.26  30.357  1023.851  1474.47 
2024 01 26 10 15 27.26  31.306  07.348  0027.13  01.00  07.86  275.1  009.26  30.331  1023.823  1474.62 
2024 01 26 10 15 27.51  31.302  07.326  0026.97  01.07  07.85  275.1  009.26  30.347  1023.838  1474.55 
2024 01 26 10 15 27.76  31.332  07.342  0026.85  01.13  07.86  275.1  009.26  30.365  1023.849  1474.63 
2024 01 26 10 15 28.01  31.338  07.400  0026.73  01.11  07.86  275.1  009.26  30.321  1023.806  1474.80 
2024 01 26 10 15 28.26  31.345  07.386  0026.59  01.08  07.86  275.1  009.26  30.341  1023.823  1474.77 
2024 01 26 10 15 28.51  31.373  07.431  0026.46  01.12  07.86  275.1  009.26  30.332  1023.809  1474.93 
2024 01 26 10 15 28.76  31.373  07.448  0026.33  01.07  07.86  275.1  009.26  30.317  1023.795  1474.97 
2024 01 26 10 15 29.01  31.377  07.455  0026.18  01.12  07.87  275.1  009.26  30.315  1023.791  1475.00 
2024 01 26 10 15 29.26  31.380  07.457  0025.98  01.13  07.87  275.1  009.26  30.316  1023.791  1475.00 
2024 01 26 10 15 29.51  31.381  07.456  0025.78  01.10  07.87  275.1  009.26  30.318  1023.792  1475.00 
2024 01 26 10 15 29.76  31.425  07.544  0025.61  01.03  07.87  274.2  009.26  30.289  1023.757  1475.30 
2024 01 26 10 15 30.01  31.406  07.501  0025.46  01.04  07.87  274.2  009.29  30.306  1023.775  1475.15 
2024 01 26 10 15 30.26  31.411  07.511  0025.32  01.11  07.87  274.2  009.26  30.302  1023.771  1475.18 
2024 01 26 10 15 30.51  31.425  07.516  0025.16  01.17  07.87  274.2  009.26  30.313  1023.777  1475.22 
2024 01 26 10 15 30.76  31.423  07.529  0025.05  01.30  07.88  274.2  009.26  30.299  1023.764  1475.25 
2024 01 26 10 15 31.01  31.429  07.550  0024.89  01.31  07.88  274.2  009.26  30.288  1023.752  1475.31 
2024 01 26 10 15 31.26  31.415  07.556  0024.69  01.30  07.88  274.2  009.26  30.267  1023.734  1475.31 
2024 01 26 10 15 31.51  31.401  07.549  0024.55  01.42  07.88  274.2  009.26  30.258  1023.727  1475.27 
2024 01 26 10 15 31.76  31.402  07.544  0024.47  01.32  07.88  274.2  009.26  30.264  1023.732  1475.25 
2024 01 26 10 15 32.01  31.405  07.546  0024.39  01.52  07.88  274.2  009.26  30.265  1023.732  1475.26 
2024 01 26 10 15 32.26  31.403  07.546  0024.30  01.45  07.88  274.2  009.26  30.264  1023.731  1475.26 
2024 01 26 10 15 32.51  31.393  07.581  0024.14  01.52  07.88  274.2  009.26  30.223  1023.693  1475.34 
2024 01 26 10 15 32.76  31.385  07.622  0023.99  01.29  07.88  274.1  009.26  30.179  1023.653  1475.44 
2024 01 26 10 15 33.01  31.397  07.634  0023.85  01.26  07.88  274.1  009.26  30.180  1023.651  1475.49 
2024 01 26 10 15 33.26  31.412  07.780  0023.69  01.31  07.88  274.1  009.26  30.071  1023.545  1475.91 
2024 01 26 10 15 33.51  31.411  07.753  0023.58  01.34  07.88  274.1  009.26  30.093  1023.565  1475.83 
2024 01 26 10 15 33.76  31.427  07.777  0023.49  01.38  07.88  274.1  009.26  30.089  1023.559  1475.92 
2024 01 26 10 15 34.01  31.424  07.805  0023.34  01.48  07.89  274.1  009.26  30.063  1023.534  1475.99 
2024 01 26 10 15 34.26  31.470  07.911  0023.20  01.53  07.89  274.1  009.26  30.019  1023.484  1476.34 
2024 01 26 10 15 34.51  31.483  07.972  0023.09  01.56  07.89  274.1  009.26  29.980  1023.445  1476.53 
2024 01 26 10 15 34.76  31.475  07.955  0022.95  01.68  07.89  274.1  009.26  29.987  1023.452  1476.46 
2024 01 26 10 15 35.01  31.481  07.956  0022.88  01.68  07.89  274.1  009.26  29.993  1023.455  1476.48 
2024 01 26 10 15 35.26  31.528  08.122  0022.73  01.83  07.90  274.1  009.26  29.900  1023.359  1476.99 
2024 01 26 10 15 35.51  31.546  08.199  0022.56  01.82  07.90  274.1  009.26  29.854  1023.311  1477.23 
2024 01 26 10 15 35.76  31.544  08.116  0022.38  01.71  07.90  274.3  009.26  29.922  1023.375  1476.99 
2024 01 26 10 15 36.01  31.578  08.298  0022.23  01.95  07.91  274.3  009.26  29.803  1023.256  1477.54 
2024 01 26 10 15 36.26  31.608  08.343  0022.06  02.09  07.91  274.3  009.26  29.797  1023.244  1477.70 
2024 01 26 10 15 36.51  31.650  08.563  0021.95  02.09  07.92  274.3  009.26  29.655  1023.101  1478.35 
2024 01 26 10 15 36.76  31.657  08.561  0021.81  02.22  07.92  274.3  009.26  29.664  1023.108  1478.35 
2024 01 26 10 15 37.01  31.677  08.640  0021.71  02.28  07.93  274.3  009.26  29.619  1023.060  1478.59 
2024 01 26 10 15 37.26  31.637  08.484  0021.61  02.23  07.93  274.3  009.26  29.708  1023.152  1478.11 
2024 01 26 10 15 37.51  31.619  08.470  0021.53  02.16  07.94  274.3  009.26  29.702  1023.149  1478.05 
2024 01 26 10 15 37.76  31.658  08.553  0021.38  02.23  07.93  274.3  009.26  29.672  1023.113  1478.33 
2024 01 26 10 15 38.01  31.689  08.726  0021.25  02.14  07.94  274.3  009.26  29.560  1022.999  1478.84 
2024 01 26 10 15 38.26  31.696  08.798  0021.11  02.30  07.94  274.3  009.26  29.507  1022.947  1479.04 
2024 01 26 10 15 38.51  31.692  08.765  0020.96  02.38  07.95  274.3  009.26  29.530  1022.969  1478.95 
2024 01 26 10 15 38.76  31.689  08.712  0020.79  02.52  07.95  277.0  009.26  29.571  1023.008  1478.79 
2024 01 26 10 15 39.01  31.705  08.800  0020.64  02.37  07.95  277.0  009.26  29.514  1022.950  1479.05 
2024 01 26 10 15 39.26  31.717  08.823  0020.49  02.33  07.95  277.0  009.26  29.508  1022.941  1479.13 
2024 01 26 10 15 39.51  31.716  08.863  0020.35  02.56  07.95  277.0  009.26  29.473  1022.908  1479.23 
2024 01 26 10 15 39.76  31.740  08.923  0020.22  02.48  07.95  277.0  009.26  29.449  1022.879  1479.43 
2024 01 26 10 15 40.01  31.739  08.962  0020.11  02.66  07.96  277.0  009.26  29.415  1022.846  1479.53 
2024 01 26 10 15 40.26  31.713  08.809  0020.00  02.84  07.96  277.0  009.26  29.515  1022.947  1479.08 
2024 01 26 10 15 40.51  31.760  08.975  0019.87  02.67  07.96  277.0  009.26  29.426  1022.852  1479.59 
2024 01 26 10 15 40.76  31.767  09.002  0019.74  02.85  07.96  277.0  009.26  29.410  1022.835  1479.67 
2024 01 26 10 15 41.01  31.789  09.059  0019.61  02.87  07.97  277.0  009.26  29.386  1022.807  1479.85 
2024 01 26 10 15 41.26  31.787  09.096  0019.46  03.05  07.97  277.0  009.26  29.354  1022.776  1479.95 
2024 01 26 10 15 41.51  31.783  09.093  0019.31  03.05  07.97  277.0  009.26  29.352  1022.774  1479.93 
2024 01 26 10 15 41.76  31.783  09.079  0019.21  03.15  07.97  276.9  009.26  29.364  1022.785  1479.89 
2024 01 26 10 15 42.01  31.787  09.080  0019.08  03.19  07.97  276.9  009.26  29.367  1022.787  1479.90 
2024 01 26 10 15 42.26  31.788  09.077  0018.95  03.27  07.98  276.9  009.26  29.371  1022.789  1479.89 
2024 01 26 10 15 42.51  31.795  09.103  0018.79  03.36  07.98  276.9  009.26  29.357  1022.774  1479.97 
2024 01 26 10 15 42.76  31.802  09.122  0018.64  03.39  07.98  276.9  009.26  29.348  1022.764  1480.02 
2024 01 26 10 15 43.01  31.799  09.137  0018.46  03.50  07.98  276.9  009.26  29.333  1022.748  1480.06 
2024 01 26 10 15 43.26  31.810  09.159  0018.26  03.47  07.98  276.9  009.26  29.326  1022.739  1480.13 
2024 01 26 10 15 43.51  31.809  09.182  0018.06  03.34  07.98  276.9  009.26  29.307  1022.719  1480.19 
2024 01 26 10 15 43.76  31.811  09.207  0017.94  03.45  07.98  276.9  009.26  29.288  1022.700  1480.26 
2024 01 26 10 15 44.01  31.810  09.206  0017.78  03.83  07.98  276.9  009.26  29.288  1022.700  1480.25 
2024 01 26 10 15 44.26  31.817  09.218  0017.65  03.84  07.98  276.9  009.26  29.285  1022.695  1480.29 
2024 01 26 10 15 44.51  31.822  09.236  0017.49  03.77  07.99  276.9  009.26  29.275  1022.684  1480.34 
2024 01 26 10 15 44.76  31.833  09.291  0017.35  04.01  07.99  279.3  009.26  29.241  1022.649  1480.50 
2024 01 26 10 15 45.01  31.832  09.312  0017.22  04.26  07.99  279.3  009.26  29.224  1022.631  1480.55 
2024 01 26 10 15 45.26  31.827  09.263  0017.19  04.07  07.99  279.3  009.26  29.259  1022.666  1480.42 
2024 01 26 10 15 45.51  31.826  09.241  0017.14  04.25  07.99  279.3  009.26  29.275  1022.682  1480.35 
2024 01 26 10 15 45.76  31.830  09.255  0017.16  04.06  07.99  279.3  009.26  29.268  1022.674  1480.40 
2024 01 26 10 15 46.01  31.848  09.402  0017.17  04.11  07.99  279.3  009.26  29.166  1022.573  1480.82 
2024 01 26 10 15 46.26  31.855  09.459  0017.18  04.76  07.99  279.3  009.26  29.127  1022.533  1480.98 
2024 01 26 10 15 46.51  31.855  09.472  0017.16  05.50  07.99  279.3  009.26  29.116  1022.523  1481.02 
2024 01 26 10 15 46.76  31.852  09.475  0017.17  05.74  07.99  279.3  009.26  29.111  1022.518  1481.02 
2024 01 26 10 15 47.01  31.855  09.479  0017.19  06.00  08.00  279.3  009.26  29.111  1022.517  1481.04 
2024 01 26 10 15 47.26  31.853  09.469  0017.16  06.20  08.00  279.3  009.26  29.117  1022.524  1481.01 
2024 01 26 10 15 47.51  31.857  09.491  0017.09  05.90  08.00  279.3  009.26  29.104  1022.510  1481.07 
2024 01 26 10 15 47.76  31.847  09.457  0016.98  05.88  08.00  282.8  009.26  29.121  1022.528  1480.96 
2024 01 26 10 15 48.01  31.836  09.421  0016.81  05.43  08.00  282.8  009.26  29.139  1022.546  1480.85 
2024 01 26 10 15 48.26  31.829  09.447  0016.70  05.41  08.00  282.8  009.26  29.111  1022.520  1480.91 
2024 01 26 10 15 48.51  31.824  09.432  0016.55  05.91  08.00  282.8  009.26  29.118  1022.527  1480.86 
2024 01 26 10 15 48.76  31.819  09.457  0016.38  06.25  08.00  282.8  009.26  29.093  1022.503  1480.92 
2024 01 26 10 15 49.01  31.811  09.503  0016.19  06.26  08.00  282.8  009.26  29.048  1022.460  1481.03 
2024 01 26 10 15 49.26  31.806  09.544  0015.99  06.43  08.00  282.8  009.26  29.010  1022.423  1481.13 
2024 01 26 10 15 49.51  31.802  09.569  0015.79  06.91  08.01  282.8  009.26  28.986  1022.400  1481.19 
2024 01 26 10 15 49.76  31.798  09.585  0015.63  07.25  08.00  282.8  009.26  28.968  1022.383  1481.23 
2024 01 26 10 15 50.01  31.792  09.587  0015.41  07.55  08.01  282.8  009.26  28.961  1022.376  1481.22 
2024 01 26 10 15 50.26  31.794  09.583  0015.24  07.21  08.01  282.8  009.26  28.966  1022.379  1481.21 
2024 01 26 10 15 50.51  31.788  09.595  0015.06  07.34  08.01  282.8  009.26  28.951  1022.365  1481.23 
2024 01 26 10 15 50.76  31.787  09.603  0014.87  07.72  08.01  287.5  009.26  28.943  1022.357  1481.25 
2024 01 26 10 15 51.01  31.787  09.601  0014.74  07.96  08.01  287.5  009.26  28.944  1022.357  1481.25 
2024 01 26 10 15 51.26  31.790  09.601  0014.59  07.47  08.01  287.5  009.26  28.947  1022.359  1481.25 
2024 01 26 10 15 51.51  31.790  09.601  0014.42  07.65  08.01  287.5  009.26  28.947  1022.359  1481.24 
2024 01 26 10 15 51.76  31.787  09.605  0014.27  08.22  08.01  287.5  009.26  28.942  1022.353  1481.25 
2024 01 26 10 15 52.01  31.781  09.624  0014.08  08.25  08.01  287.5  009.26  28.920  1022.332  1481.29 
2024 01 26 10 15 52.26  31.781  09.611  0013.89  07.53  08.01  287.5  009.26  28.931  1022.342  1481.25 
2024 01 26 10 15 52.51  31.774  09.632  0013.70  07.83  08.02  287.5  009.26  28.907  1022.319  1481.30 
2024 01 26 10 15 52.76  31.771  09.638  0013.55  07.93  08.01  287.5  009.26  28.900  1022.312  1481.31 
2024 01 26 10 15 53.01  31.773  09.635  0013.41  07.80  08.02  287.5  009.26  28.904  1022.315  1481.30 
2024 01 26 10 15 53.26  31.771  09.643  0013.24  08.59  08.02  287.5  009.26  28.896  1022.306  1481.32 
2024 01 26 10 15 53.51  31.764  09.668  0013.09  08.42  08.02  287.5  009.26  28.869  1022.281  1481.37 
2024 01 26 10 15 53.76  31.761  09.677  0012.95  07.98  08.02  290.9  009.26  28.858  1022.270  1481.39 
2024 01 26 10 15 54.01  31.760  09.666  0012.87  08.15  08.02  290.9  009.26  28.867  1022.279  1481.36 
2024 01 26 10 15 54.26  31.767  09.652  0012.88  08.70  08.02  290.9  009.26  28.885  1022.295  1481.33 
2024 01 26 10 15 54.51  31.750  09.711  0012.84  08.27  08.02  290.9  009.26  28.820  1022.235  1481.47 
2024 01 26 10 15 54.76  31.750  09.695  0012.71  08.61  08.02  290.9  009.26  28.833  1022.247  1481.42 
2024 01 26 10 15 55.01  31.746  09.701  0012.58  08.40  08.02  290.9  009.26  28.824  1022.238  1481.43 
2024 01 26 10 15 55.26  31.717  09.722  0012.38  08.38  08.02  290.9  009.26  28.778  1022.198  1481.45 
2024 01 26 10 15 55.51  31.691  09.742  0012.20  08.45  08.02  290.9  009.26  28.737  1022.162  1481.47 
2024 01 26 10 15 55.76  31.665  09.736  0012.02  09.06  08.02  290.9  009.26  28.715  1022.145  1481.42 
2024 01 26 10 15 56.01  31.553  09.782  0011.79  09.60  08.02  290.9  009.26  28.566  1022.022  1481.41 
2024 01 26 10 15 56.26  31.510  09.793  0011.56  10.08  08.03  290.9  009.26  28.514  1021.978  1481.38 
2024 01 26 10 15 56.51  31.501  09.794  0011.36  11.12  08.03  290.9  009.26  28.505  1021.969  1481.37 
2024 01 26 10 15 56.76  31.467  09.793  0011.14  12.49  08.03  293.4  009.26  28.472  1021.944  1481.32 
2024 01 26 10 15 57.01  31.443  09.793  0011.00  13.56  08.03  293.4  009.26  28.448  1021.924  1481.29 
2024 01 26 10 15 57.26  31.427  09.781  0010.89  14.81  08.03  293.4  009.26  28.441  1021.920  1481.23 
2024 01 26 10 15 57.51  31.451  09.788  0010.81  15.96  08.03  293.4  009.26  28.459  1021.933  1481.28 
2024 01 26 10 15 57.76  31.443  09.795  0010.82  16.42  08.04  293.4  009.26  28.446  1021.921  1481.29 
2024 01 26 10 15 58.01  31.431  09.789  0010.78  16.33  08.04  293.4  009.26  28.439  1021.916  1481.26 
2024 01 26 10 15 58.26  31.408  09.787  0010.73  16.71  08.04  293.4  009.26  28.418  1021.900  1481.23 
2024 01 26 10 15 58.51  31.390  09.780  0010.70  17.60  08.04  293.4  009.26  28.406  1021.892  1481.18 
2024 01 26 10 15 58.76  31.292  09.763  0010.59  18.03  08.03  293.4  009.26  28.321  1021.828  1481.02 
2024 01 26 10 15 59.01  31.300  09.763  0010.46  18.83  08.04  293.4  009.26  28.329  1021.833  1481.03 
2024 01 26 10 15 59.26  31.311  09.764  0010.31  18.46  08.04  293.4  009.26  28.339  1021.840  1481.04 
2024 01 26 10 15 59.51  31.287  09.764  0010.14  18.62  08.04  293.4  009.26  28.314  1021.820  1481.01 
2024 01 26 10 15 59.76  31.299  09.772  0009.99  18.36  08.04  296.8  009.26  28.321  1021.824  1481.04 
2024 01 26 10 16 00.01  31.275  09.777  0009.81  17.44  08.04  296.8  009.26  28.293  1021.800  1481.02 
2024 01 26 10 16 00.26  31.264  09.781  0009.65  17.59  08.04  296.8  009.26  28.278  1021.787  1481.02 
2024 01 26 10 16 00.51  31.261  09.782  0009.45  18.48  08.04  296.8  009.26  28.275  1021.784  1481.01 
2024 01 26 10 16 00.76  31.258  09.781  0009.32  16.90  08.05  296.8  009.26  28.273  1021.782  1481.00 
2024 01 26 10 16 01.01  31.250  09.783  0009.15  16.66  08.05  296.8  009.26  28.263  1021.773  1481.00 
2024 01 26 10 16 01.26  31.237  09.782  0008.96  16.86  08.05  296.8  009.26  28.251  1021.763  1480.97 
2024 01 26 10 16 01.51  31.236  09.782  0008.78  16.88  08.05  296.8  009.26  28.251  1021.762  1480.97 
2024 01 26 10 16 01.76  31.224  09.778  0008.58  16.62  08.04  296.8  009.23  28.242  1021.754  1480.94 
2024 01 26 10 16 02.01  31.194  09.767  0008.43  16.01  08.05  296.8  009.26  28.220  1021.739  1480.88 
2024 01 26 10 16 02.26  31.194  09.766  0008.25  15.13  08.05  296.8  009.26  28.222  1021.739  1480.87 
2024 01 26 10 16 02.51  31.131  09.718  0008.07  15.03  08.05  296.8  009.26  28.196  1021.726  1480.66 
2024 01 26 10 16 02.76  31.087  09.692  0007.84  14.17  08.05  300.8  009.26  28.172  1021.710  1480.53 
2024 01 26 10 16 03.01  31.036  09.654  0007.67  14.07  08.05  300.8  009.26  28.151  1021.699  1480.36 
2024 01 26 10 16 03.26  31.009  09.648  0007.52  13.50  08.06  300.8  009.26  28.128  1021.681  1480.31 
2024 01 26 10 16 03.51  30.981  09.623  0007.35  13.33  08.06  300.8  009.26  28.120  1021.678  1480.20 
2024 01 26 10 16 03.76  30.942  09.604  0007.16  12.73  08.06  300.8  009.26  28.096  1021.661  1480.10 
2024 01 26 10 16 04.01  30.930  09.580  0006.94  12.41  08.06  300.8  009.26  28.103  1021.669  1480.02 
2024 01 26 10 16 04.26  30.839  09.525  0006.73  12.66  08.06  300.8  009.26  28.054  1021.638  1479.75 
2024 01 26 10 16 04.51  30.747  09.451  0006.51  12.53  08.06  300.8  009.26  28.020  1021.622  1479.43 
2024 01 26 10 16 04.76  30.686  09.415  0006.32  11.96  08.05  300.8  009.26  27.987  1021.600  1479.25 
2024 01 26 10 16 05.01  30.586  09.345  0006.11  11.14  08.06  300.8  009.26  27.940  1021.574  1478.93 
2024 01 26 10 16 05.26  30.562  09.332  0005.96  11.12  08.06  300.8  009.26  27.926  1021.564  1478.86 
2024 01 26 10 16 05.51  30.543  09.316  0005.74  10.73  08.07  300.8  009.26  27.919  1021.560  1478.79 
2024 01 26 10 16 05.76  30.547  09.322  0005.53  10.41  08.06  305.0  009.26  27.920  1021.558  1478.81 
2024 01 26 10 16 06.01  30.536  09.319  0005.35  11.04  08.07  305.0  009.26  27.911  1021.551  1478.79 
2024 01 26 10 16 06.26  30.363  09.200  0005.18  11.68  08.06  305.0  009.26  27.829  1021.504  1478.24 
2024 01 26 10 16 06.51  30.359  09.192  0005.00  11.68  08.06  305.0  009.26  27.830  1021.505  1478.21 
2024 01 26 10 16 06.76  30.316  09.168  0004.81  11.80  08.07  305.0  009.26  27.805  1021.489  1478.09 
2024 01 26 10 16 07.01  30.189  09.149  0004.62  11.52  08.07  305.0  009.26  27.692  1021.402  1477.87 
2024 01 26 10 16 07.26  30.119  09.163  0004.42  10.90  08.07  305.0  009.26  27.611  1021.336  1477.82 
2024 01 26 10 16 07.51  30.174  09.209  0004.25  09.50  08.07  305.0  009.26  27.631  1021.343  1478.02 
2024 01 26 10 16 07.76  30.207  09.239  0004.03  09.30  08.07  305.0  009.26  27.641  1021.346  1478.14 
2024 01 26 10 16 08.01  30.309  09.412  0003.80  09.48  08.07  305.0  009.26  27.610  1021.295  1478.74 
2024 01 26 10 16 08.26  30.354  09.448  0003.61  09.66  08.07  305.0  009.26  27.627  1021.303  1478.90 
2024 01 26 10 16 08.51  30.396  09.600  0003.41  09.59  08.07  305.0  009.26  27.554  1021.222  1479.36 
2024 01 26 10 16 08.76  30.394  09.729  0003.19  10.65  08.07  311.5  009.26  27.453  1021.123  1479.72 
2024 01 26 10 16 09.01  30.391  09.746  0003.01  10.55  08.07  311.5  009.26  27.437  1021.107  1479.76 
2024 01 26 10 16 09.26  30.401  09.801  0002.81  10.43  08.07  311.5  009.26  27.405  1021.072  1479.92 
2024 01 26 10 16 09.51  30.404  09.831  0002.61  10.08  08.07  311.5  009.26  27.385  1021.052  1480.00 
2024 01 26 10 16 09.76  30.398  09.806  0002.41  10.33  08.07  311.5  009.26  27.398  1021.065  1479.92 
2024 01 26 10 16 10.01  30.387  09.814  0002.17  10.02  08.08  311.5  009.26  27.382  1021.049  1479.93 
2024 01 26 10 16 10.26  30.368  09.891  0001.97  09.81  08.08  311.5  009.26  27.304  1020.976  1480.12 
2024 01 26 10 16 10.51  30.358  09.923  0001.82  09.68  08.08  311.5  009.26  27.270  1020.944  1480.19 
2024 01 26 10 16 10.76  30.359  09.895  0001.68  08.77  08.07  311.5  009.26  27.293  1020.965  1480.11 
2024 01 26 10 16 11.01  30.367  09.838  0001.62  08.19  08.08  311.5  009.26  27.343  1021.013  1479.96 
2024 01 26 10 16 11.26  30.363  09.852  0001.47  08.98  08.08  311.5  009.26  27.329  1020.999  1479.99 
2024 01 26 10 16 11.51  30.339  09.914  0001.37  08.49  08.08  311.5  009.26  27.259  1020.935  1480.13 
2024 01 26 10 16 11.76  30.340  09.920  0001.37  07.17  08.08  313.6  009.26  27.256  1020.931  1480.15 
2024 01 26 10 16 12.01  30.343  09.946  0001.42  07.68  08.08  313.6  009.26  27.238  1020.914  1480.23 
2024 01 26 10 16 12.26  30.371  09.991  0001.43  07.99  08.08  313.6  009.26  27.232  1020.902  1480.39 
2024 01 26 10 16 12.51  30.372  10.143  0001.44  07.71  08.08  313.6  009.26  27.120  1020.791  1480.81 
2024 01 26 10 16 12.76  30.320  10.227  0001.44  07.59  08.08  313.6  009.26  27.005  1020.689  1480.98 
2024 01 26 10 16 13.01  30.274  10.188  0001.44  07.32  08.08  313.6  009.26  26.989  1020.683  1480.82 
2024 01 26 10 16 13.26  30.205  10.213  0001.43  07.23  08.08  313.6  009.26  26.903  1020.612  1480.80 
2024 01 26 10 16 13.51  30.147  10.303  0001.40  06.88  08.08  313.6  009.26  26.779  1020.501  1480.98 
2024 01 26 10 16 13.76  30.127  10.204  0001.41  06.56  08.07  313.6  009.26  26.833  1020.559  1480.68 
2024 01 26 10 16 14.01  30.165  10.191  0001.39  06.48  08.08  313.6  009.26  26.880  1020.597  1480.69 
2024 01 26 10 16 14.26  30.184  10.182  0001.41  06.48  08.08  313.6  009.26  26.905  1020.618  1480.69 
2024 01 26 10 16 14.51  30.067  10.238  0001.44  06.63  08.08  313.6  009.26  26.749  1020.488  1480.70 
2024 01 26 10 16 14.76  29.989  10.301  0001.46  06.57  08.09  310.4  009.26  26.627  1020.383  1480.79 
2024 01 26 10 16 15.01  30.090  10.176  0001.46  06.43  08.09  310.4  009.26  26.818  1020.551  1480.56 
2024 01 26 10 16 15.26  29.919  10.190  0001.44  06.77  08.08  310.4  009.26  26.639  1020.410  1480.40 
2024 01 26 10 16 15.51  29.594  10.334  0001.42  06.16  08.08  310.4  009.26  26.215  1020.058  1480.41 
2024 01 26 10 16 15.76  29.464  10.340  0001.36  06.05  08.08  310.4  009.26  26.085  1019.955  1480.27 
2024 01 26 10 16 16.01  29.299  10.372  0001.23  05.58  08.08  310.4  009.26  25.901  1019.807  1480.17 
2024 01 26 10 16 16.26  29.149  10.413  0001.08  05.20  08.08  310.4  009.26  25.725  1019.663  1480.10 
2024 01 26 10 16 16.51  29.164  10.400  0001.03  04.91  08.09  310.4  009.26  25.749  1019.684  1480.08 
2024 01 26 10 16 16.76  29.115  10.431  0001.02  04.65  08.08  310.4  009.26  25.680  1019.625  1480.11 
2024 01 26 10 16 17.01  29.052  10.466  0001.00  04.20  08.09  310.4  009.26  25.594  1019.552  1480.14 
2024 01 26 10 16 17.26  28.994  10.466  0001.02  03.77  08.09  310.4  009.26  25.537  1019.508  1480.07 
2024 01 26 10 16 17.51  28.951  10.472  0001.01  03.66  08.09  310.4  009.26  25.492  1019.473  1480.04 
2024 01 26 10 16 17.76  28.923  10.485  0001.03  03.82  08.09  308.5  009.26  25.456  1019.442  1480.04 
2024 01 26 10 16 18.01  28.902  10.495  0001.01  03.82  08.09  308.5  009.26  25.428  1019.419  1480.04 
2024 01 26 10 16 18.26  28.851  10.509  0000.96  03.84  08.09  308.5  009.26  25.369  1019.371  1480.02 
2024 01 26 10 16 18.51  28.822  10.514  0000.83  03.94  08.09  308.5  009.26  25.337  1019.344  1480.00 
2024 01 26 10 16 18.76  28.834  10.511  0000.67  03.99  08.09  308.5  009.26  25.351  1019.355  1480.00 
2024 01 26 10 16 19.01  28.799  10.521  0000.51  03.92  08.09  308.5  009.26  25.311  1019.322  1479.99 
2024 01 26 10 16 19.26  28.787  10.518  0000.46  03.80  08.09  308.5  009.26  25.301  1019.314  1479.96 
2024 01 26 10 16 19.51  28.782  10.526  0000.37  03.63  08.09  308.5  009.26  25.291  1019.305  1479.98 
2024 01 26 10 16 19.76  28.768  10.531  0000.27  03.49  08.08  308.5  009.26  25.274  1019.290  1479.98 
2024 01 26 10 16 20.01  28.770  10.531  0000.20  03.63  08.09  308.5  009.26  25.276  1019.291  1479.98 
2024 01 26 10 16 20.26  28.783  10.524  0000.08  03.61  08.09  308.5  009.26  25.293  1019.305  1479.97 
2024 01 26 10 16 20.51  28.768  10.530  0000.00  03.54  08.09  308.5  009.26  25.274  1019.290  1479.97 
2024 01 26 10 16 20.76  19.563  10.524  0000.03  03.49  08.09  307.5  009.26  16.567  1012.533  1469.47 
2024 01 26 10 16 21.01  01.000  10.513  0000.03  18.63  08.09  307.5  009.26  00.697  1000.202  1450.18 
2024 01 26 10 16 21.26  00.248  10.498  0000.01  11.42  08.05  307.5  009.26  00.165  0999.786  1449.45 
2024 01 26 10 16 21.51  00.573  10.489  0000.01  03.35  07.94  307.5  009.26  00.391  0999.965  1449.70 
2024 01 26 10 16 21.76  12.285  10.513  0000.01  00.98  08.08  307.5  009.26  10.001  1007.441  1461.52 
2024 01 26 10 16 22.01  00.627  10.497  0000.02  00.42  08.06  307.5  009.26  00.429  0999.994  1449.78 
2024 01 26 10 16 22.26  00.159  10.482  0000.01  00.07  07.90  307.5  009.26  00.105  0999.740  1449.32 
2024 01 26 10 16 22.51  00.158  10.456  0000.01  00.24  07.78  307.5  009.26  00.104  0999.742  1449.21 
2024 01 26 10 16 22.76  00.120  10.423  0000.00  00.38  07.66  307.5  009.26  00.079  0999.726  1449.05 
2024 01 26 10 16 23.51  00.123  10.361  0000.00  00.73  07.43  307.5  009.26  00.081  0999.733  1448.81 
