2024 06 27 17 18 00.18  03.164  00.956  0000.01  00.70  02.56  360.3  009.26  03.108  1002.424  1411.34 
2024 06 27 17 18 00.43  27.879  04.482  0000.02  00.70  02.85  360.3  009.26  29.059  1023.020  1461.01 
2024 06 27 17 18 00.68  28.574  04.792  0000.10  02.06  08.58  360.3  009.26  29.581  1023.403  1462.97 
2024 06 27 17 18 00.93  28.767  05.012  0000.18  01.72  08.51  360.3  009.26  29.604  1023.400  1463.91 
2024 06 27 17 18 01.18  28.788  04.960  0000.25  01.64  08.58  360.3  009.26  29.676  1023.462  1463.79 
2024 06 27 17 18 01.43  28.784  04.934  0000.33  01.57  08.56  360.3  009.26  29.693  1023.479  1463.71 
2024 06 27 17 18 01.68  28.846  05.008  0000.37  01.69  08.56  360.3  009.26  29.698  1023.475  1464.02 
2024 06 27 17 18 01.93  28.811  04.956  0000.40  01.72  08.56  360.3  009.26  29.704  1023.485  1463.81 
2024 06 27 17 18 02.18  28.770  04.883  0000.47  01.60  08.51  362.2  009.26  29.723  1023.509  1463.54 
2024 06 27 17 18 02.43  28.641  04.729  0000.52  01.56  08.52  362.2  009.26  29.713  1023.517  1462.89 
2024 06 27 17 18 02.68  28.632  04.704  0000.54  01.58  08.51  362.2  009.26  29.726  1023.529  1462.80 
2024 06 27 17 18 02.93  28.613  04.728  0000.57  01.53  08.51  362.2  009.26  29.683  1023.493  1462.84 
2024 06 27 17 18 03.18  28.639  04.732  0000.57  01.59  08.50  362.2  009.26  29.709  1023.513  1462.90 
2024 06 27 17 18 03.43  28.617  04.661  0000.56  01.55  08.50  362.2  009.26  29.747  1023.550  1462.65 
2024 06 27 17 18 03.68  28.609  04.684  0000.57  01.59  08.50  362.2  009.26  29.718  1023.525  1462.71 
2024 06 27 17 18 03.93  28.605  04.682  0000.57  01.75  08.49  362.2  009.26  29.715  1023.522  1462.69 
2024 06 27 17 18 04.18  28.587  04.677  0000.58  01.65  08.53  362.2  009.26  29.698  1023.510  1462.65 
2024 06 27 17 18 04.43  28.571  04.664  0000.60  01.51  08.52  362.2  009.26  29.692  1023.507  1462.59 
2024 06 27 17 18 04.68  28.565  04.666  0000.60  01.56  08.52  362.2  009.26  29.683  1023.499  1462.59 
2024 06 27 17 18 04.93  28.553  04.653  0000.66  01.54  08.51  362.2  009.26  29.681  1023.499  1462.53 
2024 06 27 17 18 05.18  28.549  04.668  0000.70  01.64  08.47  318.4  009.26  29.662  1023.483  1462.57 
2024 06 27 17 18 05.43  28.505  04.627  0000.73  01.61  08.47  318.4  009.26  29.649  1023.477  1462.38 
2024 06 27 17 18 05.68  28.471  04.567  0000.76  01.47  08.47  318.4  009.26  29.664  1023.495  1462.16 
2024 06 27 17 18 05.93  28.591  04.611  0000.78  01.52  08.51  318.4  009.26  29.762  1023.568  1462.46 
2024 06 27 17 18 06.18  28.848  04.996  0000.77  01.50  08.52  318.4  009.26  29.711  1023.489  1463.99 
2024 06 27 17 18 06.43  28.847  04.941  0000.78  01.53  08.51  318.4  009.26  29.759  1023.532  1463.83 
2024 06 27 17 18 06.68  28.859  04.922  0000.76  01.59  08.50  318.4  009.26  29.790  1023.559  1463.79 
2024 06 27 17 18 06.93  28.854  04.903  0000.77  01.57  08.50  318.4  009.26  29.800  1023.569  1463.72 
2024 06 27 17 18 07.18  28.838  04.919  0000.77  01.59  08.52  318.4  009.26  29.768  1023.542  1463.75 
2024 06 27 17 18 07.43  28.832  04.911  0000.77  01.55  08.52  318.4  009.26  29.769  1023.543  1463.71 
2024 06 27 17 18 07.68  28.822  04.905  0000.78  01.56  08.52  318.4  009.26  29.762  1023.538  1463.68 
2024 06 27 17 18 07.93  28.812  04.911  0000.79  01.55  08.51  318.4  009.26  29.746  1023.526  1463.69 
2024 06 27 17 18 08.18  28.818  04.902  0000.80  01.73  08.47  304.1  009.26  29.760  1023.537  1463.67 
2024 06 27 17 18 08.43  28.819  04.900  0000.82  01.72  08.47  304.1  009.26  29.763  1023.540  1463.66 
2024 06 27 17 18 08.68  28.811  04.898  0000.82  01.70  08.47  304.1  009.26  29.757  1023.536  1463.65 
2024 06 27 17 18 08.93  28.819  04.903  0000.83  02.01  08.47  304.1  009.26  29.761  1023.538  1463.67 
2024 06 27 17 18 09.18  28.826  04.929  0000.82  01.78  08.46  304.1  009.26  29.746  1023.523  1463.76 
2024 06 27 17 18 09.43  28.830  04.948  0000.83  01.63  08.46  304.1  009.26  29.733  1023.511  1463.82 
2024 06 27 17 18 09.68  28.851  04.963  0000.83  01.69  08.46  304.1  009.26  29.744  1023.519  1463.90 
2024 06 27 17 18 09.93  28.862  04.967  0000.90  01.68  08.44  304.1  009.26  29.752  1023.525  1463.93 
2024 06 27 17 18 10.18  28.842  04.943  0000.91  01.73  08.47  304.1  009.26  29.752  1023.527  1463.83 
2024 06 27 17 18 10.43  28.831  04.905  0000.92  02.01  08.47  304.1  009.26  29.773  1023.548  1463.70 
2024 06 27 17 18 10.68  28.847  04.934  0000.93  01.87  08.47  304.1  009.26  29.765  1023.539  1463.81 
2024 06 27 17 18 10.93  28.857  04.945  0000.91  01.76  08.46  304.1  009.26  29.766  1023.539  1463.85 
2024 06 27 17 18 11.18  28.851  04.947  0000.96  01.76  08.42  293.4  009.26  29.758  1023.532  1463.85 
2024 06 27 17 18 11.43  28.840  04.946  0000.94  01.71  08.43  293.4  009.29  29.746  1023.523  1463.83 
2024 06 27 17 18 11.68  28.826  04.938  0000.95  01.65  08.42  293.4  009.26  29.737  1023.516  1463.79 
2024 06 27 17 18 11.93  28.808  04.894  0000.95  01.72  08.42  293.4  009.26  29.757  1023.536  1463.63 
2024 06 27 17 18 12.18  28.764  04.778  0000.95  01.77  08.42  293.4  009.26  29.810  1023.590  1463.22 
2024 06 27 17 18 12.43  28.679  04.697  0000.95  01.68  08.44  293.4  009.26  29.786  1023.579  1462.85 
2024 06 27 17 18 12.68  28.651  04.765  0000.95  01.66  08.38  293.4  009.26  29.692  1023.498  1463.02 
2024 06 27 17 18 12.93  28.656  04.789  0000.94  01.74  08.38  293.4  009.26  29.677  1023.483  1463.10 
2024 06 27 17 18 13.18  28.658  04.786  0000.95  01.64  08.42  293.4  009.26  29.681  1023.487  1463.09 
2024 06 27 17 18 13.43  28.663  04.767  0000.96  01.57  08.47  293.4  009.26  29.705  1023.508  1463.04 
2024 06 27 17 18 13.68  28.658  04.739  0000.96  01.63  08.47  293.4  009.23  29.724  1023.526  1462.95 
2024 06 27 17 18 13.93  28.654  04.718  0000.97  01.57  08.46  293.4  009.26  29.738  1023.539  1462.88 
2024 06 27 17 18 14.18  28.646  04.707  0000.96  01.71  08.42  290.7  009.26  29.739  1023.541  1462.84 
2024 06 27 17 18 14.43  28.639  04.705  0000.97  01.68  08.42  290.7  009.26  29.733  1023.537  1462.82 
2024 06 27 17 18 14.68  28.635  04.707  0000.97  01.65  08.42  290.7  009.29  29.726  1023.531  1462.82 
2024 06 27 17 18 14.93  28.632  04.713  0000.97  01.61  08.42  290.7  009.26  29.718  1023.524  1462.83 
2024 06 27 17 18 15.18  28.624  04.685  0000.96  01.67  08.42  290.7  009.26  29.733  1023.539  1462.73 
2024 06 27 17 18 15.43  28.617  04.643  0000.97  01.59  08.41  290.7  009.26  29.764  1023.567  1462.60 
2024 06 27 17 18 15.68  28.607  04.661  0000.97  01.75  08.40  290.7  009.26  29.736  1023.543  1462.64 
2024 06 27 17 18 15.93  28.600  04.642  0000.97  01.68  08.39  290.7  009.26  29.745  1023.552  1462.57 
2024 06 27 17 18 16.18  28.594  04.645  0000.96  01.66  08.47  290.7  009.26  29.735  1023.544  1462.57 
2024 06 27 17 18 16.43  28.582  04.642  0000.98  01.65  08.46  290.7  009.26  29.724  1023.536  1462.55 
2024 06 27 17 18 16.68  28.575  04.642  0000.98  01.53  08.46  290.7  009.26  29.716  1023.529  1462.53 
2024 06 27 17 18 16.93  28.569  04.639  0000.97  01.57  08.45  290.7  009.26  29.711  1023.526  1462.52 
2024 06 27 17 18 17.18  28.556  04.642  0000.98  01.74  08.36  289.7  009.26  29.693  1023.511  1462.51 
2024 06 27 17 18 17.43  28.546  04.640  0001.00  01.69  08.37  289.7  009.26  29.685  1023.505  1462.49 
2024 06 27 17 18 17.68  28.533  04.637  0000.97  01.64  08.37  289.7  009.26  29.672  1023.495  1462.46 
2024 06 27 17 18 17.93  28.528  04.628  0000.98  01.75  08.37  289.7  009.26  29.675  1023.498  1462.42 
2024 06 27 17 18 18.18  28.524  04.594  0000.98  01.72  08.37  289.7  009.26  29.701  1023.522  1462.32 
2024 06 27 17 18 18.43  28.521  04.562  0000.96  01.64  08.37  289.7  009.26  29.726  1023.545  1462.21 
2024 06 27 17 18 18.68  28.522  04.536  0000.97  01.78  08.37  289.7  009.26  29.751  1023.567  1462.14 
2024 06 27 17 18 18.93  28.522  04.568  0000.97  01.71  08.37  289.7  009.26  29.722  1023.541  1462.24 
2024 06 27 17 18 19.18  28.517  04.585  0000.99  01.65  08.46  289.7  009.26  29.700  1023.523  1462.28 
2024 06 27 17 18 19.43  28.515  04.572  0000.97  01.61  08.45  289.7  009.26  29.710  1023.531  1462.24 
2024 06 27 17 18 19.68  28.510  04.563  0000.97  01.70  08.44  289.7  009.26  29.712  1023.534  1462.20 
2024 06 27 17 18 19.93  28.495  04.567  0000.96  01.66  08.43  289.7  009.26  29.692  1023.518  1462.19 
2024 06 27 17 18 20.18  28.486  04.574  0000.99  01.85  08.34  288.7  009.26  29.675  1023.504  1462.20 
2024 06 27 17 18 20.43  28.471  04.554  0000.99  01.79  08.35  288.7  009.26  29.676  1023.506  1462.12 
2024 06 27 17 18 20.68  28.456  04.537  0000.98  01.60  08.35  288.7  009.26  29.673  1023.505  1462.04 
2024 06 27 17 18 20.93  28.442  04.515  0000.99  01.58  08.35  288.7  009.26  29.677  1023.511  1461.96 
2024 06 27 17 18 21.18  28.425  04.518  0000.99  01.61  08.35  288.7  009.26  29.654  1023.492  1461.94 
2024 06 27 17 18 21.43  28.415  04.519  0000.98  01.61  08.35  288.7  009.26  29.642  1023.483  1461.93 
2024 06 27 17 18 21.68  28.405  04.516  0000.98  01.66  08.35  288.7  009.26  29.633  1023.476  1461.91 
2024 06 27 17 18 21.93  28.401  04.501  0000.98  01.83  08.35  288.7  009.26  29.643  1023.485  1461.86 
2024 06 27 17 18 22.18  28.405  04.505  0000.98  01.82  08.44  288.7  009.26  29.644  1023.486  1461.87 
2024 06 27 17 18 22.43  28.403  04.511  0000.98  01.74  08.43  288.7  009.26  29.636  1023.479  1461.89 
2024 06 27 17 18 22.68  28.396  04.497  0000.98  01.76  08.43  288.7  009.23  29.640  1023.483  1461.83 
2024 06 27 17 18 22.93  28.393  04.498  0000.96  01.70  08.42  288.7  009.26  29.637  1023.481  1461.83 
2024 06 27 17 18 23.18  28.393  04.498  0000.97  01.57  08.32  288.1  009.26  29.637  1023.480  1461.83 
2024 06 27 17 18 23.43  28.396  04.505  0000.96  01.58  08.33  288.1  009.26  29.633  1023.477  1461.86 
2024 06 27 17 18 23.68  28.395  04.533  0000.96  01.58  08.33  288.1  009.26  29.607  1023.454  1461.94 
2024 06 27 17 18 23.93  28.400  04.553  0000.97  01.60  08.34  288.1  009.26  29.594  1023.442  1462.01 
2024 06 27 17 18 24.18  28.403  04.555  0000.98  01.57  08.30  288.1  009.26  29.597  1023.443  1462.02 
2024 06 27 17 18 24.43  28.406  04.575  0000.97  01.66  08.30  288.1  009.26  29.583  1023.430  1462.08 
2024 06 27 17 18 24.68  28.411  04.558  0000.96  01.70  08.31  288.1  009.26  29.603  1023.448  1462.04 
2024 06 27 17 18 24.93  28.421  04.562  0000.96  01.60  08.31  288.1  009.26  29.610  1023.453  1462.07 
2024 06 27 17 18 25.18  28.427  04.604  0000.98  01.54  08.34  288.1  009.26  29.580  1023.425  1462.20 
2024 06 27 17 18 25.43  28.438  04.681  0000.98  01.50  08.34  288.1  009.26  29.524  1023.373  1462.45 
2024 06 27 17 18 25.68  28.464  04.700  0000.96  01.60  08.34  288.1  009.26  29.536  1023.381  1462.55 
2024 06 27 17 18 25.93  28.493  04.720  0000.97  01.65  08.34  288.1  009.26  29.552  1023.392  1462.65 
2024 06 27 17 18 26.18  28.510  04.713  0000.96  01.88  08.31  287.9  009.26  29.578  1023.413  1462.65 
2024 06 27 17 18 26.43  28.523  04.689  0000.96  01.68  08.31  287.9  009.26  29.615  1023.444  1462.60 
2024 06 27 17 18 26.68  28.527  04.756  0000.98  01.76  08.31  287.9  009.26  29.559  1023.394  1462.81 
2024 06 27 17 18 26.93  28.536  04.749  0000.98  01.61  08.31  287.9  009.26  29.575  1023.407  1462.80 
2024 06 27 17 18 27.18  28.538  04.743  0000.97  01.57  08.31  287.9  009.26  29.583  1023.414  1462.79 
2024 06 27 17 18 27.43  28.540  04.758  0000.96  01.62  08.31  287.9  009.26  29.572  1023.404  1462.83 
2024 06 27 17 18 27.68  28.546  04.757  0000.97  01.46  08.31  287.9  009.26  29.579  1023.409  1462.84 
2024 06 27 17 18 27.93  28.547  04.752  0000.99  01.66  08.31  287.9  009.26  29.585  1023.415  1462.83 
2024 06 27 17 18 28.18  28.566  04.714  0000.96  01.62  08.39  287.9  009.26  29.641  1023.463  1462.74 
2024 06 27 17 18 28.43  28.587  04.714  0000.96  01.55  08.38  287.9  009.26  29.665  1023.482  1462.77 
2024 06 27 17 18 28.68  28.588  04.723  0000.96  01.54  08.38  287.9  009.26  29.659  1023.476  1462.80 
2024 06 27 17 18 28.93  28.589  04.736  0000.97  01.59  08.37  287.9  009.26  29.648  1023.466  1462.84 
2024 06 27 17 18 29.18  28.592  04.736  0000.98  01.57  08.28  287.0  009.26  29.651  1023.468  1462.84 
2024 06 27 17 18 29.43  28.588  04.734  0000.98  01.62  08.29  287.0  009.26  29.649  1023.467  1462.83 
2024 06 27 17 18 29.68  28.587  04.732  0000.97  01.55  08.29  287.0  009.26  29.649  1023.468  1462.82 
2024 06 27 17 18 29.93  28.590  04.728  0000.97  01.53  08.30  287.0  009.26  29.656  1023.473  1462.82 
2024 06 27 17 18 30.18  28.594  04.735  0000.97  01.64  08.30  287.0  009.26  29.654  1023.471  1462.84 
2024 06 27 17 18 30.43  28.595  04.738  0000.97  01.52  08.30  287.0  009.26  29.652  1023.469  1462.86 
2024 06 27 17 18 30.68  28.596  04.734  0000.98  01.40  08.30  287.0  009.26  29.657  1023.474  1462.84 
2024 06 27 17 18 30.93  28.596  04.733  0000.98  01.49  08.30  287.0  009.26  29.658  1023.474  1462.84 
2024 06 27 17 18 31.18  28.596  04.734  0000.99  01.45  08.38  287.0  009.26  29.657  1023.474  1462.84 
2024 06 27 17 18 31.43  28.592  04.724  0000.98  01.63  08.37  287.0  009.26  29.663  1023.479  1462.81 
2024 06 27 17 18 31.68  28.594  04.722  0000.98  01.49  08.37  287.0  009.26  29.666  1023.482  1462.81 
2024 06 27 17 18 31.93  28.593  04.710  0000.99  01.41  08.37  287.0  009.26  29.676  1023.491  1462.77 
2024 06 27 17 18 32.18  28.591  04.714  0000.98  01.51  08.28  286.8  009.26  29.670  1023.486  1462.78 
2024 06 27 17 18 32.43  28.585  04.712  0000.98  01.38  08.29  286.8  009.26  29.665  1023.482  1462.76 
2024 06 27 17 18 32.68  28.578  04.705  0000.98  01.43  08.29  286.8  009.26  29.663  1023.481  1462.73 
2024 06 27 17 18 32.93  28.573  04.699  0000.98  01.55  08.29  286.8  009.26  29.662  1023.481  1462.70 
2024 06 27 17 18 33.18  28.568  04.691  0000.98  01.58  08.29  286.8  009.26  29.664  1023.483  1462.67 
2024 06 27 17 18 33.43  28.564  04.685  0000.98  01.54  08.29  286.8  009.26  29.664  1023.484  1462.65 
2024 06 27 17 18 33.68  28.562  04.683  0000.99  01.61  08.29  286.8  009.26  29.665  1023.485  1462.64 
2024 06 27 17 18 33.93  28.557  04.663  0000.99  01.64  08.30  286.8  009.26  29.676  1023.496  1462.57 
2024 06 27 17 18 34.18  28.553  04.651  0001.00  01.47  08.37  286.8  009.26  29.682  1023.502  1462.53 
2024 06 27 17 18 34.43  28.544  04.658  0000.98  01.44  08.36  286.8  009.26  29.666  1023.488  1462.54 
2024 06 27 17 18 34.68  28.538  04.659  0000.98  01.37  08.36  286.8  009.26  29.658  1023.482  1462.53 
2024 06 27 17 18 34.93  28.530  04.657  0000.98  01.48  08.36  286.8  009.26  29.652  1023.477  1462.52 
2024 06 27 17 18 35.18  28.530  04.638  0000.99  01.51  08.27  286.4  009.26  29.668  1023.492  1462.46 
2024 06 27 17 18 35.43  28.529  04.674  0000.99  01.51  08.28  286.4  009.26  29.635  1023.462  1462.56 
2024 06 27 17 18 35.68  28.532  04.668  0001.00  01.45  08.28  286.4  009.26  29.643  1023.469  1462.55 
2024 06 27 17 18 35.93  28.525  04.672  0001.00  01.52  08.28  286.4  009.26  29.631  1023.460  1462.55 
2024 06 27 17 18 36.18  28.514  04.662  0000.99  01.57  08.28  286.4  009.26  29.628  1023.457  1462.51 
2024 06 27 17 18 36.43  28.509  04.684  0000.99  01.49  08.29  286.4  009.26  29.603  1023.435  1462.57 
2024 06 27 17 18 36.68  28.504  04.654  0000.98  01.58  08.29  286.4  009.26  29.624  1023.455  1462.47 
2024 06 27 17 18 36.93  28.495  04.622  0001.00  01.52  08.29  286.4  009.26  29.641  1023.472  1462.36 
2024 06 27 17 18 37.18  28.494  04.626  0001.00  01.51  08.36  286.4  009.26  29.637  1023.469  1462.37 
2024 06 27 17 18 37.43  28.491  04.625  0001.01  01.57  08.36  286.4  009.26  29.635  1023.467  1462.36 
2024 06 27 17 18 37.68  28.485  04.628  0000.98  01.51  08.35  286.4  009.26  29.625  1023.459  1462.36 
2024 06 27 17 18 37.93  28.482  04.625  0000.98  01.45  08.35  286.4  009.26  29.624  1023.458  1462.35 
2024 06 27 17 18 38.18  28.480  04.604  0001.00  01.48  08.26  286.5  009.26  29.641  1023.474  1462.28 
2024 06 27 17 18 38.43  28.476  04.592  0000.99  01.49  08.27  286.5  009.26  29.647  1023.480  1462.24 
2024 06 27 17 18 38.68  28.476  04.610  0001.00  01.40  08.27  286.5  009.26  29.631  1023.465  1462.30 
2024 06 27 17 18 38.93  28.479  04.613  0000.98  01.44  08.27  286.5  009.26  29.632  1023.466  1462.31 
2024 06 27 17 18 39.18  28.481  04.621  0001.00  01.41  08.28  286.5  009.26  29.627  1023.461  1462.33 
2024 06 27 17 18 39.43  28.480  04.615  0001.01  01.51  08.28  286.5  009.26  29.632  1023.465  1462.31 
2024 06 27 17 18 39.68  28.479  04.619  0000.98  01.52  08.28  286.5  009.26  29.627  1023.461  1462.33 
2024 06 27 17 18 39.93  28.471  04.616  0000.98  01.52  08.28  286.5  009.26  29.619  1023.455  1462.31 
2024 06 27 17 18 40.18  28.464  04.595  0000.97  01.54  08.35  286.5  009.26  29.630  1023.466  1462.23 
2024 06 27 17 18 40.43  28.460  04.590  0000.97  01.54  08.35  286.5  009.26  29.631  1023.467  1462.21 
2024 06 27 17 18 40.68  28.463  04.599  0000.99  01.45  08.34  286.5  009.26  29.626  1023.462  1462.24 
2024 06 27 17 18 40.93  28.468  04.629  0000.99  01.49  08.34  286.5  009.26  29.605  1023.443  1462.34 
2024 06 27 17 18 41.18  28.469  04.627  0000.99  01.35  08.25  286.9  009.26  29.608  1023.445  1462.34 
2024 06 27 17 18 41.43  28.469  04.656  0000.99  01.48  08.26  286.9  009.26  29.582  1023.421  1462.42 
2024 06 27 17 18 41.68  28.472  04.657  0000.98  01.48  08.27  286.9  009.26  29.584  1023.424  1462.43 
2024 06 27 17 18 41.93  28.475  04.695  0000.97  01.49  08.27  286.9  009.26  29.555  1023.396  1462.55 
2024 06 27 17 18 42.18  28.479  04.679  0000.97  01.44  08.27  286.9  009.26  29.572  1023.411  1462.51 
2024 06 27 17 18 42.43  28.477  04.630  0000.98  01.42  08.27  286.9  009.26  29.615  1023.450  1462.35 
2024 06 27 17 18 42.68  28.478  04.621  0000.98  01.33  08.27  286.9  009.26  29.623  1023.458  1462.33 
2024 06 27 17 18 42.93  28.478  04.624  0000.98  01.41  08.27  286.9  009.26  29.620  1023.455  1462.34 
2024 06 27 17 18 43.18  28.483  04.628  0000.99  01.56  08.34  286.9  009.26  29.622  1023.456  1462.36 
2024 06 27 17 18 43.43  28.487  04.658  0000.98  01.60  08.34  286.9  009.26  29.601  1023.436  1462.45 
2024 06 27 17 18 43.68  28.483  04.677  0000.97  01.66  08.33  286.9  009.26  29.579  1023.418  1462.51 
2024 06 27 17 18 43.93  28.481  04.661  0000.97  01.65  08.33  286.9  009.26  29.592  1023.429  1462.45 
2024 06 27 17 18 44.18  28.476  04.651  0000.98  01.56  08.25  287.1  009.26  29.595  1023.433  1462.42 
2024 06 27 17 18 44.43  28.476  04.644  0000.97  01.44  08.26  287.1  009.26  29.601  1023.438  1462.40 
2024 06 27 17 18 44.68  28.479  04.644  0000.99  01.42  08.26  287.1  009.26  29.605  1023.441  1462.40 
2024 06 27 17 18 44.93  28.479  04.641  0000.97  01.52  08.26  287.1  009.26  29.608  1023.444  1462.39 
2024 06 27 17 18 45.18  28.473  04.608  0000.96  01.44  08.26  287.1  009.26  29.630  1023.464  1462.28 
2024 06 27 17 18 45.43  28.467  04.598  0000.96  01.43  08.26  287.1  009.26  29.631  1023.466  1462.24 
2024 06 27 17 18 45.68  28.464  04.602  0000.97  01.48  08.26  287.1  009.26  29.624  1023.460  1462.25 
2024 06 27 17 18 45.93  28.461  04.597  0000.98  01.57  08.26  287.1  009.26  29.625  1023.462  1462.23 
2024 06 27 17 18 46.18  28.461  04.596  0000.97  01.52  08.33  287.1  009.26  29.627  1023.463  1462.23 
2024 06 27 17 18 46.43  28.460  04.613  0000.99  01.47  08.33  287.1  009.26  29.610  1023.448  1462.28 
2024 06 27 17 18 46.68  28.455  04.592  0000.98  01.33  08.32  287.1  009.26  29.623  1023.461  1462.21 
2024 06 27 17 18 46.93  28.455  04.583  0000.96  01.53  08.32  287.1  009.26  29.631  1023.468  1462.18 
2024 06 27 17 18 47.18  28.456  04.582  0000.97  01.48  08.24  287.3  009.26  29.633  1023.470  1462.18 
2024 06 27 17 18 47.43  28.457  04.588  0000.98  01.57  08.25  287.3  009.26  29.629  1023.466  1462.20 
2024 06 27 17 18 47.68  28.458  04.588  0000.99  01.57  08.25  287.3  009.26  29.630  1023.467  1462.20 
2024 06 27 17 18 47.93  28.457  04.592  0000.99  01.61  08.25  287.3  009.26  29.625  1023.462  1462.21 
2024 06 27 17 18 48.18  28.461  04.612  0000.98  01.54  08.25  287.3  009.26  29.612  1023.450  1462.28 
2024 06 27 17 18 48.43  28.460  04.605  0000.98  01.49  08.25  287.3  009.26  29.617  1023.455  1462.26 
2024 06 27 17 18 48.68  28.457  04.605  0000.98  01.46  08.25  287.3  009.26  29.614  1023.452  1462.25 
2024 06 27 17 18 48.93  28.456  04.600  0000.97  01.54  08.25  287.3  009.26  29.617  1023.455  1462.24 
2024 06 27 17 18 49.18  28.453  04.605  0000.98  01.35  08.32  287.3  009.26  29.610  1023.449  1462.25 
2024 06 27 17 18 49.43  28.449  04.601  0000.98  01.34  08.32  287.3  009.26  29.608  1023.448  1462.23 
2024 06 27 17 18 49.68  28.447  04.599  0000.97  01.43  08.32  287.3  009.26  29.607  1023.448  1462.22 
2024 06 27 17 18 49.93  28.443  04.606  0001.00  01.54  08.31  287.3  009.26  29.597  1023.439  1462.23 
2024 06 27 17 18 50.18  28.440  04.610  0000.98  01.49  08.23  287.5  009.26  29.589  1023.432  1462.24 
2024 06 27 17 18 50.43  28.435  04.605  0000.98  01.47  08.24  287.5  009.26  29.588  1023.432  1462.22 
2024 06 27 17 18 50.68  28.426  04.543  0000.99  01.54  08.24  287.5  009.26  29.633  1023.474  1462.02 
2024 06 27 17 18 50.93  28.412  04.545  0000.97  01.51  08.24  287.5  009.26  29.616  1023.459  1462.00 
2024 06 27 17 18 51.18  28.391  04.515  0000.98  01.34  08.24  287.5  009.26  29.618  1023.464  1461.88 
2024 06 27 17 18 51.43  28.379  04.484  0000.98  01.50  08.24  287.5  009.26  29.633  1023.479  1461.77 
2024 06 27 17 18 51.68  28.374  04.450  0000.98  01.38  08.24  287.5  009.26  29.657  1023.501  1461.66 
2024 06 27 17 18 51.93  28.375  04.457  0001.00  01.43  08.24  287.5  009.26  29.653  1023.497  1461.68 
2024 06 27 17 18 52.18  28.376  04.473  0000.97  01.38  08.31  287.5  009.26  29.639  1023.485  1461.73 
2024 06 27 17 18 52.43  28.382  04.474  0000.98  01.46  08.31  287.5  009.26  29.644  1023.489  1461.74 
2024 06 27 17 18 52.68  28.374  04.492  0000.98  01.40  08.31  287.5  009.26  29.619  1023.467  1461.79 
2024 06 27 17 18 52.93  28.359  04.500  0000.99  01.56  08.30  287.5  009.26  29.595  1023.447  1461.79 
2024 06 27 17 18 53.18  28.364  04.495  0000.98  01.67  08.22  287.8  009.26  29.606  1023.456  1461.78 
2024 06 27 17 18 53.43  28.362  04.503  0000.97  01.60  08.23  287.8  009.26  29.595  1023.447  1461.80 
2024 06 27 17 18 53.68  28.355  04.522  0000.98  01.56  08.23  287.8  009.26  29.571  1023.426  1461.85 
2024 06 27 17 18 53.93  28.358  04.519  0000.98  01.66  08.23  287.8  009.26  29.578  1023.432  1461.85 
2024 06 27 17 18 54.18  28.362  04.523  0000.97  01.53  08.23  287.8  009.26  29.579  1023.432  1461.86 
2024 06 27 17 18 54.43  28.363  04.579  0000.98  01.49  08.23  287.8  009.26  29.529  1023.388  1462.04 
2024 06 27 17 18 54.68  28.366  04.544  0000.99  01.40  08.23  287.8  009.26  29.564  1023.419  1461.93 
2024 06 27 17 18 54.93  28.363  04.562  0001.00  01.42  08.23  287.8  009.26  29.545  1023.402  1461.98 
2024 06 27 17 18 55.18  28.360  04.532  0000.98  01.58  08.30  287.8  009.26  29.568  1023.422  1461.89 
2024 06 27 17 18 55.43  28.362  04.527  0000.98  01.45  08.30  287.8  009.26  29.575  1023.429  1461.88 
2024 06 27 17 18 55.68  28.366  04.497  0000.97  01.35  08.30  287.8  009.26  29.605  1023.455  1461.79 
2024 06 27 17 18 55.93  28.361  04.517  0000.98  01.35  08.30  287.8  009.26  29.582  1023.436  1461.84 
2024 06 27 17 18 56.18  28.359  04.513  0000.97  01.39  08.21  288.6  009.26  29.584  1023.437  1461.83 
2024 06 27 17 18 56.43  28.359  04.471  0000.98  01.40  08.22  288.6  009.29  29.622  1023.471  1461.70 
2024 06 27 17 18 56.68  28.355  04.475  0000.99  01.58  08.22  288.6  009.26  29.613  1023.464  1461.71 
2024 06 27 17 18 56.93  28.355  04.475  0001.00  01.68  08.22  288.6  009.26  29.613  1023.464  1461.71 
2024 06 27 17 18 57.18  28.354  04.498  0000.99  01.65  08.22  288.6  009.26  29.592  1023.445  1461.78 
2024 06 27 17 18 57.43  28.356  04.489  0000.97  01.57  08.23  288.6  009.26  29.601  1023.453  1461.75 
2024 06 27 17 18 57.68  28.358  04.519  0000.98  01.49  08.23  288.6  009.26  29.577  1023.431  1461.85 
2024 06 27 17 18 57.93  28.365  04.527  0000.97  01.52  08.23  288.6  009.26  29.577  1023.431  1461.88 
2024 06 27 17 18 58.18  28.370  04.559  0000.98  01.66  08.30  288.6  009.26  29.556  1023.410  1461.98 
2024 06 27 17 18 58.43  28.373  04.613  0001.00  01.48  08.30  288.6  009.26  29.510  1023.369  1462.15 
2024 06 27 17 18 58.68  28.376  04.587  0000.99  01.45  08.29  288.6  009.26  29.537  1023.393  1462.08 
2024 06 27 17 18 58.93  28.378  04.583  0000.97  01.58  08.29  288.6  009.26  29.542  1023.397  1462.07 
2024 06 27 17 18 59.18  28.389  04.566  0000.97  01.61  08.20  288.8  009.26  29.571  1023.422  1462.03 
2024 06 27 17 18 59.43  28.402  04.552  0000.99  01.53  08.22  288.8  009.26  29.598  1023.445  1462.01 
2024 06 27 17 18 59.68  28.411  04.545  0000.97  01.47  08.22  288.8  009.26  29.615  1023.459  1462.00 
2024 06 27 17 18 59.93  28.417  04.551  0001.01  01.51  08.22  288.8  009.26  29.616  1023.459  1462.03 
2024 06 27 17 19 00.18  28.422  04.610  0000.99  01.63  08.22  288.8  009.26  29.570  1023.417  1462.21 
2024 06 27 17 19 00.43  28.423  04.598  0000.98  01.54  08.22  288.8  009.26  29.581  1023.427  1462.18 
2024 06 27 17 19 00.68  28.424  04.608  0000.99  01.38  08.22  288.8  009.26  29.573  1023.420  1462.21 
2024 06 27 17 19 00.93  28.427  04.611  0000.99  01.46  08.22  288.8  009.26  29.574  1023.420  1462.22 
2024 06 27 17 19 01.18  28.429  04.611  0001.00  01.47  08.29  288.8  009.26  29.576  1023.422  1462.23 
2024 06 27 17 19 01.43  28.445  04.687  0001.00  01.42  08.29  288.8  009.26  29.527  1023.375  1462.48 
2024 06 27 17 19 01.68  28.438  04.638  0000.97  01.54  08.28  288.8  009.26  29.563  1023.408  1462.32 
2024 06 27 17 19 01.93  28.436  04.588  0000.99  01.56  08.28  288.8  009.26  29.604  1023.446  1462.17 
2024 06 27 17 19 02.18  28.436  04.567  0000.98  01.62  08.20  288.9  009.26  29.624  1023.464  1462.11 
2024 06 27 17 19 02.43  28.433  04.555  0000.96  01.57  08.21  288.9  009.26  29.632  1023.471  1462.06 
2024 06 27 17 19 02.68  28.426  04.515  0000.98  01.55  08.21  288.9  009.26  29.659  1023.496  1461.93 
2024 06 27 17 19 02.93  28.405  04.566  0000.98  01.48  08.21  288.9  009.26  29.588  1023.436  1462.06 
2024 06 27 17 19 03.18  28.392  04.609  0000.98  01.50  08.21  288.9  009.26  29.535  1023.389  1462.17 
2024 06 27 17 19 03.43  28.370  04.590  0000.99  01.50  08.21  288.9  009.26  29.527  1023.385  1462.08 
2024 06 27 17 19 03.68  28.356  04.542  0000.97  01.49  08.21  288.9  009.26  29.555  1023.411  1461.91 
2024 06 27 17 19 03.93  28.340  04.502  0000.99  01.48  08.21  288.9  009.26  29.572  1023.429  1461.77 
2024 06 27 17 19 04.18  28.325  04.487  0000.98  01.47  08.28  288.9  009.26  29.568  1023.427  1461.70 
2024 06 27 17 19 04.43  28.323  04.468  0000.98  01.40  08.28  288.9  009.26  29.583  1023.441  1461.64 
2024 06 27 17 19 04.68  28.337  04.468  0000.98  01.43  08.28  288.9  009.26  29.599  1023.453  1461.66 
2024 06 27 17 19 04.93  28.352  04.460  0000.97  01.48  08.27  288.9  009.26  29.623  1023.474  1461.66 
2024 06 27 17 19 05.18  28.364  04.473  0000.97  01.42  08.19  288.8  009.26  29.625  1023.474  1461.71 
2024 06 27 17 19 05.43  28.366  04.462  0000.98  01.52  08.20  288.8  009.26  29.637  1023.484  1461.68 
2024 06 27 17 19 05.68  28.382  04.512  0000.98  01.57  08.20  288.8  009.26  29.610  1023.458  1461.86 
2024 06 27 17 19 05.93  28.401  04.514  0000.99  01.53  08.20  288.8  009.26  29.630  1023.474  1461.89 
2024 06 27 17 19 06.18  28.428  04.521  0000.98  01.47  08.20  288.8  009.26  29.655  1023.493  1461.96 
2024 06 27 17 19 06.43  28.446  04.600  0000.98  01.67  08.20  288.8  009.26  29.606  1023.446  1462.22 
2024 06 27 17 19 06.68  28.452  04.520  0000.99  01.63  08.20  288.8  009.26  29.684  1023.516  1461.99 
2024 06 27 17 19 06.93  28.455  04.542  0000.99  01.60  08.20  288.8  009.26  29.667  1023.501  1462.06 
2024 06 27 17 19 07.18  28.454  04.609  0000.98  01.79  08.27  288.8  009.26  29.606  1023.446  1462.26 
2024 06 27 17 19 07.43  28.443  04.542  0000.99  01.64  08.27  288.8  009.26  29.654  1023.490  1462.04 
2024 06 27 17 19 07.68  28.431  04.543  0000.98  01.51  08.27  288.8  009.26  29.640  1023.478  1462.02 
2024 06 27 17 19 07.93  28.431  04.579  0000.98  01.44  08.27  288.8  009.26  29.607  1023.449  1462.14 
2024 06 27 17 19 08.18  28.441  04.562  0000.98  01.61  08.18  289.0  009.26  29.634  1023.472  1462.10 
2024 06 27 17 19 08.43  28.439  04.589  0000.99  01.49  08.19  289.0  009.26  29.607  1023.448  1462.18 
2024 06 27 17 19 08.68  28.447  04.561  0000.99  01.55  08.19  289.0  009.26  29.642  1023.478  1462.10 
2024 06 27 17 19 08.93  28.456  04.578  0000.99  01.56  08.19  289.0  009.26  29.636  1023.473  1462.17 
2024 06 27 17 19 09.18  28.471  04.586  0000.98  01.49  08.19  289.0  009.26  29.646  1023.480  1462.21 
2024 06 27 17 19 09.43  28.473  04.624  0000.98  01.53  08.20  289.0  009.26  29.615  1023.452  1462.33 
2024 06 27 17 19 09.68  28.464  04.651  0000.98  01.64  08.20  289.0  009.26  29.580  1023.421  1462.40 
2024 06 27 17 19 09.93  28.470  04.538  0000.98  01.56  08.20  289.0  009.26  29.689  1023.518  1462.07 
2024 06 27 17 19 10.18  28.456  04.613  0000.98  01.54  08.27  289.0  009.26  29.606  1023.445  1462.28 
2024 06 27 17 19 10.43  28.453  04.578  0001.00  03.07  08.27  289.0  009.26  29.634  1023.471  1462.16 
2024 06 27 17 19 10.68  28.510  04.664  0001.02  02.65  08.26  289.0  009.26  29.622  1023.453  1462.51 
2024 06 27 17 19 10.93  28.668  04.870  0001.06  02.00  08.26  289.0  009.26  29.618  1023.430  1463.36 
2024 06 27 17 19 11.18  28.823  04.990  0001.09  01.70  08.18  288.5  009.26  29.687  1023.472  1463.94 
2024 06 27 17 19 11.43  28.805  04.965  0001.10  01.74  08.19  288.5  009.26  29.690  1023.477  1463.84 
2024 06 27 17 19 11.68  28.846  04.980  0001.13  01.85  08.19  288.5  009.26  29.722  1023.501  1463.95 
2024 06 27 17 19 11.93  28.854  05.034  0001.17  01.74  08.19  288.5  009.26  29.684  1023.466  1464.12 
2024 06 27 17 19 12.18  28.882  04.931  0001.18  01.68  08.19  288.5  009.26  29.808  1023.574  1463.85 
2024 06 27 17 19 12.43  29.051  05.161  0001.30  01.65  08.19  288.5  009.26  29.793  1023.539  1464.79 
2024 06 27 17 19 12.68  29.157  05.260  0001.44  01.70  08.19  288.5  009.26  29.825  1023.555  1465.23 
2024 06 27 17 19 12.93  29.275  05.372  0001.68  01.66  08.19  288.5  009.26  29.857  1023.569  1465.74 
2024 06 27 17 19 13.18  29.382  05.471  0001.91  01.68  08.26  288.5  009.26  29.890  1023.585  1466.19 
2024 06 27 17 19 13.43  29.415  05.485  0002.09  01.65  08.26  288.5  009.26  29.915  1023.605  1466.28 
2024 06 27 17 19 13.68  29.449  05.510  0002.28  01.79  08.26  288.5  009.26  29.930  1023.615  1466.40 
2024 06 27 17 19 13.93  29.493  05.547  0002.51  01.74  08.26  288.5  009.26  29.947  1023.625  1466.58 
2024 06 27 17 19 14.18  29.649  05.709  0002.78  01.85  08.19  291.1  009.26  29.976  1023.631  1467.28 
2024 06 27 17 19 14.43  29.648  05.729  0003.07  01.91  08.22  291.1  009.26  29.958  1023.616  1467.34 
2024 06 27 17 19 14.68  29.708  05.756  0003.39  01.96  08.22  291.1  009.26  30.000  1023.648  1467.51 
2024 06 27 17 19 14.93  29.715  05.758  0003.73  02.06  08.22  291.1  009.26  30.006  1023.654  1467.53 
2024 06 27 17 19 15.18  29.710  05.752  0004.03  02.05  08.22  291.1  009.26  30.006  1023.656  1467.51 
2024 06 27 17 19 15.43  29.714  05.756  0004.38  02.05  08.22  291.1  009.26  30.007  1023.658  1467.53 
2024 06 27 17 19 15.68  29.729  05.770  0004.76  02.17  08.22  291.1  009.26  30.011  1023.661  1467.60 
2024 06 27 17 19 15.93  29.788  05.834  0005.10  02.17  08.22  291.1  009.26  30.019  1023.662  1467.87 
2024 06 27 17 19 16.18  29.883  05.923  0005.49  02.24  08.33  291.1  009.26  30.047  1023.675  1468.27 
2024 06 27 17 19 16.43  29.920  05.962  0005.86  02.30  08.20  291.1  009.26  30.052  1023.677  1468.44 
2024 06 27 17 19 16.68  30.035  06.063  0006.26  02.35  08.19  291.1  009.26  30.090  1023.697  1468.90 
2024 06 27 17 19 16.93  30.101  06.114  0006.64  02.40  08.18  291.1  009.26  30.117  1023.714  1469.15 
2024 06 27 17 19 17.18  30.179  06.180  0006.99  02.53  08.03  279.3  009.23  30.145  1023.730  1469.45 
2024 06 27 17 19 17.43  30.248  06.226  0007.38  02.59  08.07  279.3  009.26  30.180  1023.754  1469.69 
2024 06 27 17 19 17.68  30.256  06.223  0007.76  02.61  08.09  279.3  009.26  30.191  1023.765  1469.69 
2024 06 27 17 19 17.93  30.270  06.234  0008.16  02.52  08.11  279.3  009.26  30.197  1023.770  1469.75 
2024 06 27 17 19 18.18  30.215  06.150  0008.55  02.67  08.10  279.3  009.26  30.210  1023.792  1469.44 
2024 06 27 17 19 18.43  30.135  06.066  0008.94  02.87  08.13  279.3  009.26  30.196  1023.793  1469.09 
2024 06 27 17 19 18.68  30.054  05.976  0009.35  03.06  08.14  279.3  009.26  30.187  1023.798  1468.72 
2024 06 27 17 19 18.93  29.993  05.906  0009.82  03.43  08.14  279.3  009.26  30.181  1023.803  1468.44 
2024 06 27 17 19 19.18  29.959  05.870  0010.17  03.73  08.26  279.3  009.26  30.176  1023.805  1468.30 
2024 06 27 17 19 19.43  29.948  05.857  0010.62  03.80  08.25  279.3  009.26  30.174  1023.808  1468.25 
2024 06 27 17 19 19.68  29.940  05.852  0010.99  04.08  08.24  279.3  009.26  30.170  1023.806  1468.23 
2024 06 27 17 19 19.93  29.979  05.896  0011.41  04.15  08.23  279.3  009.26  30.174  1023.807  1468.42 
2024 06 27 17 19 20.18  30.051  05.966  0011.84  04.13  08.10  276.1  009.26  30.191  1023.814  1468.73 
2024 06 27 17 19 20.43  30.186  06.091  0012.22  04.07  08.12  276.1  009.26  30.229  1023.831  1469.29 
2024 06 27 17 19 20.68  30.262  06.160  0012.65  03.80  08.13  276.1  009.26  30.251  1023.842  1469.60 
2024 06 27 17 19 20.93  30.371  06.272  0013.12  03.67  08.14  276.1  009.26  30.273  1023.848  1470.08 
2024 06 27 17 19 21.18  30.444  06.343  0013.48  03.32  08.15  276.1  009.26  30.288  1023.853  1470.39 
2024 06 27 17 19 21.43  30.527  06.435  0013.94  02.93  08.13  276.1  009.26  30.298  1023.852  1470.77 
2024 06 27 17 19 21.68  30.669  06.548  0014.36  02.78  08.14  276.1  009.26  30.353  1023.883  1471.30 
2024 06 27 17 19 21.93  30.684  06.561  0014.77  02.71  08.15  276.1  009.26  30.358  1023.888  1471.36 
2024 06 27 17 19 22.18  30.708  06.583  0015.20  02.54  08.28  276.1  009.26  30.364  1023.892  1471.46 
2024 06 27 17 19 22.43  30.955  06.847  0015.60  02.29  08.27  276.1  009.26  30.399  1023.888  1472.56 
2024 06 27 17 19 22.68  31.187  07.038  0016.04  02.19  08.26  276.1  009.26  30.482  1023.931  1473.42 
2024 06 27 17 19 22.93  31.333  07.212  0016.47  01.84  08.25  276.1  009.26  30.484  1023.912  1474.11 
2024 06 27 17 19 23.18  31.464  07.301  0016.88  01.48  08.13  280.2  009.26  30.547  1023.952  1474.54 
2024 06 27 17 19 23.43  31.556  07.392  0017.31  01.31  08.15  280.2  009.26  30.565  1023.955  1474.92 
2024 06 27 17 19 23.68  31.619  07.444  0017.72  01.14  08.16  280.2  009.26  30.586  1023.967  1475.16 
2024 06 27 17 19 23.93  31.635  07.456  0018.12  00.92  08.17  280.2  009.26  30.593  1023.973  1475.22 
2024 06 27 17 19 24.18  31.634  07.448  0018.52  00.83  08.17  280.2  009.26  30.599  1023.980  1475.20 
2024 06 27 17 19 24.43  31.642  07.450  0018.88  00.84  08.18  280.2  009.26  30.605  1023.986  1475.22 
2024 06 27 17 19 24.68  31.653  07.460  0019.29  00.83  08.17  280.2  009.26  30.608  1023.989  1475.27 
2024 06 27 17 19 24.93  31.680  07.487  0019.67  00.88  08.17  280.2  009.26  30.613  1023.992  1475.39 
2024 06 27 17 19 25.18  31.707  07.509  0020.06  00.82  08.28  280.2  009.26  30.623  1023.998  1475.49 
2024 06 27 17 19 25.43  31.711  07.512  0020.42  00.78  08.26  280.2  009.26  30.624  1024.000  1475.51 
2024 06 27 17 19 25.68  31.713  07.515  0020.76  00.74  08.25  280.2  009.26  30.624  1024.001  1475.53 
2024 06 27 17 19 25.93  31.714  07.514  0021.06  00.74  08.24  280.2  009.26  30.625  1024.004  1475.53 
2024 06 27 17 19 26.18  31.717  07.514  0021.44  00.77  08.13  266.8  009.26  30.628  1024.008  1475.54 
2024 06 27 17 19 26.43  31.709  07.506  0021.79  00.78  08.15  266.8  009.26  30.627  1024.009  1475.51 
2024 06 27 17 19 26.68  31.709  07.502  0022.23  00.76  08.17  266.8  009.26  30.629  1024.014  1475.51 
2024 06 27 17 19 26.93  31.709  07.502  0022.60  00.76  08.16  266.8  009.26  30.629  1024.016  1475.51 
2024 06 27 17 19 27.18  31.711  07.503  0022.94  00.78  08.16  266.8  009.26  30.631  1024.019  1475.52 
2024 06 27 17 19 27.43  31.714  07.506  0023.36  00.75  08.25  266.8  009.26  30.631  1024.020  1475.54 
2024 06 27 17 19 27.68  31.717  07.507  0023.76  00.73  08.27  266.8  009.26  30.632  1024.023  1475.56 
2024 06 27 17 19 27.93  31.726  07.516  0024.15  00.77  08.26  266.8  009.26  30.635  1024.025  1475.60 
2024 06 27 17 19 28.18  31.736  07.524  0024.56  00.79  08.34  266.8  009.26  30.638  1024.029  1475.64 
2024 06 27 17 19 28.43  31.742  07.527  0024.98  00.72  08.31  266.8  009.26  30.642  1024.033  1475.66 
2024 06 27 17 19 28.68  31.754  07.542  0025.39  00.73  08.31  266.8  009.26  30.641  1024.033  1475.73 
2024 06 27 17 19 28.93  31.765  07.548  0025.84  00.74  08.29  266.8  009.26  30.648  1024.039  1475.76 
2024 06 27 17 19 29.18  31.783  07.566  0026.22  00.67  08.10  262.0  009.26  30.650  1024.040  1475.84 
2024 06 27 17 19 29.43  31.787  07.570  0026.65  00.67  08.11  262.0  009.26  30.651  1024.043  1475.87 
2024 06 27 17 19 29.68  31.797  07.579  0027.08  00.69  08.20  262.0  009.26  30.653  1024.045  1475.91 
2024 06 27 17 19 29.93  31.830  07.610  0027.49  00.73  08.20  262.0  009.26  30.662  1024.049  1476.05 
2024 06 27 17 19 30.18  31.862  07.640  0027.93  00.70  08.13  262.0  009.26  30.669  1024.053  1476.18 
2024 06 27 17 19 30.43  31.867  07.643  0028.33  00.67  08.16  262.0  009.26  30.671  1024.056  1476.20 
2024 06 27 17 19 30.68  31.871  07.642  0028.78  00.62  08.13  262.0  009.26  30.676  1024.062  1476.21 
2024 06 27 17 19 30.93  31.869  07.637  0029.20  00.62  08.15  262.0  009.26  30.679  1024.067  1476.20 
2024 06 27 17 19 31.18  31.865  07.634  0029.61  00.62  08.26  262.0  009.26  30.677  1024.068  1476.19 
2024 06 27 17 19 31.43  31.865  07.633  0030.07  00.63  08.28  262.0  009.26  30.677  1024.070  1476.20 
2024 06 27 17 19 31.68  31.866  07.633  0030.50  00.67  08.24  262.0  009.26  30.678  1024.073  1476.21 
2024 06 27 17 19 31.93  31.861  07.629  0030.89  00.64  08.24  262.0  009.26  30.676  1024.073  1476.20 
2024 06 27 17 19 32.18  31.865  07.632  0031.32  00.64  08.17  260.3  009.26  30.678  1024.076  1476.22 
2024 06 27 17 19 32.43  31.874  07.645  0031.74  00.66  08.18  260.3  009.26  30.676  1024.075  1476.27 
2024 06 27 17 19 32.68  31.890  07.654  0032.15  00.59  08.18  260.3  009.26  30.685  1024.083  1476.32 
2024 06 27 17 19 32.93  31.927  07.688  0032.59  00.57  08.18  260.3  009.26  30.693  1024.086  1476.47 
2024 06 27 17 19 33.18  31.939  07.696  0033.00  00.52  08.18  260.3  009.26  30.699  1024.092  1476.52 
2024 06 27 17 19 33.43  31.941  07.700  0033.43  00.58  08.18  260.3  009.26  30.698  1024.093  1476.54 
2024 06 27 17 19 33.68  31.950  07.704  0033.87  00.59  08.18  260.3  009.26  30.703  1024.098  1476.57 
2024 06 27 17 19 33.93  31.958  07.709  0034.28  00.60  08.20  260.3  009.26  30.707  1024.102  1476.60 
2024 06 27 17 19 34.18  31.958  07.711  0034.72  00.66  08.27  260.3  009.26  30.706  1024.104  1476.61 
2024 06 27 17 19 34.43  31.971  07.717  0035.12  00.66  08.27  260.3  009.26  30.714  1024.110  1476.65 
2024 06 27 17 19 34.68  31.982  07.728  0035.53  00.65  08.18  260.3  009.26  30.715  1024.112  1476.70 
2024 06 27 17 19 34.93  31.988  07.730  0035.95  00.60  08.25  260.3  009.26  30.720  1024.118  1476.72 
2024 06 27 17 19 35.18  31.990  07.730  0036.35  00.58  08.14  260.3  009.26  30.722  1024.121  1476.73 
2024 06 27 17 19 35.43  31.994  07.733  0036.80  00.57  08.15  260.3  009.26  30.723  1024.123  1476.75 
2024 06 27 17 19 35.68  31.995  07.733  0037.25  00.57  08.14  260.3  009.26  30.724  1024.126  1476.76 
2024 06 27 17 19 35.93  31.996  07.733  0037.65  00.53  08.17  260.3  009.26  30.725  1024.128  1476.77 
2024 06 27 17 19 36.18  32.000  07.738  0038.06  00.56  08.17  260.3  009.26  30.725  1024.130  1476.79 
2024 06 27 17 19 36.43  32.005  07.742  0038.45  00.51  08.12  260.3  009.26  30.727  1024.132  1476.82 
2024 06 27 17 19 36.68  32.008  07.743  0038.87  00.55  08.18  260.3  009.26  30.729  1024.136  1476.83 
2024 06 27 17 19 36.93  32.011  07.746  0039.30  00.59  08.19  260.3  009.26  30.729  1024.138  1476.85 
2024 06 27 17 19 37.18  32.015  07.749  0039.68  00.58  08.26  260.3  009.26  30.731  1024.140  1476.87 
2024 06 27 17 19 37.43  32.018  07.750  0040.13  00.60  08.29  260.3  009.26  30.733  1024.144  1476.88 
2024 06 27 17 19 37.68  32.021  07.752  0040.55  00.57  08.22  260.3  009.26  30.734  1024.147  1476.90 
2024 06 27 17 19 37.93  32.025  07.753  0040.94  00.57  08.26  260.3  009.26  30.737  1024.151  1476.91 
2024 06 27 17 19 38.18  32.026  07.753  0041.37  00.59  08.12  260.0  009.26  30.738  1024.153  1476.92 
2024 06 27 17 19 38.43  32.028  07.752  0041.79  00.60  08.18  260.0  009.26  30.740  1024.157  1476.93 
2024 06 27 17 19 38.68  32.027  07.753  0042.22  00.59  08.14  260.0  009.26  30.739  1024.157  1476.93 
2024 06 27 17 19 38.93  32.024  07.748  0042.64  00.58  08.12  260.0  009.26  30.740  1024.161  1476.92 
2024 06 27 17 19 39.18  32.025  07.747  0043.03  00.55  08.15  260.0  009.26  30.741  1024.164  1476.93 
2024 06 27 17 19 39.43  32.025  07.748  0043.48  00.55  08.17  260.0  009.26  30.740  1024.165  1476.94 
2024 06 27 17 19 39.68  32.026  07.749  0043.90  00.53  08.16  260.0  009.26  30.740  1024.167  1476.95 
2024 06 27 17 19 39.93  32.024  07.747  0044.29  00.51  08.18  260.0  009.26  30.739  1024.168  1476.95 
2024 06 27 17 19 40.18  32.026  07.747  0044.76  00.59  08.21  260.0  009.26  30.742  1024.173  1476.95 
2024 06 27 17 19 40.43  32.026  07.746  0045.13  00.60  08.28  260.0  009.26  30.743  1024.175  1476.96 
2024 06 27 17 19 40.68  32.026  07.744  0045.58  00.62  08.24  260.0  009.26  30.744  1024.179  1476.96 
2024 06 27 17 19 40.93  32.026  07.744  0046.01  00.61  08.25  260.0  009.26  30.744  1024.181  1476.97 
2024 06 27 17 19 41.18  32.025  07.742  0046.41  00.55  08.12  259.7  009.26  30.745  1024.183  1476.97 
2024 06 27 17 19 41.43  32.028  07.741  0046.83  00.50  08.10  259.7  009.26  30.748  1024.188  1476.97 
2024 06 27 17 19 41.68  32.028  07.743  0047.26  00.45  08.17  259.7  009.26  30.746  1024.188  1476.98 
2024 06 27 17 19 41.93  32.031  07.742  0047.67  00.47  08.15  259.7  009.26  30.750  1024.193  1476.99 
2024 06 27 17 19 42.18  32.033  07.742  0048.11  00.49  08.16  259.7  009.26  30.751  1024.196  1477.00 
2024 06 27 17 19 42.43  32.034  07.743  0048.50  00.51  08.17  259.7  009.26  30.753  1024.199  1477.01 
2024 06 27 17 19 42.68  32.034  07.741  0048.95  00.51  08.09  259.7  009.26  30.753  1024.202  1477.02 
2024 06 27 17 19 42.93  32.034  07.742  0049.38  00.52  08.18  259.7  009.26  30.753  1024.203  1477.02 
2024 06 27 17 19 43.18  32.034  07.741  0049.78  00.54  08.20  259.7  009.26  30.753  1024.205  1477.03 
2024 06 27 17 19 43.43  32.033  07.741  0050.22  00.58  08.15  259.7  009.26  30.752  1024.206  1477.03 
2024 06 27 17 19 43.68  32.036  07.740  0050.64  00.58  08.24  259.7  009.26  30.756  1024.212  1477.04 
2024 06 27 17 19 43.93  32.036  07.739  0051.06  00.53  08.22  259.7  009.26  30.757  1024.215  1477.04 
2024 06 27 17 19 44.18  32.035  07.739  0051.49  00.45  08.14  259.7  009.26  30.755  1024.215  1477.05 
2024 06 27 17 19 44.43  32.035  07.738  0051.88  00.44  08.18  259.7  009.26  30.756  1024.218  1477.05 
2024 06 27 17 19 44.68  32.035  07.738  0052.31  00.46  08.16  259.7  009.26  30.756  1024.219  1477.06 
2024 06 27 17 19 44.93  32.035  07.737  0052.75  00.47  08.10  259.7  009.26  30.757  1024.222  1477.06 
2024 06 27 17 19 45.18  32.036  07.735  0053.17  00.45  08.16  259.7  009.26  30.759  1024.226  1477.07 
2024 06 27 17 19 45.43  32.036  07.735  0053.59  00.43  08.16  259.7  009.26  30.759  1024.228  1477.07 
2024 06 27 17 19 45.68  32.036  07.733  0053.99  00.44  08.16  259.7  009.26  30.761  1024.232  1477.07 
2024 06 27 17 19 45.93  32.036  07.734  0054.44  00.47  08.17  259.7  009.26  30.760  1024.233  1477.08 
2024 06 27 17 19 46.18  32.034  07.732  0054.89  00.48  08.28  259.7  009.26  30.759  1024.234  1477.08 
2024 06 27 17 19 46.43  32.036  07.732  0055.29  00.54  08.25  259.7  009.26  30.761  1024.238  1477.09 
2024 06 27 17 19 46.68  32.035  07.731  0055.71  00.57  08.12  259.7  009.26  30.760  1024.240  1477.09 
2024 06 27 17 19 46.93  32.036  07.731  0056.19  00.50  08.15  259.7  009.26  30.762  1024.243  1477.10 
2024 06 27 17 19 47.18  32.036  07.731  0056.56  00.50  08.18  260.0  009.26  30.761  1024.244  1477.11 
2024 06 27 17 19 47.43  32.036  07.731  0057.00  00.52  08.19  260.0  009.26  30.761  1024.246  1477.12 
2024 06 27 17 19 47.68  32.036  07.730  0057.41  00.55  08.16  260.0  009.26  30.761  1024.248  1477.12 
2024 06 27 17 19 47.93  32.036  07.731  0057.84  00.51  08.13  260.0  009.26  30.760  1024.250  1477.13 
2024 06 27 17 19 48.18  32.036  07.730  0058.26  00.52  08.17  260.0  009.26  30.762  1024.253  1477.13 
2024 06 27 17 19 48.43  32.036  07.729  0058.67  00.51  08.18  260.0  009.26  30.763  1024.256  1477.14 
2024 06 27 17 19 48.68  32.035  07.729  0059.10  00.58  08.15  260.0  009.26  30.761  1024.256  1477.14 
2024 06 27 17 19 48.93  32.036  07.728  0059.53  00.53  08.14  260.0  009.26  30.763  1024.260  1477.15 
2024 06 27 17 19 49.18  32.037  07.728  0059.90  00.52  08.25  260.0  009.26  30.764  1024.262  1477.15 
2024 06 27 17 19 49.43  32.037  07.728  0060.35  00.50  08.23  260.0  009.26  30.764  1024.264  1477.16 
2024 06 27 17 19 49.68  32.038  07.727  0060.74  00.48  08.20  260.0  009.26  30.765  1024.267  1477.17 
2024 06 27 17 19 49.93  32.037  07.728  0061.19  00.42  08.20  260.0  009.26  30.763  1024.267  1477.17 
2024 06 27 17 19 50.18  32.037  07.727  0061.60  00.43  08.11  260.2  009.26  30.764  1024.270  1477.18 
2024 06 27 17 19 50.43  32.036  07.726  0061.99  00.46  08.16  260.2  009.26  30.764  1024.272  1477.18 
2024 06 27 17 19 50.68  32.036  07.723  0062.42  00.54  08.15  260.2  009.26  30.765  1024.275  1477.18 
2024 06 27 17 19 50.93  32.036  07.723  0062.85  00.51  08.12  260.2  009.26  30.766  1024.278  1477.18 
2024 06 27 17 19 51.18  32.035  07.720  0063.23  00.52  08.03  260.2  009.26  30.766  1024.280  1477.18 
2024 06 27 17 19 51.43  32.034  07.720  0063.66  00.54  08.09  260.2  009.26  30.766  1024.282  1477.19 
2024 06 27 17 19 51.68  32.036  07.720  0064.02  00.55  08.14  260.2  009.26  30.767  1024.285  1477.19 
2024 06 27 17 19 51.93  32.036  07.719  0064.48  00.52  08.14  260.2  009.26  30.769  1024.289  1477.20 
2024 06 27 17 19 52.18  32.033  07.718  0064.87  00.52  08.25  260.2  009.26  30.766  1024.288  1477.20 
2024 06 27 17 19 52.43  32.033  07.719  0065.27  00.47  08.20  260.2  009.26  30.766  1024.289  1477.21 
2024 06 27 17 19 52.68  32.033  07.718  0065.71  00.47  08.23  260.2  009.26  30.766  1024.292  1477.21 
2024 06 27 17 19 52.93  32.034  07.717  0066.11  00.46  08.24  260.2  009.26  30.768  1024.295  1477.22 
2024 06 27 17 19 53.18  32.034  07.717  0066.51  00.49  08.10  260.0  009.26  30.767  1024.297  1477.22 
2024 06 27 17 19 53.43  32.034  07.718  0066.93  00.55  08.13  260.0  009.26  30.766  1024.297  1477.23 
2024 06 27 17 19 53.68  32.034  07.717  0067.32  00.57  08.12  260.0  009.26  30.767  1024.300  1477.24 
2024 06 27 17 19 53.93  32.036  07.718  0067.76  00.51  08.17  260.0  009.26  30.767  1024.302  1477.25 
2024 06 27 17 19 54.18  32.036  07.719  0068.18  00.52  08.17  260.0  009.26  30.768  1024.304  1477.26 
2024 06 27 17 19 54.43  32.036  07.718  0068.58  00.56  08.17  260.0  009.26  30.767  1024.306  1477.26 
2024 06 27 17 19 54.68  32.036  07.717  0068.99  00.57  08.13  260.0  009.26  30.768  1024.309  1477.27 
2024 06 27 17 19 54.93  32.036  07.719  0069.40  00.55  08.14  260.0  009.26  30.766  1024.308  1477.28 
2024 06 27 17 19 55.18  32.036  07.719  0069.84  00.56  08.20  260.0  009.26  30.767  1024.311  1477.28 
2024 06 27 17 19 55.43  32.034  07.717  0070.27  00.56  08.20  260.0  009.26  30.766  1024.313  1477.28 
2024 06 27 17 19 55.68  32.038  07.717  0070.65  00.50  08.22  260.0  009.26  30.770  1024.318  1477.29 
2024 06 27 17 19 55.93  32.037  07.718  0071.09  00.52  08.16  260.0  009.26  30.768  1024.318  1477.30 
2024 06 27 17 19 56.18  32.037  07.717  0071.51  00.56  08.11  260.1  009.26  30.768  1024.321  1477.30 
2024 06 27 17 19 56.43  32.036  07.715  0071.89  00.55  08.17  260.1  009.26  30.769  1024.323  1477.31 
2024 06 27 17 19 56.68  32.036  07.714  0072.32  00.56  08.15  260.1  009.26  30.769  1024.326  1477.31 
2024 06 27 17 19 56.93  32.035  07.712  0072.71  00.54  08.15  260.1  009.26  30.769  1024.327  1477.31 
2024 06 27 17 19 57.18  32.033  07.711  0073.15  00.58  08.11  260.1  009.26  30.769  1024.329  1477.31 
2024 06 27 17 19 57.43  32.034  07.710  0073.54  00.53  08.07  260.1  009.26  30.770  1024.332  1477.31 
2024 06 27 17 19 57.68  32.035  07.711  0073.95  00.57  08.09  260.1  009.26  30.770  1024.334  1477.32 
2024 06 27 17 19 57.93  32.035  07.710  0074.39  00.53  08.12  260.1  009.26  30.770  1024.336  1477.33 
2024 06 27 17 19 58.18  32.033  07.710  0074.80  00.54  08.16  260.1  009.26  30.769  1024.337  1477.33 
2024 06 27 17 19 58.43  32.036  07.710  0075.17  00.50  08.18  260.1  009.26  30.771  1024.341  1477.34 
2024 06 27 17 19 58.68  32.034  07.709  0075.61  00.51  08.17  260.1  009.26  30.771  1024.342  1477.34 
2024 06 27 17 19 58.93  32.034  07.708  0076.00  00.53  08.19  260.1  009.26  30.771  1024.344  1477.35 
2024 06 27 17 19 59.18  32.035  07.706  0076.43  00.58  08.09  260.4  009.26  30.774  1024.349  1477.35 
2024 06 27 17 19 59.43  32.034  07.705  0076.81  00.55  08.16  260.4  009.26  30.773  1024.350  1477.35 
2024 06 27 17 19 59.68  32.033  07.704  0077.20  00.53  08.14  260.4  009.26  30.772  1024.351  1477.35 
2024 06 27 17 19 59.93  32.033  07.703  0077.61  00.52  08.16  260.4  009.26  30.774  1024.355  1477.36 
2024 06 27 17 20 00.18  32.033  07.703  0078.03  00.52  08.15  260.4  009.26  30.773  1024.356  1477.36 
2024 06 27 17 20 00.43  32.033  07.703  0078.40  00.55  08.15  260.4  009.26  30.773  1024.358  1477.37 
2024 06 27 17 20 00.68  32.034  07.703  0078.81  00.58  08.07  260.4  009.26  30.774  1024.361  1477.38 
2024 06 27 17 20 00.93  32.034  07.703  0079.19  00.60  08.13  260.4  009.26  30.774  1024.362  1477.38 
2024 06 27 17 20 01.18  32.033  07.704  0079.62  00.59  08.19  260.4  009.26  30.772  1024.362  1477.39 
2024 06 27 17 20 01.43  32.034  07.703  0080.02  00.53  08.24  260.4  009.26  30.774  1024.366  1477.40 
2024 06 27 17 20 01.68  32.033  07.703  0080.41  00.49  08.23  260.4  009.26  30.772  1024.366  1477.40 
2024 06 27 17 20 01.93  32.035  07.703  0080.81  00.54  08.21  260.4  009.26  30.774  1024.370  1477.41 
2024 06 27 17 20 02.18  32.035  07.703  0081.23  00.57  08.09  261.2  009.26  30.774  1024.372  1477.41 
2024 06 27 17 20 02.43  32.034  07.702  0081.62  00.52  08.11  261.2  009.26  30.774  1024.373  1477.42 
2024 06 27 17 20 02.68  32.033  07.701  0082.04  00.54  08.10  261.2  009.26  30.773  1024.375  1477.42 
2024 06 27 17 20 02.93  32.033  07.701  0082.42  00.55  08.12  261.2  009.26  30.773  1024.376  1477.43 
2024 06 27 17 20 03.18  32.034  07.701  0082.83  00.56  08.14  261.2  009.26  30.774  1024.379  1477.43 
2024 06 27 17 20 03.43  32.033  07.701  0083.26  00.60  08.10  261.2  009.26  30.773  1024.380  1477.44 
2024 06 27 17 20 03.68  32.034  07.701  0083.64  00.53  08.12  261.2  009.26  30.773  1024.382  1477.45 
2024 06 27 17 20 03.93  32.033  07.700  0084.04  00.52  08.13  261.2  009.26  30.773  1024.384  1477.45 
2024 06 27 17 20 04.18  32.033  07.701  0084.43  00.58  08.22  261.2  009.26  30.772  1024.385  1477.46 
2024 06 27 17 20 04.43  32.033  07.700  0084.86  00.58  08.22  261.2  009.26  30.774  1024.388  1477.46 
2024 06 27 17 20 04.68  32.034  07.700  0085.32  00.58  08.16  261.2  009.26  30.774  1024.391  1477.47 
2024 06 27 17 20 04.93  32.036  07.701  0085.68  00.51  08.21  261.2  009.26  30.775  1024.393  1477.48 
2024 06 27 17 20 05.18  32.034  07.701  0086.10  00.53  08.05  261.7  009.26  30.773  1024.393  1477.48 
2024 06 27 17 20 05.43  32.035  07.700  0086.52  00.49  08.07  261.7  009.26  30.774  1024.396  1477.49 
2024 06 27 17 20 05.68  32.033  07.700  0086.92  00.47  08.08  261.7  009.26  30.772  1024.396  1477.50 
2024 06 27 17 20 05.93  32.034  07.699  0087.33  00.52  08.14  261.7  009.26  30.774  1024.400  1477.50 
2024 06 27 17 20 06.18  32.033  07.698  0087.73  00.53  08.10  261.7  009.26  30.772  1024.401  1477.50 
2024 06 27 17 20 06.43  32.033  07.696  0088.14  00.57  08.15  261.7  009.26  30.774  1024.404  1477.50 
2024 06 27 17 20 06.68  32.033  07.697  0088.56  00.58  08.14  261.7  009.26  30.774  1024.406  1477.51 
2024 06 27 17 20 06.93  32.033  07.694  0088.93  00.56  08.11  261.7  009.26  30.775  1024.409  1477.51 
2024 06 27 17 20 07.18  32.033  07.694  0089.34  00.59  08.13  261.7  009.26  30.776  1024.411  1477.51 
2024 06 27 17 20 07.43  32.033  07.694  0089.78  00.62  08.17  261.7  009.26  30.775  1024.413  1477.52 
2024 06 27 17 20 07.68  32.035  07.695  0090.15  00.61  08.21  261.7  009.26  30.777  1024.416  1477.53 
2024 06 27 17 20 07.93  32.035  07.694  0090.59  00.58  08.16  261.7  009.26  30.778  1024.419  1477.54 
2024 06 27 17 20 08.18  32.034  07.695  0090.97  00.61  08.12  261.1  009.26  30.776  1024.419  1477.54 
2024 06 27 17 20 08.43  32.034  07.693  0091.39  00.65  08.14  261.1  009.26  30.777  1024.422  1477.55 
2024 06 27 17 20 08.68  32.034  07.693  0091.82  00.60  08.09  261.1  009.26  30.777  1024.424  1477.55 
2024 06 27 17 20 08.93  32.035  07.693  0092.21  00.58  08.05  261.1  009.26  30.778  1024.427  1477.56 
2024 06 27 17 20 09.18  32.033  07.691  0092.65  00.61  08.14  261.1  009.26  30.777  1024.428  1477.56 
2024 06 27 17 20 09.43  32.033  07.692  0093.05  00.65  08.13  261.1  009.26  30.776  1024.429  1477.57 
2024 06 27 17 20 09.68  32.033  07.690  0093.44  00.62  08.09  261.1  009.26  30.778  1024.432  1477.57 
2024 06 27 17 20 09.93  32.034  07.691  0093.80  00.62  08.10  261.1  009.26  30.778  1024.434  1477.58 
2024 06 27 17 20 10.18  32.035  07.691  0094.21  00.64  08.21  261.1  009.26  30.779  1024.437  1477.58 
2024 06 27 17 20 10.43  32.035  07.690  0094.47  00.59  08.16  261.1  009.26  30.779  1024.438  1477.59 
2024 06 27 17 20 10.68  29.022  07.690  0094.52  00.59  08.15  261.1  009.26  27.597  1021.944  1473.64 
2024 06 27 17 20 10.93  27.961  07.690  0094.53  00.65  08.10  261.1  009.26  26.486  1021.074  1472.26 
2024 06 27 17 20 11.18  27.913  07.690  0094.53  12.29  08.03  259.3  009.26  26.437  1021.035  1472.20 
2024 06 27 17 20 11.43  27.828  07.690  0094.53  12.29  08.05  259.3  009.26  26.348  1020.965  1472.09 
2024 06 27 17 20 11.68  27.793  07.689  0094.54  08.45  08.06  259.3  009.26  26.313  1020.938  1472.05 
2024 06 27 17 20 11.93  27.805  07.689  0094.54  05.69  08.06  259.3  009.26  26.326  1020.948  1472.06 
2024 06 27 17 20 12.18  27.805  07.690  0094.53  07.11  08.06  259.3  009.26  26.324  1020.947  1472.06 
2024 06 27 17 20 12.43  27.820  07.690  0094.55  05.56  08.07  259.3  009.26  26.340  1020.959  1472.08 
2024 06 27 17 20 12.68  27.843  07.689  0094.52  03.03  08.07  259.3  009.26  26.364  1020.978  1472.11 
2024 06 27 17 20 12.93  27.826  07.690  0094.52  02.16  08.07  259.3  009.26  26.346  1020.964  1472.09 
2024 06 27 17 20 13.18  27.946  07.687  0094.53  01.70  08.12  259.3  009.26  26.473  1021.064  1472.24 
2024 06 27 17 20 13.43  28.555  07.688  0094.54  01.37  08.12  259.3  009.26  27.110  1021.562  1473.03 
2024 06 27 17 20 13.68  29.479  07.688  0094.53  01.25  08.08  259.3  009.26  28.079  1022.322  1474.23 
2024 06 27 17 20 13.93  29.700  07.684  0094.52  01.26  08.09  259.3  009.26  28.314  1022.507  1474.51 
2024 06 27 17 20 14.18  29.726  07.684  0094.55  01.55  08.10  258.9  009.26  28.341  1022.528  1474.54 
2024 06 27 17 20 14.43  29.739  07.685  0094.53  01.56  08.10  258.9  009.26  28.353  1022.537  1474.56 
2024 06 27 17 20 14.68  29.720  07.684  0094.53  01.73  08.10  258.9  009.26  28.335  1022.523  1474.53 
2024 06 27 17 20 14.93  29.700  07.683  0094.53  01.76  08.10  258.9  009.26  28.314  1022.507  1474.50 
2024 06 27 17 20 15.18  29.758  07.683  0094.53  01.80  08.10  258.9  009.26  28.375  1022.555  1474.58 
2024 06 27 17 20 15.43  30.064  07.683  0094.53  01.80  08.10  258.9  009.26  28.698  1022.808  1474.98 
2024 06 27 17 20 15.68  31.304  07.683  0094.52  01.76  08.10  258.9  009.26  30.009  1023.836  1476.61 
2024 06 27 17 20 15.93  31.830  07.684  0094.52  01.79  08.10  258.9  009.26  30.567  1024.273  1477.30 
2024 06 27 17 20 16.18  31.851  07.684  0094.53  01.80  08.09  258.9  009.26  30.589  1024.291  1477.33 
2024 06 27 17 20 16.43  31.862  07.689  0094.51  02.00  08.10  258.9  009.26  30.597  1024.295  1477.36 
2024 06 27 17 20 16.68  31.871  07.687  0094.52  01.79  08.10  258.9  009.26  30.608  1024.304  1477.36 
2024 06 27 17 20 16.93  31.885  07.687  0094.50  01.76  08.10  258.9  009.26  30.623  1024.316  1477.38 
2024 06 27 17 20 17.18  31.911  07.688  0094.51  01.91  08.10  258.6  009.26  30.650  1024.337  1477.42 
2024 06 27 17 20 17.43  31.923  07.688  0094.51  01.85  08.10  258.6  009.26  30.662  1024.346  1477.43 
2024 06 27 17 20 17.68  31.929  07.690  0094.51  01.95  08.10  258.6  009.26  30.667  1024.350  1477.45 
2024 06 27 17 20 17.93  31.931  07.690  0094.52  01.86  08.09  258.6  009.26  30.670  1024.352  1477.45 
2024 06 27 17 20 18.18  31.931  07.689  0094.53  02.23  08.09  258.6  009.26  30.669  1024.352  1477.45 
2024 06 27 17 20 18.43  31.932  07.689  0094.52  02.65  08.09  258.6  009.26  30.672  1024.354  1477.45 
2024 06 27 17 20 18.68  31.934  07.689  0094.52  02.56  08.09  258.6  009.26  30.673  1024.355  1477.45 
2024 06 27 17 20 18.93  31.941  07.689  0094.52  02.32  08.09  258.6  009.26  30.681  1024.361  1477.46 
2024 06 27 17 20 19.18  31.944  07.689  0094.52  02.55  08.11  258.6  009.26  30.684  1024.364  1477.46 
2024 06 27 17 20 19.43  31.945  07.689  0094.52  03.24  08.11  258.6  009.26  30.685  1024.365  1477.46 
2024 06 27 17 20 19.68  31.951  07.690  0094.50  04.08  08.11  258.6  009.26  30.691  1024.369  1477.48 
2024 06 27 17 20 19.93  31.954  07.689  0094.52  04.12  08.11  258.6  009.26  30.694  1024.372  1477.48 
2024 06 27 17 20 20.18  31.956  07.687  0094.53  03.92  08.11  258.5  009.26  30.698  1024.376  1477.47 
2024 06 27 17 20 20.43  31.955  07.689  0094.52  04.12  08.11  258.5  009.26  30.695  1024.372  1477.48 
2024 06 27 17 20 20.68  31.958  07.688  0094.49  04.54  08.11  258.5  009.26  30.700  1024.376  1477.48 
2024 06 27 17 20 20.93  31.999  07.687  0094.42  04.39  08.11  258.5  009.26  30.744  1024.411  1477.53 
2024 06 27 17 20 21.18  32.025  07.684  0094.22  03.82  08.11  258.5  009.26  30.775  1024.435  1477.55 
2024 06 27 17 20 21.43  32.022  07.686  0094.11  03.31  08.10  258.5  009.26  30.770  1024.430  1477.55 
2024 06 27 17 20 21.68  32.025  07.688  0094.07  01.89  08.10  258.5  009.26  30.771  1024.430  1477.56 
2024 06 27 17 20 21.93  32.031  07.689  0094.12  01.07  08.10  258.5  009.26  30.776  1024.434  1477.57 
2024 06 27 17 20 22.18  32.028  07.689  0094.10  01.12  08.10  258.5  009.26  30.773  1024.432  1477.57 
2024 06 27 17 20 22.43  32.031  07.689  0094.01  00.99  08.10  258.5  009.26  30.776  1024.434  1477.57 
2024 06 27 17 20 22.68  32.031  07.689  0093.85  00.95  08.11  258.5  009.26  30.776  1024.433  1477.57 
2024 06 27 17 20 22.93  32.032  07.690  0093.74  00.81  08.11  258.5  009.26  30.777  1024.433  1477.57 
2024 06 27 17 20 23.18  32.031  07.690  0093.72  00.77  08.10  258.7  009.26  30.776  1024.432  1477.57 
2024 06 27 17 20 23.43  32.032  07.690  0093.75  00.72  08.10  258.7  009.26  30.776  1024.433  1477.57 
2024 06 27 17 20 23.68  32.031  07.691  0093.79  00.70  08.10  258.7  009.26  30.775  1024.432  1477.57 
2024 06 27 17 20 23.93  32.031  07.690  0093.72  00.79  08.10  258.7  009.26  30.775  1024.432  1477.57 
2024 06 27 17 20 24.18  32.030  07.690  0093.56  00.90  08.10  258.7  009.26  30.775  1024.431  1477.57 
2024 06 27 17 20 24.43  32.029  07.689  0093.45  00.94  08.10  258.7  009.26  30.774  1024.430  1477.56 
2024 06 27 17 20 24.68  32.032  07.690  0093.47  00.80  08.10  258.7  009.26  30.776  1024.431  1477.57 
2024 06 27 17 20 24.93  32.033  07.690  0093.50  00.76  08.10  258.7  009.26  30.777  1024.432  1477.57 
2024 06 27 17 20 25.18  32.033  07.690  0093.55  00.78  08.10  258.7  009.26  30.777  1024.432  1477.57 
2024 06 27 17 20 25.43  32.031  07.689  0093.56  00.82  08.10  258.7  009.26  30.777  1024.432  1477.56 
2024 06 27 17 20 25.68  32.033  07.690  0093.52  00.83  08.10  258.7  009.26  30.778  1024.433  1477.57 
2024 06 27 17 20 25.93  32.030  07.689  0093.54  01.00  08.10  258.7  009.26  30.775  1024.431  1477.56 
2024 06 27 17 20 26.18  32.031  07.690  0093.56  00.89  08.10  258.3  009.26  30.776  1024.431  1477.57 
2024 06 27 17 20 26.43  32.031  07.690  0093.56  01.02  08.10  258.3  009.26  30.776  1024.431  1477.57 
2024 06 27 17 20 26.68  32.031  07.689  0093.57  00.98  08.10  258.3  009.26  30.776  1024.432  1477.57 
2024 06 27 17 20 26.93  32.029  07.689  0093.55  01.00  08.10  258.3  009.26  30.775  1024.430  1477.56 
2024 06 27 17 20 27.18  32.030  07.690  0093.59  01.04  08.10  258.3  009.26  30.775  1024.430  1477.57 
2024 06 27 17 20 27.43  32.030  07.691  0093.59  00.89  08.10  258.3  009.26  30.774  1024.430  1477.57 
2024 06 27 17 20 27.68  32.031  07.690  0093.61  00.86  08.10  258.3  009.26  30.775  1024.431  1477.57 
2024 06 27 17 20 27.93  32.032  07.690  0093.59  00.90  08.10  258.3  009.26  30.776  1024.432  1477.57 
2024 06 27 17 20 28.18  32.031  07.689  0093.60  00.97  08.10  258.3  009.26  30.777  1024.432  1477.57 
2024 06 27 17 20 28.43  32.031  07.690  0093.63  00.89  08.10  258.3  009.26  30.776  1024.432  1477.57 
2024 06 27 17 20 28.68  32.032  07.690  0093.64  00.87  08.10  258.3  009.26  30.776  1024.432  1477.57 
2024 06 27 17 20 28.93  32.030  07.689  0093.62  00.74  08.10  258.3  009.26  30.775  1024.431  1477.57 
2024 06 27 17 20 29.18  32.031  07.689  0093.62  00.70  08.10  258.3  009.26  30.777  1024.432  1477.57 
2024 06 27 17 20 29.43  32.029  07.691  0093.62  00.74  08.10  258.3  009.26  30.773  1024.429  1477.57 
2024 06 27 17 20 29.68  32.029  07.691  0093.64  00.69  08.10  258.3  009.26  30.773  1024.429  1477.57 
2024 06 27 17 20 29.93  32.029  07.691  0093.63  00.66  08.10  258.3  009.26  30.773  1024.430  1477.57 
2024 06 27 17 20 30.18  32.029  07.690  0093.64  00.72  08.10  258.3  009.26  30.774  1024.430  1477.57 
2024 06 27 17 20 30.43  32.029  07.688  0093.65  00.75  08.10  258.3  009.26  30.774  1024.431  1477.56 
2024 06 27 17 20 30.68  32.029  07.689  0093.64  00.69  08.10  258.3  009.26  30.774  1024.430  1477.56 
2024 06 27 17 20 30.93  32.028  07.690  0093.66  00.66  08.10  258.3  009.26  30.773  1024.429  1477.56 
2024 06 27 17 20 31.18  32.029  07.690  0093.64  00.63  08.09  258.3  009.26  30.774  1024.430  1477.57 
2024 06 27 17 20 31.43  32.029  07.692  0093.68  00.59  08.09  258.3  009.26  30.772  1024.429  1477.57 
2024 06 27 17 20 31.68  32.033  07.692  0093.72  00.62  08.10  258.3  009.26  30.776  1024.432  1477.58 
2024 06 27 17 20 31.93  32.030  07.691  0093.74  00.66  08.10  258.3  009.26  30.774  1024.431  1477.57 
2024 06 27 17 20 32.18  32.029  07.689  0093.77  00.73  08.09  258.2  009.26  30.775  1024.432  1477.57 
2024 06 27 17 20 32.43  32.030  07.691  0093.80  00.65  08.09  258.2  009.26  30.774  1024.430  1477.57 
2024 06 27 17 20 32.68  32.031  07.691  0093.81  00.71  08.09  258.2  009.26  30.774  1024.431  1477.57 
2024 06 27 17 20 32.93  32.029  07.690  0093.81  00.71  08.09  258.2  009.26  30.774  1024.431  1477.57 
2024 06 27 17 20 33.18  32.026  07.690  0093.82  00.66  08.09  258.2  009.26  30.770  1024.428  1477.57 
2024 06 27 17 20 33.43  32.029  07.688  0093.82  00.63  08.09  258.2  009.26  30.775  1024.432  1477.56 
2024 06 27 17 20 33.68  32.030  07.691  0093.82  00.63  08.09  258.2  009.26  30.773  1024.430  1477.57 
2024 06 27 17 20 33.93  32.029  07.690  0093.81  00.65  08.09  258.2  009.26  30.774  1024.431  1477.57 
2024 06 27 17 20 34.18  32.031  07.691  0093.81  00.70  08.09  258.2  009.26  30.775  1024.431  1477.57 
2024 06 27 17 20 34.43  32.029  07.689  0093.82  00.69  08.09  258.2  009.26  30.775  1024.432  1477.57 
2024 06 27 17 20 34.68  32.027  07.689  0093.85  00.62  08.09  258.2  009.26  30.773  1024.430  1477.56 
2024 06 27 17 20 34.93  32.030  07.690  0093.87  00.63  08.09  258.2  009.26  30.775  1024.432  1477.57 
2024 06 27 17 20 35.18  32.030  07.690  0093.88  00.61  08.09  258.3  009.26  30.774  1024.432  1477.57 
2024 06 27 17 20 35.43  32.028  07.689  0093.86  00.66  08.09  258.3  009.26  30.773  1024.431  1477.56 
2024 06 27 17 20 35.68  32.030  07.689  0093.87  00.62  08.09  258.3  009.26  30.775  1024.432  1477.57 
2024 06 27 17 20 35.93  32.029  07.690  0093.88  00.66  08.09  258.3  009.26  30.773  1024.430  1477.57 
2024 06 27 17 20 36.18  32.028  07.690  0093.90  00.61  08.09  258.3  009.26  30.772  1024.430  1477.57 
2024 06 27 17 20 36.43  32.029  07.691  0093.90  00.62  08.09  258.3  009.26  30.772  1024.430  1477.57 
2024 06 27 17 20 36.68  32.028  07.689  0093.90  00.65  08.09  258.3  009.26  30.773  1024.430  1477.57 
2024 06 27 17 20 36.93  32.029  07.691  0093.92  00.62  08.09  258.3  009.26  30.772  1024.430  1477.57 
2024 06 27 17 20 37.18  32.029  07.690  0093.93  00.64  08.08  258.3  009.26  30.773  1024.431  1477.57 
2024 06 27 17 20 37.43  32.029  07.690  0093.93  00.60  08.09  258.3  009.26  30.773  1024.431  1477.57 
2024 06 27 17 20 37.68  32.030  07.690  0093.94  00.66  08.09  258.3  009.26  30.774  1024.432  1477.57 
2024 06 27 17 20 37.93  32.029  07.689  0093.94  00.67  08.09  258.3  009.26  30.774  1024.432  1477.57 
2024 06 27 17 20 38.18  32.029  07.689  0093.95  00.71  08.09  258.4  009.26  30.774  1024.432  1477.57 
2024 06 27 17 20 38.43  32.031  07.691  0093.97  00.68  08.08  258.4  009.26  30.775  1024.432  1477.58 
2024 06 27 17 20 38.68  32.030  07.690  0093.96  00.66  08.08  258.4  009.26  30.775  1024.432  1477.57 
2024 06 27 17 20 38.93  32.028  07.690  0093.96  00.61  08.08  258.4  009.29  30.772  1024.430  1477.57 
2024 06 27 17 20 39.18  32.030  07.689  0093.97  00.57  08.08  258.4  009.26  30.775  1024.433  1477.57 
2024 06 27 17 20 39.43  32.029  07.690  0093.98  00.62  08.08  258.4  009.26  30.774  1024.432  1477.57 
2024 06 27 17 20 39.68  32.030  07.691  0093.95  00.70  08.08  258.4  009.26  30.774  1024.431  1477.57 
2024 06 27 17 20 39.93  32.029  07.688  0093.87  00.67  08.08  258.4  009.26  30.776  1024.433  1477.56 
2024 06 27 17 20 40.18  32.027  07.690  0093.91  00.64  08.08  258.4  009.26  30.772  1024.430  1477.57 
2024 06 27 17 20 40.43  32.031  07.690  0093.96  00.64  08.08  258.4  009.26  30.775  1024.433  1477.57 
2024 06 27 17 20 40.68  32.029  07.690  0093.95  00.63  08.08  258.4  009.26  30.774  1024.432  1477.57 
2024 06 27 17 20 40.93  32.029  07.690  0093.94  00.67  08.08  258.4  009.26  30.773  1024.431  1477.57 
2024 06 27 17 20 41.18  32.029  07.692  0093.95  00.69  08.08  258.2  009.26  30.771  1024.429  1477.58 
2024 06 27 17 20 41.43  32.030  07.690  0093.96  00.68  08.06  258.2  009.26  30.774  1024.432  1477.57 
2024 06 27 17 20 41.68  32.030  07.691  0094.01  00.66  08.06  258.2  009.26  30.774  1024.432  1477.58 
2024 06 27 17 20 41.93  32.030  07.694  0094.07  00.64  08.06  258.2  009.23  30.771  1024.430  1477.58 
2024 06 27 17 20 42.18  32.029  07.692  0094.16  00.66  08.06  258.2  009.26  30.772  1024.431  1477.58 
2024 06 27 17 20 42.43  32.030  07.693  0094.19  00.64  08.06  258.2  009.26  30.772  1024.431  1477.58 
2024 06 27 17 20 42.68  32.029  07.692  0094.17  00.66  08.06  258.2  009.26  30.772  1024.431  1477.58 
2024 06 27 17 20 42.93  32.030  07.692  0094.15  00.66  08.06  258.2  009.26  30.773  1024.432  1477.58 
2024 06 27 17 20 43.18  32.028  07.693  0094.15  00.61  08.05  258.2  009.26  30.770  1024.429  1477.58 
2024 06 27 17 20 43.43  32.029  07.693  0094.18  00.63  08.06  258.2  009.26  30.770  1024.430  1477.58 
2024 06 27 17 20 43.68  32.032  07.693  0094.20  00.66  08.06  258.2  009.26  30.773  1024.432  1477.59 
2024 06 27 17 20 43.93  32.029  07.693  0094.21  00.63  08.06  258.2  009.26  30.771  1024.430  1477.58 
2024 06 27 17 20 44.18  32.031  07.691  0094.21  00.64  08.06  258.1  009.26  30.774  1024.433  1477.58 
2024 06 27 17 20 44.43  32.029  07.691  0094.24  00.61  08.06  258.1  009.29  30.773  1024.432  1477.58 
2024 06 27 17 20 44.68  32.031  07.692  0094.33  00.57  08.06  258.1  009.26  30.773  1024.432  1477.59 
2024 06 27 17 20 44.93  32.030  07.692  0094.41  00.64  08.06  258.1  009.26  30.773  1024.433  1477.58 
2024 06 27 17 20 45.18  32.030  07.691  0094.42  00.66  08.06  258.1  009.26  30.774  1024.434  1477.58 
2024 06 27 17 20 45.43  32.029  07.691  0094.37  00.63  08.06  258.1  009.26  30.773  1024.432  1477.58 
2024 06 27 17 20 45.68  32.029  07.691  0094.29  00.62  08.06  258.1  009.26  30.773  1024.432  1477.58 
2024 06 27 17 20 45.93  32.030  07.691  0094.24  00.65  08.06  258.1  009.26  30.774  1024.433  1477.58 
2024 06 27 17 20 46.18  32.030  07.690  0094.21  00.58  08.06  258.1  009.26  30.774  1024.433  1477.58 
2024 06 27 17 20 46.43  32.029  07.692  0094.15  00.58  08.06  258.1  009.26  30.771  1024.430  1477.58 
2024 06 27 17 20 46.68  32.029  07.690  0094.13  00.63  08.06  258.1  009.26  30.773  1024.431  1477.57 
2024 06 27 17 20 46.93  32.028  07.691  0094.11  00.62  08.06  258.1  009.26  30.771  1024.430  1477.57 
2024 06 27 17 20 47.18  32.029  07.691  0094.01  00.62  08.06  258.3  009.26  30.773  1024.431  1477.58 
2024 06 27 17 20 47.43  32.029  07.690  0093.82  00.60  08.06  258.3  009.26  30.773  1024.430  1477.57 
2024 06 27 17 20 47.68  32.028  07.690  0093.76  00.59  08.06  258.3  009.26  30.772  1024.429  1477.57 
2024 06 27 17 20 47.93  32.029  07.690  0093.73  00.53  08.06  258.3  009.26  30.773  1024.430  1477.57 
2024 06 27 17 20 48.18  32.028  07.690  0093.52  00.56  08.06  258.3  009.26  30.772  1024.428  1477.56 
2024 06 27 17 20 48.43  32.029  07.691  0093.24  00.59  08.06  258.3  009.26  30.773  1024.427  1477.56 
2024 06 27 17 20 48.68  32.029  07.691  0093.09  00.58  08.06  258.3  009.26  30.772  1024.426  1477.56 
2024 06 27 17 20 48.93  32.029  07.693  0092.99  00.56  08.06  258.3  009.26  30.772  1024.425  1477.56 
2024 06 27 17 20 49.18  32.029  07.693  0093.00  00.61  08.06  258.3  009.26  30.771  1024.424  1477.56 
2024 06 27 17 20 49.43  32.030  07.693  0092.98  00.60  08.06  258.3  009.26  30.772  1024.426  1477.57 
2024 06 27 17 20 49.68  32.030  07.693  0092.90  00.67  08.06  258.3  009.26  30.772  1024.425  1477.56 
2024 06 27 17 20 49.93  32.029  07.692  0092.76  00.72  08.06  258.3  009.26  30.772  1024.425  1477.56 
2024 06 27 17 20 50.18  32.029  07.693  0092.75  00.69  08.07  258.3  009.26  30.771  1024.423  1477.56 
2024 06 27 17 20 50.43  32.030  07.693  0092.78  00.70  08.07  258.3  009.26  30.772  1024.424  1477.56 
2024 06 27 17 20 50.68  32.031  07.695  0092.80  00.80  08.07  258.3  009.26  30.772  1024.424  1477.57 
2024 06 27 17 20 50.93  32.029  07.692  0092.81  00.81  08.07  258.3  009.26  30.772  1024.425  1477.56 
2024 06 27 17 20 51.18  32.027  07.693  0092.80  00.81  08.07  258.3  009.26  30.769  1024.422  1477.56 
2024 06 27 17 20 51.43  32.029  07.692  0092.80  00.79  08.07  258.3  009.26  30.772  1024.424  1477.56 
2024 06 27 17 20 51.68  32.029  07.695  0092.81  00.88  08.07  258.3  009.26  30.770  1024.423  1477.57 
2024 06 27 17 20 51.93  32.030  07.692  0092.82  00.84  08.06  258.3  009.26  30.773  1024.426  1477.56 
2024 06 27 17 20 52.18  32.027  07.692  0092.82  00.78  08.06  258.3  009.26  30.770  1024.423  1477.56 
2024 06 27 17 20 52.43  32.027  07.692  0092.82  00.83  08.06  258.3  009.26  30.770  1024.423  1477.56 
2024 06 27 17 20 52.68  32.028  07.693  0092.81  00.90  08.06  258.3  009.26  30.770  1024.422  1477.56 
2024 06 27 17 20 52.93  32.029  07.694  0092.83  00.81  08.06  258.3  009.26  30.771  1024.423  1477.56 
2024 06 27 17 20 53.18  32.030  07.693  0092.84  00.67  08.06  258.3  009.26  30.772  1024.425  1477.56 
2024 06 27 17 20 53.43  32.028  07.693  0092.84  00.63  08.06  258.3  009.26  30.770  1024.423  1477.56 
2024 06 27 17 20 53.68  32.028  07.692  0092.82  00.61  08.06  258.3  009.26  30.771  1024.424  1477.56 
2024 06 27 17 20 53.93  32.029  07.694  0092.82  00.61  08.06  258.3  009.26  30.770  1024.423  1477.57 
2024 06 27 17 20 54.18  32.026  07.694  0092.81  00.64  08.06  258.3  009.26  30.768  1024.421  1477.56 
2024 06 27 17 20 54.43  32.027  07.694  0092.78  00.55  08.06  258.3  009.26  30.768  1024.421  1477.56 
2024 06 27 17 20 54.68  32.028  07.692  0092.73  00.61  08.06  258.3  009.26  30.771  1024.423  1477.56 
2024 06 27 17 20 54.93  32.029  07.690  0092.55  00.59  08.06  258.3  009.26  30.774  1024.425  1477.55 
2024 06 27 17 20 55.18  32.028  07.692  0092.39  00.60  08.06  258.3  009.26  30.771  1024.422  1477.55 
2024 06 27 17 20 55.43  32.026  07.692  0092.14  00.65  08.06  258.3  009.26  30.770  1024.420  1477.54 
2024 06 27 17 20 55.68  32.027  07.692  0091.79  00.65  08.06  258.3  009.26  30.770  1024.419  1477.54 
2024 06 27 17 20 55.93  32.026  07.693  0091.42  00.61  08.07  258.3  009.26  30.769  1024.416  1477.54 
2024 06 27 17 20 56.18  32.029  07.693  0091.04  00.57  08.06  258.2  009.26  30.771  1024.416  1477.53 
2024 06 27 17 20 56.43  32.025  07.694  0090.69  00.58  08.04  258.2  009.26  30.767  1024.411  1477.53 
2024 06 27 17 20 56.68  32.029  07.694  0090.34  00.56  08.06  258.2  009.26  30.771  1024.412  1477.52 
2024 06 27 17 20 56.93  32.027  07.694  0089.98  00.52  08.03  258.2  009.26  30.769  1024.409  1477.52 
2024 06 27 17 20 57.18  32.027  07.695  0089.64  00.46  08.06  258.2  009.26  30.769  1024.407  1477.52 
2024 06 27 17 20 57.43  32.028  07.696  0089.24  00.52  08.06  258.2  009.26  30.769  1024.406  1477.51 
2024 06 27 17 20 57.68  32.028  07.696  0088.88  00.53  08.06  258.2  009.26  30.769  1024.404  1477.51 
2024 06 27 17 20 57.93  32.026  07.696  0088.52  00.49  08.07  258.2  009.26  30.767  1024.401  1477.50 
2024 06 27 17 20 58.18  32.027  07.695  0088.14  00.50  08.13  258.2  009.26  30.769  1024.401  1477.49 
2024 06 27 17 20 58.43  32.027  07.697  0087.75  00.61  08.13  258.2  009.26  30.768  1024.398  1477.49 
2024 06 27 17 20 58.68  32.029  07.697  0087.33  00.63  08.17  258.2  009.26  30.769  1024.397  1477.49 
2024 06 27 17 20 58.93  32.026  07.697  0086.92  00.59  08.10  258.2  009.29  30.767  1024.393  1477.48 
2024 06 27 17 20 59.18  32.027  07.697  0086.54  00.51  08.03  258.4  009.26  30.768  1024.392  1477.47 
2024 06 27 17 20 59.43  32.025  07.698  0086.12  00.45  08.05  258.4  009.26  30.766  1024.389  1477.46 
2024 06 27 17 20 59.68  32.025  07.698  0085.72  00.44  08.10  258.4  009.26  30.766  1024.386  1477.46 
2024 06 27 17 20 59.93  32.026  07.699  0085.30  00.43  08.03  258.4  009.26  30.766  1024.384  1477.46 
2024 06 27 17 21 00.18  32.027  07.699  0084.85  00.49  08.07  258.4  009.26  30.767  1024.383  1477.45 
2024 06 27 17 21 00.43  32.029  07.700  0084.44  00.48  08.11  258.4  009.26  30.769  1024.382  1477.45 
2024 06 27 17 21 00.68  32.026  07.700  0083.97  00.46  08.10  258.4  009.26  30.766  1024.378  1477.44 
2024 06 27 17 21 00.93  32.025  07.700  0083.53  00.45  08.11  258.4  009.26  30.766  1024.376  1477.43 
2024 06 27 17 21 01.18  32.026  07.700  0083.16  00.48  08.16  258.4  009.26  30.766  1024.375  1477.43 
2024 06 27 17 21 01.43  32.025  07.700  0082.72  00.48  08.11  258.4  009.26  30.765  1024.372  1477.42 
2024 06 27 17 21 01.68  32.027  07.700  0082.37  00.50  08.15  258.4  009.26  30.767  1024.372  1477.42 
2024 06 27 17 21 01.93  32.025  07.701  0081.96  00.51  08.11  258.4  009.26  30.764  1024.368  1477.41 
2024 06 27 17 21 02.18  32.026  07.701  0081.55  00.52  08.04  259.4  009.26  30.766  1024.367  1477.40 
2024 06 27 17 21 02.43  32.026  07.701  0081.18  00.47  08.05  259.4  009.26  30.767  1024.366  1477.40 
2024 06 27 17 21 02.68  32.025  07.700  0080.78  00.49  08.10  259.4  009.26  30.766  1024.363  1477.39 
2024 06 27 17 21 02.93  32.024  07.701  0080.32  00.50  08.10  259.4  009.26  30.764  1024.360  1477.38 
2024 06 27 17 21 03.18  32.025  07.701  0079.92  00.42  08.09  259.4  009.26  30.765  1024.359  1477.38 
2024 06 27 17 21 03.43  32.026  07.702  0079.49  00.47  08.09  259.4  009.26  30.767  1024.358  1477.37 
2024 06 27 17 21 03.68  32.024  07.702  0079.09  00.44  08.09  259.4  009.26  30.764  1024.354  1477.36 
2024 06 27 17 21 03.93  32.025  07.702  0078.67  00.44  08.09  259.4  009.26  30.765  1024.353  1477.36 
2024 06 27 17 21 04.18  32.025  07.703  0078.22  00.47  08.10  259.4  009.26  30.764  1024.350  1477.35 
2024 06 27 17 21 04.43  32.024  07.703  0077.81  00.45  08.10  259.4  009.26  30.764  1024.348  1477.35 
2024 06 27 17 21 04.68  32.024  07.702  0077.34  00.50  08.14  259.4  009.26  30.765  1024.347  1477.34 
2024 06 27 17 21 04.93  32.024  07.703  0076.93  00.52  08.11  259.4  009.26  30.764  1024.344  1477.33 
2024 06 27 17 21 05.18  32.026  07.702  0076.50  00.55  08.07  260.6  009.26  30.767  1024.344  1477.33 
2024 06 27 17 21 05.43  32.025  07.702  0076.07  00.47  08.04  260.6  009.26  30.767  1024.342  1477.32 
2024 06 27 17 21 05.68  32.023  07.702  0075.70  00.50  07.97  260.6  009.26  30.764  1024.338  1477.31 
2024 06 27 17 21 05.93  32.022  07.704  0075.21  00.48  08.12  260.6  009.26  30.762  1024.334  1477.31 
2024 06 27 17 21 06.18  32.027  07.704  0074.76  00.48  08.08  260.6  009.26  30.768  1024.337  1477.31 
2024 06 27 17 21 06.43  32.026  07.706  0074.35  00.49  08.02  260.6  009.26  30.765  1024.333  1477.30 
2024 06 27 17 21 06.68  32.025  07.706  0073.92  00.50  08.10  260.6  009.26  30.765  1024.330  1477.30 
2024 06 27 17 21 06.93  32.025  07.707  0073.49  00.52  08.11  260.6  009.26  30.763  1024.326  1477.29 
2024 06 27 17 21 07.18  32.025  07.710  0073.05  00.48  08.11  260.6  009.26  30.761  1024.323  1477.29 
2024 06 27 17 21 07.43  32.025  07.711  0072.56  00.45  08.11  260.6  009.26  30.761  1024.320  1477.29 
2024 06 27 17 21 07.68  32.025  07.711  0072.15  00.48  08.14  260.6  009.26  30.759  1024.317  1477.28 
2024 06 27 17 21 07.93  32.027  07.712  0071.69  00.52  08.13  260.6  009.26  30.762  1024.317  1477.28 
2024 06 27 17 21 08.18  32.028  07.713  0071.24  00.47  08.07  261.1  009.26  30.762  1024.315  1477.28 
2024 06 27 17 21 08.43  32.028  07.714  0070.81  00.44  07.93  261.1  009.26  30.761  1024.312  1477.27 
2024 06 27 17 21 08.68  32.028  07.714  0070.36  00.43  08.06  261.1  009.26  30.761  1024.310  1477.27 
2024 06 27 17 21 08.93  32.028  07.717  0069.94  00.45  08.09  261.1  009.26  30.759  1024.306  1477.27 
2024 06 27 17 21 09.18  32.028  07.717  0069.54  00.45  07.89  261.1  009.26  30.759  1024.304  1477.26 
2024 06 27 17 21 09.43  32.027  07.717  0069.09  00.42  08.07  261.1  009.26  30.759  1024.302  1477.25 
2024 06 27 17 21 09.68  32.026  07.717  0068.71  00.45  08.09  261.1  009.26  30.758  1024.299  1477.25 
2024 06 27 17 21 09.93  32.025  07.717  0068.31  00.41  08.04  261.1  009.26  30.756  1024.296  1477.24 
2024 06 27 17 21 10.18  32.029  07.717  0067.93  00.50  08.09  261.1  009.26  30.761  1024.298  1477.24 
2024 06 27 17 21 10.43  32.026  07.715  0067.56  00.51  08.16  261.1  009.26  30.760  1024.296  1477.22 
2024 06 27 17 21 10.68  32.025  07.716  0067.15  00.47  08.15  261.1  009.26  30.759  1024.293  1477.22 
2024 06 27 17 21 10.93  32.025  07.716  0066.76  00.50  08.01  261.1  009.26  30.758  1024.291  1477.21 
2024 06 27 17 21 11.18  32.027  07.716  0066.39  00.47  08.07  260.8  009.26  30.761  1024.291  1477.21 
2024 06 27 17 21 11.43  32.027  07.716  0066.01  00.45  08.09  260.8  009.26  30.760  1024.289  1477.20 
2024 06 27 17 21 11.68  32.025  07.717  0065.74  00.46  08.09  260.8  009.26  30.758  1024.286  1477.20 
2024 06 27 17 21 11.93  32.026  07.717  0065.68  00.47  07.91  260.8  009.26  30.759  1024.287  1477.20 
2024 06 27 17 21 12.18  32.026  07.717  0065.73  00.47  08.03  260.8  009.26  30.759  1024.286  1477.20 
2024 06 27 17 21 12.43  32.028  07.718  0065.74  00.47  08.05  260.8  009.26  30.760  1024.288  1477.20 
2024 06 27 17 21 12.68  32.028  07.717  0065.70  00.50  08.06  260.8  009.26  30.761  1024.288  1477.20 
2024 06 27 17 21 12.93  32.027  07.717  0065.57  00.51  08.06  260.8  009.26  30.760  1024.287  1477.20 
2024 06 27 17 21 13.18  32.025  07.718  0065.40  00.52  08.06  260.8  009.26  30.758  1024.284  1477.20 
2024 06 27 17 21 13.43  32.025  07.717  0065.29  00.55  08.05  260.8  009.26  30.758  1024.284  1477.19 
2024 06 27 17 21 13.68  32.025  07.717  0065.25  00.50  08.06  260.8  009.26  30.759  1024.284  1477.19 
2024 06 27 17 21 13.93  32.027  07.716  0065.24  00.51  08.06  260.8  009.26  30.761  1024.286  1477.19 
2024 06 27 17 21 14.18  32.026  07.718  0065.25  00.54  08.11  260.5  009.26  30.759  1024.284  1477.19 
2024 06 27 17 21 14.43  32.025  07.718  0065.29  00.53  08.10  260.5  009.26  30.758  1024.283  1477.19 
2024 06 27 17 21 14.68  32.026  07.719  0065.29  00.49  08.10  260.5  009.26  30.757  1024.283  1477.20 
2024 06 27 17 21 14.93  32.028  07.718  0065.22  00.51  08.09  260.5  009.26  30.760  1024.285  1477.20 
2024 06 27 17 21 15.18  32.026  07.716  0065.03  00.50  08.07  260.5  009.26  30.760  1024.285  1477.19 
2024 06 27 17 21 15.43  32.026  07.718  0064.79  00.47  08.06  260.5  009.26  30.759  1024.282  1477.19 
2024 06 27 17 21 15.68  32.027  07.717  0064.48  00.48  08.05  260.5  009.26  30.760  1024.282  1477.18 
2024 06 27 17 21 15.93  32.026  07.718  0064.14  00.52  08.03  260.5  009.26  30.759  1024.279  1477.18 
2024 06 27 17 21 16.18  32.027  07.720  0063.79  00.50  08.05  260.5  009.26  30.758  1024.277  1477.18 
2024 06 27 17 21 16.43  32.025  07.719  0063.45  00.53  08.10  260.5  009.26  30.757  1024.274  1477.17 
2024 06 27 17 21 16.68  32.027  07.719  0063.03  00.50  08.05  260.5  009.26  30.759  1024.274  1477.17 
2024 06 27 17 21 16.93  32.024  07.720  0062.66  00.48  08.09  260.5  009.26  30.755  1024.269  1477.16 
2024 06 27 17 21 17.18  32.026  07.722  0062.23  00.47  08.03  260.4  009.26  30.757  1024.268  1477.16 
2024 06 27 17 21 17.43  32.027  07.722  0061.78  00.47  08.04  260.4  009.26  30.757  1024.266  1477.15 
2024 06 27 17 21 17.68  32.025  07.723  0061.40  00.43  08.04  260.4  009.26  30.755  1024.263  1477.15 
2024 06 27 17 21 17.93  32.027  07.723  0060.97  00.46  07.98  260.4  009.26  30.756  1024.262  1477.14 
2024 06 27 17 21 18.18  32.028  07.724  0060.59  00.52  07.87  260.4  009.26  30.757  1024.260  1477.14 
2024 06 27 17 21 18.43  32.027  07.726  0060.18  00.51  08.06  260.4  009.26  30.755  1024.256  1477.14 
2024 06 27 17 21 18.68  32.027  07.726  0059.76  00.50  08.04  260.4  009.26  30.754  1024.254  1477.13 
2024 06 27 17 21 18.93  32.026  07.727  0059.36  00.51  08.07  260.4  009.26  30.753  1024.252  1477.13 
2024 06 27 17 21 19.18  32.028  07.728  0058.93  00.50  07.99  260.4  009.26  30.754  1024.250  1477.13 
2024 06 27 17 21 19.43  32.029  07.727  0058.50  00.43  08.07  260.4  009.26  30.756  1024.249  1477.12 
2024 06 27 17 21 19.68  32.029  07.727  0058.12  00.52  08.05  260.4  009.26  30.756  1024.248  1477.11 
2024 06 27 17 21 19.93  32.026  07.727  0057.68  00.48  08.11  260.4  009.26  30.754  1024.244  1477.10 
2024 06 27 17 21 20.18  32.025  07.728  0057.29  00.52  07.93  260.2  009.26  30.752  1024.241  1477.10 
2024 06 27 17 21 20.43  32.027  07.729  0056.88  00.51  08.07  260.2  009.26  30.753  1024.240  1477.10 
2024 06 27 17 21 20.68  32.025  07.730  0056.44  00.47  08.03  260.2  009.26  30.751  1024.236  1477.09 
2024 06 27 17 21 20.93  32.028  07.730  0056.06  00.53  07.97  260.2  009.26  30.753  1024.236  1477.09 
2024 06 27 17 21 21.18  32.027  07.731  0055.64  00.55  08.04  260.2  009.26  30.752  1024.233  1477.08 
2024 06 27 17 21 21.43  32.027  07.730  0055.23  00.51  08.04  260.2  009.26  30.753  1024.232  1477.07 
2024 06 27 17 21 21.68  32.025  07.731  0054.85  00.53  07.96  260.2  009.26  30.751  1024.228  1477.07 
2024 06 27 17 21 21.93  32.025  07.731  0054.45  00.48  08.09  260.2  009.26  30.750  1024.226  1477.06 
2024 06 27 17 21 22.18  32.028  07.731  0054.06  00.49  08.15  260.2  009.26  30.754  1024.227  1477.06 
2024 06 27 17 21 22.43  32.025  07.732  0053.65  00.50  07.97  260.2  009.26  30.749  1024.221  1477.05 
2024 06 27 17 21 22.68  32.026  07.731  0053.24  00.43  08.12  260.2  009.26  30.752  1024.222  1477.04 
2024 06 27 17 21 22.93  32.025  07.732  0052.87  00.43  08.14  260.2  009.26  30.751  1024.219  1477.04 
2024 06 27 17 21 23.18  32.025  07.733  0052.45  00.49  08.07  260.0  009.26  30.750  1024.216  1477.04 
2024 06 27 17 21 23.43  32.025  07.733  0052.11  00.48  08.08  260.0  009.26  30.749  1024.214  1477.03 
2024 06 27 17 21 23.68  32.026  07.734  0051.71  00.52  08.05  260.0  009.26  30.750  1024.213  1477.03 
2024 06 27 17 21 23.93  32.025  07.734  0051.28  00.55  08.07  260.0  009.26  30.749  1024.210  1477.02 
2024 06 27 17 21 24.18  32.026  07.736  0050.88  00.49  07.98  260.0  009.26  30.749  1024.208  1477.02 
2024 06 27 17 21 24.43  32.025  07.737  0050.46  00.47  08.01  260.0  009.26  30.748  1024.205  1477.01 
2024 06 27 17 21 24.68  32.025  07.738  0050.06  00.43  08.08  260.0  009.26  30.746  1024.202  1477.01 
2024 06 27 17 21 24.93  32.026  07.740  0049.66  00.51  07.90  260.0  009.26  30.746  1024.199  1477.01 
2024 06 27 17 21 25.18  32.025  07.739  0049.23  00.55  08.15  260.0  009.26  30.745  1024.196  1477.00 
2024 06 27 17 21 25.43  32.025  07.739  0048.86  00.47  08.13  260.0  009.26  30.746  1024.196  1477.00 
2024 06 27 17 21 25.68  32.025  07.741  0048.41  00.46  07.99  260.0  009.26  30.745  1024.192  1476.99 
2024 06 27 17 21 25.93  32.025  07.741  0047.97  00.43  08.14  260.0  009.26  30.744  1024.190  1476.99 
2024 06 27 17 21 26.18  32.025  07.741  0047.59  00.45  08.01  260.0  009.26  30.744  1024.188  1476.98 
2024 06 27 17 21 26.43  32.024  07.741  0047.18  00.50  07.98  260.0  009.26  30.743  1024.185  1476.97 
2024 06 27 17 21 26.68  32.024  07.742  0046.79  00.50  08.08  260.0  009.26  30.743  1024.183  1476.97 
2024 06 27 17 21 26.93  32.024  07.742  0046.47  00.48  07.95  260.0  009.26  30.743  1024.182  1476.97 
2024 06 27 17 21 27.18  32.023  07.742  0046.19  00.55  08.07  260.0  009.26  30.742  1024.180  1476.96 
2024 06 27 17 21 27.43  32.023  07.742  0045.94  00.55  08.06  260.0  009.26  30.742  1024.179  1476.96 
2024 06 27 17 21 27.68  32.021  07.743  0045.76  00.50  07.91  260.0  009.26  30.739  1024.175  1476.95 
2024 06 27 17 21 27.93  32.021  07.743  0045.55  00.49  08.10  260.0  009.26  30.740  1024.175  1476.95 
2024 06 27 17 21 28.18  32.019  07.743  0045.36  00.57  08.15  260.0  009.26  30.738  1024.173  1476.94 
2024 06 27 17 21 28.43  32.017  07.744  0045.09  00.47  08.09  260.0  009.26  30.735  1024.169  1476.94 
2024 06 27 17 21 28.68  32.018  07.744  0044.83  00.44  08.01  260.0  009.26  30.736  1024.169  1476.94 
2024 06 27 17 21 28.93  32.017  07.743  0044.62  00.46  08.14  260.0  009.26  30.735  1024.167  1476.93 
2024 06 27 17 21 29.18  32.017  07.743  0044.42  00.51  08.07  259.9  009.26  30.736  1024.167  1476.93 
2024 06 27 17 21 29.43  32.019  07.744  0044.32  00.59  08.08  259.9  009.26  30.737  1024.167  1476.93 
2024 06 27 17 21 29.68  32.018  07.746  0044.30  00.58  08.08  259.9  009.26  30.734  1024.165  1476.93 
2024 06 27 17 21 29.93  32.017  07.747  0044.32  00.59  08.09  259.9  009.26  30.732  1024.163  1476.93 
2024 06 27 17 21 30.18  32.018  07.747  0044.34  00.48  08.09  259.9  009.26  30.734  1024.164  1476.94 
2024 06 27 17 21 30.43  32.017  07.747  0044.35  00.52  08.02  259.9  009.26  30.732  1024.163  1476.94 
2024 06 27 17 21 30.68  32.017  07.747  0044.33  00.52  08.04  259.9  009.26  30.733  1024.164  1476.94 
2024 06 27 17 21 30.93  32.016  07.747  0044.35  00.54  08.04  259.9  009.26  30.731  1024.162  1476.93 
2024 06 27 17 21 31.18  32.016  07.746  0044.33  00.50  08.04  259.9  009.26  30.732  1024.163  1476.93 
2024 06 27 17 21 31.43  32.017  07.748  0044.25  00.45  08.04  259.9  009.26  30.731  1024.162  1476.94 
2024 06 27 17 21 31.68  32.016  07.745  0044.05  00.45  08.04  259.9  009.26  30.733  1024.162  1476.93 
2024 06 27 17 21 31.93  32.019  07.747  0043.80  00.45  08.03  259.9  009.26  30.735  1024.162  1476.93 
2024 06 27 17 21 32.18  32.017  07.747  0043.49  00.51  07.97  259.6  009.26  30.732  1024.159  1476.92 
2024 06 27 17 21 32.43  32.015  07.748  0043.25  00.52  07.99  259.6  009.26  30.730  1024.156  1476.92 
2024 06 27 17 21 32.68  32.015  07.750  0042.96  00.57  07.91  259.6  009.26  30.728  1024.153  1476.92 
2024 06 27 17 21 32.93  32.016  07.748  0042.69  00.55  08.04  259.6  009.26  30.731  1024.154  1476.91 
2024 06 27 17 21 33.18  32.016  07.750  0042.38  00.58  08.04  259.6  009.26  30.729  1024.151  1476.91 
2024 06 27 17 21 33.43  32.015  07.750  0042.12  00.53  07.97  259.6  009.26  30.728  1024.149  1476.91 
2024 06 27 17 21 33.68  32.016  07.750  0041.85  00.55  08.00  259.6  009.29  30.729  1024.149  1476.90 
2024 06 27 17 21 33.93  32.017  07.750  0041.52  00.55  07.96  259.6  009.26  30.730  1024.148  1476.90 
2024 06 27 17 21 34.18  32.015  07.750  0041.20  00.58  08.12  259.6  009.26  30.729  1024.146  1476.89 
2024 06 27 17 21 34.43  32.017  07.752  0040.81  00.52  08.12  259.6  009.26  30.729  1024.143  1476.90 
2024 06 27 17 21 34.68  32.017  07.751  0040.46  00.49  07.99  259.6  009.26  30.731  1024.143  1476.89 
2024 06 27 17 21 34.93  32.018  07.754  0040.10  00.48  08.09  259.6  009.26  30.730  1024.141  1476.89 
2024 06 27 17 21 35.18  32.015  07.753  0039.72  00.50  07.95  259.6  009.26  30.727  1024.137  1476.88 
2024 06 27 17 21 35.43  32.016  07.753  0039.39  00.50  08.08  259.6  009.26  30.728  1024.136  1476.87 
2024 06 27 17 21 35.68  32.016  07.752  0039.04  00.57  08.09  259.6  009.26  30.729  1024.135  1476.87 
2024 06 27 17 21 35.93  32.014  07.753  0038.68  00.55  08.00  259.6  009.26  30.727  1024.132  1476.86 
2024 06 27 17 21 36.18  32.012  07.752  0038.48  00.53  08.03  259.6  009.26  30.725  1024.130  1476.85 
2024 06 27 17 21 36.43  32.009  07.752  0038.19  00.55  07.94  259.6  009.26  30.722  1024.126  1476.84 
2024 06 27 17 21 36.68  32.009  07.751  0037.94  00.58  08.03  259.6  009.26  30.724  1024.127  1476.84 
2024 06 27 17 21 36.93  32.007  07.749  0037.66  00.48  07.90  259.6  009.26  30.723  1024.125  1476.82 
2024 06 27 17 21 37.18  32.003  07.745  0037.35  00.56  08.10  259.6  009.26  30.722  1024.123  1476.80 
2024 06 27 17 21 37.43  32.001  07.745  0037.07  00.49  08.14  259.6  009.26  30.721  1024.121  1476.80 
2024 06 27 17 21 37.68  32.000  07.745  0036.74  00.48  08.13  259.6  009.26  30.719  1024.118  1476.79 
2024 06 27 17 21 37.93  31.992  07.740  0036.39  00.54  08.10  259.6  009.26  30.715  1024.114  1476.76 
2024 06 27 17 21 38.18  31.990  07.740  0036.11  00.55  08.03  259.5  009.26  30.713  1024.111  1476.75 
2024 06 27 17 21 38.43  31.986  07.737  0035.79  00.54  08.07  259.5  009.26  30.711  1024.109  1476.73 
2024 06 27 17 21 38.68  31.984  07.735  0035.52  00.53  08.05  259.5  009.26  30.711  1024.108  1476.72 
2024 06 27 17 21 38.93  31.982  07.733  0035.20  00.53  08.01  259.5  009.26  30.712  1024.107  1476.71 
2024 06 27 17 21 39.18  31.981  07.734  0034.92  00.55  08.05  259.5  009.26  30.710  1024.104  1476.70 
2024 06 27 17 21 39.43  31.980  07.730  0034.66  00.54  08.08  259.5  009.26  30.712  1024.105  1476.69 
2024 06 27 17 21 39.68  31.970  07.727  0034.33  00.55  08.06  259.5  009.26  30.704  1024.097  1476.66 
2024 06 27 17 21 39.93  31.970  07.727  0034.03  00.50  08.07  259.5  009.26  30.704  1024.096  1476.66 
2024 06 27 17 21 40.18  31.966  07.723  0033.72  00.54  08.14  259.5  009.26  30.704  1024.095  1476.64 
2024 06 27 17 21 40.43  31.962  07.719  0033.43  00.48  08.07  259.5  009.26  30.703  1024.094  1476.62 
2024 06 27 17 21 40.68  31.956  07.716  0033.19  00.45  08.15  259.5  009.26  30.700  1024.091  1476.60 
2024 06 27 17 21 40.93  31.949  07.708  0032.93  00.49  07.98  259.5  009.26  30.699  1024.090  1476.56 
2024 06 27 17 21 41.18  31.942  07.702  0032.62  00.50  08.05  259.8  009.26  30.697  1024.088  1476.53 
2024 06 27 17 21 41.43  31.937  07.702  0032.32  00.55  08.00  259.8  009.26  30.692  1024.083  1476.52 
2024 06 27 17 21 41.68  31.920  07.684  0031.97  00.59  08.05  259.8  009.26  30.690  1024.082  1476.44 
2024 06 27 17 21 41.93  31.910  07.678  0031.65  00.61  07.93  259.8  009.26  30.685  1024.077  1476.41 
2024 06 27 17 21 42.18  31.900  07.667  0031.37  00.62  08.03  259.8  009.26  30.684  1024.077  1476.36 
2024 06 27 17 21 42.43  31.895  07.664  0031.10  00.62  07.94  259.8  009.26  30.682  1024.074  1476.34 
2024 06 27 17 21 42.68  31.889  07.661  0030.82  00.58  08.07  259.8  009.26  30.679  1024.071  1476.32 
2024 06 27 17 21 42.93  31.877  07.649  0030.57  00.49  07.89  259.8  009.26  30.675  1024.069  1476.27 
2024 06 27 17 21 43.18  31.870  07.646  0030.36  00.51  08.10  259.8  009.26  30.671  1024.064  1476.25 
2024 06 27 17 21 43.43  31.868  07.645  0030.18  00.55  08.10  259.8  009.26  30.669  1024.063  1476.24 
2024 06 27 17 21 43.68  31.869  07.644  0029.98  00.53  08.10  259.8  009.26  30.671  1024.063  1476.23 
2024 06 27 17 21 43.93  31.867  07.641  0029.77  00.56  08.12  259.8  009.26  30.673  1024.064  1476.22 
2024 06 27 17 21 44.18  31.864  07.640  0029.54  00.62  08.03  260.3  009.26  30.670  1024.061  1476.21 
2024 06 27 17 21 44.43  31.859  07.638  0029.24  00.65  08.04  260.3  009.26  30.667  1024.057  1476.19 
2024 06 27 17 21 44.68  31.859  07.636  0029.00  00.61  07.99  260.3  009.26  30.669  1024.058  1476.18 
2024 06 27 17 21 44.93  31.860  07.641  0028.75  00.59  08.06  260.3  009.26  30.666  1024.054  1476.19 
2024 06 27 17 21 45.18  31.861  07.643  0028.49  00.59  07.90  260.3  009.26  30.665  1024.051  1476.20 
2024 06 27 17 21 45.43  31.861  07.645  0028.27  00.58  08.03  260.3  009.26  30.664  1024.050  1476.20 
2024 06 27 17 21 45.68  31.864  07.645  0028.02  00.60  07.90  260.3  009.26  30.667  1024.051  1476.20 
2024 06 27 17 21 45.93  31.858  07.642  0027.80  00.66  08.03  260.3  009.26  30.663  1024.047  1476.18 
2024 06 27 17 21 46.18  31.857  07.641  0027.61  00.64  08.02  260.3  009.26  30.662  1024.046  1476.17 
2024 06 27 17 21 46.43  31.845  07.628  0027.35  00.57  08.14  260.3  009.26  30.662  1024.046  1476.11 
2024 06 27 17 21 46.68  31.843  07.625  0027.11  00.59  08.12  260.3  009.26  30.662  1024.046  1476.10 
2024 06 27 17 21 46.93  31.843  07.624  0026.87  00.62  07.99  260.3  009.26  30.663  1024.045  1476.10 
2024 06 27 17 21 47.18  31.830  07.609  0026.62  00.62  08.05  260.2  009.26  30.663  1024.046  1476.03 
2024 06 27 17 21 47.43  31.826  07.603  0026.35  00.71  07.92  260.2  009.26  30.663  1024.046  1476.01 
2024 06 27 17 21 47.68  31.802  07.590  0026.04  00.71  08.05  260.2  009.26  30.650  1024.036  1475.93 
2024 06 27 17 21 47.93  31.788  07.582  0025.74  00.65  08.01  260.2  009.26  30.642  1024.030  1475.89 
2024 06 27 17 21 48.18  31.771  07.562  0025.47  00.64  07.87  260.2  009.26  30.641  1024.030  1475.81 
2024 06 27 17 21 48.43  31.767  07.560  0025.19  00.60  08.07  260.2  009.26  30.640  1024.028  1475.79 
2024 06 27 17 21 48.68  31.760  07.550  0024.91  00.69  08.05  260.2  009.26  30.640  1024.029  1475.75 
2024 06 27 17 21 48.93  31.757  07.555  0024.66  00.65  07.93  260.2  009.26  30.634  1024.021  1475.76 
2024 06 27 17 21 49.18  31.752  07.543  0024.38  00.68  08.07  260.2  009.26  30.638  1024.025  1475.71 
2024 06 27 17 21 49.43  31.748  07.543  0024.12  00.67  08.13  260.2  009.26  30.635  1024.021  1475.70 
2024 06 27 17 21 49.68  31.744  07.538  0023.85  00.67  08.08  260.2  009.26  30.635  1024.021  1475.68 
2024 06 27 17 21 49.93  31.739  07.531  0023.61  00.69  08.00  260.2  009.26  30.636  1024.022  1475.65 
2024 06 27 17 21 50.18  31.730  07.527  0023.35  00.67  07.99  260.4  009.26  30.629  1024.016  1475.62 
2024 06 27 17 21 50.43  31.729  07.526  0023.09  00.68  08.04  260.4  009.26  30.630  1024.015  1475.61 
2024 06 27 17 21 50.68  31.718  07.521  0022.77  00.73  07.90  260.4  009.26  30.623  1024.009  1475.58 
2024 06 27 17 21 50.93  31.717  07.519  0022.48  00.70  07.92  260.4  009.26  30.623  1024.008  1475.57 
2024 06 27 17 21 51.18  31.711  07.514  0022.13  00.71  08.05  260.4  009.26  30.621  1024.005  1475.54 
2024 06 27 17 21 51.43  31.712  07.515  0021.77  00.75  08.05  260.4  009.26  30.621  1024.004  1475.54 
2024 06 27 17 21 51.68  31.709  07.513  0021.47  00.79  08.05  260.4  009.26  30.620  1024.001  1475.53 
2024 06 27 17 21 51.93  31.707  07.514  0021.15  00.74  08.05  260.4  009.26  30.617  1023.998  1475.52 
2024 06 27 17 21 52.18  31.707  07.513  0020.84  00.74  08.10  260.4  009.26  30.618  1023.998  1475.51 
2024 06 27 17 21 52.43  31.705  07.515  0020.53  00.71  08.01  260.4  009.26  30.616  1023.994  1475.51 
2024 06 27 17 21 52.68  31.707  07.518  0020.22  00.76  08.00  260.4  009.26  30.614  1023.991  1475.52 
2024 06 27 17 21 52.93  31.708  07.521  0019.86  00.65  07.99  260.4  009.26  30.613  1023.988  1475.52 
2024 06 27 17 21 53.18  31.707  07.520  0019.50  00.71  07.89  260.2  009.26  30.613  1023.986  1475.51 
2024 06 27 17 21 53.43  31.709  07.520  0019.11  00.70  07.90  260.2  009.26  30.615  1023.986  1475.51 
2024 06 27 17 21 53.68  31.705  07.519  0018.73  00.70  07.91  260.2  009.26  30.612  1023.982  1475.49 
2024 06 27 17 21 53.93  31.693  07.509  0018.36  00.71  07.92  260.2  009.26  30.609  1023.979  1475.45 
2024 06 27 17 21 54.18  31.675  07.485  0018.00  00.72  07.93  260.2  009.26  30.610  1023.982  1475.35 
2024 06 27 17 21 54.43  31.674  07.496  0017.60  00.75  07.95  260.2  009.26  30.600  1023.970  1475.37 
2024 06 27 17 21 54.68  31.654  07.475  0017.19  00.85  08.06  260.2  009.26  30.597  1023.970  1475.28 
2024 06 27 17 21 54.93  31.646  07.467  0016.80  00.85  08.04  260.2  009.26  30.596  1023.968  1475.24 
2024 06 27 17 21 55.18  31.634  07.457  0016.38  00.81  08.01  260.2  009.26  30.592  1023.964  1475.19 
2024 06 27 17 21 55.43  31.606  07.427  0015.97  00.87  08.01  260.2  009.26  30.588  1023.963  1475.07 
2024 06 27 17 21 55.68  31.587  07.424  0015.61  00.90  08.16  260.2  009.26  30.571  1023.948  1475.02 
2024 06 27 17 21 55.93  31.539  07.363  0015.26  00.93  08.01  260.2  009.26  30.573  1023.957  1474.79 
2024 06 27 17 21 56.18  31.426  07.252  0014.85  01.04  07.88  260.6  009.26  30.551  1023.951  1474.32 
2024 06 27 17 21 56.43  31.367  07.224  0014.52  01.20  08.04  260.6  009.23  30.512  1023.923  1474.16 
2024 06 27 17 21 56.68  31.287  07.136  0014.17  01.37  07.91  260.6  009.26  30.503  1023.926  1473.80 
2024 06 27 17 21 56.93  31.216  07.068  0013.85  01.52  07.92  260.6  009.26  30.487  1023.921  1473.51 
2024 06 27 17 21 57.18  31.102  06.971  0013.58  01.86  08.05  260.6  009.26  30.450  1023.903  1473.07 
2024 06 27 17 21 57.43  30.964  06.808  0013.38  02.00  08.01  260.6  009.26  30.445  1023.919  1472.43 
2024 06 27 17 21 57.68  30.820  06.676  0013.20  02.35  07.93  260.6  009.26  30.405  1023.904  1471.85 
2024 06 27 17 21 57.93  30.769  06.634  0012.99  02.44  07.93  260.6  009.26  30.386  1023.893  1471.66 
2024 06 27 17 21 58.18  30.748  06.624  0012.81  02.40  08.06  260.6  009.26  30.373  1023.882  1471.60 
2024 06 27 17 21 58.43  30.674  06.538  0012.62  02.34  08.06  260.6  009.26  30.368  1023.888  1471.25 
2024 06 27 17 21 58.68  30.652  06.530  0012.37  02.41  08.06  260.6  009.26  30.351  1023.875  1471.19 
2024 06 27 17 21 58.93  30.695  06.587  0012.16  02.39  08.09  260.6  009.26  30.348  1023.864  1471.41 
2024 06 27 17 21 59.18  30.737  06.614  0011.92  02.41  07.99  266.9  009.26  30.370  1023.878  1471.54 
2024 06 27 17 21 59.43  30.726  06.612  0011.78  02.55  08.04  266.9  009.26  30.359  1023.868  1471.52 
2024 06 27 17 21 59.68  30.642  06.459  0011.62  02.85  08.04  266.9  009.26  30.404  1023.922  1470.96 
2024 06 27 17 21 59.93  30.568  06.462  0011.40  02.71  08.06  266.9  009.26  30.321  1023.855  1470.87 
2024 06 27 17 22 00.18  30.515  06.422  0011.21  02.73  08.05  266.9  009.26  30.298  1023.841  1470.68 
2024 06 27 17 22 00.43  30.503  06.404  0011.14  02.96  08.06  266.9  009.26  30.300  1023.845  1470.61 
2024 06 27 17 22 00.68  30.431  06.301  0011.15  03.14  08.07  266.9  009.26  30.313  1023.867  1470.22 
2024 06 27 17 22 00.93  30.260  06.142  0011.15  03.56  08.06  266.9  009.26  30.266  1023.849  1469.52 
2024 06 27 17 22 01.18  30.280  06.114  0011.16  03.60  08.07  266.9  009.26  30.313  1023.890  1469.47 
2024 06 27 17 22 01.43  30.259  06.166  0011.16  03.54  08.15  266.9  009.26  30.244  1023.829  1469.59 
2024 06 27 17 22 01.68  30.203  06.103  0011.06  03.51  08.13  266.9  009.26  30.237  1023.831  1469.33 
2024 06 27 17 22 01.93  30.259  06.161  0010.89  03.59  08.00  266.9  009.26  30.248  1023.832  1469.57 
2024 06 27 17 22 02.18  30.233  06.128  0010.65  03.22  07.95  274.1  009.26  30.248  1023.835  1469.44 
2024 06 27 17 22 02.43  30.184  06.073  0010.41  03.33  07.88  274.1  009.26  30.244  1023.836  1469.20 
2024 06 27 17 22 02.68  30.123  06.042  0010.20  03.53  07.90  274.1  009.26  30.204  1023.808  1469.03 
2024 06 27 17 22 02.93  30.091  05.991  0009.94  03.73  08.01  274.1  009.26  30.214  1023.821  1468.83 
2024 06 27 17 22 03.18  30.028  05.936  0009.68  03.76  08.04  274.1  009.26  30.194  1023.810  1468.58 
2024 06 27 17 22 03.43  30.007  05.933  0009.39  03.83  08.01  274.1  009.26  30.173  1023.792  1468.53 
2024 06 27 17 22 03.68  29.992  05.909  0009.10  03.87  07.91  274.1  009.26  30.178  1023.797  1468.44 
2024 06 27 17 22 03.93  29.987  05.908  0008.84  04.12  07.92  274.1  009.26  30.173  1023.792  1468.43 
2024 06 27 17 22 04.18  29.985  05.913  0008.64  04.25  08.15  274.1  009.26  30.166  1023.785  1468.43 
2024 06 27 17 22 04.43  29.987  05.922  0008.40  04.18  08.09  274.1  009.26  30.161  1023.779  1468.46 
2024 06 27 17 22 04.68  29.995  05.923  0008.16  04.20  08.03  274.1  009.26  30.169  1023.784  1468.47 
2024 06 27 17 22 04.93  30.010  05.932  0007.87  04.12  08.14  274.1  009.26  30.178  1023.789  1468.51 
2024 06 27 17 22 05.18  30.036  05.955  0007.60  03.93  07.83  280.8  009.26  30.186  1023.791  1468.61 
2024 06 27 17 22 05.43  30.086  06.050  0007.39  03.62  08.02  280.8  009.26  30.157  1023.757  1468.95 
2024 06 27 17 22 05.68  30.119  06.074  0007.17  03.49  07.90  280.8  009.26  30.173  1023.765  1469.06 
2024 06 27 17 22 05.93  30.128  06.102  0006.93  03.53  07.99  280.8  009.26  30.157  1023.748  1469.16 
2024 06 27 17 22 06.18  30.163  06.127  0006.63  03.18  07.92  280.8  009.26  30.174  1023.757  1469.27 
2024 06 27 17 22 06.43  30.173  06.135  0006.39  02.96  08.00  280.8  009.26  30.179  1023.759  1469.30 
2024 06 27 17 22 06.68  30.145  06.128  0006.12  02.84  07.92  280.8  009.26  30.153  1023.738  1469.24 
2024 06 27 17 22 06.93  30.118  06.115  0005.84  02.73  07.96  280.8  009.26  30.136  1023.725  1469.16 
2024 06 27 17 22 07.18  30.091  06.098  0005.62  02.78  08.21  280.8  009.26  30.121  1023.714  1469.07 
2024 06 27 17 22 07.43  30.058  06.074  0005.39  02.55  08.17  280.8  009.26  30.106  1023.704  1468.95 
2024 06 27 17 22 07.68  30.041  06.053  0005.20  02.43  08.00  280.8  009.26  30.106  1023.706  1468.87 
2024 06 27 17 22 07.93  30.032  06.040  0005.03  02.36  08.06  280.8  009.26  30.108  1023.708  1468.81 
2024 06 27 17 22 08.18  29.983  05.994  0004.91  02.37  07.85  279.0  009.26  30.094  1023.702  1468.61 
2024 06 27 17 22 08.43  29.964  05.975  0004.79  02.31  07.93  279.0  009.26  30.090  1023.700  1468.53 
2024 06 27 17 22 08.68  29.956  05.977  0004.63  02.30  07.92  279.0  009.26  30.079  1023.690  1468.52 
2024 06 27 17 22 08.93  29.937  05.978  0004.44  02.36  07.93  279.0  009.26  30.057  1023.672  1468.49 
2024 06 27 17 22 09.18  29.874  05.887  0004.27  02.36  08.10  279.0  009.26  30.069  1023.691  1468.13 
2024 06 27 17 22 09.43  29.868  05.906  0004.04  02.28  07.95  279.0  009.26  30.045  1023.670  1468.18 
2024 06 27 17 22 09.68  29.869  05.893  0003.85  02.42  07.99  279.0  009.26  30.058  1023.680  1468.14 
2024 06 27 17 22 09.93  29.844  05.882  0003.66  02.41  08.12  279.0  009.26  30.041  1023.667  1468.07 
2024 06 27 17 22 10.18  29.829  05.859  0003.48  02.23  08.13  279.0  009.26  30.044  1023.671  1467.98 
2024 06 27 17 22 10.43  29.818  05.870  0003.34  02.09  08.15  279.0  009.26  30.022  1023.651  1467.99 
2024 06 27 17 22 10.68  29.792  05.815  0003.16  01.96  08.16  279.0  009.26  30.041  1023.673  1467.79 
2024 06 27 17 22 10.93  29.744  05.799  0003.03  02.11  08.07  279.0  009.26  30.003  1023.643  1467.68 
2024 06 27 17 22 11.18  29.737  05.781  0002.91  02.09  07.96  278.5  009.26  30.011  1023.651  1467.61 
2024 06 27 17 22 11.43  29.708  05.742  0002.73  02.10  08.11  278.5  009.26  30.013  1023.656  1467.46 
2024 06 27 17 22 11.68  29.651  05.710  0002.54  02.19  07.97  278.5  009.26  29.979  1023.632  1467.28 
2024 06 27 17 22 11.93  29.674  05.747  0002.40  02.05  07.98  278.5  009.26  29.971  1023.621  1467.42 
2024 06 27 17 22 12.18  29.609  05.649  0002.27  01.88  08.14  278.5  009.26  29.986  1023.643  1467.04 
2024 06 27 17 22 12.43  29.610  05.665  0002.07  01.90  07.99  278.5  009.26  29.973  1023.631  1467.08 
2024 06 27 17 22 12.68  29.575  05.642  0002.00  01.95  08.01  278.5  009.26  29.954  1023.617  1466.96 
2024 06 27 17 22 12.93  29.546  05.580  0001.93  01.97  08.17  278.5  009.26  29.977  1023.642  1466.74 
2024 06 27 17 22 13.18  29.538  05.567  0001.87  01.85  08.15  278.5  009.26  29.980  1023.646  1466.69 
2024 06 27 17 22 13.43  29.530  05.584  0001.79  01.91  08.11  278.5  009.26  29.956  1023.625  1466.73 
2024 06 27 17 22 13.68  29.505  05.560  0001.71  01.95  08.10  278.5  009.26  29.949  1023.621  1466.62 
2024 06 27 17 22 13.93  29.515  05.588  0001.61  01.84  08.10  278.5  009.26  29.935  1023.607  1466.72 
2024 06 27 17 22 14.18  29.517  05.575  0001.49  01.90  08.07  280.6  009.26  29.949  1023.619  1466.68 
2024 06 27 17 22 14.43  29.498  05.543  0001.42  01.85  07.96  280.6  009.26  29.956  1023.628  1466.56 
2024 06 27 17 22 14.68  29.488  05.550  0001.34  01.71  07.96  280.6  009.26  29.939  1023.613  1466.56 
2024 06 27 17 22 14.93  29.473  05.540  0001.28  01.91  07.97  280.6  009.26  29.931  1023.607  1466.51 
2024 06 27 17 22 15.18  29.478  05.550  0001.21  02.08  07.98  280.6  009.26  29.927  1023.603  1466.54 
2024 06 27 17 22 15.43  29.448  05.530  0001.08  02.11  07.99  280.6  009.26  29.912  1023.593  1466.44 
2024 06 27 17 22 15.68  29.419  05.463  0000.97  02.10  08.12  280.6  009.26  29.939  1023.621  1466.20 
2024 06 27 17 22 15.93  29.425  05.478  0000.88  01.92  08.13  280.6  009.26  29.932  1023.613  1466.25 
2024 06 27 17 22 16.18  29.402  05.473  0000.85  01.90  08.27  280.6  009.26  29.912  1023.597  1466.20 
2024 06 27 17 22 16.43  29.311  05.389  0000.78  01.84  08.21  280.6  009.26  29.884  1023.585  1465.83 
2024 06 27 17 22 16.68  29.310  05.431  0000.71  02.07  08.04  280.6  009.26  29.845  1023.548  1465.95 
2024 06 27 17 22 16.93  29.271  05.390  0000.65  02.04  08.03  280.6  009.26  29.838  1023.547  1465.77 
2024 06 27 17 22 17.18  29.212  05.246  0000.58  01.80  07.83  279.7  009.26  29.900  1023.611  1465.26 
2024 06 27 17 22 17.43  28.951  04.964  0000.48  01.67  07.98  279.7  009.26  29.857  1023.606  1464.04 
2024 06 27 17 22 17.68  28.785  04.843  0000.35  01.59  08.01  279.7  009.26  29.777  1023.555  1463.44 
2024 06 27 17 22 17.93  28.792  04.862  0000.25  01.56  08.04  279.7  009.26  29.767  1023.544  1463.50 
2024 06 27 17 22 18.18  28.776  04.879  0000.21  01.65  08.06  279.7  009.26  29.733  1023.516  1463.53 
2024 06 27 17 22 18.43  28.755  04.845  0000.20  01.44  08.04  279.7  009.26  29.740  1023.524  1463.40 
2024 06 27 17 22 18.68  28.842  05.002  0000.22  01.36  08.04  279.7  009.26  29.698  1023.476  1463.99 
2024 06 27 17 22 18.93  28.885  05.024  0000.20  01.57  07.98  279.7  009.26  29.728  1023.497  1464.12 
2024 06 27 17 22 19.18  28.876  05.000  0000.14  01.53  08.20  279.7  009.26  29.739  1023.508  1464.03 
2024 06 27 17 22 19.43  28.323  04.541  0000.04  01.42  08.18  279.7  009.26  29.518  1023.378  1461.85 
2024 06 27 17 22 19.68  28.206  04.325  0000.01  01.47  08.13  279.7  009.26  29.575  1023.444  1461.02 
2024 06 27 17 22 19.93  13.467  04.369  0000.00  01.34  08.02  279.7  009.26  13.185  1010.457  1440.30 
2024 06 27 17 22 20.18  01.585  04.547  0000.00  19.81  07.98  286.5  009.26  01.338  1001.046  1425.88 
2024 06 27 17 22 20.43  00.711  04.545  0000.00  17.18  07.93  286.5  009.26  00.578  1000.437  1424.88 
2024 06 27 17 22 20.68  00.252  04.479  0000.00  31.77  08.03  286.5  009.26  00.198  1000.132  1424.08 
2024 06 27 17 22 20.93  00.219  04.373  0000.01  12.19  08.01  286.5  009.26  00.172  1000.113  1423.56 
2024 06 27 17 22 21.18  00.414  04.225  0000.01  05.65  07.98  286.5  009.26  00.333  1000.243  1423.11 
2024 06 27 17 22 21.43  03.673  04.157  0000.03  02.17  08.05  286.5  009.26  03.294  1002.612  1426.66 
2024 06 27 17 22 21.68  23.545  04.124  0000.01  01.03  08.84  286.5  009.26  24.401  1019.357  1453.55 
2024 06 27 17 22 21.93  05.238  03.952  0000.01  00.81  06.69  286.5  009.29  04.838  1003.846  1427.73 
2024 06 27 17 22 22.18  00.478  03.631  0000.02  00.64  09.13  286.5  009.26  00.394  1000.292  1420.46 
2024 06 27 17 22 22.43  00.148  03.326  0000.01  00.54  10.68  286.5  009.26  00.119  1000.068  1418.67 
2024 06 27 17 22 22.68  00.096  03.070  0000.02  00.52  11.59  286.5  009.26  00.077  1000.031  1417.42 
2024 06 27 17 22 24.68  00.709  02.930  0000.00  00.59  01.73  313.6  009.26  00.606  1000.457  1417.47 
2024 06 27 17 22 24.93  00.319  03.057  0000.02  00.57  00.00  313.6  009.26  00.264  1000.182  1417.61 
