2024 06 27 16 52 53.74  08.948  02.766  0000.02  00.73  04.11  357.3  009.26  08.911  1007.107  1427.58 
2024 06 27 16 52 53.99  27.460  03.759  0000.04  01.86  04.81  357.3  009.26  29.215  1023.209  1458.16 
2024 06 27 16 52 54.24  27.605  03.869  0000.14  02.06  08.18  357.3  009.26  29.287  1023.257  1458.72 
2024 06 27 16 52 54.49  27.710  04.009  0000.22  01.28  08.22  357.3  009.26  29.283  1023.242  1459.32 
2024 06 27 16 52 54.74  27.801  04.127  0000.29  01.07  08.22  357.3  009.26  29.285  1023.233  1459.81 
2024 06 27 16 52 54.99  27.898  04.125  0000.38  01.02  08.22  357.3  009.26  29.398  1023.323  1459.95 
2024 06 27 16 52 55.24  28.051  04.334  0000.44  00.98  08.21  357.3  009.26  29.389  1023.297  1460.82 
2024 06 27 16 52 55.49  28.117  04.354  0000.47  01.02  08.22  357.3  009.26  29.447  1023.341  1460.98 
2024 06 27 16 52 55.74  28.120  04.357  0000.48  01.04  08.22  355.6  009.26  29.447  1023.341  1461.00 
2024 06 27 16 52 55.99  28.153  04.392  0000.51  01.11  08.21  355.6  009.26  29.455  1023.344  1461.15 
2024 06 27 16 52 56.24  28.147  04.365  0000.54  01.12  08.21  355.6  009.26  29.472  1023.361  1461.06 
2024 06 27 16 52 56.49  28.157  04.398  0000.55  01.14  08.21  355.6  009.26  29.454  1023.344  1461.17 
2024 06 27 16 52 56.74  28.190  04.392  0000.54  01.13  08.20  355.6  009.26  29.497  1023.378  1461.21 
2024 06 27 16 52 56.99  28.198  04.394  0000.54  01.04  08.20  355.6  009.26  29.505  1023.384  1461.22 
2024 06 27 16 52 57.24  28.205  04.430  0000.57  01.03  08.20  355.6  009.26  29.481  1023.362  1461.34 
2024 06 27 16 52 57.49  28.237  04.445  0000.62  01.01  08.19  355.6  009.26  29.503  1023.378  1461.44 
2024 06 27 16 52 57.74  28.319  04.537  0000.67  00.97  08.19  355.6  009.26  29.516  1023.380  1461.84 
2024 06 27 16 52 57.99  28.449  04.647  0000.76  01.00  08.19  355.6  009.26  29.567  1023.410  1462.36 
2024 06 27 16 52 58.24  28.503  04.676  0000.87  01.04  08.19  355.6  009.26  29.603  1023.436  1462.53 
2024 06 27 16 52 58.49  28.639  04.847  0000.95  01.12  08.19  355.6  009.26  29.605  1023.421  1463.25 
2024 06 27 16 52 58.74  28.678  04.863  0001.01  01.01  08.18  316.5  009.26  29.637  1023.445  1463.35 
2024 06 27 16 52 58.99  28.670  04.832  0001.05  01.02  08.18  316.5  009.26  29.655  1023.462  1463.25 
2024 06 27 16 52 59.24  28.702  04.829  0001.10  01.09  08.18  316.5  009.26  29.694  1023.494  1463.29 
2024 06 27 16 52 59.49  28.729  04.883  0001.10  01.13  08.18  316.5  009.26  29.676  1023.475  1463.49 
2024 06 27 16 52 59.74  28.694  04.843  0001.11  01.06  08.18  316.5  009.26  29.672  1023.475  1463.32 
2024 06 27 16 52 59.99  28.685  04.834  0001.05  01.06  08.18  316.5  009.26  29.670  1023.474  1463.27 
2024 06 27 16 53 00.24  28.596  04.773  0001.05  01.21  08.18  316.5  009.26  29.623  1023.443  1462.96 
2024 06 27 16 53 00.49  28.501  04.639  0001.07  01.17  08.18  316.5  009.26  29.634  1023.465  1462.42 
2024 06 27 16 53 00.74  28.533  04.723  0001.06  01.07  08.23  316.5  009.26  29.595  1023.426  1462.72 
2024 06 27 16 53 00.99  28.557  04.719  0001.09  01.02  08.23  316.5  009.26  29.626  1023.451  1462.74 
2024 06 27 16 53 01.24  28.585  04.717  0001.09  01.05  08.23  316.5  009.26  29.660  1023.478  1462.78 
2024 06 27 16 53 01.49  28.596  04.786  0001.09  01.03  08.22  316.5  009.26  29.610  1023.432  1463.00 
2024 06 27 16 53 01.74  28.599  04.793  0001.08  01.09  08.16  300.7  009.26  29.608  1023.429  1463.03 
2024 06 27 16 53 01.99  28.625  04.851  0001.09  01.11  08.16  300.7  009.26  29.586  1023.406  1463.24 
2024 06 27 16 53 02.24  28.665  04.827  0001.10  01.05  08.16  300.7  009.26  29.653  1023.462  1463.23 
2024 06 27 16 53 02.49  28.694  04.854  0001.08  01.02  08.16  300.7  009.26  29.662  1023.466  1463.35 
2024 06 27 16 53 02.74  28.745  04.899  0001.06  01.03  08.16  300.7  009.26  29.680  1023.475  1463.56 
2024 06 27 16 53 02.99  28.740  04.887  0001.06  01.04  08.16  300.7  009.26  29.685  1023.481  1463.51 
2024 06 27 16 53 03.24  28.733  04.887  0001.05  01.11  08.16  300.7  009.26  29.677  1023.474  1463.50 
2024 06 27 16 53 03.49  28.739  04.888  0001.08  01.00  08.16  300.7  009.26  29.683  1023.479  1463.52 
2024 06 27 16 53 03.74  28.743  04.896  0001.09  01.07  08.22  300.7  009.26  29.680  1023.476  1463.55 
2024 06 27 16 53 03.99  28.746  04.896  0001.10  01.04  08.21  300.7  009.26  29.684  1023.479  1463.55 
2024 06 27 16 53 04.24  28.772  04.927  0001.12  01.07  08.21  300.7  009.26  29.685  1023.477  1463.68 
2024 06 27 16 53 04.49  28.803  04.946  0001.17  01.08  08.21  300.7  009.26  29.704  1023.491  1463.79 
2024 06 27 16 53 04.74  28.805  04.971  0001.18  01.04  08.14  287.5  009.26  29.684  1023.472  1463.86 
2024 06 27 16 53 04.99  28.804  04.940  0001.19  01.08  08.15  287.5  009.26  29.711  1023.497  1463.77 
2024 06 27 16 53 05.24  28.802  04.942  0001.19  00.98  08.15  287.5  009.26  29.706  1023.492  1463.77 
2024 06 27 16 53 05.49  28.796  04.944  0001.19  00.97  08.15  287.5  009.26  29.698  1023.486  1463.77 
2024 06 27 16 53 05.74  28.798  04.950  0001.17  01.16  08.15  287.5  009.26  29.695  1023.482  1463.79 
2024 06 27 16 53 05.99  28.802  04.949  0001.15  01.07  08.15  287.5  009.26  29.700  1023.486  1463.79 
2024 06 27 16 53 06.24  28.799  04.940  0001.04  01.02  08.15  287.5  009.26  29.705  1023.491  1463.76 
2024 06 27 16 53 06.49  28.750  04.905  0000.88  01.07  08.15  287.5  009.26  29.680  1023.474  1463.58 
2024 06 27 16 53 06.74  28.653  04.821  0000.77  00.99  08.20  287.5  009.26  29.645  1023.454  1463.19 
2024 06 27 16 53 06.99  28.696  04.837  0000.71  01.14  08.20  287.5  009.23  29.679  1023.480  1463.30 
2024 06 27 16 53 07.24  28.671  04.796  0000.67  01.11  08.20  287.5  009.26  29.688  1023.491  1463.14 
2024 06 27 16 53 07.49  28.639  04.767  0000.68  01.08  08.19  287.5  009.26  29.678  1023.486  1463.00 
2024 06 27 16 53 07.74  28.600  04.742  0000.66  01.04  08.13  283.1  009.26  29.655  1023.469  1462.87 
2024 06 27 16 53 07.99  28.507  04.656  0000.70  01.09  08.14  283.1  009.29  29.626  1023.455  1462.47 
2024 06 27 16 53 08.24  28.475  04.614  0000.71  01.02  08.14  283.1  009.26  29.627  1023.460  1462.30 
2024 06 27 16 53 08.49  28.472  04.613  0000.71  00.99  08.14  283.1  009.26  29.624  1023.458  1462.30 
2024 06 27 16 53 08.74  28.464  04.616  0000.70  00.96  08.14  283.1  009.26  29.612  1023.448  1462.29 
2024 06 27 16 53 08.99  28.418  04.585  0000.68  01.01  08.14  283.1  009.26  29.587  1023.432  1462.13 
2024 06 27 16 53 09.24  28.377  04.520  0000.67  01.16  08.14  283.1  009.26  29.597  1023.446  1461.87 
2024 06 27 16 53 09.49  28.365  04.469  0000.65  01.02  08.14  283.1  009.26  29.630  1023.477  1461.70 
2024 06 27 16 53 09.74  28.338  04.471  0000.66  00.97  08.19  283.1  009.26  29.597  1023.450  1461.67 
2024 06 27 16 53 09.99  28.309  04.445  0000.67  01.00  08.19  283.1  009.26  29.587  1023.445  1461.54 
2024 06 27 16 53 10.24  28.277  04.425  0000.64  00.97  08.19  283.1  009.26  29.568  1023.432  1461.44 
2024 06 27 16 53 10.49  28.263  04.399  0000.69  00.97  08.18  283.1  009.26  29.575  1023.440  1461.34 
2024 06 27 16 53 10.74  28.319  04.500  0000.77  00.99  08.13  279.8  009.26  29.549  1023.410  1461.73 
2024 06 27 16 53 10.99  28.347  04.466  0000.80  00.97  08.13  279.8  009.26  29.612  1023.464  1461.67 
2024 06 27 16 53 11.24  28.326  04.450  0000.77  00.84  08.13  279.8  009.26  29.602  1023.457  1461.59 
2024 06 27 16 53 11.49  28.351  04.477  0000.78  00.87  08.13  279.8  009.26  29.607  1023.458  1461.71 
2024 06 27 16 53 11.74  28.367  04.502  0000.80  00.94  08.13  279.8  009.26  29.603  1023.452  1461.81 
2024 06 27 16 53 11.99  28.376  04.565  0000.80  01.02  08.13  279.8  009.26  29.557  1023.410  1462.01 
2024 06 27 16 53 12.24  28.386  04.537  0000.79  01.07  08.13  279.8  009.26  29.592  1023.441  1461.94 
2024 06 27 16 53 12.49  28.388  04.567  0000.77  01.12  08.13  279.8  009.26  29.568  1023.419  1462.03 
2024 06 27 16 53 12.74  28.379  04.551  0000.78  01.05  08.18  279.8  009.26  29.572  1023.424  1461.97 
2024 06 27 16 53 12.99  28.365  04.564  0000.80  01.00  08.18  279.8  009.26  29.545  1023.401  1461.99 
2024 06 27 16 53 13.24  28.333  04.578  0000.78  01.12  08.18  279.8  009.26  29.496  1023.360  1461.98 
2024 06 27 16 53 13.49  28.332  04.551  0000.78  00.97  08.18  279.8  009.26  29.518  1023.381  1461.90 
2024 06 27 16 53 13.74  28.356  04.579  0000.79  00.99  08.12  281.9  009.26  29.521  1023.380  1462.02 
2024 06 27 16 53 13.99  28.375  04.580  0000.80  01.04  08.13  281.9  009.26  29.543  1023.397  1462.05 
2024 06 27 16 53 14.24  28.384  04.556  0000.78  00.98  08.13  281.9  009.26  29.574  1023.424  1461.99 
2024 06 27 16 53 14.49  28.392  04.566  0000.79  00.90  08.13  281.9  009.26  29.574  1023.423  1462.04 
2024 06 27 16 53 14.74  28.393  04.575  0000.80  00.93  08.13  281.9  009.26  29.568  1023.418  1462.06 
2024 06 27 16 53 14.99  28.409  04.562  0000.79  00.88  08.13  281.9  009.26  29.597  1023.442  1462.05 
2024 06 27 16 53 15.24  28.415  04.566  0000.80  00.95  08.13  281.9  009.26  29.601  1023.445  1462.07 
2024 06 27 16 53 15.49  28.418  04.568  0000.78  00.93  08.13  281.9  009.26  29.603  1023.446  1462.08 
2024 06 27 16 53 15.74  28.425  04.579  0000.77  00.92  08.18  281.9  009.26  29.600  1023.443  1462.12 
2024 06 27 16 53 15.99  28.425  04.594  0000.79  00.92  08.17  281.9  009.26  29.587  1023.431  1462.17 
2024 06 27 16 53 16.24  28.426  04.600  0000.79  01.02  08.17  281.9  009.26  29.583  1023.427  1462.19 
2024 06 27 16 53 16.49  28.427  04.591  0000.77  00.97  08.17  281.9  009.26  29.592  1023.435  1462.16 
2024 06 27 16 53 16.74  28.425  04.583  0000.79  00.97  08.11  281.1  009.26  29.596  1023.440  1462.13 
2024 06 27 16 53 16.99  28.421  04.581  0000.79  00.96  08.12  281.1  009.26  29.594  1023.437  1462.12 
2024 06 27 16 53 17.24  28.419  04.579  0000.79  00.92  08.12  281.1  009.26  29.594  1023.438  1462.11 
2024 06 27 16 53 17.49  28.404  04.562  0000.80  00.93  08.12  281.1  009.26  29.591  1023.437  1462.04 
2024 06 27 16 53 17.74  28.391  04.547  0000.77  00.96  08.12  281.1  009.26  29.590  1023.438  1461.98 
2024 06 27 16 53 17.99  28.384  04.557  0000.79  00.98  08.12  281.1  009.26  29.573  1023.424  1462.00 
2024 06 27 16 53 18.24  28.384  04.558  0000.80  01.02  08.12  281.1  009.26  29.572  1023.422  1462.00 
2024 06 27 16 53 18.49  28.382  04.555  0000.79  00.95  08.12  281.1  009.26  29.573  1023.423  1461.99 
2024 06 27 16 53 18.74  28.391  04.553  0000.79  01.02  08.17  281.1  009.26  29.584  1023.433  1462.00 
2024 06 27 16 53 18.99  28.391  04.561  0000.79  00.95  08.17  281.1  009.26  29.578  1023.427  1462.02 
2024 06 27 16 53 19.24  28.397  04.567  0000.79  00.97  08.17  281.1  009.26  29.578  1023.427  1462.05 
2024 06 27 16 53 19.49  28.398  04.563  0000.79  00.96  08.16  281.1  009.26  29.584  1023.432  1462.03 
2024 06 27 16 53 19.74  28.397  04.553  0000.79  01.06  08.11  280.2  009.26  29.591  1023.438  1462.00 
2024 06 27 16 53 19.99  28.397  04.557  0000.78  00.95  08.11  280.2  009.26  29.587  1023.435  1462.02 
2024 06 27 16 53 20.24  28.393  04.541  0000.79  00.98  08.11  280.2  009.26  29.598  1023.445  1461.96 
2024 06 27 16 53 20.49  28.394  04.539  0000.81  00.90  08.12  280.2  009.26  29.601  1023.448  1461.96 
2024 06 27 16 53 20.74  28.397  04.541  0000.79  00.91  08.11  280.2  009.26  29.602  1023.448  1461.97 
2024 06 27 16 53 20.99  28.399  04.546  0000.79  00.91  08.11  280.2  009.26  29.600  1023.446  1461.98 
2024 06 27 16 53 21.24  28.401  04.563  0000.80  00.98  08.12  280.2  009.26  29.587  1023.434  1462.04 
2024 06 27 16 53 21.49  28.408  04.567  0000.79  00.95  08.12  280.2  009.26  29.591  1023.437  1462.06 
2024 06 27 16 53 21.74  28.405  04.567  0000.78  00.97  08.16  280.2  009.26  29.589  1023.435  1462.06 
2024 06 27 16 53 21.99  28.403  04.557  0000.80  00.99  08.16  280.2  009.26  29.595  1023.441  1462.02 
2024 06 27 16 53 22.24  28.402  04.552  0000.77  01.00  08.16  280.2  009.26  29.598  1023.444  1462.01 
2024 06 27 16 53 22.49  28.401  04.546  0000.78  01.00  08.16  280.2  009.26  29.603  1023.448  1461.99 
2024 06 27 16 53 22.74  28.398  04.546  0000.77  00.97  08.10  279.8  009.26  29.599  1023.445  1461.98 
2024 06 27 16 53 22.99  28.398  04.544  0000.76  00.98  08.11  279.8  009.26  29.601  1023.447  1461.98 
2024 06 27 16 53 23.24  28.397  04.547  0000.79  00.99  08.11  279.8  009.26  29.597  1023.443  1461.98 
2024 06 27 16 53 23.49  28.393  04.537  0000.78  00.95  08.11  279.8  009.26  29.602  1023.448  1461.95 
2024 06 27 16 53 23.74  28.392  04.534  0000.78  00.93  08.11  279.8  009.26  29.603  1023.450  1461.94 
2024 06 27 16 53 23.99  28.392  04.544  0000.78  00.97  08.11  279.8  009.26  29.594  1023.441  1461.97 
2024 06 27 16 53 24.24  28.396  04.550  0000.78  00.92  08.11  279.8  009.26  29.593  1023.440  1461.99 
2024 06 27 16 53 24.49  28.395  04.550  0000.79  00.91  08.11  279.8  009.26  29.592  1023.439  1461.99 
2024 06 27 16 53 24.74  28.398  04.553  0000.80  01.00  08.16  279.8  009.26  29.592  1023.439  1462.01 
2024 06 27 16 53 24.99  28.396  04.561  0000.77  00.97  08.16  279.8  009.26  29.583  1023.431  1462.02 
2024 06 27 16 53 25.24  28.393  04.558  0000.78  01.03  08.15  279.8  009.26  29.583  1023.431  1462.01 
2024 06 27 16 53 25.49  28.390  04.559  0000.78  00.94  08.15  279.8  009.26  29.577  1023.427  1462.01 
2024 06 27 16 53 25.74  28.386  04.558  0000.77  00.83  08.10  279.6  009.26  29.574  1023.424  1462.00 
2024 06 27 16 53 25.99  28.386  04.564  0000.80  00.92  08.11  279.6  009.26  29.568  1023.419  1462.02 
2024 06 27 16 53 26.24  28.383  04.552  0000.78  00.91  08.10  279.6  009.26  29.577  1023.427  1461.98 
2024 06 27 16 53 26.49  28.382  04.554  0000.78  00.93  08.11  279.6  009.26  29.573  1023.424  1461.99 
2024 06 27 16 53 26.74  28.381  04.546  0000.78  00.91  08.11  279.6  009.26  29.579  1023.429  1461.96 
2024 06 27 16 53 26.99  28.378  04.530  0000.78  00.93  08.11  279.6  009.26  29.591  1023.440  1461.90 
2024 06 27 16 53 27.24  28.377  04.528  0000.78  00.98  08.11  279.6  009.26  29.591  1023.440  1461.90 
2024 06 27 16 53 27.49  28.370  04.526  0000.78  00.93  08.11  279.6  009.26  29.585  1023.436  1461.88 
2024 06 27 16 53 27.74  28.360  04.518  0000.77  00.94  08.15  279.6  009.26  29.581  1023.433  1461.84 
2024 06 27 16 53 27.99  28.358  04.491  0000.77  00.99  08.15  279.6  009.26  29.603  1023.453  1461.76 
2024 06 27 16 53 28.24  28.358  04.487  0000.78  01.08  08.15  279.6  009.26  29.605  1023.456  1461.75 
2024 06 27 16 53 28.49  28.354  04.495  0000.80  00.97  08.15  279.6  009.26  29.594  1023.446  1461.77 
2024 06 27 16 53 28.74  28.354  04.499  0000.79  01.05  08.10  279.2  009.26  29.590  1023.442  1461.78 
2024 06 27 16 53 28.99  28.353  04.507  0000.79  01.03  08.10  279.2  009.26  29.582  1023.435  1461.80 
2024 06 27 16 53 29.24  28.351  04.518  0000.77  01.01  08.10  279.2  009.26  29.570  1023.425  1461.83 
2024 06 27 16 53 29.49  28.351  04.505  0000.79  01.06  08.10  279.2  009.26  29.582  1023.435  1461.79 
2024 06 27 16 53 29.74  28.351  04.502  0000.78  00.97  08.10  279.2  009.26  29.584  1023.437  1461.78 
2024 06 27 16 53 29.99  28.346  04.521  0000.78  01.00  08.10  279.2  009.26  29.561  1023.418  1461.83 
2024 06 27 16 53 30.24  28.345  04.487  0000.79  01.00  08.10  279.2  009.26  29.591  1023.444  1461.73 
2024 06 27 16 53 30.49  28.346  04.496  0000.79  01.00  08.10  279.2  009.26  29.584  1023.438  1461.75 
2024 06 27 16 53 30.74  28.344  04.510  0000.79  00.94  08.14  279.2  009.26  29.569  1023.425  1461.80 
2024 06 27 16 53 30.99  28.346  04.501  0000.77  00.93  08.14  279.2  009.26  29.579  1023.434  1461.77 
2024 06 27 16 53 31.24  28.349  04.498  0000.77  00.93  08.14  279.2  009.26  29.585  1023.439  1461.77 
2024 06 27 16 53 31.49  28.357  04.513  0000.78  00.92  08.14  279.2  009.26  29.581  1023.434  1461.82 
2024 06 27 16 53 31.74  28.366  04.536  0000.77  01.00  08.09  279.6  009.26  29.570  1023.423  1461.91 
2024 06 27 16 53 31.99  28.369  04.536  0000.79  01.07  08.10  279.6  009.26  29.574  1023.426  1461.91 
2024 06 27 16 53 32.24  28.367  04.533  0000.79  01.04  08.10  279.6  009.26  29.575  1023.428  1461.90 
2024 06 27 16 53 32.49  28.364  04.537  0000.79  00.97  08.10  279.6  009.26  29.568  1023.421  1461.91 
2024 06 27 16 53 32.74  28.357  04.529  0000.80  00.93  08.10  279.6  009.26  29.566  1023.421  1461.87 
2024 06 27 16 53 32.99  28.353  04.530  0000.78  00.97  08.10  279.6  009.26  29.561  1023.417  1461.87 
2024 06 27 16 53 33.24  28.354  04.526  0000.79  00.98  08.10  279.6  009.26  29.565  1023.420  1461.86 
2024 06 27 16 53 33.49  28.354  04.516  0000.78  01.07  08.10  279.6  009.26  29.575  1023.429  1461.83 
2024 06 27 16 53 33.74  28.351  04.516  0000.80  00.97  08.14  279.6  009.26  29.572  1023.427  1461.82 
2024 06 27 16 53 33.99  28.344  04.521  0000.80  00.95  08.14  279.6  009.26  29.560  1023.416  1461.83 
2024 06 27 16 53 34.24  28.343  04.519  0000.77  00.96  08.13  279.6  009.26  29.559  1023.416  1461.82 
2024 06 27 16 53 34.49  28.340  04.517  0000.78  00.97  08.13  279.6  009.26  29.558  1023.415  1461.81 
2024 06 27 16 53 34.74  28.343  04.513  0000.80  00.94  08.09  279.7  009.26  29.564  1023.421  1461.80 
2024 06 27 16 53 34.99  28.337  04.512  0000.79  00.99  08.09  279.7  009.26  29.559  1023.417  1461.79 
2024 06 27 16 53 35.24  28.327  04.514  0000.79  00.95  08.09  279.7  009.26  29.546  1023.406  1461.78 
2024 06 27 16 53 35.49  28.318  04.477  0000.78  00.96  08.09  279.7  009.26  29.569  1023.428  1461.66 
2024 06 27 16 53 35.74  28.312  04.443  0000.78  01.01  08.09  279.7  009.26  29.592  1023.450  1461.55 
2024 06 27 16 53 35.99  28.318  04.427  0000.79  00.99  08.09  279.7  009.26  29.613  1023.468  1461.51 
2024 06 27 16 53 36.24  28.326  04.415  0000.79  00.97  08.09  279.7  009.26  29.634  1023.485  1461.48 
2024 06 27 16 53 36.49  28.328  04.424  0000.78  01.00  08.09  279.7  009.26  29.628  1023.480  1461.51 
2024 06 27 16 53 36.74  28.333  04.454  0000.80  00.95  08.13  279.7  009.26  29.607  1023.460  1461.61 
2024 06 27 16 53 36.99  28.336  04.474  0000.80  00.96  08.13  279.7  009.26  29.592  1023.447  1461.67 
2024 06 27 16 53 37.24  28.337  04.479  0000.79  00.94  08.13  279.7  009.26  29.588  1023.443  1461.69 
2024 06 27 16 53 37.49  28.343  04.499  0000.79  00.93  08.12  279.7  009.26  29.578  1023.433  1461.76 
2024 06 27 16 53 37.74  28.351  04.513  0000.80  00.93  08.08  279.6  009.26  29.574  1023.429  1461.81 
2024 06 27 16 53 37.99  28.354  04.511  0000.79  00.97  08.09  279.6  009.26  29.580  1023.434  1461.81 
2024 06 27 16 53 38.24  28.362  04.524  0000.79  01.02  08.09  279.6  009.26  29.578  1023.430  1461.86 
2024 06 27 16 53 38.49  28.366  04.524  0000.81  01.03  08.09  279.6  009.26  29.581  1023.433  1461.87 
2024 06 27 16 53 38.74  28.366  04.523  0000.81  01.07  08.09  279.6  009.26  29.583  1023.435  1461.87 
2024 06 27 16 53 38.99  28.367  04.524  0000.80  00.97  08.09  279.6  009.26  29.583  1023.435  1461.87 
2024 06 27 16 53 39.24  28.368  04.524  0000.80  00.97  08.09  279.6  009.26  29.584  1023.435  1461.87 
2024 06 27 16 53 39.49  28.366  04.526  0000.81  01.00  08.09  279.6  009.26  29.581  1023.433  1461.88 
2024 06 27 16 53 39.74  28.363  04.518  0000.79  00.94  08.10  279.6  009.26  29.584  1023.436  1461.85 
2024 06 27 16 53 39.99  28.362  04.512  0000.79  00.95  08.09  279.6  009.26  29.587  1023.439  1461.83 
2024 06 27 16 53 40.24  28.358  04.505  0000.79  00.94  08.09  279.6  009.26  29.591  1023.442  1461.80 
2024 06 27 16 53 40.49  28.360  04.499  0000.78  01.01  08.09  279.6  009.26  29.597  1023.448  1461.78 
2024 06 27 16 53 40.74  28.365  04.516  0000.80  01.06  08.09  279.6  009.26  29.588  1023.439  1461.84 
2024 06 27 16 53 40.99  28.369  04.529  0000.80  01.02  08.09  279.6  009.26  29.580  1023.432  1461.89 
2024 06 27 16 53 41.24  28.370  04.535  0000.79  00.99  08.09  279.6  009.26  29.577  1023.428  1461.91 
2024 06 27 16 53 41.49  28.373  04.532  0000.79  01.00  08.09  279.6  009.26  29.582  1023.433  1461.90 
2024 06 27 16 53 41.74  28.372  04.530  0000.80  01.00  08.09  279.6  009.26  29.583  1023.434  1461.90 
2024 06 27 16 53 41.99  28.371  04.527  0000.80  00.98  08.09  279.6  009.26  29.585  1023.436  1461.89 
2024 06 27 16 53 42.24  28.371  04.529  0000.82  01.05  08.09  279.6  009.26  29.583  1023.434  1461.89 
2024 06 27 16 53 42.49  28.364  04.522  0000.79  01.00  08.09  279.6  009.26  29.581  1023.433  1461.86 
2024 06 27 16 53 42.74  28.352  04.521  0000.79  00.98  08.09  279.6  009.26  29.568  1023.423  1461.84 
2024 06 27 16 53 42.99  28.347  04.521  0000.79  01.00  08.09  279.6  009.26  29.563  1023.419  1461.83 
2024 06 27 16 53 43.24  28.343  04.515  0000.80  00.99  08.09  279.6  009.26  29.563  1023.419  1461.81 
2024 06 27 16 53 43.49  28.340  04.514  0000.79  01.02  08.09  279.6  009.26  29.561  1023.418  1461.80 
2024 06 27 16 53 43.74  28.341  04.499  0000.80  00.97  08.09  279.7  009.26  29.576  1023.431  1461.76 
2024 06 27 16 53 43.99  28.343  04.489  0000.80  00.94  08.09  279.7  009.26  29.586  1023.440  1461.73 
2024 06 27 16 53 44.24  28.341  04.472  0000.80  01.00  08.09  279.7  009.26  29.600  1023.453  1461.68 
2024 06 27 16 53 44.49  28.335  04.461  0000.79  00.97  08.09  279.7  009.26  29.602  1023.456  1461.63 
2024 06 27 16 53 44.74  28.325  04.472  0000.82  01.03  08.09  279.7  009.26  29.581  1023.438  1461.65 
2024 06 27 16 53 44.99  28.318  04.475  0000.80  00.95  08.09  279.7  009.26  29.570  1023.430  1461.65 
2024 06 27 16 53 45.24  28.311  04.459  0000.80  00.98  08.09  279.7  009.26  29.576  1023.436  1461.59 
2024 06 27 16 53 45.49  28.307  04.442  0000.78  01.04  08.09  279.7  009.26  29.587  1023.446  1461.53 
2024 06 27 16 53 45.74  28.314  04.437  0000.79  01.04  08.09  279.7  009.26  29.600  1023.457  1461.53 
2024 06 27 16 53 45.99  28.313  04.438  0000.80  01.02  08.09  279.7  009.26  29.598  1023.455  1461.53 
2024 06 27 16 53 46.24  28.312  04.440  0000.81  01.07  08.09  279.7  009.26  29.595  1023.453  1461.54 
2024 06 27 16 53 46.49  28.315  04.437  0000.79  01.02  08.09  279.7  009.26  29.600  1023.457  1461.53 
2024 06 27 16 53 46.74  28.321  04.447  0000.80  01.03  08.09  279.6  009.26  29.599  1023.454  1461.57 
2024 06 27 16 53 46.99  28.330  04.500  0000.80  01.04  08.08  279.6  009.26  29.561  1023.420  1461.75 
2024 06 27 16 53 47.24  28.337  04.504  0000.81  00.97  08.08  279.6  009.26  29.566  1023.423  1461.77 
2024 06 27 16 53 47.49  28.340  04.485  0000.79  00.92  08.08  279.6  009.26  29.587  1023.441  1461.71 
2024 06 27 16 53 47.74  28.338  04.490  0000.79  01.07  08.08  279.6  009.26  29.580  1023.435  1461.72 
2024 06 27 16 53 47.99  28.325  04.488  0000.81  01.00  08.08  279.6  009.26  29.567  1023.426  1461.70 
2024 06 27 16 53 48.24  28.317  04.474  0000.81  00.91  08.08  279.6  009.26  29.570  1023.430  1461.65 
2024 06 27 16 53 48.49  28.310  04.442  0000.80  00.91  08.08  279.6  009.26  29.590  1023.448  1461.54 
2024 06 27 16 53 48.74  28.307  04.456  0000.82  00.96  08.08  279.6  009.26  29.574  1023.434  1461.58 
2024 06 27 16 53 48.99  28.308  04.458  0000.80  00.96  08.08  279.6  009.26  29.574  1023.434  1461.59 
2024 06 27 16 53 49.24  28.309  04.445  0000.82  00.96  08.08  279.6  009.26  29.587  1023.446  1461.55 
2024 06 27 16 53 49.49  28.314  04.449  0000.81  01.02  08.08  279.6  009.26  29.589  1023.447  1461.57 
2024 06 27 16 53 49.74  28.321  04.465  0000.83  01.01  08.08  279.7  009.26  29.583  1023.440  1461.63 
2024 06 27 16 53 49.99  28.323  04.471  0000.82  00.97  08.08  279.7  009.26  29.580  1023.437  1461.65 
2024 06 27 16 53 50.24  28.324  04.488  0000.81  01.04  08.08  279.7  009.26  29.566  1023.424  1461.70 
2024 06 27 16 53 50.49  28.318  04.491  0000.79  01.02  08.08  279.7  009.26  29.556  1023.416  1461.70 
2024 06 27 16 53 50.74  28.312  04.469  0000.78  01.02  08.08  279.7  009.26  29.568  1023.428  1461.62 
2024 06 27 16 53 50.99  28.309  04.456  0000.79  01.03  08.08  279.7  009.26  29.577  1023.437  1461.58 
2024 06 27 16 53 51.24  28.313  04.456  0000.80  01.12  08.08  279.7  009.26  29.582  1023.440  1461.58 
2024 06 27 16 53 51.49  28.313  04.464  0000.81  01.10  08.08  279.7  009.26  29.575  1023.434  1461.61 
2024 06 27 16 53 51.74  28.297  04.492  0000.81  01.07  08.08  279.7  009.26  29.531  1023.396  1461.67 
2024 06 27 16 53 51.99  28.287  04.440  0000.79  01.03  08.08  279.7  009.26  29.566  1023.429  1461.50 
2024 06 27 16 53 52.24  28.284  04.429  0000.80  01.10  08.08  279.7  009.26  29.573  1023.436  1461.46 
2024 06 27 16 53 52.49  28.295  04.435  0000.80  01.05  08.08  279.7  009.26  29.580  1023.441  1461.49 
2024 06 27 16 53 52.74  28.304  04.444  0000.79  01.04  08.08  279.9  009.26  29.582  1023.441  1461.53 
2024 06 27 16 53 52.99  28.306  04.467  0000.79  00.99  08.08  279.9  009.26  29.564  1023.425  1461.61 
2024 06 27 16 53 53.24  28.310  04.476  0000.79  01.01  08.08  279.9  009.26  29.560  1023.421  1461.64 
2024 06 27 16 53 53.49  28.320  04.478  0000.81  00.97  08.08  279.9  009.26  29.571  1023.429  1461.66 
2024 06 27 16 53 53.74  28.319  04.477  0000.80  01.00  08.08  279.9  009.26  29.570  1023.429  1461.66 
2024 06 27 16 53 53.99  28.315  04.467  0000.80  01.02  08.08  279.9  009.26  29.574  1023.433  1461.62 
2024 06 27 16 53 54.24  28.313  04.464  0000.79  00.98  08.08  279.9  009.26  29.575  1023.434  1461.61 
2024 06 27 16 53 54.49  28.313  04.474  0000.80  01.00  08.08  279.9  009.26  29.566  1023.426  1461.64 
2024 06 27 16 53 54.74  28.315  04.484  0000.80  00.97  08.07  279.9  009.26  29.558  1023.419  1461.67 
2024 06 27 16 53 54.99  28.316  04.487  0000.80  01.00  08.07  279.9  009.26  29.558  1023.418  1461.68 
2024 06 27 16 53 55.24  28.315  04.490  0000.80  00.98  08.07  279.9  009.26  29.554  1023.415  1461.69 
2024 06 27 16 53 55.49  28.316  04.490  0000.80  00.97  08.07  279.9  009.26  29.555  1023.416  1461.69 
2024 06 27 16 53 55.74  28.321  04.478  0000.79  01.02  08.07  279.9  009.26  29.571  1023.429  1461.67 
2024 06 27 16 53 55.99  28.323  04.475  0000.80  00.95  08.07  279.9  009.26  29.575  1023.433  1461.66 
2024 06 27 16 53 56.24  28.319  04.475  0000.80  00.98  08.07  279.9  009.26  29.572  1023.430  1461.65 
2024 06 27 16 53 56.49  28.319  04.462  0000.79  00.93  08.07  279.9  009.26  29.584  1023.441  1461.61 
2024 06 27 16 53 56.74  28.319  04.471  0000.80  00.99  08.07  279.9  009.26  29.574  1023.433  1461.64 
2024 06 27 16 53 56.99  28.316  04.471  0000.79  00.96  08.07  279.9  009.26  29.572  1023.431  1461.64 
2024 06 27 16 53 57.24  28.322  04.472  0000.81  00.95  08.07  279.9  009.26  29.578  1023.435  1461.65 
2024 06 27 16 53 57.49  28.328  04.472  0000.81  00.90  08.07  279.9  009.26  29.585  1023.442  1461.66 
2024 06 27 16 53 57.74  28.328  04.483  0000.81  00.95  08.07  279.9  009.26  29.575  1023.433  1461.69 
2024 06 27 16 53 57.99  28.322  04.484  0000.82  00.97  08.07  279.9  009.26  29.567  1023.426  1461.68 
2024 06 27 16 53 58.24  28.312  04.454  0000.80  01.15  08.07  279.9  009.26  29.583  1023.441  1461.58 
2024 06 27 16 53 58.49  28.308  04.426  0000.81  00.97  08.07  279.9  009.26  29.602  1023.459  1461.49 
2024 06 27 16 53 58.74  28.305  04.430  0000.81  00.99  08.07  280.1  009.26  29.596  1023.454  1461.49 
2024 06 27 16 53 58.99  28.300  04.437  0000.80  00.97  08.07  280.1  009.26  29.584  1023.444  1461.51 
2024 06 27 16 53 59.24  28.297  04.423  0000.81  00.86  08.07  280.1  009.26  29.593  1023.452  1461.46 
2024 06 27 16 53 59.49  28.292  04.425  0000.81  00.94  08.07  280.1  009.26  29.586  1023.447  1461.46 
2024 06 27 16 53 59.74  28.284  04.414  0000.80  00.99  08.07  280.1  009.26  29.587  1023.448  1461.42 
2024 06 27 16 53 59.99  28.281  04.408  0000.81  00.97  08.07  280.1  009.26  29.588  1023.450  1461.39 
2024 06 27 16 54 00.24  28.285  04.398  0000.80  00.95  08.07  280.1  009.26  29.602  1023.462  1461.37 
2024 06 27 16 54 00.49  28.292  04.392  0000.82  00.96  08.07  280.1  009.26  29.614  1023.472  1461.36 
2024 06 27 16 54 00.74  28.287  04.398  0000.81  00.94  08.07  280.1  009.26  29.604  1023.463  1461.37 
2024 06 27 16 54 00.99  28.277  04.401  0000.81  01.00  08.07  280.1  009.26  29.590  1023.452  1461.36 
2024 06 27 16 54 01.24  28.271  04.398  0000.80  00.90  08.07  280.1  009.26  29.586  1023.449  1461.35 
2024 06 27 16 54 01.49  28.261  04.413  0000.80  00.99  08.07  280.1  009.26  29.561  1023.427  1461.38 
2024 06 27 16 54 01.74  28.257  04.408  0000.80  01.05  08.07  280.1  009.26  29.560  1023.427  1461.36 
2024 06 27 16 54 01.99  28.257  04.403  0000.82  01.07  08.07  280.1  009.26  29.564  1023.431  1461.34 
2024 06 27 16 54 02.24  28.254  04.396  0000.81  00.96  08.07  280.1  009.26  29.567  1023.435  1461.32 
2024 06 27 16 54 02.49  28.253  04.387  0000.80  00.99  08.07  280.1  009.26  29.574  1023.441  1461.29 
2024 06 27 16 54 02.74  28.249  04.414  0000.80  01.03  08.07  280.1  009.26  29.546  1023.416  1461.36 
2024 06 27 16 54 02.99  28.247  04.413  0000.81  01.03  08.06  280.1  009.26  29.544  1023.414  1461.36 
2024 06 27 16 54 03.24  28.247  04.393  0000.81  00.97  08.07  280.1  009.26  29.562  1023.431  1461.30 
2024 06 27 16 54 03.49  28.249  04.392  0000.79  01.01  08.06  280.1  009.26  29.566  1023.433  1461.30 
2024 06 27 16 54 03.74  28.251  04.399  0000.81  01.14  08.06  280.1  009.26  29.561  1023.429  1461.32 
2024 06 27 16 54 03.99  28.257  04.409  0000.79  01.03  08.06  280.1  009.26  29.560  1023.427  1461.36 
2024 06 27 16 54 04.24  28.252  04.414  0000.81  01.04  08.06  280.1  009.26  29.549  1023.418  1461.37 
2024 06 27 16 54 04.49  28.249  04.418  0000.81  01.09  08.06  280.1  009.26  29.542  1023.413  1461.38 
2024 06 27 16 54 04.74  28.252  04.419  0000.81  01.05  08.06  280.2  009.26  29.544  1023.414  1461.38 
2024 06 27 16 54 04.99  28.246  04.422  0000.82  01.06  08.06  280.2  009.26  29.536  1023.407  1461.38 
2024 06 27 16 54 05.24  28.241  04.410  0000.82  01.03  08.06  280.2  009.26  29.540  1023.411  1461.34 
2024 06 27 16 54 05.49  28.238  04.392  0000.80  01.03  08.06  280.2  009.26  29.553  1023.423  1461.28 
2024 06 27 16 54 05.74  28.237  04.387  0000.81  01.03  08.06  280.2  009.26  29.557  1023.427  1461.26 
2024 06 27 16 54 05.99  28.232  04.397  0000.81  01.01  08.06  280.2  009.26  29.541  1023.414  1461.29 
2024 06 27 16 54 06.24  28.226  04.369  0000.79  00.98  08.06  280.2  009.26  29.560  1023.431  1461.19 
2024 06 27 16 54 06.49  28.224  04.351  0000.80  01.01  08.06  280.2  009.26  29.573  1023.443  1461.14 
2024 06 27 16 54 06.74  28.224  04.342  0000.82  01.02  08.06  280.2  009.26  29.581  1023.451  1461.11 
2024 06 27 16 54 06.99  28.226  04.338  0000.81  01.02  08.06  280.2  009.26  29.587  1023.456  1461.10 
2024 06 27 16 54 07.24  28.221  04.335  0000.80  00.98  08.06  280.2  009.26  29.583  1023.453  1461.08 
2024 06 27 16 54 07.49  28.215  04.331  0000.80  01.04  08.06  280.2  009.26  29.581  1023.451  1461.06 
2024 06 27 16 54 07.74  28.212  04.332  0000.80  01.05  08.06  280.2  009.26  29.577  1023.448  1461.06 
2024 06 27 16 54 07.99  28.201  04.343  0000.81  01.00  08.06  280.2  009.26  29.554  1023.429  1461.08 
2024 06 27 16 54 08.24  28.191  04.346  0000.82  01.01  08.06  280.2  009.26  29.539  1023.417  1461.07 
2024 06 27 16 54 08.49  28.186  04.334  0000.81  00.96  08.06  280.2  009.26  29.545  1023.422  1461.03 
2024 06 27 16 54 08.74  28.185  04.334  0000.82  01.01  08.06  280.2  009.26  29.543  1023.421  1461.03 
2024 06 27 16 54 08.99  28.187  04.332  0000.82  00.99  08.06  280.2  009.26  29.547  1023.425  1461.02 
2024 06 27 16 54 09.24  28.187  04.332  0000.81  01.06  08.06  280.2  009.26  29.547  1023.424  1461.02 
2024 06 27 16 54 09.49  28.187  04.340  0000.83  01.08  08.06  280.2  009.26  29.539  1023.418  1461.05 
2024 06 27 16 54 09.74  28.185  04.333  0000.83  01.06  08.06  280.2  009.26  29.544  1023.422  1461.02 
2024 06 27 16 54 09.99  28.182  04.337  0000.81  00.97  08.06  280.2  009.26  29.537  1023.416  1461.03 
2024 06 27 16 54 10.24  28.182  04.337  0000.80  01.03  08.06  280.2  009.26  29.537  1023.416  1461.03 
2024 06 27 16 54 10.49  28.176  04.336  0000.79  01.04  08.06  280.2  009.26  29.531  1023.412  1461.02 
2024 06 27 16 54 10.74  28.174  04.341  0000.82  01.02  08.06  280.5  009.26  29.524  1023.406  1461.03 
2024 06 27 16 54 10.99  28.176  04.345  0000.79  00.97  08.06  280.5  009.26  29.523  1023.404  1461.05 
2024 06 27 16 54 11.24  28.174  04.345  0000.80  01.00  08.06  280.5  009.26  29.521  1023.403  1461.04 
2024 06 27 16 54 11.49  28.172  04.335  0000.80  00.99  08.06  280.5  009.26  29.528  1023.409  1461.01 
2024 06 27 16 54 11.74  28.171  04.324  0000.79  01.00  08.06  280.5  009.26  29.537  1023.417  1460.98 
2024 06 27 16 54 11.99  28.171  04.321  0000.81  01.02  08.06  280.5  009.26  29.539  1023.419  1460.96 
2024 06 27 16 54 12.24  28.171  04.319  0000.81  00.97  08.05  280.5  009.26  29.541  1023.421  1460.96 
2024 06 27 16 54 12.49  28.169  04.321  0000.81  00.94  08.06  280.5  009.26  29.537  1023.418  1460.96 
2024 06 27 16 54 12.74  28.167  04.318  0000.81  00.99  08.05  280.5  009.26  29.537  1023.418  1460.95 
2024 06 27 16 54 12.99  28.163  04.312  0000.80  01.01  08.05  280.5  009.26  29.538  1023.419  1460.93 
2024 06 27 16 54 13.24  28.161  04.308  0000.82  01.04  08.05  280.5  009.26  29.539  1023.421  1460.91 
2024 06 27 16 54 13.49  28.159  04.308  0000.80  01.04  08.05  280.5  009.26  29.537  1023.418  1460.91 
2024 06 27 16 54 13.74  28.159  04.307  0000.82  00.98  08.05  280.6  009.26  29.537  1023.419  1460.91 
2024 06 27 16 54 13.99  28.159  04.322  0000.80  01.00  08.05  280.6  009.26  29.525  1023.408  1460.95 
2024 06 27 16 54 14.24  28.163  04.331  0000.80  00.97  08.05  280.6  009.26  29.522  1023.404  1460.98 
2024 06 27 16 54 14.49  28.162  04.332  0000.81  01.03  08.05  280.6  009.26  29.518  1023.402  1460.99 
2024 06 27 16 54 14.74  28.159  04.328  0000.80  00.97  08.05  280.6  009.26  29.519  1023.402  1460.97 
2024 06 27 16 54 14.99  28.156  04.365  0000.81  01.03  08.05  280.6  009.26  29.482  1023.370  1461.08 
2024 06 27 16 54 15.24  28.152  04.345  0000.80  01.02  08.05  280.6  009.26  29.495  1023.382  1461.01 
2024 06 27 16 54 15.49  28.145  04.350  0000.81  01.09  08.05  280.6  009.26  29.483  1023.372  1461.02 
2024 06 27 16 54 15.74  28.140  04.314  0000.81  01.11  08.05  280.6  009.26  29.508  1023.396  1460.90 
2024 06 27 16 54 15.99  28.136  04.299  0000.79  00.98  08.05  280.6  009.26  29.519  1023.405  1460.85 
2024 06 27 16 54 16.24  28.136  04.288  0000.81  01.01  08.05  280.6  009.26  29.529  1023.414  1460.81 
2024 06 27 16 54 16.49  28.141  04.287  0000.80  00.97  08.05  280.6  009.26  29.535  1023.419  1460.82 
2024 06 27 16 54 16.74  28.140  04.291  0000.79  01.02  08.05  280.8  009.26  29.531  1023.415  1460.83 
2024 06 27 16 54 16.99  28.136  04.299  0000.81  01.06  08.05  280.8  009.29  29.517  1023.404  1460.85 
2024 06 27 16 54 17.24  28.125  04.293  0000.81  00.96  08.05  280.8  009.26  29.511  1023.399  1460.81 
2024 06 27 16 54 17.49  28.122  04.272  0000.80  00.94  08.05  280.8  009.26  29.526  1023.413  1460.74 
2024 06 27 16 54 17.74  28.126  04.263  0000.80  00.95  08.05  280.8  009.26  29.539  1023.424  1460.72 
2024 06 27 16 54 17.99  28.132  04.283  0000.80  01.01  08.05  280.8  009.26  29.529  1023.414  1460.79 
2024 06 27 16 54 18.24  28.128  04.287  0000.78  00.97  08.05  280.8  009.26  29.520  1023.407  1460.80 
2024 06 27 16 54 18.49  28.130  04.276  0000.80  01.04  08.05  280.8  009.26  29.532  1023.418  1460.77 
2024 06 27 16 54 18.74  28.119  04.260  0000.80  01.08  08.05  280.8  009.26  29.533  1023.420  1460.70 
2024 06 27 16 54 18.99  28.113  04.245  0000.80  01.05  08.05  280.8  009.26  29.540  1023.427  1460.65 
2024 06 27 16 54 19.24  28.114  04.250  0000.80  01.00  08.05  280.8  009.26  29.537  1023.424  1460.66 
2024 06 27 16 54 19.49  28.116  04.268  0000.78  01.02  08.05  280.8  009.26  29.523  1023.411  1460.72 
2024 06 27 16 54 19.74  28.115  04.287  0000.78  00.98  08.05  280.7  009.26  29.504  1023.395  1460.78 
2024 06 27 16 54 19.99  28.111  04.295  0000.79  00.95  08.05  280.7  009.26  29.493  1023.385  1460.80 
2024 06 27 16 54 20.24  28.104  04.292  0000.80  00.97  08.05  280.7  009.26  29.487  1023.380  1460.78 
2024 06 27 16 54 20.49  28.100  04.278  0000.79  00.96  08.05  280.7  009.26  29.495  1023.388  1460.73 
2024 06 27 16 54 20.74  28.098  04.264  0000.80  00.99  08.05  280.7  009.26  29.505  1023.398  1460.69 
2024 06 27 16 54 20.99  28.102  04.263  0000.80  00.97  08.05  280.7  009.26  29.511  1023.403  1460.69 
2024 06 27 16 54 21.24  28.106  04.272  0000.79  01.06  08.05  280.7  009.26  29.508  1023.399  1460.72 
2024 06 27 16 54 21.49  28.110  04.277  0000.78  01.00  08.05  280.7  009.26  29.508  1023.398  1460.74 
2024 06 27 16 54 21.74  28.107  04.279  0000.78  01.17  08.04  280.7  009.26  29.502  1023.394  1460.74 
2024 06 27 16 54 21.99  28.106  04.281  0000.81  01.12  08.04  280.7  009.26  29.500  1023.392  1460.75 
2024 06 27 16 54 22.24  28.110  04.274  0000.80  01.04  08.04  280.7  009.26  29.511  1023.401  1460.73 
2024 06 27 16 54 22.49  28.104  04.273  0000.80  01.01  08.04  280.7  009.26  29.505  1023.396  1460.72 
2024 06 27 16 54 22.74  28.100  04.268  0000.79  01.03  08.04  281.1  009.26  29.504  1023.396  1460.70 
2024 06 27 16 54 22.99  28.099  04.281  0000.80  01.00  08.04  281.1  009.26  29.491  1023.385  1460.74 
2024 06 27 16 54 23.24  28.101  04.273  0000.80  00.97  08.04  281.1  009.26  29.501  1023.394  1460.72 
2024 06 27 16 54 23.49  28.102  04.255  0000.77  01.00  08.04  281.1  009.26  29.518  1023.409  1460.66 
2024 06 27 16 54 23.74  28.101  04.256  0000.78  00.98  08.04  281.1  009.26  29.516  1023.407  1460.66 
2024 06 27 16 54 23.99  28.101  04.245  0000.80  00.93  08.04  281.1  009.26  29.526  1023.416  1460.63 
2024 06 27 16 54 24.24  28.097  04.242  0000.80  00.88  08.04  281.1  009.26  29.524  1023.414  1460.61 
2024 06 27 16 54 24.49  28.093  04.220  0000.80  00.96  08.04  281.1  009.26  29.539  1023.428  1460.54 
2024 06 27 16 54 24.74  28.090  04.204  0000.81  00.96  08.04  281.1  009.26  29.551  1023.439  1460.49 
2024 06 27 16 54 24.99  28.085  04.212  0000.80  01.02  08.04  281.1  009.26  29.538  1023.428  1460.51 
2024 06 27 16 54 25.24  28.083  04.212  0000.80  00.95  08.04  281.1  009.26  29.535  1023.426  1460.50 
2024 06 27 16 54 25.49  28.085  04.220  0000.80  00.98  08.04  281.1  009.26  29.530  1023.421  1460.53 
2024 06 27 16 54 25.74  28.081  04.220  0000.79  00.98  08.04  281.3  009.26  29.526  1023.419  1460.52 
2024 06 27 16 54 25.99  28.078  04.223  0000.80  00.95  08.04  281.3  009.26  29.520  1023.413  1460.53 
2024 06 27 16 54 26.24  28.075  04.214  0000.81  00.98  08.04  281.3  009.26  29.524  1023.417  1460.50 
2024 06 27 16 54 26.49  28.066  04.259  0000.80  00.99  08.04  281.3  009.26  29.473  1023.372  1460.62 
2024 06 27 16 54 26.74  28.058  04.272  0000.81  00.99  08.04  281.3  009.26  29.453  1023.355  1460.65 
2024 06 27 16 54 26.99  28.054  04.218  0000.80  01.13  08.04  281.3  009.26  29.496  1023.395  1460.48 
2024 06 27 16 54 27.24  28.046  04.182  0000.81  01.00  08.04  281.3  009.26  29.518  1023.416  1460.36 
2024 06 27 16 54 27.49  28.049  04.200  0000.81  00.90  08.04  281.3  009.26  29.506  1023.404  1460.42 
2024 06 27 16 54 27.74  28.049  04.189  0000.81  01.00  08.04  281.3  009.23  29.516  1023.413  1460.38 
2024 06 27 16 54 27.99  28.050  04.184  0000.81  01.06  08.04  281.3  009.26  29.523  1023.419  1460.37 
2024 06 27 16 54 28.24  28.046  04.183  0000.82  00.95  08.04  281.3  009.26  29.518  1023.415  1460.36 
2024 06 27 16 54 28.49  28.044  04.187  0000.82  00.98  08.04  281.3  009.26  29.513  1023.411  1460.37 
2024 06 27 16 54 28.74  28.055  04.243  0000.81  00.97  08.04  281.4  009.26  29.475  1023.376  1460.56 
2024 06 27 16 54 28.99  28.059  04.277  0000.81  01.05  08.04  281.4  009.26  29.449  1023.352  1460.67 
2024 06 27 16 54 29.24  28.055  04.277  0000.81  01.05  08.04  281.4  009.26  29.444  1023.348  1460.66 
2024 06 27 16 54 29.49  28.053  04.275  0000.82  01.02  08.04  281.4  009.26  29.443  1023.348  1460.65 
2024 06 27 16 54 29.74  28.051  04.265  0000.80  01.00  08.04  281.4  009.26  29.450  1023.354  1460.62 
2024 06 27 16 54 29.99  28.049  04.241  0000.80  00.97  08.04  281.4  009.26  29.470  1023.371  1460.54 
2024 06 27 16 54 30.24  28.054  04.227  0000.81  01.12  08.04  281.4  009.29  29.487  1023.387  1460.51 
2024 06 27 16 54 30.49  28.055  04.216  0000.81  01.05  08.04  281.4  009.26  29.499  1023.397  1460.47 
2024 06 27 16 54 30.74  28.051  04.218  0000.80  00.89  08.03  281.4  009.26  29.493  1023.392  1460.47 
2024 06 27 16 54 30.99  28.046  04.230  0000.81  00.96  08.04  281.4  009.26  29.476  1023.377  1460.50 
2024 06 27 16 54 31.24  28.035  04.205  0000.81  01.00  08.03  281.4  009.26  29.486  1023.388  1460.41 
2024 06 27 16 54 31.49  28.037  04.184  0000.81  01.00  08.04  281.4  009.26  29.506  1023.406  1460.35 
2024 06 27 16 54 31.74  28.041  04.186  0000.82  00.92  08.03  281.2  009.26  29.510  1023.408  1460.36 
2024 06 27 16 54 31.99  28.045  04.202  0000.82  00.93  08.03  281.2  009.26  29.500  1023.399  1460.41 
2024 06 27 16 54 32.24  28.054  04.287  0000.82  00.98  08.03  281.2  009.26  29.434  1023.339  1460.69 
2024 06 27 16 54 32.49  28.054  04.313  0000.80  00.97  08.03  281.2  009.26  29.411  1023.318  1460.77 
2024 06 27 16 54 32.74  28.054  04.291  0000.80  01.03  08.03  281.2  009.26  29.430  1023.335  1460.70 
2024 06 27 16 54 32.99  28.057  04.283  0000.80  00.91  08.03  281.2  009.26  29.441  1023.345  1460.68 
2024 06 27 16 54 33.24  28.055  04.280  0000.80  00.93  08.03  281.2  009.26  29.442  1023.346  1460.67 
2024 06 27 16 54 33.49  28.058  04.271  0000.82  00.94  08.03  281.2  009.26  29.454  1023.356  1460.65 
2024 06 27 16 54 33.74  28.058  04.259  0000.80  01.02  08.03  281.2  009.26  29.465  1023.366  1460.61 
2024 06 27 16 54 33.99  28.049  04.258  0000.80  01.00  08.03  281.2  009.26  29.454  1023.358  1460.59 
2024 06 27 16 54 34.24  28.044  04.205  0000.80  00.96  08.03  281.2  009.26  29.496  1023.396  1460.42 
2024 06 27 16 54 34.49  28.046  04.189  0000.82  00.97  08.03  281.2  009.26  29.513  1023.411  1460.38 
2024 06 27 16 54 34.74  28.056  04.212  0000.80  00.98  08.03  281.3  009.26  29.503  1023.401  1460.46 
2024 06 27 16 54 34.99  28.064  04.225  0000.81  00.96  08.03  281.3  009.26  29.501  1023.398  1460.51 
2024 06 27 16 54 35.24  28.070  04.246  0000.79  00.96  08.03  281.3  009.26  29.489  1023.387  1460.58 
2024 06 27 16 54 35.49  28.073  04.253  0000.81  00.98  08.03  281.3  009.26  29.486  1023.383  1460.61 
2024 06 27 16 54 35.74  28.075  04.269  0000.82  01.05  08.03  281.3  009.26  29.474  1023.373  1460.67 
2024 06 27 16 54 35.99  28.072  04.276  0000.80  00.98  08.03  281.3  009.26  29.464  1023.364  1460.68 
2024 06 27 16 54 36.24  28.062  04.251  0000.81  01.07  08.03  281.3  009.26  29.476  1023.376  1460.59 
2024 06 27 16 54 36.49  28.054  04.241  0000.80  01.03  08.03  281.3  009.26  29.475  1023.376  1460.55 
2024 06 27 16 54 36.74  28.048  04.225  0000.79  00.95  08.03  281.3  009.26  29.483  1023.384  1460.49 
2024 06 27 16 54 36.99  28.044  04.215  0000.81  00.95  08.03  281.3  009.26  29.487  1023.388  1460.45 
2024 06 27 16 54 37.24  28.041  04.217  0000.80  01.00  08.03  281.3  009.26  29.481  1023.383  1460.46 
2024 06 27 16 54 37.49  28.041  04.228  0000.81  01.04  08.03  281.3  009.26  29.472  1023.375  1460.49 
2024 06 27 16 54 37.74  28.039  04.231  0000.80  00.96  08.03  281.6  009.26  29.466  1023.370  1460.49 
2024 06 27 16 54 37.99  28.035  04.229  0000.81  00.97  08.03  281.6  009.26  29.464  1023.368  1460.48 
2024 06 27 16 54 38.24  28.031  04.197  0000.80  01.04  08.03  281.6  009.26  29.488  1023.390  1460.38 
2024 06 27 16 54 38.49  28.025  04.185  0000.79  01.16  08.03  281.6  009.26  29.492  1023.394  1460.33 
2024 06 27 16 54 38.74  28.022  04.181  0000.82  01.14  08.03  281.6  009.26  29.492  1023.395  1460.32 
2024 06 27 16 54 38.99  28.018  04.185  0000.81  01.02  08.03  281.6  009.26  29.483  1023.388  1460.32 
2024 06 27 16 54 39.24  28.016  04.182  0000.81  00.97  08.03  281.6  009.26  29.484  1023.388  1460.31 
2024 06 27 16 54 39.49  28.014  04.211  0000.80  00.97  08.03  281.6  009.26  29.456  1023.363  1460.40 
2024 06 27 16 54 39.74  28.004  04.186  0000.80  00.99  08.02  281.6  009.26  29.467  1023.374  1460.31 
2024 06 27 16 54 39.99  27.996  04.183  0000.82  00.95  08.03  281.6  009.26  29.461  1023.370  1460.28 
2024 06 27 16 54 40.24  27.990  04.184  0000.79  01.00  08.03  281.6  009.23  29.452  1023.363  1460.28 
2024 06 27 16 54 40.49  27.987  04.178  0000.80  01.02  08.03  281.6  009.26  29.454  1023.365  1460.25 
2024 06 27 16 54 40.74  27.988  04.173  0000.78  00.87  08.03  281.7  009.26  29.459  1023.369  1460.24 
2024 06 27 16 54 40.99  27.984  04.176  0000.78  00.90  08.03  281.7  009.26  29.453  1023.364  1460.25 
2024 06 27 16 54 41.24  27.977  04.162  0000.79  00.97  08.03  281.7  009.26  29.457  1023.369  1460.19 
2024 06 27 16 54 41.49  27.965  04.123  0000.79  01.00  08.03  281.7  009.26  29.478  1023.389  1460.06 
2024 06 27 16 54 41.74  27.957  04.106  0000.80  01.02  08.02  281.7  009.26  29.484  1023.396  1459.99 
2024 06 27 16 54 41.99  27.955  04.100  0000.79  01.00  08.02  281.7  009.26  29.487  1023.398  1459.97 
2024 06 27 16 54 42.24  27.953  04.096  0000.80  01.01  08.02  281.7  009.26  29.487  1023.399  1459.95 
2024 06 27 16 54 42.49  27.957  04.096  0000.80  01.16  08.02  281.7  009.26  29.492  1023.403  1459.96 
2024 06 27 16 54 42.74  27.956  04.120  0000.79  01.05  08.02  281.7  009.26  29.470  1023.383  1460.03 
2024 06 27 16 54 42.99  27.954  04.119  0000.81  01.03  08.02  281.7  009.26  29.469  1023.382  1460.03 
2024 06 27 16 54 43.24  27.951  04.129  0000.79  01.02  08.02  281.7  009.26  29.457  1023.371  1460.05 
2024 06 27 16 54 43.49  27.949  04.125  0000.80  00.99  08.02  281.7  009.26  29.457  1023.372  1460.04 
2024 06 27 16 54 43.74  27.942  04.122  0000.81  00.95  08.02  282.0  009.26  29.453  1023.369  1460.02 
2024 06 27 16 54 43.99  27.934  04.107  0000.80  00.99  08.02  282.0  009.26  29.457  1023.374  1459.96 
2024 06 27 16 54 44.24  27.932  04.092  0000.81  01.02  08.02  282.0  009.26  29.467  1023.383  1459.91 
2024 06 27 16 54 44.49  27.930  04.098  0000.79  00.99  08.02  282.0  009.26  29.460  1023.377  1459.93 
2024 06 27 16 54 44.74  27.926  04.096  0000.80  00.97  08.02  282.0  009.26  29.457  1023.375  1459.92 
2024 06 27 16 54 44.99  27.933  04.107  0000.79  00.96  08.02  282.0  009.26  29.455  1023.372  1459.96 
2024 06 27 16 54 45.24  27.925  04.097  0000.80  00.98  08.02  282.0  009.26  29.454  1023.372  1459.92 
2024 06 27 16 54 45.49  27.924  04.117  0000.80  01.06  08.02  282.0  009.26  29.436  1023.356  1459.98 
2024 06 27 16 54 45.74  27.925  04.124  0000.81  01.14  08.02  282.0  009.26  29.430  1023.351  1460.00 
2024 06 27 16 54 45.99  27.922  04.124  0000.79  00.95  08.02  282.0  009.26  29.427  1023.348  1460.00 
2024 06 27 16 54 46.24  27.912  04.104  0000.81  00.98  08.02  282.0  009.26  29.433  1023.355  1459.92 
2024 06 27 16 54 46.49  27.902  04.067  0000.80  00.95  08.02  282.0  009.26  29.454  1023.375  1459.79 
2024 06 27 16 54 46.74  27.896  04.053  0000.80  00.98  08.02  282.0  009.26  29.461  1023.382  1459.74 
2024 06 27 16 54 46.99  27.895  04.048  0000.81  00.94  08.02  282.0  009.26  29.464  1023.385  1459.72 
2024 06 27 16 54 47.24  27.893  04.054  0000.81  01.01  08.02  282.0  009.26  29.456  1023.378  1459.74 
2024 06 27 16 54 47.49  27.894  04.044  0000.81  01.05  08.02  282.0  009.26  29.467  1023.387  1459.71 
2024 06 27 16 54 47.74  27.895  04.043  0000.80  01.12  08.02  282.0  009.26  29.468  1023.388  1459.71 
2024 06 27 16 54 47.99  27.894  04.046  0000.81  01.09  08.02  282.0  009.26  29.464  1023.385  1459.71 
2024 06 27 16 54 48.24  27.889  04.044  0000.78  01.06  08.02  282.0  009.26  29.460  1023.382  1459.70 
2024 06 27 16 54 48.49  27.892  04.047  0000.79  01.06  08.02  282.0  009.26  29.462  1023.383  1459.71 
2024 06 27 16 54 48.74  27.892  04.050  0000.81  01.04  08.02  282.0  009.26  29.458  1023.380  1459.72 
2024 06 27 16 54 48.99  27.891  04.069  0000.78  01.07  08.02  282.0  009.26  29.441  1023.365  1459.78 
2024 06 27 16 54 49.24  27.885  04.063  0000.79  01.02  08.02  282.0  009.26  29.439  1023.363  1459.75 
2024 06 27 16 54 49.49  27.883  04.056  0000.81  00.98  08.02  282.0  009.26  29.443  1023.368  1459.73 
2024 06 27 16 54 49.74  27.880  04.049  0000.81  00.99  08.02  282.1  009.26  29.446  1023.370  1459.70 
2024 06 27 16 54 49.99  27.880  04.038  0000.79  00.98  08.02  282.1  009.26  29.455  1023.379  1459.67 
2024 06 27 16 54 50.24  27.874  04.039  0000.79  00.93  08.02  282.1  009.26  29.448  1023.372  1459.66 
2024 06 27 16 54 50.49  27.872  04.042  0000.80  01.05  08.02  282.1  009.26  29.443  1023.368  1459.67 
2024 06 27 16 54 50.74  27.868  04.037  0000.79  01.07  08.02  282.1  009.26  29.443  1023.369  1459.65 
2024 06 27 16 54 50.99  27.863  04.039  0000.80  01.02  08.02  282.1  009.26  29.435  1023.362  1459.65 
2024 06 27 16 54 51.24  27.854  04.039  0000.80  01.08  08.02  282.1  009.26  29.424  1023.354  1459.63 
2024 06 27 16 54 51.49  27.850  04.037  0000.79  00.99  08.02  282.1  009.26  29.422  1023.352  1459.62 
2024 06 27 16 54 51.74  27.840  04.019  0000.81  01.04  08.01  282.1  009.26  29.427  1023.358  1459.55 
2024 06 27 16 54 51.99  27.836  04.010  0000.79  01.07  08.02  282.1  009.23  29.429  1023.360  1459.51 
2024 06 27 16 54 52.24  27.829  04.007  0000.79  01.00  08.02  282.1  009.26  29.424  1023.357  1459.49 
2024 06 27 16 54 52.49  27.824  03.997  0000.79  01.01  08.02  282.1  009.26  29.427  1023.360  1459.46 
2024 06 27 16 54 52.74  27.827  03.990  0000.80  01.02  08.01  282.2  009.26  29.437  1023.369  1459.44 
2024 06 27 16 54 52.99  27.828  04.003  0000.79  00.95  08.01  282.2  009.26  29.427  1023.359  1459.48 
2024 06 27 16 54 53.24  27.883  04.112  0000.83  01.03  08.01  282.2  009.26  29.393  1023.323  1459.90 
2024 06 27 16 54 53.49  27.896  04.090  0000.83  00.99  08.01  282.2  009.26  29.428  1023.352  1459.85 
2024 06 27 16 54 53.74  27.883  04.066  0000.82  00.94  08.01  282.2  009.26  29.434  1023.359  1459.76 
2024 06 27 16 54 53.99  27.918  04.132  0000.86  00.93  08.01  282.2  009.26  29.416  1023.339  1460.01 
2024 06 27 16 54 54.24  28.039  04.256  0000.89  01.01  08.01  282.2  009.26  29.444  1023.350  1460.57 
2024 06 27 16 54 54.49  28.094  04.318  0000.95  01.04  08.01  282.2  009.26  29.453  1023.352  1460.84 
2024 06 27 16 54 54.74  28.146  04.351  0001.02  00.97  08.01  282.2  009.26  29.483  1023.373  1461.02 
2024 06 27 16 54 54.99  28.196  04.412  0001.08  01.02  08.01  282.2  009.26  29.486  1023.370  1461.28 
2024 06 27 16 54 55.24  28.206  04.386  0001.11  00.99  08.01  282.2  009.26  29.521  1023.400  1461.22 
2024 06 27 16 54 55.49  28.253  04.415  0001.15  00.96  08.01  282.2  009.26  29.549  1023.420  1461.38 
2024 06 27 16 54 55.74  28.270  04.479  0001.17  00.99  08.01  282.2  009.26  29.512  1023.384  1461.60 
2024 06 27 16 54 55.99  28.393  04.624  0001.24  01.03  08.01  282.2  009.26  29.522  1023.379  1462.22 
2024 06 27 16 54 56.24  28.484  04.663  0001.29  01.02  08.01  282.2  009.26  29.593  1023.431  1462.47 
2024 06 27 16 54 56.49  28.580  04.792  0001.33  01.08  08.01  282.2  009.26  29.587  1023.414  1463.00 
2024 06 27 16 54 56.74  28.569  04.747  0001.37  01.06  08.01  282.2  009.26  29.616  1023.441  1462.85 
2024 06 27 16 54 56.99  28.587  04.709  0001.44  01.05  08.01  282.2  009.26  29.670  1023.488  1462.76 
2024 06 27 16 54 57.24  28.733  04.914  0001.51  01.07  08.01  282.2  009.26  29.653  1023.455  1463.59 
2024 06 27 16 54 57.49  28.848  04.991  0001.65  01.10  08.01  282.2  009.26  29.715  1023.496  1463.99 
2024 06 27 16 54 57.74  28.948  05.083  0001.86  01.07  08.01  282.2  009.26  29.746  1023.513  1464.41 
2024 06 27 16 54 57.99  29.128  05.241  0002.08  01.04  08.01  282.2  009.26  29.809  1023.547  1465.15 
2024 06 27 16 54 58.24  29.277  05.412  0002.31  01.11  08.01  282.2  009.26  29.824  1023.542  1465.87 
2024 06 27 16 54 58.49  29.485  05.594  0002.59  01.10  08.10  282.2  009.26  29.896  1023.580  1466.70 
2024 06 27 16 54 58.74  29.817  05.908  0002.91  01.10  08.01  284.0  009.26  29.986  1023.618  1468.10 
2024 06 27 16 54 58.99  29.906  05.977  0003.23  01.13  08.05  284.0  009.26  30.024  1023.641  1468.43 
2024 06 27 16 54 59.24  29.921  05.980  0003.55  01.14  08.04  284.0  009.26  30.038  1023.653  1468.46 
2024 06 27 16 54 59.49  29.941  06.000  0003.89  01.15  08.04  284.0  009.26  30.042  1023.656  1468.55 
2024 06 27 16 54 59.74  29.973  06.032  0004.23  01.17  08.04  284.0  009.26  30.050  1023.659  1468.70 
2024 06 27 16 54 59.99  30.032  06.087  0004.59  01.25  08.04  284.0  009.26  30.067  1023.668  1468.94 
2024 06 27 16 55 00.24  30.051  06.103  0004.96  01.21  08.04  284.0  009.26  30.073  1023.673  1469.02 
2024 06 27 16 55 00.49  30.079  06.131  0005.32  01.27  08.03  284.0  009.26  30.078  1023.675  1469.15 
2024 06 27 16 55 00.74  30.224  06.284  0005.71  01.27  08.14  284.0  009.26  30.103  1023.679  1469.79 
2024 06 27 16 55 00.99  30.343  06.386  0006.11  01.35  08.01  284.0  009.26  30.143  1023.699  1470.26 
2024 06 27 16 55 01.24  30.365  06.383  0006.48  01.39  08.02  284.0  009.26  30.170  1023.723  1470.29 
2024 06 27 16 55 01.49  30.372  06.367  0006.87  01.93  08.00  284.0  009.26  30.191  1023.743  1470.26 
2024 06 27 16 55 01.74  30.351  06.335  0007.23  02.69  07.89  271.1  009.26  30.197  1023.753  1470.14 
2024 06 27 16 55 01.99  30.344  06.331  0007.62  03.03  07.92  271.1  009.26  30.192  1023.751  1470.13 
2024 06 27 16 55 02.24  30.336  06.319  0008.02  02.99  07.93  271.1  009.26  30.193  1023.756  1470.09 
2024 06 27 16 55 02.49  30.328  06.314  0008.38  03.05  07.92  271.1  009.26  30.190  1023.756  1470.07 
2024 06 27 16 55 02.74  30.322  06.303  0008.76  03.19  07.93  271.1  009.26  30.193  1023.761  1470.03 
2024 06 27 16 55 02.99  30.316  06.298  0009.16  03.08  07.94  271.1  009.26  30.191  1023.762  1470.02 
2024 06 27 16 55 03.24  30.322  06.302  0009.52  03.01  07.98  271.1  009.26  30.193  1023.765  1470.04 
2024 06 27 16 55 03.49  30.315  06.291  0009.91  03.04  07.98  271.1  009.26  30.195  1023.769  1470.01 
2024 06 27 16 55 03.74  30.342  06.304  0010.26  02.97  08.11  271.1  009.26  30.213  1023.784  1470.08 
2024 06 27 16 55 03.99  30.367  06.314  0010.65  03.03  08.08  271.1  009.26  30.231  1023.799  1470.15 
2024 06 27 16 55 04.24  30.392  06.332  0011.03  03.05  08.05  271.1  009.26  30.243  1023.807  1470.25 
2024 06 27 16 55 04.49  30.399  06.339  0011.42  02.94  08.08  271.1  009.26  30.244  1023.810  1470.28 
2024 06 27 16 55 04.74  30.407  06.344  0011.82  02.85  07.91  274.1  009.26  30.249  1023.814  1470.31 
2024 06 27 16 55 04.99  30.432  06.363  0012.25  02.66  07.95  274.1  009.26  30.259  1023.822  1470.41 
2024 06 27 16 55 05.24  30.518  06.447  0012.64  02.69  07.94  274.1  009.26  30.278  1023.828  1470.78 
2024 06 27 16 55 05.49  30.608  06.536  0013.05  02.59  07.96  274.1  009.26  30.298  1023.835  1471.16 
2024 06 27 16 55 05.74  30.691  06.612  0013.45  02.38  07.97  274.1  009.26  30.321  1023.847  1471.50 
2024 06 27 16 55 05.99  30.714  06.631  0013.83  02.26  07.96  274.1  009.26  30.329  1023.852  1471.59 
2024 06 27 16 55 06.24  30.759  06.673  0014.27  02.19  07.97  274.1  009.26  30.340  1023.858  1471.78 
2024 06 27 16 55 06.49  30.811  06.717  0014.62  02.11  07.97  274.1  009.26  30.357  1023.867  1471.98 
2024 06 27 16 55 06.74  30.813  06.714  0015.02  02.03  08.10  274.1  009.26  30.363  1023.874  1471.98 
2024 06 27 16 55 06.99  30.816  06.712  0015.38  02.01  08.07  274.1  009.26  30.368  1023.879  1471.98 
2024 06 27 16 55 07.24  30.858  06.759  0015.75  01.97  08.06  274.1  009.26  30.371  1023.878  1472.18 
2024 06 27 16 55 07.49  30.982  06.902  0016.13  01.99  08.06  274.1  009.26  30.380  1023.868  1472.76 
2024 06 27 16 55 07.74  31.112  06.991  0016.48  01.96  07.92  274.9  009.26  30.441  1023.907  1473.19 
2024 06 27 16 55 07.99  31.155  07.018  0016.86  01.76  07.94  274.9  009.26  30.464  1023.924  1473.33 
2024 06 27 16 55 08.24  31.190  07.053  0017.22  01.61  07.96  274.9  009.26  30.471  1023.926  1473.48 
2024 06 27 16 55 08.49  31.321  07.195  0017.57  01.50  07.97  274.9  009.26  30.487  1023.922  1474.06 
2024 06 27 16 55 08.74  31.412  07.257  0017.92  01.38  07.98  274.9  009.26  30.530  1023.948  1474.36 
2024 06 27 16 55 08.99  31.424  07.264  0018.27  01.17  07.98  274.9  009.26  30.537  1023.955  1474.40 
2024 06 27 16 55 09.24  31.430  07.266  0018.64  01.07  07.99  274.9  009.26  30.540  1023.959  1474.42 
2024 06 27 16 55 09.49  31.444  07.286  0019.03  01.08  07.98  274.9  009.26  30.538  1023.956  1474.50 
2024 06 27 16 55 09.74  31.472  07.309  0019.36  01.06  08.09  274.9  009.26  30.548  1023.962  1474.61 
2024 06 27 16 55 09.99  31.498  07.329  0019.76  01.07  08.09  274.9  009.26  30.558  1023.970  1474.71 
2024 06 27 16 55 10.24  31.503  07.333  0020.14  00.96  08.07  274.9  009.26  30.559  1023.972  1474.73 
2024 06 27 16 55 10.49  31.509  07.338  0020.47  00.98  08.07  274.9  009.26  30.561  1023.974  1474.76 
2024 06 27 16 55 10.74  31.522  07.353  0020.83  00.92  07.93  268.5  009.26  30.561  1023.974  1474.82 
2024 06 27 16 55 10.99  31.536  07.361  0021.17  00.95  07.96  268.5  009.26  30.569  1023.981  1474.87 
2024 06 27 16 55 11.24  31.546  07.368  0021.55  00.91  07.98  268.5  009.26  30.574  1023.985  1474.91 
2024 06 27 16 55 11.49  31.550  07.370  0021.92  00.93  07.97  268.5  009.26  30.576  1023.988  1474.93 
2024 06 27 16 55 11.74  31.551  07.373  0022.26  00.83  07.98  268.5  009.26  30.574  1023.988  1474.94 
2024 06 27 16 55 11.99  31.560  07.379  0022.64  00.82  07.98  268.5  009.26  30.578  1023.993  1474.97 
2024 06 27 16 55 12.24  31.569  07.387  0023.01  00.80  07.98  268.5  009.26  30.582  1023.995  1475.01 
2024 06 27 16 55 12.49  31.582  07.396  0023.34  00.81  07.98  268.5  009.26  30.587  1024.000  1475.06 
2024 06 27 16 55 12.74  31.588  07.401  0023.71  00.77  08.09  268.5  009.26  30.589  1024.003  1475.09 
2024 06 27 16 55 12.99  31.613  07.422  0024.05  00.70  08.08  268.5  009.26  30.597  1024.008  1475.19 
2024 06 27 16 55 13.24  31.628  07.434  0024.40  00.71  08.08  268.5  009.26  30.602  1024.012  1475.25 
2024 06 27 16 55 13.49  31.636  07.440  0024.77  00.68  08.11  268.5  009.26  30.605  1024.015  1475.28 
2024 06 27 16 55 13.74  31.646  07.448  0025.11  00.64  08.05  263.4  009.26  30.609  1024.018  1475.32 
2024 06 27 16 55 13.99  31.658  07.454  0025.50  00.58  08.01  263.4  009.26  30.616  1024.025  1475.36 
2024 06 27 16 55 14.24  31.666  07.464  0025.86  00.60  08.04  263.4  009.26  30.616  1024.025  1475.40 
2024 06 27 16 55 14.49  31.688  07.483  0026.24  00.56  07.97  263.4  009.26  30.622  1024.030  1475.49 
2024 06 27 16 55 14.74  31.718  07.510  0026.59  00.55  08.01  263.4  009.26  30.630  1024.034  1475.61 
2024 06 27 16 55 14.99  31.735  07.522  0026.96  00.53  07.95  263.4  009.26  30.637  1024.039  1475.67 
2024 06 27 16 55 15.24  31.745  07.531  0027.31  00.48  08.04  263.4  009.26  30.641  1024.043  1475.71 
2024 06 27 16 55 15.49  31.746  07.531  0027.69  00.52  08.04  263.4  009.26  30.642  1024.045  1475.72 
2024 06 27 16 55 15.74  31.752  07.534  0028.05  00.49  08.14  263.4  009.26  30.644  1024.048  1475.74 
2024 06 27 16 55 15.99  31.760  07.544  0028.42  00.52  08.11  263.4  009.26  30.644  1024.048  1475.79 
2024 06 27 16 55 16.24  31.766  07.550  0028.76  00.63  08.09  263.4  009.26  30.645  1024.050  1475.82 
2024 06 27 16 55 16.49  31.771  07.555  0029.12  00.54  08.09  263.4  009.26  30.646  1024.052  1475.84 
2024 06 27 16 55 16.74  31.781  07.566  0029.51  00.52  07.97  256.6  009.26  30.647  1024.053  1475.89 
2024 06 27 16 55 16.99  31.795  07.576  0029.83  00.45  08.00  256.6  009.26  30.652  1024.057  1475.95 
2024 06 27 16 55 17.24  31.805  07.584  0030.21  00.55  07.99  256.6  009.26  30.656  1024.061  1475.99 
2024 06 27 16 55 17.49  31.821  07.600  0030.57  00.52  08.01  256.6  009.26  30.659  1024.063  1476.06 
2024 06 27 16 55 17.74  31.835  07.617  0030.93  00.51  08.01  256.6  009.26  30.659  1024.062  1476.13 
2024 06 27 16 55 17.99  31.856  07.631  0031.31  00.50  07.99  256.6  009.26  30.669  1024.070  1476.20 
2024 06 27 16 55 18.24  31.863  07.637  0031.64  00.45  08.03  256.6  009.26  30.671  1024.072  1476.23 
2024 06 27 16 55 18.49  31.865  07.639  0032.00  00.47  07.97  256.6  009.26  30.671  1024.073  1476.25 
2024 06 27 16 55 18.74  31.869  07.643  0032.36  00.49  08.12  256.6  009.26  30.672  1024.075  1476.27 
2024 06 27 16 55 18.99  31.873  07.648  0032.70  00.48  08.07  256.6  009.26  30.672  1024.076  1476.29 
2024 06 27 16 55 19.24  31.874  07.648  0033.09  00.51  08.09  256.6  009.26  30.673  1024.078  1476.30 
2024 06 27 16 55 19.49  31.878  07.649  0033.43  00.54  08.08  256.6  009.26  30.675  1024.082  1476.31 
2024 06 27 16 55 19.74  31.880  07.650  0033.84  00.52  07.97  256.3  009.26  30.678  1024.085  1476.32 
2024 06 27 16 55 19.99  31.884  07.653  0034.20  00.49  08.01  256.3  009.26  30.678  1024.086  1476.34 
2024 06 27 16 55 20.24  31.884  07.653  0034.56  00.45  08.01  256.3  009.26  30.678  1024.088  1476.35 
2024 06 27 16 55 20.49  31.887  07.653  0034.94  00.46  08.01  256.3  009.26  30.680  1024.092  1476.36 
2024 06 27 16 55 20.74  31.885  07.655  0035.32  00.48  07.93  256.3  009.26  30.677  1024.091  1476.37 
2024 06 27 16 55 20.99  31.886  07.654  0035.68  00.47  08.03  256.3  009.26  30.679  1024.094  1476.37 
2024 06 27 16 55 21.24  31.887  07.656  0036.06  00.49  08.01  256.3  009.26  30.678  1024.095  1476.38 
2024 06 27 16 55 21.49  31.889  07.657  0036.41  00.54  08.02  256.3  009.26  30.679  1024.097  1476.40 
2024 06 27 16 55 21.74  31.893  07.660  0036.80  00.57  08.06  256.3  009.26  30.681  1024.100  1476.41 
2024 06 27 16 55 21.99  31.900  07.664  0037.20  00.53  08.09  256.3  009.26  30.683  1024.103  1476.44 
2024 06 27 16 55 22.24  31.900  07.664  0037.54  00.48  08.07  256.3  009.23  30.685  1024.106  1476.45 
2024 06 27 16 55 22.49  31.901  07.664  0037.91  00.51  08.06  256.3  009.26  30.685  1024.108  1476.45 
2024 06 27 16 55 22.74  31.901  07.664  0038.29  00.42  07.95  257.3  009.26  30.685  1024.109  1476.46 
2024 06 27 16 55 22.99  31.902  07.666  0038.66  00.44  07.99  257.3  009.26  30.684  1024.111  1476.47 
2024 06 27 16 55 23.24  31.904  07.666  0039.03  00.45  08.00  257.3  009.26  30.685  1024.113  1476.48 
2024 06 27 16 55 23.49  31.904  07.666  0039.38  00.45  08.00  257.3  009.26  30.686  1024.115  1476.49 
2024 06 27 16 55 23.74  31.908  07.667  0039.77  00.44  07.95  257.3  009.26  30.688  1024.119  1476.50 
2024 06 27 16 55 23.99  31.909  07.668  0040.14  00.46  07.96  257.3  009.26  30.689  1024.121  1476.51 
2024 06 27 16 55 24.24  31.907  07.668  0040.50  00.50  08.03  257.3  009.26  30.686  1024.120  1476.51 
2024 06 27 16 55 24.49  31.909  07.668  0040.88  00.54  08.01  257.3  009.26  30.689  1024.124  1476.52 
2024 06 27 16 55 24.74  31.911  07.669  0041.24  00.50  08.12  257.3  009.26  30.689  1024.126  1476.53 
2024 06 27 16 55 24.99  31.909  07.670  0041.63  00.50  08.06  257.3  009.26  30.687  1024.126  1476.54 
2024 06 27 16 55 25.24  31.912  07.670  0042.01  00.48  08.08  257.3  009.26  30.689  1024.129  1476.55 
2024 06 27 16 55 25.49  31.912  07.672  0042.39  00.50  08.10  257.3  009.26  30.687  1024.129  1476.56 
2024 06 27 16 55 25.74  31.911  07.672  0042.74  00.54  07.96  258.1  009.26  30.686  1024.130  1476.57 
2024 06 27 16 55 25.99  31.913  07.672  0043.11  00.55  08.00  258.1  009.26  30.689  1024.134  1476.57 
2024 06 27 16 55 26.24  31.913  07.673  0043.50  00.50  07.99  258.1  009.26  30.688  1024.135  1476.58 
2024 06 27 16 55 26.49  31.913  07.672  0043.90  00.49  07.96  258.1  009.26  30.688  1024.137  1476.59 
2024 06 27 16 55 26.74  31.913  07.671  0044.25  00.47  07.88  258.1  009.26  30.689  1024.139  1476.59 
2024 06 27 16 55 26.99  31.912  07.670  0044.64  00.50  08.02  258.1  009.26  30.689  1024.141  1476.59 
2024 06 27 16 55 27.24  31.913  07.671  0045.04  00.54  07.99  258.1  009.26  30.688  1024.142  1476.60 
2024 06 27 16 55 27.49  31.914  07.671  0045.40  00.53  07.97  258.1  009.26  30.689  1024.144  1476.61 
2024 06 27 16 55 27.74  31.914  07.670  0045.79  00.53  08.08  258.1  009.26  30.690  1024.147  1476.61 
2024 06 27 16 55 27.99  31.914  07.670  0046.14  00.55  08.00  258.1  009.26  30.690  1024.149  1476.62 
2024 06 27 16 55 28.24  31.913  07.670  0046.55  00.51  08.05  258.1  009.26  30.689  1024.150  1476.62 
2024 06 27 16 55 28.49  31.915  07.670  0046.93  00.53  08.07  258.1  009.26  30.690  1024.153  1476.63 
2024 06 27 16 55 28.74  31.916  07.670  0047.27  00.51  07.94  258.5  009.26  30.691  1024.155  1476.64 
2024 06 27 16 55 28.99  31.913  07.671  0047.69  00.50  07.99  258.5  009.26  30.687  1024.154  1476.64 
2024 06 27 16 55 29.24  31.913  07.670  0048.05  00.54  08.00  258.5  009.26  30.688  1024.156  1476.65 
2024 06 27 16 55 29.49  31.916  07.670  0048.42  00.52  07.95  258.5  009.26  30.691  1024.160  1476.66 
2024 06 27 16 55 29.74  31.915  07.671  0048.77  00.54  07.97  258.5  009.29  30.689  1024.160  1476.66 
2024 06 27 16 55 29.99  31.918  07.672  0049.13  00.49  07.97  258.5  009.26  30.691  1024.163  1476.67 
2024 06 27 16 55 30.24  31.918  07.671  0049.55  00.53  08.02  258.5  009.26  30.691  1024.165  1476.68 
2024 06 27 16 55 30.49  31.917  07.671  0049.93  00.54  08.03  258.5  009.26  30.691  1024.167  1476.68 
2024 06 27 16 55 30.74  31.916  07.671  0050.30  00.57  08.07  258.5  009.26  30.689  1024.167  1476.69 
2024 06 27 16 55 30.99  31.918  07.672  0050.68  00.54  08.08  258.5  009.26  30.691  1024.170  1476.70 
2024 06 27 16 55 31.24  31.916  07.672  0051.03  00.55  08.03  258.5  009.26  30.689  1024.170  1476.70 
2024 06 27 16 55 31.49  31.919  07.671  0051.44  00.54  08.06  258.5  009.26  30.691  1024.174  1476.71 
2024 06 27 16 55 31.74  31.919  07.672  0051.84  00.52  08.03  258.6  009.26  30.691  1024.176  1476.72 
2024 06 27 16 55 31.99  31.919  07.673  0052.21  00.47  08.01  258.6  009.26  30.689  1024.175  1476.73 
2024 06 27 16 55 32.24  31.919  07.674  0052.59  00.52  08.00  258.6  009.26  30.689  1024.177  1476.74 
2024 06 27 16 55 32.49  31.922  07.673  0052.99  00.47  07.94  258.6  009.26  30.692  1024.182  1476.74 
2024 06 27 16 55 32.74  31.920  07.675  0053.36  00.47  07.98  258.6  009.26  30.689  1024.181  1476.75 
2024 06 27 16 55 32.99  31.923  07.675  0053.74  00.48  07.95  258.6  009.26  30.691  1024.184  1476.76 
2024 06 27 16 55 33.24  31.922  07.676  0054.10  00.54  07.95  258.6  009.26  30.689  1024.184  1476.77 
2024 06 27 16 55 33.49  31.923  07.675  0054.50  00.49  08.00  258.6  009.26  30.691  1024.187  1476.77 
2024 06 27 16 55 33.74  31.923  07.675  0054.91  00.52  07.99  258.6  009.26  30.690  1024.189  1476.78 
2024 06 27 16 55 33.99  31.924  07.676  0055.24  00.55  08.08  258.6  009.26  30.691  1024.191  1476.79 
2024 06 27 16 55 34.24  31.925  07.677  0055.65  00.57  08.08  258.6  009.26  30.691  1024.192  1476.80 
2024 06 27 16 55 34.49  31.926  07.677  0056.02  00.53  08.04  258.6  009.26  30.692  1024.195  1476.81 
2024 06 27 16 55 34.74  31.927  07.676  0056.42  00.56  07.98  258.7  009.26  30.694  1024.198  1476.81 
2024 06 27 16 55 34.99  31.925  07.675  0056.81  00.59  08.01  258.7  009.26  30.692  1024.199  1476.81 
2024 06 27 16 55 35.24  31.926  07.674  0057.19  00.52  07.95  258.7  009.26  30.694  1024.202  1476.82 
2024 06 27 16 55 35.49  31.923  07.672  0057.57  00.57  08.04  258.7  009.26  30.692  1024.202  1476.81 
2024 06 27 16 55 35.74  31.922  07.670  0057.92  00.62  08.00  258.7  009.26  30.693  1024.205  1476.81 
2024 06 27 16 55 35.99  31.922  07.669  0058.33  00.55  08.01  258.7  009.26  30.694  1024.208  1476.81 
2024 06 27 16 55 36.24  31.923  07.669  0058.72  00.55  07.97  258.7  009.26  30.695  1024.211  1476.82 
2024 06 27 16 55 36.49  31.924  07.669  0059.07  00.56  07.96  258.7  009.26  30.696  1024.213  1476.83 
2024 06 27 16 55 36.74  31.926  07.674  0059.48  00.60  08.01  258.7  009.23  30.693  1024.212  1476.85 
2024 06 27 16 55 36.99  31.926  07.673  0059.87  00.57  08.03  258.7  009.26  30.694  1024.215  1476.85 
2024 06 27 16 55 37.24  31.921  07.668  0060.23  00.52  08.01  258.7  009.26  30.693  1024.216  1476.84 
2024 06 27 16 55 37.49  31.923  07.668  0060.66  00.53  08.00  258.7  009.26  30.695  1024.219  1476.85 
2024 06 27 16 55 37.74  31.921  07.665  0061.00  00.55  07.99  258.7  009.26  30.695  1024.222  1476.85 
2024 06 27 16 55 37.99  31.916  07.662  0061.41  00.59  07.92  258.7  009.26  30.692  1024.222  1476.84 
2024 06 27 16 55 38.24  31.915  07.662  0061.80  00.56  08.01  258.7  009.26  30.691  1024.223  1476.84 
2024 06 27 16 55 38.49  31.916  07.662  0062.17  00.58  07.88  258.7  009.29  30.692  1024.225  1476.85 
2024 06 27 16 55 38.74  31.916  07.660  0062.58  00.60  07.98  258.7  009.26  30.693  1024.228  1476.85 
2024 06 27 16 55 38.99  31.913  07.658  0062.93  00.58  07.98  258.7  009.26  30.692  1024.229  1476.84 
2024 06 27 16 55 39.24  31.914  07.658  0063.32  00.51  08.01  258.7  009.26  30.693  1024.232  1476.85 
2024 06 27 16 55 39.49  31.912  07.656  0063.72  00.57  08.05  258.7  009.26  30.692  1024.234  1476.85 
2024 06 27 16 55 39.74  31.913  07.658  0064.10  00.58  08.06  258.7  009.26  30.691  1024.234  1476.86 
2024 06 27 16 55 39.99  31.913  07.659  0064.50  00.61  08.04  258.7  009.26  30.691  1024.235  1476.87 
2024 06 27 16 55 40.24  31.915  07.657  0064.89  00.52  08.03  258.7  009.26  30.693  1024.239  1476.88 
2024 06 27 16 55 40.49  31.915  07.658  0065.28  00.48  08.05  258.7  009.26  30.692  1024.240  1476.88 
2024 06 27 16 55 40.74  31.916  07.658  0065.67  00.49  07.95  258.7  009.26  30.693  1024.243  1476.89 
2024 06 27 16 55 40.99  31.917  07.658  0066.03  00.57  07.97  258.7  009.26  30.695  1024.246  1476.90 
2024 06 27 16 55 41.24  31.916  07.659  0066.43  00.60  08.03  258.7  009.26  30.693  1024.246  1476.91 
2024 06 27 16 55 41.49  31.918  07.661  0066.84  00.59  08.00  258.7  009.26  30.692  1024.247  1476.92 
2024 06 27 16 55 41.74  31.919  07.662  0067.22  00.57  07.97  258.7  009.26  30.693  1024.250  1476.93 
2024 06 27 16 55 41.99  31.923  07.664  0067.61  00.60  08.01  258.7  009.26  30.695  1024.252  1476.95 
2024 06 27 16 55 42.24  31.921  07.663  0067.97  00.60  08.01  258.7  009.26  30.694  1024.253  1476.95 
2024 06 27 16 55 42.49  31.921  07.664  0068.38  00.57  08.00  258.7  009.26  30.693  1024.254  1476.96 
2024 06 27 16 55 42.74  31.923  07.663  0068.78  00.52  08.09  258.7  009.26  30.695  1024.258  1476.96 
2024 06 27 16 55 42.99  31.922  07.663  0069.13  00.59  08.04  258.7  009.26  30.694  1024.259  1476.97 
2024 06 27 16 55 43.24  31.924  07.663  0069.55  00.57  08.07  258.7  009.26  30.697  1024.263  1476.98 
2024 06 27 16 55 43.49  31.923  07.663  0069.91  00.46  07.97  258.7  009.26  30.695  1024.263  1476.98 
2024 06 27 16 55 43.74  31.923  07.664  0070.33  00.55  08.02  258.7  009.26  30.695  1024.264  1476.99 
2024 06 27 16 55 43.99  31.925  07.663  0070.69  00.59  07.94  258.7  009.26  30.697  1024.268  1477.00 
2024 06 27 16 55 44.24  31.926  07.665  0071.07  00.59  07.97  258.7  009.26  30.696  1024.269  1477.01 
2024 06 27 16 55 44.49  31.927  07.665  0071.46  00.56  08.01  258.7  009.26  30.696  1024.271  1477.02 
2024 06 27 16 55 44.74  31.927  07.666  0071.87  00.59  07.99  258.7  009.26  30.695  1024.272  1477.03 
2024 06 27 16 55 44.99  31.928  07.665  0072.21  00.64  07.98  258.7  009.26  30.698  1024.275  1477.03 
2024 06 27 16 55 45.24  31.930  07.666  0072.64  00.59  07.99  258.7  009.26  30.698  1024.278  1477.04 
2024 06 27 16 55 45.49  31.931  07.667  0073.01  00.60  07.99  258.7  009.26  30.699  1024.280  1477.05 
2024 06 27 16 55 45.74  31.931  07.666  0073.40  00.57  08.09  258.7  009.26  30.699  1024.282  1477.05 
2024 06 27 16 55 45.99  31.931  07.667  0073.83  00.56  08.07  258.7  009.26  30.698  1024.283  1477.06 
2024 06 27 16 55 46.24  31.930  07.668  0074.21  00.58  07.87  258.7  009.26  30.696  1024.283  1477.07 
2024 06 27 16 55 46.49  31.931  07.667  0074.61  00.60  08.02  258.7  009.26  30.698  1024.287  1477.08 
2024 06 27 16 55 46.74  31.933  07.668  0074.96  00.61  07.96  258.7  009.26  30.699  1024.288  1477.09 
2024 06 27 16 55 46.99  31.933  07.670  0075.37  00.59  07.97  258.7  009.26  30.697  1024.289  1477.10 
2024 06 27 16 55 47.24  31.933  07.669  0075.78  00.62  08.02  258.7  009.26  30.698  1024.291  1477.10 
2024 06 27 16 55 47.49  31.935  07.670  0076.15  00.56  07.96  258.7  009.26  30.699  1024.294  1477.11 
2024 06 27 16 55 47.74  31.935  07.671  0076.57  00.58  08.01  258.7  009.26  30.698  1024.295  1477.12 
2024 06 27 16 55 47.99  31.935  07.670  0076.93  00.62  07.97  258.7  009.26  30.699  1024.297  1477.13 
2024 06 27 16 55 48.24  31.935  07.670  0077.34  00.63  07.98  258.7  009.26  30.698  1024.299  1477.13 
2024 06 27 16 55 48.49  31.937  07.671  0077.74  00.62  07.98  258.7  009.26  30.700  1024.302  1477.14 
2024 06 27 16 55 48.74  31.936  07.671  0078.12  00.62  07.98  258.7  009.26  30.698  1024.302  1477.15 
2024 06 27 16 55 48.99  31.936  07.671  0078.53  00.57  08.09  258.7  009.26  30.698  1024.304  1477.15 
2024 06 27 16 55 49.24  31.939  07.673  0078.93  00.59  08.08  258.7  009.26  30.700  1024.307  1477.17 
2024 06 27 16 55 49.49  31.939  07.674  0079.29  00.56  08.07  258.7  009.26  30.699  1024.308  1477.18 
2024 06 27 16 55 49.74  31.939  07.673  0079.70  00.58  07.96  258.5  009.26  30.699  1024.310  1477.18 
2024 06 27 16 55 49.99  31.939  07.673  0080.06  00.66  07.97  258.5  009.26  30.698  1024.311  1477.19 
2024 06 27 16 55 50.24  31.939  07.673  0080.46  00.58  07.96  258.5  009.26  30.699  1024.313  1477.20 
2024 06 27 16 55 50.49  31.941  07.673  0080.89  00.57  07.96  258.5  009.26  30.701  1024.316  1477.20 
2024 06 27 16 55 50.74  31.939  07.674  0081.25  00.54  08.01  258.5  009.26  30.698  1024.316  1477.21 
2024 06 27 16 55 50.99  31.941  07.673  0081.66  00.57  08.00  258.5  009.26  30.700  1024.319  1477.22 
2024 06 27 16 55 51.24  31.941  07.673  0082.05  00.57  07.93  258.5  009.26  30.700  1024.321  1477.22 
2024 06 27 16 55 51.49  31.942  07.675  0082.44  00.60  08.03  258.5  009.26  30.699  1024.322  1477.24 
2024 06 27 16 55 51.74  31.939  07.675  0082.84  00.62  08.01  258.5  009.26  30.696  1024.322  1477.24 
2024 06 27 16 55 51.99  31.944  07.675  0083.21  00.63  08.03  258.5  009.26  30.701  1024.328  1477.25 
2024 06 27 16 55 52.24  31.944  07.676  0083.63  00.59  08.09  258.5  009.26  30.700  1024.328  1477.26 
2024 06 27 16 55 52.49  31.944  07.677  0084.03  00.55  08.07  258.5  009.26  30.699  1024.329  1477.27 
2024 06 27 16 55 52.74  31.946  07.677  0084.39  00.57  07.99  258.4  009.26  30.700  1024.332  1477.28 
2024 06 27 16 55 52.99  31.944  07.677  0084.82  00.55  07.98  258.4  009.26  30.699  1024.332  1477.28 
2024 06 27 16 55 53.24  31.946  07.678  0085.17  00.62  07.96  258.4  009.26  30.699  1024.334  1477.29 
2024 06 27 16 55 53.49  31.947  07.678  0085.58  00.64  07.93  258.4  009.26  30.700  1024.337  1477.30 
2024 06 27 16 55 53.74  31.947  07.678  0086.01  00.60  07.96  258.4  009.26  30.701  1024.339  1477.31 
2024 06 27 16 55 53.99  31.946  07.678  0086.37  00.61  07.98  258.4  009.26  30.698  1024.339  1477.31 
2024 06 27 16 55 54.24  31.948  07.678  0086.80  00.60  08.02  258.4  009.26  30.701  1024.343  1477.32 
2024 06 27 16 55 54.49  31.947  07.680  0087.17  00.58  07.97  258.4  009.26  30.699  1024.343  1477.33 
2024 06 27 16 55 54.74  31.949  07.679  0087.58  00.61  08.05  258.4  009.26  30.701  1024.346  1477.34 
2024 06 27 16 55 54.99  31.948  07.679  0087.98  00.55  08.03  258.4  009.26  30.699  1024.347  1477.34 
2024 06 27 16 55 55.24  31.950  07.680  0088.36  00.53  08.06  258.4  009.26  30.700  1024.349  1477.35 
2024 06 27 16 55 55.49  31.950  07.679  0088.77  00.53  08.05  258.4  009.26  30.701  1024.352  1477.36 
2024 06 27 16 55 55.74  31.950  07.680  0089.15  00.52  07.99  258.2  009.26  30.700  1024.353  1477.36 
2024 06 27 16 55 55.99  31.952  07.680  0089.54  00.54  07.88  258.2  009.26  30.703  1024.357  1477.37 
2024 06 27 16 55 56.24  31.952  07.680  0089.97  00.62  07.94  258.2  009.26  30.703  1024.359  1477.38 
2024 06 27 16 55 56.49  31.951  07.680  0090.33  00.66  08.01  258.2  009.26  30.701  1024.359  1477.38 
2024 06 27 16 55 56.74  31.952  07.680  0090.73  00.68  07.95  258.2  009.26  30.702  1024.362  1477.39 
2024 06 27 16 55 56.99  31.952  07.679  0091.16  00.64  07.99  258.2  009.26  30.702  1024.364  1477.40 
2024 06 27 16 55 57.24  31.953  07.680  0091.53  00.60  08.00  258.2  009.26  30.703  1024.366  1477.40 
2024 06 27 16 55 57.49  31.951  07.680  0091.93  00.60  07.99  258.2  009.26  30.699  1024.365  1477.41 
2024 06 27 16 55 57.74  31.952  07.679  0092.32  00.59  07.98  258.2  009.26  30.702  1024.370  1477.41 
2024 06 27 16 55 57.99  31.953  07.681  0092.72  00.62  07.96  258.2  009.26  30.701  1024.370  1477.43 
2024 06 27 16 55 58.24  31.955  07.682  0093.13  00.59  08.03  258.2  009.26  30.702  1024.373  1477.44 
2024 06 27 16 55 58.49  31.953  07.681  0093.50  00.55  08.08  258.2  009.26  30.701  1024.374  1477.44 
2024 06 27 16 55 58.74  31.950  07.679  0093.91  00.62  07.95  258.1  009.26  30.699  1024.374  1477.43 
2024 06 27 16 55 58.99  31.951  07.678  0094.33  00.61  08.00  258.1  009.26  30.701  1024.378  1477.44 
2024 06 27 16 55 59.24  31.952  07.678  0094.68  00.57  07.96  258.1  009.26  30.702  1024.380  1477.45 
2024 06 27 16 55 59.49  31.952  07.677  0095.11  00.59  08.01  258.1  009.26  30.702  1024.382  1477.45 
2024 06 27 16 55 59.74  31.951  07.677  0095.46  00.62  07.96  258.1  009.26  30.701  1024.383  1477.46 
2024 06 27 16 55 59.99  31.954  07.677  0095.87  00.64  07.96  258.1  009.26  30.704  1024.387  1477.47 
2024 06 27 16 56 00.24  31.951  07.678  0096.29  00.63  07.97  258.1  009.26  30.700  1024.386  1477.47 
2024 06 27 16 56 00.49  31.955  07.677  0096.67  00.63  08.01  258.1  009.26  30.704  1024.391  1477.48 
2024 06 27 16 56 00.74  31.954  07.677  0097.07  00.67  08.05  258.1  009.26  30.703  1024.392  1477.49 
2024 06 27 16 56 00.99  31.953  07.677  0097.43  00.62  08.03  258.1  009.26  30.703  1024.394  1477.49 
2024 06 27 16 56 01.24  31.954  07.677  0097.83  00.63  07.99  258.1  009.26  30.703  1024.396  1477.50 
2024 06 27 16 56 01.49  31.953  07.677  0098.23  00.60  08.03  258.1  009.26  30.702  1024.397  1477.50 
2024 06 27 16 56 01.74  31.954  07.678  0098.62  00.64  08.01  258.1  009.26  30.702  1024.399  1477.51 
2024 06 27 16 56 01.99  31.954  07.677  0099.01  00.62  07.96  258.1  009.26  30.703  1024.401  1477.52 
2024 06 27 16 56 02.24  31.953  07.678  0099.41  00.60  07.95  258.1  009.26  30.701  1024.401  1477.52 
2024 06 27 16 56 02.49  31.954  07.677  0099.79  00.59  07.96  258.1  009.26  30.703  1024.404  1477.53 
2024 06 27 16 56 02.74  31.954  07.676  0100.19  00.71  08.01  258.1  009.26  30.703  1024.406  1477.53 
2024 06 27 16 56 02.99  31.953  07.677  0100.57  00.62  08.01  258.1  009.26  30.701  1024.407  1477.54 
2024 06 27 16 56 03.24  31.952  07.678  0100.99  00.62  07.99  258.1  009.26  30.699  1024.407  1477.55 
2024 06 27 16 56 03.49  31.954  07.677  0101.39  00.59  07.96  258.1  009.26  30.701  1024.411  1477.55 
2024 06 27 16 56 03.74  31.955  07.676  0101.76  00.64  08.03  258.1  009.26  30.703  1024.414  1477.56 
2024 06 27 16 56 03.99  31.955  07.679  0102.17  00.58  08.00  258.1  009.26  30.701  1024.414  1477.57 
2024 06 27 16 56 04.24  31.958  07.679  0102.53  00.57  08.06  258.1  009.26  30.705  1024.418  1477.58 
2024 06 27 16 56 04.49  31.958  07.679  0102.94  00.62  08.05  258.1  009.26  30.704  1024.420  1477.59 
2024 06 27 16 56 04.74  31.956  07.679  0103.35  00.61  07.95  258.5  009.26  30.701  1024.419  1477.59 
2024 06 27 16 56 04.99  31.957  07.679  0103.72  00.64  07.95  258.5  009.26  30.702  1024.422  1477.60 
2024 06 27 16 56 05.24  31.960  07.679  0104.13  00.60  08.01  258.5  009.26  30.706  1024.426  1477.61 
2024 06 27 16 56 05.49  31.958  07.679  0104.48  00.57  07.98  258.5  009.26  30.702  1024.425  1477.61 
2024 06 27 16 56 05.74  31.958  07.680  0104.91  00.60  08.02  258.5  009.26  30.702  1024.427  1477.62 
2024 06 27 16 56 05.99  31.958  07.679  0105.29  00.57  07.99  258.5  009.29  30.703  1024.430  1477.62 
2024 06 27 16 56 06.24  31.959  07.679  0105.66  00.60  07.98  258.5  009.26  30.703  1024.432  1477.63 
2024 06 27 16 56 06.49  31.959  07.680  0106.07  00.66  07.96  258.5  009.26  30.703  1024.433  1477.64 
2024 06 27 16 56 06.74  31.958  07.680  0106.44  00.66  08.05  258.5  009.26  30.701  1024.433  1477.64 
2024 06 27 16 56 06.99  31.960  07.680  0106.85  00.62  08.06  258.5  009.26  30.703  1024.437  1477.65 
2024 06 27 16 56 07.24  31.960  07.681  0107.24  00.63  08.03  258.5  009.26  30.702  1024.438  1477.66 
2024 06 27 16 56 07.49  31.959  07.680  0107.62  00.65  08.02  258.5  009.26  30.702  1024.440  1477.66 
2024 06 27 16 56 07.74  31.961  07.680  0108.00  00.64  07.89  258.5  009.26  30.704  1024.443  1477.67 
2024 06 27 16 56 07.99  31.959  07.680  0108.37  00.66  07.99  258.5  009.26  30.701  1024.442  1477.68 
2024 06 27 16 56 08.24  31.960  07.680  0108.78  00.65  07.94  258.5  009.26  30.702  1024.445  1477.68 
2024 06 27 16 56 08.49  31.962  07.681  0109.19  00.62  08.00  258.5  009.26  30.703  1024.447  1477.70 
2024 06 27 16 56 08.74  31.960  07.681  0109.57  00.64  07.95  258.5  009.26  30.702  1024.448  1477.70 
2024 06 27 16 56 08.99  31.961  07.681  0109.96  00.58  07.96  258.5  009.26  30.702  1024.450  1477.71 
2024 06 27 16 56 09.24  31.962  07.681  0110.36  00.61  07.95  258.5  009.26  30.703  1024.453  1477.71 
2024 06 27 16 56 09.49  31.960  07.681  0110.71  00.61  07.96  258.5  009.26  30.701  1024.453  1477.72 
2024 06 27 16 56 09.74  31.962  07.680  0111.09  00.69  08.08  258.5  009.26  30.704  1024.457  1477.72 
2024 06 27 16 56 09.99  31.965  07.682  0111.47  00.65  08.08  258.5  009.26  30.705  1024.459  1477.74 
2024 06 27 16 56 10.24  31.965  07.682  0111.86  00.64  08.02  258.5  009.26  30.704  1024.461  1477.74 
2024 06 27 16 56 10.49  31.965  07.682  0112.26  00.61  08.02  258.5  009.26  30.704  1024.462  1477.75 
2024 06 27 16 56 10.74  31.963  07.681  0112.62  00.61  07.98  258.5  009.26  30.703  1024.463  1477.75 
2024 06 27 16 56 10.99  31.966  07.681  0113.00  00.57  07.95  258.5  009.26  30.707  1024.468  1477.76 
2024 06 27 16 56 11.24  31.965  07.681  0113.36  00.61  07.99  258.5  009.26  30.704  1024.467  1477.77 
2024 06 27 16 56 11.49  31.965  07.681  0113.77  00.60  07.94  258.5  009.26  30.704  1024.469  1477.77 
2024 06 27 16 56 11.74  31.966  07.682  0114.15  00.62  07.98  258.5  009.26  30.704  1024.471  1477.78 
2024 06 27 16 56 11.99  31.966  07.682  0114.55  00.68  07.98  258.5  009.26  30.705  1024.473  1477.79 
2024 06 27 16 56 12.24  31.966  07.681  0114.93  00.66  07.98  258.5  009.26  30.706  1024.476  1477.79 
2024 06 27 16 56 12.49  31.965  07.682  0115.31  00.64  08.00  258.5  009.26  30.703  1024.475  1477.80 
2024 06 27 16 56 12.74  31.969  07.682  0115.70  00.64  07.97  258.5  009.26  30.707  1024.480  1477.81 
2024 06 27 16 56 12.99  31.967  07.683  0116.07  00.68  08.08  258.5  009.26  30.705  1024.480  1477.81 
2024 06 27 16 56 13.24  31.968  07.683  0116.45  00.60  08.03  258.5  009.26  30.705  1024.482  1477.82 
2024 06 27 16 56 13.49  31.970  07.684  0116.86  00.58  07.90  258.5  009.26  30.707  1024.485  1477.83 
2024 06 27 16 56 13.74  31.968  07.683  0117.24  00.62  07.93  258.4  009.26  30.704  1024.485  1477.84 
2024 06 27 16 56 13.99  31.969  07.684  0117.60  00.64  07.95  258.4  009.26  30.704  1024.486  1477.85 
2024 06 27 16 56 14.24  31.970  07.683  0118.00  00.61  07.95  258.4  009.26  30.705  1024.489  1477.85 
2024 06 27 16 56 14.49  31.972  07.683  0118.35  00.62  07.96  258.4  009.26  30.708  1024.493  1477.86 
2024 06 27 16 56 14.74  31.971  07.684  0118.75  00.64  07.95  258.4  009.26  30.707  1024.494  1477.87 
2024 06 27 16 56 14.99  31.971  07.684  0119.12  00.60  07.95  258.4  009.26  30.706  1024.495  1477.87 
2024 06 27 16 56 15.24  31.970  07.684  0119.48  00.63  07.96  258.4  009.26  30.705  1024.496  1477.88 
2024 06 27 16 56 15.49  31.972  07.686  0119.85  00.66  08.00  258.4  009.26  30.705  1024.497  1477.89 
2024 06 27 16 56 15.74  31.976  07.688  0120.19  00.62  08.07  258.4  009.26  30.707  1024.500  1477.91 
2024 06 27 16 56 15.99  31.978  07.691  0120.56  00.59  08.03  258.4  009.26  30.706  1024.500  1477.92 
2024 06 27 16 56 16.24  31.979  07.693  0120.95  00.69  07.98  258.4  009.26  30.706  1024.502  1477.94 
2024 06 27 16 56 16.49  31.978  07.690  0121.31  00.64  08.01  258.4  009.26  30.707  1024.505  1477.93 
2024 06 27 16 56 16.74  31.975  07.688  0121.65  00.59  07.96  258.1  009.26  30.706  1024.506  1477.93 
2024 06 27 16 56 16.99  31.978  07.692  0122.04  00.57  07.97  258.1  009.26  30.704  1024.506  1477.95 
2024 06 27 16 56 17.24  31.982  07.694  0122.40  00.57  07.96  258.1  009.26  30.708  1024.510  1477.97 
2024 06 27 16 56 17.49  31.985  07.695  0122.80  00.55  07.96  258.1  009.26  30.709  1024.512  1477.98 
2024 06 27 16 56 17.74  31.982  07.695  0123.13  00.55  07.98  258.1  009.26  30.707  1024.512  1477.98 
2024 06 27 16 56 17.99  31.983  07.695  0123.53  00.56  08.01  258.1  009.26  30.707  1024.514  1477.99 
2024 06 27 16 56 18.24  31.986  07.697  0123.92  00.56  07.95  258.1  009.26  30.708  1024.517  1478.00 
2024 06 27 16 56 18.49  31.987  07.698  0124.26  00.55  07.95  258.1  009.26  30.709  1024.519  1478.01 
2024 06 27 16 56 18.74  31.989  07.698  0124.62  00.57  08.02  258.1  009.26  30.710  1024.522  1478.02 
2024 06 27 16 56 18.99  31.988  07.698  0125.00  00.61  08.03  258.1  009.26  30.709  1024.522  1478.02 
2024 06 27 16 56 19.24  31.990  07.698  0125.36  00.59  08.06  258.1  009.26  30.710  1024.525  1478.03 
2024 06 27 16 56 19.49  31.990  07.698  0125.74  00.63  08.05  258.1  009.26  30.711  1024.527  1478.04 
2024 06 27 16 56 19.74  31.992  07.698  0126.08  00.57  07.93  257.3  009.26  30.712  1024.530  1478.05 
2024 06 27 16 56 19.99  31.989  07.699  0126.48  00.62  07.94  257.3  009.26  30.708  1024.528  1478.05 
2024 06 27 16 56 20.24  31.993  07.700  0126.83  00.63  07.95  257.3  009.26  30.711  1024.532  1478.07 
2024 06 27 16 56 20.49  31.992  07.700  0127.20  00.65  07.95  257.3  009.26  30.711  1024.533  1478.07 
2024 06 27 16 56 20.74  31.993  07.700  0127.58  00.63  07.94  257.3  009.26  30.711  1024.535  1478.08 
2024 06 27 16 56 20.99  31.994  07.701  0127.93  00.58  07.99  257.3  009.26  30.712  1024.537  1478.09 
2024 06 27 16 56 21.24  31.995  07.700  0128.31  00.56  07.97  257.3  009.26  30.713  1024.541  1478.09 
2024 06 27 16 56 21.49  31.995  07.702  0128.68  00.57  07.97  257.3  009.26  30.712  1024.541  1478.10 
2024 06 27 16 56 21.74  31.997  07.702  0129.03  00.58  07.99  257.3  009.26  30.713  1024.543  1478.11 
2024 06 27 16 56 21.99  31.997  07.701  0129.41  00.61  07.97  257.3  009.26  30.714  1024.546  1478.11 
2024 06 27 16 56 22.24  31.997  07.700  0129.74  00.59  07.96  257.3  009.26  30.714  1024.548  1478.12 
2024 06 27 16 56 22.49  31.994  07.701  0130.11  00.62  07.97  257.3  009.26  30.711  1024.547  1478.12 
2024 06 27 16 56 22.74  31.996  07.701  0130.49  00.60  07.98  257.0  009.26  30.712  1024.549  1478.13 
2024 06 27 16 56 22.99  31.998  07.701  0130.85  00.60  07.95  257.0  009.26  30.715  1024.553  1478.14 
2024 06 27 16 56 23.24  31.997  07.702  0131.21  00.60  07.95  257.0  009.26  30.713  1024.553  1478.15 
2024 06 27 16 56 23.49  31.996  07.703  0131.53  00.58  08.00  257.0  009.26  30.710  1024.553  1478.15 
2024 06 27 16 56 23.74  31.996  07.701  0131.93  00.52  07.95  257.0  009.26  30.712  1024.556  1478.15 
2024 06 27 16 56 23.99  31.995  07.702  0132.29  00.52  07.95  257.0  009.26  30.710  1024.556  1478.16 
2024 06 27 16 56 24.24  31.998  07.702  0132.65  00.56  07.94  257.0  009.26  30.713  1024.560  1478.17 
2024 06 27 16 56 24.49  32.000  07.702  0133.02  00.54  07.96  257.0  009.26  30.714  1024.563  1478.18 
2024 06 27 16 56 24.74  32.000  07.702  0133.36  00.49  08.08  257.0  009.26  30.714  1024.564  1478.18 
2024 06 27 16 56 24.99  31.998  07.702  0133.74  00.53  08.02  257.0  009.26  30.713  1024.565  1478.19 
2024 06 27 16 56 25.24  31.998  07.702  0134.11  00.59  07.97  257.0  009.26  30.712  1024.566  1478.19 
2024 06 27 16 56 25.49  32.001  07.702  0134.43  00.59  07.97  257.0  009.26  30.716  1024.571  1478.20 
2024 06 27 16 56 25.74  31.998  07.703  0134.80  00.54  07.96  257.0  009.26  30.712  1024.569  1478.20 
2024 06 27 16 56 25.99  32.000  07.702  0135.07  00.55  07.83  257.0  009.26  30.714  1024.572  1478.21 
2024 06 27 16 56 26.24  32.002  07.703  0135.28  00.51  08.03  257.0  009.26  30.715  1024.574  1478.22 
2024 06 27 16 56 26.49  32.000  07.703  0135.46  00.46  07.98  257.0  009.26  30.713  1024.572  1478.22 
2024 06 27 16 56 26.74  32.004  07.703  0135.60  00.50  07.97  257.0  009.26  30.717  1024.576  1478.22 
2024 06 27 16 56 26.99  32.002  07.703  0135.70  00.51  07.97  257.0  009.26  30.715  1024.576  1478.22 
2024 06 27 16 56 27.24  31.999  07.702  0135.77  00.55  07.97  257.0  009.26  30.713  1024.574  1478.22 
2024 06 27 16 56 27.49  32.001  07.702  0135.86  00.53  07.95  257.0  009.26  30.714  1024.575  1478.22 
2024 06 27 16 56 27.74  32.003  07.702  0135.91  00.59  08.03  257.0  009.26  30.717  1024.578  1478.23 
2024 06 27 16 56 27.99  32.004  07.704  0136.01  00.64  08.03  257.0  009.26  30.716  1024.577  1478.23 
2024 06 27 16 56 28.24  32.001  07.702  0136.07  00.64  08.02  257.0  009.26  30.715  1024.577  1478.23 
2024 06 27 16 56 28.49  32.005  07.703  0136.13  00.67  08.01  257.0  009.26  30.718  1024.580  1478.24 
2024 06 27 16 56 28.74  32.005  07.705  0136.19  00.61  07.93  257.4  009.26  30.715  1024.578  1478.24 
2024 06 27 16 56 28.99  32.005  07.703  0136.29  00.47  07.94  257.4  009.26  30.717  1024.580  1478.24 
2024 06 27 16 56 29.24  32.003  07.705  0136.37  00.56  07.95  257.4  009.26  30.714  1024.578  1478.24 
2024 06 27 16 56 29.49  32.004  07.703  0136.44  00.54  07.95  257.4  009.26  30.716  1024.580  1478.24 
2024 06 27 16 56 29.74  32.005  07.703  0136.51  00.48  08.00  257.4  009.26  30.717  1024.581  1478.24 
2024 06 27 16 56 29.99  32.005  07.703  0136.60  00.50  07.99  257.4  009.26  30.717  1024.581  1478.24 
2024 06 27 16 56 30.24  32.005  07.705  0136.66  00.50  07.97  257.4  009.26  30.716  1024.580  1478.25 
2024 06 27 16 56 30.49  32.006  07.705  0136.68  00.50  07.97  257.4  009.26  30.718  1024.582  1478.25 
2024 06 27 16 56 30.74  32.005  07.703  0136.70  00.50  07.97  257.4  009.26  30.717  1024.581  1478.24 
2024 06 27 16 56 30.99  32.005  07.703  0136.68  00.56  07.97  257.4  009.26  30.718  1024.582  1478.24 
2024 06 27 16 56 31.24  32.005  07.702  0136.68  00.58  07.97  257.4  009.26  30.719  1024.583  1478.24 
2024 06 27 16 56 31.49  32.005  07.703  0136.72  00.57  07.97  257.4  009.26  30.718  1024.582  1478.25 
2024 06 27 16 56 31.74  32.004  07.704  0136.80  00.55  07.98  257.7  009.26  30.716  1024.581  1478.25 
2024 06 27 16 56 31.99  32.005  07.704  0136.88  00.53  07.98  257.7  009.26  30.717  1024.582  1478.25 
2024 06 27 16 56 32.24  32.003  07.704  0136.94  00.47  07.98  257.7  009.26  30.715  1024.581  1478.25 
2024 06 27 16 56 32.49  32.005  07.705  0136.99  00.51  07.98  257.7  009.26  30.716  1024.582  1478.25 
2024 06 27 16 56 32.74  32.005  07.703  0137.00  00.58  07.98  257.7  009.26  30.718  1024.584  1478.25 
2024 06 27 16 56 32.99  32.005  07.704  0137.06  00.53  07.98  257.7  009.26  30.717  1024.583  1478.25 
2024 06 27 16 56 33.24  32.006  07.703  0137.07  00.54  07.97  257.7  009.26  30.718  1024.584  1478.25 
2024 06 27 16 56 33.49  32.004  07.703  0137.09  00.50  07.98  257.7  009.26  30.716  1024.583  1478.25 
2024 06 27 16 56 33.74  32.004  07.704  0137.08  00.49  07.97  257.7  009.26  30.715  1024.582  1478.25 
2024 06 27 16 56 33.99  32.003  07.704  0137.05  00.58  07.98  257.7  009.26  30.715  1024.581  1478.25 
2024 06 27 16 56 34.24  32.004  07.703  0136.97  00.55  07.98  257.7  009.26  30.716  1024.582  1478.25 
2024 06 27 16 56 34.49  32.005  07.703  0136.89  00.58  07.98  257.7  009.26  30.717  1024.582  1478.25 
2024 06 27 16 56 34.74  32.003  07.704  0136.80  00.55  07.98  257.9  009.26  30.715  1024.580  1478.25 
2024 06 27 16 56 34.99  32.002  07.703  0136.74  00.53  07.98  257.9  009.26  30.715  1024.580  1478.24 
2024 06 27 16 56 35.24  32.003  07.703  0136.73  00.52  07.98  257.9  009.26  30.715  1024.580  1478.24 
2024 06 27 16 56 35.49  32.005  07.703  0136.73  00.46  07.98  257.9  009.26  30.718  1024.583  1478.24 
2024 06 27 16 56 35.74  32.003  07.704  0136.78  00.44  07.98  257.9  009.26  30.714  1024.579  1478.25 
2024 06 27 16 56 35.99  32.006  07.704  0136.83  00.48  07.98  257.9  009.26  30.718  1024.582  1478.25 
2024 06 27 16 56 36.24  32.002  07.703  0136.85  00.47  07.97  257.9  009.26  30.715  1024.580  1478.24 
2024 06 27 16 56 36.49  32.004  07.703  0136.89  00.48  07.97  257.9  009.26  30.717  1024.582  1478.24 
2024 06 27 16 56 36.74  32.003  07.705  0136.91  00.60  07.97  257.9  009.26  30.714  1024.580  1478.25 
2024 06 27 16 56 36.99  32.004  07.704  0136.92  00.56  07.97  257.9  009.26  30.716  1024.581  1478.25 
2024 06 27 16 56 37.24  32.003  07.705  0136.94  00.59  07.97  257.9  009.26  30.714  1024.580  1478.25 
2024 06 27 16 56 37.49  32.004  07.703  0136.98  00.53  07.97  257.9  009.26  30.716  1024.582  1478.25 
2024 06 27 16 56 37.74  32.005  07.703  0137.01  00.54  07.97  258.2  009.26  30.717  1024.583  1478.25 
2024 06 27 16 56 37.99  32.005  07.705  0137.07  00.55  07.97  258.2  009.26  30.716  1024.582  1478.25 
2024 06 27 16 56 38.24  32.003  07.705  0137.10  00.50  07.97  258.2  009.26  30.713  1024.580  1478.25 
2024 06 27 16 56 38.49  32.004  07.705  0137.12  00.46  07.97  258.2  009.26  30.715  1024.582  1478.25 
2024 06 27 16 56 38.74  32.004  07.703  0137.11  00.47  07.97  258.2  009.26  30.716  1024.583  1478.25 
2024 06 27 16 56 38.99  32.004  07.704  0137.14  00.44  07.97  258.2  009.26  30.715  1024.582  1478.25 
2024 06 27 16 56 39.24  32.005  07.704  0137.17  00.48  07.97  258.2  009.26  30.716  1024.582  1478.25 
2024 06 27 16 56 39.49  32.001  07.703  0137.20  00.46  07.97  258.2  009.26  30.713  1024.581  1478.25 
2024 06 27 16 56 39.74  32.004  07.703  0137.23  00.52  07.97  258.2  009.26  30.716  1024.583  1478.25 
2024 06 27 16 56 39.99  32.005  07.706  0137.26  00.52  07.97  258.2  009.26  30.714  1024.582  1478.26 
2024 06 27 16 56 40.24  32.004  07.705  0137.25  00.54  07.97  258.2  009.26  30.714  1024.582  1478.26 
2024 06 27 16 56 40.49  32.003  07.704  0137.28  00.53  07.97  258.2  009.26  30.714  1024.582  1478.25 
2024 06 27 16 56 40.74  32.006  07.704  0137.31  00.49  07.97  258.4  009.26  30.718  1024.585  1478.26 
2024 06 27 16 56 40.99  32.003  07.705  0137.33  00.50  07.96  258.4  009.26  30.714  1024.581  1478.26 
2024 06 27 16 56 41.24  32.002  07.704  0137.34  00.51  07.97  258.4  009.26  30.714  1024.582  1478.25 
2024 06 27 16 56 41.49  32.001  07.706  0137.38  00.50  07.97  258.4  009.26  30.711  1024.580  1478.26 
2024 06 27 16 56 41.74  32.005  07.705  0137.40  00.50  07.97  258.4  009.26  30.715  1024.583  1478.26 
2024 06 27 16 56 41.99  32.005  07.704  0137.44  00.55  07.97  258.4  009.26  30.716  1024.584  1478.26 
2024 06 27 16 56 42.24  32.002  07.704  0137.45  00.54  07.97  258.4  009.26  30.714  1024.582  1478.25 
2024 06 27 16 56 42.49  32.003  07.704  0137.47  00.56  07.97  258.4  009.26  30.715  1024.583  1478.25 
2024 06 27 16 56 42.74  32.005  07.704  0137.51  00.52  07.97  258.4  009.26  30.717  1024.585  1478.26 
2024 06 27 16 56 42.99  32.005  07.705  0137.52  00.52  07.97  258.4  009.26  30.716  1024.584  1478.26 
2024 06 27 16 56 43.24  32.004  07.704  0137.54  00.47  07.97  258.4  009.26  30.715  1024.583  1478.26 
2024 06 27 16 56 43.49  32.005  07.706  0137.55  00.54  07.97  258.4  009.26  30.715  1024.583  1478.27 
2024 06 27 16 56 43.74  32.003  07.706  0137.57  00.49  07.97  258.5  009.26  30.712  1024.581  1478.26 
2024 06 27 16 56 43.99  32.004  07.705  0137.60  00.54  07.97  258.5  009.26  30.715  1024.583  1478.26 
2024 06 27 16 56 44.24  32.004  07.705  0137.59  00.49  07.97  258.5  009.26  30.715  1024.583  1478.26 
2024 06 27 16 56 44.49  32.001  07.705  0137.60  00.50  07.97  258.5  009.26  30.711  1024.581  1478.26 
2024 06 27 16 56 44.74  32.002  07.702  0137.61  00.51  07.97  258.5  009.26  30.715  1024.584  1478.25 
2024 06 27 16 56 44.99  32.001  07.703  0137.62  00.50  07.97  258.5  009.26  30.713  1024.583  1478.25 
2024 06 27 16 56 45.24  32.001  07.704  0137.64  00.50  07.97  258.5  009.26  30.713  1024.582  1478.26 
2024 06 27 16 56 45.49  32.005  07.705  0137.68  00.51  07.97  258.5  009.26  30.715  1024.584  1478.26 
2024 06 27 16 56 45.74  32.003  07.705  0137.69  00.47  08.02  258.5  009.26  30.713  1024.583  1478.26 
2024 06 27 16 56 45.99  32.004  07.705  0137.73  00.49  07.97  258.5  009.26  30.714  1024.583  1478.26 
2024 06 27 16 56 46.24  32.002  07.704  0137.74  00.49  07.97  258.5  009.26  30.713  1024.583  1478.26 
2024 06 27 16 56 46.49  32.003  07.705  0137.72  00.49  07.97  258.5  009.29  30.713  1024.583  1478.26 
2024 06 27 16 56 46.74  32.004  07.705  0137.75  00.45  07.97  258.6  009.29  30.714  1024.583  1478.27 
2024 06 27 16 56 46.99  32.005  07.706  0137.77  00.45  07.96  258.6  009.26  30.714  1024.584  1478.27 
2024 06 27 16 56 47.24  32.003  07.704  0137.77  00.43  07.96  258.6  009.26  30.714  1024.584  1478.26 
2024 06 27 16 56 47.49  32.004  07.705  0137.78  00.47  07.96  258.6  009.26  30.714  1024.584  1478.26 
2024 06 27 16 56 47.74  32.005  07.705  0137.80  00.42  07.96  258.6  009.26  30.715  1024.584  1478.27 
2024 06 27 16 56 47.99  32.004  07.704  0137.81  00.43  07.96  258.6  009.26  30.715  1024.585  1478.26 
2024 06 27 16 56 48.24  32.003  07.705  0137.80  00.40  07.97  258.6  009.26  30.713  1024.583  1478.26 
2024 06 27 16 56 48.49  32.002  07.705  0137.83  00.48  07.96  258.6  009.26  30.712  1024.583  1478.26 
2024 06 27 16 56 48.74  32.002  07.705  0137.85  00.52  07.96  258.6  009.26  30.712  1024.583  1478.26 
2024 06 27 16 56 48.99  32.003  07.705  0137.89  00.53  07.96  258.6  009.26  30.713  1024.583  1478.27 
2024 06 27 16 56 49.24  32.001  07.705  0137.92  00.48  07.96  258.6  009.26  30.712  1024.583  1478.26 
2024 06 27 16 56 49.49  32.002  07.704  0137.94  00.44  07.96  258.6  009.26  30.713  1024.584  1478.26 
2024 06 27 16 56 49.74  32.002  07.704  0137.96  00.47  07.97  258.8  009.26  30.713  1024.584  1478.26 
2024 06 27 16 56 49.99  32.001  07.705  0137.96  00.48  07.97  258.8  009.26  30.711  1024.583  1478.26 
2024 06 27 16 56 50.24  32.001  07.704  0137.95  00.50  07.97  258.8  009.26  30.711  1024.583  1478.26 
2024 06 27 16 56 50.49  32.001  07.705  0137.96  00.44  07.97  258.8  009.26  30.711  1024.583  1478.26 
2024 06 27 16 56 50.74  32.002  07.705  0137.97  00.46  07.96  258.8  009.26  30.712  1024.583  1478.27 
2024 06 27 16 56 50.99  32.002  07.705  0137.97  00.47  07.95  258.8  009.26  30.712  1024.583  1478.27 
2024 06 27 16 56 51.24  32.001  07.704  0137.97  00.48  07.97  258.8  009.26  30.712  1024.583  1478.26 
2024 06 27 16 56 51.49  32.001  07.704  0137.97  00.57  07.96  258.8  009.26  30.711  1024.583  1478.26 
2024 06 27 16 56 51.74  32.001  07.705  0137.98  00.54  07.96  258.8  009.26  30.711  1024.583  1478.27 
2024 06 27 16 56 51.99  32.001  07.706  0138.00  00.46  07.97  258.8  009.26  30.710  1024.582  1478.27 
2024 06 27 16 56 52.24  32.003  07.704  0138.02  00.47  07.97  258.8  009.26  30.714  1024.585  1478.27 
2024 06 27 16 56 52.49  32.001  07.704  0138.09  00.53  07.97  258.8  009.26  30.712  1024.584  1478.26 
2024 06 27 16 56 52.74  32.001  07.705  0138.15  00.51  07.97  258.6  009.26  30.711  1024.583  1478.27 
2024 06 27 16 56 52.99  32.000  07.705  0138.22  00.55  07.97  258.6  009.26  30.710  1024.583  1478.27 
2024 06 27 16 56 53.24  32.001  07.705  0138.27  00.54  07.97  258.6  009.26  30.710  1024.583  1478.27 
2024 06 27 16 56 53.49  32.002  07.705  0138.40  00.47  07.96  258.6  009.26  30.712  1024.585  1478.27 
2024 06 27 16 56 53.74  32.003  07.706  0138.51  00.55  07.97  258.6  009.26  30.712  1024.586  1478.28 
2024 06 27 16 56 53.99  32.004  07.707  0138.61  00.52  07.94  258.6  009.26  30.712  1024.586  1478.28 
2024 06 27 16 56 54.24  32.005  07.707  0138.65  00.51  07.97  258.6  009.26  30.713  1024.586  1478.29 
2024 06 27 16 56 54.49  32.002  07.706  0138.64  00.58  07.97  258.6  009.26  30.711  1024.585  1478.28 
2024 06 27 16 56 54.74  32.005  07.705  0138.63  00.46  07.96  258.6  009.26  30.715  1024.588  1478.28 
2024 06 27 16 56 54.99  32.004  07.705  0138.61  00.49  07.97  258.6  009.26  30.714  1024.587  1478.28 
2024 06 27 16 56 55.24  32.004  07.705  0138.63  00.49  07.96  258.6  009.26  30.714  1024.587  1478.28 
2024 06 27 16 56 55.49  32.003  07.705  0138.66  00.52  07.96  258.6  009.26  30.713  1024.587  1478.28 
2024 06 27 16 56 55.74  32.004  07.706  0138.72  00.54  08.02  258.6  009.26  30.713  1024.587  1478.28 
2024 06 27 16 56 55.99  32.004  07.706  0138.77  00.49  07.96  258.6  009.26  30.713  1024.587  1478.28 
2024 06 27 16 56 56.24  32.002  07.705  0138.84  00.49  07.96  258.6  009.26  30.712  1024.587  1478.28 
2024 06 27 16 56 56.49  32.003  07.706  0138.91  00.53  07.96  258.6  009.26  30.712  1024.587  1478.28 
2024 06 27 16 56 56.74  32.005  07.706  0139.01  00.50  07.96  258.6  009.26  30.714  1024.589  1478.29 
2024 06 27 16 56 56.99  32.005  07.707  0139.06  00.50  07.96  258.6  009.26  30.714  1024.589  1478.29 
2024 06 27 16 56 57.24  32.005  07.707  0139.09  00.52  07.96  258.6  009.26  30.713  1024.589  1478.29 
2024 06 27 16 56 57.49  32.003  07.705  0139.09  00.57  08.02  258.6  009.26  30.712  1024.589  1478.29 
2024 06 27 16 56 57.74  32.005  07.705  0139.06  00.51  07.96  258.6  009.26  30.714  1024.590  1478.29 
2024 06 27 16 56 57.99  32.005  07.704  0139.02  00.60  07.96  258.6  009.26  30.715  1024.591  1478.28 
2024 06 27 16 56 58.24  32.005  07.706  0138.97  00.52  07.96  258.6  009.26  30.714  1024.590  1478.29 
2024 06 27 16 56 58.49  32.005  07.706  0138.92  00.48  07.96  258.6  009.26  30.715  1024.589  1478.29 
2024 06 27 16 56 58.74  32.005  07.704  0138.91  00.48  07.96  258.6  009.26  30.715  1024.590  1478.28 
2024 06 27 16 56 58.99  32.004  07.706  0138.91  00.54  07.96  258.6  009.26  30.713  1024.588  1478.28 
2024 06 27 16 56 59.24  32.004  07.705  0138.90  00.51  07.96  258.6  009.26  30.714  1024.589  1478.28 
2024 06 27 16 56 59.49  32.002  07.704  0138.85  00.52  07.96  258.6  009.26  30.713  1024.588  1478.28 
2024 06 27 16 56 59.74  32.003  07.706  0138.80  00.54  07.96  258.6  009.26  30.712  1024.587  1478.28 
2024 06 27 16 56 59.99  32.002  07.705  0138.72  00.54  07.96  258.6  009.26  30.712  1024.587  1478.28 
2024 06 27 16 57 00.24  32.004  07.705  0138.59  00.52  07.96  258.6  009.26  30.714  1024.588  1478.28 
2024 06 27 16 57 00.49  32.002  07.704  0138.36  00.51  07.96  258.6  009.26  30.713  1024.586  1478.27 
2024 06 27 16 57 00.74  32.003  07.703  0138.16  00.49  07.95  258.6  009.26  30.715  1024.586  1478.27 
2024 06 27 16 57 00.99  32.003  07.704  0137.99  00.48  07.90  258.6  009.26  30.715  1024.585  1478.26 
2024 06 27 16 57 01.24  32.003  07.705  0137.90  00.52  07.89  258.6  009.26  30.713  1024.583  1478.27 
2024 06 27 16 57 01.49  32.002  07.704  0137.90  00.45  07.94  258.6  009.26  30.713  1024.584  1478.26 
2024 06 27 16 57 01.74  32.001  07.705  0137.84  00.46  07.94  258.5  009.26  30.711  1024.582  1478.26 
2024 06 27 16 57 01.99  32.003  07.705  0137.65  00.51  07.94  258.5  009.26  30.713  1024.583  1478.26 
2024 06 27 16 57 02.24  32.003  07.704  0137.42  00.54  07.94  258.5  009.26  30.714  1024.582  1478.26 
2024 06 27 16 57 02.49  32.002  07.704  0137.14  00.55  07.89  258.5  009.26  30.714  1024.581  1478.25 
2024 06 27 16 57 02.74  32.001  07.703  0136.92  00.50  07.95  258.5  009.26  30.713  1024.579  1478.24 
2024 06 27 16 57 02.99  32.002  07.704  0136.65  00.57  07.90  258.5  009.26  30.714  1024.578  1478.24 
2024 06 27 16 57 03.24  32.001  07.705  0136.45  00.51  07.95  258.5  009.26  30.711  1024.575  1478.24 
2024 06 27 16 57 03.49  32.002  07.705  0136.24  00.56  07.96  258.5  009.26  30.713  1024.576  1478.24 
2024 06 27 16 57 03.74  32.001  07.704  0136.04  00.50  07.98  258.5  009.26  30.712  1024.575  1478.23 
2024 06 27 16 57 03.99  32.001  07.705  0135.83  00.53  07.98  258.5  009.26  30.713  1024.574  1478.23 
2024 06 27 16 57 04.24  32.002  07.705  0135.54  00.53  07.98  258.5  009.26  30.714  1024.573  1478.23 
2024 06 27 16 57 04.49  32.001  07.705  0135.27  00.50  07.90  258.5  009.26  30.712  1024.571  1478.22 
2024 06 27 16 57 04.74  31.999  07.703  0134.99  00.53  07.90  258.5  009.26  30.712  1024.570  1478.21 
2024 06 27 16 57 04.99  31.998  07.703  0134.72  00.49  07.91  258.5  009.26  30.712  1024.568  1478.20 
2024 06 27 16 57 05.24  32.001  07.703  0134.44  00.52  07.92  258.5  009.26  30.714  1024.568  1478.20 
2024 06 27 16 57 05.49  32.001  07.703  0134.15  00.47  07.92  258.5  009.26  30.714  1024.567  1478.20 
2024 06 27 16 57 05.74  32.000  07.704  0133.89  00.51  07.92  258.5  009.29  30.712  1024.565  1478.20 
2024 06 27 16 57 05.99  31.999  07.704  0133.61  00.55  07.93  258.5  009.26  30.712  1024.563  1478.19 
2024 06 27 16 57 06.24  31.998  07.702  0133.32  00.59  07.92  258.5  009.26  30.713  1024.563  1478.18 
2024 06 27 16 57 06.49  31.995  07.703  0133.04  00.56  07.92  258.5  009.26  30.709  1024.558  1478.17 
2024 06 27 16 57 06.74  31.996  07.704  0132.76  00.51  07.93  258.5  009.26  30.709  1024.557  1478.17 
2024 06 27 16 57 06.99  31.996  07.702  0132.48  00.53  07.93  258.5  009.26  30.711  1024.557  1478.16 
2024 06 27 16 57 07.24  31.994  07.702  0132.25  00.50  07.98  258.5  009.26  30.708  1024.554  1478.16 
2024 06 27 16 57 07.49  31.993  07.702  0131.96  00.47  07.98  258.5  009.26  30.707  1024.552  1478.15 
2024 06 27 16 57 07.74  31.994  07.702  0131.72  00.49  07.98  258.5  009.26  30.710  1024.553  1478.15 
2024 06 27 16 57 07.99  31.994  07.702  0131.54  00.55  08.04  258.5  009.26  30.709  1024.551  1478.15 
2024 06 27 16 57 08.24  31.992  07.703  0131.34  00.55  07.98  258.5  009.26  30.706  1024.549  1478.14 
2024 06 27 16 57 08.49  31.994  07.702  0131.15  00.56  07.98  258.5  009.26  30.709  1024.550  1478.14 
2024 06 27 16 57 08.74  31.991  07.702  0130.98  00.58  07.98  258.5  009.26  30.706  1024.547  1478.13 
2024 06 27 16 57 08.99  31.992  07.702  0130.79  00.62  08.03  258.5  009.26  30.707  1024.547  1478.13 
2024 06 27 16 57 09.24  31.992  07.702  0130.62  00.64  07.98  258.5  009.26  30.708  1024.546  1478.13 
2024 06 27 16 57 09.49  31.991  07.703  0130.41  00.58  07.96  258.5  009.26  30.706  1024.544  1478.13 
2024 06 27 16 57 09.74  31.991  07.702  0130.23  00.55  07.97  258.5  009.26  30.707  1024.544  1478.12 
2024 06 27 16 57 09.99  31.990  07.702  0130.00  00.50  07.97  258.5  009.26  30.706  1024.542  1478.12 
2024 06 27 16 57 10.24  31.990  07.702  0129.78  00.50  07.97  258.5  009.26  30.705  1024.541  1478.11 
2024 06 27 16 57 10.49  31.990  07.701  0129.60  00.47  07.97  258.5  009.26  30.706  1024.541  1478.11 
2024 06 27 16 57 10.74  31.989  07.701  0129.40  00.53  08.03  258.1  009.26  30.705  1024.539  1478.10 
2024 06 27 16 57 10.99  31.989  07.702  0129.20  00.58  08.03  258.1  009.26  30.705  1024.537  1478.10 
2024 06 27 16 57 11.24  31.988  07.701  0128.99  00.55  07.96  258.1  009.26  30.705  1024.536  1478.10 
2024 06 27 16 57 11.49  31.988  07.701  0128.79  00.59  07.94  258.1  009.26  30.705  1024.536  1478.09 
2024 06 27 16 57 11.74  31.989  07.702  0128.62  00.58  07.94  258.1  009.26  30.705  1024.535  1478.09 
2024 06 27 16 57 11.99  31.990  07.703  0128.43  00.57  07.94  258.1  009.26  30.705  1024.534  1478.09 
2024 06 27 16 57 12.24  31.988  07.700  0128.25  00.56  07.96  258.1  009.26  30.706  1024.534  1478.08 
2024 06 27 16 57 12.49  31.987  07.701  0128.10  00.59  08.02  258.1  009.26  30.704  1024.532  1478.08 
2024 06 27 16 57 12.74  31.988  07.700  0127.92  00.62  07.97  258.1  009.26  30.706  1024.533  1478.08 
2024 06 27 16 57 12.99  31.986  07.701  0127.75  00.55  07.97  258.1  009.26  30.703  1024.529  1478.07 
2024 06 27 16 57 13.24  31.986  07.700  0127.61  00.47  07.97  258.1  009.26  30.703  1024.529  1478.07 
2024 06 27 16 57 13.49  31.987  07.701  0127.47  00.47  07.97  258.1  009.26  30.705  1024.530  1478.07 
2024 06 27 16 57 13.74  31.987  07.700  0127.32  00.50  07.97  257.7  009.26  30.705  1024.530  1478.06 
2024 06 27 16 57 13.99  31.986  07.701  0127.16  00.63  07.97  257.7  009.26  30.704  1024.528  1478.06 
2024 06 27 16 57 14.24  31.987  07.701  0127.00  00.61  07.97  257.7  009.26  30.705  1024.528  1478.06 
2024 06 27 16 57 14.49  31.986  07.700  0126.85  00.56  07.95  257.7  009.26  30.704  1024.526  1478.06 
2024 06 27 16 57 14.74  31.987  07.701  0126.69  00.55  08.02  257.7  009.26  30.705  1024.526  1478.06 
2024 06 27 16 57 14.99  31.987  07.701  0126.53  00.53  08.00  257.7  009.26  30.705  1024.525  1478.06 
2024 06 27 16 57 15.24  31.986  07.700  0126.39  00.58  07.95  257.7  009.26  30.704  1024.524  1478.05 
2024 06 27 16 57 15.49  31.985  07.700  0126.24  00.58  07.96  257.7  009.26  30.703  1024.523  1478.05 
2024 06 27 16 57 15.74  31.986  07.700  0126.08  00.56  07.96  257.7  009.26  30.705  1024.523  1478.05 
2024 06 27 16 57 15.99  31.986  07.700  0125.92  00.52  08.01  257.7  009.26  30.704  1024.523  1478.04 
2024 06 27 16 57 16.24  31.986  07.701  0125.77  00.52  08.00  257.7  009.26  30.703  1024.521  1478.04 
2024 06 27 16 57 16.49  31.984  07.700  0125.59  00.60  07.99  257.7  009.26  30.703  1024.520  1478.03 
2024 06 27 16 57 16.74  31.985  07.701  0125.40  00.58  07.94  257.2  009.26  30.703  1024.519  1478.03 
2024 06 27 16 57 16.99  31.985  07.700  0125.19  00.58  07.99  257.2  009.26  30.704  1024.519  1478.03 
2024 06 27 16 57 17.24  31.984  07.699  0124.97  00.60  07.94  257.2  009.26  30.704  1024.518  1478.02 
2024 06 27 16 57 17.49  31.984  07.701  0124.79  00.57  07.94  257.2  009.26  30.702  1024.515  1478.02 
2024 06 27 16 57 17.74  31.985  07.700  0124.61  00.58  07.94  257.2  009.26  30.704  1024.516  1478.02 
2024 06 27 16 57 17.99  31.984  07.700  0124.39  00.53  07.94  257.2  009.26  30.703  1024.514  1478.02 
2024 06 27 16 57 18.24  31.983  07.700  0124.24  00.57  07.95  257.2  009.26  30.703  1024.513  1478.01 
2024 06 27 16 57 18.49  31.983  07.701  0124.07  00.58  07.95  257.2  009.26  30.702  1024.512  1478.01 
2024 06 27 16 57 18.74  31.984  07.700  0123.98  00.54  07.99  257.2  009.26  30.703  1024.513  1478.01 
2024 06 27 16 57 18.99  31.983  07.700  0123.83  00.55  08.03  257.2  009.26  30.703  1024.512  1478.00 
2024 06 27 16 57 19.24  31.982  07.700  0123.68  00.51  08.00  257.2  009.26  30.702  1024.511  1478.00 
2024 06 27 16 57 19.49  31.982  07.699  0123.52  00.44  08.00  257.2  009.26  30.703  1024.510  1478.00 
2024 06 27 16 57 19.74  31.982  07.700  0123.30  00.49  07.95  256.9  009.26  30.702  1024.509  1478.00 
2024 06 27 16 57 19.99  31.982  07.700  0123.14  00.47  07.96  256.9  009.26  30.701  1024.507  1477.99 
2024 06 27 16 57 20.24  31.982  07.699  0123.00  00.55  07.95  256.9  009.26  30.702  1024.507  1477.99 
2024 06 27 16 57 20.49  31.979  07.699  0122.85  00.55  07.94  256.9  009.26  30.700  1024.505  1477.98 
2024 06 27 16 57 20.74  31.978  07.699  0122.72  00.55  08.00  256.9  009.26  30.699  1024.504  1477.98 
2024 06 27 16 57 20.99  31.978  07.698  0122.55  00.56  07.94  256.9  009.26  30.699  1024.503  1477.97 
2024 06 27 16 57 21.24  31.978  07.698  0122.40  00.52  07.95  256.9  009.26  30.699  1024.503  1477.97 
2024 06 27 16 57 21.49  31.978  07.696  0122.24  00.55  07.96  256.9  009.26  30.701  1024.504  1477.96 
2024 06 27 16 57 21.74  31.978  07.697  0122.07  00.55  07.96  256.9  009.26  30.701  1024.502  1477.96 
2024 06 27 16 57 21.99  31.976  07.696  0121.90  00.50  07.96  256.9  009.26  30.699  1024.501  1477.96 
2024 06 27 16 57 22.24  31.974  07.697  0121.71  00.58  08.00  256.9  009.26  30.697  1024.498  1477.95 
2024 06 27 16 57 22.49  31.974  07.696  0121.54  00.52  07.99  256.9  009.26  30.698  1024.498  1477.95 
2024 06 27 16 57 22.74  31.974  07.696  0121.38  00.54  07.98  256.7  009.26  30.698  1024.498  1477.94 
2024 06 27 16 57 22.99  31.975  07.697  0121.22  00.57  07.91  256.7  009.26  30.698  1024.497  1477.94 
2024 06 27 16 57 23.24  31.974  07.696  0121.06  00.58  07.94  256.7  009.26  30.698  1024.496  1477.94 
2024 06 27 16 57 23.49  31.974  07.696  0120.91  00.53  07.93  256.7  009.26  30.697  1024.495  1477.94 
2024 06 27 16 57 23.74  31.974  07.696  0120.76  00.59  07.93  256.7  009.26  30.698  1024.495  1477.93 
2024 06 27 16 57 23.99  31.974  07.696  0120.57  00.57  07.93  256.7  009.26  30.698  1024.494  1477.93 
2024 06 27 16 57 24.24  31.974  07.696  0120.35  00.59  07.94  256.7  009.26  30.698  1024.492  1477.93 
2024 06 27 16 57 24.49  31.973  07.695  0120.20  00.56  07.94  256.7  009.26  30.698  1024.492  1477.92 
2024 06 27 16 57 24.74  31.973  07.693  0120.01  00.60  07.98  256.7  009.26  30.700  1024.493  1477.91 
2024 06 27 16 57 24.99  31.971  07.693  0119.84  00.60  07.98  256.7  009.26  30.698  1024.491  1477.91 
2024 06 27 16 57 25.24  31.970  07.692  0119.62  00.55  07.93  256.7  009.26  30.698  1024.490  1477.90 
2024 06 27 16 57 25.49  31.969  07.691  0119.43  00.61  07.93  256.7  009.26  30.697  1024.488  1477.89 
2024 06 27 16 57 25.74  31.967  07.689  0119.21  00.63  07.93  256.8  009.26  30.698  1024.488  1477.88 
2024 06 27 16 57 25.99  31.967  07.690  0119.01  00.63  07.93  256.8  009.26  30.697  1024.486  1477.88 
2024 06 27 16 57 26.24  31.967  07.690  0118.87  00.55  07.99  256.8  009.26  30.697  1024.485  1477.88 
2024 06 27 16 57 26.49  31.967  07.689  0118.74  00.54  07.99  256.8  009.26  30.698  1024.486  1477.87 
2024 06 27 16 57 26.74  31.968  07.690  0118.61  00.60  07.90  256.8  009.26  30.697  1024.485  1477.88 
2024 06 27 16 57 26.99  31.967  07.690  0118.43  00.58  07.94  256.8  009.26  30.697  1024.484  1477.87 
2024 06 27 16 57 27.24  31.966  07.689  0118.26  00.58  07.94  256.8  009.26  30.696  1024.482  1477.87 
2024 06 27 16 57 27.49  31.966  07.689  0118.04  00.57  07.94  256.8  009.26  30.697  1024.482  1477.86 
2024 06 27 16 57 27.74  31.962  07.685  0117.82  00.51  07.94  256.8  009.26  30.695  1024.480  1477.84 
2024 06 27 16 57 27.99  31.962  07.686  0117.57  00.54  08.00  256.8  009.26  30.696  1024.480  1477.84 
2024 06 27 16 57 28.24  31.962  07.686  0117.32  00.55  07.94  256.8  009.23  30.696  1024.478  1477.84 
2024 06 27 16 57 28.49  31.962  07.686  0117.11  00.54  07.94  256.8  009.26  30.695  1024.476  1477.83 
2024 06 27 16 57 28.74  31.963  07.687  0116.88  00.53  07.94  257.0  009.26  30.696  1024.476  1477.83 
2024 06 27 16 57 28.99  31.962  07.686  0116.64  00.58  07.92  257.0  009.26  30.695  1024.475  1477.83 
2024 06 27 16 57 29.24  31.961  07.686  0116.45  00.54  07.94  257.0  009.26  30.695  1024.474  1477.82 
2024 06 27 16 57 29.49  31.960  07.684  0116.23  00.53  07.94  257.0  009.26  30.695  1024.473  1477.81 
2024 06 27 16 57 29.74  31.959  07.684  0116.01  00.57  07.94  257.0  009.26  30.695  1024.472  1477.81 
2024 06 27 16 57 29.99  31.960  07.683  0115.78  00.56  08.00  257.0  009.26  30.697  1024.472  1477.80 
2024 06 27 16 57 30.24  31.959  07.684  0115.61  00.58  08.00  257.0  009.26  30.695  1024.470  1477.80 
2024 06 27 16 57 30.49  31.958  07.684  0115.45  00.56  07.94  257.0  009.26  30.694  1024.469  1477.80 
2024 06 27 16 57 30.74  31.958  07.683  0115.22  00.55  07.99  257.0  009.26  30.695  1024.468  1477.79 
2024 06 27 16 57 30.99  31.958  07.685  0114.94  00.58  07.99  257.0  009.26  30.693  1024.465  1477.79 
2024 06 27 16 57 31.24  31.958  07.683  0114.69  00.54  07.96  257.0  009.26  30.695  1024.466  1477.78 
2024 06 27 16 57 31.49  31.958  07.682  0114.40  00.59  07.93  257.0  009.26  30.696  1024.465  1477.77 
2024 06 27 16 57 31.74  31.957  07.682  0114.12  00.57  07.94  257.3  009.26  30.695  1024.463  1477.77 
2024 06 27 16 57 31.99  31.956  07.682  0113.82  00.52  07.99  257.3  009.26  30.694  1024.462  1477.76 
2024 06 27 16 57 32.24  31.955  07.681  0113.51  00.52  07.93  257.3  009.26  30.693  1024.460  1477.75 
2024 06 27 16 57 32.49  31.955  07.682  0113.23  00.57  07.87  257.3  009.26  30.693  1024.458  1477.75 
2024 06 27 16 57 32.74  31.956  07.682  0112.98  00.59  07.94  257.3  009.26  30.695  1024.458  1477.75 
2024 06 27 16 57 32.99  31.955  07.682  0112.75  00.57  08.00  257.3  009.26  30.694  1024.456  1477.74 
2024 06 27 16 57 33.24  31.955  07.683  0112.47  00.57  07.91  257.3  009.26  30.693  1024.454  1477.74 
2024 06 27 16 57 33.49  31.955  07.682  0112.21  00.57  07.96  257.3  009.26  30.694  1024.453  1477.74 
2024 06 27 16 57 33.74  31.955  07.682  0111.93  00.58  08.00  257.3  009.26  30.695  1024.453  1477.73 
2024 06 27 16 57 33.99  31.955  07.682  0111.69  00.57  08.04  257.3  009.26  30.694  1024.451  1477.73 
2024 06 27 16 57 34.24  31.955  07.682  0111.43  00.59  07.96  257.3  009.26  30.694  1024.450  1477.72 
2024 06 27 16 57 34.49  31.956  07.682  0111.18  00.50  07.98  257.3  009.26  30.696  1024.450  1477.72 
2024 06 27 16 57 34.74  31.955  07.682  0110.92  00.57  07.95  257.9  009.26  30.694  1024.448  1477.72 
2024 06 27 16 57 34.99  31.954  07.682  0110.68  00.61  07.99  257.9  009.26  30.693  1024.446  1477.71 
2024 06 27 16 57 35.24  31.954  07.681  0110.42  00.62  07.95  257.9  009.26  30.694  1024.446  1477.71 
2024 06 27 16 57 35.49  31.954  07.682  0110.16  00.59  07.95  257.9  009.26  30.693  1024.444  1477.70 
2024 06 27 16 57 35.74  31.955  07.684  0109.95  00.56  07.95  257.9  009.26  30.694  1024.443  1477.71 
2024 06 27 16 57 35.99  31.955  07.682  0109.68  00.57  08.01  257.9  009.26  30.694  1024.443  1477.70 
2024 06 27 16 57 36.24  31.954  07.683  0109.49  00.58  07.98  257.9  009.26  30.693  1024.441  1477.69 
2024 06 27 16 57 36.49  31.955  07.684  0109.22  00.58  07.88  257.9  009.26  30.693  1024.439  1477.69 
2024 06 27 16 57 36.74  31.955  07.683  0108.99  00.57  07.92  257.9  009.26  30.694  1024.439  1477.69 
2024 06 27 16 57 36.99  31.955  07.683  0108.75  00.58  07.89  257.9  009.26  30.694  1024.438  1477.69 
2024 06 27 16 57 37.24  31.954  07.683  0108.47  00.62  08.01  257.9  009.26  30.693  1024.436  1477.68 
2024 06 27 16 57 37.49  31.956  07.683  0108.27  00.62  07.92  257.9  009.26  30.696  1024.437  1477.68 
2024 06 27 16 57 37.74  31.953  07.683  0108.03  00.56  07.92  257.9  009.26  30.693  1024.434  1477.67 
2024 06 27 16 57 37.99  31.954  07.683  0107.80  00.56  07.93  257.9  009.26  30.693  1024.433  1477.67 
2024 06 27 16 57 38.24  31.955  07.683  0107.60  00.56  07.99  257.9  009.26  30.694  1024.433  1477.67 
2024 06 27 16 57 38.49  31.954  07.683  0107.37  00.55  07.96  257.9  009.26  30.694  1024.431  1477.66 
2024 06 27 16 57 38.74  31.954  07.684  0107.17  00.58  07.98  257.9  009.26  30.693  1024.430  1477.66 
2024 06 27 16 57 38.99  31.953  07.683  0106.91  00.54  07.92  257.9  009.26  30.693  1024.429  1477.65 
2024 06 27 16 57 39.24  31.953  07.683  0106.65  00.58  07.93  257.9  009.26  30.693  1024.427  1477.65 
2024 06 27 16 57 39.49  31.953  07.684  0106.38  00.53  07.93  257.9  009.26  30.693  1024.426  1477.65 
2024 06 27 16 57 39.74  31.952  07.682  0106.13  00.51  07.99  257.9  009.26  30.693  1024.426  1477.64 
2024 06 27 16 57 39.99  31.954  07.682  0105.92  00.51  07.99  257.9  009.26  30.695  1024.426  1477.64 
2024 06 27 16 57 40.24  31.953  07.684  0105.71  00.52  07.98  257.9  009.26  30.693  1024.423  1477.64 
2024 06 27 16 57 40.49  31.952  07.683  0105.51  00.55  07.94  257.9  009.26  30.693  1024.422  1477.63 
2024 06 27 16 57 40.74  31.951  07.682  0105.31  00.59  07.94  258.1  009.26  30.693  1024.421  1477.62 
2024 06 27 16 57 40.99  31.951  07.683  0105.09  00.64  07.99  258.1  009.26  30.691  1024.419  1477.62 
2024 06 27 16 57 41.24  31.951  07.683  0104.82  00.59  07.99  258.1  009.26  30.693  1024.419  1477.62 
2024 06 27 16 57 41.49  31.951  07.682  0104.61  00.55  07.91  258.1  009.26  30.693  1024.418  1477.61 
2024 06 27 16 57 41.74  31.951  07.682  0104.37  00.62  07.92  258.1  009.26  30.693  1024.417  1477.61 
2024 06 27 16 57 41.99  31.950  07.682  0104.11  00.60  07.91  258.1  009.26  30.692  1024.415  1477.60 
2024 06 27 16 57 42.24  31.949  07.681  0103.86  00.59  07.94  258.1  009.26  30.692  1024.414  1477.60 
2024 06 27 16 57 42.49  31.951  07.682  0103.63  00.64  07.96  258.1  009.26  30.693  1024.413  1477.60 
2024 06 27 16 57 42.74  31.949  07.681  0103.43  00.60  07.99  258.1  009.26  30.692  1024.412  1477.59 
2024 06 27 16 57 42.99  31.949  07.682  0103.19  00.59  07.96  258.1  009.26  30.691  1024.410  1477.59 
2024 06 27 16 57 43.24  31.949  07.681  0102.98  00.61  07.94  258.1  009.26  30.692  1024.410  1477.58 
2024 06 27 16 57 43.49  31.947  07.681  0102.73  00.59  07.94  258.1  009.26  30.691  1024.408  1477.58 
2024 06 27 16 57 43.74  31.947  07.681  0102.42  00.54  07.99  258.4  009.26  30.691  1024.407  1477.57 
2024 06 27 16 57 43.99  31.946  07.680  0102.19  00.57  07.99  258.4  009.26  30.690  1024.405  1477.56 
2024 06 27 16 57 44.24  31.946  07.680  0101.89  00.66  07.84  258.4  009.26  30.690  1024.403  1477.56 
2024 06 27 16 57 44.49  31.945  07.680  0101.68  00.62  07.94  258.4  009.26  30.690  1024.402  1477.55 
2024 06 27 16 57 44.74  31.944  07.680  0101.44  00.61  07.92  258.4  009.26  30.689  1024.401  1477.55 
2024 06 27 16 57 44.99  31.946  07.679  0101.18  00.64  07.94  258.4  009.26  30.691  1024.401  1477.54 
2024 06 27 16 57 45.24  31.944  07.679  0100.97  00.61  07.97  258.4  009.26  30.690  1024.399  1477.54 
2024 06 27 16 57 45.49  31.942  07.677  0100.71  00.58  08.00  258.4  009.26  30.689  1024.398  1477.53 
2024 06 27 16 57 45.74  31.942  07.679  0100.44  00.58  08.01  258.4  009.26  30.688  1024.395  1477.53 
2024 06 27 16 57 45.99  31.943  07.678  0100.20  00.58  07.99  258.4  009.26  30.689  1024.395  1477.52 
2024 06 27 16 57 46.24  31.942  07.678  0099.97  00.57  07.89  258.4  009.26  30.689  1024.394  1477.52 
2024 06 27 16 57 46.49  31.942  07.679  0099.74  00.61  07.94  258.4  009.26  30.688  1024.393  1477.51 
2024 06 27 16 57 46.74  31.941  07.678  0099.54  00.64  07.99  258.4  009.26  30.688  1024.391  1477.51 
2024 06 27 16 57 46.99  31.939  07.678  0099.28  00.60  07.95  258.4  009.26  30.687  1024.390  1477.50 
2024 06 27 16 57 47.24  31.940  07.678  0099.02  00.62  07.90  258.4  009.29  30.687  1024.389  1477.50 
2024 06 27 16 57 47.49  31.940  07.679  0098.77  00.62  07.90  258.4  009.26  30.686  1024.387  1477.50 
2024 06 27 16 57 47.74  31.943  07.678  0098.53  00.58  07.99  258.4  009.26  30.690  1024.389  1477.49 
2024 06 27 16 57 47.99  31.941  07.677  0098.27  00.57  07.91  258.4  009.26  30.689  1024.387  1477.49 
2024 06 27 16 57 48.24  31.940  07.678  0098.01  00.54  07.95  258.4  009.26  30.688  1024.384  1477.48 
2024 06 27 16 57 48.49  31.940  07.678  0097.77  00.57  07.94  258.4  009.26  30.687  1024.383  1477.48 
2024 06 27 16 57 48.74  31.940  07.678  0097.48  00.55  07.93  258.4  009.26  30.688  1024.382  1477.48 
2024 06 27 16 57 48.99  31.941  07.678  0097.21  00.54  07.98  258.4  009.26  30.689  1024.382  1477.47 
2024 06 27 16 57 49.24  31.940  07.678  0096.98  00.59  07.92  258.4  009.26  30.688  1024.380  1477.47 
2024 06 27 16 57 49.49  31.940  07.678  0096.73  00.59  07.89  258.4  009.26  30.689  1024.379  1477.46 
2024 06 27 16 57 49.74  31.939  07.678  0096.49  00.60  07.96  258.6  009.26  30.687  1024.377  1477.46 
2024 06 27 16 57 49.99  31.940  07.678  0096.21  00.63  07.95  258.6  009.26  30.689  1024.377  1477.45 
2024 06 27 16 57 50.24  31.939  07.677  0095.91  00.63  07.88  258.6  009.26  30.687  1024.374  1477.45 
2024 06 27 16 57 50.49  31.939  07.678  0095.66  00.58  07.92  258.6  009.26  30.687  1024.373  1477.45 
2024 06 27 16 57 50.74  31.938  07.678  0095.35  00.61  07.94  258.6  009.26  30.686  1024.371  1477.44 
2024 06 27 16 57 50.99  31.938  07.677  0095.10  00.62  07.92  258.6  009.26  30.688  1024.371  1477.43 
2024 06 27 16 57 51.24  31.937  07.677  0094.81  00.62  08.00  258.6  009.26  30.686  1024.369  1477.43 
2024 06 27 16 57 51.49  31.937  07.677  0094.51  00.57  07.97  258.6  009.26  30.687  1024.368  1477.42 
2024 06 27 16 57 51.74  31.936  07.677  0094.22  00.59  07.94  258.6  009.26  30.686  1024.366  1477.42 
2024 06 27 16 57 51.99  31.936  07.676  0093.88  00.59  07.94  258.6  009.26  30.687  1024.365  1477.41 
2024 06 27 16 57 52.24  31.935  07.676  0093.54  00.67  08.03  258.6  009.26  30.686  1024.363  1477.40 
2024 06 27 16 57 52.49  31.935  07.676  0093.25  00.59  07.94  258.6  009.26  30.687  1024.362  1477.40 
2024 06 27 16 57 52.74  31.935  07.676  0092.94  00.60  07.88  258.5  009.26  30.687  1024.360  1477.39 
2024 06 27 16 57 52.99  31.935  07.677  0092.66  00.56  07.90  258.5  009.26  30.685  1024.358  1477.39 
2024 06 27 16 57 53.24  31.934  07.676  0092.35  00.60  07.97  258.5  009.26  30.685  1024.356  1477.38 
2024 06 27 16 57 53.49  31.933  07.676  0092.06  00.55  08.00  258.5  009.26  30.684  1024.354  1477.38 
2024 06 27 16 57 53.74  31.933  07.676  0091.82  00.58  07.95  258.5  009.26  30.685  1024.354  1477.37 
2024 06 27 16 57 53.99  31.934  07.677  0091.56  00.56  07.96  258.5  009.26  30.685  1024.353  1477.37 
2024 06 27 16 57 54.24  31.933  07.676  0091.29  00.54  07.99  258.5  009.26  30.685  1024.352  1477.36 
2024 06 27 16 57 54.49  31.934  07.676  0090.98  00.55  07.90  258.5  009.26  30.686  1024.351  1477.36 
2024 06 27 16 57 54.74  31.933  07.676  0090.65  00.61  07.94  258.5  009.26  30.685  1024.349  1477.35 
2024 06 27 16 57 54.99  31.932  07.676  0090.36  00.63  08.03  258.5  009.26  30.684  1024.347  1477.35 
2024 06 27 16 57 55.24  31.932  07.674  0090.07  00.62  07.92  258.5  009.26  30.686  1024.347  1477.34 
2024 06 27 16 57 55.49  31.933  07.675  0089.81  00.60  07.96  258.5  009.26  30.687  1024.346  1477.34 
2024 06 27 16 57 55.74  31.932  07.675  0089.57  00.58  07.86  258.3  009.26  30.685  1024.344  1477.33 
2024 06 27 16 57 55.99  31.932  07.675  0089.31  00.58  07.95  258.3  009.26  30.686  1024.343  1477.33 
2024 06 27 16 57 56.24  31.931  07.675  0089.10  00.55  07.92  258.3  009.26  30.684  1024.341  1477.32 
2024 06 27 16 57 56.49  31.931  07.676  0088.84  00.55  08.01  258.3  009.26  30.684  1024.340  1477.32 
2024 06 27 16 57 56.74  31.931  07.675  0088.59  00.56  08.00  258.3  009.26  30.685  1024.339  1477.32 
2024 06 27 16 57 56.99  31.931  07.675  0088.34  00.59  07.91  258.3  009.26  30.684  1024.338  1477.31 
2024 06 27 16 57 57.24  31.932  07.676  0088.14  00.61  07.95  258.3  009.26  30.686  1024.338  1477.31 
2024 06 27 16 57 57.49  31.931  07.676  0087.91  00.55  07.97  258.3  009.26  30.685  1024.336  1477.31 
2024 06 27 16 57 57.74  31.931  07.675  0087.65  00.57  07.93  258.3  009.26  30.685  1024.335  1477.30 
2024 06 27 16 57 57.99  31.932  07.675  0087.38  00.59  07.97  258.3  009.26  30.686  1024.335  1477.30 
2024 06 27 16 57 58.24  31.931  07.674  0087.12  00.63  07.97  258.3  009.26  30.686  1024.333  1477.29 
2024 06 27 16 57 58.49  31.931  07.675  0086.85  00.55  07.90  258.3  009.26  30.686  1024.332  1477.29 
2024 06 27 16 57 58.74  31.931  07.675  0086.59  00.54  07.99  258.5  009.26  30.685  1024.330  1477.29 
2024 06 27 16 57 58.99  31.931  07.675  0086.29  00.54  07.90  258.5  009.26  30.685  1024.329  1477.28 
2024 06 27 16 57 59.24  31.931  07.676  0086.00  00.53  07.91  258.5  009.26  30.684  1024.327  1477.28 
2024 06 27 16 57 59.49  31.930  07.677  0085.75  00.55  07.94  258.5  009.26  30.683  1024.325  1477.28 
2024 06 27 16 57 59.74  31.931  07.677  0085.47  00.53  07.91  258.5  009.26  30.685  1024.325  1477.27 
2024 06 27 16 57 59.99  31.934  07.677  0085.24  00.56  08.00  258.5  009.26  30.687  1024.325  1477.27 
2024 06 27 16 58 00.24  31.932  07.677  0085.01  00.56  08.00  258.5  009.26  30.685  1024.323  1477.27 
2024 06 27 16 58 00.49  31.932  07.678  0084.79  00.60  07.94  258.5  009.26  30.685  1024.322  1477.27 
2024 06 27 16 58 00.74  31.932  07.679  0084.57  00.59  07.81  258.5  009.26  30.684  1024.320  1477.27 
2024 06 27 16 58 00.99  31.932  07.679  0084.27  00.54  07.99  258.5  009.26  30.684  1024.318  1477.26 
2024 06 27 16 58 01.24  31.933  07.679  0084.05  00.59  07.95  258.5  009.26  30.685  1024.318  1477.26 
2024 06 27 16 58 01.49  31.932  07.678  0083.82  00.57  07.99  258.5  009.26  30.686  1024.318  1477.25 
2024 06 27 16 58 01.74  31.934  07.678  0083.57  00.57  07.94  258.4  009.26  30.687  1024.318  1477.25 
2024 06 27 16 58 01.99  31.932  07.678  0083.34  00.57  07.93  258.4  009.26  30.686  1024.315  1477.24 
2024 06 27 16 58 02.24  31.932  07.679  0083.11  00.53  07.93  258.4  009.26  30.685  1024.314  1477.24 
2024 06 27 16 58 02.49  31.932  07.680  0082.87  00.55  07.96  258.4  009.26  30.684  1024.312  1477.24 
2024 06 27 16 58 02.74  31.932  07.680  0082.62  00.57  07.93  258.4  009.26  30.685  1024.311  1477.24 
2024 06 27 16 58 02.99  31.932  07.680  0082.37  00.55  07.89  258.4  009.26  30.684  1024.309  1477.23 
2024 06 27 16 58 03.24  31.931  07.679  0082.14  00.58  07.94  258.4  009.26  30.685  1024.309  1477.23 
2024 06 27 16 58 03.49  31.931  07.679  0081.89  00.55  07.87  258.4  009.26  30.684  1024.307  1477.22 
2024 06 27 16 58 03.74  31.931  07.677  0081.67  00.61  07.98  258.4  009.26  30.685  1024.307  1477.21 
2024 06 27 16 58 03.99  31.931  07.678  0081.44  00.50  07.93  258.4  009.26  30.685  1024.306  1477.21 
2024 06 27 16 58 04.24  31.929  07.678  0081.22  00.55  07.93  258.4  009.26  30.683  1024.304  1477.21 
2024 06 27 16 58 04.49  31.929  07.677  0080.98  00.62  08.03  258.4  009.26  30.685  1024.304  1477.20 
2024 06 27 16 58 04.74  31.929  07.677  0080.71  00.65  07.98  258.2  009.26  30.684  1024.302  1477.20 
2024 06 27 16 58 04.99  31.929  07.676  0080.47  00.58  07.94  258.2  009.26  30.685  1024.302  1477.19 
2024 06 27 16 58 05.24  31.929  07.676  0080.23  00.57  07.89  258.2  009.26  30.685  1024.301  1477.19 
2024 06 27 16 58 05.49  31.928  07.677  0079.98  00.59  07.84  258.2  009.26  30.684  1024.299  1477.18 
2024 06 27 16 58 05.74  31.927  07.676  0079.66  00.57  07.89  258.2  009.26  30.684  1024.297  1477.18 
2024 06 27 16 58 05.99  31.927  07.677  0079.42  00.57  07.93  258.2  009.26  30.683  1024.295  1477.17 
2024 06 27 16 58 06.24  31.927  07.676  0079.18  00.56  07.93  258.2  009.26  30.684  1024.295  1477.17 
2024 06 27 16 58 06.49  31.927  07.677  0078.98  00.58  07.97  258.2  009.26  30.684  1024.294  1477.17 
2024 06 27 16 58 06.74  31.928  07.676  0078.73  00.59  07.97  258.2  009.26  30.685  1024.294  1477.16 
2024 06 27 16 58 06.99  31.925  07.675  0078.49  00.59  07.99  258.2  009.26  30.683  1024.291  1477.15 
2024 06 27 16 58 07.24  31.926  07.676  0078.28  00.58  07.98  258.2  009.26  30.683  1024.291  1477.15 
2024 06 27 16 58 07.49  31.926  07.676  0078.03  00.62  08.02  258.2  009.26  30.683  1024.290  1477.15 
2024 06 27 16 58 07.74  31.924  07.675  0077.77  00.57  07.91  258.4  009.26  30.682  1024.287  1477.14 
2024 06 27 16 58 07.99  31.923  07.675  0077.52  00.57  07.87  258.4  009.26  30.682  1024.286  1477.13 
2024 06 27 16 58 08.24  31.924  07.676  0077.28  00.57  07.92  258.4  009.26  30.682  1024.285  1477.13 
2024 06 27 16 58 08.49  31.924  07.675  0077.05  00.58  07.98  258.4  009.26  30.683  1024.284  1477.13 
2024 06 27 16 58 08.74  31.924  07.675  0076.80  00.60  07.99  258.4  009.26  30.683  1024.284  1477.12 
2024 06 27 16 58 08.99  31.923  07.675  0076.60  00.62  07.91  258.4  009.26  30.682  1024.282  1477.12 
2024 06 27 16 58 09.24  31.923  07.675  0076.34  00.60  07.94  258.4  009.26  30.683  1024.281  1477.11 
2024 06 27 16 58 09.49  31.923  07.674  0076.11  00.58  07.97  258.4  009.26  30.683  1024.280  1477.11 
2024 06 27 16 58 09.74  31.923  07.675  0075.84  00.62  07.94  258.4  009.26  30.683  1024.279  1477.11 
2024 06 27 16 58 09.99  31.923  07.673  0075.58  00.61  07.98  258.4  009.26  30.684  1024.279  1477.10 
2024 06 27 16 58 10.24  31.922  07.674  0075.35  00.62  07.97  258.4  009.26  30.682  1024.276  1477.09 
2024 06 27 16 58 10.49  31.923  07.673  0075.11  00.55  07.91  258.4  009.26  30.683  1024.276  1477.09 
2024 06 27 16 58 10.74  31.919  07.673  0074.87  00.59  07.93  258.3  009.26  30.681  1024.273  1477.08 
2024 06 27 16 58 10.99  31.920  07.673  0074.63  00.59  07.93  258.3  009.26  30.681  1024.272  1477.08 
2024 06 27 16 58 11.24  31.919  07.671  0074.33  00.63  07.95  258.3  009.26  30.682  1024.272  1477.07 
2024 06 27 16 58 11.49  31.920  07.673  0074.09  00.60  07.91  258.3  009.26  30.681  1024.270  1477.07 
2024 06 27 16 58 11.74  31.919  07.671  0073.83  00.64  08.00  258.3  009.26  30.682  1024.270  1477.06 
2024 06 27 16 58 11.99  31.917  07.671  0073.56  00.59  07.95  258.3  009.26  30.680  1024.267  1477.05 
2024 06 27 16 58 12.24  31.918  07.671  0073.29  00.60  07.91  258.3  009.26  30.681  1024.266  1477.05 
2024 06 27 16 58 12.49  31.917  07.671  0072.97  00.61  07.86  258.3  009.26  30.681  1024.265  1477.04 
2024 06 27 16 58 12.74  31.916  07.670  0072.68  00.57  08.02  258.3  009.26  30.681  1024.264  1477.03 
2024 06 27 16 58 12.99  31.916  07.670  0072.51  00.59  07.97  258.3  009.26  30.681  1024.263  1477.03 
2024 06 27 16 58 13.24  31.916  07.669  0072.48  00.55  07.94  258.3  009.26  30.682  1024.264  1477.03 
2024 06 27 16 58 13.49  31.916  07.670  0072.52  00.56  07.93  258.3  009.26  30.680  1024.262  1477.03 
2024 06 27 16 58 13.74  31.916  07.670  0072.58  00.62  07.93  258.3  009.26  30.681  1024.263  1477.03 
2024 06 27 16 58 13.99  31.916  07.668  0072.64  00.58  07.93  258.3  009.29  30.682  1024.265  1477.03 
2024 06 27 16 58 14.24  31.916  07.670  0072.59  00.59  07.93  258.3  009.26  30.680  1024.263  1477.03 
2024 06 27 16 58 14.49  31.916  07.668  0072.36  00.57  07.93  258.3  009.26  30.681  1024.263  1477.02 
2024 06 27 16 58 14.74  31.917  07.669  0072.07  00.62  07.93  258.3  009.26  30.682  1024.262  1477.02 
2024 06 27 16 58 14.99  31.916  07.668  0071.75  00.55  07.93  258.3  009.26  30.682  1024.260  1477.01 
2024 06 27 16 58 15.24  31.916  07.669  0071.37  00.55  07.89  258.3  009.26  30.681  1024.258  1477.01 
2024 06 27 16 58 15.49  31.915  07.666  0071.10  00.59  07.93  258.3  009.26  30.683  1024.259  1477.00 
2024 06 27 16 58 15.74  31.912  07.666  0070.84  00.61  07.88  258.3  009.26  30.680  1024.255  1476.99 
2024 06 27 16 58 15.99  31.914  07.666  0070.62  00.59  07.90  258.3  009.26  30.682  1024.256  1476.99 
2024 06 27 16 58 16.24  31.912  07.666  0070.40  00.56  07.91  258.3  009.26  30.680  1024.254  1476.98 
2024 06 27 16 58 16.49  31.912  07.665  0070.20  00.62  07.96  258.3  009.26  30.681  1024.253  1476.98 
2024 06 27 16 58 16.74  31.910  07.665  0069.96  00.58  07.93  258.5  009.26  30.679  1024.251  1476.97 
2024 06 27 16 58 16.99  31.911  07.666  0069.77  00.50  07.91  258.5  009.29  30.680  1024.250  1476.97 
2024 06 27 16 58 17.24  31.910  07.666  0069.51  00.59  07.91  258.5  009.26  30.679  1024.248  1476.97 
2024 06 27 16 58 17.49  31.910  07.665  0069.30  00.52  07.95  258.5  009.26  30.679  1024.248  1476.96 
2024 06 27 16 58 17.74  31.912  07.666  0069.05  00.56  07.95  258.5  009.26  30.681  1024.248  1476.96 
2024 06 27 16 58 17.99  31.910  07.666  0068.86  00.61  07.90  258.5  009.26  30.679  1024.245  1476.95 
2024 06 27 16 58 18.24  31.909  07.666  0068.67  00.59  07.82  258.5  009.26  30.679  1024.244  1476.95 
2024 06 27 16 58 18.49  31.909  07.664  0068.50  00.62  07.92  258.5  009.26  30.680  1024.245  1476.94 
2024 06 27 16 58 18.74  31.911  07.664  0068.31  00.55  07.98  258.5  009.26  30.682  1024.245  1476.94 
2024 06 27 16 58 18.99  31.910  07.665  0068.12  00.67  07.96  258.5  009.26  30.680  1024.243  1476.94 
2024 06 27 16 58 19.24  31.908  07.665  0067.95  00.60  07.94  258.5  009.26  30.678  1024.241  1476.94 
2024 06 27 16 58 19.49  31.909  07.665  0067.70  00.61  07.98  258.5  009.26  30.680  1024.241  1476.93 
2024 06 27 16 58 19.74  31.910  07.664  0067.45  00.57  07.96  258.5  009.26  30.681  1024.241  1476.93 
2024 06 27 16 58 19.99  31.908  07.666  0067.26  00.58  07.91  258.5  009.26  30.678  1024.237  1476.93 
2024 06 27 16 58 20.24  31.908  07.665  0067.06  00.58  07.85  258.5  009.26  30.679  1024.237  1476.92 
2024 06 27 16 58 20.49  31.908  07.665  0066.87  00.55  07.89  258.5  009.26  30.678  1024.235  1476.92 
2024 06 27 16 58 20.74  31.909  07.665  0066.65  00.52  07.98  258.5  009.26  30.680  1024.236  1476.92 
2024 06 27 16 58 20.99  31.908  07.665  0066.44  00.58  07.91  258.5  009.26  30.680  1024.235  1476.91 
2024 06 27 16 58 21.24  31.908  07.664  0066.26  00.58  07.94  258.5  009.26  30.680  1024.234  1476.91 
2024 06 27 16 58 21.49  31.908  07.665  0066.08  00.63  07.93  258.5  009.26  30.679  1024.233  1476.91 
2024 06 27 16 58 21.74  31.908  07.664  0065.86  00.62  08.04  258.5  009.26  30.679  1024.232  1476.90 
2024 06 27 16 58 21.99  31.907  07.665  0065.65  00.62  08.01  258.5  009.26  30.678  1024.230  1476.90 
2024 06 27 16 58 22.24  31.908  07.665  0065.38  00.64  07.92  258.5  009.26  30.679  1024.230  1476.89 
2024 06 27 16 58 22.49  31.908  07.664  0065.14  00.55  07.86  258.5  009.26  30.680  1024.229  1476.89 
2024 06 27 16 58 22.74  31.906  07.664  0064.89  00.60  07.83  258.5  009.26  30.679  1024.227  1476.88 
2024 06 27 16 58 22.99  31.905  07.664  0064.66  00.62  07.95  258.5  009.26  30.677  1024.225  1476.88 
2024 06 27 16 58 23.24  31.904  07.664  0064.41  00.64  07.96  258.5  009.26  30.677  1024.223  1476.87 
2024 06 27 16 58 23.49  31.903  07.663  0064.14  00.63  07.91  258.5  009.26  30.676  1024.222  1476.86 
2024 06 27 16 58 23.74  31.903  07.662  0063.93  00.58  07.93  258.5  009.26  30.677  1024.221  1476.86 
2024 06 27 16 58 23.99  31.903  07.662  0063.70  00.54  07.95  258.5  009.26  30.677  1024.221  1476.85 
2024 06 27 16 58 24.24  31.903  07.662  0063.44  00.58  07.79  258.5  009.29  30.678  1024.220  1476.85 
2024 06 27 16 58 24.49  31.901  07.661  0063.16  00.64  07.90  258.5  009.26  30.677  1024.218  1476.84 
2024 06 27 16 58 24.74  31.902  07.661  0062.90  00.64  08.05  258.5  009.26  30.677  1024.217  1476.84 
2024 06 27 16 58 24.99  31.900  07.662  0062.59  00.65  08.04  258.5  009.26  30.675  1024.214  1476.83 
2024 06 27 16 58 25.24  31.900  07.660  0062.36  00.62  07.98  258.5  009.26  30.677  1024.214  1476.82 
2024 06 27 16 58 25.49  31.900  07.660  0062.09  00.59  08.00  258.5  009.26  30.677  1024.213  1476.82 
2024 06 27 16 58 25.74  31.900  07.660  0061.89  00.64  07.79  258.6  009.26  30.677  1024.213  1476.82 
2024 06 27 16 58 25.99  31.898  07.660  0061.60  00.62  07.97  258.6  009.26  30.675  1024.209  1476.81 
2024 06 27 16 58 26.24  31.900  07.660  0061.38  00.68  07.95  258.6  009.26  30.677  1024.210  1476.81 
2024 06 27 16 58 26.49  31.899  07.660  0061.12  00.62  07.98  258.6  009.26  30.676  1024.208  1476.80 
2024 06 27 16 58 26.74  31.900  07.660  0060.88  00.58  07.92  258.6  009.26  30.677  1024.208  1476.80 
2024 06 27 16 58 26.99  31.899  07.661  0060.65  00.58  07.92  258.6  009.26  30.675  1024.205  1476.80 
2024 06 27 16 58 27.24  31.900  07.661  0060.41  00.55  07.82  258.6  009.26  30.677  1024.205  1476.80 
2024 06 27 16 58 27.49  31.900  07.661  0060.16  00.59  07.98  258.6  009.26  30.677  1024.204  1476.79 
2024 06 27 16 58 27.74  31.899  07.662  0059.94  00.63  07.98  258.6  009.26  30.674  1024.201  1476.79 
2024 06 27 16 58 27.99  31.900  07.664  0059.71  00.57  07.98  258.6  009.26  30.675  1024.200  1476.79 
2024 06 27 16 58 28.24  31.902  07.664  0059.50  00.64  07.98  258.6  009.26  30.676  1024.200  1476.79 
2024 06 27 16 58 28.49  31.901  07.663  0059.30  00.60  08.04  258.6  009.26  30.676  1024.199  1476.79 
2024 06 27 16 58 28.74  31.902  07.665  0059.06  00.58  07.94  258.5  009.26  30.676  1024.198  1476.79 
2024 06 27 16 58 28.99  31.901  07.665  0058.88  00.56  07.86  258.5  009.26  30.675  1024.196  1476.79 
2024 06 27 16 58 29.24  31.901  07.665  0058.66  00.54  07.97  258.5  009.26  30.675  1024.195  1476.78 
2024 06 27 16 58 29.49  31.903  07.666  0058.44  00.57  07.97  258.5  009.26  30.676  1024.195  1476.78 
2024 06 27 16 58 29.74  31.903  07.666  0058.22  00.57  07.95  258.5  009.26  30.676  1024.194  1476.78 
2024 06 27 16 58 29.99  31.907  07.669  0057.97  00.55  07.92  258.5  009.26  30.678  1024.194  1476.79 
2024 06 27 16 58 30.24  31.904  07.668  0057.76  00.59  07.87  258.5  009.26  30.677  1024.192  1476.78 
2024 06 27 16 58 30.49  31.907  07.672  0057.52  00.58  07.92  258.5  009.26  30.675  1024.189  1476.79 
2024 06 27 16 58 30.74  31.909  07.672  0057.28  00.63  08.03  258.5  009.26  30.678  1024.190  1476.79 
2024 06 27 16 58 30.99  31.908  07.673  0057.05  00.61  07.93  258.5  009.26  30.675  1024.187  1476.79 
2024 06 27 16 58 31.24  31.909  07.673  0056.78  00.64  07.99  258.5  009.26  30.677  1024.187  1476.79 
2024 06 27 16 58 31.49  31.908  07.674  0056.49  00.65  07.93  258.5  009.26  30.675  1024.184  1476.78 
2024 06 27 16 58 31.74  31.908  07.674  0056.22  00.61  07.91  258.3  009.26  30.675  1024.183  1476.78 
2024 06 27 16 58 31.99  31.909  07.675  0055.92  00.57  07.92  258.3  009.26  30.676  1024.182  1476.78 
2024 06 27 16 58 32.24  31.910  07.677  0055.65  00.51  07.93  258.3  009.26  30.676  1024.180  1476.78 
2024 06 27 16 58 32.49  31.909  07.677  0055.35  00.53  07.87  258.3  009.26  30.674  1024.178  1476.77 
2024 06 27 16 58 32.74  31.909  07.678  0055.05  00.55  07.83  258.3  009.26  30.674  1024.176  1476.77 
2024 06 27 16 58 32.99  31.910  07.678  0054.84  00.55  07.97  258.3  009.26  30.675  1024.176  1476.77 
2024 06 27 16 58 33.24  31.911  07.678  0054.57  00.56  07.91  258.3  009.26  30.675  1024.175  1476.77 
2024 06 27 16 58 33.49  31.910  07.677  0054.31  00.52  07.93  258.3  009.26  30.675  1024.174  1476.76 
2024 06 27 16 58 33.74  31.909  07.678  0054.13  00.51  08.02  258.3  009.26  30.674  1024.172  1476.76 
2024 06 27 16 58 33.99  31.909  07.679  0053.88  00.52  07.99  258.3  009.26  30.673  1024.170  1476.76 
2024 06 27 16 58 34.24  31.910  07.678  0053.61  00.60  08.00  258.3  009.26  30.675  1024.171  1476.75 
2024 06 27 16 58 34.49  31.909  07.678  0053.27  00.57  07.97  258.3  009.26  30.675  1024.168  1476.74 
2024 06 27 16 58 34.74  31.909  07.677  0053.03  00.55  07.87  258.4  009.26  30.676  1024.169  1476.74 
2024 06 27 16 58 34.99  31.909  07.677  0052.75  00.54  07.84  258.4  009.26  30.676  1024.167  1476.73 
2024 06 27 16 58 35.24  31.909  07.678  0052.50  00.57  07.91  258.4  009.26  30.675  1024.165  1476.73 
2024 06 27 16 58 35.49  31.907  07.677  0052.28  00.60  07.97  258.4  009.26  30.673  1024.163  1476.72 
2024 06 27 16 58 35.74  31.909  07.676  0052.06  00.63  07.91  258.4  009.26  30.676  1024.165  1476.72 
2024 06 27 16 58 35.99  31.907  07.676  0051.85  00.57  07.95  258.4  009.26  30.675  1024.162  1476.71 
2024 06 27 16 58 36.24  31.909  07.677  0051.64  00.55  07.78  258.4  009.26  30.676  1024.163  1476.71 
2024 06 27 16 58 36.49  31.908  07.677  0051.41  00.55  07.88  258.4  009.26  30.675  1024.160  1476.71 
2024 06 27 16 58 36.74  31.908  07.676  0051.18  00.61  07.95  258.4  009.26  30.677  1024.161  1476.70 
2024 06 27 16 58 36.99  31.908  07.677  0050.89  00.60  08.00  258.4  009.26  30.676  1024.159  1476.70 
2024 06 27 16 58 37.24  31.907  07.676  0050.57  00.58  08.00  258.4  009.26  30.675  1024.157  1476.69 
2024 06 27 16 58 37.49  31.906  07.676  0050.29  00.59  07.87  258.4  009.26  30.674  1024.155  1476.69 
2024 06 27 16 58 37.74  31.904  07.676  0050.03  00.55  07.92  258.6  009.26  30.673  1024.152  1476.68 
2024 06 27 16 58 37.99  31.906  07.675  0049.79  00.53  07.93  258.6  009.26  30.675  1024.153  1476.68 
2024 06 27 16 58 38.24  31.905  07.674  0049.52  00.57  07.91  258.6  009.26  30.675  1024.152  1476.67 
2024 06 27 16 58 38.49  31.904  07.675  0049.26  00.57  07.78  258.6  009.26  30.674  1024.150  1476.67 
2024 06 27 16 58 38.74  31.904  07.675  0049.03  00.54  07.95  258.6  009.26  30.673  1024.148  1476.66 
2024 06 27 16 58 38.99  31.904  07.675  0048.80  00.55  07.99  258.6  009.26  30.674  1024.148  1476.66 
2024 06 27 16 58 39.24  31.904  07.674  0048.57  00.52  07.95  258.6  009.26  30.675  1024.147  1476.65 
2024 06 27 16 58 39.49  31.901  07.674  0048.29  00.67  07.94  258.6  009.26  30.672  1024.144  1476.64 
2024 06 27 16 58 39.74  31.903  07.675  0048.01  00.57  07.87  258.6  009.26  30.673  1024.143  1476.64 
2024 06 27 16 58 39.99  31.903  07.675  0047.78  00.54  08.03  258.6  009.26  30.673  1024.142  1476.64 
2024 06 27 16 58 40.24  31.903  07.673  0047.52  00.56  08.02  258.6  009.26  30.675  1024.143  1476.63 
2024 06 27 16 58 40.49  31.901  07.673  0047.26  00.58  08.01  258.6  009.26  30.673  1024.140  1476.63 
2024 06 27 16 58 40.74  31.900  07.673  0047.02  00.62  07.81  258.6  009.26  30.672  1024.138  1476.62 
2024 06 27 16 58 40.99  31.900  07.673  0046.76  00.66  07.96  258.6  009.26  30.673  1024.138  1476.62 
2024 06 27 16 58 41.24  31.900  07.673  0046.52  00.55  07.98  258.6  009.26  30.672  1024.136  1476.61 
2024 06 27 16 58 41.49  31.900  07.672  0046.24  00.52  07.91  258.6  009.26  30.674  1024.136  1476.61 
2024 06 27 16 58 41.74  31.900  07.673  0045.96  00.58  07.85  258.6  009.26  30.673  1024.134  1476.60 
2024 06 27 16 58 41.99  31.900  07.673  0045.70  00.58  07.94  258.6  009.26  30.672  1024.133  1476.60 
2024 06 27 16 58 42.24  31.900  07.672  0045.47  00.65  07.88  258.6  009.26  30.673  1024.132  1476.59 
2024 06 27 16 58 42.49  31.901  07.672  0045.24  00.57  07.93  258.6  009.26  30.675  1024.133  1476.59 
2024 06 27 16 58 42.74  31.900  07.672  0045.01  00.55  07.94  258.6  009.26  30.673  1024.130  1476.59 
2024 06 27 16 58 42.99  31.899  07.672  0044.76  00.54  07.97  258.6  009.26  30.672  1024.128  1476.58 
2024 06 27 16 58 43.24  31.900  07.672  0044.59  00.58  08.03  258.6  009.26  30.674  1024.129  1476.58 
2024 06 27 16 58 43.49  31.899  07.672  0044.42  00.53  07.98  258.6  009.26  30.672  1024.127  1476.58 
2024 06 27 16 58 43.74  31.900  07.672  0044.18  00.57  07.80  258.6  009.26  30.674  1024.127  1476.57 
2024 06 27 16 58 43.99  31.899  07.673  0044.09  00.59  07.98  258.6  009.26  30.672  1024.125  1476.57 
2024 06 27 16 58 44.24  31.899  07.672  0044.06  00.59  07.91  258.6  009.26  30.673  1024.126  1476.57 
2024 06 27 16 58 44.49  31.899  07.673  0044.00  00.59  07.86  258.6  009.26  30.672  1024.125  1476.57 
2024 06 27 16 58 44.74  31.900  07.674  0043.61  00.55  07.89  258.6  009.26  30.672  1024.123  1476.57 
2024 06 27 16 58 44.99  31.902  07.674  0043.35  00.57  07.91  258.6  009.26  30.675  1024.124  1476.57 
2024 06 27 16 58 45.24  31.899  07.674  0043.19  00.61  07.94  258.6  009.26  30.671  1024.120  1476.56 
2024 06 27 16 58 45.49  31.900  07.674  0043.16  00.60  07.91  258.6  009.26  30.672  1024.121  1476.56 
2024 06 27 16 58 45.74  31.900  07.675  0043.19  00.54  07.88  258.6  009.26  30.672  1024.121  1476.57 
2024 06 27 16 58 45.99  31.900  07.675  0043.18  00.61  07.96  258.6  009.26  30.672  1024.121  1476.57 
2024 06 27 16 58 46.24  31.901  07.674  0043.16  00.60  07.99  258.6  009.26  30.674  1024.122  1476.57 
2024 06 27 16 58 46.49  31.901  07.675  0043.11  00.60  07.98  258.6  009.26  30.673  1024.121  1476.56 
2024 06 27 16 58 46.74  31.899  07.674  0043.00  00.61  07.91  258.6  009.26  30.671  1024.119  1476.56 
2024 06 27 16 58 46.99  31.900  07.675  0042.74  00.61  07.91  258.6  009.26  30.672  1024.118  1476.56 
2024 06 27 16 58 47.24  31.899  07.675  0042.56  00.58  07.95  258.6  009.26  30.671  1024.117  1476.55 
2024 06 27 16 58 47.49  31.899  07.674  0042.36  00.52  07.95  258.6  009.26  30.672  1024.117  1476.55 
2024 06 27 16 58 47.74  31.900  07.673  0042.10  00.57  07.87  258.6  009.26  30.673  1024.117  1476.54 
2024 06 27 16 58 47.99  31.897  07.674  0041.72  00.56  07.84  258.6  009.26  30.670  1024.113  1476.54 
2024 06 27 16 58 48.24  31.896  07.673  0041.47  00.58  07.93  258.6  009.26  30.671  1024.112  1476.53 
2024 06 27 16 58 48.49  31.897  07.673  0041.26  00.56  07.88  258.6  009.26  30.672  1024.112  1476.53 
2024 06 27 16 58 48.74  31.896  07.672  0040.96  00.55  07.84  258.6  009.26  30.671  1024.110  1476.52 
2024 06 27 16 58 48.99  31.896  07.673  0040.74  00.58  08.05  258.6  009.26  30.671  1024.109  1476.52 
2024 06 27 16 58 49.24  31.895  07.671  0040.40  00.55  08.02  258.6  009.26  30.671  1024.108  1476.50 
2024 06 27 16 58 49.49  31.896  07.672  0040.10  00.56  07.93  258.6  009.26  30.671  1024.106  1476.50 
2024 06 27 16 58 49.74  31.896  07.672  0039.88  00.61  07.95  258.7  009.26  30.671  1024.105  1476.50 
2024 06 27 16 58 49.99  31.896  07.671  0039.68  00.59  07.91  258.7  009.26  30.672  1024.105  1476.49 
2024 06 27 16 58 50.24  31.893  07.671  0039.48  00.62  07.79  258.7  009.26  30.670  1024.103  1476.49 
2024 06 27 16 58 50.49  31.895  07.670  0039.24  00.55  07.98  258.7  009.26  30.673  1024.103  1476.48 
2024 06 27 16 58 50.74  31.895  07.671  0038.98  00.46  07.89  258.7  009.26  30.671  1024.101  1476.48 
2024 06 27 16 58 50.99  31.894  07.670  0038.70  00.51  07.93  258.7  009.26  30.672  1024.101  1476.47 
2024 06 27 16 58 51.24  31.892  07.669  0038.45  00.54  07.98  258.7  009.26  30.671  1024.099  1476.47 
2024 06 27 16 58 51.49  31.891  07.670  0038.21  00.57  07.95  258.7  009.26  30.669  1024.095  1476.46 
2024 06 27 16 58 51.74  31.891  07.667  0037.97  00.58  07.95  258.7  009.26  30.672  1024.097  1476.45 
2024 06 27 16 58 51.99  31.890  07.669  0037.69  00.62  08.04  258.7  009.26  30.669  1024.094  1476.45 
2024 06 27 16 58 52.24  31.890  07.667  0037.47  00.58  08.04  258.7  009.26  30.671  1024.094  1476.44 
2024 06 27 16 58 52.49  31.889  07.669  0037.19  00.57  08.01  258.7  009.26  30.668  1024.091  1476.44 
2024 06 27 16 58 52.74  31.888  07.666  0036.90  00.57  07.91  258.8  009.26  30.670  1024.091  1476.43 
2024 06 27 16 58 52.99  31.888  07.667  0036.69  00.59  07.90  258.8  009.26  30.670  1024.090  1476.43 
2024 06 27 16 58 53.24  31.888  07.667  0036.39  00.57  07.90  258.8  009.26  30.669  1024.088  1476.42 
2024 06 27 16 58 53.49  31.888  07.666  0036.14  00.56  07.97  258.8  009.26  30.669  1024.087  1476.42 
2024 06 27 16 58 53.74  31.887  07.666  0035.87  00.74  07.93  258.8  009.26  30.669  1024.086  1476.41 
2024 06 27 16 58 53.99  31.885  07.666  0035.61  00.62  07.82  258.8  009.26  30.668  1024.083  1476.40 
2024 06 27 16 58 54.24  31.884  07.666  0035.40  00.67  07.97  258.8  009.26  30.667  1024.082  1476.40 
2024 06 27 16 58 54.49  31.881  07.663  0035.15  00.60  07.96  258.8  009.26  30.666  1024.081  1476.38 
2024 06 27 16 58 54.74  31.881  07.663  0034.92  00.57  07.92  258.8  009.26  30.666  1024.080  1476.38 
2024 06 27 16 58 54.99  31.879  07.659  0034.72  00.59  07.98  258.8  009.26  30.667  1024.080  1476.36 
2024 06 27 16 58 55.24  31.878  07.661  0034.48  00.52  08.01  258.8  009.26  30.665  1024.077  1476.36 
2024 06 27 16 58 55.49  31.879  07.658  0034.24  00.50  07.90  258.8  009.26  30.668  1024.079  1476.35 
2024 06 27 16 58 55.74  31.875  07.658  0033.98  00.57  07.94  258.8  009.26  30.664  1024.074  1476.34 
2024 06 27 16 58 55.99  31.873  07.657  0033.75  00.56  07.86  258.8  009.26  30.663  1024.073  1476.33 
2024 06 27 16 58 56.24  31.874  07.656  0033.51  00.54  07.95  258.8  009.26  30.665  1024.073  1476.33 
2024 06 27 16 58 56.49  31.871  07.655  0033.28  00.56  07.97  258.8  009.26  30.663  1024.071  1476.32 
2024 06 27 16 58 56.74  31.870  07.654  0033.24  00.59  07.91  258.8  009.26  30.663  1024.070  1476.31 
2024 06 27 16 58 56.99  31.869  07.653  0033.32  00.57  07.94  258.8  009.26  30.663  1024.071  1476.31 
2024 06 27 16 58 57.24  31.865  07.651  0033.33  00.58  07.90  258.8  009.26  30.660  1024.069  1476.30 
2024 06 27 16 58 57.49  31.868  07.653  0033.17  00.55  07.90  258.8  009.26  30.662  1024.069  1476.30 
2024 06 27 16 58 57.74  31.868  07.651  0032.82  00.57  07.90  258.8  009.26  30.664  1024.070  1476.29 
2024 06 27 16 58 57.99  31.865  07.651  0032.56  00.52  07.98  258.8  009.26  30.661  1024.066  1476.29 
2024 06 27 16 58 58.24  31.865  07.650  0032.35  00.59  08.05  258.8  009.26  30.662  1024.066  1476.28 
2024 06 27 16 58 58.49  31.864  07.651  0032.17  00.61  08.01  258.8  009.26  30.659  1024.063  1476.28 
2024 06 27 16 58 58.74  31.863  07.648  0032.01  00.64  07.82  258.6  009.26  30.661  1024.064  1476.27 
2024 06 27 16 58 58.99  31.864  07.649  0031.79  00.58  07.94  258.6  009.26  30.661  1024.063  1476.27 
2024 06 27 16 58 59.24  31.861  07.649  0031.56  00.62  07.90  258.6  009.26  30.659  1024.060  1476.26 
2024 06 27 16 58 59.49  31.858  07.647  0031.27  00.57  07.81  258.6  009.26  30.657  1024.058  1476.25 
2024 06 27 16 58 59.74  31.855  07.645  0030.98  00.54  07.96  258.6  009.26  30.656  1024.056  1476.23 
2024 06 27 16 58 59.99  31.855  07.643  0030.74  00.55  07.87  258.6  009.26  30.658  1024.057  1476.22 
2024 06 27 16 59 00.24  31.845  07.635  0030.39  00.56  07.91  258.6  009.26  30.654  1024.053  1476.18 
2024 06 27 16 59 00.49  31.842  07.632  0030.11  00.51  07.90  258.6  009.26  30.654  1024.052  1476.17 
2024 06 27 16 59 00.74  31.831  07.617  0029.82  00.58  08.05  258.6  009.26  30.656  1024.054  1476.11 
2024 06 27 16 59 00.99  31.822  07.611  0029.55  00.59  08.00  258.6  009.26  30.650  1024.049  1476.07 
2024 06 27 16 59 01.24  31.806  07.595  0029.31  00.58  08.04  258.6  009.26  30.648  1024.049  1476.01 
2024 06 27 16 59 01.49  31.799  07.590  0029.04  00.59  08.01  258.6  009.26  30.645  1024.046  1475.98 
2024 06 27 16 59 01.74  31.793  07.586  0028.80  00.52  07.85  258.1  009.26  30.643  1024.043  1475.95 
2024 06 27 16 59 01.99  31.791  07.584  0028.61  00.53  07.95  258.1  009.26  30.642  1024.042  1475.94 
2024 06 27 16 59 02.24  31.788  07.584  0028.34  00.56  07.82  258.1  009.26  30.640  1024.039  1475.93 
2024 06 27 16 59 02.49  31.772  07.566  0028.12  00.57  07.96  258.1  009.26  30.639  1024.040  1475.86 
2024 06 27 16 59 02.74  31.782  07.578  0027.93  00.57  07.90  258.1  009.26  30.638  1024.037  1475.90 
2024 06 27 16 59 02.99  31.770  07.560  0027.72  00.57  07.96  258.1  009.26  30.641  1024.041  1475.84 
2024 06 27 16 59 03.24  31.767  07.562  0027.54  00.57  07.93  258.1  009.26  30.636  1024.036  1475.83 
2024 06 27 16 59 03.49  31.759  07.552  0027.24  00.57  07.83  258.1  009.26  30.637  1024.036  1475.79 
2024 06 27 16 59 03.74  31.754  07.548  0026.98  00.61  08.07  258.1  009.26  30.635  1024.034  1475.77 
2024 06 27 16 59 03.99  31.740  07.535  0026.66  00.56  07.95  258.1  009.26  30.631  1024.031  1475.71 
2024 06 27 16 59 04.24  31.732  07.531  0026.39  00.57  08.04  258.1  009.26  30.627  1024.027  1475.68 
2024 06 27 16 59 04.49  31.730  07.530  0026.16  00.61  07.96  258.1  009.26  30.626  1024.026  1475.67 
2024 06 27 16 59 04.74  31.725  07.525  0025.87  00.58  07.92  257.5  009.26  30.625  1024.025  1475.65 
2024 06 27 16 59 04.99  31.721  07.522  0025.63  00.53  07.77  257.5  009.26  30.624  1024.023  1475.63 
2024 06 27 16 59 05.24  31.714  07.517  0025.37  00.65  07.90  257.5  009.26  30.621  1024.020  1475.60 
2024 06 27 16 59 05.49  31.710  07.513  0025.13  00.58  07.73  257.5  009.26  30.620  1024.019  1475.58 
2024 06 27 16 59 05.74  31.701  07.503  0024.89  00.60  07.89  257.5  009.26  30.619  1024.018  1475.54 
2024 06 27 16 59 05.99  31.701  07.501  0024.64  00.57  07.95  257.5  009.26  30.622  1024.019  1475.53 
2024 06 27 16 59 06.24  31.691  07.494  0024.39  00.57  07.77  257.5  009.26  30.616  1024.015  1475.50 
2024 06 27 16 59 06.49  31.673  07.476  0024.12  00.59  07.95  257.5  009.26  30.613  1024.014  1475.42 
2024 06 27 16 59 06.74  31.669  07.477  0023.88  00.63  07.89  257.5  009.26  30.608  1024.009  1475.41 
2024 06 27 16 59 06.99  31.654  07.465  0023.62  00.62  08.05  257.5  009.26  30.604  1024.005  1475.35 
2024 06 27 16 59 07.24  31.646  07.460  0023.43  00.62  07.87  257.5  009.26  30.598  1024.001  1475.33 
2024 06 27 16 59 07.49  31.627  07.445  0023.22  00.62  08.00  257.5  009.26  30.592  1023.997  1475.26 
2024 06 27 16 59 07.74  31.613  07.444  0023.05  00.69  07.71  255.8  009.26  30.578  1023.985  1475.23 
2024 06 27 16 59 07.99  31.611  07.427  0022.80  00.62  07.91  255.8  009.26  30.590  1023.996  1475.18 
2024 06 27 16 59 08.24  31.585  07.409  0022.54  00.70  07.89  255.8  009.26  30.579  1023.989  1475.09 
2024 06 27 16 59 08.49  31.588  07.414  0022.32  00.66  07.91  255.8  009.26  30.578  1023.986  1475.10 
2024 06 27 16 59 08.74  31.586  07.410  0022.19  00.69  07.94  255.8  009.26  30.579  1023.987  1475.09 
2024 06 27 16 59 08.99  31.570  07.397  0022.21  00.78  07.91  255.8  009.26  30.574  1023.985  1475.03 
2024 06 27 16 59 09.24  31.561  07.393  0022.24  00.80  07.93  255.8  009.26  30.568  1023.981  1475.01 
2024 06 27 16 59 09.49  31.556  07.385  0022.28  00.75  07.95  255.8  009.26  30.569  1023.983  1474.98 
2024 06 27 16 59 09.74  31.557  07.392  0022.25  00.76  08.03  255.8  009.26  30.564  1023.977  1475.00 
2024 06 27 16 59 09.99  31.556  07.387  0022.24  00.83  07.96  255.8  009.26  30.567  1023.980  1474.99 
2024 06 27 16 59 10.24  31.551  07.380  0022.23  00.86  07.92  255.8  009.26  30.568  1023.982  1474.96 
2024 06 27 16 59 10.49  31.554  07.386  0022.15  00.88  07.92  255.8  009.26  30.567  1023.980  1474.98 
2024 06 27 16 59 10.74  31.556  07.387  0021.97  00.95  07.89  256.7  009.26  30.567  1023.979  1474.98 
2024 06 27 16 59 10.99  31.550  07.384  0021.76  00.84  07.88  256.7  009.26  30.564  1023.976  1474.96 
2024 06 27 16 59 11.24  31.540  07.375  0021.54  00.85  07.92  256.7  009.26  30.561  1023.975  1474.92 
2024 06 27 16 59 11.49  31.535  07.371  0021.29  00.83  07.92  256.7  009.26  30.560  1023.973  1474.90 
2024 06 27 16 59 11.74  31.535  07.370  0021.09  00.87  07.89  256.7  009.26  30.560  1023.972  1474.89 
2024 06 27 16 59 11.99  31.533  07.369  0020.84  00.86  07.93  256.7  009.26  30.560  1023.971  1474.88 
2024 06 27 16 59 12.24  31.527  07.367  0020.59  00.96  07.91  256.7  009.26  30.555  1023.967  1474.86 
2024 06 27 16 59 12.49  31.527  07.366  0020.36  00.87  07.88  256.7  009.26  30.556  1023.966  1474.86 
2024 06 27 16 59 12.74  31.524  07.362  0020.00  00.85  07.86  256.7  009.26  30.556  1023.965  1474.84 
2024 06 27 16 59 12.99  31.521  07.359  0019.77  00.87  07.97  256.7  009.26  30.555  1023.964  1474.82 
2024 06 27 16 59 13.24  31.515  07.354  0019.54  00.90  08.01  256.7  009.26  30.554  1023.963  1474.79 
2024 06 27 16 59 13.49  31.503  07.344  0019.26  01.00  07.86  256.7  009.26  30.550  1023.960  1474.75 
2024 06 27 16 59 13.74  31.504  07.345  0019.08  00.99  07.88  258.7  009.26  30.551  1023.959  1474.75 
2024 06 27 16 59 13.99  31.485  07.323  0018.82  00.97  07.93  258.7  009.26  30.549  1023.959  1474.66 
2024 06 27 16 59 14.24  31.483  07.328  0018.54  00.99  07.90  258.7  009.26  30.543  1023.952  1474.67 
2024 06 27 16 59 14.49  31.482  07.330  0018.31  00.99  07.95  258.7  009.26  30.540  1023.949  1474.67 
2024 06 27 16 59 14.74  31.456  07.309  0018.05  01.07  07.78  258.7  009.26  30.532  1023.944  1474.57 
2024 06 27 16 59 14.99  31.460  07.306  0017.85  01.03  07.92  258.7  009.26  30.538  1023.948  1474.56 
2024 06 27 16 59 15.24  31.443  07.287  0017.59  01.07  07.95  258.7  009.26  30.537  1023.949  1474.48 
2024 06 27 16 59 15.49  31.438  07.287  0017.36  01.06  07.94  258.7  009.26  30.532  1023.944  1474.47 
2024 06 27 16 59 15.74  31.424  07.271  0017.12  01.05  08.08  258.7  009.26  30.530  1023.944  1474.40 
2024 06 27 16 59 15.99  31.401  07.263  0016.88  01.21  07.92  258.7  009.26  30.513  1023.930  1474.35 
2024 06 27 16 59 16.24  31.384  07.228  0016.64  01.26  08.04  258.7  009.26  30.526  1023.943  1474.22 
2024 06 27 16 59 16.49  31.260  07.122  0016.37  01.43  08.03  258.7  009.26  30.486  1023.925  1473.76 
2024 06 27 16 59 16.74  31.248  07.111  0016.16  01.44  07.72  261.6  009.26  30.483  1023.923  1473.70 
2024 06 27 16 59 16.99  31.214  07.079  0015.93  01.55  07.89  261.6  009.26  30.474  1023.919  1473.57 
2024 06 27 16 59 17.24  31.159  07.041  0015.67  01.56  07.93  261.6  009.26  30.449  1023.903  1473.38 
2024 06 27 16 59 17.49  31.097  06.963  0015.48  01.59  07.79  261.6  009.26  30.451  1023.914  1473.07 
2024 06 27 16 59 17.74  31.034  06.888  0015.24  01.76  07.94  261.6  009.26  30.448  1023.920  1472.77 
2024 06 27 16 59 17.99  31.016  06.883  0015.03  01.69  07.97  261.6  009.26  30.434  1023.908  1472.73 
2024 06 27 16 59 18.24  30.963  06.844  0014.76  01.84  07.83  261.6  009.26  30.411  1023.894  1472.55 
2024 06 27 16 59 18.49  30.905  06.814  0014.50  01.89  07.95  261.6  009.26  30.375  1023.869  1472.38 
2024 06 27 16 59 18.74  30.908  06.814  0014.32  01.86  08.09  261.6  009.26  30.377  1023.869  1472.38 
2024 06 27 16 59 18.99  30.866  06.783  0014.08  01.96  07.94  261.6  009.26  30.360  1023.859  1472.23 
2024 06 27 16 59 19.24  30.866  06.775  0013.85  02.03  08.03  261.6  009.26  30.368  1023.865  1472.21 
2024 06 27 16 59 19.49  30.835  06.753  0013.61  01.93  08.06  261.6  009.26  30.353  1023.855  1472.10 
2024 06 27 16 59 19.74  30.808  06.735  0013.36  01.84  07.75  267.6  009.26  30.340  1023.845  1472.01 
2024 06 27 16 59 19.99  30.798  06.680  0013.13  01.89  07.77  267.6  009.26  30.377  1023.881  1471.83 
2024 06 27 16 59 20.24  30.785  06.702  0013.00  02.03  07.91  267.6  009.26  30.344  1023.851  1471.87 
2024 06 27 16 59 20.49  30.727  06.636  0013.04  02.23  07.95  267.6  009.26  30.339  1023.856  1471.61 
2024 06 27 16 59 20.74  30.687  06.607  0013.10  02.18  07.81  267.6  009.26  30.321  1023.845  1471.47 
2024 06 27 16 59 20.99  30.693  06.612  0013.08  02.24  07.96  267.6  009.26  30.323  1023.846  1471.49 
2024 06 27 16 59 21.24  30.692  06.616  0013.03  02.25  07.95  267.6  009.26  30.318  1023.842  1471.50 
2024 06 27 16 59 21.49  30.691  06.612  0013.02  02.23  07.95  267.6  009.26  30.321  1023.844  1471.49 
2024 06 27 16 59 21.74  30.691  06.613  0013.02  02.13  08.05  267.6  009.26  30.320  1023.843  1471.49 
2024 06 27 16 59 21.99  30.691  06.617  0013.00  02.23  08.00  267.6  009.26  30.316  1023.840  1471.50 
2024 06 27 16 59 22.24  30.693  06.615  0013.00  02.32  07.97  267.6  009.26  30.320  1023.843  1471.50 
2024 06 27 16 59 22.49  30.687  06.616  0012.93  02.34  07.99  267.6  009.26  30.313  1023.837  1471.49 
2024 06 27 16 59 22.74  30.672  06.609  0012.71  02.12  07.85  272.0  009.26  30.303  1023.829  1471.45 
2024 06 27 16 59 22.99  30.650  06.581  0012.42  02.11  07.85  272.0  009.26  30.304  1023.832  1471.34 
2024 06 27 16 59 23.24  30.628  06.561  0012.13  02.09  07.88  272.0  009.26  30.298  1023.828  1471.24 
2024 06 27 16 59 23.49  30.624  06.558  0011.87  02.11  07.87  272.0  009.26  30.296  1023.826  1471.23 
2024 06 27 16 59 23.74  30.606  06.542  0011.60  02.21  07.84  272.0  009.26  30.291  1023.822  1471.15 
2024 06 27 16 59 23.99  30.571  06.509  0011.37  02.28  07.79  272.0  009.26  30.282  1023.819  1471.01 
2024 06 27 16 59 24.24  30.562  06.502  0011.19  02.57  07.87  272.0  009.26  30.278  1023.816  1470.97 
2024 06 27 16 59 24.49  30.496  06.420  0010.89  02.78  07.94  272.0  009.26  30.278  1023.824  1470.64 
2024 06 27 16 59 24.74  30.475  06.431  0010.65  02.60  08.08  272.0  009.26  30.246  1023.796  1470.64 
2024 06 27 16 59 24.99  30.455  06.392  0010.43  02.61  07.96  272.0  009.26  30.259  1023.810  1470.50 
2024 06 27 16 59 25.24  30.417  06.367  0010.16  02.66  07.90  272.0  009.26  30.239  1023.796  1470.37 
2024 06 27 16 59 25.49  30.417  06.373  0009.94  02.77  07.91  272.0  009.26  30.234  1023.790  1470.38 
2024 06 27 16 59 25.74  30.396  06.348  0009.68  02.72  07.74  273.5  009.26  30.234  1023.792  1470.28 
2024 06 27 16 59 25.99  30.391  06.350  0009.44  02.87  07.92  273.5  009.26  30.226  1023.785  1470.27 
2024 06 27 16 59 26.24  30.387  06.344  0009.27  03.09  07.96  273.5  009.26  30.228  1023.786  1470.25 
2024 06 27 16 59 26.49  30.363  06.328  0009.02  03.03  07.95  273.5  009.26  30.216  1023.777  1470.17 
2024 06 27 16 59 26.74  30.375  06.339  0008.82  03.02  07.94  273.5  009.26  30.218  1023.777  1470.21 
2024 06 27 16 59 26.99  30.362  06.325  0008.63  02.99  07.92  273.5  009.26  30.217  1023.777  1470.15 
2024 06 27 16 59 27.24  30.336  06.315  0008.40  03.29  07.81  273.5  009.26  30.198  1023.762  1470.08 
2024 06 27 16 59 27.49  30.329  06.307  0008.20  03.28  07.80  273.5  009.26  30.197  1023.761  1470.05 
2024 06 27 16 59 27.74  30.322  06.306  0007.98  03.20  07.92  273.5  009.26  30.190  1023.755  1470.03 
2024 06 27 16 59 27.99  30.325  06.312  0007.78  03.47  08.08  273.5  009.26  30.188  1023.752  1470.05 
2024 06 27 16 59 28.24  30.324  06.312  0007.60  03.40  08.07  273.5  009.26  30.188  1023.751  1470.04 
2024 06 27 16 59 28.49  30.319  06.310  0007.39  03.15  08.04  273.5  009.26  30.183  1023.746  1470.03 
2024 06 27 16 59 28.74  30.318  06.310  0007.22  03.25  07.74  277.0  009.26  30.183  1023.745  1470.02 
2024 06 27 16 59 28.99  30.318  06.312  0006.99  03.34  07.77  277.0  009.26  30.181  1023.743  1470.02 
2024 06 27 16 59 29.24  30.318  06.312  0006.78  03.27  07.88  277.0  009.26  30.181  1023.741  1470.02 
2024 06 27 16 59 29.49  30.316  06.314  0006.58  03.44  07.95  277.0  009.26  30.177  1023.738  1470.02 
2024 06 27 16 59 29.74  30.326  06.329  0006.40  03.26  07.96  277.0  009.26  30.175  1023.733  1470.08 
2024 06 27 16 59 29.99  30.328  06.340  0006.19  03.32  07.87  277.0  009.26  30.168  1023.725  1470.11 
2024 06 27 16 59 30.24  30.336  06.341  0005.96  03.56  07.80  277.0  009.26  30.175  1023.729  1470.12 
2024 06 27 16 59 30.49  30.344  06.352  0005.74  03.37  07.79  277.0  009.26  30.174  1023.727  1470.15 
2024 06 27 16 59 30.74  30.344  06.361  0005.57  03.02  07.95  277.0  009.26  30.167  1023.719  1470.18 
2024 06 27 16 59 30.99  30.345  06.366  0005.33  02.72  07.93  277.0  009.26  30.163  1023.714  1470.19 
2024 06 27 16 59 31.24  30.344  06.366  0005.15  02.52  07.91  277.0  009.26  30.163  1023.713  1470.19 
2024 06 27 16 59 31.49  30.338  06.357  0004.94  02.04  07.88  277.0  009.26  30.164  1023.715  1470.15 
2024 06 27 16 59 31.74  30.302  06.333  0004.72  01.76  07.74  278.2  009.26  30.146  1023.702  1470.03 
2024 06 27 16 59 31.99  30.306  06.346  0004.54  01.76  07.79  278.2  009.26  30.139  1023.694  1470.07 
2024 06 27 16 59 32.24  30.263  06.293  0004.34  01.80  07.81  278.2  009.26  30.138  1023.699  1469.85 
2024 06 27 16 59 32.49  30.195  06.239  0004.12  01.94  07.82  278.2  009.26  30.111  1023.683  1469.60 
2024 06 27 16 59 32.74  30.229  06.253  0003.97  01.61  07.84  278.2  009.26  30.136  1023.700  1469.69 
2024 06 27 16 59 32.99  30.143  06.178  0003.90  01.43  07.82  278.2  009.26  30.108  1023.687  1469.35 
2024 06 27 16 59 33.24  30.072  06.153  0003.87  01.41  07.81  278.2  009.26  30.052  1023.645  1469.18 
2024 06 27 16 59 33.49  30.069  06.142  0003.86  01.47  07.82  278.2  009.26  30.059  1023.652  1469.14 
2024 06 27 16 59 33.74  30.076  06.138  0003.86  01.53  08.08  278.2  009.26  30.070  1023.661  1469.14 
2024 06 27 16 59 33.99  30.080  06.154  0003.85  01.45  08.10  278.2  009.26  30.060  1023.652  1469.19 
2024 06 27 16 59 34.24  30.096  06.159  0003.88  01.35  07.96  278.2  009.26  30.073  1023.661  1469.23 
2024 06 27 16 59 34.49  30.058  06.118  0003.87  01.39  08.05  278.2  009.26  30.067  1023.661  1469.06 
2024 06 27 16 59 34.74  30.043  06.109  0003.88  01.51  07.90  275.8  009.26  30.059  1023.656  1469.01 
2024 06 27 16 59 34.99  30.039  06.087  0003.89  01.56  07.91  275.8  009.26  30.074  1023.670  1468.94 
2024 06 27 16 59 35.24  30.031  06.096  0003.84  01.54  07.90  275.8  009.26  30.057  1023.655  1468.96 
2024 06 27 16 59 35.49  30.028  06.081  0003.85  01.49  07.93  275.8  009.26  30.067  1023.665  1468.91 
2024 06 27 16 59 35.74  30.020  06.059  0003.84  01.33  07.91  275.8  009.26  30.077  1023.676  1468.83 
2024 06 27 16 59 35.99  30.009  06.078  0003.65  01.20  07.94  275.8  009.26  30.049  1023.651  1468.87 
2024 06 27 16 59 36.24  30.014  06.091  0003.42  01.28  07.87  275.8  009.26  30.043  1023.643  1468.91 
2024 06 27 16 59 36.49  29.969  06.033  0003.19  01.26  07.79  275.8  009.26  30.045  1023.651  1468.68 
2024 06 27 16 59 36.74  29.953  06.020  0002.84  01.33  08.10  275.8  009.26  30.038  1023.645  1468.61 
2024 06 27 16 59 36.99  29.938  06.005  0002.56  01.49  07.91  275.8  009.26  30.035  1023.643  1468.54 
2024 06 27 16 59 37.24  29.910  05.980  0002.38  01.23  07.93  275.8  009.26  30.026  1023.638  1468.43 
2024 06 27 16 59 37.49  29.900  05.969  0002.07  01.14  07.92  275.8  009.26  30.026  1023.637  1468.38 
2024 06 27 16 59 37.74  29.852  05.924  0001.88  01.14  07.73  272.6  009.26  30.012  1023.631  1468.18 
2024 06 27 16 59 37.99  29.576  05.619  0001.73  01.14  07.78  272.6  009.26  29.976  1023.636  1466.89 
2024 06 27 16 59 38.24  29.590  05.682  0001.45  01.25  07.78  272.6  009.26  29.936  1023.596  1467.09 
2024 06 27 16 59 38.49  29.483  05.572  0001.21  01.15  07.79  272.6  009.26  29.914  1023.590  1466.62 
2024 06 27 16 59 38.74  29.340  05.429  0001.25  01.09  07.81  272.6  009.26  29.880  1023.579  1465.99 
2024 06 27 16 59 38.99  29.036  05.166  0001.44  01.07  07.81  272.6  009.26  29.772  1023.523  1464.78 
2024 06 27 16 59 39.24  29.223  05.254  0001.40  01.02  07.80  272.6  009.26  29.905  1023.618  1465.31 
2024 06 27 16 59 39.49  29.257  05.299  0001.34  01.01  07.81  272.6  009.26  29.904  1023.612  1465.49 
2024 06 27 16 59 39.74  29.133  05.200  0001.28  01.03  07.94  272.6  009.26  29.851  1023.581  1465.02 
2024 06 27 16 59 39.99  29.106  05.249  0001.25  01.06  07.93  272.6  009.23  29.777  1023.517  1465.13 
2024 06 27 16 59 40.24  29.114  05.236  0001.21  01.02  07.91  272.6  009.26  29.798  1023.535  1465.10 
2024 06 27 16 59 40.49  29.097  05.228  0001.13  01.04  08.06  272.6  009.26  29.786  1023.526  1465.05 
2024 06 27 16 59 40.74  28.977  05.092  0001.09  01.00  07.90  275.2  009.26  29.772  1023.528  1464.47 
2024 06 27 16 59 40.99  28.948  05.130  0001.01  01.03  07.77  275.2  009.26  29.705  1023.471  1464.54 
2024 06 27 16 59 41.24  28.947  05.056  0000.97  01.03  07.90  275.2  009.26  29.770  1023.530  1464.32 
2024 06 27 16 59 41.49  28.926  05.060  0000.92  01.01  07.95  275.2  009.26  29.742  1023.508  1464.30 
2024 06 27 16 59 41.74  28.845  04.872  0000.88  01.01  07.79  275.2  009.26  29.818  1023.587  1463.62 
2024 06 27 16 59 41.99  28.727  04.824  0000.81  01.02  07.86  275.2  009.26  29.727  1023.519  1463.30 
2024 06 27 16 59 42.24  28.708  04.835  0000.71  00.99  07.97  275.2  009.26  29.695  1023.492  1463.31 
2024 06 27 16 59 42.49  28.682  04.806  0000.68  01.05  07.81  275.2  009.26  29.692  1023.493  1463.18 
2024 06 27 16 59 42.74  28.654  04.771  0000.65  01.12  08.10  275.2  009.26  29.690  1023.495  1463.04 
2024 06 27 16 59 42.99  28.591  04.714  0000.57  01.02  08.10  275.2  009.26  29.670  1023.484  1462.77 
2024 06 27 16 59 43.24  28.571  04.680  0000.49  01.04  08.06  275.2  009.26  29.677  1023.493  1462.64 
2024 06 27 16 59 43.49  28.508  04.658  0000.35  01.02  08.04  275.2  009.26  29.625  1023.453  1462.48 
2024 06 27 16 59 43.74  28.335  04.459  0000.24  01.09  07.66  276.8  009.26  29.605  1023.455  1461.62 
2024 06 27 16 59 43.99  28.343  04.537  0000.17  01.00  07.89  276.8  009.26  29.543  1023.399  1461.87 
2024 06 27 16 59 44.24  28.290  04.435  0000.18  00.99  07.94  276.8  009.26  29.575  1023.434  1461.48 
2024 06 27 16 59 44.49  28.259  04.404  0000.18  01.01  07.77  276.8  009.26  29.566  1023.430  1461.34 
2024 06 27 16 59 44.74  28.245  04.386  0000.18  01.07  07.79  276.8  009.26  29.566  1023.432  1461.26 
2024 06 27 16 59 44.99  28.223  04.364  0000.19  01.02  07.97  276.8  009.26  29.561  1023.430  1461.16 
2024 06 27 16 59 45.24  28.196  04.347  0000.11  00.96  07.80  276.8  009.26  29.545  1023.418  1461.07 
2024 06 27 16 59 45.49  28.207  04.372  0000.05  00.99  07.97  276.8  009.26  29.535  1023.407  1461.16 
2024 06 27 16 59 45.74  21.451  04.341  0000.06  00.97  07.98  276.8  009.26  21.892  1017.352  1451.27 
2024 06 27 16 59 45.99  02.632  04.300  0000.06  08.46  08.07  276.8  009.26  02.303  1001.819  1426.02 
2024 06 27 16 59 46.24  01.371  04.364  0000.07  08.44  07.91  276.8  009.26  01.155  1000.901  1424.82 
2024 06 27 16 59 46.49  00.283  04.357  0000.06  05.00  08.04  276.8  009.26  00.225  1000.154  1423.56 
