2024 06 26 17 44 48.77  19.672  03.925  0000.04  00.63  02.37  364.9  009.26  20.172  1016.017  1447.28 
2024 06 26 17 44 49.02  27.144  04.055  0000.03  05.35  02.37  364.9  009.26  28.585  1022.683  1458.61 
2024 06 26 17 44 49.27  28.016  04.118  0000.05  05.70  01.31  364.9  009.26  29.542  1023.437  1460.10 
2024 06 26 17 44 49.52  28.061  04.112  0000.10  07.88  05.47  364.9  009.26  29.600  1023.483  1460.15 
2024 06 26 17 44 49.77  28.085  04.124  0000.22  08.61  09.46  364.9  009.26  29.617  1023.497  1460.23 
2024 06 26 17 44 50.02  28.083  04.114  0000.26  08.52  08.52  364.9  009.26  29.623  1023.503  1460.20 
2024 06 26 17 44 50.27  28.084  04.114  0000.30  08.28  08.46  364.5  009.26  29.624  1023.504  1460.20 
2024 06 26 17 44 50.52  28.097  04.116  0000.26  08.31  08.48  364.5  009.26  29.637  1023.514  1460.22 
2024 06 26 17 44 50.77  28.090  04.112  0000.26  08.44  08.49  364.5  009.26  29.633  1023.511  1460.20 
2024 06 26 17 44 51.02  28.099  04.115  0000.31  08.26  08.49  364.5  009.26  29.641  1023.517  1460.22 
2024 06 26 17 44 51.27  28.100  04.118  0000.40  08.14  08.49  364.5  009.26  29.639  1023.516  1460.23 
2024 06 26 17 44 51.52  28.101  04.122  0000.46  08.16  08.45  364.5  009.26  29.638  1023.514  1460.25 
2024 06 26 17 44 51.77  28.101  04.115  0000.49  08.16  08.45  364.5  009.26  29.644  1023.520  1460.23 
2024 06 26 17 44 52.02  28.107  04.115  0000.48  08.28  08.45  364.5  009.26  29.651  1023.525  1460.24 
2024 06 26 17 44 52.27  28.101  04.114  0000.49  08.29  08.51  364.5  009.26  29.645  1023.521  1460.23 
2024 06 26 17 44 52.52  28.102  04.115  0000.48  08.27  08.51  364.5  009.26  29.645  1023.521  1460.23 
2024 06 26 17 44 52.77  28.105  04.115  0000.53  08.28  08.50  364.5  009.26  29.647  1023.523  1460.24 
2024 06 26 17 44 53.02  28.105  04.114  0000.55  08.11  08.50  364.5  009.26  29.649  1023.524  1460.23 
2024 06 26 17 44 53.27  28.106  04.115  0000.61  08.20  08.42  340.0  009.26  29.650  1023.525  1460.24 
2024 06 26 17 44 53.52  28.109  04.115  0000.63  08.50  08.44  340.0  009.26  29.652  1023.527  1460.24 
2024 06 26 17 44 53.77  28.112  04.114  0000.64  08.82  08.44  340.0  009.26  29.657  1023.531  1460.24 
2024 06 26 17 44 54.02  28.108  04.109  0000.64  08.52  08.44  340.0  009.26  29.657  1023.531  1460.22 
2024 06 26 17 44 54.27  28.109  04.114  0000.64  08.69  08.44  340.0  009.26  29.653  1023.528  1460.24 
2024 06 26 17 44 54.52  28.109  04.117  0000.67  08.35  08.44  340.0  009.26  29.650  1023.526  1460.25 
2024 06 26 17 44 54.77  28.110  04.116  0000.66  08.23  08.44  340.0  009.26  29.653  1023.528  1460.25 
2024 06 26 17 44 55.02  28.109  04.116  0000.67  08.33  08.44  340.0  009.26  29.651  1023.527  1460.24 
2024 06 26 17 44 55.27  28.120  04.128  0000.75  08.62  08.50  340.0  009.26  29.653  1023.528  1460.30 
2024 06 26 17 44 55.52  28.130  04.133  0000.85  09.48  08.50  340.0  009.26  29.661  1023.533  1460.33 
2024 06 26 17 44 55.77  28.128  04.134  0000.89  08.73  08.50  340.0  009.26  29.657  1023.531  1460.33 
2024 06 26 17 44 56.02  28.126  04.133  0000.96  08.74  08.49  340.0  009.26  29.656  1023.530  1460.33 
2024 06 26 17 44 56.27  28.126  04.130  0001.01  08.37  08.41  333.5  009.26  29.658  1023.532  1460.32 
2024 06 26 17 44 56.52  28.144  04.148  0001.07  08.76  08.42  333.5  009.26  29.662  1023.534  1460.40 
2024 06 26 17 44 56.77  28.151  04.151  0001.12  08.76  08.43  333.5  009.26  29.669  1023.539  1460.42 
2024 06 26 17 44 57.02  28.151  04.147  0001.18  08.78  08.43  333.5  009.26  29.672  1023.542  1460.41 
2024 06 26 17 44 57.27  28.150  04.145  0001.19  08.71  08.43  333.5  009.26  29.673  1023.543  1460.40 
2024 06 26 17 44 57.52  28.148  04.142  0001.16  08.91  08.43  333.5  009.26  29.674  1023.544  1460.39 
2024 06 26 17 44 57.77  28.151  04.141  0001.13  08.95  08.43  333.5  009.26  29.677  1023.547  1460.39 
2024 06 26 17 44 58.02  28.143  04.136  0001.10  09.04  08.43  333.5  009.26  29.672  1023.543  1460.37 
2024 06 26 17 44 58.27  28.137  04.134  0001.10  09.21  08.49  333.5  009.26  29.668  1023.541  1460.35 
2024 06 26 17 44 58.52  28.140  04.136  0001.14  08.59  08.49  333.5  009.26  29.669  1023.541  1460.36 
2024 06 26 17 44 58.77  28.148  04.141  0001.17  08.24  08.48  333.5  009.26  29.673  1023.544  1460.39 
2024 06 26 17 44 59.02  28.144  04.139  0001.16  08.24  08.48  333.5  009.26  29.672  1023.543  1460.37 
2024 06 26 17 44 59.27  28.148  04.141  0001.13  08.35  08.39  329.1  009.26  29.673  1023.544  1460.39 
2024 06 26 17 44 59.52  28.145  04.140  0001.12  08.17  08.41  329.1  009.26  29.672  1023.543  1460.38 
2024 06 26 17 44 59.77  28.153  04.145  0001.09  07.94  08.41  329.1  009.26  29.676  1023.546  1460.41 
2024 06 26 17 45 00.02  28.153  04.146  0001.06  08.21  08.41  329.1  009.26  29.676  1023.545  1460.41 
2024 06 26 17 45 00.27  28.154  04.148  0001.06  08.50  08.41  329.1  009.26  29.675  1023.544  1460.42 
2024 06 26 17 45 00.52  28.156  04.148  0001.10  08.40  08.41  329.1  009.26  29.677  1023.546  1460.42 
2024 06 26 17 45 00.77  28.158  04.148  0001.09  08.20  08.41  329.1  009.26  29.679  1023.548  1460.42 
2024 06 26 17 45 01.02  28.157  04.150  0001.15  08.29  08.41  329.1  009.26  29.677  1023.546  1460.43 
2024 06 26 17 45 01.27  28.159  04.146  0001.15  08.55  08.48  329.1  009.26  29.682  1023.551  1460.42 
2024 06 26 17 45 01.52  28.160  04.148  0001.14  08.45  08.48  329.1  009.26  29.682  1023.550  1460.43 
2024 06 26 17 45 01.77  28.156  04.149  0001.13  08.92  08.47  329.1  009.26  29.677  1023.546  1460.42 
2024 06 26 17 45 02.02  28.157  04.147  0001.13  08.97  08.47  329.1  009.26  29.679  1023.548  1460.42 
2024 06 26 17 45 02.27  28.161  04.149  0001.16  08.84  08.38  326.4  009.26  29.682  1023.551  1460.43 
2024 06 26 17 45 02.52  28.156  04.147  0001.18  08.70  08.40  326.4  009.26  29.677  1023.547  1460.42 
2024 06 26 17 45 02.77  28.159  04.147  0001.20  08.33  08.40  326.4  009.26  29.682  1023.550  1460.42 
2024 06 26 17 45 03.02  28.159  04.148  0001.18  08.12  08.40  326.4  009.26  29.680  1023.549  1460.43 
2024 06 26 17 45 03.27  28.159  04.147  0001.20  08.46  08.40  326.4  009.26  29.681  1023.550  1460.42 
2024 06 26 17 45 03.52  28.159  04.147  0001.19  08.52  08.40  326.4  009.26  29.682  1023.551  1460.42 
2024 06 26 17 45 03.77  28.163  04.148  0001.18  08.24  08.40  326.4  009.26  29.686  1023.554  1460.43 
2024 06 26 17 45 04.02  28.163  04.149  0001.18  08.26  08.40  326.4  009.26  29.684  1023.552  1460.44 
2024 06 26 17 45 04.27  28.159  04.150  0001.21  08.67  08.47  326.4  009.26  29.680  1023.549  1460.43 
2024 06 26 17 45 04.52  28.160  04.150  0001.24  09.20  08.47  326.4  009.26  29.681  1023.549  1460.43 
2024 06 26 17 45 04.77  28.159  04.148  0001.22  09.71  08.46  326.4  009.26  29.681  1023.550  1460.43 
2024 06 26 17 45 05.02  28.163  04.148  0001.21  09.16  08.46  326.4  009.26  29.685  1023.553  1460.43 
2024 06 26 17 45 05.27  28.165  04.148  0001.20  09.04  08.37  325.6  009.26  29.688  1023.555  1460.43 
2024 06 26 17 45 05.52  28.163  04.147  0001.19  09.09  08.38  325.6  009.26  29.686  1023.553  1460.43 
2024 06 26 17 45 05.77  28.159  04.149  0001.20  09.44  08.38  325.6  009.26  29.680  1023.549  1460.43 
2024 06 26 17 45 06.02  28.159  04.148  0001.20  09.14  08.39  325.6  009.26  29.680  1023.549  1460.43 
2024 06 26 17 45 06.27  28.159  04.146  0001.23  09.74  08.39  325.6  009.26  29.683  1023.551  1460.42 
2024 06 26 17 45 06.52  28.161  04.149  0001.23  09.50  08.39  325.6  009.26  29.682  1023.551  1460.43 
2024 06 26 17 45 06.77  28.161  04.147  0001.24  09.14  08.39  325.6  009.26  29.684  1023.552  1460.43 
2024 06 26 17 45 07.02  28.160  04.148  0001.21  09.21  08.39  325.6  009.26  29.682  1023.551  1460.43 
2024 06 26 17 45 07.27  28.163  04.148  0001.23  08.46  08.45  325.6  009.26  29.684  1023.553  1460.43 
2024 06 26 17 45 07.52  28.163  04.148  0001.20  08.47  08.45  325.6  009.26  29.685  1023.553  1460.43 
2024 06 26 17 45 07.77  28.163  04.147  0001.21  08.56  08.45  325.6  009.26  29.686  1023.554  1460.43 
2024 06 26 17 45 08.02  28.161  04.145  0001.21  08.30  08.44  325.6  009.26  29.686  1023.554  1460.42 
2024 06 26 17 45 08.27  28.159  04.145  0001.21  08.50  08.36  325.1  009.26  29.684  1023.552  1460.42 
2024 06 26 17 45 08.52  28.161  04.145  0001.20  08.14  08.37  325.1  009.26  29.685  1023.553  1460.42 
2024 06 26 17 45 08.77  28.157  04.148  0001.21  08.12  08.37  325.1  009.26  29.679  1023.548  1460.42 
2024 06 26 17 45 09.02  28.156  04.147  0001.21  08.29  08.37  325.1  009.26  29.678  1023.548  1460.42 
2024 06 26 17 45 09.27  28.157  04.148  0001.23  08.20  08.38  325.1  009.26  29.678  1023.547  1460.43 
2024 06 26 17 45 09.52  28.161  04.148  0001.23  08.70  08.38  325.1  009.26  29.683  1023.551  1460.43 
2024 06 26 17 45 09.77  28.158  04.147  0001.22  08.61  08.38  325.1  009.26  29.680  1023.549  1460.42 
2024 06 26 17 45 10.02  28.162  04.147  0001.20  08.56  08.38  325.1  009.26  29.685  1023.553  1460.43 
2024 06 26 17 45 10.27  28.164  04.147  0001.18  08.33  08.44  325.1  009.26  29.688  1023.555  1460.43 
2024 06 26 17 45 10.52  28.161  04.148  0001.15  08.51  08.44  325.1  009.26  29.683  1023.551  1460.43 
2024 06 26 17 45 10.77  28.162  04.149  0001.16  08.50  08.44  325.1  009.26  29.683  1023.551  1460.43 
2024 06 26 17 45 11.02  28.166  04.149  0001.19  08.67  08.43  325.1  009.26  29.687  1023.555  1460.44 
2024 06 26 17 45 11.27  28.164  04.149  0001.22  09.33  08.35  324.4  009.26  29.686  1023.554  1460.44 
2024 06 26 17 45 11.52  28.164  04.148  0001.21  09.31  08.36  324.4  009.26  29.687  1023.555  1460.43 
2024 06 26 17 45 11.77  28.163  04.148  0001.22  08.97  08.36  324.4  009.26  29.684  1023.553  1460.43 
2024 06 26 17 45 12.02  28.167  04.148  0001.22  08.68  08.36  324.4  009.26  29.690  1023.557  1460.44 
2024 06 26 17 45 12.27  28.164  04.148  0001.21  08.51  08.37  324.4  009.26  29.687  1023.555  1460.43 
2024 06 26 17 45 12.52  28.165  04.148  0001.18  08.45  08.37  324.4  009.26  29.688  1023.555  1460.43 
2024 06 26 17 45 12.77  28.166  04.148  0001.19  08.64  08.37  324.4  009.26  29.689  1023.556  1460.44 
2024 06 26 17 45 13.02  28.163  04.148  0001.17  09.07  08.37  324.4  009.26  29.685  1023.552  1460.43 
2024 06 26 17 45 13.27  28.160  04.148  0001.18  08.25  08.43  324.4  009.26  29.682  1023.550  1460.43 
2024 06 26 17 45 13.52  28.165  04.148  0001.19  08.51  08.43  324.4  009.26  29.688  1023.555  1460.43 
2024 06 26 17 45 13.77  28.166  04.149  0001.22  08.39  08.43  324.4  009.26  29.687  1023.555  1460.44 
2024 06 26 17 45 14.02  28.164  04.146  0001.20  08.12  08.42  324.4  009.26  29.688  1023.556  1460.43 
2024 06 26 17 45 14.27  28.165  04.146  0001.21  08.40  08.34  324.2  009.26  29.690  1023.557  1460.43 
2024 06 26 17 45 14.52  28.166  04.148  0001.21  08.13  08.35  324.2  009.26  29.689  1023.556  1460.44 
2024 06 26 17 45 14.77  28.167  04.148  0001.20  08.69  08.35  324.2  009.26  29.690  1023.557  1460.44 
2024 06 26 17 45 15.02  28.167  04.148  0001.19  08.51  08.35  324.2  009.26  29.689  1023.556  1460.44 
2024 06 26 17 45 15.27  28.167  04.148  0001.20  08.87  08.35  324.2  009.26  29.690  1023.557  1460.44 
2024 06 26 17 45 15.52  28.165  04.149  0001.18  08.78  08.36  324.2  009.26  29.687  1023.554  1460.44 
2024 06 26 17 45 15.77  28.165  04.147  0001.19  09.31  08.36  324.2  009.26  29.689  1023.556  1460.43 
2024 06 26 17 45 16.02  28.163  04.147  0001.23  09.99  08.36  324.2  009.26  29.686  1023.554  1460.43 
2024 06 26 17 45 16.27  28.164  04.148  0001.23  09.03  08.42  324.2  009.26  29.686  1023.554  1460.44 
2024 06 26 17 45 16.52  28.162  04.149  0001.20  09.01  08.42  324.2  009.23  29.683  1023.552  1460.43 
2024 06 26 17 45 16.77  28.163  04.146  0001.23  09.04  08.42  324.2  009.26  29.688  1023.555  1460.43 
2024 06 26 17 45 17.02  28.165  04.146  0001.18  08.45  08.41  324.2  009.26  29.690  1023.557  1460.43 
2024 06 26 17 45 17.27  28.164  04.148  0001.19  08.42  08.33  324.2  009.26  29.687  1023.555  1460.43 
2024 06 26 17 45 17.52  28.163  04.148  0001.19  08.88  08.34  324.2  009.26  29.685  1023.553  1460.43 
2024 06 26 17 45 17.77  28.169  04.148  0001.21  08.85  08.34  324.2  009.26  29.693  1023.559  1460.44 
2024 06 26 17 45 18.02  28.167  04.147  0001.23  08.85  08.34  324.2  009.26  29.691  1023.558  1460.44 
2024 06 26 17 45 18.27  28.163  04.147  0001.22  09.01  08.34  324.2  009.26  29.685  1023.554  1460.43 
2024 06 26 17 45 18.52  28.164  04.148  0001.21  09.16  08.34  324.2  009.26  29.687  1023.555  1460.43 
2024 06 26 17 45 18.77  28.164  04.144  0001.21  09.94  08.34  324.2  009.26  29.690  1023.558  1460.42 
2024 06 26 17 45 19.02  28.166  04.147  0001.21  11.11  08.35  324.2  009.26  29.690  1023.557  1460.43 
2024 06 26 17 45 19.27  28.166  04.148  0001.22  09.63  08.41  324.2  009.26  29.688  1023.556  1460.44 
2024 06 26 17 45 19.52  28.164  04.145  0001.22  10.14  08.41  324.2  009.26  29.689  1023.557  1460.42 
2024 06 26 17 45 19.77  28.167  04.146  0001.19  09.52  08.41  324.2  009.26  29.692  1023.558  1460.43 
2024 06 26 17 45 20.02  28.165  04.147  0001.19  08.77  08.40  324.2  009.26  29.688  1023.556  1460.43 
2024 06 26 17 45 20.27  28.162  04.146  0001.21  09.33  08.32  324.4  009.26  29.686  1023.554  1460.43 
2024 06 26 17 45 20.52  28.166  04.146  0001.23  09.91  08.33  324.4  009.26  29.690  1023.557  1460.43 
2024 06 26 17 45 20.77  28.164  04.146  0001.21  09.05  08.33  324.4  009.26  29.688  1023.556  1460.43 
2024 06 26 17 45 21.02  28.164  04.143  0001.23  09.25  08.33  324.4  009.26  29.692  1023.559  1460.42 
2024 06 26 17 45 21.27  28.163  04.144  0001.25  09.08  08.33  324.4  009.26  29.688  1023.556  1460.42 
2024 06 26 17 45 21.52  28.163  04.145  0001.24  08.87  08.34  324.4  009.26  29.688  1023.556  1460.42 
2024 06 26 17 45 21.77  28.166  04.146  0001.20  08.28  08.34  324.4  009.26  29.690  1023.557  1460.43 
2024 06 26 17 45 22.02  28.164  04.146  0001.19  09.74  08.34  324.4  009.26  29.688  1023.556  1460.43 
2024 06 26 17 45 22.27  28.163  04.147  0001.19  09.82  08.40  324.4  009.26  29.687  1023.554  1460.43 
2024 06 26 17 45 22.52  28.162  04.147  0001.21  10.80  08.40  324.4  009.26  29.685  1023.553  1460.43 
2024 06 26 17 45 22.77  28.165  04.146  0001.23  10.35  08.40  324.4  009.26  29.689  1023.556  1460.43 
2024 06 26 17 45 23.02  28.163  04.143  0001.24  10.37  08.39  324.4  009.26  29.690  1023.557  1460.42 
2024 06 26 17 45 23.27  28.162  04.145  0001.24  09.85  08.31  324.1  009.26  29.687  1023.555  1460.42 
2024 06 26 17 45 23.52  28.162  04.144  0001.22  09.28  08.32  324.1  009.26  29.687  1023.555  1460.42 
2024 06 26 17 45 23.77  28.163  04.143  0001.19  09.21  08.32  324.1  009.26  29.689  1023.556  1460.42 
2024 06 26 17 45 24.02  28.163  04.146  0001.21  09.49  08.32  324.1  009.26  29.688  1023.555  1460.43 
2024 06 26 17 45 24.27  28.161  04.146  0001.22  09.40  08.35  324.1  009.26  29.685  1023.553  1460.42 
2024 06 26 17 45 24.52  28.161  04.144  0001.23  09.62  08.36  324.1  009.26  29.686  1023.555  1460.42 
2024 06 26 17 45 24.77  28.162  04.145  0001.21  09.32  08.36  324.1  009.26  29.687  1023.555  1460.42 
2024 06 26 17 45 25.02  28.162  04.145  0001.21  09.46  08.36  324.1  009.26  29.687  1023.555  1460.42 
2024 06 26 17 45 25.27  28.162  04.144  0001.20  10.20  08.44  324.1  009.26  29.687  1023.555  1460.42 
2024 06 26 17 45 25.52  28.161  04.143  0001.22  09.74  08.44  324.1  009.26  29.687  1023.555  1460.41 
2024 06 26 17 45 25.77  28.158  04.145  0001.20  09.58  08.43  324.1  009.26  29.682  1023.551  1460.41 
2024 06 26 17 45 26.02  28.161  04.143  0001.22  09.38  08.42  324.1  009.26  29.688  1023.556  1460.41 
2024 06 26 17 45 26.27  28.160  04.144  0001.24  09.17  08.34  324.1  009.26  29.685  1023.554  1460.42 
2024 06 26 17 45 26.52  28.159  04.144  0001.23  10.21  08.35  324.1  009.26  29.684  1023.553  1460.41 
2024 06 26 17 45 26.77  28.161  04.142  0001.23  09.72  08.35  324.1  009.26  29.688  1023.556  1460.41 
2024 06 26 17 45 27.02  28.159  04.143  0001.23  10.64  08.35  324.1  009.26  29.685  1023.553  1460.41 
2024 06 26 17 45 27.27  28.159  04.138  0001.22  09.82  08.32  324.1  009.26  29.690  1023.558  1460.40 
2024 06 26 17 45 27.52  28.158  04.138  0001.20  09.32  08.32  324.1  009.26  29.689  1023.557  1460.39 
2024 06 26 17 45 27.77  28.158  04.139  0001.20  08.92  08.32  324.1  009.26  29.687  1023.556  1460.40 
2024 06 26 17 45 28.02  28.155  04.139  0001.20  08.78  08.32  324.1  009.26  29.684  1023.553  1460.39 
2024 06 26 17 45 28.27  28.144  04.126  0001.22  08.63  08.39  324.1  009.26  29.683  1023.553  1460.34 
2024 06 26 17 45 28.52  28.140  04.100  0001.24  08.53  08.39  324.1  009.26  29.703  1023.572  1460.25 
2024 06 26 17 45 28.77  28.146  04.120  0001.25  09.90  08.39  324.1  009.26  29.690  1023.560  1460.32 
2024 06 26 17 45 29.02  28.132  04.111  0001.22  10.98  08.38  324.1  009.26  29.682  1023.554  1460.27 
2024 06 26 17 45 29.27  28.116  04.097  0001.24  09.85  08.30  324.5  009.26  29.676  1023.551  1460.21 
2024 06 26 17 45 29.52  28.111  04.093  0001.22  09.29  08.31  324.5  009.26  29.675  1023.550  1460.19 
2024 06 26 17 45 29.77  28.112  04.095  0001.20  09.40  08.31  324.5  009.26  29.673  1023.548  1460.20 
2024 06 26 17 45 30.02  28.107  04.098  0001.18  08.73  08.32  324.5  009.26  29.665  1023.542  1460.20 
2024 06 26 17 45 30.27  28.103  04.093  0001.18  09.18  08.32  324.5  009.26  29.666  1023.543  1460.17 
2024 06 26 17 45 30.52  28.100  04.088  0001.21  09.31  08.32  324.5  009.26  29.666  1023.543  1460.16 
2024 06 26 17 45 30.77  28.086  04.083  0001.21  09.47  08.32  324.5  009.26  29.655  1023.535  1460.12 
2024 06 26 17 45 31.02  28.074  04.055  0001.21  09.40  08.32  324.5  009.26  29.666  1023.546  1460.01 
2024 06 26 17 45 31.27  28.067  04.052  0001.23  09.57  08.39  324.5  009.26  29.660  1023.542  1460.00 
2024 06 26 17 45 31.52  28.070  04.048  0001.22  08.72  08.39  324.5  009.26  29.668  1023.548  1459.99 
2024 06 26 17 45 31.77  28.068  04.065  0001.22  08.86  08.38  324.5  009.26  29.650  1023.532  1460.04 
2024 06 26 17 45 32.02  28.062  04.060  0001.19  08.69  08.38  324.5  009.26  29.647  1023.531  1460.01 
2024 06 26 17 45 32.27  28.061  04.055  0001.19  08.64  08.29  324.5  009.26  29.651  1023.534  1459.99 
2024 06 26 17 45 32.52  28.060  04.053  0001.20  09.29  08.31  324.5  009.26  29.651  1023.535  1459.99 
2024 06 26 17 45 32.77  28.058  04.052  0001.20  09.84  08.31  324.5  009.26  29.650  1023.534  1459.98 
2024 06 26 17 45 33.02  28.050  04.046  0001.21  09.79  08.31  324.5  009.26  29.646  1023.531  1459.95 
2024 06 26 17 45 33.27  28.048  04.044  0001.22  10.68  08.31  324.5  009.26  29.646  1023.531  1459.94 
2024 06 26 17 45 33.52  28.046  04.046  0001.21  09.97  08.31  324.5  009.26  29.642  1023.528  1459.95 
2024 06 26 17 45 33.77  28.046  04.047  0001.23  09.35  08.31  324.5  009.26  29.640  1023.526  1459.95 
2024 06 26 17 45 34.02  28.048  04.047  0001.21  09.31  08.32  324.5  009.26  29.643  1023.529  1459.95 
2024 06 26 17 45 34.27  28.048  04.046  0001.19  08.83  08.38  324.5  009.26  29.644  1023.529  1459.95 
2024 06 26 17 45 34.52  28.052  04.070  0001.20  09.86  08.38  324.5  009.26  29.627  1023.514  1460.03 
2024 06 26 17 45 34.77  28.054  04.082  0001.20  10.83  08.38  324.5  009.26  29.619  1023.507  1460.07 
2024 06 26 17 45 35.02  28.053  04.061  0001.21  10.28  08.37  324.5  009.26  29.635  1023.522  1460.00 
2024 06 26 17 45 35.27  28.058  04.057  0001.21  09.59  08.29  324.6  009.26  29.645  1023.529  1460.00 
2024 06 26 17 45 35.52  28.062  04.060  0001.19  09.73  08.30  324.6  009.26  29.648  1023.531  1460.01 
2024 06 26 17 45 35.77  28.064  04.095  0001.19  09.16  08.30  324.6  009.26  29.618  1023.505  1460.12 
2024 06 26 17 45 36.02  28.068  04.105  0001.22  09.14  08.30  324.6  009.26  29.614  1023.501  1460.16 
2024 06 26 17 45 36.27  28.075  04.084  0001.22  08.91  08.31  324.6  009.26  29.641  1023.524  1460.11 
2024 06 26 17 45 36.52  28.089  04.107  0001.22  08.78  08.31  324.6  009.26  29.636  1023.518  1460.20 
2024 06 26 17 45 36.77  28.097  04.107  0001.21  09.04  08.31  324.6  009.26  29.645  1023.525  1460.21 
2024 06 26 17 45 37.02  28.093  04.094  0001.21  09.39  08.31  324.6  009.26  29.653  1023.532  1460.16 
2024 06 26 17 45 37.27  28.097  04.101  0001.18  09.42  08.37  324.6  009.26  29.651  1023.530  1460.19 
2024 06 26 17 45 37.52  28.097  04.099  0001.19  09.33  08.38  324.6  009.26  29.653  1023.532  1460.18 
2024 06 26 17 45 37.77  28.093  04.102  0001.20  09.07  08.37  324.6  009.26  29.645  1023.525  1460.19 
2024 06 26 17 45 38.02  28.087  04.083  0001.21  09.64  08.37  324.6  009.26  29.656  1023.536  1460.12 
2024 06 26 17 45 38.27  28.097  04.090  0001.23  10.35  08.28  324.8  009.26  29.661  1023.540  1460.16 
2024 06 26 17 45 38.52  28.097  04.085  0001.22  09.94  08.30  324.8  009.26  29.665  1023.543  1460.14 
2024 06 26 17 45 38.77  28.096  04.090  0001.22  09.51  08.30  324.8  009.26  29.660  1023.538  1460.16 
2024 06 26 17 45 39.02  28.093  04.092  0001.21  09.58  08.30  324.8  009.26  29.654  1023.533  1460.16 
2024 06 26 17 45 39.27  28.093  04.090  0001.21  09.10  08.30  324.8  009.26  29.656  1023.535  1460.15 
2024 06 26 17 45 39.52  28.091  04.089  0001.20  08.62  08.30  324.8  009.29  29.655  1023.534  1460.15 
2024 06 26 17 45 39.77  28.093  04.090  0001.19  08.89  08.30  324.8  009.26  29.656  1023.535  1460.15 
2024 06 26 17 45 40.02  28.094  04.089  0001.19  09.46  08.30  324.8  009.26  29.659  1023.538  1460.15 
2024 06 26 17 45 40.27  28.090  04.089  0001.20  09.73  08.37  324.8  009.26  29.654  1023.534  1460.14 
2024 06 26 17 45 40.52  28.089  04.086  0001.22  09.56  08.37  324.8  009.26  29.655  1023.535  1460.13 
2024 06 26 17 45 40.77  28.089  04.087  0001.22  09.28  08.36  324.8  009.26  29.655  1023.535  1460.14 
2024 06 26 17 45 41.02  28.091  04.089  0001.22  08.83  08.36  324.8  009.26  29.655  1023.535  1460.14 
2024 06 26 17 45 41.27  28.089  04.087  0001.22  08.71  08.28  325.0  009.26  29.654  1023.534  1460.14 
2024 06 26 17 45 41.52  28.089  04.086  0001.21  08.92  08.29  325.0  009.26  29.655  1023.535  1460.13 
2024 06 26 17 45 41.77  28.088  04.086  0001.21  08.82  08.29  325.0  009.26  29.654  1023.534  1460.13 
2024 06 26 17 45 42.02  28.086  04.083  0001.20  08.59  08.29  325.0  009.26  29.654  1023.535  1460.12 
2024 06 26 17 45 42.27  28.086  04.083  0001.21  09.09  08.29  325.0  009.26  29.654  1023.535  1460.12 
2024 06 26 17 45 42.52  28.085  04.082  0001.20  09.21  08.29  325.0  009.26  29.654  1023.535  1460.12 
2024 06 26 17 45 42.77  28.084  04.079  0001.21  09.94  08.29  325.0  009.26  29.655  1023.536  1460.10 
2024 06 26 17 45 43.02  28.081  04.078  0001.22  09.65  08.30  325.0  009.26  29.654  1023.534  1460.10 
2024 06 26 17 45 43.27  28.081  04.081  0001.22  09.43  08.36  325.0  009.26  29.651  1023.532  1460.11 
2024 06 26 17 45 43.52  28.084  04.083  0001.22  09.85  08.36  325.0  009.26  29.652  1023.533  1460.11 
2024 06 26 17 45 43.77  28.083  04.083  0001.22  09.84  08.36  325.0  009.26  29.651  1023.532  1460.11 
2024 06 26 17 45 44.02  28.082  04.078  0001.21  09.89  08.35  325.0  009.26  29.654  1023.535  1460.10 
2024 06 26 17 45 44.27  28.082  04.078  0001.20  09.09  08.27  325.0  009.26  29.655  1023.535  1460.10 
2024 06 26 17 45 44.52  28.079  04.076  0001.20  08.79  08.28  325.0  009.26  29.652  1023.534  1460.09 
2024 06 26 17 45 44.77  28.081  04.076  0001.21  08.35  08.28  325.0  009.26  29.655  1023.535  1460.09 
2024 06 26 17 45 45.02  28.077  04.073  0001.21  09.02  08.28  325.0  009.26  29.653  1023.534  1460.07 
2024 06 26 17 45 45.27  28.074  04.073  0001.21  09.69  08.29  325.0  009.26  29.649  1023.531  1460.07 
2024 06 26 17 45 45.52  28.073  04.072  0001.23  09.18  08.29  325.0  009.26  29.649  1023.531  1460.07 
2024 06 26 17 45 45.77  28.074  04.073  0001.21  09.20  08.29  325.0  009.26  29.650  1023.532  1460.07 
2024 06 26 17 45 46.02  28.073  04.073  0001.21  09.33  08.29  325.0  009.26  29.648  1023.531  1460.07 
2024 06 26 17 45 46.27  28.075  04.073  0001.19  08.97  08.35  325.0  009.26  29.651  1023.532  1460.07 
2024 06 26 17 45 46.52  28.073  04.072  0001.20  09.23  08.36  325.0  009.26  29.649  1023.531  1460.07 
2024 06 26 17 45 46.77  28.073  04.073  0001.22  09.04  08.35  325.0  009.26  29.648  1023.531  1460.07 
2024 06 26 17 45 47.02  28.074  04.075  0001.23  08.64  08.35  325.0  009.26  29.648  1023.530  1460.08 
2024 06 26 17 45 47.27  28.074  04.072  0001.22  08.38  08.26  325.1  009.26  29.650  1023.532  1460.07 
2024 06 26 17 45 47.52  28.071  04.072  0001.22  08.21  08.28  325.1  009.26  29.647  1023.530  1460.06 
2024 06 26 17 45 47.77  28.070  04.070  0001.19  08.70  08.28  325.1  009.26  29.648  1023.531  1460.06 
2024 06 26 17 45 48.02  28.069  04.071  0001.20  08.70  08.28  325.1  009.26  29.645  1023.529  1460.06 
2024 06 26 17 45 48.27  28.070  04.070  0001.20  09.26  08.28  325.1  009.26  29.647  1023.530  1460.05 
2024 06 26 17 45 48.52  28.067  04.067  0001.20  08.80  08.28  325.1  009.26  29.647  1023.530  1460.04 
2024 06 26 17 45 48.77  28.066  04.069  0001.21  08.73  08.28  325.1  009.26  29.644  1023.528  1460.05 
2024 06 26 17 45 49.02  28.067  04.070  0001.22  09.18  08.28  325.1  009.26  29.644  1023.528  1460.05 
2024 06 26 17 45 49.27  28.066  04.070  0001.23  08.69  08.35  325.1  009.26  29.642  1023.526  1460.05 
2024 06 26 17 45 49.52  28.066  04.071  0001.21  08.20  08.35  325.1  009.26  29.642  1023.526  1460.05 
2024 06 26 17 45 49.77  28.067  04.071  0001.20  08.39  08.34  325.1  009.26  29.643  1023.527  1460.05 
2024 06 26 17 45 50.02  28.066  04.071  0001.19  08.61  08.34  325.1  009.26  29.642  1023.526  1460.05 
2024 06 26 17 45 50.27  28.066  04.072  0001.19  08.37  08.26  325.2  009.29  29.642  1023.525  1460.06 
2024 06 26 17 45 50.52  28.065  04.066  0001.21  08.63  08.27  325.2  009.26  29.645  1023.529  1460.04 
2024 06 26 17 45 50.77  28.065  04.068  0001.23  09.39  08.27  325.2  009.26  29.644  1023.528  1460.04 
2024 06 26 17 45 51.02  28.063  04.066  0001.23  09.04  08.27  325.2  009.26  29.643  1023.527  1460.03 
2024 06 26 17 45 51.27  28.059  04.064  0001.21  08.51  08.27  325.2  009.26  29.641  1023.525  1460.02 
2024 06 26 17 45 51.52  28.056  04.062  0001.22  08.65  08.27  325.2  009.26  29.639  1023.524  1460.01 
2024 06 26 17 45 51.77  28.051  04.059  0001.17  08.39  08.28  325.2  009.26  29.635  1023.521  1459.99 
2024 06 26 17 45 52.02  28.048  04.054  0001.17  08.09  08.28  325.2  009.26  29.636  1023.523  1459.97 
2024 06 26 17 45 52.27  28.043  04.050  0001.19  08.51  08.34  325.2  009.26  29.634  1023.522  1459.95 
2024 06 26 17 45 52.52  28.041  04.048  0001.22  09.21  08.34  325.2  009.26  29.633  1023.521  1459.95 
2024 06 26 17 45 52.77  28.042  04.052  0001.22  10.09  08.34  325.2  009.26  29.631  1023.519  1459.96 
2024 06 26 17 45 53.02  28.042  04.051  0001.22  11.30  08.33  325.2  009.26  29.632  1023.520  1459.96 
2024 06 26 17 45 53.27  28.044  04.051  0001.21  09.92  08.25  325.3  009.26  29.635  1023.522  1459.96 
2024 06 26 17 45 53.52  28.043  04.051  0001.19  08.90  08.26  325.3  009.26  29.633  1023.521  1459.96 
2024 06 26 17 45 53.77  28.045  04.054  0001.18  08.67  08.26  325.3  009.26  29.633  1023.520  1459.97 
2024 06 26 17 45 54.02  28.046  04.057  0001.21  08.68  08.27  325.3  009.26  29.632  1023.520  1459.98 
2024 06 26 17 45 54.27  28.046  04.057  0001.20  08.75  08.27  325.3  009.26  29.631  1023.518  1459.98 
2024 06 26 17 45 54.52  28.048  04.057  0001.21  08.50  08.27  325.3  009.26  29.634  1023.521  1459.98 
2024 06 26 17 45 54.77  28.046  04.056  0001.23  08.39  08.27  325.3  009.26  29.633  1023.520  1459.98 
2024 06 26 17 45 55.02  28.047  04.056  0001.21  08.25  08.27  325.3  009.26  29.634  1023.521  1459.98 
2024 06 26 17 45 55.27  28.048  04.056  0001.20  08.13  08.33  325.3  009.26  29.635  1023.522  1459.98 
2024 06 26 17 45 55.52  28.048  04.055  0001.21  08.31  08.34  325.3  009.26  29.636  1023.522  1459.98 
2024 06 26 17 45 55.77  28.050  04.057  0001.20  08.38  08.33  325.3  009.26  29.635  1023.522  1459.99 
2024 06 26 17 45 56.02  28.049  04.058  0001.20  08.55  08.33  325.3  009.26  29.634  1023.520  1459.99 
2024 06 26 17 45 56.27  28.052  04.059  0001.21  08.40  08.24  325.5  009.26  29.636  1023.522  1460.00 
2024 06 26 17 45 56.52  28.054  04.063  0001.21  08.76  08.26  325.5  009.26  29.636  1023.522  1460.01 
2024 06 26 17 45 56.77  28.058  04.065  0001.22  08.45  08.26  325.5  009.26  29.638  1023.523  1460.02 
2024 06 26 17 45 57.02  28.056  04.063  0001.20  08.40  08.26  325.5  009.26  29.638  1023.523  1460.01 
2024 06 26 17 45 57.27  28.054  04.063  0001.21  08.69  08.26  325.5  009.26  29.636  1023.522  1460.01 
2024 06 26 17 45 57.52  28.055  04.061  0001.20  08.83  08.26  325.5  009.26  29.638  1023.524  1460.01 
2024 06 26 17 45 57.77  28.054  04.063  0001.18  09.14  08.26  325.5  009.26  29.636  1023.522  1460.01 
2024 06 26 17 45 58.02  28.054  04.061  0001.20  08.83  08.26  325.5  009.26  29.637  1023.523  1460.01 
2024 06 26 17 45 58.27  28.058  04.066  0001.22  08.75  08.33  325.5  009.26  29.637  1023.523  1460.03 
2024 06 26 17 45 58.52  28.054  04.061  0001.22  08.65  08.33  325.5  009.26  29.637  1023.523  1460.00 
2024 06 26 17 45 58.77  28.054  04.060  0001.21  08.36  08.33  325.5  009.26  29.638  1023.523  1460.00 
2024 06 26 17 45 59.02  28.055  04.062  0001.21  08.25  08.32  325.5  009.26  29.637  1023.523  1460.01 
2024 06 26 17 45 59.27  28.058  04.065  0001.20  08.55  08.24  325.3  009.26  29.638  1023.523  1460.02 
2024 06 26 17 45 59.52  28.059  04.066  0001.21  08.57  08.25  325.3  009.26  29.639  1023.524  1460.03 
2024 06 26 17 45 59.77  28.058  04.063  0001.20  08.48  08.25  325.3  009.26  29.640  1023.525  1460.02 
2024 06 26 17 46 00.02  28.057  04.063  0001.21  08.50  08.25  325.3  009.26  29.639  1023.524  1460.01 
2024 06 26 17 46 00.27  28.054  04.060  0001.22  08.53  08.25  325.3  009.26  29.637  1023.523  1460.00 
2024 06 26 17 46 00.52  28.058  04.063  0001.22  08.17  08.26  325.3  009.26  29.641  1023.526  1460.02 
2024 06 26 17 46 00.77  28.058  04.062  0001.21  08.20  08.26  325.3  009.26  29.640  1023.525  1460.01 
2024 06 26 17 46 01.02  28.056  04.064  0001.18  08.79  08.26  325.3  009.26  29.637  1023.523  1460.01 
2024 06 26 17 46 01.27  28.055  04.060  0001.21  09.31  08.32  325.3  009.26  29.639  1023.525  1460.00 
2024 06 26 17 46 01.52  28.054  04.060  0001.20  09.66  08.32  325.3  009.26  29.638  1023.524  1460.00 
2024 06 26 17 46 01.77  28.055  04.060  0001.20  09.42  08.32  325.3  009.26  29.640  1023.525  1460.00 
2024 06 26 17 46 02.02  28.054  04.062  0001.21  09.15  08.32  325.3  009.26  29.637  1023.523  1460.01 
2024 06 26 17 46 02.27  28.051  04.061  0001.22  09.06  08.23  325.3  009.26  29.634  1023.520  1460.00 
2024 06 26 17 46 02.52  28.048  04.054  0001.21  09.07  08.25  325.3  009.26  29.636  1023.523  1459.98 
2024 06 26 17 46 02.77  28.042  04.051  0001.20  09.28  08.25  325.3  009.26  29.632  1023.520  1459.96 
2024 06 26 17 46 03.02  28.044  04.052  0001.18  09.35  08.25  325.3  009.26  29.634  1023.521  1459.96 
2024 06 26 17 46 03.27  28.046  04.055  0001.18  08.88  08.25  325.3  009.26  29.633  1023.520  1459.97 
2024 06 26 17 46 03.52  28.049  04.059  0001.17  08.42  08.25  325.3  009.26  29.633  1023.520  1459.99 
2024 06 26 17 46 03.77  28.058  04.069  0001.19  08.71  08.25  325.3  009.26  29.634  1023.519  1460.03 
2024 06 26 17 46 04.02  28.070  04.078  0001.21  08.80  08.25  325.3  009.26  29.641  1023.524  1460.08 
2024 06 26 17 46 04.27  28.074  04.080  0001.20  08.96  08.32  325.3  009.26  29.642  1023.525  1460.09 
2024 06 26 17 46 04.52  28.074  04.079  0001.19  08.59  08.32  325.3  009.26  29.645  1023.527  1460.09 
2024 06 26 17 46 04.77  28.074  04.078  0001.17  08.92  08.31  325.3  009.26  29.644  1023.527  1460.09 
2024 06 26 17 46 05.02  28.074  04.077  0001.18  09.15  08.31  325.3  009.26  29.645  1023.528  1460.08 
2024 06 26 17 46 05.27  28.073  04.084  0001.19  08.97  08.23  325.5  009.26  29.638  1023.521  1460.10 
2024 06 26 17 46 05.52  28.078  04.086  0001.19  08.70  08.24  325.5  009.26  29.643  1023.525  1460.12 
2024 06 26 17 46 05.77  28.080  04.086  0001.20  08.99  08.24  325.5  009.26  29.644  1023.526  1460.12 
2024 06 26 17 46 06.02  28.081  04.088  0001.21  09.25  08.24  325.5  009.26  29.644  1023.526  1460.13 
2024 06 26 17 46 06.27  28.082  04.086  0001.21  09.33  08.25  325.5  009.26  29.648  1023.529  1460.12 
2024 06 26 17 46 06.52  28.079  04.084  0001.18  08.69  08.25  325.5  009.26  29.645  1023.527  1460.11 
2024 06 26 17 46 06.77  28.080  04.078  0001.19  08.55  08.25  325.5  009.26  29.652  1023.533  1460.09 
2024 06 26 17 46 07.02  28.067  04.073  0001.17  08.14  08.25  325.5  009.26  29.642  1023.525  1460.06 
2024 06 26 17 46 07.27  28.053  04.055  0001.18  08.31  08.31  325.5  009.26  29.641  1023.526  1459.98 
2024 06 26 17 46 07.52  28.049  04.048  0001.19  08.40  08.31  325.5  009.26  29.643  1023.529  1459.95 
2024 06 26 17 46 07.77  28.051  04.058  0001.21  08.52  08.31  325.5  009.26  29.637  1023.523  1459.99 
2024 06 26 17 46 08.02  28.051  04.059  0001.21  08.22  08.30  325.5  009.26  29.636  1023.522  1459.99 
2024 06 26 17 46 08.27  28.054  04.061  0001.20  08.23  08.23  324.9  009.26  29.638  1023.523  1460.00 
2024 06 26 17 46 08.52  28.048  04.057  0001.19  08.32  08.24  324.9  009.26  29.634  1023.521  1459.98 
2024 06 26 17 46 08.77  28.046  04.040  0001.20  08.54  08.24  324.9  009.26  29.646  1023.532  1459.93 
2024 06 26 17 46 09.02  28.041  04.042  0001.20  08.35  08.24  324.9  009.26  29.639  1023.526  1459.92 
2024 06 26 17 46 09.27  28.035  04.038  0001.20  08.40  08.24  324.9  009.26  29.636  1023.524  1459.91 
2024 06 26 17 46 09.52  28.036  04.036  0001.19  08.34  08.24  324.9  009.26  29.639  1023.527  1459.90 
2024 06 26 17 46 09.77  28.036  04.045  0001.21  08.29  08.24  324.9  009.26  29.631  1023.520  1459.93 
2024 06 26 17 46 10.02  28.036  04.047  0001.20  08.25  08.24  324.9  009.26  29.629  1023.518  1459.93 
2024 06 26 17 46 10.27  28.035  04.047  0001.21  08.43  08.30  324.9  009.26  29.627  1023.517  1459.93 
2024 06 26 17 46 10.52  28.032  04.039  0001.21  08.52  08.31  324.9  009.26  29.631  1023.520  1459.90 
2024 06 26 17 46 10.77  28.031  04.044  0001.21  08.50  08.30  324.9  009.26  29.626  1023.516  1459.92 
2024 06 26 17 46 11.02  28.033  04.038  0001.19  08.64  08.30  324.9  009.26  29.633  1023.522  1459.90 
2024 06 26 17 46 11.27  28.039  04.044  0001.18  08.24  08.22  325.4  009.26  29.636  1023.523  1459.93 
2024 06 26 17 46 11.52  28.067  04.081  0001.15  08.73  08.23  325.4  009.26  29.634  1023.519  1460.08 
2024 06 26 17 46 11.77  28.082  04.099  0001.13  08.95  08.23  325.4  009.26  29.635  1023.518  1460.16 
2024 06 26 17 46 12.02  28.085  04.099  0001.16  08.99  08.24  325.4  009.26  29.638  1023.520  1460.17 
2024 06 26 17 46 12.27  28.098  04.108  0001.17  08.53  08.24  325.4  009.26  29.646  1023.526  1460.21 
2024 06 26 17 46 12.52  28.099  04.103  0001.19  08.26  08.24  325.4  009.26  29.652  1023.530  1460.20 
2024 06 26 17 46 12.77  28.096  04.101  0001.19  08.18  08.24  325.4  009.26  29.650  1023.529  1460.19 
2024 06 26 17 46 13.02  28.097  04.100  0001.18  07.93  08.24  325.4  009.26  29.652  1023.531  1460.19 
2024 06 26 17 46 13.27  28.097  04.098  0001.17  08.11  08.30  325.4  009.26  29.653  1023.532  1460.18 
2024 06 26 17 46 13.52  28.101  04.100  0001.13  07.96  08.31  325.4  009.26  29.657  1023.535  1460.19 
2024 06 26 17 46 13.77  28.103  04.106  0001.14  08.02  08.30  325.4  009.26  29.654  1023.532  1460.21 
2024 06 26 17 46 14.02  28.106  04.111  0001.14  08.12  08.30  325.4  009.26  29.653  1023.531  1460.23 
2024 06 26 17 46 14.27  28.109  04.113  0001.17  08.14  08.22  325.2  009.26  29.654  1023.531  1460.24 
2024 06 26 17 46 14.52  28.110  04.113  0001.17  08.14  08.23  325.2  009.26  29.656  1023.533  1460.25 
2024 06 26 17 46 14.77  28.109  04.110  0001.16  08.04  08.23  325.2  009.26  29.657  1023.534  1460.24 
2024 06 26 17 46 15.02  28.111  04.109  0001.16  08.04  08.23  325.2  009.26  29.660  1023.536  1460.24 
2024 06 26 17 46 15.27  28.110  04.110  0001.14  07.79  08.23  325.2  009.26  29.658  1023.535  1460.24 
2024 06 26 17 46 15.52  28.108  04.113  0001.16  07.64  08.23  325.2  009.26  29.653  1023.530  1460.24 
2024 06 26 17 46 15.77  28.104  04.114  0001.14  07.90  08.23  325.2  009.26  29.647  1023.526  1460.24 
2024 06 26 17 46 16.02  28.106  04.113  0001.14  07.83  08.27  325.2  009.26  29.651  1023.529  1460.24 
2024 06 26 17 46 16.27  28.111  04.112  0001.16  08.09  08.31  325.2  009.26  29.657  1023.534  1460.24 
2024 06 26 17 46 16.52  28.109  04.108  0001.17  08.21  08.32  325.2  009.26  29.658  1023.535  1460.23 
2024 06 26 17 46 16.77  28.107  04.103  0001.18  08.13  08.31  325.2  009.26  29.661  1023.538  1460.21 
2024 06 26 17 46 17.02  28.105  04.101  0001.18  08.07  08.30  325.2  009.26  29.661  1023.538  1460.20 
2024 06 26 17 46 17.27  28.101  04.099  0001.18  07.89  08.25  324.5  009.26  29.657  1023.535  1460.19 
2024 06 26 17 46 17.52  28.100  04.097  0001.17  08.22  08.25  324.5  009.26  29.658  1023.536  1460.18 
2024 06 26 17 46 17.77  28.099  04.098  0001.18  08.23  08.23  324.5  009.26  29.656  1023.535  1460.18 
2024 06 26 17 46 18.02  28.098  04.099  0001.15  07.97  08.23  324.5  009.26  29.654  1023.533  1460.18 
2024 06 26 17 46 18.27  28.097  04.099  0001.18  07.77  08.26  324.5  009.26  29.653  1023.532  1460.18 
2024 06 26 17 46 18.52  28.098  04.099  0001.18  07.83  08.25  324.5  009.26  29.654  1023.533  1460.19 
2024 06 26 17 46 18.77  28.101  04.101  0001.20  07.82  08.23  324.5  009.26  29.656  1023.534  1460.19 
2024 06 26 17 46 19.02  28.100  04.100  0001.20  07.82  08.23  324.5  009.26  29.655  1023.533  1460.19 
2024 06 26 17 46 19.27  28.100  04.097  0001.20  08.12  08.27  324.5  009.26  29.657  1023.536  1460.18 
2024 06 26 17 46 19.52  28.099  04.097  0001.18  08.14  08.28  324.5  009.26  29.656  1023.535  1460.18 
2024 06 26 17 46 19.77  28.097  04.098  0001.19  08.10  08.28  324.5  009.26  29.653  1023.532  1460.18 
2024 06 26 17 46 20.02  28.096  04.098  0001.19  08.04  08.27  324.5  009.26  29.653  1023.532  1460.18 
2024 06 26 17 46 20.27  28.097  04.097  0001.20  08.05  08.21  324.5  009.26  29.654  1023.533  1460.18 
2024 06 26 17 46 20.52  28.095  04.097  0001.18  08.23  08.22  324.5  009.26  29.652  1023.532  1460.17 
2024 06 26 17 46 20.77  28.097  04.098  0001.19  08.07  08.22  324.5  009.26  29.653  1023.532  1460.18 
2024 06 26 17 46 21.02  28.094  04.099  0001.19  08.34  08.22  324.5  009.26  29.649  1023.529  1460.18 
2024 06 26 17 46 21.27  28.098  04.097  0001.20  08.40  08.22  324.5  009.26  29.656  1023.534  1460.18 
2024 06 26 17 46 21.52  28.091  04.096  0001.20  08.42  08.22  324.5  009.26  29.649  1023.529  1460.16 
2024 06 26 17 46 21.77  28.090  04.094  0001.20  08.67  08.22  324.5  009.26  29.650  1023.530  1460.16 
2024 06 26 17 46 22.02  28.093  04.092  0001.20  08.32  08.22  324.5  009.26  29.654  1023.533  1460.16 
2024 06 26 17 46 22.27  28.090  04.091  0001.22  07.95  08.27  324.5  009.26  29.652  1023.532  1460.15 
2024 06 26 17 46 22.52  28.088  04.091  0001.23  08.02  08.27  324.5  009.26  29.649  1023.530  1460.15 
2024 06 26 17 46 22.77  28.088  04.088  0001.20  08.03  08.27  324.5  009.26  29.652  1023.532  1460.14 
2024 06 26 17 46 23.02  28.087  04.089  0001.21  08.14  08.27  324.5  009.26  29.650  1023.531  1460.14 
2024 06 26 17 46 23.27  28.087  04.088  0001.21  07.93  08.21  324.3  009.26  29.651  1023.531  1460.14 
2024 06 26 17 46 23.52  28.082  04.087  0001.21  08.02  08.22  324.3  009.26  29.646  1023.528  1460.13 
2024 06 26 17 46 23.77  28.084  04.087  0001.20  08.02  08.22  324.3  009.26  29.648  1023.529  1460.13 
2024 06 26 17 46 24.02  28.083  04.087  0001.22  08.00  08.22  324.3  009.26  29.648  1023.529  1460.13 
2024 06 26 17 46 24.27  28.082  04.089  0001.21  08.04  08.22  324.3  009.26  29.645  1023.527  1460.13 
2024 06 26 17 46 24.52  28.084  04.090  0001.22  07.94  08.22  324.3  009.26  29.646  1023.527  1460.14 
2024 06 26 17 46 24.77  28.085  04.090  0001.21  08.10  08.22  324.3  009.26  29.647  1023.529  1460.14 
2024 06 26 17 46 25.02  28.085  04.090  0001.22  08.04  08.22  324.3  009.26  29.647  1023.529  1460.14 
2024 06 26 17 46 25.27  28.087  04.090  0001.24  08.17  08.26  324.3  009.26  29.649  1023.530  1460.14 
2024 06 26 17 46 25.52  28.088  04.093  0001.21  08.29  08.27  324.3  009.26  29.647  1023.528  1460.15 
2024 06 26 17 46 25.77  28.088  04.097  0001.22  08.24  08.27  324.3  009.26  29.644  1023.525  1460.17 
2024 06 26 17 46 26.02  28.088  04.096  0001.23  08.26  08.27  324.3  009.26  29.644  1023.526  1460.16 
2024 06 26 17 46 26.27  28.089  04.098  0001.21  08.47  08.21  324.1  009.26  29.645  1023.526  1460.17 
2024 06 26 17 46 26.52  28.091  04.097  0001.23  08.91  08.21  324.1  009.26  29.647  1023.528  1460.17 
2024 06 26 17 46 26.77  28.093  04.098  0001.23  08.57  08.21  324.1  009.26  29.649  1023.529  1460.18 
2024 06 26 17 46 27.02  28.092  04.098  0001.23  08.24  08.21  324.1  009.26  29.648  1023.528  1460.17 
2024 06 26 17 46 27.27  28.089  04.097  0001.22  08.17  08.21  324.1  009.26  29.645  1023.526  1460.17 
2024 06 26 17 46 27.52  28.090  04.098  0001.20  08.61  08.21  324.1  009.26  29.646  1023.527  1460.17 
2024 06 26 17 46 27.77  28.093  04.098  0001.21  08.62  08.21  324.1  009.26  29.648  1023.529  1460.18 
2024 06 26 17 46 28.02  28.092  04.101  0001.21  08.48  08.22  324.1  009.26  29.645  1023.525  1460.18 
2024 06 26 17 46 28.27  28.095  04.101  0001.23  08.85  08.26  324.1  009.26  29.649  1023.529  1460.19 
2024 06 26 17 46 28.52  28.094  04.101  0001.25  08.72  08.27  324.1  009.26  29.648  1023.528  1460.19 
2024 06 26 17 46 28.77  28.096  04.099  0001.25  08.41  08.26  324.1  009.26  29.651  1023.531  1460.18 
2024 06 26 17 46 29.02  28.095  04.102  0001.22  08.37  08.26  324.1  009.26  29.648  1023.528  1460.19 
2024 06 26 17 46 29.27  28.097  04.102  0001.23  08.82  08.20  324.2  009.26  29.650  1023.530  1460.20 
2024 06 26 17 46 29.52  28.098  04.102  0001.24  08.72  08.21  324.2  009.29  29.651  1023.531  1460.20 
2024 06 26 17 46 29.77  28.099  04.102  0001.23  08.71  08.21  324.2  009.26  29.653  1023.532  1460.20 
2024 06 26 17 46 30.02  28.099  04.102  0001.21  08.54  08.21  324.2  009.26  29.653  1023.532  1460.20 
2024 06 26 17 46 30.27  28.099  04.102  0001.23  08.54  08.21  324.2  009.26  29.653  1023.532  1460.20 
2024 06 26 17 46 30.52  28.096  04.101  0001.22  08.52  08.21  324.2  009.26  29.650  1023.530  1460.19 
2024 06 26 17 46 30.77  28.101  04.101  0001.24  09.32  08.21  324.2  009.26  29.655  1023.534  1460.20 
2024 06 26 17 46 31.02  28.100  04.101  0001.22  08.78  08.21  324.2  009.26  29.654  1023.533  1460.20 
2024 06 26 17 46 31.27  28.099  04.102  0001.24  08.85  08.26  324.2  009.26  29.653  1023.532  1460.20 
2024 06 26 17 46 31.52  28.099  04.101  0001.23  08.49  08.26  324.2  009.26  29.653  1023.532  1460.19 
2024 06 26 17 46 31.77  28.100  04.102  0001.23  08.38  08.26  324.2  009.26  29.654  1023.533  1460.20 
2024 06 26 17 46 32.02  28.097  04.102  0001.23  08.50  08.26  324.2  009.26  29.650  1023.530  1460.20 
2024 06 26 17 46 32.27  28.101  04.102  0001.23  08.42  08.20  324.3  009.26  29.655  1023.533  1460.20 
2024 06 26 17 46 32.52  28.098  04.102  0001.22  08.35  08.20  324.3  009.26  29.652  1023.531  1460.20 
2024 06 26 17 46 32.77  28.099  04.104  0001.22  08.36  08.21  324.3  009.26  29.651  1023.530  1460.20 
2024 06 26 17 46 33.02  28.099  04.105  0001.23  08.28  08.21  324.3  009.26  29.650  1023.529  1460.21 
2024 06 26 17 46 33.27  28.097  04.106  0001.23  08.39  08.21  324.3  009.26  29.647  1023.527  1460.21 
2024 06 26 17 46 33.52  28.099  04.103  0001.23  09.04  08.21  324.3  009.26  29.651  1023.530  1460.20 
2024 06 26 17 46 33.77  28.101  04.105  0001.22  08.59  08.21  324.3  009.26  29.652  1023.531  1460.21 
2024 06 26 17 46 34.02  28.097  04.107  0001.21  08.45  08.21  324.3  009.26  29.646  1023.526  1460.21 
2024 06 26 17 46 34.27  28.101  04.105  0001.21  08.69  08.25  324.3  009.26  29.653  1023.531  1460.21 
2024 06 26 17 46 34.52  28.099  04.105  0001.24  08.92  08.26  324.3  009.23  29.650  1023.529  1460.21 
2024 06 26 17 46 34.77  28.098  04.103  0001.24  09.34  08.26  324.3  009.26  29.651  1023.530  1460.20 
2024 06 26 17 46 35.02  28.099  04.102  0001.24  08.89  08.25  324.3  009.26  29.652  1023.531  1460.20 
2024 06 26 17 46 35.27  28.095  04.102  0001.23  08.90  08.19  324.3  009.26  29.648  1023.528  1460.19 
2024 06 26 17 46 35.52  28.093  04.101  0001.22  08.73  08.20  324.3  009.26  29.647  1023.527  1460.18 
2024 06 26 17 46 35.77  28.095  04.101  0001.21  08.79  08.20  324.3  009.26  29.649  1023.529  1460.19 
2024 06 26 17 46 36.02  28.092  04.100  0001.22  08.73  08.20  324.3  009.26  29.646  1023.526  1460.18 
2024 06 26 17 46 36.27  28.095  04.101  0001.24  08.93  08.20  324.3  009.26  29.649  1023.529  1460.19 
2024 06 26 17 46 36.52  28.093  04.101  0001.26  08.49  08.20  324.3  009.26  29.645  1023.526  1460.19 
2024 06 26 17 46 36.77  28.093  04.102  0001.25  08.90  08.20  324.3  009.26  29.646  1023.526  1460.19 
2024 06 26 17 46 37.02  28.095  04.101  0001.24  08.57  08.20  324.3  009.26  29.649  1023.529  1460.19 
2024 06 26 17 46 37.27  28.097  04.101  0001.21  08.38  08.25  324.3  009.26  29.651  1023.530  1460.19 
2024 06 26 17 46 37.52  28.095  04.101  0001.21  08.65  08.26  324.3  009.26  29.649  1023.529  1460.19 
2024 06 26 17 46 37.77  28.098  04.101  0001.22  10.72  08.25  324.3  009.26  29.653  1023.532  1460.19 
2024 06 26 17 46 38.02  28.095  04.101  0001.20  09.22  08.25  324.3  009.26  29.649  1023.528  1460.19 
2024 06 26 17 46 38.27  28.095  04.100  0001.23  08.71  08.19  324.3  009.26  29.650  1023.529  1460.18 
2024 06 26 17 46 38.52  28.095  04.099  0001.25  08.57  08.20  324.3  009.26  29.650  1023.530  1460.18 
2024 06 26 17 46 38.77  28.094  04.098  0001.26  09.32  08.20  324.3  009.26  29.650  1023.530  1460.18 
2024 06 26 17 46 39.02  28.094  04.098  0001.24  08.91  08.20  324.3  009.26  29.650  1023.530  1460.18 
2024 06 26 17 46 39.27  28.093  04.098  0001.24  08.56  08.20  324.3  009.26  29.648  1023.528  1460.18 
2024 06 26 17 46 39.52  28.094  04.100  0001.22  08.25  08.20  324.3  009.26  29.649  1023.529  1460.18 
2024 06 26 17 46 39.77  28.094  04.098  0001.21  08.36  08.20  324.3  009.26  29.651  1023.530  1460.18 
2024 06 26 17 46 40.02  28.094  04.098  0001.20  08.21  08.20  324.3  009.26  29.651  1023.530  1460.18 
2024 06 26 17 46 40.27  28.089  04.098  0001.20  08.52  08.24  324.3  009.26  29.645  1023.526  1460.17 
2024 06 26 17 46 40.52  28.089  04.097  0001.24  08.82  08.25  324.3  009.26  29.645  1023.526  1460.17 
2024 06 26 17 46 40.77  28.090  04.097  0001.25  09.29  08.25  324.3  009.26  29.647  1023.528  1460.17 
2024 06 26 17 46 41.02  28.091  04.096  0001.24  09.14  08.25  324.3  009.26  29.649  1023.529  1460.17 
2024 06 26 17 46 41.27  28.091  04.095  0001.22  09.03  08.19  324.3  009.26  29.650  1023.530  1460.16 
2024 06 26 17 46 41.52  28.089  04.096  0001.24  08.92  08.19  324.3  009.26  29.646  1023.527  1460.16 
2024 06 26 17 46 41.77  28.089  04.093  0001.21  08.86  08.19  324.3  009.29  29.648  1023.529  1460.15 
2024 06 26 17 46 42.02  28.088  04.095  0001.22  08.86  08.19  324.3  009.26  29.646  1023.527  1460.16 
2024 06 26 17 46 42.27  28.089  04.093  0001.22  09.91  08.19  324.3  009.26  29.648  1023.529  1460.16 
2024 06 26 17 46 42.52  28.088  04.093  0001.22  09.54  08.19  324.3  009.26  29.648  1023.528  1460.15 
2024 06 26 17 46 42.77  28.085  04.093  0001.23  09.41  08.20  324.3  009.26  29.645  1023.526  1460.15 
2024 06 26 17 46 43.02  28.086  04.093  0001.23  08.88  08.20  324.3  009.26  29.646  1023.527  1460.15 
2024 06 26 17 46 43.27  28.087  04.093  0001.21  08.53  08.24  324.3  009.26  29.646  1023.527  1460.15 
2024 06 26 17 46 43.52  28.088  04.093  0001.22  08.95  08.25  324.3  009.26  29.648  1023.529  1460.15 
2024 06 26 17 46 43.77  28.087  04.092  0001.23  08.65  08.25  324.3  009.26  29.647  1023.528  1460.15 
2024 06 26 17 46 44.02  28.089  04.094  0001.25  08.64  08.24  324.3  009.26  29.648  1023.529  1460.16 
2024 06 26 17 46 44.27  28.086  04.093  0001.25  08.80  08.18  324.2  009.26  29.646  1023.527  1460.15 
2024 06 26 17 46 44.52  28.086  04.093  0001.24  08.69  08.19  324.2  009.26  29.646  1023.527  1460.15 
2024 06 26 17 46 44.77  28.085  04.092  0001.23  08.40  08.19  324.2  009.26  29.646  1023.527  1460.15 
2024 06 26 17 46 45.02  28.087  04.091  0001.24  08.33  08.19  324.2  009.26  29.648  1023.529  1460.15 
2024 06 26 17 46 45.27  28.085  04.091  0001.22  08.35  08.19  324.2  009.29  29.646  1023.527  1460.14 
2024 06 26 17 46 45.52  28.083  04.091  0001.22  08.29  08.19  324.2  009.26  29.644  1023.526  1460.14 
2024 06 26 17 46 45.77  28.085  04.092  0001.22  08.59  08.19  324.2  009.26  29.644  1023.526  1460.15 
2024 06 26 17 46 46.02  28.085  04.092  0001.23  08.93  08.19  324.2  009.26  29.645  1023.526  1460.14 
2024 06 26 17 46 46.27  28.085  04.092  0001.24  08.76  08.24  324.2  009.26  29.645  1023.527  1460.14 
2024 06 26 17 46 46.52  28.082  04.092  0001.24  09.58  08.24  324.2  009.26  29.642  1023.524  1460.14 
2024 06 26 17 46 46.77  28.083  04.090  0001.24  09.27  08.24  324.2  009.26  29.644  1023.526  1460.14 
2024 06 26 17 46 47.02  28.082  04.090  0001.25  08.34  08.24  324.2  009.26  29.644  1023.526  1460.14 
2024 06 26 17 46 47.27  28.081  04.088  0001.23  08.31  08.18  324.3  009.26  29.645  1023.526  1460.13 
2024 06 26 17 46 47.52  28.083  04.087  0001.22  08.40  08.18  324.3  009.26  29.648  1023.529  1460.13 
2024 06 26 17 46 47.77  28.081  04.088  0001.21  08.25  08.19  324.3  009.26  29.645  1023.526  1460.13 
2024 06 26 17 46 48.02  28.084  04.089  0001.23  08.31  08.19  324.3  009.26  29.646  1023.528  1460.14 
2024 06 26 17 46 48.27  28.083  04.090  0001.23  09.00  08.19  324.3  009.26  29.645  1023.527  1460.13 
2024 06 26 17 46 48.52  28.081  04.088  0001.22  09.33  08.19  324.3  009.26  29.643  1023.526  1460.13 
2024 06 26 17 46 48.77  28.081  04.089  0001.25  09.22  08.19  324.3  009.26  29.643  1023.525  1460.13 
2024 06 26 17 46 49.02  28.083  04.092  0001.24  08.69  08.19  324.3  009.26  29.643  1023.525  1460.14 
2024 06 26 17 46 49.27  28.084  04.092  0001.24  08.56  08.23  324.3  009.26  29.644  1023.525  1460.14 
2024 06 26 17 46 49.52  28.080  04.089  0001.22  08.15  08.24  324.3  009.26  29.642  1023.524  1460.13 
2024 06 26 17 46 49.77  28.081  04.091  0001.22  08.30  08.24  324.3  009.26  29.641  1023.523  1460.14 
2024 06 26 17 46 50.02  28.082  04.092  0001.22  08.46  08.24  324.3  009.26  29.642  1023.524  1460.14 
2024 06 26 17 46 50.27  28.082  04.092  0001.22  08.72  08.17  324.4  009.26  29.642  1023.524  1460.14 
2024 06 26 17 46 50.52  28.085  04.092  0001.25  08.82  08.18  324.4  009.26  29.644  1023.526  1460.15 
2024 06 26 17 46 50.77  28.082  04.093  0001.23  09.57  08.18  324.4  009.26  29.641  1023.523  1460.14 
2024 06 26 17 46 51.02  28.084  04.093  0001.25  09.40  08.18  324.4  009.26  29.643  1023.525  1460.15 
2024 06 26 17 46 51.27  28.083  04.093  0001.25  09.40  08.18  324.4  009.26  29.642  1023.524  1460.15 
2024 06 26 17 46 51.52  28.085  04.092  0001.21  09.07  08.18  324.4  009.26  29.644  1023.526  1460.15 
2024 06 26 17 46 51.77  28.086  04.093  0001.22  08.69  08.18  324.4  009.26  29.645  1023.527  1460.15 
2024 06 26 17 46 52.02  28.084  04.093  0001.21  08.45  08.18  324.4  009.26  29.643  1023.525  1460.15 
2024 06 26 17 46 52.27  28.084  04.095  0001.21  08.29  08.23  324.4  009.26  29.641  1023.523  1460.15 
2024 06 26 17 46 52.52  28.082  04.093  0001.24  09.07  08.24  324.4  009.26  29.641  1023.523  1460.14 
2024 06 26 17 46 52.77  28.085  04.094  0001.25  09.22  08.23  324.4  009.26  29.643  1023.525  1460.15 
2024 06 26 17 46 53.02  28.085  04.094  0001.25  09.06  08.23  324.4  009.26  29.644  1023.526  1460.15 
2024 06 26 17 46 53.27  28.084  04.095  0001.24  09.10  08.17  324.3  009.26  29.641  1023.523  1460.15 
2024 06 26 17 46 53.52  28.085  04.095  0001.25  08.59  08.18  324.3  009.26  29.642  1023.524  1460.16 
2024 06 26 17 46 53.77  28.085  04.093  0001.24  08.35  08.18  324.3  009.26  29.643  1023.525  1460.15 
2024 06 26 17 46 54.02  28.085  04.095  0001.22  08.01  08.18  324.3  009.26  29.643  1023.524  1460.16 
2024 06 26 17 46 54.27  28.084  04.096  0001.21  08.07  08.18  324.3  009.26  29.641  1023.523  1460.15 
2024 06 26 17 46 54.52  28.087  04.093  0001.21  08.71  08.18  324.3  009.26  29.647  1023.528  1460.15 
2024 06 26 17 46 54.77  28.085  04.093  0001.21  08.76  08.18  324.3  009.26  29.645  1023.526  1460.15 
2024 06 26 17 46 55.02  28.083  04.093  0001.23  09.36  08.18  324.3  009.26  29.642  1023.524  1460.15 
2024 06 26 17 46 55.27  28.083  04.092  0001.25  09.11  08.22  324.3  009.26  29.643  1023.525  1460.14 
2024 06 26 17 46 55.52  28.088  04.098  0001.25  09.64  08.23  324.3  009.26  29.643  1023.525  1460.17 
2024 06 26 17 46 55.77  28.085  04.097  0001.25  08.91  08.23  324.3  009.26  29.641  1023.523  1460.16 
2024 06 26 17 46 56.02  28.087  04.094  0001.22  09.12  08.23  324.3  009.26  29.646  1023.527  1460.15 
2024 06 26 17 46 56.27  28.086  04.093  0001.22  09.05  08.17  324.3  009.26  29.646  1023.527  1460.15 
2024 06 26 17 46 56.52  28.089  04.096  0001.20  08.62  08.17  324.3  009.26  29.645  1023.526  1460.16 
2024 06 26 17 46 56.77  28.084  04.097  0001.25  08.73  08.17  324.3  009.26  29.639  1023.521  1460.16 
2024 06 26 17 46 57.02  28.085  04.097  0001.29  09.27  08.18  324.3  009.26  29.641  1023.523  1460.16 
2024 06 26 17 46 57.27  28.085  04.096  0001.34  09.77  08.18  324.3  009.26  29.641  1023.524  1460.16 
2024 06 26 17 46 57.52  28.084  04.095  0001.41  09.63  08.18  324.3  009.26  29.641  1023.524  1460.16 
2024 06 26 17 46 57.77  28.088  04.093  0001.54  09.08  08.18  324.3  009.26  29.647  1023.530  1460.16 
2024 06 26 17 46 58.02  28.089  04.097  0001.76  08.99  08.18  324.3  009.26  29.645  1023.529  1460.18 
2024 06 26 17 46 58.27  28.089  04.094  0002.02  08.68  08.22  324.3  009.26  29.648  1023.533  1460.17 
2024 06 26 17 46 58.52  28.101  04.102  0002.33  08.83  08.23  324.3  009.26  29.655  1023.539  1460.22 
2024 06 26 17 46 58.77  28.134  04.128  0002.65  08.86  08.22  324.3  009.26  29.669  1023.549  1460.35 
2024 06 26 17 46 59.02  28.198  04.178  0002.96  08.97  08.21  324.3  009.26  29.699  1023.569  1460.60 
2024 06 26 17 46 59.27  28.345  04.312  0003.34  08.61  08.09  324.4  009.26  29.747  1023.597  1461.24 
2024 06 26 17 46 59.52  28.489  04.400  0003.68  08.36  08.14  324.4  009.26  29.834  1023.659  1461.72 
2024 06 26 17 46 59.77  28.541  04.430  0004.05  08.08  08.19  324.4  009.26  29.866  1023.683  1461.89 
2024 06 26 17 47 00.02  28.550  04.438  0004.45  07.83  08.13  324.4  009.26  29.869  1023.687  1461.94 
2024 06 26 17 47 00.27  28.616  04.491  0004.83  07.83  08.18  324.4  009.26  29.898  1023.706  1462.20 
2024 06 26 17 47 00.52  28.716  04.580  0005.25  07.74  08.06  324.4  009.26  29.931  1023.726  1462.62 
2024 06 26 17 47 00.77  28.745  04.595  0005.66  07.43  08.13  324.4  009.26  29.951  1023.743  1462.72 
2024 06 26 17 47 01.02  28.698  04.530  0006.06  07.14  08.13  324.4  009.26  29.955  1023.754  1462.46 
2024 06 26 17 47 01.27  28.693  04.520  0006.48  07.33  08.27  324.4  009.26  29.958  1023.759  1462.43 
2024 06 26 17 47 01.52  28.694  04.523  0006.88  07.31  08.29  324.4  009.26  29.958  1023.760  1462.44 
2024 06 26 17 47 01.77  28.698  04.522  0007.31  07.02  08.28  324.4  009.26  29.962  1023.766  1462.45 
2024 06 26 17 47 02.02  28.699  04.523  0007.72  07.13  08.23  324.4  009.26  29.963  1023.768  1462.46 
2024 06 26 17 47 02.27  28.702  04.527  0008.12  06.88  07.99  318.3  009.26  29.962  1023.769  1462.49 
2024 06 26 17 47 02.52  28.702  04.526  0008.56  07.19  08.05  318.3  009.26  29.962  1023.771  1462.49 
2024 06 26 17 47 02.77  28.700  04.521  0008.99  06.99  08.10  318.3  009.26  29.965  1023.776  1462.48 
2024 06 26 17 47 03.02  28.698  04.521  0009.39  07.08  08.12  318.3  009.26  29.963  1023.777  1462.48 
2024 06 26 17 47 03.27  28.695  04.518  0009.83  06.97  08.12  318.3  009.26  29.961  1023.777  1462.48 
2024 06 26 17 47 03.52  28.695  04.519  0010.24  07.06  08.13  318.3  009.26  29.961  1023.779  1462.48 
2024 06 26 17 47 03.77  28.696  04.517  0010.65  06.89  08.13  318.3  009.26  29.963  1023.783  1462.48 
2024 06 26 17 47 04.02  28.698  04.521  0011.04  06.68  08.13  318.3  009.26  29.962  1023.784  1462.51 
2024 06 26 17 47 04.27  28.704  04.527  0011.42  06.76  08.24  318.3  009.26  29.963  1023.785  1462.54 
2024 06 26 17 47 04.52  28.768  04.585  0011.83  07.17  08.23  318.3  009.26  29.983  1023.797  1462.81 
2024 06 26 17 47 04.77  28.799  04.615  0012.26  06.95  08.21  318.3  009.26  29.992  1023.804  1462.96 
2024 06 26 17 47 05.02  28.816  04.633  0012.66  06.89  08.21  318.3  009.26  29.995  1023.806  1463.04 
2024 06 26 17 47 05.27  28.831  04.646  0013.15  06.82  08.06  314.6  009.26  30.001  1023.812  1463.11 
2024 06 26 17 47 05.52  28.842  04.655  0013.57  06.76  08.10  314.6  009.26  30.005  1023.816  1463.16 
2024 06 26 17 47 05.77  28.855  04.669  0014.00  06.90  08.10  314.6  009.26  30.007  1023.818  1463.23 
2024 06 26 17 47 06.02  28.873  04.686  0014.45  06.66  08.12  314.6  009.26  30.012  1023.822  1463.31 
2024 06 26 17 47 06.27  28.905  04.720  0014.87  06.74  08.13  314.6  009.26  30.017  1023.825  1463.47 
2024 06 26 17 47 06.52  28.979  04.804  0015.32  06.83  08.13  314.6  009.26  30.025  1023.825  1463.83 
2024 06 26 17 47 06.77  29.045  04.868  0015.77  06.73  08.14  314.6  009.26  30.043  1023.835  1464.13 
2024 06 26 17 47 07.02  29.072  04.886  0016.19  06.35  08.14  314.6  009.26  30.057  1023.846  1464.23 
2024 06 26 17 47 07.27  29.122  04.938  0016.67  06.40  08.28  314.6  009.26  30.067  1023.851  1464.46 
2024 06 26 17 47 07.52  29.133  04.947  0017.06  06.41  08.25  314.6  009.26  30.071  1023.855  1464.51 
2024 06 26 17 47 07.77  29.138  04.952  0017.52  06.61  08.23  314.6  009.26  30.072  1023.857  1464.54 
2024 06 26 17 47 08.02  29.137  04.949  0017.98  06.48  08.22  314.6  009.26  30.073  1023.861  1464.54 
2024 06 26 17 47 08.27  29.140  04.953  0018.39  06.35  08.06  312.1  009.26  30.073  1023.862  1464.56 
2024 06 26 17 47 08.52  29.146  04.959  0018.82  06.19  08.10  312.1  009.26  30.074  1023.864  1464.59 
2024 06 26 17 47 08.77  29.162  04.973  0019.25  06.03  08.10  312.1  009.26  30.080  1023.869  1464.66 
2024 06 26 17 47 09.02  29.169  04.982  0019.68  06.02  08.12  312.1  009.26  30.079  1023.870  1464.71 
2024 06 26 17 47 09.27  29.210  05.032  0020.15  06.03  08.12  312.1  009.26  30.081  1023.869  1464.92 
2024 06 26 17 47 09.52  29.275  05.098  0020.55  05.95  08.14  312.1  009.26  30.095  1023.875  1465.22 
2024 06 26 17 47 09.77  29.440  05.284  0020.97  05.89  08.15  312.1  009.26  30.114  1023.872  1466.01 
2024 06 26 17 47 10.02  29.556  05.372  0021.44  05.74  08.14  312.1  009.26  30.165  1023.905  1466.44 
2024 06 26 17 47 10.27  29.573  05.385  0021.83  05.40  08.26  312.1  009.26  30.172  1023.911  1466.52 
2024 06 26 17 47 10.52  29.608  05.433  0022.26  05.34  08.24  312.1  009.26  30.168  1023.905  1466.71 
2024 06 26 17 47 10.77  29.663  05.508  0022.65  05.26  08.22  312.1  009.26  30.163  1023.894  1467.02 
2024 06 26 17 47 11.02  29.796  05.627  0023.11  05.05  08.20  312.1  009.26  30.205  1023.916  1467.56 
2024 06 26 17 47 11.27  29.862  05.686  0023.53  05.01  08.04  308.2  009.26  30.226  1023.928  1467.83 
2024 06 26 17 47 11.52  29.908  05.729  0023.94  04.73  08.07  308.2  009.26  30.239  1023.935  1468.03 
2024 06 26 17 47 11.77  29.927  05.746  0024.37  04.40  08.12  308.2  009.26  30.244  1023.940  1468.11 
2024 06 26 17 47 12.02  29.941  05.758  0024.82  04.32  08.10  308.2  009.26  30.249  1023.944  1468.17 
2024 06 26 17 47 12.27  29.950  05.769  0025.21  04.27  08.11  308.2  009.26  30.249  1023.944  1468.22 
2024 06 26 17 47 12.52  29.989  05.823  0025.62  04.37  08.12  308.2  009.26  30.244  1023.936  1468.44 
2024 06 26 17 47 12.77  30.063  05.878  0026.01  04.31  08.11  308.2  009.26  30.277  1023.957  1468.71 
2024 06 26 17 47 13.02  30.082  05.885  0026.45  04.10  08.12  308.2  009.26  30.291  1023.970  1468.76 
2024 06 26 17 47 13.27  30.233  06.066  0026.89  03.96  08.25  308.2  009.26  30.297  1023.955  1469.51 
2024 06 26 17 47 13.52  30.355  06.163  0027.27  03.81  08.22  308.2  009.26  30.345  1023.984  1469.96 
2024 06 26 17 47 13.77  30.359  06.164  0027.72  03.53  08.19  308.2  009.26  30.348  1023.988  1469.98 
2024 06 26 17 47 14.02  30.404  06.206  0028.15  03.44  08.18  308.2  009.26  30.360  1023.995  1470.17 
2024 06 26 17 47 14.27  30.513  06.318  0028.56  03.43  08.03  297.4  009.26  30.380  1023.999  1470.65 
2024 06 26 17 47 14.52  30.740  06.596  0028.98  03.18  08.06  297.4  009.26  30.381  1023.967  1471.76 
2024 06 26 17 47 14.77  30.797  06.574  0029.38  02.83  08.10  297.4  009.26  30.463  1024.037  1471.78 
2024 06 26 17 47 15.02  30.965  06.788  0029.83  02.51  08.10  297.4  009.26  30.456  1024.006  1472.63 
2024 06 26 17 47 15.27  31.163  06.952  0030.24  02.30  08.09  297.4  009.26  30.525  1024.041  1473.36 
2024 06 26 17 47 15.52  31.305  07.067  0030.65  01.97  08.10  297.4  009.26  30.577  1024.069  1473.88 
2024 06 26 17 47 15.77  31.427  07.174  0031.07  01.71  08.13  297.4  009.26  30.613  1024.086  1474.36 
2024 06 26 17 47 16.02  31.450  07.193  0031.47  01.50  08.11  297.4  009.26  30.621  1024.091  1474.44 
2024 06 26 17 47 16.27  31.451  07.190  0031.93  01.28  08.24  297.4  009.26  30.624  1024.096  1474.45 
2024 06 26 17 47 16.52  31.471  07.208  0032.34  01.32  08.22  297.4  009.26  30.629  1024.100  1474.53 
2024 06 26 17 47 16.77  31.499  07.236  0032.74  01.27  08.21  297.4  009.26  30.635  1024.103  1474.65 
2024 06 26 17 47 17.02  31.553  07.280  0033.16  01.26  08.17  297.4  009.26  30.654  1024.113  1474.85 
2024 06 26 17 47 17.27  31.581  07.292  0033.60  01.14  08.01  280.5  009.26  30.674  1024.130  1474.93 
2024 06 26 17 47 17.52  31.573  07.285  0034.00  01.01  08.06  280.5  009.29  30.671  1024.130  1474.91 
2024 06 26 17 47 17.77  31.576  07.290  0034.44  01.00  08.10  280.5  009.26  30.670  1024.131  1474.93 
2024 06 26 17 47 18.02  31.580  07.289  0034.84  01.04  08.11  280.5  009.26  30.675  1024.136  1474.94 
2024 06 26 17 47 18.27  31.581  07.288  0035.26  01.01  08.18  280.5  009.26  30.676  1024.140  1474.95 
2024 06 26 17 47 18.52  31.584  07.291  0035.70  01.06  08.11  280.5  009.26  30.677  1024.142  1474.96 
2024 06 26 17 47 18.77  31.625  07.328  0036.10  01.00  08.09  280.5  009.26  30.687  1024.147  1475.13 
2024 06 26 17 47 19.02  31.641  07.338  0036.52  00.99  08.12  280.5  009.26  30.695  1024.154  1475.18 
2024 06 26 17 47 19.27  31.646  07.341  0036.95  00.95  08.28  280.5  009.26  30.698  1024.158  1475.20 
2024 06 26 17 47 19.52  31.670  07.361  0037.38  00.92  08.25  280.5  009.26  30.707  1024.163  1475.30 
2024 06 26 17 47 19.77  31.685  07.368  0037.82  00.88  08.24  280.5  009.26  30.716  1024.172  1475.35 
2024 06 26 17 47 20.02  31.685  07.368  0038.23  00.99  08.15  280.5  009.26  30.715  1024.173  1475.35 
2024 06 26 17 47 20.27  31.697  07.382  0038.67  00.95  08.08  272.6  009.26  30.716  1024.174  1475.42 
2024 06 26 17 47 20.52  31.712  07.388  0039.09  00.92  08.10  272.6  009.26  30.726  1024.182  1475.46 
2024 06 26 17 47 20.77  31.740  07.417  0039.49  00.96  08.06  272.6  009.26  30.731  1024.184  1475.58 
2024 06 26 17 47 21.02  31.778  07.448  0039.97  00.95  08.13  272.6  009.26  30.744  1024.193  1475.73 
2024 06 26 17 47 21.27  31.780  07.447  0040.35  00.84  08.12  272.6  009.26  30.746  1024.197  1475.73 
2024 06 26 17 47 21.52  31.796  07.465  0040.80  00.82  08.14  272.6  009.26  30.747  1024.197  1475.81 
2024 06 26 17 47 21.77  31.823  07.481  0041.23  00.79  08.14  272.6  009.26  30.762  1024.208  1475.90 
2024 06 26 17 47 22.02  31.855  07.516  0041.64  00.83  08.13  272.6  009.26  30.765  1024.208  1476.04 
2024 06 26 17 47 22.27  31.870  07.534  0042.07  00.73  08.26  272.6  009.26  30.765  1024.208  1476.12 
2024 06 26 17 47 22.52  31.861  07.520  0042.50  00.75  08.20  272.6  009.26  30.767  1024.213  1476.07 
2024 06 26 17 47 22.77  31.873  07.534  0042.91  00.79  08.23  272.6  009.26  30.767  1024.213  1476.14 
2024 06 26 17 47 23.02  31.879  07.542  0043.35  00.77  08.21  272.6  009.26  30.766  1024.214  1476.17 
2024 06 26 17 47 23.27  31.885  07.543  0043.74  00.76  07.98  272.1  009.26  30.772  1024.220  1476.19 
2024 06 26 17 47 23.52  31.914  07.567  0044.18  00.69  08.10  272.1  009.26  30.781  1024.226  1476.30 
2024 06 26 17 47 23.77  31.935  07.590  0044.62  00.66  08.06  272.1  009.26  30.784  1024.227  1476.40 
2024 06 26 17 47 24.02  31.940  07.595  0045.01  00.68  08.13  272.1  009.26  30.785  1024.228  1476.43 
2024 06 26 17 47 24.27  31.954  07.607  0045.44  00.64  08.05  272.1  009.26  30.788  1024.231  1476.48 
2024 06 26 17 47 24.52  31.976  07.629  0045.87  00.71  08.14  272.1  009.26  30.792  1024.234  1476.58 
2024 06 26 17 47 24.77  31.988  07.634  0046.25  00.70  08.08  272.1  009.26  30.800  1024.240  1476.62 
2024 06 26 17 47 25.02  31.990  07.636  0046.68  00.59  08.12  272.1  009.26  30.801  1024.243  1476.63 
2024 06 26 17 47 25.27  31.992  07.637  0047.06  00.57  08.28  272.1  009.26  30.802  1024.245  1476.64 
2024 06 26 17 47 25.52  31.991  07.636  0047.50  00.57  08.25  272.1  009.26  30.801  1024.247  1476.65 
2024 06 26 17 47 25.77  31.994  07.638  0047.91  00.61  08.22  272.1  009.26  30.802  1024.249  1476.66 
2024 06 26 17 47 26.02  32.017  07.661  0048.31  00.57  08.21  272.1  009.26  30.806  1024.251  1476.76 
2024 06 26 17 47 26.27  32.050  07.683  0048.74  00.58  08.01  271.4  009.26  30.822  1024.262  1476.87 
2024 06 26 17 47 26.52  32.061  07.691  0049.10  00.58  08.01  271.4  009.26  30.826  1024.267  1476.92 
2024 06 26 17 47 26.77  32.062  07.690  0049.55  00.57  08.10  271.4  009.26  30.828  1024.271  1476.92 
2024 06 26 17 47 27.02  32.064  07.689  0049.96  00.52  08.11  271.4  009.26  30.832  1024.275  1476.93 
2024 06 26 17 47 27.27  32.065  07.688  0050.37  00.51  08.12  271.4  009.26  30.833  1024.278  1476.93 
2024 06 26 17 47 27.52  32.064  07.689  0050.80  00.47  08.07  271.4  009.26  30.831  1024.279  1476.94 
2024 06 26 17 47 27.77  32.067  07.691  0051.22  00.50  08.13  271.4  009.26  30.831  1024.280  1476.96 
2024 06 26 17 47 28.02  32.072  07.696  0051.61  00.53  08.13  271.4  009.26  30.832  1024.282  1476.98 
2024 06 26 17 47 28.27  32.074  07.695  0052.03  00.49  08.26  271.4  009.26  30.835  1024.287  1476.99 
2024 06 26 17 47 28.52  32.073  07.694  0052.42  00.53  08.24  271.4  009.26  30.835  1024.288  1476.99 
2024 06 26 17 47 28.77  32.075  07.694  0052.83  00.51  08.22  271.4  009.26  30.837  1024.292  1477.00 
2024 06 26 17 47 29.02  32.077  07.696  0053.26  00.51  08.22  271.4  009.26  30.838  1024.294  1477.01 
2024 06 26 17 47 29.27  32.077  07.692  0053.63  00.50  08.01  270.0  009.26  30.841  1024.299  1477.01 
2024 06 26 17 47 29.52  32.077  07.692  0054.07  00.45  08.09  270.0  009.26  30.841  1024.301  1477.02 
2024 06 26 17 47 29.77  32.077  07.690  0054.47  00.47  08.10  270.0  009.26  30.842  1024.304  1477.02 
2024 06 26 17 47 30.02  32.083  07.695  0054.89  00.55  08.03  270.0  009.26  30.844  1024.306  1477.05 
2024 06 26 17 47 30.27  32.084  07.695  0055.33  00.55  08.11  270.0  009.26  30.845  1024.309  1477.05 
2024 06 26 17 47 30.52  32.083  07.691  0055.71  00.51  08.06  270.0  009.26  30.848  1024.314  1477.05 
2024 06 26 17 47 30.77  32.083  07.692  0056.12  00.51  08.11  270.0  009.26  30.847  1024.315  1477.06 
2024 06 26 17 47 31.02  32.081  07.685  0056.56  00.49  08.14  270.0  009.26  30.850  1024.320  1477.04 
2024 06 26 17 47 31.27  32.068  07.670  0056.94  00.52  08.25  270.0  009.26  30.849  1024.323  1476.99 
2024 06 26 17 47 31.52  32.060  07.663  0057.36  00.48  08.24  270.0  009.26  30.846  1024.324  1476.96 
2024 06 26 17 47 31.77  32.053  07.651  0057.77  00.41  08.22  270.0  009.26  30.849  1024.330  1476.93 
2024 06 26 17 47 32.02  32.049  07.648  0058.19  00.47  08.19  270.0  009.26  30.848  1024.331  1476.92 
2024 06 26 17 47 32.27  32.023  07.615  0058.62  00.46  07.94  269.0  009.26  30.849  1024.339  1476.80 
2024 06 26 17 47 32.52  32.013  07.607  0059.01  00.54  08.09  269.0  009.26  30.846  1024.339  1476.78 
2024 06 26 17 47 32.77  32.010  07.604  0059.43  00.55  08.10  269.0  009.26  30.845  1024.341  1476.77 
2024 06 26 17 47 33.02  32.023  07.612  0059.85  00.56  08.10  269.0  009.26  30.851  1024.346  1476.82 
2024 06 26 17 47 33.27  32.037  07.627  0060.22  00.55  08.11  269.0  009.26  30.853  1024.347  1476.88 
2024 06 26 17 47 33.52  32.025  07.610  0060.67  00.47  08.12  269.0  009.26  30.855  1024.353  1476.82 
2024 06 26 17 47 33.77  32.019  07.605  0061.03  00.46  08.04  269.0  009.26  30.852  1024.353  1476.81 
2024 06 26 17 47 34.02  32.018  07.601  0061.44  00.50  08.13  269.0  009.26  30.855  1024.358  1476.80 
2024 06 26 17 47 34.27  32.016  07.599  0061.87  00.52  08.24  269.0  009.26  30.854  1024.360  1476.80 
2024 06 26 17 47 34.52  32.013  07.596  0062.23  00.51  08.21  269.0  009.26  30.854  1024.362  1476.79 
2024 06 26 17 47 34.77  32.014  07.596  0062.68  00.50  08.22  269.0  009.26  30.855  1024.364  1476.80 
2024 06 26 17 47 35.02  32.013  07.596  0063.04  00.44  08.09  269.0  009.26  30.854  1024.365  1476.81 
2024 06 26 17 47 35.27  32.012  07.592  0063.47  00.49  08.05  268.8  009.26  30.855  1024.369  1476.80 
2024 06 26 17 47 35.52  32.009  07.592  0063.86  00.55  08.07  268.8  009.26  30.852  1024.368  1476.81 
2024 06 26 17 47 35.77  32.006  07.585  0064.24  00.55  08.09  268.8  009.26  30.855  1024.373  1476.79 
2024 06 26 17 47 36.02  32.005  07.584  0064.65  00.51  08.03  268.8  009.26  30.855  1024.375  1476.79 
2024 06 26 17 47 36.27  32.004  07.583  0065.08  00.42  08.04  268.8  009.26  30.854  1024.377  1476.79 
2024 06 26 17 47 36.52  32.001  07.580  0065.45  00.45  08.11  268.8  009.26  30.854  1024.379  1476.79 
2024 06 26 17 47 36.77  32.001  07.580  0065.83  00.57  08.09  268.8  009.26  30.854  1024.380  1476.79 
2024 06 26 17 47 37.02  32.001  07.579  0066.21  00.57  08.11  268.8  009.26  30.854  1024.382  1476.80 
2024 06 26 17 47 37.27  31.997  07.576  0066.61  00.58  08.27  268.8  009.26  30.853  1024.384  1476.79 
2024 06 26 17 47 37.52  31.997  07.576  0066.99  00.53  08.22  268.8  009.26  30.853  1024.386  1476.79 
2024 06 26 17 47 37.77  31.994  07.572  0067.36  00.52  08.20  268.8  009.26  30.853  1024.388  1476.78 
2024 06 26 17 47 38.02  31.991  07.565  0067.76  00.49  08.19  268.8  009.26  30.855  1024.392  1476.77 
2024 06 26 17 47 38.27  31.983  07.560  0068.16  00.53  08.02  268.4  009.26  30.851  1024.392  1476.75 
2024 06 26 17 47 38.52  31.984  07.559  0068.56  00.50  08.08  268.4  009.26  30.853  1024.395  1476.75 
2024 06 26 17 47 38.77  31.980  07.556  0068.96  00.54  08.09  268.4  009.26  30.851  1024.396  1476.75 
2024 06 26 17 47 39.02  31.976  07.548  0069.37  00.54  08.08  268.4  009.26  30.853  1024.401  1476.73 
2024 06 26 17 47 39.27  31.969  07.543  0069.75  00.50  08.05  268.4  009.26  30.850  1024.400  1476.71 
2024 06 26 17 47 39.52  31.969  07.540  0070.16  00.50  08.11  268.4  009.26  30.852  1024.404  1476.71 
2024 06 26 17 47 39.77  31.961  07.531  0070.52  00.52  08.10  268.4  009.26  30.852  1024.407  1476.68 
2024 06 26 17 47 40.02  31.959  07.529  0070.96  00.47  08.11  268.4  009.26  30.852  1024.409  1476.67 
2024 06 26 17 47 40.27  31.958  07.530  0071.33  00.51  08.26  268.4  009.26  30.849  1024.409  1476.68 
2024 06 26 17 47 40.52  31.960  07.532  0071.78  00.53  08.15  268.4  009.26  30.850  1024.411  1476.70 
2024 06 26 17 47 40.77  31.959  07.530  0072.19  00.52  08.20  268.4  009.26  30.850  1024.414  1476.70 
2024 06 26 17 47 41.02  31.961  07.529  0072.58  00.46  08.16  268.4  009.26  30.853  1024.417  1476.70 
2024 06 26 17 47 41.27  31.947  07.511  0072.99  00.45  08.02  269.0  009.26  30.853  1024.422  1476.64 
2024 06 26 17 47 41.52  31.941  07.505  0073.40  00.52  07.97  269.0  009.26  30.853  1024.424  1476.62 
2024 06 26 17 47 41.77  31.934  07.498  0073.76  00.49  08.08  269.0  009.26  30.851  1024.426  1476.60 
2024 06 26 17 47 42.02  31.930  07.493  0074.20  00.52  08.08  269.0  009.26  30.851  1024.428  1476.59 
2024 06 26 17 47 42.27  31.927  07.487  0074.58  00.57  08.10  269.0  009.26  30.853  1024.432  1476.57 
2024 06 26 17 47 42.52  31.926  07.484  0074.97  00.52  08.09  269.0  009.26  30.854  1024.435  1476.57 
2024 06 26 17 47 42.77  31.919  07.478  0075.38  00.51  08.03  269.0  009.26  30.853  1024.438  1476.55 
2024 06 26 17 47 43.02  31.912  07.471  0075.75  00.56  08.11  269.0  009.26  30.851  1024.439  1476.53 
2024 06 26 17 47 43.27  31.909  07.462  0076.16  00.56  08.25  269.0  009.26  30.856  1024.445  1476.50 
2024 06 26 17 47 43.52  31.902  07.455  0076.53  00.57  08.23  269.0  009.26  30.854  1024.447  1476.48 
2024 06 26 17 47 43.77  31.896  07.449  0076.94  00.52  08.16  269.0  009.26  30.853  1024.449  1476.46 
2024 06 26 17 47 44.02  31.896  07.447  0077.34  00.51  08.18  269.0  009.26  30.853  1024.451  1476.46 
2024 06 26 17 47 44.27  31.897  07.449  0077.72  00.53  08.02  268.4  009.26  30.853  1024.452  1476.48 
2024 06 26 17 47 44.52  31.895  07.446  0078.11  00.52  08.06  268.4  009.26  30.854  1024.455  1476.47 
2024 06 26 17 47 44.77  31.893  07.445  0078.54  00.47  08.07  268.4  009.26  30.852  1024.456  1476.47 
2024 06 26 17 47 45.02  31.893  07.443  0078.91  00.45  08.06  268.4  009.26  30.854  1024.459  1476.47 
2024 06 26 17 47 45.27  31.885  07.433  0079.32  00.53  08.07  268.4  009.26  30.854  1024.463  1476.44 
2024 06 26 17 47 45.52  31.877  07.425  0079.65  00.53  08.09  268.4  009.26  30.853  1024.464  1476.41 
2024 06 26 17 47 45.77  31.876  07.422  0080.07  00.59  08.09  268.4  009.26  30.854  1024.467  1476.41 
2024 06 26 17 47 46.02  31.871  07.416  0080.43  00.54  08.08  268.4  009.26  30.853  1024.469  1476.39 
2024 06 26 17 47 46.27  31.864  07.406  0080.81  00.54  08.24  268.4  009.26  30.854  1024.473  1476.36 
2024 06 26 17 47 46.52  31.860  07.402  0081.22  00.52  08.23  268.4  009.26  30.854  1024.475  1476.35 
2024 06 26 17 47 46.77  31.856  07.397  0081.60  00.53  08.17  268.4  009.26  30.854  1024.478  1476.34 
2024 06 26 17 47 47.02  31.854  07.397  0082.01  00.54  08.17  268.4  009.26  30.852  1024.478  1476.34 
2024 06 26 17 47 47.27  31.851  07.389  0082.40  00.60  08.01  266.0  009.26  30.855  1024.484  1476.32 
2024 06 26 17 47 47.52  31.849  07.386  0082.79  00.54  08.06  266.0  009.26  30.855  1024.486  1476.32 
2024 06 26 17 47 47.77  31.850  07.387  0083.17  00.55  08.04  266.0  009.26  30.856  1024.488  1476.33 
2024 06 26 17 47 48.02  31.850  07.388  0083.54  00.57  08.04  266.0  009.26  30.855  1024.489  1476.34 
2024 06 26 17 47 48.27  31.845  07.382  0083.94  00.54  08.06  266.0  009.26  30.854  1024.490  1476.32 
2024 06 26 17 47 48.52  31.841  07.377  0084.33  00.58  08.10  266.0  009.26  30.854  1024.493  1476.31 
2024 06 26 17 47 48.77  31.831  07.367  0084.72  00.52  08.07  266.0  009.26  30.852  1024.495  1476.27 
2024 06 26 17 47 49.02  31.826  07.360  0085.11  00.48  08.00  266.0  009.26  30.853  1024.498  1476.25 
2024 06 26 17 47 49.27  31.826  07.360  0085.51  00.55  08.22  266.0  009.26  30.853  1024.500  1476.26 
2024 06 26 17 47 49.52  31.823  07.357  0085.89  00.57  08.21  266.0  009.26  30.852  1024.502  1476.25 
2024 06 26 17 47 49.77  31.822  07.356  0086.29  00.56  08.18  266.0  009.26  30.852  1024.504  1476.25 
2024 06 26 17 47 50.02  31.822  07.356  0086.66  00.55  08.15  266.0  009.26  30.852  1024.505  1476.26 
2024 06 26 17 47 50.27  31.822  07.354  0087.04  00.56  07.99  264.0  009.26  30.853  1024.508  1476.26 
2024 06 26 17 47 50.52  31.819  07.350  0087.46  00.61  08.03  264.0  009.26  30.853  1024.511  1476.25 
2024 06 26 17 47 50.77  31.817  07.346  0087.83  00.62  08.05  264.0  009.26  30.854  1024.513  1476.24 
2024 06 26 17 47 51.02  31.812  07.342  0088.22  00.58  08.04  264.0  009.26  30.852  1024.515  1476.23 
2024 06 26 17 47 51.27  31.803  07.332  0088.63  00.53  08.06  264.0  009.26  30.852  1024.518  1476.20 
2024 06 26 17 47 51.52  31.793  07.317  0089.00  00.55  08.05  264.0  009.26  30.854  1024.523  1476.15 
2024 06 26 17 47 51.77  31.791  07.314  0089.41  00.53  08.06  264.0  009.26  30.854  1024.525  1476.14 
2024 06 26 17 47 52.02  31.783  07.304  0089.76  00.59  08.07  264.0  009.26  30.855  1024.528  1476.11 
2024 06 26 17 47 52.27  31.771  07.289  0090.16  00.61  08.20  264.0  009.26  30.855  1024.533  1476.06 
2024 06 26 17 47 52.52  31.760  07.275  0090.57  00.58  08.18  264.0  009.26  30.856  1024.537  1476.01 
2024 06 26 17 47 52.77  31.753  07.268  0090.95  00.57  08.13  264.0  009.26  30.854  1024.539  1475.99 
2024 06 26 17 47 53.02  31.750  07.263  0091.37  00.51  08.16  264.0  009.26  30.855  1024.542  1475.98 
2024 06 26 17 47 53.27  31.746  07.259  0091.76  00.57  08.00  262.4  009.26  30.854  1024.544  1475.97 
2024 06 26 17 47 53.52  31.748  07.260  0092.14  00.55  08.04  262.4  009.26  30.855  1024.545  1475.98 
2024 06 26 17 47 53.77  31.747  07.259  0092.54  00.59  08.02  262.4  009.26  30.854  1024.547  1475.98 
2024 06 26 17 47 54.02  31.745  07.254  0092.92  00.55  08.02  262.4  009.26  30.857  1024.551  1475.97 
2024 06 26 17 47 54.27  31.744  07.254  0093.31  00.57  08.04  262.4  009.26  30.855  1024.552  1475.97 
2024 06 26 17 47 54.52  31.740  07.250  0093.71  00.57  08.05  262.4  009.29  30.855  1024.554  1475.97 
2024 06 26 17 47 54.77  31.736  07.247  0094.07  00.57  07.97  262.4  009.26  30.853  1024.555  1475.96 
2024 06 26 17 47 55.02  31.732  07.238  0094.46  00.61  08.06  262.4  009.26  30.856  1024.560  1475.93 
2024 06 26 17 47 55.27  31.729  07.234  0094.84  00.60  08.15  262.4  009.26  30.857  1024.563  1475.92 
2024 06 26 17 47 55.52  31.715  07.218  0095.23  00.57  08.13  262.4  009.26  30.855  1024.566  1475.87 
2024 06 26 17 47 55.77  31.705  07.202  0095.63  00.51  08.13  262.4  009.26  30.859  1024.573  1475.82 
2024 06 26 17 47 56.02  31.697  07.195  0096.01  00.53  08.12  262.4  009.26  30.856  1024.573  1475.79 
2024 06 26 17 47 56.27  31.684  07.178  0096.39  00.53  07.95  261.0  009.26  30.857  1024.578  1475.73 
2024 06 26 17 47 56.52  31.681  07.176  0096.79  00.57  07.98  261.0  009.26  30.855  1024.579  1475.73 
2024 06 26 17 47 56.77  31.681  07.175  0097.15  00.56  08.04  261.0  009.26  30.856  1024.581  1475.73 
2024 06 26 17 47 57.02  31.681  07.176  0097.58  00.54  07.90  261.0  009.26  30.855  1024.582  1475.74 
2024 06 26 17 47 57.27  31.679  07.176  0097.92  00.57  08.01  261.0  009.26  30.853  1024.582  1475.74 
2024 06 26 17 47 57.52  31.681  07.175  0098.34  00.56  08.05  261.0  009.26  30.855  1024.586  1475.75 
2024 06 26 17 47 57.77  31.677  07.168  0098.73  00.54  08.03  261.0  009.26  30.857  1024.590  1475.73 
2024 06 26 17 47 58.02  31.673  07.167  0099.10  00.57  08.08  261.0  009.26  30.854  1024.590  1475.73 
2024 06 26 17 47 58.27  31.673  07.166  0099.50  00.55  08.18  261.0  009.26  30.854  1024.591  1475.73 
2024 06 26 17 47 58.52  31.674  07.168  0099.87  00.55  08.16  261.0  009.26  30.854  1024.593  1475.74 
2024 06 26 17 47 58.77  31.674  07.166  0100.25  00.58  08.15  261.0  009.26  30.855  1024.596  1475.74 
2024 06 26 17 47 59.02  31.677  07.169  0100.64  00.52  08.12  261.0  009.26  30.855  1024.597  1475.76 
2024 06 26 17 47 59.27  31.676  07.168  0101.01  00.53  07.95  259.6  009.26  30.855  1024.599  1475.77 
2024 06 26 17 47 59.52  31.673  07.166  0101.38  00.57  07.98  259.6  009.26  30.854  1024.600  1475.76 
2024 06 26 17 47 59.77  31.665  07.152  0101.74  00.54  08.00  259.6  009.26  30.858  1024.606  1475.72 
2024 06 26 17 48 00.02  31.663  07.152  0102.09  00.55  08.01  259.6  009.26  30.856  1024.607  1475.72 
2024 06 26 17 48 00.27  31.654  07.142  0102.48  00.55  08.01  259.6  009.26  30.855  1024.609  1475.69 
2024 06 26 17 48 00.52  31.648  07.132  0102.83  00.53  08.04  259.6  009.26  30.857  1024.613  1475.66 
2024 06 26 17 48 00.77  31.649  07.132  0103.22  00.57  08.02  259.6  009.26  30.857  1024.615  1475.66 
2024 06 26 17 48 01.02  31.645  07.129  0103.64  00.59  08.02  259.6  009.26  30.856  1024.617  1475.66 
2024 06 26 17 48 01.27  31.646  07.130  0103.99  00.58  08.18  259.6  009.26  30.856  1024.618  1475.66 
2024 06 26 17 48 01.52  31.645  07.129  0104.33  00.62  08.15  259.6  009.26  30.855  1024.620  1475.67 
2024 06 26 17 48 01.77  31.644  07.128  0104.57  00.58  08.15  259.6  009.26  30.856  1024.621  1475.66 
2024 06 26 17 48 02.02  31.646  07.131  0104.65  00.52  08.05  259.6  009.26  30.854  1024.620  1475.68 
2024 06 26 17 48 02.27  31.645  07.129  0104.68  00.52  07.97  258.4  009.26  30.855  1024.621  1475.67 
2024 06 26 17 48 02.52  31.647  07.130  0104.73  00.56  07.99  258.4  009.26  30.857  1024.623  1475.68 
2024 06 26 17 48 02.77  31.647  07.132  0104.87  00.54  07.97  258.4  009.26  30.855  1024.622  1475.68 
2024 06 26 17 48 03.02  31.645  07.131  0104.93  00.55  07.99  258.4  009.26  30.854  1024.621  1475.68 
2024 06 26 17 48 03.27  31.646  07.130  0104.94  00.55  08.00  258.4  009.26  30.855  1024.622  1475.68 
2024 06 26 17 48 03.52  31.646  07.131  0104.94  00.57  08.01  258.4  009.26  30.855  1024.622  1475.68 
2024 06 26 17 48 03.77  31.646  07.130  0104.95  00.54  08.02  258.4  009.26  30.855  1024.622  1475.68 
2024 06 26 17 48 04.02  31.646  07.132  0104.96  00.55  08.02  258.4  009.26  30.853  1024.621  1475.68 
2024 06 26 17 48 04.27  31.643  07.131  0104.98  00.56  08.16  258.4  009.26  30.851  1024.619  1475.68 
2024 06 26 17 48 04.52  31.646  07.130  0105.00  00.57  08.16  258.4  009.26  30.856  1024.623  1475.68 
2024 06 26 17 48 04.77  31.646  07.130  0105.02  00.81  08.14  258.4  009.26  30.856  1024.623  1475.68 
2024 06 26 17 48 05.02  31.645  07.131  0105.00  01.32  08.13  258.4  009.26  30.854  1024.621  1475.68 
2024 06 26 17 48 05.27  31.646  07.130  0105.01  00.79  07.95  258.2  009.26  30.855  1024.623  1475.68 
2024 06 26 17 48 05.52  31.646  07.130  0104.99  00.63  07.98  258.2  009.26  30.855  1024.622  1475.68 
2024 06 26 17 48 05.77  31.645  07.130  0104.99  00.61  07.99  258.2  009.26  30.855  1024.622  1475.68 
2024 06 26 17 48 06.02  31.645  07.130  0105.01  00.55  08.00  258.2  009.26  30.854  1024.621  1475.68 
2024 06 26 17 48 06.27  31.644  07.130  0105.02  00.58  08.01  258.2  009.26  30.854  1024.621  1475.68 
2024 06 26 17 48 06.52  31.645  07.130  0105.03  00.55  08.01  258.2  009.26  30.854  1024.621  1475.68 
2024 06 26 17 48 06.77  31.643  07.130  0105.04  00.59  08.02  258.2  009.26  30.852  1024.620  1475.68 
2024 06 26 17 48 07.02  31.645  07.130  0105.03  00.57  08.02  258.2  009.26  30.854  1024.622  1475.68 
2024 06 26 17 48 07.27  31.643  07.129  0105.03  00.66  08.17  258.2  009.26  30.854  1024.622  1475.67 
2024 06 26 17 48 07.52  31.643  07.129  0105.02  00.57  08.15  258.2  009.26  30.854  1024.622  1475.67 
2024 06 26 17 48 07.77  31.642  07.130  0105.03  00.54  08.13  258.2  009.26  30.851  1024.620  1475.68 
2024 06 26 17 48 08.02  31.644  07.129  0105.02  00.54  08.12  258.2  009.26  30.854  1024.622  1475.68 
2024 06 26 17 48 08.27  31.643  07.129  0105.03  00.59  07.94  258.1  009.26  30.853  1024.621  1475.68 
2024 06 26 17 48 08.52  31.645  07.128  0105.03  00.54  07.98  258.1  009.26  30.856  1024.624  1475.67 
2024 06 26 17 48 08.77  31.643  07.128  0105.02  00.59  07.99  258.1  009.26  30.854  1024.622  1475.67 
2024 06 26 17 48 09.02  31.642  07.128  0105.04  00.55  08.00  258.1  009.26  30.853  1024.621  1475.67 
2024 06 26 17 48 09.27  31.642  07.127  0105.06  00.56  08.00  258.1  009.26  30.853  1024.621  1475.67 
2024 06 26 17 48 09.52  31.640  07.128  0105.09  00.59  08.01  258.1  009.26  30.851  1024.620  1475.67 
2024 06 26 17 48 09.77  31.642  07.128  0105.11  00.59  08.01  258.1  009.26  30.853  1024.622  1475.67 
2024 06 26 17 48 10.02  31.641  07.126  0105.12  00.59  08.02  258.1  009.26  30.853  1024.622  1475.67 
2024 06 26 17 48 10.27  31.641  07.126  0105.11  00.58  08.16  258.1  009.26  30.853  1024.622  1475.66 
2024 06 26 17 48 10.52  31.642  07.127  0105.08  00.52  08.15  258.1  009.26  30.854  1024.622  1475.67 
2024 06 26 17 48 10.77  31.640  07.127  0105.11  00.52  08.13  258.1  009.26  30.852  1024.621  1475.67 
2024 06 26 17 48 11.02  31.642  07.126  0105.13  00.59  08.11  258.1  009.26  30.855  1024.623  1475.67 
2024 06 26 17 48 11.27  31.640  07.125  0105.14  00.55  07.94  257.9  009.26  30.853  1024.622  1475.66 
2024 06 26 17 48 11.52  31.639  07.125  0105.15  00.53  07.98  257.9  009.26  30.852  1024.621  1475.66 
2024 06 26 17 48 11.77  31.642  07.126  0105.14  00.58  07.99  257.9  009.26  30.854  1024.622  1475.67 
2024 06 26 17 48 12.02  31.642  07.128  0105.12  00.62  08.00  257.9  009.26  30.853  1024.622  1475.67 
2024 06 26 17 48 12.27  31.641  07.127  0105.10  00.60  08.00  257.9  009.26  30.853  1024.622  1475.67 
2024 06 26 17 48 12.52  31.639  07.125  0105.08  00.63  08.01  257.9  009.26  30.852  1024.621  1475.66 
2024 06 26 17 48 12.77  31.639  07.127  0105.09  00.61  08.01  257.9  009.26  30.850  1024.619  1475.66 
2024 06 26 17 48 13.02  31.640  07.127  0105.12  00.52  08.01  257.9  009.26  30.852  1024.621  1475.67 
2024 06 26 17 48 13.27  31.640  07.126  0105.14  00.55  08.16  257.9  009.26  30.852  1024.621  1475.66 
2024 06 26 17 48 13.52  31.641  07.126  0105.17  00.56  08.14  257.9  009.26  30.854  1024.623  1475.66 
2024 06 26 17 48 13.77  31.637  07.125  0105.13  00.60  08.12  257.9  009.26  30.850  1024.620  1475.66 
2024 06 26 17 48 14.02  31.640  07.125  0105.13  00.56  08.11  257.9  009.26  30.853  1024.622  1475.66 
2024 06 26 17 48 14.27  31.640  07.126  0105.10  00.58  07.93  257.9  009.26  30.852  1024.621  1475.66 
2024 06 26 17 48 14.52  31.640  07.125  0105.10  00.62  07.97  257.9  009.26  30.853  1024.622  1475.66 
2024 06 26 17 48 14.77  31.640  07.127  0105.09  00.62  07.98  257.9  009.26  30.852  1024.620  1475.67 
2024 06 26 17 48 15.02  31.639  07.128  0105.07  00.57  07.99  257.9  009.26  30.850  1024.619  1475.67 
2024 06 26 17 48 15.27  31.639  07.126  0105.10  00.60  08.00  257.9  009.26  30.851  1024.620  1475.66 
2024 06 26 17 48 15.52  31.642  07.127  0105.11  00.59  08.00  257.9  009.26  30.853  1024.622  1475.67 
2024 06 26 17 48 15.77  31.641  07.127  0105.11  00.62  08.01  257.9  009.26  30.852  1024.621  1475.67 
2024 06 26 17 48 16.02  31.639  07.125  0105.12  00.61  08.01  257.9  009.26  30.853  1024.622  1475.66 
2024 06 26 17 48 16.27  31.641  07.125  0105.12  00.64  08.15  257.9  009.26  30.854  1024.623  1475.66 
2024 06 26 17 48 16.52  31.640  07.126  0105.10  00.59  08.14  257.9  009.26  30.853  1024.621  1475.66 
2024 06 26 17 48 16.77  31.640  07.126  0105.09  00.53  08.12  257.9  009.26  30.852  1024.621  1475.66 
2024 06 26 17 48 17.02  31.641  07.127  0105.10  00.51  08.11  257.9  009.26  30.853  1024.622  1475.67 
2024 06 26 17 48 17.27  31.640  07.128  0105.09  00.57  07.93  257.8  009.26  30.851  1024.620  1475.67 
2024 06 26 17 48 17.52  31.639  07.128  0105.10  00.59  07.97  257.8  009.26  30.849  1024.619  1475.67 
2024 06 26 17 48 17.77  31.640  07.126  0105.12  00.57  07.98  257.8  009.26  30.852  1024.621  1475.66 
2024 06 26 17 48 18.02  31.639  07.127  0105.11  00.55  07.99  257.8  009.26  30.850  1024.619  1475.66 
2024 06 26 17 48 18.27  31.641  07.126  0105.09  00.57  07.99  257.8  009.26  30.854  1024.622  1475.66 
2024 06 26 17 48 18.52  31.642  07.126  0105.08  00.60  08.00  257.8  009.26  30.854  1024.622  1475.67 
2024 06 26 17 48 18.77  31.639  07.126  0105.09  00.64  08.00  257.8  009.26  30.852  1024.621  1475.66 
2024 06 26 17 48 19.02  31.639  07.127  0105.07  00.57  08.01  257.8  009.26  30.850  1024.619  1475.66 
2024 06 26 17 48 19.27  31.638  07.127  0105.08  00.55  08.15  257.8  009.26  30.849  1024.619  1475.66 
2024 06 26 17 48 19.52  31.639  07.127  0105.12  00.53  08.14  257.8  009.26  30.850  1024.619  1475.66 
2024 06 26 17 48 19.77  31.640  07.127  0105.14  00.57  08.12  257.8  009.26  30.852  1024.621  1475.67 
2024 06 26 17 48 20.02  31.639  07.126  0105.11  00.57  08.10  257.8  009.26  30.852  1024.621  1475.66 
2024 06 26 17 48 20.27  31.640  07.127  0105.09  00.56  07.93  257.8  009.26  30.852  1024.621  1475.66 
2024 06 26 17 48 20.52  31.642  07.127  0105.07  00.62  07.97  257.8  009.26  30.853  1024.622  1475.67 
2024 06 26 17 48 20.77  31.639  07.127  0105.04  00.58  07.98  257.8  009.26  30.851  1024.620  1475.66 
2024 06 26 17 48 21.02  31.639  07.126  0105.06  00.57  07.98  257.8  009.26  30.851  1024.620  1475.66 
2024 06 26 17 48 21.27  31.639  07.127  0105.07  00.64  07.99  257.8  009.26  30.851  1024.620  1475.67 
2024 06 26 17 48 21.52  31.642  07.129  0105.09  00.59  08.00  257.8  009.26  30.853  1024.621  1475.67 
2024 06 26 17 48 21.77  31.640  07.128  0105.08  00.61  08.00  257.8  009.26  30.851  1024.619  1475.67 
2024 06 26 17 48 22.02  31.641  07.129  0105.07  00.63  08.00  257.8  009.26  30.851  1024.620  1475.67 
2024 06 26 17 48 22.27  31.642  07.128  0105.06  00.64  08.15  257.8  009.26  30.853  1024.621  1475.67 
2024 06 26 17 48 22.52  31.639  07.130  0105.06  00.63  08.13  257.8  009.26  30.849  1024.618  1475.67 
2024 06 26 17 48 22.77  31.642  07.130  0105.04  00.60  08.11  257.8  009.26  30.852  1024.620  1475.68 
2024 06 26 17 48 23.02  31.642  07.130  0105.05  00.61  08.10  257.8  009.26  30.851  1024.619  1475.67 
2024 06 26 17 48 23.27  31.642  07.129  0105.04  00.67  07.93  257.8  009.26  30.852  1024.620  1475.67 
2024 06 26 17 48 23.52  31.643  07.130  0105.04  00.64  07.96  257.8  009.26  30.853  1024.621  1475.68 
2024 06 26 17 48 23.77  31.642  07.129  0105.02  00.55  07.97  257.8  009.26  30.852  1024.620  1475.67 
2024 06 26 17 48 24.02  31.639  07.131  0105.03  00.62  07.98  257.8  009.26  30.848  1024.616  1475.67 
2024 06 26 17 48 24.27  31.643  07.131  0105.03  00.57  07.99  257.8  009.26  30.851  1024.619  1475.68 
2024 06 26 17 48 24.52  31.640  07.130  0105.06  00.55  07.99  257.8  009.26  30.849  1024.618  1475.67 
2024 06 26 17 48 24.77  31.640  07.130  0105.05  00.55  08.00  257.8  009.26  30.849  1024.618  1475.67 
2024 06 26 17 48 25.02  31.642  07.130  0105.03  00.57  08.00  257.8  009.26  30.851  1024.619  1475.67 
2024 06 26 17 48 25.27  31.642  07.131  0105.03  00.55  08.14  257.8  009.26  30.850  1024.618  1475.68 
2024 06 26 17 48 25.52  31.642  07.130  0105.02  00.57  08.13  257.8  009.26  30.851  1024.619  1475.68 
2024 06 26 17 48 25.77  31.642  07.130  0105.00  00.61  08.11  257.8  009.26  30.852  1024.620  1475.67 
2024 06 26 17 48 26.02  31.640  07.129  0104.97  00.65  08.10  257.8  009.26  30.850  1024.618  1475.67 
2024 06 26 17 48 26.27  31.641  07.130  0105.00  00.59  07.93  257.7  009.26  30.850  1024.619  1475.67 
2024 06 26 17 48 26.52  31.642  07.131  0105.02  00.61  07.96  257.7  009.26  30.850  1024.619  1475.68 
2024 06 26 17 48 26.77  31.642  07.130  0105.03  00.59  07.97  257.7  009.26  30.852  1024.620  1475.68 
2024 06 26 17 48 27.02  31.640  07.129  0105.02  00.56  07.98  257.7  009.26  30.850  1024.618  1475.67 
2024 06 26 17 48 27.27  31.641  07.129  0105.03  00.56  07.99  257.7  009.26  30.851  1024.619  1475.67 
2024 06 26 17 48 27.52  31.642  07.130  0105.03  00.54  07.99  257.7  009.26  30.850  1024.619  1475.68 
2024 06 26 17 48 27.77  31.641  07.131  0105.04  00.50  08.00  257.7  009.26  30.849  1024.618  1475.68 
2024 06 26 17 48 28.02  31.641  07.131  0105.05  00.52  08.00  257.7  009.26  30.849  1024.617  1475.68 
2024 06 26 17 48 28.27  31.642  07.132  0105.06  00.51  08.14  257.7  009.26  30.849  1024.618  1475.68 
2024 06 26 17 48 28.52  31.642  07.129  0105.09  00.56  08.12  257.7  009.26  30.852  1024.621  1475.68 
2024 06 26 17 48 28.77  31.643  07.131  0105.17  00.63  08.11  257.7  009.26  30.852  1024.620  1475.68 
2024 06 26 17 48 29.02  31.643  07.130  0105.27  00.59  08.09  257.7  009.26  30.852  1024.621  1475.68 
2024 06 26 17 48 29.27  31.639  07.128  0105.37  00.58  07.93  257.6  009.26  30.850  1024.620  1475.67 
2024 06 26 17 48 29.52  31.639  07.128  0105.45  00.57  07.96  257.6  009.26  30.850  1024.621  1475.67 
2024 06 26 17 48 29.77  31.639  07.127  0105.44  00.56  07.97  257.6  009.26  30.850  1024.621  1475.67 
2024 06 26 17 48 30.02  31.640  07.127  0105.41  00.57  07.98  257.6  009.26  30.851  1024.621  1475.67 
2024 06 26 17 48 30.27  31.640  07.126  0105.39  00.50  07.99  257.6  009.26  30.852  1024.622  1475.67 
2024 06 26 17 48 30.52  31.639  07.126  0105.34  00.53  07.99  257.6  009.26  30.851  1024.621  1475.67 
2024 06 26 17 48 30.77  31.638  07.127  0105.34  00.58  08.00  257.6  009.26  30.849  1024.620  1475.67 
2024 06 26 17 48 31.02  31.641  07.127  0105.35  00.59  08.00  257.6  009.26  30.852  1024.622  1475.67 
2024 06 26 17 48 31.27  31.639  07.127  0105.37  00.56  08.13  257.6  009.26  30.851  1024.621  1475.67 
2024 06 26 17 48 31.52  31.640  07.126  0105.40  00.58  08.12  257.6  009.26  30.852  1024.622  1475.67 
2024 06 26 17 48 31.77  31.640  07.127  0105.42  00.56  08.11  257.6  009.26  30.851  1024.622  1475.67 
2024 06 26 17 48 32.02  31.639  07.127  0105.41  00.57  08.09  257.6  009.26  30.851  1024.621  1475.67 
2024 06 26 17 48 32.27  31.638  07.128  0105.37  00.62  07.93  257.6  009.26  30.848  1024.619  1475.67 
2024 06 26 17 48 32.52  31.639  07.127  0105.34  00.52  07.96  257.6  009.26  30.850  1024.621  1475.67 
2024 06 26 17 48 32.77  31.641  07.127  0105.33  00.56  07.97  257.6  009.26  30.852  1024.622  1475.67 
2024 06 26 17 48 33.02  31.639  07.128  0105.34  00.52  07.98  257.6  009.26  30.850  1024.620  1475.67 
2024 06 26 17 48 33.27  31.640  07.129  0105.37  00.58  07.99  257.6  009.26  30.849  1024.620  1475.68 
2024 06 26 17 48 33.52  31.640  07.129  0105.40  00.54  07.99  257.6  009.26  30.849  1024.620  1475.68 
2024 06 26 17 48 33.77  31.641  07.129  0105.43  00.50  08.00  257.6  009.26  30.851  1024.621  1475.68 
2024 06 26 17 48 34.02  31.640  07.130  0105.41  00.57  08.00  257.6  009.26  30.849  1024.620  1475.68 
2024 06 26 17 48 34.27  31.642  07.130  0105.38  00.57  08.13  257.6  009.23  30.851  1024.621  1475.68 
2024 06 26 17 48 34.52  31.640  07.128  0105.35  00.60  08.12  257.6  009.26  30.850  1024.620  1475.67 
2024 06 26 17 48 34.77  31.639  07.128  0105.34  00.56  08.11  257.6  009.26  30.849  1024.619  1475.67 
2024 06 26 17 48 35.02  31.640  07.128  0105.34  00.57  08.10  257.6  009.26  30.850  1024.620  1475.67 
2024 06 26 17 48 35.27  31.641  07.129  0105.34  00.57  07.94  257.6  009.26  30.851  1024.621  1475.68 
2024 06 26 17 48 35.52  31.638  07.128  0105.34  00.57  07.97  257.6  009.26  30.848  1024.619  1475.67 
2024 06 26 17 48 35.77  31.639  07.128  0105.32  00.59  07.97  257.6  009.26  30.849  1024.619  1475.67 
2024 06 26 17 48 36.02  31.640  07.128  0105.27  00.54  07.98  257.6  009.26  30.851  1024.621  1475.67 
2024 06 26 17 48 36.27  31.637  07.127  0105.19  00.58  07.99  257.6  009.26  30.848  1024.618  1475.66 
2024 06 26 17 48 36.52  31.638  07.128  0105.08  00.52  07.99  257.6  009.26  30.849  1024.618  1475.66 
2024 06 26 17 48 36.77  31.637  07.128  0104.95  00.55  08.00  257.6  009.26  30.848  1024.616  1475.66 
2024 06 26 17 48 37.02  31.639  07.127  0104.78  00.54  08.00  257.6  009.26  30.851  1024.619  1475.66 
2024 06 26 17 48 37.27  31.636  07.127  0104.56  00.52  08.13  257.6  009.26  30.847  1024.615  1475.65 
2024 06 26 17 48 37.52  31.637  07.127  0104.28  00.55  08.12  257.6  009.26  30.849  1024.614  1475.65 
2024 06 26 17 48 37.77  31.639  07.128  0104.02  00.52  08.16  257.6  009.26  30.849  1024.614  1475.65 
2024 06 26 17 48 38.02  31.639  07.129  0103.75  00.55  08.07  257.6  009.26  30.848  1024.611  1475.65 
2024 06 26 17 48 38.27  31.641  07.129  0103.52  00.59  07.99  257.5  009.26  30.851  1024.613  1475.65 
2024 06 26 17 48 38.52  31.637  07.129  0103.28  00.57  07.95  257.5  009.26  30.847  1024.609  1475.64 
2024 06 26 17 48 38.77  31.640  07.130  0102.96  00.52  07.97  257.5  009.26  30.850  1024.609  1475.64 
2024 06 26 17 48 39.02  31.639  07.130  0102.69  00.57  07.97  257.5  009.26  30.849  1024.607  1475.64 
2024 06 26 17 48 39.27  31.639  07.129  0102.31  00.55  08.00  257.5  009.26  30.851  1024.607  1475.63 
2024 06 26 17 48 39.52  31.639  07.130  0101.94  00.55  07.99  257.5  009.26  30.849  1024.603  1475.62 
2024 06 26 17 48 39.77  31.639  07.130  0101.59  00.55  08.07  257.5  009.26  30.849  1024.602  1475.62 
2024 06 26 17 48 40.02  31.640  07.131  0101.20  00.50  08.04  257.5  009.26  30.850  1024.600  1475.62 
2024 06 26 17 48 40.27  31.639  07.131  0100.75  00.58  08.17  257.5  009.26  30.849  1024.598  1475.61 
2024 06 26 17 48 40.52  31.641  07.135  0100.36  00.57  08.16  257.5  009.26  30.848  1024.594  1475.61 
2024 06 26 17 48 40.77  31.642  07.141  0099.95  00.58  08.15  257.5  009.26  30.844  1024.589  1475.63 
2024 06 26 17 48 41.02  31.646  07.143  0099.58  00.62  08.14  257.5  009.26  30.847  1024.589  1475.63 
2024 06 26 17 48 41.27  31.648  07.146  0099.20  00.58  07.96  257.7  009.26  30.846  1024.586  1475.64 
2024 06 26 17 48 41.52  31.649  07.145  0098.81  00.51  07.96  257.7  009.26  30.848  1024.586  1475.63 
2024 06 26 17 48 41.77  31.653  07.149  0098.45  00.52  08.01  257.7  009.26  30.848  1024.584  1475.64 
2024 06 26 17 48 42.02  31.653  07.151  0098.06  00.53  07.99  257.7  009.26  30.847  1024.581  1475.64 
2024 06 26 17 48 42.27  31.654  07.153  0097.68  00.49  08.03  257.7  009.26  30.847  1024.579  1475.64 
2024 06 26 17 48 42.52  31.654  07.152  0097.31  00.52  08.04  257.7  009.26  30.848  1024.579  1475.63 
2024 06 26 17 48 42.77  31.655  07.153  0096.88  00.50  08.00  257.7  009.26  30.848  1024.576  1475.63 
2024 06 26 17 48 43.02  31.656  07.153  0096.51  00.50  08.02  257.7  009.26  30.849  1024.576  1475.63 
2024 06 26 17 48 43.27  31.656  07.153  0096.08  00.53  08.12  257.7  009.26  30.849  1024.574  1475.62 
2024 06 26 17 48 43.52  31.658  07.154  0095.68  00.55  08.07  257.7  009.26  30.851  1024.573  1475.62 
2024 06 26 17 48 43.77  31.661  07.163  0095.29  00.52  08.15  257.7  009.26  30.847  1024.567  1475.64 
2024 06 26 17 48 44.02  31.671  07.173  0094.86  00.57  08.14  257.7  009.26  30.849  1024.565  1475.68 
2024 06 26 17 48 44.27  31.674  07.173  0094.53  00.60  07.97  257.6  009.26  30.853  1024.566  1475.67 
2024 06 26 17 48 44.52  31.677  07.184  0094.13  00.57  08.02  257.6  009.26  30.845  1024.557  1475.70 
2024 06 26 17 48 44.77  31.681  07.185  0093.76  00.51  08.04  257.6  009.26  30.849  1024.558  1475.70 
2024 06 26 17 48 45.02  31.685  07.192  0093.40  00.52  08.05  257.6  009.26  30.847  1024.555  1475.72 
2024 06 26 17 48 45.27  31.689  07.202  0093.04  00.53  07.88  257.6  009.26  30.844  1024.549  1475.75 
2024 06 26 17 48 45.52  31.692  07.205  0092.70  00.47  07.92  257.6  009.26  30.843  1024.546  1475.76 
2024 06 26 17 48 45.77  31.697  07.214  0092.34  00.53  07.98  257.6  009.26  30.841  1024.542  1475.79 
2024 06 26 17 48 46.02  31.702  07.217  0091.97  00.52  07.95  257.6  009.26  30.844  1024.542  1475.80 
2024 06 26 17 48 46.27  31.708  07.224  0091.62  00.51  08.17  257.6  009.26  30.844  1024.540  1475.82 
2024 06 26 17 48 46.52  31.714  07.231  0091.24  00.50  08.15  257.6  009.26  30.845  1024.538  1475.84 
2024 06 26 17 48 46.77  31.717  07.237  0090.84  00.52  08.18  257.6  009.26  30.843  1024.533  1475.85 
2024 06 26 17 48 47.02  31.723  07.241  0090.48  00.53  08.16  257.6  009.26  30.846  1024.533  1475.87 
2024 06 26 17 48 47.27  31.723  07.242  0090.07  00.52  07.98  258.0  009.26  30.845  1024.531  1475.86 
2024 06 26 17 48 47.52  31.725  07.242  0089.70  00.50  08.02  258.0  009.26  30.848  1024.531  1475.86 
2024 06 26 17 48 47.77  31.723  07.243  0089.27  00.51  07.97  258.0  009.26  30.844  1024.526  1475.85 
2024 06 26 17 48 48.02  31.727  07.247  0088.85  00.50  07.99  258.0  009.26  30.846  1024.525  1475.86 
2024 06 26 17 48 48.27  31.728  07.247  0088.46  00.51  08.00  258.0  009.26  30.846  1024.524  1475.86 
2024 06 26 17 48 48.52  31.728  07.253  0088.01  00.52  07.93  258.0  009.26  30.842  1024.518  1475.87 
2024 06 26 17 48 48.77  31.737  07.266  0087.60  00.46  07.98  258.0  009.26  30.841  1024.513  1475.91 
2024 06 26 17 48 49.02  31.743  07.272  0087.19  00.43  07.95  258.0  009.26  30.841  1024.510  1475.93 
2024 06 26 17 48 49.27  31.750  07.282  0086.75  00.47  08.21  258.0  009.23  30.840  1024.506  1475.96 
2024 06 26 17 48 49.52  31.759  07.287  0086.36  00.51  08.20  258.0  009.26  30.845  1024.508  1475.98 
2024 06 26 17 48 49.77  31.766  07.300  0085.94  00.50  08.19  258.0  009.26  30.842  1024.501  1476.02 
2024 06 26 17 48 50.02  31.768  07.308  0085.51  00.53  08.17  258.0  009.26  30.837  1024.495  1476.04 
2024 06 26 17 48 50.27  31.780  07.315  0085.14  00.53  07.99  258.8  009.26  30.844  1024.498  1476.07 
2024 06 26 17 48 50.52  31.787  07.333  0084.75  00.50  08.02  258.8  009.26  30.836  1024.487  1476.12 
2024 06 26 17 48 50.77  31.795  07.334  0084.40  00.51  07.98  258.8  009.26  30.842  1024.490  1476.13 
2024 06 26 17 48 51.02  31.799  07.339  0083.97  00.51  07.91  258.8  009.26  30.843  1024.488  1476.14 
2024 06 26 17 48 51.27  31.802  07.347  0083.52  00.51  07.89  258.8  009.26  30.840  1024.483  1476.16 
2024 06 26 17 48 51.52  31.807  07.348  0083.13  00.49  07.90  258.8  009.26  30.845  1024.484  1476.16 
2024 06 26 17 48 51.77  31.810  07.351  0082.77  00.50  07.93  258.8  009.26  30.845  1024.482  1476.17 
2024 06 26 17 48 52.02  31.812  07.353  0082.40  00.46  08.09  258.8  009.26  30.845  1024.480  1476.17 
2024 06 26 17 48 52.27  31.815  07.361  0082.05  00.46  08.19  258.8  009.26  30.842  1024.475  1476.19 
2024 06 26 17 48 52.52  31.818  07.362  0081.66  00.44  08.21  258.8  009.26  30.843  1024.474  1476.19 
2024 06 26 17 48 52.77  31.820  07.365  0081.31  00.47  08.17  258.8  009.26  30.844  1024.473  1476.20 
2024 06 26 17 48 53.02  31.821  07.368  0080.96  00.46  08.16  258.8  009.26  30.842  1024.470  1476.20 
2024 06 26 17 48 53.27  31.820  07.369  0080.58  00.50  07.82  259.6  009.26  30.841  1024.467  1476.20 
2024 06 26 17 48 53.52  31.827  07.370  0080.26  00.48  07.96  259.6  009.26  30.848  1024.470  1476.20 
2024 06 26 17 48 53.77  31.824  07.371  0079.91  00.52  07.99  259.6  009.26  30.843  1024.465  1476.20 
2024 06 26 17 48 54.02  31.826  07.372  0079.58  00.45  07.83  259.6  009.26  30.846  1024.465  1476.20 
2024 06 26 17 48 54.27  31.829  07.373  0079.29  00.44  07.89  259.6  009.26  30.847  1024.465  1476.20 
2024 06 26 17 48 54.52  31.829  07.374  0078.98  00.47  07.94  259.6  009.26  30.846  1024.463  1476.20 
2024 06 26 17 48 54.77  31.830  07.376  0078.74  00.45  07.96  259.6  009.26  30.846  1024.461  1476.20 
2024 06 26 17 48 55.02  31.829  07.376  0078.46  00.50  08.07  259.6  009.26  30.844  1024.459  1476.20 
2024 06 26 17 48 55.27  31.830  07.376  0078.04  00.50  08.22  259.6  009.26  30.847  1024.459  1476.19 
2024 06 26 17 48 55.52  31.828  07.376  0077.65  00.53  08.20  259.6  009.26  30.844  1024.455  1476.18 
2024 06 26 17 48 55.77  31.831  07.383  0077.24  00.50  08.18  259.6  009.26  30.842  1024.450  1476.20 
2024 06 26 17 48 56.02  31.834  07.385  0076.87  00.53  08.15  259.6  009.26  30.842  1024.448  1476.20 
2024 06 26 17 48 56.27  31.834  07.385  0076.48  00.51  07.94  260.9  009.26  30.844  1024.448  1476.20 
2024 06 26 17 48 56.52  31.841  07.393  0076.09  00.46  07.99  260.9  009.26  30.844  1024.445  1476.22 
2024 06 26 17 48 56.77  31.844  07.405  0075.75  00.43  07.91  260.9  009.26  30.836  1024.436  1476.25 
2024 06 26 17 48 57.02  31.846  07.403  0075.36  00.39  08.00  260.9  009.26  30.841  1024.438  1476.25 
2024 06 26 17 48 57.27  31.857  07.412  0075.01  00.42  08.06  260.9  009.26  30.845  1024.438  1476.28 
2024 06 26 17 48 57.52  31.861  07.412  0074.69  00.43  08.07  260.9  009.26  30.849  1024.440  1476.28 
2024 06 26 17 48 57.77  31.870  07.435  0074.30  00.45  08.05  260.9  009.26  30.839  1024.427  1476.35 
2024 06 26 17 48 58.02  31.879  07.441  0073.97  00.49  08.02  260.9  009.26  30.842  1024.428  1476.37 
2024 06 26 17 48 58.27  31.882  07.446  0073.57  00.45  08.18  260.9  009.26  30.842  1024.425  1476.38 
2024 06 26 17 48 58.52  31.883  07.450  0073.18  00.47  08.12  260.9  009.26  30.840  1024.421  1476.39 
2024 06 26 17 48 58.77  31.887  07.451  0072.84  00.45  08.01  260.9  009.26  30.843  1024.422  1476.39 
2024 06 26 17 48 59.02  31.890  07.454  0072.45  00.48  08.02  260.9  009.26  30.844  1024.420  1476.40 
2024 06 26 17 48 59.27  31.893  07.456  0072.07  00.49  07.95  262.1  009.26  30.845  1024.419  1476.40 
2024 06 26 17 48 59.52  31.900  07.475  0071.72  00.49  07.88  262.1  009.26  30.835  1024.407  1476.46 
2024 06 26 17 48 59.77  31.904  07.478  0071.31  00.43  07.96  262.1  009.26  30.838  1024.408  1476.47 
2024 06 26 17 49 00.02  31.916  07.491  0070.91  00.40  07.97  262.1  009.26  30.840  1024.405  1476.51 
2024 06 26 17 49 00.27  31.919  07.495  0070.49  00.43  07.98  262.1  009.26  30.840  1024.402  1476.52 
2024 06 26 17 49 00.52  31.926  07.502  0070.10  00.45  08.05  262.1  009.26  30.841  1024.401  1476.54 
2024 06 26 17 49 00.77  31.934  07.505  0069.76  00.45  07.95  262.1  009.26  30.847  1024.403  1476.56 
2024 06 26 17 49 01.02  31.936  07.513  0069.40  00.45  07.95  262.1  009.26  30.842  1024.396  1476.58 
2024 06 26 17 49 01.27  31.939  07.523  0068.99  00.43  08.14  262.1  009.26  30.836  1024.389  1476.60 
2024 06 26 17 49 01.52  31.949  07.530  0068.63  00.41  08.13  262.1  009.26  30.841  1024.390  1476.63 
2024 06 26 17 49 01.77  31.956  07.544  0068.24  00.38  08.10  262.1  009.26  30.837  1024.383  1476.67 
2024 06 26 17 49 02.02  31.961  07.544  0067.91  00.47  08.14  262.1  009.26  30.841  1024.385  1476.67 
2024 06 26 17 49 02.27  31.965  07.550  0067.52  00.43  07.86  264.4  009.26  30.841  1024.382  1476.69 
2024 06 26 17 49 02.52  31.967  07.553  0067.16  00.44  08.04  264.4  009.26  30.841  1024.380  1476.69 
2024 06 26 17 49 02.77  31.970  07.556  0066.84  00.40  07.92  264.4  009.26  30.841  1024.378  1476.70 
2024 06 26 17 49 03.02  31.977  07.562  0066.50  00.45  07.98  264.4  009.26  30.844  1024.378  1476.72 
2024 06 26 17 49 03.27  31.978  07.566  0066.15  00.40  08.06  264.4  009.26  30.842  1024.374  1476.73 
2024 06 26 17 49 03.52  31.983  07.573  0065.88  00.38  08.04  264.4  009.26  30.841  1024.371  1476.75 
2024 06 26 17 49 03.77  31.986  07.574  0065.58  00.39  08.04  264.4  009.26  30.843  1024.371  1476.75 
2024 06 26 17 49 04.02  31.990  07.581  0065.28  00.40  08.06  264.4  009.26  30.840  1024.367  1476.77 
2024 06 26 17 49 04.27  31.993  07.580  0064.99  00.41  08.21  264.4  009.26  30.845  1024.369  1476.77 
2024 06 26 17 49 04.52  31.994  07.581  0064.68  00.45  08.16  264.4  009.26  30.845  1024.368  1476.77 
2024 06 26 17 49 04.77  31.996  07.583  0064.37  00.49  08.18  264.4  009.26  30.846  1024.367  1476.77 
2024 06 26 17 49 05.02  31.998  07.593  0064.07  00.51  08.16  264.4  009.26  30.840  1024.359  1476.80 
2024 06 26 17 49 05.27  32.005  07.596  0063.73  00.49  07.89  266.2  009.26  30.844  1024.361  1476.81 
2024 06 26 17 49 05.52  32.009  07.602  0063.37  00.45  08.03  266.2  009.26  30.843  1024.357  1476.82 
2024 06 26 17 49 05.77  32.009  07.601  0063.01  00.34  07.98  266.2  009.26  30.845  1024.358  1476.82 
2024 06 26 17 49 06.02  32.011  07.604  0062.68  00.43  07.91  266.2  009.26  30.844  1024.355  1476.82 
2024 06 26 17 49 06.27  32.013  07.607  0062.29  00.40  07.94  266.2  009.26  30.844  1024.353  1476.83 
2024 06 26 17 49 06.52  32.014  07.606  0061.91  00.41  08.06  266.2  009.26  30.846  1024.353  1476.82 
2024 06 26 17 49 06.77  32.014  07.608  0061.56  00.41  08.06  266.2  009.26  30.845  1024.350  1476.82 
2024 06 26 17 49 07.02  32.025  07.623  0061.20  00.47  08.03  266.2  009.26  30.843  1024.344  1476.87 
2024 06 26 17 49 07.27  32.026  07.630  0060.85  00.43  08.19  266.2  009.26  30.838  1024.338  1476.88 
2024 06 26 17 49 07.52  32.029  07.628  0060.47  00.41  08.18  266.2  009.26  30.843  1024.341  1476.88 
2024 06 26 17 49 07.77  32.031  07.629  0060.12  00.50  08.06  266.2  009.26  30.844  1024.340  1476.88 
2024 06 26 17 49 08.02  32.028  07.627  0059.76  00.51  08.14  266.2  009.26  30.843  1024.338  1476.86 
2024 06 26 17 49 08.27  32.025  07.626  0059.36  00.49  07.87  267.1  009.26  30.841  1024.334  1476.85 
2024 06 26 17 49 08.52  32.027  07.638  0058.96  00.47  08.02  267.1  009.26  30.833  1024.324  1476.88 
2024 06 26 17 49 08.77  32.038  07.646  0058.60  00.41  07.89  267.1  009.26  30.838  1024.325  1476.91 
2024 06 26 17 49 09.02  32.047  07.656  0058.19  00.41  07.92  267.1  009.26  30.838  1024.323  1476.94 
2024 06 26 17 49 09.27  32.052  07.666  0057.81  00.44  07.94  267.1  009.26  30.835  1024.317  1476.97 
2024 06 26 17 49 09.52  32.056  07.666  0057.43  00.44  08.10  267.1  009.26  30.840  1024.319  1476.97 
2024 06 26 17 49 09.77  32.060  07.673  0057.06  00.43  08.06  267.1  009.26  30.837  1024.314  1476.99 
2024 06 26 17 49 10.02  32.063  07.674  0056.73  00.45  08.07  267.1  009.26  30.840  1024.315  1476.99 
2024 06 26 17 49 10.27  32.064  07.676  0056.39  00.43  08.18  267.1  009.26  30.840  1024.313  1476.99 
2024 06 26 17 49 10.52  32.064  07.680  0056.04  00.46  08.08  267.1  009.26  30.837  1024.308  1477.00 
2024 06 26 17 49 10.77  32.068  07.684  0055.64  00.45  08.14  267.1  009.26  30.836  1024.305  1477.01 
2024 06 26 17 49 11.02  32.070  07.684  0055.32  00.49  08.14  267.1  009.26  30.839  1024.306  1477.01 
2024 06 26 17 49 11.27  32.075  07.690  0055.03  00.49  08.00  267.0  009.26  30.839  1024.304  1477.02 
2024 06 26 17 49 11.52  32.076  07.694  0054.79  00.56  07.98  267.0  009.26  30.837  1024.301  1477.03 
2024 06 26 17 49 11.77  32.075  07.693  0054.52  00.52  08.01  267.0  009.26  30.838  1024.300  1477.02 
2024 06 26 17 49 12.02  32.073  07.693  0054.23  00.48  07.90  267.0  009.26  30.835  1024.297  1477.02 
2024 06 26 17 49 12.27  32.073  07.692  0053.99  00.43  07.93  267.0  009.26  30.837  1024.297  1477.01 
2024 06 26 17 49 12.52  32.072  07.692  0053.74  00.44  08.08  267.0  009.26  30.835  1024.295  1477.01 
2024 06 26 17 49 12.77  32.072  07.694  0053.40  00.50  08.02  267.0  009.26  30.834  1024.292  1477.01 
2024 06 26 17 49 13.02  32.071  07.697  0053.09  00.41  08.03  267.0  009.26  30.830  1024.287  1477.01 
2024 06 26 17 49 13.27  32.072  07.697  0052.80  00.45  08.12  267.0  009.26  30.832  1024.287  1477.00 
2024 06 26 17 49 13.52  32.072  07.699  0052.47  00.43  08.09  267.0  009.26  30.829  1024.283  1477.00 
2024 06 26 17 49 13.77  32.072  07.699  0052.20  00.51  08.13  267.0  009.26  30.829  1024.282  1477.00 
2024 06 26 17 49 14.02  32.072  07.699  0051.93  00.52  08.10  267.0  009.26  30.830  1024.282  1477.00 
2024 06 26 17 49 14.27  32.072  07.700  0051.64  00.48  07.92  267.4  009.26  30.828  1024.279  1476.99 
2024 06 26 17 49 14.52  32.071  07.700  0051.37  00.46  08.02  267.4  009.26  30.828  1024.277  1476.99 
2024 06 26 17 49 14.77  32.068  07.699  0051.10  00.46  07.97  267.4  009.26  30.826  1024.275  1476.98 
2024 06 26 17 49 15.02  32.068  07.697  0050.80  00.45  07.97  267.4  009.26  30.827  1024.274  1476.97 
2024 06 26 17 49 15.27  32.064  07.695  0050.52  00.43  08.06  267.4  009.26  30.825  1024.272  1476.95 
2024 06 26 17 49 15.52  32.063  07.694  0050.22  00.50  08.00  267.4  009.26  30.825  1024.270  1476.94 
2024 06 26 17 49 15.77  32.058  07.694  0049.94  00.42  08.01  267.4  009.26  30.820  1024.265  1476.93 
2024 06 26 17 49 16.02  32.056  07.691  0049.65  00.50  08.02  267.4  009.26  30.821  1024.265  1476.92 
2024 06 26 17 49 16.27  32.052  07.687  0049.33  00.49  08.18  267.4  009.26  30.820  1024.263  1476.90 
2024 06 26 17 49 16.52  32.048  07.685  0049.06  00.49  08.15  267.4  009.26  30.818  1024.261  1476.88 
2024 06 26 17 49 16.77  32.042  07.681  0048.72  00.48  08.14  267.4  009.26  30.815  1024.257  1476.86 
2024 06 26 17 49 17.02  32.030  07.668  0048.41  00.55  08.16  267.4  009.26  30.814  1024.257  1476.80 
2024 06 26 17 49 17.27  32.021  07.670  0048.12  00.52  07.91  268.0  009.26  30.803  1024.247  1476.79 
2024 06 26 17 49 17.52  32.015  07.660  0047.81  00.48  08.01  268.0  009.26  30.806  1024.249  1476.75 
2024 06 26 17 49 17.77  31.993  07.642  0047.52  00.51  08.02  268.0  009.26  30.798  1024.244  1476.66 
2024 06 26 17 49 18.02  31.985  07.635  0047.18  00.57  07.95  268.0  009.26  30.796  1024.241  1476.63 
2024 06 26 17 49 18.27  31.980  07.634  0046.84  00.55  07.96  268.0  009.26  30.792  1024.237  1476.62 
2024 06 26 17 49 18.52  31.978  07.632  0046.55  00.52  08.09  268.0  009.26  30.791  1024.235  1476.60 
2024 06 26 17 49 18.77  31.974  07.631  0046.28  00.59  08.09  268.0  009.26  30.788  1024.232  1476.59 
2024 06 26 17 49 19.02  31.974  07.627  0046.00  00.57  08.07  268.0  009.26  30.792  1024.234  1476.58 
2024 06 26 17 49 19.27  31.972  07.626  0045.66  00.58  08.15  268.0  009.26  30.791  1024.232  1476.56 
2024 06 26 17 49 19.52  31.970  07.624  0045.40  00.61  08.16  268.0  009.26  30.790  1024.230  1476.55 
2024 06 26 17 49 19.77  31.966  07.622  0045.09  00.58  08.05  268.0  009.26  30.789  1024.228  1476.54 
2024 06 26 17 49 20.02  31.962  07.619  0044.74  00.56  08.11  268.0  009.26  30.786  1024.225  1476.52 
2024 06 26 17 49 20.27  31.959  07.616  0044.46  00.55  08.02  268.9  009.26  30.786  1024.224  1476.50 
2024 06 26 17 49 20.52  31.955  07.611  0044.12  00.54  08.06  268.9  009.26  30.786  1024.223  1476.48 
2024 06 26 17 49 20.77  31.951  07.608  0043.81  00.59  07.98  268.9  009.26  30.785  1024.221  1476.46 
2024 06 26 17 49 21.02  31.943  07.597  0043.52  00.59  08.04  268.9  009.26  30.787  1024.223  1476.41 
2024 06 26 17 49 21.27  31.931  07.594  0043.24  00.57  07.98  268.9  009.26  30.776  1024.214  1476.39 
2024 06 26 17 49 21.52  31.919  07.567  0042.95  00.57  07.96  268.9  009.26  30.787  1024.224  1476.29 
2024 06 26 17 49 21.77  31.909  07.562  0042.68  00.67  07.99  268.9  009.26  30.781  1024.219  1476.26 
2024 06 26 17 49 22.02  31.894  07.556  0042.42  00.66  07.98  268.9  009.26  30.771  1024.211  1476.22 
2024 06 26 17 49 22.27  31.877  07.537  0042.14  00.71  08.19  268.9  009.26  30.770  1024.211  1476.14 
2024 06 26 17 49 22.52  31.868  07.531  0041.82  00.69  08.18  268.9  009.26  30.765  1024.207  1476.10 
2024 06 26 17 49 22.77  31.857  07.526  0041.49  00.65  08.16  268.9  009.26  30.758  1024.201  1476.07 
2024 06 26 17 49 23.02  31.850  07.520  0041.35  00.74  08.04  268.9  009.26  30.756  1024.199  1476.04 
2024 06 26 17 49 23.27  31.831  07.500  0041.27  00.74  07.89  270.3  009.26  30.754  1024.200  1475.96 
2024 06 26 17 49 23.52  31.829  07.505  0041.10  00.77  07.92  270.3  009.26  30.747  1024.193  1475.97 
2024 06 26 17 49 23.77  31.822  07.500  0040.71  00.72  07.97  270.3  009.26  30.745  1024.190  1475.94 
2024 06 26 17 49 24.02  31.814  07.492  0040.41  00.64  08.06  270.3  009.26  30.744  1024.189  1475.90 
2024 06 26 17 49 24.27  31.806  07.478  0040.12  00.64  08.00  270.3  009.26  30.746  1024.191  1475.85 
2024 06 26 17 49 24.52  31.795  07.472  0039.84  00.69  08.06  270.3  009.26  30.740  1024.187  1475.81 
2024 06 26 17 49 24.77  31.783  07.460  0039.56  00.75  08.06  270.3  009.26  30.738  1024.185  1475.76 
2024 06 26 17 49 25.02  31.773  07.455  0039.49  00.77  07.94  270.3  009.26  30.732  1024.181  1475.73 
2024 06 26 17 49 25.27  31.749  07.431  0039.50  00.79  08.19  270.3  009.26  30.728  1024.181  1475.63 
2024 06 26 17 49 25.52  31.742  07.428  0039.52  00.80  08.15  270.3  009.26  30.723  1024.177  1475.62 
2024 06 26 17 49 25.77  31.735  07.425  0039.51  00.74  08.05  270.3  009.26  30.718  1024.174  1475.60 
2024 06 26 17 49 26.02  31.724  07.413  0039.50  00.77  08.10  270.3  009.26  30.718  1024.175  1475.55 
2024 06 26 17 49 26.27  31.724  07.411  0039.51  00.76  07.89  272.1  009.26  30.719  1024.176  1475.55 
2024 06 26 17 49 26.52  31.722  07.411  0039.47  00.93  08.02  272.1  009.26  30.717  1024.175  1475.54 
2024 06 26 17 49 26.77  31.723  07.411  0039.23  00.90  08.03  272.1  009.26  30.717  1024.174  1475.54 
2024 06 26 17 49 27.02  31.724  07.413  0038.87  00.84  08.06  272.1  009.26  30.717  1024.171  1475.54 
2024 06 26 17 49 27.27  31.715  07.404  0038.55  00.78  07.98  272.1  009.26  30.715  1024.170  1475.50 
2024 06 26 17 49 27.52  31.712  07.403  0038.28  00.83  08.03  272.1  009.26  30.713  1024.167  1475.49 
2024 06 26 17 49 27.77  31.706  07.398  0038.03  00.84  08.02  272.1  009.26  30.711  1024.165  1475.46 
2024 06 26 17 49 28.02  31.697  07.386  0037.73  00.83  08.01  272.1  009.26  30.713  1024.167  1475.41 
2024 06 26 17 49 28.27  31.692  07.384  0037.50  00.84  08.18  272.1  009.26  30.709  1024.163  1475.39 
2024 06 26 17 49 28.52  31.689  07.381  0037.22  00.85  08.09  272.1  009.26  30.709  1024.162  1475.38 
2024 06 26 17 49 28.77  31.672  07.361  0036.93  00.82  08.09  272.1  009.26  30.708  1024.163  1475.30 
2024 06 26 17 49 29.02  31.652  07.347  0036.67  00.81  08.09  272.1  009.26  30.700  1024.157  1475.23 
2024 06 26 17 49 29.27  31.636  07.328  0036.36  00.90  07.96  272.7  009.26  30.699  1024.157  1475.15 
2024 06 26 17 49 29.52  31.618  07.320  0036.06  00.90  08.00  272.7  009.26  30.687  1024.147  1475.10 
2024 06 26 17 49 29.77  31.611  07.318  0035.76  00.91  07.95  272.7  009.26  30.681  1024.142  1475.08 
2024 06 26 17 49 30.02  31.608  07.316  0035.47  00.91  07.98  272.7  009.26  30.681  1024.140  1475.06 
2024 06 26 17 49 30.27  31.600  07.310  0035.16  00.95  08.02  272.7  009.26  30.677  1024.136  1475.03 
2024 06 26 17 49 30.52  31.598  07.307  0034.84  00.97  08.04  272.7  009.26  30.678  1024.137  1475.01 
2024 06 26 17 49 30.77  31.594  07.304  0034.53  00.98  07.97  272.7  009.26  30.676  1024.134  1475.00 
2024 06 26 17 49 31.02  31.587  07.303  0034.22  01.01  07.98  272.7  009.26  30.670  1024.128  1474.98 
2024 06 26 17 49 31.27  31.580  07.295  0033.91  00.95  08.08  272.7  009.26  30.669  1024.127  1474.94 
2024 06 26 17 49 31.52  31.575  07.289  0033.63  00.96  08.02  272.7  009.26  30.670  1024.127  1474.91 
2024 06 26 17 49 31.77  31.561  07.272  0033.32  00.97  08.03  272.7  009.26  30.670  1024.128  1474.84 
2024 06 26 17 49 32.02  31.533  07.257  0032.98  01.00  08.10  272.7  009.26  30.652  1024.114  1474.76 
2024 06 26 17 49 32.27  31.523  07.248  0032.65  00.96  08.01  272.4  009.26  30.651  1024.113  1474.71 
2024 06 26 17 49 32.52  31.510  07.238  0032.27  01.01  07.96  272.4  009.26  30.646  1024.109  1474.66 
2024 06 26 17 49 32.77  31.507  07.238  0031.98  01.06  07.97  272.4  009.26  30.643  1024.105  1474.66 
2024 06 26 17 49 33.02  31.504  07.233  0031.61  01.04  08.06  272.4  009.26  30.643  1024.104  1474.63 
2024 06 26 17 49 33.27  31.494  07.228  0031.28  01.06  08.08  272.4  009.26  30.638  1024.099  1474.60 
2024 06 26 17 49 33.52  31.468  07.209  0030.91  01.09  07.97  272.4  009.26  30.627  1024.091  1474.51 
2024 06 26 17 49 33.77  31.433  07.175  0030.59  01.16  07.99  272.4  009.26  30.619  1024.088  1474.36 
2024 06 26 17 49 34.02  31.405  07.141  0030.46  01.18  07.99  272.4  009.26  30.618  1024.091  1474.22 
2024 06 26 17 49 34.27  31.373  07.122  0030.32  01.27  08.00  272.4  009.26  30.601  1024.080  1474.13 
2024 06 26 17 49 34.52  31.346  07.098  0030.00  01.23  08.17  272.4  009.26  30.594  1024.076  1474.02 
2024 06 26 17 49 34.77  31.334  07.088  0029.69  01.08  08.00  272.4  009.26  30.590  1024.073  1473.97 
2024 06 26 17 49 35.02  31.278  07.010  0029.40  01.24  08.01  272.4  009.26  30.599  1024.088  1473.67 
2024 06 26 17 49 35.27  31.171  06.897  0029.07  01.40  07.98  272.0  009.26  30.584  1024.090  1473.20 
2024 06 26 17 49 35.52  31.097  06.846  0028.82  01.67  07.96  272.0  009.26  30.548  1024.067  1472.96 
2024 06 26 17 49 35.77  31.030  06.816  0028.62  01.91  07.95  272.0  009.26  30.503  1024.034  1472.77 
2024 06 26 17 49 36.02  30.980  06.739  0028.42  02.12  07.97  272.0  009.26  30.516  1024.053  1472.49 
2024 06 26 17 49 36.27  30.931  06.714  0028.13  02.28  08.01  272.0  009.26  30.486  1024.031  1472.34 
2024 06 26 17 49 36.52  30.892  06.687  0027.81  02.27  07.97  272.0  009.26  30.467  1024.018  1472.21 
2024 06 26 17 49 36.77  30.829  06.617  0027.54  02.25  07.97  272.0  009.26  30.461  1024.021  1471.92 
2024 06 26 17 49 37.02  30.788  06.547  0027.27  02.36  08.06  272.0  009.26  30.478  1024.042  1471.66 
2024 06 26 17 49 37.27  30.757  06.540  0026.99  02.42  08.03  272.0  009.26  30.452  1024.021  1471.59 
2024 06 26 17 49 37.52  30.722  06.511  0026.72  02.49  08.09  272.0  009.26  30.438  1024.013  1471.46 
2024 06 26 17 49 37.77  30.710  06.503  0026.36  02.70  08.04  272.0  009.26  30.433  1024.008  1471.41 
2024 06 26 17 49 38.02  30.684  06.491  0026.10  02.61  08.01  272.0  009.26  30.415  1023.994  1471.34 
2024 06 26 17 49 38.27  30.640  06.440  0025.78  02.81  07.94  274.7  009.26  30.412  1023.996  1471.13 
2024 06 26 17 49 38.52  30.604  06.394  0025.52  02.97  08.01  274.7  009.26  30.414  1024.002  1470.94 
2024 06 26 17 49 38.77  30.559  06.355  0025.27  03.21  08.03  274.7  009.26  30.399  1023.994  1470.77 
2024 06 26 17 49 39.02  30.499  06.271  0024.97  03.15  07.99  274.7  009.26  30.408  1024.010  1470.44 
2024 06 26 17 49 39.27  30.452  06.244  0024.71  03.13  08.01  274.7  009.26  30.380  1023.990  1470.29 
2024 06 26 17 49 39.52  30.424  06.218  0024.37  03.32  07.99  274.7  009.26  30.374  1023.986  1470.17 
2024 06 26 17 49 39.77  30.352  06.157  0024.11  03.44  07.97  274.7  009.26  30.349  1023.973  1469.89 
2024 06 26 17 49 40.02  30.349  06.148  0023.84  03.57  08.00  274.7  009.29  30.353  1023.976  1469.86 
2024 06 26 17 49 40.27  30.325  06.132  0023.53  03.39  07.98  274.7  009.26  30.342  1023.967  1469.77 
2024 06 26 17 49 40.52  30.284  06.094  0023.26  03.40  08.03  274.7  009.26  30.330  1023.961  1469.60 
2024 06 26 17 49 40.77  30.241  06.058  0022.98  03.56  08.02  274.7  009.26  30.315  1023.952  1469.43 
2024 06 26 17 49 41.02  30.210  05.998  0022.73  03.71  08.02  274.7  009.26  30.334  1023.973  1469.21 
2024 06 26 17 49 41.27  30.169  05.960  0022.48  03.87  07.94  281.5  009.26  30.323  1023.968  1469.04 
2024 06 26 17 49 41.52  30.041  05.809  0022.21  04.07  07.99  281.5  009.26  30.316  1023.979  1468.42 
2024 06 26 17 49 41.77  29.930  05.693  0021.93  04.23  07.97  281.5  009.26  30.296  1023.975  1467.92 
2024 06 26 17 49 42.02  29.861  05.660  0021.67  04.41  07.97  281.5  009.26  30.249  1023.940  1467.73 
2024 06 26 17 49 42.27  29.817  05.615  0021.36  04.68  07.98  281.5  009.26  30.241  1023.937  1467.53 
2024 06 26 17 49 42.52  29.758  05.562  0021.05  04.85  08.02  281.5  009.26  30.221  1023.926  1467.28 
2024 06 26 17 49 42.77  29.724  05.531  0020.81  04.82  08.02  281.5  009.26  30.211  1023.921  1467.14 
2024 06 26 17 49 43.02  29.704  05.515  0020.53  04.94  07.98  281.5  009.26  30.203  1023.915  1467.06 
2024 06 26 17 49 43.27  29.687  05.505  0020.26  04.86  08.08  281.5  009.26  30.193  1023.907  1467.00 
2024 06 26 17 49 43.52  29.681  05.495  0020.00  05.33  08.07  281.5  009.26  30.195  1023.908  1466.96 
2024 06 26 17 49 43.77  29.665  05.487  0019.72  05.37  08.11  281.5  009.26  30.186  1023.901  1466.91 
2024 06 26 17 49 44.02  29.647  05.463  0019.45  05.24  08.09  281.5  009.26  30.187  1023.903  1466.81 
2024 06 26 17 49 44.27  29.614  05.418  0019.18  05.54  07.92  289.1  009.26  30.191  1023.910  1466.63 
2024 06 26 17 49 44.52  29.590  05.406  0018.88  05.54  08.00  289.1  009.26  30.174  1023.896  1466.55 
2024 06 26 17 49 44.77  29.553  05.370  0018.63  05.77  07.99  289.1  009.26  30.165  1023.892  1466.39 
2024 06 26 17 49 45.02  29.514  05.330  0018.42  05.31  07.96  289.1  009.26  30.158  1023.889  1466.21 
2024 06 26 17 49 45.27  29.498  05.304  0018.21  05.59  08.03  289.1  009.26  30.163  1023.896  1466.11 
2024 06 26 17 49 45.52  29.438  05.266  0017.87  05.59  08.05  289.1  009.26  30.129  1023.871  1465.91 
2024 06 26 17 49 45.77  29.384  05.195  0017.61  05.62  07.97  289.1  009.26  30.132  1023.880  1465.62 
2024 06 26 17 49 46.02  29.367  05.178  0017.38  05.58  08.05  289.1  009.26  30.128  1023.878  1465.54 
2024 06 26 17 49 46.27  29.343  05.151  0017.08  05.79  08.11  289.1  009.26  30.126  1023.877  1465.42 
2024 06 26 17 49 46.52  29.320  05.137  0016.78  05.86  08.13  289.1  009.26  30.113  1023.867  1465.34 
2024 06 26 17 49 46.77  29.307  05.125  0016.50  05.75  08.04  289.1  009.26  30.109  1023.864  1465.28 
2024 06 26 17 49 47.02  29.295  05.118  0016.24  05.91  08.08  289.1  009.26  30.102  1023.858  1465.24 
2024 06 26 17 49 47.27  29.283  05.101  0015.98  06.06  07.91  297.4  009.26  30.103  1023.860  1465.17 
2024 06 26 17 49 47.52  29.280  05.099  0015.72  05.93  07.95  297.4  009.26  30.102  1023.858  1465.15 
2024 06 26 17 49 47.77  29.268  05.091  0015.48  05.95  08.01  297.4  009.26  30.096  1023.852  1465.11 
2024 06 26 17 49 48.02  29.253  05.072  0015.19  06.13  07.98  297.4  009.26  30.096  1023.853  1465.03 
2024 06 26 17 49 48.27  29.220  05.047  0014.94  06.79  08.02  297.4  009.26  30.081  1023.843  1464.90 
2024 06 26 17 49 48.52  29.189  04.998  0014.66  06.39  08.03  297.4  009.26  30.090  1023.854  1464.71 
2024 06 26 17 49 48.77  29.158  04.969  0014.46  06.54  08.02  297.4  009.26  30.081  1023.848  1464.57 
2024 06 26 17 49 49.02  29.140  04.959  0014.18  06.85  08.03  297.4  009.26  30.070  1023.839  1464.51 
2024 06 26 17 49 49.27  29.098  04.918  0013.95  06.36  08.07  297.4  009.26  30.059  1023.834  1464.32 
2024 06 26 17 49 49.52  29.082  04.890  0013.65  06.28  08.13  297.4  009.26  30.066  1023.841  1464.21 
2024 06 26 17 49 49.77  29.043  04.863  0013.37  06.29  08.11  297.4  009.26  30.047  1023.827  1464.07 
2024 06 26 17 49 50.02  28.979  04.782  0013.16  06.71  08.09  297.4  009.26  30.047  1023.835  1463.73 
2024 06 26 17 49 50.27  28.944  04.752  0012.85  06.66  07.90  302.6  009.26  30.034  1023.826  1463.59 
2024 06 26 17 49 50.52  28.903  04.724  0012.59  06.81  07.98  302.6  009.26  30.013  1023.811  1463.44 
2024 06 26 17 49 50.77  28.883  04.701  0012.38  07.15  07.99  302.6  009.26  30.011  1023.811  1463.34 
2024 06 26 17 49 51.02  28.875  04.691  0012.08  07.04  08.00  302.6  009.26  30.010  1023.810  1463.29 
2024 06 26 17 49 51.27  28.857  04.675  0011.76  06.86  08.00  302.6  009.26  30.004  1023.805  1463.21 
2024 06 26 17 49 51.52  28.831  04.656  0011.49  06.99  08.00  302.6  009.26  29.992  1023.796  1463.12 
2024 06 26 17 49 51.77  28.827  04.653  0011.26  06.93  08.01  302.6  009.26  29.991  1023.794  1463.10 
2024 06 26 17 49 52.02  28.814  04.637  0011.09  06.78  08.01  302.6  009.26  29.990  1023.794  1463.03 
2024 06 26 17 49 52.27  28.801  04.614  0010.94  07.31  08.13  302.6  009.26  29.996  1023.801  1462.94 
2024 06 26 17 49 52.52  28.784  04.610  0010.76  07.42  08.11  302.6  009.26  29.979  1023.787  1462.90 
2024 06 26 17 49 52.77  28.781  04.602  0010.59  06.98  08.10  302.6  009.26  29.984  1023.790  1462.87 
2024 06 26 17 49 53.02  28.779  04.607  0010.37  07.10  08.10  302.6  009.26  29.977  1023.784  1462.87 
2024 06 26 17 49 53.27  28.775  04.604  0010.16  07.04  07.96  308.1  009.26  29.975  1023.781  1462.86 
2024 06 26 17 49 53.52  28.748  04.582  0009.98  06.87  07.96  308.1  009.26  29.965  1023.775  1462.75 
2024 06 26 17 49 53.77  28.745  04.575  0009.91  06.93  07.97  308.1  009.26  29.968  1023.777  1462.72 
2024 06 26 17 49 54.02  28.726  04.553  0009.92  06.75  07.99  308.1  009.26  29.966  1023.778  1462.63 
2024 06 26 17 49 54.27  28.721  04.551  0009.94  07.01  07.96  308.1  009.26  29.962  1023.776  1462.61 
2024 06 26 17 49 54.52  28.715  04.544  0009.95  07.21  07.97  308.1  009.26  29.961  1023.775  1462.58 
2024 06 26 17 49 54.77  28.707  04.536  0009.93  06.97  08.00  308.1  009.26  29.959  1023.774  1462.55 
2024 06 26 17 49 55.02  28.700  04.537  0009.81  07.08  07.94  308.1  009.26  29.950  1023.767  1462.54 
2024 06 26 17 49 55.27  28.702  04.534  0009.60  06.94  08.14  308.1  009.26  29.955  1023.770  1462.53 
2024 06 26 17 49 55.52  28.698  04.531  0009.35  06.72  08.19  308.1  009.26  29.953  1023.767  1462.51 
2024 06 26 17 49 55.77  28.697  04.529  0009.09  06.55  08.09  308.1  009.26  29.954  1023.767  1462.50 
2024 06 26 17 49 56.02  28.691  04.526  0008.87  06.76  08.06  308.1  009.26  29.950  1023.763  1462.48 
2024 06 26 17 49 56.27  28.692  04.524  0008.61  07.00  07.94  311.0  009.26  29.953  1023.765  1462.47 
2024 06 26 17 49 56.52  28.688  04.524  0008.36  06.83  07.96  311.0  009.26  29.949  1023.760  1462.46 
2024 06 26 17 49 56.77  28.686  04.521  0008.14  07.03  07.98  311.0  009.26  29.949  1023.760  1462.45 
2024 06 26 17 49 57.02  28.686  04.521  0007.89  07.13  08.02  311.0  009.26  29.948  1023.758  1462.44 
2024 06 26 17 49 57.27  28.683  04.520  0007.67  07.09  08.00  311.0  009.26  29.947  1023.756  1462.43 
2024 06 26 17 49 57.52  28.683  04.518  0007.48  06.91  08.03  311.0  009.26  29.949  1023.756  1462.42 
2024 06 26 17 49 57.77  28.681  04.518  0007.21  06.69  08.03  311.0  009.26  29.946  1023.753  1462.41 
2024 06 26 17 49 58.02  28.682  04.518  0006.97  06.89  08.02  311.0  009.26  29.948  1023.754  1462.41 
2024 06 26 17 49 58.27  28.681  04.518  0006.74  07.14  08.10  311.0  009.26  29.946  1023.751  1462.41 
2024 06 26 17 49 58.52  28.681  04.517  0006.43  06.91  08.13  311.0  009.26  29.947  1023.750  1462.40 
2024 06 26 17 49 58.77  28.682  04.519  0006.20  06.68  08.05  311.0  009.26  29.947  1023.749  1462.40 
2024 06 26 17 49 59.02  28.682  04.519  0005.88  06.98  08.10  311.0  009.26  29.948  1023.748  1462.40 
2024 06 26 17 49 59.27  28.680  04.518  0005.59  07.05  07.95  312.8  009.26  29.946  1023.745  1462.39 
2024 06 26 17 49 59.52  28.680  04.519  0005.31  07.10  07.93  312.8  009.26  29.945  1023.743  1462.39 
2024 06 26 17 49 59.77  28.682  04.520  0005.00  06.88  07.94  312.8  009.26  29.947  1023.743  1462.39 
2024 06 26 17 50 00.02  28.682  04.519  0004.80  07.49  08.02  312.8  009.26  29.948  1023.743  1462.38 
2024 06 26 17 50 00.27  28.683  04.521  0004.61  07.46  08.02  312.8  009.26  29.948  1023.742  1462.39 
2024 06 26 17 50 00.52  28.682  04.520  0004.45  07.59  08.01  312.8  009.26  29.946  1023.740  1462.38 
2024 06 26 17 50 00.77  28.684  04.522  0004.32  07.79  08.04  312.8  009.26  29.948  1023.741  1462.38 
2024 06 26 17 50 01.02  28.685  04.523  0004.20  07.62  08.01  312.8  009.26  29.948  1023.740  1462.39 
2024 06 26 17 50 01.27  28.685  04.523  0004.04  07.36  08.15  312.8  009.26  29.947  1023.739  1462.39 
2024 06 26 17 50 01.52  28.679  04.521  0003.90  07.06  08.14  312.8  009.26  29.944  1023.736  1462.37 
2024 06 26 17 50 01.77  28.674  04.518  0003.74  07.02  08.10  312.8  009.26  29.940  1023.732  1462.35 
2024 06 26 17 50 02.02  28.662  04.513  0003.57  07.54  08.08  312.8  009.26  29.931  1023.725  1462.31 
2024 06 26 17 50 02.27  28.653  04.508  0003.42  07.43  07.91  313.8  009.26  29.925  1023.720  1462.28 
2024 06 26 17 50 02.52  28.644  04.503  0003.29  07.83  07.96  313.8  009.26  29.919  1023.715  1462.26 
2024 06 26 17 50 02.77  28.633  04.500  0003.12  07.78  07.96  313.8  009.26  29.909  1023.706  1462.23 
2024 06 26 17 50 03.02  28.627  04.492  0002.97  07.95  07.94  313.8  009.26  29.910  1023.707  1462.19 
2024 06 26 17 50 03.27  28.608  04.484  0002.91  07.69  07.99  313.8  009.26  29.895  1023.696  1462.14 
2024 06 26 17 50 03.52  28.508  04.416  0002.75  07.64  08.02  313.8  009.26  29.842  1023.660  1461.78 
2024 06 26 17 50 03.77  28.492  04.398  0002.55  07.69  07.97  313.8  009.26  29.839  1023.658  1461.70 
2024 06 26 17 50 04.02  28.295  04.213  0002.40  07.91  07.98  313.8  009.26  29.779  1023.627  1460.84 
2024 06 26 17 50 04.27  28.198  04.161  0002.28  08.28  08.15  313.8  009.26  29.714  1023.579  1460.54 
2024 06 26 17 50 04.52  28.050  04.045  0002.13  08.49  08.10  313.8  009.26  29.646  1023.536  1459.96 
2024 06 26 17 50 04.77  28.021  04.032  0001.99  09.07  08.09  313.8  009.26  29.625  1023.520  1459.88 
2024 06 26 17 50 05.02  27.993  04.012  0001.87  08.91  08.07  313.8  009.26  29.611  1023.509  1459.77 
2024 06 26 17 50 05.27  27.980  03.985  0001.79  08.77  07.92  312.7  009.26  29.619  1023.518  1459.67 
2024 06 26 17 50 05.52  27.960  03.972  0001.69  08.71  08.06  312.7  009.26  29.607  1023.510  1459.60 
2024 06 26 17 50 05.77  27.925  03.965  0001.51  08.68  08.07  312.7  009.26  29.574  1023.483  1459.52 
2024 06 26 17 50 06.02  27.927  03.968  0001.42  08.50  08.06  312.7  009.26  29.573  1023.482  1459.53 
2024 06 26 17 50 06.27  27.916  03.962  0001.28  08.46  08.05  312.7  009.26  29.566  1023.476  1459.49 
2024 06 26 17 50 06.52  27.884  03.934  0001.15  08.92  08.05  312.7  009.26  29.554  1023.468  1459.36 
2024 06 26 17 50 06.77  27.875  03.927  0001.05  08.96  08.04  312.7  009.26  29.550  1023.465  1459.32 
2024 06 26 17 50 07.02  27.865  03.912  0000.91  08.78  08.04  312.7  009.26  29.551  1023.467  1459.26 
2024 06 26 17 50 07.27  27.851  03.911  0000.85  09.12  08.18  312.7  009.26  29.536  1023.455  1459.23 
2024 06 26 17 50 07.52  27.843  03.905  0000.84  09.42  08.16  312.7  009.26  29.532  1023.452  1459.20 
2024 06 26 17 50 07.77  27.840  03.900  0000.83  09.04  08.13  312.7  009.26  29.532  1023.452  1459.18 
2024 06 26 17 50 08.02  27.828  03.892  0000.73  08.43  08.12  312.7  009.26  29.526  1023.447  1459.14 
2024 06 26 17 50 08.27  27.825  03.890  0000.67  08.48  07.94  322.3  009.26  29.525  1023.446  1459.13 
2024 06 26 17 50 08.52  27.824  03.889  0000.60  08.40  07.98  322.3  009.26  29.525  1023.447  1459.12 
2024 06 26 17 50 08.77  27.822  03.886  0000.54  08.13  08.00  322.3  009.26  29.524  1023.446  1459.11 
2024 06 26 17 50 09.02  27.819  03.883  0000.53  08.27  08.01  322.3  009.26  29.524  1023.446  1459.09 
2024 06 26 17 50 09.27  27.820  03.885  0000.54  08.32  08.00  322.3  009.26  29.523  1023.445  1459.10 
2024 06 26 17 50 09.52  27.823  03.881  0000.57  08.09  08.00  322.3  009.26  29.530  1023.451  1459.10 
2024 06 26 17 50 09.77  27.819  03.881  0000.56  08.36  08.01  322.3  009.26  29.525  1023.447  1459.09 
2024 06 26 17 50 10.02  27.816  03.884  0000.48  08.67  08.01  322.3  009.26  29.519  1023.441  1459.09 
2024 06 26 17 50 10.27  27.818  03.882  0000.48  08.53  08.16  322.3  009.26  29.524  1023.445  1459.09 
2024 06 26 17 50 10.52  27.817  03.883  0000.45  08.32  08.15  322.3  009.26  29.522  1023.444  1459.09 
2024 06 26 17 50 10.77  27.814  03.883  0000.41  08.47  08.14  322.3  009.26  29.518  1023.441  1459.09 
2024 06 26 17 50 11.02  27.812  03.881  0000.34  08.50  08.13  322.3  009.26  29.519  1023.441  1459.07 
2024 06 26 17 50 11.27  27.813  03.879  0000.30  08.55  07.94  323.9  009.26  29.521  1023.442  1459.07 
2024 06 26 17 50 11.52  27.811  03.877  0000.29  08.48  07.99  323.9  009.26  29.520  1023.442  1459.06 
2024 06 26 17 50 11.77  27.811  03.877  0000.30  08.72  08.01  323.9  009.26  29.520  1023.442  1459.06 
2024 06 26 17 50 12.02  27.812  03.878  0000.30  09.33  08.02  323.9  009.26  29.520  1023.442  1459.07 
2024 06 26 17 50 12.27  27.813  03.880  0000.29  08.78  08.03  323.9  009.26  29.520  1023.442  1459.07 
2024 06 26 17 50 12.52  27.816  03.881  0000.28  09.08  08.03  323.9  009.26  29.522  1023.443  1459.08 
2024 06 26 17 50 12.77  27.815  03.879  0000.21  09.20  08.04  323.9  009.26  29.523  1023.444  1459.07 
2024 06 26 17 50 13.02  27.816  03.884  0000.07  08.75  08.09  323.9  009.26  29.519  1023.440  1459.09 
2024 06 26 17 50 13.27  27.818  03.887  0000.03  08.60  08.25  323.9  009.26  29.520  1023.440  1459.10 
2024 06 26 17 50 13.52  06.679  03.856  0000.02  08.34  08.21  323.9  009.26  06.293  1005.005  1429.17 
2024 06 26 17 50 13.77  01.757  03.855  0000.00  19.84  08.20  323.9  009.26  01.523  1001.199  1422.98 
2024 06 26 17 50 14.02  00.446  03.869  0000.02  10.18  08.16  323.9  009.26  00.364  1000.268  1421.52 
2024 06 26 17 50 14.27  00.155  03.840  0000.03  03.84  07.96  326.4  009.26  00.123  1000.074  1421.06 
