2024 06 26 16 59 17.30  05.252  03.039  0000.05  01.59  02.10  355.0  009.23  04.990  1003.975  1423.74 
2024 06 26 16 59 17.55  28.139  04.520  0000.11  03.26  01.54  355.0  009.26  29.325  1023.227  1461.51 
2024 06 26 16 59 17.80  28.406  04.509  0000.13  07.28  08.46  355.0  009.23  29.642  1023.480  1461.87 
2024 06 26 16 59 18.05  28.416  04.514  0000.15  08.52  08.63  355.0  009.23  29.648  1023.484  1461.90 
2024 06 26 16 59 18.30  28.460  04.531  0000.23  09.14  08.69  355.0  009.23  29.684  1023.511  1462.02 
2024 06 26 16 59 18.55  28.484  04.532  0000.30  09.30  08.77  355.0  009.23  29.711  1023.533  1462.06 
2024 06 26 16 59 18.80  28.480  04.530  0000.32  09.25  08.75  355.0  009.23  29.708  1023.531  1462.05 
2024 06 26 16 59 19.05  28.474  04.534  0000.38  09.14  08.76  355.0  009.26  29.697  1023.522  1462.05 
2024 06 26 16 59 19.30  28.487  04.534  0000.47  09.25  08.71  358.3  009.23  29.713  1023.535  1462.07 
2024 06 26 16 59 19.55  28.488  04.536  0000.53  09.20  08.69  358.3  009.26  29.711  1023.534  1462.08 
2024 06 26 16 59 19.80  28.495  04.537  0000.62  09.97  08.69  358.3  009.26  29.719  1023.540  1462.10 
2024 06 26 16 59 20.05  28.499  04.539  0000.63  09.58  08.69  358.3  009.23  29.721  1023.542  1462.11 
2024 06 26 16 59 20.30  28.503  04.536  0000.67  09.42  08.68  358.3  009.26  29.729  1023.548  1462.11 
2024 06 26 16 59 20.55  28.504  04.538  0000.68  09.63  08.68  358.3  009.26  29.728  1023.548  1462.11 
2024 06 26 16 59 20.80  28.512  04.541  0000.68  09.59  08.68  358.3  009.23  29.735  1023.553  1462.13 
2024 06 26 16 59 21.05  28.506  04.539  0000.69  09.79  08.67  358.3  009.23  29.729  1023.548  1462.12 
2024 06 26 16 59 21.30  28.513  04.540  0000.69  09.37  08.71  358.3  009.20  29.736  1023.554  1462.13 
2024 06 26 16 59 21.55  28.510  04.541  0000.73  09.16  08.70  358.3  009.23  29.732  1023.551  1462.13 
2024 06 26 16 59 21.80  28.508  04.541  0000.74  09.25  08.70  358.3  009.23  29.730  1023.549  1462.13 
2024 06 26 16 59 22.05  28.506  04.536  0000.73  09.18  08.69  358.3  009.23  29.731  1023.551  1462.11 
2024 06 26 16 59 22.30  28.509  04.537  0000.74  09.21  08.64  335.3  009.23  29.735  1023.553  1462.12 
2024 06 26 16 59 22.55  28.503  04.535  0000.76  09.38  08.65  335.3  009.23  29.730  1023.550  1462.10 
2024 06 26 16 59 22.80  28.509  04.541  0000.84  09.59  08.65  335.3  009.23  29.731  1023.550  1462.13 
2024 06 26 16 59 23.05  28.524  04.561  0000.91  10.12  08.65  335.3  009.23  29.730  1023.549  1462.22 
2024 06 26 16 59 23.30  28.522  04.550  0000.88  09.99  08.64  335.3  009.26  29.738  1023.555  1462.18 
2024 06 26 16 59 23.55  28.522  04.552  0000.94  09.57  08.64  335.3  009.23  29.736  1023.554  1462.19 
2024 06 26 16 59 23.80  28.534  04.557  0001.02  09.91  08.64  335.3  009.23  29.745  1023.561  1462.22 
2024 06 26 16 59 24.05  28.539  04.569  0001.05  09.77  08.64  335.3  009.23  29.740  1023.556  1462.27 
2024 06 26 16 59 24.30  28.530  04.562  0001.09  09.35  08.67  335.3  009.23  29.736  1023.554  1462.23 
2024 06 26 16 59 24.55  28.536  04.557  0001.12  09.29  08.67  335.3  009.23  29.747  1023.563  1462.23 
2024 06 26 16 59 24.80  28.534  04.556  0001.06  09.44  08.66  335.3  009.23  29.747  1023.562  1462.22 
2024 06 26 16 59 25.05  28.531  04.552  0001.05  10.13  08.66  335.3  009.23  29.747  1023.563  1462.20 
2024 06 26 16 59 25.30  28.525  04.554  0001.06  09.97  08.60  330.1  009.23  29.737  1023.555  1462.20 
2024 06 26 16 59 25.55  28.520  04.547  0001.11  09.59  08.61  330.1  009.23  29.739  1023.557  1462.17 
2024 06 26 16 59 25.80  28.511  04.543  0001.11  09.62  08.62  330.1  009.23  29.732  1023.552  1462.15 
2024 06 26 16 59 26.05  28.511  04.539  0001.09  09.63  08.62  330.1  009.23  29.736  1023.556  1462.13 
2024 06 26 16 59 26.30  28.506  04.534  0001.06  09.26  08.61  330.1  009.23  29.733  1023.554  1462.11 
2024 06 26 16 59 26.55  28.502  04.537  0001.05  09.29  08.61  330.1  009.26  29.726  1023.548  1462.11 
2024 06 26 16 59 26.80  28.504  04.536  0001.02  10.02  08.61  330.1  009.26  29.730  1023.551  1462.11 
2024 06 26 16 59 27.05  28.502  04.536  0001.04  09.78  08.61  330.1  009.23  29.727  1023.549  1462.11 
2024 06 26 16 59 27.30  28.500  04.537  0001.07  09.59  08.66  330.1  009.23  29.724  1023.547  1462.11 
2024 06 26 16 59 27.55  28.506  04.547  0001.04  10.06  08.65  330.1  009.23  29.721  1023.543  1462.15 
2024 06 26 16 59 27.80  28.503  04.549  0001.08  09.96  08.64  330.1  009.23  29.716  1023.539  1462.15 
2024 06 26 16 59 28.05  28.510  04.542  0001.06  10.13  08.64  330.1  009.26  29.731  1023.552  1462.14 
2024 06 26 16 59 28.30  28.515  04.550  0001.05  09.63  08.58  327.7  009.23  29.730  1023.550  1462.17 
2024 06 26 16 59 28.55  28.511  04.552  0001.02  09.55  08.59  327.7  009.23  29.724  1023.544  1462.17 
2024 06 26 16 59 28.80  28.514  04.549  0001.02  09.45  08.59  327.7  009.23  29.729  1023.549  1462.17 
2024 06 26 16 59 29.05  28.510  04.549  0001.06  09.63  08.59  327.7  009.23  29.725  1023.546  1462.16 
2024 06 26 16 59 29.30  28.514  04.546  0001.09  09.89  08.59  327.7  009.23  29.732  1023.552  1462.16 
2024 06 26 16 59 29.55  28.507  04.545  0001.15  09.21  08.59  327.7  009.23  29.724  1023.546  1462.15 
2024 06 26 16 59 29.80  28.519  04.550  0001.25  09.75  08.59  327.7  009.23  29.735  1023.555  1462.18 
2024 06 26 16 59 30.05  28.515  04.552  0001.29  09.72  08.59  327.7  009.23  29.728  1023.549  1462.18 
2024 06 26 16 59 30.30  28.514  04.548  0001.26  09.82  08.65  327.7  009.23  29.731  1023.552  1462.17 
2024 06 26 16 59 30.55  28.510  04.549  0001.25  10.08  08.64  327.7  009.23  29.724  1023.546  1462.16 
2024 06 26 16 59 30.80  28.514  04.549  0001.25  09.92  08.64  327.7  009.23  29.729  1023.550  1462.17 
2024 06 26 16 59 31.05  28.514  04.548  0001.25  09.90  08.63  327.7  009.23  29.729  1023.550  1462.17 
2024 06 26 16 59 31.30  28.516  04.549  0001.25  09.84  08.56  326.8  009.26  29.732  1023.552  1462.17 
2024 06 26 16 59 31.55  28.515  04.549  0001.28  09.94  08.57  326.8  009.26  29.731  1023.552  1462.17 
2024 06 26 16 59 31.80  28.510  04.548  0001.28  09.66  08.57  326.8  009.23  29.726  1023.548  1462.16 
2024 06 26 16 59 32.05  28.512  04.546  0001.31  09.25  08.57  326.8  009.26  29.729  1023.551  1462.16 
2024 06 26 16 59 32.30  28.510  04.544  0001.31  09.72  08.57  326.8  009.23  29.729  1023.551  1462.15 
2024 06 26 16 59 32.55  28.511  04.545  0001.27  09.61  08.57  326.8  009.23  29.730  1023.551  1462.15 
2024 06 26 16 59 32.80  28.507  04.541  0001.28  09.60  08.57  326.8  009.23  29.729  1023.551  1462.14 
2024 06 26 16 59 33.05  28.508  04.541  0001.24  09.53  08.57  326.8  009.26  29.729  1023.551  1462.14 
2024 06 26 16 59 33.30  28.507  04.542  0001.25  09.37  08.63  326.8  009.23  29.728  1023.550  1462.14 
2024 06 26 16 59 33.55  28.507  04.545  0001.25  09.75  08.62  326.8  009.23  29.724  1023.547  1462.15 
2024 06 26 16 59 33.80  28.510  04.544  0001.30  09.92  08.62  326.8  009.23  29.729  1023.551  1462.15 
2024 06 26 16 59 34.05  28.514  04.551  0001.32  09.86  08.61  326.8  009.23  29.728  1023.550  1462.18 
2024 06 26 16 59 34.30  28.514  04.550  0001.34  09.18  08.54  326.0  009.23  29.728  1023.550  1462.18 
2024 06 26 16 59 34.55  28.519  04.563  0001.26  09.53  08.55  326.0  009.23  29.723  1023.544  1462.22 
2024 06 26 16 59 34.80  28.520  04.562  0001.26  09.53  08.55  326.0  009.23  29.724  1023.545  1462.22 
2024 06 26 16 59 35.05  28.530  04.566  0001.26  09.31  08.55  326.0  009.23  29.732  1023.551  1462.24 
2024 06 26 16 59 35.30  28.548  04.590  0001.26  10.02  08.55  326.0  009.26  29.732  1023.548  1462.34 
2024 06 26 16 59 35.55  28.549  04.598  0001.29  09.62  08.55  326.0  009.23  29.725  1023.542  1462.37 
2024 06 26 16 59 35.80  28.559  04.600  0001.30  09.17  08.55  326.0  009.23  29.735  1023.550  1462.39 
2024 06 26 16 59 36.05  28.565  04.593  0001.25  09.34  08.55  326.0  009.23  29.749  1023.562  1462.38 
2024 06 26 16 59 36.30  28.575  04.589  0001.26  09.31  08.61  326.0  009.23  29.764  1023.574  1462.38 
2024 06 26 16 59 36.55  28.571  04.582  0001.26  09.37  08.61  326.0  009.23  29.765  1023.576  1462.35 
2024 06 26 16 59 36.80  28.561  04.570  0001.27  09.45  08.60  326.0  009.20  29.764  1023.576  1462.30 
2024 06 26 16 59 37.05  28.558  04.568  0001.28  09.33  08.59  326.0  009.23  29.763  1023.575  1462.29 
2024 06 26 16 59 37.30  28.549  04.568  0001.27  09.02  08.52  325.3  009.26  29.752  1023.566  1462.28 
2024 06 26 16 59 37.55  28.542  04.568  0001.28  09.39  08.53  325.3  009.23  29.743  1023.560  1462.27 
2024 06 26 16 59 37.80  28.537  04.565  0001.23  09.70  08.53  325.3  009.26  29.741  1023.558  1462.25 
2024 06 26 16 59 38.05  28.521  04.556  0001.14  09.29  08.53  325.3  009.23  29.731  1023.550  1462.20 
2024 06 26 16 59 38.30  28.523  04.553  0000.95  09.41  08.53  325.3  009.23  29.737  1023.554  1462.19 
2024 06 26 16 59 38.55  28.518  04.552  0000.78  09.60  08.53  325.3  009.23  29.731  1023.549  1462.18 
2024 06 26 16 59 38.80  28.519  04.551  0000.67  09.86  08.53  325.3  009.26  29.734  1023.551  1462.18 
2024 06 26 16 59 39.05  28.514  04.549  0000.72  09.94  08.53  325.3  009.23  29.730  1023.548  1462.16 
2024 06 26 16 59 39.30  28.508  04.547  0000.78  09.66  08.58  325.3  009.23  29.725  1023.545  1462.15 
2024 06 26 16 59 39.55  28.510  04.545  0000.83  09.50  08.58  325.3  009.23  29.728  1023.547  1462.15 
2024 06 26 16 59 39.80  28.512  04.545  0000.83  09.54  08.57  325.3  009.23  29.730  1023.550  1462.15 
2024 06 26 16 59 40.05  28.510  04.547  0000.84  09.51  08.57  325.3  009.26  29.727  1023.547  1462.15 
2024 06 26 16 59 40.30  28.509  04.547  0000.81  09.36  08.50  325.4  009.23  29.726  1023.545  1462.15 
2024 06 26 16 59 40.55  28.507  04.546  0000.83  09.16  08.51  325.4  009.23  29.724  1023.544  1462.15 
2024 06 26 16 59 40.80  28.507  04.543  0000.84  09.36  08.51  325.4  009.23  29.726  1023.547  1462.13 
2024 06 26 16 59 41.05  28.505  04.542  0000.86  09.16  08.51  325.4  009.23  29.725  1023.546  1462.13 
2024 06 26 16 59 41.30  28.514  04.542  0000.94  09.75  08.52  325.4  009.26  29.735  1023.554  1462.14 
2024 06 26 16 59 41.55  28.514  04.538  0000.98  09.73  08.52  325.4  009.26  29.739  1023.558  1462.13 
2024 06 26 16 59 41.80  28.514  04.539  0000.96  09.53  08.52  325.4  009.26  29.739  1023.558  1462.14 
2024 06 26 16 59 42.05  28.516  04.541  0000.95  09.44  08.52  325.4  009.26  29.739  1023.557  1462.15 
2024 06 26 16 59 42.30  28.514  04.541  0000.93  09.28  08.57  325.4  009.26  29.737  1023.555  1462.14 
2024 06 26 16 59 42.55  28.513  04.539  0000.92  09.49  08.57  325.4  009.26  29.737  1023.556  1462.13 
2024 06 26 16 59 42.80  28.513  04.537  0000.95  09.59  08.56  325.4  009.26  29.739  1023.558  1462.13 
2024 06 26 16 59 43.05  28.513  04.536  0000.98  10.08  08.56  325.4  009.26  29.739  1023.558  1462.13 
2024 06 26 16 59 43.30  28.511  04.535  0001.00  09.89  08.49  325.4  009.26  29.739  1023.558  1462.12 
2024 06 26 16 59 43.55  28.510  04.534  0001.00  10.13  08.50  325.4  009.26  29.739  1023.558  1462.12 
2024 06 26 16 59 43.80  28.512  04.534  0000.98  10.53  08.50  325.4  009.26  29.741  1023.560  1462.12 
2024 06 26 16 59 44.05  28.510  04.534  0000.96  09.94  08.50  325.4  009.26  29.738  1023.557  1462.12 
2024 06 26 16 59 44.30  28.510  04.534  0000.89  09.42  08.50  325.4  009.26  29.738  1023.557  1462.12 
2024 06 26 16 59 44.55  28.510  04.535  0000.90  09.63  08.50  325.4  009.26  29.737  1023.556  1462.12 
2024 06 26 16 59 44.80  28.510  04.539  0000.93  10.10  08.45  325.4  009.26  29.733  1023.553  1462.13 
2024 06 26 16 59 45.05  28.514  04.539  0000.96  10.50  08.46  325.4  009.26  29.739  1023.557  1462.14 
2024 06 26 16 59 45.30  28.512  04.539  0000.98  11.01  08.51  325.4  009.26  29.736  1023.555  1462.13 
2024 06 26 16 59 45.55  28.512  04.540  0000.99  10.00  08.51  325.4  009.26  29.735  1023.555  1462.14 
2024 06 26 16 59 45.80  28.512  04.538  0000.97  09.63  08.51  325.4  009.26  29.737  1023.556  1462.13 
2024 06 26 16 59 46.05  28.510  04.535  0000.98  09.31  08.51  325.4  009.26  29.738  1023.557  1462.12 
2024 06 26 16 59 46.30  28.511  04.534  0000.99  09.42  08.45  325.5  009.26  29.739  1023.559  1462.12 
2024 06 26 16 59 46.55  28.508  04.535  0000.99  09.94  08.46  325.5  009.26  29.735  1023.555  1462.11 
2024 06 26 16 59 46.80  28.507  04.531  0000.95  10.00  08.47  325.5  009.26  29.737  1023.557  1462.10 
2024 06 26 16 59 47.05  28.508  04.532  0000.91  09.58  08.47  325.5  009.26  29.738  1023.557  1462.11 
2024 06 26 16 59 47.30  28.504  04.533  0000.91  09.84  08.47  325.5  009.26  29.733  1023.553  1462.10 
2024 06 26 16 59 47.55  28.507  04.533  0000.95  10.06  08.47  325.5  009.26  29.736  1023.556  1462.11 
2024 06 26 16 59 47.80  28.507  04.535  0001.00  10.58  08.47  325.5  009.26  29.734  1023.554  1462.11 
2024 06 26 16 59 48.05  28.504  04.534  0001.04  10.46  08.47  325.5  009.26  29.732  1023.553  1462.11 
2024 06 26 16 59 48.30  28.505  04.534  0001.02  09.75  08.52  325.5  009.26  29.732  1023.553  1462.11 
2024 06 26 16 59 48.55  28.507  04.534  0001.00  09.55  08.52  325.5  009.26  29.735  1023.555  1462.11 
2024 06 26 16 59 48.80  28.508  04.534  0000.94  08.95  08.52  325.5  009.26  29.736  1023.556  1462.11 
2024 06 26 16 59 49.05  28.505  04.533  0000.92  08.85  08.51  325.5  009.26  29.734  1023.554  1462.10 
2024 06 26 16 59 49.30  28.504  04.532  0000.92  10.49  08.45  325.7  009.26  29.733  1023.554  1462.10 
2024 06 26 16 59 49.55  28.510  04.536  0000.94  10.16  08.46  325.7  009.26  29.736  1023.555  1462.12 
2024 06 26 16 59 49.80  28.518  04.547  0000.98  10.02  08.47  325.7  009.26  29.735  1023.554  1462.17 
2024 06 26 16 59 50.05  28.527  04.560  0000.97  10.06  08.47  325.7  009.26  29.735  1023.552  1462.22 
2024 06 26 16 59 50.30  28.527  04.557  0000.98  10.28  08.47  325.7  009.26  29.737  1023.554  1462.21 
2024 06 26 16 59 50.55  28.526  04.554  0000.95  09.99  08.47  325.7  009.26  29.739  1023.556  1462.20 
2024 06 26 16 59 50.80  28.525  04.551  0000.96  09.80  08.47  325.7  009.26  29.740  1023.558  1462.19 
2024 06 26 16 59 51.05  28.527  04.554  0000.96  09.70  08.47  325.7  009.26  29.740  1023.557  1462.20 
2024 06 26 16 59 51.30  28.527  04.553  0000.97  09.29  08.52  325.7  009.26  29.741  1023.558  1462.20 
2024 06 26 16 59 51.55  28.527  04.553  0000.96  09.28  08.52  325.7  009.26  29.741  1023.558  1462.20 
2024 06 26 16 59 51.80  28.527  04.553  0000.96  09.83  08.51  325.7  009.26  29.741  1023.558  1462.20 
2024 06 26 16 59 52.05  28.525  04.551  0000.94  09.78  08.51  325.7  009.26  29.740  1023.557  1462.19 
2024 06 26 16 59 52.30  28.526  04.551  0000.95  09.41  08.44  325.5  009.26  29.741  1023.558  1462.19 
2024 06 26 16 59 52.55  28.523  04.551  0000.95  09.74  08.50  325.5  009.26  29.739  1023.556  1462.18 
2024 06 26 16 59 52.80  28.523  04.549  0001.00  09.60  08.50  325.5  009.26  29.740  1023.558  1462.18 
2024 06 26 16 59 53.05  28.514  04.541  0001.03  09.36  08.50  325.5  009.26  29.736  1023.555  1462.14 
2024 06 26 16 59 53.30  28.514  04.544  0001.04  09.34  08.49  325.5  009.26  29.733  1023.553  1462.15 
2024 06 26 16 59 53.55  28.514  04.541  0001.03  09.57  08.49  325.5  009.26  29.737  1023.557  1462.14 
2024 06 26 16 59 53.80  28.514  04.540  0000.99  09.40  08.49  325.5  009.26  29.738  1023.557  1462.14 
2024 06 26 16 59 54.05  28.514  04.538  0000.95  09.40  08.49  325.5  009.26  29.739  1023.558  1462.13 
2024 06 26 16 59 54.30  28.512  04.541  0000.94  09.55  08.48  325.5  009.26  29.734  1023.554  1462.14 
2024 06 26 16 59 54.55  28.512  04.540  0000.95  09.80  08.48  325.5  009.26  29.736  1023.555  1462.13 
2024 06 26 16 59 54.80  28.514  04.540  0001.00  10.20  08.48  325.5  009.26  29.738  1023.557  1462.14 
2024 06 26 16 59 55.05  28.519  04.549  0001.01  10.10  08.48  325.5  009.26  29.735  1023.554  1462.17 
2024 06 26 16 59 55.30  28.521  04.549  0001.01  10.28  08.41  325.5  009.26  29.737  1023.555  1462.18 
2024 06 26 16 59 55.55  28.520  04.549  0001.01  10.29  08.43  325.5  009.26  29.736  1023.555  1462.17 
2024 06 26 16 59 55.80  28.520  04.548  0001.00  09.51  08.43  325.5  009.26  29.737  1023.555  1462.17 
2024 06 26 16 59 56.05  28.521  04.548  0000.98  09.50  08.43  325.5  009.26  29.738  1023.556  1462.17 
2024 06 26 16 59 56.30  28.517  04.549  0000.98  09.71  08.44  325.5  009.26  29.732  1023.551  1462.17 
2024 06 26 16 59 56.55  28.518  04.548  0000.97  09.97  08.44  325.5  009.26  29.734  1023.553  1462.17 
2024 06 26 16 59 56.80  28.518  04.546  0000.95  10.60  08.44  325.5  009.26  29.736  1023.555  1462.16 
2024 06 26 16 59 57.05  28.515  04.544  0000.97  11.05  08.44  325.5  009.26  29.736  1023.555  1462.15 
2024 06 26 16 59 57.30  28.516  04.544  0000.99  11.08  08.49  325.5  009.26  29.736  1023.555  1462.15 
2024 06 26 16 59 57.55  28.515  04.542  0000.99  10.26  08.49  325.5  009.26  29.737  1023.556  1462.15 
2024 06 26 16 59 57.80  28.517  04.546  0001.01  10.14  08.49  325.5  009.26  29.736  1023.554  1462.16 
2024 06 26 16 59 58.05  28.515  04.545  0001.03  09.99  08.49  325.5  009.26  29.734  1023.553  1462.16 
2024 06 26 16 59 58.30  28.514  04.544  0001.02  09.66  08.42  325.5  009.26  29.735  1023.554  1462.15 
2024 06 26 16 59 58.55  28.514  04.543  0001.00  09.58  08.43  325.5  009.26  29.735  1023.554  1462.15 
2024 06 26 16 59 58.80  28.512  04.538  0000.96  09.48  08.43  325.5  009.26  29.737  1023.556  1462.13 
2024 06 26 16 59 59.05  28.510  04.538  0000.95  09.86  08.43  325.5  009.26  29.735  1023.555  1462.13 
2024 06 26 16 59 59.30  28.510  04.539  0000.96  10.23  08.44  325.5  009.26  29.734  1023.554  1462.13 
2024 06 26 16 59 59.55  28.508  04.537  0001.00  09.87  08.44  325.5  009.26  29.733  1023.554  1462.12 
2024 06 26 16 59 59.80  28.508  04.538  0001.03  10.02  08.44  325.5  009.26  29.732  1023.553  1462.13 
2024 06 26 17 00 00.05  28.508  04.538  0001.02  10.18  08.44  325.5  009.26  29.733  1023.553  1462.12 
2024 06 26 17 00 00.30  28.507  04.537  0000.98  09.87  08.49  325.5  009.26  29.732  1023.552  1462.12 
2024 06 26 17 00 00.55  28.508  04.538  0000.97  10.01  08.49  325.5  009.26  29.732  1023.553  1462.12 
2024 06 26 17 00 00.80  28.510  04.539  0000.97  09.40  08.48  325.5  009.26  29.733  1023.553  1462.13 
2024 06 26 17 00 01.05  28.511  04.543  0000.99  09.65  08.48  325.5  009.26  29.732  1023.551  1462.14 
2024 06 26 17 00 01.30  28.515  04.546  0001.01  09.66  08.41  325.5  009.26  29.733  1023.553  1462.16 
2024 06 26 17 00 01.55  28.515  04.547  0001.02  11.08  08.42  325.5  009.26  29.733  1023.552  1462.16 
2024 06 26 17 00 01.80  28.514  04.545  0000.99  10.24  08.42  325.5  009.26  29.732  1023.552  1462.15 
2024 06 26 17 00 02.05  28.517  04.546  0000.98  09.73  08.43  325.5  009.26  29.736  1023.554  1462.16 
2024 06 26 17 00 02.30  28.517  04.546  0000.98  09.55  08.43  325.5  009.26  29.736  1023.554  1462.16 
2024 06 26 17 00 02.55  28.515  04.552  0000.98  09.56  08.43  325.5  009.26  29.728  1023.548  1462.18 
2024 06 26 17 00 02.80  28.516  04.552  0001.00  09.91  08.43  325.5  009.26  29.729  1023.548  1462.18 
2024 06 26 17 00 03.05  28.515  04.550  0001.00  10.02  08.43  325.5  009.26  29.730  1023.549  1462.17 
2024 06 26 17 00 03.30  28.516  04.550  0001.01  09.59  08.48  325.5  009.26  29.731  1023.551  1462.17 
2024 06 26 17 00 03.55  28.514  04.544  0001.00  10.15  08.48  325.5  009.26  29.734  1023.553  1462.15 
2024 06 26 17 00 03.80  28.514  04.544  0000.99  09.60  08.47  325.5  009.26  29.733  1023.553  1462.15 
2024 06 26 17 00 04.05  28.513  04.541  0000.99  09.70  08.47  325.5  009.26  29.736  1023.555  1462.14 
2024 06 26 17 00 04.30  28.511  04.540  0001.01  09.86  08.40  325.4  009.26  29.734  1023.554  1462.13 
2024 06 26 17 00 04.55  28.512  04.537  0001.02  10.05  08.41  325.4  009.26  29.738  1023.558  1462.13 
2024 06 26 17 00 04.80  28.509  04.537  0001.01  09.65  08.41  325.4  009.26  29.734  1023.554  1462.12 
2024 06 26 17 00 05.05  28.509  04.538  0000.99  09.39  08.42  325.4  009.26  29.733  1023.553  1462.13 
2024 06 26 17 00 05.30  28.506  04.537  0000.98  09.59  08.42  325.4  009.26  29.731  1023.551  1462.12 
2024 06 26 17 00 05.55  28.506  04.537  0000.99  09.90  08.42  325.4  009.26  29.731  1023.551  1462.12 
2024 06 26 17 00 05.80  28.510  04.537  0001.02  10.18  08.42  325.4  009.26  29.735  1023.555  1462.12 
2024 06 26 17 00 06.05  28.509  04.538  0001.01  10.15  08.42  325.4  009.26  29.733  1023.553  1462.13 
2024 06 26 17 00 06.30  28.507  04.537  0001.01  10.00  08.47  325.4  009.26  29.732  1023.552  1462.12 
2024 06 26 17 00 06.55  28.506  04.536  0001.00  10.42  08.47  325.4  009.23  29.731  1023.552  1462.12 
2024 06 26 17 00 06.80  28.506  04.536  0000.99  09.97  08.47  325.4  009.26  29.732  1023.552  1462.11 
2024 06 26 17 00 07.05  28.505  04.537  0000.98  09.94  08.46  325.4  009.26  29.730  1023.551  1462.12 
2024 06 26 17 00 07.30  28.507  04.537  0001.01  10.47  08.39  325.6  009.26  29.732  1023.552  1462.12 
2024 06 26 17 00 07.55  28.507  04.538  0001.01  10.00  08.40  325.6  009.26  29.731  1023.552  1462.12 
2024 06 26 17 00 07.80  28.507  04.538  0001.03  10.92  08.40  325.6  009.26  29.731  1023.552  1462.12 
2024 06 26 17 00 08.05  28.506  04.536  0001.02  10.51  08.41  325.6  009.26  29.731  1023.552  1462.12 
2024 06 26 17 00 08.30  28.506  04.536  0001.00  09.88  08.41  325.6  009.26  29.731  1023.552  1462.12 
2024 06 26 17 00 08.55  28.504  04.537  0000.98  10.54  08.41  325.6  009.26  29.729  1023.550  1462.12 
2024 06 26 17 00 08.80  28.503  04.537  0000.99  10.23  08.41  325.6  009.26  29.728  1023.549  1462.11 
2024 06 26 17 00 09.05  28.505  04.537  0001.01  09.77  08.41  325.6  009.26  29.730  1023.551  1462.12 
2024 06 26 17 00 09.30  28.505  04.540  0001.00  09.94  08.47  325.6  009.26  29.727  1023.548  1462.13 
2024 06 26 17 00 09.55  28.505  04.536  0000.98  09.58  08.46  325.6  009.26  29.730  1023.551  1462.11 
2024 06 26 17 00 09.80  28.509  04.538  0000.99  09.97  08.46  325.6  009.26  29.733  1023.553  1462.13 
2024 06 26 17 00 10.05  28.509  04.539  0001.00  09.95  08.45  325.6  009.26  29.733  1023.553  1462.13 
2024 06 26 17 00 10.30  28.514  04.545  0001.03  10.13  08.38  325.7  009.26  29.732  1023.552  1462.16 
2024 06 26 17 00 10.55  28.510  04.544  0001.05  10.23  08.39  325.7  009.26  29.730  1023.551  1462.15 
2024 06 26 17 00 10.80  28.513  04.545  0001.05  10.28  08.40  325.7  009.26  29.731  1023.551  1462.15 
2024 06 26 17 00 11.05  28.514  04.544  0000.99  09.59  08.40  325.7  009.26  29.734  1023.553  1462.15 
2024 06 26 17 00 11.30  28.511  04.543  0000.94  09.45  08.40  325.7  009.26  29.731  1023.551  1462.14 
2024 06 26 17 00 11.55  28.512  04.541  0000.92  09.48  08.40  325.7  009.26  29.734  1023.554  1462.14 
2024 06 26 17 00 11.80  28.510  04.539  0000.97  10.53  08.40  325.7  009.26  29.734  1023.554  1462.13 
2024 06 26 17 00 12.05  28.510  04.537  0001.02  10.54  08.40  325.7  009.26  29.735  1023.555  1462.12 
2024 06 26 17 00 12.30  28.504  04.536  0001.06  10.35  08.46  325.7  009.26  29.730  1023.551  1462.11 
2024 06 26 17 00 12.55  28.503  04.535  0001.07  10.25  08.45  325.7  009.26  29.730  1023.551  1462.11 
2024 06 26 17 00 12.80  28.504  04.536  0001.06  09.74  08.48  325.7  009.26  29.730  1023.551  1462.11 
2024 06 26 17 00 13.05  28.503  04.535  0000.98  09.43  08.47  325.7  009.26  29.729  1023.550  1462.11 
2024 06 26 17 00 13.30  28.506  04.534  0000.95  09.83  08.37  325.6  009.26  29.733  1023.553  1462.11 
2024 06 26 17 00 13.55  28.503  04.534  0000.92  09.47  08.38  325.6  009.26  29.730  1023.551  1462.10 
2024 06 26 17 00 13.80  28.505  04.534  0000.96  09.68  08.38  325.6  009.26  29.733  1023.553  1462.11 
2024 06 26 17 00 14.05  28.505  04.533  0000.98  09.36  08.38  325.6  009.26  29.733  1023.554  1462.10 
2024 06 26 17 00 14.30  28.503  04.534  0001.01  09.61  08.38  325.6  009.26  29.730  1023.551  1462.11 
2024 06 26 17 00 14.55  28.501  04.531  0001.04  10.15  08.39  325.6  009.26  29.730  1023.552  1462.09 
2024 06 26 17 00 14.80  28.503  04.531  0001.02  09.78  08.39  325.6  009.26  29.732  1023.553  1462.10 
2024 06 26 17 00 15.05  28.501  04.531  0001.01  09.69  08.39  325.6  009.26  29.730  1023.552  1462.09 
2024 06 26 17 00 15.30  28.499  04.532  0000.98  09.85  08.44  325.6  009.26  29.727  1023.549  1462.09 
2024 06 26 17 00 15.55  28.500  04.530  0000.95  10.07  08.44  325.6  009.26  29.730  1023.551  1462.09 
2024 06 26 17 00 15.80  28.499  04.530  0000.96  09.82  08.44  325.6  009.26  29.730  1023.551  1462.09 
2024 06 26 17 00 16.05  28.499  04.529  0000.98  09.82  08.43  325.6  009.26  29.731  1023.552  1462.08 
2024 06 26 17 00 16.30  28.498  04.529  0001.00  09.63  08.36  325.8  009.26  29.728  1023.550  1462.08 
2024 06 26 17 00 16.55  28.496  04.530  0001.00  10.19  08.37  325.8  009.26  29.726  1023.548  1462.08 
2024 06 26 17 00 16.80  28.499  04.530  0000.98  09.66  08.38  325.8  009.26  29.728  1023.550  1462.09 
2024 06 26 17 00 17.05  28.497  04.528  0000.98  09.33  08.38  325.8  009.26  29.728  1023.550  1462.08 
2024 06 26 17 00 17.30  28.495  04.526  0000.97  09.80  08.38  325.8  009.26  29.729  1023.551  1462.07 
2024 06 26 17 00 17.55  28.493  04.525  0000.99  09.88  08.38  325.8  009.26  29.727  1023.549  1462.06 
2024 06 26 17 00 17.80  28.489  04.525  0001.03  10.11  08.38  325.8  009.26  29.722  1023.546  1462.06 
2024 06 26 17 00 18.05  28.487  04.523  0001.03  09.83  08.38  325.8  009.26  29.723  1023.547  1462.05 
2024 06 26 17 00 18.30  28.487  04.523  0001.00  09.55  08.44  325.8  009.26  29.721  1023.545  1462.05 
2024 06 26 17 00 18.55  28.487  04.523  0000.96  09.72  08.43  325.8  009.26  29.722  1023.546  1462.05 
2024 06 26 17 00 18.80  28.486  04.521  0000.96  09.47  08.43  325.8  009.26  29.722  1023.546  1462.04 
2024 06 26 17 00 19.05  28.486  04.522  0000.94  09.40  08.43  325.8  009.26  29.721  1023.545  1462.04 
2024 06 26 17 00 19.30  28.490  04.529  0000.96  09.36  08.36  325.7  009.26  29.720  1023.543  1462.07 
2024 06 26 17 00 19.55  28.498  04.535  0001.00  10.74  08.37  325.7  009.26  29.723  1023.545  1462.10 
2024 06 26 17 00 19.80  28.501  04.538  0001.02  10.28  08.37  325.7  009.26  29.724  1023.546  1462.11 
2024 06 26 17 00 20.05  28.501  04.537  0001.04  10.51  08.37  325.7  009.26  29.725  1023.547  1462.11 
2024 06 26 17 00 20.30  28.499  04.535  0001.02  09.71  08.37  325.7  009.26  29.725  1023.547  1462.10 
2024 06 26 17 00 20.55  28.499  04.533  0001.01  10.07  08.37  325.7  009.26  29.726  1023.548  1462.09 
2024 06 26 17 00 20.80  28.495  04.530  0000.98  09.76  08.37  325.7  009.26  29.725  1023.548  1462.08 
2024 06 26 17 00 21.05  28.493  04.528  0000.96  10.00  08.37  325.7  009.26  29.724  1023.547  1462.07 
2024 06 26 17 00 21.30  28.494  04.527  0000.94  10.16  08.43  325.7  009.26  29.726  1023.548  1462.07 
2024 06 26 17 00 21.55  28.491  04.527  0000.97  09.80  08.43  325.7  009.26  29.723  1023.546  1462.07 
2024 06 26 17 00 21.80  28.493  04.530  0000.99  09.74  08.42  325.7  009.26  29.722  1023.545  1462.08 
2024 06 26 17 00 22.05  28.493  04.530  0001.02  09.34  08.42  325.7  009.26  29.722  1023.545  1462.08 
2024 06 26 17 00 22.30  28.499  04.539  0001.01  09.50  08.35  325.7  009.26  29.722  1023.544  1462.11 
2024 06 26 17 00 22.55  28.498  04.547  0001.02  09.58  08.36  325.7  009.26  29.713  1023.536  1462.13 
2024 06 26 17 00 22.80  28.496  04.557  0000.99  09.87  08.36  325.7  009.26  29.702  1023.526  1462.16 
2024 06 26 17 00 23.05  28.502  04.561  0001.01  09.70  08.36  325.7  009.26  29.704  1023.528  1462.18 
2024 06 26 17 00 23.30  28.504  04.560  0001.00  10.17  08.36  325.7  009.26  29.708  1023.531  1462.19 
2024 06 26 17 00 23.55  28.507  04.553  0000.99  10.15  08.36  325.7  009.26  29.718  1023.540  1462.17 
2024 06 26 17 00 23.80  28.512  04.553  0000.98  11.01  08.36  325.7  009.26  29.724  1023.544  1462.18 
2024 06 26 17 00 24.05  28.517  04.557  0000.96  11.44  08.37  325.7  009.26  29.725  1023.545  1462.19 
2024 06 26 17 00 24.30  28.518  04.558  0000.95  10.23  08.42  325.7  009.26  29.726  1023.545  1462.20 
2024 06 26 17 00 24.55  28.523  04.571  0000.95  09.94  08.42  325.7  009.26  29.720  1023.540  1462.25 
2024 06 26 17 00 24.80  28.546  04.573  0001.00  09.71  08.41  325.7  009.26  29.744  1023.558  1462.28 
2024 06 26 17 00 25.05  28.549  04.574  0001.04  09.99  08.41  325.7  009.26  29.746  1023.560  1462.29 
2024 06 26 17 00 25.30  28.546  04.570  0001.05  09.97  08.34  325.8  009.26  29.746  1023.561  1462.28 
2024 06 26 17 00 25.55  28.549  04.571  0001.04  09.74  08.35  325.8  009.26  29.750  1023.564  1462.29 
2024 06 26 17 00 25.80  28.546  04.569  0001.00  09.55  08.35  325.8  009.26  29.749  1023.563  1462.27 
2024 06 26 17 00 26.05  28.541  04.566  0000.96  09.75  08.35  325.8  009.26  29.745  1023.560  1462.26 
2024 06 26 17 00 26.30  28.541  04.567  0000.94  09.92  08.35  325.8  009.26  29.744  1023.559  1462.26 
2024 06 26 17 00 26.55  28.538  04.564  0000.95  10.27  08.36  325.8  009.26  29.744  1023.559  1462.25 
2024 06 26 17 00 26.80  28.534  04.560  0000.99  10.37  08.36  325.8  009.26  29.743  1023.559  1462.23 
2024 06 26 17 00 27.05  28.536  04.565  0001.01  10.30  08.36  325.8  009.26  29.740  1023.556  1462.25 
2024 06 26 17 00 27.30  28.533  04.562  0001.04  09.61  08.41  325.8  009.26  29.740  1023.556  1462.23 
2024 06 26 17 00 27.55  28.531  04.560  0001.05  09.54  08.41  325.8  009.26  29.739  1023.556  1462.23 
2024 06 26 17 00 27.80  28.526  04.556  0001.01  09.69  08.41  325.8  009.26  29.737  1023.555  1462.21 
2024 06 26 17 00 28.05  28.527  04.558  0001.01  09.78  08.40  325.8  009.26  29.737  1023.554  1462.21 
2024 06 26 17 00 28.30  28.526  04.557  0000.96  09.71  08.33  325.4  009.26  29.736  1023.554  1462.21 
2024 06 26 17 00 28.55  28.525  04.555  0000.95  10.16  08.34  325.4  009.26  29.736  1023.554  1462.20 
2024 06 26 17 00 28.80  28.526  04.554  0000.96  09.55  08.34  325.4  009.26  29.738  1023.555  1462.20 
2024 06 26 17 00 29.05  28.522  04.551  0000.98  09.69  08.34  325.4  009.26  29.737  1023.555  1462.18 
2024 06 26 17 00 29.30  28.514  04.547  0001.00  10.47  08.35  325.4  009.26  29.732  1023.551  1462.16 
2024 06 26 17 00 29.55  28.511  04.541  0001.02  09.96  08.35  325.4  009.26  29.734  1023.553  1462.14 
2024 06 26 17 00 29.80  28.512  04.543  0001.02  09.73  08.35  325.4  009.26  29.733  1023.553  1462.14 
2024 06 26 17 00 30.05  28.514  04.543  0001.02  09.79  08.35  325.4  009.26  29.734  1023.554  1462.15 
2024 06 26 17 00 30.30  28.511  04.543  0000.98  09.36  08.40  325.4  009.26  29.732  1023.552  1462.14 
2024 06 26 17 00 30.55  28.509  04.542  0000.97  09.36  08.40  325.4  009.26  29.729  1023.550  1462.14 
2024 06 26 17 00 30.80  28.510  04.542  0000.98  09.51  08.40  325.4  009.26  29.731  1023.551  1462.14 
2024 06 26 17 00 31.05  28.508  04.542  0000.99  09.95  08.39  325.4  009.26  29.729  1023.549  1462.14 
2024 06 26 17 00 31.30  28.511  04.544  0000.99  09.66  08.32  325.5  009.26  29.731  1023.551  1462.15 
2024 06 26 17 00 31.55  28.509  04.545  0000.99  09.46  08.33  325.5  009.26  29.727  1023.548  1462.15 
2024 06 26 17 00 31.80  28.509  04.545  0001.00  09.30  08.34  325.5  009.26  29.727  1023.548  1462.15 
2024 06 26 17 00 32.05  28.512  04.547  0001.02  09.80  08.34  325.5  009.26  29.729  1023.549  1462.16 
2024 06 26 17 00 32.30  28.512  04.546  0001.03  09.91  08.34  325.5  009.26  29.730  1023.550  1462.15 
2024 06 26 17 00 32.55  28.513  04.544  0001.01  09.73  08.34  325.5  009.26  29.733  1023.552  1462.15 
2024 06 26 17 00 32.80  28.511  04.544  0000.98  09.52  08.34  325.5  009.26  29.731  1023.551  1462.15 
2024 06 26 17 00 33.05  28.511  04.541  0001.00  09.84  08.34  325.5  009.26  29.733  1023.553  1462.14 
2024 06 26 17 00 33.30  28.510  04.540  0000.96  09.50  08.40  325.5  009.26  29.734  1023.553  1462.13 
2024 06 26 17 00 33.55  28.507  04.539  0000.96  09.24  08.40  325.5  009.26  29.730  1023.550  1462.12 
2024 06 26 17 00 33.80  28.507  04.538  0000.96  09.44  08.39  325.5  009.26  29.731  1023.551  1462.12 
2024 06 26 17 00 34.05  28.505  04.536  0000.98  09.49  08.39  325.5  009.26  29.730  1023.551  1462.11 
2024 06 26 17 00 34.30  28.514  04.551  0001.02  09.61  08.32  325.6  009.26  29.727  1023.547  1462.17 
2024 06 26 17 00 34.55  28.520  04.556  0001.05  09.94  08.33  325.6  009.26  29.730  1023.549  1462.20 
2024 06 26 17 00 34.80  28.521  04.557  0001.03  09.52  08.34  325.6  009.26  29.730  1023.549  1462.20 
2024 06 26 17 00 35.05  28.522  04.553  0001.00  09.83  08.34  325.6  009.26  29.735  1023.554  1462.19 
2024 06 26 17 00 35.30  28.526  04.556  0000.96  09.85  08.34  325.6  009.26  29.736  1023.554  1462.20 
2024 06 26 17 00 35.55  28.527  04.559  0000.94  09.77  08.34  325.6  009.26  29.736  1023.553  1462.21 
2024 06 26 17 00 35.80  28.527  04.558  0000.95  09.61  08.34  325.6  009.26  29.737  1023.554  1462.21 
2024 06 26 17 00 36.05  28.532  04.563  0000.99  09.89  08.34  325.6  009.26  29.737  1023.554  1462.24 
2024 06 26 17 00 36.30  28.550  04.582  0001.02  10.05  08.39  325.6  009.26  29.742  1023.556  1462.32 
2024 06 26 17 00 36.55  28.551  04.582  0001.04  09.67  08.39  325.6  009.26  29.742  1023.556  1462.32 
2024 06 26 17 00 36.80  28.546  04.572  0001.04  09.52  08.39  325.6  009.26  29.745  1023.560  1462.28 
2024 06 26 17 00 37.05  28.544  04.567  0000.98  09.49  08.38  325.6  009.26  29.748  1023.562  1462.26 
2024 06 26 17 00 37.30  28.546  04.569  0000.96  09.51  08.31  325.5  009.26  29.748  1023.562  1462.27 
2024 06 26 17 00 37.55  28.548  04.571  0000.95  09.98  08.32  325.5  009.26  29.748  1023.562  1462.28 
2024 06 26 17 00 37.80  28.553  04.579  0000.97  10.25  08.32  325.5  009.26  29.748  1023.561  1462.31 
2024 06 26 17 00 38.05  28.557  04.579  0001.03  10.47  08.32  325.5  009.26  29.751  1023.563  1462.32 
2024 06 26 17 00 38.30  28.557  04.582  0001.05  10.49  08.33  325.5  009.26  29.750  1023.562  1462.33 
2024 06 26 17 00 38.55  28.558  04.581  0001.06  10.11  08.33  325.5  009.26  29.752  1023.564  1462.33 
2024 06 26 17 00 38.80  28.557  04.578  0001.03  09.52  08.33  325.5  009.26  29.753  1023.565  1462.32 
2024 06 26 17 00 39.05  28.554  04.579  0000.97  09.69  08.33  325.5  009.26  29.749  1023.561  1462.32 
2024 06 26 17 00 39.30  28.553  04.576  0000.94  09.97  08.38  325.5  009.26  29.750  1023.562  1462.30 
2024 06 26 17 00 39.55  28.552  04.577  0000.94  09.61  08.38  325.5  009.26  29.748  1023.560  1462.31 
2024 06 26 17 00 39.80  28.534  04.562  0000.96  10.63  08.38  325.5  009.26  29.740  1023.556  1462.23 
2024 06 26 17 00 40.05  28.511  04.535  0001.01  10.35  08.37  325.5  009.26  29.739  1023.558  1462.12 
2024 06 26 17 00 40.30  28.510  04.536  0001.04  09.86  08.30  325.4  009.26  29.737  1023.557  1462.12 
2024 06 26 17 00 40.55  28.512  04.538  0001.05  09.99  08.31  325.4  009.26  29.737  1023.557  1462.13 
2024 06 26 17 00 40.80  28.514  04.540  0001.05  10.05  08.32  325.4  009.26  29.737  1023.556  1462.14 
2024 06 26 17 00 41.05  28.518  04.548  0001.02  09.59  08.32  325.4  009.26  29.735  1023.554  1462.17 
2024 06 26 17 00 41.30  28.521  04.552  0000.98  09.39  08.32  325.4  009.26  29.734  1023.553  1462.19 
2024 06 26 17 00 41.55  28.516  04.548  0000.94  09.52  08.32  325.4  009.26  29.733  1023.552  1462.16 
2024 06 26 17 00 41.80  28.516  04.548  0000.93  10.06  08.32  325.4  009.26  29.733  1023.552  1462.16 
2024 06 26 17 00 42.05  28.515  04.549  0000.95  10.13  08.32  325.4  009.26  29.731  1023.550  1462.17 
2024 06 26 17 00 42.30  28.516  04.547  0001.00  10.49  08.38  325.4  009.26  29.734  1023.553  1462.16 
2024 06 26 17 00 42.55  28.513  04.545  0001.03  11.02  08.37  325.4  009.26  29.732  1023.552  1462.15 
2024 06 26 17 00 42.80  28.508  04.540  0001.05  10.10  08.37  325.4  009.26  29.731  1023.551  1462.13 
2024 06 26 17 00 43.05  28.508  04.540  0001.05  09.60  08.37  325.4  009.26  29.731  1023.551  1462.13 
2024 06 26 17 00 43.30  28.511  04.542  0001.01  09.56  08.30  325.3  009.26  29.732  1023.552  1462.14 
2024 06 26 17 00 43.55  28.500  04.537  0000.98  09.70  08.31  325.3  009.26  29.724  1023.546  1462.11 
2024 06 26 17 00 43.80  28.501  04.536  0000.96  09.63  08.31  325.3  009.26  29.726  1023.548  1462.11 
2024 06 26 17 00 44.05  28.503  04.536  0000.97  10.69  08.31  325.3  009.26  29.728  1023.549  1462.11 
2024 06 26 17 00 44.30  28.503  04.538  0001.00  10.68  08.31  325.3  009.26  29.727  1023.549  1462.12 
2024 06 26 17 00 44.55  28.503  04.538  0001.02  09.94  08.31  325.3  009.26  29.727  1023.548  1462.12 
2024 06 26 17 00 44.80  28.502  04.534  0001.01  09.75  08.31  325.3  009.26  29.728  1023.550  1462.10 
2024 06 26 17 00 45.05  28.500  04.534  0001.00  10.11  08.31  325.3  009.26  29.727  1023.549  1462.10 
2024 06 26 17 00 45.30  28.501  04.534  0000.98  09.83  08.37  325.3  009.26  29.728  1023.549  1462.10 
2024 06 26 17 00 45.55  28.500  04.533  0001.01  09.68  08.37  325.3  009.26  29.728  1023.549  1462.10 
2024 06 26 17 00 45.80  28.499  04.534  0001.01  09.53  08.36  325.3  009.26  29.726  1023.548  1462.10 
2024 06 26 17 00 46.05  28.499  04.533  0001.01  10.11  08.36  325.3  009.26  29.726  1023.548  1462.09 
2024 06 26 17 00 46.30  28.499  04.532  0001.03  09.81  08.29  325.5  009.26  29.727  1023.549  1462.09 
2024 06 26 17 00 46.55  28.498  04.532  0001.01  10.19  08.30  325.5  009.26  29.726  1023.548  1462.09 
2024 06 26 17 00 46.80  28.498  04.532  0001.01  10.65  08.30  325.5  009.26  29.726  1023.548  1462.09 
2024 06 26 17 00 47.05  28.498  04.534  0000.96  10.42  08.30  325.5  009.26  29.725  1023.547  1462.09 
2024 06 26 17 00 47.30  28.499  04.533  0000.94  10.67  08.30  325.5  009.26  29.726  1023.548  1462.09 
2024 06 26 17 00 47.55  28.499  04.535  0000.95  10.34  08.31  325.5  009.26  29.725  1023.547  1462.10 
2024 06 26 17 00 47.80  28.499  04.537  0001.00  10.38  08.31  325.5  009.26  29.724  1023.546  1462.11 
2024 06 26 17 00 48.05  28.499  04.537  0001.04  10.26  08.31  325.5  009.26  29.723  1023.545  1462.11 
2024 06 26 17 00 48.30  28.496  04.533  0001.07  10.16  08.36  325.5  009.26  29.723  1023.546  1462.09 
2024 06 26 17 00 48.55  28.498  04.533  0001.07  10.44  08.36  325.5  009.26  29.725  1023.547  1462.10 
2024 06 26 17 00 48.80  28.498  04.530  0001.03  09.83  08.36  325.5  009.26  29.727  1023.550  1462.09 
2024 06 26 17 00 49.05  28.494  04.530  0000.96  09.44  08.35  325.5  009.26  29.723  1023.546  1462.08 
2024 06 26 17 00 49.30  28.495  04.530  0000.91  09.67  08.28  325.6  009.26  29.725  1023.547  1462.08 
2024 06 26 17 00 49.55  28.496  04.529  0000.92  10.23  08.29  325.6  009.26  29.727  1023.549  1462.08 
2024 06 26 17 00 49.80  28.492  04.528  0000.96  10.04  08.30  325.6  009.26  29.724  1023.547  1462.07 
2024 06 26 17 00 50.05  28.490  04.527  0001.03  10.23  08.30  325.6  009.26  29.721  1023.545  1462.07 
2024 06 26 17 00 50.30  28.485  04.524  0001.05  09.72  08.30  325.6  009.26  29.718  1023.543  1462.05 
2024 06 26 17 00 50.55  28.487  04.523  0001.05  09.68  08.30  325.6  009.26  29.721  1023.546  1462.05 
2024 06 26 17 00 50.80  28.489  04.525  0001.04  09.77  08.30  325.6  009.26  29.722  1023.546  1462.06 
2024 06 26 17 00 51.05  28.489  04.525  0000.99  09.46  08.30  325.6  009.26  29.722  1023.545  1462.06 
2024 06 26 17 00 51.30  28.484  04.523  0000.98  09.28  08.36  325.6  009.26  29.719  1023.543  1462.04 
2024 06 26 17 00 51.55  28.483  04.522  0000.98  09.68  08.36  325.6  009.23  29.717  1023.542  1462.04 
2024 06 26 17 00 51.80  28.484  04.523  0000.99  09.96  08.35  325.6  009.26  29.719  1023.543  1462.04 
2024 06 26 17 00 52.05  28.483  04.520  0001.01  10.08  08.35  325.6  009.26  29.719  1023.544  1462.03 
2024 06 26 17 00 52.30  28.480  04.519  0001.01  10.40  08.27  325.7  009.26  29.717  1023.543  1462.03 
2024 06 26 17 00 52.55  28.479  04.521  0000.99  09.59  08.29  325.7  009.26  29.714  1023.540  1462.03 
2024 06 26 17 00 52.80  28.481  04.520  0001.00  10.00  08.29  325.7  009.26  29.717  1023.542  1462.03 
2024 06 26 17 00 53.05  28.483  04.522  0000.98  09.69  08.29  325.7  009.26  29.719  1023.543  1462.04 
2024 06 26 17 00 53.30  28.483  04.521  0000.99  09.49  08.29  325.7  009.26  29.718  1023.543  1462.04 
2024 06 26 17 00 53.55  28.481  04.519  0001.01  09.50  08.29  325.7  009.26  29.718  1023.543  1462.03 
2024 06 26 17 00 53.80  28.481  04.520  0001.04  09.38  08.29  325.7  009.26  29.717  1023.542  1462.03 
2024 06 26 17 00 54.05  28.481  04.521  0001.04  09.87  08.30  325.7  009.26  29.717  1023.542  1462.03 
2024 06 26 17 00 54.30  28.478  04.520  0001.01  09.98  08.35  325.7  009.26  29.714  1023.540  1462.02 
2024 06 26 17 00 54.55  28.477  04.519  0000.99  09.89  08.35  325.7  009.26  29.714  1023.540  1462.02 
2024 06 26 17 00 54.80  28.475  04.516  0000.96  09.92  08.34  325.7  009.26  29.714  1023.540  1462.01 
2024 06 26 17 00 55.05  28.475  04.516  0000.93  09.37  08.34  325.7  009.26  29.715  1023.541  1462.01 
2024 06 26 17 00 55.30  28.475  04.514  0000.99  09.81  08.27  325.9  009.26  29.716  1023.542  1462.00 
2024 06 26 17 00 55.55  28.473  04.514  0001.03  10.50  08.28  325.9  009.26  29.714  1023.541  1462.00 
2024 06 26 17 00 55.80  28.473  04.516  0001.07  10.25  08.28  325.9  009.26  29.712  1023.539  1462.01 
2024 06 26 17 00 56.05  28.472  04.514  0001.06  10.00  08.28  325.9  009.26  29.712  1023.539  1462.00 
2024 06 26 17 00 56.30  28.471  04.514  0001.05  09.57  08.29  325.9  009.26  29.712  1023.539  1462.00 
2024 06 26 17 00 56.55  28.474  04.513  0000.99  09.69  08.29  325.9  009.26  29.716  1023.542  1462.00 
2024 06 26 17 00 56.80  28.471  04.513  0000.97  09.49  08.29  325.9  009.26  29.712  1023.539  1461.99 
2024 06 26 17 00 57.05  28.471  04.512  0000.97  10.22  08.29  325.9  009.26  29.713  1023.540  1461.99 
2024 06 26 17 00 57.30  28.471  04.513  0000.99  10.18  08.35  325.9  009.26  29.712  1023.539  1461.99 
2024 06 26 17 00 57.55  28.470  04.513  0001.00  10.18  08.34  325.9  009.26  29.711  1023.538  1461.99 
2024 06 26 17 00 57.80  28.471  04.513  0000.99  10.15  08.34  325.9  009.26  29.712  1023.539  1461.99 
2024 06 26 17 00 58.05  28.470  04.514  0000.99  10.63  08.33  325.9  009.26  29.710  1023.537  1461.99 
2024 06 26 17 00 58.30  28.469  04.514  0001.00  10.16  08.26  326.1  009.26  29.709  1023.536  1462.00 
2024 06 26 17 00 58.55  28.471  04.514  0001.02  10.32  08.28  326.1  009.26  29.711  1023.538  1462.00 
2024 06 26 17 00 58.80  28.468  04.515  0001.05  10.11  08.28  326.1  009.26  29.707  1023.535  1462.00 
2024 06 26 17 00 59.05  28.469  04.516  0001.07  09.46  08.28  326.1  009.26  29.708  1023.536  1462.00 
2024 06 26 17 00 59.30  28.472  04.514  0001.04  09.76  08.28  326.1  009.26  29.713  1023.540  1462.00 
2024 06 26 17 00 59.55  28.471  04.515  0000.98  10.07  08.28  326.1  009.26  29.711  1023.538  1462.00 
2024 06 26 17 00 59.80  28.469  04.514  0000.90  09.79  08.28  326.1  009.26  29.709  1023.536  1461.99 
2024 06 26 17 01 00.05  28.467  04.514  0000.86  10.41  08.28  326.1  009.26  29.707  1023.534  1461.99 
2024 06 26 17 01 00.30  28.468  04.514  0000.96  11.05  08.34  326.1  009.26  29.708  1023.536  1461.99 
2024 06 26 17 01 00.55  28.469  04.513  0001.06  10.30  08.34  326.1  009.26  29.710  1023.538  1461.99 
2024 06 26 17 01 00.80  28.465  04.513  0001.12  09.73  08.33  326.1  009.26  29.706  1023.534  1461.99 
2024 06 26 17 01 01.05  28.465  04.513  0001.11  09.65  08.33  326.1  009.26  29.705  1023.534  1461.99 
2024 06 26 17 01 01.30  28.468  04.514  0001.06  09.23  08.26  326.0  009.26  29.707  1023.535  1461.99 
2024 06 26 17 01 01.55  28.469  04.515  0000.97  09.25  08.27  326.0  009.26  29.708  1023.536  1462.00 
2024 06 26 17 01 01.80  28.470  04.515  0000.91  09.26  08.27  326.0  009.26  29.709  1023.536  1462.00 
2024 06 26 17 01 02.05  28.471  04.516  0000.91  09.85  08.27  326.0  009.26  29.710  1023.537  1462.00 
2024 06 26 17 01 02.30  28.474  04.518  0000.93  10.59  08.27  326.0  009.26  29.711  1023.538  1462.01 
2024 06 26 17 01 02.55  28.472  04.519  0000.98  10.47  08.28  326.0  009.26  29.709  1023.536  1462.01 
2024 06 26 17 01 02.80  28.473  04.519  0001.07  09.88  08.28  326.0  009.26  29.709  1023.536  1462.02 
2024 06 26 17 01 03.05  28.484  04.527  0001.13  10.11  08.28  326.0  009.26  29.715  1023.540  1462.06 
2024 06 26 17 01 03.30  28.483  04.524  0001.14  09.89  08.33  326.0  009.26  29.716  1023.542  1462.05 
2024 06 26 17 01 03.55  28.477  04.521  0001.12  09.82  08.33  326.0  009.26  29.712  1023.539  1462.03 
2024 06 26 17 01 03.80  28.478  04.520  0001.06  09.92  08.33  326.0  009.26  29.714  1023.540  1462.03 
2024 06 26 17 01 04.05  28.478  04.521  0001.00  09.95  08.32  326.0  009.26  29.713  1023.539  1462.03 
2024 06 26 17 01 04.30  28.482  04.523  0000.98  10.36  08.25  326.1  009.26  29.716  1023.541  1462.04 
2024 06 26 17 01 04.55  28.482  04.524  0000.99  10.52  08.26  326.1  009.26  29.715  1023.540  1462.04 
2024 06 26 17 01 04.80  28.481  04.523  0001.03  10.29  08.27  326.1  009.26  29.715  1023.541  1462.04 
2024 06 26 17 01 05.05  28.479  04.520  0001.06  10.34  08.27  326.1  009.26  29.715  1023.541  1462.03 
2024 06 26 17 01 05.30  28.479  04.522  0001.11  10.20  08.27  326.1  009.26  29.713  1023.540  1462.03 
2024 06 26 17 01 05.55  28.479  04.520  0001.13  10.02  08.27  326.1  009.26  29.715  1023.541  1462.03 
2024 06 26 17 01 05.80  28.479  04.521  0001.12  09.55  08.27  326.1  009.26  29.714  1023.540  1462.03 
2024 06 26 17 01 06.05  28.474  04.519  0001.07  09.53  08.27  326.1  009.26  29.711  1023.538  1462.02 
2024 06 26 17 01 06.30  28.472  04.516  0001.02  09.43  08.33  326.1  009.26  29.711  1023.538  1462.00 
2024 06 26 17 01 06.55  28.472  04.515  0000.99  09.41  08.33  326.1  009.26  29.712  1023.538  1462.00 
2024 06 26 17 01 06.80  28.471  04.516  0001.00  09.78  08.32  326.1  009.26  29.710  1023.537  1462.00 
2024 06 26 17 01 07.05  28.471  04.515  0001.01  10.03  08.32  326.1  009.26  29.711  1023.538  1462.00 
2024 06 26 17 01 07.30  28.474  04.521  0001.08  10.23  08.24  325.9  009.26  29.709  1023.536  1462.02 
2024 06 26 17 01 07.55  28.475  04.521  0001.08  09.66  08.26  325.9  009.26  29.709  1023.536  1462.03 
2024 06 26 17 01 07.80  28.475  04.519  0001.12  09.56  08.26  325.9  009.26  29.712  1023.539  1462.02 
2024 06 26 17 01 08.05  28.475  04.518  0001.11  09.80  08.26  325.9  009.26  29.712  1023.539  1462.02 
2024 06 26 17 01 08.30  28.473  04.516  0001.09  09.81  08.26  325.9  009.26  29.712  1023.539  1462.01 
2024 06 26 17 01 08.55  28.472  04.515  0001.06  09.57  08.27  325.9  009.26  29.712  1023.539  1462.00 
2024 06 26 17 01 08.80  28.473  04.518  0001.05  11.33  08.27  325.9  009.26  29.710  1023.537  1462.01 
2024 06 26 17 01 09.05  28.475  04.523  0001.09  10.68  08.27  325.9  009.26  29.709  1023.536  1462.03 
2024 06 26 17 01 09.30  28.485  04.531  0001.11  10.39  08.32  325.9  009.26  29.712  1023.538  1462.07 
2024 06 26 17 01 09.55  28.491  04.533  0001.12  10.32  08.32  325.9  009.26  29.718  1023.542  1462.09 
2024 06 26 17 01 09.80  28.493  04.536  0001.15  10.07  08.32  325.9  009.26  29.717  1023.541  1462.10 
2024 06 26 17 01 10.05  28.495  04.535  0001.19  10.19  08.31  325.9  009.26  29.719  1023.544  1462.10 
2024 06 26 17 01 10.30  28.497  04.539  0001.25  10.20  08.24  326.0  009.26  29.719  1023.543  1462.11 
2024 06 26 17 01 10.55  28.498  04.537  0001.25  10.45  08.25  326.0  009.26  29.721  1023.545  1462.11 
2024 06 26 17 01 10.80  28.497  04.537  0001.22  10.70  08.25  326.0  009.26  29.720  1023.544  1462.11 
2024 06 26 17 01 11.05  28.496  04.536  0001.15  10.72  08.26  326.0  009.26  29.721  1023.544  1462.10 
2024 06 26 17 01 11.30  28.489  04.528  0001.11  10.07  08.26  326.0  009.29  29.720  1023.544  1462.07 
2024 06 26 17 01 11.55  28.489  04.527  0001.09  09.94  08.26  326.0  009.26  29.720  1023.544  1462.07 
2024 06 26 17 01 11.80  28.483  04.523  0001.16  10.61  08.26  326.0  009.26  29.718  1023.543  1462.04 
2024 06 26 17 01 12.05  28.478  04.521  0001.19  10.14  08.26  326.0  009.26  29.713  1023.540  1462.03 
2024 06 26 17 01 12.30  28.479  04.525  0001.23  10.08  08.32  326.0  009.26  29.710  1023.537  1462.05 
2024 06 26 17 01 12.55  28.485  04.528  0001.23  09.68  08.32  326.0  009.26  29.715  1023.541  1462.06 
2024 06 26 17 01 12.80  28.478  04.521  0001.22  09.63  08.31  326.0  009.26  29.713  1023.540  1462.03 
2024 06 26 17 01 13.05  28.480  04.521  0001.20  09.86  08.31  326.0  009.26  29.715  1023.542  1462.04 
2024 06 26 17 01 13.30  28.483  04.522  0001.15  09.80  08.23  325.8  009.26  29.718  1023.544  1462.04 
2024 06 26 17 01 13.55  28.486  04.525  0001.15  09.51  08.25  325.8  009.26  29.719  1023.544  1462.05 
2024 06 26 17 01 13.80  28.489  04.531  0001.14  09.49  08.25  325.8  009.26  29.716  1023.541  1462.08 
2024 06 26 17 01 14.05  28.491  04.533  0001.19  09.85  08.25  325.8  009.26  29.717  1023.542  1462.09 
2024 06 26 17 01 14.30  28.487  04.529  0001.19  09.54  08.25  325.8  009.26  29.715  1023.541  1462.07 
2024 06 26 17 01 14.55  28.487  04.528  0001.19  09.82  08.25  325.8  009.26  29.717  1023.542  1462.06 
2024 06 26 17 01 14.80  28.488  04.529  0001.20  10.35  08.26  325.8  009.26  29.718  1023.543  1462.07 
2024 06 26 17 01 15.05  28.490  04.528  0001.17  10.08  08.26  325.8  009.26  29.720  1023.545  1462.07 
2024 06 26 17 01 15.30  28.488  04.526  0001.18  09.93  08.31  325.8  009.26  29.720  1023.545  1462.06 
2024 06 26 17 01 15.55  28.486  04.527  0001.20  09.60  08.31  325.8  009.26  29.717  1023.542  1462.06 
2024 06 26 17 01 15.80  28.483  04.525  0001.19  09.66  08.31  325.8  009.26  29.716  1023.542  1462.05 
2024 06 26 17 01 16.05  28.484  04.525  0001.22  10.74  08.30  325.8  009.26  29.716  1023.542  1462.05 
2024 06 26 17 01 16.30  28.483  04.522  0001.19  10.16  08.23  325.9  009.26  29.718  1023.544  1462.04 
2024 06 26 17 01 16.55  28.480  04.521  0001.18  09.88  08.24  325.9  009.26  29.716  1023.542  1462.03 
2024 06 26 17 01 16.80  28.475  04.520  0001.15  09.87  08.24  325.9  009.26  29.711  1023.538  1462.03 
2024 06 26 17 01 17.05  28.473  04.519  0001.14  10.22  08.25  325.9  009.26  29.709  1023.537  1462.02 
2024 06 26 17 01 17.30  28.472  04.517  0001.15  10.09  08.25  325.9  009.26  29.710  1023.538  1462.01 
2024 06 26 17 01 17.55  28.473  04.518  0001.19  10.25  08.25  325.9  009.26  29.710  1023.538  1462.01 
2024 06 26 17 01 17.80  28.472  04.517  0001.22  10.34  08.25  325.9  009.26  29.710  1023.538  1462.01 
2024 06 26 17 01 18.05  28.471  04.518  0001.22  10.35  08.25  325.9  009.26  29.708  1023.536  1462.01 
2024 06 26 17 01 18.30  28.473  04.518  0001.22  09.92  08.31  325.9  009.26  29.710  1023.538  1462.02 
2024 06 26 17 01 18.55  28.475  04.519  0001.21  09.71  08.31  325.9  009.26  29.712  1023.539  1462.02 
2024 06 26 17 01 18.80  28.473  04.521  0001.17  09.78  08.30  325.9  009.26  29.707  1023.535  1462.02 
2024 06 26 17 01 19.05  28.473  04.520  0001.14  10.13  08.30  325.9  009.26  29.708  1023.536  1462.02 
2024 06 26 17 01 19.30  28.473  04.520  0001.16  09.61  08.22  326.0  009.26  29.709  1023.536  1462.02 
2024 06 26 17 01 19.55  28.476  04.521  0001.17  10.49  08.24  326.0  009.26  29.711  1023.538  1462.03 
2024 06 26 17 01 19.80  28.476  04.519  0001.16  10.25  08.24  326.0  009.26  29.713  1023.540  1462.02 
2024 06 26 17 01 20.05  28.475  04.517  0001.17  09.78  08.24  326.0  009.26  29.714  1023.541  1462.01 
2024 06 26 17 01 20.30  28.476  04.518  0001.18  09.90  08.24  326.0  009.26  29.714  1023.541  1462.02 
2024 06 26 17 01 20.55  28.475  04.518  0001.22  09.84  08.25  326.0  009.26  29.712  1023.539  1462.02 
2024 06 26 17 01 20.80  28.471  04.517  0001.24  09.90  08.25  326.0  009.26  29.709  1023.537  1462.01 
2024 06 26 17 01 21.05  28.471  04.515  0001.25  09.55  08.25  326.0  009.23  29.711  1023.539  1462.00 
2024 06 26 17 01 21.30  28.472  04.515  0001.23  09.64  08.30  326.0  009.26  29.711  1023.539  1462.01 
2024 06 26 17 01 21.55  28.471  04.515  0001.19  09.97  08.30  326.0  009.26  29.711  1023.538  1462.01 
2024 06 26 17 01 21.80  28.467  04.514  0001.11  10.09  08.30  326.0  009.26  29.707  1023.535  1461.99 
2024 06 26 17 01 22.05  28.468  04.513  0001.09  09.82  08.29  326.0  009.26  29.709  1023.537  1461.99 
2024 06 26 17 01 22.30  28.462  04.506  0001.10  09.98  08.22  325.9  009.26  29.709  1023.537  1461.96 
2024 06 26 17 01 22.55  28.465  04.513  0001.14  10.28  08.23  325.9  009.26  29.705  1023.534  1461.99 
2024 06 26 17 01 22.80  28.467  04.516  0001.21  10.21  08.24  325.9  009.26  29.705  1023.534  1462.00 
2024 06 26 17 01 23.05  28.471  04.521  0001.25  10.20  08.24  325.9  009.26  29.705  1023.534  1462.02 
2024 06 26 17 01 23.30  28.471  04.520  0001.26  10.11  08.24  325.9  009.26  29.707  1023.535  1462.02 
2024 06 26 17 01 23.55  28.471  04.519  0001.25  10.14  08.24  325.9  009.26  29.707  1023.535  1462.01 
2024 06 26 17 01 23.80  28.466  04.514  0001.21  09.57  08.24  325.9  009.26  29.706  1023.535  1461.99 
2024 06 26 17 01 24.05  28.465  04.513  0001.16  09.63  08.24  325.9  009.26  29.705  1023.534  1461.99 
2024 06 26 17 01 24.30  28.464  04.513  0001.19  09.63  08.30  325.9  009.26  29.705  1023.534  1461.99 
2024 06 26 17 01 24.55  28.464  04.512  0001.26  09.61  08.30  325.9  009.26  29.705  1023.535  1461.98 
2024 06 26 17 01 24.80  28.461  04.512  0001.28  09.77  08.29  325.9  009.26  29.702  1023.532  1461.98 
2024 06 26 17 01 25.05  28.460  04.511  0001.38  09.72  08.29  325.9  009.26  29.700  1023.532  1461.98 
2024 06 26 17 01 25.30  28.458  04.510  0001.45  09.50  08.22  326.0  009.26  29.700  1023.532  1461.97 
2024 06 26 17 01 25.55  28.457  04.508  0001.63  09.78  08.23  326.0  009.26  29.700  1023.533  1461.97 
2024 06 26 17 01 25.80  28.458  04.510  0001.90  09.55  08.23  326.0  009.26  29.700  1023.534  1461.98 
2024 06 26 17 01 26.05  28.525  04.573  0002.24  09.59  08.26  326.0  009.26  29.720  1023.545  1462.27 
2024 06 26 17 01 26.30  28.634  04.632  0002.59  09.46  08.26  326.0  009.26  29.792  1023.598  1462.62 
2024 06 26 17 01 26.55  28.810  04.778  0002.92  09.42  08.23  326.0  009.26  29.861  1023.640  1463.32 
2024 06 26 17 01 26.80  29.016  04.911  0003.27  09.65  08.26  326.0  009.26  29.977  1023.720  1464.02 
2024 06 26 17 01 27.05  29.060  04.947  0003.64  09.32  08.25  326.0  009.26  29.994  1023.732  1464.20 
2024 06 26 17 01 27.30  29.080  04.961  0004.01  09.22  08.29  326.0  009.26  30.004  1023.739  1464.27 
2024 06 26 17 01 27.55  29.119  05.013  0004.44  09.05  08.31  326.0  009.26  30.003  1023.735  1464.49 
2024 06 26 17 01 27.80  29.205  05.112  0004.83  08.96  08.34  326.0  009.26  30.010  1023.732  1464.92 
2024 06 26 17 01 28.05  29.335  05.240  0005.27  08.86  08.34  326.0  009.26  30.043  1023.747  1465.49 
2024 06 26 17 01 28.30  29.681  05.581  0005.63  08.48  08.26  326.3  009.26  30.126  1023.777  1466.99 
2024 06 26 17 01 28.55  29.816  05.702  0006.05  08.02  08.28  326.3  009.26  30.168  1023.799  1467.54 
2024 06 26 17 01 28.80  29.914  05.799  0006.46  07.33  08.29  326.3  009.26  30.190  1023.807  1467.97 
2024 06 26 17 01 29.05  30.043  05.958  0006.82  06.72  08.30  326.3  009.26  30.192  1023.792  1468.62 
2024 06 26 17 01 29.30  30.329  06.235  0007.21  06.21  08.30  326.3  009.26  30.261  1023.816  1469.82 
2024 06 26 17 01 29.55  30.466  06.336  0007.62  05.73  08.30  326.3  009.26  30.322  1023.854  1470.31 
2024 06 26 17 01 29.80  30.520  06.391  0008.00  04.94  08.28  326.3  009.26  30.332  1023.857  1470.55 
2024 06 26 17 01 30.05  30.582  06.439  0008.39  04.23  08.29  326.3  009.26  30.356  1023.872  1470.78 
2024 06 26 17 01 30.30  30.636  06.492  0008.74  04.03  08.38  326.3  009.26  30.369  1023.877  1471.01 
2024 06 26 17 01 30.55  30.677  06.534  0009.13  03.79  08.35  326.3  009.26  30.377  1023.880  1471.19 
2024 06 26 17 01 30.80  30.720  06.576  0009.54  03.64  08.35  326.3  009.26  30.387  1023.884  1471.37 
2024 06 26 17 01 31.05  30.763  06.609  0009.89  03.54  08.34  326.3  009.26  30.404  1023.895  1471.53 
2024 06 26 17 01 31.30  30.796  06.646  0010.28  03.19  08.18  309.5  009.26  30.407  1023.895  1471.69 
2024 06 26 17 01 31.55  30.814  06.658  0010.61  02.98  08.20  309.5  009.26  30.415  1023.902  1471.75 
2024 06 26 17 01 31.80  30.832  06.679  0011.02  02.86  08.20  309.5  009.26  30.417  1023.902  1471.84 
2024 06 26 17 01 32.05  30.843  06.684  0011.40  02.88  08.19  309.5  009.26  30.423  1023.908  1471.88 
2024 06 26 17 01 32.30  30.848  06.688  0011.78  02.77  08.19  309.5  009.26  30.426  1023.912  1471.90 
2024 06 26 17 01 32.55  30.857  06.693  0012.16  02.73  08.20  309.5  009.26  30.431  1023.917  1471.93 
2024 06 26 17 01 32.80  30.866  06.702  0012.56  02.68  08.20  309.5  009.26  30.432  1023.918  1471.98 
2024 06 26 17 01 33.05  30.882  06.721  0012.90  02.77  08.19  309.5  009.26  30.433  1023.919  1472.06 
2024 06 26 17 01 33.30  30.929  06.768  0013.29  02.69  08.32  309.5  009.26  30.443  1023.922  1472.26 
2024 06 26 17 01 33.55  31.002  06.844  0013.64  02.66  08.29  309.5  009.26  30.454  1023.923  1472.58 
2024 06 26 17 01 33.80  31.065  06.890  0014.05  02.47  08.27  309.5  009.26  30.482  1023.940  1472.80 
2024 06 26 17 01 34.05  31.087  06.908  0014.44  02.27  08.25  309.5  009.26  30.489  1023.946  1472.89 
2024 06 26 17 01 34.30  31.099  06.918  0014.77  02.02  08.11  294.3  009.26  30.492  1023.949  1472.94 
2024 06 26 17 01 34.55  31.117  06.929  0015.15  01.85  08.15  294.3  009.26  30.503  1023.958  1473.00 
2024 06 26 17 01 34.80  31.135  06.947  0015.56  01.80  08.17  294.3  009.26  30.506  1023.959  1473.08 
2024 06 26 17 01 35.05  31.169  06.983  0015.91  01.75  08.14  294.3  009.26  30.510  1023.960  1473.24 
2024 06 26 17 01 35.30  31.186  06.988  0016.30  01.64  08.15  294.3  009.26  30.524  1023.971  1473.28 
2024 06 26 17 01 35.55  31.186  06.991  0016.64  01.54  08.15  294.3  009.26  30.522  1023.971  1473.29 
2024 06 26 17 01 35.80  31.189  06.991  0017.03  01.47  08.16  294.3  009.26  30.525  1023.975  1473.30 
2024 06 26 17 01 36.05  31.191  06.994  0017.43  01.59  08.17  294.3  009.26  30.524  1023.977  1473.32 
2024 06 26 17 01 36.30  31.194  06.997  0017.77  01.57  08.29  294.3  009.26  30.525  1023.978  1473.34 
2024 06 26 17 01 36.55  31.203  07.002  0018.17  01.59  08.26  294.3  009.26  30.529  1023.983  1473.37 
2024 06 26 17 01 36.80  31.219  07.017  0018.52  01.56  08.26  294.3  009.26  30.533  1023.986  1473.44 
2024 06 26 17 01 37.05  31.237  07.034  0018.88  01.54  08.25  294.3  009.26  30.538  1023.988  1473.52 
2024 06 26 17 01 37.30  31.272  07.066  0019.27  01.49  08.10  286.1  009.26  30.547  1023.993  1473.66 
2024 06 26 17 01 37.55  31.307  07.097  0019.62  01.47  08.13  286.1  009.26  30.556  1023.998  1473.80 
2024 06 26 17 01 37.80  31.321  07.107  0019.99  01.37  08.14  286.1  009.26  30.564  1024.004  1473.85 
2024 06 26 17 01 38.05  31.346  07.126  0020.39  01.34  08.17  286.1  009.26  30.573  1024.011  1473.94 
2024 06 26 17 01 38.30  31.342  07.117  0020.75  01.32  08.18  286.1  009.26  30.577  1024.017  1473.92 
2024 06 26 17 01 38.55  31.249  06.996  0021.13  01.32  08.16  286.1  009.26  30.584  1024.040  1473.46 
2024 06 26 17 01 38.80  31.154  06.898  0021.48  01.28  08.17  286.1  009.26  30.567  1024.041  1473.06 
2024 06 26 17 01 39.05  31.125  06.874  0021.86  01.41  08.18  286.1  009.26  30.557  1024.038  1472.96 
2024 06 26 17 01 39.30  31.127  06.877  0022.27  01.54  08.29  286.1  009.26  30.556  1024.039  1472.98 
2024 06 26 17 01 39.55  31.154  06.912  0022.59  01.58  08.26  286.1  009.26  30.554  1024.034  1473.12 
2024 06 26 17 01 39.80  31.213  06.966  0022.99  01.66  08.25  286.1  009.26  30.570  1024.042  1473.36 
2024 06 26 17 01 40.05  31.229  06.972  0023.36  01.64  08.25  286.1  009.26  30.581  1024.052  1473.40 
2024 06 26 17 01 40.30  31.237  06.980  0023.73  01.47  08.11  282.1  009.26  30.584  1024.054  1473.44 
2024 06 26 17 01 40.55  31.250  06.990  0024.10  01.41  08.15  282.1  009.26  30.589  1024.059  1473.49 
2024 06 26 17 01 40.80  31.258  06.994  0024.47  01.38  08.15  282.1  009.26  30.593  1024.063  1473.52 
2024 06 26 17 01 41.05  31.260  06.999  0024.86  01.34  08.16  282.1  009.26  30.592  1024.063  1473.54 
2024 06 26 17 01 41.30  31.267  07.005  0025.24  01.49  08.18  282.1  009.26  30.592  1024.065  1473.58 
2024 06 26 17 01 41.55  31.272  07.008  0025.61  01.51  08.17  282.1  009.26  30.595  1024.068  1473.60 
2024 06 26 17 01 41.80  31.275  07.011  0026.00  01.45  08.18  282.1  009.26  30.596  1024.070  1473.61 
2024 06 26 17 01 42.05  31.279  07.015  0026.34  01.32  08.18  282.1  009.26  30.597  1024.072  1473.64 
2024 06 26 17 01 42.30  31.299  07.039  0026.72  01.38  08.26  282.1  009.26  30.597  1024.071  1473.73 
2024 06 26 17 01 42.55  31.319  07.058  0027.15  01.41  08.23  282.1  009.26  30.601  1024.073  1473.82 
2024 06 26 17 01 42.80  31.336  07.071  0027.50  01.39  08.22  282.1  009.26  30.609  1024.079  1473.89 
2024 06 26 17 01 43.05  31.352  07.085  0027.88  01.28  08.27  282.1  009.26  30.613  1024.082  1473.96 
2024 06 26 17 01 43.30  31.385  07.127  0028.28  01.31  08.12  285.7  009.26  30.611  1024.077  1474.13 
2024 06 26 17 01 43.55  31.449  07.179  0028.63  01.21  08.16  285.7  009.26  30.633  1024.090  1474.36 
2024 06 26 17 01 43.80  31.524  07.254  0029.02  01.14  08.17  285.7  009.26  30.648  1024.093  1474.68 
2024 06 26 17 01 44.05  31.562  07.275  0029.39  01.17  08.19  285.7  009.26  30.670  1024.109  1474.79 
2024 06 26 17 01 44.30  31.623  07.339  0029.79  01.11  08.19  285.7  009.26  30.678  1024.109  1475.06 
2024 06 26 17 01 44.55  31.682  07.386  0030.17  01.02  08.17  285.7  009.26  30.700  1024.121  1475.27 
2024 06 26 17 01 44.80  31.754  07.455  0030.54  00.93  08.17  285.7  009.26  30.716  1024.127  1475.57 
2024 06 26 17 01 45.05  31.797  07.499  0030.92  00.86  08.17  285.7  009.26  30.723  1024.128  1475.75 
2024 06 26 17 01 45.30  31.830  07.517  0031.28  00.84  08.30  285.7  009.26  30.741  1024.141  1475.85 
2024 06 26 17 01 45.55  31.834  07.520  0031.68  00.74  08.27  285.7  009.26  30.743  1024.145  1475.87 
2024 06 26 17 01 45.80  31.847  07.530  0032.03  00.72  08.25  285.7  009.23  30.748  1024.149  1475.92 
2024 06 26 17 01 46.05  31.876  07.560  0032.39  00.77  08.25  285.7  009.26  30.752  1024.150  1476.05 
2024 06 26 17 01 46.30  31.904  07.583  0032.79  00.73  08.11  279.1  009.26  30.763  1024.156  1476.15 
2024 06 26 17 01 46.55  31.921  07.595  0033.15  00.70  08.12  279.1  009.26  30.769  1024.161  1476.22 
2024 06 26 17 01 46.80  31.929  07.601  0033.56  00.71  08.14  279.1  009.26  30.773  1024.165  1476.25 
2024 06 26 17 01 47.05  31.932  07.601  0033.94  00.68  08.14  279.1  009.26  30.775  1024.169  1476.26 
2024 06 26 17 01 47.30  31.929  07.597  0034.30  00.63  08.14  279.1  009.26  30.775  1024.171  1476.25 
2024 06 26 17 01 47.55  31.926  07.594  0034.71  00.61  08.15  279.1  009.26  30.774  1024.173  1476.24 
2024 06 26 17 01 47.80  31.939  07.610  0035.08  00.64  08.17  279.1  009.26  30.775  1024.173  1476.31 
2024 06 26 17 01 48.05  31.950  07.614  0035.48  00.65  08.16  279.1  009.26  30.782  1024.179  1476.34 
2024 06 26 17 01 48.30  31.964  07.628  0035.87  00.64  08.30  279.1  009.26  30.784  1024.181  1476.41 
2024 06 26 17 01 48.55  31.966  07.629  0036.23  00.63  08.27  279.1  009.26  30.786  1024.184  1476.42 
2024 06 26 17 01 48.80  31.971  07.634  0036.64  00.65  08.25  279.1  009.26  30.787  1024.186  1476.44 
2024 06 26 17 01 49.05  31.987  07.651  0037.02  00.60  08.24  279.1  009.26  30.789  1024.187  1476.52 
2024 06 26 17 01 49.30  32.006  07.665  0037.39  00.60  08.09  272.9  009.26  30.796  1024.193  1476.59 
2024 06 26 17 01 49.55  32.011  07.669  0037.77  00.59  08.15  272.9  009.26  30.798  1024.195  1476.61 
2024 06 26 17 01 49.80  32.014  07.670  0038.13  00.62  08.13  272.9  009.26  30.800  1024.199  1476.62 
2024 06 26 17 01 50.05  32.013  07.670  0038.54  00.62  08.10  272.9  009.26  30.798  1024.199  1476.63 
2024 06 26 17 01 50.30  32.014  07.670  0038.94  00.63  08.16  272.9  009.26  30.799  1024.201  1476.64 
2024 06 26 17 01 50.55  32.015  07.671  0039.29  00.68  08.12  272.9  009.26  30.799  1024.203  1476.65 
2024 06 26 17 01 50.80  32.017  07.674  0039.71  00.66  08.25  272.9  009.26  30.798  1024.204  1476.66 
2024 06 26 17 01 51.05  32.021  07.676  0040.07  00.63  08.22  272.9  009.26  30.802  1024.208  1476.68 
2024 06 26 17 01 51.30  32.028  07.680  0040.47  00.60  08.30  272.9  009.26  30.804  1024.211  1476.71 
2024 06 26 17 01 51.55  32.023  07.671  0040.86  00.62  08.31  272.9  009.26  30.808  1024.217  1476.68 
2024 06 26 17 01 51.80  32.015  07.665  0041.24  00.57  08.31  272.9  009.26  30.804  1024.216  1476.66 
2024 06 26 17 01 52.05  32.015  07.664  0041.64  00.55  08.20  272.9  009.26  30.804  1024.219  1476.66 
2024 06 26 17 01 52.30  32.018  07.665  0042.02  00.54  08.17  274.0  009.26  30.807  1024.222  1476.68 
2024 06 26 17 01 52.55  32.039  07.684  0042.41  00.60  08.10  274.0  009.26  30.812  1024.226  1476.76 
2024 06 26 17 01 52.80  32.053  07.693  0042.79  00.57  08.21  274.0  009.26  30.819  1024.232  1476.81 
2024 06 26 17 01 53.05  32.056  07.697  0043.17  00.52  08.18  274.0  009.26  30.819  1024.233  1476.83 
2024 06 26 17 01 53.30  32.060  07.701  0043.56  00.50  08.15  274.0  009.26  30.818  1024.233  1476.85 
2024 06 26 17 01 53.55  32.079  07.716  0043.96  00.52  08.23  274.0  009.26  30.825  1024.239  1476.93 
2024 06 26 17 01 53.80  32.089  07.725  0044.32  00.53  08.14  274.0  009.26  30.828  1024.241  1476.97 
2024 06 26 17 01 54.05  32.095  07.727  0044.72  00.53  08.17  274.0  009.26  30.833  1024.247  1476.99 
2024 06 26 17 01 54.30  32.093  07.725  0045.09  00.59  08.19  274.0  009.26  30.832  1024.248  1476.99 
2024 06 26 17 01 54.55  32.091  07.721  0045.50  00.50  08.32  274.0  009.26  30.834  1024.252  1476.98 
2024 06 26 17 01 54.80  32.088  07.717  0045.90  00.52  08.13  274.0  009.26  30.834  1024.254  1476.97 
2024 06 26 17 01 55.05  32.079  07.705  0046.25  00.56  08.26  274.0  009.26  30.835  1024.259  1476.93 
2024 06 26 17 01 55.30  32.073  07.700  0046.65  00.55  08.11  272.2  009.26  30.832  1024.259  1476.92 
2024 06 26 17 01 55.55  32.062  07.685  0047.03  00.57  08.13  272.2  009.26  30.834  1024.264  1476.87 
2024 06 26 17 01 55.80  32.064  07.687  0047.41  00.55  08.06  272.2  009.26  30.834  1024.265  1476.88 
2024 06 26 17 01 56.05  32.061  07.685  0047.82  00.56  08.15  272.2  009.26  30.832  1024.266  1476.88 
2024 06 26 17 01 56.30  32.068  07.690  0048.19  00.62  08.16  272.2  009.26  30.834  1024.268  1476.91 
2024 06 26 17 01 56.55  32.068  07.690  0048.58  00.56  08.19  272.2  009.26  30.835  1024.271  1476.91 
2024 06 26 17 01 56.80  32.074  07.695  0048.94  00.50  08.12  272.2  009.26  30.836  1024.273  1476.94 
2024 06 26 17 01 57.05  32.074  07.690  0049.36  00.51  08.22  272.2  009.26  30.841  1024.279  1476.93 
2024 06 26 17 01 57.30  32.069  07.686  0049.75  00.58  08.25  272.2  009.26  30.839  1024.281  1476.92 
2024 06 26 17 01 57.55  32.068  07.683  0050.10  00.63  08.22  272.2  009.26  30.840  1024.283  1476.92 
2024 06 26 17 01 57.80  32.055  07.666  0050.50  00.53  08.28  272.2  009.26  30.842  1024.289  1476.86 
2024 06 26 17 01 58.05  32.049  07.663  0050.86  00.56  08.22  272.2  009.26  30.838  1024.287  1476.85 
2024 06 26 17 01 58.30  32.048  07.660  0051.26  00.57  08.05  271.6  009.26  30.839  1024.291  1476.85 
2024 06 26 17 01 58.55  32.047  07.659  0051.65  00.51  08.16  271.6  009.26  30.839  1024.292  1476.85 
2024 06 26 17 01 58.80  32.051  07.662  0052.00  00.50  08.12  271.6  009.26  30.840  1024.294  1476.87 
2024 06 26 17 01 59.05  32.036  07.641  0052.38  00.52  08.14  271.6  009.26  30.843  1024.301  1476.79 
2024 06 26 17 01 59.30  32.033  07.637  0052.79  00.57  08.14  271.6  009.26  30.844  1024.304  1476.79 
2024 06 26 17 01 59.55  32.032  07.637  0053.16  00.52  08.21  271.6  009.26  30.841  1024.304  1476.79 
2024 06 26 17 01 59.80  32.034  07.639  0053.56  00.56  08.13  271.6  009.26  30.842  1024.307  1476.81 
2024 06 26 17 02 00.05  32.034  07.640  0053.93  00.54  08.20  271.6  009.26  30.841  1024.307  1476.81 
2024 06 26 17 02 00.30  32.042  07.650  0054.32  00.51  08.26  271.6  009.26  30.840  1024.307  1476.86 
2024 06 26 17 02 00.55  32.044  07.648  0054.72  00.51  08.22  271.6  009.26  30.843  1024.311  1476.86 
2024 06 26 17 02 00.80  32.042  07.643  0055.08  00.52  08.27  271.6  009.26  30.846  1024.316  1476.85 
2024 06 26 17 02 01.05  32.036  07.636  0055.49  00.45  08.13  271.6  009.26  30.845  1024.318  1476.83 
2024 06 26 17 02 01.30  32.033  07.635  0055.84  00.47  08.13  272.4  009.26  30.844  1024.319  1476.83 
2024 06 26 17 02 01.55  32.032  07.635  0056.24  00.49  08.15  272.4  009.26  30.842  1024.319  1476.83 
2024 06 26 17 02 01.80  32.030  07.632  0056.64  00.55  08.11  272.4  009.26  30.842  1024.322  1476.83 
2024 06 26 17 02 02.05  32.029  07.628  0057.02  00.52  08.13  272.4  009.26  30.845  1024.326  1476.82 
2024 06 26 17 02 02.30  32.025  07.625  0057.41  00.53  08.13  272.4  009.26  30.843  1024.327  1476.82 
2024 06 26 17 02 02.55  32.023  07.625  0057.76  00.57  08.14  272.4  009.26  30.840  1024.327  1476.82 
2024 06 26 17 02 02.80  32.025  07.624  0058.16  00.53  08.05  272.4  009.26  30.843  1024.331  1476.82 
2024 06 26 17 02 03.05  32.025  07.624  0058.55  00.53  08.11  272.4  009.26  30.844  1024.333  1476.83 
2024 06 26 17 02 03.30  32.030  07.629  0058.91  00.59  08.32  272.4  009.26  30.844  1024.334  1476.86 
2024 06 26 17 02 03.55  32.038  07.633  0059.32  00.64  08.25  272.4  009.26  30.849  1024.340  1476.88 
2024 06 26 17 02 03.80  32.033  07.626  0059.67  00.57  08.26  272.4  009.26  30.850  1024.343  1476.86 
2024 06 26 17 02 04.05  32.021  07.611  0060.07  00.54  08.20  272.4  009.26  30.850  1024.346  1476.81 
2024 06 26 17 02 04.30  32.013  07.604  0060.46  00.64  08.05  272.2  009.26  30.847  1024.347  1476.79 
2024 06 26 17 02 04.55  32.010  07.597  0060.81  00.54  08.11  272.2  009.26  30.850  1024.352  1476.77 
2024 06 26 17 02 04.80  32.000  07.585  0061.22  00.55  08.08  272.2  009.26  30.850  1024.355  1476.73 
2024 06 26 17 02 05.05  31.997  07.580  0061.63  00.51  08.18  272.2  009.26  30.851  1024.359  1476.72 
2024 06 26 17 02 05.30  31.994  07.578  0061.96  00.53  08.18  272.2  009.26  30.850  1024.360  1476.72 
2024 06 26 17 02 05.55  31.993  07.576  0062.35  00.51  08.12  272.2  009.26  30.849  1024.361  1476.72 
2024 06 26 17 02 05.80  31.990  07.572  0062.69  00.50  08.19  272.2  009.26  30.849  1024.363  1476.71 
2024 06 26 17 02 06.05  31.992  07.573  0063.07  00.55  08.18  272.2  009.26  30.851  1024.366  1476.72 
2024 06 26 17 02 06.30  31.993  07.575  0063.42  00.53  08.16  272.2  009.26  30.850  1024.367  1476.73 
2024 06 26 17 02 06.55  31.993  07.575  0063.79  00.51  08.23  272.2  009.26  30.850  1024.368  1476.74 
2024 06 26 17 02 06.80  31.991  07.573  0064.18  00.54  08.28  272.2  009.26  30.850  1024.371  1476.73 
2024 06 26 17 02 07.05  31.991  07.574  0064.54  00.57  08.21  272.2  009.26  30.849  1024.372  1476.74 
2024 06 26 17 02 07.30  31.991  07.573  0064.92  00.55  08.17  270.5  009.26  30.849  1024.373  1476.75 
2024 06 26 17 02 07.55  31.990  07.573  0065.32  00.55  08.07  270.5  009.26  30.848  1024.374  1476.75 
2024 06 26 17 02 07.80  31.990  07.573  0065.70  00.57  08.18  270.5  009.26  30.847  1024.375  1476.76 
2024 06 26 17 02 08.05  31.990  07.571  0066.09  00.59  08.16  270.5  009.26  30.850  1024.380  1476.76 
2024 06 26 17 02 08.30  31.989  07.570  0066.45  00.55  08.08  270.5  009.26  30.849  1024.380  1476.76 
2024 06 26 17 02 08.55  31.989  07.571  0066.81  00.59  08.11  270.5  009.26  30.848  1024.381  1476.77 
2024 06 26 17 02 08.80  31.958  07.523  0067.20  00.55  08.11  270.5  009.26  30.858  1024.397  1476.60 
2024 06 26 17 02 09.05  31.939  07.507  0067.56  00.55  08.10  270.5  009.26  30.851  1024.396  1476.53 
2024 06 26 17 02 09.30  31.924  07.486  0067.96  00.56  08.20  270.5  009.26  30.854  1024.403  1476.46 
2024 06 26 17 02 09.55  31.919  07.482  0068.35  00.53  08.32  270.5  009.26  30.852  1024.404  1476.45 
2024 06 26 17 02 09.80  31.918  07.478  0068.72  00.57  08.18  270.5  009.26  30.854  1024.408  1476.44 
2024 06 26 17 02 10.05  31.918  07.478  0069.09  00.51  08.18  270.5  009.26  30.853  1024.409  1476.45 
2024 06 26 17 02 10.30  31.921  07.480  0069.47  00.59  08.08  268.1  009.26  30.855  1024.411  1476.47 
2024 06 26 17 02 10.55  31.923  07.479  0069.86  00.62  08.09  268.1  009.26  30.857  1024.415  1476.47 
2024 06 26 17 02 10.80  31.911  07.461  0070.25  00.57  08.07  268.1  009.26  30.860  1024.422  1476.41 
2024 06 26 17 02 11.05  31.895  07.445  0070.60  00.64  08.13  268.1  009.26  30.858  1024.424  1476.35 
2024 06 26 17 02 11.30  31.891  07.442  0070.98  00.54  08.12  268.1  009.26  30.856  1024.424  1476.34 
2024 06 26 17 02 11.55  31.891  07.441  0071.33  00.53  08.02  268.1  009.26  30.856  1024.426  1476.35 
2024 06 26 17 02 11.80  31.885  07.437  0071.73  00.57  08.14  268.1  009.26  30.854  1024.427  1476.34 
2024 06 26 17 02 12.05  31.886  07.437  0072.13  00.54  08.04  268.1  009.26  30.855  1024.429  1476.34 
2024 06 26 17 02 12.30  31.873  07.418  0072.47  00.58  08.28  268.1  009.26  30.857  1024.435  1476.28 
2024 06 26 17 02 12.55  31.866  07.410  0072.86  00.57  08.12  268.1  009.26  30.857  1024.438  1476.25 
2024 06 26 17 02 12.80  31.862  07.411  0073.25  00.57  08.18  268.1  009.26  30.852  1024.436  1476.26 
2024 06 26 17 02 13.05  31.864  07.410  0073.57  00.51  08.19  268.1  009.26  30.854  1024.439  1476.26 
2024 06 26 17 02 13.30  31.863  07.410  0073.97  00.57  08.02  265.5  009.26  30.853  1024.440  1476.27 
2024 06 26 17 02 13.55  31.864  07.411  0074.30  00.59  08.12  265.5  009.26  30.853  1024.441  1476.27 
2024 06 26 17 02 13.80  31.861  07.407  0074.65  00.55  08.17  265.5  009.26  30.854  1024.445  1476.26 
2024 06 26 17 02 14.05  31.860  07.406  0075.02  00.56  08.12  265.5  009.26  30.853  1024.446  1476.27 
2024 06 26 17 02 14.30  31.856  07.399  0075.37  00.55  08.07  265.5  009.26  30.855  1024.450  1476.25 
2024 06 26 17 02 14.55  31.853  07.394  0075.71  00.58  08.01  265.5  009.26  30.856  1024.453  1476.24 
2024 06 26 17 02 14.80  31.844  07.386  0076.07  00.55  08.10  265.5  009.26  30.853  1024.453  1476.21 
2024 06 26 17 02 15.05  31.843  07.383  0076.42  00.55  07.97  265.5  009.26  30.855  1024.456  1476.20 
2024 06 26 17 02 15.30  31.838  07.378  0076.81  00.58  08.26  265.5  009.26  30.854  1024.458  1476.19 
2024 06 26 17 02 15.55  31.835  07.374  0077.16  00.57  08.24  265.5  009.26  30.853  1024.460  1476.18 
2024 06 26 17 02 15.80  31.834  07.373  0077.52  00.59  08.17  265.5  009.26  30.853  1024.462  1476.18 
2024 06 26 17 02 16.05  31.834  07.371  0077.88  00.58  08.16  265.5  009.26  30.855  1024.465  1476.18 
2024 06 26 17 02 16.30  31.834  07.372  0078.23  00.55  08.02  266.1  009.26  30.853  1024.465  1476.19 
2024 06 26 17 02 16.55  31.830  07.368  0078.61  00.57  08.06  266.1  009.26  30.853  1024.468  1476.18 
2024 06 26 17 02 16.80  31.830  07.367  0078.97  00.57  08.10  266.1  009.26  30.854  1024.470  1476.18 
2024 06 26 17 02 17.05  31.827  07.362  0079.33  00.57  08.08  266.1  009.26  30.855  1024.473  1476.17 
2024 06 26 17 02 17.30  31.824  07.359  0079.68  00.59  08.09  266.1  009.26  30.854  1024.474  1476.16 
2024 06 26 17 02 17.55  31.825  07.359  0080.05  00.50  08.15  266.1  009.26  30.855  1024.477  1476.17 
2024 06 26 17 02 17.80  31.822  07.356  0080.44  00.55  08.11  266.1  009.26  30.854  1024.478  1476.16 
2024 06 26 17 02 18.05  31.821  07.355  0080.77  00.59  08.09  266.1  009.26  30.854  1024.479  1476.16 
2024 06 26 17 02 18.30  31.822  07.354  0081.13  00.55  08.22  266.1  009.26  30.855  1024.482  1476.17 
2024 06 26 17 02 18.55  31.820  07.353  0081.47  00.61  08.20  266.1  009.26  30.855  1024.484  1476.17 
2024 06 26 17 02 18.80  31.818  07.351  0081.84  00.63  08.18  266.1  009.26  30.854  1024.485  1476.16 
2024 06 26 17 02 19.05  31.815  07.349  0082.21  00.62  08.23  266.1  009.26  30.853  1024.486  1476.16 
2024 06 26 17 02 19.30  31.815  07.346  0082.55  00.57  08.02  266.9  009.26  30.855  1024.490  1476.16 
2024 06 26 17 02 19.55  31.811  07.344  0082.92  00.54  08.06  266.9  009.26  30.853  1024.490  1476.15 
2024 06 26 17 02 19.80  31.810  07.340  0083.27  00.56  08.12  266.9  009.26  30.855  1024.494  1476.14 
2024 06 26 17 02 20.05  31.810  07.339  0083.64  00.54  08.11  266.9  009.26  30.855  1024.496  1476.15 
2024 06 26 17 02 20.30  31.808  07.339  0084.01  00.52  08.08  266.9  009.26  30.853  1024.496  1476.15 
2024 06 26 17 02 20.55  31.807  07.340  0084.33  00.56  08.09  266.9  009.26  30.851  1024.496  1476.16 
2024 06 26 17 02 20.80  31.811  07.340  0084.71  00.60  08.17  266.9  009.26  30.855  1024.501  1476.17 
2024 06 26 17 02 21.05  31.810  07.340  0085.09  00.59  08.16  266.9  009.26  30.854  1024.502  1476.18 
2024 06 26 17 02 21.30  31.810  07.339  0085.40  00.54  08.21  266.9  009.26  30.855  1024.504  1476.18 
2024 06 26 17 02 21.55  31.807  07.336  0085.78  00.52  08.19  266.9  009.26  30.854  1024.506  1476.17 
2024 06 26 17 02 21.80  31.807  07.336  0086.10  00.53  08.10  266.9  009.26  30.854  1024.507  1476.17 
2024 06 26 17 02 22.05  31.807  07.336  0086.46  00.53  08.17  266.9  009.26  30.854  1024.509  1476.18 
2024 06 26 17 02 22.30  31.799  07.327  0086.82  00.59  08.07  266.0  009.26  30.853  1024.510  1476.15 
2024 06 26 17 02 22.55  31.799  07.326  0087.16  00.61  08.10  266.0  009.26  30.853  1024.512  1476.15 
2024 06 26 17 02 22.80  31.797  07.325  0087.52  00.63  08.06  266.0  009.26  30.852  1024.514  1476.15 
2024 06 26 17 02 23.05  31.798  07.325  0087.84  00.55  08.07  266.0  009.26  30.853  1024.516  1476.16 
2024 06 26 17 02 23.30  31.801  07.325  0088.21  00.62  08.07  266.0  009.26  30.855  1024.519  1476.17 
2024 06 26 17 02 23.55  31.801  07.326  0088.55  00.62  08.09  266.0  009.26  30.855  1024.520  1476.18 
2024 06 26 17 02 23.80  31.802  07.326  0088.87  00.58  08.09  266.0  009.26  30.856  1024.522  1476.18 
2024 06 26 17 02 24.05  31.802  07.326  0089.25  00.68  08.13  266.0  009.26  30.855  1024.524  1476.19 
2024 06 26 17 02 24.30  31.800  07.326  0089.55  00.64  08.18  266.0  009.26  30.854  1024.524  1476.19 
2024 06 26 17 02 24.55  31.801  07.328  0089.90  00.64  08.20  266.0  009.26  30.852  1024.524  1476.20 
2024 06 26 17 02 24.80  31.802  07.327  0090.25  00.57  08.17  266.0  009.26  30.854  1024.527  1476.21 
2024 06 26 17 02 25.05  31.800  07.326  0090.56  00.54  08.15  266.0  009.26  30.853  1024.528  1476.21 
2024 06 26 17 02 25.30  31.802  07.327  0090.89  00.61  08.01  265.5  009.26  30.854  1024.530  1476.22 
2024 06 26 17 02 25.55  31.801  07.326  0091.25  00.58  08.02  265.5  009.26  30.853  1024.531  1476.22 
2024 06 26 17 02 25.80  31.803  07.326  0091.56  00.64  08.06  265.5  009.26  30.856  1024.535  1476.23 
2024 06 26 17 02 26.05  31.802  07.326  0091.89  00.63  08.07  265.5  009.26  30.855  1024.536  1476.23 
2024 06 26 17 02 26.30  31.802  07.326  0092.19  00.55  08.07  265.5  009.26  30.854  1024.536  1476.24 
2024 06 26 17 02 26.55  31.800  07.326  0092.54  00.59  08.08  265.5  009.26  30.852  1024.536  1476.24 
2024 06 26 17 02 26.80  31.800  07.326  0092.87  00.62  08.09  265.5  009.26  30.852  1024.538  1476.24 
2024 06 26 17 02 27.05  31.799  07.323  0093.20  00.62  08.12  265.5  009.26  30.853  1024.541  1476.24 
2024 06 26 17 02 27.30  31.798  07.323  0093.54  00.57  08.21  265.5  009.26  30.852  1024.542  1476.24 
2024 06 26 17 02 27.55  31.799  07.321  0093.84  00.56  08.20  265.5  009.26  30.854  1024.545  1476.24 
2024 06 26 17 02 27.80  31.800  07.321  0094.18  00.57  08.18  265.5  009.26  30.856  1024.548  1476.25 
2024 06 26 17 02 28.05  31.799  07.320  0094.53  00.59  08.13  265.5  009.26  30.855  1024.548  1476.25 
2024 06 26 17 02 28.30  31.800  07.321  0094.82  00.57  08.05  265.2  009.26  30.856  1024.551  1476.26 
2024 06 26 17 02 28.55  31.798  07.320  0095.02  00.54  08.08  265.2  009.26  30.854  1024.550  1476.26 
2024 06 26 17 02 28.80  31.798  07.319  0095.10  00.52  08.10  265.2  009.26  30.855  1024.551  1476.26 
2024 06 26 17 02 29.05  31.796  07.320  0095.15  00.59  08.06  265.2  009.26  30.852  1024.549  1476.26 
2024 06 26 17 02 29.30  31.795  07.318  0095.13  00.59  08.07  265.2  009.26  30.852  1024.549  1476.25 
2024 06 26 17 02 29.55  31.799  07.319  0095.09  00.50  08.13  265.2  009.26  30.855  1024.552  1476.26 
2024 06 26 17 02 29.80  31.797  07.319  0095.08  00.54  08.13  265.2  009.26  30.854  1024.550  1476.25 
2024 06 26 17 02 30.05  31.797  07.319  0095.08  00.57  08.13  265.2  009.26  30.854  1024.551  1476.25 
2024 06 26 17 02 30.30  31.795  07.320  0095.10  00.61  08.20  265.2  009.26  30.850  1024.548  1476.25 
2024 06 26 17 02 30.55  31.799  07.320  0095.14  00.52  08.18  265.2  009.26  30.855  1024.551  1476.26 
2024 06 26 17 02 30.80  31.795  07.320  0095.19  00.60  08.17  265.2  009.26  30.851  1024.548  1476.26 
2024 06 26 17 02 31.05  31.796  07.321  0095.31  00.60  08.15  265.2  009.26  30.851  1024.549  1476.26 
2024 06 26 17 02 31.30  31.798  07.319  0095.53  00.55  08.06  265.8  009.26  30.854  1024.553  1476.26 
2024 06 26 17 02 31.55  31.799  07.320  0095.73  00.54  08.07  265.8  009.26  30.855  1024.554  1476.27 
2024 06 26 17 02 31.80  31.799  07.320  0096.01  00.56  08.09  265.8  009.26  30.855  1024.555  1476.28 
2024 06 26 17 02 32.05  31.797  07.321  0096.23  00.66  08.09  265.8  009.26  30.852  1024.554  1476.28 
2024 06 26 17 02 32.30  31.798  07.321  0096.55  00.73  08.10  265.8  009.26  30.853  1024.556  1476.28 
2024 06 26 17 02 32.55  31.797  07.318  0096.83  00.62  07.93  265.8  009.26  30.854  1024.559  1476.28 
2024 06 26 17 02 32.80  31.799  07.319  0096.99  00.60  08.05  265.8  009.26  30.854  1024.559  1476.29 
2024 06 26 17 02 33.05  31.797  07.319  0097.09  00.58  08.04  265.8  009.26  30.853  1024.559  1476.29 
2024 06 26 17 02 33.30  31.799  07.319  0097.19  00.52  08.17  265.8  009.26  30.854  1024.560  1476.29 
2024 06 26 17 02 33.55  31.797  07.319  0097.26  00.52  08.13  265.8  009.26  30.853  1024.560  1476.29 
2024 06 26 17 02 33.80  31.797  07.318  0097.27  00.52  08.20  265.8  009.26  30.853  1024.560  1476.29 
2024 06 26 17 02 34.05  31.797  07.318  0097.37  00.57  08.16  265.8  009.26  30.854  1024.561  1476.29 
2024 06 26 17 02 34.30  31.790  07.306  0097.59  00.64  08.06  265.8  009.26  30.856  1024.566  1476.25 
2024 06 26 17 02 34.55  31.785  07.305  0097.73  00.61  08.08  265.8  009.26  30.852  1024.563  1476.24 
2024 06 26 17 02 34.80  31.787  07.304  0097.73  00.57  08.02  265.8  009.26  30.855  1024.565  1476.24 
2024 06 26 17 02 35.05  31.786  07.305  0097.70  00.59  08.04  265.8  009.26  30.854  1024.564  1476.24 
2024 06 26 17 02 35.30  31.786  07.307  0097.71  00.65  08.05  265.8  009.26  30.851  1024.562  1476.25 
2024 06 26 17 02 35.55  31.785  07.307  0097.71  00.59  08.04  265.8  009.26  30.850  1024.561  1476.25 
2024 06 26 17 02 35.80  31.786  07.308  0097.72  00.59  08.05  265.8  009.26  30.851  1024.562  1476.25 
2024 06 26 17 02 36.05  31.784  07.306  0097.71  00.61  08.06  265.8  009.26  30.851  1024.562  1476.24 
2024 06 26 17 02 36.30  31.779  07.305  0097.71  00.60  08.21  265.8  009.26  30.845  1024.558  1476.23 
2024 06 26 17 02 36.55  31.777  07.305  0097.69  00.64  08.19  265.8  009.26  30.844  1024.557  1476.23 
2024 06 26 17 02 36.80  31.784  07.306  0097.61  00.63  08.17  265.8  009.26  30.850  1024.561  1476.24 
2024 06 26 17 02 37.05  31.787  07.307  0097.54  00.61  08.15  265.8  009.26  30.853  1024.563  1476.25 
2024 06 26 17 02 37.30  31.790  07.310  0097.53  00.59  08.00  266.0  009.26  30.853  1024.563  1476.26 
2024 06 26 17 02 37.55  31.789  07.309  0097.55  00.62  08.04  266.0  009.26  30.853  1024.562  1476.25 
2024 06 26 17 02 37.80  31.789  07.315  0097.54  00.72  08.05  266.0  009.26  30.847  1024.557  1476.27 
2024 06 26 17 02 38.05  31.792  07.316  0097.51  00.64  08.06  266.0  009.26  30.850  1024.559  1476.28 
2024 06 26 17 02 38.30  31.790  07.315  0097.49  00.64  08.06  266.0  009.26  30.849  1024.558  1476.27 
2024 06 26 17 02 38.55  31.790  07.314  0097.49  00.58  08.07  266.0  009.26  30.849  1024.558  1476.27 
2024 06 26 17 02 38.80  31.788  07.315  0097.49  00.62  08.07  266.0  009.26  30.847  1024.556  1476.27 
2024 06 26 17 02 39.05  31.787  07.307  0097.44  00.66  08.07  266.0  009.26  30.852  1024.562  1476.24 
2024 06 26 17 02 39.30  31.783  07.303  0097.39  00.60  08.18  266.0  009.26  30.851  1024.561  1476.23 
2024 06 26 17 02 39.55  31.781  07.304  0097.36  00.67  08.16  266.0  009.26  30.849  1024.559  1476.23 
2024 06 26 17 02 39.80  31.785  07.305  0097.34  00.64  08.15  266.0  009.26  30.853  1024.562  1476.23 
2024 06 26 17 02 40.05  31.784  07.304  0097.38  00.57  08.14  266.0  009.26  30.852  1024.562  1476.23 
2024 06 26 17 02 40.30  31.783  07.304  0097.40  00.55  08.02  266.1  009.26  30.851  1024.561  1476.23 
2024 06 26 17 02 40.55  31.784  07.304  0097.45  00.59  08.04  266.1  009.26  30.852  1024.562  1476.23 
2024 06 26 17 02 40.80  31.783  07.303  0097.51  00.58  08.05  266.1  009.26  30.851  1024.562  1476.23 
2024 06 26 17 02 41.05  31.779  07.304  0097.53  00.55  08.06  266.1  009.26  30.848  1024.559  1476.23 
2024 06 26 17 02 41.30  31.781  07.301  0097.55  00.51  08.06  266.1  009.26  30.851  1024.562  1476.22 
2024 06 26 17 02 41.55  31.783  07.302  0097.52  00.55  08.07  266.1  009.26  30.854  1024.564  1476.23 
2024 06 26 17 02 41.80  31.782  07.302  0097.51  00.55  08.07  266.1  009.26  30.851  1024.562  1476.23 
2024 06 26 17 02 42.05  31.782  07.302  0097.53  00.56  08.07  266.1  009.26  30.852  1024.562  1476.23 
2024 06 26 17 02 42.30  31.781  07.301  0097.58  00.55  08.17  266.1  009.26  30.852  1024.563  1476.22 
2024 06 26 17 02 42.55  31.779  07.301  0097.60  00.58  08.16  266.1  009.26  30.850  1024.561  1476.22 
2024 06 26 17 02 42.80  31.780  07.300  0097.58  00.57  08.15  266.1  009.23  30.851  1024.563  1476.22 
2024 06 26 17 02 43.05  31.779  07.302  0097.58  00.55  08.13  266.1  009.26  30.848  1024.560  1476.22 
2024 06 26 17 02 43.30  31.780  07.301  0097.61  00.54  08.01  266.1  009.26  30.851  1024.562  1476.22 
2024 06 26 17 02 43.55  31.779  07.299  0097.57  00.56  08.04  266.1  009.26  30.851  1024.563  1476.22 
2024 06 26 17 02 43.80  31.782  07.300  0097.56  00.55  08.05  266.1  009.26  30.853  1024.564  1476.22 
2024 06 26 17 02 44.05  31.778  07.300  0097.53  00.54  08.05  266.1  009.26  30.849  1024.561  1476.21 
2024 06 26 17 02 44.30  31.779  07.300  0097.54  00.50  08.06  266.1  009.26  30.851  1024.562  1476.22 
2024 06 26 17 02 44.55  31.782  07.300  0097.54  00.52  08.06  266.1  009.26  30.853  1024.564  1476.22 
2024 06 26 17 02 44.80  31.777  07.302  0097.59  00.50  08.07  266.1  009.29  30.846  1024.558  1476.22 
2024 06 26 17 02 45.05  31.778  07.300  0097.66  00.55  08.07  266.1  009.26  30.849  1024.561  1476.22 
2024 06 26 17 02 45.30  31.779  07.301  0097.67  00.55  08.17  266.1  009.26  30.849  1024.561  1476.22 
2024 06 26 17 02 45.55  31.776  07.300  0097.64  00.61  08.15  266.1  009.26  30.847  1024.560  1476.21 
2024 06 26 17 02 45.80  31.778  07.300  0097.61  00.61  08.14  266.1  009.26  30.849  1024.561  1476.21 
2024 06 26 17 02 46.05  31.779  07.300  0097.59  00.59  08.13  266.1  009.26  30.850  1024.562  1476.21 
2024 06 26 17 02 46.30  31.779  07.300  0097.59  00.59  08.01  266.1  009.26  30.850  1024.561  1476.22 
2024 06 26 17 02 46.55  31.779  07.301  0097.67  00.57  08.02  266.1  009.26  30.849  1024.561  1476.22 
2024 06 26 17 02 46.80  31.776  07.300  0097.71  00.54  08.04  266.1  009.26  30.848  1024.560  1476.21 
2024 06 26 17 02 47.05  31.776  07.299  0097.69  00.60  08.05  266.1  009.26  30.848  1024.561  1476.21 
2024 06 26 17 02 47.30  31.779  07.301  0097.70  00.71  08.06  266.1  009.26  30.849  1024.561  1476.22 
2024 06 26 17 02 47.55  31.779  07.299  0097.71  00.83  08.06  266.1  009.26  30.851  1024.563  1476.22 
2024 06 26 17 02 47.80  31.777  07.300  0097.71  00.86  08.07  266.1  009.26  30.848  1024.561  1476.22 
2024 06 26 17 02 48.05  31.778  07.301  0097.70  01.26  08.07  266.1  009.26  30.849  1024.561  1476.22 
2024 06 26 17 02 48.30  31.778  07.300  0097.69  01.10  08.17  266.1  009.26  30.849  1024.561  1476.22 
2024 06 26 17 02 48.55  31.777  07.300  0097.70  00.93  08.16  266.1  009.26  30.848  1024.561  1476.22 
2024 06 26 17 02 48.80  31.776  07.300  0097.70  00.85  08.14  266.1  009.26  30.848  1024.560  1476.21 
2024 06 26 17 02 49.05  31.779  07.300  0097.70  00.75  08.13  266.1  009.26  30.850  1024.562  1476.22 
2024 06 26 17 02 49.30  31.776  07.301  0097.71  00.67  08.01  266.2  009.26  30.847  1024.559  1476.22 
2024 06 26 17 02 49.55  31.776  07.300  0097.69  01.11  08.03  266.2  009.26  30.847  1024.560  1476.21 
2024 06 26 17 02 49.80  31.776  07.300  0097.71  01.29  08.04  266.2  009.26  30.847  1024.560  1476.22 
2024 06 26 17 02 50.05  31.778  07.300  0097.71  01.26  08.05  266.2  009.26  30.849  1024.561  1476.22 
2024 06 26 17 02 50.30  31.778  07.300  0097.70  01.19  08.05  266.2  009.26  30.849  1024.561  1476.22 
2024 06 26 17 02 50.55  31.778  07.300  0097.69  01.17  08.06  266.2  009.26  30.849  1024.561  1476.22 
2024 06 26 17 02 50.80  31.775  07.301  0097.71  00.89  08.06  266.2  009.26  30.846  1024.558  1476.22 
2024 06 26 17 02 51.05  31.776  07.300  0097.69  00.70  08.06  266.2  009.26  30.848  1024.560  1476.21 
2024 06 26 17 02 51.30  31.777  07.300  0097.71  00.68  08.17  266.2  009.26  30.848  1024.561  1476.22 
2024 06 26 17 02 51.55  31.777  07.300  0097.70  00.71  08.16  266.2  009.26  30.848  1024.561  1476.22 
2024 06 26 17 02 51.80  31.776  07.300  0097.70  00.69  08.14  266.2  009.26  30.847  1024.560  1476.22 
2024 06 26 17 02 52.05  31.779  07.300  0097.70  00.66  08.13  266.2  009.26  30.850  1024.562  1476.22 
2024 06 26 17 02 52.30  31.775  07.302  0097.70  00.70  08.00  266.2  009.26  30.844  1024.557  1476.22 
2024 06 26 17 02 52.55  31.776  07.299  0097.71  00.60  08.03  266.2  009.26  30.848  1024.560  1476.21 
2024 06 26 17 02 52.80  31.775  07.298  0097.70  00.69  08.04  266.2  009.26  30.848  1024.560  1476.21 
2024 06 26 17 02 53.05  31.776  07.298  0097.73  00.82  08.05  266.2  009.26  30.849  1024.562  1476.21 
2024 06 26 17 02 53.30  31.775  07.298  0097.73  00.99  08.05  266.2  009.26  30.847  1024.560  1476.21 
2024 06 26 17 02 53.55  31.774  07.300  0097.73  00.86  08.06  266.2  009.26  30.845  1024.558  1476.21 
2024 06 26 17 02 53.80  31.776  07.299  0097.75  01.19  08.06  266.2  009.26  30.848  1024.561  1476.21 
2024 06 26 17 02 54.05  31.774  07.300  0097.73  01.32  08.06  266.2  009.26  30.845  1024.558  1476.21 
2024 06 26 17 02 54.30  31.775  07.302  0097.73  01.69  08.17  266.2  009.26  30.844  1024.557  1476.22 
2024 06 26 17 02 54.55  31.777  07.303  0097.73  01.76  08.15  266.2  009.26  30.845  1024.558  1476.22 
2024 06 26 17 02 54.80  31.778  07.303  0097.74  01.28  08.14  266.2  009.26  30.846  1024.559  1476.23 
2024 06 26 17 02 55.05  31.777  07.302  0097.75  00.95  08.12  266.2  009.26  30.846  1024.559  1476.22 
2024 06 26 17 02 55.30  31.776  07.302  0097.76  00.85  08.00  266.2  009.26  30.845  1024.558  1476.22 
2024 06 26 17 02 55.55  31.777  07.301  0097.75  00.88  08.03  266.2  009.26  30.847  1024.560  1476.22 
2024 06 26 17 02 55.80  31.775  07.301  0097.77  00.83  08.03  266.2  009.26  30.846  1024.559  1476.22 
2024 06 26 17 02 56.05  31.774  07.301  0097.76  00.86  08.04  266.2  009.26  30.844  1024.557  1476.22 
2024 06 26 17 02 56.30  31.775  07.302  0097.76  01.01  08.05  266.2  009.26  30.845  1024.558  1476.22 
2024 06 26 17 02 56.55  31.774  07.301  0097.76  01.04  08.05  266.2  009.26  30.844  1024.558  1476.21 
2024 06 26 17 02 56.80  31.775  07.302  0097.78  01.12  08.06  266.2  009.26  30.844  1024.557  1476.22 
2024 06 26 17 02 57.05  31.776  07.303  0097.76  00.79  08.06  266.2  009.26  30.845  1024.558  1476.22 
2024 06 26 17 02 57.30  31.775  07.300  0097.77  00.71  08.16  266.2  009.26  30.845  1024.559  1476.21 
2024 06 26 17 02 57.55  31.775  07.302  0097.78  00.88  08.15  266.2  009.26  30.845  1024.558  1476.22 
2024 06 26 17 02 57.80  31.775  07.302  0097.78  01.03  08.13  266.2  009.26  30.843  1024.557  1476.22 
2024 06 26 17 02 58.05  31.774  07.302  0097.77  01.00  08.12  266.2  009.26  30.843  1024.557  1476.22 
2024 06 26 17 02 58.30  31.774  07.302  0097.77  01.00  07.99  266.2  009.26  30.843  1024.556  1476.22 
2024 06 26 17 02 58.55  31.773  07.302  0097.79  00.91  08.02  266.2  009.26  30.842  1024.556  1476.22 
2024 06 26 17 02 58.80  31.775  07.302  0097.78  00.85  08.03  266.2  009.26  30.844  1024.557  1476.22 
2024 06 26 17 02 59.05  31.774  07.302  0097.78  00.93  08.04  266.2  009.26  30.843  1024.557  1476.22 
2024 06 26 17 02 59.30  31.773  07.302  0097.78  01.14  08.04  266.2  009.26  30.842  1024.556  1476.22 
2024 06 26 17 02 59.55  31.773  07.301  0097.78  01.15  08.05  266.2  009.26  30.843  1024.557  1476.21 
2024 06 26 17 02 59.80  31.774  07.300  0097.79  01.63  08.05  266.2  009.26  30.844  1024.558  1476.21 
2024 06 26 17 03 00.05  31.773  07.299  0097.80  02.40  08.06  266.2  009.26  30.844  1024.558  1476.21 
2024 06 26 17 03 00.30  31.770  07.300  0097.80  01.99  08.16  266.2  009.26  30.840  1024.554  1476.21 
2024 06 26 17 03 00.55  31.771  07.300  0097.83  02.23  08.14  266.2  009.26  30.841  1024.556  1476.21 
2024 06 26 17 03 00.80  31.771  07.300  0097.82  02.00  08.13  266.2  009.26  30.842  1024.556  1476.21 
2024 06 26 17 03 01.05  31.770  07.301  0097.81  01.52  08.12  266.2  009.26  30.839  1024.554  1476.21 
2024 06 26 17 03 01.30  31.771  07.301  0097.81  01.46  07.99  266.2  009.26  30.841  1024.555  1476.21 
2024 06 26 17 03 01.55  31.769  07.303  0097.79  03.09  08.02  266.2  009.26  30.837  1024.552  1476.21 
2024 06 26 17 03 01.80  31.771  07.302  0097.81  03.38  08.03  266.2  009.26  30.840  1024.554  1476.21 
2024 06 26 17 03 02.05  31.769  07.302  0097.81  02.57  08.04  266.2  009.26  30.838  1024.553  1476.21 
2024 06 26 17 03 02.30  31.768  07.300  0097.82  02.25  08.04  266.2  009.26  30.839  1024.554  1476.20 
2024 06 26 17 03 02.55  31.769  07.299  0097.80  02.44  08.05  266.2  009.26  30.840  1024.555  1476.20 
2024 06 26 17 03 02.80  31.768  07.300  0097.80  02.28  08.05  266.2  009.26  30.839  1024.554  1476.20 
2024 06 26 17 03 03.05  31.769  07.300  0097.81  01.78  08.05  266.2  009.26  30.839  1024.554  1476.21 
2024 06 26 17 03 03.30  31.770  07.302  0097.81  01.81  08.16  266.2  009.26  30.839  1024.553  1476.21 
2024 06 26 17 03 03.55  31.770  07.301  0097.80  01.97  08.15  266.2  009.26  30.839  1024.554  1476.21 
2024 06 26 17 03 03.80  31.768  07.301  0097.82  01.91  08.13  266.2  009.26  30.838  1024.553  1476.21 
2024 06 26 17 03 04.05  31.770  07.300  0097.82  01.70  08.12  266.2  009.26  30.840  1024.555  1476.21 
2024 06 26 17 03 04.30  31.771  07.301  0097.79  01.49  07.96  266.2  009.26  30.841  1024.555  1476.21 
2024 06 26 17 03 04.55  31.770  07.301  0097.82  01.39  08.02  266.2  009.26  30.840  1024.555  1476.21 
2024 06 26 17 03 04.80  31.770  07.301  0097.82  01.52  08.03  266.2  009.26  30.839  1024.554  1476.21 
2024 06 26 17 03 05.05  31.768  07.300  0097.81  02.25  08.03  266.2  009.26  30.839  1024.554  1476.21 
2024 06 26 17 03 05.30  31.770  07.301  0097.80  02.23  08.04  266.2  009.26  30.840  1024.554  1476.21 
2024 06 26 17 03 05.55  31.770  07.301  0097.82  01.40  08.04  266.2  009.26  30.840  1024.554  1476.21 
2024 06 26 17 03 05.80  31.769  07.300  0097.81  01.40  08.05  266.2  009.26  30.839  1024.554  1476.21 
2024 06 26 17 03 06.05  31.768  07.301  0097.80  01.35  08.05  266.2  009.26  30.837  1024.552  1476.21 
2024 06 26 17 03 06.30  31.769  07.301  0097.81  01.17  08.16  266.2  009.26  30.839  1024.554  1476.21 
2024 06 26 17 03 06.55  31.769  07.301  0097.81  01.37  08.15  266.2  009.26  30.838  1024.553  1476.21 
2024 06 26 17 03 06.80  31.770  07.301  0097.78  01.41  08.13  266.2  009.26  30.839  1024.554  1476.21 
2024 06 26 17 03 07.05  31.770  07.301  0097.78  01.63  08.11  266.2  009.26  30.839  1024.554  1476.21 
2024 06 26 17 03 07.30  31.770  07.300  0097.76  01.63  07.98  266.2  009.26  30.840  1024.554  1476.21 
2024 06 26 17 03 07.55  31.771  07.301  0097.75  01.20  08.01  266.2  009.26  30.840  1024.555  1476.21 
2024 06 26 17 03 07.80  31.770  07.301  0097.74  01.48  08.02  266.2  009.26  30.839  1024.554  1476.21 
2024 06 26 17 03 08.05  31.771  07.302  0097.73  01.45  08.03  266.2  009.26  30.841  1024.555  1476.21 
2024 06 26 17 03 08.30  31.771  07.302  0097.73  01.61  08.04  266.2  009.26  30.839  1024.553  1476.21 
2024 06 26 17 03 08.55  31.769  07.301  0097.72  01.48  08.04  266.2  009.26  30.838  1024.553  1476.21 
2024 06 26 17 03 08.80  31.769  07.301  0097.72  01.01  08.05  266.2  009.26  30.838  1024.553  1476.21 
2024 06 26 17 03 09.05  31.770  07.300  0097.71  00.80  08.05  266.2  009.26  30.840  1024.554  1476.21 
2024 06 26 17 03 09.30  31.769  07.299  0097.72  00.80  08.16  266.2  009.26  30.840  1024.555  1476.20 
2024 06 26 17 03 09.55  31.770  07.299  0097.71  00.88  08.14  266.2  009.26  30.841  1024.555  1476.20 
2024 06 26 17 03 09.80  31.769  07.300  0097.71  00.95  08.13  266.2  009.26  30.840  1024.554  1476.21 
2024 06 26 17 03 10.05  31.769  07.300  0097.73  00.89  08.11  266.2  009.26  30.840  1024.554  1476.21 
2024 06 26 17 03 10.30  31.771  07.299  0097.73  00.89  07.98  266.2  009.26  30.842  1024.556  1476.21 
2024 06 26 17 03 10.55  31.768  07.301  0097.73  00.99  08.01  266.2  009.26  30.838  1024.553  1476.21 
2024 06 26 17 03 10.80  31.767  07.300  0097.73  01.43  08.02  266.2  009.26  30.837  1024.552  1476.20 
2024 06 26 17 03 11.05  31.769  07.301  0097.73  01.51  08.03  266.2  009.26  30.838  1024.553  1476.21 
2024 06 26 17 03 11.30  31.767  07.301  0097.73  01.24  08.03  266.2  009.26  30.836  1024.551  1476.21 
2024 06 26 17 03 11.55  31.769  07.302  0097.73  01.17  08.04  266.2  009.26  30.838  1024.553  1476.21 
2024 06 26 17 03 11.80  31.767  07.302  0097.68  01.10  08.04  266.2  009.26  30.835  1024.550  1476.21 
2024 06 26 17 03 12.05  31.771  07.297  0097.49  01.22  08.05  266.2  009.26  30.844  1024.557  1476.19 
2024 06 26 17 03 12.30  31.772  07.299  0097.29  01.33  08.17  266.2  009.26  30.845  1024.556  1476.20 
2024 06 26 17 03 12.55  31.771  07.300  0097.02  01.06  08.21  266.2  009.26  30.842  1024.553  1476.20 
2024 06 26 17 03 12.80  31.773  07.300  0096.77  00.72  08.20  266.2  009.26  30.844  1024.553  1476.20 
2024 06 26 17 03 13.05  31.774  07.301  0096.52  00.62  08.13  266.2  009.26  30.844  1024.552  1476.20 
2024 06 26 17 03 13.30  31.774  07.304  0096.27  00.58  08.08  266.0  009.26  30.842  1024.548  1476.20 
2024 06 26 17 03 13.55  31.776  07.306  0096.02  00.52  08.04  266.0  009.26  30.843  1024.548  1476.20 
2024 06 26 17 03 13.80  31.780  07.310  0095.71  00.48  08.11  266.0  009.26  30.844  1024.547  1476.22 
2024 06 26 17 03 14.05  31.780  07.313  0095.42  00.44  08.11  266.0  009.26  30.841  1024.542  1476.22 
2024 06 26 17 03 14.30  31.781  07.313  0095.13  00.46  08.11  266.0  009.26  30.842  1024.542  1476.22 
2024 06 26 17 03 14.55  31.781  07.315  0094.85  00.43  08.10  266.0  009.26  30.840  1024.539  1476.22 
2024 06 26 17 03 14.80  31.783  07.316  0094.54  00.45  08.13  266.0  009.26  30.842  1024.539  1476.22 
2024 06 26 17 03 15.05  31.785  07.319  0094.21  00.47  08.13  266.0  009.26  30.842  1024.537  1476.22 
2024 06 26 17 03 15.30  31.785  07.319  0093.85  00.43  08.18  266.0  009.26  30.842  1024.535  1476.22 
2024 06 26 17 03 15.55  31.787  07.320  0093.51  00.45  08.21  266.0  009.26  30.843  1024.535  1476.22 
2024 06 26 17 03 15.80  31.787  07.319  0093.12  00.51  08.18  266.0  009.26  30.845  1024.534  1476.21 
2024 06 26 17 03 16.05  31.788  07.320  0092.76  00.49  08.19  266.0  009.26  30.845  1024.532  1476.21 
2024 06 26 17 03 16.30  31.788  07.319  0092.43  00.50  08.09  266.1  009.26  30.845  1024.531  1476.20 
2024 06 26 17 03 16.55  31.787  07.320  0092.11  00.46  08.09  266.1  009.26  30.843  1024.528  1476.20 
2024 06 26 17 03 16.80  31.787  07.320  0091.81  00.43  08.09  266.1  009.26  30.843  1024.527  1476.19 
2024 06 26 17 03 17.05  31.787  07.319  0091.46  00.43  08.09  266.1  009.26  30.844  1024.526  1476.18 
2024 06 26 17 03 17.30  31.786  07.319  0091.12  00.41  08.10  266.1  009.26  30.844  1024.524  1476.18 
2024 06 26 17 03 17.55  31.788  07.319  0090.81  00.45  08.11  266.1  009.26  30.846  1024.525  1476.18 
2024 06 26 17 03 17.80  31.787  07.318  0090.50  00.49  08.05  266.1  009.26  30.846  1024.523  1476.17 
2024 06 26 17 03 18.05  31.785  07.318  0090.17  00.48  08.06  266.1  009.26  30.844  1024.520  1476.16 
2024 06 26 17 03 18.30  31.786  07.320  0089.86  00.51  08.12  266.1  009.26  30.844  1024.518  1476.16 
2024 06 26 17 03 18.55  31.785  07.320  0089.53  00.51  08.14  266.1  009.26  30.843  1024.516  1476.15 
2024 06 26 17 03 18.80  31.786  07.320  0089.19  00.48  08.17  266.1  009.26  30.843  1024.515  1476.15 
2024 06 26 17 03 19.05  31.785  07.319  0088.83  00.49  08.11  266.1  009.26  30.844  1024.514  1476.14 
2024 06 26 17 03 19.30  31.784  07.319  0088.52  00.48  08.00  266.0  009.26  30.843  1024.512  1476.14 
2024 06 26 17 03 19.55  31.784  07.318  0088.14  00.44  08.07  266.0  009.26  30.844  1024.511  1476.13 
2024 06 26 17 03 19.80  31.783  07.318  0087.74  00.41  08.08  266.0  009.26  30.844  1024.509  1476.12 
2024 06 26 17 03 20.05  31.784  07.319  0087.34  00.45  07.93  266.0  009.26  30.844  1024.507  1476.12 
2024 06 26 17 03 20.30  31.783  07.319  0086.95  00.46  07.96  266.0  009.26  30.843  1024.505  1476.11 
2024 06 26 17 03 20.55  31.784  07.320  0086.58  00.47  07.98  266.0  009.26  30.843  1024.503  1476.11 
2024 06 26 17 03 20.80  31.784  07.320  0086.19  00.51  08.05  266.0  009.26  30.844  1024.501  1476.10 
2024 06 26 17 03 21.05  31.784  07.320  0085.86  00.44  08.13  266.0  009.26  30.843  1024.499  1476.10 
2024 06 26 17 03 21.30  31.785  07.320  0085.54  00.51  08.07  266.0  009.26  30.844  1024.499  1476.09 
2024 06 26 17 03 21.55  31.784  07.320  0085.21  00.48  08.05  266.0  009.26  30.843  1024.496  1476.09 
2024 06 26 17 03 21.80  31.783  07.321  0084.89  00.47  08.10  266.0  009.26  30.842  1024.494  1476.08 
2024 06 26 17 03 22.05  31.786  07.323  0084.65  00.45  08.07  266.0  009.26  30.843  1024.494  1476.09 
2024 06 26 17 03 22.30  31.787  07.322  0084.36  00.42  08.07  265.9  009.26  30.845  1024.494  1476.08 
2024 06 26 17 03 22.55  31.785  07.323  0084.10  00.41  08.09  265.9  009.26  30.842  1024.490  1476.08 
2024 06 26 17 03 22.80  31.786  07.323  0083.79  00.41  08.11  265.9  009.26  30.843  1024.490  1476.07 
2024 06 26 17 03 23.05  31.787  07.323  0083.52  00.43  08.08  265.9  009.26  30.845  1024.490  1476.07 
2024 06 26 17 03 23.30  31.784  07.324  0083.25  00.44  08.07  265.9  009.26  30.841  1024.486  1476.06 
2024 06 26 17 03 23.55  31.786  07.324  0082.97  00.40  08.10  265.9  009.26  30.843  1024.485  1476.06 
2024 06 26 17 03 23.80  31.787  07.323  0082.74  00.41  08.09  265.9  009.26  30.844  1024.485  1476.06 
2024 06 26 17 03 24.05  31.786  07.323  0082.47  00.41  08.04  265.9  009.26  30.844  1024.484  1476.05 
2024 06 26 17 03 24.30  31.787  07.327  0082.18  00.39  08.14  265.9  009.26  30.841  1024.480  1476.06 
2024 06 26 17 03 24.55  31.789  07.334  0081.90  00.43  08.00  265.9  009.26  30.838  1024.475  1476.08 
2024 06 26 17 03 24.80  31.791  07.336  0081.59  00.45  07.99  265.9  009.26  30.838  1024.474  1476.08 
2024 06 26 17 03 25.05  31.793  07.337  0081.32  00.47  08.02  265.9  009.26  30.839  1024.473  1476.08 
2024 06 26 17 03 25.30  31.795  07.340  0081.00  00.45  08.13  265.4  009.26  30.840  1024.472  1476.09 
2024 06 26 17 03 25.55  31.795  07.339  0080.72  00.49  08.11  265.4  009.26  30.841  1024.471  1476.08 
2024 06 26 17 03 25.80  31.797  07.342  0080.48  00.45  08.06  265.4  009.26  30.840  1024.469  1476.09 
2024 06 26 17 03 26.05  31.799  07.342  0080.20  00.45  08.06  265.4  009.26  30.842  1024.469  1476.09 
2024 06 26 17 03 26.30  31.801  07.343  0079.93  00.39  08.06  265.4  009.26  30.843  1024.469  1476.09 
2024 06 26 17 03 26.55  31.800  07.344  0079.67  00.38  08.10  265.4  009.26  30.842  1024.467  1476.09 
2024 06 26 17 03 26.80  31.799  07.344  0079.38  00.40  08.04  265.4  009.26  30.841  1024.465  1476.08 
2024 06 26 17 03 27.05  31.800  07.347  0079.06  00.43  08.09  265.4  009.26  30.839  1024.461  1476.09 
2024 06 26 17 03 27.30  31.800  07.349  0078.78  00.44  08.10  265.4  009.26  30.838  1024.459  1476.09 
2024 06 26 17 03 27.55  31.805  07.353  0078.42  00.43  07.97  265.4  009.26  30.839  1024.458  1476.10 
2024 06 26 17 03 27.80  31.806  07.356  0078.16  00.45  08.13  265.4  009.26  30.838  1024.455  1476.11 
2024 06 26 17 03 28.05  31.808  07.358  0077.87  00.44  08.10  265.4  009.26  30.839  1024.454  1476.11 
2024 06 26 17 03 28.30  31.808  07.357  0077.59  00.42  08.05  265.4  009.26  30.840  1024.453  1476.10 
2024 06 26 17 03 28.55  31.810  07.360  0077.33  00.42  08.02  265.4  009.26  30.840  1024.452  1476.11 
2024 06 26 17 03 28.80  31.814  07.364  0077.06  00.40  08.03  265.4  009.26  30.840  1024.450  1476.12 
2024 06 26 17 03 29.05  31.815  07.366  0076.83  00.42  08.05  265.4  009.26  30.840  1024.449  1476.12 
2024 06 26 17 03 29.30  31.817  07.368  0076.57  00.44  08.08  265.4  009.26  30.840  1024.448  1476.13 
2024 06 26 17 03 29.55  31.820  07.371  0076.26  00.42  08.05  265.4  009.26  30.840  1024.446  1476.14 
2024 06 26 17 03 29.80  31.820  07.377  0076.01  00.47  08.05  265.4  009.26  30.836  1024.441  1476.15 
2024 06 26 17 03 30.05  31.824  07.377  0075.75  00.45  08.08  265.4  009.26  30.839  1024.442  1476.15 
2024 06 26 17 03 30.30  31.826  07.379  0075.49  00.46  08.00  265.4  009.26  30.840  1024.442  1476.16 
2024 06 26 17 03 30.55  31.827  07.381  0075.26  00.46  08.09  265.4  009.26  30.840  1024.439  1476.16 
2024 06 26 17 03 30.80  31.828  07.382  0074.98  00.41  08.12  265.4  009.26  30.840  1024.438  1476.16 
2024 06 26 17 03 31.05  31.830  07.386  0074.72  00.45  08.13  265.4  009.26  30.839  1024.436  1476.17 
2024 06 26 17 03 31.30  31.833  07.391  0074.44  00.40  08.05  266.1  009.26  30.838  1024.433  1476.18 
2024 06 26 17 03 31.55  31.836  07.396  0074.20  00.42  08.09  266.1  009.26  30.837  1024.430  1476.19 
2024 06 26 17 03 31.80  31.840  07.396  0074.11  00.39  08.09  266.1  009.26  30.841  1024.433  1476.20 
2024 06 26 17 03 32.05  31.842  07.400  0074.10  00.42  07.95  266.1  009.26  30.840  1024.432  1476.21 
2024 06 26 17 03 32.30  31.841  07.400  0074.14  00.46  08.02  266.1  009.26  30.839  1024.431  1476.21 
2024 06 26 17 03 32.55  31.842  07.401  0074.13  00.42  08.04  266.1  009.26  30.839  1024.432  1476.21 
2024 06 26 17 03 32.80  31.843  07.400  0074.05  00.49  08.04  266.1  009.26  30.841  1024.432  1476.21 
2024 06 26 17 03 33.05  31.843  07.400  0073.81  00.52  08.03  266.1  009.26  30.841  1024.431  1476.21 
2024 06 26 17 03 33.30  31.844  07.401  0073.52  00.49  08.15  266.1  009.26  30.841  1024.430  1476.21 
2024 06 26 17 03 33.55  31.844  07.401  0073.24  00.45  08.12  266.1  009.26  30.841  1024.429  1476.20 
2024 06 26 17 03 33.80  31.843  07.402  0072.94  00.43  08.03  266.1  009.26  30.839  1024.426  1476.20 
2024 06 26 17 03 34.05  31.844  07.402  0072.62  00.43  08.10  266.1  009.26  30.840  1024.425  1476.20 
2024 06 26 17 03 34.30  31.844  07.404  0072.35  00.44  07.90  265.9  009.26  30.839  1024.422  1476.20 
2024 06 26 17 03 34.55  31.847  07.405  0071.99  00.46  08.08  265.9  009.26  30.841  1024.422  1476.20 
2024 06 26 17 03 34.80  31.847  07.408  0071.69  00.50  08.02  265.9  009.23  30.839  1024.419  1476.20 
2024 06 26 17 03 35.05  31.847  07.408  0071.38  00.44  07.92  265.9  009.26  30.839  1024.418  1476.20 
2024 06 26 17 03 35.30  31.847  07.411  0071.01  00.44  07.91  265.9  009.26  30.836  1024.413  1476.20 
2024 06 26 17 03 35.55  31.849  07.412  0070.72  00.48  07.99  265.9  009.26  30.838  1024.414  1476.20 
2024 06 26 17 03 35.80  31.850  07.415  0070.37  00.50  08.09  265.9  009.26  30.837  1024.410  1476.20 
2024 06 26 17 03 36.05  31.853  07.419  0070.09  00.43  08.05  265.9  009.26  30.837  1024.409  1476.22 
2024 06 26 17 03 36.30  31.856  07.421  0069.78  00.44  08.06  265.9  009.26  30.838  1024.408  1476.22 
2024 06 26 17 03 36.55  31.858  07.426  0069.50  00.45  08.05  265.9  009.26  30.836  1024.404  1476.23 
2024 06 26 17 03 36.80  31.863  07.430  0069.22  00.44  08.14  265.9  009.26  30.838  1024.404  1476.25 
2024 06 26 17 03 37.05  31.865  07.435  0068.91  00.48  08.18  265.9  009.26  30.835  1024.399  1476.26 
2024 06 26 17 03 37.30  31.870  07.439  0068.64  00.50  08.13  266.5  009.26  30.837  1024.400  1476.27 
2024 06 26 17 03 37.55  31.873  07.442  0068.40  00.44  08.12  266.5  009.26  30.838  1024.399  1476.28 
2024 06 26 17 03 37.80  31.877  07.448  0068.14  00.50  08.07  266.5  009.26  30.837  1024.396  1476.30 
2024 06 26 17 03 38.05  31.885  07.459  0067.93  00.47  08.09  266.5  009.26  30.836  1024.392  1476.34 
2024 06 26 17 03 38.30  31.888  07.460  0067.63  00.47  08.07  266.5  009.26  30.838  1024.393  1476.34 
2024 06 26 17 03 38.55  31.897  07.468  0067.39  00.46  07.91  266.5  009.26  30.841  1024.393  1476.37 
2024 06 26 17 03 38.80  31.901  07.479  0067.18  00.45  07.94  266.5  009.26  30.836  1024.387  1476.40 
2024 06 26 17 03 39.05  31.905  07.484  0066.95  00.45  08.02  266.5  009.26  30.836  1024.384  1476.42 
2024 06 26 17 03 39.30  31.908  07.487  0066.76  00.50  08.09  266.5  009.26  30.835  1024.383  1476.43 
2024 06 26 17 03 39.55  31.908  07.488  0066.54  00.45  08.11  266.5  009.26  30.835  1024.382  1476.43 
2024 06 26 17 03 39.80  31.909  07.490  0066.32  00.43  08.08  266.5  009.26  30.834  1024.380  1476.43 
2024 06 26 17 03 40.05  31.913  07.493  0066.13  00.45  08.06  266.5  009.26  30.836  1024.380  1476.44 
2024 06 26 17 03 40.30  31.915  07.499  0065.91  00.48  08.06  265.0  009.26  30.833  1024.376  1476.45 
2024 06 26 17 03 40.55  31.917  07.502  0065.71  00.51  08.00  265.0  009.26  30.833  1024.374  1476.46 
2024 06 26 17 03 40.80  31.918  07.503  0065.52  00.49  08.00  265.0  009.26  30.833  1024.373  1476.46 
2024 06 26 17 03 41.05  31.922  07.507  0065.27  00.56  08.02  265.0  009.26  30.834  1024.372  1476.48 
2024 06 26 17 03 41.30  31.932  07.528  0065.06  00.55  08.04  265.0  009.26  30.826  1024.362  1476.54 
2024 06 26 17 03 41.55  31.937  07.537  0064.81  00.53  07.99  265.0  009.26  30.823  1024.358  1476.57 
2024 06 26 17 03 41.80  31.948  07.540  0064.59  00.52  08.04  265.0  009.26  30.833  1024.364  1476.59 
2024 06 26 17 03 42.05  31.959  07.553  0064.43  00.54  08.04  265.0  009.26  30.833  1024.362  1476.64 
2024 06 26 17 03 42.30  31.964  07.560  0064.22  00.52  08.04  265.0  009.26  30.833  1024.359  1476.66 
2024 06 26 17 03 42.55  31.967  07.564  0064.04  00.43  08.07  265.0  009.26  30.833  1024.358  1476.67 
2024 06 26 17 03 42.80  31.970  07.566  0063.86  00.39  08.08  265.0  009.26  30.833  1024.357  1476.68 
2024 06 26 17 03 43.05  31.970  07.568  0063.66  00.42  08.13  265.0  009.26  30.831  1024.354  1476.68 
2024 06 26 17 03 43.30  31.970  07.569  0063.45  00.46  07.91  264.6  009.26  30.831  1024.353  1476.68 
2024 06 26 17 03 43.55  31.971  07.571  0063.22  00.46  08.01  264.6  009.26  30.831  1024.352  1476.69 
2024 06 26 17 03 43.80  31.974  07.572  0063.00  00.48  07.92  264.6  009.26  30.832  1024.351  1476.69 
2024 06 26 17 03 44.05  31.975  07.572  0062.84  00.51  08.06  264.6  009.26  30.834  1024.352  1476.69 
2024 06 26 17 03 44.30  31.977  07.575  0062.65  00.57  08.08  264.6  009.26  30.833  1024.350  1476.70 
2024 06 26 17 03 44.55  31.975  07.575  0062.46  00.55  07.89  264.6  009.26  30.832  1024.348  1476.69 
2024 06 26 17 03 44.80  31.977  07.576  0062.26  00.50  08.06  264.6  009.26  30.832  1024.348  1476.69 
2024 06 26 17 03 45.05  31.978  07.575  0062.07  00.47  08.03  264.6  009.26  30.834  1024.348  1476.69 
2024 06 26 17 03 45.30  31.978  07.577  0061.88  00.44  08.11  264.6  009.23  30.833  1024.346  1476.69 
2024 06 26 17 03 45.55  31.978  07.577  0061.81  00.43  08.12  264.6  009.26  30.833  1024.346  1476.69 
2024 06 26 17 03 45.80  31.978  07.577  0061.80  00.41  08.15  264.6  009.26  30.833  1024.346  1476.69 
2024 06 26 17 03 46.05  31.981  07.579  0061.89  00.41  08.15  264.6  009.26  30.834  1024.347  1476.70 
2024 06 26 17 03 46.30  31.981  07.580  0061.92  00.43  07.93  265.7  009.26  30.834  1024.347  1476.70 
2024 06 26 17 03 46.55  31.980  07.579  0061.91  00.57  08.02  265.7  009.26  30.834  1024.347  1476.70 
2024 06 26 17 03 46.80  31.979  07.579  0061.92  00.56  08.04  265.7  009.26  30.833  1024.346  1476.70 
2024 06 26 17 03 47.05  31.980  07.580  0061.95  00.51  08.04  265.7  009.26  30.833  1024.346  1476.70 
2024 06 26 17 03 47.30  31.980  07.579  0061.96  00.52  08.04  265.7  009.26  30.833  1024.346  1476.70 
2024 06 26 17 03 47.55  31.980  07.580  0061.96  00.48  08.09  265.7  009.26  30.833  1024.346  1476.70 
2024 06 26 17 03 47.80  31.979  07.579  0061.94  00.45  08.03  265.7  009.26  30.833  1024.347  1476.70 
2024 06 26 17 03 48.05  31.979  07.578  0061.88  00.47  08.05  265.7  009.26  30.834  1024.347  1476.69 
2024 06 26 17 03 48.30  31.978  07.578  0061.68  00.43  08.10  265.7  009.26  30.832  1024.344  1476.69 
2024 06 26 17 03 48.55  31.979  07.577  0061.45  00.43  08.13  265.7  009.26  30.834  1024.345  1476.69 
2024 06 26 17 03 48.80  31.980  07.579  0061.22  00.41  08.13  265.7  009.26  30.834  1024.343  1476.69 
2024 06 26 17 03 49.05  31.981  07.580  0061.05  00.40  08.07  265.7  009.26  30.834  1024.343  1476.69 
2024 06 26 17 03 49.30  31.983  07.583  0060.87  00.43  08.09  266.8  009.26  30.834  1024.342  1476.70 
2024 06 26 17 03 49.55  31.982  07.585  0060.68  00.49  08.07  266.8  009.26  30.831  1024.338  1476.70 
2024 06 26 17 03 49.80  31.983  07.584  0060.47  00.49  08.05  266.8  009.26  30.833  1024.339  1476.70 
2024 06 26 17 03 50.05  31.986  07.588  0060.12  00.51  08.08  266.8  009.26  30.832  1024.336  1476.70 
2024 06 26 17 03 50.30  31.990  07.594  0059.77  00.48  07.97  266.8  009.26  30.831  1024.333  1476.72 
2024 06 26 17 03 50.55  31.994  07.597  0059.44  00.57  07.89  266.8  009.26  30.834  1024.333  1476.73 
2024 06 26 17 03 50.80  31.996  07.601  0059.13  00.50  07.96  266.8  009.26  30.832  1024.329  1476.74 
2024 06 26 17 03 51.05  31.997  07.603  0058.81  00.52  08.03  266.8  009.26  30.832  1024.328  1476.74 
2024 06 26 17 03 51.30  32.001  07.606  0058.44  00.46  08.13  266.8  009.26  30.833  1024.327  1476.75 
2024 06 26 17 03 51.55  32.004  07.609  0058.10  00.44  08.14  266.8  009.26  30.834  1024.325  1476.75 
2024 06 26 17 03 51.80  32.007  07.617  0057.77  00.42  08.15  266.8  009.26  30.831  1024.320  1476.78 
2024 06 26 17 03 52.05  32.012  07.625  0057.42  00.48  07.96  266.8  009.26  30.829  1024.316  1476.80 
2024 06 26 17 03 52.30  32.013  07.629  0057.04  00.47  08.10  268.0  009.26  30.827  1024.312  1476.81 
2024 06 26 17 03 52.55  32.017  07.630  0056.70  00.46  08.04  268.0  009.26  30.830  1024.312  1476.81 
2024 06 26 17 03 52.80  32.018  07.636  0056.39  00.45  07.94  268.0  009.26  30.827  1024.308  1476.82 
2024 06 26 17 03 53.05  32.019  07.635  0056.09  00.50  08.10  268.0  009.26  30.828  1024.308  1476.82 
2024 06 26 17 03 53.30  32.020  07.635  0055.76  00.49  08.09  268.0  009.26  30.829  1024.307  1476.81 
2024 06 26 17 03 53.55  32.019  07.636  0055.39  00.47  07.97  268.0  009.26  30.828  1024.304  1476.81 
2024 06 26 17 03 53.80  32.021  07.636  0055.10  00.45  08.09  268.0  009.26  30.830  1024.305  1476.81 
2024 06 26 17 03 54.05  32.021  07.636  0054.76  00.55  08.11  268.0  009.26  30.829  1024.302  1476.80 
2024 06 26 17 03 54.30  32.023  07.638  0054.46  00.54  07.99  268.0  009.26  30.831  1024.302  1476.80 
2024 06 26 17 03 54.55  32.024  07.641  0054.11  00.55  08.12  268.0  009.26  30.829  1024.298  1476.81 
2024 06 26 17 03 54.80  32.023  07.642  0053.80  00.50  08.14  268.0  009.26  30.827  1024.296  1476.80 
2024 06 26 17 03 55.05  32.025  07.644  0053.50  00.47  08.10  268.0  009.26  30.827  1024.294  1476.81 
2024 06 26 17 03 55.30  32.026  07.646  0053.19  00.47  08.10  268.8  009.26  30.827  1024.292  1476.81 
2024 06 26 17 03 55.55  32.027  07.647  0052.85  00.52  07.91  268.8  009.26  30.827  1024.291  1476.81 
2024 06 26 17 03 55.80  32.029  07.650  0052.53  00.49  08.04  268.8  009.26  30.827  1024.288  1476.81 
2024 06 26 17 03 56.05  32.029  07.652  0052.16  00.50  08.03  268.8  009.26  30.826  1024.286  1476.81 
2024 06 26 17 03 56.30  32.031  07.653  0051.83  00.52  08.00  268.8  009.26  30.827  1024.285  1476.81 
2024 06 26 17 03 56.55  32.031  07.653  0051.50  00.50  08.03  268.8  009.26  30.827  1024.283  1476.81 
2024 06 26 17 03 56.80  32.033  07.656  0051.16  00.45  07.93  268.8  009.26  30.827  1024.281  1476.81 
2024 06 26 17 03 57.05  32.033  07.655  0050.85  00.46  08.05  268.8  009.26  30.827  1024.280  1476.81 
2024 06 26 17 03 57.30  32.034  07.658  0050.54  00.48  08.10  268.8  009.26  30.826  1024.278  1476.81 
2024 06 26 17 03 57.55  32.035  07.659  0050.22  00.47  07.99  268.8  009.26  30.827  1024.277  1476.81 
2024 06 26 17 03 57.80  32.036  07.659  0049.91  00.49  08.03  268.8  009.26  30.827  1024.276  1476.81 
2024 06 26 17 03 58.05  32.040  07.667  0049.62  00.40  08.01  268.8  009.26  30.825  1024.271  1476.83 
2024 06 26 17 03 58.30  32.041  07.669  0049.35  00.40  08.08  269.7  009.26  30.825  1024.270  1476.83 
2024 06 26 17 03 58.55  32.048  07.680  0049.05  00.46  08.00  269.7  009.26  30.822  1024.264  1476.87 
2024 06 26 17 03 58.80  32.050  07.681  0048.73  00.50  08.06  269.7  009.26  30.824  1024.264  1476.87 
2024 06 26 17 03 59.05  32.052  07.683  0048.47  00.50  08.05  269.7  009.26  30.825  1024.264  1476.87 
2024 06 26 17 03 59.30  32.054  07.686  0048.11  00.50  07.98  269.7  009.26  30.824  1024.261  1476.88 
2024 06 26 17 03 59.55  32.055  07.688  0047.81  00.53  07.98  269.7  009.26  30.823  1024.258  1476.88 
2024 06 26 17 03 59.80  32.056  07.690  0047.46  00.50  07.99  269.7  009.26  30.823  1024.257  1476.88 
2024 06 26 17 04 00.05  32.057  07.690  0047.12  00.53  08.10  269.7  009.26  30.824  1024.255  1476.88 
2024 06 26 17 04 00.30  32.057  07.690  0046.81  00.52  08.03  269.7  009.26  30.824  1024.255  1476.87 
2024 06 26 17 04 00.55  32.057  07.690  0046.44  00.53  08.04  269.7  009.26  30.824  1024.253  1476.87 
2024 06 26 17 04 00.80  32.056  07.690  0046.14  00.50  08.14  269.7  009.26  30.824  1024.251  1476.86 
2024 06 26 17 04 01.05  32.055  07.689  0045.76  00.47  08.08  269.7  009.26  30.823  1024.249  1476.85 
2024 06 26 17 04 01.30  32.052  07.688  0045.43  00.45  08.05  269.8  009.26  30.820  1024.245  1476.84 
2024 06 26 17 04 01.55  32.050  07.686  0045.07  00.46  07.98  269.8  009.26  30.821  1024.244  1476.82 
2024 06 26 17 04 01.80  32.050  07.686  0044.71  00.53  08.06  269.8  009.26  30.821  1024.243  1476.82 
2024 06 26 17 04 02.05  32.052  07.690  0044.38  00.50  08.08  269.8  009.26  30.819  1024.239  1476.83 
2024 06 26 17 04 02.30  32.056  07.703  0044.03  00.48  08.08  269.8  009.26  30.812  1024.230  1476.86 
2024 06 26 17 04 02.55  32.060  07.709  0043.63  00.50  08.08  269.8  009.26  30.812  1024.228  1476.88 
2024 06 26 17 04 02.80  32.065  07.711  0043.32  00.54  08.08  269.8  009.26  30.815  1024.229  1476.89 
2024 06 26 17 04 03.05  32.070  07.718  0042.97  00.52  08.07  269.8  009.26  30.815  1024.226  1476.91 
2024 06 26 17 04 03.30  32.072  07.723  0042.59  00.55  08.10  269.8  009.26  30.813  1024.222  1476.92 
2024 06 26 17 04 03.55  32.072  07.722  0042.25  00.47  08.02  269.8  009.26  30.814  1024.221  1476.91 
2024 06 26 17 04 03.80  32.066  07.713  0041.86  00.47  08.16  269.8  009.26  30.816  1024.222  1476.87 
2024 06 26 17 04 04.05  32.064  07.715  0041.53  00.44  08.05  269.8  009.26  30.812  1024.217  1476.87 
2024 06 26 17 04 04.30  32.056  07.704  0041.22  00.50  07.93  270.1  009.26  30.813  1024.218  1476.82 
2024 06 26 17 04 04.55  32.052  07.702  0040.94  00.53  07.93  270.1  009.26  30.811  1024.215  1476.80 
2024 06 26 17 04 04.80  32.044  07.697  0040.75  00.62  08.06  270.1  009.26  30.807  1024.212  1476.78 
2024 06 26 17 04 05.05  32.036  07.691  0040.64  00.62  08.05  270.1  009.26  30.803  1024.209  1476.75 
2024 06 26 17 04 05.30  32.026  07.681  0040.55  00.64  07.97  270.1  009.26  30.802  1024.209  1476.71 
2024 06 26 17 04 05.55  32.025  07.683  0040.30  00.64  08.01  270.1  009.26  30.800  1024.206  1476.71 
2024 06 26 17 04 05.80  32.018  07.678  0040.01  00.56  07.96  270.1  009.26  30.797  1024.203  1476.68 
2024 06 26 17 04 06.05  32.014  07.673  0039.84  00.64  07.92  270.1  009.23  30.796  1024.203  1476.66 
2024 06 26 17 04 06.30  32.008  07.667  0039.77  00.58  08.05  270.1  009.26  30.795  1024.203  1476.63 
2024 06 26 17 04 06.55  32.004  07.665  0039.78  00.54  08.06  270.1  009.26  30.792  1024.201  1476.62 
2024 06 26 17 04 06.80  32.003  07.664  0039.81  00.54  08.15  270.1  009.26  30.793  1024.201  1476.62 
2024 06 26 17 04 07.05  32.002  07.663  0039.81  00.57  08.14  270.1  009.26  30.793  1024.202  1476.61 
2024 06 26 17 04 07.30  31.997  07.658  0039.65  00.63  07.99  270.4  009.26  30.791  1024.200  1476.59 
2024 06 26 17 04 07.55  31.993  07.654  0039.40  00.62  08.02  270.4  009.26  30.791  1024.199  1476.57 
2024 06 26 17 04 07.80  31.992  07.654  0039.10  00.62  08.11  270.4  009.26  30.790  1024.197  1476.57 
2024 06 26 17 04 08.05  31.992  07.657  0038.84  00.57  08.09  270.4  009.26  30.788  1024.194  1476.57 
2024 06 26 17 04 08.30  31.994  07.659  0038.53  00.60  08.01  270.4  009.26  30.789  1024.193  1476.57 
2024 06 26 17 04 08.55  31.996  07.664  0038.28  00.66  08.02  270.4  009.26  30.786  1024.189  1476.59 
2024 06 26 17 04 08.80  31.998  07.665  0037.96  00.75  08.06  270.4  009.26  30.787  1024.188  1476.59 
2024 06 26 17 04 09.05  32.001  07.671  0037.67  00.68  08.00  270.4  009.26  30.785  1024.184  1476.60 
2024 06 26 17 04 09.30  32.001  07.669  0037.38  00.62  08.06  270.4  009.26  30.788  1024.186  1476.59 
2024 06 26 17 04 09.55  31.990  07.659  0037.00  00.59  08.16  270.4  009.26  30.785  1024.183  1476.54 
2024 06 26 17 04 09.80  31.978  07.644  0036.74  00.62  08.14  270.4  009.26  30.785  1024.184  1476.48 
2024 06 26 17 04 10.05  31.968  07.640  0036.36  00.64  08.04  270.4  009.26  30.778  1024.177  1476.45 
2024 06 26 17 04 10.30  31.959  07.635  0036.04  00.62  08.06  271.7  009.26  30.773  1024.173  1476.42 
2024 06 26 17 04 10.55  31.954  07.628  0035.73  00.71  08.07  271.7  009.26  30.773  1024.172  1476.39 
2024 06 26 17 04 10.80  31.948  07.622  0035.43  00.69  08.00  271.7  009.26  30.773  1024.171  1476.36 
2024 06 26 17 04 11.05  31.943  07.620  0035.18  00.73  08.00  271.7  009.26  30.769  1024.167  1476.35 
2024 06 26 17 04 11.30  31.939  07.617  0034.91  00.72  08.03  271.7  009.26  30.767  1024.165  1476.33 
2024 06 26 17 04 11.55  31.937  07.615  0034.62  00.72  07.97  271.7  009.26  30.768  1024.164  1476.32 
2024 06 26 17 04 11.80  31.932  07.610  0034.39  00.69  07.94  271.7  009.26  30.767  1024.164  1476.29 
2024 06 26 17 04 12.05  31.923  07.599  0034.12  00.69  08.06  271.7  009.26  30.768  1024.165  1476.24 
2024 06 26 17 04 12.30  31.914  07.594  0033.91  00.71  08.13  271.7  009.26  30.762  1024.160  1476.22 
2024 06 26 17 04 12.55  31.905  07.579  0033.71  00.66  08.11  271.7  009.26  30.766  1024.164  1476.16 
2024 06 26 17 04 12.80  31.892  07.570  0033.51  00.67  08.14  271.7  009.26  30.760  1024.159  1476.11 
2024 06 26 17 04 13.05  31.884  07.566  0033.33  00.69  08.12  271.7  009.26  30.755  1024.155  1476.09 
2024 06 26 17 04 13.30  31.882  07.565  0033.14  00.70  07.97  272.6  009.26  30.754  1024.154  1476.08 
2024 06 26 17 04 13.55  31.881  07.564  0032.94  00.69  08.03  272.6  009.26  30.755  1024.153  1476.07 
2024 06 26 17 04 13.80  31.877  07.564  0032.73  00.74  08.09  272.6  009.26  30.750  1024.149  1476.07 
2024 06 26 17 04 14.05  31.878  07.565  0032.49  00.74  07.93  272.6  009.26  30.750  1024.148  1476.07 
2024 06 26 17 04 14.30  31.877  07.566  0032.31  00.76  07.97  272.6  009.26  30.748  1024.145  1476.06 
2024 06 26 17 04 14.55  31.875  07.563  0032.08  00.83  08.05  272.6  009.26  30.749  1024.145  1476.05 
2024 06 26 17 04 14.80  31.873  07.562  0031.87  00.83  07.99  272.6  009.26  30.748  1024.143  1476.04 
2024 06 26 17 04 15.05  31.872  07.561  0031.62  00.82  08.04  272.6  009.26  30.747  1024.142  1476.03 
2024 06 26 17 04 15.30  31.866  07.557  0031.38  00.84  08.06  272.6  009.26  30.745  1024.140  1476.01 
2024 06 26 17 04 15.55  31.861  07.551  0031.19  00.79  08.00  272.6  009.26  30.744  1024.139  1475.98 
2024 06 26 17 04 15.80  31.856  07.546  0030.92  00.72  08.12  272.6  009.26  30.744  1024.138  1475.96 
2024 06 26 17 04 16.05  31.849  07.544  0030.73  00.75  08.06  272.6  009.26  30.739  1024.133  1475.94 
2024 06 26 17 04 16.30  31.834  07.525  0030.57  00.78  08.03  272.1  009.26  30.739  1024.136  1475.87 
2024 06 26 17 04 16.55  31.826  07.520  0030.34  00.81  08.03  272.1  009.26  30.735  1024.132  1475.84 
2024 06 26 17 04 16.80  31.810  07.511  0030.12  00.76  07.96  272.1  009.26  30.726  1024.125  1475.79 
2024 06 26 17 04 17.05  31.792  07.492  0029.90  00.81  08.05  272.1  009.26  30.724  1024.125  1475.71 
2024 06 26 17 04 17.30  31.783  07.481  0029.69  00.84  08.10  272.1  009.26  30.723  1024.125  1475.66 
2024 06 26 17 04 17.55  31.767  07.472  0029.63  00.91  07.95  272.1  009.26  30.716  1024.120  1475.62 
2024 06 26 17 04 17.80  31.751  07.454  0029.59  00.96  08.00  272.1  009.26  30.713  1024.120  1475.55 
2024 06 26 17 04 18.05  31.713  07.417  0029.50  00.93  07.99  272.1  009.26  30.706  1024.119  1475.39 
2024 06 26 17 04 18.30  31.679  07.386  0029.24  00.92  08.11  272.1  009.26  30.697  1024.115  1475.26 
2024 06 26 17 04 18.55  31.669  07.385  0028.98  00.87  08.08  272.1  009.26  30.687  1024.107  1475.23 
2024 06 26 17 04 18.80  31.654  07.372  0028.72  01.01  07.96  272.1  009.26  30.682  1024.103  1475.17 
2024 06 26 17 04 19.05  31.639  07.356  0028.50  01.06  08.18  272.1  009.26  30.681  1024.103  1475.10 
2024 06 26 17 04 19.30  31.633  07.350  0028.26  01.06  08.02  269.1  009.26  30.680  1024.102  1475.08 
2024 06 26 17 04 19.55  31.618  07.335  0028.10  01.08  07.97  269.1  009.26  30.677  1024.101  1475.01 
2024 06 26 17 04 19.80  31.604  07.316  0027.87  01.06  07.97  269.1  009.26  30.679  1024.104  1474.94 
2024 06 26 17 04 20.05  31.586  07.307  0027.67  00.99  07.93  269.1  009.26  30.668  1024.096  1474.89 
2024 06 26 17 04 20.30  31.570  07.285  0027.49  01.15  08.01  269.1  009.26  30.670  1024.100  1474.80 
2024 06 26 17 04 20.55  31.549  07.259  0027.25  01.22  08.04  269.1  009.26  30.671  1024.102  1474.70 
2024 06 26 17 04 20.80  31.521  07.231  0027.04  01.21  07.98  269.1  009.26  30.666  1024.101  1474.58 
2024 06 26 17 04 21.05  31.496  07.223  0026.81  01.26  07.97  269.1  009.26  30.646  1024.085  1474.52 
2024 06 26 17 04 21.30  31.448  07.162  0026.57  01.17  08.06  269.1  009.26  30.649  1024.095  1474.28 
2024 06 26 17 04 21.55  31.409  07.131  0026.37  01.22  08.09  269.1  009.26  30.634  1024.086  1474.14 
2024 06 26 17 04 21.80  31.385  07.124  0026.14  01.18  08.09  269.1  009.26  30.615  1024.071  1474.08 
2024 06 26 17 04 22.05  31.378  07.116  0025.90  01.28  08.07  269.1  009.29  30.614  1024.071  1474.05 
2024 06 26 17 04 22.30  31.362  07.106  0025.67  01.33  07.98  272.0  009.26  30.606  1024.064  1474.00 
2024 06 26 17 04 22.55  31.351  07.085  0025.46  01.31  08.01  272.0  009.26  30.613  1024.071  1473.92 
2024 06 26 17 04 22.80  31.341  07.075  0025.23  01.33  08.03  272.0  009.26  30.611  1024.070  1473.87 
2024 06 26 17 04 23.05  31.328  07.062  0025.02  01.36  08.12  272.0  009.26  30.608  1024.069  1473.82 
2024 06 26 17 04 23.30  31.322  07.065  0024.77  01.32  08.09  272.0  009.26  30.599  1024.060  1473.81 
2024 06 26 17 04 23.55  31.310  07.053  0024.57  01.28  08.07  272.0  009.26  30.597  1024.059  1473.76 
2024 06 26 17 04 23.80  31.303  07.051  0024.34  01.24  08.03  272.0  009.26  30.592  1024.054  1473.74 
2024 06 26 17 04 24.05  31.300  07.048  0024.13  01.51  08.12  272.0  009.26  30.592  1024.053  1473.72 
2024 06 26 17 04 24.30  31.296  07.046  0023.99  01.42  08.21  272.0  009.26  30.589  1024.051  1473.71 
2024 06 26 17 04 24.55  31.290  07.041  0024.00  01.47  08.09  272.0  009.26  30.587  1024.050  1473.69 
2024 06 26 17 04 24.80  31.277  07.028  0024.06  01.58  08.11  272.0  009.26  30.584  1024.049  1473.64 
2024 06 26 17 04 25.05  31.276  07.029  0024.10  01.50  08.10  272.0  009.26  30.583  1024.049  1473.64 
2024 06 26 17 04 25.30  31.276  07.029  0024.00  01.43  07.87  278.7  009.26  30.582  1024.047  1473.63 
2024 06 26 17 04 25.55  31.276  07.027  0023.84  01.45  07.99  278.7  009.26  30.583  1024.048  1473.63 
2024 06 26 17 04 25.80  31.272  07.025  0023.57  01.42  08.01  278.7  009.26  30.582  1024.046  1473.61 
2024 06 26 17 04 26.05  31.271  07.023  0023.33  01.41  08.09  278.7  009.26  30.582  1024.045  1473.60 
2024 06 26 17 04 26.30  31.268  07.021  0023.09  01.35  08.07  278.7  009.26  30.581  1024.044  1473.59 
2024 06 26 17 04 26.55  31.268  07.020  0022.81  01.34  08.08  278.7  009.26  30.581  1024.042  1473.58 
2024 06 26 17 04 26.80  31.262  07.017  0022.60  01.44  08.04  278.7  009.26  30.578  1024.040  1473.56 
2024 06 26 17 04 27.05  31.258  07.013  0022.32  01.50  08.10  278.7  009.26  30.577  1024.038  1473.54 
2024 06 26 17 04 27.30  31.228  06.988  0022.06  01.47  08.14  278.7  009.26  30.567  1024.033  1473.42 
2024 06 26 17 04 27.55  31.213  06.976  0021.86  01.57  08.10  278.7  009.26  30.562  1024.029  1473.37 
2024 06 26 17 04 27.80  31.178  06.939  0021.59  01.59  08.16  278.7  009.26  30.557  1024.028  1473.21 
2024 06 26 17 04 28.05  31.166  06.921  0021.39  01.59  08.16  278.7  009.26  30.560  1024.032  1473.14 
2024 06 26 17 04 28.30  31.165  06.928  0021.15  01.61  08.06  282.0  009.26  30.553  1024.025  1473.16 
2024 06 26 17 04 28.55  31.178  06.953  0020.89  01.64  07.86  282.0  009.26  30.544  1024.014  1473.24 
2024 06 26 17 04 28.80  31.202  06.989  0020.69  01.50  07.97  282.0  009.26  30.538  1024.003  1473.37 
2024 06 26 17 04 29.05  31.234  07.023  0020.48  01.35  08.04  282.0  009.26  30.544  1024.002  1473.51 
2024 06 26 17 04 29.30  31.248  07.052  0020.24  01.44  08.13  282.0  009.26  30.532  1023.988  1473.60 
2024 06 26 17 04 29.55  31.262  07.060  0020.00  01.44  07.95  282.0  009.26  30.541  1023.993  1473.64 
2024 06 26 17 04 29.80  31.272  07.067  0019.75  01.42  07.98  282.0  009.26  30.546  1023.995  1473.67 
2024 06 26 17 04 30.05  31.278  07.079  0019.53  01.45  07.97  282.0  009.26  30.542  1023.989  1473.71 
2024 06 26 17 04 30.30  31.278  07.079  0019.28  01.43  08.21  282.0  009.26  30.542  1023.988  1473.70 
2024 06 26 17 04 30.55  31.270  07.068  0019.03  01.33  08.11  282.0  009.26  30.543  1023.989  1473.66 
2024 06 26 17 04 30.80  31.260  07.059  0018.81  01.45  08.07  282.0  009.26  30.541  1023.987  1473.62 
2024 06 26 17 04 31.05  31.240  07.033  0018.52  01.45  08.01  282.0  009.26  30.542  1023.990  1473.51 
2024 06 26 17 04 31.30  31.216  07.022  0018.32  01.49  08.07  282.3  009.26  30.526  1023.978  1473.44 
2024 06 26 17 04 31.55  31.198  07.010  0018.09  01.52  07.97  282.3  009.26  30.517  1023.971  1473.38 
2024 06 26 17 04 31.80  31.187  06.995  0017.87  01.57  08.09  282.3  009.26  30.519  1023.974  1473.33 
2024 06 26 17 04 32.05  31.175  06.990  0017.67  01.57  07.93  282.3  009.26  30.511  1023.967  1473.29 
2024 06 26 17 04 32.30  31.167  06.978  0017.46  01.66  08.11  282.3  009.26  30.512  1023.969  1473.24 
2024 06 26 17 04 32.55  31.160  06.973  0017.25  01.62  08.05  282.3  009.26  30.509  1023.966  1473.22 
2024 06 26 17 04 32.80  31.154  06.970  0017.04  01.74  08.01  282.3  009.26  30.505  1023.962  1473.20 
2024 06 26 17 04 33.05  31.151  06.967  0016.74  01.96  08.00  282.3  009.26  30.505  1023.961  1473.18 
2024 06 26 17 04 33.30  31.142  06.959  0016.52  02.01  08.12  282.3  009.26  30.503  1023.960  1473.14 
2024 06 26 17 04 33.55  31.137  06.955  0016.24  01.94  08.11  282.3  009.26  30.501  1023.958  1473.12 
2024 06 26 17 04 33.80  31.129  06.952  0015.98  01.83  08.18  282.3  009.26  30.495  1023.952  1473.10 
2024 06 26 17 04 34.05  31.128  06.950  0015.74  01.82  08.06  282.3  009.26  30.496  1023.952  1473.08 
2024 06 26 17 04 34.30  31.123  06.948  0015.48  01.85  07.89  282.7  009.26  30.491  1023.948  1473.07 
2024 06 26 17 04 34.55  31.116  06.939  0015.25  01.78  08.09  282.7  009.26  30.493  1023.949  1473.03 
2024 06 26 17 04 34.80  31.104  06.925  0014.99  01.97  07.93  282.7  009.26  30.492  1023.949  1472.97 
2024 06 26 17 04 35.05  31.097  06.924  0014.74  02.04  08.10  282.7  009.26  30.486  1023.943  1472.95 
2024 06 26 17 04 35.30  31.085  06.908  0014.49  02.24  08.00  282.7  009.26  30.487  1023.944  1472.89 
2024 06 26 17 04 35.55  31.072  06.903  0014.26  02.25  07.98  282.7  009.26  30.477  1023.936  1472.85 
2024 06 26 17 04 35.80  31.050  06.871  0013.97  02.06  07.96  282.7  009.26  30.481  1023.942  1472.73 
2024 06 26 17 04 36.05  31.038  06.871  0013.76  02.18  08.12  282.7  009.26  30.469  1023.932  1472.71 
2024 06 26 17 04 36.30  31.009  06.831  0013.49  02.42  08.06  282.7  009.26  30.473  1023.939  1472.55 
2024 06 26 17 04 36.55  30.973  06.801  0013.30  02.64  08.11  282.7  009.26  30.460  1023.932  1472.42 
2024 06 26 17 04 36.80  30.940  06.772  0012.98  02.46  08.04  282.7  009.26  30.451  1023.926  1472.29 
2024 06 26 17 04 37.05  30.900  06.739  0012.73  02.42  08.03  282.7  009.26  30.436  1023.918  1472.13 
2024 06 26 17 04 37.30  30.884  06.723  0012.49  02.49  07.97  284.1  009.26  30.433  1023.916  1472.06 
2024 06 26 17 04 37.55  30.863  06.711  0012.24  02.90  08.00  284.1  009.26  30.422  1023.908  1471.99 
2024 06 26 17 04 37.80  30.859  06.707  0012.00  02.87  07.96  284.1  009.26  30.421  1023.906  1471.97 
2024 06 26 17 04 38.05  30.855  06.699  0011.77  02.75  07.98  284.1  009.26  30.423  1023.908  1471.94 
2024 06 26 17 04 38.30  30.847  06.694  0011.56  02.67  08.02  284.1  009.26  30.419  1023.904  1471.91 
2024 06 26 17 04 38.55  30.840  06.691  0011.30  02.62  07.98  284.1  009.26  30.415  1023.900  1471.89 
2024 06 26 17 04 38.80  30.831  06.682  0011.05  02.88  08.04  284.1  009.26  30.413  1023.898  1471.85 
2024 06 26 17 04 39.05  30.825  06.679  0010.87  02.92  07.97  284.1  009.26  30.409  1023.895  1471.83 
2024 06 26 17 04 39.30  30.824  06.678  0010.77  02.96  08.14  284.1  009.26  30.409  1023.895  1471.83 
2024 06 26 17 04 39.55  30.814  06.666  0010.77  02.90  08.08  284.1  009.26  30.408  1023.896  1471.78 
2024 06 26 17 04 39.80  30.812  06.664  0010.77  03.12  08.07  284.1  009.26  30.408  1023.896  1471.77 
2024 06 26 17 04 40.05  30.805  06.660  0010.74  03.19  08.07  284.1  009.26  30.404  1023.893  1471.75 
2024 06 26 17 04 40.30  30.803  06.659  0010.58  03.09  07.94  287.3  009.26  30.402  1023.891  1471.74 
2024 06 26 17 04 40.55  30.803  06.657  0010.43  02.94  07.97  287.3  009.26  30.404  1023.892  1471.73 
2024 06 26 17 04 40.80  30.798  06.655  0010.26  03.06  08.00  287.3  009.26  30.401  1023.889  1471.72 
2024 06 26 17 04 41.05  30.799  06.655  0010.04  02.96  07.99  287.3  009.26  30.402  1023.888  1471.71 
2024 06 26 17 04 41.30  30.796  06.655  0009.87  02.94  08.04  287.3  009.26  30.400  1023.886  1471.71 
2024 06 26 17 04 41.55  30.789  06.649  0009.64  02.99  08.07  287.3  009.26  30.397  1023.884  1471.68 
2024 06 26 17 04 41.80  30.786  06.643  0009.41  02.94  08.00  287.3  009.26  30.399  1023.885  1471.65 
2024 06 26 17 04 42.05  30.776  06.636  0009.17  02.94  08.01  287.3  009.26  30.394  1023.881  1471.62 
2024 06 26 17 04 42.30  30.765  06.622  0008.96  03.11  08.11  287.3  009.26  30.395  1023.882  1471.56 
2024 06 26 17 04 42.55  30.754  06.613  0008.75  03.42  08.10  287.3  009.26  30.391  1023.880  1471.51 
2024 06 26 17 04 42.80  30.734  06.592  0008.54  03.41  08.09  287.3  009.26  30.387  1023.878  1471.42 
2024 06 26 17 04 43.05  30.723  06.587  0008.30  03.31  08.12  287.3  009.26  30.381  1023.872  1471.39 
2024 06 26 17 04 43.30  30.695  06.567  0008.10  03.63  07.94  289.1  009.26  30.367  1023.864  1471.29 
2024 06 26 17 04 43.55  30.639  06.493  0007.86  03.72  07.98  289.1  009.26  30.372  1023.875  1471.00 
2024 06 26 17 04 43.80  30.605  06.465  0007.62  03.59  07.99  289.1  009.26  30.360  1023.868  1470.87 
2024 06 26 17 04 44.05  30.573  06.428  0007.35  03.77  08.00  289.1  009.26  30.358  1023.870  1470.71 
2024 06 26 17 04 44.30  30.546  06.421  0007.08  03.81  08.01  289.1  009.26  30.335  1023.852  1470.65 
2024 06 26 17 04 44.55  30.504  06.376  0006.86  03.92  08.03  289.1  009.26  30.329  1023.851  1470.46 
2024 06 26 17 04 44.80  30.470  06.330  0006.63  04.24  08.02  289.1  009.26  30.332  1023.858  1470.28 
2024 06 26 17 04 45.05  30.429  06.294  0006.45  04.76  08.02  289.1  009.26  30.319  1023.851  1470.12 
2024 06 26 17 04 45.30  30.343  06.230  0006.24  05.53  08.13  289.1  009.26  30.281  1023.828  1469.81 
2024 06 26 17 04 45.55  30.225  06.083  0006.01  05.55  08.13  289.1  009.26  30.282  1023.845  1469.22 
2024 06 26 17 04 45.80  30.098  05.950  0005.75  05.65  08.10  289.1  009.26  30.260  1023.842  1468.65 
2024 06 26 17 04 46.05  29.990  05.890  0005.49  05.66  08.09  289.1  009.26  30.194  1023.796  1468.33 
2024 06 26 17 04 46.30  29.876  05.764  0005.30  06.35  07.96  292.3  009.26  30.180  1023.798  1467.80 
2024 06 26 17 04 46.55  29.740  05.602  0005.06  07.35  07.99  292.3  009.26  30.173  1023.810  1467.13 
2024 06 26 17 04 46.80  29.711  05.590  0004.84  07.58  08.00  292.3  009.26  30.151  1023.793  1467.05 
2024 06 26 17 04 47.05  29.657  05.521  0004.66  07.67  08.00  292.3  009.26  30.153  1023.801  1466.77 
2024 06 26 17 04 47.30  29.574  05.450  0004.52  07.85  08.03  292.3  009.26  30.123  1023.784  1466.44 
2024 06 26 17 04 47.55  29.489  05.330  0004.39  08.27  08.03  292.3  009.26  30.135  1023.806  1465.96 
2024 06 26 17 04 47.80  29.423  05.264  0004.27  08.57  08.04  292.3  009.26  30.120  1023.801  1465.67 
2024 06 26 17 04 48.05  29.318  05.155  0004.10  08.76  08.04  292.3  009.26  30.100  1023.796  1465.19 
2024 06 26 17 04 48.30  29.240  05.155  0003.93  09.11  08.15  292.3  009.26  30.012  1023.725  1465.08 
2024 06 26 17 04 48.55  29.228  05.100  0003.76  08.91  08.16  292.3  009.26  30.048  1023.759  1464.90 
2024 06 26 17 04 48.80  29.183  05.051  0003.54  08.95  08.12  292.3  009.26  30.041  1023.757  1464.68 
2024 06 26 17 04 49.05  29.124  05.003  0003.36  08.94  08.10  292.3  009.26  30.017  1023.742  1464.45 
2024 06 26 17 04 49.30  29.103  04.983  0003.16  09.09  07.98  304.0  009.26  30.012  1023.740  1464.36 
2024 06 26 17 04 49.55  29.084  04.968  0002.97  09.09  08.01  304.0  009.26  30.003  1023.733  1464.28 
2024 06 26 17 04 49.80  29.058  04.938  0002.78  09.34  08.02  304.0  009.26  30.001  1023.734  1464.15 
2024 06 26 17 04 50.05  29.041  04.927  0002.61  09.58  08.03  304.0  009.26  29.992  1023.727  1464.10 
2024 06 26 17 04 50.30  28.982  04.884  0002.46  09.25  08.15  304.0  009.26  29.963  1023.708  1463.88 
2024 06 26 17 04 50.55  28.967  04.866  0002.27  09.85  08.04  304.0  009.26  29.963  1023.709  1463.80 
2024 06 26 17 04 50.80  28.920  04.823  0002.17  09.43  08.04  304.0  009.26  29.947  1023.700  1463.60 
2024 06 26 17 04 51.05  28.881  04.793  0002.04  09.57  08.06  304.0  009.26  29.929  1023.688  1463.45 
2024 06 26 17 04 51.30  28.812  04.758  0001.87  09.87  08.12  304.0  009.26  29.883  1023.654  1463.24 
2024 06 26 17 04 51.55  28.666  04.661  0001.66  09.92  08.28  304.0  009.26  29.804  1023.600  1462.74 
2024 06 26 17 04 51.80  28.612  04.611  0001.44  09.37  08.24  304.0  009.26  29.785  1023.589  1462.50 
2024 06 26 17 04 52.05  28.555  04.590  0001.27  09.47  08.27  304.0  009.26  29.740  1023.555  1462.35 
2024 06 26 17 04 52.30  28.530  04.573  0001.14  09.87  08.00  312.8  009.26  29.725  1023.544  1462.27 
2024 06 26 17 04 52.55  28.511  04.561  0001.04  09.88  08.17  312.8  009.26  29.715  1023.537  1462.20 
2024 06 26 17 04 52.80  28.479  04.541  0000.99  09.66  08.16  312.8  009.26  29.696  1023.524  1462.09 
2024 06 26 17 04 53.05  28.470  04.526  0000.99  09.70  08.13  312.8  009.26  29.699  1023.527  1462.03 
2024 06 26 17 04 53.30  28.469  04.521  0000.98  10.23  08.11  312.8  009.29  29.703  1023.531  1462.02 
2024 06 26 17 04 53.55  28.464  04.520  0000.95  10.07  08.08  312.8  009.26  29.698  1023.527  1462.00 
2024 06 26 17 04 53.80  28.448  04.517  0000.93  09.82  08.08  312.8  009.26  29.682  1023.514  1461.97 
2024 06 26 17 04 54.05  28.442  04.513  0000.92  09.96  08.08  312.8  009.26  29.679  1023.512  1461.95 
2024 06 26 17 04 54.30  28.442  04.514  0000.88  09.53  08.21  312.8  009.26  29.678  1023.512  1461.95 
2024 06 26 17 04 54.55  28.441  04.512  0000.87  09.68  08.18  312.8  009.23  29.679  1023.512  1461.95 
2024 06 26 17 04 54.80  28.442  04.513  0000.86  09.51  08.16  312.8  009.26  29.679  1023.512  1461.95 
2024 06 26 17 04 55.05  28.442  04.513  0000.86  09.69  08.17  312.8  009.26  29.679  1023.512  1461.95 
2024 06 26 17 04 55.30  28.443  04.512  0000.86  09.78  08.00  322.0  009.26  29.681  1023.513  1461.95 
2024 06 26 17 04 55.55  28.444  04.515  0000.85  10.19  08.04  322.0  009.26  29.680  1023.512  1461.96 
2024 06 26 17 04 55.80  28.446  04.518  0000.84  10.13  08.05  322.0  009.26  29.679  1023.511  1461.97 
2024 06 26 17 04 56.05  28.438  04.514  0000.86  09.73  08.07  322.0  009.26  29.674  1023.508  1461.95 
2024 06 26 17 04 56.30  28.441  04.515  0000.86  09.57  08.07  322.0  009.26  29.676  1023.510  1461.95 
2024 06 26 17 04 56.55  28.442  04.520  0000.86  09.56  08.06  322.0  009.26  29.673  1023.507  1461.97 
2024 06 26 17 04 56.80  28.443  04.522  0000.82  09.40  08.06  322.0  009.26  29.671  1023.505  1461.98 
2024 06 26 17 04 57.05  28.444  04.522  0000.80  09.47  08.07  322.0  009.26  29.673  1023.506  1461.98 
2024 06 26 17 04 57.30  28.443  04.521  0000.70  09.44  08.20  322.0  009.26  29.673  1023.505  1461.97 
2024 06 26 17 04 57.55  28.444  04.520  0000.63  09.80  08.17  322.0  009.26  29.676  1023.508  1461.97 
2024 06 26 17 04 57.80  28.444  04.523  0000.50  09.49  08.09  322.0  009.26  29.673  1023.505  1461.98 
2024 06 26 17 04 58.05  28.444  04.520  0000.42  09.38  08.09  322.0  009.26  29.676  1023.507  1461.97 
2024 06 26 17 04 58.30  28.444  04.520  0000.32  09.42  07.94  323.1  009.26  29.675  1023.505  1461.97 
2024 06 26 17 04 58.55  28.442  04.520  0000.25  09.33  07.95  323.1  009.26  29.673  1023.504  1461.96 
2024 06 26 17 04 58.80  28.443  04.519  0000.17  09.52  07.95  323.1  009.26  29.675  1023.505  1461.96 
2024 06 26 17 04 59.05  28.440  04.516  0000.07  09.64  07.97  323.1  009.26  29.674  1023.504  1461.94 
2024 06 26 17 04 59.30  28.439  04.517  0000.04  09.51  07.98  323.1  009.26  29.672  1023.502  1461.94 
2024 06 26 17 04 59.55  17.043  04.521  0000.03  09.76  07.99  323.1  009.26  16.944  1013.424  1445.75 
2024 06 26 17 04 59.80  01.345  04.513  0000.03  15.19  08.00  323.1  009.26  01.128  1000.877  1425.46 
2024 06 26 17 05 00.05  00.975  04.561  0000.04  26.50  08.00  323.1  009.26  00.804  1000.618  1425.25 
2024 06 26 17 05 00.30  00.459  04.453  0000.03  11.58  08.18  323.1  009.26  00.368  1000.269  1424.19 
2024 06 26 17 05 05.30  18.832  03.570  0000.02  01.28  02.48  338.3  009.26  19.444  1015.461  1444.79 
