2024 06 26 17 29 53.23  24.733  02.152  0000.07  00.66  10.75  360.6  009.26  27.376  1021.860  1448.79 
2024 06 26 17 29 53.48  25.564  02.158  0000.13  08.29  08.59  360.6  009.26  28.382  1022.664  1450.13 
2024 06 26 17 29 53.73  25.562  02.157  0000.15  09.26  08.51  360.6  009.26  28.380  1022.663  1450.12 
2024 06 26 17 29 53.98  25.563  02.161  0000.20  09.64  08.49  360.6  009.23  28.379  1022.662  1450.14 
2024 06 26 17 29 54.23  25.570  02.160  0000.30  09.49  08.49  360.6  009.26  28.387  1022.669  1450.14 
2024 06 26 17 29 54.48  25.569  02.162  0000.32  09.23  08.48  360.6  009.26  28.384  1022.667  1450.15 
2024 06 26 17 29 54.73  25.567  02.162  0000.30  08.80  08.48  360.6  009.23  28.383  1022.666  1450.15 
2024 06 26 17 29 54.98  25.577  02.164  0000.32  08.61  08.47  360.6  009.23  28.392  1022.673  1450.17 
2024 06 26 17 29 55.23  25.576  02.162  0000.33  09.06  08.47  360.6  009.23  28.393  1022.674  1450.16 
2024 06 26 17 29 55.48  25.570  02.161  0000.37  09.49  08.46  360.6  009.23  28.388  1022.670  1450.15 
2024 06 26 17 29 55.73  25.574  02.161  0000.37  09.78  08.51  360.6  009.23  28.392  1022.673  1450.16 
2024 06 26 17 29 55.98  25.573  02.162  0000.42  09.18  08.51  360.6  009.26  28.389  1022.671  1450.16 
2024 06 26 17 29 56.23  25.575  02.164  0000.49  09.43  08.42  360.3  009.26  28.391  1022.673  1450.17 
2024 06 26 17 29 56.48  25.575  02.167  0000.52  09.56  08.43  360.3  009.23  28.387  1022.670  1450.18 
2024 06 26 17 29 56.73  25.574  02.169  0000.58  10.46  08.43  360.3  009.23  28.385  1022.668  1450.19 
2024 06 26 17 29 56.98  25.578  02.173  0000.62  09.98  08.43  360.3  009.23  28.386  1022.669  1450.21 
2024 06 26 17 29 57.23  25.580  02.180  0000.67  10.10  08.43  360.3  009.26  28.382  1022.665  1450.23 
2024 06 26 17 29 57.48  25.581  02.179  0000.72  10.40  08.43  360.3  009.23  28.384  1022.667  1450.23 
2024 06 26 17 29 57.73  25.584  02.179  0000.71  10.19  08.43  360.3  009.26  28.388  1022.670  1450.23 
2024 06 26 17 29 57.98  25.580  02.177  0000.71  09.85  08.42  360.3  009.23  28.384  1022.668  1450.22 
2024 06 26 17 29 58.23  25.578  02.177  0000.70  09.27  08.49  360.3  009.23  28.382  1022.666  1450.22 
2024 06 26 17 29 58.48  25.581  02.178  0000.70  09.37  08.49  360.3  009.23  28.385  1022.668  1450.23 
2024 06 26 17 29 58.73  25.582  02.177  0000.70  09.97  08.48  360.3  009.23  28.387  1022.670  1450.23 
2024 06 26 17 29 58.98  25.581  02.176  0000.69  10.29  08.47  360.3  009.26  28.387  1022.670  1450.22 
2024 06 26 17 29 59.23  25.585  02.176  0000.67  09.46  08.39  358.1  009.26  28.391  1022.673  1450.23 
2024 06 26 17 29 59.48  25.582  02.178  0000.65  09.44  08.40  358.1  009.23  28.386  1022.669  1450.23 
2024 06 26 17 29 59.73  25.579  02.181  0000.65  09.71  08.40  358.1  009.23  28.380  1022.664  1450.23 
2024 06 26 17 29 59.98  25.581  02.180  0000.66  09.43  08.40  358.1  009.26  28.384  1022.667  1450.23 
2024 06 26 17 30 00.23  25.580  02.180  0000.65  09.36  08.40  358.1  009.23  28.382  1022.666  1450.23 
2024 06 26 17 30 00.48  25.584  02.184  0000.65  09.47  08.40  358.1  009.26  28.384  1022.666  1450.25 
2024 06 26 17 30 00.73  25.585  02.183  0000.67  10.18  08.40  358.1  009.23  28.385  1022.668  1450.25 
2024 06 26 17 30 00.98  25.581  02.181  0000.67  10.42  08.40  358.1  009.23  28.383  1022.666  1450.24 
2024 06 26 17 30 01.23  25.584  02.183  0000.67  10.71  08.47  358.1  009.23  28.384  1022.667  1450.25 
2024 06 26 17 30 01.48  25.585  02.180  0000.67  11.11  08.46  358.1  009.23  28.388  1022.671  1450.24 
2024 06 26 17 30 01.73  25.585  02.180  0000.64  12.99  08.46  358.1  009.23  28.387  1022.670  1450.24 
2024 06 26 17 30 01.98  25.579  02.181  0000.69  11.05  08.45  358.1  009.23  28.380  1022.664  1450.23 
2024 06 26 17 30 02.23  25.582  02.182  0000.70  10.13  08.37  355.6  009.23  28.383  1022.667  1450.24 
2024 06 26 17 30 02.48  25.581  02.185  0000.66  09.66  08.38  355.6  009.23  28.380  1022.663  1450.25 
2024 06 26 17 30 02.73  25.584  02.185  0000.66  10.81  08.38  355.6  009.26  28.382  1022.665  1450.26 
2024 06 26 17 30 02.98  25.585  02.185  0000.65  10.80  08.38  355.6  009.23  28.384  1022.667  1450.26 
2024 06 26 17 30 03.23  25.584  02.183  0000.67  09.90  08.38  355.6  009.23  28.384  1022.667  1450.25 
2024 06 26 17 30 03.48  25.585  02.187  0000.67  09.75  08.38  355.6  009.23  28.382  1022.665  1450.26 
2024 06 26 17 30 03.73  25.586  02.186  0000.67  09.84  08.38  355.6  009.26  28.384  1022.667  1450.26 
2024 06 26 17 30 03.98  25.585  02.187  0000.67  09.90  08.38  355.6  009.23  28.381  1022.665  1450.26 
2024 06 26 17 30 04.23  25.585  02.186  0000.66  09.80  08.45  355.6  009.23  28.383  1022.666  1450.26 
2024 06 26 17 30 04.48  25.580  02.184  0000.67  09.35  08.44  355.6  009.23  28.378  1022.662  1450.25 
2024 06 26 17 30 04.73  25.581  02.185  0000.66  09.80  08.44  355.6  009.23  28.380  1022.663  1450.25 
2024 06 26 17 30 04.98  25.583  02.184  0000.67  10.14  08.43  355.6  009.26  28.383  1022.666  1450.25 
2024 06 26 17 30 05.23  25.585  02.185  0000.66  09.45  08.35  353.4  009.26  28.385  1022.667  1450.26 
2024 06 26 17 30 05.48  25.585  02.187  0000.64  09.77  08.36  353.4  009.26  28.382  1022.665  1450.26 
2024 06 26 17 30 05.73  25.585  02.187  0000.58  09.59  08.36  353.4  009.26  28.383  1022.665  1450.26 
2024 06 26 17 30 05.98  25.585  02.187  0000.57  09.78  08.36  353.4  009.23  28.382  1022.665  1450.26 
2024 06 26 17 30 06.23  25.582  02.186  0000.56  09.46  08.36  353.4  009.23  28.379  1022.662  1450.25 
2024 06 26 17 30 06.48  25.583  02.184  0000.54  09.73  08.36  353.4  009.26  28.382  1022.665  1450.25 
2024 06 26 17 30 06.73  25.584  02.186  0000.53  09.33  08.36  353.4  009.26  28.381  1022.664  1450.26 
2024 06 26 17 30 06.98  25.585  02.188  0000.52  09.74  08.36  353.4  009.23  28.380  1022.663  1450.26 
2024 06 26 17 30 07.23  25.585  02.189  0000.54  09.81  08.43  353.4  009.23  28.381  1022.664  1450.27 
2024 06 26 17 30 07.48  25.589  02.191  0000.55  09.70  08.43  353.4  009.23  28.383  1022.665  1450.28 
2024 06 26 17 30 07.73  25.589  02.188  0000.52  09.40  08.42  353.4  009.23  28.385  1022.667  1450.27 
2024 06 26 17 30 07.98  25.585  02.187  0000.52  09.76  08.42  353.4  009.23  28.382  1022.664  1450.26 
2024 06 26 17 30 08.23  25.585  02.190  0000.51  09.44  08.33  352.8  009.23  28.380  1022.662  1450.27 
2024 06 26 17 30 08.48  25.591  02.190  0000.49  10.06  08.34  352.8  009.23  28.387  1022.668  1450.28 
2024 06 26 17 30 08.73  25.585  02.190  0000.56  09.62  08.34  352.8  009.26  28.379  1022.662  1450.27 
2024 06 26 17 30 08.98  25.579  02.185  0000.53  09.23  08.34  352.8  009.26  28.377  1022.660  1450.24 
2024 06 26 17 30 09.23  25.584  02.184  0000.53  09.23  08.35  352.8  009.26  28.383  1022.666  1450.25 
2024 06 26 17 30 09.48  25.587  02.184  0000.52  09.43  08.35  352.8  009.23  28.388  1022.669  1450.25 
2024 06 26 17 30 09.73  25.583  02.185  0000.55  09.45  08.35  352.8  009.23  28.381  1022.664  1450.25 
2024 06 26 17 30 09.98  25.589  02.185  0000.59  09.52  08.35  352.8  009.23  28.388  1022.670  1450.26 
2024 06 26 17 30 10.23  25.585  02.186  0000.63  09.44  08.40  352.8  009.23  28.382  1022.665  1450.26 
2024 06 26 17 30 10.48  25.573  02.170  0000.67  09.18  08.40  352.8  009.23  28.383  1022.667  1450.19 
2024 06 26 17 30 10.73  25.573  02.170  0000.68  09.24  08.40  352.8  009.23  28.382  1022.666  1450.19 
2024 06 26 17 30 10.98  25.572  02.171  0000.67  09.32  08.39  352.8  009.23  28.381  1022.665  1450.19 
2024 06 26 17 30 11.23  25.573  02.171  0000.67  09.74  08.33  352.1  009.26  28.382  1022.666  1450.19 
2024 06 26 17 30 11.48  25.575  02.170  0000.67  09.74  08.34  352.1  009.26  28.385  1022.669  1450.19 
2024 06 26 17 30 11.73  25.575  02.172  0000.67  09.40  08.33  352.1  009.23  28.384  1022.667  1450.20 
2024 06 26 17 30 11.98  25.577  02.173  0000.67  09.72  08.34  352.1  009.26  28.385  1022.668  1450.20 
2024 06 26 17 30 12.23  25.573  02.173  0000.67  09.97  08.34  352.1  009.26  28.381  1022.665  1450.20 
2024 06 26 17 30 12.48  25.585  02.197  0000.66  09.83  08.34  352.1  009.26  28.372  1022.657  1450.30 
2024 06 26 17 30 12.73  25.618  02.224  0000.68  09.75  08.34  352.1  009.26  28.389  1022.668  1450.44 
2024 06 26 17 30 12.98  25.621  02.220  0000.68  09.61  08.34  352.1  009.23  28.397  1022.675  1450.43 
2024 06 26 17 30 13.23  25.611  02.217  0000.70  09.25  08.39  352.1  009.23  28.387  1022.667  1450.40 
2024 06 26 17 30 13.48  25.612  02.215  0000.67  09.09  08.39  352.1  009.23  28.391  1022.671  1450.40 
2024 06 26 17 30 13.73  25.613  02.214  0000.66  09.23  08.39  352.1  009.23  28.393  1022.672  1450.39 
2024 06 26 17 30 13.98  25.603  02.203  0000.67  09.38  08.38  352.1  009.23  28.389  1022.670  1450.34 
2024 06 26 17 30 14.23  25.606  02.199  0000.66  09.71  08.32  351.3  009.23  28.397  1022.676  1450.33 
2024 06 26 17 30 14.48  25.602  02.199  0000.68  10.09  08.32  351.3  009.23  28.392  1022.672  1450.33 
2024 06 26 17 30 14.73  25.598  02.197  0000.66  09.59  08.32  351.3  009.26  28.389  1022.670  1450.32 
2024 06 26 17 30 14.98  25.585  02.170  0000.70  09.53  08.32  351.3  009.26  28.397  1022.678  1450.21 
2024 06 26 17 30 15.23  25.570  02.162  0000.67  09.23  08.32  351.3  009.23  28.386  1022.670  1450.16 
2024 06 26 17 30 15.48  25.570  02.156  0000.68  09.34  08.32  351.3  009.26  28.390  1022.674  1450.14 
2024 06 26 17 30 15.73  25.562  02.157  0000.67  09.13  08.32  351.3  009.23  28.381  1022.666  1450.13 
2024 06 26 17 30 15.98  25.567  02.155  0000.69  09.15  08.32  351.3  009.23  28.389  1022.672  1450.13 
2024 06 26 17 30 16.23  25.564  02.155  0000.66  09.27  08.38  351.3  009.23  28.385  1022.669  1450.12 
2024 06 26 17 30 16.48  25.562  02.156  0000.67  09.14  08.38  351.3  009.23  28.381  1022.666  1450.12 
2024 06 26 17 30 16.73  25.555  02.153  0000.68  09.07  08.38  351.3  009.23  28.376  1022.663  1450.10 
2024 06 26 17 30 16.98  25.560  02.153  0000.68  08.96  08.37  351.3  009.23  28.382  1022.667  1450.11 
2024 06 26 17 30 17.23  25.557  02.153  0000.69  09.37  08.30  350.9  009.23  28.378  1022.664  1450.11 
2024 06 26 17 30 17.48  25.552  02.157  0000.68  09.71  08.31  350.9  009.26  28.369  1022.657  1450.11 
2024 06 26 17 30 17.73  25.558  02.156  0000.70  09.35  08.31  350.9  009.23  28.377  1022.663  1450.12 
2024 06 26 17 30 17.98  25.554  02.156  0000.67  09.25  08.31  350.9  009.26  28.371  1022.658  1450.11 
2024 06 26 17 30 18.23  25.557  02.153  0000.67  09.39  08.31  350.9  009.23  28.378  1022.664  1450.11 
2024 06 26 17 30 18.48  25.558  02.153  0000.67  09.41  08.31  350.9  009.26  28.379  1022.664  1450.11 
2024 06 26 17 30 18.73  25.555  02.154  0000.65  09.95  08.31  350.9  009.26  28.375  1022.661  1450.11 
2024 06 26 17 30 18.98  25.554  02.153  0000.67  09.92  08.31  350.9  009.23  28.374  1022.661  1450.10 
2024 06 26 17 30 19.23  25.553  02.157  0000.69  09.49  08.37  350.9  009.23  28.370  1022.657  1450.11 
2024 06 26 17 30 19.48  25.553  02.157  0000.68  09.24  08.37  350.9  009.23  28.370  1022.657  1450.11 
2024 06 26 17 30 19.73  25.552  02.155  0000.70  09.59  08.37  350.9  009.23  28.371  1022.658  1450.10 
2024 06 26 17 30 19.98  25.554  02.154  0000.70  09.21  08.36  350.9  009.26  28.373  1022.660  1450.10 
2024 06 26 17 30 20.23  25.551  02.154  0000.67  09.07  08.30  351.0  009.26  28.370  1022.658  1450.10 
2024 06 26 17 30 20.48  25.551  02.153  0000.67  09.42  08.30  351.0  009.23  28.371  1022.658  1450.10 
2024 06 26 17 30 20.73  25.564  02.153  0000.68  09.38  08.30  351.0  009.26  28.386  1022.671  1450.12 
2024 06 26 17 30 20.98  25.566  02.155  0000.68  09.62  08.30  351.0  009.26  28.388  1022.672  1450.13 
2024 06 26 17 30 21.23  25.566  02.155  0000.69  09.08  08.30  351.0  009.26  28.388  1022.672  1450.13 
2024 06 26 17 30 21.48  25.568  02.156  0000.72  08.95  08.30  351.0  009.26  28.389  1022.673  1450.13 
2024 06 26 17 30 21.73  25.568  02.155  0000.70  09.02  08.30  351.0  009.26  28.389  1022.673  1450.13 
2024 06 26 17 30 21.98  25.565  02.155  0000.68  08.76  08.30  351.0  009.26  28.385  1022.670  1450.13 
2024 06 26 17 30 22.23  25.567  02.156  0000.69  08.76  08.36  351.0  009.26  28.388  1022.672  1450.13 
2024 06 26 17 30 22.48  25.566  02.156  0000.69  08.95  08.36  351.0  009.26  28.386  1022.670  1450.13 
2024 06 26 17 30 22.73  25.567  02.154  0000.68  09.25  08.36  351.0  009.26  28.389  1022.673  1450.13 
2024 06 26 17 30 22.98  25.570  02.155  0000.67  09.09  08.35  351.0  009.26  28.392  1022.675  1450.13 
2024 06 26 17 30 23.23  25.573  02.155  0000.67  09.23  08.29  350.4  009.26  28.396  1022.678  1450.14 
2024 06 26 17 30 23.48  25.577  02.168  0000.69  09.29  08.29  350.4  009.26  28.390  1022.673  1450.19 
2024 06 26 17 30 23.73  25.582  02.177  0000.69  09.02  08.29  350.4  009.26  28.388  1022.671  1450.22 
2024 06 26 17 30 23.98  25.583  02.174  0000.69  09.34  08.29  350.4  009.26  28.391  1022.673  1450.22 
2024 06 26 17 30 24.23  25.585  02.178  0000.68  09.62  08.29  350.4  009.26  28.391  1022.673  1450.23 
2024 06 26 17 30 24.48  25.585  02.176  0000.68  09.40  08.29  350.4  009.26  28.392  1022.674  1450.23 
2024 06 26 17 30 24.73  25.582  02.174  0000.71  09.14  08.30  350.4  009.26  28.390  1022.672  1450.22 
2024 06 26 17 30 24.98  25.584  02.173  0000.71  09.27  08.30  350.4  009.26  28.393  1022.675  1450.22 
2024 06 26 17 30 25.23  25.582  02.171  0000.71  09.52  08.35  350.4  009.26  28.393  1022.675  1450.21 
2024 06 26 17 30 25.48  25.582  02.170  0000.71  09.09  08.35  350.4  009.26  28.394  1022.676  1450.20 
2024 06 26 17 30 25.73  25.583  02.182  0000.70  09.16  08.35  350.4  009.26  28.384  1022.667  1450.25 
2024 06 26 17 30 25.98  25.590  02.178  0000.71  09.06  08.34  350.4  009.26  28.397  1022.678  1450.24 
2024 06 26 17 30 26.23  25.594  02.187  0000.70  09.47  08.28  350.1  009.26  28.393  1022.674  1450.28 
2024 06 26 17 30 26.48  25.589  02.180  0000.69  09.80  08.28  350.1  009.26  28.394  1022.675  1450.25 
2024 06 26 17 30 26.73  25.590  02.179  0000.71  09.31  08.28  350.1  009.26  28.396  1022.677  1450.25 
2024 06 26 17 30 26.98  25.590  02.181  0000.71  09.33  08.29  350.1  009.26  28.393  1022.675  1450.25 
2024 06 26 17 30 27.23  25.589  02.177  0000.71  08.96  08.29  350.1  009.26  28.395  1022.677  1450.24 
2024 06 26 17 30 27.48  25.590  02.179  0000.71  08.90  08.29  350.1  009.26  28.395  1022.676  1450.25 
2024 06 26 17 30 27.73  25.585  02.176  0000.70  09.10  08.29  350.1  009.26  28.392  1022.674  1450.23 
2024 06 26 17 30 27.98  25.582  02.173  0000.69  09.11  08.29  350.1  009.26  28.391  1022.674  1450.21 
2024 06 26 17 30 28.23  25.581  02.170  0000.67  09.59  08.34  350.1  009.26  28.392  1022.674  1450.20 
2024 06 26 17 30 28.48  25.581  02.172  0000.70  09.42  08.34  350.1  009.26  28.390  1022.673  1450.21 
2024 06 26 17 30 28.73  25.581  02.174  0000.70  09.31  08.34  350.1  009.26  28.388  1022.671  1450.21 
2024 06 26 17 30 28.98  25.582  02.171  0000.68  09.25  08.34  350.1  009.26  28.393  1022.675  1450.21 
2024 06 26 17 30 29.23  25.585  02.173  0000.70  09.49  08.27  349.9  009.26  28.394  1022.675  1450.22 
2024 06 26 17 30 29.48  25.585  02.174  0000.70  09.14  08.28  349.9  009.26  28.394  1022.676  1450.22 
2024 06 26 17 30 29.73  25.585  02.173  0000.70  09.04  08.28  349.9  009.26  28.394  1022.676  1450.22 
2024 06 26 17 30 29.98  25.585  02.173  0000.70  08.94  08.28  349.9  009.26  28.394  1022.676  1450.22 
2024 06 26 17 30 30.23  25.583  02.172  0000.70  08.75  08.28  349.9  009.26  28.393  1022.675  1450.21 
2024 06 26 17 30 30.48  25.585  02.172  0000.71  08.90  08.28  349.9  009.26  28.396  1022.678  1450.21 
2024 06 26 17 30 30.73  25.585  02.172  0000.72  09.02  08.28  349.9  009.26  28.395  1022.676  1450.22 
2024 06 26 17 30 30.98  25.578  02.169  0000.68  08.80  08.28  349.9  009.26  28.390  1022.673  1450.19 
2024 06 26 17 30 31.23  25.577  02.166  0000.67  09.14  08.34  349.9  009.26  28.390  1022.673  1450.18 
2024 06 26 17 30 31.48  25.576  02.167  0000.67  09.49  08.34  349.9  009.26  28.388  1022.672  1450.18 
2024 06 26 17 30 31.73  25.579  02.169  0000.69  09.92  08.33  349.9  009.26  28.391  1022.673  1450.19 
2024 06 26 17 30 31.98  25.577  02.168  0000.71  09.85  08.33  349.9  009.26  28.390  1022.673  1450.19 
2024 06 26 17 30 32.23  25.581  02.169  0000.71  09.53  08.26  349.9  009.26  28.393  1022.675  1450.20 
2024 06 26 17 30 32.48  25.577  02.168  0000.70  09.12  08.27  349.9  009.26  28.389  1022.672  1450.19 
2024 06 26 17 30 32.73  25.580  02.169  0000.68  09.16  08.27  349.9  009.26  28.391  1022.674  1450.20 
2024 06 26 17 30 32.98  25.580  02.171  0000.67  09.29  08.27  349.9  009.26  28.390  1022.672  1450.20 
2024 06 26 17 30 33.23  25.581  02.171  0000.68  09.38  08.27  349.9  009.26  28.391  1022.673  1450.20 
2024 06 26 17 30 33.48  25.581  02.171  0000.70  09.16  08.27  349.9  009.26  28.392  1022.674  1450.20 
2024 06 26 17 30 33.73  25.583  02.171  0000.69  09.16  08.27  349.9  009.26  28.394  1022.676  1450.21 
2024 06 26 17 30 33.98  25.585  02.173  0000.68  09.19  08.27  349.9  009.26  28.394  1022.675  1450.22 
2024 06 26 17 30 34.23  25.583  02.177  0000.68  09.60  08.33  349.9  009.26  28.389  1022.671  1450.23 
2024 06 26 17 30 34.48  25.586  02.175  0000.69  09.46  08.33  349.9  009.26  28.394  1022.676  1450.23 
2024 06 26 17 30 34.73  25.585  02.175  0000.69  09.54  08.33  349.9  009.26  28.392  1022.674  1450.22 
2024 06 26 17 30 34.98  25.589  02.178  0000.67  09.90  08.32  349.9  009.26  28.395  1022.676  1450.24 
2024 06 26 17 30 35.23  25.589  02.183  0000.67  09.30  08.25  349.6  009.26  28.391  1022.673  1450.26 
2024 06 26 17 30 35.48  25.587  02.180  0000.68  09.21  08.26  349.6  009.26  28.391  1022.672  1450.24 
2024 06 26 17 30 35.73  25.590  02.180  0000.71  08.92  08.26  349.6  009.26  28.394  1022.675  1450.25 
2024 06 26 17 30 35.98  25.590  02.182  0000.70  09.11  08.26  349.6  009.26  28.393  1022.674  1450.25 
2024 06 26 17 30 36.23  25.589  02.181  0000.70  09.33  08.26  349.6  009.26  28.393  1022.674  1450.25 
2024 06 26 17 30 36.48  25.589  02.179  0000.70  09.44  08.28  349.6  009.26  28.393  1022.675  1450.24 
2024 06 26 17 30 36.73  25.589  02.183  0000.71  09.01  08.28  349.6  009.26  28.391  1022.673  1450.26 
2024 06 26 17 30 36.98  25.589  02.179  0000.72  08.94  08.28  349.6  009.26  28.394  1022.676  1450.25 
2024 06 26 17 30 37.23  25.587  02.179  0000.67  09.05  08.34  349.6  009.26  28.391  1022.673  1450.24 
2024 06 26 17 30 37.48  25.585  02.177  0000.66  09.08  08.33  349.6  009.26  28.391  1022.673  1450.23 
2024 06 26 17 30 37.73  25.587  02.179  0000.67  09.38  08.33  349.6  009.26  28.392  1022.673  1450.24 
2024 06 26 17 30 37.98  25.584  02.175  0000.69  09.33  08.33  349.6  009.26  28.391  1022.673  1450.22 
2024 06 26 17 30 38.23  25.581  02.172  0000.72  09.95  08.26  349.5  009.26  28.391  1022.674  1450.21 
2024 06 26 17 30 38.48  25.581  02.172  0000.72  09.44  08.27  349.5  009.26  28.390  1022.673  1450.21 
2024 06 26 17 30 38.73  25.581  02.171  0000.70  08.84  08.27  349.5  009.26  28.392  1022.674  1450.20 
2024 06 26 17 30 38.98  25.580  02.172  0000.67  09.28  08.27  349.5  009.26  28.389  1022.672  1450.20 
2024 06 26 17 30 39.23  25.581  02.172  0000.66  09.59  08.27  349.5  009.26  28.391  1022.674  1450.21 
2024 06 26 17 30 39.48  25.581  02.171  0000.67  09.61  08.27  349.5  009.26  28.391  1022.673  1450.20 
2024 06 26 17 30 39.73  25.581  02.171  0000.67  09.54  08.27  349.5  009.26  28.392  1022.674  1450.21 
2024 06 26 17 30 39.98  25.577  02.168  0000.68  09.14  08.26  349.5  009.26  28.390  1022.673  1450.19 
2024 06 26 17 30 40.23  25.577  02.167  0000.69  09.16  08.32  349.5  009.26  28.390  1022.673  1450.18 
2024 06 26 17 30 40.48  25.577  02.167  0000.67  09.04  08.32  349.5  009.26  28.390  1022.673  1450.18 
2024 06 26 17 30 40.73  25.575  02.166  0000.67  09.10  08.32  349.5  009.26  28.388  1022.671  1450.18 
2024 06 26 17 30 40.98  25.575  02.166  0000.68  09.09  08.32  349.5  009.26  28.389  1022.672  1450.18 
2024 06 26 17 30 41.23  25.576  02.166  0000.69  09.06  08.25  349.4  009.26  28.390  1022.673  1450.18 
2024 06 26 17 30 41.48  25.575  02.166  0000.70  09.20  08.26  349.4  009.26  28.389  1022.672  1450.18 
2024 06 26 17 30 41.73  25.576  02.166  0000.68  08.95  08.26  349.4  009.26  28.389  1022.672  1450.18 
2024 06 26 17 30 41.98  25.576  02.167  0000.69  09.66  08.26  349.4  009.26  28.389  1022.672  1450.18 
2024 06 26 17 30 42.23  25.574  02.167  0000.68  09.47  08.26  349.4  009.26  28.386  1022.670  1450.18 
2024 06 26 17 30 42.48  25.573  02.168  0000.69  09.26  08.25  349.4  009.26  28.385  1022.669  1450.18 
2024 06 26 17 30 42.73  25.575  02.167  0000.70  09.15  08.25  349.4  009.26  28.388  1022.671  1450.18 
2024 06 26 17 30 42.98  25.576  02.167  0000.69  09.78  08.25  349.4  009.26  28.388  1022.672  1450.18 
2024 06 26 17 30 43.23  25.575  02.168  0000.70  09.39  08.31  349.4  009.26  28.387  1022.670  1450.19 
2024 06 26 17 30 43.48  25.580  02.169  0000.64  09.10  08.31  349.4  009.26  28.392  1022.674  1450.19 
2024 06 26 17 30 43.73  25.581  02.175  0000.64  09.49  08.31  349.4  009.26  28.388  1022.671  1450.22 
2024 06 26 17 30 43.98  25.582  02.174  0000.67  09.08  08.31  349.4  009.26  28.391  1022.673  1450.21 
2024 06 26 17 30 44.23  25.582  02.175  0000.68  09.21  08.24  349.6  009.26  28.390  1022.672  1450.22 
2024 06 26 17 30 44.48  25.587  02.180  0000.73  09.71  08.25  349.6  009.26  28.391  1022.673  1450.24 
2024 06 26 17 30 44.73  25.588  02.178  0000.73  09.66  08.25  349.6  009.26  28.394  1022.675  1450.24 
2024 06 26 17 30 44.98  25.585  02.175  0000.68  09.44  08.25  349.6  009.26  28.392  1022.674  1450.22 
2024 06 26 17 30 45.23  25.578  02.172  0000.65  09.68  08.25  349.6  009.26  28.387  1022.670  1450.20 
2024 06 26 17 30 45.48  25.580  02.168  0000.63  09.27  08.25  349.6  009.26  28.392  1022.674  1450.19 
2024 06 26 17 30 45.73  25.578  02.171  0000.67  09.71  08.25  349.6  009.26  28.388  1022.671  1450.20 
2024 06 26 17 30 45.98  25.577  02.171  0000.69  10.38  08.25  349.6  009.26  28.387  1022.671  1450.20 
2024 06 26 17 30 46.23  25.577  02.170  0000.72  09.60  08.30  349.6  009.26  28.388  1022.672  1450.19 
2024 06 26 17 30 46.48  25.576  02.168  0000.72  09.29  08.31  349.6  009.26  28.388  1022.671  1450.19 
2024 06 26 17 30 46.73  25.575  02.167  0000.68  09.00  08.30  349.6  009.26  28.388  1022.671  1450.18 
2024 06 26 17 30 46.98  25.575  02.167  0000.64  09.05  08.30  349.6  009.26  28.388  1022.671  1450.18 
2024 06 26 17 30 47.23  25.577  02.168  0000.63  09.13  08.23  349.6  009.26  28.390  1022.672  1450.19 
2024 06 26 17 30 47.48  25.575  02.168  0000.67  09.01  08.24  349.6  009.26  28.387  1022.670  1450.19 
2024 06 26 17 30 47.73  25.576  02.167  0000.71  08.91  08.24  349.6  009.26  28.389  1022.672  1450.18 
2024 06 26 17 30 47.98  25.577  02.168  0000.70  09.07  08.24  349.6  009.26  28.389  1022.672  1450.19 
2024 06 26 17 30 48.23  25.577  02.169  0000.69  09.25  08.24  349.6  009.26  28.388  1022.671  1450.19 
2024 06 26 17 30 48.48  25.577  02.171  0000.68  08.99  08.24  349.6  009.26  28.387  1022.670  1450.20 
2024 06 26 17 30 48.73  25.576  02.171  0000.66  09.05  08.24  349.6  009.26  28.386  1022.669  1450.19 
2024 06 26 17 30 48.98  25.576  02.169  0000.67  09.20  08.24  349.6  009.26  28.387  1022.670  1450.19 
2024 06 26 17 30 49.23  25.573  02.168  0000.67  09.18  08.30  349.6  009.26  28.385  1022.668  1450.18 
2024 06 26 17 30 49.48  25.574  02.169  0000.68  09.75  08.30  349.6  009.26  28.385  1022.668  1450.19 
2024 06 26 17 30 49.73  25.576  02.167  0000.72  09.50  08.30  349.6  009.26  28.389  1022.672  1450.18 
2024 06 26 17 30 49.98  25.574  02.167  0000.71  09.34  08.29  349.6  009.26  28.387  1022.670  1450.18 
2024 06 26 17 30 50.23  25.577  02.167  0000.69  09.41  08.22  349.7  009.26  28.390  1022.673  1450.18 
2024 06 26 17 30 50.48  25.574  02.171  0000.67  09.77  08.23  349.7  009.26  28.383  1022.667  1450.19 
2024 06 26 17 30 50.73  25.577  02.171  0000.64  10.11  08.23  349.7  009.26  28.387  1022.670  1450.20 
2024 06 26 17 30 50.98  25.577  02.171  0000.65  09.79  08.23  349.7  009.26  28.386  1022.669  1450.20 
2024 06 26 17 30 51.23  25.580  02.173  0000.67  09.23  08.23  349.7  009.26  28.389  1022.671  1450.21 
2024 06 26 17 30 51.48  25.581  02.175  0000.71  09.53  08.23  349.7  009.26  28.388  1022.671  1450.22 
2024 06 26 17 30 51.73  25.582  02.176  0000.70  09.72  08.23  349.7  009.26  28.388  1022.671  1450.22 
2024 06 26 17 30 51.98  25.583  02.181  0000.68  09.28  08.23  349.7  009.26  28.385  1022.668  1450.24 
2024 06 26 17 30 52.23  25.582  02.182  0000.67  09.01  08.29  349.7  009.26  28.383  1022.667  1450.24 
2024 06 26 17 30 52.48  25.583  02.182  0000.65  09.68  08.29  349.7  009.26  28.384  1022.667  1450.24 
2024 06 26 17 30 52.73  25.586  02.183  0000.67  09.30  08.29  349.7  009.26  28.387  1022.670  1450.25 
2024 06 26 17 30 52.98  25.586  02.183  0000.68  09.59  08.29  349.7  009.26  28.387  1022.670  1450.25 
2024 06 26 17 30 53.23  25.585  02.182  0000.69  09.50  08.22  349.6  009.26  28.387  1022.670  1450.25 
2024 06 26 17 30 53.48  25.589  02.182  0000.70  09.31  08.22  349.6  009.26  28.392  1022.674  1450.25 
2024 06 26 17 30 53.73  25.586  02.182  0000.70  09.03  08.22  349.6  009.26  28.388  1022.670  1450.25 
2024 06 26 17 30 53.98  25.588  02.183  0000.71  09.30  08.22  349.6  009.26  28.389  1022.671  1450.26 
2024 06 26 17 30 54.23  25.585  02.180  0000.69  08.99  08.22  349.6  009.26  28.389  1022.671  1450.24 
2024 06 26 17 30 54.48  25.586  02.178  0000.69  08.69  08.23  349.6  009.26  28.391  1022.673  1450.24 
2024 06 26 17 30 54.73  25.587  02.181  0000.68  08.98  08.22  349.6  009.26  28.390  1022.672  1450.25 
2024 06 26 17 30 54.98  25.585  02.179  0000.69  09.20  08.22  349.6  009.26  28.389  1022.671  1450.24 
2024 06 26 17 30 55.23  25.589  02.192  0000.69  09.18  08.29  349.6  009.26  28.383  1022.665  1450.29 
2024 06 26 17 30 55.48  25.593  02.192  0000.72  09.11  08.29  349.6  009.26  28.388  1022.670  1450.29 
2024 06 26 17 30 55.73  25.593  02.195  0000.70  08.81  08.28  349.6  009.26  28.385  1022.667  1450.30 
2024 06 26 17 30 55.98  25.594  02.195  0000.69  08.82  08.28  349.6  009.26  28.386  1022.668  1450.30 
2024 06 26 17 30 56.23  25.594  02.194  0000.69  09.02  08.21  349.4  009.26  28.387  1022.669  1450.30 
2024 06 26 17 30 56.48  25.593  02.192  0000.72  09.01  08.22  349.4  009.26  28.387  1022.669  1450.29 
2024 06 26 17 30 56.73  25.591  02.187  0000.71  09.12  08.22  349.4  009.26  28.389  1022.671  1450.27 
2024 06 26 17 30 56.98  25.593  02.185  0000.72  09.34  08.22  349.4  009.26  28.393  1022.674  1450.27 
2024 06 26 17 30 57.23  25.590  02.185  0000.71  09.44  08.22  349.4  009.26  28.390  1022.672  1450.26 
2024 06 26 17 30 57.48  25.589  02.184  0000.71  09.01  08.22  349.4  009.26  28.389  1022.671  1450.26 
2024 06 26 17 30 57.73  25.589  02.181  0000.72  08.80  08.22  349.4  009.26  28.391  1022.673  1450.25 
2024 06 26 17 30 57.98  25.586  02.179  0000.70  08.90  08.22  349.4  009.26  28.390  1022.672  1450.24 
2024 06 26 17 30 58.23  25.581  02.173  0000.68  08.76  08.28  349.4  009.26  28.390  1022.672  1450.21 
2024 06 26 17 30 58.48  25.581  02.173  0000.68  09.25  08.28  349.4  009.26  28.390  1022.673  1450.21 
2024 06 26 17 30 58.73  25.581  02.174  0000.69  09.95  08.28  349.4  009.26  28.390  1022.672  1450.21 
2024 06 26 17 30 58.98  25.581  02.177  0000.72  09.40  08.28  349.4  009.26  28.386  1022.669  1450.22 
2024 06 26 17 30 59.23  25.585  02.182  0000.73  09.20  08.21  349.5  009.26  28.386  1022.669  1450.25 
2024 06 26 17 30 59.48  25.588  02.185  0000.72  09.31  08.21  349.5  009.26  28.387  1022.669  1450.26 
2024 06 26 17 30 59.73  25.589  02.187  0000.70  09.18  08.21  349.5  009.26  28.387  1022.669  1450.27 
2024 06 26 17 30 59.98  25.589  02.187  0000.70  09.25  08.21  349.5  009.26  28.388  1022.670  1450.27 
2024 06 26 17 31 00.23  25.589  02.186  0000.68  09.25  08.21  349.5  009.26  28.388  1022.670  1450.27 
2024 06 26 17 31 00.48  25.592  02.187  0000.68  09.36  08.21  349.5  009.26  28.390  1022.672  1450.27 
2024 06 26 17 31 00.73  25.589  02.188  0000.70  09.49  08.21  349.5  009.26  28.386  1022.669  1450.27 
2024 06 26 17 31 00.98  25.590  02.185  0000.71  09.25  08.21  349.5  009.26  28.390  1022.672  1450.27 
2024 06 26 17 31 01.23  25.589  02.185  0000.73  09.19  08.27  349.5  009.26  28.388  1022.670  1450.26 
2024 06 26 17 31 01.48  25.587  02.186  0000.71  08.86  08.28  349.5  009.26  28.385  1022.668  1450.26 
2024 06 26 17 31 01.73  25.589  02.188  0000.69  09.20  08.27  349.5  009.26  28.386  1022.669  1450.27 
2024 06 26 17 31 01.98  25.591  02.185  0000.67  09.10  08.27  349.5  009.26  28.391  1022.672  1450.27 
2024 06 26 17 31 02.23  25.588  02.185  0000.68  08.81  08.20  349.1  009.26  28.387  1022.669  1450.26 
2024 06 26 17 31 02.48  25.590  02.186  0000.71  09.35  08.21  349.1  009.26  28.389  1022.671  1450.27 
2024 06 26 17 31 02.73  25.591  02.186  0000.72  09.21  08.21  349.1  009.26  28.390  1022.672  1450.27 
2024 06 26 17 31 02.98  25.593  02.189  0000.72  09.25  08.21  349.1  009.26  28.390  1022.672  1450.28 
2024 06 26 17 31 03.23  25.590  02.187  0000.70  08.92  08.21  349.1  009.26  28.389  1022.671  1450.27 
2024 06 26 17 31 03.48  25.589  02.185  0000.68  09.04  08.21  349.1  009.26  28.389  1022.671  1450.26 
2024 06 26 17 31 03.73  25.589  02.184  0000.68  09.07  08.21  349.1  009.26  28.390  1022.672  1450.26 
2024 06 26 17 31 03.98  25.591  02.184  0000.69  09.21  08.21  349.1  009.26  28.392  1022.674  1450.26 
2024 06 26 17 31 04.23  25.589  02.182  0000.71  09.30  08.27  349.1  009.26  28.390  1022.672  1450.25 
2024 06 26 17 31 04.48  25.586  02.183  0000.71  09.22  08.28  349.1  009.26  28.387  1022.669  1450.25 
2024 06 26 17 31 04.73  25.584  02.183  0000.72  09.33  08.27  349.1  009.26  28.384  1022.667  1450.25 
2024 06 26 17 31 04.98  25.585  02.183  0000.73  09.01  08.27  349.1  009.26  28.385  1022.668  1450.25 
2024 06 26 17 31 05.23  25.587  02.182  0000.72  09.03  08.20  349.2  009.26  28.389  1022.671  1450.25 
2024 06 26 17 31 05.48  25.588  02.181  0000.70  09.36  08.21  349.2  009.26  28.390  1022.672  1450.25 
2024 06 26 17 31 05.73  25.586  02.185  0000.68  09.53  08.21  349.2  009.26  28.386  1022.668  1450.26 
2024 06 26 17 31 05.98  25.587  02.185  0000.70  09.32  08.21  349.2  009.26  28.386  1022.669  1450.26 
2024 06 26 17 31 06.23  25.589  02.185  0000.71  08.99  08.21  349.2  009.26  28.388  1022.671  1450.26 
2024 06 26 17 31 06.48  25.588  02.184  0000.74  09.11  08.21  349.2  009.26  28.388  1022.671  1450.26 
2024 06 26 17 31 06.73  25.588  02.183  0000.73  09.28  08.21  349.2  009.26  28.389  1022.672  1450.25 
2024 06 26 17 31 06.98  25.584  02.182  0000.68  09.28  08.21  349.2  009.26  28.385  1022.668  1450.25 
2024 06 26 17 31 07.23  25.587  02.182  0000.64  10.03  08.27  349.2  009.26  28.388  1022.670  1450.25 
2024 06 26 17 31 07.48  25.584  02.182  0000.67  10.38  08.27  349.2  009.26  28.385  1022.668  1450.24 
2024 06 26 17 31 07.73  25.585  02.183  0000.71  09.89  08.27  349.2  009.23  28.385  1022.668  1450.25 
2024 06 26 17 31 07.98  25.589  02.184  0000.73  09.95  08.26  349.2  009.26  28.389  1022.671  1450.26 
2024 06 26 17 31 08.23  25.587  02.182  0000.73  09.61  08.19  349.2  009.26  28.389  1022.671  1450.25 
2024 06 26 17 31 08.48  25.585  02.183  0000.72  09.28  08.20  349.2  009.26  28.386  1022.669  1450.25 
2024 06 26 17 31 08.73  25.585  02.180  0000.68  09.11  08.20  349.2  009.26  28.388  1022.671  1450.24 
2024 06 26 17 31 08.98  25.584  02.182  0000.67  08.82  08.20  349.2  009.26  28.385  1022.668  1450.24 
2024 06 26 17 31 09.23  25.582  02.178  0000.68  08.83  08.20  349.2  009.26  28.387  1022.669  1450.23 
2024 06 26 17 31 09.48  25.580  02.177  0000.71  09.01  08.20  349.2  009.26  28.385  1022.668  1450.22 
2024 06 26 17 31 09.73  25.576  02.175  0000.74  09.54  08.20  349.2  009.26  28.382  1022.666  1450.21 
2024 06 26 17 31 09.98  25.577  02.175  0000.71  09.27  08.20  349.2  009.26  28.383  1022.667  1450.21 
2024 06 26 17 31 10.23  25.576  02.175  0000.69  09.23  08.26  349.2  009.26  28.381  1022.666  1450.21 
2024 06 26 17 31 10.48  25.577  02.175  0000.68  09.18  08.26  349.2  009.26  28.383  1022.667  1450.21 
2024 06 26 17 31 10.73  25.580  02.175  0000.68  09.10  08.26  349.2  009.26  28.386  1022.669  1450.22 
2024 06 26 17 31 10.98  25.580  02.178  0000.69  09.17  08.26  349.2  009.26  28.384  1022.667  1450.23 
2024 06 26 17 31 11.23  25.577  02.177  0000.71  09.37  08.19  349.4  009.26  28.381  1022.665  1450.22 
2024 06 26 17 31 11.48  25.581  02.177  0000.72  09.48  08.20  349.4  009.26  28.386  1022.669  1450.22 
2024 06 26 17 31 11.73  25.581  02.177  0000.71  08.90  08.19  349.4  009.26  28.385  1022.669  1450.22 
2024 06 26 17 31 11.98  25.577  02.177  0000.68  08.84  08.19  349.4  009.26  28.382  1022.666  1450.22 
2024 06 26 17 31 12.23  25.580  02.177  0000.67  08.80  08.20  349.4  009.26  28.384  1022.668  1450.22 
2024 06 26 17 31 12.48  25.580  02.177  0000.68  09.06  08.20  349.4  009.26  28.385  1022.668  1450.22 
2024 06 26 17 31 12.73  25.578  02.176  0000.72  09.01  08.20  349.4  009.26  28.383  1022.667  1450.22 
2024 06 26 17 31 12.98  25.577  02.176  0000.69  08.90  08.20  349.4  009.26  28.383  1022.667  1450.21 
2024 06 26 17 31 13.23  25.577  02.174  0000.71  09.02  08.26  349.4  009.26  28.383  1022.667  1450.21 
2024 06 26 17 31 13.48  25.577  02.173  0000.70  08.98  08.26  349.4  009.26  28.385  1022.668  1450.20 
2024 06 26 17 31 13.73  25.576  02.172  0000.69  08.69  08.25  349.4  009.26  28.384  1022.668  1450.20 
2024 06 26 17 31 13.98  25.574  02.173  0000.67  08.90  08.25  349.4  009.26  28.381  1022.665  1450.20 
2024 06 26 17 31 14.23  25.576  02.172  0000.69  08.94  08.18  349.3  009.26  28.384  1022.668  1450.20 
2024 06 26 17 31 14.48  25.575  02.171  0000.70  09.07  08.19  349.3  009.26  28.384  1022.668  1450.20 
2024 06 26 17 31 14.73  25.574  02.170  0000.70  09.28  08.19  349.3  009.26  28.384  1022.668  1450.19 
2024 06 26 17 31 14.98  25.575  02.171  0000.69  08.85  08.19  349.3  009.26  28.384  1022.668  1450.19 
2024 06 26 17 31 15.23  25.571  02.171  0000.68  08.86  08.19  349.3  009.26  28.379  1022.664  1450.19 
2024 06 26 17 31 15.48  25.577  02.170  0000.67  09.25  08.19  349.3  009.26  28.387  1022.670  1450.20 
2024 06 26 17 31 15.73  25.573  02.171  0000.67  09.50  08.19  349.3  009.26  28.382  1022.666  1450.19 
2024 06 26 17 31 15.98  25.572  02.169  0000.68  09.33  08.19  349.3  009.26  28.382  1022.666  1450.18 
2024 06 26 17 31 16.23  25.570  02.169  0000.71  08.95  08.25  349.3  009.26  28.380  1022.665  1450.18 
2024 06 26 17 31 16.48  25.570  02.169  0000.72  09.25  08.25  349.3  009.26  28.379  1022.664  1450.18 
2024 06 26 17 31 16.73  25.573  02.169  0000.71  09.16  08.25  349.3  009.26  28.383  1022.667  1450.19 
2024 06 26 17 31 16.98  25.571  02.170  0000.68  09.54  08.25  349.3  009.29  28.380  1022.665  1450.18 
2024 06 26 17 31 17.23  25.570  02.169  0000.67  09.54  08.18  349.4  009.26  28.380  1022.665  1450.18 
2024 06 26 17 31 17.48  25.572  02.171  0000.68  09.19  08.18  349.4  009.26  28.381  1022.665  1450.19 
2024 06 26 17 31 17.73  25.572  02.171  0000.71  09.20  08.18  349.4  009.26  28.380  1022.665  1450.19 
2024 06 26 17 31 17.98  25.573  02.168  0000.74  09.53  08.18  349.4  009.26  28.384  1022.669  1450.18 
2024 06 26 17 31 18.23  25.571  02.168  0000.72  09.25  08.19  349.4  009.26  28.382  1022.666  1450.18 
2024 06 26 17 31 18.48  25.570  02.168  0000.69  09.11  08.19  349.4  009.26  28.380  1022.664  1450.18 
2024 06 26 17 31 18.73  25.572  02.170  0000.67  09.00  08.18  349.4  009.26  28.381  1022.666  1450.19 
2024 06 26 17 31 18.98  25.570  02.166  0000.66  09.10  08.18  349.4  009.26  28.381  1022.666  1450.17 
2024 06 26 17 31 19.23  25.569  02.168  0000.69  08.79  08.24  349.4  009.26  28.379  1022.664  1450.17 
2024 06 26 17 31 19.48  25.571  02.170  0000.70  09.54  08.24  349.4  009.26  28.381  1022.665  1450.18 
2024 06 26 17 31 19.73  25.570  02.170  0000.72  09.54  08.24  349.4  009.26  28.378  1022.663  1450.18 
2024 06 26 17 31 19.98  25.570  02.170  0000.71  09.39  08.24  349.4  009.26  28.380  1022.664  1450.18 
2024 06 26 17 31 20.23  25.571  02.170  0000.68  08.95  08.17  349.3  009.26  28.380  1022.664  1450.19 
2024 06 26 17 31 20.48  25.571  02.170  0000.67  08.72  08.17  349.3  009.26  28.381  1022.665  1450.18 
2024 06 26 17 31 20.73  25.568  02.169  0000.68  08.95  08.18  349.3  009.26  28.377  1022.662  1450.18 
2024 06 26 17 31 20.98  25.571  02.169  0000.72  09.04  08.18  349.3  009.26  28.381  1022.666  1450.18 
2024 06 26 17 31 21.23  25.573  02.169  0000.70  09.12  08.18  349.3  009.26  28.383  1022.667  1450.19 
2024 06 26 17 31 21.48  25.571  02.169  0000.69  09.94  08.18  349.3  009.26  28.382  1022.666  1450.18 
2024 06 26 17 31 21.73  25.569  02.171  0000.68  09.56  08.18  349.3  009.26  28.376  1022.661  1450.19 
2024 06 26 17 31 21.98  25.571  02.169  0000.68  09.42  08.18  349.3  009.26  28.381  1022.666  1450.18 
2024 06 26 17 31 22.23  25.570  02.169  0000.68  09.11  08.24  349.3  009.26  28.379  1022.664  1450.18 
2024 06 26 17 31 22.48  25.570  02.168  0000.71  08.93  08.24  349.3  009.26  28.381  1022.665  1450.18 
2024 06 26 17 31 22.73  25.571  02.169  0000.70  09.08  08.24  349.3  009.26  28.381  1022.666  1450.18 
2024 06 26 17 31 22.98  25.568  02.166  0000.70  08.99  08.23  349.3  009.26  28.380  1022.665  1450.17 
2024 06 26 17 31 23.23  25.566  02.168  0000.68  08.97  08.16  349.2  009.26  28.377  1022.662  1450.17 
2024 06 26 17 31 23.48  25.568  02.165  0000.67  08.99  08.17  349.2  009.26  28.380  1022.665  1450.16 
2024 06 26 17 31 23.73  25.567  02.166  0000.67  08.83  08.17  349.2  009.26  28.379  1022.664  1450.17 
2024 06 26 17 31 23.98  25.565  02.165  0000.68  09.28  08.17  349.2  009.26  28.377  1022.662  1450.16 
2024 06 26 17 31 24.23  25.564  02.164  0000.70  09.01  08.17  349.2  009.26  28.377  1022.663  1450.15 
2024 06 26 17 31 24.48  25.565  02.164  0000.73  09.03  08.17  349.2  009.26  28.377  1022.663  1450.16 
2024 06 26 17 31 24.73  25.564  02.164  0000.74  08.96  08.17  349.2  009.26  28.377  1022.663  1450.16 
2024 06 26 17 31 24.98  25.564  02.164  0000.71  09.04  08.17  349.2  009.26  28.377  1022.663  1450.15 
2024 06 26 17 31 25.23  25.565  02.165  0000.68  08.89  08.23  349.2  009.26  28.377  1022.663  1450.16 
2024 06 26 17 31 25.48  25.565  02.164  0000.65  09.25  08.24  349.2  009.26  28.377  1022.663  1450.16 
2024 06 26 17 31 25.73  25.566  02.166  0000.69  09.54  08.23  349.2  009.26  28.377  1022.662  1450.16 
2024 06 26 17 31 25.98  25.569  02.165  0000.72  09.75  08.23  349.2  009.26  28.382  1022.666  1450.17 
2024 06 26 17 31 26.23  25.573  02.171  0000.74  10.50  08.16  349.3  009.26  28.381  1022.666  1450.19 
2024 06 26 17 31 26.48  25.573  02.171  0000.73  09.79  08.17  349.3  009.26  28.382  1022.667  1450.19 
2024 06 26 17 31 26.73  25.574  02.170  0000.69  09.11  08.17  349.3  009.26  28.384  1022.668  1450.19 
2024 06 26 17 31 26.98  25.576  02.170  0000.67  08.74  08.17  349.3  009.26  28.386  1022.669  1450.19 
2024 06 26 17 31 27.23  25.577  02.170  0000.67  08.89  08.17  349.3  009.26  28.387  1022.670  1450.19 
2024 06 26 17 31 27.48  25.577  02.170  0000.69  08.74  08.17  349.3  009.26  28.387  1022.671  1450.19 
2024 06 26 17 31 27.73  25.577  02.170  0000.70  09.19  08.17  349.3  009.26  28.387  1022.670  1450.19 
2024 06 26 17 31 27.98  25.575  02.168  0000.71  09.16  08.17  349.3  009.26  28.387  1022.670  1450.19 
2024 06 26 17 31 28.23  25.573  02.169  0000.70  08.75  08.23  349.3  009.26  28.384  1022.668  1450.18 
2024 06 26 17 31 28.48  25.577  02.170  0000.68  08.69  08.23  349.3  009.26  28.387  1022.670  1450.19 
2024 06 26 17 31 28.73  25.573  02.167  0000.69  08.78  08.23  349.3  009.26  28.386  1022.670  1450.18 
2024 06 26 17 31 28.98  25.572  02.167  0000.70  08.99  08.23  349.3  009.26  28.384  1022.668  1450.18 
2024 06 26 17 31 29.23  25.570  02.165  0000.70  09.24  08.16  349.3  009.26  28.383  1022.667  1450.17 
2024 06 26 17 31 29.48  25.571  02.166  0000.71  09.09  08.17  349.3  009.26  28.384  1022.668  1450.17 
2024 06 26 17 31 29.73  25.568  02.165  0000.70  09.23  08.17  349.3  009.26  28.381  1022.666  1450.16 
2024 06 26 17 31 29.98  25.566  02.164  0000.68  08.95  08.17  349.3  009.26  28.379  1022.664  1450.16 
2024 06 26 17 31 30.23  25.566  02.164  0000.66  08.87  08.17  349.3  009.26  28.380  1022.665  1450.16 
2024 06 26 17 31 30.48  25.565  02.163  0000.67  09.02  08.17  349.3  009.26  28.379  1022.664  1450.15 
2024 06 26 17 31 30.73  25.565  02.164  0000.69  09.28  08.17  349.3  009.26  28.378  1022.663  1450.16 
2024 06 26 17 31 30.98  25.562  02.163  0000.71  08.96  08.17  349.3  009.26  28.376  1022.662  1450.15 
2024 06 26 17 31 31.23  25.562  02.161  0000.73  08.79  08.23  349.3  009.26  28.376  1022.662  1450.14 
2024 06 26 17 31 31.48  25.562  02.163  0000.70  09.04  08.24  349.3  009.26  28.375  1022.661  1450.15 
2024 06 26 17 31 31.73  25.564  02.161  0000.67  09.01  08.24  349.3  009.26  28.380  1022.665  1450.14 
2024 06 26 17 31 31.98  25.563  02.160  0000.65  09.40  08.23  349.3  009.26  28.379  1022.664  1450.14 
2024 06 26 17 31 32.23  25.557  02.158  0000.67  09.37  08.16  349.5  009.26  28.373  1022.660  1450.12 
2024 06 26 17 31 32.48  25.558  02.157  0000.72  10.07  08.17  349.5  009.26  28.376  1022.663  1450.12 
2024 06 26 17 31 32.73  25.559  02.158  0000.74  09.61  08.17  349.5  009.26  28.376  1022.663  1450.13 
2024 06 26 17 31 32.98  25.558  02.160  0000.70  09.43  08.17  349.5  009.26  28.373  1022.660  1450.13 
2024 06 26 17 31 33.23  25.559  02.159  0000.69  09.09  08.17  349.5  009.26  28.375  1022.662  1450.13 
2024 06 26 17 31 33.48  25.559  02.159  0000.68  08.98  08.17  349.5  009.26  28.376  1022.662  1450.13 
2024 06 26 17 31 33.73  25.557  02.158  0000.68  09.16  08.17  349.5  009.26  28.373  1022.660  1450.12 
2024 06 26 17 31 33.98  25.560  02.159  0000.69  09.13  08.17  349.5  009.26  28.376  1022.662  1450.13 
2024 06 26 17 31 34.23  25.561  02.158  0000.69  09.11  08.23  349.5  009.26  28.378  1022.664  1450.13 
2024 06 26 17 31 34.48  25.561  02.159  0000.71  09.26  08.23  349.5  009.26  28.378  1022.664  1450.13 
2024 06 26 17 31 34.73  25.558  02.159  0000.70  09.19  08.23  349.5  009.26  28.374  1022.661  1450.13 
2024 06 26 17 31 34.98  25.556  02.158  0000.71  08.88  08.23  349.5  009.26  28.372  1022.659  1450.12 
2024 06 26 17 31 35.23  25.561  02.158  0000.68  08.78  08.16  349.4  009.26  28.379  1022.664  1450.13 
2024 06 26 17 31 35.48  25.558  02.157  0000.67  08.63  08.16  349.4  009.26  28.376  1022.662  1450.12 
2024 06 26 17 31 35.73  25.559  02.158  0000.69  08.80  08.16  349.4  009.26  28.376  1022.662  1450.13 
2024 06 26 17 31 35.98  25.561  02.159  0000.68  09.11  08.16  349.4  009.26  28.377  1022.663  1450.13 
2024 06 26 17 31 36.23  25.558  02.159  0000.70  09.03  08.16  349.4  009.26  28.374  1022.660  1450.13 
2024 06 26 17 31 36.48  25.558  02.159  0000.69  09.06  08.16  349.4  009.26  28.374  1022.660  1450.13 
2024 06 26 17 31 36.73  25.558  02.157  0000.69  08.78  08.16  349.4  009.26  28.376  1022.662  1450.12 
2024 06 26 17 31 36.98  25.557  02.157  0000.70  08.85  08.16  349.4  009.26  28.375  1022.661  1450.12 
2024 06 26 17 31 37.23  25.558  02.155  0000.71  09.04  08.22  349.4  009.26  28.377  1022.663  1450.12 
2024 06 26 17 31 37.48  25.556  02.156  0000.70  09.16  08.23  349.4  009.26  28.375  1022.661  1450.11 
2024 06 26 17 31 37.73  25.555  02.155  0000.68  08.95  08.22  349.4  009.26  28.374  1022.661  1450.11 
2024 06 26 17 31 37.98  25.554  02.157  0000.67  08.98  08.22  349.4  009.26  28.372  1022.659  1450.12 
2024 06 26 17 31 38.23  25.555  02.156  0000.67  09.39  08.15  349.2  009.26  28.373  1022.660  1450.11 
2024 06 26 17 31 38.48  25.555  02.156  0000.68  09.35  08.16  349.2  009.26  28.374  1022.660  1450.11 
2024 06 26 17 31 38.73  25.554  02.155  0000.68  09.25  08.16  349.2  009.26  28.372  1022.659  1450.11 
2024 06 26 17 31 38.98  25.553  02.152  0000.69  08.91  08.16  349.2  009.26  28.374  1022.661  1450.10 
2024 06 26 17 31 39.23  25.552  02.153  0000.71  08.63  08.16  349.2  009.26  28.372  1022.660  1450.10 
2024 06 26 17 31 39.48  25.552  02.150  0000.70  08.52  08.16  349.2  009.26  28.375  1022.662  1450.09 
2024 06 26 17 31 39.73  25.554  02.150  0000.69  08.71  08.16  349.2  009.26  28.377  1022.664  1450.09 
2024 06 26 17 31 39.98  25.553  02.149  0000.67  09.21  08.16  349.2  009.26  28.377  1022.663  1450.09 
2024 06 26 17 31 40.23  25.554  02.150  0000.67  09.50  08.22  349.2  009.26  28.377  1022.663  1450.09 
2024 06 26 17 31 40.48  25.551  02.149  0000.67  09.14  08.22  349.2  009.26  28.374  1022.661  1450.09 
2024 06 26 17 31 40.73  25.549  02.144  0000.70  09.01  08.22  349.2  009.26  28.376  1022.663  1450.07 
2024 06 26 17 31 40.98  25.550  02.145  0000.72  09.59  08.21  349.2  009.26  28.376  1022.663  1450.07 
2024 06 26 17 31 41.23  25.549  02.145  0000.73  09.26  08.15  349.6  009.26  28.376  1022.663  1450.07 
2024 06 26 17 31 41.48  25.550  02.144  0000.70  08.97  08.15  349.6  009.26  28.377  1022.664  1450.07 
2024 06 26 17 31 41.73  25.549  02.146  0000.67  08.94  08.15  349.6  009.26  28.375  1022.662  1450.07 
2024 06 26 17 31 41.98  25.552  02.146  0000.67  09.00  08.15  349.6  009.26  28.378  1022.665  1450.08 
2024 06 26 17 31 42.23  25.549  02.146  0000.66  09.30  08.15  349.6  009.26  28.374  1022.662  1450.07 
2024 06 26 17 31 42.48  25.548  02.148  0000.67  09.91  08.15  349.6  009.26  28.372  1022.659  1450.08 
2024 06 26 17 31 42.73  25.550  02.148  0000.70  09.40  08.15  349.6  009.26  28.374  1022.662  1450.08 
2024 06 26 17 31 42.98  25.549  02.145  0000.72  09.25  08.16  349.6  009.26  28.376  1022.663  1450.07 
2024 06 26 17 31 43.23  25.548  02.143  0000.70  09.09  08.22  349.6  009.26  28.376  1022.663  1450.06 
2024 06 26 17 31 43.48  25.545  02.143  0000.67  09.07  08.22  349.6  009.26  28.372  1022.660  1450.06 
2024 06 26 17 31 43.73  25.545  02.144  0000.67  08.94  08.21  349.6  009.26  28.372  1022.659  1450.06 
2024 06 26 17 31 43.98  25.543  02.143  0000.68  09.45  08.21  349.6  009.26  28.370  1022.658  1450.05 
2024 06 26 17 31 44.23  25.544  02.142  0000.71  09.05  08.14  349.5  009.26  28.372  1022.660  1450.05 
2024 06 26 17 31 44.48  25.545  02.142  0000.73  09.30  08.15  349.5  009.26  28.373  1022.661  1450.05 
2024 06 26 17 31 44.73  25.542  02.142  0000.69  09.08  08.15  349.5  009.26  28.370  1022.659  1450.05 
2024 06 26 17 31 44.98  25.542  02.142  0000.67  08.94  08.15  349.5  009.26  28.370  1022.658  1450.05 
2024 06 26 17 31 45.23  25.545  02.141  0000.64  09.71  08.15  349.5  009.29  28.374  1022.661  1450.05 
2024 06 26 17 31 45.48  25.543  02.141  0000.67  09.65  08.15  349.5  009.26  28.372  1022.660  1450.04 
2024 06 26 17 31 45.73  25.543  02.143  0000.69  09.49  08.15  349.5  009.26  28.371  1022.659  1450.05 
2024 06 26 17 31 45.98  25.555  02.154  0000.73  09.15  08.15  349.5  009.26  28.375  1022.662  1450.11 
2024 06 26 17 31 46.23  25.554  02.156  0000.72  09.17  08.21  349.5  009.26  28.372  1022.659  1450.11 
2024 06 26 17 31 46.48  25.552  02.149  0000.69  09.15  08.21  349.5  009.26  28.376  1022.663  1450.09 
2024 06 26 17 31 46.73  25.551  02.146  0000.66  09.35  08.21  349.5  009.26  28.377  1022.664  1450.08 
2024 06 26 17 31 46.98  25.550  02.146  0000.65  09.68  08.21  349.5  009.26  28.376  1022.663  1450.07 
2024 06 26 17 31 47.23  25.549  02.146  0000.67  09.21  08.14  349.4  009.26  28.375  1022.662  1450.07 
2024 06 26 17 31 47.48  25.550  02.145  0000.70  09.23  08.15  349.4  009.26  28.376  1022.663  1450.07 
2024 06 26 17 31 47.73  25.548  02.144  0000.71  09.66  08.15  349.4  009.26  28.375  1022.662  1450.06 
2024 06 26 17 31 47.98  25.546  02.143  0000.72  09.16  08.15  349.4  009.26  28.373  1022.661  1450.06 
2024 06 26 17 31 48.23  25.546  02.140  0000.70  09.02  08.15  349.4  009.26  28.376  1022.664  1450.05 
2024 06 26 17 31 48.48  25.550  02.145  0000.70  08.99  08.15  349.4  009.26  28.377  1022.664  1450.07 
2024 06 26 17 31 48.73  25.554  02.154  0000.68  09.21  08.15  349.4  009.26  28.374  1022.661  1450.11 
2024 06 26 17 31 48.98  25.569  02.176  0000.70  09.14  08.15  349.4  009.26  28.372  1022.658  1450.20 
2024 06 26 17 31 49.23  25.569  02.177  0000.71  10.03  08.21  349.4  009.26  28.371  1022.657  1450.21 
2024 06 26 17 31 49.48  25.573  02.174  0000.70  09.71  08.21  349.4  009.23  28.379  1022.664  1450.20 
2024 06 26 17 31 49.73  25.578  02.173  0000.68  09.30  08.21  349.4  009.26  28.386  1022.670  1450.21 
2024 06 26 17 31 49.98  25.585  02.173  0000.67  09.50  08.20  349.4  009.26  28.394  1022.676  1450.22 
2024 06 26 17 31 50.23  25.581  02.173  0000.69  08.82  08.14  349.5  009.26  28.389  1022.672  1450.21 
2024 06 26 17 31 50.48  25.583  02.172  0000.68  08.95  08.14  349.5  009.26  28.393  1022.675  1450.21 
2024 06 26 17 31 50.73  25.577  02.170  0000.70  09.06  08.14  349.5  009.26  28.388  1022.671  1450.20 
2024 06 26 17 31 50.98  25.577  02.167  0000.69  09.04  08.14  349.5  009.26  28.390  1022.673  1450.18 
2024 06 26 17 31 51.23  25.574  02.166  0000.67  09.37  08.14  349.5  009.26  28.388  1022.671  1450.18 
2024 06 26 17 31 51.48  25.573  02.158  0000.69  09.24  08.14  349.5  009.26  28.393  1022.676  1450.15 
2024 06 26 17 31 51.73  25.571  02.157  0000.69  09.18  08.14  349.5  009.26  28.392  1022.675  1450.14 
2024 06 26 17 31 51.98  25.570  02.158  0000.69  09.46  08.14  349.5  009.26  28.390  1022.674  1450.14 
2024 06 26 17 31 52.23  25.567  02.156  0000.68  09.19  08.20  349.5  009.26  28.388  1022.672  1450.13 
2024 06 26 17 31 52.48  25.566  02.149  0000.67  09.00  08.21  349.5  009.26  28.392  1022.676  1450.11 
2024 06 26 17 31 52.73  25.558  02.146  0000.68  08.92  08.20  349.5  009.26  28.386  1022.671  1450.09 
2024 06 26 17 31 52.98  25.548  02.140  0000.71  08.87  08.20  349.5  009.26  28.379  1022.666  1450.05 
2024 06 26 17 31 53.23  25.544  02.138  0000.71  08.54  08.13  349.3  009.29  28.376  1022.664  1450.04 
2024 06 26 17 31 53.48  25.542  02.139  0000.71  08.69  08.14  349.3  009.26  28.373  1022.661  1450.04 
2024 06 26 17 31 53.73  25.539  02.137  0000.68  08.80  08.14  349.3  009.26  28.371  1022.659  1450.03 
2024 06 26 17 31 53.98  25.540  02.135  0000.66  08.87  08.14  349.3  009.26  28.374  1022.662  1450.02 
2024 06 26 17 31 54.23  25.538  02.133  0000.67  08.49  08.14  349.3  009.26  28.372  1022.660  1450.01 
2024 06 26 17 31 54.48  25.537  02.133  0000.70  09.01  08.14  349.3  009.26  28.372  1022.661  1450.01 
2024 06 26 17 31 54.73  25.538  02.133  0000.70  09.22  08.14  349.3  009.26  28.373  1022.662  1450.01 
2024 06 26 17 31 54.98  25.538  02.133  0000.70  09.22  08.14  349.3  009.26  28.373  1022.662  1450.01 
2024 06 26 17 31 55.23  25.540  02.134  0000.70  09.39  08.20  349.3  009.26  28.374  1022.662  1450.02 
2024 06 26 17 31 55.48  25.541  02.138  0000.67  08.99  08.20  349.3  009.23  28.372  1022.660  1450.03 
2024 06 26 17 31 55.73  25.539  02.135  0000.68  08.72  08.20  349.3  009.26  28.372  1022.661  1450.02 
2024 06 26 17 31 55.98  25.536  02.134  0000.70  09.53  08.20  349.3  009.26  28.369  1022.659  1450.01 
2024 06 26 17 31 56.23  25.538  02.134  0000.71  09.65  08.13  349.5  009.26  28.373  1022.661  1450.01 
2024 06 26 17 31 56.48  25.538  02.134  0000.71  09.37  08.14  349.5  009.26  28.371  1022.660  1450.02 
2024 06 26 17 31 56.73  25.536  02.133  0000.68  09.00  08.14  349.5  009.26  28.371  1022.660  1450.01 
2024 06 26 17 31 56.98  25.537  02.133  0000.67  08.88  08.14  349.5  009.26  28.372  1022.660  1450.01 
2024 06 26 17 31 57.23  25.535  02.134  0000.67  08.99  08.14  349.5  009.26  28.369  1022.658  1450.01 
2024 06 26 17 31 57.48  25.533  02.132  0000.68  08.84  08.14  349.5  009.26  28.367  1022.657  1450.00 
2024 06 26 17 31 57.73  25.534  02.130  0000.71  09.22  08.14  349.5  009.26  28.371  1022.660  1450.00 
2024 06 26 17 31 57.98  25.534  02.132  0000.74  09.14  08.14  349.5  009.26  28.370  1022.659  1450.00 
2024 06 26 17 31 58.23  25.534  02.133  0000.69  09.09  08.20  349.5  009.26  28.368  1022.657  1450.00 
2024 06 26 17 31 58.48  25.534  02.131  0000.67  09.14  08.20  349.5  009.26  28.371  1022.659  1450.00 
2024 06 26 17 31 58.73  25.536  02.131  0000.65  09.07  08.20  349.5  009.26  28.372  1022.660  1450.00 
2024 06 26 17 31 58.98  25.537  02.132  0000.68  09.28  08.19  349.5  009.26  28.373  1022.661  1450.01 
2024 06 26 17 31 59.23  25.535  02.130  0000.70  09.27  08.13  349.4  009.26  28.372  1022.661  1450.00 
2024 06 26 17 31 59.48  25.531  02.128  0000.74  09.73  08.13  349.4  009.26  28.368  1022.658  1449.99 
2024 06 26 17 31 59.73  25.531  02.126  0000.72  09.30  08.13  349.4  009.26  28.370  1022.659  1449.98 
2024 06 26 17 31 59.98  25.531  02.127  0000.70  08.88  08.13  349.4  009.26  28.370  1022.660  1449.98 
2024 06 26 17 32 00.23  25.532  02.128  0000.67  09.36  08.13  349.4  009.26  28.370  1022.660  1449.98 
2024 06 26 17 32 00.48  25.528  02.126  0000.67  08.94  08.13  349.4  009.26  28.367  1022.657  1449.97 
2024 06 26 17 32 00.73  25.529  02.127  0000.70  08.85  08.13  349.4  009.26  28.367  1022.657  1449.98 
2024 06 26 17 32 00.98  25.528  02.125  0000.72  09.21  08.13  349.4  009.26  28.368  1022.658  1449.97 
2024 06 26 17 32 01.23  25.529  02.125  0000.72  09.97  08.19  349.4  009.26  28.369  1022.659  1449.97 
2024 06 26 17 32 01.48  25.530  02.125  0000.70  09.36  08.20  349.4  009.26  28.370  1022.659  1449.97 
2024 06 26 17 32 01.73  25.528  02.125  0000.66  09.77  08.19  349.4  009.26  28.368  1022.658  1449.97 
2024 06 26 17 32 01.98  25.526  02.125  0000.65  09.62  08.19  349.4  009.26  28.365  1022.656  1449.96 
2024 06 26 17 32 02.23  25.525  02.124  0000.67  09.29  08.12  349.6  009.26  28.365  1022.656  1449.96 
2024 06 26 17 32 02.48  25.524  02.124  0000.70  09.84  08.13  349.6  009.26  28.364  1022.655  1449.96 
2024 06 26 17 32 02.73  25.525  02.124  0000.72  10.46  08.13  349.6  009.26  28.365  1022.656  1449.96 
2024 06 26 17 32 02.98  25.525  02.124  0000.71  09.97  08.13  349.6  009.29  28.365  1022.656  1449.96 
2024 06 26 17 32 03.23  25.524  02.123  0000.68  09.22  08.13  349.6  009.26  28.365  1022.656  1449.96 
2024 06 26 17 32 03.48  25.523  02.123  0000.63  09.48  08.13  349.6  009.26  28.364  1022.655  1449.95 
2024 06 26 17 32 03.73  25.524  02.123  0000.63  09.18  08.13  349.6  009.26  28.365  1022.655  1449.96 
2024 06 26 17 32 03.98  25.526  02.123  0000.67  08.89  08.13  349.6  009.26  28.367  1022.657  1449.96 
2024 06 26 17 32 04.23  25.529  02.125  0000.73  09.43  08.19  349.6  009.26  28.369  1022.659  1449.97 
2024 06 26 17 32 04.48  25.536  02.133  0000.76  09.78  08.19  349.6  009.26  28.371  1022.660  1450.01 
2024 06 26 17 32 04.73  25.538  02.134  0000.72  09.46  08.19  349.6  009.26  28.372  1022.661  1450.02 
2024 06 26 17 32 04.98  25.554  02.155  0000.67  09.32  08.19  349.6  009.26  28.372  1022.659  1450.11 
2024 06 26 17 32 05.23  25.566  02.157  0000.62  09.21  08.12  349.6  009.26  28.385  1022.669  1450.13 
2024 06 26 17 32 05.48  25.562  02.154  0000.64  09.61  08.13  349.6  009.26  28.383  1022.668  1450.12 
2024 06 26 17 32 05.73  25.556  02.144  0000.67  09.77  08.13  349.6  009.26  28.385  1022.670  1450.08 
2024 06 26 17 32 05.98  25.549  02.140  0000.74  09.67  08.13  349.6  009.26  28.380  1022.667  1450.05 
2024 06 26 17 32 06.23  25.546  02.133  0000.72  09.38  08.13  349.6  009.26  28.383  1022.670  1450.03 
2024 06 26 17 32 06.48  25.543  02.129  0000.71  09.07  08.13  349.6  009.26  28.383  1022.670  1450.01 
2024 06 26 17 32 06.73  25.541  02.134  0000.67  09.59  08.13  349.6  009.26  28.376  1022.663  1450.02 
2024 06 26 17 32 06.98  25.541  02.136  0000.66  09.49  08.13  349.6  009.26  28.374  1022.662  1450.02 
2024 06 26 17 32 07.23  25.541  02.134  0000.67  09.18  08.19  349.6  009.26  28.376  1022.664  1450.02 
2024 06 26 17 32 07.48  25.541  02.135  0000.67  09.49  08.19  349.6  009.26  28.375  1022.663  1450.02 
2024 06 26 17 32 07.73  25.539  02.133  0000.69  10.59  08.19  349.6  009.26  28.375  1022.663  1450.01 
2024 06 26 17 32 07.98  25.548  02.147  0000.70  09.95  08.19  349.6  009.26  28.373  1022.661  1450.07 
2024 06 26 17 32 08.23  25.550  02.144  0000.68  09.51  08.12  349.7  009.26  28.378  1022.665  1450.07 
2024 06 26 17 32 08.48  25.554  02.156  0000.69  09.32  08.12  349.7  009.26  28.371  1022.658  1450.11 
2024 06 26 17 32 08.73  25.556  02.162  0000.70  09.08  08.12  349.7  009.26  28.369  1022.657  1450.13 
2024 06 26 17 32 08.98  25.558  02.159  0000.67  09.11  08.12  349.7  009.26  28.373  1022.660  1450.13 
2024 06 26 17 32 09.23  25.558  02.156  0000.68  09.01  08.12  349.7  009.26  28.376  1022.663  1450.12 
2024 06 26 17 32 09.48  25.561  02.155  0000.69  09.36  08.12  349.7  009.26  28.381  1022.667  1450.12 
2024 06 26 17 32 09.73  25.563  02.154  0000.67  09.29  08.13  349.7  009.26  28.385  1022.669  1450.12 
2024 06 26 17 32 09.98  25.565  02.156  0000.67  09.33  08.13  349.7  009.26  28.385  1022.669  1450.13 
2024 06 26 17 32 10.23  25.567  02.160  0000.68  09.35  08.18  349.7  009.26  28.385  1022.669  1450.15 
2024 06 26 17 32 10.48  25.572  02.159  0000.69  09.50  08.19  349.7  009.26  28.391  1022.674  1450.15 
2024 06 26 17 32 10.73  25.569  02.155  0000.72  09.23  08.19  349.7  009.26  28.390  1022.674  1450.13 
2024 06 26 17 32 10.98  25.566  02.154  0000.71  09.22  08.18  349.7  009.26  28.388  1022.672  1450.13 
2024 06 26 17 32 11.23  25.569  02.152  0000.69  09.14  08.11  349.3  009.26  28.393  1022.676  1450.12 
2024 06 26 17 32 11.48  25.566  02.151  0000.68  09.06  08.12  349.3  009.26  28.391  1022.675  1450.12 
2024 06 26 17 32 11.73  25.564  02.151  0000.66  08.83  08.12  349.3  009.26  28.388  1022.672  1450.11 
2024 06 26 17 32 11.98  25.562  02.151  0000.67  08.99  08.12  349.3  009.26  28.387  1022.671  1450.11 
2024 06 26 17 32 12.23  25.556  02.147  0000.69  09.01  08.12  349.3  009.26  28.383  1022.668  1450.09 
2024 06 26 17 32 12.48  25.553  02.140  0000.69  09.12  08.12  349.3  009.26  28.385  1022.671  1450.06 
2024 06 26 17 32 12.73  25.550  02.138  0000.72  08.95  08.12  349.3  009.26  28.382  1022.669  1450.05 
2024 06 26 17 32 12.98  25.547  02.136  0000.70  08.90  08.12  349.3  009.26  28.382  1022.668  1450.04 
2024 06 26 17 32 13.23  25.547  02.133  0000.71  08.89  08.18  349.3  009.26  28.385  1022.671  1450.03 
2024 06 26 17 32 13.48  25.543  02.131  0000.67  08.97  08.18  349.3  009.26  28.381  1022.668  1450.01 
2024 06 26 17 32 13.73  25.545  02.132  0000.67  08.93  08.18  349.3  009.26  28.382  1022.669  1450.02 
2024 06 26 17 32 13.98  25.542  02.131  0000.67  09.16  08.18  349.3  009.26  28.380  1022.667  1450.01 
2024 06 26 17 32 14.23  25.541  02.130  0000.66  09.51  08.11  349.4  009.26  28.379  1022.666  1450.01 
2024 06 26 17 32 14.48  25.540  02.132  0000.67  08.83  08.12  349.4  009.26  28.377  1022.664  1450.01 
2024 06 26 17 32 14.73  25.538  02.130  0000.69  08.91  08.12  349.4  009.26  28.375  1022.663  1450.00 
2024 06 26 17 32 14.98  25.536  02.128  0000.72  08.80  08.12  349.4  009.26  28.375  1022.663  1449.99 
2024 06 26 17 32 15.23  25.534  02.126  0000.73  08.79  08.12  349.4  009.26  28.375  1022.664  1449.98 
2024 06 26 17 32 15.48  25.535  02.123  0000.70  08.69  08.12  349.4  009.26  28.378  1022.666  1449.98 
2024 06 26 17 32 15.73  25.531  02.125  0000.67  09.05  08.12  349.4  009.26  28.371  1022.660  1449.97 
2024 06 26 17 32 15.98  25.531  02.124  0000.66  09.04  08.12  349.4  009.26  28.372  1022.661  1449.97 
2024 06 26 17 32 16.23  25.529  02.120  0000.68  09.08  08.18  349.4  009.26  28.374  1022.663  1449.95 
2024 06 26 17 32 16.48  25.530  02.120  0000.70  08.99  08.18  349.4  009.26  28.374  1022.663  1449.96 
2024 06 26 17 32 16.73  25.530  02.120  0000.72  09.25  08.18  349.4  009.26  28.374  1022.663  1449.96 
2024 06 26 17 32 16.98  25.529  02.119  0000.70  09.06  08.18  349.4  009.26  28.374  1022.663  1449.95 
2024 06 26 17 32 17.23  25.529  02.120  0000.70  09.03  08.11  349.7  009.26  28.374  1022.663  1449.95 
2024 06 26 17 32 17.48  25.527  02.119  0000.67  09.37  08.12  349.7  009.26  28.373  1022.662  1449.95 
2024 06 26 17 32 17.73  25.528  02.117  0000.67  09.27  08.11  349.7  009.26  28.375  1022.664  1449.94 
2024 06 26 17 32 17.98  25.527  02.117  0000.68  08.90  08.11  349.7  009.26  28.374  1022.663  1449.94 
2024 06 26 17 32 18.23  25.526  02.116  0000.70  08.71  08.12  349.7  009.26  28.373  1022.662  1449.94 
2024 06 26 17 32 18.48  25.526  02.117  0000.71  09.14  08.12  349.7  009.26  28.372  1022.662  1449.94 
2024 06 26 17 32 18.73  25.525  02.118  0000.75  09.11  08.12  349.7  009.26  28.371  1022.661  1449.94 
2024 06 26 17 32 18.98  25.524  02.117  0000.76  09.09  08.12  349.7  009.26  28.370  1022.661  1449.94 
2024 06 26 17 32 19.23  25.523  02.115  0000.77  09.17  08.18  349.7  009.26  28.371  1022.661  1449.93 
2024 06 26 17 32 19.48  25.526  02.120  0000.82  09.20  08.18  349.7  009.26  28.369  1022.660  1449.95 
2024 06 26 17 32 19.73  25.529  02.120  0000.86  09.39  08.18  349.7  009.26  28.373  1022.664  1449.96 
2024 06 26 17 32 19.98  25.531  02.119  0000.93  09.83  08.18  349.7  009.26  28.376  1022.666  1449.96 
2024 06 26 17 32 20.23  25.580  02.179  0000.98  09.45  08.10  349.7  009.26  28.383  1022.668  1450.23 
2024 06 26 17 32 20.48  25.609  02.202  0001.05  09.54  08.11  349.7  009.26  28.397  1022.678  1450.35 
2024 06 26 17 32 20.73  25.587  02.164  0001.12  09.66  08.11  349.7  009.26  28.404  1022.687  1450.20 
2024 06 26 17 32 20.98  25.634  02.235  0001.25  09.40  08.11  349.7  009.26  28.398  1022.678  1450.51 
2024 06 26 17 32 21.23  25.967  02.522  0001.41  09.52  08.08  349.7  009.26  28.546  1022.778  1451.97 
2024 06 26 17 32 21.48  26.214  02.708  0001.70  10.00  08.08  349.7  009.26  28.677  1022.871  1452.96 
2024 06 26 17 32 21.73  26.418  02.841  0002.01  10.47  08.08  349.7  009.26  28.803  1022.963  1453.71 
2024 06 26 17 32 21.98  26.663  02.935  0002.38  10.93  08.08  349.7  009.26  29.012  1023.124  1454.39 
2024 06 26 17 32 22.23  26.890  03.132  0002.78  11.78  08.14  349.7  009.26  29.104  1023.185  1455.37 
2024 06 26 17 32 22.48  27.232  03.413  0003.16  12.09  08.14  349.7  009.26  29.257  1023.286  1456.79 
2024 06 26 17 32 22.73  27.405  03.563  0003.55  12.04  08.14  349.7  009.26  29.325  1023.330  1457.53 
2024 06 26 17 32 22.98  27.549  03.629  0003.93  11.24  08.20  349.7  009.26  29.435  1023.413  1457.96 
2024 06 26 17 32 23.23  27.675  03.725  0004.34  10.84  08.00  352.7  009.26  29.496  1023.456  1458.45 
2024 06 26 17 32 23.48  27.884  03.937  0004.75  10.34  08.01  352.7  009.26  29.550  1023.481  1459.42 
2024 06 26 17 32 23.73  28.107  04.118  0005.15  09.67  08.03  352.7  009.26  29.645  1023.543  1460.32 
2024 06 26 17 32 23.98  28.374  04.342  0005.55  08.77  08.07  352.7  009.26  29.752  1023.608  1461.40 
2024 06 26 17 32 24.23  28.436  04.328  0005.93  08.13  08.02  352.7  009.26  29.836  1023.678  1461.46 
2024 06 26 17 32 24.48  28.407  04.282  0006.31  07.92  08.07  352.7  009.26  29.845  1023.691  1461.28 
2024 06 26 17 32 24.73  28.424  04.305  0006.73  07.86  08.04  352.7  009.26  29.843  1023.690  1461.38 
2024 06 26 17 32 24.98  28.449  04.310  0007.07  07.58  08.05  352.7  009.26  29.867  1023.710  1461.44 
2024 06 26 17 32 25.23  28.448  04.307  0007.45  07.31  08.20  352.7  009.26  29.868  1023.713  1461.44 
2024 06 26 17 32 25.48  28.456  04.315  0007.82  07.51  08.18  352.7  009.26  29.870  1023.715  1461.48 
2024 06 26 17 32 25.73  28.462  04.323  0008.14  07.72  08.12  352.7  009.26  29.870  1023.716  1461.52 
2024 06 26 17 32 25.98  28.480  04.336  0008.50  07.73  08.09  352.7  009.26  29.879  1023.724  1461.59 
2024 06 26 17 32 26.23  28.531  04.411  0008.81  07.53  07.92  328.2  009.26  29.870  1023.710  1461.90 
2024 06 26 17 32 26.48  28.578  04.443  0009.15  07.29  07.99  328.2  009.26  29.895  1023.729  1462.07 
2024 06 26 17 32 26.73  28.638  04.526  0009.53  06.90  08.01  328.2  009.26  29.889  1023.718  1462.41 
2024 06 26 17 32 26.98  28.826  04.761  0009.88  06.93  08.03  328.2  009.26  29.893  1023.699  1463.40 
2024 06 26 17 32 27.23  29.116  05.043  0010.22  07.01  08.04  328.2  009.26  29.969  1023.732  1464.67 
2024 06 26 17 32 27.48  29.500  05.523  0010.57  07.09  08.04  328.2  009.26  29.972  1023.685  1466.64 
2024 06 26 17 32 27.73  29.832  05.837  0010.89  07.01  08.04  328.2  009.26  30.063  1023.723  1468.03 
2024 06 26 17 32 27.98  29.969  05.897  0011.25  06.75  08.05  328.2  009.26  30.162  1023.796  1468.41 
2024 06 26 17 32 28.23  29.960  05.872  0011.56  06.32  08.21  328.2  009.26  30.174  1023.810  1468.32 
2024 06 26 17 32 28.48  29.959  05.869  0011.90  06.26  08.21  328.2  009.26  30.176  1023.813  1468.32 
2024 06 26 17 32 28.73  29.964  05.873  0012.25  06.12  08.18  328.2  009.26  30.177  1023.816  1468.34 
2024 06 26 17 32 28.98  29.976  05.885  0012.59  06.04  08.16  328.2  009.26  30.180  1023.818  1468.40 
2024 06 26 17 32 29.23  30.099  06.039  0012.91  06.06  07.99  317.5  009.26  30.179  1023.801  1469.02 
2024 06 26 17 32 29.48  30.102  05.970  0013.26  05.72  08.04  317.5  009.26  30.244  1023.862  1468.84 
2024 06 26 17 32 29.73  30.146  06.026  0013.58  05.43  08.05  317.5  009.26  30.242  1023.855  1469.06 
2024 06 26 17 32 29.98  30.036  05.819  0013.92  05.21  08.08  317.5  009.26  30.304  1023.930  1468.32 
2024 06 26 17 32 30.23  29.845  05.645  0014.26  05.12  08.08  317.5  009.26  30.249  1023.907  1467.54 
2024 06 26 17 32 30.48  29.798  05.618  0014.59  05.18  08.08  317.5  009.26  30.220  1023.889  1467.40 
2024 06 26 17 32 30.73  29.805  05.624  0014.95  05.20  08.08  317.5  009.26  30.222  1023.892  1467.44 
2024 06 26 17 32 30.98  29.810  05.629  0015.27  05.26  08.09  317.5  009.26  30.223  1023.894  1467.46 
2024 06 26 17 32 31.23  29.839  05.662  0015.63  05.19  08.23  317.5  009.26  30.225  1023.893  1467.61 
2024 06 26 17 32 31.48  29.852  05.668  0015.95  05.02  08.20  317.5  009.26  30.234  1023.901  1467.65 
2024 06 26 17 32 31.73  29.865  05.687  0016.27  05.03  08.17  317.5  009.26  30.232  1023.899  1467.73 
2024 06 26 17 32 31.98  29.865  05.682  0016.60  05.08  08.15  317.5  009.26  30.236  1023.904  1467.72 
2024 06 26 17 32 32.23  29.875  05.691  0016.91  04.99  07.99  302.1  009.26  30.238  1023.906  1467.76 
2024 06 26 17 32 32.48  29.858  05.669  0017.27  05.05  08.03  302.1  009.26  30.240  1023.911  1467.68 
2024 06 26 17 32 32.73  29.870  05.687  0017.63  05.13  08.05  302.1  009.26  30.237  1023.909  1467.75 
2024 06 26 17 32 32.98  29.846  05.647  0017.93  05.10  08.05  302.1  009.26  30.245  1023.921  1467.61 
2024 06 26 17 32 33.23  29.866  05.698  0018.28  05.17  08.06  302.1  009.26  30.222  1023.899  1467.79 
2024 06 26 17 32 33.48  29.887  05.714  0018.63  05.17  08.06  302.1  009.26  30.231  1023.905  1467.87 
2024 06 26 17 32 33.73  29.939  05.787  0018.96  05.07  08.07  302.1  009.26  30.224  1023.893  1468.16 
2024 06 26 17 32 33.98  29.999  05.840  0019.34  04.95  08.08  302.1  009.26  30.243  1023.904  1468.41 
2024 06 26 17 32 34.23  30.019  05.851  0019.67  04.86  08.22  302.1  009.26  30.254  1023.914  1468.47 
2024 06 26 17 32 34.48  30.133  05.979  0020.01  04.85  08.19  302.1  009.26  30.267  1023.910  1469.01 
2024 06 26 17 32 34.73  30.156  05.992  0020.38  04.62  08.17  302.1  009.26  30.281  1023.921  1469.08 
2024 06 26 17 32 34.98  30.160  05.992  0020.72  04.48  08.15  302.1  009.26  30.284  1023.926  1469.10 
2024 06 26 17 32 35.23  30.224  06.079  0021.08  04.39  07.99  300.7  009.26  30.278  1023.912  1469.44 
2024 06 26 17 32 35.48  30.288  06.124  0021.44  04.25  08.04  300.7  009.26  30.308  1023.932  1469.67 
2024 06 26 17 32 35.73  30.412  06.259  0021.82  03.89  08.05  300.7  009.26  30.325  1023.931  1470.23 
2024 06 26 17 32 35.98  30.496  06.339  0022.16  03.70  08.06  300.7  009.26  30.346  1023.940  1470.59 
2024 06 26 17 32 36.23  30.524  06.355  0022.50  03.43  08.06  300.7  009.26  30.363  1023.952  1470.67 
2024 06 26 17 32 36.48  30.547  06.382  0022.88  03.27  08.07  300.7  009.26  30.363  1023.951  1470.79 
2024 06 26 17 32 36.73  30.576  06.413  0023.22  03.18  08.07  300.7  009.26  30.367  1023.953  1470.92 
2024 06 26 17 32 36.98  30.613  06.443  0023.56  02.99  08.08  300.7  009.26  30.381  1023.961  1471.06 
2024 06 26 17 32 37.23  30.628  06.456  0023.94  02.88  08.23  300.7  009.26  30.386  1023.965  1471.13 
2024 06 26 17 32 37.48  30.638  06.465  0024.28  02.81  08.19  300.7  009.26  30.389  1023.968  1471.17 
2024 06 26 17 32 37.73  30.692  06.526  0024.67  02.83  08.16  300.7  009.26  30.393  1023.965  1471.43 
2024 06 26 17 32 37.98  30.728  06.552  0025.02  02.64  08.15  300.7  009.26  30.409  1023.976  1471.56 
2024 06 26 17 32 38.23  30.770  06.594  0025.37  02.53  07.99  293.5  009.26  30.418  1023.980  1471.74 
2024 06 26 17 32 38.48  30.803  06.622  0025.74  02.47  08.02  293.5  009.26  30.429  1023.987  1471.87 
2024 06 26 17 32 38.73  30.814  06.630  0026.11  02.36  08.05  293.5  009.26  30.433  1023.991  1471.91 
2024 06 26 17 32 38.98  30.860  06.679  0026.47  02.30  08.04  293.5  009.26  30.440  1023.992  1472.12 
2024 06 26 17 32 39.23  30.871  06.686  0026.84  02.20  08.04  293.5  009.26  30.446  1023.998  1472.16 
2024 06 26 17 32 39.48  30.878  06.689  0027.21  02.20  08.11  293.5  009.26  30.450  1024.002  1472.19 
2024 06 26 17 32 39.73  30.878  06.689  0027.58  02.19  08.05  293.5  009.26  30.451  1024.004  1472.19 
2024 06 26 17 32 39.98  30.893  06.705  0027.98  02.41  08.11  293.5  009.26  30.452  1024.005  1472.26 
2024 06 26 17 32 40.23  30.900  06.708  0028.30  02.29  08.24  293.5  009.26  30.456  1024.010  1472.29 
2024 06 26 17 32 40.48  30.919  06.728  0028.69  02.14  08.23  293.5  009.26  30.459  1024.011  1472.38 
2024 06 26 17 32 40.73  30.996  06.801  0029.06  02.09  08.16  293.5  009.26  30.479  1024.019  1472.69 
2024 06 26 17 32 40.98  31.021  06.820  0029.41  01.95  08.19  293.5  009.26  30.489  1024.026  1472.78 
2024 06 26 17 32 41.23  31.042  06.837  0029.80  01.89  08.01  286.4  009.26  30.497  1024.032  1472.87 
2024 06 26 17 32 41.48  31.084  06.871  0030.16  01.85  08.05  286.4  009.26  30.511  1024.040  1473.03 
2024 06 26 17 32 41.73  31.112  06.898  0030.56  01.77  08.01  286.4  009.26  30.518  1024.044  1473.15 
2024 06 26 17 32 41.98  31.155  06.928  0030.96  01.68  08.02  286.4  009.26  30.537  1024.057  1473.30 
2024 06 26 17 32 42.23  31.195  06.959  0031.30  01.67  08.08  286.4  009.26  30.554  1024.068  1473.44 
2024 06 26 17 32 42.48  31.217  06.972  0031.68  01.59  08.10  286.4  009.26  30.565  1024.077  1473.51 
2024 06 26 17 32 42.73  31.227  06.979  0032.05  01.55  08.10  286.4  009.26  30.570  1024.082  1473.55 
2024 06 26 17 32 42.98  31.233  06.983  0032.42  01.56  08.03  286.4  009.26  30.573  1024.085  1473.58 
2024 06 26 17 32 43.23  31.268  07.017  0032.81  01.55  08.19  286.4  009.26  30.580  1024.089  1473.73 
2024 06 26 17 32 43.48  31.320  07.066  0033.15  01.57  08.18  286.4  009.26  30.593  1024.093  1473.94 
2024 06 26 17 32 43.73  31.346  07.083  0033.52  01.42  08.20  286.4  009.26  30.606  1024.104  1474.03 
2024 06 26 17 32 43.98  31.420  07.168  0033.89  01.39  08.10  286.4  009.26  30.610  1024.097  1474.37 
2024 06 26 17 32 44.23  31.457  07.181  0034.23  01.28  08.01  281.4  009.26  30.638  1024.119  1474.46 
2024 06 26 17 32 44.48  31.469  07.185  0034.58  01.15  08.04  281.4  009.26  30.647  1024.127  1474.50 
2024 06 26 17 32 44.73  31.483  07.200  0034.90  01.12  08.06  281.4  009.26  30.649  1024.129  1474.56 
2024 06 26 17 32 44.98  31.497  07.211  0035.26  01.09  08.07  281.4  009.26  30.654  1024.132  1474.62 
2024 06 26 17 32 45.23  31.518  07.226  0035.62  01.11  08.01  281.4  009.26  30.663  1024.139  1474.69 
2024 06 26 17 32 45.48  31.551  07.261  0035.94  01.08  08.08  281.4  009.26  30.667  1024.139  1474.84 
2024 06 26 17 32 45.73  31.631  07.337  0036.34  01.02  08.02  281.4  009.26  30.685  1024.145  1475.17 
2024 06 26 17 32 45.98  31.666  07.363  0036.68  00.96  08.10  281.4  009.26  30.700  1024.155  1475.29 
2024 06 26 17 32 46.23  31.677  07.367  0037.05  00.94  08.23  281.4  009.26  30.708  1024.162  1475.32 
2024 06 26 17 32 46.48  31.685  07.373  0037.43  00.89  08.23  281.4  009.26  30.711  1024.166  1475.35 
2024 06 26 17 32 46.73  31.688  07.374  0037.78  00.93  08.13  281.4  009.26  30.713  1024.169  1475.37 
2024 06 26 17 32 46.98  31.697  07.382  0038.19  00.91  08.18  281.4  009.26  30.715  1024.171  1475.41 
2024 06 26 17 32 47.23  31.708  07.395  0038.57  00.88  08.02  279.0  009.26  30.716  1024.171  1475.46 
2024 06 26 17 32 47.48  31.715  07.399  0038.92  00.83  08.06  279.0  009.26  30.720  1024.176  1475.49 
2024 06 26 17 32 47.73  31.717  07.399  0039.32  00.90  08.00  279.0  009.26  30.722  1024.179  1475.50 
2024 06 26 17 32 47.98  31.720  07.401  0039.68  00.87  08.06  279.0  009.26  30.722  1024.181  1475.52 
2024 06 26 17 32 48.23  31.731  07.409  0040.06  00.89  08.05  279.0  009.26  30.727  1024.186  1475.56 
2024 06 26 17 32 48.48  31.733  07.412  0040.45  00.85  08.09  279.0  009.26  30.727  1024.187  1475.57 
2024 06 26 17 32 48.73  31.740  07.414  0040.79  00.83  08.10  279.0  009.26  30.732  1024.192  1475.59 
2024 06 26 17 32 48.98  31.741  07.416  0041.21  00.80  08.10  279.0  009.26  30.732  1024.193  1475.61 
2024 06 26 17 32 49.23  31.757  07.434  0041.57  00.84  08.25  279.0  009.26  30.733  1024.194  1475.68 
2024 06 26 17 32 49.48  31.776  07.451  0041.97  00.84  08.15  279.0  009.26  30.738  1024.197  1475.76 
2024 06 26 17 32 49.73  31.797  07.466  0042.36  00.85  08.19  279.0  009.26  30.747  1024.204  1475.84 
2024 06 26 17 32 49.98  31.823  07.495  0042.74  00.77  08.18  279.0  009.26  30.749  1024.204  1475.96 
2024 06 26 17 32 50.23  31.834  07.500  0043.14  00.82  08.01  279.3  009.26  30.756  1024.210  1476.00 
2024 06 26 17 32 50.48  31.845  07.511  0043.52  00.85  07.98  279.3  009.26  30.758  1024.212  1476.04 
2024 06 26 17 32 50.73  31.865  07.528  0043.90  00.79  07.99  279.3  009.26  30.764  1024.216  1476.13 
2024 06 26 17 32 50.98  31.871  07.530  0044.29  00.76  08.01  279.3  009.26  30.768  1024.221  1476.15 
2024 06 26 17 32 51.23  31.879  07.538  0044.65  00.74  08.03  279.3  009.26  30.770  1024.223  1476.18 
2024 06 26 17 32 51.48  31.885  07.543  0045.05  00.80  07.98  279.3  009.26  30.772  1024.225  1476.21 
2024 06 26 17 32 51.73  31.890  07.544  0045.45  00.74  07.99  279.3  009.26  30.776  1024.230  1476.23 
2024 06 26 17 32 51.98  31.897  07.548  0045.82  00.76  08.08  279.3  009.26  30.780  1024.235  1476.25 
2024 06 26 17 32 52.23  31.902  07.550  0046.20  00.69  08.26  279.3  009.26  30.783  1024.239  1476.27 
2024 06 26 17 32 52.48  31.904  07.551  0046.55  00.70  08.21  279.3  009.26  30.784  1024.241  1476.28 
2024 06 26 17 32 52.73  31.913  07.560  0046.96  00.68  08.15  279.3  009.26  30.785  1024.243  1476.33 
2024 06 26 17 32 52.98  31.919  07.563  0047.34  00.69  08.11  279.3  009.26  30.789  1024.247  1476.35 
2024 06 26 17 32 53.23  31.926  07.572  0047.69  00.68  07.95  276.9  009.26  30.788  1024.247  1476.39 
2024 06 26 17 32 53.48  31.935  07.577  0048.10  00.66  08.05  276.9  009.26  30.794  1024.252  1476.42 
2024 06 26 17 32 53.73  31.935  07.575  0048.42  00.68  08.07  276.9  009.26  30.795  1024.255  1476.42 
2024 06 26 17 32 53.98  31.936  07.577  0048.82  00.69  08.07  276.9  009.26  30.794  1024.256  1476.43 
2024 06 26 17 32 54.23  31.939  07.578  0049.22  00.71  08.07  276.9  009.26  30.796  1024.259  1476.44 
2024 06 26 17 32 54.48  31.949  07.590  0049.55  00.73  08.06  276.9  009.26  30.796  1024.259  1476.50 
2024 06 26 17 32 54.73  31.967  07.605  0049.94  00.66  07.97  276.9  009.26  30.802  1024.263  1476.57 
2024 06 26 17 32 54.98  31.998  07.635  0050.34  00.62  08.04  276.9  009.26  30.809  1024.266  1476.70 
2024 06 26 17 32 55.23  32.024  07.654  0050.71  00.66  08.20  276.9  009.26  30.819  1024.273  1476.79 
2024 06 26 17 32 55.48  32.032  07.658  0051.10  00.62  08.17  276.9  009.26  30.824  1024.279  1476.82 
2024 06 26 17 32 55.73  32.032  07.654  0051.44  00.64  08.19  276.9  009.26  30.827  1024.283  1476.81 
2024 06 26 17 32 55.98  32.037  07.661  0051.84  00.63  08.15  276.9  009.26  30.827  1024.284  1476.84 
2024 06 26 17 32 56.23  32.042  07.663  0052.23  00.57  08.00  274.2  009.26  30.830  1024.288  1476.86 
2024 06 26 17 32 56.48  32.045  07.662  0052.59  00.58  07.99  274.2  009.26  30.834  1024.293  1476.87 
2024 06 26 17 32 56.73  32.048  07.661  0052.95  00.55  08.01  274.2  009.26  30.837  1024.297  1476.87 
2024 06 26 17 32 56.98  32.051  07.663  0053.33  00.53  08.03  274.2  009.26  30.839  1024.300  1476.89 
2024 06 26 17 32 57.23  32.051  07.663  0053.71  00.53  08.08  274.2  009.26  30.839  1024.301  1476.90 
2024 06 26 17 32 57.48  32.051  07.659  0054.10  00.57  08.04  274.2  009.26  30.841  1024.306  1476.89 
2024 06 26 17 32 57.73  32.043  07.652  0054.47  00.60  08.09  274.2  009.26  30.839  1024.307  1476.87 
2024 06 26 17 32 57.98  32.034  07.640  0054.84  00.64  08.06  274.2  009.26  30.841  1024.311  1476.83 
2024 06 26 17 32 58.23  32.036  07.638  0055.21  00.55  08.17  274.2  009.26  30.843  1024.315  1476.83 
2024 06 26 17 32 58.48  32.040  07.648  0055.60  00.59  08.15  274.2  009.26  30.840  1024.313  1476.87 
2024 06 26 17 32 58.73  32.044  07.647  0056.01  00.52  08.14  274.2  009.26  30.845  1024.319  1476.88 
2024 06 26 17 32 58.98  32.034  07.631  0056.34  00.52  08.16  274.2  009.26  30.848  1024.325  1476.83 
2024 06 26 17 32 59.23  32.025  07.620  0056.76  00.54  07.93  269.2  009.26  30.848  1024.328  1476.79 
2024 06 26 17 32 59.48  32.025  07.616  0057.15  00.56  08.01  269.2  009.26  30.850  1024.333  1476.79 
2024 06 26 17 32 59.73  32.024  07.615  0057.49  00.63  08.01  269.2  009.26  30.850  1024.334  1476.79 
2024 06 26 17 32 59.98  32.022  07.613  0057.91  00.61  08.04  269.2  009.26  30.850  1024.337  1476.79 
2024 06 26 17 33 00.23  32.019  07.608  0058.26  00.62  07.95  269.2  009.26  30.851  1024.340  1476.77 
2024 06 26 17 33 00.48  32.016  07.605  0058.63  00.60  08.08  269.2  009.26  30.850  1024.341  1476.77 
2024 06 26 17 33 00.73  32.014  07.604  0059.05  00.58  08.07  269.2  009.26  30.849  1024.342  1476.77 
2024 06 26 17 33 00.98  32.013  07.604  0059.40  00.57  08.02  269.2  009.26  30.848  1024.343  1476.77 
2024 06 26 17 33 01.23  32.013  07.603  0059.81  00.58  08.22  269.2  009.26  30.849  1024.346  1476.78 
2024 06 26 17 33 01.48  32.013  07.602  0060.16  00.63  08.18  269.2  009.26  30.849  1024.348  1476.78 
2024 06 26 17 33 01.73  32.015  07.603  0060.57  00.57  08.05  269.2  009.26  30.850  1024.350  1476.79 
2024 06 26 17 33 01.98  32.016  07.605  0060.96  00.54  08.07  269.2  009.26  30.849  1024.351  1476.80 
2024 06 26 17 33 02.23  32.018  07.606  0061.31  00.55  07.95  266.4  009.26  30.850  1024.353  1476.82 
2024 06 26 17 33 02.48  32.021  07.607  0061.73  00.60  07.98  266.4  009.26  30.853  1024.357  1476.83 
2024 06 26 17 33 02.73  32.019  07.603  0062.10  00.56  08.06  266.4  009.26  30.853  1024.360  1476.82 
2024 06 26 17 33 02.98  32.019  07.602  0062.48  00.57  08.02  266.4  009.26  30.855  1024.363  1476.82 
2024 06 26 17 33 03.23  32.018  07.600  0062.88  00.60  08.07  266.4  009.26  30.856  1024.365  1476.82 
2024 06 26 17 33 03.48  32.018  07.601  0063.25  00.57  08.01  266.4  009.29  30.854  1024.366  1476.83 
2024 06 26 17 33 03.73  32.018  07.601  0063.65  00.58  08.06  266.4  009.26  30.854  1024.368  1476.84 
2024 06 26 17 33 03.98  32.017  07.599  0064.05  00.55  08.03  266.4  009.26  30.855  1024.370  1476.84 
2024 06 26 17 33 04.23  32.018  07.599  0064.42  00.57  08.16  266.4  009.26  30.855  1024.373  1476.84 
2024 06 26 17 33 04.48  32.017  07.597  0064.82  00.48  08.15  266.4  009.26  30.855  1024.375  1476.84 
2024 06 26 17 33 04.73  32.017  07.598  0065.20  00.51  08.17  266.4  009.26  30.854  1024.375  1476.85 
2024 06 26 17 33 04.98  32.017  07.597  0065.58  00.54  08.11  266.4  009.26  30.855  1024.377  1476.86 
2024 06 26 17 33 05.23  32.017  07.597  0065.99  00.55  07.98  264.9  009.26  30.854  1024.379  1476.86 
2024 06 26 17 33 05.48  32.017  07.597  0066.34  00.56  07.99  264.9  009.26  30.856  1024.382  1476.87 
2024 06 26 17 33 05.73  32.014  07.591  0066.74  00.61  08.04  264.9  009.26  30.857  1024.385  1476.85 
2024 06 26 17 33 05.98  32.000  07.574  0067.13  00.60  07.96  264.9  009.26  30.857  1024.390  1476.79 
2024 06 26 17 33 06.23  31.998  07.573  0067.53  00.58  08.02  264.9  009.26  30.856  1024.391  1476.79 
2024 06 26 17 33 06.48  31.997  07.571  0067.93  00.59  08.03  264.9  009.26  30.856  1024.393  1476.79 
2024 06 26 17 33 06.73  31.992  07.564  0068.31  00.56  08.03  264.9  009.26  30.857  1024.396  1476.77 
2024 06 26 17 33 06.98  31.989  07.562  0068.69  00.51  08.01  264.9  009.26  30.855  1024.396  1476.77 
2024 06 26 17 33 07.23  31.988  07.560  0069.10  00.49  08.16  264.9  009.26  30.855  1024.399  1476.77 
2024 06 26 17 33 07.48  31.980  07.549  0069.47  00.50  08.18  264.9  009.26  30.857  1024.403  1476.74 
2024 06 26 17 33 07.73  31.974  07.544  0069.86  00.53  08.11  264.9  009.26  30.855  1024.405  1476.72 
2024 06 26 17 33 07.98  31.970  07.533  0070.23  00.59  08.10  264.9  009.26  30.859  1024.411  1476.69 
2024 06 26 17 33 08.23  31.962  07.525  0070.62  00.59  07.98  263.9  009.26  30.858  1024.413  1476.66 
2024 06 26 17 33 08.48  31.959  07.522  0071.03  00.59  07.93  263.9  009.26  30.858  1024.415  1476.66 
2024 06 26 17 33 08.73  31.960  07.522  0071.41  00.57  08.01  263.9  009.26  30.858  1024.417  1476.66 
2024 06 26 17 33 08.98  31.960  07.521  0071.82  00.58  08.03  263.9  009.26  30.859  1024.420  1476.67 
2024 06 26 17 33 09.23  31.958  07.523  0072.19  00.54  08.02  263.9  009.26  30.855  1024.418  1476.68 
2024 06 26 17 33 09.48  31.958  07.523  0072.61  00.53  08.04  263.9  009.26  30.856  1024.421  1476.68 
2024 06 26 17 33 09.73  31.962  07.522  0072.99  00.55  08.04  263.9  009.26  30.860  1024.426  1476.69 
2024 06 26 17 33 09.98  31.961  07.521  0073.38  00.56  08.08  263.9  009.26  30.859  1024.427  1476.69 
2024 06 26 17 33 10.23  31.956  07.516  0073.77  00.55  08.16  263.9  009.26  30.858  1024.429  1476.68 
2024 06 26 17 33 10.48  31.947  07.504  0074.15  00.52  08.19  263.9  009.26  30.859  1024.433  1476.64 
2024 06 26 17 33 10.73  31.944  07.500  0074.54  00.56  08.15  263.9  009.26  30.860  1024.436  1476.63 
2024 06 26 17 33 10.98  31.925  07.476  0074.95  00.55  08.09  263.9  009.26  30.860  1024.442  1476.55 
2024 06 26 17 33 11.23  31.917  07.469  0075.32  00.55  07.95  266.7  009.26  30.858  1024.442  1476.52 
2024 06 26 17 33 11.48  31.915  07.467  0075.73  00.51  08.00  266.7  009.26  30.857  1024.444  1476.52 
2024 06 26 17 33 11.73  31.913  07.464  0076.13  00.53  07.98  266.7  009.26  30.858  1024.447  1476.51 
2024 06 26 17 33 11.98  31.912  07.460  0076.51  00.52  08.01  266.7  009.26  30.859  1024.450  1476.51 
2024 06 26 17 33 12.23  31.906  07.453  0076.91  00.56  07.98  266.7  009.26  30.859  1024.453  1476.49 
2024 06 26 17 33 12.48  31.896  07.441  0077.29  00.58  08.03  266.7  009.26  30.860  1024.457  1476.45 
2024 06 26 17 33 12.73  31.888  07.432  0077.70  00.56  08.03  266.7  009.26  30.859  1024.459  1476.42 
2024 06 26 17 33 12.98  31.866  07.404  0078.11  00.52  08.04  266.7  009.26  30.860  1024.466  1476.32 
2024 06 26 17 33 13.23  31.851  07.387  0078.48  00.62  08.17  266.7  009.26  30.859  1024.469  1476.25 
2024 06 26 17 33 13.48  31.847  07.382  0078.89  00.61  08.14  266.7  009.26  30.858  1024.471  1476.24 
2024 06 26 17 33 13.73  31.836  07.368  0079.26  00.59  08.11  266.7  009.26  30.859  1024.475  1476.19 
2024 06 26 17 33 13.98  31.826  07.355  0079.68  00.55  08.14  266.7  009.26  30.859  1024.479  1476.15 
2024 06 26 17 33 14.23  31.818  07.345  0080.09  00.55  07.94  266.2  009.26  30.859  1024.482  1476.12 
2024 06 26 17 33 14.48  31.813  07.341  0080.47  00.50  07.99  266.2  009.26  30.858  1024.483  1476.11 
2024 06 26 17 33 14.73  31.804  07.332  0080.89  00.50  08.00  266.2  009.26  30.856  1024.485  1476.08 
2024 06 26 17 33 14.98  31.806  07.331  0081.31  00.55  08.01  266.2  009.26  30.859  1024.489  1476.08 
2024 06 26 17 33 15.23  31.804  07.329  0081.67  00.52  08.07  266.2  009.26  30.858  1024.491  1476.08 
2024 06 26 17 33 15.48  31.803  07.326  0082.09  00.48  07.96  266.2  009.26  30.860  1024.495  1476.08 
2024 06 26 17 33 15.73  31.796  07.322  0082.45  00.46  08.03  266.2  009.26  30.856  1024.494  1476.06 
2024 06 26 17 33 15.98  31.783  07.302  0082.86  00.45  08.03  266.2  009.26  30.860  1024.501  1476.00 
2024 06 26 17 33 16.23  31.782  07.301  0083.28  00.50  08.16  266.2  009.26  30.859  1024.502  1476.00 
2024 06 26 17 33 16.48  31.782  07.300  0083.65  00.52  08.11  266.2  009.26  30.860  1024.505  1476.00 
2024 06 26 17 33 16.73  31.771  07.289  0084.06  00.57  08.12  266.2  009.26  30.858  1024.507  1475.96 
2024 06 26 17 33 16.98  31.763  07.280  0084.43  00.58  08.10  266.2  009.26  30.857  1024.509  1475.93 
2024 06 26 17 33 17.23  31.767  07.281  0084.82  00.56  07.93  266.4  009.26  30.860  1024.513  1475.95 
2024 06 26 17 33 17.48  31.766  07.280  0085.24  00.48  07.98  266.4  009.26  30.860  1024.515  1475.95 
2024 06 26 17 33 17.73  31.763  07.279  0085.61  00.43  08.00  266.4  009.26  30.858  1024.515  1475.95 
2024 06 26 17 33 17.98  31.760  07.274  0086.00  00.45  08.01  266.4  009.26  30.859  1024.519  1475.94 
2024 06 26 17 33 18.23  31.760  07.273  0086.41  00.46  08.01  266.4  009.26  30.859  1024.521  1475.94 
2024 06 26 17 33 18.48  31.758  07.272  0086.77  00.55  08.00  266.4  009.26  30.858  1024.521  1475.94 
2024 06 26 17 33 18.73  31.755  07.265  0087.19  00.52  08.03  266.4  009.26  30.860  1024.526  1475.93 
2024 06 26 17 33 18.98  31.756  07.265  0087.57  00.47  08.03  266.4  009.26  30.860  1024.528  1475.93 
2024 06 26 17 33 19.23  31.750  07.261  0087.97  00.49  08.15  266.4  009.26  30.858  1024.529  1475.92 
2024 06 26 17 33 19.48  31.743  07.251  0088.37  00.55  08.12  266.4  009.26  30.859  1024.533  1475.89 
2024 06 26 17 33 19.73  31.736  07.242  0088.74  00.55  08.11  266.4  009.26  30.859  1024.536  1475.86 
2024 06 26 17 33 19.98  31.735  07.241  0089.17  00.56  08.13  266.4  009.26  30.859  1024.538  1475.86 
2024 06 26 17 33 20.23  31.732  07.240  0089.55  00.46  07.93  266.2  009.26  30.858  1024.539  1475.86 
2024 06 26 17 33 20.48  31.728  07.236  0089.94  00.40  07.97  266.2  009.26  30.856  1024.539  1475.85 
2024 06 26 17 33 20.73  31.728  07.232  0090.36  00.41  07.98  266.2  009.26  30.859  1024.544  1475.85 
2024 06 26 17 33 20.98  31.730  07.231  0090.73  00.43  08.04  266.2  009.26  30.862  1024.549  1475.85 
2024 06 26 17 33 21.23  31.726  07.232  0091.13  00.40  07.92  266.2  009.26  30.857  1024.547  1475.85 
2024 06 26 17 33 21.48  31.717  07.218  0091.49  00.45  08.05  266.2  009.29  30.859  1024.552  1475.81 
2024 06 26 17 33 21.73  31.713  07.214  0091.93  00.45  08.05  266.2  009.26  30.859  1024.554  1475.80 
2024 06 26 17 33 21.98  31.712  07.213  0092.34  00.43  08.00  266.2  009.26  30.857  1024.555  1475.80 
2024 06 26 17 33 22.23  31.712  07.210  0092.69  00.45  08.14  266.2  009.26  30.860  1024.559  1475.80 
2024 06 26 17 33 22.48  31.712  07.211  0093.11  00.49  08.10  266.2  009.26  30.859  1024.560  1475.81 
2024 06 26 17 33 22.73  31.710  07.205  0093.51  00.50  08.10  266.2  009.26  30.862  1024.565  1475.80 
2024 06 26 17 33 22.98  31.706  07.205  0093.90  00.51  08.09  266.2  009.26  30.859  1024.564  1475.80 
2024 06 26 17 33 23.23  31.709  07.205  0094.29  00.47  07.92  265.5  009.26  30.861  1024.567  1475.81 
2024 06 26 17 33 23.48  31.705  07.202  0094.66  00.50  07.97  265.5  009.26  30.859  1024.569  1475.80 
2024 06 26 17 33 23.73  31.696  07.189  0095.10  00.50  07.98  265.5  009.26  30.861  1024.573  1475.76 
2024 06 26 17 33 23.98  31.686  07.176  0095.48  00.52  07.94  265.5  009.26  30.862  1024.578  1475.71 
2024 06 26 17 33 24.23  31.675  07.164  0095.87  00.50  08.01  265.5  009.26  30.861  1024.580  1475.67 
2024 06 26 17 33 24.48  31.663  07.149  0096.27  00.57  08.01  265.5  009.26  30.861  1024.584  1475.62 
2024 06 26 17 33 24.73  31.658  07.144  0096.66  00.54  08.01  265.5  009.26  30.859  1024.585  1475.61 
2024 06 26 17 33 24.98  31.658  07.143  0097.07  00.51  08.01  265.5  009.26  30.861  1024.589  1475.61 
2024 06 26 17 33 25.23  31.657  07.141  0097.48  00.44  08.14  265.5  009.26  30.860  1024.590  1475.61 
2024 06 26 17 33 25.48  31.656  07.140  0097.84  00.45  08.07  265.5  009.26  30.860  1024.592  1475.61 
2024 06 26 17 33 25.73  31.655  07.139  0098.23  00.51  08.10  265.5  009.26  30.860  1024.594  1475.61 
2024 06 26 17 33 25.98  31.654  07.140  0098.62  00.52  08.08  265.5  009.26  30.857  1024.593  1475.62 
2024 06 26 17 33 26.23  31.650  07.132  0099.00  00.51  07.97  265.1  009.26  30.861  1024.599  1475.60 
2024 06 26 17 33 26.48  31.644  07.129  0099.41  00.50  07.96  265.1  009.26  30.857  1024.598  1475.59 
2024 06 26 17 33 26.73  31.646  07.129  0099.79  00.50  07.98  265.1  009.26  30.858  1024.601  1475.60 
2024 06 26 17 33 26.98  31.646  07.130  0100.20  00.49  07.92  265.1  009.26  30.858  1024.602  1475.61 
2024 06 26 17 33 27.23  31.647  07.131  0100.57  00.47  07.98  265.1  009.26  30.858  1024.604  1475.62 
2024 06 26 17 33 27.48  31.644  07.127  0100.97  00.48  07.99  265.1  009.26  30.858  1024.606  1475.61 
2024 06 26 17 33 27.73  31.642  07.124  0101.36  00.52  08.00  265.1  009.26  30.859  1024.609  1475.60 
2024 06 26 17 33 27.98  31.642  07.127  0101.77  00.52  08.01  265.1  009.26  30.855  1024.608  1475.62 
2024 06 26 17 33 28.23  31.634  07.115  0102.17  00.48  08.13  265.1  009.26  30.857  1024.613  1475.58 
2024 06 26 17 33 28.48  31.632  07.111  0102.55  00.49  08.09  265.1  009.26  30.859  1024.617  1475.57 
2024 06 26 17 33 28.73  31.626  07.108  0102.91  00.50  08.08  265.1  009.26  30.854  1024.615  1475.56 
2024 06 26 17 33 28.98  31.626  07.103  0103.32  00.44  08.06  265.1  009.26  30.859  1024.621  1475.55 
2024 06 26 17 33 29.23  31.621  07.099  0103.69  00.49  07.97  263.3  009.26  30.857  1024.622  1475.54 
2024 06 26 17 33 29.48  31.617  07.095  0104.11  00.55  07.96  263.3  009.26  30.856  1024.624  1475.53 
2024 06 26 17 33 29.73  31.613  07.090  0104.51  00.55  07.97  263.3  009.26  30.856  1024.626  1475.52 
2024 06 26 17 33 29.98  31.605  07.079  0104.89  00.48  07.97  263.3  009.26  30.857  1024.630  1475.48 
2024 06 26 17 33 30.23  31.603  07.078  0105.26  00.52  07.98  263.3  009.26  30.855  1024.630  1475.48 
2024 06 26 17 33 30.48  31.603  07.079  0105.66  00.50  07.98  263.3  009.26  30.854  1024.632  1475.49 
2024 06 26 17 33 30.73  31.602  07.078  0106.07  00.51  07.98  263.3  009.26  30.853  1024.633  1475.49 
2024 06 26 17 33 30.98  31.595  07.065  0106.47  00.50  07.99  263.3  009.26  30.858  1024.640  1475.45 
2024 06 26 17 33 31.23  31.587  07.061  0106.83  00.51  08.12  263.3  009.26  30.853  1024.638  1475.44 
2024 06 26 17 33 31.48  31.576  07.047  0107.25  00.52  08.09  263.3  009.26  30.853  1024.642  1475.39 
2024 06 26 17 33 31.73  31.572  07.039  0107.65  00.50  08.04  263.3  009.26  30.856  1024.648  1475.37 
2024 06 26 17 33 31.98  31.567  07.034  0108.00  00.54  08.03  263.3  009.26  30.854  1024.648  1475.35 
2024 06 26 17 33 32.23  31.565  07.033  0108.41  00.54  07.91  260.7  009.26  30.853  1024.649  1475.35 
2024 06 26 17 33 32.48  31.565  07.032  0108.78  00.55  07.95  260.7  009.26  30.854  1024.652  1475.36 
2024 06 26 17 33 32.73  31.567  07.032  0109.20  00.58  07.96  260.7  009.26  30.855  1024.655  1475.37 
2024 06 26 17 33 32.98  31.566  07.033  0109.61  00.54  07.97  260.7  009.26  30.854  1024.655  1475.37 
2024 06 26 17 33 33.23  31.566  07.031  0109.96  00.57  08.03  260.7  009.26  30.855  1024.658  1475.37 
2024 06 26 17 33 33.48  31.564  07.030  0110.38  00.62  07.97  260.7  009.26  30.855  1024.660  1475.37 
2024 06 26 17 33 33.73  31.563  07.028  0110.73  00.61  07.98  260.7  009.26  30.855  1024.662  1475.37 
2024 06 26 17 33 33.98  31.563  07.026  0111.14  00.55  07.92  260.7  009.26  30.856  1024.665  1475.37 
2024 06 26 17 33 34.23  31.557  07.019  0111.58  00.52  08.12  260.7  009.26  30.855  1024.667  1475.35 
2024 06 26 17 33 34.48  31.552  07.015  0111.93  00.55  08.09  260.7  009.26  30.854  1024.668  1475.34 
2024 06 26 17 33 34.73  31.552  07.010  0112.36  00.54  08.01  260.7  009.26  30.858  1024.674  1475.33 
2024 06 26 17 33 34.98  31.548  07.007  0112.71  00.57  08.07  260.7  009.26  30.856  1024.675  1475.32 
2024 06 26 17 33 35.23  31.547  07.005  0113.10  00.51  07.91  258.9  009.26  30.857  1024.677  1475.32 
2024 06 26 17 33 35.48  31.546  07.005  0113.50  00.56  07.94  258.9  009.26  30.855  1024.678  1475.33 
2024 06 26 17 33 35.73  31.546  07.004  0113.87  00.55  07.96  258.9  009.26  30.856  1024.680  1475.33 
2024 06 26 17 33 35.98  31.546  07.005  0114.27  00.51  07.97  258.9  009.26  30.855  1024.682  1475.34 
2024 06 26 17 33 36.23  31.547  07.004  0114.67  00.49  07.97  258.9  009.26  30.857  1024.685  1475.35 
2024 06 26 17 33 36.48  31.546  07.004  0115.05  00.52  07.97  258.9  009.26  30.856  1024.686  1475.35 
2024 06 26 17 33 36.73  31.545  07.003  0115.46  00.50  07.98  258.9  009.26  30.855  1024.687  1475.35 
2024 06 26 17 33 36.98  31.546  07.003  0115.81  00.45  07.98  258.9  009.26  30.856  1024.690  1475.36 
2024 06 26 17 33 37.23  31.544  07.001  0116.20  00.52  08.11  258.9  009.26  30.855  1024.691  1475.36 
2024 06 26 17 33 37.48  31.541  06.997  0116.60  00.55  08.02  258.9  009.26  30.855  1024.693  1475.35 
2024 06 26 17 33 37.73  31.539  06.994  0116.96  00.51  08.08  258.9  009.26  30.856  1024.696  1475.34 
2024 06 26 17 33 37.98  31.535  06.992  0117.36  00.49  08.07  258.9  009.26  30.854  1024.696  1475.34 
2024 06 26 17 33 38.23  31.533  06.989  0117.72  00.51  07.90  258.2  009.26  30.854  1024.699  1475.33 
2024 06 26 17 33 38.48  31.533  06.987  0118.14  00.47  07.95  258.2  009.26  30.855  1024.701  1475.33 
2024 06 26 17 33 38.73  31.533  06.985  0118.52  00.52  08.02  258.2  009.26  30.857  1024.705  1475.33 
2024 06 26 17 33 38.98  31.531  06.983  0118.88  00.56  07.97  258.2  009.26  30.856  1024.706  1475.33 
2024 06 26 17 33 39.23  31.531  06.982  0119.29  00.50  07.97  258.2  009.26  30.857  1024.709  1475.34 
2024 06 26 17 33 39.48  31.527  06.978  0119.66  00.54  07.97  258.2  009.26  30.856  1024.711  1475.32 
2024 06 26 17 33 39.73  31.525  06.976  0120.05  00.55  07.98  258.2  009.26  30.856  1024.713  1475.32 
2024 06 26 17 33 39.98  31.520  06.966  0120.43  00.53  07.98  258.2  009.26  30.859  1024.719  1475.29 
2024 06 26 17 33 40.23  31.515  06.965  0120.81  00.50  08.11  258.2  009.26  30.855  1024.717  1475.29 
2024 06 26 17 33 40.48  31.514  06.961  0121.19  00.49  08.08  258.2  009.26  30.857  1024.721  1475.28 
2024 06 26 17 33 40.73  31.514  06.960  0121.59  00.52  08.07  258.2  009.26  30.857  1024.722  1475.29 
2024 06 26 17 33 40.98  31.511  06.959  0121.93  00.54  08.05  258.2  009.26  30.855  1024.723  1475.28 
2024 06 26 17 33 41.23  31.510  06.957  0122.33  00.52  07.90  258.7  009.26  30.856  1024.726  1475.28 
2024 06 26 17 33 41.48  31.511  06.956  0122.69  00.51  07.93  258.7  009.26  30.857  1024.729  1475.29 
2024 06 26 17 33 41.73  31.514  06.958  0123.05  00.54  07.95  258.7  009.26  30.859  1024.731  1475.30 
2024 06 26 17 33 41.98  31.516  06.959  0123.42  00.57  07.97  258.7  009.26  30.860  1024.734  1475.31 
2024 06 26 17 33 42.23  31.515  06.959  0123.77  00.56  07.97  258.7  009.26  30.858  1024.734  1475.32 
2024 06 26 17 33 42.48  31.514  06.958  0124.15  00.53  07.98  258.7  009.26  30.858  1024.735  1475.32 
2024 06 26 17 33 42.73  31.517  06.958  0124.55  00.52  07.98  258.7  009.26  30.861  1024.739  1475.33 
2024 06 26 17 33 42.98  31.516  06.959  0124.89  00.50  07.97  258.7  009.26  30.858  1024.739  1475.34 
2024 06 26 17 33 43.23  31.517  06.959  0125.33  00.50  08.11  258.7  009.26  30.860  1024.742  1475.34 
2024 06 26 17 33 43.48  31.516  06.958  0125.67  00.49  08.10  258.7  009.26  30.859  1024.744  1475.35 
2024 06 26 17 33 43.73  31.515  06.956  0126.05  00.46  08.07  258.7  009.26  30.860  1024.746  1475.35 
2024 06 26 17 33 43.98  31.514  06.954  0126.44  00.48  08.02  258.7  009.26  30.860  1024.748  1475.35 
2024 06 26 17 33 44.23  31.513  06.952  0126.82  00.49  07.94  260.6  009.26  30.860  1024.750  1475.34 
2024 06 26 17 33 44.48  31.512  06.952  0127.23  00.48  07.93  260.6  009.26  30.860  1024.752  1475.35 
2024 06 26 17 33 44.73  31.511  06.950  0127.57  00.55  07.95  260.6  009.26  30.861  1024.755  1475.35 
2024 06 26 17 33 44.98  31.511  06.947  0127.96  00.53  07.96  260.6  009.29  30.863  1024.758  1475.35 
2024 06 26 17 33 45.23  31.508  06.946  0128.37  00.48  07.96  260.6  009.26  30.860  1024.758  1475.35 
2024 06 26 17 33 45.48  31.504  06.941  0128.70  00.52  07.97  260.6  009.26  30.860  1024.761  1475.33 
2024 06 26 17 33 45.73  31.500  06.938  0129.09  00.52  07.90  260.6  009.26  30.859  1024.761  1475.32 
2024 06 26 17 33 45.98  31.490  06.928  0129.46  00.53  07.99  260.6  009.26  30.856  1024.763  1475.29 
2024 06 26 17 33 46.23  31.487  06.926  0129.83  00.56  08.12  260.6  009.26  30.855  1024.764  1475.28 
2024 06 26 17 33 46.48  31.486  06.923  0130.21  00.52  08.09  260.6  009.26  30.856  1024.766  1475.28 
2024 06 26 17 33 46.73  31.484  06.921  0130.56  00.48  08.07  260.6  009.26  30.856  1024.768  1475.28 
2024 06 26 17 33 46.98  31.483  06.919  0130.94  00.52  08.05  260.6  009.26  30.857  1024.771  1475.27 
2024 06 26 17 33 47.23  31.483  06.919  0131.35  00.55  07.91  262.4  009.26  30.856  1024.772  1475.28 
2024 06 26 17 33 47.48  31.483  06.916  0131.68  00.59  07.99  262.4  009.26  30.859  1024.776  1475.28 
2024 06 26 17 33 47.73  31.480  06.914  0132.07  00.57  07.92  262.4  009.26  30.857  1024.777  1475.27 
2024 06 26 17 33 47.98  31.479  06.911  0132.42  00.50  07.96  262.4  009.26  30.858  1024.780  1475.27 
2024 06 26 17 33 48.23  31.475  06.906  0132.82  00.53  07.96  262.4  009.26  30.858  1024.782  1475.26 
2024 06 26 17 33 48.48  31.472  06.901  0133.19  00.56  07.97  262.4  009.26  30.859  1024.786  1475.25 
2024 06 26 17 33 48.73  31.465  06.896  0133.53  00.59  07.97  262.4  009.26  30.856  1024.785  1475.23 
2024 06 26 17 33 48.98  31.464  06.896  0133.91  00.58  07.98  262.4  009.26  30.855  1024.786  1475.23 
2024 06 26 17 33 49.23  31.462  06.895  0134.24  00.57  08.11  262.4  009.26  30.853  1024.786  1475.23 
2024 06 26 17 33 49.48  31.463  06.893  0134.57  00.56  08.09  262.4  009.26  30.855  1024.790  1475.23 
2024 06 26 17 33 49.73  31.463  06.892  0134.85  00.52  08.06  262.4  009.26  30.856  1024.792  1475.23 
2024 06 26 17 33 49.98  31.463  06.892  0135.00  00.52  08.05  262.4  009.26  30.856  1024.793  1475.24 
2024 06 26 17 33 50.23  31.462  06.892  0135.09  00.59  07.90  260.8  009.26  30.856  1024.793  1475.23 
2024 06 26 17 33 50.48  31.463  06.892  0135.10  00.58  07.94  260.8  009.26  30.857  1024.794  1475.24 
2024 06 26 17 33 50.73  31.462  06.892  0135.08  00.54  07.88  260.8  009.26  30.856  1024.793  1475.23 
2024 06 26 17 33 50.98  31.461  06.892  0135.04  00.54  07.97  260.8  009.26  30.854  1024.792  1475.23 
2024 06 26 17 33 51.23  31.461  06.892  0134.98  00.55  07.98  260.8  009.26  30.854  1024.791  1475.23 
2024 06 26 17 33 51.48  31.463  06.892  0134.93  00.53  07.98  260.8  009.26  30.857  1024.793  1475.23 
2024 06 26 17 33 51.73  31.463  06.893  0134.88  00.53  07.97  260.8  009.26  30.857  1024.792  1475.24 
2024 06 26 17 33 51.98  31.464  06.893  0134.83  00.56  07.97  260.8  009.23  30.857  1024.793  1475.24 
2024 06 26 17 33 52.23  31.463  06.893  0134.88  00.53  08.06  260.8  009.26  30.856  1024.792  1475.24 
2024 06 26 17 33 52.48  31.461  06.891  0134.94  00.52  08.05  260.8  009.26  30.856  1024.792  1475.23 
2024 06 26 17 33 52.73  31.462  06.892  0135.00  00.56  08.04  260.8  009.26  30.856  1024.793  1475.23 
2024 06 26 17 33 52.98  31.461  06.891  0134.99  00.53  08.03  260.8  009.26  30.855  1024.792  1475.23 
2024 06 26 17 33 53.23  31.463  06.892  0135.00  00.58  07.93  260.2  009.26  30.856  1024.793  1475.24 
2024 06 26 17 33 53.48  31.461  06.892  0134.97  00.55  07.96  260.2  009.26  30.855  1024.792  1475.23 
2024 06 26 17 33 53.73  31.461  06.892  0135.00  00.56  07.96  260.2  009.26  30.855  1024.792  1475.23 
2024 06 26 17 33 53.98  31.463  06.892  0135.05  00.55  07.96  260.2  009.26  30.857  1024.793  1475.23 
2024 06 26 17 33 54.23  31.462  06.892  0135.13  00.57  07.97  260.2  009.26  30.855  1024.793  1475.24 
2024 06 26 17 33 54.48  31.460  06.892  0135.17  00.52  07.97  260.2  009.26  30.854  1024.792  1475.23 
2024 06 26 17 33 54.73  31.462  06.891  0135.18  00.55  07.97  260.2  009.26  30.856  1024.794  1475.23 
2024 06 26 17 33 54.98  31.462  06.891  0135.17  00.63  07.97  260.2  009.26  30.857  1024.794  1475.23 
2024 06 26 17 33 55.23  31.462  06.891  0135.13  00.54  08.06  260.2  009.26  30.856  1024.794  1475.23 
2024 06 26 17 33 55.48  31.460  06.890  0135.07  00.53  08.05  260.2  009.26  30.855  1024.793  1475.23 
2024 06 26 17 33 55.73  31.461  06.890  0135.00  00.62  08.03  260.2  009.26  30.856  1024.793  1475.23 
2024 06 26 17 33 55.98  31.460  06.892  0134.92  00.59  08.02  260.2  009.26  30.854  1024.791  1475.23 
2024 06 26 17 33 56.23  31.462  06.892  0134.84  00.58  07.92  259.9  009.26  30.856  1024.792  1475.23 
2024 06 26 17 33 56.48  31.461  06.891  0134.81  00.57  07.94  259.9  009.26  30.856  1024.792  1475.23 
2024 06 26 17 33 56.73  31.461  06.892  0134.79  00.60  07.95  259.9  009.26  30.854  1024.790  1475.23 
2024 06 26 17 33 56.98  31.460  06.891  0134.79  00.60  07.96  259.9  009.26  30.855  1024.791  1475.23 
2024 06 26 17 33 57.23  31.460  06.892  0134.77  00.60  07.96  259.9  009.26  30.854  1024.790  1475.23 
2024 06 26 17 33 57.48  31.460  06.892  0134.77  00.57  07.96  259.9  009.26  30.854  1024.790  1475.23 
2024 06 26 17 33 57.73  31.462  06.893  0134.76  00.53  07.97  259.9  009.26  30.855  1024.791  1475.23 
2024 06 26 17 33 57.98  31.460  06.893  0134.81  00.56  07.97  259.9  009.26  30.853  1024.789  1475.23 
2024 06 26 17 33 58.23  31.461  06.893  0134.86  00.56  08.06  259.9  009.26  30.854  1024.790  1475.23 
2024 06 26 17 33 58.48  31.460  06.892  0134.92  00.48  08.04  259.9  009.26  30.854  1024.791  1475.23 
2024 06 26 17 33 58.73  31.459  06.892  0134.95  00.51  08.03  259.9  009.26  30.853  1024.790  1475.23 
2024 06 26 17 33 58.98  31.460  06.891  0134.95  00.52  08.02  259.9  009.26  30.854  1024.791  1475.23 
2024 06 26 17 33 59.23  31.460  06.892  0134.95  00.55  07.92  259.7  009.26  30.854  1024.791  1475.23 
2024 06 26 17 33 59.48  31.462  06.892  0134.98  00.51  07.94  259.7  009.26  30.855  1024.792  1475.23 
2024 06 26 17 33 59.73  31.461  06.892  0135.00  00.50  07.95  259.7  009.26  30.854  1024.791  1475.23 
2024 06 26 17 33 59.98  31.460  06.891  0135.01  00.51  07.95  259.7  009.26  30.854  1024.792  1475.23 
2024 06 26 17 34 00.23  31.461  06.892  0135.01  00.58  07.96  259.7  009.26  30.855  1024.792  1475.23 
2024 06 26 17 34 00.48  31.459  06.892  0134.99  00.61  07.96  259.7  009.26  30.853  1024.790  1475.23 
2024 06 26 17 34 00.73  31.461  06.892  0134.97  00.56  07.96  259.7  009.26  30.855  1024.792  1475.23 
2024 06 26 17 34 00.98  31.460  06.892  0135.00  00.61  07.96  259.7  009.26  30.853  1024.791  1475.23 
2024 06 26 17 34 01.23  31.459  06.893  0135.09  00.61  08.05  259.7  009.26  30.852  1024.790  1475.24 
2024 06 26 17 34 01.48  31.459  06.892  0135.12  00.57  08.09  259.7  009.26  30.853  1024.791  1475.23 
2024 06 26 17 34 01.73  31.460  06.891  0135.18  00.55  08.06  259.7  009.26  30.854  1024.792  1475.23 
2024 06 26 17 34 01.98  31.461  06.891  0135.15  00.59  08.05  259.7  009.26  30.855  1024.793  1475.23 
2024 06 26 17 34 02.23  31.460  06.892  0135.08  00.60  07.87  259.7  009.26  30.853  1024.791  1475.23 
2024 06 26 17 34 02.48  31.459  06.890  0135.03  00.58  07.91  259.7  009.26  30.855  1024.792  1475.23 
2024 06 26 17 34 02.73  31.459  06.891  0135.02  00.56  07.92  259.7  009.26  30.854  1024.791  1475.23 
2024 06 26 17 34 02.98  31.460  06.892  0135.06  00.56  07.93  259.7  009.26  30.854  1024.791  1475.23 
2024 06 26 17 34 03.23  31.459  06.892  0135.10  00.55  07.94  259.7  009.26  30.853  1024.791  1475.23 
2024 06 26 17 34 03.48  31.459  06.893  0135.13  00.58  07.94  259.7  009.26  30.852  1024.790  1475.23 
2024 06 26 17 34 03.73  31.460  06.890  0135.17  00.55  07.95  259.7  009.26  30.856  1024.794  1475.23 
2024 06 26 17 34 03.98  31.462  06.892  0135.15  00.59  07.95  259.7  009.26  30.855  1024.793  1475.24 
2024 06 26 17 34 04.23  31.461  06.892  0135.09  00.58  08.11  259.7  009.26  30.855  1024.792  1475.23 
2024 06 26 17 34 04.48  31.459  06.892  0135.09  00.59  08.08  259.7  009.26  30.853  1024.791  1475.23 
2024 06 26 17 34 04.73  31.459  06.891  0135.10  00.59  08.06  259.7  009.26  30.853  1024.791  1475.23 
2024 06 26 17 34 04.98  31.459  06.892  0135.11  00.57  08.04  259.7  009.26  30.853  1024.791  1475.23 
2024 06 26 17 34 05.23  31.459  06.892  0135.09  00.59  07.87  259.6  009.26  30.852  1024.790  1475.23 
2024 06 26 17 34 05.48  31.460  06.891  0135.06  00.54  07.91  259.6  009.26  30.855  1024.792  1475.23 
2024 06 26 17 34 05.73  31.461  06.891  0135.01  00.55  07.92  259.6  009.26  30.855  1024.792  1475.23 
2024 06 26 17 34 05.98  31.460  06.892  0134.99  00.48  07.93  259.6  009.26  30.854  1024.791  1475.23 
2024 06 26 17 34 06.23  31.459  06.892  0134.97  00.53  07.94  259.6  009.26  30.853  1024.790  1475.23 
2024 06 26 17 34 06.48  31.459  06.893  0134.90  00.58  07.94  259.6  009.26  30.851  1024.788  1475.23 
2024 06 26 17 34 06.73  31.462  06.891  0134.78  00.50  07.95  259.6  009.26  30.856  1024.792  1475.23 
2024 06 26 17 34 06.98  31.459  06.892  0134.64  00.52  07.95  259.6  009.26  30.853  1024.789  1475.22 
2024 06 26 17 34 07.23  31.459  06.891  0134.57  00.57  08.11  259.6  009.26  30.853  1024.788  1475.22 
2024 06 26 17 34 07.48  31.459  06.892  0134.42  00.58  08.09  259.6  009.26  30.853  1024.788  1475.22 
2024 06 26 17 34 07.73  31.459  06.891  0134.20  00.52  08.07  259.6  009.26  30.854  1024.787  1475.22 
2024 06 26 17 34 07.98  31.460  06.891  0133.98  00.61  08.05  259.6  009.26  30.855  1024.787  1475.21 
2024 06 26 17 34 08.23  31.459  06.893  0133.66  00.59  07.85  259.5  009.26  30.852  1024.783  1475.21 
2024 06 26 17 34 08.48  31.459  06.893  0133.36  00.59  07.91  259.5  009.26  30.853  1024.783  1475.21 
2024 06 26 17 34 08.73  31.459  06.893  0133.17  00.62  07.91  259.5  009.26  30.852  1024.781  1475.20 
2024 06 26 17 34 08.98  31.462  06.894  0132.96  00.60  07.92  259.5  009.26  30.855  1024.782  1475.21 
2024 06 26 17 34 09.23  31.459  06.894  0132.84  00.57  07.93  259.5  009.26  30.852  1024.779  1475.20 
2024 06 26 17 34 09.48  31.460  06.894  0132.74  00.57  07.94  259.5  009.26  30.853  1024.780  1475.20 
2024 06 26 17 34 09.73  31.461  06.894  0132.65  00.61  07.94  259.5  009.26  30.854  1024.780  1475.20 
2024 06 26 17 34 09.98  31.459  06.894  0132.56  00.59  07.95  259.5  009.26  30.851  1024.778  1475.20 
2024 06 26 17 34 10.23  31.459  06.893  0132.38  00.57  08.13  259.5  009.26  30.854  1024.779  1475.19 
2024 06 26 17 34 10.48  31.460  06.893  0132.15  00.56  08.15  259.5  009.26  30.854  1024.778  1475.19 
2024 06 26 17 34 10.73  31.463  06.895  0131.93  00.53  08.13  259.5  009.23  30.855  1024.777  1475.20 
2024 06 26 17 34 10.98  31.463  06.896  0131.73  00.51  08.10  259.5  009.26  30.854  1024.776  1475.20 
2024 06 26 17 34 11.23  31.463  06.898  0131.60  00.52  07.89  259.5  009.26  30.854  1024.774  1475.20 
2024 06 26 17 34 11.48  31.465  06.900  0131.55  00.54  07.93  259.5  009.26  30.853  1024.773  1475.21 
2024 06 26 17 34 11.73  31.467  06.899  0131.53  00.56  07.94  259.5  009.26  30.856  1024.775  1475.21 
2024 06 26 17 34 11.98  31.465  06.899  0131.45  00.56  07.95  259.5  009.26  30.854  1024.774  1475.20 
2024 06 26 17 34 12.23  31.466  06.900  0131.25  00.55  07.95  259.5  009.26  30.855  1024.773  1475.20 
2024 06 26 17 34 12.48  31.474  06.906  0130.96  00.56  07.97  259.5  009.26  30.858  1024.774  1475.23 
2024 06 26 17 34 12.73  31.476  06.912  0130.62  00.57  07.96  259.5  009.26  30.856  1024.770  1475.24 
2024 06 26 17 34 12.98  31.479  06.916  0130.27  00.60  08.00  259.5  009.26  30.855  1024.767  1475.25 
2024 06 26 17 34 13.23  31.478  06.916  0129.88  00.56  08.18  259.5  009.26  30.853  1024.764  1475.24 
2024 06 26 17 34 13.48  31.480  06.916  0129.56  00.55  08.10  259.5  009.26  30.856  1024.764  1475.24 
2024 06 26 17 34 13.73  31.479  06.918  0129.22  00.50  08.07  259.5  009.26  30.853  1024.761  1475.24 
2024 06 26 17 34 13.98  31.478  06.917  0128.85  00.57  08.10  259.5  009.26  30.853  1024.759  1475.23 
2024 06 26 17 34 14.23  31.481  06.917  0128.51  00.58  07.88  259.7  009.26  30.856  1024.760  1475.23 
2024 06 26 17 34 14.48  31.480  06.920  0128.12  00.56  07.93  259.7  009.26  30.854  1024.755  1475.23 
2024 06 26 17 34 14.73  31.480  06.922  0127.74  00.51  07.95  259.7  009.26  30.852  1024.752  1475.23 
2024 06 26 17 34 14.98  31.484  06.927  0127.34  00.57  07.94  259.7  009.26  30.852  1024.750  1475.24 
2024 06 26 17 34 15.23  31.490  06.938  0126.95  00.56  07.96  259.7  009.26  30.848  1024.743  1475.28 
2024 06 26 17 34 15.48  31.494  06.939  0126.56  00.55  07.99  259.7  009.26  30.852  1024.745  1475.28 
2024 06 26 17 34 15.73  31.496  06.943  0126.17  00.56  07.99  259.7  009.26  30.851  1024.742  1475.28 
2024 06 26 17 34 15.98  31.499  06.945  0125.79  00.54  07.99  259.7  009.26  30.853  1024.741  1475.29 
2024 06 26 17 34 16.23  31.501  06.946  0125.44  00.50  08.16  259.7  009.26  30.853  1024.739  1475.29 
2024 06 26 17 34 16.48  31.501  06.948  0125.09  00.54  08.13  259.7  009.26  30.852  1024.736  1475.29 
2024 06 26 17 34 16.73  31.505  06.950  0124.72  00.53  08.12  259.7  009.26  30.855  1024.737  1475.29 
2024 06 26 17 34 16.98  31.506  06.952  0124.38  00.54  08.11  259.7  009.26  30.854  1024.734  1475.30 
2024 06 26 17 34 17.23  31.506  06.951  0124.04  00.81  07.87  260.4  009.26  30.856  1024.734  1475.29 
2024 06 26 17 34 17.48  31.509  06.955  0123.69  00.65  07.93  260.4  009.26  30.856  1024.732  1475.30 
2024 06 26 17 34 17.73  31.507  06.955  0123.29  00.59  07.95  260.4  009.26  30.854  1024.729  1475.29 
2024 06 26 17 34 17.98  31.510  06.957  0122.89  00.58  07.96  260.4  009.26  30.856  1024.728  1475.29 
2024 06 26 17 34 18.23  31.510  06.958  0122.53  00.58  07.97  260.4  009.26  30.855  1024.726  1475.29 
2024 06 26 17 34 18.48  31.510  06.957  0122.16  00.60  07.97  260.4  009.26  30.856  1024.725  1475.28 
2024 06 26 17 34 18.73  31.511  06.958  0121.74  00.60  07.97  260.4  009.26  30.856  1024.723  1475.28 
2024 06 26 17 34 18.98  31.508  06.958  0121.39  00.62  07.98  260.4  009.26  30.853  1024.719  1475.27 
2024 06 26 17 34 19.23  31.510  06.956  0120.97  00.63  08.17  260.4  009.26  30.857  1024.720  1475.26 
2024 06 26 17 34 19.48  31.510  06.957  0120.58  00.58  08.13  260.4  009.26  30.855  1024.717  1475.26 
2024 06 26 17 34 19.73  31.510  06.958  0120.21  00.55  08.09  260.4  009.26  30.856  1024.716  1475.25 
2024 06 26 17 34 19.98  31.508  06.958  0119.86  00.66  08.08  260.4  009.26  30.853  1024.712  1475.25 
2024 06 26 17 34 20.23  31.510  06.960  0119.58  00.60  07.76  261.6  009.26  30.853  1024.710  1475.25 
2024 06 26 17 34 20.48  31.512  06.960  0119.28  00.62  07.92  261.6  009.26  30.856  1024.711  1475.25 
2024 06 26 17 34 20.73  31.509  06.961  0118.99  00.63  07.91  261.6  009.26  30.852  1024.707  1475.24 
2024 06 26 17 34 20.98  31.507  06.961  0118.65  00.56  07.84  261.6  009.26  30.850  1024.704  1475.23 
2024 06 26 17 34 21.23  31.509  06.963  0118.35  00.61  07.88  261.6  009.26  30.851  1024.702  1475.24 
2024 06 26 17 34 21.48  31.512  06.963  0118.05  00.59  07.98  261.6  009.26  30.854  1024.704  1475.24 
2024 06 26 17 34 21.73  31.514  06.973  0117.71  00.59  07.98  261.6  009.26  30.848  1024.696  1475.26 
2024 06 26 17 34 21.98  31.518  06.974  0117.39  00.57  07.96  261.6  009.26  30.850  1024.696  1475.27 
2024 06 26 17 34 22.23  31.519  06.976  0117.06  00.55  08.13  261.6  009.26  30.850  1024.694  1475.27 
2024 06 26 17 34 22.48  31.524  06.985  0116.67  00.55  08.12  261.6  009.26  30.848  1024.690  1475.29 
2024 06 26 17 34 22.73  31.530  06.989  0116.36  00.53  08.12  261.6  009.26  30.851  1024.691  1475.31 
2024 06 26 17 34 22.98  31.529  06.992  0116.04  00.55  08.10  261.6  009.26  30.847  1024.685  1475.31 
2024 06 26 17 34 23.23  31.533  06.992  0115.79  00.52  07.86  260.9  009.26  30.852  1024.688  1475.31 
2024 06 26 17 34 23.48  31.533  06.992  0115.55  00.55  07.88  260.9  009.26  30.852  1024.687  1475.31 
2024 06 26 17 34 23.73  31.533  06.994  0115.24  00.58  07.91  260.9  009.26  30.850  1024.683  1475.31 
2024 06 26 17 34 23.98  31.537  06.996  0114.91  00.57  07.94  260.9  009.26  30.853  1024.684  1475.31 
2024 06 26 17 34 24.23  31.540  07.003  0114.55  00.55  07.97  260.9  009.26  30.850  1024.679  1475.33 
2024 06 26 17 34 24.48  31.540  07.004  0114.20  00.56  07.98  260.9  009.26  30.849  1024.677  1475.33 
2024 06 26 17 34 24.73  31.542  07.003  0113.84  00.54  07.98  260.9  009.26  30.853  1024.678  1475.32 
2024 06 26 17 34 24.98  31.540  07.005  0113.52  00.60  07.95  260.9  009.26  30.849  1024.673  1475.32 
2024 06 26 17 34 25.23  31.540  07.004  0113.21  00.55  08.16  260.9  009.26  30.849  1024.672  1475.31 
2024 06 26 17 34 25.48  31.541  07.004  0112.86  00.59  08.12  260.9  009.26  30.851  1024.672  1475.31 
2024 06 26 17 34 25.73  31.540  07.004  0112.51  00.65  08.01  260.9  009.26  30.850  1024.669  1475.30 
2024 06 26 17 34 25.98  31.541  07.006  0112.18  00.59  08.05  260.9  009.26  30.850  1024.668  1475.30 
2024 06 26 17 34 26.23  31.543  07.007  0111.80  00.63  07.84  259.8  009.26  30.851  1024.667  1475.30 
2024 06 26 17 34 26.48  31.543  07.009  0111.49  00.61  07.90  259.8  009.26  30.850  1024.664  1475.30 
2024 06 26 17 34 26.73  31.547  07.013  0111.09  00.58  07.92  259.8  009.26  30.850  1024.662  1475.31 
2024 06 26 17 34 26.98  31.547  07.013  0110.73  00.61  07.91  259.8  009.26  30.851  1024.661  1475.31 
2024 06 26 17 34 27.23  31.547  07.014  0110.41  00.59  07.93  259.8  009.26  30.850  1024.659  1475.31 
2024 06 26 17 34 27.48  31.551  07.018  0110.09  00.60  07.92  259.8  009.26  30.851  1024.657  1475.32 
2024 06 26 17 34 27.73  31.551  07.019  0109.78  00.55  07.97  259.8  009.26  30.850  1024.655  1475.32 
2024 06 26 17 34 27.98  31.554  07.022  0109.49  00.55  07.95  259.8  009.26  30.851  1024.654  1475.32 
2024 06 26 17 34 28.23  31.555  07.024  0109.18  00.62  08.16  259.8  009.26  30.850  1024.652  1475.33 
2024 06 26 17 34 28.48  31.556  07.025  0108.86  00.59  08.14  259.8  009.26  30.850  1024.650  1475.33 
2024 06 26 17 34 28.73  31.557  07.030  0108.48  00.57  08.02  259.8  009.26  30.847  1024.646  1475.34 
2024 06 26 17 34 28.98  31.561  07.032  0108.08  00.61  08.08  259.8  009.26  30.850  1024.645  1475.34 
2024 06 26 17 34 29.23  31.559  07.033  0107.77  00.61  07.86  258.7  009.26  30.847  1024.642  1475.33 
2024 06 26 17 34 29.48  31.561  07.032  0107.41  00.53  07.91  258.7  009.26  30.849  1024.642  1475.33 
2024 06 26 17 34 29.73  31.561  07.034  0107.16  00.53  07.92  258.7  009.26  30.848  1024.640  1475.33 
2024 06 26 17 34 29.98  31.562  07.034  0106.86  00.50  07.87  258.7  009.26  30.850  1024.639  1475.33 
2024 06 26 17 34 30.23  31.564  07.036  0106.52  00.58  07.97  258.7  009.26  30.850  1024.638  1475.33 
2024 06 26 17 34 30.48  31.567  07.041  0106.19  00.58  07.97  258.7  009.26  30.849  1024.635  1475.34 
2024 06 26 17 34 30.73  31.572  07.049  0105.85  00.59  07.87  258.7  009.26  30.848  1024.631  1475.37 
2024 06 26 17 34 30.98  31.578  07.056  0105.52  00.60  07.95  258.7  009.26  30.848  1024.629  1475.39 
2024 06 26 17 34 31.23  31.580  07.059  0105.17  00.62  08.12  258.7  009.26  30.848  1024.627  1475.40 
2024 06 26 17 34 31.48  31.585  07.066  0104.86  00.60  08.11  258.7  009.26  30.847  1024.624  1475.42 
2024 06 26 17 34 31.73  31.592  07.071  0104.60  00.61  08.10  258.7  009.26  30.851  1024.625  1475.44 
2024 06 26 17 34 31.98  31.593  07.077  0104.32  00.55  08.06  258.7  009.26  30.846  1024.619  1475.45 
2024 06 26 17 34 32.23  31.596  07.079  0103.99  00.58  07.83  258.4  009.26  30.847  1024.618  1475.45 
2024 06 26 17 34 32.48  31.599  07.081  0103.69  00.68  07.91  258.4  009.26  30.849  1024.618  1475.46 
2024 06 26 17 34 32.73  31.601  07.080  0103.38  00.61  07.91  258.4  009.26  30.852  1024.619  1475.46 
2024 06 26 17 34 32.98  31.600  07.084  0103.11  00.58  07.86  258.4  009.26  30.848  1024.615  1475.46 
2024 06 26 17 34 33.23  31.604  07.086  0102.84  00.57  07.94  258.4  009.26  30.851  1024.615  1475.47 
2024 06 26 17 34 33.48  31.604  07.088  0102.56  00.64  07.95  258.4  009.26  30.848  1024.611  1475.47 
2024 06 26 17 34 33.73  31.606  07.092  0102.27  00.57  07.94  258.4  009.26  30.847  1024.609  1475.48 
2024 06 26 17 34 33.98  31.612  07.100  0101.92  00.53  07.97  258.4  009.26  30.847  1024.606  1475.50 
2024 06 26 17 34 34.23  31.622  07.112  0101.62  00.57  08.15  258.4  009.26  30.847  1024.603  1475.54 
2024 06 26 17 34 34.48  31.627  07.118  0101.27  00.55  08.13  258.4  009.26  30.847  1024.601  1475.56 
2024 06 26 17 34 34.73  31.631  07.121  0100.95  00.55  08.02  258.4  009.26  30.850  1024.601  1475.57 
2024 06 26 17 34 34.98  31.633  07.124  0100.62  00.58  08.08  258.4  009.26  30.849  1024.598  1475.58 
2024 06 26 17 34 35.23  31.636  07.123  0100.27  00.58  07.85  258.6  009.26  30.853  1024.600  1475.58 
2024 06 26 17 34 35.48  31.638  07.125  0099.96  00.50  07.90  258.6  009.26  30.853  1024.598  1475.58 
2024 06 26 17 34 35.73  31.639  07.128  0099.60  00.52  07.93  258.6  009.26  30.851  1024.595  1475.58 
2024 06 26 17 34 35.98  31.640  07.131  0099.24  00.56  07.95  258.6  009.26  30.851  1024.592  1475.59 
2024 06 26 17 34 36.23  31.641  07.131  0098.90  00.53  07.90  258.6  009.26  30.852  1024.591  1475.58 
2024 06 26 17 34 36.48  31.642  07.132  0098.52  00.54  07.95  258.6  009.26  30.853  1024.590  1475.58 
2024 06 26 17 34 36.73  31.642  07.133  0098.19  00.53  07.87  258.6  009.26  30.852  1024.589  1475.58 
2024 06 26 17 34 36.98  31.645  07.135  0097.86  00.52  07.89  258.6  009.26  30.853  1024.587  1475.58 
2024 06 26 17 34 37.23  31.648  07.138  0097.50  00.53  08.15  258.6  009.26  30.854  1024.586  1475.59 
2024 06 26 17 34 37.48  31.648  07.141  0097.17  00.57  08.02  258.6  009.26  30.852  1024.582  1475.59 
2024 06 26 17 34 37.73  31.650  07.142  0096.77  00.59  08.10  258.6  009.26  30.852  1024.581  1475.59 
2024 06 26 17 34 37.98  31.650  07.142  0096.41  00.56  08.08  258.6  009.26  30.853  1024.579  1475.59 
2024 06 26 17 34 38.23  31.654  07.143  0096.02  00.66  07.73  259.7  009.26  30.856  1024.580  1475.59 
2024 06 26 17 34 38.48  31.653  07.144  0095.67  00.60  07.96  259.7  009.26  30.855  1024.577  1475.58 
2024 06 26 17 34 38.73  31.658  07.146  0095.38  00.55  07.85  259.7  009.26  30.858  1024.578  1475.59 
2024 06 26 17 34 38.98  31.661  07.154  0095.04  00.60  07.98  259.7  009.26  30.854  1024.573  1475.61 
2024 06 26 17 34 39.23  31.669  07.170  0094.72  00.55  07.94  259.7  009.26  30.849  1024.564  1475.66 
2024 06 26 17 34 39.48  31.680  07.183  0094.33  00.48  08.01  259.7  009.26  30.850  1024.562  1475.71 
2024 06 26 17 34 39.73  31.689  07.185  0093.94  00.51  07.91  259.7  009.26  30.857  1024.566  1475.72 
2024 06 26 17 34 39.98  31.689  07.193  0093.61  00.51  08.02  259.7  009.26  30.850  1024.558  1475.74 
2024 06 26 17 34 40.23  31.694  07.199  0093.29  00.54  08.10  259.7  009.26  30.851  1024.556  1475.75 
2024 06 26 17 34 40.48  31.698  07.201  0092.97  00.53  08.15  259.7  009.26  30.854  1024.556  1475.76 
2024 06 26 17 34 40.73  31.699  07.202  0092.69  00.55  08.11  259.7  009.26  30.854  1024.555  1475.76 
2024 06 26 17 34 40.98  31.697  07.204  0092.35  00.57  08.13  259.7  009.26  30.850  1024.550  1475.76 
2024 06 26 17 34 41.23  31.701  07.205  0092.03  00.56  07.87  261.7  009.26  30.853  1024.551  1475.76 
2024 06 26 17 34 41.48  31.704  07.205  0091.64  00.51  07.88  261.7  009.26  30.857  1024.552  1475.76 
2024 06 26 17 34 41.73  31.703  07.207  0091.28  00.53  08.00  261.7  009.26  30.854  1024.548  1475.76 
2024 06 26 17 34 41.98  31.705  07.209  0090.90  00.52  07.88  261.7  009.26  30.855  1024.547  1475.76 
2024 06 26 17 34 42.23  31.705  07.208  0090.55  00.52  08.01  261.7  009.26  30.855  1024.546  1475.75 
2024 06 26 17 34 42.48  31.707  07.211  0090.26  00.47  07.99  261.7  009.26  30.855  1024.544  1475.76 
2024 06 26 17 34 42.73  31.706  07.216  0089.90  00.52  07.90  261.7  009.26  30.850  1024.538  1475.76 
2024 06 26 17 34 42.98  31.708  07.216  0089.53  00.48  08.00  261.7  009.26  30.852  1024.537  1475.76 
2024 06 26 17 34 43.23  31.709  07.217  0089.21  00.51  08.09  261.7  009.26  30.852  1024.536  1475.76 
2024 06 26 17 34 43.48  31.711  07.220  0088.86  00.57  08.13  261.7  009.26  30.853  1024.534  1475.77 
2024 06 26 17 34 43.73  31.713  07.220  0088.56  00.55  08.12  261.7  009.26  30.855  1024.534  1475.77 
2024 06 26 17 34 43.98  31.716  07.228  0088.17  00.52  08.01  261.7  009.26  30.851  1024.528  1475.78 
2024 06 26 17 34 44.23  31.720  07.231  0087.81  00.52  07.91  263.1  009.26  30.853  1024.528  1475.79 
2024 06 26 17 34 44.48  31.721  07.235  0087.49  00.50  07.96  263.1  009.26  30.851  1024.524  1475.80 
2024 06 26 17 34 44.73  31.727  07.244  0087.13  00.52  07.96  263.1  009.26  30.849  1024.520  1475.83 
2024 06 26 17 34 44.98  31.730  07.250  0086.76  00.46  07.99  263.1  009.26  30.847  1024.516  1475.84 
2024 06 26 17 34 45.23  31.734  07.252  0086.43  00.51  07.98  263.1  009.26  30.849  1024.516  1475.85 
2024 06 26 17 34 45.48  31.741  07.254  0086.07  00.51  07.97  263.1  009.26  30.856  1024.519  1475.86 
2024 06 26 17 34 45.73  31.744  07.265  0085.74  00.52  07.98  263.1  009.26  30.849  1024.511  1475.89 
2024 06 26 17 34 45.98  31.749  07.267  0085.38  00.52  07.86  263.1  009.26  30.853  1024.512  1475.90 
2024 06 26 17 34 46.23  31.750  07.269  0085.09  00.57  08.10  263.1  009.26  30.852  1024.510  1475.90 
2024 06 26 17 34 46.48  31.753  07.272  0084.76  00.52  08.10  263.1  009.26  30.853  1024.509  1475.90 
2024 06 26 17 34 46.73  31.755  07.274  0084.44  00.52  08.05  263.1  009.26  30.854  1024.507  1475.91 
2024 06 26 17 34 46.98  31.754  07.273  0084.11  00.59  08.05  263.1  009.26  30.854  1024.506  1475.90 
2024 06 26 17 34 47.23  31.755  07.277  0083.85  00.56  07.80  263.7  009.26  30.851  1024.502  1475.90 
2024 06 26 17 34 47.48  31.757  07.280  0083.57  00.50  07.94  263.7  009.26  30.851  1024.500  1475.91 
2024 06 26 17 34 47.73  31.763  07.287  0083.23  00.45  07.94  263.7  009.26  30.851  1024.498  1475.93 
2024 06 26 17 34 47.98  31.764  07.287  0082.89  00.48  07.96  263.7  009.26  30.853  1024.498  1475.93 
2024 06 26 17 34 48.23  31.767  07.292  0082.51  00.51  07.98  263.7  009.26  30.852  1024.495  1475.94 
2024 06 26 17 34 48.48  31.771  07.299  0082.20  00.50  07.97  263.7  009.26  30.849  1024.490  1475.96 
2024 06 26 17 34 48.73  31.774  07.300  0081.84  00.50  07.96  263.7  009.26  30.852  1024.490  1475.96 
2024 06 26 17 34 48.98  31.775  07.305  0081.49  00.50  07.97  263.7  009.26  30.850  1024.487  1475.97 
2024 06 26 17 34 49.23  31.779  07.307  0081.20  00.50  08.11  263.7  009.23  30.852  1024.487  1475.98 
2024 06 26 17 34 49.48  31.782  07.314  0080.84  00.53  08.14  263.7  009.26  30.848  1024.481  1476.00 
2024 06 26 17 34 49.73  31.784  07.316  0080.53  00.55  08.10  263.7  009.26  30.849  1024.480  1476.00 
2024 06 26 17 34 49.98  31.788  07.320  0080.20  00.54  08.08  263.7  009.26  30.850  1024.479  1476.01 
2024 06 26 17 34 50.23  31.792  07.325  0079.86  00.53  07.92  264.6  009.26  30.850  1024.477  1476.03 
2024 06 26 17 34 50.48  31.794  07.324  0079.52  00.54  07.96  264.6  009.26  30.853  1024.478  1476.02 
2024 06 26 17 34 50.73  31.795  07.327  0079.17  00.55  07.97  264.6  009.26  30.852  1024.475  1476.03 
2024 06 26 17 34 50.98  31.799  07.334  0078.88  00.50  07.98  264.6  009.26  30.850  1024.471  1476.05 
2024 06 26 17 34 51.23  31.803  07.334  0078.59  00.52  07.98  264.6  009.26  30.855  1024.473  1476.05 
2024 06 26 17 34 51.48  31.812  07.353  0078.28  00.51  07.96  264.6  009.26  30.848  1024.464  1476.11 
2024 06 26 17 34 51.73  31.818  07.365  0077.98  00.45  08.00  264.6  009.26  30.844  1024.458  1476.14 
2024 06 26 17 34 51.98  31.849  07.405  0077.57  00.48  07.89  264.6  009.26  30.842  1024.449  1476.29 
2024 06 26 17 34 52.23  31.860  07.411  0077.31  00.45  08.12  264.6  009.26  30.847  1024.451  1476.32 
2024 06 26 17 34 52.48  31.869  07.420  0076.94  00.45  08.11  264.6  009.26  30.849  1024.450  1476.35 
2024 06 26 17 34 52.73  31.875  07.429  0076.65  00.55  08.08  264.6  009.26  30.848  1024.446  1476.37 
2024 06 26 17 34 52.98  31.877  07.432  0076.41  00.51  08.08  264.6  009.26  30.847  1024.444  1476.38 
2024 06 26 17 34 53.23  31.885  07.442  0076.07  00.52  07.92  265.1  009.26  30.847  1024.441  1476.42 
2024 06 26 17 34 53.48  31.895  07.456  0075.76  00.48  08.02  265.1  009.26  30.845  1024.436  1476.46 
2024 06 26 17 34 53.73  31.904  07.463  0075.40  00.49  08.03  265.1  009.26  30.850  1024.437  1476.49 
2024 06 26 17 34 53.98  31.913  07.475  0075.04  00.42  08.04  265.1  009.26  30.849  1024.433  1476.53 
2024 06 26 17 34 54.23  31.919  07.490  0074.75  00.42  08.04  265.1  009.26  30.842  1024.424  1476.57 
2024 06 26 17 34 54.48  31.927  07.494  0074.46  00.43  07.97  265.1  009.26  30.847  1024.426  1476.59 
2024 06 26 17 34 54.73  31.932  07.498  0074.20  00.44  07.97  265.1  009.26  30.849  1024.426  1476.60 
2024 06 26 17 34 54.98  31.935  07.502  0073.89  00.47  07.98  265.1  009.26  30.849  1024.424  1476.61 
2024 06 26 17 34 55.23  31.943  07.509  0073.76  00.50  08.08  265.1  009.26  30.851  1024.424  1476.64 
2024 06 26 17 34 55.48  31.947  07.520  0073.76  00.53  08.05  265.1  009.23  30.846  1024.418  1476.68 
2024 06 26 17 34 55.73  31.950  07.516  0073.67  00.54  07.94  265.1  009.26  30.852  1024.424  1476.67 
2024 06 26 17 34 55.98  31.949  07.516  0073.33  00.51  08.00  265.1  009.26  30.851  1024.421  1476.66 
2024 06 26 17 34 56.23  31.947  07.517  0073.06  00.48  07.92  265.2  009.26  30.848  1024.417  1476.66 
2024 06 26 17 34 56.48  31.951  07.518  0072.79  00.48  07.99  265.2  009.26  30.851  1024.419  1476.66 
2024 06 26 17 34 56.73  31.948  07.519  0072.52  00.51  07.97  265.2  009.26  30.848  1024.415  1476.66 
2024 06 26 17 34 56.98  31.949  07.519  0072.23  00.47  07.97  265.2  009.26  30.849  1024.415  1476.65 
2024 06 26 17 34 57.23  31.951  07.519  0071.95  00.46  07.99  265.2  009.26  30.851  1024.415  1476.65 
2024 06 26 17 34 57.48  31.949  07.519  0071.69  00.48  08.00  265.2  009.26  30.849  1024.412  1476.65 
2024 06 26 17 34 57.73  31.948  07.520  0071.43  00.43  07.94  265.2  009.26  30.848  1024.410  1476.64 
2024 06 26 17 34 57.98  31.950  07.519  0071.16  00.43  08.04  265.2  009.26  30.850  1024.410  1476.64 
2024 06 26 17 34 58.23  31.951  07.520  0070.84  00.48  08.14  265.2  009.26  30.851  1024.410  1476.64 
2024 06 26 17 34 58.48  31.951  07.522  0070.50  00.56  08.03  265.2  009.26  30.850  1024.407  1476.64 
2024 06 26 17 34 58.73  31.950  07.528  0070.20  00.53  08.09  265.2  009.26  30.843  1024.399  1476.65 
2024 06 26 17 34 58.98  31.953  07.531  0069.93  00.48  08.07  265.2  009.26  30.844  1024.398  1476.66 
2024 06 26 17 34 59.23  31.956  07.532  0069.66  00.47  07.95  266.1  009.26  30.846  1024.399  1476.66 
2024 06 26 17 34 59.48  31.959  07.536  0069.39  00.46  07.89  266.1  009.26  30.846  1024.397  1476.67 
2024 06 26 17 34 59.73  31.961  07.536  0069.08  00.47  07.98  266.1  009.26  30.848  1024.397  1476.67 
2024 06 26 17 34 59.98  31.962  07.542  0068.76  00.46  08.00  266.1  009.26  30.844  1024.391  1476.68 
2024 06 26 17 35 00.23  31.967  07.546  0068.43  00.46  07.99  266.1  009.26  30.847  1024.391  1476.69 
2024 06 26 17 35 00.48  31.969  07.550  0068.15  00.45  07.99  266.1  009.26  30.844  1024.387  1476.70 
2024 06 26 17 35 00.73  31.969  07.552  0067.88  00.49  07.97  266.1  009.26  30.843  1024.385  1476.70 
2024 06 26 17 35 00.98  31.970  07.553  0067.59  00.46  07.98  266.1  009.26  30.844  1024.384  1476.70 
2024 06 26 17 35 01.23  31.974  07.559  0067.34  00.43  08.09  266.1  009.26  30.843  1024.382  1476.72 
2024 06 26 17 35 01.48  31.976  07.559  0067.02  00.52  08.06  266.1  009.26  30.844  1024.381  1476.72 
2024 06 26 17 35 01.73  31.979  07.563  0066.74  00.52  08.07  266.1  009.26  30.844  1024.380  1476.73 
2024 06 26 17 35 01.98  31.984  07.573  0066.39  00.50  08.03  266.1  009.26  30.841  1024.374  1476.76 
2024 06 26 17 35 02.23  31.994  07.585  0066.05  00.53  07.90  265.5  009.26  30.842  1024.371  1476.80 
2024 06 26 17 35 02.48  31.997  07.591  0065.72  00.46  07.94  265.5  009.26  30.839  1024.367  1476.81 
2024 06 26 17 35 02.73  32.002  07.594  0065.36  00.44  07.98  265.5  009.26  30.842  1024.367  1476.82 
2024 06 26 17 35 02.98  32.002  07.595  0065.05  00.44  07.84  265.5  009.26  30.842  1024.365  1476.82 
2024 06 26 17 35 03.23  32.003  07.595  0064.74  00.45  07.99  265.5  009.26  30.842  1024.364  1476.82 
2024 06 26 17 35 03.48  32.004  07.596  0064.45  00.45  07.88  265.5  009.26  30.843  1024.364  1476.82 
2024 06 26 17 35 03.73  32.002  07.596  0064.08  00.46  08.02  265.5  009.26  30.842  1024.361  1476.81 
2024 06 26 17 35 03.98  32.002  07.595  0063.78  00.51  08.00  265.5  009.26  30.843  1024.360  1476.80 
2024 06 26 17 35 04.23  32.003  07.595  0063.42  00.52  07.94  265.5  009.26  30.844  1024.359  1476.80 
2024 06 26 17 35 04.48  32.003  07.595  0063.09  00.48  08.07  265.5  009.26  30.844  1024.358  1476.79 
2024 06 26 17 35 04.73  32.002  07.594  0062.76  00.45  08.06  265.5  009.26  30.844  1024.356  1476.78 
2024 06 26 17 35 04.98  32.000  07.593  0062.44  00.49  08.09  265.5  009.26  30.842  1024.354  1476.77 
2024 06 26 17 35 05.23  31.998  07.593  0062.18  00.45  07.98  264.3  009.26  30.840  1024.351  1476.77 
2024 06 26 17 35 05.48  31.998  07.593  0061.81  00.46  07.87  264.3  009.26  30.841  1024.350  1476.76 
2024 06 26 17 35 05.73  32.000  07.594  0061.50  00.49  07.99  264.3  009.26  30.842  1024.349  1476.76 
2024 06 26 17 35 05.98  32.000  07.596  0061.16  00.44  08.02  264.3  009.26  30.840  1024.346  1476.76 
2024 06 26 17 35 06.23  31.999  07.596  0060.78  00.43  08.01  264.3  009.26  30.840  1024.344  1476.75 
2024 06 26 17 35 06.48  32.001  07.599  0060.45  00.45  08.01  264.3  009.26  30.840  1024.342  1476.76 
2024 06 26 17 35 06.73  32.005  07.605  0060.06  00.45  07.96  264.3  009.26  30.839  1024.339  1476.78 
2024 06 26 17 35 06.98  32.005  07.606  0059.70  00.47  07.99  264.3  009.26  30.838  1024.336  1476.77 
2024 06 26 17 35 07.23  32.009  07.607  0059.35  00.48  08.05  264.3  009.26  30.841  1024.337  1476.77 
2024 06 26 17 35 07.48  32.009  07.607  0059.03  00.46  08.07  264.3  009.26  30.841  1024.335  1476.77 
2024 06 26 17 35 07.73  32.008  07.608  0058.66  00.43  07.97  264.3  009.26  30.839  1024.332  1476.76 
2024 06 26 17 35 07.98  32.009  07.609  0058.28  00.50  08.04  264.3  009.26  30.840  1024.331  1476.76 
2024 06 26 17 35 08.23  32.009  07.609  0057.94  00.97  07.86  264.2  009.26  30.840  1024.329  1476.76 
2024 06 26 17 35 08.48  32.010  07.611  0057.60  00.64  07.98  264.2  009.26  30.840  1024.327  1476.76 
2024 06 26 17 35 08.73  32.009  07.610  0057.23  00.45  07.98  264.2  009.26  30.839  1024.325  1476.75 
2024 06 26 17 35 08.98  32.009  07.611  0056.90  00.43  07.88  264.2  009.26  30.839  1024.324  1476.75 
2024 06 26 17 35 09.23  32.012  07.612  0056.57  00.42  07.98  264.2  009.26  30.841  1024.323  1476.75 
2024 06 26 17 35 09.48  32.011  07.612  0056.23  00.43  07.91  264.2  009.26  30.840  1024.321  1476.74 
2024 06 26 17 35 09.73  32.010  07.614  0055.96  00.51  08.01  264.2  009.26  30.837  1024.317  1476.74 
2024 06 26 17 35 09.98  32.013  07.616  0055.80  00.46  08.02  264.2  009.26  30.839  1024.318  1476.75 
2024 06 26 17 35 10.23  32.019  07.626  0055.78  00.45  08.11  264.2  009.26  30.836  1024.314  1476.79 
2024 06 26 17 35 10.48  32.024  07.636  0055.85  00.48  08.09  264.2  009.26  30.833  1024.310  1476.82 
2024 06 26 17 35 10.73  32.024  07.634  0055.90  00.45  08.07  264.2  009.26  30.835  1024.312  1476.81 
2024 06 26 17 35 10.98  32.022  07.635  0055.87  00.50  08.02  264.2  009.26  30.832  1024.310  1476.81 
2024 06 26 17 35 11.23  32.025  07.637  0055.72  00.47  07.89  264.8  009.26  30.834  1024.310  1476.82 
2024 06 26 17 35 11.48  32.027  07.637  0055.40  00.44  07.97  264.8  009.26  30.835  1024.310  1476.82 
2024 06 26 17 35 11.73  32.020  07.633  0055.15  00.46  07.95  264.8  009.26  30.831  1024.306  1476.79 
2024 06 26 17 35 11.98  32.021  07.633  0054.83  00.47  07.91  264.8  009.26  30.832  1024.306  1476.79 
2024 06 26 17 35 12.23  32.021  07.635  0054.49  00.40  07.91  264.8  009.26  30.831  1024.303  1476.79 
2024 06 26 17 35 12.48  32.022  07.634  0054.19  00.43  07.99  264.8  009.26  30.833  1024.303  1476.79 
2024 06 26 17 35 12.73  32.024  07.635  0053.85  00.43  08.01  264.8  009.26  30.834  1024.302  1476.79 
2024 06 26 17 35 12.98  32.023  07.636  0053.58  00.45  08.02  264.8  009.26  30.833  1024.300  1476.78 
2024 06 26 17 35 13.23  32.024  07.639  0053.27  00.48  08.00  264.8  009.26  30.831  1024.297  1476.79 
2024 06 26 17 35 13.48  32.028  07.645  0052.89  00.49  08.00  264.8  009.26  30.830  1024.293  1476.80 
2024 06 26 17 35 13.73  32.032  07.649  0052.63  00.50  08.07  264.8  009.26  30.831  1024.292  1476.82 
2024 06 26 17 35 13.98  32.036  07.654  0052.23  00.48  08.09  264.8  009.26  30.831  1024.290  1476.83 
2024 06 26 17 35 14.23  32.038  07.659  0051.91  00.43  07.79  265.1  009.26  30.829  1024.286  1476.84 
2024 06 26 17 35 14.48  32.040  07.664  0051.54  00.41  07.94  265.1  009.26  30.827  1024.282  1476.85 
2024 06 26 17 35 14.73  32.039  07.664  0051.20  00.45  07.97  265.1  009.26  30.826  1024.279  1476.84 
2024 06 26 17 35 14.98  32.041  07.666  0050.91  00.46  07.93  265.1  009.26  30.827  1024.279  1476.85 
2024 06 26 17 35 15.23  32.044  07.667  0050.58  00.38  08.00  265.1  009.26  30.829  1024.279  1476.85 
2024 06 26 17 35 15.48  32.040  07.666  0050.34  00.44  07.91  265.1  009.26  30.825  1024.275  1476.84 
2024 06 26 17 35 15.73  32.040  07.667  0050.00  00.45  07.98  265.1  009.26  30.825  1024.273  1476.84 
2024 06 26 17 35 15.98  32.037  07.665  0049.60  00.48  08.00  265.1  009.26  30.824  1024.271  1476.82 
2024 06 26 17 35 16.23  32.033  07.663  0049.35  00.48  08.05  265.1  009.26  30.822  1024.268  1476.81 
2024 06 26 17 35 16.48  32.033  07.661  0048.96  00.48  07.98  265.1  009.26  30.823  1024.268  1476.79 
2024 06 26 17 35 16.73  32.025  07.656  0048.68  00.47  08.08  265.1  009.26  30.820  1024.264  1476.76 
2024 06 26 17 35 16.98  32.022  07.655  0048.40  00.44  08.09  265.1  009.26  30.817  1024.261  1476.75 
2024 06 26 17 35 17.23  32.021  07.655  0048.08  00.47  07.91  265.5  009.26  30.816  1024.259  1476.75 
2024 06 26 17 35 17.48  32.019  07.655  0047.84  00.44  08.03  265.5  009.26  30.814  1024.256  1476.74 
2024 06 26 17 35 17.73  32.016  07.652  0047.53  00.46  07.89  265.5  009.26  30.814  1024.255  1476.72 
2024 06 26 17 35 17.98  32.003  07.640  0047.20  00.47  07.95  265.5  009.26  30.811  1024.252  1476.67 
2024 06 26 17 35 18.23  31.985  07.626  0046.84  00.53  07.99  265.5  009.26  30.803  1024.247  1476.60 
2024 06 26 17 35 18.48  31.965  07.600  0046.50  00.49  08.01  265.5  009.26  30.806  1024.251  1476.50 
2024 06 26 17 35 18.73  31.946  07.594  0046.20  00.57  07.92  265.5  009.26  30.791  1024.239  1476.45 
2024 06 26 17 35 18.98  31.936  07.581  0045.91  00.60  08.01  265.5  009.26  30.792  1024.240  1476.40 
2024 06 26 17 35 19.23  31.927  07.572  0045.60  00.60  08.10  265.5  009.26  30.791  1024.239  1476.35 
2024 06 26 17 35 19.48  31.914  07.563  0045.27  00.64  07.96  265.5  009.26  30.785  1024.234  1476.31 
2024 06 26 17 35 19.73  31.910  07.558  0044.88  00.62  08.07  265.5  009.26  30.785  1024.233  1476.28 
2024 06 26 17 35 19.98  31.899  07.553  0044.60  00.57  08.07  265.5  009.26  30.778  1024.227  1476.25 
2024 06 26 17 35 20.23  31.887  07.546  0044.24  00.58  07.96  267.6  009.26  30.771  1024.221  1476.21 
2024 06 26 17 35 20.48  31.884  07.544  0043.91  00.62  07.97  267.6  009.26  30.771  1024.219  1476.19 
2024 06 26 17 35 20.73  31.876  07.540  0043.64  00.64  08.00  267.6  009.26  30.765  1024.214  1476.17 
2024 06 26 17 35 20.98  31.871  07.539  0043.28  00.66  08.00  267.6  009.26  30.761  1024.209  1476.15 
2024 06 26 17 35 21.23  31.868  07.533  0042.96  00.73  08.01  267.6  009.26  30.762  1024.210  1476.13 
2024 06 26 17 35 21.48  31.858  07.524  0042.65  00.74  08.01  267.6  009.26  30.761  1024.209  1476.08 
2024 06 26 17 35 21.73  31.847  07.515  0042.33  00.68  08.01  267.6  009.26  30.757  1024.205  1476.04 
2024 06 26 17 35 21.98  31.838  07.510  0042.05  00.64  07.97  267.6  009.26  30.753  1024.201  1476.01 
2024 06 26 17 35 22.23  31.836  07.508  0041.68  00.60  08.04  267.6  009.26  30.751  1024.199  1476.00 
2024 06 26 17 35 22.48  31.830  07.501  0041.35  00.68  08.07  267.6  009.26  30.752  1024.198  1475.96 
2024 06 26 17 35 22.73  31.822  07.497  0041.05  00.72  08.08  267.6  009.26  30.747  1024.194  1475.94 
2024 06 26 17 35 22.98  31.806  07.480  0040.75  00.67  08.05  267.6  009.26  30.746  1024.194  1475.86 
2024 06 26 17 35 23.23  31.788  07.460  0040.44  00.65  07.92  271.8  009.26  30.744  1024.193  1475.78 
2024 06 26 17 35 23.48  31.767  07.442  0040.07  00.66  07.92  271.8  009.26  30.737  1024.189  1475.70 
2024 06 26 17 35 23.73  31.754  07.436  0039.75  00.77  07.93  271.8  009.26  30.729  1024.181  1475.66 
2024 06 26 17 35 23.98  31.747  07.432  0039.44  00.76  08.03  271.8  009.26  30.725  1024.178  1475.63 
2024 06 26 17 35 24.23  31.745  07.428  0039.15  00.83  08.04  271.8  009.26  30.727  1024.178  1475.61 
2024 06 26 17 35 24.48  31.739  07.424  0038.85  00.77  07.94  271.8  009.26  30.723  1024.175  1475.59 
2024 06 26 17 35 24.73  31.736  07.418  0038.56  00.72  07.94  271.8  009.26  30.726  1024.176  1475.57 
2024 06 26 17 35 24.98  31.728  07.413  0038.24  00.72  08.02  271.8  009.26  30.722  1024.172  1475.53 
2024 06 26 17 35 25.23  31.717  07.408  0037.87  00.80  08.07  271.8  009.26  30.715  1024.166  1475.50 
2024 06 26 17 35 25.48  31.705  07.397  0037.58  00.80  08.00  271.8  009.26  30.711  1024.163  1475.45 
2024 06 26 17 35 25.73  31.689  07.379  0037.22  00.81  08.04  271.8  009.26  30.711  1024.164  1475.37 
2024 06 26 17 35 25.98  31.679  07.374  0036.91  00.86  08.07  271.8  009.26  30.704  1024.158  1475.34 
2024 06 26 17 35 26.23  31.678  07.372  0036.61  00.88  07.96  275.7  009.26  30.705  1024.157  1475.33 
2024 06 26 17 35 26.48  31.671  07.370  0036.24  00.77  07.94  275.7  009.26  30.700  1024.152  1475.31 
2024 06 26 17 35 26.73  31.669  07.366  0035.92  00.84  07.97  275.7  009.26  30.700  1024.151  1475.29 
2024 06 26 17 35 26.98  31.660  07.357  0035.62  00.87  07.97  275.7  009.26  30.699  1024.150  1475.25 
2024 06 26 17 35 27.23  31.650  07.351  0035.37  00.92  08.02  275.7  009.26  30.694  1024.146  1475.21 
2024 06 26 17 35 27.48  31.632  07.335  0035.21  00.96  08.03  275.7  009.29  30.690  1024.144  1475.14 
2024 06 26 17 35 27.73  31.588  07.294  0035.07  01.01  07.96  275.7  009.26  30.678  1024.139  1474.97 
2024 06 26 17 35 27.98  31.580  07.287  0034.89  01.06  08.02  275.7  009.26  30.676  1024.137  1474.93 
2024 06 26 17 35 28.23  31.557  07.253  0034.66  01.01  08.11  275.7  009.26  30.681  1024.146  1474.80 
2024 06 26 17 35 28.48  31.549  07.251  0034.44  01.00  08.08  275.7  009.26  30.675  1024.140  1474.79 
2024 06 26 17 35 28.73  31.536  07.253  0034.18  00.97  07.99  275.7  009.26  30.659  1024.126  1474.77 
2024 06 26 17 35 28.98  31.512  07.221  0033.91  01.05  08.00  275.7  009.26  30.662  1024.131  1474.64 
2024 06 26 17 35 29.23  31.498  07.209  0033.65  01.07  07.89  278.6  009.26  30.658  1024.128  1474.59 
2024 06 26 17 35 29.48  31.488  07.207  0033.42  01.23  07.98  278.6  009.26  30.649  1024.120  1474.57 
2024 06 26 17 35 29.73  31.478  07.196  0033.21  01.21  08.01  278.6  009.26  30.648  1024.120  1474.52 
2024 06 26 17 35 29.98  31.463  07.185  0032.98  01.25  08.00  278.6  009.26  30.641  1024.115  1474.46 
2024 06 26 17 35 30.23  31.451  07.178  0032.70  01.26  07.99  278.6  009.26  30.635  1024.110  1474.42 
2024 06 26 17 35 30.48  31.421  07.145  0032.48  01.20  07.99  278.6  009.26  30.632  1024.111  1474.29 
2024 06 26 17 35 30.73  31.389  07.114  0032.18  01.21  08.03  278.6  009.26  30.625  1024.108  1474.15 
2024 06 26 17 35 30.98  31.362  07.098  0031.95  01.26  08.03  278.6  009.26  30.610  1024.097  1474.07 
2024 06 26 17 35 31.23  31.334  07.078  0031.68  01.40  08.01  278.6  009.26  30.598  1024.089  1473.97 
2024 06 26 17 35 31.48  31.307  07.044  0031.48  01.44  08.02  278.6  009.26  30.598  1024.093  1473.84 
2024 06 26 17 35 31.73  31.283  07.013  0031.30  01.55  08.04  278.6  009.26  30.600  1024.098  1473.71 
2024 06 26 17 35 31.98  31.253  07.011  0031.06  01.55  08.09  278.6  009.26  30.570  1024.073  1473.66 
2024 06 26 17 35 32.23  31.230  06.991  0030.97  01.52  07.91  279.2  009.26  30.563  1024.070  1473.58 
2024 06 26 17 35 32.48  31.147  06.908  0030.97  01.61  08.00  279.2  009.26  30.547  1024.068  1473.23 
2024 06 26 17 35 32.73  31.132  06.905  0030.74  01.60  07.89  279.2  009.26  30.532  1024.056  1473.20 
2024 06 26 17 35 32.98  31.129  06.905  0030.40  01.57  07.98  279.2  009.26  30.530  1024.053  1473.19 
2024 06 26 17 35 33.23  31.119  06.901  0030.11  01.55  07.97  279.2  009.26  30.523  1024.046  1473.16 
2024 06 26 17 35 33.48  31.100  06.879  0029.82  01.64  08.05  279.2  009.26  30.522  1024.047  1473.06 
2024 06 26 17 35 33.73  31.092  06.871  0029.60  01.80  07.97  279.2  009.26  30.520  1024.045  1473.03 
2024 06 26 17 35 33.98  31.074  06.852  0029.34  01.91  08.02  279.2  009.26  30.518  1024.045  1472.95 
2024 06 26 17 35 34.23  31.059  06.846  0029.11  01.91  08.02  279.2  009.26  30.507  1024.036  1472.90 
2024 06 26 17 35 34.48  31.034  06.827  0028.80  01.97  08.15  279.2  009.26  30.496  1024.028  1472.81 
2024 06 26 17 35 34.73  30.995  06.795  0028.52  02.06  07.98  279.2  009.26  30.483  1024.021  1472.67 
2024 06 26 17 35 34.98  30.981  06.781  0028.32  02.10  08.04  279.2  009.26  30.480  1024.019  1472.60 
2024 06 26 17 35 35.23  30.951  06.756  0028.03  02.20  07.91  280.8  009.26  30.470  1024.013  1472.49 
2024 06 26 17 35 35.48  30.924  06.725  0027.81  02.18  07.95  280.8  009.26  30.467  1024.014  1472.36 
2024 06 26 17 35 35.73  30.905  06.717  0027.51  02.29  08.04  280.8  009.26  30.455  1024.004  1472.31 
2024 06 26 17 35 35.98  30.882  06.700  0027.22  02.30  07.88  280.8  009.26  30.446  1023.997  1472.22 
2024 06 26 17 35 36.23  30.881  06.694  0026.99  02.21  07.96  280.8  009.26  30.449  1023.999  1472.20 
2024 06 26 17 35 36.48  30.876  06.692  0026.73  02.24  08.06  280.8  009.26  30.446  1023.996  1472.18 
2024 06 26 17 35 36.73  30.870  06.687  0026.48  02.35  07.97  280.8  009.26  30.444  1023.994  1472.16 
2024 06 26 17 35 36.98  30.866  06.680  0026.31  02.45  07.98  280.8  009.26  30.446  1023.995  1472.13 
2024 06 26 17 35 37.23  30.862  06.680  0026.06  02.42  08.17  280.8  009.26  30.441  1023.990  1472.12 
2024 06 26 17 35 37.48  30.859  06.677  0025.90  02.28  08.02  280.8  009.26  30.441  1023.990  1472.10 
2024 06 26 17 35 37.73  30.855  06.674  0025.73  02.68  08.01  280.8  009.26  30.440  1023.989  1472.09 
2024 06 26 17 35 37.98  30.837  06.658  0025.48  02.56  08.10  280.8  009.26  30.434  1023.985  1472.01 
2024 06 26 17 35 38.23  30.834  06.655  0025.29  02.38  07.89  282.8  009.26  30.433  1023.984  1472.00 
2024 06 26 17 35 38.48  30.827  06.644  0025.04  02.44  07.89  282.8  009.26  30.435  1023.986  1471.95 
2024 06 26 17 35 38.73  30.818  06.639  0024.78  02.39  07.94  282.8  009.26  30.430  1023.982  1471.92 
2024 06 26 17 35 38.98  30.812  06.633  0024.59  02.54  07.92  282.8  009.26  30.429  1023.980  1471.90 
2024 06 26 17 35 39.23  30.785  06.608  0024.31  02.66  08.01  282.8  009.26  30.422  1023.977  1471.78 
2024 06 26 17 35 39.48  30.761  06.587  0024.07  02.66  07.96  282.8  009.26  30.415  1023.973  1471.69 
2024 06 26 17 35 39.73  30.745  06.571  0023.92  02.61  08.01  282.8  009.26  30.411  1023.970  1471.62 
2024 06 26 17 35 39.98  30.710  06.538  0023.77  02.71  08.02  282.8  009.26  30.403  1023.967  1471.47 
2024 06 26 17 35 40.23  30.680  06.499  0023.53  02.76  08.11  282.8  009.26  30.404  1023.972  1471.32 
2024 06 26 17 35 40.48  30.646  06.462  0023.28  02.54  08.03  282.8  009.26  30.400  1023.972  1471.16 
2024 06 26 17 35 40.73  30.621  06.444  0022.97  02.73  08.12  282.8  009.26  30.389  1023.965  1471.07 
2024 06 26 17 35 40.98  30.594  06.429  0022.70  02.96  07.96  282.8  009.26  30.373  1023.953  1470.99 
2024 06 26 17 35 41.23  30.568  06.401  0022.38  03.06  07.96  283.7  009.26  30.369  1023.951  1470.87 
2024 06 26 17 35 41.48  30.534  06.367  0022.11  03.29  07.94  283.7  009.26  30.362  1023.948  1470.72 
2024 06 26 17 35 41.73  30.493  06.319  0021.87  03.68  07.95  283.7  009.26  30.361  1023.953  1470.52 
2024 06 26 17 35 41.98  30.461  06.286  0021.56  03.55  07.96  283.7  009.26  30.355  1023.951  1470.37 
2024 06 26 17 35 42.23  30.433  06.266  0021.30  03.86  07.97  283.7  009.26  30.343  1023.942  1470.27 
2024 06 26 17 35 42.48  30.412  06.254  0021.08  04.06  07.96  283.7  009.26  30.330  1023.932  1470.21 
2024 06 26 17 35 42.73  30.353  06.217  0020.79  04.41  07.95  283.7  009.26  30.298  1023.910  1470.01 
2024 06 26 17 35 42.98  30.287  06.100  0020.54  04.56  07.97  283.7  009.26  30.329  1023.948  1469.58 
2024 06 26 17 35 43.23  30.243  06.083  0020.18  04.48  08.06  283.7  009.26  30.296  1023.921  1469.47 
2024 06 26 17 35 43.48  30.213  06.053  0019.85  04.31  08.01  283.7  009.26  30.290  1023.919  1469.33 
2024 06 26 17 35 43.73  30.195  06.035  0019.59  04.57  07.99  283.7  009.26  30.287  1023.917  1469.25 
2024 06 26 17 35 43.98  30.187  06.019  0019.31  04.51  08.05  283.7  009.26  30.291  1023.921  1469.19 
2024 06 26 17 35 44.23  30.165  06.003  0019.07  04.72  07.88  289.2  009.26  30.281  1023.914  1469.11 
2024 06 26 17 35 44.48  30.133  05.963  0018.87  04.79  07.98  289.2  009.26  30.281  1023.918  1468.95 
2024 06 26 17 35 44.73  30.099  05.935  0018.81  05.26  07.96  289.2  009.26  30.269  1023.911  1468.82 
2024 06 26 17 35 44.98  30.029  05.833  0018.82  05.52  08.08  289.2  009.26  30.282  1023.934  1468.42 
2024 06 26 17 35 45.23  29.982  05.813  0018.81  05.49  07.93  289.2  009.26  30.248  1023.909  1468.30 
2024 06 26 17 35 45.48  29.977  05.817  0018.72  05.24  08.07  289.2  009.26  30.239  1023.901  1468.30 
2024 06 26 17 35 45.73  29.954  05.787  0018.56  05.32  07.93  289.2  009.26  30.240  1023.904  1468.18 
2024 06 26 17 35 45.98  29.950  05.783  0018.44  05.26  08.06  289.2  009.26  30.239  1023.903  1468.16 
2024 06 26 17 35 46.23  29.944  05.777  0018.23  05.32  08.05  289.2  009.26  30.238  1023.902  1468.13 
2024 06 26 17 35 46.48  29.951  05.789  0018.01  05.12  08.02  289.2  009.26  30.236  1023.898  1468.17 
2024 06 26 17 35 46.73  29.937  05.768  0017.81  05.24  08.03  289.2  009.26  30.238  1023.902  1468.09 
2024 06 26 17 35 46.98  29.934  05.768  0017.60  05.17  08.07  289.2  009.26  30.235  1023.898  1468.08 
2024 06 26 17 35 47.23  29.926  05.761  0017.32  05.27  07.90  294.3  009.26  30.233  1023.896  1468.05 
2024 06 26 17 35 47.48  29.905  05.745  0017.06  05.43  07.93  294.3  009.26  30.224  1023.889  1467.96 
2024 06 26 17 35 47.73  29.884  05.714  0016.74  05.40  07.94  294.3  009.26  30.229  1023.895  1467.84 
2024 06 26 17 35 47.98  29.868  05.700  0016.44  05.53  07.99  294.3  009.26  30.222  1023.890  1467.77 
2024 06 26 17 35 48.23  29.858  05.692  0016.12  05.45  07.97  294.3  009.26  30.220  1023.888  1467.73 
2024 06 26 17 35 48.48  29.841  05.675  0015.81  05.62  08.03  294.3  009.26  30.216  1023.885  1467.65 
2024 06 26 17 35 48.73  29.833  05.669  0015.51  05.35  08.00  294.3  009.26  30.213  1023.882  1467.62 
2024 06 26 17 35 48.98  29.845  05.695  0015.25  05.36  08.00  294.3  009.26  30.203  1023.870  1467.71 
2024 06 26 17 35 49.23  29.860  05.704  0015.00  05.46  08.10  294.3  009.26  30.211  1023.874  1467.75 
2024 06 26 17 35 49.48  29.899  05.744  0014.78  05.95  08.08  294.3  009.26  30.219  1023.875  1467.92 
2024 06 26 17 35 49.73  29.941  05.833  0014.49  05.55  08.07  294.3  009.26  30.186  1023.838  1468.23 
2024 06 26 17 35 49.98  29.991  05.865  0014.22  05.64  08.06  294.3  009.26  30.214  1023.854  1468.39 
2024 06 26 17 35 50.23  30.055  05.938  0013.97  05.66  07.94  299.9  009.26  30.219  1023.849  1468.69 
2024 06 26 17 35 50.48  30.085  05.969  0013.71  05.68  07.96  299.9  009.26  30.225  1023.849  1468.82 
2024 06 26 17 35 50.73  30.099  05.985  0013.38  05.68  07.97  299.9  009.26  30.227  1023.847  1468.88 
2024 06 26 17 35 50.98  30.111  06.000  0013.06  05.96  07.97  299.9  009.26  30.227  1023.844  1468.93 
2024 06 26 17 35 51.23  30.126  06.022  0012.69  05.76  07.98  299.9  009.26  30.224  1023.837  1469.01 
2024 06 26 17 35 51.48  30.122  06.028  0012.34  05.88  07.99  299.9  009.26  30.214  1023.827  1469.02 
2024 06 26 17 35 51.73  30.069  05.976  0012.04  05.99  08.00  299.9  009.26  30.202  1023.822  1468.79 
2024 06 26 17 35 51.98  30.030  05.931  0011.73  06.17  08.01  299.9  009.26  30.199  1023.824  1468.60 
2024 06 26 17 35 52.23  30.000  05.923  0011.45  06.21  08.11  299.9  009.26  30.174  1023.803  1468.53 
2024 06 26 17 35 52.48  29.981  05.887  0011.21  06.36  08.09  299.9  009.26  30.184  1023.815  1468.40 
2024 06 26 17 35 52.73  29.964  05.875  0010.93  06.29  08.08  299.9  009.26  30.176  1023.808  1468.33 
2024 06 26 17 35 52.98  29.950  05.861  0010.68  06.76  08.06  299.9  009.26  30.173  1023.806  1468.26 
2024 06 26 17 35 53.23  29.945  05.856  0010.37  06.58  07.92  298.6  009.26  30.172  1023.805  1468.24 
2024 06 26 17 35 53.48  29.921  05.836  0010.09  06.64  07.96  298.6  009.26  30.164  1023.799  1468.14 
2024 06 26 17 35 53.73  29.875  05.801  0009.84  06.62  07.98  298.6  009.26  30.143  1023.786  1467.97 
2024 06 26 17 35 53.98  29.798  05.685  0009.60  06.79  08.00  298.6  009.26  30.162  1023.813  1467.52 
2024 06 26 17 35 54.23  29.701  05.591  0009.42  06.86  07.99  298.6  009.26  30.138  1023.803  1467.11 
2024 06 26 17 35 54.48  29.564  05.421  0009.23  06.99  08.04  298.6  009.26  30.135  1023.819  1466.41 
2024 06 26 17 35 54.73  29.414  05.319  0009.03  07.39  08.03  298.6  009.26  30.058  1023.768  1465.89 
2024 06 26 17 35 54.98  29.119  04.934  0008.83  07.66  08.02  298.6  009.26  30.072  1023.818  1464.32 
2024 06 26 17 35 55.23  28.986  04.784  0008.56  07.33  08.10  298.6  009.26  30.056  1023.820  1463.68 
2024 06 26 17 35 55.48  28.869  04.724  0008.35  07.50  08.09  298.6  009.26  29.976  1023.761  1463.33 
2024 06 26 17 35 55.73  28.726  04.610  0008.15  07.28  08.07  298.6  009.26  29.915  1023.724  1462.77 
2024 06 26 17 35 55.98  28.651  04.462  0007.88  07.50  08.12  298.6  009.26  29.962  1023.775  1462.21 
2024 06 26 17 35 56.23  28.585  04.419  0007.60  08.18  07.97  304.2  009.26  29.925  1023.748  1461.98 
2024 06 26 17 35 56.48  28.543  04.394  0007.33  07.69  08.00  304.2  009.26  29.900  1023.729  1461.84 
2024 06 26 17 35 56.73  28.502  04.371  0007.01  07.66  07.95  304.2  009.26  29.873  1023.709  1461.70 
2024 06 26 17 35 56.98  28.484  04.345  0006.68  07.50  08.01  304.2  009.26  29.877  1023.713  1461.59 
2024 06 26 17 35 57.23  28.480  04.343  0006.37  07.55  08.01  304.2  009.26  29.874  1023.709  1461.58 
2024 06 26 17 35 57.48  28.471  04.341  0006.04  07.73  07.96  304.2  009.26  29.865  1023.701  1461.55 
2024 06 26 17 35 57.73  28.450  04.317  0005.82  08.05  08.00  304.2  009.26  29.863  1023.700  1461.44 
2024 06 26 17 35 57.98  28.440  04.317  0005.45  07.93  07.96  304.2  009.26  29.851  1023.689  1461.42 
2024 06 26 17 35 58.23  28.439  04.318  0005.17  07.73  08.07  304.2  009.26  29.849  1023.686  1461.42 
2024 06 26 17 35 58.48  28.425  04.318  0004.91  07.59  08.07  304.2  009.26  29.834  1023.673  1461.40 
2024 06 26 17 35 58.73  28.415  04.308  0004.66  07.38  08.07  304.2  009.26  29.831  1023.670  1461.35 
2024 06 26 17 35 58.98  28.410  04.309  0004.45  07.97  08.03  304.2  009.26  29.825  1023.664  1461.34 
2024 06 26 17 35 59.23  28.404  04.300  0004.31  08.13  07.90  315.1  009.26  29.825  1023.665  1461.30 
2024 06 26 17 35 59.48  28.381  04.293  0004.14  08.31  07.90  315.1  009.26  29.805  1023.648  1461.24 
2024 06 26 17 35 59.73  28.304  04.221  0004.05  08.59  07.90  315.1  009.26  29.781  1023.635  1460.91 
2024 06 26 17 35 59.98  28.193  04.123  0003.91  09.10  07.94  315.1  009.26  29.741  1023.613  1460.44 
2024 06 26 17 36 00.23  28.021  04.012  0003.81  09.65  07.95  315.1  009.26  29.642  1023.543  1459.84 
2024 06 26 17 36 00.48  27.902  03.845  0003.65  09.59  07.97  315.1  009.26  29.655  1023.568  1459.15 
2024 06 26 17 36 00.73  27.857  03.849  0003.53  09.59  07.98  315.1  009.26  29.598  1023.521  1459.09 
2024 06 26 17 36 00.98  27.824  03.821  0003.43  10.17  07.98  315.1  009.26  29.585  1023.513  1458.96 
2024 06 26 17 36 01.23  27.758  03.746  0003.30  10.31  08.11  315.1  009.26  29.575  1023.512  1458.62 
2024 06 26 17 36 01.48  27.720  03.734  0003.19  10.25  08.08  315.1  009.26  29.542  1023.485  1458.53 
2024 06 26 17 36 01.73  27.693  03.657  0003.04  10.06  08.07  315.1  009.26  29.580  1023.522  1458.25 
2024 06 26 17 36 01.98  27.631  03.639  0002.92  10.24  08.05  315.1  009.26  29.523  1023.478  1458.09 
2024 06 26 17 36 02.23  27.541  03.588  0002.75  11.36  07.90  318.0  009.26  29.463  1023.433  1457.80 
2024 06 26 17 36 02.48  27.507  03.564  0002.54  10.87  07.95  318.0  009.26  29.445  1023.420  1457.67 
2024 06 26 17 36 02.73  27.473  03.543  0002.36  10.90  07.97  318.0  009.26  29.425  1023.405  1457.55 
2024 06 26 17 36 02.98  27.449  03.502  0002.19  10.84  07.98  318.0  009.26  29.433  1023.414  1457.38 
2024 06 26 17 36 03.23  27.421  03.512  0002.00  11.13  07.97  318.0  009.26  29.391  1023.379  1457.37 
2024 06 26 17 36 03.48  27.387  03.490  0001.82  11.24  08.00  318.0  009.26  29.370  1023.363  1457.24 
2024 06 26 17 36 03.73  27.271  03.326  0001.68  11.91  08.00  318.0  009.26  29.382  1023.386  1456.55 
2024 06 26 17 36 03.98  27.160  03.318  0001.48  11.91  08.04  318.0  009.26  29.258  1023.286  1456.35 
2024 06 26 17 36 04.23  27.086  03.249  0001.36  11.86  08.10  318.0  009.26  29.232  1023.271  1456.02 
2024 06 26 17 36 04.48  26.911  03.111  0001.14  12.52  08.08  318.0  009.26  29.150  1023.215  1455.32 
2024 06 26 17 36 04.73  26.775  03.035  0001.04  12.36  08.08  318.0  009.26  29.056  1023.145  1454.86 
2024 06 26 17 36 04.98  26.547  02.905  0000.99  13.07  08.16  318.0  009.26  28.900  1023.031  1454.10 
2024 06 26 17 36 05.23  26.135  02.504  0000.97  13.44  08.01  329.0  009.26  28.766  1022.952  1452.17 
2024 06 26 17 36 05.48  26.100  02.430  0000.97  12.51  08.04  329.0  009.26  28.790  1022.976  1451.87 
2024 06 26 17 36 05.73  25.862  02.263  0000.99  10.94  08.02  329.0  009.26  28.650  1022.876  1450.96 
2024 06 26 17 36 05.98  25.847  02.187  0000.96  10.47  08.02  329.0  009.26  28.700  1022.921  1450.68 
2024 06 26 17 36 06.23  25.716  02.172  0000.96  10.48  08.02  329.0  009.26  28.555  1022.805  1450.43 
2024 06 26 17 36 06.48  25.640  02.132  0000.94  10.36  08.02  329.0  009.26  28.499  1022.763  1450.17 
2024 06 26 17 36 06.73  25.641  02.132  0000.90  10.18  08.01  329.0  009.26  28.499  1022.763  1450.18 
2024 06 26 17 36 06.98  25.623  02.099  0000.91  10.14  07.97  329.0  009.26  28.507  1022.771  1450.04 
2024 06 26 17 36 07.23  25.586  02.114  0000.86  10.21  08.11  329.0  009.26  28.448  1022.724  1450.03 
2024 06 26 17 36 07.48  25.568  02.104  0000.84  09.38  08.10  329.0  009.26  28.435  1022.714  1449.97 
2024 06 26 17 36 07.73  25.560  02.103  0000.76  09.57  08.09  329.0  009.26  28.426  1022.706  1449.95 
2024 06 26 17 36 07.98  25.540  02.081  0000.72  09.37  08.09  329.0  009.26  28.422  1022.704  1449.85 
2024 06 26 17 36 08.23  25.515  02.070  0000.72  09.49  07.91  341.5  009.26  28.401  1022.688  1449.77 
2024 06 26 17 36 08.48  25.516  02.064  0000.74  09.54  07.96  341.5  009.26  28.408  1022.694  1449.75 
2024 06 26 17 36 08.73  25.513  02.070  0000.75  08.97  07.97  341.5  009.26  28.399  1022.686  1449.77 
2024 06 26 17 36 08.98  25.514  02.068  0000.77  08.93  07.98  341.5  009.26  28.402  1022.689  1449.76 
2024 06 26 17 36 09.23  25.518  02.079  0000.68  08.89  07.99  341.5  009.26  28.397  1022.684  1449.80 
2024 06 26 17 36 09.48  25.515  02.078  0000.52  09.24  08.04  341.5  009.26  28.394  1022.681  1449.79 
2024 06 26 17 36 09.73  25.508  02.075  0000.39  09.33  08.03  341.5  009.26  28.389  1022.676  1449.77 
2024 06 26 17 36 09.98  25.499  02.072  0000.21  09.38  08.03  341.5  009.26  28.381  1022.669  1449.74 
2024 06 26 17 36 10.23  25.493  02.058  0000.17  09.20  08.19  341.5  009.26  28.385  1022.673  1449.69 
2024 06 26 17 36 10.48  25.495  02.064  0000.13  08.91  08.17  341.5  009.26  28.383  1022.671  1449.71 
2024 06 26 17 36 10.73  25.495  02.059  0000.11  08.94  08.17  341.5  009.26  28.388  1022.675  1449.69 
2024 06 26 17 36 10.98  25.492  02.061  0000.04  09.39  08.15  341.5  009.26  28.381  1022.669  1449.69 
2024 06 26 17 36 11.23  25.483  02.053  0000.04  09.49  07.94  350.3  009.26  28.378  1022.667  1449.65 
2024 06 26 17 36 11.48  23.083  02.062  0000.05  09.32  07.99  350.3  009.29  25.453  1020.328  1445.87 
2024 06 26 17 36 11.73  02.478  02.071  0000.06  18.95  08.00  350.3  009.26  02.315  1001.818  1415.67 
2024 06 26 17 36 11.98  00.461  02.094  0000.06  24.57  08.01  350.3  009.26  00.398  1000.269  1413.22 
2024 06 26 17 36 12.23  00.311  02.105  0000.04  09.04  08.01  350.3  009.26  00.265  1000.162  1413.09 
2024 06 26 17 36 12.48  00.123  02.063  0000.06  02.83  08.01  350.3  009.26  00.103  1000.028  1412.68 
2024 06 26 17 36 12.73  00.112  01.982  0000.05  01.14  08.01  350.3  009.26  00.094  1000.018  1412.28 
2024 06 26 17 36 18.48  03.278  01.693  0000.07  00.55  04.33  354.4  009.26  03.151  1002.482  1414.97 
2024 06 26 17 36 18.73  21.558  01.720  0000.06  00.58  02.36  354.4  009.26  23.877  1019.084  1442.27 
