2024 06 27 12 14 20.79  11.404  02.395  0000.01  00.65  02.28  359.1  009.26  11.709  1009.345  1429.50 
2024 06 27 12 14 21.04  26.232  02.569  0000.06  04.20  00.71  359.1  009.26  28.824  1022.990  1452.51 
2024 06 27 12 14 21.29  26.314  02.587  0000.10  07.12  08.59  359.1  009.26  28.907  1023.055  1452.70 
2024 06 27 12 14 21.54  26.313  02.594  0000.19  07.50  08.75  359.1  009.26  28.900  1023.049  1452.72 
2024 06 27 12 14 21.79  26.326  02.593  0000.29  07.70  08.71  359.0  009.26  28.916  1023.063  1452.74 
2024 06 27 12 14 22.04  26.357  02.583  0000.29  08.07  08.73  359.0  009.26  28.962  1023.100  1452.76 
2024 06 27 12 14 22.29  26.366  02.594  0000.37  08.18  08.73  359.0  009.26  28.964  1023.102  1452.81 
2024 06 27 12 14 22.54  26.368  02.593  0000.48  08.16  08.73  359.0  009.26  28.966  1023.104  1452.81 
2024 06 27 12 14 22.79  26.377  02.607  0000.55  07.90  08.73  359.0  009.26  28.964  1023.102  1452.87 
2024 06 27 12 14 23.04  26.373  02.593  0000.64  08.11  08.73  359.0  009.26  28.972  1023.109  1452.82 
2024 06 27 12 14 23.29  26.388  02.622  0000.67  08.66  08.72  359.0  009.26  28.965  1023.101  1452.94 
2024 06 27 12 14 23.54  26.389  02.611  0000.71  08.61  08.72  359.0  009.26  28.975  1023.111  1452.90 
2024 06 27 12 14 23.79  26.389  02.611  0000.73  08.37  08.79  359.0  009.26  28.976  1023.112  1452.91 
2024 06 27 12 14 24.04  26.397  02.613  0000.75  08.73  08.78  359.0  009.26  28.984  1023.118  1452.93 
2024 06 27 12 14 24.29  26.394  02.612  0000.79  09.10  08.78  359.0  009.26  28.981  1023.115  1452.92 
2024 06 27 12 14 24.54  26.389  02.610  0000.84  08.52  08.77  359.0  009.26  28.976  1023.112  1452.90 
2024 06 27 12 14 24.79  26.394  02.613  0000.91  08.54  08.68  357.9  009.26  28.980  1023.115  1452.92 
2024 06 27 12 14 25.04  26.402  02.614  0000.95  09.25  08.69  357.9  009.26  28.988  1023.122  1452.94 
2024 06 27 12 14 25.29  26.405  02.622  0000.89  10.15  08.69  357.9  009.26  28.985  1023.119  1452.97 
2024 06 27 12 14 25.54  26.404  02.612  0000.86  09.52  08.69  357.9  009.26  28.992  1023.125  1452.93 
2024 06 27 12 14 25.79  26.396  02.608  0000.79  08.51  08.68  357.9  009.26  28.987  1023.121  1452.91 
2024 06 27 12 14 26.04  26.393  02.607  0000.71  08.38  08.68  357.9  009.26  28.984  1023.118  1452.90 
2024 06 27 12 14 26.29  26.393  02.607  0000.66  08.22  08.68  357.9  009.26  28.984  1023.118  1452.90 
2024 06 27 12 14 26.54  26.392  02.606  0000.63  08.10  08.68  357.9  009.26  28.983  1023.117  1452.89 
2024 06 27 12 14 26.79  26.389  02.603  0000.57  08.30  08.77  357.9  009.26  28.983  1023.117  1452.88 
2024 06 27 12 14 27.04  26.381  02.592  0000.53  08.04  08.77  357.9  009.26  28.983  1023.118  1452.83 
2024 06 27 12 14 27.29  26.382  02.592  0000.47  08.18  08.76  357.9  009.26  28.985  1023.119  1452.83 
2024 06 27 12 14 27.54  26.380  02.591  0000.42  07.92  08.76  357.9  009.26  28.983  1023.117  1452.82 
2024 06 27 12 14 27.79  26.379  02.588  0000.39  07.88  08.63  353.6  009.26  28.985  1023.118  1452.81 
2024 06 27 12 14 28.04  26.379  02.589  0000.33  08.12  08.65  353.6  009.26  28.984  1023.117  1452.81 
2024 06 27 12 14 28.29  26.381  02.589  0000.28  07.81  08.65  353.6  009.26  28.987  1023.120  1452.82 
2024 06 27 12 14 28.54  26.381  02.591  0000.26  08.54  08.65  353.6  009.26  28.984  1023.117  1452.82 
2024 06 27 12 14 28.79  26.381  02.592  0000.27  08.25  08.65  353.6  009.26  28.983  1023.117  1452.82 
2024 06 27 12 14 29.04  26.383  02.593  0000.25  08.03  08.65  353.6  009.26  28.985  1023.118  1452.83 
2024 06 27 12 14 29.29  26.385  02.596  0000.24  08.42  08.65  353.6  009.26  28.985  1023.117  1452.84 
2024 06 27 12 14 29.54  26.387  02.598  0000.25  09.09  08.65  353.6  009.26  28.986  1023.118  1452.85 
2024 06 27 12 14 29.79  26.386  02.598  0000.27  09.15  08.75  353.6  009.26  28.984  1023.117  1452.85 
2024 06 27 12 14 30.04  26.388  02.596  0000.27  08.74  08.75  353.6  009.26  28.988  1023.120  1452.85 
2024 06 27 12 14 30.29  26.388  02.596  0000.25  08.58  08.74  353.6  009.26  28.988  1023.120  1452.85 
2024 06 27 12 14 30.54  26.387  02.596  0000.21  07.95  08.73  353.6  009.26  28.987  1023.119  1452.85 
2024 06 27 12 14 30.79  26.386  02.596  0000.24  08.92  08.61  351.5  009.26  28.986  1023.118  1452.85 
2024 06 27 12 14 31.04  26.387  02.595  0000.22  08.46  08.62  351.5  009.26  28.988  1023.119  1452.84 
2024 06 27 12 14 31.29  26.389  02.596  0000.24  08.53  08.62  351.5  009.26  28.989  1023.121  1452.85 
2024 06 27 12 14 31.54  26.388  02.594  0000.27  08.25  08.62  351.5  009.26  28.990  1023.121  1452.84 
2024 06 27 12 14 31.79  26.388  02.596  0000.26  07.99  08.63  351.5  009.26  28.988  1023.120  1452.85 
2024 06 27 12 14 32.04  26.389  02.595  0000.23  07.72  08.63  351.5  009.26  28.990  1023.121  1452.85 
2024 06 27 12 14 32.29  26.385  02.593  0000.22  07.53  08.63  351.5  009.26  28.986  1023.119  1452.83 
2024 06 27 12 14 32.54  26.388  02.594  0000.26  08.01  08.63  351.5  009.26  28.990  1023.121  1452.84 
2024 06 27 12 14 32.79  26.385  02.592  0000.29  07.99  08.73  351.5  009.26  28.989  1023.121  1452.83 
2024 06 27 12 14 33.04  26.385  02.593  0000.33  08.13  08.72  351.5  009.26  28.988  1023.121  1452.83 
2024 06 27 12 14 33.29  26.385  02.590  0000.37  08.70  08.71  351.5  009.26  28.989  1023.122  1452.83 
2024 06 27 12 14 33.54  26.387  02.592  0000.38  08.80  08.71  351.5  009.26  28.990  1023.123  1452.84 
2024 06 27 12 14 33.79  26.387  02.592  0000.40  08.31  08.59  350.1  009.26  28.990  1023.123  1452.84 
2024 06 27 12 14 34.04  26.388  02.596  0000.38  08.47  08.60  350.1  009.26  28.988  1023.121  1452.85 
2024 06 27 12 14 34.29  26.395  02.596  0000.37  08.23  08.60  350.1  009.26  28.997  1023.128  1452.86 
2024 06 27 12 14 34.54  26.395  02.595  0000.44  08.15  08.60  350.1  009.26  28.997  1023.128  1452.86 
2024 06 27 12 14 34.79  26.388  02.592  0000.47  08.41  08.60  350.1  009.26  28.991  1023.124  1452.84 
2024 06 27 12 14 35.04  26.393  02.606  0000.52  08.57  08.61  350.1  009.26  28.984  1023.117  1452.89 
2024 06 27 12 14 35.29  26.397  02.612  0000.57  08.31  08.61  350.1  009.26  28.985  1023.118  1452.92 
2024 06 27 12 14 35.54  26.395  02.613  0000.57  08.87  08.61  350.1  009.26  28.981  1023.114  1452.92 
2024 06 27 12 14 35.79  26.400  02.613  0000.57  08.62  08.71  350.1  009.26  28.988  1023.120  1452.93 
2024 06 27 12 14 36.04  26.405  02.613  0000.55  08.65  08.70  350.1  009.26  28.993  1023.124  1452.94 
2024 06 27 12 14 36.29  26.411  02.620  0000.52  09.07  08.70  350.1  009.26  28.994  1023.124  1452.97 
2024 06 27 12 14 36.54  26.411  02.616  0000.54  08.56  08.69  350.1  009.26  28.998  1023.128  1452.95 
2024 06 27 12 14 36.79  26.409  02.617  0000.55  08.42  08.57  349.5  009.26  28.995  1023.125  1452.95 
2024 06 27 12 14 37.04  26.411  02.620  0000.58  08.49  08.58  349.5  009.26  28.994  1023.124  1452.97 
2024 06 27 12 14 37.29  26.410  02.622  0000.59  08.48  08.58  349.5  009.26  28.991  1023.122  1452.97 
2024 06 27 12 14 37.54  26.412  02.621  0000.57  08.53  08.58  349.5  009.26  28.994  1023.124  1452.97 
2024 06 27 12 14 37.79  26.409  02.619  0000.56  09.27  08.58  349.5  009.26  28.993  1023.124  1452.96 
2024 06 27 12 14 38.04  26.406  02.619  0000.56  09.68  08.59  349.5  009.26  28.989  1023.121  1452.96 
2024 06 27 12 14 38.29  26.408  02.616  0000.55  08.71  08.59  349.5  009.26  28.995  1023.126  1452.95 
2024 06 27 12 14 38.54  26.409  02.618  0000.57  08.76  08.59  349.5  009.26  28.994  1023.125  1452.96 
2024 06 27 12 14 38.79  26.408  02.616  0000.55  08.69  08.69  349.5  009.26  28.995  1023.125  1452.95 
2024 06 27 12 14 39.04  26.408  02.614  0000.58  08.95  08.69  349.5  009.26  28.997  1023.127  1452.94 
2024 06 27 12 14 39.29  26.409  02.614  0000.53  08.60  08.68  349.5  009.26  28.998  1023.128  1452.94 
2024 06 27 12 14 39.54  26.411  02.618  0000.55  08.31  08.67  349.5  009.26  28.996  1023.126  1452.96 
2024 06 27 12 14 39.79  26.407  02.616  0000.55  08.35  08.55  348.8  009.26  28.992  1023.123  1452.95 
2024 06 27 12 14 40.04  26.412  02.615  0000.55  09.39  08.56  348.8  009.29  29.000  1023.129  1452.95 
2024 06 27 12 14 40.29  26.417  02.627  0000.57  08.72  08.57  348.8  009.26  28.995  1023.125  1453.00 
2024 06 27 12 14 40.54  26.417  02.625  0000.59  08.58  08.57  348.8  009.26  28.997  1023.126  1452.99 
2024 06 27 12 14 40.79  26.418  02.626  0000.57  08.46  08.57  348.8  009.26  28.997  1023.126  1453.00 
2024 06 27 12 14 41.04  26.419  02.626  0000.57  08.46  08.57  348.8  009.26  28.998  1023.127  1453.00 
2024 06 27 12 14 41.29  26.417  02.627  0000.56  08.51  08.57  348.8  009.26  28.995  1023.125  1453.00 
2024 06 27 12 14 41.54  26.419  02.626  0000.55  08.50  08.57  348.8  009.26  28.998  1023.127  1453.00 
2024 06 27 12 14 41.79  26.418  02.625  0000.55  08.49  08.67  348.8  009.26  28.998  1023.127  1452.99 
2024 06 27 12 14 42.04  26.417  02.625  0000.57  08.48  08.67  348.8  009.26  28.997  1023.127  1452.99 
2024 06 27 12 14 42.29  26.417  02.624  0000.58  08.26  08.66  348.8  009.26  28.998  1023.127  1452.99 
2024 06 27 12 14 42.54  26.418  02.626  0000.57  08.55  08.65  348.8  009.26  28.997  1023.126  1453.00 
2024 06 27 12 14 42.79  26.419  02.624  0000.58  08.30  08.53  348.5  009.26  29.000  1023.129  1452.99 
2024 06 27 12 14 43.04  26.416  02.622  0000.55  08.75  08.55  348.5  009.26  28.999  1023.128  1452.98 
2024 06 27 12 14 43.29  26.413  02.618  0000.54  08.71  08.55  348.5  009.26  28.999  1023.128  1452.96 
2024 06 27 12 14 43.54  26.413  02.619  0000.54  08.95  08.55  348.5  009.26  28.997  1023.127  1452.97 
2024 06 27 12 14 43.79  26.413  02.620  0000.57  08.80  08.55  348.5  009.26  28.997  1023.127  1452.97 
2024 06 27 12 14 44.04  26.404  02.610  0000.56  08.19  08.55  348.5  009.26  28.995  1023.126  1452.92 
2024 06 27 12 14 44.29  26.404  02.604  0000.57  08.57  08.55  348.5  009.26  28.999  1023.130  1452.91 
2024 06 27 12 14 44.54  26.404  02.607  0000.54  08.90  08.55  348.5  009.26  28.997  1023.128  1452.91 
2024 06 27 12 14 44.79  26.403  02.607  0000.54  09.14  08.66  348.5  009.26  28.996  1023.127  1452.91 
2024 06 27 12 14 45.04  26.401  02.606  0000.56  08.48  08.65  348.5  009.26  28.995  1023.126  1452.91 
2024 06 27 12 14 45.29  26.404  02.615  0000.58  08.16  08.65  348.5  009.26  28.990  1023.121  1452.94 
2024 06 27 12 14 45.54  26.407  02.615  0000.59  08.26  08.64  348.5  009.26  28.993  1023.124  1452.94 
2024 06 27 12 14 45.79  26.407  02.616  0000.59  08.90  08.52  347.9  009.26  28.993  1023.124  1452.95 
2024 06 27 12 14 46.04  26.411  02.630  0000.57  09.01  08.53  347.9  009.26  28.985  1023.116  1453.00 
2024 06 27 12 14 46.29  26.410  02.635  0000.56  08.78  08.53  347.9  009.26  28.979  1023.112  1453.01 
2024 06 27 12 14 46.54  26.410  02.628  0000.54  09.09  08.53  347.9  009.26  28.986  1023.117  1452.99 
2024 06 27 12 14 46.79  26.412  02.621  0000.55  08.63  08.54  347.9  009.26  28.994  1023.124  1452.97 
2024 06 27 12 14 47.04  26.408  02.613  0000.58  08.35  08.54  347.9  009.26  28.998  1023.128  1452.94 
2024 06 27 12 14 47.29  26.407  02.613  0000.59  08.87  08.54  347.9  009.26  28.996  1023.126  1452.94 
2024 06 27 12 14 47.54  26.402  02.608  0000.57  08.42  08.54  347.9  009.26  28.994  1023.125  1452.91 
2024 06 27 12 14 47.79  26.399  02.598  0000.56  08.49  08.64  347.9  009.26  29.000  1023.131  1452.88 
2024 06 27 12 14 48.04  26.404  02.605  0000.56  08.91  08.64  347.9  009.26  28.999  1023.129  1452.91 
2024 06 27 12 14 48.29  26.410  02.610  0000.56  08.57  08.63  347.9  009.26  29.002  1023.132  1452.93 
2024 06 27 12 14 48.54  26.412  02.608  0000.56  08.35  08.62  347.9  009.26  29.007  1023.135  1452.93 
2024 06 27 12 14 48.79  26.416  02.612  0000.61  08.45  08.50  347.8  009.26  29.008  1023.136  1452.95 
2024 06 27 12 14 49.04  26.417  02.625  0000.61  08.73  08.52  347.8  009.26  28.997  1023.127  1452.99 
2024 06 27 12 14 49.29  26.415  02.623  0000.65  08.62  08.52  347.8  009.26  28.996  1023.126  1452.98 
2024 06 27 12 14 49.54  26.415  02.619  0000.66  08.99  08.52  347.8  009.26  28.999  1023.129  1452.97 
2024 06 27 12 14 49.79  26.414  02.618  0000.65  09.28  08.52  347.8  009.26  28.999  1023.129  1452.97 
2024 06 27 12 14 50.04  26.416  02.619  0000.64  08.82  08.52  347.8  009.26  29.000  1023.130  1452.97 
2024 06 27 12 14 50.29  26.421  02.624  0000.65  08.62  08.52  347.8  009.26  29.003  1023.131  1453.00 
2024 06 27 12 14 50.54  26.427  02.631  0000.64  08.47  08.52  347.8  009.26  29.003  1023.131  1453.03 
2024 06 27 12 14 50.79  26.433  02.643  0000.64  08.26  08.63  347.8  009.23  29.000  1023.127  1453.08 
2024 06 27 12 14 51.04  26.439  02.655  0000.61  08.29  08.62  347.8  009.26  28.996  1023.123  1453.12 
2024 06 27 12 14 51.29  26.438  02.646  0000.62  08.43  08.62  347.8  009.26  29.003  1023.130  1453.09 
2024 06 27 12 14 51.54  26.434  02.650  0000.58  08.69  08.61  347.8  009.26  28.995  1023.123  1453.10 
2024 06 27 12 14 51.79  26.432  02.646  0000.58  08.50  08.49  347.6  009.26  28.997  1023.125  1453.08 
2024 06 27 12 14 52.04  26.436  02.645  0000.59  08.19  08.50  347.6  009.26  29.002  1023.129  1453.09 
2024 06 27 12 14 52.29  26.437  02.647  0000.57  08.18  08.50  347.6  009.26  29.001  1023.128  1453.09 
2024 06 27 12 14 52.54  26.435  02.646  0000.61  08.21  08.51  347.6  009.26  29.000  1023.128  1453.09 
2024 06 27 12 14 52.79  26.432  02.642  0000.58  08.14  08.51  347.6  009.26  29.000  1023.127  1453.07 
2024 06 27 12 14 53.04  26.432  02.635  0000.59  08.46  08.51  347.6  009.26  29.005  1023.133  1453.05 
2024 06 27 12 14 53.29  26.431  02.633  0000.58  08.28  08.51  347.6  009.26  29.006  1023.133  1453.04 
2024 06 27 12 14 53.54  26.432  02.633  0000.60  08.52  08.51  347.6  009.26  29.007  1023.134  1453.04 
2024 06 27 12 14 53.79  26.431  02.635  0000.57  08.47  08.61  347.6  009.26  29.004  1023.132  1453.05 
2024 06 27 12 14 54.04  26.431  02.635  0000.60  08.99  08.61  347.6  009.26  29.005  1023.132  1453.04 
2024 06 27 12 14 54.29  26.428  02.633  0000.60  09.05  08.60  347.6  009.26  29.003  1023.131  1453.04 
2024 06 27 12 14 54.54  26.428  02.632  0000.56  09.02  08.60  347.6  009.26  29.003  1023.131  1453.03 
2024 06 27 12 14 54.79  26.428  02.632  0000.58  08.64  08.48  347.4  009.26  29.004  1023.132  1453.03 
2024 06 27 12 14 55.04  26.423  02.633  0000.62  08.33  08.49  347.4  009.26  28.996  1023.126  1453.03 
2024 06 27 12 14 55.29  26.424  02.631  0000.61  08.54  08.49  347.4  009.26  29.000  1023.129  1453.02 
2024 06 27 12 14 55.54  26.422  02.626  0000.61  08.52  08.49  347.4  009.26  29.002  1023.130  1453.00 
2024 06 27 12 14 55.79  26.420  02.623  0000.62  08.52  08.49  347.4  009.26  29.002  1023.131  1452.99 
2024 06 27 12 14 56.04  26.417  02.624  0000.61  08.27  08.50  347.4  009.26  28.998  1023.128  1452.99 
2024 06 27 12 14 56.29  26.415  02.619  0000.59  08.40  08.50  347.4  009.26  29.000  1023.129  1452.97 
2024 06 27 12 14 56.54  26.412  02.614  0000.60  08.55  08.50  347.4  009.26  29.001  1023.131  1452.95 
2024 06 27 12 14 56.79  26.413  02.617  0000.63  08.67  08.60  347.4  009.26  28.999  1023.129  1452.96 
2024 06 27 12 14 57.04  26.416  02.621  0000.65  08.72  08.60  347.4  009.26  28.999  1023.128  1452.98 
2024 06 27 12 14 57.29  26.412  02.616  0000.65  08.40  08.59  347.4  009.26  29.000  1023.130  1452.96 
2024 06 27 12 14 57.54  26.414  02.614  0000.67  08.58  08.58  347.4  009.26  29.003  1023.133  1452.95 
2024 06 27 12 14 57.79  26.411  02.617  0000.61  08.66  08.46  347.4  009.26  28.997  1023.127  1452.96 
2024 06 27 12 14 58.04  26.402  02.609  0000.57  08.77  08.48  347.4  009.26  28.993  1023.125  1452.92 
2024 06 27 12 14 58.29  26.400  02.605  0000.53  08.28  08.48  347.4  009.26  28.994  1023.125  1452.90 
2024 06 27 12 14 58.54  26.398  02.603  0000.51  08.38  08.48  347.4  009.26  28.994  1023.125  1452.89 
2024 06 27 12 14 58.79  26.396  02.601  0000.54  07.94  08.48  347.4  009.26  28.993  1023.125  1452.88 
2024 06 27 12 14 59.04  26.394  02.596  0000.53  07.96  08.48  347.4  009.26  28.995  1023.127  1452.86 
2024 06 27 12 14 59.29  26.395  02.597  0000.56  07.95  08.49  347.4  009.26  28.996  1023.127  1452.87 
2024 06 27 12 14 59.54  26.394  02.598  0000.55  08.16  08.49  347.4  009.26  28.994  1023.126  1452.87 
2024 06 27 12 14 59.79  26.396  02.604  0000.53  08.05  08.57  347.4  009.26  28.992  1023.123  1452.89 
2024 06 27 12 15 00.04  26.393  02.603  0000.55  08.47  08.57  347.4  009.26  28.988  1023.121  1452.88 
2024 06 27 12 15 00.29  26.393  02.598  0000.56  08.04  08.56  347.4  009.26  28.992  1023.124  1452.87 
2024 06 27 12 15 00.54  26.393  02.594  0000.56  08.06  08.56  347.4  009.26  28.997  1023.129  1452.85 
2024 06 27 12 15 00.79  26.389  02.588  0000.58  08.08  08.46  347.4  009.26  28.996  1023.128  1452.83 
2024 06 27 12 15 01.04  26.388  02.588  0000.59  08.35  08.47  347.4  009.26  28.995  1023.127  1452.83 
2024 06 27 12 15 01.29  26.389  02.590  0000.57  08.36  08.47  347.4  009.26  28.995  1023.128  1452.84 
2024 06 27 12 15 01.54  26.386  02.590  0000.56  07.99  08.47  347.4  009.26  28.991  1023.124  1452.83 
2024 06 27 12 15 01.79  26.386  02.591  0000.56  07.79  08.47  347.4  009.26  28.990  1023.124  1452.83 
2024 06 27 12 15 02.04  26.387  02.591  0000.54  08.46  08.47  347.4  009.26  28.991  1023.124  1452.84 
2024 06 27 12 15 02.29  26.387  02.589  0000.59  08.19  08.48  347.4  009.26  28.993  1023.126  1452.83 
2024 06 27 12 15 02.54  26.385  02.587  0000.59  08.15  08.48  347.4  009.26  28.992  1023.125  1452.82 
2024 06 27 12 15 02.79  26.385  02.587  0000.59  08.28  08.56  347.4  009.26  28.993  1023.126  1452.82 
2024 06 27 12 15 03.04  26.386  02.588  0000.55  08.12  08.56  347.4  009.26  28.993  1023.126  1452.83 
2024 06 27 12 15 03.29  26.386  02.588  0000.58  08.38  08.55  347.4  009.26  28.993  1023.126  1452.83 
2024 06 27 12 15 03.54  26.385  02.588  0000.60  08.23  08.55  347.4  009.26  28.992  1023.126  1452.82 
2024 06 27 12 15 03.79  26.385  02.587  0000.61  08.35  08.45  347.5  009.26  28.992  1023.125  1452.82 
2024 06 27 12 15 04.04  26.385  02.586  0000.60  08.32  08.46  347.5  009.26  28.993  1023.126  1452.82 
2024 06 27 12 15 04.29  26.382  02.585  0000.60  08.39  08.46  347.5  009.26  28.991  1023.125  1452.81 
2024 06 27 12 15 04.54  26.382  02.583  0000.59  08.23  08.46  347.5  009.26  28.993  1023.127  1452.80 
2024 06 27 12 15 04.79  26.383  02.584  0000.56  08.30  08.46  347.5  009.26  28.993  1023.126  1452.81 
2024 06 27 12 15 05.04  26.383  02.584  0000.57  07.88  08.46  347.5  009.26  28.993  1023.126  1452.81 
2024 06 27 12 15 05.29  26.381  02.583  0000.57  08.26  08.46  347.5  009.26  28.991  1023.124  1452.80 
2024 06 27 12 15 05.54  26.381  02.585  0000.61  08.38  08.47  347.5  009.26  28.989  1023.123  1452.81 
2024 06 27 12 15 05.79  26.381  02.583  0000.61  08.21  08.55  347.5  009.26  28.991  1023.125  1452.80 
2024 06 27 12 15 06.04  26.382  02.583  0000.61  08.49  08.55  347.5  009.26  28.993  1023.126  1452.80 
2024 06 27 12 15 06.29  26.381  02.583  0000.59  08.23  08.54  347.5  009.26  28.992  1023.125  1452.80 
2024 06 27 12 15 06.54  26.390  02.604  0000.56  08.42  08.54  347.5  009.26  28.984  1023.117  1452.88 
2024 06 27 12 15 06.79  26.400  02.610  0000.56  08.63  08.44  347.4  009.26  28.990  1023.122  1452.92 
2024 06 27 12 15 07.04  26.399  02.608  0000.59  08.49  08.45  347.4  009.29  28.991  1023.123  1452.91 
2024 06 27 12 15 07.29  26.407  02.633  0000.60  08.34  08.45  347.4  009.26  28.978  1023.111  1453.00 
2024 06 27 12 15 07.54  26.410  02.631  0000.58  08.21  08.45  347.4  009.26  28.983  1023.115  1453.00 
2024 06 27 12 15 07.79  26.409  02.633  0000.58  08.83  08.45  347.4  009.26  28.980  1023.112  1453.01 
2024 06 27 12 15 08.04  26.413  02.632  0000.57  08.39  08.45  347.4  009.26  28.986  1023.117  1453.01 
2024 06 27 12 15 08.29  26.415  02.634  0000.58  08.40  08.45  347.4  009.26  28.986  1023.117  1453.02 
2024 06 27 12 15 08.54  26.415  02.636  0000.58  08.31  08.45  347.4  009.26  28.985  1023.116  1453.02 
2024 06 27 12 15 08.79  26.418  02.638  0000.59  08.18  08.54  347.4  009.26  28.986  1023.117  1453.03 
2024 06 27 12 15 09.04  26.419  02.641  0000.60  08.55  08.53  347.4  009.26  28.985  1023.116  1453.05 
2024 06 27 12 15 09.29  26.419  02.638  0000.61  08.94  08.53  347.4  009.26  28.988  1023.118  1453.04 
2024 06 27 12 15 09.54  26.417  02.631  0000.59  09.43  08.52  347.4  009.26  28.992  1023.122  1453.01 
2024 06 27 12 15 09.79  26.420  02.633  0000.61  08.97  08.43  347.5  009.26  28.993  1023.123  1453.02 
2024 06 27 12 15 10.04  26.424  02.641  0000.60  08.15  08.44  347.5  009.26  28.990  1023.120  1453.05 
2024 06 27 12 15 10.29  26.423  02.642  0000.61  07.93  08.44  347.5  009.26  28.988  1023.118  1453.06 
2024 06 27 12 15 10.54  26.426  02.640  0000.61  08.30  08.44  347.5  009.26  28.994  1023.123  1453.05 
2024 06 27 12 15 10.79  26.421  02.639  0000.63  08.21  08.44  347.5  009.26  28.989  1023.119  1453.05 
2024 06 27 12 15 11.04  26.416  02.627  0000.63  08.10  08.44  347.5  009.26  28.994  1023.124  1453.00 
2024 06 27 12 15 11.29  26.415  02.620  0000.62  08.13  08.44  347.5  009.26  28.999  1023.129  1452.97 
2024 06 27 12 15 11.54  26.410  02.614  0000.63  08.76  08.44  347.5  009.26  28.998  1023.128  1452.95 
2024 06 27 12 15 11.79  26.408  02.616  0000.65  08.78  08.53  347.5  009.26  28.994  1023.125  1452.95 
2024 06 27 12 15 12.04  26.409  02.615  0000.67  08.65  08.52  347.5  009.26  28.996  1023.127  1452.95 
2024 06 27 12 15 12.29  26.411  02.615  0000.67  08.52  08.52  347.5  009.26  28.999  1023.129  1452.95 
2024 06 27 12 15 12.54  26.414  02.616  0000.69  08.52  08.51  347.5  009.26  29.001  1023.131  1452.96 
2024 06 27 12 15 12.79  26.421  02.623  0000.70  08.71  08.42  347.0  009.26  29.004  1023.133  1452.99 
2024 06 27 12 15 13.04  26.416  02.620  0000.73  08.33  08.43  347.0  009.26  29.000  1023.130  1452.98 
2024 06 27 12 15 13.29  26.412  02.619  0000.71  08.18  08.43  347.0  009.26  28.995  1023.126  1452.97 
2024 06 27 12 15 13.54  26.412  02.614  0000.73  08.35  08.43  347.0  009.26  29.000  1023.130  1452.95 
2024 06 27 12 15 13.79  26.412  02.622  0000.73  08.35  08.43  347.0  009.26  28.994  1023.125  1452.98 
2024 06 27 12 15 14.04  26.409  02.623  0000.76  08.40  08.43  347.0  009.26  28.989  1023.121  1452.98 
2024 06 27 12 15 14.29  26.406  02.613  0000.72  08.02  08.43  347.0  009.26  28.995  1023.126  1452.94 
2024 06 27 12 15 14.54  26.419  02.626  0000.73  08.24  08.43  347.0  009.26  28.998  1023.128  1453.00 
2024 06 27 12 15 14.79  26.431  02.648  0000.70  08.23  08.52  347.0  009.26  28.993  1023.122  1453.09 
2024 06 27 12 15 15.04  26.427  02.635  0000.71  08.36  08.51  347.0  009.23  28.999  1023.128  1453.04 
2024 06 27 12 15 15.29  26.425  02.644  0000.74  08.73  08.51  347.0  009.26  28.989  1023.120  1453.07 
2024 06 27 12 15 15.54  26.426  02.641  0000.75  08.37  08.51  347.0  009.26  28.993  1023.123  1453.06 
2024 06 27 12 15 15.79  26.425  02.632  0000.77  08.15  08.41  347.1  009.26  29.000  1023.130  1453.03 
2024 06 27 12 15 16.04  26.426  02.645  0000.77  08.25  08.42  347.1  009.26  28.989  1023.120  1453.07 
2024 06 27 12 15 16.29  26.425  02.642  0000.78  08.01  08.42  347.1  009.26  28.991  1023.122  1453.06 
2024 06 27 12 15 16.54  26.428  02.642  0000.76  08.13  08.42  347.1  009.26  28.994  1023.124  1453.07 
2024 06 27 12 15 16.79  26.428  02.647  0000.74  08.02  08.42  347.1  009.26  28.990  1023.120  1453.08 
2024 06 27 12 15 17.04  26.417  02.620  0000.76  08.02  08.42  347.1  009.26  29.002  1023.132  1452.98 
2024 06 27 12 15 17.29  26.412  02.613  0000.77  08.28  08.42  347.1  009.26  29.002  1023.133  1452.95 
2024 06 27 12 15 17.54  26.415  02.621  0000.78  08.44  08.42  347.1  009.26  28.998  1023.129  1452.98 
2024 06 27 12 15 17.79  26.418  02.629  0000.80  08.48  08.51  347.1  009.26  28.995  1023.125  1453.01 
2024 06 27 12 15 18.04  26.420  02.636  0000.79  07.93  08.50  347.1  009.26  28.990  1023.121  1453.04 
2024 06 27 12 15 18.29  26.417  02.630  0000.79  07.96  08.50  347.1  009.26  28.993  1023.124  1453.01 
2024 06 27 12 15 18.54  26.414  02.626  0000.77  08.26  08.50  347.1  009.26  28.992  1023.124  1452.99 
2024 06 27 12 15 18.79  26.414  02.635  0000.75  09.07  08.40  347.1  009.26  28.984  1023.117  1453.02 
2024 06 27 12 15 19.04  26.424  02.646  0000.77  08.65  08.41  347.1  009.26  28.986  1023.117  1453.07 
2024 06 27 12 15 19.29  26.428  02.645  0000.78  08.28  08.41  347.1  009.26  28.991  1023.122  1453.08 
2024 06 27 12 15 19.54  26.435  02.661  0000.80  08.48  08.41  347.1  009.26  28.986  1023.116  1453.14 
2024 06 27 12 15 19.79  26.443  02.665  0000.79  08.40  08.41  347.1  009.26  28.992  1023.121  1453.16 
2024 06 27 12 15 20.04  26.443  02.664  0000.78  08.62  08.41  347.1  009.26  28.993  1023.121  1453.16 
2024 06 27 12 15 20.29  26.444  02.664  0000.77  08.21  08.41  347.1  009.26  28.995  1023.123  1453.16 
2024 06 27 12 15 20.54  26.442  02.665  0000.78  08.75  08.41  347.1  009.26  28.990  1023.120  1453.16 
2024 06 27 12 15 20.79  26.441  02.657  0000.78  08.79  08.50  347.1  009.26  28.997  1023.125  1453.14 
2024 06 27 12 15 21.04  26.436  02.648  0000.77  08.47  08.50  347.1  009.26  28.999  1023.127  1453.10 
2024 06 27 12 15 21.29  26.435  02.648  0000.78  08.28  08.49  347.1  009.26  28.999  1023.127  1453.10 
2024 06 27 12 15 21.54  26.433  02.649  0000.78  08.21  08.49  347.1  009.26  28.995  1023.124  1453.10 
2024 06 27 12 15 21.79  26.433  02.643  0000.79  08.33  08.39  347.1  009.26  29.000  1023.129  1453.08 
2024 06 27 12 15 22.04  26.431  02.637  0000.77  08.07  08.40  347.1  009.26  29.003  1023.131  1453.05 
2024 06 27 12 15 22.29  26.427  02.633  0000.77  08.33  08.40  347.1  009.29  29.001  1023.130  1453.04 
2024 06 27 12 15 22.54  26.424  02.631  0000.76  08.68  08.40  347.1  009.26  29.000  1023.130  1453.03 
2024 06 27 12 15 22.79  26.425  02.632  0000.78  08.70  08.40  347.1  009.26  29.000  1023.130  1453.03 
2024 06 27 12 15 23.04  26.423  02.626  0000.78  08.95  08.40  347.1  009.26  29.003  1023.132  1453.01 
2024 06 27 12 15 23.29  26.421  02.626  0000.77  09.09  08.40  347.1  009.26  29.001  1023.131  1453.00 
2024 06 27 12 15 23.54  26.418  02.625  0000.78  08.93  08.41  347.1  009.26  28.998  1023.128  1453.00 
2024 06 27 12 15 23.79  26.416  02.621  0000.77  09.09  08.49  347.1  009.26  28.999  1023.129  1452.98 
2024 06 27 12 15 24.04  26.415  02.620  0000.77  08.90  08.49  347.1  009.26  28.999  1023.129  1452.98 
2024 06 27 12 15 24.29  26.412  02.616  0000.76  08.87  08.48  347.1  009.26  28.999  1023.130  1452.96 
2024 06 27 12 15 24.54  26.412  02.611  0000.76  08.75  08.48  347.1  009.26  29.004  1023.134  1452.94 
2024 06 27 12 15 24.79  26.413  02.611  0000.76  08.50  08.38  346.9  009.26  29.005  1023.135  1452.94 
2024 06 27 12 15 25.04  26.407  02.607  0000.78  08.77  08.39  346.9  009.26  29.000  1023.131  1452.92 
2024 06 27 12 15 25.29  26.408  02.608  0000.79  09.10  08.39  346.9  009.26  29.001  1023.132  1452.92 
2024 06 27 12 15 25.54  26.406  02.609  0000.77  08.84  08.39  346.9  009.26  28.998  1023.129  1452.93 
2024 06 27 12 15 25.79  26.403  02.610  0000.79  08.87  08.39  346.9  009.26  28.993  1023.125  1452.93 
2024 06 27 12 15 26.04  26.405  02.608  0000.78  09.06  08.39  346.9  009.26  28.998  1023.129  1452.92 
2024 06 27 12 15 26.29  26.406  02.610  0000.77  09.25  08.40  346.9  009.26  28.997  1023.129  1452.93 
2024 06 27 12 15 26.54  26.410  02.611  0000.76  09.89  08.40  346.9  009.26  29.001  1023.131  1452.94 
2024 06 27 12 15 26.79  26.413  02.626  0000.77  09.41  08.48  346.9  009.26  28.991  1023.123  1452.99 
2024 06 27 12 15 27.04  26.417  02.632  0000.79  09.09  08.48  346.9  009.26  28.990  1023.122  1453.02 
2024 06 27 12 15 27.29  26.413  02.642  0000.79  09.94  08.47  346.9  009.26  28.977  1023.110  1453.04 
2024 06 27 12 15 27.54  26.420  02.636  0000.79  09.98  08.47  346.9  009.26  28.990  1023.121  1453.03 
2024 06 27 12 15 27.79  26.427  02.640  0000.78  09.16  08.37  347.2  009.26  28.995  1023.125  1453.06 
2024 06 27 12 15 28.04  26.427  02.645  0000.78  09.23  08.38  347.2  009.26  28.990  1023.121  1453.08 
2024 06 27 12 15 28.29  26.421  02.653  0000.76  08.85  08.38  347.2  009.26  28.976  1023.109  1453.09 
2024 06 27 12 15 28.54  26.426  02.660  0000.77  08.20  08.38  347.2  009.26  28.976  1023.108  1453.12 
2024 06 27 12 15 28.79  26.429  02.656  0000.79  08.50  08.39  347.2  009.26  28.983  1023.114  1453.11 
2024 06 27 12 15 29.04  26.430  02.647  0000.80  08.72  08.39  347.2  009.26  28.992  1023.122  1453.09 
2024 06 27 12 15 29.29  26.430  02.647  0000.79  08.76  08.39  347.2  009.26  28.992  1023.122  1453.09 
2024 06 27 12 15 29.54  26.429  02.643  0000.78  09.32  08.39  347.2  009.26  28.995  1023.125  1453.07 
2024 06 27 12 15 29.79  26.433  02.646  0000.76  09.41  08.47  347.2  009.26  28.997  1023.126  1453.09 
2024 06 27 12 15 30.04  26.432  02.651  0000.78  08.70  08.47  347.2  009.26  28.991  1023.121  1453.10 
2024 06 27 12 15 30.29  26.436  02.655  0000.77  09.03  08.47  347.2  009.26  28.993  1023.122  1453.12 
2024 06 27 12 15 30.54  26.442  02.665  0000.76  08.68  08.46  347.2  009.26  28.990  1023.119  1453.16 
2024 06 27 12 15 30.79  26.443  02.661  0000.78  08.59  08.36  347.1  009.26  28.995  1023.124  1453.15 
2024 06 27 12 15 31.04  26.440  02.653  0000.77  08.63  08.37  347.1  009.26  28.999  1023.127  1453.12 
2024 06 27 12 15 31.29  26.439  02.650  0000.78  08.55  08.38  347.1  009.26  29.001  1023.129  1453.11 
2024 06 27 12 15 31.54  26.438  02.660  0000.78  09.18  08.38  347.1  009.26  28.990  1023.119  1453.14 
2024 06 27 12 15 31.79  26.441  02.657  0000.79  09.36  08.38  347.1  009.26  28.996  1023.125  1453.14 
2024 06 27 12 15 32.04  26.441  02.660  0000.77  09.24  08.38  347.1  009.26  28.994  1023.122  1453.15 
2024 06 27 12 15 32.29  26.440  02.666  0000.77  08.86  08.38  347.1  009.26  28.987  1023.117  1453.16 
2024 06 27 12 15 32.54  26.439  02.664  0000.79  09.11  08.38  347.1  009.26  28.989  1023.118  1453.15 
2024 06 27 12 15 32.79  26.439  02.664  0000.79  08.95  08.46  347.1  009.26  28.988  1023.118  1453.15 
2024 06 27 12 15 33.04  26.439  02.657  0000.80  09.52  08.46  347.1  009.26  28.995  1023.124  1453.13 
2024 06 27 12 15 33.29  26.435  02.651  0000.78  09.47  08.46  347.1  009.26  28.996  1023.125  1453.11 
2024 06 27 12 15 33.54  26.435  02.648  0000.77  09.09  08.45  347.1  009.26  28.998  1023.126  1453.10 
2024 06 27 12 15 33.79  26.434  02.632  0000.77  09.39  08.35  346.8  009.26  29.011  1023.138  1453.04 
2024 06 27 12 15 34.04  26.429  02.627  0000.78  09.49  08.37  346.8  009.26  29.009  1023.137  1453.02 
2024 06 27 12 15 34.29  26.430  02.626  0000.81  09.29  08.37  346.8  009.26  29.012  1023.139  1453.02 
2024 06 27 12 15 34.54  26.422  02.624  0000.78  09.07  08.37  346.8  009.26  29.004  1023.133  1453.00 
2024 06 27 12 15 34.79  26.418  02.623  0000.77  08.72  08.37  346.8  009.26  29.000  1023.130  1452.99 
2024 06 27 12 15 35.04  26.414  02.620  0000.78  08.47  08.37  346.8  009.26  28.998  1023.129  1452.97 
2024 06 27 12 15 35.29  26.410  02.616  0000.77  08.34  08.37  346.8  009.26  28.997  1023.128  1452.95 
2024 06 27 12 15 35.54  26.412  02.610  0000.78  08.51  08.37  346.8  009.26  29.004  1023.134  1452.94 
2024 06 27 12 15 35.79  26.408  02.607  0000.78  08.44  08.46  346.8  009.26  29.002  1023.133  1452.93 
2024 06 27 12 15 36.04  26.407  02.612  0000.78  09.35  08.45  346.8  009.26  28.996  1023.128  1452.94 
2024 06 27 12 15 36.29  26.401  02.607  0000.79  08.73  08.45  346.8  009.26  28.994  1023.126  1452.91 
2024 06 27 12 15 36.54  26.403  02.610  0000.77  08.87  08.45  346.8  009.26  28.994  1023.126  1452.92 
2024 06 27 12 15 36.79  26.404  02.613  0000.77  08.54  08.34  346.8  009.26  28.993  1023.125  1452.94 
2024 06 27 12 15 37.04  26.410  02.631  0000.74  08.94  08.36  346.8  009.26  28.983  1023.116  1453.00 
2024 06 27 12 15 37.29  26.415  02.626  0000.75  09.08  08.36  346.8  009.26  28.993  1023.124  1453.00 
2024 06 27 12 15 37.54  26.415  02.626  0000.76  09.30  08.36  346.8  009.26  28.993  1023.124  1453.00 
2024 06 27 12 15 37.79  26.414  02.625  0000.77  09.05  08.36  346.8  009.26  28.993  1023.124  1452.99 
2024 06 27 12 15 38.04  26.413  02.626  0000.77  08.39  08.36  346.8  009.26  28.991  1023.123  1452.99 
2024 06 27 12 15 38.29  26.415  02.624  0000.76  08.58  08.36  346.8  009.26  28.995  1023.126  1452.99 
2024 06 27 12 15 38.54  26.408  02.628  0000.76  08.81  08.36  346.8  009.26  28.983  1023.116  1452.99 
2024 06 27 12 15 38.79  26.412  02.629  0000.76  08.92  08.45  346.8  009.26  28.986  1023.119  1453.00 
2024 06 27 12 15 39.04  26.413  02.625  0000.77  08.55  08.44  346.8  009.26  28.992  1023.124  1452.99 
2024 06 27 12 15 39.29  26.413  02.625  0000.80  08.55  08.44  346.8  009.26  28.992  1023.124  1452.99 
2024 06 27 12 15 39.54  26.410  02.627  0000.79  08.78  08.44  346.8  009.26  28.986  1023.119  1452.99 
2024 06 27 12 15 39.79  26.412  02.625  0000.76  08.95  08.34  347.1  009.26  28.992  1023.123  1452.99 
2024 06 27 12 15 40.04  26.416  02.624  0000.76  09.61  08.35  347.1  009.26  28.996  1023.127  1452.99 
2024 06 27 12 15 40.29  26.413  02.624  0000.76  10.15  08.35  347.1  009.26  28.993  1023.124  1452.99 
2024 06 27 12 15 40.54  26.416  02.629  0000.76  09.35  08.35  347.1  009.26  28.991  1023.123  1453.01 
2024 06 27 12 15 40.79  26.417  02.628  0000.77  08.66  08.35  347.1  009.26  28.994  1023.125  1453.01 
2024 06 27 12 15 41.04  26.416  02.627  0000.78  08.62  08.35  347.1  009.26  28.993  1023.125  1453.00 
2024 06 27 12 15 41.29  26.415  02.622  0000.80  09.30  08.36  347.1  009.26  28.996  1023.127  1452.98 
2024 06 27 12 15 41.54  26.412  02.625  0000.80  09.27  08.36  347.1  009.26  28.991  1023.123  1452.99 
2024 06 27 12 15 41.79  26.407  02.618  0000.77  08.86  08.44  347.1  009.26  28.991  1023.123  1452.96 
2024 06 27 12 15 42.04  26.412  02.622  0000.75  09.40  08.44  347.1  009.26  28.994  1023.125  1452.98 
2024 06 27 12 15 42.29  26.420  02.641  0000.76  08.91  08.43  347.1  009.26  28.986  1023.118  1453.05 
2024 06 27 12 15 42.54  26.424  02.642  0000.78  09.01  08.43  347.1  009.26  28.990  1023.121  1453.06 
2024 06 27 12 15 42.79  26.428  02.642  0000.78  09.13  08.33  347.0  009.26  28.994  1023.124  1453.07 
2024 06 27 12 15 43.04  26.424  02.643  0000.79  08.85  08.34  347.0  009.26  28.989  1023.120  1453.06 
2024 06 27 12 15 43.29  26.427  02.644  0000.79  08.57  08.35  347.0  009.26  28.991  1023.121  1453.07 
2024 06 27 12 15 43.54  26.425  02.647  0000.77  08.91  08.35  347.0  009.26  28.987  1023.117  1453.08 
2024 06 27 12 15 43.79  26.425  02.646  0000.76  09.74  08.35  347.0  009.26  28.988  1023.119  1453.07 
2024 06 27 12 15 44.04  26.420  02.628  0000.74  09.14  08.35  347.0  009.26  28.997  1023.127  1453.01 
2024 06 27 12 15 44.29  26.416  02.622  0000.77  08.70  08.35  347.0  009.26  28.998  1023.129  1452.99 
2024 06 27 12 15 44.54  26.420  02.628  0000.79  08.31  08.35  347.0  009.26  28.998  1023.128  1453.01 
2024 06 27 12 15 44.79  26.424  02.632  0000.79  09.05  08.43  347.0  009.26  28.998  1023.128  1453.03 
2024 06 27 12 15 45.04  26.421  02.649  0000.80  09.06  08.43  347.0  009.26  28.980  1023.112  1453.08 
2024 06 27 12 15 45.29  26.427  02.663  0000.79  08.11  08.42  347.0  009.26  28.974  1023.107  1453.13 
2024 06 27 12 15 45.54  26.430  02.651  0000.76  09.13  08.42  347.0  009.26  28.989  1023.119  1453.10 
2024 06 27 12 15 45.79  26.431  02.648  0000.73  08.87  08.33  347.0  009.26  28.992  1023.122  1453.09 
2024 06 27 12 15 46.04  26.432  02.651  0000.75  08.47  08.34  347.0  009.26  28.991  1023.121  1453.10 
2024 06 27 12 15 46.29  26.433  02.649  0000.77  08.49  08.34  347.0  009.26  28.994  1023.123  1453.10 
2024 06 27 12 15 46.54  26.430  02.649  0000.80  08.65  08.34  347.0  009.26  28.991  1023.121  1453.09 
2024 06 27 12 15 46.79  26.428  02.650  0000.79  08.87  08.34  347.0  009.26  28.988  1023.118  1453.09 
2024 06 27 12 15 47.04  26.429  02.646  0000.78  08.86  08.34  347.0  009.26  28.992  1023.122  1453.08 
2024 06 27 12 15 47.29  26.422  02.637  0000.76  08.72  08.34  347.0  009.26  28.992  1023.122  1453.04 
2024 06 27 12 15 47.54  26.421  02.635  0000.74  08.32  08.34  347.0  009.26  28.993  1023.123  1453.03 
2024 06 27 12 15 47.79  26.421  02.641  0000.78  08.36  08.42  347.0  009.26  28.987  1023.118  1453.05 
2024 06 27 12 15 48.04  26.424  02.636  0000.76  08.20  08.42  347.0  009.26  28.994  1023.125  1453.04 
2024 06 27 12 15 48.29  26.424  02.636  0000.78  08.49  08.42  347.0  009.26  28.995  1023.125  1453.04 
2024 06 27 12 15 48.54  26.422  02.635  0000.79  08.33  08.41  347.0  009.26  28.994  1023.124  1453.04 
2024 06 27 12 15 48.79  26.420  02.632  0000.77  08.61  08.32  347.0  009.26  28.994  1023.124  1453.02 
2024 06 27 12 15 49.04  26.418  02.634  0000.76  08.60  08.35  347.0  009.26  28.990  1023.121  1453.02 
2024 06 27 12 15 49.29  26.416  02.632  0000.74  09.09  08.35  347.0  009.26  28.989  1023.121  1453.02 
2024 06 27 12 15 49.54  26.417  02.629  0000.77  08.87  08.35  347.0  009.26  28.994  1023.124  1453.01 
2024 06 27 12 15 49.79  26.414  02.626  0000.77  08.64  08.35  347.0  009.23  28.993  1023.124  1452.99 
2024 06 27 12 15 50.04  26.412  02.630  0000.79  08.58  08.34  347.0  009.26  28.986  1023.119  1453.01 
2024 06 27 12 15 50.29  26.413  02.626  0000.78  08.38  08.33  347.0  009.26  28.991  1023.123  1452.99 
2024 06 27 12 15 50.54  26.409  02.625  0000.78  08.50  08.33  347.0  009.26  28.987  1023.120  1452.98 
2024 06 27 12 15 50.79  26.409  02.625  0000.76  08.18  08.41  347.0  009.26  28.988  1023.120  1452.98 
2024 06 27 12 15 51.04  26.409  02.624  0000.75  08.42  08.41  347.0  009.26  28.988  1023.121  1452.98 
2024 06 27 12 15 51.29  26.412  02.623  0000.75  08.71  08.41  347.0  009.26  28.992  1023.124  1452.98 
2024 06 27 12 15 51.54  26.410  02.622  0000.75  08.72  08.40  347.0  009.26  28.991  1023.123  1452.97 
2024 06 27 12 15 51.79  26.410  02.623  0000.78  10.44  08.31  347.0  009.26  28.990  1023.122  1452.98 
2024 06 27 12 15 52.04  26.407  02.624  0000.78  10.55  08.32  347.0  009.26  28.985  1023.118  1452.98 
2024 06 27 12 15 52.29  26.409  02.624  0000.77  10.70  08.32  347.0  009.26  28.988  1023.121  1452.98 
2024 06 27 12 15 52.54  26.407  02.624  0000.79  09.93  08.32  347.0  009.26  28.986  1023.119  1452.97 
2024 06 27 12 15 52.79  26.407  02.624  0000.76  09.51  08.32  347.0  009.26  28.986  1023.119  1452.97 
2024 06 27 12 15 53.04  26.404  02.621  0000.75  08.75  08.32  347.0  009.26  28.985  1023.118  1452.96 
2024 06 27 12 15 53.29  26.407  02.617  0000.76  09.99  08.33  347.0  009.26  28.991  1023.124  1452.95 
2024 06 27 12 15 53.54  26.407  02.615  0000.76  08.62  08.33  347.0  009.26  28.993  1023.125  1452.95 
2024 06 27 12 15 53.79  26.405  02.619  0000.76  08.39  08.41  347.0  009.26  28.988  1023.121  1452.96 
2024 06 27 12 15 54.04  26.405  02.620  0000.78  08.69  08.41  347.0  009.26  28.987  1023.120  1452.96 
2024 06 27 12 15 54.29  26.408  02.624  0000.78  08.79  08.40  347.0  009.26  28.986  1023.119  1452.98 
2024 06 27 12 15 54.54  26.407  02.622  0000.79  08.92  08.40  347.0  009.26  28.987  1023.120  1452.97 
2024 06 27 12 15 54.79  26.407  02.623  0000.76  08.76  08.30  347.0  009.26  28.987  1023.119  1452.97 
2024 06 27 12 15 55.04  26.408  02.624  0000.76  08.46  08.31  347.0  009.26  28.987  1023.119  1452.98 
2024 06 27 12 15 55.29  26.406  02.624  0000.75  08.86  08.32  347.0  009.26  28.984  1023.117  1452.98 
2024 06 27 12 15 55.54  26.405  02.619  0000.77  08.44  08.32  347.0  009.26  28.988  1023.121  1452.96 
2024 06 27 12 15 55.79  26.404  02.616  0000.76  08.15  08.32  347.0  009.26  28.990  1023.122  1452.95 
2024 06 27 12 15 56.04  26.409  02.620  0000.79  08.72  08.32  347.0  009.26  28.991  1023.123  1452.97 
2024 06 27 12 15 56.29  26.417  02.635  0000.79  08.52  08.32  347.0  009.26  28.987  1023.119  1453.03 
2024 06 27 12 15 56.54  26.421  02.635  0000.78  09.00  08.32  347.0  009.26  28.993  1023.123  1453.03 
2024 06 27 12 15 56.79  26.424  02.643  0000.76  08.41  08.40  347.0  009.26  28.989  1023.120  1453.06 
2024 06 27 12 15 57.04  26.424  02.647  0000.76  08.39  08.40  347.0  009.26  28.986  1023.117  1453.08 
2024 06 27 12 15 57.29  26.422  02.647  0000.76  08.82  08.40  347.0  009.26  28.983  1023.114  1453.07 
2024 06 27 12 15 57.54  26.422  02.642  0000.76  08.90  08.39  347.0  009.26  28.988  1023.119  1453.06 
2024 06 27 12 15 57.79  26.421  02.625  0000.78  08.49  08.30  347.2  009.26  29.002  1023.132  1453.00 
2024 06 27 12 15 58.04  26.423  02.629  0000.79  08.80  08.31  347.2  009.26  29.000  1023.129  1453.02 
2024 06 27 12 15 58.29  26.419  02.631  0000.78  08.87  08.31  347.2  009.26  28.993  1023.124  1453.02 
2024 06 27 12 15 58.54  26.420  02.631  0000.76  08.93  08.31  347.2  009.26  28.995  1023.125  1453.02 
2024 06 27 12 15 58.79  26.428  02.636  0000.75  08.65  08.31  347.2  009.26  29.000  1023.129  1453.05 
2024 06 27 12 15 59.04  26.429  02.644  0000.77  08.56  08.31  347.2  009.26  28.994  1023.124  1453.08 
2024 06 27 12 15 59.29  26.428  02.650  0000.76  09.42  08.31  347.2  009.26  28.987  1023.117  1453.09 
2024 06 27 12 15 59.54  26.428  02.656  0000.77  09.23  08.31  347.2  009.26  28.981  1023.113  1453.11 
2024 06 27 12 15 59.79  26.428  02.655  0000.77  08.95  08.39  347.2  009.26  28.983  1023.114  1453.11 
2024 06 27 12 16 00.04  26.428  02.651  0000.76  08.61  08.39  347.2  009.26  28.987  1023.117  1453.10 
2024 06 27 12 16 00.29  26.426  02.645  0000.75  08.45  08.39  347.2  009.26  28.990  1023.120  1453.07 
2024 06 27 12 16 00.54  26.426  02.633  0000.77  08.91  08.39  347.2  009.26  29.001  1023.130  1453.03 
2024 06 27 12 16 00.79  26.422  02.631  0000.77  08.87  08.29  347.0  009.26  28.997  1023.127  1453.02 
2024 06 27 12 16 01.04  26.421  02.634  0000.76  09.68  08.30  347.0  009.26  28.993  1023.124  1453.03 
2024 06 27 12 16 01.29  26.419  02.632  0000.77  09.44  08.30  347.0  009.26  28.993  1023.124  1453.02 
2024 06 27 12 16 01.54  26.422  02.633  0000.75  08.48  08.31  347.0  009.26  28.996  1023.126  1453.03 
2024 06 27 12 16 01.79  26.420  02.631  0000.77  09.04  08.31  347.0  009.26  28.994  1023.125  1453.02 
2024 06 27 12 16 02.04  26.415  02.628  0000.78  08.88  08.31  347.0  009.26  28.991  1023.123  1453.00 
2024 06 27 12 16 02.29  26.412  02.629  0000.79  08.99  08.31  347.0  009.26  28.987  1023.119  1453.00 
2024 06 27 12 16 02.54  26.412  02.628  0000.76  07.97  08.31  347.0  009.26  28.989  1023.121  1453.00 
2024 06 27 12 16 02.79  26.411  02.628  0000.73  08.45  08.39  347.0  009.26  28.987  1023.119  1452.99 
2024 06 27 12 16 03.04  26.412  02.629  0000.73  08.59  08.39  347.0  009.26  28.986  1023.118  1453.00 
2024 06 27 12 16 03.29  26.419  02.637  0000.78  08.88  08.38  347.0  009.26  28.988  1023.119  1453.04 
2024 06 27 12 16 03.54  26.425  02.642  0000.78  09.35  08.38  347.0  009.26  28.991  1023.122  1453.06 
2024 06 27 12 16 03.79  26.424  02.643  0000.78  08.80  08.29  346.8  009.26  28.988  1023.119  1453.06 
2024 06 27 12 16 04.04  26.428  02.647  0000.77  08.73  08.30  346.8  009.26  28.991  1023.121  1453.08 
2024 06 27 12 16 04.29  26.428  02.650  0000.73  08.61  08.30  346.8  009.26  28.988  1023.118  1453.09 
2024 06 27 12 16 04.54  26.435  02.664  0000.73  08.83  08.30  346.8  009.26  28.983  1023.113  1453.15 
2024 06 27 12 16 04.79  26.432  02.660  0000.76  09.61  08.30  346.8  009.26  28.983  1023.113  1453.13 
2024 06 27 12 16 05.04  26.429  02.645  0000.78  08.77  08.30  346.8  009.26  28.993  1023.123  1453.08 
2024 06 27 12 16 05.29  26.428  02.647  0000.78  08.32  08.30  346.8  009.26  28.990  1023.120  1453.08 
2024 06 27 12 16 05.54  26.428  02.646  0000.76  08.30  08.30  346.8  009.26  28.991  1023.121  1453.08 
2024 06 27 12 16 05.79  26.424  02.644  0000.76  08.42  08.38  346.8  009.26  28.987  1023.118  1453.07 
2024 06 27 12 16 06.04  26.421  02.642  0000.75  08.41  08.38  346.8  009.26  28.986  1023.117  1453.06 
2024 06 27 12 16 06.29  26.423  02.642  0000.74  09.56  08.38  346.8  009.26  28.988  1023.119  1453.06 
2024 06 27 12 16 06.54  26.419  02.639  0000.78  08.96  08.37  346.8  009.26  28.986  1023.118  1453.04 
2024 06 27 12 16 06.79  26.421  02.637  0000.77  08.19  08.28  347.0  009.26  28.991  1023.122  1453.04 
2024 06 27 12 16 07.04  26.419  02.635  0000.78  08.92  08.29  347.0  009.26  28.990  1023.121  1453.03 
2024 06 27 12 16 07.29  26.414  02.633  0000.75  08.76  08.29  347.0  009.26  28.986  1023.118  1453.01 
2024 06 27 12 16 07.54  26.415  02.631  0000.74  09.29  08.29  347.0  009.26  28.989  1023.121  1453.01 
2024 06 27 12 16 07.79  26.414  02.633  0000.74  08.96  08.30  347.0  009.26  28.986  1023.118  1453.01 
2024 06 27 12 16 08.04  26.414  02.632  0000.77  08.00  08.30  347.0  009.26  28.987  1023.119  1453.01 
2024 06 27 12 16 08.29  26.413  02.631  0000.77  09.35  08.30  347.0  009.26  28.987  1023.119  1453.01 
2024 06 27 12 16 08.54  26.414  02.628  0000.77  09.04  08.30  347.0  009.26  28.991  1023.122  1453.00 
2024 06 27 12 16 08.79  26.412  02.631  0000.76  08.59  08.38  347.0  009.23  28.986  1023.118  1453.01 
2024 06 27 12 16 09.04  26.411  02.632  0000.76  08.23  08.38  347.0  009.26  28.983  1023.116  1453.01 
2024 06 27 12 16 09.29  26.411  02.631  0000.76  07.98  08.37  347.0  009.26  28.983  1023.116  1453.01 
2024 06 27 12 16 09.54  26.414  02.630  0000.74  08.38  08.37  347.0  009.26  28.988  1023.120  1453.01 
2024 06 27 12 16 09.79  26.411  02.631  0000.75  09.02  08.27  346.9  009.26  28.984  1023.117  1453.00 
2024 06 27 12 16 10.04  26.412  02.632  0000.77  09.13  08.29  346.9  009.26  28.984  1023.116  1453.01 
2024 06 27 12 16 10.29  26.412  02.632  0000.79  08.78  08.29  346.9  009.26  28.984  1023.116  1453.01 
2024 06 27 12 16 10.54  26.413  02.640  0000.76  08.90  08.29  346.9  009.26  28.979  1023.112  1453.04 
2024 06 27 12 16 10.79  26.418  02.641  0000.77  08.69  08.29  346.9  009.26  28.984  1023.116  1453.05 
2024 06 27 12 16 11.04  26.420  02.643  0000.75  08.47  08.29  346.9  009.26  28.984  1023.115  1453.06 
2024 06 27 12 16 11.29  26.419  02.643  0000.77  08.31  08.29  346.9  009.26  28.982  1023.114  1453.06 
2024 06 27 12 16 11.54  26.420  02.644  0000.76  08.97  08.29  346.9  009.26  28.983  1023.115  1453.06 
2024 06 27 12 16 11.79  26.421  02.644  0000.76  09.17  08.37  346.9  009.26  28.984  1023.116  1453.06 
2024 06 27 12 16 12.04  26.420  02.643  0000.77  08.92  08.37  346.9  009.26  28.985  1023.116  1453.06 
2024 06 27 12 16 12.29  26.419  02.645  0000.78  08.54  08.37  346.9  009.26  28.981  1023.113  1453.06 
2024 06 27 12 16 12.54  26.420  02.644  0000.78  08.21  08.36  346.9  009.26  28.984  1023.116  1453.06 
2024 06 27 12 16 12.79  26.423  02.645  0000.78  08.23  08.27  346.8  009.26  28.986  1023.117  1453.07 
2024 06 27 12 16 13.04  26.420  02.645  0000.76  08.40  08.28  346.8  009.26  28.983  1023.115  1453.06 
2024 06 27 12 16 13.29  26.420  02.644  0000.76  09.36  08.28  346.8  009.26  28.983  1023.115  1453.06 
2024 06 27 12 16 13.54  26.420  02.644  0000.77  09.35  08.28  346.8  009.26  28.984  1023.115  1453.06 
2024 06 27 12 16 13.79  26.419  02.644  0000.75  08.37  08.28  346.8  009.26  28.982  1023.114  1453.06 
2024 06 27 12 16 14.04  26.421  02.643  0000.77  08.32  08.29  346.8  009.26  28.985  1023.117  1453.06 
2024 06 27 12 16 14.29  26.420  02.643  0000.76  08.62  08.29  346.8  009.26  28.983  1023.115  1453.06 
2024 06 27 12 16 14.54  26.421  02.644  0000.76  08.50  08.29  346.8  009.26  28.985  1023.116  1453.06 
2024 06 27 12 16 14.79  26.420  02.647  0000.76  09.05  08.37  346.8  009.26  28.981  1023.113  1453.07 
2024 06 27 12 16 15.04  26.422  02.651  0000.76  08.61  08.36  346.8  009.26  28.979  1023.112  1453.09 
2024 06 27 12 16 15.29  26.424  02.650  0000.76  08.64  08.36  346.8  009.26  28.983  1023.114  1453.09 
2024 06 27 12 16 15.54  26.423  02.652  0000.76  08.59  08.36  346.8  009.26  28.979  1023.112  1453.09 
2024 06 27 12 16 15.79  26.424  02.652  0000.77  08.11  08.26  346.8  009.26  28.981  1023.113  1453.09 
2024 06 27 12 16 16.04  26.427  02.657  0000.77  08.38  08.27  346.8  009.26  28.980  1023.112  1453.11 
2024 06 27 12 16 16.29  26.429  02.659  0000.77  08.60  08.28  346.8  009.26  28.980  1023.112  1453.12 
2024 06 27 12 16 16.54  26.426  02.660  0000.77  08.27  08.28  346.8  009.26  28.976  1023.108  1453.12 
2024 06 27 12 16 16.79  26.427  02.654  0000.75  08.80  08.28  346.8  009.26  28.982  1023.113  1453.10 
2024 06 27 12 16 17.04  26.426  02.655  0000.75  08.31  08.28  346.8  009.26  28.980  1023.112  1453.10 
2024 06 27 12 16 17.29  26.427  02.655  0000.75  08.52  08.28  346.8  009.26  28.981  1023.113  1453.11 
2024 06 27 12 16 17.54  26.428  02.658  0000.75  08.80  08.28  346.8  009.26  28.979  1023.111  1453.12 
2024 06 27 12 16 17.79  26.425  02.656  0000.78  08.83  08.36  346.8  009.26  28.978  1023.110  1453.11 
2024 06 27 12 16 18.04  26.427  02.652  0000.77  08.90  08.36  346.8  009.26  28.984  1023.115  1453.10 
2024 06 27 12 16 18.29  26.428  02.658  0000.77  08.82  08.36  346.8  009.26  28.980  1023.112  1453.12 
2024 06 27 12 16 18.54  26.433  02.666  0000.76  08.33  08.35  346.8  009.26  28.979  1023.111  1453.15 
2024 06 27 12 16 18.79  26.432  02.670  0000.75  08.43  08.26  346.8  009.26  28.974  1023.106  1453.16 
2024 06 27 12 16 19.04  26.432  02.669  0000.77  08.51  08.27  346.8  009.26  28.975  1023.107  1453.16 
2024 06 27 12 16 19.29  26.435  02.684  0000.78  08.71  08.27  346.8  009.26  28.965  1023.098  1453.21 
2024 06 27 12 16 19.54  26.435  02.676  0000.77  09.09  08.27  346.8  009.26  28.973  1023.105  1453.19 
2024 06 27 12 16 19.79  26.438  02.670  0000.76  08.37  08.27  346.8  009.26  28.981  1023.112  1453.17 
2024 06 27 12 16 20.04  26.443  02.672  0000.76  08.40  08.27  346.8  009.26  28.986  1023.116  1453.19 
2024 06 27 12 16 20.29  26.448  02.689  0000.73  09.55  08.28  346.8  009.26  28.976  1023.106  1453.25 
2024 06 27 12 16 20.54  26.451  02.699  0000.75  09.49  08.28  346.8  009.26  28.971  1023.101  1453.28 
2024 06 27 12 16 20.79  26.452  02.699  0000.75  08.97  08.35  346.8  009.26  28.973  1023.103  1453.29 
2024 06 27 12 16 21.04  26.454  02.700  0000.76  08.96  08.35  346.8  009.26  28.973  1023.103  1453.29 
2024 06 27 12 16 21.29  26.457  02.699  0000.78  08.44  08.35  346.8  009.26  28.978  1023.107  1453.30 
2024 06 27 12 16 21.54  26.466  02.708  0000.77  08.33  08.35  346.8  009.26  28.980  1023.108  1453.34 
2024 06 27 12 16 21.79  26.470  02.714  0000.76  08.23  08.25  346.8  009.26  28.979  1023.107  1453.36 
2024 06 27 12 16 22.04  26.471  02.714  0000.75  08.42  08.26  346.8  009.26  28.981  1023.108  1453.36 
2024 06 27 12 16 22.29  26.471  02.717  0000.74  08.47  08.26  346.8  009.26  28.979  1023.106  1453.37 
2024 06 27 12 16 22.54  26.471  02.716  0000.75  08.59  08.27  346.8  009.26  28.978  1023.106  1453.37 
2024 06 27 12 16 22.79  26.473  02.712  0000.75  08.59  08.27  346.8  009.26  28.986  1023.112  1453.36 
2024 06 27 12 16 23.04  26.471  02.710  0000.76  08.95  08.27  346.8  009.26  28.986  1023.112  1453.35 
2024 06 27 12 16 23.29  26.473  02.710  0000.79  08.99  08.27  346.8  009.26  28.987  1023.114  1453.35 
2024 06 27 12 16 23.54  26.470  02.708  0000.78  09.35  08.27  346.8  009.26  28.985  1023.112  1453.34 
2024 06 27 12 16 23.79  26.467  02.699  0000.76  09.10  08.35  346.8  009.26  28.989  1023.116  1453.31 
2024 06 27 12 16 24.04  26.471  02.701  0000.74  08.88  08.35  346.8  009.26  28.993  1023.118  1453.32 
2024 06 27 12 16 24.29  26.470  02.709  0000.77  08.56  08.34  346.8  009.26  28.984  1023.112  1453.35 
2024 06 27 12 16 24.54  26.474  02.739  0000.76  08.67  08.34  346.8  009.26  28.962  1023.091  1453.45 
2024 06 27 12 16 24.79  26.475  02.734  0000.76  09.28  08.25  346.5  009.26  28.968  1023.097  1453.44 
2024 06 27 12 16 25.04  26.480  02.725  0000.76  09.45  08.26  346.5  009.26  28.982  1023.108  1453.41 
2024 06 27 12 16 25.29  26.482  02.724  0000.76  09.15  08.26  346.5  009.26  28.986  1023.112  1453.41 
2024 06 27 12 16 25.54  26.490  02.730  0000.74  08.77  08.26  346.5  009.26  28.990  1023.115  1453.44 
2024 06 27 12 16 25.79  26.490  02.733  0000.74  08.54  08.26  346.5  009.26  28.987  1023.112  1453.46 
2024 06 27 12 16 26.04  26.492  02.734  0000.76  09.18  08.26  346.5  009.26  28.988  1023.113  1453.46 
2024 06 27 12 16 26.29  26.496  02.738  0000.75  09.42  08.26  346.5  009.26  28.989  1023.113  1453.48 
2024 06 27 12 16 26.54  26.498  02.739  0000.79  08.69  08.27  346.5  009.26  28.992  1023.115  1453.49 
2024 06 27 12 16 26.79  26.498  02.736  0000.77  08.61  08.34  346.5  009.26  28.993  1023.116  1453.48 
2024 06 27 12 16 27.04  26.498  02.735  0000.76  08.68  08.34  346.5  009.26  28.995  1023.118  1453.47 
2024 06 27 12 16 27.29  26.496  02.736  0000.76  08.82  08.34  346.5  009.26  28.992  1023.115  1453.47 
2024 06 27 12 16 27.54  26.496  02.735  0000.73  09.00  08.34  346.5  009.26  28.993  1023.116  1453.47 
2024 06 27 12 16 27.79  26.496  02.731  0000.75  09.48  08.24  346.3  009.26  28.996  1023.119  1453.46 
2024 06 27 12 16 28.04  26.496  02.729  0000.78  09.13  08.25  346.3  009.26  28.998  1023.121  1453.45 
2024 06 27 12 16 28.29  26.494  02.731  0000.78  08.85  08.26  346.3  009.26  28.993  1023.117  1453.45 
2024 06 27 12 16 28.54  26.492  02.729  0000.76  09.01  08.26  346.3  009.26  28.993  1023.117  1453.44 
2024 06 27 12 16 28.79  26.489  02.726  0000.76  09.02  08.26  346.3  009.26  28.991  1023.116  1453.43 
2024 06 27 12 16 29.04  26.486  02.717  0000.77  08.82  08.26  346.3  009.26  28.996  1023.121  1453.40 
2024 06 27 12 16 29.29  26.490  02.712  0000.78  09.78  08.26  346.3  009.26  29.006  1023.129  1453.39 
2024 06 27 12 16 29.54  26.482  02.715  0000.77  09.58  08.26  346.3  009.26  28.994  1023.119  1453.38 
2024 06 27 12 16 29.79  26.478  02.713  0000.76  09.36  08.34  346.3  009.26  28.990  1023.116  1453.37 
2024 06 27 12 16 30.04  26.475  02.713  0000.75  09.27  08.34  346.3  009.26  28.987  1023.113  1453.37 
2024 06 27 12 16 30.29  26.475  02.710  0000.78  08.99  08.33  346.3  009.26  28.990  1023.116  1453.36 
2024 06 27 12 16 30.54  26.472  02.708  0000.78  09.85  08.33  346.3  009.26  28.988  1023.115  1453.35 
2024 06 27 12 16 30.79  26.474  02.707  0000.78  09.52  08.24  346.0  009.26  28.991  1023.117  1453.35 
2024 06 27 12 16 31.04  26.471  02.705  0000.77  09.48  08.25  346.0  009.26  28.990  1023.116  1453.34 
2024 06 27 12 16 31.29  26.467  02.697  0000.77  08.83  08.25  346.0  009.26  28.991  1023.117  1453.30 
2024 06 27 12 16 31.54  26.460  02.685  0000.74  08.52  08.25  346.0  009.26  28.994  1023.121  1453.26 
2024 06 27 12 16 31.79  26.456  02.676  0000.74  08.73  08.25  346.0  009.26  28.998  1023.124  1453.22 
2024 06 27 12 16 32.04  26.452  02.676  0000.75  08.76  08.25  346.0  009.26  28.993  1023.121  1453.21 
2024 06 27 12 16 32.29  26.445  02.674  0000.77  08.75  08.25  346.0  009.26  28.986  1023.116  1453.19 
2024 06 27 12 16 32.54  26.443  02.670  0000.79  08.87  08.26  346.0  009.26  28.988  1023.117  1453.18 
2024 06 27 12 16 32.79  26.443  02.669  0000.79  08.74  08.33  346.0  009.26  28.988  1023.117  1453.18 
2024 06 27 12 16 33.04  26.438  02.669  0000.77  08.58  08.33  346.0  009.26  28.982  1023.113  1453.17 
2024 06 27 12 16 33.29  26.435  02.668  0000.74  08.98  08.33  346.0  009.26  28.980  1023.111  1453.16 
2024 06 27 12 16 33.54  26.435  02.665  0000.75  08.97  08.33  346.0  009.26  28.983  1023.113  1453.15 
2024 06 27 12 16 33.79  26.434  02.663  0000.77  08.98  08.23  346.2  009.26  28.982  1023.113  1453.14 
2024 06 27 12 16 34.04  26.436  02.668  0000.79  08.81  08.24  346.2  009.26  28.981  1023.112  1453.16 
2024 06 27 12 16 34.29  26.439  02.674  0000.77  08.45  08.25  346.2  009.26  28.980  1023.110  1453.19 
2024 06 27 12 16 34.54  26.439  02.669  0000.77  08.78  08.25  346.2  009.26  28.983  1023.113  1453.17 
2024 06 27 12 16 34.79  26.436  02.671  0000.75  08.90  08.25  346.2  009.26  28.978  1023.109  1453.17 
2024 06 27 12 16 35.04  26.438  02.675  0000.75  08.84  08.25  346.2  009.26  28.976  1023.107  1453.19 
2024 06 27 12 16 35.29  26.438  02.677  0000.75  09.61  08.25  346.2  009.26  28.975  1023.106  1453.19 
2024 06 27 12 16 35.54  26.442  02.677  0000.75  09.86  08.25  346.2  009.26  28.979  1023.110  1453.20 
2024 06 27 12 16 35.79  26.446  02.680  0000.78  09.66  08.33  346.2  009.26  28.982  1023.112  1453.22 
2024 06 27 12 16 36.04  26.444  02.677  0000.77  09.87  08.33  346.2  009.26  28.982  1023.112  1453.20 
2024 06 27 12 16 36.29  26.443  02.671  0000.77  09.18  08.33  346.2  009.26  28.986  1023.116  1453.18 
2024 06 27 12 16 36.54  26.446  02.676  0000.77  09.20  08.32  346.2  009.26  28.985  1023.114  1453.20 
2024 06 27 12 16 36.79  26.456  02.688  0000.73  09.40  08.23  346.3  009.26  28.987  1023.115  1453.26 
2024 06 27 12 16 37.04  26.457  02.700  0000.73  08.75  08.24  346.3  009.26  28.977  1023.106  1453.30 
2024 06 27 12 16 37.29  26.461  02.700  0000.74  08.84  08.24  346.3  009.26  28.982  1023.110  1453.30 
2024 06 27 12 16 37.54  26.464  02.704  0000.78  09.02  08.24  346.3  009.26  28.982  1023.110  1453.32 
2024 06 27 12 16 37.79  26.463  02.702  0000.80  09.78  08.24  346.3  009.26  28.982  1023.110  1453.31 
2024 06 27 12 16 38.04  26.467  02.700  0000.79  09.61  08.26  346.3  009.26  28.988  1023.115  1453.31 
2024 06 27 12 16 38.29  26.464  02.700  0000.75  09.23  08.26  346.3  009.26  28.985  1023.113  1453.31 
2024 06 27 12 16 38.54  26.461  02.699  0000.73  08.96  08.24  346.3  009.26  28.983  1023.111  1453.30 
2024 06 27 12 16 38.79  26.462  02.698  0000.69  08.79  08.32  346.3  009.26  28.985  1023.112  1453.30 
2024 06 27 12 16 39.04  26.463  02.698  0000.75  08.66  08.32  346.3  009.26  28.986  1023.113  1453.30 
2024 06 27 12 16 39.29  26.465  02.699  0000.78  08.27  08.32  346.3  009.26  28.987  1023.115  1453.31 
2024 06 27 12 16 39.54  26.464  02.701  0000.79  09.21  08.31  346.3  009.26  28.985  1023.112  1453.31 
2024 06 27 12 16 39.79  26.462  02.701  0000.79  09.37  08.22  346.2  009.26  28.981  1023.110  1453.31 
2024 06 27 12 16 40.04  26.455  02.694  0000.76  08.59  08.23  346.2  009.26  28.980  1023.109  1453.27 
2024 06 27 12 16 40.29  26.451  02.682  0000.72  08.62  08.23  346.2  009.26  28.985  1023.114  1453.23 
2024 06 27 12 16 40.54  26.452  02.683  0000.75  08.78  08.24  346.2  009.26  28.987  1023.115  1453.23 
2024 06 27 12 16 40.79  26.451  02.690  0000.75  08.76  08.24  346.2  009.26  28.979  1023.108  1453.26 
2024 06 27 12 16 41.04  26.450  02.694  0000.75  08.65  08.24  346.2  009.26  28.974  1023.104  1453.27 
2024 06 27 12 16 41.29  26.452  02.694  0000.77  08.76  08.24  346.2  009.26  28.977  1023.106  1453.27 
2024 06 27 12 16 41.54  26.451  02.690  0000.77  08.53  08.24  346.2  009.26  28.980  1023.109  1453.26 
2024 06 27 12 16 41.79  26.452  02.691  0000.73  08.38  08.32  346.2  009.26  28.980  1023.109  1453.26 
2024 06 27 12 16 42.04  26.451  02.688  0000.74  08.73  08.32  346.2  009.26  28.981  1023.110  1453.25 
2024 06 27 12 16 42.29  26.450  02.684  0000.75  08.17  08.31  346.2  009.26  28.983  1023.112  1453.24 
2024 06 27 12 16 42.54  26.451  02.684  0000.77  08.18  08.31  346.2  009.26  28.984  1023.113  1453.24 
2024 06 27 12 16 42.79  26.447  02.682  0000.77  08.17  08.22  346.1  009.26  28.981  1023.110  1453.22 
2024 06 27 12 16 43.04  26.445  02.679  0000.77  08.46  08.23  346.1  009.26  28.982  1023.111  1453.21 
2024 06 27 12 16 43.29  26.444  02.678  0000.76  09.03  08.23  346.1  009.26  28.981  1023.111  1453.21 
2024 06 27 12 16 43.54  26.444  02.678  0000.76  08.37  08.23  346.1  009.26  28.981  1023.111  1453.21 
2024 06 27 12 16 43.79  26.443  02.678  0000.74  08.61  08.23  346.1  009.26  28.981  1023.111  1453.21 
2024 06 27 12 16 44.04  26.446  02.678  0000.75  08.85  08.23  346.1  009.26  28.984  1023.113  1453.21 
2024 06 27 12 16 44.29  26.444  02.676  0000.76  08.89  08.24  346.1  009.26  28.983  1023.113  1453.20 
2024 06 27 12 16 44.54  26.444  02.676  0000.76  09.09  08.24  346.1  009.26  28.984  1023.113  1453.20 
2024 06 27 12 16 44.79  26.442  02.676  0000.78  08.66  08.31  346.1  009.26  28.981  1023.111  1453.20 
2024 06 27 12 16 45.04  26.442  02.676  0000.78  08.55  08.31  346.1  009.26  28.980  1023.111  1453.20 
2024 06 27 12 16 45.29  26.440  02.677  0000.75  08.37  08.31  346.1  009.26  28.978  1023.109  1453.20 
2024 06 27 12 16 45.54  26.441  02.674  0000.75  08.01  08.31  346.1  009.26  28.981  1023.111  1453.19 
2024 06 27 12 16 45.79  26.440  02.675  0000.73  08.74  08.21  346.1  009.26  28.980  1023.110  1453.19 
2024 06 27 12 16 46.04  26.441  02.676  0000.77  08.87  08.23  346.1  009.26  28.980  1023.110  1453.20 
2024 06 27 12 16 46.29  26.442  02.676  0000.76  08.92  08.23  346.1  009.26  28.981  1023.111  1453.20 
2024 06 27 12 16 46.54  26.443  02.675  0000.78  09.22  08.23  346.1  009.26  28.983  1023.113  1453.19 
2024 06 27 12 16 46.79  26.443  02.677  0000.78  08.91  08.23  346.1  009.26  28.981  1023.111  1453.20 
2024 06 27 12 16 47.04  26.443  02.677  0000.76  08.48  08.23  346.1  009.26  28.982  1023.112  1453.20 
2024 06 27 12 16 47.29  26.443  02.677  0000.74  08.63  08.23  346.1  009.26  28.981  1023.111  1453.20 
2024 06 27 12 16 47.54  26.443  02.677  0000.73  08.68  08.23  346.1  009.26  28.981  1023.111  1453.20 
2024 06 27 12 16 47.79  26.442  02.675  0000.76  08.54  08.31  346.1  009.26  28.981  1023.111  1453.19 
2024 06 27 12 16 48.04  26.442  02.676  0000.78  09.43  08.31  346.1  009.26  28.980  1023.111  1453.20 
2024 06 27 12 16 48.29  26.444  02.676  0000.78  09.30  08.31  346.1  009.26  28.983  1023.113  1453.20 
2024 06 27 12 16 48.54  26.440  02.673  0000.77  08.58  08.30  346.1  009.26  28.982  1023.112  1453.18 
2024 06 27 12 16 48.79  26.439  02.672  0000.75  08.42  08.21  346.3  009.26  28.980  1023.111  1453.18 
2024 06 27 12 16 49.04  26.439  02.671  0000.73  08.10  08.22  346.3  009.26  28.982  1023.112  1453.18 
2024 06 27 12 16 49.29  26.438  02.670  0000.75  07.97  08.22  346.3  009.26  28.981  1023.112  1453.17 
2024 06 27 12 16 49.54  26.435  02.669  0000.77  08.09  08.22  346.3  009.26  28.979  1023.110  1453.17 
2024 06 27 12 16 49.79  26.438  02.669  0000.79  08.50  08.22  346.3  009.26  28.982  1023.112  1453.17 
2024 06 27 12 16 50.04  26.439  02.670  0000.77  08.19  08.23  346.3  009.26  28.982  1023.112  1453.17 
2024 06 27 12 16 50.29  26.438  02.672  0000.77  07.95  08.23  346.3  009.26  28.980  1023.110  1453.18 
2024 06 27 12 16 50.54  26.439  02.672  0000.74  08.07  08.23  346.3  009.26  28.980  1023.110  1453.18 
2024 06 27 12 16 50.79  26.437  02.669  0000.76  08.76  08.31  346.3  009.26  28.981  1023.111  1453.17 
2024 06 27 12 16 51.04  26.437  02.670  0000.77  08.13  08.30  346.3  009.26  28.980  1023.111  1453.17 
2024 06 27 12 16 51.29  26.438  02.672  0000.78  08.57  08.30  346.3  009.26  28.980  1023.110  1453.18 
2024 06 27 12 16 51.54  26.438  02.672  0000.80  09.18  08.30  346.3  009.26  28.980  1023.110  1453.18 
2024 06 27 12 16 51.79  26.438  02.670  0000.79  08.98  08.21  346.2  009.26  28.981  1023.111  1453.17 
2024 06 27 12 16 52.04  26.435  02.668  0000.78  08.99  08.22  346.2  009.26  28.980  1023.111  1453.16 
2024 06 27 12 16 52.29  26.436  02.667  0000.74  08.36  08.22  346.2  009.26  28.982  1023.112  1453.16 
2024 06 27 12 16 52.54  26.435  02.667  0000.72  08.00  08.22  346.2  009.26  28.980  1023.111  1453.16 
2024 06 27 12 16 52.79  26.432  02.666  0000.73  07.89  08.22  346.2  009.26  28.977  1023.108  1453.15 
2024 06 27 12 16 53.04  26.432  02.666  0000.78  08.10  08.22  346.2  009.26  28.978  1023.109  1453.15 
2024 06 27 12 16 53.29  26.435  02.669  0000.80  08.10  08.22  346.2  009.26  28.979  1023.110  1453.17 
2024 06 27 12 16 53.54  26.435  02.670  0000.82  08.04  08.22  346.2  009.26  28.979  1023.110  1453.17 
2024 06 27 12 16 53.79  26.437  02.672  0000.79  08.31  08.30  346.2  009.26  28.978  1023.109  1453.18 
2024 06 27 12 16 54.04  26.441  02.676  0000.74  08.23  08.30  346.2  009.26  28.980  1023.110  1453.20 
2024 06 27 12 16 54.29  26.443  02.679  0000.72  08.27  08.30  346.2  009.26  28.980  1023.110  1453.21 
2024 06 27 12 16 54.54  26.447  02.692  0000.76  08.50  08.30  346.2  009.26  28.973  1023.104  1453.26 
2024 06 27 12 16 54.79  26.448  02.689  0000.78  08.69  08.20  346.2  009.26  28.977  1023.107  1453.25 
2024 06 27 12 16 55.04  26.447  02.686  0000.80  08.43  08.21  346.2  009.26  28.978  1023.108  1453.24 
2024 06 27 12 16 55.29  26.447  02.685  0000.80  09.03  08.21  346.2  009.26  28.979  1023.109  1453.24 
2024 06 27 12 16 55.54  26.447  02.687  0000.81  08.55  08.22  346.2  009.26  28.978  1023.108  1453.24 
2024 06 27 12 16 55.79  26.447  02.685  0000.75  09.02  08.22  346.2  009.26  28.979  1023.109  1453.24 
2024 06 27 12 16 56.04  26.447  02.686  0000.74  09.15  08.22  346.2  009.26  28.977  1023.107  1453.24 
2024 06 27 12 16 56.29  26.448  02.683  0000.75  08.98  08.22  346.2  009.26  28.982  1023.112  1453.23 
2024 06 27 12 16 56.54  26.446  02.681  0000.75  08.80  08.22  346.2  009.26  28.980  1023.110  1453.22 
2024 06 27 12 16 56.79  26.450  02.681  0000.78  08.87  08.30  346.2  009.26  28.986  1023.115  1453.23 
2024 06 27 12 16 57.04  26.446  02.682  0000.78  08.57  08.30  346.2  009.26  28.980  1023.110  1453.22 
2024 06 27 12 16 57.29  26.446  02.682  0000.79  08.40  08.29  346.2  009.26  28.980  1023.110  1453.22 
2024 06 27 12 16 57.54  26.443  02.680  0000.77  08.16  08.29  346.2  009.26  28.979  1023.109  1453.21 
2024 06 27 12 16 57.79  26.443  02.682  0000.75  08.81  08.20  346.1  009.26  28.977  1023.108  1453.22 
2024 06 27 12 16 58.04  26.443  02.681  0000.75  08.76  08.21  346.1  009.26  28.977  1023.107  1453.22 
2024 06 27 12 16 58.29  26.443  02.681  0000.76  08.81  08.21  346.1  009.26  28.978  1023.108  1453.22 
2024 06 27 12 16 58.54  26.445  02.686  0000.77  08.90  08.21  346.1  009.26  28.976  1023.106  1453.23 
2024 06 27 12 16 58.79  26.445  02.683  0000.77  08.53  08.21  346.1  009.26  28.978  1023.108  1453.22 
2024 06 27 12 16 59.04  26.443  02.682  0000.77  08.57  08.21  346.1  009.26  28.977  1023.107  1453.22 
2024 06 27 12 16 59.29  26.443  02.682  0000.77  08.47  08.21  346.1  009.26  28.976  1023.106  1453.22 
2024 06 27 12 16 59.54  26.446  02.682  0000.78  08.60  08.22  346.1  009.26  28.980  1023.110  1453.22 
2024 06 27 12 16 59.79  26.445  02.684  0000.78  08.43  08.29  346.1  009.26  28.977  1023.107  1453.23 
2024 06 27 12 17 00.04  26.447  02.687  0000.76  08.28  08.29  346.1  009.26  28.977  1023.107  1453.24 
2024 06 27 12 17 00.29  26.451  02.691  0000.75  08.35  08.29  346.1  009.26  28.979  1023.108  1453.26 
2024 06 27 12 17 00.54  26.453  02.691  0000.74  08.60  08.29  346.1  009.26  28.980  1023.109  1453.26 
2024 06 27 12 17 00.79  26.452  02.694  0000.75  08.88  08.19  346.2  009.26  28.977  1023.107  1453.27 
2024 06 27 12 17 01.04  26.454  02.699  0000.75  08.63  08.20  346.2  009.26  28.974  1023.104  1453.29 
2024 06 27 12 17 01.29  26.453  02.698  0000.79  08.52  08.21  346.2  009.26  28.974  1023.104  1453.28 
2024 06 27 12 17 01.54  26.452  02.696  0000.79  08.79  08.21  346.2  009.26  28.975  1023.105  1453.28 
2024 06 27 12 17 01.79  26.454  02.694  0000.79  08.86  08.21  346.2  009.26  28.978  1023.108  1453.28 
2024 06 27 12 17 02.04  26.455  02.695  0000.80  08.53  08.21  346.2  009.26  28.978  1023.108  1453.28 
2024 06 27 12 17 02.29  26.454  02.696  0000.77  08.19  08.21  346.2  009.26  28.977  1023.106  1453.28 
2024 06 27 12 17 02.54  26.455  02.693  0000.76  08.41  08.21  346.2  009.26  28.981  1023.109  1453.27 
2024 06 27 12 17 02.79  26.454  02.692  0000.78  08.14  08.29  346.2  009.26  28.980  1023.109  1453.27 
2024 06 27 12 17 03.04  26.449  02.684  0000.78  08.56  08.29  346.2  009.26  28.982  1023.111  1453.23 
2024 06 27 12 17 03.29  26.451  02.683  0000.82  08.31  08.29  346.2  009.26  28.984  1023.114  1453.24 
2024 06 27 12 17 03.54  26.451  02.699  0000.81  08.52  08.28  346.2  009.26  28.972  1023.102  1453.28 
2024 06 27 12 17 03.79  26.454  02.700  0000.82  08.78  08.19  346.1  009.26  28.973  1023.103  1453.29 
2024 06 27 12 17 04.04  26.453  02.693  0000.82  08.45  08.20  346.1  009.26  28.979  1023.108  1453.27 
2024 06 27 12 17 04.29  26.460  02.702  0000.86  08.78  08.20  346.1  009.26  28.979  1023.108  1453.31 
2024 06 27 12 17 04.54  26.463  02.705  0000.92  08.93  08.20  346.1  009.26  28.980  1023.109  1453.33 
2024 06 27 12 17 04.79  26.464  02.704  0001.00  08.90  08.20  346.1  009.26  28.982  1023.111  1453.32 
2024 06 27 12 17 05.04  26.459  02.696  0001.09  08.97  08.21  346.1  009.26  28.982  1023.112  1453.29 
2024 06 27 12 17 05.29  26.487  02.730  0001.22  08.93  08.21  346.1  009.26  28.986  1023.114  1453.45 
2024 06 27 12 17 05.54  26.544  02.794  0001.41  08.80  08.21  346.1  009.26  28.996  1023.118  1453.74 
2024 06 27 12 17 05.79  26.676  02.903  0001.68  08.64  08.29  346.1  009.26  29.056  1023.158  1454.30 
2024 06 27 12 17 06.04  27.277  03.484  0002.02  08.43  08.29  346.1  009.26  29.246  1023.266  1457.06 
2024 06 27 12 17 06.29  28.020  04.050  0002.40  08.61  08.28  346.1  009.26  29.607  1023.505  1459.94 
2024 06 27 12 17 06.54  28.259  04.225  0002.77  08.60  08.28  346.1  009.26  29.727  1023.586  1460.83 
2024 06 27 12 17 06.79  28.374  04.296  0003.16  08.09  08.17  347.1  009.26  29.795  1023.635  1461.23 
2024 06 27 12 17 07.04  28.407  04.279  0003.54  07.86  08.18  347.1  009.26  29.848  1023.681  1461.23 
2024 06 27 12 17 07.29  28.451  04.306  0003.98  07.18  08.18  347.1  009.26  29.874  1023.701  1461.38 
2024 06 27 12 17 07.54  28.492  04.336  0004.43  06.48  08.17  347.1  009.26  29.895  1023.717  1461.54 
2024 06 27 12 17 07.79  28.573  04.419  0004.87  06.15  08.17  347.1  009.26  29.913  1023.725  1461.92 
2024 06 27 12 17 08.04  28.585  04.423  0005.31  05.96  08.17  347.1  009.26  29.923  1023.735  1461.95 
2024 06 27 12 17 08.29  28.641  04.486  0005.76  05.79  08.11  347.1  009.26  29.930  1023.737  1462.24 
2024 06 27 12 17 08.54  28.706  04.573  0006.11  05.71  08.08  347.1  009.26  29.926  1023.727  1462.60 
2024 06 27 12 17 08.79  28.770  04.608  0006.53  05.68  08.23  347.1  009.26  29.968  1023.758  1462.81 
2024 06 27 12 17 09.04  28.805  04.646  0006.91  05.46  08.23  347.1  009.26  29.973  1023.761  1462.98 
2024 06 27 12 17 09.29  28.851  04.701  0007.28  05.53  08.19  347.1  009.23  29.977  1023.760  1463.21 
2024 06 27 12 17 09.54  28.918  04.779  0007.65  05.66  08.17  347.1  009.26  29.982  1023.758  1463.55 
2024 06 27 12 17 09.79  28.924  04.764  0007.98  05.72  08.05  324.5  009.26  30.002  1023.777  1463.52 
2024 06 27 12 17 10.04  28.916  04.751  0008.31  05.65  08.07  324.5  009.26  30.005  1023.782  1463.47 
2024 06 27 12 17 10.29  28.956  04.798  0008.69  05.56  08.08  324.5  009.26  30.008  1023.781  1463.68 
2024 06 27 12 17 10.54  28.969  04.813  0008.97  05.48  08.09  324.5  009.26  30.009  1023.781  1463.75 
2024 06 27 12 17 10.79  29.063  04.923  0009.32  05.48  08.11  324.5  009.26  30.017  1023.779  1464.22 
2024 06 27 12 17 11.04  29.107  04.959  0009.63  05.63  08.14  324.5  009.26  30.034  1023.790  1464.39 
2024 06 27 12 17 11.29  29.115  04.960  0009.95  05.55  08.13  324.5  009.26  30.042  1023.798  1464.41 
2024 06 27 12 17 11.54  29.152  05.014  0010.29  05.58  08.13  324.5  009.26  30.036  1023.789  1464.63 
2024 06 27 12 17 11.79  29.231  05.090  0010.60  05.42  08.28  324.5  009.26  30.057  1023.799  1464.98 
2024 06 27 12 17 12.04  29.308  05.183  0010.93  05.41  08.28  324.5  009.26  30.061  1023.793  1465.37 
2024 06 27 12 17 12.29  29.393  05.279  0011.28  05.29  08.27  324.5  009.26  30.070  1023.792  1465.78 
2024 06 27 12 17 12.54  29.439  05.292  0011.60  05.35  08.25  324.5  009.26  30.109  1023.823  1465.89 
2024 06 27 12 17 12.79  29.522  05.414  0011.92  05.23  08.10  312.5  009.26  30.094  1023.800  1466.37 
2024 06 27 12 17 13.04  29.620  05.506  0012.27  05.38  08.12  312.5  009.26  30.121  1023.813  1466.79 
2024 06 27 12 17 13.29  29.712  05.591  0012.59  05.30  08.15  312.5  009.26  30.147  1023.825  1467.17 
2024 06 27 12 17 13.54  29.716  05.579  0012.92  05.22  08.15  312.5  009.26  30.163  1023.840  1467.15 
2024 06 27 12 17 13.79  29.599  05.423  0013.27  05.20  08.15  312.5  009.26  30.172  1023.866  1466.53 
2024 06 27 12 17 14.04  29.520  05.350  0013.58  05.10  08.16  312.5  009.26  30.148  1023.857  1466.21 
2024 06 27 12 17 14.29  29.541  05.374  0013.95  05.08  08.16  312.5  009.26  30.150  1023.858  1466.31 
2024 06 27 12 17 14.54  29.558  05.395  0014.25  04.94  08.17  312.5  009.26  30.150  1023.857  1466.40 
2024 06 27 12 17 14.79  29.589  05.437  0014.59  04.97  08.29  312.5  009.26  30.148  1023.852  1466.58 
2024 06 27 12 17 15.04  29.888  05.800  0014.94  04.97  08.28  312.5  009.26  30.157  1023.820  1468.07 
2024 06 27 12 17 15.29  29.993  05.855  0015.24  04.57  08.31  312.5  009.26  30.225  1023.869  1468.38 
2024 06 27 12 17 15.54  30.020  05.868  0015.59  04.20  08.24  312.5  009.26  30.242  1023.883  1468.46 
2024 06 27 12 17 15.79  30.029  05.873  0015.97  04.08  08.10  302.7  009.26  30.248  1023.888  1468.50 
2024 06 27 12 17 16.04  30.040  05.881  0016.28  03.96  08.13  302.7  009.26  30.253  1023.893  1468.54 
2024 06 27 12 17 16.29  30.043  05.881  0016.65  04.00  08.13  302.7  009.26  30.256  1023.897  1468.55 
2024 06 27 12 17 16.54  30.046  05.879  0016.96  03.99  08.18  302.7  009.29  30.261  1023.903  1468.55 
2024 06 27 12 17 16.79  30.015  05.835  0017.31  03.87  08.14  302.7  009.26  30.265  1023.913  1468.39 
2024 06 27 12 17 17.04  29.948  05.760  0017.65  04.02  08.14  302.7  009.29  30.258  1023.917  1468.08 
2024 06 27 12 17 17.29  29.919  05.736  0017.96  04.11  08.14  302.7  009.26  30.247  1023.912  1467.97 
2024 06 27 12 17 17.54  29.983  05.826  0018.31  04.15  08.22  302.7  009.26  30.238  1023.897  1468.33 
2024 06 27 12 17 17.79  30.106  05.948  0018.68  03.85  08.28  302.7  009.26  30.266  1023.907  1468.86 
2024 06 27 12 17 18.04  30.195  06.034  0019.02  03.58  08.27  302.7  009.26  30.288  1023.916  1469.24 
2024 06 27 12 17 18.29  30.307  06.140  0019.39  03.36  08.28  302.7  009.26  30.316  1023.927  1469.71 
2024 06 27 12 17 18.54  30.361  06.188  0019.73  03.17  08.26  302.7  009.26  30.333  1023.936  1469.93 
2024 06 27 12 17 18.79  30.403  06.231  0020.05  03.30  08.08  295.1  009.26  30.341  1023.939  1470.11 
2024 06 27 12 17 19.04  30.421  06.245  0020.39  03.14  08.10  295.1  009.26  30.347  1023.944  1470.18 
2024 06 27 12 17 19.29  30.435  06.258  0020.72  03.05  08.18  295.1  009.26  30.351  1023.947  1470.25 
2024 06 27 12 17 19.54  30.448  06.267  0021.07  02.99  08.20  295.1  009.26  30.358  1023.953  1470.29 
2024 06 27 12 17 19.79  30.457  06.271  0021.39  03.01  08.22  295.1  009.26  30.364  1023.958  1470.32 
2024 06 27 12 17 20.04  30.457  06.274  0021.72  02.97  08.21  295.1  009.26  30.360  1023.957  1470.34 
2024 06 27 12 17 20.29  30.482  06.301  0022.06  02.98  08.21  295.1  009.26  30.365  1023.958  1470.45 
2024 06 27 12 17 20.54  30.507  06.326  0022.40  03.07  08.23  295.1  009.26  30.369  1023.960  1470.57 
2024 06 27 12 17 20.79  30.519  06.333  0022.69  03.03  08.32  295.1  009.26  30.375  1023.966  1470.61 
2024 06 27 12 17 21.04  30.522  06.334  0023.04  02.90  08.28  295.1  009.26  30.379  1023.970  1470.62 
2024 06 27 12 17 21.29  30.546  06.358  0023.39  02.90  08.29  295.1  009.26  30.383  1023.972  1470.73 
2024 06 27 12 17 21.54  30.663  06.502  0023.71  02.71  08.26  295.1  009.26  30.383  1023.956  1471.30 
2024 06 27 12 17 21.79  30.782  06.598  0024.07  02.53  08.14  288.0  009.26  30.428  1023.981  1471.75 
2024 06 27 12 17 22.04  30.814  06.625  0024.36  02.41  08.17  288.0  009.26  30.439  1023.988  1471.87 
2024 06 27 12 17 22.29  30.837  06.651  0024.72  02.32  08.13  288.0  009.26  30.441  1023.988  1471.98 
2024 06 27 12 17 22.54  30.971  06.806  0025.08  02.20  08.09  288.0  009.26  30.449  1023.976  1472.61 
2024 06 27 12 17 22.79  31.057  06.862  0025.36  02.04  08.18  288.0  009.26  30.492  1024.005  1472.89 
2024 06 27 12 17 23.04  31.084  06.882  0025.71  01.93  08.07  288.0  009.26  30.503  1024.013  1472.99 
2024 06 27 12 17 23.29  31.096  06.886  0026.03  01.84  08.09  288.0  009.26  30.512  1024.021  1473.02 
2024 06 27 12 17 23.54  31.147  06.943  0026.37  01.74  08.17  288.0  009.26  30.518  1024.019  1473.25 
2024 06 27 12 17 23.79  31.183  06.962  0026.72  01.69  08.18  288.0  009.26  30.540  1024.036  1473.36 
2024 06 27 12 17 24.04  31.274  07.045  0027.04  01.57  08.27  288.0  009.26  30.564  1024.045  1473.73 
2024 06 27 12 17 24.29  31.302  07.061  0027.36  01.45  08.21  288.0  009.26  30.580  1024.057  1473.81 
2024 06 27 12 17 24.54  31.319  07.072  0027.71  01.44  08.25  288.0  009.26  30.589  1024.064  1473.87 
2024 06 27 12 17 24.79  31.362  07.116  0028.03  01.41  08.12  277.6  009.26  30.596  1024.066  1474.06 
2024 06 27 12 17 25.04  31.394  07.133  0028.37  01.31  08.14  277.6  009.26  30.616  1024.081  1474.15 
2024 06 27 12 17 25.29  31.406  07.143  0028.73  01.31  08.13  277.6  009.26  30.620  1024.084  1474.20 
2024 06 27 12 17 25.54  31.453  07.197  0029.05  01.32  08.15  277.6  009.26  30.622  1024.080  1474.42 
2024 06 27 12 17 25.79  31.505  07.232  0029.41  01.24  08.16  277.6  009.26  30.646  1024.096  1474.60 
2024 06 27 12 17 26.04  31.516  07.240  0029.71  01.14  08.15  277.6  009.26  30.651  1024.100  1474.64 
2024 06 27 12 17 26.29  31.533  07.255  0030.05  01.13  08.15  277.6  009.26  30.655  1024.104  1474.71 
2024 06 27 12 17 26.54  31.566  07.285  0030.41  01.10  08.12  277.6  009.26  30.665  1024.109  1474.84 
2024 06 27 12 17 26.79  31.604  07.315  0030.73  01.10  08.26  277.6  009.26  30.679  1024.117  1474.98 
2024 06 27 12 17 27.04  31.629  07.338  0031.10  01.01  08.25  277.6  009.26  30.685  1024.121  1475.08 
2024 06 27 12 17 27.29  31.643  07.345  0031.46  01.02  08.24  277.6  009.26  30.694  1024.129  1475.13 
2024 06 27 12 17 27.54  31.650  07.351  0031.77  01.09  08.13  277.6  009.26  30.696  1024.130  1475.16 
2024 06 27 12 17 27.79  31.664  07.358  0032.15  01.02  08.05  270.6  009.26  30.705  1024.138  1475.20 
2024 06 27 12 17 28.04  31.664  07.356  0032.48  00.97  08.13  270.6  009.26  30.706  1024.141  1475.20 
2024 06 27 12 17 28.29  31.662  07.354  0032.85  00.95  08.14  270.6  009.26  30.705  1024.142  1475.20 
2024 06 27 12 17 28.54  31.665  07.356  0033.22  00.93  08.13  270.6  009.26  30.707  1024.145  1475.21 
2024 06 27 12 17 28.79  31.673  07.363  0033.56  00.97  08.14  270.6  009.26  30.708  1024.147  1475.25 
2024 06 27 12 17 29.04  31.688  07.374  0033.95  01.03  08.10  270.6  009.26  30.715  1024.153  1475.31 
2024 06 27 12 17 29.29  31.698  07.384  0034.33  00.96  08.15  270.6  009.26  30.717  1024.155  1475.36 
2024 06 27 12 17 29.54  31.730  07.413  0034.69  00.91  08.15  270.6  009.26  30.726  1024.159  1475.48 
2024 06 27 12 17 29.79  31.750  07.431  0035.09  00.88  08.24  270.6  009.26  30.731  1024.163  1475.56 
2024 06 27 12 17 30.04  31.761  07.438  0035.43  00.85  08.20  270.6  009.26  30.736  1024.167  1475.61 
2024 06 27 12 17 30.29  31.796  07.476  0035.83  00.84  08.24  270.6  009.26  30.740  1024.167  1475.76 
2024 06 27 12 17 30.54  31.822  07.491  0036.22  00.76  08.24  270.6  009.26  30.754  1024.178  1475.85 
2024 06 27 12 17 30.79  31.826  07.493  0036.58  00.74  08.09  268.6  009.26  30.757  1024.181  1475.86 
2024 06 27 12 17 31.04  31.838  07.503  0036.98  00.75  08.13  268.6  009.26  30.760  1024.184  1475.91 
2024 06 27 12 17 31.29  31.851  07.512  0037.37  00.75  08.15  268.6  009.26  30.766  1024.190  1475.96 
2024 06 27 12 17 31.54  31.865  07.524  0037.73  00.71  08.07  268.6  009.26  30.769  1024.192  1476.02 
2024 06 27 12 17 31.79  31.880  07.535  0038.14  00.71  08.13  268.6  009.26  30.776  1024.198  1476.07 
2024 06 27 12 17 32.04  31.902  07.556  0038.50  00.74  08.02  268.6  009.26  30.781  1024.201  1476.17 
2024 06 27 12 17 32.29  31.909  07.560  0038.90  00.70  08.12  268.6  009.26  30.785  1024.205  1476.19 
2024 06 27 12 17 32.54  31.912  07.562  0039.29  00.69  08.08  268.6  009.26  30.787  1024.208  1476.21 
2024 06 27 12 17 32.79  31.912  07.561  0039.64  00.68  08.24  268.6  009.26  30.786  1024.210  1476.21 
2024 06 27 12 17 33.04  31.917  07.565  0040.04  00.70  08.26  268.6  009.26  30.788  1024.212  1476.24 
2024 06 27 12 17 33.29  31.927  07.576  0040.37  00.73  08.24  268.6  009.26  30.789  1024.213  1476.29 
2024 06 27 12 17 33.54  31.940  07.585  0040.77  00.65  08.24  268.6  009.26  30.795  1024.218  1476.33 
2024 06 27 12 17 33.79  31.952  07.599  0041.15  00.66  08.10  270.9  009.26  30.795  1024.218  1476.39 
2024 06 27 12 17 34.04  31.918  07.533  0041.50  00.64  08.12  270.9  009.26  30.817  1024.246  1476.17 
2024 06 27 12 17 34.29  31.904  07.529  0041.86  00.65  08.14  270.9  009.26  30.806  1024.239  1476.15 
2024 06 27 12 17 34.54  31.898  07.520  0042.25  00.73  08.14  270.9  009.26  30.807  1024.243  1476.12 
2024 06 27 12 17 34.79  31.888  07.516  0042.59  00.69  08.11  270.9  009.26  30.800  1024.240  1476.10 
2024 06 27 12 17 35.04  31.891  07.518  0042.97  00.69  08.13  270.9  009.26  30.801  1024.242  1476.12 
2024 06 27 12 17 35.29  31.898  07.523  0043.31  00.65  08.11  270.9  009.26  30.804  1024.246  1476.14 
2024 06 27 12 17 35.54  31.900  07.524  0043.69  00.64  08.12  270.9  009.26  30.804  1024.248  1476.16 
2024 06 27 12 17 35.79  31.904  07.528  0044.06  00.65  08.23  270.9  009.26  30.806  1024.250  1476.18 
2024 06 27 12 17 36.04  31.910  07.534  0044.43  00.64  08.22  270.9  009.26  30.806  1024.251  1476.21 
2024 06 27 12 17 36.29  31.910  07.531  0044.80  00.66  08.22  270.9  009.26  30.809  1024.255  1476.21 
2024 06 27 12 17 36.54  31.915  07.538  0045.18  00.64  08.20  270.9  009.26  30.808  1024.255  1476.24 
2024 06 27 12 17 36.79  31.924  07.546  0045.55  00.66  08.07  268.8  009.26  30.810  1024.258  1476.28 
2024 06 27 12 17 37.04  31.929  07.547  0045.94  00.66  08.12  268.8  009.26  30.814  1024.262  1476.29 
2024 06 27 12 17 37.29  31.923  07.541  0046.30  00.69  08.10  268.8  009.26  30.813  1024.264  1476.27 
2024 06 27 12 17 37.54  31.908  07.529  0046.68  00.66  08.14  268.8  009.26  30.808  1024.264  1476.23 
2024 06 27 12 17 37.79  31.923  07.545  0047.10  00.68  08.12  268.8  009.26  30.810  1024.265  1476.30 
2024 06 27 12 17 38.04  31.935  07.554  0047.48  00.67  08.10  268.8  009.26  30.815  1024.269  1476.35 
2024 06 27 12 17 38.29  31.936  07.545  0047.91  00.68  08.12  268.8  009.26  30.823  1024.279  1476.33 
2024 06 27 12 17 38.54  31.928  07.535  0048.32  00.64  08.11  268.8  009.26  30.823  1024.282  1476.30 
2024 06 27 12 17 38.79  31.915  07.524  0048.68  00.64  08.16  268.8  009.26  30.818  1024.281  1476.25 
2024 06 27 12 17 39.04  31.912  07.523  0049.11  00.66  08.16  268.8  009.26  30.817  1024.282  1476.25 
2024 06 27 12 17 39.29  31.903  07.509  0049.46  00.69  08.25  268.8  009.26  30.819  1024.287  1476.21 
2024 06 27 12 17 39.54  31.901  07.505  0049.85  00.71  08.24  268.8  009.26  30.820  1024.291  1476.20 
2024 06 27 12 17 39.79  31.900  07.504  0050.27  00.63  08.07  266.5  009.26  30.819  1024.292  1476.20 
2024 06 27 12 17 40.04  31.897  07.499  0050.63  00.66  08.10  266.5  009.26  30.821  1024.296  1476.19 
2024 06 27 12 17 40.29  31.897  07.498  0051.03  00.65  08.09  266.5  009.26  30.822  1024.299  1476.20 
2024 06 27 12 17 40.54  31.900  07.498  0051.40  00.60  08.09  266.5  009.26  30.825  1024.302  1476.20 
2024 06 27 12 17 40.79  31.899  07.497  0051.81  00.61  08.09  266.5  009.26  30.824  1024.304  1476.21 
2024 06 27 12 17 41.04  31.905  07.503  0052.22  00.63  08.12  266.5  009.26  30.826  1024.306  1476.24 
2024 06 27 12 17 41.29  31.909  07.504  0052.59  00.66  08.10  266.5  009.26  30.828  1024.310  1476.25 
2024 06 27 12 17 41.54  31.910  07.504  0053.01  00.65  08.12  266.5  009.26  30.829  1024.312  1476.26 
2024 06 27 12 17 41.79  31.908  07.502  0053.42  00.64  08.20  266.5  009.26  30.830  1024.315  1476.26 
2024 06 27 12 17 42.04  31.913  07.507  0053.80  00.65  08.19  266.5  009.26  30.830  1024.316  1476.28 
2024 06 27 12 17 42.29  31.916  07.507  0054.21  00.63  08.23  266.5  009.26  30.832  1024.320  1476.29 
2024 06 27 12 17 42.54  31.912  07.504  0054.58  00.62  08.22  266.5  009.26  30.831  1024.321  1476.29 
2024 06 27 12 17 42.79  31.912  07.505  0055.01  00.64  08.10  265.1  009.26  30.830  1024.322  1476.30 
2024 06 27 12 17 43.04  31.913  07.507  0055.39  00.65  08.01  265.1  009.26  30.829  1024.323  1476.31 
2024 06 27 12 17 43.29  31.915  07.507  0055.78  00.60  08.10  265.1  009.26  30.830  1024.326  1476.32 
2024 06 27 12 17 43.54  31.918  07.507  0056.20  00.60  08.10  265.1  009.26  30.834  1024.330  1476.33 
2024 06 27 12 17 43.79  31.916  07.507  0056.59  00.62  08.11  265.1  009.26  30.831  1024.330  1476.33 
2024 06 27 12 17 44.04  31.916  07.506  0056.97  00.61  08.09  265.1  009.26  30.832  1024.333  1476.33 
2024 06 27 12 17 44.29  31.918  07.506  0057.39  00.61  08.10  265.1  009.26  30.834  1024.337  1476.34 
2024 06 27 12 17 44.54  31.917  07.505  0057.77  00.58  08.12  265.1  009.26  30.834  1024.338  1476.35 
2024 06 27 12 17 44.79  31.918  07.505  0058.17  00.58  08.21  265.1  009.23  30.834  1024.340  1476.35 
2024 06 27 12 17 45.04  31.919  07.501  0058.59  00.57  08.20  265.1  009.26  30.838  1024.346  1476.35 
2024 06 27 12 17 45.29  31.905  07.480  0058.94  00.62  08.22  265.1  009.26  30.843  1024.354  1476.28 
2024 06 27 12 17 45.54  31.903  07.479  0059.36  00.61  08.22  265.1  009.26  30.841  1024.354  1476.28 
2024 06 27 12 17 45.79  31.900  07.475  0059.77  00.59  08.09  264.4  009.26  30.841  1024.357  1476.27 
2024 06 27 12 17 46.04  31.900  07.474  0060.16  00.58  08.10  264.4  009.26  30.842  1024.360  1476.28 
2024 06 27 12 17 46.29  31.901  07.477  0060.58  00.57  08.11  264.4  009.26  30.841  1024.360  1476.29 
2024 06 27 12 17 46.54  31.904  07.479  0060.93  00.56  08.10  264.4  009.26  30.842  1024.362  1476.31 
2024 06 27 12 17 46.79  31.905  07.479  0061.36  00.55  08.09  264.4  009.26  30.842  1024.365  1476.32 
2024 06 27 12 17 47.04  31.907  07.482  0061.75  00.59  08.13  264.4  009.26  30.841  1024.365  1476.33 
2024 06 27 12 17 47.29  31.908  07.482  0062.11  00.66  08.12  264.4  009.26  30.842  1024.367  1476.34 
2024 06 27 12 17 47.54  31.906  07.478  0062.52  00.58  08.11  264.4  009.26  30.844  1024.372  1476.33 
2024 06 27 12 17 47.79  31.890  07.462  0062.92  00.56  08.21  264.4  009.26  30.841  1024.373  1476.27 
2024 06 27 12 17 48.04  31.892  07.465  0063.30  00.55  08.23  264.4  009.26  30.840  1024.373  1476.29 
2024 06 27 12 17 48.29  31.885  07.453  0063.70  00.58  08.22  264.4  009.26  30.843  1024.379  1476.25 
2024 06 27 12 17 48.54  31.878  07.435  0064.06  00.55  08.20  264.4  009.26  30.852  1024.390  1476.20 
2024 06 27 12 17 48.79  31.867  07.436  0064.46  00.55  08.12  264.3  009.26  30.839  1024.382  1476.19 
2024 06 27 12 17 49.04  31.857  07.421  0064.87  00.53  08.10  264.3  009.26  30.842  1024.388  1476.15 
2024 06 27 12 17 49.29  31.856  07.419  0065.22  00.55  08.01  264.3  009.26  30.841  1024.390  1476.14 
2024 06 27 12 17 49.54  31.858  07.414  0065.61  00.52  08.08  264.3  009.26  30.848  1024.398  1476.14 
2024 06 27 12 17 49.79  31.851  07.410  0066.03  00.53  08.11  264.3  009.26  30.844  1024.396  1476.13 
2024 06 27 12 17 50.04  31.850  07.411  0066.39  00.48  08.14  264.3  009.26  30.842  1024.397  1476.13 
2024 06 27 12 17 50.29  31.850  07.409  0066.77  00.51  08.13  264.3  009.26  30.844  1024.400  1476.13 
2024 06 27 12 17 50.54  31.851  07.411  0067.15  00.59  08.11  264.3  009.26  30.842  1024.400  1476.15 
2024 06 27 12 17 50.79  31.852  07.411  0067.54  00.56  08.19  264.3  009.26  30.843  1024.403  1476.15 
2024 06 27 12 17 51.04  31.849  07.410  0067.94  00.56  08.22  264.3  009.23  30.840  1024.402  1476.15 
2024 06 27 12 17 51.29  31.849  07.408  0068.31  00.55  08.22  264.3  009.26  30.842  1024.406  1476.15 
2024 06 27 12 17 51.54  31.838  07.386  0068.71  00.55  08.19  264.3  009.26  30.850  1024.417  1476.08 
2024 06 27 12 17 51.79  31.834  07.384  0069.13  00.56  08.11  263.3  009.26  30.847  1024.417  1476.08 
2024 06 27 12 17 52.04  31.832  07.382  0069.48  00.55  08.08  263.3  009.26  30.846  1024.418  1476.08 
2024 06 27 12 17 52.29  31.832  07.381  0069.87  00.52  08.07  263.3  009.26  30.847  1024.421  1476.08 
2024 06 27 12 17 52.54  31.833  07.382  0070.25  00.43  08.10  263.3  009.26  30.847  1024.422  1476.09 
2024 06 27 12 17 52.79  31.832  07.383  0070.65  00.44  08.12  263.3  009.26  30.845  1024.422  1476.10 
2024 06 27 12 17 53.04  31.830  07.382  0071.05  00.40  08.14  263.3  009.26  30.844  1024.424  1476.10 
2024 06 27 12 17 53.29  31.830  07.380  0071.42  00.45  08.07  263.3  009.26  30.846  1024.427  1476.10 
2024 06 27 12 17 53.54  31.831  07.381  0071.83  00.52  08.16  263.3  009.26  30.845  1024.428  1476.11 
2024 06 27 12 17 53.79  31.831  07.380  0072.23  00.50  08.19  263.3  009.26  30.847  1024.431  1476.11 
2024 06 27 12 17 54.04  31.829  07.377  0072.60  00.50  08.17  263.3  009.26  30.846  1024.433  1476.11 
2024 06 27 12 17 54.29  31.827  07.377  0073.03  00.56  08.23  263.3  009.26  30.845  1024.434  1476.11 
2024 06 27 12 17 54.54  31.827  07.374  0073.39  00.57  08.16  263.3  009.26  30.847  1024.438  1476.11 
2024 06 27 12 17 54.79  31.827  07.374  0073.81  00.49  08.11  262.8  009.26  30.847  1024.440  1476.11 
2024 06 27 12 17 55.04  31.826  07.377  0074.19  00.49  08.10  262.8  009.26  30.843  1024.438  1476.13 
2024 06 27 12 17 55.29  31.818  07.361  0074.58  00.53  08.08  262.8  009.26  30.849  1024.447  1476.08 
2024 06 27 12 17 55.54  31.810  07.348  0075.00  00.50  08.10  262.8  009.26  30.851  1024.452  1476.04 
2024 06 27 12 17 55.79  31.804  07.346  0075.40  00.49  08.09  262.8  009.26  30.846  1024.450  1476.03 
2024 06 27 12 17 56.04  31.802  07.339  0075.78  00.52  08.04  262.8  009.26  30.850  1024.456  1476.02 
2024 06 27 12 17 56.29  31.798  07.335  0076.19  00.52  08.11  262.8  009.26  30.849  1024.458  1476.00 
2024 06 27 12 17 56.54  31.800  07.332  0076.57  00.58  08.11  262.8  009.26  30.854  1024.463  1476.01 
2024 06 27 12 17 56.79  31.802  07.337  0076.96  00.51  08.18  262.8  009.26  30.852  1024.463  1476.03 
2024 06 27 12 17 57.04  31.795  07.328  0077.37  00.50  08.17  262.8  009.26  30.852  1024.466  1476.00 
2024 06 27 12 17 57.29  31.790  07.323  0077.75  00.47  08.18  262.8  009.26  30.850  1024.468  1475.98 
2024 06 27 12 17 57.54  31.781  07.313  0078.15  00.43  08.18  262.8  009.26  30.850  1024.470  1475.95 
2024 06 27 12 17 57.79  31.783  07.314  0078.56  00.51  08.01  262.4  009.26  30.851  1024.472  1475.96 
2024 06 27 12 17 58.04  31.779  07.306  0078.93  00.52  08.09  262.4  009.26  30.853  1024.477  1475.94 
2024 06 27 12 17 58.29  31.782  07.320  0079.34  00.52  08.10  262.4  009.26  30.844  1024.470  1475.99 
2024 06 27 12 17 58.54  31.795  07.332  0079.72  00.55  08.05  262.4  009.26  30.847  1024.473  1476.05 
2024 06 27 12 17 58.79  31.799  07.332  0080.14  00.51  08.06  262.4  009.26  30.851  1024.477  1476.06 
2024 06 27 12 17 59.04  31.795  07.326  0080.53  00.47  08.07  262.4  009.26  30.852  1024.481  1476.04 
2024 06 27 12 17 59.29  31.793  07.327  0080.90  00.51  08.11  262.4  009.26  30.849  1024.480  1476.05 
2024 06 27 12 17 59.54  31.799  07.329  0081.34  00.55  08.08  262.4  009.26  30.853  1024.485  1476.07 
2024 06 27 12 17 59.79  31.791  07.324  0081.75  00.52  08.16  262.4  009.26  30.849  1024.485  1476.05 
2024 06 27 12 18 00.04  31.791  07.324  0082.10  00.48  08.17  262.4  009.26  30.849  1024.486  1476.06 
2024 06 27 12 18 00.29  31.787  07.318  0082.53  00.49  08.22  262.4  009.26  30.850  1024.490  1476.04 
2024 06 27 12 18 00.54  31.783  07.315  0082.89  00.47  08.15  262.4  009.26  30.848  1024.490  1476.03 
2024 06 27 12 18 00.79  31.775  07.302  0083.30  00.64  08.03  262.2  009.26  30.850  1024.495  1475.99 
2024 06 27 12 18 01.04  31.778  07.303  0083.71  00.64  08.08  262.2  009.26  30.853  1024.499  1476.01 
2024 06 27 12 18 01.29  31.779  07.309  0084.10  00.57  08.08  262.2  009.26  30.848  1024.497  1476.03 
2024 06 27 12 18 01.54  31.786  07.316  0084.51  00.55  08.05  262.2  009.26  30.849  1024.499  1476.07 
2024 06 27 12 18 01.79  31.782  07.311  0084.93  00.53  08.11  262.2  009.26  30.849  1024.501  1476.05 
2024 06 27 12 18 02.04  31.769  07.291  0085.31  00.50  08.07  262.2  009.26  30.853  1024.509  1475.99 
2024 06 27 12 18 02.29  31.762  07.289  0085.74  00.49  08.09  262.2  009.26  30.847  1024.506  1475.98 
2024 06 27 12 18 02.54  31.760  07.281  0086.13  00.47  08.09  262.2  009.26  30.852  1024.513  1475.96 
2024 06 27 12 18 02.79  31.760  07.281  0086.52  00.50  08.17  262.2  009.26  30.852  1024.515  1475.97 
2024 06 27 12 18 03.04  31.766  07.286  0086.94  00.51  08.17  262.2  009.26  30.854  1024.517  1475.99 
2024 06 27 12 18 03.29  31.749  07.261  0087.32  00.49  08.16  262.2  009.26  30.858  1024.526  1475.91 
2024 06 27 12 18 03.54  31.735  07.244  0087.75  00.48  08.19  262.2  009.26  30.857  1024.529  1475.85 
2024 06 27 12 18 03.79  31.714  07.225  0088.12  00.49  08.04  261.6  009.26  30.851  1024.529  1475.77 
2024 06 27 12 18 04.04  31.711  07.218  0088.55  00.49  08.06  261.6  009.26  30.854  1024.534  1475.76 
2024 06 27 12 18 04.29  31.708  07.217  0088.96  00.49  08.06  261.6  009.26  30.851  1024.534  1475.76 
2024 06 27 12 18 04.54  31.709  07.220  0089.37  00.49  08.06  261.6  009.26  30.850  1024.534  1475.77 
2024 06 27 12 18 04.79  31.709  07.220  0089.76  00.52  08.10  261.6  009.26  30.850  1024.537  1475.78 
2024 06 27 12 18 05.04  31.710  07.220  0090.20  00.48  08.08  261.6  009.26  30.851  1024.539  1475.79 
2024 06 27 12 18 05.29  31.711  07.220  0090.58  00.50  08.08  261.6  009.26  30.851  1024.541  1475.79 
2024 06 27 12 18 05.54  31.710  07.219  0090.98  00.54  08.10  261.6  009.26  30.852  1024.543  1475.80 
2024 06 27 12 18 05.79  31.707  07.215  0091.37  00.52  08.17  261.6  009.26  30.852  1024.546  1475.79 
2024 06 27 12 18 06.04  31.705  07.216  0091.80  00.54  08.18  261.6  009.26  30.849  1024.545  1475.79 
2024 06 27 12 18 06.29  31.707  07.216  0092.22  00.50  08.15  261.6  009.26  30.850  1024.548  1475.80 
2024 06 27 12 18 06.54  31.704  07.209  0092.63  00.51  08.15  261.6  009.26  30.853  1024.553  1475.79 
2024 06 27 12 18 06.79  31.708  07.212  0093.03  00.55  08.04  260.2  009.26  30.855  1024.556  1475.80 
2024 06 27 12 18 07.04  31.703  07.207  0093.47  00.50  08.09  260.2  009.26  30.853  1024.557  1475.79 
2024 06 27 12 18 07.29  31.697  07.200  0093.84  00.50  07.99  260.2  009.26  30.853  1024.560  1475.77 
2024 06 27 12 18 07.54  31.695  07.201  0094.25  00.47  08.06  260.2  009.26  30.850  1024.559  1475.78 
2024 06 27 12 18 07.79  31.694  07.198  0094.63  00.53  08.06  260.2  009.26  30.852  1024.563  1475.77 
2024 06 27 12 18 08.04  31.695  07.198  0095.07  00.52  08.06  260.2  009.26  30.852  1024.565  1475.78 
2024 06 27 12 18 08.29  31.696  07.198  0095.47  00.56  08.06  260.2  009.26  30.852  1024.567  1475.79 
2024 06 27 12 18 08.54  31.693  07.196  0095.87  00.58  08.06  260.2  009.26  30.852  1024.569  1475.79 
2024 06 27 12 18 08.79  31.691  07.188  0096.29  00.56  08.16  260.2  009.26  30.856  1024.575  1475.77 
2024 06 27 12 18 09.04  31.687  07.188  0096.71  00.56  08.16  260.2  009.26  30.852  1024.574  1475.77 
2024 06 27 12 18 09.29  31.686  07.182  0097.11  00.49  08.17  260.2  009.26  30.856  1024.580  1475.76 
2024 06 27 12 18 09.54  31.673  07.168  0097.53  00.53  08.13  260.2  009.26  30.854  1024.582  1475.70 
2024 06 27 12 18 09.79  31.666  07.159  0097.93  00.58  08.03  259.1  009.26  30.855  1024.586  1475.68 
2024 06 27 12 18 10.04  31.666  07.159  0098.35  00.57  08.04  259.1  009.26  30.854  1024.587  1475.69 
2024 06 27 12 18 10.29  31.668  07.162  0098.76  00.56  08.04  259.1  009.26  30.854  1024.588  1475.70 
2024 06 27 12 18 10.54  31.670  07.165  0099.16  00.54  08.05  259.1  009.26  30.852  1024.589  1475.72 
2024 06 27 12 18 10.79  31.670  07.165  0099.58  00.55  08.05  259.1  009.26  30.853  1024.591  1475.73 
2024 06 27 12 18 11.04  31.670  07.167  0100.00  00.54  08.06  259.1  009.26  30.850  1024.591  1475.74 
2024 06 27 12 18 11.29  31.670  07.164  0100.39  00.53  08.05  259.1  009.26  30.853  1024.595  1475.74 
2024 06 27 12 18 11.54  31.668  07.167  0100.84  00.51  08.06  259.1  009.26  30.848  1024.593  1475.75 
2024 06 27 12 18 11.79  31.672  07.168  0101.21  00.54  08.14  259.1  009.26  30.851  1024.597  1475.76 
2024 06 27 12 18 12.04  31.673  07.168  0101.63  00.53  08.14  259.1  009.26  30.852  1024.599  1475.77 
2024 06 27 12 18 12.29  31.672  07.168  0102.07  00.51  08.13  259.1  009.26  30.851  1024.601  1475.78 
2024 06 27 12 18 12.54  31.674  07.167  0102.44  00.55  08.12  259.1  009.26  30.854  1024.605  1475.78 
2024 06 27 12 18 12.79  31.670  07.163  0102.86  00.50  08.06  258.4  009.26  30.853  1024.606  1475.77 
2024 06 27 12 18 13.04  31.670  07.164  0103.25  00.48  08.04  258.4  009.26  30.851  1024.607  1475.78 
2024 06 27 12 18 13.29  31.669  07.159  0103.68  00.51  08.03  258.4  009.26  30.855  1024.612  1475.77 
2024 06 27 12 18 13.54  31.670  07.161  0104.10  00.58  08.05  258.4  009.26  30.854  1024.613  1475.79 
2024 06 27 12 18 13.79  31.670  07.160  0104.48  00.54  08.05  258.4  009.26  30.855  1024.615  1475.79 
2024 06 27 12 18 14.04  31.645  07.125  0104.92  00.59  08.04  258.4  009.26  30.859  1024.625  1475.66 
2024 06 27 12 18 14.29  31.637  07.122  0105.33  00.70  08.05  258.4  009.26  30.852  1024.623  1475.65 
2024 06 27 12 18 14.54  31.635  07.120  0105.71  00.56  08.06  258.4  009.26  30.853  1024.625  1475.65 
2024 06 27 12 18 14.79  31.635  07.118  0106.13  00.57  08.14  258.4  009.26  30.854  1024.628  1475.65 
2024 06 27 12 18 15.04  31.640  07.126  0106.49  00.49  08.12  258.4  009.26  30.852  1024.627  1475.69 
2024 06 27 12 18 15.29  31.635  07.115  0106.92  00.48  08.14  258.4  009.26  30.855  1024.633  1475.65 
2024 06 27 12 18 15.54  31.629  07.108  0107.33  00.50  08.11  258.4  009.26  30.856  1024.637  1475.63 
2024 06 27 12 18 15.79  31.623  07.102  0107.73  00.52  08.02  257.8  009.26  30.854  1024.638  1475.61 
2024 06 27 12 18 16.04  31.627  07.110  0108.14  00.53  08.04  257.8  009.26  30.852  1024.637  1475.65 
2024 06 27 12 18 16.29  31.619  07.093  0108.54  00.53  08.03  257.8  009.26  30.858  1024.646  1475.59 
2024 06 27 12 18 16.54  31.602  07.078  0108.92  00.55  08.05  257.8  009.26  30.852  1024.645  1475.54 
2024 06 27 12 18 16.79  31.599  07.070  0109.33  00.54  08.06  257.8  009.26  30.856  1024.651  1475.52 
2024 06 27 12 18 17.04  31.600  07.075  0109.72  00.55  08.05  257.8  009.26  30.853  1024.650  1475.54 
2024 06 27 12 18 17.29  31.600  07.076  0110.13  00.54  08.05  257.8  009.26  30.851  1024.650  1475.55 
2024 06 27 12 18 17.54  31.602  07.078  0110.56  00.58  08.05  257.8  009.26  30.851  1024.652  1475.56 
2024 06 27 12 18 17.79  31.598  07.072  0110.91  00.51  08.15  257.8  009.26  30.853  1024.656  1475.55 
2024 06 27 12 18 18.04  31.577  07.039  0111.32  00.52  08.12  257.8  009.26  30.859  1024.667  1475.43 
2024 06 27 12 18 18.29  31.572  07.039  0111.72  00.51  08.13  257.8  009.26  30.854  1024.665  1475.43 
2024 06 27 12 18 18.54  31.573  07.041  0112.14  00.50  08.13  257.8  009.26  30.853  1024.666  1475.45 
2024 06 27 12 18 18.79  31.576  07.045  0112.55  00.53  08.01  257.2  009.26  30.853  1024.667  1475.47 
2024 06 27 12 18 19.04  31.590  07.064  0112.92  00.53  08.02  257.2  009.26  30.851  1024.664  1475.54 
2024 06 27 12 18 19.29  31.590  07.061  0113.35  00.62  08.01  257.2  009.26  30.853  1024.668  1475.54 
2024 06 27 12 18 19.54  31.569  07.030  0113.76  00.56  08.03  257.2  009.26  30.858  1024.678  1475.43 
2024 06 27 12 18 19.79  31.567  07.038  0114.14  00.57  08.04  257.2  009.26  30.848  1024.671  1475.46 
2024 06 27 12 18 20.04  31.578  07.044  0114.56  00.59  08.04  257.2  009.26  30.855  1024.677  1475.50 
2024 06 27 12 18 20.29  31.568  07.028  0114.94  00.56  08.03  257.2  009.26  30.858  1024.684  1475.44 
2024 06 27 12 18 20.54  31.562  07.029  0115.38  00.55  08.03  257.2  009.26  30.850  1024.680  1475.45 
2024 06 27 12 18 20.79  31.562  07.021  0115.77  00.55  08.13  257.2  009.26  30.857  1024.688  1475.43 
2024 06 27 12 18 21.04  31.559  07.020  0116.17  00.52  08.13  257.2  009.26  30.854  1024.688  1475.43 
2024 06 27 12 18 21.29  31.557  07.017  0116.57  00.50  08.12  257.2  009.26  30.854  1024.690  1475.43 
2024 06 27 12 18 21.54  31.558  07.017  0117.00  00.52  08.10  257.2  009.26  30.856  1024.693  1475.43 
2024 06 27 12 18 21.79  31.556  07.014  0117.39  00.57  08.00  256.2  009.26  30.856  1024.695  1475.43 
2024 06 27 12 18 22.04  31.553  07.009  0117.82  00.54  08.02  256.2  009.26  30.857  1024.699  1475.42 
2024 06 27 12 18 22.29  31.549  07.007  0118.20  00.56  08.03  256.2  009.26  30.854  1024.699  1475.41 
2024 06 27 12 18 22.54  31.545  06.998  0118.60  00.55  08.03  256.2  009.26  30.858  1024.704  1475.39 
2024 06 27 12 18 22.79  31.546  07.000  0119.01  00.58  08.02  256.2  009.26  30.858  1024.706  1475.40 
2024 06 27 12 18 23.04  31.546  06.999  0119.41  00.52  08.03  256.2  009.26  30.858  1024.709  1475.40 
2024 06 27 12 18 23.29  31.564  07.021  0119.82  00.56  08.03  256.2  009.26  30.857  1024.707  1475.50 
2024 06 27 12 18 23.54  31.549  07.004  0120.19  00.59  08.03  256.2  009.26  30.857  1024.711  1475.43 
2024 06 27 12 18 23.79  31.545  07.003  0120.62  00.58  08.12  256.2  009.26  30.853  1024.710  1475.43 
2024 06 27 12 18 24.04  31.559  07.022  0121.03  00.52  08.12  256.2  009.26  30.850  1024.707  1475.51 
2024 06 27 12 18 24.29  31.568  07.026  0121.40  00.49  08.12  256.2  009.26  30.857  1024.713  1475.54 
2024 06 27 12 18 24.54  31.567  07.028  0121.82  00.50  08.11  256.2  009.26  30.853  1024.712  1475.55 
2024 06 27 12 18 24.79  31.568  07.030  0122.23  00.47  07.99  255.6  009.26  30.854  1024.714  1475.56 
2024 06 27 12 18 25.04  31.561  07.018  0122.60  00.50  08.01  255.6  009.26  30.856  1024.719  1475.53 
2024 06 27 12 18 25.29  31.547  06.996  0123.02  00.52  08.00  255.6  009.26  30.860  1024.727  1475.45 
2024 06 27 12 18 25.54  31.541  06.991  0123.38  00.53  08.00  255.6  009.26  30.859  1024.728  1475.44 
2024 06 27 12 18 25.79  31.536  06.987  0123.81  00.52  08.02  255.6  009.26  30.856  1024.729  1475.43 
2024 06 27 12 18 26.04  31.533  06.986  0124.21  00.55  08.02  255.6  009.26  30.854  1024.729  1475.43 
2024 06 27 12 18 26.29  31.548  07.008  0124.57  00.55  08.02  255.6  009.26  30.850  1024.725  1475.51 
2024 06 27 12 18 26.54  31.537  06.987  0125.00  00.55  08.06  255.6  009.26  30.856  1024.734  1475.45 
2024 06 27 12 18 26.79  31.526  06.977  0125.42  00.51  08.09  255.6  009.23  30.854  1024.735  1475.41 
2024 06 27 12 18 27.04  31.530  06.978  0125.76  00.53  08.10  255.6  009.26  30.857  1024.739  1475.42 
2024 06 27 12 18 27.29  31.533  06.983  0126.19  00.57  08.10  255.6  009.26  30.856  1024.740  1475.45 
2024 06 27 12 18 27.54  31.534  06.986  0126.55  00.54  08.11  255.6  009.26  30.854  1024.740  1475.46 
2024 06 27 12 18 27.79  31.534  06.986  0126.94  00.55  08.00  255.4  009.26  30.853  1024.741  1475.47 
2024 06 27 12 18 28.04  31.532  06.984  0127.37  00.53  08.00  255.4  009.26  30.852  1024.742  1475.47 
2024 06 27 12 18 28.29  31.526  06.972  0127.75  00.55  08.01  255.4  009.26  30.857  1024.749  1475.43 
2024 06 27 12 18 28.54  31.524  06.971  0128.15  00.59  08.02  255.4  009.26  30.855  1024.750  1475.43 
2024 06 27 12 18 28.79  31.522  06.967  0128.56  00.59  08.02  255.4  009.26  30.856  1024.753  1475.42 
2024 06 27 12 18 29.04  31.513  06.960  0128.94  00.57  08.02  255.4  009.26  30.853  1024.754  1475.40 
2024 06 27 12 18 29.29  31.519  06.963  0129.33  00.56  08.06  255.4  009.26  30.857  1024.758  1475.42 
2024 06 27 12 18 29.54  31.510  06.952  0129.70  00.57  08.01  255.4  009.26  30.857  1024.761  1475.38 
2024 06 27 12 18 29.79  31.501  06.942  0130.12  00.52  08.12  255.4  009.26  30.855  1024.763  1475.35 
2024 06 27 12 18 30.04  31.498  06.939  0130.52  00.52  08.12  255.4  009.26  30.854  1024.765  1475.34 
2024 06 27 12 18 30.29  31.498  06.937  0130.88  00.52  08.11  255.4  009.26  30.855  1024.767  1475.35 
2024 06 27 12 18 30.54  31.501  06.940  0131.30  00.54  08.11  255.4  009.26  30.856  1024.769  1475.36 
2024 06 27 12 18 30.79  31.494  06.931  0131.66  00.55  07.99  255.5  009.26  30.856  1024.772  1475.34 
2024 06 27 12 18 31.04  31.491  06.929  0132.07  00.54  08.01  255.5  009.26  30.855  1024.774  1475.33 
2024 06 27 12 18 31.29  31.465  06.893  0132.48  00.57  08.05  255.5  009.26  30.859  1024.784  1475.20 
2024 06 27 12 18 31.54  31.461  06.893  0132.85  00.54  08.01  255.5  009.26  30.855  1024.782  1475.20 
2024 06 27 12 18 31.79  31.442  06.870  0133.28  00.51  08.01  255.5  009.26  30.855  1024.787  1475.12 
2024 06 27 12 18 32.04  31.430  06.853  0133.66  00.51  08.02  255.5  009.26  30.856  1024.792  1475.06 
2024 06 27 12 18 32.29  31.417  06.838  0134.05  00.55  08.01  255.5  009.26  30.856  1024.795  1475.01 
2024 06 27 12 18 32.54  31.416  06.835  0134.44  00.55  08.02  255.5  009.26  30.858  1024.799  1475.00 
2024 06 27 12 18 32.79  31.413  06.836  0134.81  00.55  08.11  255.5  009.26  30.853  1024.797  1475.01 
2024 06 27 12 18 33.04  31.413  06.834  0135.21  00.53  08.11  255.5  009.26  30.854  1024.800  1475.01 
2024 06 27 12 18 33.29  31.412  06.835  0135.62  00.55  08.10  255.5  009.26  30.853  1024.800  1475.02 
2024 06 27 12 18 33.54  31.412  06.834  0135.99  00.58  08.10  255.5  009.26  30.853  1024.803  1475.02 
2024 06 27 12 18 33.79  31.413  06.835  0136.41  00.58  07.99  256.0  009.26  30.853  1024.804  1475.03 
2024 06 27 12 18 34.04  31.411  06.835  0136.83  00.59  07.99  256.0  009.26  30.851  1024.805  1475.03 
2024 06 27 12 18 34.29  31.413  06.834  0137.18  00.62  08.00  256.0  009.26  30.854  1024.809  1475.04 
2024 06 27 12 18 34.54  31.409  06.830  0137.58  00.56  08.01  256.0  009.26  30.853  1024.810  1475.03 
2024 06 27 12 18 34.79  31.408  06.827  0137.96  00.57  08.01  256.0  009.26  30.853  1024.813  1475.02 
2024 06 27 12 18 35.04  31.406  06.827  0138.37  00.57  08.01  256.0  009.26  30.851  1024.813  1475.03 
2024 06 27 12 18 35.29  31.409  06.827  0138.78  00.62  08.01  256.0  009.26  30.855  1024.817  1475.04 
2024 06 27 12 18 35.54  31.408  06.827  0139.02  00.59  08.01  256.0  009.26  30.854  1024.818  1475.04 
2024 06 27 12 18 35.79  31.406  06.825  0139.18  00.60  08.11  256.0  009.26  30.853  1024.818  1475.04 
2024 06 27 12 18 36.04  31.408  06.825  0139.22  00.65  08.10  256.0  009.26  30.856  1024.821  1475.04 
2024 06 27 12 18 36.29  31.408  06.826  0139.18  00.57  08.10  256.0  009.26  30.854  1024.819  1475.04 
2024 06 27 12 18 36.54  31.408  06.828  0139.16  00.57  08.08  256.0  009.26  30.853  1024.818  1475.05 
2024 06 27 12 18 36.79  31.408  06.826  0139.16  00.58  07.97  256.7  009.26  30.855  1024.819  1475.04 
2024 06 27 12 18 37.04  31.408  06.827  0139.19  00.56  07.99  256.7  009.26  30.853  1024.818  1475.04 
2024 06 27 12 18 37.29  31.408  06.827  0139.23  00.56  07.99  256.7  009.26  30.854  1024.819  1475.04 
2024 06 27 12 18 37.54  31.408  06.827  0139.27  00.53  07.99  256.7  009.26  30.854  1024.819  1475.05 
2024 06 27 12 18 37.79  31.408  06.827  0139.29  00.56  07.99  256.7  009.26  30.853  1024.819  1475.05 
2024 06 27 12 18 38.04  31.407  06.826  0139.31  00.59  07.99  256.7  009.26  30.853  1024.819  1475.04 
2024 06 27 12 18 38.29  31.408  06.827  0139.32  00.58  07.99  256.7  009.26  30.853  1024.819  1475.05 
2024 06 27 12 18 38.54  31.408  06.826  0139.36  00.51  08.00  256.7  009.26  30.854  1024.820  1475.04 
2024 06 27 12 18 38.79  31.406  06.827  0139.37  00.57  08.08  256.7  009.26  30.851  1024.818  1475.04 
2024 06 27 12 18 39.04  31.407  06.826  0139.36  00.52  08.08  256.7  009.26  30.853  1024.819  1475.04 
2024 06 27 12 18 39.29  31.408  06.827  0139.35  00.55  08.08  256.7  009.26  30.853  1024.819  1475.05 
2024 06 27 12 18 39.54  31.408  06.826  0139.35  00.55  08.08  256.7  009.26  30.854  1024.820  1475.04 
2024 06 27 12 18 39.79  31.406  06.825  0139.38  00.52  07.96  256.9  009.26  30.853  1024.819  1475.04 
2024 06 27 12 18 40.04  31.405  06.826  0139.42  00.53  07.98  256.9  009.26  30.851  1024.818  1475.04 
2024 06 27 12 18 40.29  31.407  06.826  0139.47  00.57  07.98  256.9  009.26  30.853  1024.820  1475.04 
2024 06 27 12 18 40.54  31.406  06.826  0139.57  00.60  07.98  256.9  009.26  30.852  1024.820  1475.04 
2024 06 27 12 18 40.79  31.405  06.825  0139.57  00.57  07.99  256.9  009.26  30.851  1024.819  1475.04 
2024 06 27 12 18 41.04  31.405  06.825  0139.51  00.55  07.99  256.9  009.26  30.852  1024.819  1475.04 
2024 06 27 12 18 41.29  31.406  06.826  0139.48  00.57  07.99  256.9  009.26  30.853  1024.819  1475.04 
2024 06 27 12 18 41.54  31.405  06.825  0139.53  00.59  07.99  256.9  009.26  30.852  1024.819  1475.04 
2024 06 27 12 18 41.79  31.406  06.825  0139.64  00.62  08.09  256.9  009.26  30.853  1024.821  1475.04 
2024 06 27 12 18 42.04  31.408  06.825  0139.80  00.62  08.09  256.9  009.26  30.855  1024.822  1475.05 
2024 06 27 12 18 42.29  31.406  06.824  0139.93  00.54  08.08  256.9  009.26  30.854  1024.823  1475.04 
2024 06 27 12 18 42.54  31.405  06.825  0140.00  00.55  08.07  256.9  009.26  30.852  1024.821  1475.05 
2024 06 27 12 18 42.79  31.406  06.825  0140.03  00.56  07.96  256.9  009.26  30.853  1024.822  1475.05 
2024 06 27 12 18 43.04  31.405  06.825  0140.04  00.59  07.98  256.9  009.26  30.852  1024.822  1475.05 
2024 06 27 12 18 43.29  31.407  06.825  0140.09  00.57  07.98  256.9  009.26  30.853  1024.823  1475.05 
2024 06 27 12 18 43.54  31.406  06.824  0140.13  00.56  07.99  256.9  009.26  30.853  1024.823  1475.05 
2024 06 27 12 18 43.79  31.405  06.825  0140.15  00.59  07.99  256.9  009.26  30.851  1024.821  1475.05 
2024 06 27 12 18 44.04  31.405  06.825  0140.15  00.58  07.99  256.9  009.26  30.852  1024.822  1475.05 
2024 06 27 12 18 44.29  31.405  06.824  0140.19  00.59  07.99  256.9  009.26  30.852  1024.823  1475.05 
2024 06 27 12 18 44.54  31.406  06.825  0140.28  00.57  08.00  256.9  009.26  30.853  1024.823  1475.05 
2024 06 27 12 18 44.79  31.406  06.825  0140.34  00.55  08.09  256.9  009.26  30.853  1024.823  1475.05 
2024 06 27 12 18 45.04  31.406  06.826  0140.41  00.60  08.09  256.9  009.26  30.852  1024.823  1475.06 
2024 06 27 12 18 45.29  31.406  06.825  0140.39  00.58  08.08  256.9  009.26  30.853  1024.823  1475.05 
2024 06 27 12 18 45.54  31.406  06.825  0140.35  00.61  08.08  256.9  009.26  30.852  1024.823  1475.05 
2024 06 27 12 18 45.79  31.407  06.825  0140.29  00.58  07.96  256.9  009.26  30.854  1024.824  1475.05 
2024 06 27 12 18 46.04  31.405  06.825  0140.23  00.60  07.98  256.9  009.26  30.851  1024.822  1475.05 
2024 06 27 12 18 46.29  31.407  06.825  0140.16  00.61  07.98  256.9  009.26  30.853  1024.823  1475.05 
2024 06 27 12 18 46.54  31.407  06.826  0140.12  00.58  07.99  256.9  009.26  30.853  1024.822  1475.05 
2024 06 27 12 18 46.79  31.407  06.826  0140.04  00.56  07.99  256.9  009.26  30.853  1024.822  1475.05 
2024 06 27 12 18 47.04  31.405  06.825  0139.87  00.55  07.99  256.9  009.26  30.852  1024.821  1475.05 
2024 06 27 12 18 47.29  31.405  06.825  0139.74  00.57  07.99  256.9  009.26  30.851  1024.819  1475.04 
2024 06 27 12 18 47.54  31.405  06.826  0139.63  00.58  07.99  256.9  009.26  30.851  1024.819  1475.04 
2024 06 27 12 18 47.79  31.406  06.826  0139.47  00.64  08.09  256.9  009.26  30.852  1024.819  1475.04 
2024 06 27 12 18 48.04  31.406  06.825  0139.25  00.59  08.09  256.9  009.26  30.853  1024.819  1475.04 
2024 06 27 12 18 48.29  31.405  06.825  0139.02  00.57  08.08  256.9  009.26  30.853  1024.817  1475.03 
2024 06 27 12 18 48.54  31.405  06.826  0138.81  00.56  08.09  256.9  009.26  30.851  1024.815  1475.03 
2024 06 27 12 18 48.79  31.407  06.826  0138.78  00.49  07.97  257.0  009.26  30.854  1024.817  1475.03 
2024 06 27 12 18 49.04  31.407  06.826  0138.81  00.56  07.99  257.0  009.26  30.854  1024.817  1475.03 
2024 06 27 12 18 49.29  31.408  06.827  0138.88  00.57  07.99  257.0  009.26  30.854  1024.817  1475.04 
2024 06 27 12 18 49.54  31.405  06.827  0138.91  00.55  07.99  257.0  009.26  30.850  1024.814  1475.04 
2024 06 27 12 18 49.79  31.405  06.826  0138.94  00.61  07.99  257.0  009.26  30.851  1024.816  1475.03 
2024 06 27 12 18 50.04  31.405  06.827  0138.91  00.62  08.00  257.0  009.26  30.851  1024.815  1475.04 
2024 06 27 12 18 50.29  31.405  06.826  0138.78  00.58  08.00  257.0  009.26  30.851  1024.814  1475.03 
2024 06 27 12 18 50.54  31.406  06.826  0138.56  00.55  08.00  257.0  009.26  30.853  1024.815  1475.03 
2024 06 27 12 18 50.79  31.406  06.827  0138.39  00.57  08.09  257.0  009.26  30.852  1024.814  1475.03 
2024 06 27 12 18 51.04  31.405  06.826  0138.18  00.58  08.09  257.0  009.26  30.852  1024.813  1475.02 
2024 06 27 12 18 51.29  31.404  06.826  0138.08  00.56  08.09  257.0  009.26  30.850  1024.811  1475.02 
2024 06 27 12 18 51.54  31.404  06.826  0138.08  00.58  08.08  257.0  009.26  30.850  1024.811  1475.02 
2024 06 27 12 18 51.79  31.406  06.826  0138.12  00.61  07.97  257.0  009.26  30.852  1024.813  1475.02 
2024 06 27 12 18 52.04  31.404  06.827  0138.16  00.58  07.99  257.0  009.26  30.849  1024.810  1475.02 
2024 06 27 12 18 52.29  31.406  06.826  0138.08  00.62  07.99  257.0  009.26  30.852  1024.813  1475.02 
2024 06 27 12 18 52.54  31.405  06.827  0137.97  00.56  07.99  257.0  009.26  30.850  1024.810  1475.02 
2024 06 27 12 18 52.79  31.403  06.826  0137.82  00.59  07.99  257.0  009.26  30.849  1024.809  1475.01 
2024 06 27 12 18 53.04  31.404  06.826  0137.61  00.59  07.99  257.0  009.26  30.850  1024.809  1475.01 
2024 06 27 12 18 53.29  31.405  06.826  0137.36  00.60  07.99  257.0  009.26  30.852  1024.809  1475.01 
2024 06 27 12 18 53.54  31.402  06.827  0137.06  00.61  08.00  257.0  009.26  30.848  1024.805  1475.00 
2024 06 27 12 18 53.79  31.405  06.827  0136.79  00.59  08.09  257.0  009.26  30.851  1024.806  1475.00 
2024 06 27 12 18 54.04  31.405  06.826  0136.47  00.55  08.09  257.0  009.26  30.853  1024.805  1474.99 
2024 06 27 12 18 54.29  31.405  06.827  0136.18  00.53  08.08  257.0  009.26  30.851  1024.803  1474.99 
2024 06 27 12 18 54.54  31.403  06.826  0135.94  00.56  08.08  257.0  009.26  30.850  1024.801  1474.98 
2024 06 27 12 18 54.79  31.405  06.828  0135.75  00.55  07.96  257.0  009.26  30.850  1024.800  1474.99 
2024 06 27 12 18 55.04  31.406  06.830  0135.55  00.48  07.99  257.0  009.26  30.851  1024.799  1474.99 
2024 06 27 12 18 55.29  31.406  06.829  0135.40  00.60  07.99  257.0  009.26  30.851  1024.799  1474.99 
2024 06 27 12 18 55.54  31.408  06.830  0135.34  00.60  07.94  257.0  009.26  30.852  1024.799  1474.99 
2024 06 27 12 18 55.79  31.407  06.831  0135.37  00.57  07.95  257.0  009.26  30.850  1024.798  1474.99 
2024 06 27 12 18 56.04  31.406  06.832  0135.37  00.63  07.99  257.0  009.26  30.848  1024.796  1475.00 
2024 06 27 12 18 56.29  31.406  06.832  0135.25  00.62  07.96  257.0  009.26  30.848  1024.796  1474.99 
2024 06 27 12 18 56.54  31.406  06.830  0134.97  00.55  07.96  257.0  009.26  30.850  1024.796  1474.98 
2024 06 27 12 18 56.79  31.409  06.833  0134.72  00.57  08.09  257.0  009.26  30.851  1024.795  1474.99 
2024 06 27 12 18 57.04  31.408  06.834  0134.47  00.60  08.09  257.0  009.26  30.850  1024.793  1474.99 
2024 06 27 12 18 57.29  31.408  06.834  0134.25  00.55  08.08  257.0  009.26  30.849  1024.792  1474.98 
2024 06 27 12 18 57.54  31.409  06.833  0134.03  00.57  08.04  257.0  009.26  30.852  1024.793  1474.98 
2024 06 27 12 18 57.79  31.407  06.835  0133.82  00.58  07.96  256.9  009.26  30.848  1024.788  1474.98 
2024 06 27 12 18 58.04  31.409  06.834  0133.58  00.63  07.98  256.9  009.26  30.851  1024.790  1474.98 
2024 06 27 12 18 58.29  31.405  06.834  0133.30  00.62  07.98  256.9  009.26  30.846  1024.785  1474.97 
2024 06 27 12 18 58.54  31.408  06.834  0133.06  00.56  07.98  256.9  009.26  30.850  1024.786  1474.97 
2024 06 27 12 18 58.79  31.408  06.834  0132.82  00.56  07.99  256.9  009.26  30.850  1024.785  1474.96 
2024 06 27 12 18 59.04  31.407  06.835  0132.59  00.61  07.99  256.9  009.29  30.848  1024.783  1474.96 
2024 06 27 12 18 59.29  31.408  06.835  0132.42  00.58  07.99  256.9  009.26  30.849  1024.783  1474.96 
2024 06 27 12 18 59.54  31.411  06.836  0132.17  00.59  07.98  256.9  009.26  30.852  1024.784  1474.96 
2024 06 27 12 18 59.79  31.412  06.839  0131.94  00.58  08.09  256.9  009.26  30.851  1024.782  1474.97 
2024 06 27 12 19 00.04  31.418  06.849  0131.67  00.57  08.09  256.9  009.26  30.848  1024.776  1475.00 
2024 06 27 12 19 00.29  31.418  06.852  0131.42  00.56  08.08  256.9  009.26  30.846  1024.773  1475.01 
2024 06 27 12 19 00.54  31.420  06.848  0131.20  00.60  08.08  256.9  009.26  30.851  1024.777  1475.00 
2024 06 27 12 19 00.79  31.428  06.870  0130.97  00.57  07.96  257.0  009.26  30.840  1024.765  1475.06 
2024 06 27 12 19 01.04  31.434  06.870  0130.81  00.58  07.98  257.0  009.26  30.846  1024.769  1475.07 
2024 06 27 12 19 01.29  31.440  06.884  0130.55  00.58  07.99  257.0  009.26  30.841  1024.762  1475.11 
2024 06 27 12 19 01.54  31.442  06.882  0130.34  00.55  08.00  257.0  009.26  30.845  1024.764  1475.11 
2024 06 27 12 19 01.79  31.449  06.886  0130.14  00.57  08.00  257.0  009.26  30.849  1024.766  1475.12 
2024 06 27 12 19 02.04  31.448  06.884  0129.91  00.60  08.00  257.0  009.26  30.850  1024.766  1475.11 
2024 06 27 12 19 02.29  31.453  06.890  0129.68  00.59  07.99  257.0  009.26  30.850  1024.764  1475.13 
2024 06 27 12 19 02.54  31.461  06.898  0129.48  00.57  07.99  257.0  009.26  30.852  1024.764  1475.16 
2024 06 27 12 19 02.79  31.463  06.904  0129.26  00.51  08.08  257.0  009.26  30.848  1024.759  1475.18 
2024 06 27 12 19 03.04  31.479  06.921  0129.05  00.54  08.08  257.0  009.26  30.850  1024.757  1475.25 
2024 06 27 12 19 03.29  31.476  06.919  0128.84  00.57  08.08  257.0  009.26  30.850  1024.756  1475.23 
2024 06 27 12 19 03.54  31.488  06.944  0128.58  00.59  08.07  257.0  009.26  30.840  1024.744  1475.32 
2024 06 27 12 19 03.79  31.490  06.938  0128.39  00.57  07.95  256.4  009.26  30.848  1024.750  1475.30 
2024 06 27 12 19 04.04  31.491  06.941  0128.12  00.60  07.97  256.4  009.26  30.847  1024.747  1475.30 
2024 06 27 12 19 04.29  31.499  06.949  0127.94  00.63  07.97  256.4  009.26  30.848  1024.747  1475.33 
2024 06 27 12 19 04.54  31.506  06.954  0127.72  00.61  07.98  256.4  009.26  30.851  1024.747  1475.35 
2024 06 27 12 19 04.79  31.510  06.965  0127.49  00.57  07.98  256.4  009.26  30.846  1024.741  1475.39 
2024 06 27 12 19 05.04  31.512  06.960  0127.33  00.55  07.98  256.4  009.29  30.853  1024.746  1475.37 
2024 06 27 12 19 05.29  31.518  06.974  0127.11  00.59  07.98  256.4  009.26  30.847  1024.739  1475.42 
2024 06 27 12 19 05.54  31.522  06.977  0126.86  00.52  07.98  256.4  009.26  30.848  1024.738  1475.42 
2024 06 27 12 19 05.79  31.520  06.975  0126.63  00.57  08.08  256.4  009.26  30.848  1024.737  1475.41 
2024 06 27 12 19 06.04  31.523  06.980  0126.38  00.58  08.08  256.4  009.26  30.847  1024.734  1475.43 
2024 06 27 12 19 06.29  31.522  06.980  0126.17  00.57  08.08  256.4  009.26  30.847  1024.733  1475.42 
2024 06 27 12 19 06.54  31.525  06.980  0125.95  00.57  08.07  256.4  009.26  30.850  1024.734  1475.43 
2024 06 27 12 19 06.79  31.525  06.981  0125.72  00.52  07.96  255.8  009.26  30.848  1024.732  1475.42 
2024 06 27 12 19 07.04  31.524  06.980  0125.49  00.54  07.98  255.8  009.26  30.848  1024.731  1475.42 
2024 06 27 12 19 07.29  31.524  06.979  0125.25  00.53  07.97  255.8  009.26  30.849  1024.731  1475.41 
2024 06 27 12 19 07.54  31.525  06.979  0125.05  00.57  07.98  255.8  009.26  30.850  1024.731  1475.41 
2024 06 27 12 19 07.79  31.525  06.979  0124.84  00.51  07.98  255.8  009.26  30.851  1024.730  1475.40 
2024 06 27 12 19 08.04  31.523  06.979  0124.60  00.56  07.98  255.8  009.26  30.849  1024.728  1475.40 
2024 06 27 12 19 08.29  31.522  06.979  0124.38  00.54  08.03  255.8  009.26  30.847  1024.725  1475.39 
2024 06 27 12 19 08.54  31.523  06.979  0124.15  00.48  08.03  255.8  009.26  30.849  1024.726  1475.39 
2024 06 27 12 19 08.79  31.521  06.980  0123.94  00.49  08.08  255.8  009.26  30.846  1024.722  1475.39 
2024 06 27 12 19 09.04  31.522  06.980  0123.74  00.54  08.07  255.8  009.26  30.847  1024.722  1475.39 
2024 06 27 12 19 09.29  31.522  06.980  0123.57  00.57  08.07  255.8  009.26  30.847  1024.721  1475.38 
2024 06 27 12 19 09.54  31.523  06.979  0123.31  00.57  08.06  255.8  009.26  30.849  1024.722  1475.38 
2024 06 27 12 19 09.79  31.523  06.979  0123.09  00.59  07.99  255.7  009.26  30.849  1024.721  1475.38 
2024 06 27 12 19 10.04  31.524  06.980  0122.87  00.54  07.96  255.7  009.26  30.849  1024.720  1475.38 
2024 06 27 12 19 10.29  31.525  06.981  0122.67  00.51  07.97  255.7  009.26  30.849  1024.719  1475.38 
2024 06 27 12 19 10.54  31.524  06.982  0122.48  00.50  07.97  255.7  009.26  30.848  1024.717  1475.37 
2024 06 27 12 19 10.79  31.523  06.987  0122.28  00.47  07.99  255.7  009.26  30.843  1024.711  1475.38 
2024 06 27 12 19 11.04  31.525  06.983  0122.08  00.52  07.99  255.7  009.26  30.848  1024.715  1475.37 
2024 06 27 12 19 11.29  31.525  06.983  0121.89  00.55  07.99  255.7  009.26  30.849  1024.715  1475.37 
2024 06 27 12 19 11.54  31.532  06.991  0121.62  00.55  07.99  255.7  009.26  30.849  1024.713  1475.40 
2024 06 27 12 19 11.79  31.531  06.992  0121.42  00.58  08.09  255.7  009.26  30.847  1024.710  1475.40 
2024 06 27 12 19 12.04  31.533  06.993  0121.18  00.56  08.09  255.7  009.26  30.849  1024.710  1475.40 
2024 06 27 12 19 12.29  31.534  06.992  0120.96  00.54  08.12  255.7  009.26  30.851  1024.710  1475.39 
2024 06 27 12 19 12.54  31.534  06.995  0120.75  00.57  08.07  255.7  009.26  30.849  1024.708  1475.40 
2024 06 27 12 19 12.79  31.533  06.995  0120.56  00.55  07.96  255.5  009.26  30.847  1024.706  1475.39 
2024 06 27 12 19 13.04  31.536  06.994  0120.36  00.58  08.01  255.5  009.26  30.851  1024.708  1475.39 
2024 06 27 12 19 13.29  31.534  06.991  0120.13  00.57  07.96  255.5  009.26  30.852  1024.708  1475.38 
2024 06 27 12 19 13.54  31.531  06.990  0119.89  00.54  07.96  255.5  009.26  30.849  1024.705  1475.37 
2024 06 27 12 19 13.79  31.529  06.991  0119.66  00.56  07.97  255.5  009.26  30.847  1024.702  1475.36 
2024 06 27 12 19 14.04  31.530  06.990  0119.46  00.52  07.97  255.5  009.26  30.849  1024.703  1475.36 
2024 06 27 12 19 14.29  31.529  06.990  0119.29  00.47  07.94  255.5  009.26  30.849  1024.702  1475.35 
2024 06 27 12 19 14.54  31.527  06.988  0119.10  00.50  07.97  255.5  009.26  30.848  1024.700  1475.34 
2024 06 27 12 19 14.79  31.523  06.988  0118.89  00.54  08.06  255.5  009.26  30.844  1024.696  1475.33 
2024 06 27 12 19 15.04  31.525  06.988  0118.66  00.51  08.11  255.5  009.26  30.846  1024.697  1475.33 
2024 06 27 12 19 15.29  31.525  06.984  0118.42  00.57  08.06  255.5  009.26  30.849  1024.699  1475.32 
2024 06 27 12 19 15.54  31.525  06.984  0118.23  00.57  08.06  255.5  009.26  30.849  1024.698  1475.31 
2024 06 27 12 19 15.79  31.525  06.985  0118.01  00.57  07.94  255.4  009.26  30.849  1024.697  1475.32 
2024 06 27 12 19 16.04  31.525  06.984  0117.80  00.54  08.01  255.4  009.26  30.849  1024.696  1475.31 
2024 06 27 12 19 16.29  31.524  06.985  0117.57  00.51  08.01  255.4  009.26  30.848  1024.694  1475.31 
2024 06 27 12 19 16.54  31.528  06.993  0117.33  00.50  07.96  255.4  009.26  30.845  1024.689  1475.33 
2024 06 27 12 19 16.79  31.526  06.992  0117.13  00.56  07.97  255.4  009.26  30.843  1024.687  1475.32 
2024 06 27 12 19 17.04  31.532  06.999  0116.89  00.56  07.97  255.4  009.26  30.844  1024.686  1475.35 
2024 06 27 12 19 17.29  31.534  06.997  0116.67  00.54  07.97  255.4  009.26  30.848  1024.688  1475.34 
2024 06 27 12 19 17.54  31.536  06.999  0116.50  00.52  07.94  255.4  009.26  30.848  1024.687  1475.35 
2024 06 27 12 19 17.79  31.540  07.008  0116.30  00.52  08.07  255.4  009.26  30.845  1024.683  1475.37 
2024 06 27 12 19 18.04  31.540  07.007  0116.11  00.53  08.07  255.4  009.26  30.846  1024.682  1475.37 
2024 06 27 12 19 18.29  31.543  07.008  0115.92  00.51  08.07  255.4  009.26  30.849  1024.684  1475.37 
2024 06 27 12 19 18.54  31.542  07.009  0115.71  00.58  08.11  255.4  009.26  30.847  1024.682  1475.37 
2024 06 27 12 19 18.79  31.542  07.011  0115.49  00.51  07.95  255.3  009.26  30.845  1024.679  1475.37 
2024 06 27 12 19 19.04  31.544  07.012  0115.23  00.52  07.97  255.3  009.26  30.846  1024.678  1475.37 
2024 06 27 12 19 19.29  31.544  07.011  0114.96  00.50  07.97  255.3  009.26  30.847  1024.678  1475.37 
2024 06 27 12 19 19.54  31.546  07.012  0114.76  00.52  07.97  255.3  009.26  30.849  1024.678  1475.37 
2024 06 27 12 19 19.79  31.544  07.012  0114.58  00.50  07.97  255.3  009.26  30.846  1024.675  1475.36 
2024 06 27 12 19 20.04  31.547  07.013  0114.44  00.51  07.97  255.3  009.26  30.848  1024.676  1475.37 
2024 06 27 12 19 20.29  31.546  07.014  0114.24  00.49  08.02  255.3  009.29  30.847  1024.674  1475.37 
2024 06 27 12 19 20.54  31.545  07.012  0114.00  00.51  07.98  255.3  009.26  30.848  1024.674  1475.36 
2024 06 27 12 19 20.79  31.545  07.014  0113.74  00.54  08.07  255.3  009.26  30.846  1024.671  1475.36 
2024 06 27 12 19 21.04  31.548  07.017  0113.51  00.55  08.07  255.3  009.26  30.847  1024.670  1475.36 
2024 06 27 12 19 21.29  31.548  07.015  0113.30  00.58  08.07  255.3  009.26  30.849  1024.671  1475.36 
2024 06 27 12 19 21.54  31.548  07.017  0113.07  00.56  08.06  255.3  009.26  30.846  1024.668  1475.36 
2024 06 27 12 19 21.79  31.549  07.017  0112.89  00.57  07.95  255.6  009.26  30.847  1024.667  1475.36 
2024 06 27 12 19 22.04  31.549  07.018  0112.71  00.57  07.96  255.6  009.26  30.848  1024.667  1475.36 
2024 06 27 12 19 22.29  31.549  07.018  0112.47  00.57  08.01  255.6  009.26  30.848  1024.666  1475.35 
2024 06 27 12 19 22.54  31.550  07.018  0112.22  00.53  08.01  255.6  009.26  30.849  1024.665  1475.35 
2024 06 27 12 19 22.79  31.549  07.018  0112.00  00.49  07.96  255.6  009.26  30.848  1024.664  1475.35 
2024 06 27 12 19 23.04  31.549  07.019  0111.81  00.50  07.97  255.6  009.26  30.846  1024.661  1475.35 
2024 06 27 12 19 23.29  31.551  07.022  0111.58  00.48  07.96  255.6  009.26  30.847  1024.661  1475.35 
2024 06 27 12 19 23.54  31.552  07.021  0111.39  00.50  07.97  255.6  009.26  30.848  1024.661  1475.35 
2024 06 27 12 19 23.79  31.553  07.021  0111.17  00.50  08.06  255.6  009.26  30.849  1024.661  1475.35 
2024 06 27 12 19 24.04  31.552  07.020  0110.91  00.58  08.06  255.6  009.26  30.849  1024.659  1475.34 
2024 06 27 12 19 24.29  31.554  07.023  0110.67  00.65  08.06  255.6  009.26  30.850  1024.659  1475.35 
2024 06 27 12 19 24.54  31.554  07.028  0110.46  00.60  08.05  255.6  009.26  30.845  1024.653  1475.36 
2024 06 27 12 19 24.79  31.557  07.035  0110.29  00.55  07.87  255.6  009.26  30.841  1024.649  1475.38 
2024 06 27 12 19 25.04  31.558  07.031  0110.11  00.50  07.93  255.6  009.26  30.846  1024.652  1475.37 
2024 06 27 12 19 25.29  31.562  07.037  0109.90  00.47  07.93  255.6  009.26  30.845  1024.649  1475.39 
2024 06 27 12 19 25.54  31.563  07.039  0109.66  00.42  07.97  255.6  009.26  30.845  1024.648  1475.39 
2024 06 27 12 19 25.79  31.573  07.050  0109.42  00.46  07.97  255.6  009.26  30.846  1024.646  1475.43 
2024 06 27 12 19 26.04  31.578  07.055  0109.19  00.47  07.97  255.6  009.26  30.847  1024.645  1475.45 
2024 06 27 12 19 26.29  31.584  07.067  0108.97  00.50  07.97  255.6  009.26  30.844  1024.640  1475.48 
2024 06 27 12 19 26.54  31.593  07.082  0108.79  00.48  07.97  255.6  009.26  30.839  1024.634  1475.54 
2024 06 27 12 19 26.79  31.596  07.078  0108.60  00.50  08.07  255.6  009.26  30.847  1024.640  1475.52 
2024 06 27 12 19 27.04  31.598  07.082  0108.42  00.56  08.03  255.6  009.26  30.845  1024.636  1475.54 
2024 06 27 12 19 27.29  31.600  07.084  0108.25  00.57  08.07  255.6  009.26  30.845  1024.636  1475.54 
2024 06 27 12 19 27.54  31.604  07.088  0108.01  00.52  08.06  255.6  009.26  30.845  1024.634  1475.55 
2024 06 27 12 19 27.79  31.604  07.088  0107.79  00.52  07.95  255.7  009.26  30.847  1024.634  1475.55 
2024 06 27 12 19 28.04  31.604  07.094  0107.60  00.49  08.01  255.7  009.26  30.840  1024.628  1475.56 
2024 06 27 12 19 28.29  31.606  07.096  0107.40  00.51  07.97  255.7  009.29  30.842  1024.627  1475.57 
2024 06 27 12 19 28.54  31.605  07.096  0107.22  00.50  07.97  255.7  009.26  30.841  1024.626  1475.57 
2024 06 27 12 19 28.79  31.607  07.097  0107.03  00.53  07.98  255.7  009.26  30.842  1024.626  1475.57 
2024 06 27 12 19 29.04  31.607  07.098  0106.81  00.53  07.98  255.7  009.26  30.842  1024.625  1475.57 
2024 06 27 12 19 29.29  31.611  07.099  0106.54  00.47  08.03  255.7  009.26  30.845  1024.626  1475.57 
2024 06 27 12 19 29.54  31.611  07.099  0106.29  00.45  08.03  255.7  009.26  30.845  1024.625  1475.57 
2024 06 27 12 19 29.79  31.613  07.109  0106.07  00.47  08.07  255.7  009.26  30.838  1024.617  1475.59 
2024 06 27 12 19 30.04  31.615  07.110  0105.87  00.52  08.00  255.7  009.26  30.840  1024.617  1475.60 
2024 06 27 12 19 30.29  31.618  07.111  0105.73  00.52  08.03  255.7  009.26  30.842  1024.618  1475.60 
2024 06 27 12 19 30.54  31.620  07.111  0105.55  00.53  08.11  255.7  009.26  30.845  1024.619  1475.60 
2024 06 27 12 19 30.79  31.622  07.113  0105.34  00.47  08.00  255.6  009.26  30.844  1024.617  1475.61 
2024 06 27 12 19 31.04  31.621  07.113  0105.04  00.50  07.97  255.6  009.26  30.843  1024.616  1475.60 
2024 06 27 12 19 31.29  31.623  07.113  0104.87  00.47  07.96  255.6  009.26  30.845  1024.616  1475.60 
2024 06 27 12 19 31.54  31.621  07.116  0104.65  00.45  08.00  255.6  009.26  30.841  1024.612  1475.60 
2024 06 27 12 19 31.79  31.625  07.115  0104.45  00.48  08.02  255.6  009.26  30.847  1024.615  1475.60 
2024 06 27 12 19 32.04  31.626  07.117  0104.30  00.53  07.97  255.6  009.26  30.846  1024.614  1475.61 
2024 06 27 12 19 32.29  31.627  07.124  0104.08  00.53  07.97  255.6  009.26  30.841  1024.608  1475.63 
2024 06 27 12 19 32.54  31.628  07.123  0103.88  00.42  07.97  255.6  009.26  30.843  1024.609  1475.62 
2024 06 27 12 19 32.79  31.631  07.127  0103.69  00.47  08.12  255.6  009.26  30.842  1024.606  1475.63 
2024 06 27 12 19 33.04  31.633  07.126  0103.49  00.54  08.11  255.6  009.23  30.845  1024.608  1475.63 
2024 06 27 12 19 33.29  31.631  07.127  0103.33  00.57  08.06  255.6  009.26  30.843  1024.606  1475.63 
2024 06 27 12 19 33.54  31.634  07.127  0103.15  00.55  08.03  255.6  009.26  30.846  1024.607  1475.63 
2024 06 27 12 19 33.79  31.633  07.129  0102.95  00.45  07.85  255.9  009.26  30.843  1024.604  1475.63 
2024 06 27 12 19 34.04  31.633  07.131  0102.74  00.43  07.96  255.9  009.26  30.841  1024.601  1475.63 
2024 06 27 12 19 34.29  31.638  07.133  0102.51  00.43  07.96  255.9  009.26  30.845  1024.603  1475.64 
2024 06 27 12 19 34.54  31.640  07.138  0102.27  00.41  07.96  255.9  009.26  30.843  1024.599  1475.65 
2024 06 27 12 19 34.79  31.641  07.140  0102.09  00.36  07.97  255.9  009.26  30.842  1024.597  1475.66 
2024 06 27 12 19 35.04  31.644  07.143  0101.90  00.46  07.97  255.9  009.26  30.843  1024.597  1475.67 
2024 06 27 12 19 35.29  31.644  07.146  0101.72  00.47  07.98  255.9  009.26  30.841  1024.594  1475.67 
2024 06 27 12 19 35.54  31.647  07.146  0101.54  00.46  07.98  255.9  009.26  30.844  1024.595  1475.67 
2024 06 27 12 19 35.79  31.646  07.147  0101.29  00.47  08.06  255.9  009.26  30.843  1024.593  1475.67 
2024 06 27 12 19 36.04  31.647  07.146  0101.08  00.50  08.07  255.9  009.26  30.844  1024.594  1475.67 
2024 06 27 12 19 36.29  31.650  07.152  0100.86  00.48  08.06  255.9  009.26  30.842  1024.590  1475.68 
2024 06 27 12 19 36.54  31.649  07.150  0100.62  00.47  08.05  255.9  009.26  30.842  1024.590  1475.67 
2024 06 27 12 19 36.79  31.652  07.154  0100.43  00.56  07.91  256.2  009.26  30.843  1024.588  1475.68 
2024 06 27 12 19 37.04  31.650  07.153  0100.20  00.52  07.94  256.2  009.26  30.841  1024.586  1475.68 
2024 06 27 12 19 37.29  31.651  07.153  0100.02  00.52  08.02  256.2  009.26  30.843  1024.587  1475.67 
2024 06 27 12 19 37.54  31.655  07.154  0099.82  00.43  07.97  256.2  009.26  30.847  1024.589  1475.68 
2024 06 27 12 19 37.79  31.654  07.155  0099.58  00.47  07.97  256.2  009.26  30.844  1024.585  1475.68 
2024 06 27 12 19 38.04  31.657  07.159  0099.34  00.50  07.98  256.2  009.26  30.844  1024.584  1475.69 
2024 06 27 12 19 38.29  31.658  07.160  0099.15  00.50  07.97  256.2  009.26  30.844  1024.583  1475.69 
2024 06 27 12 19 38.54  31.660  07.159  0098.98  00.45  08.02  256.2  009.26  30.847  1024.585  1475.69 
2024 06 27 12 19 38.79  31.661  07.163  0098.84  00.50  08.11  256.2  009.26  30.844  1024.581  1475.70 
2024 06 27 12 19 39.04  31.660  07.163  0098.65  00.51  08.07  256.2  009.26  30.844  1024.580  1475.69 
2024 06 27 12 19 39.29  31.661  07.164  0098.38  00.52  08.06  256.2  009.26  30.844  1024.578  1475.69 
2024 06 27 12 19 39.54  31.658  07.162  0098.10  00.50  08.06  256.2  009.26  30.843  1024.577  1475.68 
2024 06 27 12 19 39.79  31.660  07.164  0097.87  00.45  07.94  256.4  009.26  30.844  1024.576  1475.68 
2024 06 27 12 19 40.04  31.660  07.164  0097.69  00.47  07.96  256.4  009.26  30.843  1024.575  1475.68 
2024 06 27 12 19 40.29  31.658  07.164  0097.49  00.47  07.98  256.4  009.26  30.842  1024.573  1475.67 
2024 06 27 12 19 40.54  31.660  07.165  0097.33  00.42  07.86  256.4  009.26  30.843  1024.573  1475.68 
2024 06 27 12 19 40.79  31.659  07.165  0097.19  00.39  07.90  256.4  009.26  30.842  1024.571  1475.68 
2024 06 27 12 19 41.04  31.659  07.164  0096.94  00.43  07.97  256.4  009.26  30.843  1024.571  1475.67 
2024 06 27 12 19 41.29  31.658  07.166  0096.68  00.43  08.03  256.4  009.26  30.841  1024.568  1475.67 
2024 06 27 12 19 41.54  31.657  07.166  0096.44  00.50  08.02  256.4  009.26  30.839  1024.565  1475.66 
2024 06 27 12 19 41.79  31.662  07.166  0096.21  00.46  08.07  256.4  009.26  30.844  1024.568  1475.67 
2024 06 27 12 19 42.04  31.662  07.167  0096.05  00.47  08.06  256.4  009.26  30.844  1024.568  1475.67 
2024 06 27 12 19 42.29  31.662  07.167  0095.92  00.50  08.10  256.4  009.26  30.845  1024.568  1475.66 
2024 06 27 12 19 42.54  31.660  07.168  0095.75  00.50  08.09  256.4  009.26  30.841  1024.564  1475.66 
2024 06 27 12 19 42.79  31.662  07.167  0095.55  00.51  07.94  256.8  009.26  30.843  1024.565  1475.66 
2024 06 27 12 19 43.04  31.662  07.168  0095.30  00.47  07.96  256.8  009.26  30.843  1024.563  1475.66 
2024 06 27 12 19 43.29  31.666  07.169  0095.03  00.51  07.96  256.8  009.26  30.847  1024.565  1475.66 
2024 06 27 12 19 43.54  31.665  07.173  0094.84  00.48  08.00  256.8  009.26  30.842  1024.560  1475.67 
2024 06 27 12 19 43.79  31.666  07.176  0094.60  00.46  08.00  256.8  009.26  30.841  1024.558  1475.67 
2024 06 27 12 19 44.04  31.667  07.178  0094.42  00.47  07.87  256.8  009.29  30.840  1024.555  1475.68 
2024 06 27 12 19 44.29  31.668  07.177  0094.21  00.45  07.85  256.8  009.26  30.842  1024.556  1475.67 
2024 06 27 12 19 44.54  31.668  07.178  0094.04  00.45  07.97  256.8  009.26  30.841  1024.555  1475.67 
2024 06 27 12 19 44.79  31.669  07.176  0093.81  00.45  08.10  256.8  009.26  30.844  1024.556  1475.66 
2024 06 27 12 19 45.04  31.671  07.179  0093.56  00.52  08.06  256.8  009.26  30.844  1024.554  1475.67 
2024 06 27 12 19 45.29  31.672  07.181  0093.39  00.48  08.06  256.8  009.26  30.843  1024.552  1475.68 
2024 06 27 12 19 45.54  31.674  07.186  0093.14  00.49  08.05  256.8  009.26  30.841  1024.550  1475.69 
2024 06 27 12 19 45.79  31.674  07.184  0092.93  00.47  07.99  257.3  009.26  30.843  1024.550  1475.68 
2024 06 27 12 19 46.04  31.685  07.198  0092.76  00.51  08.00  257.3  009.26  30.842  1024.547  1475.73 
2024 06 27 12 19 46.29  31.682  07.196  0092.56  00.40  07.96  257.3  009.26  30.841  1024.545  1475.72 
2024 06 27 12 19 46.54  31.685  07.198  0092.35  00.40  07.97  257.3  009.26  30.843  1024.545  1475.73 
2024 06 27 12 19 46.79  31.689  07.202  0092.07  00.43  07.96  257.3  009.26  30.843  1024.544  1475.74 
2024 06 27 12 19 47.04  31.688  07.203  0091.82  00.41  07.97  257.3  009.26  30.841  1024.541  1475.73 
2024 06 27 12 19 47.29  31.690  07.204  0091.53  00.49  07.87  257.3  009.26  30.844  1024.542  1475.73 
2024 06 27 12 19 47.54  31.689  07.204  0091.33  00.46  07.97  257.3  009.26  30.842  1024.539  1475.73 
2024 06 27 12 19 47.79  31.689  07.205  0091.15  00.45  08.07  257.3  009.26  30.841  1024.537  1475.73 
2024 06 27 12 19 48.04  31.689  07.205  0090.95  00.47  08.12  257.3  009.26  30.841  1024.537  1475.73 
2024 06 27 12 19 48.29  31.691  07.205  0090.82  00.44  08.10  257.3  009.26  30.843  1024.537  1475.73 
2024 06 27 12 19 48.54  31.693  07.205  0090.63  00.43  08.06  257.3  009.26  30.845  1024.538  1475.73 
2024 06 27 12 19 48.79  31.693  07.206  0090.45  00.41  07.94  257.3  009.26  30.844  1024.537  1475.73 
2024 06 27 12 19 49.04  31.691  07.206  0090.39  00.40  07.96  257.3  009.26  30.843  1024.535  1475.72 
2024 06 27 12 19 49.29  31.693  07.209  0090.43  00.47  07.96  257.3  009.26  30.841  1024.534  1475.74 
2024 06 27 12 19 49.54  31.695  07.208  0090.45  00.40  07.97  257.3  009.26  30.845  1024.537  1475.74 
2024 06 27 12 19 49.79  31.693  07.210  0090.34  00.44  07.97  257.3  009.26  30.842  1024.534  1475.74 
2024 06 27 12 19 50.04  31.691  07.208  0090.14  00.45  07.97  257.3  009.26  30.841  1024.533  1475.73 
2024 06 27 12 19 50.29  31.693  07.208  0089.92  00.41  07.97  257.3  009.26  30.843  1024.533  1475.72 
2024 06 27 12 19 50.54  31.693  07.208  0089.72  00.45  07.97  257.3  009.26  30.843  1024.532  1475.72 
2024 06 27 12 19 50.79  31.691  07.209  0089.54  00.47  08.07  257.3  009.26  30.841  1024.529  1475.72 
2024 06 27 12 19 51.04  31.694  07.209  0089.34  00.45  08.06  257.3  009.26  30.844  1024.531  1475.72 
2024 06 27 12 19 51.29  31.693  07.209  0089.14  00.43  07.96  257.3  009.26  30.842  1024.528  1475.72 
2024 06 27 12 19 51.54  31.691  07.209  0088.94  00.44  08.07  257.3  009.26  30.841  1024.527  1475.71 
2024 06 27 12 19 51.79  31.693  07.209  0088.73  00.47  07.97  258.0  009.26  30.843  1024.527  1475.71 
2024 06 27 12 19 52.04  31.690  07.208  0088.62  00.41  07.97  258.0  009.26  30.841  1024.525  1475.70 
2024 06 27 12 19 52.29  31.689  07.208  0088.49  00.46  07.93  258.0  009.26  30.840  1024.524  1475.70 
2024 06 27 12 19 52.54  31.693  07.208  0088.35  00.40  07.97  258.0  009.26  30.844  1024.526  1475.70 
2024 06 27 12 19 52.79  31.691  07.207  0088.19  00.46  07.97  258.0  009.26  30.842  1024.525  1475.69 
2024 06 27 12 19 53.04  31.689  07.206  0087.96  00.43  07.97  258.0  009.26  30.842  1024.523  1475.69 
2024 06 27 12 19 53.29  31.689  07.207  0087.76  00.44  08.03  258.0  009.26  30.841  1024.522  1475.68 
2024 06 27 12 19 53.54  31.693  07.207  0087.53  00.43  08.03  258.0  009.26  30.845  1024.523  1475.69 
2024 06 27 12 19 53.79  31.690  07.207  0087.35  00.45  08.11  258.0  009.26  30.842  1024.521  1475.68 
2024 06 27 12 19 54.04  31.691  07.207  0087.21  00.44  08.06  258.0  009.26  30.843  1024.521  1475.68 
2024 06 27 12 19 54.29  31.690  07.207  0087.03  00.45  08.04  258.0  009.26  30.842  1024.519  1475.67 
2024 06 27 12 19 54.54  31.689  07.207  0086.87  00.47  07.96  258.0  009.26  30.841  1024.518  1475.67 
2024 06 27 12 19 54.79  31.689  07.207  0086.69  00.47  07.95  258.3  009.26  30.842  1024.517  1475.67 
2024 06 27 12 19 55.04  31.692  07.207  0086.53  00.47  07.96  258.3  009.26  30.844  1024.518  1475.67 
2024 06 27 12 19 55.29  31.690  07.207  0086.37  00.47  07.96  258.3  009.26  30.843  1024.517  1475.66 
2024 06 27 12 19 55.54  31.689  07.207  0086.22  00.46  08.02  258.3  009.26  30.841  1024.515  1475.66 
2024 06 27 12 19 55.79  31.690  07.207  0086.06  00.45  08.02  258.3  009.26  30.843  1024.515  1475.66 
2024 06 27 12 19 56.04  31.690  07.206  0085.92  00.50  07.97  258.3  009.26  30.844  1024.516  1475.65 
2024 06 27 12 19 56.29  31.690  07.206  0085.75  00.45  07.97  258.3  009.26  30.844  1024.515  1475.65 
2024 06 27 12 19 56.54  31.690  07.207  0085.57  00.44  07.97  258.3  009.26  30.843  1024.513  1475.65 
2024 06 27 12 19 56.79  31.691  07.207  0085.42  00.45  08.11  258.3  009.26  30.844  1024.514  1475.65 
2024 06 27 12 19 57.04  31.690  07.208  0085.25  00.46  08.11  258.3  009.23  30.843  1024.511  1475.65 
2024 06 27 12 19 57.29  31.690  07.208  0085.11  00.45  08.05  258.3  009.26  30.843  1024.511  1475.65 
2024 06 27 12 19 57.54  31.691  07.209  0084.97  00.45  08.06  258.3  009.26  30.842  1024.510  1475.65 
2024 06 27 12 19 57.79  31.691  07.210  0084.78  00.47  07.93  258.5  009.26  30.842  1024.508  1475.65 
2024 06 27 12 19 58.04  31.691  07.209  0084.64  00.43  07.98  258.5  009.26  30.842  1024.508  1475.64 
2024 06 27 12 19 58.29  31.689  07.209  0084.60  00.39  07.95  258.5  009.26  30.841  1024.507  1475.64 
2024 06 27 12 19 58.54  31.693  07.211  0084.63  00.46  07.89  258.5  009.26  30.842  1024.508  1475.65 
2024 06 27 12 19 58.79  31.690  07.211  0084.71  00.44  07.96  258.5  009.26  30.840  1024.506  1475.65 
2024 06 27 12 19 59.04  31.693  07.210  0084.70  00.51  07.97  258.5  009.26  30.843  1024.509  1475.65 
2024 06 27 12 19 59.29  31.691  07.211  0084.66  00.48  07.97  258.5  009.26  30.841  1024.507  1475.65 
2024 06 27 12 19 59.54  31.692  07.210  0084.59  00.43  07.97  258.5  009.26  30.843  1024.508  1475.65 
2024 06 27 12 19 59.79  31.691  07.211  0084.42  00.40  08.06  258.5  009.26  30.841  1024.506  1475.65 
2024 06 27 12 20 00.04  31.693  07.211  0084.22  00.41  08.07  258.5  009.26  30.843  1024.506  1475.65 
2024 06 27 12 20 00.29  31.693  07.215  0083.97  00.42  08.06  258.5  009.26  30.840  1024.502  1475.65 
2024 06 27 12 20 00.54  31.692  07.215  0083.73  00.44  08.05  258.5  009.26  30.838  1024.500  1475.65 
2024 06 27 12 20 00.79  31.694  07.215  0083.50  00.44  07.98  258.6  009.26  30.841  1024.501  1475.65 
2024 06 27 12 20 01.04  31.693  07.217  0083.28  00.45  07.95  258.6  009.26  30.837  1024.497  1475.65 
2024 06 27 12 20 01.29  31.694  07.219  0083.06  00.48  07.95  258.6  009.26  30.838  1024.496  1475.65 
2024 06 27 12 20 01.54  31.697  07.218  0082.83  00.44  08.00  258.6  009.26  30.842  1024.498  1475.65 
2024 06 27 12 20 01.79  31.700  07.222  0082.63  00.43  08.01  258.6  009.26  30.841  1024.496  1475.66 
2024 06 27 12 20 02.04  31.705  07.230  0082.47  00.44  07.97  258.6  009.26  30.841  1024.494  1475.69 
2024 06 27 12 20 02.29  31.708  07.237  0082.30  00.44  07.87  258.6  009.26  30.837  1024.489  1475.71 
2024 06 27 12 20 02.54  31.710  07.236  0082.10  00.45  07.97  258.6  009.26  30.840  1024.491  1475.71 
2024 06 27 12 20 02.79  31.716  07.240  0081.90  00.52  08.07  258.6  009.26  30.843  1024.492  1475.72 
2024 06 27 12 20 03.04  31.713  07.245  0081.68  00.47  08.11  258.6  009.26  30.836  1024.484  1475.73 
2024 06 27 12 20 03.29  31.716  07.247  0081.42  00.47  08.10  258.6  009.26  30.836  1024.483  1475.73 
2024 06 27 12 20 03.54  31.717  07.248  0081.20  00.42  08.06  258.6  009.26  30.837  1024.483  1475.73 
2024 06 27 12 20 03.79  31.721  07.250  0080.93  00.42  07.93  258.8  009.26  30.839  1024.483  1475.74 
2024 06 27 12 20 04.04  31.720  07.250  0080.75  00.46  07.95  258.8  009.26  30.838  1024.481  1475.74 
2024 06 27 12 20 04.29  31.721  07.250  0080.60  00.46  07.95  258.8  009.26  30.840  1024.482  1475.73 
2024 06 27 12 20 04.54  31.721  07.251  0080.45  00.48  07.97  258.8  009.29  30.839  1024.481  1475.73 
2024 06 27 12 20 04.79  31.721  07.251  0080.27  00.50  07.97  258.8  009.26  30.840  1024.480  1475.73 
2024 06 27 12 20 05.04  31.723  07.252  0080.02  00.47  08.01  258.8  009.26  30.840  1024.479  1475.73 
2024 06 27 12 20 05.29  31.721  07.250  0079.77  00.50  08.01  258.8  009.26  30.840  1024.479  1475.72 
2024 06 27 12 20 05.54  31.720  07.251  0079.52  00.49  08.01  258.8  009.26  30.839  1024.476  1475.72 
2024 06 27 12 20 05.79  31.721  07.251  0079.31  00.47  08.07  258.8  009.26  30.840  1024.476  1475.72 
2024 06 27 12 20 06.04  31.722  07.250  0079.17  00.40  08.07  258.8  009.26  30.842  1024.477  1475.71 
2024 06 27 12 20 06.29  31.724  07.254  0079.13  00.42  08.09  258.8  009.26  30.841  1024.475  1475.73 
2024 06 27 12 20 06.54  31.726  07.255  0079.19  00.47  08.10  258.8  009.26  30.842  1024.476  1475.73 
2024 06 27 12 20 06.79  31.724  07.254  0079.22  00.45  07.95  259.0  009.26  30.841  1024.476  1475.73 
2024 06 27 12 20 07.04  31.721  07.255  0079.20  00.40  07.95  259.0  009.26  30.837  1024.473  1475.73 
2024 06 27 12 20 07.29  31.723  07.253  0079.07  00.47  07.94  259.0  009.26  30.840  1024.475  1475.72 
2024 06 27 12 20 07.54  31.725  07.255  0078.96  00.47  07.97  259.0  009.26  30.841  1024.475  1475.73 
2024 06 27 12 20 07.79  31.723  07.253  0078.89  00.50  07.97  259.0  009.26  30.840  1024.474  1475.72 
2024 06 27 12 20 08.04  31.722  07.254  0078.95  00.42  07.97  259.0  009.26  30.838  1024.473  1475.72 
2024 06 27 12 20 08.29  31.724  07.254  0079.01  00.49  07.97  259.0  009.26  30.841  1024.475  1475.73 
2024 06 27 12 20 08.54  31.721  07.254  0078.97  00.46  07.97  259.0  009.26  30.838  1024.473  1475.72 
2024 06 27 12 20 08.79  31.722  07.253  0078.88  00.45  08.06  259.0  009.26  30.840  1024.474  1475.72 
2024 06 27 12 20 09.04  31.722  07.252  0078.77  00.42  08.07  259.0  009.26  30.841  1024.474  1475.71 
2024 06 27 12 20 09.29  31.721  07.251  0078.77  00.43  08.07  259.0  009.26  30.840  1024.474  1475.71 
2024 06 27 12 20 09.54  31.713  07.241  0078.80  00.41  08.06  259.0  009.26  30.841  1024.476  1475.67 
2024 06 27 12 20 09.79  31.709  07.238  0078.90  00.40  07.95  259.3  009.26  30.839  1024.475  1475.66 
2024 06 27 12 20 10.04  31.709  07.240  0078.95  00.45  07.96  259.3  009.26  30.838  1024.474  1475.66 
2024 06 27 12 20 10.29  31.709  07.239  0078.85  00.45  07.97  259.3  009.26  30.838  1024.474  1475.66 
2024 06 27 12 20 10.54  31.713  07.243  0078.62  00.47  07.97  259.3  009.26  30.839  1024.473  1475.67 
2024 06 27 12 20 10.79  31.713  07.244  0078.41  00.45  07.97  259.3  009.26  30.837  1024.471  1475.67 
2024 06 27 12 20 11.04  31.712  07.241  0078.22  00.42  07.97  259.3  009.26  30.839  1024.472  1475.66 
2024 06 27 12 20 11.29  31.712  07.242  0078.15  00.46  07.97  259.3  009.26  30.838  1024.470  1475.66 
2024 06 27 12 20 11.54  31.713  07.244  0078.05  00.50  07.97  259.3  009.26  30.838  1024.470  1475.67 
2024 06 27 12 20 11.79  31.713  07.243  0077.88  00.45  08.07  259.3  009.26  30.839  1024.469  1475.66 
2024 06 27 12 20 12.04  31.714  07.246  0077.57  00.40  08.07  259.3  009.26  30.838  1024.467  1475.67 
2024 06 27 12 20 12.29  31.713  07.247  0077.27  00.42  08.07  259.3  009.26  30.836  1024.464  1475.66 
2024 06 27 12 20 12.54  31.715  07.248  0076.94  00.44  08.06  259.3  009.26  30.837  1024.464  1475.66 
2024 06 27 12 20 12.79  31.714  07.247  0076.71  00.49  07.98  259.5  009.26  30.837  1024.462  1475.66 
2024 06 27 12 20 13.04  31.717  07.250  0076.50  00.46  08.00  259.5  009.26  30.838  1024.462  1475.66 
2024 06 27 12 20 13.29  31.719  07.250  0076.31  00.47  07.95  259.5  009.26  30.840  1024.462  1475.67 
2024 06 27 12 20 13.54  31.717  07.250  0076.16  00.45  07.95  259.5  009.26  30.838  1024.460  1475.66 
2024 06 27 12 20 13.79  31.719  07.250  0075.85  00.51  07.96  259.5  009.26  30.840  1024.460  1475.66 
2024 06 27 12 20 14.04  31.717  07.249  0075.53  00.48  07.95  259.5  009.26  30.839  1024.458  1475.65 
2024 06 27 12 20 14.29  31.722  07.257  0075.21  00.43  08.00  259.5  009.26  30.838  1024.455  1475.67 
2024 06 27 12 20 14.54  31.728  07.263  0075.01  00.45  07.95  259.5  009.26  30.838  1024.453  1475.69 
2024 06 27 12 20 14.79  31.732  07.270  0074.82  00.46  07.97  259.5  009.26  30.837  1024.451  1475.71 
2024 06 27 12 20 15.04  31.735  07.276  0074.68  00.47  08.07  259.5  009.26  30.835  1024.447  1475.73 
2024 06 27 12 20 15.29  31.739  07.273  0074.48  00.41  08.07  259.5  009.26  30.841  1024.452  1475.73 
2024 06 27 12 20 15.54  31.738  07.274  0074.27  00.48  08.06  259.5  009.26  30.840  1024.450  1475.72 
2024 06 27 12 20 15.79  31.748  07.291  0074.03  00.52  07.94  259.7  009.26  30.835  1024.443  1475.78 
2024 06 27 12 20 16.04  31.752  07.299  0073.76  00.49  08.00  259.7  009.26  30.834  1024.439  1475.80 
2024 06 27 12 20 16.29  31.764  07.313  0073.54  00.51  08.00  259.7  009.26  30.834  1024.436  1475.86 
2024 06 27 12 20 16.54  31.773  07.318  0073.34  00.44  08.00  259.7  009.26  30.839  1024.439  1475.88 
2024 06 27 12 20 16.79  31.793  07.353  0073.25  00.43  07.95  259.7  009.26  30.829  1024.426  1476.00 
2024 06 27 12 20 17.04  31.799  07.355  0073.06  00.47  07.86  259.7  009.26  30.834  1024.429  1476.01 
2024 06 27 12 20 17.29  31.802  07.354  0072.85  00.48  07.96  259.7  009.26  30.838  1024.431  1476.01 
2024 06 27 12 20 17.54  31.812  07.373  0072.63  00.45  08.01  259.7  009.26  30.832  1024.422  1476.07 
2024 06 27 12 20 17.79  31.811  07.371  0072.38  00.47  08.13  259.7  009.26  30.833  1024.423  1476.06 
2024 06 27 12 20 18.04  31.813  07.374  0072.19  00.45  08.10  259.7  009.26  30.832  1024.420  1476.07 
2024 06 27 12 20 18.29  31.814  07.381  0072.01  00.48  08.04  259.7  009.26  30.827  1024.415  1476.09 
2024 06 27 12 20 18.54  31.817  07.383  0071.84  00.52  08.05  259.7  009.26  30.829  1024.415  1476.09 
2024 06 27 12 20 18.79  31.821  07.383  0071.69  00.47  07.92  260.1  009.26  30.833  1024.418  1476.10 
2024 06 27 12 20 19.04  31.818  07.384  0071.53  00.50  07.99  260.1  009.26  30.829  1024.414  1476.09 
2024 06 27 12 20 19.29  31.825  07.391  0071.28  00.54  07.96  260.1  009.26  30.830  1024.412  1476.12 
2024 06 27 12 20 19.54  31.827  07.392  0071.05  00.53  07.87  260.1  009.26  30.832  1024.413  1476.12 
2024 06 27 12 20 19.79  31.827  07.395  0070.79  00.49  07.87  260.1  009.26  30.830  1024.409  1476.13 
2024 06 27 12 20 20.04  31.828  07.396  0070.59  00.50  07.96  260.1  009.26  30.830  1024.408  1476.13 
2024 06 27 12 20 20.29  31.832  07.400  0070.40  00.50  07.96  260.1  009.26  30.830  1024.407  1476.14 
2024 06 27 12 20 20.54  31.831  07.402  0070.27  00.46  07.97  260.1  009.26  30.828  1024.405  1476.14 
2024 06 27 12 20 20.79  31.835  07.405  0070.17  00.50  08.07  260.1  009.26  30.830  1024.405  1476.15 
2024 06 27 12 20 21.04  31.836  07.406  0070.12  00.46  08.12  260.1  009.26  30.830  1024.405  1476.16 
2024 06 27 12 20 21.29  31.835  07.406  0070.06  00.43  08.06  260.1  009.26  30.829  1024.404  1476.16 
2024 06 27 12 20 21.54  31.835  07.405  0070.04  00.45  08.04  260.1  009.26  30.829  1024.404  1476.15 
2024 06 27 12 20 21.79  31.837  07.404  0070.05  00.47  07.98  260.7  009.26  30.832  1024.407  1476.15 
2024 06 27 12 20 22.04  31.835  07.404  0070.08  00.53  08.01  260.7  009.26  30.830  1024.406  1476.15 
2024 06 27 12 20 22.29  31.837  07.404  0070.14  00.52  08.02  260.7  009.26  30.832  1024.407  1476.15 
2024 06 27 12 20 22.54  31.835  07.405  0070.17  00.50  07.98  260.7  009.26  30.830  1024.405  1476.15 
2024 06 27 12 20 22.79  31.835  07.404  0070.06  00.50  07.96  260.7  009.26  30.830  1024.405  1476.15 
2024 06 27 12 20 23.04  31.834  07.405  0069.79  00.43  07.93  260.7  009.26  30.828  1024.402  1476.15 
2024 06 27 12 20 23.29  31.834  07.405  0069.56  00.54  07.94  260.7  009.26  30.829  1024.402  1476.14 
2024 06 27 12 20 23.54  31.836  07.405  0069.36  00.50  07.94  260.7  009.26  30.831  1024.402  1476.14 
2024 06 27 12 20 23.79  31.836  07.407  0069.16  00.46  08.07  260.7  009.26  30.829  1024.399  1476.15 
2024 06 27 12 20 24.04  31.835  07.408  0068.99  00.43  08.07  260.7  009.26  30.827  1024.397  1476.15 
2024 06 27 12 20 24.29  31.837  07.408  0068.77  00.40  08.07  260.7  009.23  30.829  1024.398  1476.14 
2024 06 27 12 20 24.54  31.836  07.407  0068.58  00.45  08.07  260.7  009.26  30.829  1024.397  1476.14 
2024 06 27 12 20 24.79  31.837  07.407  0068.37  00.42  07.94  261.3  009.26  30.830  1024.397  1476.13 
2024 06 27 12 20 25.04  31.838  07.408  0068.10  00.47  07.96  261.3  009.26  30.830  1024.395  1476.13 
2024 06 27 12 20 25.29  31.838  07.408  0067.82  00.52  07.97  261.3  009.26  30.830  1024.394  1476.13 
2024 06 27 12 20 25.54  31.837  07.410  0067.63  00.59  07.96  261.3  009.26  30.828  1024.392  1476.13 
2024 06 27 12 20 25.79  31.837  07.411  0067.48  00.53  08.03  261.3  009.26  30.827  1024.390  1476.13 
2024 06 27 12 20 26.04  31.839  07.410  0067.31  00.50  08.02  261.3  009.26  30.830  1024.392  1476.13 
2024 06 27 12 20 26.29  31.838  07.410  0067.12  00.52  08.01  261.3  009.26  30.829  1024.390  1476.13 
2024 06 27 12 20 26.54  31.838  07.410  0066.91  00.53  07.96  261.3  009.26  30.830  1024.390  1476.12 
2024 06 27 12 20 26.79  31.839  07.412  0066.70  00.49  08.07  261.3  009.26  30.829  1024.388  1476.12 
2024 06 27 12 20 27.04  31.840  07.411  0066.48  00.50  08.07  261.3  009.26  30.831  1024.388  1476.12 
2024 06 27 12 20 27.29  31.840  07.412  0066.24  00.50  08.00  261.3  009.26  30.830  1024.387  1476.12 
2024 06 27 12 20 27.54  31.841  07.412  0066.06  00.50  08.06  261.3  009.26  30.831  1024.387  1476.12 
2024 06 27 12 20 27.79  31.840  07.412  0065.91  00.46  07.93  261.7  009.26  30.830  1024.385  1476.11 
2024 06 27 12 20 28.04  31.841  07.413  0065.73  00.48  07.95  261.7  009.26  30.831  1024.384  1476.11 
2024 06 27 12 20 28.29  31.840  07.412  0065.55  00.47  07.96  261.7  009.26  30.830  1024.384  1476.11 
2024 06 27 12 20 28.54  31.841  07.413  0065.41  00.50  08.01  261.7  009.26  30.830  1024.382  1476.11 
2024 06 27 12 20 28.79  31.841  07.415  0065.30  00.55  08.03  261.7  009.26  30.829  1024.380  1476.11 
2024 06 27 12 20 29.04  31.840  07.415  0065.17  00.52  08.02  261.7  009.26  30.828  1024.379  1476.11 
2024 06 27 12 20 29.29  31.841  07.415  0064.91  00.58  07.95  261.7  009.26  30.829  1024.379  1476.11 
2024 06 27 12 20 29.54  31.842  07.415  0064.68  00.50  07.87  261.7  009.26  30.831  1024.379  1476.11 
2024 06 27 12 20 29.79  31.842  07.415  0064.51  00.54  08.09  261.7  009.26  30.830  1024.378  1476.10 
2024 06 27 12 20 30.04  31.842  07.415  0064.34  00.48  08.12  261.7  009.26  30.831  1024.378  1476.10 
2024 06 27 12 20 30.29  31.843  07.419  0064.22  00.45  08.11  261.7  009.26  30.828  1024.375  1476.11 
2024 06 27 12 20 30.54  31.843  07.420  0064.01  00.44  08.07  261.7  009.26  30.828  1024.373  1476.11 
2024 06 27 12 20 30.79  31.844  07.420  0063.77  00.45  07.93  261.8  009.26  30.829  1024.373  1476.11 
2024 06 27 12 20 31.04  31.844  07.420  0063.51  00.50  07.94  261.8  009.26  30.828  1024.371  1476.10 
2024 06 27 12 20 31.29  31.845  07.421  0063.28  00.49  08.00  261.8  009.26  30.829  1024.371  1476.11 
2024 06 27 12 20 31.54  31.846  07.424  0063.16  00.49  08.04  261.8  009.26  30.828  1024.369  1476.11 
2024 06 27 12 20 31.79  31.852  07.426  0063.04  00.49  08.01  261.8  009.26  30.832  1024.371  1476.12 
2024 06 27 12 20 32.04  31.851  07.429  0062.95  00.51  07.96  261.8  009.26  30.828  1024.368  1476.13 
2024 06 27 12 20 32.29  31.852  07.429  0062.80  00.56  07.99  261.8  009.26  30.829  1024.367  1476.13 
2024 06 27 12 20 32.54  31.853  07.429  0062.58  00.59  07.99  261.8  009.26  30.830  1024.367  1476.13 
2024 06 27 12 20 32.79  31.855  07.430  0062.31  00.56  08.07  261.8  009.26  30.832  1024.367  1476.13 
2024 06 27 12 20 33.04  31.857  07.436  0062.12  00.51  08.13  261.8  009.26  30.828  1024.363  1476.14 
2024 06 27 12 20 33.29  31.858  07.437  0062.00  00.49  08.09  261.8  009.26  30.830  1024.363  1476.15 
2024 06 27 12 20 33.54  31.862  07.442  0061.93  00.44  07.99  261.8  009.26  30.830  1024.362  1476.16 
2024 06 27 12 20 33.79  31.865  07.448  0061.83  00.47  07.96  262.2  009.26  30.827  1024.359  1476.18 
2024 06 27 12 20 34.04  31.867  07.449  0061.69  00.51  07.96  262.2  009.26  30.828  1024.359  1476.19 
2024 06 27 12 20 34.29  31.873  07.453  0061.50  00.53  07.98  262.2  009.26  30.832  1024.360  1476.20 
2024 06 27 12 20 34.54  31.874  07.458  0061.25  00.49  07.95  262.2  009.26  30.828  1024.355  1476.21 
2024 06 27 12 20 34.79  31.878  07.464  0061.05  00.46  07.97  262.2  009.26  30.827  1024.354  1476.23 
2024 06 27 12 20 35.04  31.878  07.468  0060.85  00.48  08.03  262.2  009.26  30.824  1024.349  1476.24 
2024 06 27 12 20 35.29  31.881  07.468  0060.73  00.50  07.98  262.2  009.26  30.827  1024.351  1476.24 
2024 06 27 12 20 35.54  31.884  07.472  0060.61  00.47  07.97  262.2  009.26  30.826  1024.349  1476.26 
2024 06 27 12 20 35.79  31.885  07.472  0060.42  00.49  08.03  262.2  009.26  30.828  1024.349  1476.26 
2024 06 27 12 20 36.04  31.887  07.474  0060.16  00.55  08.12  262.2  009.26  30.828  1024.349  1476.26 
2024 06 27 12 20 36.29  31.885  07.476  0059.97  00.50  08.06  262.2  009.26  30.825  1024.345  1476.26 
2024 06 27 12 20 36.54  31.888  07.477  0059.74  00.57  08.10  262.2  009.26  30.827  1024.345  1476.26 
2024 06 27 12 20 36.79  31.888  07.476  0059.56  00.55  07.98  262.6  009.26  30.827  1024.345  1476.26 
2024 06 27 12 20 37.04  31.887  07.477  0059.37  00.60  08.02  262.6  009.26  30.826  1024.343  1476.25 
2024 06 27 12 20 37.29  31.888  07.478  0059.20  00.55  07.98  262.6  009.26  30.827  1024.343  1476.26 
2024 06 27 12 20 37.54  31.888  07.477  0059.01  00.54  07.94  262.6  009.26  30.826  1024.341  1476.25 
2024 06 27 12 20 37.79  31.888  07.478  0058.77  00.52  07.98  262.6  009.26  30.827  1024.341  1476.25 
2024 06 27 12 20 38.04  31.888  07.477  0058.63  00.53  07.95  262.6  009.26  30.827  1024.341  1476.25 
2024 06 27 12 20 38.29  31.890  07.478  0058.54  00.55  08.03  262.6  009.26  30.829  1024.341  1476.25 
2024 06 27 12 20 38.54  31.892  07.482  0058.48  00.53  07.98  262.6  009.26  30.827  1024.339  1476.26 
2024 06 27 12 20 38.79  31.891  07.481  0058.36  00.56  08.13  262.6  009.26  30.827  1024.339  1476.25 
2024 06 27 12 20 39.04  31.892  07.482  0058.15  00.47  08.12  262.6  009.26  30.827  1024.338  1476.25 
2024 06 27 12 20 39.29  31.890  07.481  0057.96  00.49  08.08  262.6  009.26  30.826  1024.336  1476.25 
2024 06 27 12 20 39.54  31.892  07.482  0057.85  00.50  08.09  262.6  009.26  30.827  1024.336  1476.25 
2024 06 27 12 20 39.79  31.892  07.488  0057.73  00.56  07.92  263.0  009.26  30.823  1024.331  1476.27 
2024 06 27 12 20 40.04  31.895  07.491  0057.58  00.55  07.96  263.0  009.26  30.823  1024.330  1476.28 
2024 06 27 12 20 40.29  31.896  07.491  0057.38  00.50  07.96  263.0  009.26  30.823  1024.330  1476.27 
2024 06 27 12 20 40.54  31.898  07.492  0057.16  00.48  07.99  263.0  009.26  30.825  1024.330  1476.28 
2024 06 27 12 20 40.79  31.898  07.493  0056.97  00.53  08.01  263.0  009.26  30.825  1024.329  1476.27 
2024 06 27 12 20 41.04  31.900  07.498  0056.72  00.57  07.98  263.0  009.26  30.823  1024.325  1476.29 
2024 06 27 12 20 41.29  31.901  07.499  0056.54  00.55  07.98  263.0  009.26  30.823  1024.325  1476.29 
2024 06 27 12 20 41.54  31.900  07.500  0056.34  00.60  08.00  263.0  009.26  30.821  1024.322  1476.29 
2024 06 27 12 20 41.79  31.900  07.500  0056.10  00.56  08.11  263.0  009.26  30.821  1024.321  1476.29 
2024 06 27 12 20 42.04  31.902  07.502  0055.79  00.51  07.97  263.0  009.26  30.821  1024.319  1476.29 
2024 06 27 12 20 42.29  31.901  07.503  0055.56  00.52  08.10  263.0  009.26  30.819  1024.317  1476.29 
2024 06 27 12 20 42.54  31.902  07.504  0055.37  00.53  08.09  263.0  009.26  30.819  1024.315  1476.29 
2024 06 27 12 20 42.79  31.903  07.506  0055.19  00.55  07.94  263.3  009.26  30.819  1024.314  1476.29 
2024 06 27 12 20 43.04  31.901  07.506  0055.01  00.59  07.91  263.3  009.26  30.817  1024.312  1476.29 
2024 06 27 12 20 43.29  31.900  07.505  0054.79  00.58  08.01  263.3  009.26  30.817  1024.311  1476.28 
2024 06 27 12 20 43.54  31.900  07.504  0054.63  00.56  08.02  263.3  009.26  30.817  1024.310  1476.27 
2024 06 27 12 20 43.79  31.896  07.500  0054.42  00.57  08.01  263.3  009.26  30.818  1024.311  1476.25 
2024 06 27 12 20 44.04  31.893  07.504  0054.25  00.55  07.97  263.3  009.26  30.811  1024.304  1476.26 
2024 06 27 12 20 44.29  31.896  07.505  0054.11  00.59  07.94  263.3  009.26  30.814  1024.305  1476.26 
2024 06 27 12 20 44.54  31.894  07.501  0053.99  00.55  08.01  263.3  009.26  30.814  1024.306  1476.25 
2024 06 27 12 20 44.79  31.893  07.499  0053.82  00.59  08.09  263.3  009.26  30.815  1024.306  1476.24 
2024 06 27 12 20 45.04  31.891  07.498  0053.49  00.57  08.10  263.3  009.26  30.814  1024.303  1476.23 
2024 06 27 12 20 45.29  31.890  07.499  0053.25  00.58  08.11  263.3  009.26  30.813  1024.301  1476.22 
2024 06 27 12 20 45.54  31.888  07.496  0053.04  00.52  08.09  263.3  009.26  30.812  1024.301  1476.21 
2024 06 27 12 20 45.79  31.888  07.496  0052.92  00.54  07.91  263.5  009.26  30.813  1024.300  1476.21 
2024 06 27 12 20 46.04  31.888  07.495  0052.86  00.58  08.00  263.5  009.26  30.813  1024.300  1476.20 
2024 06 27 12 20 46.29  31.887  07.496  0052.76  00.59  08.01  263.5  009.26  30.812  1024.299  1476.20 
2024 06 27 12 20 46.54  31.886  07.495  0052.57  00.59  08.00  263.5  009.26  30.812  1024.298  1476.20 
2024 06 27 12 20 46.79  31.885  07.495  0052.35  00.57  07.97  263.5  009.26  30.811  1024.296  1476.19 
2024 06 27 12 20 47.04  31.886  07.495  0052.26  00.53  07.93  263.5  009.26  30.812  1024.297  1476.19 
2024 06 27 12 20 47.29  31.884  07.495  0052.25  00.56  07.85  263.5  009.26  30.810  1024.295  1476.19 
2024 06 27 12 20 47.54  31.883  07.495  0052.37  00.56  07.97  263.5  009.26  30.808  1024.294  1476.19 
2024 06 27 12 20 47.79  31.884  07.495  0052.49  00.56  08.06  263.5  009.26  30.810  1024.297  1476.19 
2024 06 27 12 20 48.04  31.884  07.495  0052.51  00.62  08.09  263.5  009.26  30.811  1024.297  1476.19 
2024 06 27 12 20 48.29  31.884  07.495  0052.32  00.61  08.06  263.5  009.26  30.810  1024.295  1476.19 
2024 06 27 12 20 48.54  31.884  07.495  0052.03  00.57  08.08  263.5  009.26  30.810  1024.294  1476.18 
2024 06 27 12 20 48.79  31.884  07.495  0051.77  00.54  07.94  263.8  009.26  30.810  1024.293  1476.18 
2024 06 27 12 20 49.04  31.884  07.495  0051.52  00.53  07.97  263.8  009.26  30.810  1024.292  1476.18 
2024 06 27 12 20 49.29  31.884  07.496  0051.36  00.61  07.97  263.8  009.26  30.809  1024.290  1476.18 
2024 06 27 12 20 49.54  31.883  07.495  0051.21  00.58  07.97  263.8  009.26  30.809  1024.289  1476.17 
2024 06 27 12 20 49.79  31.885  07.496  0050.89  00.62  08.02  263.8  009.26  30.811  1024.289  1476.17 
2024 06 27 12 20 50.04  31.884  07.496  0050.70  00.60  07.90  263.8  009.26  30.809  1024.287  1476.17 
2024 06 27 12 20 50.29  31.883  07.495  0050.46  00.62  07.98  263.8  009.26  30.809  1024.286  1476.16 
2024 06 27 12 20 50.54  31.881  07.497  0050.11  00.64  08.03  263.8  009.26  30.806  1024.282  1476.16 
2024 06 27 12 20 50.79  31.883  07.497  0049.88  00.58  08.12  263.8  009.26  30.808  1024.282  1476.16 
2024 06 27 12 20 51.04  31.881  07.498  0049.63  00.65  07.97  263.8  009.26  30.806  1024.279  1476.15 
2024 06 27 12 20 51.29  31.883  07.500  0049.37  00.60  08.08  263.8  009.26  30.805  1024.277  1476.16 
2024 06 27 12 20 51.54  31.883  07.500  0049.23  00.62  08.11  263.8  009.26  30.805  1024.277  1476.16 
2024 06 27 12 20 51.79  31.885  07.504  0049.00  00.58  07.99  264.1  009.26  30.805  1024.275  1476.16 
2024 06 27 12 20 52.04  31.887  07.506  0048.77  00.57  07.91  264.1  009.26  30.805  1024.273  1476.17 
2024 06 27 12 20 52.29  31.887  07.506  0048.52  00.61  07.96  264.1  009.26  30.804  1024.272  1476.17 
2024 06 27 12 20 52.54  31.891  07.515  0048.20  00.54  08.00  264.1  009.26  30.801  1024.266  1476.19 
2024 06 27 12 20 52.79  31.891  07.514  0047.98  00.59  07.97  264.1  009.26  30.803  1024.267  1476.18 
2024 06 27 12 20 53.04  31.895  07.522  0047.71  00.57  07.93  264.1  009.26  30.800  1024.262  1476.21 
2024 06 27 12 20 53.29  31.899  07.525  0047.43  00.55  08.01  264.1  009.26  30.801  1024.262  1476.22 
2024 06 27 12 20 53.54  31.903  07.528  0047.26  00.64  08.00  264.1  009.26  30.803  1024.262  1476.23 
2024 06 27 12 20 53.79  31.907  07.532  0047.04  00.57  08.05  264.1  009.26  30.804  1024.261  1476.24 
2024 06 27 12 20 54.04  31.906  07.530  0046.83  00.64  08.03  264.1  009.26  30.805  1024.261  1476.23 
2024 06 27 12 20 54.29  31.908  07.537  0046.59  00.61  08.12  264.1  009.26  30.801  1024.256  1476.25 
2024 06 27 12 20 54.54  31.914  07.542  0046.31  00.61  08.06  264.1  009.26  30.802  1024.255  1476.27 
2024 06 27 12 20 54.79  31.911  07.543  0046.09  00.61  07.97  264.4  009.26  30.799  1024.251  1476.26 
2024 06 27 12 20 55.04  31.917  07.547  0045.75  00.62  07.91  264.4  009.26  30.802  1024.252  1476.28 
2024 06 27 12 20 55.29  31.917  07.547  0045.52  00.56  07.99  264.4  009.26  30.802  1024.250  1476.27 
2024 06 27 12 20 55.54  31.917  07.549  0045.34  00.63  08.02  264.4  009.26  30.800  1024.248  1476.28 
2024 06 27 12 20 55.79  31.917  07.549  0045.09  00.62  07.88  264.4  009.26  30.801  1024.248  1476.27 
2024 06 27 12 20 56.04  31.918  07.550  0044.89  00.60  07.95  264.4  009.26  30.801  1024.246  1476.27 
2024 06 27 12 20 56.29  31.915  07.548  0044.68  00.58  07.99  264.4  009.26  30.799  1024.244  1476.26 
2024 06 27 12 20 56.54  31.912  07.547  0044.44  00.62  07.93  264.4  009.26  30.798  1024.242  1476.25 
2024 06 27 12 20 56.79  31.913  07.547  0044.25  00.60  08.08  264.4  009.26  30.798  1024.242  1476.25 
2024 06 27 12 20 57.04  31.911  07.547  0043.99  00.62  08.06  264.4  009.26  30.796  1024.239  1476.24 
2024 06 27 12 20 57.29  31.910  07.545  0043.73  00.59  08.09  264.4  009.26  30.797  1024.239  1476.23 
2024 06 27 12 20 57.54  31.910  07.545  0043.54  00.57  08.08  264.4  009.26  30.797  1024.238  1476.23 
2024 06 27 12 20 57.79  31.908  07.544  0043.23  00.59  07.93  264.9  009.26  30.796  1024.236  1476.21 
2024 06 27 12 20 58.04  31.904  07.544  0042.96  00.64  08.01  264.9  009.26  30.793  1024.232  1476.21 
2024 06 27 12 20 58.29  31.903  07.540  0042.72  00.66  07.91  264.9  009.26  30.794  1024.233  1476.19 
2024 06 27 12 20 58.54  31.893  07.531  0042.42  00.64  08.01  264.9  009.26  30.792  1024.231  1476.15 
2024 06 27 12 20 58.79  31.892  07.533  0042.17  00.65  07.99  264.9  009.26  30.790  1024.228  1476.15 
2024 06 27 12 20 59.04  31.892  07.530  0041.87  00.65  07.92  264.9  009.26  30.792  1024.228  1476.14 
2024 06 27 12 20 59.29  31.887  07.529  0041.60  00.61  08.03  264.9  009.26  30.788  1024.224  1476.12 
2024 06 27 12 20 59.54  31.886  07.528  0041.37  00.68  08.03  264.9  009.26  30.788  1024.223  1476.11 
2024 06 27 12 20 59.79  31.884  07.524  0041.07  00.64  08.03  264.9  009.26  30.789  1024.223  1476.09 
2024 06 27 12 21 00.04  31.883  07.524  0040.83  00.62  08.06  264.9  009.26  30.788  1024.221  1476.09 
2024 06 27 12 21 00.29  31.880  07.523  0040.48  00.62  08.08  264.9  009.23  30.785  1024.218  1476.08 
2024 06 27 12 21 00.54  31.884  07.527  0040.21  00.59  08.03  264.9  009.26  30.788  1024.218  1476.09 
2024 06 27 12 21 00.79  31.905  07.555  0040.05  00.62  08.00  265.4  009.26  30.785  1024.211  1476.19 
2024 06 27 12 21 01.04  31.931  07.589  0040.00  00.64  07.91  265.4  009.26  30.782  1024.204  1476.32 
2024 06 27 12 21 01.29  31.944  07.598  0040.03  00.60  07.97  265.4  009.26  30.788  1024.208  1476.36 
2024 06 27 12 21 01.54  31.905  07.545  0040.10  00.69  07.98  265.4  009.26  30.793  1024.219  1476.17 
2024 06 27 12 21 01.79  31.919  07.569  0040.07  00.66  07.96  265.4  009.26  30.788  1024.211  1476.25 
2024 06 27 12 21 02.04  31.915  07.566  0039.92  00.63  07.98  265.4  009.26  30.785  1024.209  1476.23 
2024 06 27 12 21 02.29  31.912  07.563  0039.70  00.66  07.98  265.4  009.26  30.786  1024.209  1476.22 
2024 06 27 12 21 02.54  31.923  07.575  0039.47  00.74  07.99  265.4  009.26  30.787  1024.207  1476.26 
2024 06 27 12 21 02.79  31.926  07.579  0039.25  00.66  08.08  265.4  009.26  30.786  1024.205  1476.27 
2024 06 27 12 21 03.04  31.929  07.581  0039.02  00.62  08.14  265.4  009.26  30.787  1024.204  1476.28 
2024 06 27 12 21 03.29  31.929  07.583  0038.77  00.60  08.14  265.4  009.26  30.786  1024.202  1476.28 
2024 06 27 12 21 03.54  31.925  07.582  0038.50  00.62  08.12  265.4  009.26  30.783  1024.198  1476.27 
2024 06 27 12 21 03.79  31.923  07.582  0038.26  00.62  07.91  266.1  009.26  30.782  1024.196  1476.26 
2024 06 27 12 21 04.04  31.916  07.574  0037.96  00.61  08.00  266.1  009.26  30.780  1024.195  1476.22 
2024 06 27 12 21 04.29  31.907  07.568  0037.67  00.69  07.89  266.1  009.26  30.776  1024.191  1476.19 
2024 06 27 12 21 04.54  31.906  07.568  0037.45  00.69  07.97  266.1  009.26  30.775  1024.190  1476.19 
2024 06 27 12 21 04.79  31.898  07.563  0037.22  00.70  08.03  266.1  009.26  30.771  1024.186  1476.16 
2024 06 27 12 21 05.04  31.897  07.563  0036.96  00.71  07.93  266.1  009.26  30.770  1024.184  1476.16 
2024 06 27 12 21 05.29  31.882  07.539  0036.65  00.66  07.98  266.1  009.26  30.776  1024.191  1476.06 
2024 06 27 12 21 05.54  31.876  07.547  0036.41  00.59  07.97  266.1  009.26  30.762  1024.177  1476.07 
2024 06 27 12 21 05.79  31.873  07.543  0036.14  00.64  08.01  266.1  009.26  30.762  1024.177  1476.05 
2024 06 27 12 21 06.04  31.847  07.523  0035.86  00.67  08.13  266.1  009.26  30.753  1024.171  1475.96 
2024 06 27 12 21 06.29  31.846  07.520  0035.59  00.70  08.08  266.1  009.26  30.754  1024.171  1475.95 
2024 06 27 12 21 06.54  31.842  07.516  0035.31  00.72  08.07  266.1  009.29  30.754  1024.170  1475.93 
2024 06 27 12 21 06.79  31.825  07.500  0035.01  00.74  08.00  268.7  009.26  30.750  1024.168  1475.85 
2024 06 27 12 21 07.04  31.814  07.496  0034.73  00.77  07.88  268.7  009.26  30.742  1024.161  1475.83 
2024 06 27 12 21 07.29  31.797  07.477  0034.42  00.75  08.03  268.7  009.26  30.741  1024.161  1475.74 
2024 06 27 12 21 07.54  31.799  07.485  0034.21  00.76  08.01  268.7  009.26  30.735  1024.155  1475.77 
2024 06 27 12 21 07.79  31.788  07.476  0033.99  00.86  08.02  268.7  009.26  30.732  1024.153  1475.72 
2024 06 27 12 21 08.04  31.768  07.457  0033.75  00.83  08.02  268.7  009.26  30.728  1024.151  1475.64 
2024 06 27 12 21 08.29  31.765  07.455  0033.49  00.81  07.93  268.7  009.26  30.726  1024.148  1475.63 
2024 06 27 12 21 08.54  31.757  07.437  0033.21  00.90  08.03  268.7  009.26  30.734  1024.155  1475.56 
2024 06 27 12 21 08.79  31.741  07.431  0033.04  00.86  08.06  268.7  009.26  30.722  1024.146  1475.52 
2024 06 27 12 21 09.04  31.713  07.409  0032.97  00.88  08.10  268.7  009.26  30.712  1024.141  1475.42 
2024 06 27 12 21 09.29  31.705  07.404  0032.74  00.87  08.10  268.7  009.26  30.708  1024.137  1475.40 
2024 06 27 12 21 09.54  31.701  07.399  0032.49  00.87  08.01  268.7  009.26  30.707  1024.136  1475.37 
2024 06 27 12 21 09.79  31.686  07.389  0032.26  00.86  07.96  269.8  009.26  30.701  1024.131  1475.32 
2024 06 27 12 21 10.04  31.689  07.390  0032.09  00.93  07.89  269.8  009.26  30.703  1024.132  1475.32 
2024 06 27 12 21 10.29  31.685  07.382  0031.85  00.97  08.02  269.8  009.26  30.706  1024.134  1475.29 
2024 06 27 12 21 10.54  31.669  07.373  0031.50  00.89  07.99  269.8  009.26  30.696  1024.127  1475.24 
2024 06 27 12 21 10.79  31.663  07.370  0031.29  00.87  08.01  269.8  009.26  30.693  1024.124  1475.22 
2024 06 27 12 21 11.04  31.661  07.367  0031.08  00.92  08.00  269.8  009.26  30.694  1024.123  1475.21 
2024 06 27 12 21 11.29  31.648  07.358  0030.77  00.91  07.97  269.8  009.26  30.688  1024.119  1475.16 
2024 06 27 12 21 11.54  31.643  07.356  0030.54  00.92  08.03  269.8  009.26  30.685  1024.116  1475.14 
2024 06 27 12 21 11.79  31.641  07.354  0030.29  00.93  08.03  269.8  009.26  30.684  1024.114  1475.13 
2024 06 27 12 21 12.04  31.633  07.345  0030.06  00.98  08.12  269.8  009.26  30.683  1024.114  1475.09 
2024 06 27 12 21 12.29  31.623  07.330  0029.79  01.00  08.01  269.8  009.26  30.687  1024.117  1475.03 
2024 06 27 12 21 12.54  31.609  07.320  0029.53  01.00  08.10  269.8  009.26  30.680  1024.112  1474.98 
2024 06 27 12 21 12.79  31.596  07.317  0029.33  01.00  07.84  269.1  009.26  30.668  1024.102  1474.95 
2024 06 27 12 21 13.04  31.580  07.303  0029.11  01.04  08.01  269.1  009.26  30.664  1024.100  1474.89 
2024 06 27 12 21 13.29  31.552  07.273  0028.83  01.08  07.90  269.1  009.26  30.661  1024.100  1474.76 
2024 06 27 12 21 13.54  31.553  07.280  0028.63  01.11  07.99  269.1  009.26  30.655  1024.094  1474.78 
2024 06 27 12 21 13.79  31.553  07.277  0028.39  01.15  07.91  269.1  009.26  30.659  1024.096  1474.77 
2024 06 27 12 21 14.04  31.531  07.263  0028.16  01.25  08.01  269.1  009.26  30.647  1024.087  1474.70 
2024 06 27 12 21 14.29  31.529  07.260  0027.97  01.07  07.99  269.1  009.26  30.648  1024.088  1474.69 
2024 06 27 12 21 14.54  31.524  07.251  0027.66  01.19  08.02  269.1  009.26  30.651  1024.089  1474.65 
2024 06 27 12 21 14.79  31.518  07.249  0027.44  01.18  07.99  269.1  009.26  30.646  1024.085  1474.63 
2024 06 27 12 21 15.04  31.514  07.242  0027.24  01.18  08.10  269.1  009.26  30.649  1024.087  1474.60 
2024 06 27 12 21 15.29  31.497  07.228  0026.95  01.22  08.02  269.1  009.26  30.642  1024.083  1474.54 
2024 06 27 12 21 15.54  31.479  07.212  0026.72  01.18  08.11  269.1  009.26  30.638  1024.080  1474.46 
2024 06 27 12 21 15.79  31.470  07.213  0026.50  01.35  07.86  268.7  009.26  30.626  1024.070  1474.45 
2024 06 27 12 21 16.04  31.439  07.182  0026.27  01.33  08.00  268.7  009.26  30.621  1024.068  1474.32 
2024 06 27 12 21 16.29  31.430  07.176  0026.07  01.42  07.88  268.7  009.26  30.617  1024.065  1474.29 
2024 06 27 12 21 16.54  31.412  07.165  0025.84  01.54  07.98  268.7  009.26  30.607  1024.058  1474.23 
2024 06 27 12 21 16.79  31.357  07.123  0025.60  01.42  07.91  268.7  009.26  30.585  1024.045  1474.03 
2024 06 27 12 21 17.04  31.359  07.130  0025.42  01.43  08.00  268.7  009.26  30.581  1024.041  1474.05 
2024 06 27 12 21 17.29  31.321  07.089  0025.18  01.53  07.90  268.7  009.26  30.577  1024.041  1473.88 
2024 06 27 12 21 17.54  31.311  07.084  0025.01  01.74  08.01  268.7  009.26  30.571  1024.037  1473.85 
2024 06 27 12 21 17.79  31.276  07.051  0024.82  01.78  08.00  268.7  009.26  30.561  1024.032  1473.71 
2024 06 27 12 21 18.04  31.195  06.957  0024.56  01.80  08.12  268.7  009.26  30.558  1024.041  1473.33 
2024 06 27 12 21 18.29  31.188  06.968  0024.35  01.86  08.01  268.7  009.26  30.541  1024.025  1473.35 
2024 06 27 12 21 18.54  31.150  06.921  0024.08  01.81  08.08  268.7  009.26  30.541  1024.030  1473.16 
2024 06 27 12 21 18.79  31.061  06.865  0023.79  01.97  07.89  269.7  009.26  30.494  1023.999  1472.88 
2024 06 27 12 21 19.04  31.070  06.883  0023.58  01.92  07.98  269.7  009.26  30.489  1023.991  1472.94 
2024 06 27 12 21 19.29  31.056  06.853  0023.38  01.88  07.97  269.7  009.26  30.500  1024.003  1472.83 
2024 06 27 12 21 19.54  31.049  06.846  0023.22  02.10  07.90  269.7  009.26  30.499  1024.002  1472.80 
2024 06 27 12 21 19.79  31.019  06.817  0023.09  02.28  08.00  269.7  009.26  30.492  1024.000  1472.68 
2024 06 27 12 21 20.04  30.999  06.817  0022.88  02.18  07.91  269.7  009.26  30.470  1023.981  1472.64 
2024 06 27 12 21 20.29  30.993  06.802  0022.67  02.25  08.00  269.7  009.26  30.477  1023.988  1472.59 
2024 06 27 12 21 20.54  30.948  06.736  0022.47  02.44  07.88  269.7  009.26  30.487  1024.003  1472.34 
2024 06 27 12 21 20.79  30.942  06.738  0022.26  02.30  08.07  269.7  009.26  30.479  1023.996  1472.33 
2024 06 27 12 21 21.04  30.921  06.720  0022.11  02.30  07.99  269.7  009.26  30.473  1023.992  1472.25 
2024 06 27 12 21 21.29  30.886  06.686  0021.95  02.48  08.10  269.7  009.26  30.465  1023.989  1472.11 
2024 06 27 12 21 21.54  30.825  06.628  0021.75  02.74  07.99  269.7  009.26  30.449  1023.983  1471.86 
2024 06 27 12 21 21.79  30.808  06.620  0021.57  02.54  07.95  271.8  009.26  30.438  1023.975  1471.81 
2024 06 27 12 21 22.04  30.792  06.614  0021.36  02.61  07.88  271.8  009.26  30.426  1023.966  1471.76 
2024 06 27 12 21 22.29  30.715  06.565  0021.15  02.61  07.99  271.8  009.26  30.385  1023.938  1471.52 
2024 06 27 12 21 22.54  30.740  06.579  0020.98  02.72  07.95  271.8  009.26  30.400  1023.947  1471.59 
2024 06 27 12 21 22.79  30.667  06.404  0020.78  02.99  07.98  271.8  009.26  30.476  1024.028  1470.98 
2024 06 27 12 21 23.04  30.619  06.452  0020.58  03.01  07.99  271.8  009.26  30.381  1023.946  1471.05 
2024 06 27 12 21 23.29  30.595  06.412  0020.38  03.08  07.90  271.8  009.26  30.391  1023.958  1470.90 
2024 06 27 12 21 23.54  30.531  06.366  0020.15  03.31  08.01  271.8  009.26  30.362  1023.940  1470.68 
2024 06 27 12 21 23.79  30.518  06.352  0019.96  03.15  07.99  271.8  009.26  30.359  1023.938  1470.62 
2024 06 27 12 21 24.04  30.477  06.295  0019.68  03.24  08.11  271.8  009.26  30.365  1023.949  1470.39 
2024 06 27 12 21 24.29  30.461  06.290  0019.49  03.49  08.05  271.8  009.26  30.351  1023.937  1470.35 
2024 06 27 12 21 24.54  30.449  06.275  0019.33  03.45  08.06  271.8  009.26  30.352  1023.939  1470.29 
2024 06 27 12 21 24.79  30.422  06.254  0019.10  03.55  07.97  276.3  009.26  30.342  1023.932  1470.19 
2024 06 27 12 21 25.04  30.423  06.258  0018.91  03.55  07.89  276.3  009.26  30.339  1023.929  1470.20 
2024 06 27 12 21 25.29  30.402  06.235  0018.66  03.67  07.98  276.3  009.26  30.336  1023.928  1470.10 
2024 06 27 12 21 25.54  30.344  06.195  0018.42  03.53  08.00  276.3  009.26  30.308  1023.910  1469.90 
2024 06 27 12 21 25.79  30.363  06.195  0018.25  03.44  07.96  276.3  009.26  30.329  1023.925  1469.93 
2024 06 27 12 21 26.04  30.334  06.156  0018.05  03.66  08.01  276.3  009.26  30.332  1023.931  1469.77 
2024 06 27 12 21 26.29  30.340  06.179  0017.91  03.89  07.92  276.3  009.26  30.318  1023.917  1469.84 
2024 06 27 12 21 26.54  30.296  06.112  0017.80  04.05  07.99  276.3  009.26  30.329  1023.933  1469.59 
2024 06 27 12 21 26.79  30.269  06.103  0017.67  04.11  08.13  276.3  009.26  30.308  1023.917  1469.52 
2024 06 27 12 21 27.04  30.224  06.046  0017.66  04.14  08.01  276.3  009.26  30.310  1023.925  1469.29 
2024 06 27 12 21 27.29  30.194  06.011  0017.69  04.07  08.06  276.3  009.26  30.306  1023.927  1469.15 
2024 06 27 12 21 27.54  30.169  05.996  0017.69  04.26  08.01  276.3  009.26  30.293  1023.918  1469.07 
2024 06 27 12 21 27.79  30.167  05.995  0017.70  04.32  07.98  282.5  009.26  30.291  1023.916  1469.07 
2024 06 27 12 21 28.04  30.185  06.032  0017.69  04.55  07.97  282.5  009.26  30.278  1023.902  1469.20 
2024 06 27 12 21 28.29  30.185  06.029  0017.70  04.31  07.97  282.5  009.26  30.281  1023.904  1469.19 
2024 06 27 12 21 28.54  30.180  06.027  0017.73  04.17  07.96  282.5  009.26  30.278  1023.903  1469.18 
2024 06 27 12 21 28.79  30.176  06.019  0017.72  04.20  07.96  282.5  009.26  30.281  1023.906  1469.15 
2024 06 27 12 21 29.04  30.175  05.995  0017.70  04.21  07.96  282.5  009.26  30.300  1023.924  1469.08 
2024 06 27 12 21 29.29  30.174  05.994  0017.72  04.18  07.95  282.5  009.26  30.300  1023.924  1469.07 
2024 06 27 12 21 29.54  30.163  05.979  0017.75  04.19  07.94  282.5  009.26  30.301  1023.927  1469.02 
2024 06 27 12 21 29.79  30.164  05.988  0017.69  04.76  08.08  282.5  009.26  30.294  1023.919  1469.04 
2024 06 27 12 21 30.04  30.139  05.978  0017.54  04.41  08.08  282.5  009.26  30.276  1023.906  1468.98 
2024 06 27 12 21 30.29  30.145  05.992  0017.34  04.05  08.08  282.5  009.26  30.269  1023.898  1469.02 
2024 06 27 12 21 30.54  30.107  05.946  0017.20  03.80  08.07  282.5  009.26  30.269  1023.902  1468.83 
2024 06 27 12 21 30.79  30.114  05.948  0016.98  04.10  07.96  285.4  009.26  30.275  1023.906  1468.85 
2024 06 27 12 21 31.04  30.098  05.934  0016.73  04.00  07.97  285.4  009.26  30.269  1023.902  1468.78 
2024 06 27 12 21 31.29  30.082  05.921  0016.53  04.04  07.98  285.4  009.26  30.264  1023.898  1468.72 
2024 06 27 12 21 31.54  30.051  05.893  0016.28  04.32  07.98  285.4  009.26  30.254  1023.893  1468.59 
2024 06 27 12 21 31.79  30.047  05.880  0016.05  04.32  07.95  285.4  009.26  30.261  1023.898  1468.54 
2024 06 27 12 21 32.04  30.040  05.878  0015.85  04.55  07.89  285.4  009.26  30.256  1023.894  1468.52 
2024 06 27 12 21 32.29  30.039  05.877  0015.63  04.45  07.90  285.4  009.26  30.256  1023.893  1468.52 
2024 06 27 12 21 32.54  30.043  05.885  0015.44  04.51  07.93  285.4  009.26  30.252  1023.888  1468.54 
2024 06 27 12 21 32.79  30.054  05.907  0015.22  04.67  08.13  285.4  009.26  30.246  1023.879  1468.62 
2024 06 27 12 21 33.04  30.056  05.897  0015.01  04.43  08.15  285.4  009.26  30.257  1023.889  1468.59 
2024 06 27 12 21 33.29  30.059  05.907  0014.75  04.78  08.00  285.4  009.26  30.251  1023.881  1468.61 
2024 06 27 12 21 33.54  30.069  05.921  0014.49  04.94  07.96  285.4  009.26  30.250  1023.877  1468.67 
2024 06 27 12 21 33.79  30.066  05.921  0014.31  04.53  07.89  288.0  009.26  30.246  1023.874  1468.66 
2024 06 27 12 21 34.04  30.049  05.907  0014.08  04.82  08.02  288.0  009.26  30.240  1023.870  1468.59 
2024 06 27 12 21 34.29  30.025  05.886  0013.82  04.67  08.01  288.0  009.26  30.233  1023.865  1468.49 
2024 06 27 12 21 34.54  30.003  05.873  0013.62  04.70  07.96  288.0  009.26  30.220  1023.856  1468.42 
2024 06 27 12 21 34.79  29.834  05.650  0013.32  04.79  07.91  288.0  009.26  30.232  1023.889  1467.53 
2024 06 27 12 21 35.04  29.850  05.716  0013.06  04.73  07.94  288.0  009.26  30.191  1023.848  1467.74 
2024 06 27 12 21 35.29  29.798  05.668  0012.81  05.14  08.04  288.0  009.26  30.175  1023.840  1467.52 
2024 06 27 12 21 35.54  29.657  05.525  0012.53  05.10  08.03  288.0  009.26  30.146  1023.831  1466.90 
2024 06 27 12 21 35.79  29.677  05.538  0012.35  05.27  08.16  288.0  009.26  30.156  1023.837  1466.96 
2024 06 27 12 21 36.04  29.673  05.538  0012.12  05.35  08.11  288.0  009.26  30.152  1023.832  1466.95 
2024 06 27 12 21 36.29  29.669  05.528  0011.88  05.27  08.01  288.0  009.26  30.156  1023.836  1466.92 
2024 06 27 12 21 36.54  29.681  05.540  0011.65  05.52  08.00  288.0  009.26  30.159  1023.836  1466.97 
2024 06 27 12 21 36.79  29.754  05.633  0011.39  05.30  07.89  292.9  009.26  30.158  1023.823  1467.34 
2024 06 27 12 21 37.04  29.739  05.617  0011.17  05.24  08.01  292.9  009.26  30.156  1023.823  1467.27 
2024 06 27 12 21 37.29  29.731  05.608  0010.90  05.30  08.03  292.9  009.26  30.155  1023.822  1467.22 
2024 06 27 12 21 37.54  29.745  05.616  0010.66  05.35  08.01  292.9  009.26  30.164  1023.827  1467.26 
2024 06 27 12 21 37.79  29.723  05.607  0010.44  05.37  08.06  292.9  009.26  30.146  1023.813  1467.20 
2024 06 27 12 21 38.04  29.661  05.522  0010.11  05.39  08.03  292.9  009.26  30.154  1023.827  1466.86 
2024 06 27 12 21 38.29  29.631  05.509  0009.90  05.53  07.96  292.9  009.26  30.132  1023.810  1466.78 
2024 06 27 12 21 38.54  29.580  05.451  0009.67  05.55  07.92  292.9  009.26  30.127  1023.812  1466.53 
2024 06 27 12 21 38.79  29.571  05.447  0009.36  05.60  08.08  292.9  009.26  30.121  1023.806  1466.50 
2024 06 27 12 21 39.04  29.550  05.432  0009.13  05.42  08.04  292.9  009.26  30.110  1023.797  1466.42 
2024 06 27 12 21 39.29  29.501  05.360  0008.84  05.59  08.02  292.9  009.26  30.120  1023.812  1466.14 
2024 06 27 12 21 39.54  29.484  05.358  0008.65  05.55  08.02  292.9  009.26  30.103  1023.798  1466.10 
2024 06 27 12 21 39.79  29.395  05.223  0008.48  05.72  07.84  295.9  009.26  30.124  1023.828  1465.57 
2024 06 27 12 21 40.04  29.318  05.181  0008.25  05.79  07.87  295.9  009.26  30.074  1023.792  1465.33 
2024 06 27 12 21 40.29  29.298  05.175  0008.04  05.67  07.90  295.9  009.26  30.058  1023.779  1465.29 
2024 06 27 12 21 40.54  29.294  05.153  0007.78  05.81  07.89  295.9  009.26  30.072  1023.791  1465.21 
2024 06 27 12 21 40.79  29.280  05.149  0007.54  06.12  07.93  295.9  009.26  30.061  1023.782  1465.17 
2024 06 27 12 21 41.04  29.263  05.131  0007.34  06.07  07.96  295.9  009.26  30.057  1023.780  1465.09 
2024 06 27 12 21 41.29  29.156  04.969  0007.08  06.17  08.05  295.9  009.26  30.082  1023.815  1464.46 
2024 06 27 12 21 41.54  29.127  04.990  0006.89  06.07  08.06  295.9  009.26  30.030  1023.771  1464.47 
2024 06 27 12 21 41.79  29.115  04.946  0006.65  06.06  08.19  295.9  009.26  30.056  1023.794  1464.32 
2024 06 27 12 21 42.04  29.030  04.904  0006.37  06.11  08.16  295.9  009.26  29.998  1023.752  1464.07 
2024 06 27 12 21 42.29  29.002  04.871  0006.13  05.83  08.16  295.9  009.26  29.995  1023.752  1463.93 
2024 06 27 12 21 42.54  28.950  04.807  0005.86  05.98  08.14  295.9  009.26  29.994  1023.756  1463.65 
2024 06 27 12 21 42.79  28.908  04.759  0005.66  05.97  07.98  302.9  009.26  29.989  1023.756  1463.45 
2024 06 27 12 21 43.04  28.877  04.721  0005.47  06.17  08.01  302.9  009.26  29.988  1023.758  1463.28 
2024 06 27 12 21 43.29  28.852  04.706  0005.23  06.50  08.05  302.9  009.26  29.973  1023.747  1463.20 
2024 06 27 12 21 43.54  28.803  04.647  0005.06  06.26  08.04  302.9  009.26  29.972  1023.751  1462.95 
2024 06 27 12 21 43.79  28.799  04.644  0004.90  06.43  08.04  302.9  009.26  29.970  1023.749  1462.93 
2024 06 27 12 21 44.04  28.748  04.589  0004.89  06.68  08.05  302.9  009.26  29.960  1023.747  1462.69 
2024 06 27 12 21 44.29  28.725  04.576  0004.86  06.50  08.08  302.9  009.26  29.946  1023.736  1462.62 
2024 06 27 12 21 44.54  28.707  04.551  0004.90  06.26  08.07  302.9  009.26  29.948  1023.741  1462.51 
2024 06 27 12 21 44.79  28.681  04.522  0004.94  06.00  08.20  302.9  009.26  29.944  1023.740  1462.39 
2024 06 27 12 21 45.04  28.713  04.556  0004.83  06.01  08.09  302.9  009.26  29.951  1023.742  1462.54 
2024 06 27 12 21 45.29  28.711  04.566  0004.54  06.33  08.03  302.9  009.26  29.939  1023.730  1462.56 
2024 06 27 12 21 45.54  28.706  04.554  0004.31  06.24  08.12  302.9  009.26  29.943  1023.734  1462.51 
2024 06 27 12 21 45.79  28.692  04.547  0004.05  06.10  07.97  309.1  009.26  29.934  1023.726  1462.47 
2024 06 27 12 21 46.04  28.694  04.552  0003.75  06.15  08.01  309.1  009.26  29.932  1023.723  1462.48 
2024 06 27 12 21 46.29  28.685  04.545  0003.57  06.03  08.02  309.1  009.26  29.928  1023.719  1462.45 
2024 06 27 12 21 46.54  28.683  04.546  0003.38  06.70  08.02  309.1  009.26  29.926  1023.716  1462.44 
2024 06 27 12 21 46.79  28.683  04.545  0003.19  06.88  07.97  309.1  009.26  29.926  1023.716  1462.44 
2024 06 27 12 21 47.04  28.682  04.547  0003.02  06.99  07.99  309.1  009.26  29.923  1023.712  1462.44 
2024 06 27 12 21 47.29  28.647  04.514  0002.73  07.02  08.00  309.1  009.29  29.914  1023.707  1462.28 
2024 06 27 12 21 47.54  28.655  04.519  0002.53  06.64  07.95  309.1  009.26  29.917  1023.708  1462.31 
2024 06 27 12 21 47.79  28.631  04.499  0002.35  06.39  08.12  309.1  009.26  29.909  1023.702  1462.21 
2024 06 27 12 21 48.04  28.592  04.461  0002.17  06.69  08.07  309.1  009.26  29.899  1023.697  1462.03 
2024 06 27 12 21 48.29  28.518  04.368  0002.04  06.67  08.10  309.1  009.26  29.897  1023.704  1461.64 
2024 06 27 12 21 48.54  28.510  04.377  0001.92  07.15  08.08  309.1  009.26  29.879  1023.689  1461.65 
2024 06 27 12 21 48.79  28.479  04.382  0001.71  07.09  07.89  311.4  009.26  29.840  1023.656  1461.62 
2024 06 27 12 21 49.04  28.441  04.351  0001.57  07.19  07.98  311.4  009.26  29.824  1023.646  1461.47 
2024 06 27 12 21 49.29  28.425  04.331  0001.41  07.57  07.92  311.4  009.26  29.823  1023.646  1461.38 
2024 06 27 12 21 49.54  28.375  04.287  0001.23  07.69  07.90  311.4  009.26  29.806  1023.636  1461.17 
2024 06 27 12 21 49.79  28.383  04.318  0001.14  07.39  07.91  311.4  009.26  29.787  1023.618  1461.27 
2024 06 27 12 21 50.04  28.391  04.320  0000.94  07.83  07.91  311.4  009.26  29.794  1023.623  1461.29 
2024 06 27 12 21 50.29  28.190  04.201  0000.86  07.66  07.92  311.4  009.26  29.669  1023.534  1460.63 
2024 06 27 12 21 50.54  27.834  03.780  0000.86  07.68  07.93  311.4  009.26  29.635  1023.544  1458.81 
2024 06 27 12 21 50.79  27.695  03.705  0000.83  08.09  08.07  311.4  009.26  29.540  1023.476  1458.36 
2024 06 27 12 21 51.04  27.520  03.659  0000.78  08.28  08.05  311.4  009.26  29.376  1023.348  1457.95 
2024 06 27 12 21 51.29  27.152  03.557  0000.70  08.10  08.15  311.4  009.26  29.034  1023.085  1457.08 
2024 06 27 12 21 51.54  27.089  03.420  0000.69  07.91  08.18  311.4  009.26  29.083  1023.135  1456.55 
2024 06 27 12 21 51.79  26.928  03.059  0000.74  08.42  08.01  318.9  009.26  29.217  1023.271  1455.17 
2024 06 27 12 21 52.04  26.670  02.841  0000.80  09.15  07.98  318.9  009.26  29.106  1023.199  1454.08 
2024 06 27 12 21 52.29  26.775  03.050  0000.77  08.47  07.89  318.9  009.26  29.042  1023.132  1454.91 
2024 06 27 12 21 52.54  26.748  02.922  0000.70  07.97  07.89  318.9  009.26  29.126  1023.208  1454.46 
2024 06 27 12 21 52.79  26.733  02.901  0000.67  07.76  08.06  318.9  009.26  29.127  1023.211  1454.37 
2024 06 27 12 21 53.04  26.736  02.901  0000.60  07.78  08.09  318.9  009.26  29.130  1023.213  1454.37 
2024 06 27 12 21 53.29  26.658  02.843  0000.55  07.83  07.91  318.9  009.26  29.090  1023.185  1454.06 
2024 06 27 12 21 53.54  26.687  02.882  0000.52  07.92  08.06  318.9  009.26  29.089  1023.181  1454.23 
2024 06 27 12 21 53.79  26.572  02.789  0000.47  07.72  08.22  318.9  009.26  29.035  1023.144  1453.76 
2024 06 27 12 21 54.04  26.584  02.825  0000.42  07.65  08.04  318.9  009.26  29.017  1023.127  1453.89 
2024 06 27 12 21 54.29  26.594  02.841  0000.29  07.41  08.18  318.9  009.26  29.014  1023.124  1453.95 
2024 06 27 12 21 54.54  26.614  02.820  0000.20  07.29  08.03  318.9  009.26  29.057  1023.159  1453.92 
2024 06 27 12 21 54.79  26.553  02.773  0000.10  07.37  07.82  329.0  009.26  29.027  1023.138  1453.67 
2024 06 27 12 21 55.04  26.538  02.766  0000.09  07.41  08.04  329.0  009.26  29.015  1023.129  1453.63 
2024 06 27 12 21 55.29  26.533  02.756  0000.10  07.64  07.86  329.0  009.26  29.019  1023.132  1453.59 
2024 06 27 12 21 55.54  26.536  02.753  0000.19  07.43  08.01  329.0  009.26  29.024  1023.137  1453.58 
2024 06 27 12 21 55.79  26.481  02.716  0000.13  07.07  08.05  329.0  009.26  28.992  1023.114  1453.38 
2024 06 27 12 21 56.04  26.518  02.761  0000.01  07.50  08.04  329.0  009.26  28.996  1023.114  1453.58 
2024 06 27 12 21 56.29  26.518  02.767  0000.05  07.62  08.06  329.0  009.26  28.990  1023.108  1453.60 
2024 06 27 12 21 56.54  05.603  02.728  0000.04  10.76  07.89  329.0  009.26  05.400  1004.303  1422.83 
2024 06 27 12 21 56.79  00.834  02.761  0000.02  60.02  08.19  329.0  009.26  00.722  1000.547  1416.83 
2024 06 27 12 21 57.04  00.428  02.638  0000.05  61.84  08.08  329.0  009.26  00.362  1000.254  1415.77 
2024 06 27 12 21 57.29  00.270  02.448  0000.04  24.22  08.07  329.0  009.26  00.226  1000.139  1414.68 
2024 06 27 12 21 57.54  00.101  02.308  0000.07  06.99  08.26  329.0  009.26  00.083  1000.020  1413.82 
